2026/08/05 00:40:25.480, 1, 0
2026/08/05 00:40:26.488, 1, 0
2026/08/05 00:40:27.489, 1, 0
2026/08/05 00:40:28.489, 1, 0
2026/08/05 00:40:29.489, 1, 0
2026/08/05 00:40:30.490, 4, 0
2026/08/05 00:40:31.490, 4, 0
2026/08/05 00:40:32.490, 4, 0
2026/08/05 00:40:33.490, 4, 0
2026/08/05 00:40:34.491, 4, 0
2026/08/05 00:40:35.491, 4, 0
2026/08/05 00:40:36.491, 4, 0
2026/08/05 00:40:37.492, 4, 0
2026/08/05 00:40:38.493, 4, 0
2026/08/05 00:40:39.494, 4, 0
2026/08/05 00:40:40.495, 4, 0
2026/08/05 00:40:41.496, 4, 0
2026/08/05 00:40:42.498, 4, 0
2026/08/05 00:40:43.499, 266, 0
2026/08/05 00:40:44.500, 2280, 31
2026/08/05 00:40:45.501, 3438, 31
2026/08/05 00:40:46.503, 5458, 28
2026/08/05 00:40:47.504, 5880, 0
2026/08/05 00:40:48.505, 5776, 3
2026/08/05 00:40:49.507, 8374, 100
2026/08/05 00:40:50.508, 8448, 97
2026/08/05 00:40:51.508, 8476, 100
2026/08/05 00:40:52.510, 8640, 100
2026/08/05 00:40:53.510, 8640, 100
2026/08/05 00:40:54.511, 8640, 89
2026/08/05 00:40:55.513, 11160, 100
2026/08/05 00:40:56.514, 11160, 100
2026/08/05 00:40:57.514, 11160, 100
2026/08/05 00:40:58.514, 11162, 100
2026/08/05 00:40:59.516, 11162, 100
2026/08/05 00:41:00.517, 11164, 100
2026/08/05 00:41:01.518, 11164, 83
2026/08/05 00:41:02.519, 11164, 59
2026/08/05 00:41:03.521, 11164, 83
2026/08/05 00:41:04.522, 11164, 84
2026/08/05 00:41:05.523, 11164, 100
2026/08/05 00:41:06.524, 11164, 100
2026/08/05 00:41:07.525, 11164, 82
2026/08/05 00:41:08.526, 14074, 100
2026/08/05 00:41:09.527, 14074, 100
2026/08/05 00:41:10.529, 14074, 100
2026/08/05 00:41:11.530, 14074, 100
2026/08/05 00:41:12.530, 14074, 100
2026/08/05 00:41:13.530, 17530, 100
2026/08/05 00:41:14.532, 17530, 100
2026/08/05 00:41:15.533, 17530, 100
2026/08/05 00:41:16.535, 17530, 100
2026/08/05 00:41:17.536, 17530, 87
2026/08/05 00:41:18.537, 17530, 100
2026/08/05 00:41:19.539, 17530, 83
2026/08/05 00:41:20.540, 17530, 100
2026/08/05 00:41:21.542, 17530, 100
2026/08/05 00:41:22.543, 17530, 100
2026/08/05 00:41:23.544, 17530, 84
2026/08/05 00:41:24.546, 17530, 100
2026/08/05 00:41:25.547, 17530, 100
2026/08/05 00:41:26.548, 17530, 99
2026/08/05 00:41:27.550, 17530, 78
2026/08/05 00:41:28.550, 17530, 100
2026/08/05 00:41:29.551, 17530, 100
2026/08/05 00:41:30.552, 17530, 100
2026/08/05 00:41:31.553, 17530, 100
2026/08/05 00:41:32.554, 17530, 100
2026/08/05 00:41:33.554, 17530, 96
2026/08/05 00:41:34.555, 17530, 100
2026/08/05 00:41:35.556, 17530, 100
2026/08/05 00:41:36.556, 17530, 100
2026/08/05 00:41:37.556, 17530, 100
2026/08/05 00:41:38.558, 17530, 100
2026/08/05 00:41:39.559, 17530, 100
2026/08/05 00:41:40.560, 17530, 100
2026/08/05 00:41:41.561, 17530, 100
2026/08/05 00:41:42.561, 17530, 84
2026/08/05 00:41:43.561, 17530, 100
2026/08/05 00:41:44.563, 17530, 100
2026/08/05 00:41:45.563, 17530, 100
2026/08/05 00:41:46.563, 17530, 100
2026/08/05 00:41:47.565, 17530, 84
2026/08/05 00:41:48.565, 17530, 100
2026/08/05 00:41:49.565, 17530, 100
2026/08/05 00:41:50.566, 17530, 100
2026/08/05 00:41:51.566, 17530, 100
2026/08/05 00:41:52.566, 17530, 100
2026/08/05 00:41:53.566, 17530, 100
2026/08/05 00:41:54.567, 17530, 100
2026/08/05 00:41:55.567, 17530, 66
2026/08/05 00:41:56.567, 17530, 86
2026/08/05 00:41:57.568, 17530, 100
2026/08/05 00:41:58.568, 17530, 100
2026/08/05 00:41:59.568, 17530, 100
2026/08/05 00:42:00.570, 17530, 100
2026/08/05 00:42:01.571, 17530, 100
2026/08/05 00:42:02.572, 17530, 100
2026/08/05 00:42:03.572, 17530, 100
2026/08/05 00:42:04.572, 17530, 100
2026/08/05 00:42:05.573, 17530, 100
2026/08/05 00:42:06.574, 17530, 91
2026/08/05 00:42:07.574, 21094, 100
2026/08/05 00:42:08.575, 21094, 100
2026/08/05 00:42:09.575, 21094, 100
2026/08/05 00:42:10.579, 21094, 100
2026/08/05 00:42:11.580, 21094, 100
2026/08/05 00:42:12.580, 21094, 100
2026/08/05 00:42:13.580, 21094, 100
2026/08/05 00:42:14.581, 21094, 100
2026/08/05 00:42:15.581, 21094, 100
2026/08/05 00:42:16.581, 21094, 100
2026/08/05 00:42:17.582, 21094, 100
2026/08/05 00:42:18.582, 21094, 100
2026/08/05 00:42:19.583, 21094, 100
2026/08/05 00:42:20.584, 21094, 100
2026/08/05 00:42:21.584, 21094, 100
2026/08/05 00:42:22.584, 21094, 100
2026/08/05 00:42:23.585, 21094, 100
2026/08/05 00:42:24.586, 21094, 100
2026/08/05 00:42:25.586, 21094, 100
2026/08/05 00:42:26.586, 21094, 100
2026/08/05 00:42:27.587, 21094, 100
2026/08/05 00:42:28.587, 21094, 100
2026/08/05 00:42:29.587, 21094, 100
2026/08/05 00:42:30.588, 21094, 84
2026/08/05 00:42:31.588, 21094, 100
2026/08/05 00:42:32.588, 21094, 100
2026/08/05 00:42:33.589, 21094, 100
2026/08/05 00:42:34.589, 21094, 100
2026/08/05 00:42:35.589, 21094, 100
2026/08/05 00:42:36.591, 21094, 100
2026/08/05 00:42:37.591, 21094, 83
2026/08/05 00:42:38.591, 21094, 100
2026/08/05 00:42:39.591, 21094, 100
2026/08/05 00:42:40.592, 21094, 100
2026/08/05 00:42:41.592, 21094, 100
2026/08/05 00:42:42.592, 21094, 94
2026/08/05 00:42:43.593, 21094, 100
2026/08/05 00:42:44.593, 21094, 100
2026/08/05 00:42:45.593, 21094, 100
2026/08/05 00:42:46.594, 21094, 100
2026/08/05 00:42:47.594, 21094, 100
2026/08/05 00:42:48.594, 21094, 100
2026/08/05 00:42:49.595, 21094, 100
2026/08/05 00:42:50.599, 21094, 100
2026/08/05 00:42:51.599, 21094, 85
2026/08/05 00:42:52.599, 21094, 100
2026/08/05 00:42:53.600, 21094, 100
2026/08/05 00:42:54.600, 21094, 100
2026/08/05 00:42:55.601, 21094, 100
2026/08/05 00:42:56.602, 21094, 100
2026/08/05 00:42:57.602, 21094, 100
2026/08/05 00:42:58.602, 21094, 100
2026/08/05 00:42:59.603, 21094, 100
2026/08/05 00:43:00.603, 21094, 66
2026/08/05 00:43:01.603, 21094, 85
2026/08/05 00:43:02.604, 21094, 100
2026/08/05 00:43:03.604, 21094, 100
2026/08/05 00:43:04.604, 21094, 100
2026/08/05 00:43:05.605, 21094, 100
2026/08/05 00:43:06.605, 21094, 100
2026/08/05 00:43:07.605, 21094, 100
2026/08/05 00:43:08.605, 21094, 100
2026/08/05 00:43:09.606, 21094, 100
2026/08/05 00:43:10.606, 21094, 98
2026/08/05 00:43:11.606, 21094, 100
2026/08/05 00:43:12.607, 21094, 100
2026/08/05 00:43:13.607, 21094, 100
2026/08/05 00:43:14.607, 21094, 100
2026/08/05 00:43:15.607, 21094, 100
2026/08/05 00:43:16.609, 21094, 97
2026/08/05 00:43:17.610, 21094, 100
2026/08/05 00:43:18.611, 21094, 83
2026/08/05 00:43:19.613, 21094, 100
2026/08/05 00:43:20.613, 21094, 100
2026/08/05 00:43:21.613, 21094, 100
2026/08/05 00:43:22.614, 21094, 100
2026/08/05 00:43:23.615, 21094, 100
2026/08/05 00:43:24.616, 21094, 100
2026/08/05 00:43:25.617, 21094, 100
2026/08/05 00:43:26.618, 21094, 100
2026/08/05 00:43:27.618, 21094, 100
2026/08/05 00:43:28.620, 21094, 93
2026/08/05 00:43:29.621, 21094, 100
2026/08/05 00:43:30.622, 21094, 100
2026/08/05 00:43:31.624, 21094, 100
2026/08/05 00:43:32.625, 21094, 100
2026/08/05 00:43:33.626, 21094, 100
2026/08/05 00:43:34.628, 21094, 100
2026/08/05 00:43:35.628, 21094, 100
2026/08/05 00:43:36.629, 21094, 100
2026/08/05 00:43:37.629, 21094, 94
2026/08/05 00:43:38.630, 21094, 100
2026/08/05 00:43:39.630, 21094, 100
2026/08/05 00:43:40.631, 21094, 100
2026/08/05 00:43:41.632, 21094, 100
2026/08/05 00:43:42.633, 21094, 100
2026/08/05 00:43:43.634, 21094, 100
2026/08/05 00:43:44.635, 21094, 100
2026/08/05 00:43:45.636, 21094, 100
2026/08/05 00:43:46.636, 21094, 100
2026/08/05 00:43:47.637, 21094, 100
2026/08/05 00:43:48.638, 21094, 100
2026/08/05 00:43:49.638, 21094, 100
2026/08/05 00:43:50.640, 21094, 100
2026/08/05 00:43:51.641, 21094, 100
2026/08/05 00:43:52.641, 21094, 96
2026/08/05 00:43:53.643, 21094, 100
2026/08/05 00:43:54.644, 21094, 100
2026/08/05 00:43:55.644, 21094, 100
2026/08/05 00:43:56.645, 21094, 100
2026/08/05 00:43:57.645, 21094, 92
2026/08/05 00:43:58.645, 21094, 100
2026/08/05 00:43:59.645, 21094, 100
2026/08/05 00:44:00.646, 21094, 100
2026/08/05 00:44:01.646, 21094, 100
2026/08/05 00:44:02.646, 21094, 100
2026/08/05 00:44:03.647, 21094, 83
2026/08/05 00:44:04.647, 21094, 100
2026/08/05 00:44:05.647, 21094, 100
2026/08/05 00:44:06.648, 21094, 84
2026/08/05 00:44:07.648, 21094, 100
2026/08/05 00:44:08.648, 21094, 100
2026/08/05 00:44:09.650, 21094, 100
2026/08/05 00:44:10.650, 21094, 100
2026/08/05 00:44:11.650, 21094, 100
2026/08/05 00:44:12.650, 21094, 100
2026/08/05 00:44:13.651, 21094, 100
2026/08/05 00:44:14.651, 21094, 100
2026/08/05 00:44:15.651, 21094, 100
2026/08/05 00:44:16.652, 21094, 100
2026/08/05 00:44:17.653, 21094, 84
2026/08/05 00:44:18.690, 21094, 100
2026/08/05 00:44:19.690, 21094, 100
2026/08/05 00:44:20.691, 21094, 100
2026/08/05 00:44:21.692, 21094, 100
2026/08/05 00:44:22.693, 21094, 100
2026/08/05 00:44:23.694, 21094, 100
2026/08/05 00:44:24.696, 21094, 100
2026/08/05 00:44:25.696, 21094, 100
2026/08/05 00:44:26.696, 21094, 100
2026/08/05 00:44:27.696, 21094, 82
2026/08/05 00:44:28.697, 21094, 100
2026/08/05 00:44:29.697, 21094, 100
2026/08/05 00:44:30.697, 21094, 100
2026/08/05 00:44:31.698, 21094, 100
2026/08/05 00:44:32.698, 21094, 100
2026/08/05 00:44:33.698, 21094, 100
2026/08/05 00:44:34.699, 21094, 84
2026/08/05 00:44:35.699, 21094, 100
2026/08/05 00:44:36.699, 21094, 100
2026/08/05 00:44:37.699, 21094, 100
2026/08/05 00:44:38.700, 21094, 100
2026/08/05 00:44:39.701, 21094, 85
2026/08/05 00:44:40.702, 21094, 100
2026/08/05 00:44:41.703, 21094, 100
2026/08/05 00:44:42.704, 21094, 100
2026/08/05 00:44:43.704, 21094, 100
2026/08/05 00:44:44.705, 21094, 84
2026/08/05 00:44:45.705, 21094, 100
2026/08/05 00:44:46.706, 21094, 100
2026/08/05 00:44:47.706, 21094, 100
2026/08/05 00:44:48.707, 21094, 100
2026/08/05 00:44:49.709, 21094, 100
2026/08/05 00:44:50.709, 21094, 100
2026/08/05 00:44:51.709, 21094, 100
2026/08/05 00:44:52.709, 21094, 100
2026/08/05 00:44:53.710, 21094, 100
2026/08/05 00:44:54.710, 21094, 100
2026/08/05 00:44:55.710, 21094, 100
2026/08/05 00:44:56.710, 21094, 89
2026/08/05 00:44:57.711, 21094, 100
2026/08/05 00:44:58.711, 21094, 100
2026/08/05 00:44:59.711, 21094, 100
2026/08/05 00:45:00.712, 21094, 100
2026/08/05 00:45:01.713, 21094, 100
2026/08/05 00:45:02.713, 21094, 100
2026/08/05 00:45:03.713, 21094, 100
2026/08/05 00:45:04.714, 21094, 100
2026/08/05 00:45:05.714, 21094, 60
2026/08/05 00:45:06.714, 21094, 100
2026/08/05 00:45:07.714, 21094, 100
2026/08/05 00:45:08.715, 21094, 100
2026/08/05 00:45:09.715, 21094, 100
2026/08/05 00:45:10.715, 21094, 81
2026/08/05 00:45:11.716, 21094, 100
2026/08/05 00:45:12.716, 21094, 100
2026/08/05 00:45:13.716, 21094, 100
2026/08/05 00:45:14.716, 21094, 100
2026/08/05 00:45:15.717, 21094, 73
2026/08/05 00:45:16.717, 21094, 84
2026/08/05 00:45:17.717, 21094, 92
2026/08/05 00:45:18.718, 21094, 100
2026/08/05 00:45:19.718, 21094, 83
2026/08/05 00:45:20.718, 21094, 62
2026/08/05 00:45:21.719, 21094, 100
2026/08/05 00:45:22.719, 21094, 100
2026/08/05 00:45:23.719, 21094, 100
2026/08/05 00:45:24.720, 21094, 88
2026/08/05 00:45:25.720, 21094, 100
2026/08/05 00:45:26.720, 21094, 100
2026/08/05 00:45:27.720, 21094, 100
2026/08/05 00:45:28.721, 21094, 100
2026/08/05 00:45:29.721, 21094, 100
2026/08/05 00:45:30.721, 21094, 100
2026/08/05 00:45:31.722, 21094, 100
2026/08/05 00:45:32.722, 21094, 100
2026/08/05 00:45:33.722, 21094, 100
2026/08/05 00:45:34.722, 21094, 100
2026/08/05 00:45:35.723, 21094, 100
2026/08/05 00:45:36.723, 21094, 100
2026/08/05 00:45:37.723, 21094, 100
2026/08/05 00:45:38.724, 21094, 100
2026/08/05 00:45:39.724, 21094, 100
2026/08/05 00:45:40.724, 21094, 100
2026/08/05 00:45:41.724, 21094, 100
2026/08/05 00:45:42.725, 21094, 100
2026/08/05 00:45:43.726, 21094, 100
2026/08/05 00:45:44.726, 21094, 63
2026/08/05 00:45:45.726, 21094, 100
2026/08/05 00:45:46.726, 21094, 100
2026/08/05 00:45:47.726, 21094, 84
2026/08/05 00:45:48.727, 21094, 100
2026/08/05 00:45:49.727, 21094, 100
2026/08/05 00:45:50.727, 21094, 100
2026/08/05 00:45:51.727, 21094, 100
2026/08/05 00:45:52.728, 21094, 100
2026/08/05 00:45:53.728, 21094, 100
2026/08/05 00:45:54.728, 21094, 100
2026/08/05 00:45:55.728, 21094, 83
2026/08/05 00:45:56.729, 21094, 100
2026/08/05 00:45:57.729, 21094, 100
2026/08/05 00:45:58.729, 21094, 84
2026/08/05 00:45:59.729, 21094, 100
2026/08/05 00:46:00.730, 21094, 100
2026/08/05 00:46:01.730, 21094, 100
2026/08/05 00:46:02.730, 21094, 100
2026/08/05 00:46:03.731, 21094, 100
2026/08/05 00:46:04.731, 21094, 100
2026/08/05 00:46:05.731, 21094, 100
2026/08/05 00:46:06.731, 21094, 100
2026/08/05 00:46:07.731, 21094, 100
2026/08/05 00:46:08.732, 21094, 100
2026/08/05 00:46:09.732, 21094, 63
2026/08/05 00:46:10.732, 21094, 100
2026/08/05 00:46:11.733, 21094, 100
2026/08/05 00:46:12.733, 21094, 100
2026/08/05 00:46:13.733, 21094, 100
2026/08/05 00:46:14.733, 21094, 78
2026/08/05 00:46:15.734, 21094, 100
2026/08/05 00:46:16.734, 21094, 100
2026/08/05 00:46:17.734, 21094, 100
2026/08/05 00:46:18.734, 21094, 100
2026/08/05 00:46:19.735, 21094, 100
2026/08/05 00:46:20.735, 21094, 100
2026/08/05 00:46:21.735, 21094, 100
2026/08/05 00:46:22.736, 21094, 100
2026/08/05 00:46:23.736, 21094, 100
2026/08/05 00:46:24.736, 21094, 100
2026/08/05 00:46:25.737, 21094, 100
2026/08/05 00:46:26.737, 21094, 100
2026/08/05 00:46:27.737, 21094, 100
2026/08/05 00:46:28.737, 21094, 100
2026/08/05 00:46:29.738, 21094, 100
2026/08/05 00:46:30.738, 21094, 100
2026/08/05 00:46:31.738, 21094, 100
2026/08/05 00:46:32.739, 21094, 100
2026/08/05 00:46:33.739, 21094, 100
2026/08/05 00:46:34.739, 21094, 100
2026/08/05 00:46:35.739, 21094, 100
2026/08/05 00:46:36.740, 21094, 100
2026/08/05 00:46:37.740, 21094, 100
2026/08/05 00:46:38.740, 21094, 100
2026/08/05 00:46:39.740, 21094, 100
2026/08/05 00:46:40.741, 21094, 100
2026/08/05 00:46:41.741, 21094, 100
2026/08/05 00:46:42.741, 21094, 100
2026/08/05 00:46:43.741, 21094, 100
2026/08/05 00:46:44.742, 21094, 100
2026/08/05 00:46:45.742, 21094, 100
2026/08/05 00:46:46.742, 21094, 100
2026/08/05 00:46:47.743, 21094, 83
2026/08/05 00:46:48.743, 21094, 100
2026/08/05 00:46:49.743, 21094, 100
2026/08/05 00:46:50.743, 21094, 100
2026/08/05 00:46:51.744, 21094, 83
2026/08/05 00:46:52.744, 21094, 100
2026/08/05 00:46:53.744, 21094, 100
2026/08/05 00:46:54.745, 21094, 100
2026/08/05 00:46:55.745, 21094, 100
2026/08/05 00:46:56.745, 21094, 100
2026/08/05 00:46:57.745, 21094, 100
2026/08/05 00:46:58.746, 21094, 100
2026/08/05 00:46:59.746, 21094, 100
2026/08/05 00:47:00.746, 21094, 100
2026/08/05 00:47:01.746, 21094, 100
2026/08/05 00:47:02.747, 21094, 100
2026/08/05 00:47:03.747, 21094, 100
2026/08/05 00:47:04.748, 21094, 100
2026/08/05 00:47:05.748, 21094, 100
2026/08/05 00:47:06.749, 21094, 100
2026/08/05 00:47:07.749, 21094, 100
2026/08/05 00:47:08.749, 21094, 100
2026/08/05 00:47:09.749, 21094, 83
2026/08/05 00:47:10.750, 21094, 82
2026/08/05 00:47:11.750, 21094, 100
2026/08/05 00:47:12.750, 21094, 100
2026/08/05 00:47:13.750, 21094, 99
2026/08/05 00:47:14.751, 21094, 100
2026/08/05 00:47:15.751, 21094, 88
2026/08/05 00:47:16.751, 21094, 100
2026/08/05 00:47:17.751, 21094, 100
2026/08/05 00:47:18.752, 21094, 100
2026/08/05 00:47:19.752, 21094, 100
2026/08/05 00:47:20.752, 21094, 100
2026/08/05 00:47:21.752, 21094, 100
2026/08/05 00:47:22.753, 21094, 100
2026/08/05 00:47:23.753, 21094, 100
2026/08/05 00:47:24.753, 21094, 84
2026/08/05 00:47:25.754, 21094, 100
2026/08/05 00:47:26.754, 21094, 84
2026/08/05 00:47:27.754, 21094, 86
2026/08/05 00:47:28.755, 21094, 100
2026/08/05 00:47:29.755, 21094, 100
2026/08/05 00:47:30.755, 21094, 100
2026/08/05 00:47:31.756, 21094, 100
2026/08/05 00:47:32.756, 21094, 100
2026/08/05 00:47:33.756, 21094, 100
2026/08/05 00:47:34.756, 21094, 100
2026/08/05 00:47:35.757, 21094, 100
2026/08/05 00:47:36.757, 21094, 100
2026/08/05 00:47:37.757, 21094, 100
2026/08/05 00:47:38.757, 21094, 100
2026/08/05 00:47:39.758, 21094, 100
2026/08/05 00:47:40.758, 21094, 100
2026/08/05 00:47:41.758, 21094, 84
2026/08/05 00:47:42.759, 21094, 74
2026/08/05 00:47:43.759, 21094, 100
2026/08/05 00:47:44.759, 21094, 100
2026/08/05 00:47:45.760, 21096, 100
2026/08/05 00:47:46.760, 21096, 100
2026/08/05 00:47:47.760, 21096, 100
2026/08/05 00:47:48.760, 21096, 81
2026/08/05 00:47:49.761, 21096, 83
2026/08/05 00:47:50.761, 21096, 89
2026/08/05 00:47:51.761, 21096, 100
2026/08/05 00:47:52.761, 21096, 100
2026/08/05 00:47:53.762, 21096, 100
2026/08/05 00:47:54.762, 21096, 100
2026/08/05 00:47:55.762, 21096, 100
2026/08/05 00:47:56.763, 21096, 100
2026/08/05 00:47:57.763, 21096, 84
2026/08/05 00:47:58.764, 21096, 100
2026/08/05 00:47:59.764, 21096, 100
2026/08/05 00:48:00.765, 21096, 100
2026/08/05 00:48:01.765, 21096, 100
2026/08/05 00:48:02.765, 21096, 100
2026/08/05 00:48:03.765, 21096, 100
2026/08/05 00:48:04.766, 21096, 81
2026/08/05 00:48:05.766, 21096, 86
2026/08/05 00:48:06.766, 21096, 100
2026/08/05 00:48:07.767, 21096, 100
2026/08/05 00:48:08.767, 21096, 100
2026/08/05 00:48:09.767, 21096, 100
2026/08/05 00:48:10.767, 21096, 100
2026/08/05 00:48:11.768, 21096, 100
2026/08/05 00:48:12.768, 21096, 84
2026/08/05 00:48:13.768, 21096, 100
2026/08/05 00:48:14.768, 21096, 100
2026/08/05 00:48:15.769, 21096, 100
2026/08/05 00:48:16.769, 21096, 100
2026/08/05 00:48:17.769, 21096, 100
2026/08/05 00:48:18.769, 21096, 100
2026/08/05 00:48:19.769, 21096, 100
2026/08/05 00:48:20.770, 21096, 100
2026/08/05 00:48:21.770, 21096, 100
2026/08/05 00:48:22.770, 21096, 100
2026/08/05 00:48:23.770, 21096, 66
2026/08/05 00:48:24.771, 21096, 100
2026/08/05 00:48:25.771, 21096, 100
2026/08/05 00:48:26.771, 21096, 100
2026/08/05 00:48:27.771, 21096, 100
2026/08/05 00:48:28.771, 21096, 85
2026/08/05 00:48:29.772, 21096, 100
2026/08/05 00:48:30.772, 21096, 100
2026/08/05 00:48:31.772, 21096, 100
2026/08/05 00:48:32.773, 21096, 100
2026/08/05 00:48:33.773, 21096, 100
2026/08/05 00:48:34.773, 21096, 100
2026/08/05 00:48:35.773, 21096, 83
2026/08/05 00:48:36.773, 21096, 85
2026/08/05 00:48:37.773, 21096, 100
2026/08/05 00:48:38.774, 21096, 100
2026/08/05 00:48:39.774, 21096, 100
2026/08/05 00:48:40.774, 21096, 100
2026/08/05 00:48:41.775, 21096, 100
2026/08/05 00:48:42.775, 21096, 100
2026/08/05 00:48:43.775, 21096, 100
2026/08/05 00:48:44.776, 21096, 100
2026/08/05 00:48:45.776, 21096, 100
2026/08/05 00:48:46.776, 21096, 100
2026/08/05 00:48:47.776, 21096, 100
2026/08/05 00:48:48.777, 21096, 100
2026/08/05 00:48:49.777, 21096, 100
2026/08/05 00:48:50.777, 21096, 100
2026/08/05 00:48:51.777, 21096, 100
2026/08/05 00:48:52.777, 21096, 100
2026/08/05 00:48:53.778, 21096, 100
2026/08/05 00:48:54.778, 21096, 100
2026/08/05 00:48:55.778, 21096, 100
2026/08/05 00:48:56.778, 21096, 100
2026/08/05 00:48:57.779, 21096, 100
2026/08/05 00:48:58.779, 21096, 100
2026/08/05 00:48:59.779, 21096, 100
2026/08/05 00:49:00.779, 21096, 100
2026/08/05 00:49:01.780, 21096, 83
2026/08/05 00:49:02.780, 21096, 90
2026/08/05 00:49:03.780, 21096, 100
2026/08/05 00:49:04.780, 21096, 100
2026/08/05 00:49:05.781, 21096, 100
2026/08/05 00:49:06.781, 21096, 100
2026/08/05 00:49:07.781, 21096, 100
2026/08/05 00:49:08.781, 21096, 100
2026/08/05 00:49:09.782, 21096, 100
2026/08/05 00:49:10.782, 21096, 100
2026/08/05 00:49:11.782, 21096, 100
2026/08/05 00:49:12.782, 21096, 100
2026/08/05 00:49:13.783, 21096, 100
2026/08/05 00:49:14.783, 21096, 100
2026/08/05 00:49:15.783, 21096, 100
2026/08/05 00:49:16.784, 21096, 100
2026/08/05 00:49:17.784, 21096, 100
2026/08/05 00:49:18.785, 21096, 100
2026/08/05 00:49:19.785, 21096, 100
2026/08/05 00:49:20.785, 21096, 100
2026/08/05 00:49:21.785, 21096, 100
2026/08/05 00:49:22.785, 21096, 100
2026/08/05 00:49:23.786, 21096, 100
2026/08/05 00:49:24.786, 21096, 100
2026/08/05 00:49:25.787, 21096, 100
2026/08/05 00:49:26.787, 21096, 100
2026/08/05 00:49:27.787, 21096, 100
2026/08/05 00:49:28.788, 21096, 100
2026/08/05 00:49:29.788, 21096, 100
2026/08/05 00:49:30.788, 21096, 100
2026/08/05 00:49:31.789, 21096, 100
2026/08/05 00:49:32.789, 21096, 100
2026/08/05 00:49:33.789, 21096, 100
2026/08/05 00:49:34.789, 21096, 100
2026/08/05 00:49:35.790, 21096, 100
2026/08/05 00:49:36.790, 21096, 100
2026/08/05 00:49:37.791, 21096, 100
2026/08/05 00:49:38.791, 21096, 100
2026/08/05 00:49:39.791, 21096, 100
2026/08/05 00:49:40.791, 21096, 100
2026/08/05 00:49:41.792, 21096, 100
2026/08/05 00:49:42.792, 21096, 100
2026/08/05 00:49:43.792, 21096, 100
2026/08/05 00:49:44.792, 21096, 100
2026/08/05 00:49:45.793, 21096, 100
2026/08/05 00:49:46.793, 21096, 100
2026/08/05 00:49:47.793, 21096, 67
2026/08/05 00:49:48.793, 21096, 100
2026/08/05 00:49:49.794, 21096, 69
2026/08/05 00:49:50.794, 21096, 100
2026/08/05 00:49:51.794, 21096, 72
2026/08/05 00:49:52.794, 21096, 85
2026/08/05 00:49:53.795, 21096, 100
2026/08/05 00:49:54.795, 21096, 100
2026/08/05 00:49:55.795, 21096, 100
2026/08/05 00:49:56.795, 21096, 100
2026/08/05 00:49:57.796, 21096, 100
2026/08/05 00:49:58.796, 21096, 100
2026/08/05 00:49:59.796, 21096, 100
2026/08/05 00:50:00.796, 21096, 100
2026/08/05 00:50:01.797, 21096, 100
2026/08/05 00:50:02.797, 21096, 100
2026/08/05 00:50:03.797, 21096, 100
2026/08/05 00:50:04.797, 21096, 100
2026/08/05 00:50:05.798, 21096, 100
2026/08/05 00:50:06.798, 21096, 100
2026/08/05 00:50:07.798, 21096, 100
2026/08/05 00:50:08.798, 21096, 100
2026/08/05 00:50:09.799, 21096, 100
2026/08/05 00:50:10.799, 21096, 100
2026/08/05 00:50:11.799, 21096, 100
2026/08/05 00:50:12.800, 21096, 100
2026/08/05 00:50:13.800, 21096, 100
2026/08/05 00:50:14.800, 21096, 88
2026/08/05 00:50:15.800, 21096, 100
2026/08/05 00:50:16.800, 21096, 100
2026/08/05 00:50:17.801, 21096, 100
2026/08/05 00:50:18.801, 21096, 100
2026/08/05 00:50:19.801, 21096, 100
2026/08/05 00:50:20.802, 21096, 100
2026/08/05 00:50:21.802, 21096, 100
2026/08/05 00:50:22.802, 21096, 100
2026/08/05 00:50:23.802, 21096, 100
2026/08/05 00:50:24.802, 21096, 100
2026/08/05 00:50:25.803, 21096, 84
2026/08/05 00:50:26.803, 21096, 90
2026/08/05 00:50:27.804, 21096, 100
2026/08/05 00:50:28.804, 21096, 100
2026/08/05 00:50:29.804, 21096, 100
2026/08/05 00:50:30.805, 21096, 84
2026/08/05 00:50:31.805, 21096, 100
2026/08/05 00:50:32.805, 21096, 100
2026/08/05 00:50:33.805, 21096, 100
2026/08/05 00:50:34.806, 21096, 100
2026/08/05 00:50:35.806, 21096, 100
2026/08/05 00:50:36.806, 21096, 100
2026/08/05 00:50:37.807, 21096, 100
2026/08/05 00:50:38.807, 21096, 100
2026/08/05 00:50:39.807, 21096, 100
2026/08/05 00:50:40.807, 21096, 100
2026/08/05 00:50:41.808, 21096, 84
2026/08/05 00:50:42.808, 21096, 100
2026/08/05 00:50:43.809, 21096, 100
2026/08/05 00:50:44.809, 21096, 100
2026/08/05 00:50:45.809, 21096, 100
2026/08/05 00:50:46.809, 21096, 100
2026/08/05 00:50:47.810, 21096, 100
2026/08/05 00:50:48.810, 21096, 100
2026/08/05 00:50:49.810, 21096, 90
2026/08/05 00:50:50.811, 21096, 100
2026/08/05 00:50:51.811, 21096, 100
2026/08/05 00:50:52.811, 21096, 100
2026/08/05 00:50:53.812, 21096, 100
2026/08/05 00:50:54.812, 21096, 100
2026/08/05 00:50:55.812, 21096, 100
2026/08/05 00:50:56.813, 21096, 100
2026/08/05 00:50:57.813, 21096, 100
2026/08/05 00:50:58.813, 21096, 100
2026/08/05 00:50:59.813, 21096, 100
2026/08/05 00:51:00.814, 21096, 100
2026/08/05 00:51:01.814, 21096, 100
2026/08/05 00:51:02.814, 21096, 100
2026/08/05 00:51:03.814, 21096, 100
2026/08/05 00:51:04.815, 21096, 100
2026/08/05 00:51:05.815, 21096, 100
2026/08/05 00:51:06.815, 21096, 100
2026/08/05 00:51:07.816, 21096, 100
2026/08/05 00:51:08.816, 21096, 100
2026/08/05 00:51:09.816, 21096, 100
2026/08/05 00:51:10.817, 21096, 100
2026/08/05 00:51:11.817, 21096, 100
2026/08/05 00:51:12.817, 21096, 100
2026/08/05 00:51:13.817, 21096, 100
2026/08/05 00:51:14.818, 21096, 100
2026/08/05 00:51:15.818, 21096, 100
2026/08/05 00:51:16.818, 21096, 100
2026/08/05 00:51:17.818, 21096, 100
2026/08/05 00:51:18.819, 21096, 100
2026/08/05 00:51:19.819, 21096, 100
2026/08/05 00:51:20.819, 21096, 83
2026/08/05 00:51:21.819, 21096, 100
2026/08/05 00:51:22.820, 21096, 84
2026/08/05 00:51:23.820, 21096, 82
2026/08/05 00:51:24.820, 21096, 100
2026/08/05 00:51:25.821, 21096, 100
2026/08/05 00:51:26.821, 21096, 100
2026/08/05 00:51:27.821, 21096, 100
2026/08/05 00:51:28.821, 21096, 100
2026/08/05 00:51:29.822, 21096, 100
2026/08/05 00:51:30.822, 21096, 100
2026/08/05 00:51:31.822, 21096, 100
2026/08/05 00:51:32.822, 21096, 100
2026/08/05 00:51:33.823, 21096, 100
2026/08/05 00:51:34.823, 21096, 100
2026/08/05 00:51:35.823, 21096, 100
2026/08/05 00:51:36.823, 21096, 100
2026/08/05 00:51:37.824, 21096, 100
2026/08/05 00:51:38.824, 21096, 94
2026/08/05 00:51:39.824, 21096, 100
2026/08/05 00:51:40.824, 21096, 100
2026/08/05 00:51:41.825, 21096, 100
2026/08/05 00:51:42.825, 21096, 86
2026/08/05 00:51:43.825, 21096, 100
2026/08/05 00:51:44.825, 21096, 100
2026/08/05 00:51:45.826, 21096, 100
2026/08/05 00:51:46.826, 21096, 62
2026/08/05 00:51:47.826, 21096, 100
2026/08/05 00:51:48.826, 21096, 100
2026/08/05 00:51:49.827, 21096, 100
2026/08/05 00:51:50.827, 21096, 100
2026/08/05 00:51:51.827, 21096, 100
2026/08/05 00:51:52.828, 21096, 100
2026/08/05 00:51:53.828, 21096, 100
2026/08/05 00:51:54.828, 21096, 100
2026/08/05 00:51:55.828, 21096, 84
2026/08/05 00:51:56.829, 21096, 100
2026/08/05 00:51:57.829, 21096, 100
2026/08/05 00:51:58.829, 21096, 100
2026/08/05 00:51:59.829, 21096, 100
2026/08/05 00:52:00.830, 21096, 100
2026/08/05 00:52:01.830, 21096, 100
2026/08/05 00:52:02.830, 21096, 100
2026/08/05 00:52:03.830, 21096, 100
2026/08/05 00:52:04.831, 21096, 100
2026/08/05 00:52:05.831, 21096, 100
2026/08/05 00:52:06.831, 21096, 100
2026/08/05 00:52:07.832, 21096, 100
2026/08/05 00:52:08.832, 21096, 100
2026/08/05 00:52:09.833, 21096, 100
2026/08/05 00:52:10.833, 21096, 100
2026/08/05 00:52:11.833, 21096, 100
2026/08/05 00:52:12.833, 21096, 100
2026/08/05 00:52:13.834, 21096, 100
2026/08/05 00:52:14.834, 21096, 100
2026/08/05 00:52:15.834, 21096, 100
2026/08/05 00:52:16.834, 21096, 100
2026/08/05 00:52:17.835, 21096, 100
2026/08/05 00:52:18.835, 21096, 100
2026/08/05 00:52:19.835, 21096, 100
2026/08/05 00:52:20.836, 21096, 100
2026/08/05 00:52:21.836, 21096, 100
2026/08/05 00:52:22.836, 21096, 100
2026/08/05 00:52:23.837, 21096, 100
2026/08/05 00:52:24.837, 21096, 87
2026/08/05 00:52:25.837, 21096, 100
2026/08/05 00:52:26.837, 21096, 100
2026/08/05 00:52:27.838, 21096, 100
2026/08/05 00:52:28.838, 21096, 100
2026/08/05 00:52:29.838, 21096, 100
2026/08/05 00:52:30.838, 21096, 100
2026/08/05 00:52:31.839, 21096, 100
2026/08/05 00:52:32.839, 21096, 85
2026/08/05 00:52:33.839, 21096, 100
2026/08/05 00:52:34.840, 21096, 100
2026/08/05 00:52:35.840, 21096, 100
2026/08/05 00:52:36.840, 21096, 100
2026/08/05 00:52:37.840, 21096, 100
2026/08/05 00:52:38.840, 21096, 100
2026/08/05 00:52:39.841, 21096, 100
2026/08/05 00:52:40.841, 21096, 100
2026/08/05 00:52:41.841, 21096, 100
2026/08/05 00:52:42.841, 21096, 100
2026/08/05 00:52:43.842, 21096, 65
2026/08/05 00:52:44.842, 21096, 100
2026/08/05 00:52:45.842, 21096, 63
2026/08/05 00:52:46.842, 21096, 100
2026/08/05 00:52:47.843, 21096, 100
2026/08/05 00:52:48.843, 21096, 100
2026/08/05 00:52:49.843, 21096, 100
2026/08/05 00:52:50.844, 21096, 100
2026/08/05 00:52:51.844, 21096, 100
2026/08/05 00:52:52.844, 21096, 100
2026/08/05 00:52:53.844, 21096, 100
2026/08/05 00:52:54.844, 21096, 100
2026/08/05 00:52:55.845, 21096, 100
2026/08/05 00:52:56.845, 21096, 62
2026/08/05 00:52:57.845, 21096, 100
2026/08/05 00:52:58.846, 21096, 100
2026/08/05 00:52:59.846, 21096, 100
2026/08/05 00:53:00.846, 21096, 100
2026/08/05 00:53:01.846, 21096, 100
2026/08/05 00:53:02.847, 21096, 86
2026/08/05 00:53:03.847, 21096, 84
2026/08/05 00:53:04.847, 21096, 100
2026/08/05 00:53:05.847, 21096, 100
2026/08/05 00:53:06.848, 21096, 84
2026/08/05 00:53:07.848, 21096, 100
2026/08/05 00:53:08.848, 21096, 100
2026/08/05 00:53:09.848, 21096, 100
2026/08/05 00:53:10.849, 21096, 100
2026/08/05 00:53:11.849, 21096, 100
2026/08/05 00:53:12.849, 21096, 85
2026/08/05 00:53:13.849, 21096, 84
2026/08/05 00:53:14.849, 21096, 100
2026/08/05 00:53:15.850, 21096, 100
2026/08/05 00:53:16.850, 21096, 100
2026/08/05 00:53:17.850, 21096, 65
2026/08/05 00:53:18.850, 21096, 85
2026/08/05 00:53:19.851, 21096, 66
2026/08/05 00:53:20.851, 21096, 100
2026/08/05 00:53:21.851, 21096, 100
2026/08/05 00:53:22.852, 21096, 100
2026/08/05 00:53:23.852, 21096, 100
2026/08/05 00:53:24.852, 21096, 100
2026/08/05 00:53:25.852, 21096, 90
2026/08/05 00:53:26.854, 21096, 100
2026/08/05 00:53:27.854, 21096, 100
2026/08/05 00:53:28.855, 21096, 94
2026/08/05 00:53:29.855, 21096, 100
2026/08/05 00:53:30.855, 21096, 100
2026/08/05 00:53:31.856, 21096, 100
2026/08/05 00:53:32.856, 21096, 100
2026/08/05 00:53:33.856, 21096, 100
2026/08/05 00:53:34.857, 21096, 100
2026/08/05 00:53:35.857, 21096, 100
2026/08/05 00:53:36.857, 21096, 100
2026/08/05 00:53:37.857, 21096, 100
2026/08/05 00:53:38.858, 21096, 100
2026/08/05 00:53:39.858, 21096, 84
2026/08/05 00:53:40.858, 21096, 100
2026/08/05 00:53:41.858, 21096, 100
2026/08/05 00:53:42.859, 21096, 100
2026/08/05 00:53:43.859, 21096, 100
2026/08/05 00:53:44.859, 21096, 100
2026/08/05 00:53:45.859, 21096, 100
2026/08/05 00:53:46.859, 21096, 100
2026/08/05 00:53:47.860, 21096, 100
2026/08/05 00:53:48.860, 21096, 100
2026/08/05 00:53:49.861, 21096, 100
2026/08/05 00:53:50.861, 21096, 100
2026/08/05 00:53:51.861, 21096, 100
2026/08/05 00:53:52.861, 21096, 100
2026/08/05 00:53:53.862, 21096, 100
2026/08/05 00:53:54.863, 21096, 100
2026/08/05 00:53:55.863, 21096, 100
2026/08/05 00:53:56.863, 21096, 100
2026/08/05 00:53:57.863, 21096, 100
2026/08/05 00:53:58.863, 21096, 100
2026/08/05 00:53:59.864, 21096, 100
2026/08/05 00:54:00.864, 21096, 100
2026/08/05 00:54:01.865, 21096, 100
2026/08/05 00:54:02.865, 21096, 100
2026/08/05 00:54:03.865, 21096, 100
2026/08/05 00:54:04.865, 21096, 87
2026/08/05 00:54:05.866, 21096, 100
2026/08/05 00:54:06.866, 21096, 100
2026/08/05 00:54:07.866, 21096, 100
2026/08/05 00:54:08.866, 21096, 100
2026/08/05 00:54:09.866, 21096, 97
2026/08/05 00:54:10.867, 21096, 100
2026/08/05 00:54:11.867, 21096, 100
2026/08/05 00:54:12.867, 21096, 100
2026/08/05 00:54:13.867, 21096, 86
2026/08/05 00:54:14.868, 21096, 100
2026/08/05 00:54:15.868, 21096, 100
2026/08/05 00:54:16.868, 21096, 100
2026/08/05 00:54:17.868, 21096, 100
2026/08/05 00:54:18.869, 21096, 100
2026/08/05 00:54:19.869, 21096, 100
2026/08/05 00:54:20.869, 21096, 100
2026/08/05 00:54:21.869, 21096, 100
2026/08/05 00:54:22.870, 21096, 100
2026/08/05 00:54:23.870, 21096, 100
2026/08/05 00:54:24.870, 21096, 100
2026/08/05 00:54:25.870, 21096, 100
2026/08/05 00:54:26.870, 21096, 100
2026/08/05 00:54:27.871, 21096, 100
2026/08/05 00:54:28.871, 21096, 100
2026/08/05 00:54:29.871, 21096, 100
2026/08/05 00:54:30.871, 21096, 100
2026/08/05 00:54:31.871, 21096, 100
2026/08/05 00:54:32.872, 21096, 79
2026/08/05 00:54:33.872, 21096, 100
2026/08/05 00:54:34.872, 21096, 100
2026/08/05 00:54:35.873, 21096, 100
2026/08/05 00:54:36.873, 21096, 100
2026/08/05 00:54:37.873, 21096, 86
2026/08/05 00:54:38.873, 21096, 100
2026/08/05 00:54:39.874, 21096, 100
2026/08/05 00:54:40.874, 21096, 100
2026/08/05 00:54:41.874, 21096, 100
2026/08/05 00:54:42.874, 21096, 85
2026/08/05 00:54:43.875, 21096, 100
2026/08/05 00:54:44.875, 21096, 100
2026/08/05 00:54:45.875, 21096, 100
2026/08/05 00:54:46.876, 21096, 100
2026/08/05 00:54:47.876, 21096, 100
2026/08/05 00:54:48.876, 21096, 100
2026/08/05 00:54:49.876, 21096, 100
2026/08/05 00:54:50.877, 21096, 85
2026/08/05 00:54:51.877, 21096, 100
2026/08/05 00:54:52.877, 21096, 100
2026/08/05 00:54:53.878, 21096, 100
2026/08/05 00:54:54.878, 21096, 100
2026/08/05 00:54:55.878, 21096, 100
2026/08/05 00:54:56.879, 21096, 86
2026/08/05 00:54:57.879, 21096, 100
2026/08/05 00:54:58.879, 21096, 100
2026/08/05 00:54:59.879, 21096, 100
2026/08/05 00:55:00.880, 21096, 100
2026/08/05 00:55:01.880, 21096, 100
2026/08/05 00:55:02.880, 21096, 100
2026/08/05 00:55:03.881, 21096, 100
2026/08/05 00:55:04.881, 21096, 100
2026/08/05 00:55:05.881, 21096, 100
2026/08/05 00:55:06.882, 21096, 76
2026/08/05 00:55:07.882, 21096, 100
2026/08/05 00:55:08.882, 21096, 100
2026/08/05 00:55:09.883, 21096, 100
2026/08/05 00:55:10.883, 21096, 100
2026/08/05 00:55:11.883, 21096, 85
2026/08/05 00:55:12.884, 21096, 100
2026/08/05 00:55:13.884, 21096, 100
2026/08/05 00:55:14.884, 21096, 100
2026/08/05 00:55:15.884, 21096, 100
2026/08/05 00:55:16.885, 21096, 100
2026/08/05 00:55:17.885, 21096, 100
2026/08/05 00:55:18.886, 21096, 100
2026/08/05 00:55:19.886, 21096, 100
2026/08/05 00:55:20.886, 21096, 100
2026/08/05 00:55:21.886, 21096, 100
2026/08/05 00:55:22.887, 21096, 55
2026/08/05 00:55:23.887, 21096, 82
2026/08/05 00:55:24.887, 21096, 100
2026/08/05 00:55:25.888, 21096, 100
2026/08/05 00:55:26.888, 21096, 100
2026/08/05 00:55:27.888, 21096, 100
2026/08/05 00:55:28.889, 21096, 100
2026/08/05 00:55:29.889, 21096, 100
2026/08/05 00:55:30.889, 21096, 100
2026/08/05 00:55:31.890, 21096, 100
2026/08/05 00:55:32.890, 21096, 84
2026/08/05 00:55:33.890, 21096, 100
2026/08/05 00:55:34.891, 21096, 100
2026/08/05 00:55:35.891, 21096, 100
2026/08/05 00:55:36.892, 21096, 100
2026/08/05 00:55:37.892, 21096, 100
2026/08/05 00:55:38.892, 21096, 97
2026/08/05 00:55:39.892, 21096, 100
2026/08/05 00:55:40.893, 21096, 100
2026/08/05 00:55:41.894, 21096, 100
2026/08/05 00:55:42.894, 21096, 100
2026/08/05 00:55:43.894, 21096, 100
2026/08/05 00:55:44.895, 21096, 100
2026/08/05 00:55:45.895, 21096, 100
2026/08/05 00:55:46.895, 21096, 100
2026/08/05 00:55:47.896, 21096, 100
2026/08/05 00:55:48.896, 21096, 84
2026/08/05 00:55:49.897, 21096, 100
2026/08/05 00:55:50.897, 21096, 100
2026/08/05 00:55:51.897, 21096, 100
2026/08/05 00:55:52.898, 21096, 100
2026/08/05 00:55:53.898, 21096, 100
2026/08/05 00:55:54.899, 21096, 100
2026/08/05 00:55:55.899, 21096, 84
2026/08/05 00:55:56.899, 21096, 88
2026/08/05 00:55:57.899, 21096, 100
2026/08/05 00:55:58.900, 21096, 100
2026/08/05 00:55:59.900, 21096, 100
2026/08/05 00:56:00.900, 21096, 100
2026/08/05 00:56:01.903, 21096, 100
2026/08/05 00:56:02.904, 21096, 100
2026/08/05 00:56:03.904, 21096, 100
2026/08/05 00:56:04.905, 21096, 100
2026/08/05 00:56:05.905, 21096, 89
2026/08/05 00:56:06.905, 21096, 100
2026/08/05 00:56:07.905, 21096, 100
2026/08/05 00:56:08.906, 21096, 100
2026/08/05 00:56:09.906, 21096, 100
2026/08/05 00:56:10.906, 21096, 100
2026/08/05 00:56:11.907, 21096, 100
2026/08/05 00:56:12.907, 21096, 100
2026/08/05 00:56:13.907, 21096, 100
2026/08/05 00:56:14.908, 21096, 100
2026/08/05 00:56:15.908, 21096, 85
2026/08/05 00:56:16.908, 21096, 100
2026/08/05 00:56:17.909, 21096, 100
2026/08/05 00:56:18.909, 21096, 100
2026/08/05 00:56:19.909, 21096, 100
2026/08/05 00:56:20.910, 21096, 100
2026/08/05 00:56:21.910, 21096, 100
2026/08/05 00:56:22.910, 21096, 90
2026/08/05 00:56:23.911, 21096, 100
2026/08/05 00:56:24.911, 21096, 100
2026/08/05 00:56:25.911, 21096, 100
2026/08/05 00:56:26.911, 21096, 89
2026/08/05 00:56:27.911, 21096, 98
2026/08/05 00:56:28.912, 21096, 100
2026/08/05 00:56:29.912, 21096, 100
2026/08/05 00:56:30.912, 21096, 100
2026/08/05 00:56:31.912, 21096, 100
2026/08/05 00:56:32.913, 21096, 100
2026/08/05 00:56:33.913, 21096, 100
2026/08/05 00:56:34.913, 21096, 100
2026/08/05 00:56:35.913, 21096, 85
2026/08/05 00:56:36.914, 21096, 96
2026/08/05 00:56:37.914, 21096, 100
2026/08/05 00:56:38.914, 21096, 100
2026/08/05 00:56:39.914, 21096, 100
2026/08/05 00:56:40.915, 21096, 100
2026/08/05 00:56:41.915, 21096, 82
2026/08/05 00:56:42.915, 21096, 100
2026/08/05 00:56:43.915, 21096, 100
2026/08/05 00:56:44.916, 21096, 100
2026/08/05 00:56:45.916, 21096, 100
2026/08/05 00:56:46.916, 21096, 100
2026/08/05 00:56:47.916, 21096, 100
2026/08/05 00:56:48.916, 21096, 100
2026/08/05 00:56:49.917, 21096, 100
2026/08/05 00:56:50.917, 21096, 100
2026/08/05 00:56:51.917, 21096, 100
2026/08/05 00:56:52.918, 21096, 100
2026/08/05 00:56:53.918, 21096, 100
2026/08/05 00:56:54.918, 21096, 100
2026/08/05 00:56:55.918, 21096, 100
2026/08/05 00:56:56.919, 21096, 81
2026/08/05 00:56:57.919, 21096, 100
2026/08/05 00:56:58.919, 21096, 100
2026/08/05 00:56:59.919, 21096, 85
2026/08/05 00:57:00.920, 21096, 100
2026/08/05 00:57:01.920, 21096, 100
2026/08/05 00:57:02.920, 21096, 100
2026/08/05 00:57:03.920, 21096, 100
2026/08/05 00:57:04.921, 21096, 100
2026/08/05 00:57:05.921, 21096, 100
2026/08/05 00:57:06.921, 21096, 100
2026/08/05 00:57:07.921, 21096, 100
2026/08/05 00:57:08.922, 21096, 100
2026/08/05 00:57:09.922, 21096, 100
2026/08/05 00:57:10.922, 21096, 100
2026/08/05 00:57:11.923, 21096, 100
2026/08/05 00:57:12.924, 21096, 100
2026/08/05 00:57:13.924, 21096, 100
2026/08/05 00:57:14.924, 21096, 100
2026/08/05 00:57:15.924, 21096, 100
2026/08/05 00:57:16.925, 21096, 100
2026/08/05 00:57:17.925, 21096, 100
2026/08/05 00:57:18.925, 21096, 76
2026/08/05 00:57:19.925, 21096, 100
2026/08/05 00:57:20.925, 21096, 100
2026/08/05 00:57:21.927, 21096, 100
2026/08/05 00:57:22.927, 21096, 100
2026/08/05 00:57:23.927, 21096, 100
2026/08/05 00:57:24.927, 21096, 100
2026/08/05 00:57:25.928, 21096, 100
2026/08/05 00:57:26.928, 21096, 100
2026/08/05 00:57:27.928, 21096, 100
2026/08/05 00:57:28.928, 21096, 100
2026/08/05 00:57:29.928, 21096, 100
2026/08/05 00:57:30.929, 21096, 100
2026/08/05 00:57:31.929, 21096, 100
2026/08/05 00:57:32.929, 21096, 100
2026/08/05 00:57:33.929, 21096, 100
2026/08/05 00:57:34.929, 21096, 100
2026/08/05 00:57:35.930, 21096, 100
2026/08/05 00:57:36.930, 21096, 100
2026/08/05 00:57:37.930, 21096, 100
2026/08/05 00:57:38.930, 21096, 100
2026/08/05 00:57:39.931, 21096, 100
2026/08/05 00:57:40.931, 21096, 100
2026/08/05 00:57:41.931, 21096, 64
2026/08/05 00:57:42.932, 21096, 84
2026/08/05 00:57:43.932, 21096, 86
2026/08/05 00:57:44.932, 21096, 98
2026/08/05 00:57:45.932, 21096, 100
2026/08/05 00:57:46.933, 21096, 100
2026/08/05 00:57:47.933, 21096, 100
2026/08/05 00:57:48.933, 21096, 100
2026/08/05 00:57:49.933, 21096, 100
2026/08/05 00:57:50.933, 21096, 100
2026/08/05 00:57:51.934, 21096, 100
2026/08/05 00:57:52.934, 21096, 100
2026/08/05 00:57:53.934, 21096, 100
2026/08/05 00:57:54.934, 21096, 83
2026/08/05 00:57:55.934, 21096, 84
2026/08/05 00:57:56.935, 21096, 84
2026/08/05 00:57:57.935, 21096, 100
2026/08/05 00:57:58.935, 21096, 100
2026/08/05 00:57:59.935, 21096, 100
2026/08/05 00:58:00.935, 21096, 100
2026/08/05 00:58:01.936, 21096, 84
2026/08/05 00:58:02.936, 21096, 100
2026/08/05 00:58:03.936, 21096, 100
2026/08/05 00:58:04.936, 21096, 84
2026/08/05 00:58:05.936, 21096, 100
2026/08/05 00:58:06.939, 21096, 100
2026/08/05 00:58:07.939, 21096, 100
2026/08/05 00:58:08.940, 21096, 100
2026/08/05 00:58:09.940, 21096, 63
2026/08/05 00:58:10.940, 21096, 100
2026/08/05 00:58:11.940, 21096, 100
2026/08/05 00:58:12.941, 21096, 100
2026/08/05 00:58:13.941, 21096, 94
2026/08/05 00:58:14.941, 21096, 100
2026/08/05 00:58:15.942, 21096, 100
2026/08/05 00:58:16.942, 21096, 100
2026/08/05 00:58:17.942, 21096, 100
2026/08/05 00:58:18.942, 21096, 100
2026/08/05 00:58:19.943, 21096, 100
2026/08/05 00:58:20.943, 21096, 93
2026/08/05 00:58:21.943, 21096, 100
2026/08/05 00:58:22.944, 21096, 98
2026/08/05 00:58:23.944, 21096, 100
2026/08/05 00:58:24.944, 21096, 100
2026/08/05 00:58:25.944, 21096, 100
2026/08/05 00:58:26.945, 21096, 100
2026/08/05 00:58:27.945, 21096, 100
2026/08/05 00:58:28.945, 21096, 100
2026/08/05 00:58:29.946, 21096, 100
2026/08/05 00:58:30.946, 21096, 100
2026/08/05 00:58:31.946, 21096, 100
2026/08/05 00:58:32.947, 21096, 100
2026/08/05 00:58:33.947, 21096, 100
2026/08/05 00:58:34.947, 21096, 100
2026/08/05 00:58:35.947, 21096, 100
2026/08/05 00:58:36.948, 21096, 100
2026/08/05 00:58:37.948, 21096, 100
2026/08/05 00:58:38.948, 21096, 100
2026/08/05 00:58:39.948, 21096, 100
2026/08/05 00:58:40.949, 21096, 100
2026/08/05 00:58:41.949, 21096, 100
2026/08/05 00:58:42.949, 21096, 100
2026/08/05 00:58:43.950, 21096, 100
2026/08/05 00:58:44.950, 21096, 100
2026/08/05 00:58:45.950, 21096, 100
2026/08/05 00:58:46.950, 21096, 63
2026/08/05 00:58:47.951, 21096, 100
2026/08/05 00:58:48.951, 21096, 97
2026/08/05 00:58:49.951, 21096, 82
2026/08/05 00:58:50.952, 21096, 100
2026/08/05 00:58:51.952, 21096, 100
2026/08/05 00:58:52.952, 21096, 100
2026/08/05 00:58:53.952, 21096, 100
2026/08/05 00:58:54.953, 21096, 100
2026/08/05 00:58:55.953, 21096, 100
2026/08/05 00:58:56.953, 21096, 88
2026/08/05 00:58:57.954, 21096, 100
2026/08/05 00:58:58.954, 21096, 100
2026/08/05 00:58:59.954, 21096, 95
2026/08/05 00:59:00.954, 21096, 100
2026/08/05 00:59:01.955, 21096, 100
2026/08/05 00:59:02.955, 21096, 100
2026/08/05 00:59:03.955, 21096, 100
2026/08/05 00:59:04.956, 21096, 100
2026/08/05 00:59:05.956, 21096, 100
2026/08/05 00:59:06.956, 21096, 100
2026/08/05 00:59:07.956, 21096, 100
2026/08/05 00:59:08.957, 21096, 100
2026/08/05 00:59:09.957, 21096, 100
2026/08/05 00:59:10.957, 21096, 100
2026/08/05 00:59:11.957, 21096, 100
2026/08/05 00:59:12.958, 21096, 100
2026/08/05 00:59:13.958, 21096, 100
2026/08/05 00:59:14.958, 21096, 100
2026/08/05 00:59:15.959, 21096, 100
2026/08/05 00:59:16.959, 21096, 100
2026/08/05 00:59:17.959, 21096, 100
2026/08/05 00:59:18.959, 21096, 100
2026/08/05 00:59:19.960, 21096, 100
2026/08/05 00:59:20.960, 21096, 100
2026/08/05 00:59:21.960, 21096, 83
2026/08/05 00:59:22.960, 21096, 100
2026/08/05 00:59:23.961, 21096, 100
2026/08/05 00:59:24.961, 21096, 100
2026/08/05 00:59:25.961, 21096, 100
2026/08/05 00:59:26.961, 21096, 100
2026/08/05 00:59:27.961, 21096, 100
2026/08/05 00:59:28.962, 21096, 100
2026/08/05 00:59:29.962, 21096, 100
2026/08/05 00:59:30.962, 21096, 100
2026/08/05 00:59:31.962, 21096, 100
2026/08/05 00:59:32.963, 21096, 100
2026/08/05 00:59:33.963, 21096, 96
2026/08/05 00:59:34.963, 21096, 100
2026/08/05 00:59:35.964, 21096, 100
2026/08/05 00:59:36.964, 21096, 100
2026/08/05 00:59:37.964, 21096, 100
2026/08/05 00:59:38.964, 21096, 100
2026/08/05 00:59:39.964, 21096, 100
2026/08/05 00:59:40.965, 21096, 100
2026/08/05 00:59:41.965, 21096, 100
2026/08/05 00:59:42.965, 21096, 100
2026/08/05 00:59:43.965, 21096, 100
2026/08/05 00:59:44.965, 21096, 100
2026/08/05 00:59:45.966, 21096, 100
2026/08/05 00:59:46.966, 21096, 85
2026/08/05 00:59:47.966, 21096, 100
2026/08/05 00:59:48.966, 21096, 100
2026/08/05 00:59:49.966, 21096, 100
2026/08/05 00:59:50.967, 21096, 90
2026/08/05 00:59:51.967, 21096, 65
2026/08/05 00:59:52.967, 21096, 84
2026/08/05 00:59:53.967, 21096, 100
2026/08/05 00:59:54.967, 21096, 100
2026/08/05 00:59:55.968, 21096, 100
2026/08/05 00:59:56.968, 21096, 100
2026/08/05 00:59:57.968, 21096, 71
2026/08/05 00:59:58.969, 21096, 85
2026/08/05 00:59:59.969, 21096, 69
2026/08/05 01:00:00.969, 21096, 100
2026/08/05 01:00:01.969, 21096, 100
2026/08/05 01:00:02.969, 21096, 100
2026/08/05 01:00:03.970, 21096, 100
2026/08/05 01:00:04.970, 21096, 100
2026/08/05 01:00:05.971, 21096, 100
2026/08/05 01:00:06.971, 21096, 82
2026/08/05 01:00:07.971, 21096, 85
2026/08/05 01:00:08.972, 21096, 74
2026/08/05 01:00:09.972, 21096, 100
2026/08/05 01:00:10.972, 21096, 100
2026/08/05 01:00:11.972, 21096, 100
2026/08/05 01:00:12.973, 21096, 86
2026/08/05 01:00:13.973, 21096, 100
2026/08/05 01:00:14.973, 21096, 100
2026/08/05 01:00:15.973, 21096, 100
2026/08/05 01:00:16.973, 21096, 100
2026/08/05 01:00:17.974, 21096, 100
2026/08/05 01:00:18.974, 21096, 99
2026/08/05 01:00:19.974, 21096, 85
2026/08/05 01:00:20.974, 21096, 100
2026/08/05 01:00:21.974, 21096, 100
2026/08/05 01:00:22.975, 21096, 100
2026/08/05 01:00:23.975, 21096, 100
2026/08/05 01:00:24.975, 21096, 83
2026/08/05 01:00:25.975, 21096, 100
2026/08/05 01:00:26.976, 21096, 100
2026/08/05 01:00:27.976, 21096, 84
2026/08/05 01:00:28.976, 21096, 85
2026/08/05 01:00:29.976, 21096, 99
2026/08/05 01:00:30.976, 21096, 100
2026/08/05 01:00:31.977, 21096, 65
2026/08/05 01:00:32.977, 21096, 100
2026/08/05 01:00:33.977, 21096, 100
2026/08/05 01:00:34.977, 21096, 100
2026/08/05 01:00:35.978, 21096, 100
2026/08/05 01:00:36.978, 21096, 100
2026/08/05 01:00:37.978, 21096, 100
2026/08/05 01:00:38.978, 21096, 76
2026/08/05 01:00:39.979, 21096, 100
2026/08/05 01:00:40.979, 21096, 100
2026/08/05 01:00:41.979, 21096, 100
2026/08/05 01:00:42.979, 21096, 100
2026/08/05 01:00:43.980, 21096, 79
2026/08/05 01:00:44.980, 21096, 84
2026/08/05 01:00:45.981, 21096, 100
2026/08/05 01:00:46.981, 21096, 100
2026/08/05 01:00:47.981, 21096, 100
2026/08/05 01:00:48.981, 21096, 100
2026/08/05 01:00:49.982, 21096, 100
2026/08/05 01:00:50.982, 21096, 84
2026/08/05 01:00:51.982, 21096, 100
2026/08/05 01:00:52.982, 21096, 85
2026/08/05 01:00:53.983, 21096, 100
2026/08/05 01:00:54.983, 21096, 100
2026/08/05 01:00:55.983, 21096, 100
2026/08/05 01:00:56.983, 21096, 76
2026/08/05 01:00:57.983, 21096, 100
2026/08/05 01:00:58.984, 21096, 100
2026/08/05 01:00:59.984, 21096, 85
2026/08/05 01:01:00.984, 21096, 100
2026/08/05 01:01:01.984, 21096, 100
2026/08/05 01:01:02.985, 21096, 86
2026/08/05 01:01:03.985, 21096, 100
2026/08/05 01:01:04.985, 21096, 100
2026/08/05 01:01:05.985, 21096, 100
2026/08/05 01:01:06.985, 21096, 100
2026/08/05 01:01:07.986, 21096, 100
2026/08/05 01:01:08.986, 21096, 100
2026/08/05 01:01:09.986, 21096, 100
2026/08/05 01:01:10.986, 21096, 100
2026/08/05 01:01:11.986, 21096, 100
2026/08/05 01:01:12.987, 21096, 100
2026/08/05 01:01:13.987, 21096, 100
2026/08/05 01:01:14.987, 21096, 100
2026/08/05 01:01:15.987, 21096, 100
2026/08/05 01:01:16.988, 21096, 100
2026/08/05 01:01:17.988, 21096, 100
2026/08/05 01:01:18.988, 21096, 70
2026/08/05 01:01:19.988, 21096, 100
2026/08/05 01:01:20.988, 21096, 100
2026/08/05 01:01:21.989, 21096, 100
2026/08/05 01:01:22.989, 21096, 100
2026/08/05 01:01:23.989, 21096, 100
2026/08/05 01:01:24.989, 21096, 100
2026/08/05 01:01:25.990, 21096, 100
2026/08/05 01:01:26.990, 21096, 100
2026/08/05 01:01:27.990, 21096, 100
2026/08/05 01:01:28.990, 21096, 100
2026/08/05 01:01:29.990, 21096, 100
2026/08/05 01:01:30.991, 21096, 100
2026/08/05 01:01:31.991, 21096, 84
2026/08/05 01:01:32.991, 21096, 100
2026/08/05 01:01:33.991, 21096, 84
2026/08/05 01:01:34.991, 21096, 100
2026/08/05 01:01:35.992, 21096, 100
2026/08/05 01:01:36.992, 21096, 100
2026/08/05 01:01:37.992, 21096, 85
2026/08/05 01:01:38.992, 21096, 100
2026/08/05 01:01:39.993, 21096, 100
2026/08/05 01:01:40.993, 21096, 100
2026/08/05 01:01:41.993, 21096, 100
2026/08/05 01:01:42.993, 21096, 86
2026/08/05 01:01:43.993, 21096, 100
2026/08/05 01:01:44.994, 21096, 100
2026/08/05 01:01:45.994, 21096, 100
2026/08/05 01:01:46.994, 21096, 100
2026/08/05 01:01:47.994, 21096, 100
2026/08/05 01:01:48.994, 21096, 100
2026/08/05 01:01:49.995, 21096, 100
2026/08/05 01:01:50.995, 21096, 100
2026/08/05 01:01:51.995, 21096, 100
2026/08/05 01:01:52.995, 21096, 84
2026/08/05 01:01:53.996, 21096, 100
2026/08/05 01:01:54.996, 21096, 100
2026/08/05 01:01:55.996, 21096, 100
2026/08/05 01:01:56.997, 21096, 84
2026/08/05 01:01:57.997, 21096, 100
2026/08/05 01:01:58.997, 21096, 100
2026/08/05 01:01:59.997, 21096, 66
2026/08/05 01:02:00.998, 21096, 100
2026/08/05 01:02:01.998, 21096, 100
2026/08/05 01:02:02.998, 21096, 100
2026/08/05 01:02:03.998, 21096, 100
2026/08/05 01:02:04.999, 21096, 100
2026/08/05 01:02:05.999, 21096, 100
2026/08/05 01:02:06.999, 21096, 100
2026/08/05 01:02:08.000, 21096, 100
2026/08/05 01:02:09.000, 21096, 100
2026/08/05 01:02:10.001, 21096, 100
2026/08/05 01:02:11.001, 21096, 100
2026/08/05 01:02:12.001, 21096, 100
2026/08/05 01:02:13.001, 21096, 100
2026/08/05 01:02:14.002, 21096, 68
2026/08/05 01:02:15.002, 21096, 100
2026/08/05 01:02:16.002, 21096, 100
2026/08/05 01:02:17.003, 21096, 100
2026/08/05 01:02:18.003, 21096, 100
2026/08/05 01:02:19.003, 21096, 100
2026/08/05 01:02:20.004, 21096, 100
2026/08/05 01:02:21.004, 21096, 100
2026/08/05 01:02:22.004, 21096, 100
2026/08/05 01:02:23.004, 21096, 85
2026/08/05 01:02:24.005, 21096, 100
2026/08/05 01:02:25.005, 21096, 85
2026/08/05 01:02:26.005, 21096, 100
2026/08/05 01:02:27.006, 21096, 100
2026/08/05 01:02:28.006, 21096, 100
2026/08/05 01:02:29.006, 21096, 100
2026/08/05 01:02:30.007, 21096, 100
2026/08/05 01:02:31.007, 21096, 100
2026/08/05 01:02:32.007, 21096, 85
2026/08/05 01:02:33.007, 21096, 100
2026/08/05 01:02:34.007, 21096, 100
2026/08/05 01:02:35.008, 21096, 85
2026/08/05 01:02:36.008, 21096, 100
2026/08/05 01:02:37.008, 21096, 100
2026/08/05 01:02:38.009, 21096, 69
2026/08/05 01:02:39.010, 21096, 100
2026/08/05 01:02:40.011, 21096, 100
2026/08/05 01:02:41.011, 21096, 100
2026/08/05 01:02:42.011, 21096, 100
2026/08/05 01:02:43.011, 21096, 100
2026/08/05 01:02:44.011, 21096, 100
2026/08/05 01:02:45.011, 21096, 100
2026/08/05 01:02:46.012, 21096, 100
2026/08/05 01:02:47.012, 21096, 100
2026/08/05 01:02:48.012, 21096, 100
2026/08/05 01:02:49.014, 21096, 100
2026/08/05 01:02:50.014, 21096, 66
2026/08/05 01:02:51.015, 21096, 100
2026/08/05 01:02:52.015, 21096, 86
2026/08/05 01:02:53.015, 21096, 100
2026/08/05 01:02:54.015, 21096, 100
2026/08/05 01:02:55.015, 21096, 100
2026/08/05 01:02:56.016, 21096, 100
2026/08/05 01:02:57.016, 21096, 92
2026/08/05 01:02:58.016, 21096, 100
2026/08/05 01:02:59.016, 21096, 100
2026/08/05 01:03:00.016, 21096, 100
2026/08/05 01:03:01.017, 21096, 100
2026/08/05 01:03:02.017, 21096, 100
2026/08/05 01:03:03.017, 21096, 100
2026/08/05 01:03:04.018, 21096, 100
2026/08/05 01:03:05.018, 21096, 100
2026/08/05 01:03:06.018, 21096, 100
2026/08/05 01:03:07.018, 21096, 100
2026/08/05 01:03:08.018, 21096, 100
2026/08/05 01:03:09.019, 21096, 85
2026/08/05 01:03:10.019, 21096, 100
2026/08/05 01:03:11.019, 21096, 100
2026/08/05 01:03:12.019, 21096, 100
2026/08/05 01:03:13.020, 21096, 100
2026/08/05 01:03:14.020, 21096, 100
2026/08/05 01:03:15.020, 21096, 100
2026/08/05 01:03:16.021, 21096, 100
2026/08/05 01:03:17.021, 21096, 100
2026/08/05 01:03:18.021, 21096, 100
2026/08/05 01:03:19.021, 21096, 100
2026/08/05 01:03:20.022, 21096, 100
2026/08/05 01:03:21.022, 21096, 84
2026/08/05 01:03:22.022, 21096, 97
2026/08/05 01:03:23.022, 21096, 100
2026/08/05 01:03:24.023, 21096, 100
2026/08/05 01:03:25.023, 21096, 100
2026/08/05 01:03:26.023, 21096, 100
2026/08/05 01:03:27.023, 21096, 100
2026/08/05 01:03:28.024, 21096, 100
2026/08/05 01:03:29.024, 21096, 100
2026/08/05 01:03:30.024, 21096, 100
2026/08/05 01:03:31.024, 21096, 100
2026/08/05 01:03:32.024, 21096, 100
2026/08/05 01:03:33.025, 21096, 89
2026/08/05 01:03:34.025, 21096, 100
2026/08/05 01:03:35.025, 21096, 100
2026/08/05 01:03:36.025, 21096, 100
2026/08/05 01:03:37.026, 21096, 100
2026/08/05 01:03:38.026, 21096, 100
2026/08/05 01:03:39.026, 21096, 100
2026/08/05 01:03:40.026, 21096, 100
2026/08/05 01:03:41.026, 21096, 100
2026/08/05 01:03:42.027, 21096, 100
2026/08/05 01:03:43.027, 21096, 100
2026/08/05 01:03:44.028, 21096, 85
2026/08/05 01:03:45.028, 21096, 100
2026/08/05 01:03:46.028, 21096, 100
2026/08/05 01:03:47.028, 21096, 100
2026/08/05 01:03:48.029, 21096, 100
2026/08/05 01:03:49.029, 21096, 100
2026/08/05 01:03:50.029, 21096, 100
2026/08/05 01:03:51.029, 21096, 100
2026/08/05 01:03:52.030, 21096, 100
2026/08/05 01:03:53.030, 21096, 100
2026/08/05 01:03:54.031, 21096, 100
2026/08/05 01:03:55.031, 21096, 100
2026/08/05 01:03:56.032, 21096, 100
2026/08/05 01:03:57.032, 21096, 100
2026/08/05 01:03:58.032, 21096, 100
2026/08/05 01:03:59.033, 21096, 68
2026/08/05 01:04:00.034, 21096, 100
2026/08/05 01:04:01.034, 21096, 100
2026/08/05 01:04:02.034, 21096, 100
2026/08/05 01:04:03.035, 21096, 100
2026/08/05 01:04:04.035, 21096, 100
2026/08/05 01:04:05.035, 21096, 100
2026/08/05 01:04:06.036, 21096, 100
2026/08/05 01:04:07.036, 21096, 100
2026/08/05 01:04:08.036, 21096, 100
2026/08/05 01:04:09.036, 21096, 64
2026/08/05 01:04:10.036, 21096, 100
2026/08/05 01:04:11.037, 21096, 92
2026/08/05 01:04:12.037, 21096, 100
2026/08/05 01:04:13.037, 21096, 100
2026/08/05 01:04:14.037, 21096, 100
2026/08/05 01:04:15.037, 21096, 100
2026/08/05 01:04:16.038, 21096, 90
2026/08/05 01:04:17.038, 21096, 100
2026/08/05 01:04:18.038, 21096, 100
2026/08/05 01:04:19.038, 21096, 100
2026/08/05 01:04:20.039, 21096, 100
2026/08/05 01:04:21.039, 21096, 100
2026/08/05 01:04:22.039, 21096, 100
2026/08/05 01:04:23.039, 21096, 100
2026/08/05 01:04:24.039, 21096, 100
2026/08/05 01:04:25.040, 21096, 100
2026/08/05 01:04:26.040, 21096, 100
2026/08/05 01:04:27.040, 21096, 100
2026/08/05 01:04:28.040, 21096, 100
2026/08/05 01:04:29.040, 21096, 100
2026/08/05 01:04:30.041, 21096, 100
2026/08/05 01:04:31.041, 21096, 100
2026/08/05 01:04:32.041, 21096, 100
2026/08/05 01:04:33.041, 21096, 66
2026/08/05 01:04:34.041, 21096, 100
2026/08/05 01:04:35.042, 21096, 100
2026/08/05 01:04:36.042, 21096, 100
2026/08/05 01:04:37.042, 21096, 100
2026/08/05 01:04:38.042, 21096, 100
2026/08/05 01:04:39.042, 21096, 100
2026/08/05 01:04:40.043, 21096, 100
2026/08/05 01:04:41.057, 21096, 100
2026/08/05 01:04:42.057, 21096, 100
2026/08/05 01:04:43.058, 21096, 86
2026/08/05 01:04:44.058, 21096, 85
2026/08/05 01:04:45.059, 21096, 100
2026/08/05 01:04:46.059, 21096, 100
2026/08/05 01:04:47.059, 21096, 100
2026/08/05 01:04:48.059, 21096, 63
2026/08/05 01:04:49.060, 21096, 100
2026/08/05 01:04:50.060, 21096, 100
2026/08/05 01:04:51.060, 21096, 100
2026/08/05 01:04:52.060, 21096, 84
2026/08/05 01:04:53.061, 21096, 89
2026/08/05 01:04:54.061, 21096, 100
2026/08/05 01:04:55.061, 21096, 84
2026/08/05 01:04:56.062, 21096, 100
2026/08/05 01:04:57.062, 21096, 100
2026/08/05 01:04:58.062, 21096, 100
2026/08/05 01:04:59.063, 21096, 83
2026/08/05 01:05:00.063, 21096, 100
2026/08/05 01:05:01.063, 21096, 100
2026/08/05 01:05:02.063, 21096, 100
2026/08/05 01:05:03.063, 21096, 100
2026/08/05 01:05:04.064, 21096, 100
2026/08/05 01:05:05.064, 21096, 100
2026/08/05 01:05:06.064, 21096, 100
2026/08/05 01:05:07.064, 21096, 100
2026/08/05 01:05:08.065, 21096, 100
2026/08/05 01:05:09.065, 21096, 100
2026/08/05 01:05:10.065, 21096, 100
2026/08/05 01:05:11.065, 21096, 100
2026/08/05 01:05:12.065, 21096, 100
2026/08/05 01:05:13.066, 21096, 100
2026/08/05 01:05:14.066, 21096, 100
2026/08/05 01:05:15.066, 21096, 100
2026/08/05 01:05:16.066, 21096, 100
2026/08/05 01:05:17.066, 21096, 100
2026/08/05 01:05:18.067, 21096, 100
2026/08/05 01:05:19.067, 21096, 100
2026/08/05 01:05:20.067, 21096, 100
2026/08/05 01:05:21.067, 21096, 100
2026/08/05 01:05:22.068, 21096, 100
2026/08/05 01:05:23.068, 21096, 100
2026/08/05 01:05:24.068, 21096, 100
2026/08/05 01:05:25.068, 21096, 100
2026/08/05 01:05:26.068, 21096, 100
2026/08/05 01:05:27.069, 21096, 100
2026/08/05 01:05:28.069, 21096, 100
2026/08/05 01:05:29.069, 21096, 68
2026/08/05 01:05:30.069, 21096, 100
2026/08/05 01:05:31.070, 21096, 100
2026/08/05 01:05:32.070, 21096, 100
2026/08/05 01:05:33.070, 21096, 100
2026/08/05 01:05:34.070, 21096, 100
2026/08/05 01:05:35.071, 21096, 100
2026/08/05 01:05:36.071, 21096, 66
2026/08/05 01:05:37.071, 21096, 85
2026/08/05 01:05:38.072, 21096, 100
2026/08/05 01:05:39.072, 21096, 100
2026/08/05 01:05:40.072, 21096, 100
2026/08/05 01:05:41.072, 21096, 100
2026/08/05 01:05:42.072, 21096, 100
2026/08/05 01:05:43.073, 21096, 100
2026/08/05 01:05:44.073, 21096, 100
2026/08/05 01:05:45.073, 21096, 100
2026/08/05 01:05:46.073, 21096, 100
2026/08/05 01:05:47.074, 21096, 100
2026/08/05 01:05:48.074, 21096, 100
2026/08/05 01:05:49.074, 21096, 100
2026/08/05 01:05:50.074, 21096, 100
2026/08/05 01:05:51.075, 21096, 100
2026/08/05 01:05:52.075, 21096, 100
2026/08/05 01:05:53.075, 21096, 100
2026/08/05 01:05:54.075, 21096, 100
2026/08/05 01:05:55.076, 21096, 100
2026/08/05 01:05:56.076, 21096, 100
2026/08/05 01:05:57.076, 21096, 100
2026/08/05 01:05:58.076, 21096, 100
2026/08/05 01:05:59.077, 21096, 100
2026/08/05 01:06:00.077, 21096, 100
2026/08/05 01:06:01.077, 21096, 100
2026/08/05 01:06:02.077, 21096, 100
2026/08/05 01:06:03.078, 21096, 100
2026/08/05 01:06:04.078, 21096, 100
2026/08/05 01:06:05.078, 21096, 98
2026/08/05 01:06:06.078, 21096, 100
2026/08/05 01:06:07.078, 21096, 100
2026/08/05 01:06:08.079, 21096, 100
2026/08/05 01:06:09.079, 21096, 100
2026/08/05 01:06:10.079, 21096, 100
2026/08/05 01:06:11.079, 21096, 100
2026/08/05 01:06:12.079, 21096, 100
2026/08/05 01:06:13.080, 21096, 100
2026/08/05 01:06:14.080, 21096, 100
2026/08/05 01:06:15.080, 21096, 100
2026/08/05 01:06:16.080, 21096, 100
2026/08/05 01:06:17.081, 21096, 100
2026/08/05 01:06:18.081, 21096, 100
2026/08/05 01:06:19.081, 21096, 100
2026/08/05 01:06:20.081, 21096, 100
2026/08/05 01:06:21.081, 21096, 0
2026/08/05 01:06:22.082, 21096, 100
2026/08/05 01:06:23.082, 21096, 100
2026/08/05 01:06:24.082, 21096, 100
2026/08/05 01:06:25.082, 21096, 100
2026/08/05 01:06:26.082, 21096, 84
2026/08/05 01:06:27.083, 21096, 100
2026/08/05 01:06:28.083, 21096, 100
2026/08/05 01:06:29.083, 21096, 100
2026/08/05 01:06:30.083, 21096, 100
2026/08/05 01:06:31.084, 21096, 100
2026/08/05 01:06:32.084, 21096, 100
2026/08/05 01:06:33.084, 21096, 100
2026/08/05 01:06:34.084, 21096, 100
2026/08/05 01:06:35.085, 21096, 100
2026/08/05 01:06:36.085, 21096, 100
2026/08/05 01:06:37.085, 21096, 100
2026/08/05 01:06:38.085, 21096, 100
2026/08/05 01:06:39.085, 21096, 100
2026/08/05 01:06:40.086, 21096, 100
2026/08/05 01:06:41.086, 21096, 100
2026/08/05 01:06:42.086, 21096, 100
2026/08/05 01:06:43.086, 21096, 100
2026/08/05 01:06:44.087, 21096, 100
2026/08/05 01:06:45.087, 21096, 84
2026/08/05 01:06:46.087, 21096, 83
2026/08/05 01:06:47.088, 21096, 100
2026/08/05 01:06:48.088, 21096, 100
2026/08/05 01:06:49.089, 21096, 100
2026/08/05 01:06:50.089, 21096, 93
2026/08/05 01:06:51.089, 21096, 100
2026/08/05 01:06:52.089, 21096, 100
2026/08/05 01:06:53.089, 21096, 100
2026/08/05 01:06:54.090, 21096, 100
2026/08/05 01:06:55.090, 21096, 100
2026/08/05 01:06:56.090, 21096, 100
2026/08/05 01:06:57.091, 21096, 100
2026/08/05 01:06:58.091, 21096, 100
2026/08/05 01:06:59.091, 21096, 100
2026/08/05 01:07:00.092, 21096, 100
2026/08/05 01:07:01.092, 21096, 100
2026/08/05 01:07:02.092, 21096, 100
2026/08/05 01:07:03.093, 21096, 100
2026/08/05 01:07:04.093, 21096, 100
2026/08/05 01:07:05.093, 21096, 100
2026/08/05 01:07:06.093, 21096, 100
2026/08/05 01:07:07.094, 21096, 100
2026/08/05 01:07:08.094, 21096, 95
2026/08/05 01:07:09.094, 21096, 100
2026/08/05 01:07:10.094, 21096, 100
2026/08/05 01:07:11.095, 21096, 100
2026/08/05 01:07:12.095, 21096, 100
2026/08/05 01:07:13.095, 21096, 81
2026/08/05 01:07:14.096, 21096, 100
2026/08/05 01:07:15.096, 21096, 100
2026/08/05 01:07:16.097, 21096, 100
2026/08/05 01:07:17.097, 21096, 100
2026/08/05 01:07:18.097, 21096, 97
2026/08/05 01:07:19.097, 21096, 84
2026/08/05 01:07:20.098, 21096, 63
2026/08/05 01:07:21.098, 21096, 100
2026/08/05 01:07:22.098, 21096, 100
2026/08/05 01:07:23.099, 21096, 100
2026/08/05 01:07:24.099, 21096, 100
2026/08/05 01:07:25.099, 21096, 100
2026/08/05 01:07:26.100, 21096, 100
2026/08/05 01:07:27.100, 21096, 100
2026/08/05 01:07:28.100, 21096, 100
2026/08/05 01:07:29.101, 21096, 100
2026/08/05 01:07:30.101, 21096, 100
2026/08/05 01:07:31.101, 21096, 100
2026/08/05 01:07:32.101, 21096, 100
2026/08/05 01:07:33.102, 21096, 100
2026/08/05 01:07:34.102, 21096, 100
2026/08/05 01:07:35.102, 21096, 84
2026/08/05 01:07:36.103, 21096, 100
2026/08/05 01:07:37.103, 21096, 100
2026/08/05 01:07:38.103, 21096, 100
2026/08/05 01:07:39.103, 21096, 100
2026/08/05 01:07:40.104, 21096, 100
2026/08/05 01:07:41.104, 21096, 100
2026/08/05 01:07:42.104, 21096, 100
2026/08/05 01:07:43.105, 21096, 87
2026/08/05 01:07:44.105, 21096, 99
2026/08/05 01:07:45.105, 21096, 100
2026/08/05 01:07:46.105, 21096, 100
2026/08/05 01:07:47.106, 21096, 100
2026/08/05 01:07:48.106, 21096, 100
2026/08/05 01:07:49.107, 21096, 100
2026/08/05 01:07:50.107, 21096, 100
2026/08/05 01:07:51.107, 21096, 100
2026/08/05 01:07:52.107, 21096, 100
2026/08/05 01:07:53.108, 21096, 100
2026/08/05 01:07:54.108, 21096, 100
2026/08/05 01:07:55.109, 21096, 99
2026/08/05 01:07:56.109, 21096, 100
2026/08/05 01:07:57.109, 21096, 93
2026/08/05 01:07:58.109, 21096, 100
2026/08/05 01:07:59.110, 21096, 100
2026/08/05 01:08:00.110, 21096, 100
2026/08/05 01:08:01.110, 21096, 100
2026/08/05 01:08:02.110, 21096, 100
2026/08/05 01:08:03.111, 21096, 100
2026/08/05 01:08:04.111, 21096, 100
2026/08/05 01:08:05.111, 21096, 100
2026/08/05 01:08:06.111, 21096, 100
2026/08/05 01:08:07.112, 21096, 100
2026/08/05 01:08:08.112, 21096, 82
2026/08/05 01:08:09.112, 21096, 100
2026/08/05 01:08:10.113, 21096, 100
2026/08/05 01:08:11.113, 21096, 100
2026/08/05 01:08:12.113, 21096, 100
2026/08/05 01:08:13.113, 21096, 100
2026/08/05 01:08:14.114, 21096, 100
2026/08/05 01:08:15.114, 21096, 100
2026/08/05 01:08:16.114, 21096, 86
2026/08/05 01:08:17.114, 21096, 100
2026/08/05 01:08:18.115, 21096, 100
2026/08/05 01:08:19.115, 21096, 100
2026/08/05 01:08:20.115, 21096, 100
2026/08/05 01:08:21.116, 21096, 100
2026/08/05 01:08:22.116, 21096, 100
2026/08/05 01:08:23.116, 21096, 100
2026/08/05 01:08:24.117, 21096, 78
2026/08/05 01:08:25.117, 21096, 100
2026/08/05 01:08:26.117, 21096, 85
2026/08/05 01:08:27.118, 21096, 100
2026/08/05 01:08:28.118, 21096, 100
2026/08/05 01:08:29.118, 21096, 65
2026/08/05 01:08:30.118, 21096, 100
2026/08/05 01:08:31.119, 21096, 100
2026/08/05 01:08:32.119, 21096, 100
2026/08/05 01:08:33.119, 21096, 100
2026/08/05 01:08:34.119, 21096, 92
2026/08/05 01:08:35.120, 21096, 100
2026/08/05 01:08:36.120, 21096, 100
2026/08/05 01:08:37.120, 21096, 100
2026/08/05 01:08:38.121, 21096, 100
2026/08/05 01:08:39.121, 21096, 100
2026/08/05 01:08:40.121, 21096, 100
2026/08/05 01:08:41.122, 21096, 100
2026/08/05 01:08:42.122, 21096, 100
2026/08/05 01:08:43.122, 21096, 82
2026/08/05 01:08:44.123, 21096, 100
2026/08/05 01:08:45.124, 21096, 100
2026/08/05 01:08:46.124, 21096, 100
2026/08/05 01:08:47.124, 21096, 76
2026/08/05 01:08:48.125, 21096, 100
2026/08/05 01:08:49.125, 21096, 100
2026/08/05 01:08:50.126, 21096, 100
2026/08/05 01:08:51.126, 21096, 100
2026/08/05 01:08:52.126, 21096, 100
2026/08/05 01:08:53.127, 21096, 100
2026/08/05 01:08:54.127, 21096, 100
2026/08/05 01:08:55.127, 21096, 100
2026/08/05 01:08:56.128, 21096, 100
2026/08/05 01:08:57.128, 21096, 68
2026/08/05 01:08:58.128, 21096, 100
2026/08/05 01:08:59.129, 21096, 100
2026/08/05 01:09:00.129, 21096, 100
2026/08/05 01:09:01.129, 21096, 100
2026/08/05 01:09:02.130, 21096, 100
2026/08/05 01:09:03.130, 21096, 100
2026/08/05 01:09:04.130, 21096, 100
2026/08/05 01:09:05.131, 21096, 100
2026/08/05 01:09:06.131, 21096, 61
2026/08/05 01:09:07.131, 21096, 85
2026/08/05 01:09:08.131, 21096, 100
2026/08/05 01:09:09.132, 21096, 100
2026/08/05 01:09:10.132, 21096, 100
2026/08/05 01:09:11.133, 21096, 100
2026/08/05 01:09:12.133, 21096, 85
2026/08/05 01:09:13.133, 21096, 67
2026/08/05 01:09:14.134, 21096, 100
2026/08/05 01:09:15.134, 21096, 100
2026/08/05 01:09:16.134, 21096, 100
2026/08/05 01:09:17.135, 21096, 100
2026/08/05 01:09:18.135, 21096, 100
2026/08/05 01:09:19.135, 21096, 100
2026/08/05 01:09:20.136, 21096, 100
2026/08/05 01:09:21.136, 21096, 100
2026/08/05 01:09:22.136, 21096, 83
2026/08/05 01:09:23.136, 21096, 100
2026/08/05 01:09:24.137, 21096, 100
2026/08/05 01:09:25.137, 21096, 100
2026/08/05 01:09:26.137, 21096, 86
2026/08/05 01:09:27.138, 21096, 100
2026/08/05 01:09:28.138, 21096, 100
2026/08/05 01:09:29.138, 21096, 100
2026/08/05 01:09:30.139, 21096, 63
2026/08/05 01:09:31.139, 21096, 100
2026/08/05 01:09:32.140, 21096, 100
2026/08/05 01:09:33.140, 21096, 100
2026/08/05 01:09:34.140, 21096, 100
2026/08/05 01:09:35.140, 21096, 100
2026/08/05 01:09:36.141, 21096, 100
2026/08/05 01:09:37.141, 21096, 100
2026/08/05 01:09:38.141, 21096, 100
2026/08/05 01:09:39.142, 21096, 100
2026/08/05 01:09:40.142, 21096, 100
2026/08/05 01:09:41.142, 21096, 100
2026/08/05 01:09:42.143, 21096, 85
2026/08/05 01:09:43.144, 21096, 100
2026/08/05 01:09:44.144, 21096, 100
2026/08/05 01:09:45.144, 21096, 100
2026/08/05 01:09:46.144, 21096, 97
2026/08/05 01:09:47.144, 21096, 84
2026/08/05 01:09:48.145, 21096, 100
2026/08/05 01:09:49.145, 21096, 100
2026/08/05 01:09:50.146, 21096, 83
2026/08/05 01:09:51.147, 21096, 86
2026/08/05 01:09:52.147, 21096, 100
2026/08/05 01:09:53.147, 21096, 100
2026/08/05 01:09:54.147, 21096, 100
2026/08/05 01:09:55.150, 21096, 100
2026/08/05 01:09:56.150, 21096, 100
2026/08/05 01:09:57.151, 21096, 100
2026/08/05 01:09:58.151, 21096, 100
2026/08/05 01:09:59.151, 21096, 93
2026/08/05 01:10:00.151, 21096, 100
2026/08/05 01:10:01.152, 21096, 100
2026/08/05 01:10:02.158, 21096, 100
2026/08/05 01:10:03.194, 21096, 100
2026/08/05 01:10:04.225, 21096, 100
2026/08/05 01:10:05.253, 21096, 100
2026/08/05 01:10:06.278, 21096, 100
2026/08/05 01:10:07.300, 21096, 100
2026/08/05 01:10:08.318, 21096, 100
2026/08/05 01:10:09.335, 21096, 100
2026/08/05 01:10:10.350, 21096, 79
2026/08/05 01:10:11.363, 21096, 100
2026/08/05 01:10:12.374, 21096, 100
2026/08/05 01:10:13.385, 21096, 100
2026/08/05 01:10:14.394, 21096, 100
2026/08/05 01:10:15.401, 21096, 81
2026/08/05 01:10:16.409, 21096, 100
2026/08/05 01:10:17.416, 21096, 100
2026/08/05 01:10:18.421, 21096, 100
2026/08/05 01:10:19.427, 21096, 100
2026/08/05 01:10:20.432, 21096, 100
2026/08/05 01:10:21.436, 21096, 100
2026/08/05 01:10:22.441, 21096, 100
2026/08/05 01:10:23.444, 21096, 100
2026/08/05 01:10:24.448, 21096, 100
2026/08/05 01:10:25.450, 21096, 100
2026/08/05 01:10:26.453, 21096, 66
2026/08/05 01:10:27.456, 21096, 100
2026/08/05 01:10:28.458, 21096, 100
2026/08/05 01:10:29.460, 21096, 100
2026/08/05 01:10:30.462, 21096, 84
2026/08/05 01:10:31.464, 21096, 100
2026/08/05 01:10:32.467, 21096, 64
2026/08/05 01:10:33.468, 21096, 97
2026/08/05 01:10:34.469, 21096, 66
2026/08/05 01:10:35.471, 21096, 100
2026/08/05 01:10:36.472, 21096, 100
2026/08/05 01:10:37.474, 21096, 91
2026/08/05 01:10:38.475, 21096, 85
2026/08/05 01:10:39.477, 21096, 100
2026/08/05 01:10:40.478, 21096, 100
2026/08/05 01:10:41.479, 21096, 100
2026/08/05 01:10:42.481, 21096, 100
2026/08/05 01:10:43.482, 21096, 100
2026/08/05 01:10:44.484, 21096, 100
2026/08/05 01:10:45.485, 21096, 100
2026/08/05 01:10:46.486, 21096, 84
2026/08/05 01:10:47.488, 21096, 100
2026/08/05 01:10:48.489, 21096, 100
2026/08/05 01:10:49.490, 21096, 100
2026/08/05 01:10:50.492, 21096, 100
2026/08/05 01:10:51.493, 21096, 100
2026/08/05 01:10:52.494, 21096, 100
2026/08/05 01:10:53.496, 21096, 100
2026/08/05 01:10:54.497, 21096, 100
2026/08/05 01:10:55.498, 21096, 100
2026/08/05 01:10:56.500, 21096, 100
2026/08/05 01:10:57.501, 21096, 84
2026/08/05 01:10:58.502, 21096, 66
2026/08/05 01:10:59.504, 21096, 100
2026/08/05 01:11:00.505, 21096, 100
2026/08/05 01:11:01.506, 21096, 100
2026/08/05 01:11:02.508, 21096, 100
2026/08/05 01:11:03.509, 21096, 100
2026/08/05 01:11:04.510, 21096, 100
2026/08/05 01:11:05.512, 21096, 100
2026/08/05 01:11:06.513, 21096, 100
2026/08/05 01:11:07.514, 21096, 84
2026/08/05 01:11:08.514, 21096, 100
2026/08/05 01:11:09.515, 21096, 100
2026/08/05 01:11:10.515, 21096, 100
2026/08/05 01:11:11.515, 21096, 100
2026/08/05 01:11:12.515, 21096, 100
2026/08/05 01:11:13.516, 21096, 56
2026/08/05 01:11:14.516, 21096, 100
2026/08/05 01:11:15.516, 21096, 100
2026/08/05 01:11:16.516, 21096, 100
2026/08/05 01:11:17.516, 21096, 100
2026/08/05 01:11:18.517, 21096, 100
2026/08/05 01:11:19.517, 21096, 100
2026/08/05 01:11:20.517, 21096, 100
2026/08/05 01:11:21.517, 21096, 100
2026/08/05 01:11:22.517, 21096, 100
2026/08/05 01:11:23.518, 21096, 82
2026/08/05 01:11:24.518, 21096, 100
2026/08/05 01:11:25.518, 21096, 100
2026/08/05 01:11:26.518, 21096, 100
2026/08/05 01:11:27.518, 21096, 100
2026/08/05 01:11:28.519, 21096, 100
2026/08/05 01:11:29.519, 21096, 100
2026/08/05 01:11:30.519, 21096, 100
2026/08/05 01:11:31.519, 21096, 100
2026/08/05 01:11:32.520, 21096, 100
2026/08/05 01:11:33.520, 21096, 100
2026/08/05 01:11:34.520, 21096, 100
2026/08/05 01:11:35.520, 21096, 83
2026/08/05 01:11:36.520, 21096, 96
2026/08/05 01:11:37.521, 21096, 100
2026/08/05 01:11:38.521, 21096, 69
2026/08/05 01:11:39.521, 21096, 100
2026/08/05 01:11:40.522, 21096, 100
2026/08/05 01:11:41.522, 21096, 100
2026/08/05 01:11:42.522, 21096, 100
2026/08/05 01:11:43.522, 21096, 100
2026/08/05 01:11:44.523, 21096, 100
2026/08/05 01:11:45.523, 21096, 100
2026/08/05 01:11:46.523, 21096, 100
2026/08/05 01:11:47.524, 21096, 100
2026/08/05 01:11:48.524, 21096, 100
2026/08/05 01:11:49.524, 21096, 100
2026/08/05 01:11:50.524, 21096, 100
2026/08/05 01:11:51.524, 21096, 100
2026/08/05 01:11:52.525, 21096, 100
2026/08/05 01:11:53.525, 21096, 100
2026/08/05 01:11:54.525, 21096, 100
2026/08/05 01:11:55.525, 21096, 100
2026/08/05 01:11:56.526, 21096, 100
2026/08/05 01:11:57.526, 21096, 100
2026/08/05 01:11:58.526, 21096, 84
2026/08/05 01:11:59.526, 21096, 100
2026/08/05 01:12:00.526, 21096, 100
2026/08/05 01:12:01.526, 21096, 100
2026/08/05 01:12:02.527, 21096, 100
2026/08/05 01:12:03.527, 21096, 62
2026/08/05 01:12:04.527, 21096, 100
2026/08/05 01:12:05.527, 21096, 100
2026/08/05 01:12:06.528, 21096, 100
2026/08/05 01:12:07.528, 21096, 100
2026/08/05 01:12:08.528, 21096, 100
2026/08/05 01:12:09.528, 21096, 100
2026/08/05 01:12:10.529, 21096, 100
2026/08/05 01:12:11.529, 21096, 100
2026/08/05 01:12:12.529, 21096, 100
2026/08/05 01:12:13.529, 21096, 100
2026/08/05 01:12:14.530, 21096, 100
2026/08/05 01:12:15.530, 21096, 100
2026/08/05 01:12:16.530, 21096, 100
2026/08/05 01:12:17.530, 21096, 100
2026/08/05 01:12:18.531, 21096, 100
2026/08/05 01:12:19.531, 21096, 100
2026/08/05 01:12:20.531, 21096, 100
2026/08/05 01:12:21.532, 21096, 100
2026/08/05 01:12:22.532, 21096, 100
2026/08/05 01:12:23.532, 21096, 100
2026/08/05 01:12:24.532, 21096, 100
2026/08/05 01:12:25.533, 21096, 100
2026/08/05 01:12:26.533, 21096, 100
2026/08/05 01:12:27.533, 21096, 100
2026/08/05 01:12:28.534, 21096, 100
2026/08/05 01:12:29.534, 21096, 100
2026/08/05 01:12:30.534, 21096, 100
2026/08/05 01:12:31.534, 21096, 100
2026/08/05 01:12:32.534, 21096, 100
2026/08/05 01:12:33.535, 21096, 100
2026/08/05 01:12:34.535, 21096, 82
2026/08/05 01:12:35.535, 21096, 75
2026/08/05 01:12:36.535, 21096, 84
2026/08/05 01:12:37.536, 21096, 83
2026/08/05 01:12:38.536, 21096, 83
2026/08/05 01:12:39.536, 21096, 100
2026/08/05 01:12:40.536, 21096, 100
2026/08/05 01:12:41.536, 21096, 100
2026/08/05 01:12:42.537, 21096, 100
2026/08/05 01:12:43.537, 21096, 100
2026/08/05 01:12:44.537, 21096, 100
2026/08/05 01:12:45.537, 21096, 59
2026/08/05 01:12:46.538, 21096, 83
2026/08/05 01:12:47.538, 21096, 100
2026/08/05 01:12:48.538, 21096, 100
2026/08/05 01:12:49.538, 21096, 83
2026/08/05 01:12:50.538, 21096, 100
2026/08/05 01:12:51.538, 21096, 100
2026/08/05 01:12:52.539, 21096, 100
2026/08/05 01:12:53.539, 21096, 100
2026/08/05 01:12:54.539, 21096, 100
2026/08/05 01:12:55.539, 21096, 100
2026/08/05 01:12:56.540, 21096, 100
2026/08/05 01:12:57.540, 21096, 100
2026/08/05 01:12:58.540, 21096, 100
2026/08/05 01:12:59.540, 21096, 100
2026/08/05 01:13:00.540, 21096, 100
2026/08/05 01:13:01.541, 21096, 100
2026/08/05 01:13:02.541, 21096, 100
2026/08/05 01:13:03.541, 21096, 100
2026/08/05 01:13:04.541, 21096, 100
2026/08/05 01:13:05.542, 21096, 100
2026/08/05 01:13:06.542, 21096, 100
2026/08/05 01:13:07.542, 21096, 100
2026/08/05 01:13:08.542, 21096, 98
2026/08/05 01:13:09.543, 21096, 100
2026/08/05 01:13:10.543, 21096, 100
2026/08/05 01:13:11.543, 21096, 100
2026/08/05 01:13:12.543, 21096, 100
2026/08/05 01:13:13.543, 21096, 100
2026/08/05 01:13:14.544, 21096, 100
2026/08/05 01:13:15.544, 21096, 100
2026/08/05 01:13:16.544, 21096, 100
2026/08/05 01:13:17.545, 21096, 100
2026/08/05 01:13:18.545, 21096, 100
2026/08/05 01:13:19.545, 21096, 100
2026/08/05 01:13:20.545, 21096, 100
2026/08/05 01:13:21.546, 21096, 100
2026/08/05 01:13:22.546, 21096, 100
2026/08/05 01:13:23.546, 21096, 100
2026/08/05 01:13:24.546, 21096, 100
2026/08/05 01:13:25.546, 21096, 100
2026/08/05 01:13:26.547, 21096, 100
2026/08/05 01:13:27.547, 21096, 100
2026/08/05 01:13:28.547, 21096, 100
2026/08/05 01:13:29.547, 21096, 100
2026/08/05 01:13:30.548, 21096, 100
2026/08/05 01:13:31.548, 21096, 100
2026/08/05 01:13:32.548, 21096, 81
2026/08/05 01:13:33.548, 21096, 100
2026/08/05 01:13:34.549, 21096, 100
2026/08/05 01:13:35.549, 21096, 100
2026/08/05 01:13:36.549, 21096, 100
2026/08/05 01:13:37.549, 21096, 100
2026/08/05 01:13:38.550, 21096, 64
2026/08/05 01:13:39.550, 21096, 100
2026/08/05 01:13:40.550, 21096, 55
2026/08/05 01:13:41.550, 21096, 100
2026/08/05 01:13:42.550, 21096, 100
2026/08/05 01:13:43.551, 21096, 100
2026/08/05 01:13:44.551, 21096, 100
2026/08/05 01:13:45.551, 21096, 100
2026/08/05 01:13:46.551, 21096, 100
2026/08/05 01:13:47.551, 21096, 100
2026/08/05 01:13:48.552, 21096, 100
2026/08/05 01:13:49.552, 21096, 100
2026/08/05 01:13:50.552, 21096, 100
2026/08/05 01:13:51.553, 21096, 81
2026/08/05 01:13:52.553, 21096, 100
2026/08/05 01:13:53.553, 21096, 100
2026/08/05 01:13:54.553, 21096, 100
2026/08/05 01:13:55.553, 21096, 83
2026/08/05 01:13:56.554, 21096, 97
2026/08/05 01:13:57.554, 21096, 100
2026/08/05 01:13:58.554, 21096, 100
2026/08/05 01:13:59.554, 21096, 100
2026/08/05 01:14:00.555, 21096, 73
2026/08/05 01:14:01.555, 21096, 100
2026/08/05 01:14:02.555, 21096, 87
2026/08/05 01:14:03.555, 21096, 100
2026/08/05 01:14:04.555, 21096, 100
2026/08/05 01:14:05.556, 21096, 100
2026/08/05 01:14:06.556, 21096, 100
2026/08/05 01:14:07.556, 21096, 100
2026/08/05 01:14:08.557, 21096, 100
2026/08/05 01:14:09.557, 21096, 100
2026/08/05 01:14:10.557, 21096, 84
2026/08/05 01:14:11.557, 21096, 100
2026/08/05 01:14:12.557, 21096, 100
2026/08/05 01:14:13.558, 21096, 100
2026/08/05 01:14:14.558, 21096, 100
2026/08/05 01:14:15.558, 21096, 100
2026/08/05 01:14:16.558, 21096, 100
2026/08/05 01:14:17.558, 21096, 100
2026/08/05 01:14:18.559, 21096, 100
2026/08/05 01:14:19.559, 21096, 100
2026/08/05 01:14:20.559, 21096, 100
2026/08/05 01:14:21.559, 21096, 100
2026/08/05 01:14:22.560, 21096, 100
2026/08/05 01:14:23.560, 21096, 67
2026/08/05 01:14:24.560, 21096, 100
2026/08/05 01:14:25.560, 21096, 100
2026/08/05 01:14:26.561, 21096, 100
2026/08/05 01:14:27.561, 21096, 84
2026/08/05 01:14:28.561, 21096, 100
2026/08/05 01:14:29.562, 21096, 83
2026/08/05 01:14:30.562, 21096, 100
2026/08/05 01:14:31.562, 21096, 100
2026/08/05 01:14:32.563, 21096, 62
2026/08/05 01:14:33.563, 21096, 100
2026/08/05 01:14:34.563, 21096, 100
2026/08/05 01:14:35.563, 21096, 100
2026/08/05 01:14:36.564, 21096, 100
2026/08/05 01:14:37.564, 21096, 100
2026/08/05 01:14:38.565, 21096, 100
2026/08/05 01:14:39.565, 21096, 100
2026/08/05 01:14:40.565, 21096, 82
2026/08/05 01:14:41.565, 21096, 100
2026/08/05 01:14:42.566, 21096, 97
2026/08/05 01:14:43.566, 21096, 99
2026/08/05 01:14:44.566, 21096, 100
2026/08/05 01:14:45.567, 21096, 100
2026/08/05 01:14:46.567, 21096, 100
2026/08/05 01:14:47.567, 21096, 100
2026/08/05 01:14:48.567, 21096, 100
2026/08/05 01:14:49.568, 21096, 80
2026/08/05 01:14:50.568, 21096, 100
2026/08/05 01:14:51.568, 21096, 100
2026/08/05 01:14:52.568, 21096, 100
2026/08/05 01:14:53.569, 21096, 100
2026/08/05 01:14:54.570, 21096, 100
2026/08/05 01:14:55.572, 21096, 77
2026/08/05 01:14:56.575, 21096, 100
2026/08/05 01:14:57.577, 21096, 100
2026/08/05 01:14:58.580, 21096, 84
2026/08/05 01:14:59.582, 21096, 100
2026/08/05 01:15:00.585, 21096, 100
2026/08/05 01:15:01.587, 21096, 100
2026/08/05 01:15:02.589, 21096, 100
2026/08/05 01:15:03.591, 21096, 83
2026/08/05 01:15:04.592, 21096, 100
2026/08/05 01:15:05.594, 21096, 100
2026/08/05 01:15:06.595, 21096, 100
2026/08/05 01:15:07.596, 21096, 100
2026/08/05 01:15:08.598, 21096, 100
2026/08/05 01:15:09.599, 21096, 100
2026/08/05 01:15:10.602, 21096, 100
2026/08/05 01:15:11.603, 21096, 100
2026/08/05 01:15:12.604, 21096, 100
2026/08/05 01:15:13.606, 21096, 100
2026/08/05 01:15:14.607, 21096, 100
2026/08/05 01:15:15.609, 21096, 100
2026/08/05 01:15:16.610, 21096, 100
2026/08/05 01:15:17.611, 21096, 100
2026/08/05 01:15:18.613, 21096, 100
2026/08/05 01:15:19.614, 21096, 100
2026/08/05 01:15:20.615, 21096, 100
2026/08/05 01:15:21.617, 21096, 100
2026/08/05 01:15:22.618, 21096, 100
2026/08/05 01:15:23.619, 21096, 100
2026/08/05 01:15:24.621, 21096, 94
2026/08/05 01:15:25.622, 21096, 100
2026/08/05 01:15:26.623, 21096, 100
2026/08/05 01:15:27.624, 21096, 100
2026/08/05 01:15:28.626, 21096, 100
2026/08/05 01:15:29.627, 21096, 100
2026/08/05 01:15:30.628, 21096, 100
2026/08/05 01:15:31.630, 21096, 82
2026/08/05 01:15:32.631, 21096, 100
2026/08/05 01:15:33.632, 21096, 100
2026/08/05 01:15:34.634, 21096, 100
2026/08/05 01:15:35.635, 21096, 100
2026/08/05 01:15:36.636, 21096, 100
2026/08/05 01:15:37.638, 21096, 100
2026/08/05 01:15:38.638, 21096, 100
2026/08/05 01:15:39.640, 21096, 100
2026/08/05 01:15:40.641, 21096, 100
2026/08/05 01:15:41.641, 21096, 100
2026/08/05 01:15:42.643, 21096, 100
2026/08/05 01:15:43.643, 21096, 100
2026/08/05 01:15:44.644, 21096, 100
2026/08/05 01:15:45.646, 21096, 97
2026/08/05 01:15:46.647, 21096, 100
2026/08/05 01:15:47.647, 21096, 100
2026/08/05 01:15:48.647, 21096, 100
2026/08/05 01:15:49.647, 21096, 100
2026/08/05 01:15:50.648, 21096, 100
2026/08/05 01:15:51.648, 21096, 100
2026/08/05 01:15:52.648, 21096, 100
2026/08/05 01:15:53.648, 21096, 100
2026/08/05 01:15:54.649, 21096, 85
2026/08/05 01:15:55.649, 21096, 100
2026/08/05 01:15:56.649, 21096, 100
2026/08/05 01:15:57.649, 21096, 100
2026/08/05 01:15:58.649, 21096, 100
2026/08/05 01:15:59.650, 21096, 100
2026/08/05 01:16:00.650, 21096, 100
2026/08/05 01:16:01.650, 21096, 100
2026/08/05 01:16:02.650, 21096, 100
2026/08/05 01:16:03.650, 21096, 98
2026/08/05 01:16:04.651, 21096, 100
2026/08/05 01:16:05.651, 21096, 95
2026/08/05 01:16:06.651, 21096, 100
2026/08/05 01:16:07.651, 21096, 92
2026/08/05 01:16:08.652, 21096, 100
2026/08/05 01:16:09.652, 21096, 100
2026/08/05 01:16:10.652, 21096, 100
2026/08/05 01:16:11.652, 21096, 100
2026/08/05 01:16:12.653, 21096, 100
2026/08/05 01:16:13.653, 21096, 100
2026/08/05 01:16:14.653, 21096, 100
2026/08/05 01:16:15.653, 21096, 85
2026/08/05 01:16:16.654, 21096, 100
2026/08/05 01:16:17.654, 21096, 100
2026/08/05 01:16:18.654, 21096, 100
2026/08/05 01:16:19.654, 21096, 100
2026/08/05 01:16:20.654, 21096, 100
2026/08/05 01:16:21.655, 21096, 100
2026/08/05 01:16:22.655, 21096, 100
2026/08/05 01:16:23.655, 21096, 65
2026/08/05 01:16:24.655, 21096, 100
2026/08/05 01:16:25.655, 21096, 100
2026/08/05 01:16:26.656, 21096, 84
2026/08/05 01:16:27.656, 21096, 100
2026/08/05 01:16:28.656, 21096, 100
2026/08/05 01:16:29.656, 21096, 100
2026/08/05 01:16:30.657, 21096, 100
2026/08/05 01:16:31.657, 21096, 100
2026/08/05 01:16:32.657, 21096, 99
2026/08/05 01:16:33.657, 21096, 71
2026/08/05 01:16:34.657, 21096, 100
2026/08/05 01:16:35.658, 21096, 100
2026/08/05 01:16:36.658, 21096, 100
2026/08/05 01:16:37.658, 21096, 100
2026/08/05 01:16:38.658, 21096, 100
2026/08/05 01:16:39.658, 21096, 100
2026/08/05 01:16:40.659, 21096, 100
2026/08/05 01:16:41.659, 21096, 100
2026/08/05 01:16:42.659, 21096, 100
2026/08/05 01:16:43.660, 21096, 100
2026/08/05 01:16:44.660, 21096, 100
2026/08/05 01:16:45.660, 21096, 85
2026/08/05 01:16:46.660, 21096, 100
2026/08/05 01:16:47.660, 21096, 100
2026/08/05 01:16:48.661, 21096, 58
2026/08/05 01:16:49.661, 21096, 100
2026/08/05 01:16:50.661, 21096, 100
2026/08/05 01:16:51.661, 21096, 100
2026/08/05 01:16:52.661, 21096, 100
2026/08/05 01:16:53.662, 21096, 100
2026/08/05 01:16:54.662, 21096, 84
2026/08/05 01:16:55.662, 21096, 100
2026/08/05 01:16:56.662, 21096, 100
2026/08/05 01:16:57.663, 21096, 100
2026/08/05 01:16:58.663, 21096, 100
2026/08/05 01:16:59.663, 21096, 100
2026/08/05 01:17:00.663, 21096, 100
2026/08/05 01:17:01.664, 21096, 100
2026/08/05 01:17:02.664, 21096, 100
2026/08/05 01:17:03.664, 21096, 100
2026/08/05 01:17:04.664, 21096, 100
2026/08/05 01:17:05.665, 21096, 100
2026/08/05 01:17:06.665, 21096, 100
2026/08/05 01:17:07.665, 21096, 100
2026/08/05 01:17:08.665, 21096, 100
2026/08/05 01:17:09.666, 21096, 100
2026/08/05 01:17:10.666, 21096, 100
2026/08/05 01:17:11.666, 21096, 100
2026/08/05 01:17:12.666, 21096, 84
2026/08/05 01:17:13.667, 21096, 100
2026/08/05 01:17:14.667, 21096, 100
2026/08/05 01:17:15.668, 21096, 100
2026/08/05 01:17:16.668, 21096, 100
2026/08/05 01:17:17.668, 21096, 100
2026/08/05 01:17:18.668, 21096, 84
2026/08/05 01:17:19.669, 21096, 100
2026/08/05 01:17:20.669, 21096, 100
2026/08/05 01:17:21.669, 21096, 100
2026/08/05 01:17:22.669, 21096, 100
2026/08/05 01:17:23.670, 21096, 100
2026/08/05 01:17:24.670, 21096, 100
2026/08/05 01:17:25.670, 21096, 100
2026/08/05 01:17:26.670, 21096, 100
2026/08/05 01:17:27.671, 21096, 100
2026/08/05 01:17:28.671, 21096, 100
2026/08/05 01:17:29.671, 21096, 100
2026/08/05 01:17:30.671, 21096, 100
2026/08/05 01:17:31.672, 21096, 100
2026/08/05 01:17:32.672, 21096, 100
2026/08/05 01:17:33.672, 21096, 100
2026/08/05 01:17:34.672, 21096, 100
2026/08/05 01:17:35.672, 21096, 100
2026/08/05 01:17:36.673, 21096, 100
2026/08/05 01:17:37.673, 21096, 100
2026/08/05 01:17:38.673, 21096, 100
2026/08/05 01:17:39.673, 21096, 100
2026/08/05 01:17:40.673, 21096, 85
2026/08/05 01:17:41.674, 21096, 100
2026/08/05 01:17:42.674, 21096, 100
2026/08/05 01:17:43.674, 21096, 100
2026/08/05 01:17:44.675, 21096, 100
2026/08/05 01:17:45.675, 21096, 100
2026/08/05 01:17:46.675, 21096, 100
2026/08/05 01:17:47.675, 21096, 58
2026/08/05 01:17:48.676, 21096, 100
2026/08/05 01:17:49.676, 21096, 100
2026/08/05 01:17:50.676, 21096, 100
2026/08/05 01:17:51.676, 21096, 100
2026/08/05 01:17:52.677, 21096, 100
2026/08/05 01:17:53.677, 21096, 100
2026/08/05 01:17:54.677, 21096, 100
2026/08/05 01:17:55.678, 21096, 100
2026/08/05 01:17:56.678, 21096, 100
2026/08/05 01:17:57.678, 21096, 100
2026/08/05 01:17:58.679, 21096, 100
2026/08/05 01:17:59.679, 21096, 100
2026/08/05 01:18:00.679, 21096, 100
2026/08/05 01:18:01.679, 21096, 100
2026/08/05 01:18:02.680, 21096, 94
2026/08/05 01:18:03.680, 21096, 100
2026/08/05 01:18:04.680, 21096, 100
2026/08/05 01:18:05.680, 21096, 100
2026/08/05 01:18:06.681, 21096, 100
2026/08/05 01:18:07.681, 21096, 86
2026/08/05 01:18:08.682, 21096, 100
2026/08/05 01:18:09.682, 21096, 100
2026/08/05 01:18:10.682, 21096, 66
2026/08/05 01:18:11.682, 21096, 100
2026/08/05 01:18:12.683, 21096, 100
2026/08/05 01:18:13.683, 21096, 100
2026/08/05 01:18:14.683, 21096, 100
2026/08/05 01:18:15.683, 21096, 100
2026/08/05 01:18:16.684, 21096, 61
2026/08/05 01:18:17.684, 21096, 100
2026/08/05 01:18:18.684, 21096, 100
2026/08/05 01:18:19.684, 21096, 100
2026/08/05 01:18:20.685, 21096, 100
2026/08/05 01:18:21.685, 21096, 100
2026/08/05 01:18:22.685, 21096, 100
2026/08/05 01:18:23.685, 21096, 100
2026/08/05 01:18:24.685, 21096, 100
2026/08/05 01:18:25.685, 21096, 100
2026/08/05 01:18:26.686, 21096, 100
2026/08/05 01:18:27.686, 21096, 100
2026/08/05 01:18:28.686, 21096, 100
2026/08/05 01:18:29.686, 21096, 100
2026/08/05 01:18:30.686, 21096, 100
2026/08/05 01:18:31.687, 21096, 100
2026/08/05 01:18:32.687, 21096, 100
2026/08/05 01:18:33.687, 21096, 84
2026/08/05 01:18:34.687, 21096, 100
2026/08/05 01:18:35.688, 21096, 87
2026/08/05 01:18:36.688, 21096, 100
2026/08/05 01:18:37.688, 21096, 100
2026/08/05 01:18:38.688, 21096, 100
2026/08/05 01:18:39.688, 21096, 100
2026/08/05 01:18:40.689, 21096, 100
2026/08/05 01:18:41.689, 21096, 84
2026/08/05 01:18:42.689, 21096, 100
2026/08/05 01:18:43.689, 21096, 100
2026/08/05 01:18:44.690, 21096, 100
2026/08/05 01:18:45.690, 21096, 85
2026/08/05 01:18:46.690, 21096, 84
2026/08/05 01:18:47.690, 21096, 100
2026/08/05 01:18:48.691, 21096, 100
2026/08/05 01:18:49.691, 21096, 100
2026/08/05 01:18:50.691, 21096, 100
2026/08/05 01:18:51.691, 21096, 100
2026/08/05 01:18:52.692, 21096, 100
2026/08/05 01:18:53.692, 21096, 100
2026/08/05 01:18:54.692, 21096, 100
2026/08/05 01:18:55.692, 21096, 100
2026/08/05 01:18:56.693, 21096, 100
2026/08/05 01:18:57.693, 21096, 100
2026/08/05 01:18:58.693, 21096, 65
2026/08/05 01:18:59.693, 21096, 100
2026/08/05 01:19:00.693, 21096, 100
2026/08/05 01:19:01.694, 21096, 100
2026/08/05 01:19:02.694, 21096, 100
2026/08/05 01:19:03.694, 21096, 100
2026/08/05 01:19:04.694, 21096, 100
2026/08/05 01:19:05.695, 21096, 100
2026/08/05 01:19:06.695, 21096, 100
2026/08/05 01:19:07.695, 21096, 100
2026/08/05 01:19:08.695, 21096, 100
2026/08/05 01:19:09.696, 21096, 100
2026/08/05 01:19:10.696, 21096, 100
2026/08/05 01:19:11.696, 21096, 84
2026/08/05 01:19:12.696, 21096, 67
2026/08/05 01:19:13.696, 21096, 100
2026/08/05 01:19:14.697, 21096, 84
2026/08/05 01:19:15.697, 21096, 100
2026/08/05 01:19:16.697, 21096, 100
2026/08/05 01:19:17.697, 21096, 100
2026/08/05 01:19:18.697, 21096, 100
2026/08/05 01:19:19.697, 21096, 100
2026/08/05 01:19:20.698, 21096, 100
2026/08/05 01:19:21.698, 21096, 100
2026/08/05 01:19:22.698, 21096, 82
2026/08/05 01:19:23.698, 21096, 100
2026/08/05 01:19:24.698, 21096, 100
2026/08/05 01:19:25.699, 21096, 100
2026/08/05 01:19:26.699, 21096, 100
2026/08/05 01:19:27.699, 21096, 100
2026/08/05 01:19:28.699, 21096, 93
2026/08/05 01:19:29.700, 21096, 100
2026/08/05 01:19:30.700, 21096, 100
2026/08/05 01:19:31.700, 21096, 100
2026/08/05 01:19:32.700, 21096, 100
2026/08/05 01:19:33.701, 21096, 100
2026/08/05 01:19:34.701, 21096, 100
2026/08/05 01:19:35.701, 21096, 81
2026/08/05 01:19:36.701, 21096, 100
2026/08/05 01:19:37.701, 21096, 100
2026/08/05 01:19:38.702, 21096, 83
2026/08/05 01:19:39.702, 21096, 100
2026/08/05 01:19:40.702, 21096, 100
2026/08/05 01:19:41.702, 21096, 100
2026/08/05 01:19:42.703, 21096, 67
2026/08/05 01:19:43.703, 21096, 100
2026/08/05 01:19:44.703, 21096, 100
2026/08/05 01:19:45.703, 21096, 100
2026/08/05 01:19:46.704, 21096, 100
2026/08/05 01:19:47.704, 21096, 100
2026/08/05 01:19:48.704, 21096, 100
2026/08/05 01:19:49.704, 21096, 100
2026/08/05 01:19:50.704, 21096, 100
2026/08/05 01:19:51.705, 21096, 100
2026/08/05 01:19:52.705, 21096, 100
2026/08/05 01:19:53.705, 21096, 100
2026/08/05 01:19:54.706, 21096, 100
2026/08/05 01:19:55.706, 21096, 100
2026/08/05 01:19:56.706, 21096, 100
2026/08/05 01:19:57.706, 21096, 100
2026/08/05 01:19:58.706, 21096, 100
2026/08/05 01:19:59.706, 21096, 100
2026/08/05 01:20:00.707, 21096, 100
2026/08/05 01:20:01.707, 21096, 100
2026/08/05 01:20:02.707, 21096, 100
2026/08/05 01:20:03.707, 21096, 100
2026/08/05 01:20:04.708, 21096, 100
2026/08/05 01:20:05.708, 21096, 100
2026/08/05 01:20:06.708, 21096, 84
2026/08/05 01:20:07.709, 21096, 100
2026/08/05 01:20:08.709, 21096, 100
2026/08/05 01:20:09.709, 21096, 81
2026/08/05 01:20:10.709, 21096, 85
2026/08/05 01:20:11.710, 21096, 100
2026/08/05 01:20:12.710, 21096, 100
2026/08/05 01:20:13.710, 21096, 100
2026/08/05 01:20:14.710, 21096, 100
2026/08/05 01:20:15.711, 21096, 100
2026/08/05 01:20:16.711, 21096, 100
2026/08/05 01:20:17.712, 21096, 100
2026/08/05 01:20:18.712, 21096, 100
2026/08/05 01:20:19.712, 21096, 100
2026/08/05 01:20:20.712, 21096, 100
2026/08/05 01:20:21.712, 21096, 100
2026/08/05 01:20:22.713, 21096, 100
2026/08/05 01:20:23.713, 21096, 100
2026/08/05 01:20:24.713, 21096, 100
2026/08/05 01:20:25.713, 21096, 100
2026/08/05 01:20:26.714, 21096, 100
2026/08/05 01:20:27.714, 21096, 100
2026/08/05 01:20:28.714, 21096, 84
2026/08/05 01:20:29.714, 21096, 82
2026/08/05 01:20:30.715, 21096, 84
2026/08/05 01:20:31.715, 21096, 100
2026/08/05 01:20:32.715, 21096, 100
2026/08/05 01:20:33.716, 21096, 100
2026/08/05 01:20:34.716, 21096, 58
2026/08/05 01:20:35.716, 21096, 100
2026/08/05 01:20:36.716, 21096, 100
2026/08/05 01:20:37.717, 21096, 100
2026/08/05 01:20:38.717, 21096, 100
2026/08/05 01:20:39.717, 21096, 100
2026/08/05 01:20:40.717, 21096, 100
2026/08/05 01:20:41.718, 21096, 100
2026/08/05 01:20:42.718, 21096, 100
2026/08/05 01:20:43.718, 21096, 100
2026/08/05 01:20:44.718, 21096, 100
2026/08/05 01:20:45.718, 21096, 91
2026/08/05 01:20:46.719, 21096, 100
2026/08/05 01:20:47.719, 21096, 100
2026/08/05 01:20:48.719, 21096, 100
2026/08/05 01:20:49.719, 21096, 100
2026/08/05 01:20:50.719, 21096, 100
2026/08/05 01:20:51.719, 21096, 64
2026/08/05 01:20:52.720, 21096, 100
2026/08/05 01:20:53.720, 21096, 84
2026/08/05 01:20:54.720, 21096, 99
2026/08/05 01:20:55.721, 21096, 100
2026/08/05 01:20:56.721, 21096, 100
2026/08/05 01:20:57.721, 21096, 100
2026/08/05 01:20:58.721, 21096, 100
2026/08/05 01:20:59.722, 21096, 100
2026/08/05 01:21:00.722, 21096, 100
2026/08/05 01:21:01.722, 21096, 100
2026/08/05 01:21:02.722, 21096, 100
2026/08/05 01:21:03.722, 21096, 100
2026/08/05 01:21:04.723, 21096, 100
2026/08/05 01:21:05.723, 21096, 100
2026/08/05 01:21:06.723, 21096, 100
2026/08/05 01:21:07.723, 21096, 100
2026/08/05 01:21:08.724, 21096, 85
2026/08/05 01:21:09.724, 21096, 100
2026/08/05 01:21:10.725, 21096, 100
2026/08/05 01:21:11.725, 21096, 100
2026/08/05 01:21:12.725, 21096, 100
2026/08/05 01:21:13.725, 21096, 100
2026/08/05 01:21:14.725, 21096, 100
2026/08/05 01:21:15.726, 21096, 100
2026/08/05 01:21:16.726, 21096, 100
2026/08/05 01:21:17.726, 21096, 100
2026/08/05 01:21:18.726, 21096, 100
2026/08/05 01:21:19.726, 21096, 100
2026/08/05 01:21:20.727, 21096, 100
2026/08/05 01:21:21.727, 21096, 100
2026/08/05 01:21:22.727, 21096, 100
2026/08/05 01:21:23.727, 21096, 100
2026/08/05 01:21:24.727, 21096, 100
2026/08/05 01:21:25.727, 21096, 100
2026/08/05 01:21:26.728, 21096, 62
2026/08/05 01:21:27.728, 21096, 100
2026/08/05 01:21:28.728, 21096, 84
2026/08/05 01:21:29.728, 21096, 100
2026/08/05 01:21:30.728, 21096, 100
2026/08/05 01:21:31.729, 21096, 100
2026/08/05 01:21:32.729, 21096, 100
2026/08/05 01:21:33.729, 21096, 100
2026/08/05 01:21:34.729, 21096, 100
2026/08/05 01:21:35.729, 21096, 100
2026/08/05 01:21:36.730, 21096, 100
2026/08/05 01:21:37.730, 21096, 100
2026/08/05 01:21:38.730, 21096, 100
2026/08/05 01:21:39.730, 21096, 100
2026/08/05 01:21:40.730, 21096, 100
2026/08/05 01:21:41.730, 21096, 66
2026/08/05 01:21:42.731, 21096, 100
2026/08/05 01:21:43.731, 21096, 100
2026/08/05 01:21:44.731, 21096, 100
2026/08/05 01:21:45.731, 21096, 100
2026/08/05 01:21:46.731, 21096, 100
2026/08/05 01:21:47.732, 21096, 100
2026/08/05 01:21:48.732, 21096, 100
2026/08/05 01:21:49.732, 21096, 100
2026/08/05 01:21:50.732, 21096, 100
2026/08/05 01:21:51.732, 21096, 100
2026/08/05 01:21:52.733, 21096, 100
2026/08/05 01:21:53.733, 21096, 100
2026/08/05 01:21:54.733, 21096, 100
2026/08/05 01:21:55.733, 21096, 100
2026/08/05 01:21:56.733, 21096, 100
2026/08/05 01:21:57.734, 21096, 100
2026/08/05 01:21:58.734, 21096, 100
2026/08/05 01:21:59.734, 21096, 100
2026/08/05 01:22:00.734, 21096, 68
2026/08/05 01:22:01.734, 21096, 100
2026/08/05 01:22:02.735, 21096, 100
2026/08/05 01:22:03.735, 21096, 78
2026/08/05 01:22:04.735, 21096, 100
2026/08/05 01:22:05.735, 21096, 100
2026/08/05 01:22:06.735, 21096, 100
2026/08/05 01:22:07.736, 21096, 100
2026/08/05 01:22:08.736, 21096, 100
2026/08/05 01:22:09.736, 21096, 100
2026/08/05 01:22:10.736, 21096, 83
2026/08/05 01:22:11.737, 21096, 100
2026/08/05 01:22:12.737, 21096, 100
2026/08/05 01:22:13.737, 21096, 81
2026/08/05 01:22:14.737, 21096, 84
2026/08/05 01:22:15.737, 21096, 100
2026/08/05 01:22:16.737, 21096, 100
2026/08/05 01:22:17.738, 21096, 98
2026/08/05 01:22:18.738, 21096, 100
2026/08/05 01:22:19.738, 21096, 100
2026/08/05 01:22:20.739, 21096, 100
2026/08/05 01:22:21.739, 21096, 93
2026/08/05 01:22:22.739, 21096, 100
2026/08/05 01:22:23.739, 21096, 98
2026/08/05 01:22:24.740, 21096, 100
2026/08/05 01:22:25.740, 21096, 100
2026/08/05 01:22:26.740, 21096, 85
2026/08/05 01:22:27.740, 21096, 100
2026/08/05 01:22:28.740, 21096, 100
2026/08/05 01:22:29.741, 21096, 100
2026/08/05 01:22:30.741, 21096, 100
2026/08/05 01:22:31.741, 21096, 100
2026/08/05 01:22:32.741, 21096, 100
2026/08/05 01:22:33.741, 21096, 100
2026/08/05 01:22:34.742, 21096, 100
2026/08/05 01:22:35.742, 21096, 100
2026/08/05 01:22:36.742, 21096, 100
2026/08/05 01:22:37.742, 21096, 100
2026/08/05 01:22:38.742, 21096, 100
2026/08/05 01:22:39.742, 21096, 100
2026/08/05 01:22:40.743, 21096, 100
2026/08/05 01:22:41.743, 21096, 100
2026/08/05 01:22:42.743, 21096, 100
2026/08/05 01:22:43.743, 21096, 100
2026/08/05 01:22:44.743, 21096, 100
2026/08/05 01:22:45.744, 21096, 100
2026/08/05 01:22:46.744, 21096, 100
2026/08/05 01:22:47.744, 21096, 100
2026/08/05 01:22:48.745, 21096, 89
2026/08/05 01:22:49.745, 21096, 100
2026/08/05 01:22:50.745, 21096, 100
2026/08/05 01:22:51.745, 21096, 100
2026/08/05 01:22:52.745, 21096, 100
2026/08/05 01:22:53.746, 21096, 100
2026/08/05 01:22:54.746, 21096, 100
2026/08/05 01:22:55.746, 21096, 85
2026/08/05 01:22:56.747, 21096, 100
2026/08/05 01:22:57.747, 21096, 92
2026/08/05 01:22:58.747, 21096, 100
2026/08/05 01:22:59.748, 21096, 100
2026/08/05 01:23:00.748, 21096, 100
2026/08/05 01:23:01.748, 21096, 100
2026/08/05 01:23:02.749, 21096, 100
2026/08/05 01:23:03.749, 21096, 100
2026/08/05 01:23:04.749, 21096, 100
2026/08/05 01:23:05.749, 21096, 100
2026/08/05 01:23:06.750, 21096, 100
2026/08/05 01:23:07.750, 21096, 100
2026/08/05 01:23:08.750, 21096, 100
2026/08/05 01:23:09.750, 21096, 100
2026/08/05 01:23:10.751, 21096, 61
2026/08/05 01:23:11.751, 21096, 100
2026/08/05 01:23:12.752, 21096, 100
2026/08/05 01:23:13.752, 21096, 100
2026/08/05 01:23:14.752, 21096, 100
2026/08/05 01:23:15.752, 21096, 100
2026/08/05 01:23:16.753, 21096, 84
2026/08/05 01:23:17.753, 21096, 84
2026/08/05 01:23:18.753, 21096, 93
2026/08/05 01:23:19.753, 21096, 99
2026/08/05 01:23:20.754, 21096, 100
2026/08/05 01:23:21.754, 21096, 97
2026/08/05 01:23:22.754, 21096, 100
2026/08/05 01:23:23.754, 21096, 86
2026/08/05 01:23:24.755, 21096, 100
2026/08/05 01:23:25.755, 21096, 93
2026/08/05 01:23:26.755, 21096, 100
2026/08/05 01:23:27.756, 21096, 100
2026/08/05 01:23:28.760, 21096, 100
2026/08/05 01:23:29.765, 21096, 100
2026/08/05 01:23:30.771, 21096, 100
2026/08/05 01:23:31.776, 21096, 100
2026/08/05 01:23:32.781, 21096, 100
2026/08/05 01:23:33.785, 21096, 100
2026/08/05 01:23:34.789, 21096, 100
2026/08/05 01:23:35.794, 21096, 100
2026/08/05 01:23:36.798, 21096, 84
2026/08/05 01:23:37.802, 21096, 100
2026/08/05 01:23:38.807, 21096, 70
2026/08/05 01:23:39.811, 21096, 100
2026/08/05 01:23:40.816, 21096, 100
2026/08/05 01:23:41.820, 21096, 100
2026/08/05 01:23:42.824, 21096, 89
2026/08/05 01:23:43.827, 21096, 100
2026/08/05 01:23:44.831, 21096, 95
2026/08/05 01:23:45.835, 21096, 100
2026/08/05 01:23:46.838, 21096, 100
2026/08/05 01:23:47.841, 21096, 100
2026/08/05 01:23:48.844, 21096, 100
2026/08/05 01:23:49.848, 21096, 78
2026/08/05 01:23:50.852, 21096, 100
2026/08/05 01:23:51.854, 21096, 100
2026/08/05 01:23:52.857, 21096, 100
2026/08/05 01:23:53.859, 21096, 100
2026/08/05 01:23:54.862, 21096, 100
2026/08/05 01:23:55.864, 21096, 100
2026/08/05 01:23:56.867, 21096, 100
2026/08/05 01:23:57.869, 21096, 100
2026/08/05 01:23:58.872, 21096, 100
2026/08/05 01:23:59.874, 21096, 100
2026/08/05 01:24:00.876, 21096, 100
2026/08/05 01:24:01.879, 21096, 99
2026/08/05 01:24:02.881, 21096, 100
2026/08/05 01:24:03.884, 21096, 100
2026/08/05 01:24:04.886, 21096, 100
2026/08/05 01:24:05.888, 21096, 85
2026/08/05 01:24:06.890, 21096, 100
2026/08/05 01:24:07.892, 21096, 100
2026/08/05 01:24:08.895, 21096, 100
2026/08/05 01:24:09.896, 21096, 100
2026/08/05 01:24:10.899, 21096, 100
2026/08/05 01:24:11.901, 21096, 100
2026/08/05 01:24:12.903, 21096, 100
2026/08/05 01:24:13.905, 21096, 100
2026/08/05 01:24:14.906, 21096, 100
2026/08/05 01:24:15.908, 21096, 89
2026/08/05 01:24:16.909, 21096, 98
2026/08/05 01:24:17.911, 21096, 100
2026/08/05 01:24:18.912, 21096, 100
2026/08/05 01:24:19.913, 21096, 100
2026/08/05 01:24:20.915, 21096, 100
2026/08/05 01:24:21.916, 21096, 100
2026/08/05 01:24:22.917, 21096, 100
2026/08/05 01:24:23.919, 21096, 100
2026/08/05 01:24:24.920, 21096, 76
2026/08/05 01:24:25.922, 21096, 85
2026/08/05 01:24:26.925, 21096, 100
2026/08/05 01:24:27.927, 21096, 100
2026/08/05 01:24:28.928, 21096, 100
2026/08/05 01:24:29.929, 21096, 100
2026/08/05 01:24:30.931, 21096, 100
2026/08/05 01:24:31.932, 21096, 84
2026/08/05 01:24:32.933, 21096, 100
2026/08/05 01:24:33.935, 21096, 100
2026/08/05 01:24:34.936, 21096, 86
2026/08/05 01:24:35.937, 21096, 85
2026/08/05 01:24:36.938, 21096, 100
2026/08/05 01:24:37.940, 21096, 83
2026/08/05 01:24:38.941, 21096, 100
2026/08/05 01:24:39.943, 21096, 100
2026/08/05 01:24:40.945, 21096, 100
2026/08/05 01:24:41.946, 21096, 100
2026/08/05 01:24:42.948, 21096, 100
2026/08/05 01:24:43.949, 21096, 100
2026/08/05 01:24:44.950, 21096, 100
2026/08/05 01:24:45.951, 21096, 100
2026/08/05 01:24:46.953, 21096, 100
2026/08/05 01:24:47.955, 21096, 100
2026/08/05 01:24:48.956, 21096, 64
2026/08/05 01:24:49.957, 21096, 100
2026/08/05 01:24:50.958, 21096, 100
2026/08/05 01:24:51.960, 21096, 100
2026/08/05 01:24:52.961, 21096, 100
2026/08/05 01:24:53.963, 21096, 100
2026/08/05 01:24:54.964, 21096, 100
2026/08/05 01:24:55.966, 21096, 100
2026/08/05 01:24:56.967, 21096, 100
2026/08/05 01:24:57.968, 21096, 100
2026/08/05 01:24:58.970, 21096, 100
2026/08/05 01:24:59.971, 21096, 84
2026/08/05 01:25:00.973, 21096, 100
2026/08/05 01:25:01.974, 21096, 100
2026/08/05 01:25:02.975, 21096, 100
2026/08/05 01:25:03.977, 21096, 100
2026/08/05 01:25:04.978, 21096, 100
2026/08/05 01:25:05.980, 21096, 100
2026/08/05 01:25:06.981, 21096, 48
2026/08/05 01:25:07.982, 21096, 100
2026/08/05 01:25:08.984, 21096, 100
2026/08/05 01:25:09.985, 21096, 100
2026/08/05 01:25:10.986, 21096, 100
2026/08/05 01:25:11.988, 21096, 100
2026/08/05 01:25:12.988, 21096, 100
2026/08/05 01:25:13.990, 21096, 100
2026/08/05 01:25:14.991, 21096, 100
2026/08/05 01:25:15.992, 21096, 100
2026/08/05 01:25:16.993, 21096, 100
2026/08/05 01:25:17.994, 21096, 87
2026/08/05 01:25:18.996, 21096, 100
2026/08/05 01:25:19.997, 21096, 100
2026/08/05 01:25:20.999, 21096, 100
2026/08/05 01:25:22.000, 21096, 100
2026/08/05 01:25:23.001, 21096, 100
2026/08/05 01:25:24.002, 21096, 69
2026/08/05 01:25:25.004, 21096, 100
2026/08/05 01:25:26.005, 21096, 100
2026/08/05 01:25:27.007, 21096, 100
2026/08/05 01:25:28.008, 21096, 100
2026/08/05 01:25:29.009, 21096, 100
2026/08/05 01:25:30.010, 21096, 80
2026/08/05 01:25:31.012, 21096, 100
2026/08/05 01:25:32.013, 21096, 100
2026/08/05 01:25:33.015, 21096, 100
2026/08/05 01:25:34.016, 21096, 100
2026/08/05 01:25:35.017, 21096, 100
2026/08/05 01:25:36.019, 21096, 100
2026/08/05 01:25:37.021, 21096, 100
2026/08/05 01:25:38.051, 21096, 84
2026/08/05 01:25:39.078, 21096, 100
2026/08/05 01:25:40.102, 21096, 100
2026/08/05 01:25:41.123, 21096, 63
2026/08/05 01:25:42.140, 21096, 100
2026/08/05 01:25:43.156, 21096, 100
2026/08/05 01:25:44.170, 21096, 100
2026/08/05 01:25:45.184, 21096, 100
2026/08/05 01:25:46.195, 21096, 100
2026/08/05 01:25:47.206, 21096, 100
2026/08/05 01:25:48.214, 21096, 100
2026/08/05 01:25:49.222, 21096, 100
2026/08/05 01:25:50.229, 21096, 100
2026/08/05 01:25:51.236, 21096, 100
2026/08/05 01:25:52.241, 21096, 100
2026/08/05 01:25:53.246, 21096, 100
2026/08/05 01:25:54.251, 21096, 100
2026/08/05 01:25:55.255, 21096, 100
2026/08/05 01:25:56.259, 21096, 100
2026/08/05 01:25:57.263, 21096, 100
2026/08/05 01:25:58.266, 21096, 100
2026/08/05 01:25:59.268, 21096, 100
2026/08/05 01:26:00.271, 21096, 100
2026/08/05 01:26:01.273, 21096, 100
2026/08/05 01:26:02.275, 21096, 100
2026/08/05 01:26:03.278, 21096, 100
2026/08/05 01:26:04.280, 21096, 100
2026/08/05 01:26:05.282, 21096, 100
2026/08/05 01:26:06.283, 21096, 100
2026/08/05 01:26:07.285, 21096, 100
2026/08/05 01:26:08.287, 21096, 85
2026/08/05 01:26:09.287, 21096, 82
2026/08/05 01:26:10.287, 21096, 100
2026/08/05 01:26:11.287, 21096, 100
2026/08/05 01:26:12.288, 21096, 100
2026/08/05 01:26:13.288, 21096, 100
2026/08/05 01:26:14.288, 21096, 85
2026/08/05 01:26:15.288, 21096, 100
2026/08/05 01:26:16.289, 21096, 100
2026/08/05 01:26:17.289, 21096, 100
2026/08/05 01:26:18.289, 21096, 100
2026/08/05 01:26:19.289, 21096, 85
2026/08/05 01:26:20.289, 21096, 100
2026/08/05 01:26:21.290, 21096, 100
2026/08/05 01:26:22.290, 21096, 100
2026/08/05 01:26:23.290, 21096, 100
2026/08/05 01:26:24.290, 21096, 100
2026/08/05 01:26:25.290, 21096, 100
2026/08/05 01:26:26.291, 21096, 100
2026/08/05 01:26:27.291, 21096, 84
2026/08/05 01:26:28.291, 21096, 100
2026/08/05 01:26:29.291, 21096, 100
2026/08/05 01:26:30.291, 21096, 100
2026/08/05 01:26:31.292, 21096, 100
2026/08/05 01:26:32.292, 21096, 100
2026/08/05 01:26:33.292, 21096, 100
2026/08/05 01:26:34.293, 21096, 100
2026/08/05 01:26:35.293, 21096, 100
2026/08/05 01:26:36.293, 21096, 65
2026/08/05 01:26:37.293, 21096, 100
2026/08/05 01:26:38.294, 21096, 100
2026/08/05 01:26:39.294, 21096, 100
2026/08/05 01:26:40.294, 21096, 100
2026/08/05 01:26:41.295, 21096, 100
2026/08/05 01:26:42.298, 21096, 100
2026/08/05 01:26:43.307, 21096, 100
2026/08/05 01:26:44.316, 21096, 100
2026/08/05 01:26:45.324, 21096, 100
2026/08/05 01:26:46.330, 21096, 100
2026/08/05 01:26:47.336, 21096, 100
2026/08/05 01:26:48.342, 21096, 83
2026/08/05 01:26:49.346, 21096, 100
2026/08/05 01:26:50.351, 21096, 100
2026/08/05 01:26:51.355, 21096, 100
2026/08/05 01:26:52.359, 21096, 100
2026/08/05 01:26:53.361, 21096, 87
2026/08/05 01:26:54.364, 21096, 99
2026/08/05 01:26:55.368, 21096, 100
2026/08/05 01:26:56.371, 21096, 100
2026/08/05 01:26:57.373, 21096, 100
2026/08/05 01:26:58.375, 21096, 100
2026/08/05 01:26:59.377, 21096, 100
2026/08/05 01:27:00.378, 21096, 100
2026/08/05 01:27:01.380, 21096, 84
2026/08/05 01:27:02.382, 21096, 100
2026/08/05 01:27:03.383, 21096, 100
2026/08/05 01:27:04.385, 21096, 100
2026/08/05 01:27:05.386, 21096, 100
2026/08/05 01:27:06.388, 21096, 100
2026/08/05 01:27:07.389, 21096, 100
2026/08/05 01:27:08.390, 21096, 100
2026/08/05 01:27:09.391, 21096, 100
2026/08/05 01:27:10.393, 21096, 100
2026/08/05 01:27:11.394, 21096, 83
2026/08/05 01:27:12.395, 21096, 100
2026/08/05 01:27:13.397, 21096, 100
2026/08/05 01:27:14.397, 21096, 100
2026/08/05 01:27:15.397, 21096, 100
2026/08/05 01:27:16.397, 21096, 100
2026/08/05 01:27:17.397, 21096, 100
2026/08/05 01:27:18.398, 21096, 100
2026/08/05 01:27:19.398, 21096, 100
2026/08/05 01:27:20.398, 21096, 100
2026/08/05 01:27:21.398, 21096, 100
2026/08/05 01:27:22.399, 21096, 100
2026/08/05 01:27:23.399, 21096, 100
2026/08/05 01:27:24.399, 21096, 100
2026/08/05 01:27:25.400, 21096, 100
2026/08/05 01:27:26.400, 21096, 100
2026/08/05 01:27:27.401, 21096, 100
2026/08/05 01:27:28.401, 21096, 100
2026/08/05 01:27:29.401, 21096, 100
2026/08/05 01:27:30.401, 21096, 100
2026/08/05 01:27:31.401, 21096, 100
2026/08/05 01:27:32.402, 21096, 100
2026/08/05 01:27:33.402, 21096, 100
2026/08/05 01:27:34.402, 21096, 100
2026/08/05 01:27:35.402, 21096, 100
2026/08/05 01:27:36.403, 21096, 100
2026/08/05 01:27:37.403, 21096, 100
2026/08/05 01:27:38.403, 21096, 100
2026/08/05 01:27:39.404, 21096, 100
2026/08/05 01:27:40.404, 21096, 100
2026/08/05 01:27:41.404, 21096, 83
2026/08/05 01:27:42.405, 21096, 84
2026/08/05 01:27:43.405, 21096, 100
2026/08/05 01:27:44.405, 21096, 100
2026/08/05 01:27:45.405, 21096, 100
2026/08/05 01:27:46.405, 21096, 100
2026/08/05 01:27:47.406, 21096, 100
2026/08/05 01:27:48.406, 21096, 100
2026/08/05 01:27:49.406, 21096, 84
2026/08/05 01:27:50.406, 21096, 100
2026/08/05 01:27:51.406, 21096, 100
2026/08/05 01:27:52.407, 21096, 100
2026/08/05 01:27:53.407, 21096, 83
2026/08/05 01:27:54.407, 21096, 64
2026/08/05 01:27:55.408, 21096, 100
2026/08/05 01:27:56.408, 21096, 100
2026/08/05 01:27:57.408, 21096, 100
2026/08/05 01:27:58.409, 21096, 100
2026/08/05 01:27:59.409, 21096, 100
2026/08/05 01:28:00.409, 21096, 83
2026/08/05 01:28:01.409, 21096, 100
2026/08/05 01:28:02.409, 21096, 85
2026/08/05 01:28:03.410, 21096, 100
2026/08/05 01:28:04.410, 21096, 100
2026/08/05 01:28:05.410, 21096, 100
2026/08/05 01:28:06.410, 21096, 100
2026/08/05 01:28:07.411, 21096, 100
2026/08/05 01:28:08.411, 21096, 100
2026/08/05 01:28:09.411, 21096, 100
2026/08/05 01:28:10.411, 21096, 100
2026/08/05 01:28:11.412, 21096, 100
2026/08/05 01:28:12.412, 21096, 100
2026/08/05 01:28:13.412, 21096, 100
2026/08/05 01:28:14.412, 21096, 100
2026/08/05 01:28:15.412, 21096, 100
2026/08/05 01:28:16.413, 21096, 100
2026/08/05 01:28:17.413, 21096, 82
2026/08/05 01:28:18.413, 21096, 100
2026/08/05 01:28:19.413, 21096, 100
2026/08/05 01:28:20.414, 21096, 100
2026/08/05 01:28:21.414, 21096, 100
2026/08/05 01:28:22.414, 21096, 100
2026/08/05 01:28:23.414, 21096, 100
2026/08/05 01:28:24.415, 21096, 100
2026/08/05 01:28:25.415, 21096, 100
2026/08/05 01:28:26.415, 21096, 100
2026/08/05 01:28:27.416, 21096, 100
2026/08/05 01:28:28.416, 21096, 100
2026/08/05 01:28:29.416, 21096, 100
2026/08/05 01:28:30.416, 21096, 82
2026/08/05 01:28:31.416, 21096, 100
2026/08/05 01:28:32.417, 21096, 100
2026/08/05 01:28:33.417, 21096, 100
2026/08/05 01:28:34.417, 21096, 84
2026/08/05 01:28:35.417, 21096, 100
2026/08/05 01:28:36.417, 21096, 100
2026/08/05 01:28:37.417, 21096, 100
2026/08/05 01:28:38.418, 21096, 100
2026/08/05 01:28:39.418, 21096, 100
2026/08/05 01:28:40.418, 21096, 100
2026/08/05 01:28:41.418, 21096, 100
2026/08/05 01:28:42.419, 21096, 100
2026/08/05 01:28:43.419, 21096, 96
2026/08/05 01:28:44.419, 21096, 100
2026/08/05 01:28:45.419, 21096, 100
2026/08/05 01:28:46.420, 21096, 100
2026/08/05 01:28:47.420, 21096, 100
2026/08/05 01:28:48.420, 21096, 100
2026/08/05 01:28:49.420, 21096, 100
2026/08/05 01:28:50.420, 21096, 100
2026/08/05 01:28:51.423, 21096, 100
2026/08/05 01:28:52.427, 21096, 100
2026/08/05 01:28:53.431, 21096, 100
2026/08/05 01:28:54.434, 21096, 100
2026/08/05 01:28:55.438, 21096, 96
2026/08/05 01:28:56.441, 21096, 97
2026/08/05 01:28:57.444, 21096, 100
2026/08/05 01:28:58.447, 21096, 100
2026/08/05 01:28:59.449, 21096, 100
2026/08/05 01:29:00.451, 21096, 100
2026/08/05 01:29:01.454, 21096, 100
2026/08/05 01:29:02.457, 21096, 100
2026/08/05 01:29:03.459, 21096, 100
2026/08/05 01:29:04.462, 21096, 100
2026/08/05 01:29:05.463, 21096, 100
2026/08/05 01:29:06.465, 21096, 100
2026/08/05 01:29:07.467, 21096, 100
2026/08/05 01:29:08.469, 21096, 100
2026/08/05 01:29:09.470, 21096, 100
2026/08/05 01:29:10.472, 21096, 100
2026/08/05 01:29:11.474, 21096, 99
2026/08/05 01:29:12.475, 21096, 100
2026/08/05 01:29:13.477, 21096, 100
2026/08/05 01:29:14.478, 21096, 100
2026/08/05 01:29:15.478, 21096, 100
2026/08/05 01:29:16.479, 21096, 85
2026/08/05 01:29:17.481, 21096, 85
2026/08/05 01:29:18.482, 21096, 64
2026/08/05 01:29:19.484, 21096, 100
2026/08/05 01:29:20.485, 21096, 100
2026/08/05 01:29:21.487, 21096, 100
2026/08/05 01:29:22.487, 21096, 100
2026/08/05 01:29:23.489, 21096, 82
2026/08/05 01:29:24.490, 21096, 100
2026/08/05 01:29:25.491, 21096, 100
2026/08/05 01:29:26.493, 21096, 100
2026/08/05 01:29:27.494, 21096, 100
2026/08/05 01:29:28.495, 21096, 100
2026/08/05 01:29:29.496, 21096, 100
2026/08/05 01:29:30.496, 21096, 100
2026/08/05 01:29:31.497, 21096, 100
2026/08/05 01:29:32.498, 21096, 100
2026/08/05 01:29:33.499, 21096, 100
2026/08/05 01:29:34.500, 21096, 100
2026/08/05 01:29:35.500, 21096, 100
2026/08/05 01:29:36.502, 21096, 100
2026/08/05 01:29:37.502, 21096, 100
2026/08/05 01:29:38.502, 21096, 100
2026/08/05 01:29:39.503, 21096, 100
2026/08/05 01:29:40.503, 21096, 100
2026/08/05 01:29:41.503, 21096, 100
2026/08/05 01:29:42.504, 21096, 100
2026/08/05 01:29:43.504, 21096, 100
2026/08/05 01:29:44.504, 21096, 100
2026/08/05 01:29:45.505, 21096, 98
2026/08/05 01:29:46.505, 21096, 97
2026/08/05 01:29:47.505, 21096, 100
2026/08/05 01:29:48.505, 21096, 100
2026/08/05 01:29:49.506, 21096, 100
2026/08/05 01:29:50.506, 21096, 100
2026/08/05 01:29:51.506, 21096, 100
2026/08/05 01:29:52.507, 21096, 100
2026/08/05 01:29:53.507, 21096, 100
2026/08/05 01:29:54.507, 21096, 100
2026/08/05 01:29:55.507, 21096, 82
2026/08/05 01:29:56.509, 21096, 100
2026/08/05 01:29:57.527, 21096, 100
2026/08/05 01:29:58.559, 21096, 100
2026/08/05 01:29:59.587, 21096, 100
2026/08/05 01:30:00.612, 21096, 100
2026/08/05 01:30:01.634, 21096, 100
2026/08/05 01:30:02.653, 21096, 84
2026/08/05 01:30:03.669, 21096, 100
2026/08/05 01:30:04.684, 21096, 100
2026/08/05 01:30:05.697, 21096, 100
2026/08/05 01:30:06.708, 21096, 100
2026/08/05 01:30:07.719, 21096, 82
2026/08/05 01:30:08.728, 21096, 100
2026/08/05 01:30:09.736, 21096, 100
2026/08/05 01:30:10.744, 21096, 100
2026/08/05 01:30:11.751, 21096, 88
2026/08/05 01:30:12.757, 21096, 100
2026/08/05 01:30:13.762, 21096, 100
2026/08/05 01:30:14.766, 21096, 100
2026/08/05 01:30:15.771, 21096, 82
2026/08/05 01:30:16.775, 21096, 82
2026/08/05 01:30:17.778, 21096, 100
2026/08/05 01:30:18.782, 21096, 100
2026/08/05 01:30:19.785, 21096, 100
2026/08/05 01:30:20.788, 21096, 100
2026/08/05 01:30:21.790, 21096, 100
2026/08/05 01:30:22.792, 21096, 100
2026/08/05 01:30:23.794, 21096, 100
2026/08/05 01:30:24.797, 21096, 71
2026/08/05 01:30:25.799, 21096, 100
2026/08/05 01:30:26.801, 21096, 100
2026/08/05 01:30:27.803, 21096, 100
2026/08/05 01:30:28.804, 21096, 82
2026/08/05 01:30:29.804, 21096, 84
2026/08/05 01:30:30.805, 21096, 100
2026/08/05 01:30:31.805, 21096, 100
2026/08/05 01:30:32.805, 21096, 100
2026/08/05 01:30:33.805, 21096, 100
2026/08/05 01:30:34.806, 21096, 100
2026/08/05 01:30:35.806, 21096, 100
2026/08/05 01:30:36.806, 21096, 100
2026/08/05 01:30:37.806, 21096, 74
2026/08/05 01:30:38.807, 21096, 100
2026/08/05 01:30:39.807, 21096, 100
2026/08/05 01:30:40.807, 21096, 100
2026/08/05 01:30:41.807, 21096, 100
2026/08/05 01:30:42.808, 21096, 100
2026/08/05 01:30:43.808, 21096, 100
2026/08/05 01:30:44.808, 21096, 100
2026/08/05 01:30:45.808, 21096, 100
2026/08/05 01:30:46.809, 21096, 70
2026/08/05 01:30:47.809, 21096, 100
2026/08/05 01:30:48.809, 21096, 100
2026/08/05 01:30:49.809, 21096, 100
2026/08/05 01:30:50.810, 21096, 100
2026/08/05 01:30:51.810, 21096, 84
2026/08/05 01:30:52.810, 21096, 100
2026/08/05 01:30:53.811, 21096, 100
2026/08/05 01:30:54.811, 21096, 100
2026/08/05 01:30:55.811, 21096, 99
2026/08/05 01:30:56.811, 21096, 84
2026/08/05 01:30:57.812, 21096, 100
2026/08/05 01:30:58.812, 21096, 84
2026/08/05 01:30:59.812, 21096, 100
2026/08/05 01:31:00.813, 21096, 100
2026/08/05 01:31:01.813, 21096, 100
2026/08/05 01:31:02.813, 21096, 100
2026/08/05 01:31:03.813, 21096, 100
2026/08/05 01:31:04.814, 21096, 100
2026/08/05 01:31:05.814, 21096, 100
2026/08/05 01:31:06.814, 21096, 100
2026/08/05 01:31:07.814, 21096, 100
2026/08/05 01:31:08.815, 21096, 81
2026/08/05 01:31:09.815, 21096, 100
2026/08/05 01:31:10.815, 21096, 100
2026/08/05 01:31:11.815, 21096, 100
2026/08/05 01:31:12.816, 21096, 100
2026/08/05 01:31:13.816, 21096, 100
2026/08/05 01:31:14.817, 21096, 100
2026/08/05 01:31:15.817, 21096, 100
2026/08/05 01:31:16.817, 21096, 100
2026/08/05 01:31:17.817, 21096, 93
2026/08/05 01:31:18.818, 21096, 90
2026/08/05 01:31:19.818, 21096, 100
2026/08/05 01:31:20.818, 21096, 100
2026/08/05 01:31:21.819, 21096, 83
2026/08/05 01:31:22.819, 21096, 100
2026/08/05 01:31:23.819, 21096, 100
2026/08/05 01:31:24.819, 21096, 100
2026/08/05 01:31:25.820, 21096, 100
2026/08/05 01:31:26.820, 21096, 83
2026/08/05 01:31:27.821, 21096, 100
2026/08/05 01:31:28.821, 21096, 83
2026/08/05 01:31:29.821, 21096, 100
2026/08/05 01:31:30.822, 21096, 81
2026/08/05 01:31:31.822, 21096, 100
2026/08/05 01:31:32.822, 21096, 100
2026/08/05 01:31:33.822, 21096, 100
2026/08/05 01:31:34.823, 21096, 100
2026/08/05 01:31:35.823, 21096, 100
2026/08/05 01:31:36.823, 21096, 100
2026/08/05 01:31:37.824, 21096, 100
2026/08/05 01:31:38.824, 21096, 100
2026/08/05 01:31:39.824, 21096, 84
2026/08/05 01:31:40.824, 21096, 100
2026/08/05 01:31:41.825, 21096, 100
2026/08/05 01:31:42.825, 21096, 99
2026/08/05 01:31:43.825, 21096, 100
2026/08/05 01:31:44.825, 21096, 100
2026/08/05 01:31:45.826, 21096, 83
2026/08/05 01:31:46.826, 21096, 84
2026/08/05 01:31:47.826, 21096, 86
2026/08/05 01:31:48.826, 21096, 100
2026/08/05 01:31:49.827, 21096, 100
2026/08/05 01:31:50.827, 21096, 100
2026/08/05 01:31:51.827, 21096, 100
2026/08/05 01:31:52.827, 21096, 86
2026/08/05 01:31:53.828, 21096, 100
2026/08/05 01:31:54.828, 21096, 100
2026/08/05 01:31:55.828, 21096, 100
2026/08/05 01:31:56.829, 21096, 100
2026/08/05 01:31:57.829, 21096, 83
2026/08/05 01:31:58.829, 21096, 100
2026/08/05 01:31:59.829, 21096, 100
2026/08/05 01:32:00.830, 21096, 100
2026/08/05 01:32:01.830, 21096, 52
2026/08/05 01:32:02.830, 21096, 100
2026/08/05 01:32:03.831, 21096, 100
2026/08/05 01:32:04.831, 21096, 100
2026/08/05 01:32:05.831, 21096, 100
2026/08/05 01:32:06.837, 21096, 100
2026/08/05 01:32:07.844, 21096, 100
2026/08/05 01:32:08.850, 21096, 100
2026/08/05 01:32:09.856, 21096, 83
2026/08/05 01:32:10.861, 21096, 100
2026/08/05 01:32:11.866, 21096, 100
2026/08/05 01:32:12.871, 21096, 100
2026/08/05 01:32:13.875, 21096, 100
2026/08/05 01:32:14.880, 21096, 100
2026/08/05 01:32:15.885, 21096, 100
2026/08/05 01:32:16.889, 21096, 100
2026/08/05 01:32:17.893, 21096, 100
2026/08/05 01:32:18.897, 21096, 100
2026/08/05 01:32:19.901, 21096, 100
2026/08/05 01:32:20.904, 21096, 100
2026/08/05 01:32:21.907, 21096, 100
2026/08/05 01:32:22.910, 21096, 86
2026/08/05 01:32:23.913, 21096, 100
2026/08/05 01:32:24.916, 21096, 100
2026/08/05 01:32:25.919, 21096, 100
2026/08/05 01:32:26.921, 21096, 100
2026/08/05 01:32:27.923, 21096, 100
2026/08/05 01:32:28.926, 21096, 78
2026/08/05 01:32:29.928, 21096, 100
2026/08/05 01:32:30.930, 21096, 100
2026/08/05 01:32:31.932, 21096, 100
2026/08/05 01:32:32.934, 21096, 100
2026/08/05 01:32:33.936, 21096, 100
2026/08/05 01:32:34.938, 21096, 100
2026/08/05 01:32:35.939, 21096, 100
2026/08/05 01:32:36.941, 21096, 100
2026/08/05 01:32:37.942, 21096, 100
2026/08/05 01:32:38.944, 21096, 100
2026/08/05 01:32:39.946, 21096, 84
2026/08/05 01:32:40.947, 21096, 100
2026/08/05 01:32:41.948, 21096, 100
2026/08/05 01:32:42.950, 21096, 100
2026/08/05 01:32:43.951, 21096, 100
2026/08/05 01:32:44.952, 21096, 100
2026/08/05 01:32:45.953, 21096, 85
2026/08/05 01:32:46.955, 21096, 84
2026/08/05 01:32:47.956, 21096, 100
2026/08/05 01:32:48.957, 21096, 93
2026/08/05 01:32:49.958, 21096, 100
2026/08/05 01:32:50.960, 21096, 84
2026/08/05 01:32:51.961, 21096, 100
2026/08/05 01:32:52.963, 21096, 100
2026/08/05 01:32:53.964, 21096, 100
2026/08/05 01:32:54.966, 21096, 100
2026/08/05 01:32:55.967, 21096, 100
2026/08/05 01:32:56.968, 21096, 85
2026/08/05 01:32:57.969, 21096, 100
2026/08/05 01:32:58.971, 21096, 100
2026/08/05 01:32:59.972, 21096, 100
2026/08/05 01:33:00.974, 21096, 100
2026/08/05 01:33:01.974, 21096, 100
2026/08/05 01:33:02.976, 21096, 100
2026/08/05 01:33:03.976, 21096, 100
2026/08/05 01:33:04.978, 21096, 100
2026/08/05 01:33:05.979, 21096, 100
2026/08/05 01:33:06.981, 21096, 100
2026/08/05 01:33:07.982, 21096, 100
2026/08/05 01:33:08.984, 21096, 100
2026/08/05 01:33:09.985, 21096, 85
2026/08/05 01:33:10.985, 21096, 100
2026/08/05 01:33:11.985, 21096, 100
2026/08/05 01:33:12.986, 21096, 100
2026/08/05 01:33:13.986, 21096, 100
2026/08/05 01:33:14.986, 21096, 99
2026/08/05 01:33:15.987, 21096, 100
2026/08/05 01:33:16.987, 21096, 100
2026/08/05 01:33:17.987, 21096, 100
2026/08/05 01:33:18.987, 21096, 84
2026/08/05 01:33:19.987, 21096, 100
2026/08/05 01:33:20.987, 21096, 100
2026/08/05 01:33:21.988, 21096, 100
2026/08/05 01:33:22.988, 21096, 100
2026/08/05 01:33:23.988, 21096, 84
2026/08/05 01:33:24.988, 21096, 100
2026/08/05 01:33:25.989, 21096, 100
2026/08/05 01:33:26.989, 21096, 100
2026/08/05 01:33:27.989, 21096, 100
2026/08/05 01:33:28.990, 21096, 100
2026/08/05 01:33:29.990, 21096, 100
2026/08/05 01:33:30.990, 21096, 100
2026/08/05 01:33:31.990, 21096, 100
2026/08/05 01:33:32.990, 21096, 100
2026/08/05 01:33:33.991, 21096, 100
2026/08/05 01:33:34.991, 21096, 100
2026/08/05 01:33:35.991, 21096, 82
2026/08/05 01:33:36.991, 21096, 97
2026/08/05 01:33:37.992, 21096, 100
2026/08/05 01:33:38.992, 21096, 100
2026/08/05 01:33:39.992, 21096, 100
2026/08/05 01:33:40.993, 21096, 100
2026/08/05 01:33:41.993, 21096, 71
2026/08/05 01:33:42.993, 21096, 100
2026/08/05 01:33:43.993, 21096, 100
2026/08/05 01:33:44.993, 21096, 100
2026/08/05 01:33:45.994, 21096, 100
2026/08/05 01:33:46.994, 21096, 100
2026/08/05 01:33:47.994, 21096, 84
2026/08/05 01:33:48.994, 21096, 100
2026/08/05 01:33:49.995, 21096, 100
2026/08/05 01:33:50.995, 21096, 100
2026/08/05 01:33:51.995, 21096, 67
2026/08/05 01:33:52.995, 21096, 100
2026/08/05 01:33:53.995, 21096, 100
2026/08/05 01:33:54.996, 21096, 84
2026/08/05 01:33:55.996, 21096, 100
2026/08/05 01:33:56.996, 21096, 100
2026/08/05 01:33:57.996, 21096, 100
2026/08/05 01:33:58.996, 21096, 100
2026/08/05 01:33:59.997, 21096, 100
2026/08/05 01:34:00.997, 21096, 100
2026/08/05 01:34:01.997, 21096, 100
2026/08/05 01:34:02.998, 21096, 100
2026/08/05 01:34:03.998, 21096, 100
2026/08/05 01:34:04.998, 21096, 100
2026/08/05 01:34:05.998, 21096, 100
2026/08/05 01:34:06.999, 21096, 100
2026/08/05 01:34:07.999, 21096, 100
2026/08/05 01:34:08.999, 21096, 100
2026/08/05 01:34:09.999, 21096, 100
2026/08/05 01:34:10.999, 21096, 100
2026/08/05 01:34:12.000, 21096, 100
2026/08/05 01:34:13.000, 21096, 100
2026/08/05 01:34:14.000, 21096, 100
2026/08/05 01:34:15.001, 21096, 86
2026/08/05 01:34:16.002, 21096, 100
2026/08/05 01:34:17.024, 21096, 100
2026/08/05 01:34:18.044, 21096, 100
2026/08/05 01:34:19.061, 21096, 100
2026/08/05 01:34:20.077, 21096, 100
2026/08/05 01:34:21.090, 21096, 100
2026/08/05 01:34:22.101, 21096, 100
2026/08/05 01:34:23.112, 21096, 100
2026/08/05 01:34:24.122, 21096, 100
2026/08/05 01:34:25.130, 21096, 100
2026/08/05 01:34:26.137, 21096, 100
2026/08/05 01:34:27.143, 21096, 100
2026/08/05 01:34:28.150, 21096, 100
2026/08/05 01:34:29.155, 21096, 100
2026/08/05 01:34:30.160, 21096, 100
2026/08/05 01:34:31.164, 21096, 100
2026/08/05 01:34:32.168, 21096, 100
2026/08/05 01:34:33.172, 21096, 100
2026/08/05 01:34:34.176, 21096, 100
2026/08/05 01:34:35.179, 21096, 100
2026/08/05 01:34:36.182, 21096, 100
2026/08/05 01:34:37.185, 21096, 84
2026/08/05 01:34:38.187, 21096, 100
2026/08/05 01:34:39.190, 21096, 100
2026/08/05 01:34:40.193, 21096, 100
2026/08/05 01:34:41.195, 21096, 100
2026/08/05 01:34:42.197, 21096, 100
2026/08/05 01:34:43.200, 21096, 85
2026/08/05 01:34:44.201, 21096, 100
2026/08/05 01:34:45.202, 21096, 100
2026/08/05 01:34:46.204, 21096, 65
2026/08/05 01:34:47.205, 21096, 100
2026/08/05 01:34:48.205, 21096, 100
2026/08/05 01:34:49.206, 21096, 92
2026/08/05 01:34:50.206, 21096, 100
2026/08/05 01:34:51.206, 21096, 100
2026/08/05 01:34:52.206, 21096, 100
2026/08/05 01:34:53.206, 21096, 100
2026/08/05 01:34:54.207, 21096, 84
2026/08/05 01:34:55.207, 21096, 90
2026/08/05 01:34:56.207, 21096, 64
2026/08/05 01:34:57.207, 21096, 87
2026/08/05 01:34:58.207, 21096, 100
2026/08/05 01:34:59.208, 21096, 100
2026/08/05 01:35:00.208, 21096, 100
2026/08/05 01:35:01.208, 21096, 100
2026/08/05 01:35:02.208, 21096, 100
2026/08/05 01:35:03.208, 21096, 100
2026/08/05 01:35:04.209, 21096, 100
2026/08/05 01:35:05.209, 21096, 84
2026/08/05 01:35:06.209, 21096, 100
2026/08/05 01:35:07.209, 21096, 100
2026/08/05 01:35:08.210, 21096, 100
2026/08/05 01:35:09.210, 21096, 100
2026/08/05 01:35:10.210, 21096, 84
2026/08/05 01:35:11.210, 21096, 100
2026/08/05 01:35:12.210, 21096, 100
2026/08/05 01:35:13.211, 21096, 100
2026/08/05 01:35:14.211, 21096, 99
2026/08/05 01:35:15.212, 21096, 100
2026/08/05 01:35:16.212, 21096, 100
2026/08/05 01:35:17.212, 21096, 100
2026/08/05 01:35:18.213, 21096, 100
2026/08/05 01:35:19.213, 21096, 99
2026/08/05 01:35:20.213, 21096, 100
2026/08/05 01:35:21.218, 21096, 100
2026/08/05 01:35:22.237, 21096, 100
2026/08/05 01:35:23.255, 21096, 100
2026/08/05 01:35:24.270, 21096, 100
2026/08/05 01:35:25.284, 21096, 100
2026/08/05 01:35:26.296, 21096, 100
2026/08/05 01:35:27.307, 21096, 100
2026/08/05 01:35:28.316, 21096, 100
2026/08/05 01:35:29.325, 21096, 100
2026/08/05 01:35:30.332, 21096, 100
2026/08/05 01:35:31.338, 21096, 100
2026/08/05 01:35:32.345, 21096, 82
2026/08/05 01:35:33.350, 21096, 60
2026/08/05 01:35:34.356, 21096, 90
2026/08/05 01:35:35.360, 21096, 100
2026/08/05 01:35:36.364, 21096, 100
2026/08/05 01:35:37.368, 21096, 100
2026/08/05 01:35:38.371, 21096, 100
2026/08/05 01:35:39.374, 21096, 100
2026/08/05 01:35:40.378, 21096, 100
2026/08/05 01:35:41.380, 21096, 100
2026/08/05 01:35:42.383, 21096, 96
2026/08/05 01:35:43.385, 21096, 85
2026/08/05 01:35:44.388, 21096, 84
2026/08/05 01:35:45.390, 21096, 100
2026/08/05 01:35:46.392, 21096, 97
2026/08/05 01:35:47.394, 21096, 100
2026/08/05 01:35:48.396, 21096, 100
2026/08/05 01:35:49.397, 21096, 100
2026/08/05 01:35:50.398, 21096, 100
2026/08/05 01:35:51.400, 21096, 100
2026/08/05 01:35:52.402, 21096, 100
2026/08/05 01:35:53.403, 21096, 100
2026/08/05 01:35:54.403, 21096, 100
2026/08/05 01:35:55.403, 21096, 100
2026/08/05 01:35:56.403, 21096, 100
2026/08/05 01:35:57.404, 21096, 100
2026/08/05 01:35:58.404, 21096, 65
2026/08/05 01:35:59.404, 21096, 100
2026/08/05 01:36:00.405, 21096, 100
2026/08/05 01:36:01.405, 21096, 93
2026/08/05 01:36:02.405, 21096, 100
2026/08/05 01:36:03.405, 21096, 100
2026/08/05 01:36:04.406, 21096, 100
2026/08/05 01:36:05.406, 21096, 100
2026/08/05 01:36:06.406, 21096, 100
2026/08/05 01:36:07.406, 21096, 100
2026/08/05 01:36:08.407, 21096, 72
2026/08/05 01:36:09.407, 21096, 100
2026/08/05 01:36:10.407, 21096, 100
2026/08/05 01:36:11.407, 21096, 67
2026/08/05 01:36:12.408, 21096, 100
2026/08/05 01:36:13.408, 21096, 100
2026/08/05 01:36:14.408, 21096, 100
2026/08/05 01:36:15.409, 21096, 100
2026/08/05 01:36:16.409, 21096, 100
2026/08/05 01:36:17.409, 21096, 100
2026/08/05 01:36:18.409, 21096, 100
2026/08/05 01:36:19.410, 21096, 100
2026/08/05 01:36:20.410, 21096, 100
2026/08/05 01:36:21.410, 21096, 100
2026/08/05 01:36:22.410, 21096, 85
2026/08/05 01:36:23.410, 21096, 100
2026/08/05 01:36:24.411, 21096, 100
2026/08/05 01:36:25.411, 21096, 100
2026/08/05 01:36:26.419, 21096, 100
2026/08/05 01:36:27.439, 21096, 100
2026/08/05 01:36:28.457, 21096, 100
2026/08/05 01:36:29.472, 21096, 100
2026/08/05 01:36:30.486, 21096, 100
2026/08/05 01:36:31.497, 21096, 100
2026/08/05 01:36:32.508, 21096, 100
2026/08/05 01:36:33.517, 21096, 84
2026/08/05 01:36:34.526, 21096, 100
2026/08/05 01:36:35.533, 21096, 100
2026/08/05 01:36:36.540, 21096, 100
2026/08/05 01:36:37.546, 21096, 100
2026/08/05 01:36:38.552, 21096, 100
2026/08/05 01:36:39.558, 21096, 100
2026/08/05 01:36:40.562, 21096, 100
2026/08/05 01:36:41.566, 21096, 100
2026/08/05 01:36:42.570, 21096, 100
2026/08/05 01:36:43.574, 21096, 100
2026/08/05 01:36:44.577, 21096, 83
2026/08/05 01:36:45.580, 21096, 100
2026/08/05 01:36:46.582, 21096, 100
2026/08/05 01:36:47.585, 21096, 100
2026/08/05 01:36:48.588, 21096, 100
2026/08/05 01:36:49.590, 21096, 100
2026/08/05 01:36:50.592, 21096, 100
2026/08/05 01:36:51.593, 21096, 100
2026/08/05 01:36:52.595, 21096, 84
2026/08/05 01:36:53.596, 21096, 100
2026/08/05 01:36:54.598, 21096, 100
2026/08/05 01:36:55.599, 21096, 100
2026/08/05 01:36:56.600, 21096, 100
2026/08/05 01:36:57.602, 21096, 100
2026/08/05 01:36:58.603, 21096, 100
2026/08/05 01:36:59.604, 21096, 100
2026/08/05 01:37:00.604, 21096, 100
2026/08/05 01:37:01.604, 21096, 100
2026/08/05 01:37:02.604, 21096, 100
2026/08/05 01:37:03.605, 21096, 100
2026/08/05 01:37:04.605, 21096, 100
2026/08/05 01:37:05.605, 21096, 100
2026/08/05 01:37:06.606, 21096, 100
2026/08/05 01:37:07.606, 21096, 100
2026/08/05 01:37:08.606, 21096, 100
2026/08/05 01:37:09.606, 21096, 100
2026/08/05 01:37:10.606, 21096, 59
2026/08/05 01:37:11.607, 21096, 100
2026/08/05 01:37:12.607, 21096, 100
2026/08/05 01:37:13.607, 21096, 100
2026/08/05 01:37:14.607, 21096, 100
2026/08/05 01:37:15.607, 21096, 100
2026/08/05 01:37:16.608, 21096, 100
2026/08/05 01:37:17.608, 21096, 100
2026/08/05 01:37:18.608, 21096, 100
2026/08/05 01:37:19.608, 21096, 100
2026/08/05 01:37:20.610, 21096, 83
2026/08/05 01:37:21.610, 21096, 100
2026/08/05 01:37:22.610, 21096, 100
2026/08/05 01:37:23.611, 21096, 100
2026/08/05 01:37:24.611, 21096, 100
2026/08/05 01:37:25.611, 21096, 100
2026/08/05 01:37:26.612, 21096, 100
2026/08/05 01:37:27.612, 21096, 100
2026/08/05 01:37:28.612, 21096, 100
2026/08/05 01:37:29.612, 21096, 100
2026/08/05 01:37:30.612, 21096, 100
2026/08/05 01:37:31.618, 21096, 100
2026/08/05 01:37:32.626, 21096, 100
2026/08/05 01:37:33.634, 21096, 100
2026/08/05 01:37:34.641, 21096, 100
2026/08/05 01:37:35.648, 21096, 100
2026/08/05 01:37:36.653, 21096, 55
2026/08/05 01:37:37.658, 21096, 100
2026/08/05 01:37:38.663, 21096, 100
2026/08/05 01:37:39.667, 21096, 100
2026/08/05 01:37:40.670, 21096, 100
2026/08/05 01:37:41.674, 21096, 100
2026/08/05 01:37:42.677, 21096, 100
2026/08/05 01:37:43.680, 21096, 100
2026/08/05 01:37:44.683, 21096, 100
2026/08/05 01:37:45.685, 21096, 100
2026/08/05 01:37:46.688, 21096, 100
2026/08/05 01:37:47.690, 21096, 100
2026/08/05 01:37:48.692, 21096, 100
2026/08/05 01:37:49.695, 21096, 64
2026/08/05 01:37:50.696, 21096, 100
2026/08/05 01:37:51.698, 21096, 100
2026/08/05 01:37:52.699, 21096, 100
2026/08/05 01:37:53.700, 21096, 100
2026/08/05 01:37:54.701, 21096, 85
2026/08/05 01:37:55.702, 21096, 100
2026/08/05 01:37:56.704, 21096, 85
2026/08/05 01:37:57.705, 21096, 100
2026/08/05 01:37:58.706, 21096, 100
2026/08/05 01:37:59.708, 21096, 100
2026/08/05 01:38:00.709, 21096, 100
2026/08/05 01:38:01.710, 21096, 100
2026/08/05 01:38:02.712, 21096, 100
2026/08/05 01:38:03.713, 21096, 100
2026/08/05 01:38:04.733, 21096, 100
2026/08/05 01:38:05.758, 21096, 100
2026/08/05 01:38:06.779, 21096, 100
2026/08/05 01:38:07.798, 21096, 100
2026/08/05 01:38:08.816, 21096, 100
2026/08/05 01:38:09.831, 21096, 100
2026/08/05 01:38:10.845, 21096, 100
2026/08/05 01:38:11.857, 21096, 100
2026/08/05 01:38:12.867, 21096, 100
2026/08/05 01:38:13.876, 21096, 100
2026/08/05 01:38:14.884, 21096, 100
2026/08/05 01:38:15.891, 21096, 100
2026/08/05 01:38:16.898, 21096, 84
2026/08/05 01:38:17.903, 21096, 76
2026/08/05 01:38:18.909, 21096, 100
2026/08/05 01:38:19.914, 21096, 100
2026/08/05 01:38:20.918, 21096, 100
2026/08/05 01:38:21.922, 21096, 100
2026/08/05 01:38:22.925, 21096, 100
2026/08/05 01:38:23.928, 21096, 100
2026/08/05 01:38:24.932, 21096, 100
2026/08/05 01:38:25.934, 21096, 100
2026/08/05 01:38:26.937, 21096, 100
2026/08/05 01:38:27.939, 21096, 100
2026/08/05 01:38:28.942, 21096, 100
2026/08/05 01:38:29.944, 21096, 84
2026/08/05 01:38:30.946, 21096, 100
2026/08/05 01:38:31.948, 21096, 100
2026/08/05 01:38:32.950, 21096, 100
2026/08/05 01:38:33.951, 21096, 64
2026/08/05 01:38:34.953, 21096, 84
2026/08/05 01:38:35.954, 21096, 62
2026/08/05 01:38:36.956, 21096, 75
2026/08/05 01:38:37.956, 21096, 82
2026/08/05 01:38:38.956, 21096, 86
2026/08/05 01:38:39.956, 21096, 70
2026/08/05 01:38:40.957, 21096, 100
2026/08/05 01:38:41.957, 21096, 100
2026/08/05 01:38:42.957, 21096, 100
2026/08/05 01:38:43.957, 21096, 100
2026/08/05 01:38:44.958, 21096, 100
2026/08/05 01:38:45.958, 21096, 100
2026/08/05 01:38:46.958, 21096, 100
2026/08/05 01:38:47.958, 21096, 100
2026/08/05 01:38:48.959, 21096, 100
2026/08/05 01:38:49.959, 21096, 100
2026/08/05 01:38:50.959, 21096, 100
2026/08/05 01:38:51.959, 21096, 70
2026/08/05 01:38:52.960, 21096, 100
2026/08/05 01:38:53.960, 21096, 100
2026/08/05 01:38:54.960, 21096, 100
2026/08/05 01:38:55.960, 21096, 100
2026/08/05 01:38:56.961, 21096, 100
2026/08/05 01:38:57.961, 21096, 100
2026/08/05 01:38:58.961, 21096, 100
2026/08/05 01:38:59.961, 21096, 100
2026/08/05 01:39:00.962, 21096, 100
2026/08/05 01:39:01.962, 21096, 100
2026/08/05 01:39:02.962, 21096, 100
2026/08/05 01:39:03.962, 21096, 100
2026/08/05 01:39:04.963, 21096, 100
2026/08/05 01:39:05.963, 21096, 83
2026/08/05 01:39:06.963, 21096, 100
2026/08/05 01:39:07.963, 21096, 100
2026/08/05 01:39:08.964, 21096, 100
2026/08/05 01:39:09.964, 21096, 100
2026/08/05 01:39:10.964, 21096, 100
2026/08/05 01:39:11.964, 21096, 100
2026/08/05 01:39:12.964, 21096, 100
2026/08/05 01:39:13.965, 21096, 100
2026/08/05 01:39:14.965, 21096, 100
2026/08/05 01:39:15.965, 21096, 100
2026/08/05 01:39:16.965, 21096, 85
2026/08/05 01:39:17.965, 21096, 100
2026/08/05 01:39:18.966, 21096, 100
2026/08/05 01:39:19.966, 21096, 83
2026/08/05 01:39:20.966, 21096, 84
2026/08/05 01:39:21.966, 21096, 84
2026/08/05 01:39:22.966, 21096, 100
2026/08/05 01:39:23.967, 21096, 100
2026/08/05 01:39:24.967, 21096, 100
2026/08/05 01:39:25.968, 21096, 100
2026/08/05 01:39:26.968, 21096, 100
2026/08/05 01:39:27.968, 21096, 100
2026/08/05 01:39:28.968, 21096, 100
2026/08/05 01:39:29.968, 21096, 100
2026/08/05 01:39:30.968, 21096, 100
2026/08/05 01:39:31.969, 21096, 100
2026/08/05 01:39:32.969, 21096, 100
2026/08/05 01:39:33.969, 21096, 100
2026/08/05 01:39:34.969, 21096, 100
2026/08/05 01:39:35.970, 21096, 100
2026/08/05 01:39:36.970, 21096, 100
2026/08/05 01:39:37.970, 21096, 100
2026/08/05 01:39:38.970, 21096, 100
2026/08/05 01:39:39.971, 21096, 72
2026/08/05 01:39:40.971, 21096, 81
2026/08/05 01:39:41.971, 21096, 100
2026/08/05 01:39:42.999, 21096, 100
2026/08/05 01:39:44.025, 21096, 100
2026/08/05 01:39:45.047, 21096, 100
2026/08/05 01:39:46.067, 21096, 100
2026/08/05 01:39:47.083, 21096, 100
2026/08/05 01:39:48.099, 21096, 100
2026/08/05 01:39:49.113, 21096, 100
2026/08/05 01:39:50.124, 21096, 100
2026/08/05 01:39:51.135, 21096, 100
2026/08/05 01:39:52.144, 21096, 100
2026/08/05 01:39:53.153, 21096, 100
2026/08/05 01:39:54.160, 21096, 100
2026/08/05 01:39:55.167, 21096, 100
2026/08/05 01:39:56.173, 21096, 100
2026/08/05 01:39:57.179, 21096, 100
2026/08/05 01:39:58.184, 21096, 100
2026/08/05 01:39:59.188, 21096, 100
2026/08/05 01:40:00.192, 21096, 100
2026/08/05 01:40:01.196, 21096, 100
2026/08/05 01:40:02.199, 21096, 100
2026/08/05 01:40:03.202, 21096, 74
2026/08/05 01:40:04.205, 21096, 100
2026/08/05 01:40:05.207, 21096, 100
2026/08/05 01:40:06.210, 21096, 100
2026/08/05 01:40:07.212, 21096, 100
2026/08/05 01:40:08.214, 21096, 100
2026/08/05 01:40:09.216, 21096, 100
2026/08/05 01:40:10.219, 21096, 100
2026/08/05 01:40:11.220, 21096, 100
2026/08/05 01:40:12.222, 21096, 100
2026/08/05 01:40:13.223, 21096, 100
2026/08/05 01:40:14.224, 21096, 82
2026/08/05 01:40:15.225, 21096, 100
2026/08/05 01:40:16.225, 21096, 100
2026/08/05 01:40:17.225, 21096, 100
2026/08/05 01:40:18.225, 21096, 100
2026/08/05 01:40:19.226, 21096, 84
2026/08/05 01:40:20.226, 21096, 100
2026/08/05 01:40:21.226, 21096, 100
2026/08/05 01:40:22.226, 21096, 89
2026/08/05 01:40:23.227, 21096, 100
2026/08/05 01:40:24.227, 21096, 100
2026/08/05 01:40:25.227, 21096, 100
2026/08/05 01:40:26.227, 21096, 100
2026/08/05 01:40:27.227, 21096, 100
2026/08/05 01:40:28.228, 21096, 100
2026/08/05 01:40:29.228, 21096, 100
2026/08/05 01:40:30.228, 21096, 100
2026/08/05 01:40:31.228, 21096, 100
2026/08/05 01:40:32.228, 21096, 100
2026/08/05 01:40:33.229, 21096, 100
2026/08/05 01:40:34.229, 21096, 100
2026/08/05 01:40:35.229, 21096, 100
2026/08/05 01:40:36.229, 21096, 100
2026/08/05 01:40:37.229, 21096, 100
2026/08/05 01:40:38.229, 21096, 100
2026/08/05 01:40:39.230, 21096, 100
2026/08/05 01:40:40.230, 21096, 100
2026/08/05 01:40:41.230, 21096, 86
2026/08/05 01:40:42.230, 21096, 100
2026/08/05 01:40:43.231, 21096, 100
2026/08/05 01:40:44.231, 21096, 100
2026/08/05 01:40:45.231, 21096, 100
2026/08/05 01:40:46.231, 21096, 73
2026/08/05 01:40:47.231, 21096, 82
2026/08/05 01:40:48.235, 21096, 100
2026/08/05 01:40:49.248, 21096, 100
2026/08/05 01:40:50.260, 21096, 100
2026/08/05 01:40:51.270, 21096, 100
2026/08/05 01:40:52.280, 21096, 100
2026/08/05 01:40:53.288, 21096, 100
2026/08/05 01:40:54.296, 21096, 100
2026/08/05 01:40:55.302, 21096, 100
2026/08/05 01:40:56.308, 21096, 100
2026/08/05 01:40:57.314, 21096, 100
2026/08/05 01:40:58.318, 21096, 100
2026/08/05 01:40:59.322, 21096, 100
2026/08/05 01:41:00.327, 21096, 100
2026/08/05 01:41:01.330, 21096, 100
2026/08/05 01:41:02.334, 21096, 100
2026/08/05 01:41:03.337, 21096, 100
2026/08/05 01:41:04.339, 21096, 100
2026/08/05 01:41:05.342, 21096, 100
2026/08/05 01:41:06.345, 21096, 100
2026/08/05 01:41:07.347, 21096, 100
2026/08/05 01:41:08.350, 21096, 100
2026/08/05 01:41:09.352, 21096, 100
2026/08/05 01:41:10.355, 21096, 73
2026/08/05 01:41:11.357, 21096, 100
2026/08/05 01:41:12.359, 21096, 100
2026/08/05 01:41:13.360, 21096, 85
2026/08/05 01:41:14.361, 21096, 63
2026/08/05 01:41:15.362, 21096, 100
2026/08/05 01:41:16.364, 21096, 100
2026/08/05 01:41:17.365, 21096, 100
2026/08/05 01:41:18.367, 21096, 100
2026/08/05 01:41:19.368, 21096, 100
2026/08/05 01:41:20.368, 21096, 100
2026/08/05 01:41:21.369, 21096, 100
2026/08/05 01:41:22.369, 21096, 100
2026/08/05 01:41:23.369, 21096, 100
2026/08/05 01:41:24.370, 21096, 100
2026/08/05 01:41:25.370, 21096, 84
2026/08/05 01:41:26.370, 21096, 100
2026/08/05 01:41:27.370, 21096, 100
2026/08/05 01:41:28.370, 21096, 100
2026/08/05 01:41:29.371, 21096, 100
2026/08/05 01:41:30.371, 21096, 100
2026/08/05 01:41:31.371, 21096, 100
2026/08/05 01:41:32.371, 21096, 100
2026/08/05 01:41:33.372, 21096, 100
2026/08/05 01:41:34.372, 21096, 100
2026/08/05 01:41:35.372, 21096, 100
2026/08/05 01:41:36.372, 21096, 100
2026/08/05 01:41:37.372, 21096, 100
2026/08/05 01:41:38.373, 21096, 100
2026/08/05 01:41:39.373, 21096, 100
2026/08/05 01:41:40.373, 21096, 100
2026/08/05 01:41:41.373, 21096, 100
2026/08/05 01:41:42.374, 21096, 100
2026/08/05 01:41:43.374, 21096, 100
2026/08/05 01:41:44.374, 21096, 100
2026/08/05 01:41:45.374, 21096, 83
2026/08/05 01:41:46.374, 21096, 100
2026/08/05 01:41:47.375, 21096, 100
2026/08/05 01:41:48.375, 21096, 100
2026/08/05 01:41:49.375, 21096, 100
2026/08/05 01:41:50.376, 21096, 100
2026/08/05 01:41:51.376, 21096, 100
2026/08/05 01:41:52.376, 21096, 100
2026/08/05 01:41:53.376, 21096, 100
2026/08/05 01:41:54.377, 21096, 100
2026/08/05 01:41:55.377, 21096, 100
2026/08/05 01:41:56.377, 21096, 100
2026/08/05 01:41:57.378, 21096, 100
2026/08/05 01:41:58.378, 21096, 63
2026/08/05 01:41:59.378, 21096, 100
2026/08/05 01:42:00.379, 21096, 67
2026/08/05 01:42:01.379, 21096, 100
2026/08/05 01:42:02.379, 21096, 100
2026/08/05 01:42:03.380, 21096, 100
2026/08/05 01:42:04.380, 21096, 100
2026/08/05 01:42:05.380, 21096, 65
2026/08/05 01:42:06.380, 21096, 100
2026/08/05 01:42:07.380, 21096, 100
2026/08/05 01:42:08.381, 21096, 100
2026/08/05 01:42:09.381, 21096, 100
2026/08/05 01:42:10.381, 21096, 100
2026/08/05 01:42:11.381, 21096, 100
2026/08/05 01:42:12.382, 21096, 100
2026/08/05 01:42:13.382, 21096, 83
2026/08/05 01:42:14.382, 21096, 100
2026/08/05 01:42:15.382, 21096, 100
2026/08/05 01:42:16.382, 21096, 100
2026/08/05 01:42:17.383, 21096, 89
2026/08/05 01:42:18.383, 21096, 100
2026/08/05 01:42:19.383, 21096, 100
2026/08/05 01:42:20.383, 21096, 63
2026/08/05 01:42:21.383, 21096, 100
2026/08/05 01:42:22.383, 21096, 100
2026/08/05 01:42:23.384, 21096, 100
2026/08/05 01:42:24.384, 21096, 100
2026/08/05 01:42:25.384, 21096, 100
2026/08/05 01:42:26.384, 21096, 100
2026/08/05 01:42:27.385, 21096, 100
2026/08/05 01:42:28.385, 21096, 100
2026/08/05 01:42:29.385, 21096, 100
2026/08/05 01:42:30.385, 21096, 100
2026/08/05 01:42:31.386, 21096, 89
2026/08/05 01:42:32.386, 21096, 100
2026/08/05 01:42:33.386, 21096, 100
2026/08/05 01:42:34.386, 21096, 100
2026/08/05 01:42:35.386, 21096, 73
2026/08/05 01:42:36.387, 21096, 100
2026/08/05 01:42:37.387, 21096, 100
2026/08/05 01:42:38.387, 21096, 100
2026/08/05 01:42:39.387, 21096, 94
2026/08/05 01:42:40.387, 21096, 100
2026/08/05 01:42:41.388, 21096, 100
2026/08/05 01:42:42.388, 21096, 63
2026/08/05 01:42:43.388, 21096, 83
2026/08/05 01:42:44.388, 21096, 64
2026/08/05 01:42:45.388, 21096, 84
2026/08/05 01:42:46.389, 21096, 86
2026/08/05 01:42:47.389, 21096, 100
2026/08/05 01:42:48.389, 21096, 100
2026/08/05 01:42:49.389, 21096, 100
2026/08/05 01:42:50.389, 21096, 100
2026/08/05 01:42:51.389, 21096, 100
2026/08/05 01:42:52.390, 21096, 100
2026/08/05 01:42:53.390, 21096, 100
2026/08/05 01:42:54.390, 21096, 100
2026/08/05 01:42:55.390, 21096, 100
2026/08/05 01:42:56.391, 21096, 63
2026/08/05 01:42:57.391, 21096, 100
2026/08/05 01:42:58.391, 21096, 100
2026/08/05 01:42:59.391, 21096, 100
2026/08/05 01:43:00.392, 21096, 100
2026/08/05 01:43:01.392, 21096, 100
2026/08/05 01:43:02.392, 21096, 100
2026/08/05 01:43:03.392, 21096, 100
2026/08/05 01:43:04.392, 21096, 100
2026/08/05 01:43:05.392, 21096, 100
2026/08/05 01:43:06.393, 21096, 100
2026/08/05 01:43:07.393, 21096, 100
2026/08/05 01:43:08.393, 21096, 100
2026/08/05 01:43:09.394, 21096, 100
2026/08/05 01:43:10.394, 21096, 100
2026/08/05 01:43:11.394, 21096, 52
2026/08/05 01:43:12.394, 21096, 100
2026/08/05 01:43:13.395, 21096, 64
2026/08/05 01:43:14.395, 21096, 100
2026/08/05 01:43:15.395, 21096, 100
2026/08/05 01:43:16.395, 21096, 100
2026/08/05 01:43:17.395, 21096, 100
2026/08/05 01:43:18.396, 21096, 100
2026/08/05 01:43:19.396, 21096, 100
2026/08/05 01:43:20.396, 21096, 100
2026/08/05 01:43:21.396, 21096, 100
2026/08/05 01:43:22.396, 21096, 100
2026/08/05 01:43:23.397, 21096, 100
2026/08/05 01:43:24.397, 21096, 100
2026/08/05 01:43:25.397, 21096, 100
2026/08/05 01:43:26.397, 21096, 100
2026/08/05 01:43:27.397, 21096, 100
2026/08/05 01:43:28.398, 21096, 100
2026/08/05 01:43:29.398, 21096, 100
2026/08/05 01:43:30.398, 21096, 100
2026/08/05 01:43:31.399, 21096, 64
2026/08/05 01:43:32.399, 21096, 100
2026/08/05 01:43:33.399, 21096, 100
2026/08/05 01:43:34.399, 21096, 100
2026/08/05 01:43:35.400, 21096, 100
2026/08/05 01:43:36.400, 21096, 83
2026/08/05 01:43:37.400, 21096, 100
2026/08/05 01:43:38.401, 21096, 100
2026/08/05 01:43:39.401, 21096, 100
2026/08/05 01:43:40.401, 21096, 100
2026/08/05 01:43:41.401, 21096, 74
2026/08/05 01:43:42.402, 21096, 100
2026/08/05 01:43:43.402, 21096, 100
2026/08/05 01:43:44.402, 21096, 100
2026/08/05 01:43:45.402, 21096, 100
2026/08/05 01:43:46.403, 21096, 100
2026/08/05 01:43:47.403, 21096, 100
2026/08/05 01:43:48.403, 21096, 100
2026/08/05 01:43:49.403, 21096, 100
2026/08/05 01:43:50.404, 21096, 100
2026/08/05 01:43:51.404, 21096, 100
2026/08/05 01:43:52.404, 21096, 100
2026/08/05 01:43:53.405, 21096, 100
2026/08/05 01:43:54.405, 21096, 100
2026/08/05 01:43:55.405, 21096, 100
2026/08/05 01:43:56.405, 21096, 100
2026/08/05 01:43:57.406, 21096, 100
2026/08/05 01:43:58.406, 21096, 100
2026/08/05 01:43:59.407, 21096, 100
2026/08/05 01:44:00.407, 21096, 100
2026/08/05 01:44:01.407, 21096, 100
2026/08/05 01:44:02.407, 21096, 100
2026/08/05 01:44:03.407, 21096, 100
2026/08/05 01:44:04.408, 21096, 100
2026/08/05 01:44:05.408, 21096, 100
2026/08/05 01:44:06.408, 21096, 100
2026/08/05 01:44:07.409, 21096, 100
2026/08/05 01:44:08.409, 21096, 100
2026/08/05 01:44:09.409, 21096, 81
2026/08/05 01:44:10.409, 21096, 100
2026/08/05 01:44:11.410, 21096, 100
2026/08/05 01:44:12.410, 21096, 100
2026/08/05 01:44:13.410, 21096, 100
2026/08/05 01:44:14.411, 21096, 100
2026/08/05 01:44:15.411, 21096, 100
2026/08/05 01:44:16.411, 21096, 92
2026/08/05 01:44:17.412, 21096, 100
2026/08/05 01:44:18.412, 21096, 100
2026/08/05 01:44:19.412, 21096, 100
2026/08/05 01:44:20.412, 21096, 100
2026/08/05 01:44:21.413, 21096, 100
2026/08/05 01:44:22.413, 21096, 100
2026/08/05 01:44:23.413, 21096, 100
2026/08/05 01:44:24.414, 21096, 100
2026/08/05 01:44:25.414, 21096, 100
2026/08/05 01:44:26.414, 21096, 100
2026/08/05 01:44:27.414, 21096, 100
2026/08/05 01:44:28.415, 21096, 100
2026/08/05 01:44:29.415, 21096, 100
2026/08/05 01:44:30.415, 21096, 100
2026/08/05 01:44:31.415, 21096, 100
2026/08/05 01:44:32.416, 21096, 100
2026/08/05 01:44:33.416, 21096, 82
2026/08/05 01:44:34.416, 21096, 100
2026/08/05 01:44:35.416, 21096, 100
2026/08/05 01:44:36.417, 21096, 100
2026/08/05 01:44:37.417, 21096, 100
2026/08/05 01:44:38.417, 21096, 100
2026/08/05 01:44:39.417, 21096, 100
2026/08/05 01:44:40.418, 21096, 100
2026/08/05 01:44:41.418, 21096, 100
2026/08/05 01:44:42.418, 21096, 100
2026/08/05 01:44:43.418, 21096, 100
2026/08/05 01:44:44.418, 21096, 100
2026/08/05 01:44:45.419, 21096, 100
2026/08/05 01:44:46.419, 21096, 63
2026/08/05 01:44:47.419, 21096, 97
2026/08/05 01:44:48.419, 21096, 100
2026/08/05 01:44:49.420, 21096, 100
2026/08/05 01:44:50.420, 21096, 97
2026/08/05 01:44:51.420, 21096, 100
2026/08/05 01:44:52.420, 21096, 100
2026/08/05 01:44:53.420, 21096, 100
2026/08/05 01:44:54.421, 21096, 100
2026/08/05 01:44:55.421, 21096, 84
2026/08/05 01:44:56.421, 21096, 100
2026/08/05 01:44:57.421, 21096, 100
2026/08/05 01:44:58.422, 21096, 100
2026/08/05 01:44:59.422, 21096, 100
2026/08/05 01:45:00.422, 21096, 100
2026/08/05 01:45:01.422, 21096, 100
2026/08/05 01:45:02.423, 21096, 100
2026/08/05 01:45:03.423, 21096, 100
2026/08/05 01:45:04.423, 21096, 100
2026/08/05 01:45:05.423, 21096, 97
2026/08/05 01:45:06.430, 21096, 99
2026/08/05 01:45:07.441, 21096, 100
2026/08/05 01:45:08.453, 21096, 100
2026/08/05 01:45:09.464, 21096, 100
2026/08/05 01:45:10.474, 21096, 100
2026/08/05 01:45:11.484, 21096, 100
2026/08/05 01:45:12.493, 21096, 88
2026/08/05 01:45:13.501, 21096, 95
2026/08/05 01:45:14.510, 21096, 100
2026/08/05 01:45:15.517, 21096, 100
2026/08/05 01:45:16.524, 21096, 100
2026/08/05 01:45:17.531, 21096, 100
2026/08/05 01:45:18.538, 21096, 100
2026/08/05 01:45:19.544, 21096, 100
2026/08/05 01:45:20.549, 21096, 100
2026/08/05 01:45:21.555, 21096, 100
2026/08/05 01:45:22.560, 21096, 100
2026/08/05 01:45:23.566, 21096, 100
2026/08/05 01:45:24.570, 21096, 100
2026/08/05 01:45:25.575, 21096, 100
2026/08/05 01:45:26.579, 21096, 100
2026/08/05 01:45:27.584, 21096, 100
2026/08/05 01:45:28.587, 21096, 100
2026/08/05 01:45:29.591, 21096, 100
2026/08/05 01:45:30.595, 21096, 100
2026/08/05 01:45:31.598, 21096, 100
2026/08/05 01:45:32.602, 21096, 100
2026/08/05 01:45:33.606, 21096, 100
2026/08/05 01:45:34.609, 21096, 100
2026/08/05 01:45:35.612, 21096, 100
2026/08/05 01:45:36.616, 21096, 100
2026/08/05 01:45:37.618, 21096, 100
2026/08/05 01:45:38.621, 21096, 100
2026/08/05 01:45:39.624, 21096, 100
2026/08/05 01:45:40.626, 21096, 100
2026/08/05 01:45:41.628, 21096, 100
2026/08/05 01:45:42.630, 21096, 100
2026/08/05 01:45:43.633, 21096, 91
2026/08/05 01:45:44.635, 21096, 100
2026/08/05 01:45:45.637, 21096, 100
2026/08/05 01:45:46.639, 21096, 100
2026/08/05 01:45:47.641, 21096, 100
2026/08/05 01:45:48.643, 21096, 100
2026/08/05 01:45:49.645, 21096, 100
2026/08/05 01:45:50.646, 21096, 100
2026/08/05 01:45:51.649, 21096, 100
2026/08/05 01:45:52.650, 21096, 100
2026/08/05 01:45:53.652, 21096, 100
2026/08/05 01:45:54.653, 21096, 100
2026/08/05 01:45:55.655, 21096, 82
2026/08/05 01:45:56.657, 21096, 100
2026/08/05 01:45:57.658, 21096, 100
2026/08/05 01:45:58.659, 21096, 100
2026/08/05 01:45:59.661, 21096, 100
2026/08/05 01:46:00.662, 21096, 85
2026/08/05 01:46:01.663, 21096, 100
2026/08/05 01:46:02.664, 21096, 100
2026/08/05 01:46:03.665, 21096, 100
2026/08/05 01:46:04.666, 21096, 100
2026/08/05 01:46:05.668, 21096, 100
2026/08/05 01:46:06.669, 21096, 100
2026/08/05 01:46:07.671, 21096, 100
2026/08/05 01:46:08.672, 21096, 100
2026/08/05 01:46:09.674, 21096, 100
2026/08/05 01:46:10.674, 21096, 85
2026/08/05 01:46:11.680, 21096, 100
2026/08/05 01:46:12.687, 21096, 79
2026/08/05 01:46:13.694, 21096, 83
2026/08/05 01:46:14.701, 21096, 100
2026/08/05 01:46:15.707, 21096, 100
2026/08/05 01:46:16.713, 21096, 100
2026/08/05 01:46:17.719, 21096, 84
2026/08/05 01:46:18.724, 21096, 100
2026/08/05 01:46:19.730, 21096, 100
2026/08/05 01:46:20.735, 21096, 100
2026/08/05 01:46:21.740, 21096, 84
2026/08/05 01:46:22.744, 21096, 100
2026/08/05 01:46:23.748, 21096, 100
2026/08/05 01:46:24.752, 21096, 100
2026/08/05 01:46:25.756, 21096, 100
2026/08/05 01:46:26.760, 21096, 100
2026/08/05 01:46:27.764, 21096, 100
2026/08/05 01:46:28.767, 21096, 100
2026/08/05 01:46:29.770, 21096, 100
2026/08/05 01:46:30.774, 21096, 100
2026/08/05 01:46:31.778, 21096, 100
2026/08/05 01:46:32.781, 21096, 100
2026/08/05 01:46:33.784, 21096, 100
2026/08/05 01:46:34.787, 21096, 100
2026/08/05 01:46:35.789, 21096, 100
2026/08/05 01:46:36.792, 21096, 84
2026/08/05 01:46:37.794, 21096, 64
2026/08/05 01:46:38.797, 21096, 82
2026/08/05 01:46:39.799, 21096, 100
2026/08/05 01:46:40.802, 21096, 84
2026/08/05 01:46:41.804, 21096, 84
2026/08/05 01:46:42.807, 21096, 100
2026/08/05 01:46:43.809, 21096, 100
2026/08/05 01:46:44.811, 21096, 100
2026/08/05 01:46:45.814, 21096, 100
2026/08/05 01:46:46.816, 21096, 100
2026/08/05 01:46:47.819, 21096, 100
2026/08/05 01:46:48.820, 21096, 96
2026/08/05 01:46:49.823, 21096, 93
2026/08/05 01:46:50.824, 21096, 100
2026/08/05 01:46:51.825, 21096, 100
2026/08/05 01:46:52.827, 21096, 84
2026/08/05 01:46:53.828, 21096, 100
2026/08/05 01:46:54.829, 21096, 100
2026/08/05 01:46:55.831, 21096, 70
2026/08/05 01:46:56.833, 21096, 100
2026/08/05 01:46:57.834, 21096, 100
2026/08/05 01:46:58.835, 21096, 100
2026/08/05 01:46:59.837, 21096, 100
2026/08/05 01:47:00.838, 21096, 100
2026/08/05 01:47:01.839, 21096, 100
2026/08/05 01:47:02.841, 21096, 100
2026/08/05 01:47:03.842, 21096, 100
2026/08/05 01:47:04.843, 21096, 100
2026/08/05 01:47:05.845, 21096, 100
2026/08/05 01:47:06.846, 21096, 100
2026/08/05 01:47:07.847, 21096, 100
2026/08/05 01:47:08.849, 21096, 90
2026/08/05 01:47:09.850, 21096, 100
2026/08/05 01:47:10.851, 21096, 100
2026/08/05 01:47:11.852, 21096, 100
2026/08/05 01:47:12.854, 21096, 100
2026/08/05 01:47:13.855, 21096, 100
2026/08/05 01:47:14.856, 21096, 100
2026/08/05 01:47:15.858, 21096, 100
2026/08/05 01:47:16.859, 21096, 100
2026/08/05 01:47:17.861, 21096, 100
2026/08/05 01:47:18.862, 21096, 100
2026/08/05 01:47:19.864, 21096, 100
2026/08/05 01:47:20.865, 21096, 100
2026/08/05 01:47:21.867, 21096, 100
2026/08/05 01:47:22.868, 21096, 100
2026/08/05 01:47:23.870, 21096, 100
2026/08/05 01:47:24.871, 21096, 63
2026/08/05 01:47:25.873, 21096, 100
2026/08/05 01:47:26.874, 21096, 63
2026/08/05 01:47:27.875, 21096, 100
2026/08/05 01:47:28.876, 21096, 100
2026/08/05 01:47:29.877, 21096, 100
2026/08/05 01:47:30.879, 21096, 96
2026/08/05 01:47:31.880, 21096, 100
2026/08/05 01:47:32.881, 21096, 85
2026/08/05 01:47:33.882, 21096, 100
2026/08/05 01:47:34.884, 21096, 100
2026/08/05 01:47:35.885, 21096, 100
2026/08/05 01:47:36.886, 21096, 100
2026/08/05 01:47:37.888, 21096, 100
2026/08/05 01:47:38.889, 21096, 62
2026/08/05 01:47:39.891, 21096, 100
2026/08/05 01:47:40.892, 21096, 100
2026/08/05 01:47:41.893, 21096, 100
2026/08/05 01:47:42.894, 21096, 100
2026/08/05 01:47:43.895, 21096, 100
2026/08/05 01:47:44.897, 21096, 100
2026/08/05 01:47:45.898, 21096, 100
2026/08/05 01:47:46.899, 21096, 100
2026/08/05 01:47:47.899, 21096, 100
2026/08/05 01:47:48.900, 21096, 100
2026/08/05 01:47:49.900, 21096, 100
2026/08/05 01:47:50.900, 21096, 100
2026/08/05 01:47:51.900, 21096, 100
2026/08/05 01:47:52.900, 21096, 100
2026/08/05 01:47:53.901, 21096, 100
2026/08/05 01:47:54.901, 21096, 100
2026/08/05 01:47:55.901, 21096, 100
2026/08/05 01:47:56.902, 21096, 85
2026/08/05 01:47:57.902, 21096, 100
2026/08/05 01:47:58.903, 21096, 100
2026/08/05 01:47:59.903, 21096, 100
2026/08/05 01:48:00.903, 21096, 82
2026/08/05 01:48:01.903, 21096, 100
2026/08/05 01:48:02.903, 21096, 100
2026/08/05 01:48:03.903, 21096, 100
2026/08/05 01:48:04.904, 21096, 100
2026/08/05 01:48:05.904, 21096, 100
2026/08/05 01:48:06.904, 21096, 100
2026/08/05 01:48:07.904, 21096, 100
2026/08/05 01:48:08.905, 21096, 83
2026/08/05 01:48:09.905, 21096, 83
2026/08/05 01:48:10.905, 21096, 100
2026/08/05 01:48:11.905, 21096, 85
2026/08/05 01:48:12.905, 21096, 100
2026/08/05 01:48:13.906, 21096, 100
2026/08/05 01:48:14.906, 21096, 100
2026/08/05 01:48:15.906, 21096, 100
2026/08/05 01:48:16.906, 21096, 100
2026/08/05 01:48:17.906, 21096, 100
2026/08/05 01:48:18.907, 21096, 100
2026/08/05 01:48:19.907, 21096, 100
2026/08/05 01:48:20.907, 21096, 100
2026/08/05 01:48:21.907, 21096, 100
2026/08/05 01:48:22.908, 21096, 100
2026/08/05 01:48:23.908, 21096, 100
2026/08/05 01:48:24.908, 21096, 100
2026/08/05 01:48:25.908, 21096, 100
2026/08/05 01:48:26.909, 21096, 100
2026/08/05 01:48:27.909, 21096, 100
2026/08/05 01:48:28.909, 21096, 100
2026/08/05 01:48:29.910, 21096, 100
2026/08/05 01:48:30.910, 21096, 100
2026/08/05 01:48:31.910, 21096, 99
2026/08/05 01:48:32.910, 21096, 89
2026/08/05 01:48:33.910, 21096, 100
2026/08/05 01:48:34.910, 21096, 98
2026/08/05 01:48:35.911, 21096, 100
2026/08/05 01:48:36.911, 21096, 100
2026/08/05 01:48:37.911, 21096, 100
2026/08/05 01:48:38.911, 21096, 100
2026/08/05 01:48:39.912, 21096, 100
2026/08/05 01:48:40.912, 21096, 86
2026/08/05 01:48:41.915, 21096, 100
2026/08/05 01:48:42.916, 21096, 100
2026/08/05 01:48:43.916, 21096, 100
2026/08/05 01:48:44.916, 21096, 100
2026/08/05 01:48:45.916, 21096, 100
2026/08/05 01:48:46.917, 21096, 100
2026/08/05 01:48:47.917, 21096, 100
2026/08/05 01:48:48.917, 21096, 100
2026/08/05 01:48:49.917, 21096, 100
2026/08/05 01:48:50.917, 21096, 100
2026/08/05 01:48:51.918, 21096, 83
2026/08/05 01:48:52.918, 21096, 97
2026/08/05 01:48:53.918, 21096, 100
2026/08/05 01:48:54.918, 21096, 100
2026/08/05 01:48:55.918, 21096, 84
2026/08/05 01:48:56.919, 21096, 100
2026/08/05 01:48:57.920, 21096, 100
2026/08/05 01:48:58.920, 21096, 100
2026/08/05 01:48:59.920, 21096, 100
2026/08/05 01:49:00.921, 21096, 100
2026/08/05 01:49:01.921, 21096, 64
2026/08/05 01:49:02.921, 21096, 100
2026/08/05 01:49:03.921, 21096, 100
2026/08/05 01:49:04.921, 21096, 100
2026/08/05 01:49:05.922, 21096, 100
2026/08/05 01:49:06.922, 21096, 100
2026/08/05 01:49:07.922, 21096, 100
2026/08/05 01:49:08.923, 21096, 83
2026/08/05 01:49:09.923, 21096, 100
2026/08/05 01:49:10.923, 21096, 100
2026/08/05 01:49:11.923, 21096, 100
2026/08/05 01:49:12.924, 21096, 100
2026/08/05 01:49:13.924, 21096, 100
2026/08/05 01:49:14.924, 21096, 100
2026/08/05 01:49:15.924, 21096, 100
2026/08/05 01:49:16.925, 21096, 100
2026/08/05 01:49:17.925, 21096, 100
2026/08/05 01:49:18.925, 21096, 100
2026/08/05 01:49:19.925, 21096, 100
2026/08/05 01:49:20.926, 21096, 100
2026/08/05 01:49:21.926, 21096, 100
2026/08/05 01:49:22.926, 21096, 100
2026/08/05 01:49:23.926, 21096, 100
2026/08/05 01:49:24.927, 21096, 100
2026/08/05 01:49:25.927, 21096, 100
2026/08/05 01:49:26.927, 21096, 100
2026/08/05 01:49:27.928, 21096, 100
2026/08/05 01:49:28.928, 21096, 100
2026/08/05 01:49:29.928, 21096, 100
2026/08/05 01:49:30.928, 21096, 97
2026/08/05 01:49:31.928, 21096, 100
2026/08/05 01:49:32.929, 21096, 100
2026/08/05 01:49:33.929, 21096, 100
2026/08/05 01:49:34.929, 21096, 100
2026/08/05 01:49:35.929, 21096, 100
2026/08/05 01:49:36.930, 21096, 100
2026/08/05 01:49:37.930, 21096, 100
2026/08/05 01:49:38.930, 21096, 100
2026/08/05 01:49:39.930, 21096, 100
2026/08/05 01:49:40.930, 21096, 100
2026/08/05 01:49:41.931, 21096, 100
2026/08/05 01:49:42.931, 21096, 100
2026/08/05 01:49:43.931, 21096, 100
2026/08/05 01:49:44.931, 21096, 100
2026/08/05 01:49:45.932, 21096, 100
2026/08/05 01:49:46.932, 21096, 100
2026/08/05 01:49:47.932, 21096, 100
2026/08/05 01:49:48.933, 21096, 100
2026/08/05 01:49:49.933, 21096, 100
2026/08/05 01:49:50.933, 21096, 100
2026/08/05 01:49:51.933, 21096, 100
2026/08/05 01:49:52.933, 21096, 100
2026/08/05 01:49:53.933, 21096, 64
2026/08/05 01:49:54.934, 21096, 100
2026/08/05 01:49:55.934, 21096, 100
2026/08/05 01:49:56.934, 21096, 100
2026/08/05 01:49:57.934, 21096, 84
2026/08/05 01:49:58.939, 21096, 100
2026/08/05 01:49:59.944, 21096, 100
2026/08/05 01:50:00.949, 21096, 100
2026/08/05 01:50:01.955, 21096, 100
2026/08/05 01:50:02.959, 21096, 100
2026/08/05 01:50:03.963, 21096, 100
2026/08/05 01:50:04.967, 21096, 88
2026/08/05 01:50:05.971, 21096, 86
2026/08/05 01:50:06.975, 21096, 100
2026/08/05 01:50:07.978, 21096, 85
2026/08/05 01:50:08.982, 21096, 100
2026/08/05 01:50:09.985, 21096, 100
2026/08/05 01:50:10.988, 21096, 100
2026/08/05 01:50:11.990, 21096, 100
2026/08/05 01:50:12.992, 21096, 100
2026/08/05 01:50:13.995, 21096, 100
2026/08/05 01:50:14.997, 21096, 100
2026/08/05 01:50:15.999, 21096, 100
2026/08/05 01:50:17.002, 21096, 100
2026/08/05 01:50:18.004, 21096, 100
2026/08/05 01:50:19.007, 21096, 84
2026/08/05 01:50:20.008, 21096, 100
2026/08/05 01:50:21.011, 21096, 100
2026/08/05 01:50:22.013, 21096, 80
2026/08/05 01:50:23.015, 21096, 86
2026/08/05 01:50:24.017, 21096, 100
2026/08/05 01:50:25.019, 21096, 84
2026/08/05 01:50:26.020, 21096, 84
2026/08/05 01:50:27.021, 21096, 84
2026/08/05 01:50:28.023, 21096, 100
2026/08/05 01:50:29.025, 21096, 100
2026/08/05 01:50:30.027, 21096, 100
2026/08/05 01:50:31.028, 21096, 100
2026/08/05 01:50:32.029, 21096, 100
2026/08/05 01:50:33.030, 21096, 100
2026/08/05 01:50:34.032, 21096, 87
2026/08/05 01:50:35.033, 21096, 83
2026/08/05 01:50:36.034, 21096, 99
2026/08/05 01:50:37.036, 21096, 100
2026/08/05 01:50:38.037, 21096, 100
2026/08/05 01:50:39.038, 21096, 100
2026/08/05 01:50:40.039, 21096, 100
2026/08/05 01:50:41.041, 21096, 100
2026/08/05 01:50:42.042, 21096, 100
2026/08/05 01:50:43.043, 21096, 100
2026/08/05 01:50:44.044, 21096, 100
2026/08/05 01:50:45.046, 21096, 100
2026/08/05 01:50:46.047, 21096, 100
2026/08/05 01:50:47.048, 21096, 100
2026/08/05 01:50:48.050, 21096, 100
2026/08/05 01:50:49.051, 21096, 100
2026/08/05 01:50:50.052, 21096, 100
2026/08/05 01:50:51.052, 21096, 100
2026/08/05 01:50:52.053, 21096, 100
2026/08/05 01:50:53.054, 21096, 100
2026/08/05 01:50:54.055, 21096, 99
2026/08/05 01:50:55.056, 21096, 83
2026/08/05 01:50:56.057, 21096, 100
2026/08/05 01:50:57.059, 21096, 100
2026/08/05 01:50:58.060, 21096, 64
2026/08/05 01:50:59.061, 21096, 100
2026/08/05 01:51:00.063, 21096, 100
2026/08/05 01:51:01.064, 21096, 100
2026/08/05 01:51:02.065, 21096, 100
2026/08/05 01:51:03.066, 21096, 86
2026/08/05 01:51:04.066, 21096, 100
2026/08/05 01:51:05.066, 21096, 100
2026/08/05 01:51:06.066, 21096, 75
2026/08/05 01:51:07.066, 21096, 100
2026/08/05 01:51:08.067, 21096, 100
2026/08/05 01:51:09.067, 21096, 100
2026/08/05 01:51:10.067, 21096, 100
2026/08/05 01:51:11.067, 21096, 100
2026/08/05 01:51:12.067, 21096, 100
2026/08/05 01:51:13.068, 21096, 84
2026/08/05 01:51:14.068, 21096, 100
2026/08/05 01:51:15.068, 21096, 100
2026/08/05 01:51:16.068, 21096, 91
2026/08/05 01:51:17.069, 21096, 100
2026/08/05 01:51:18.069, 21096, 100
2026/08/05 01:51:19.069, 21096, 100
2026/08/05 01:51:20.069, 21096, 100
2026/08/05 01:51:21.069, 21096, 100
2026/08/05 01:51:22.070, 21096, 100
2026/08/05 01:51:23.070, 21096, 100
2026/08/05 01:51:24.070, 21096, 100
2026/08/05 01:51:25.070, 21096, 100
2026/08/05 01:51:26.070, 21096, 100
2026/08/05 01:51:27.071, 21096, 100
2026/08/05 01:51:28.071, 21096, 100
2026/08/05 01:51:29.071, 21096, 100
2026/08/05 01:51:30.071, 21096, 100
2026/08/05 01:51:31.072, 21096, 100
2026/08/05 01:51:32.072, 21096, 63
2026/08/05 01:51:33.072, 21096, 84
2026/08/05 01:51:34.072, 21096, 100
2026/08/05 01:51:35.073, 21096, 85
2026/08/05 01:51:36.073, 21096, 100
2026/08/05 01:51:37.073, 21096, 100
2026/08/05 01:51:38.073, 21096, 100
2026/08/05 01:51:39.074, 21096, 100
2026/08/05 01:51:40.074, 21096, 100
2026/08/05 01:51:41.074, 21096, 100
2026/08/05 01:51:42.074, 21096, 100
2026/08/05 01:51:43.075, 21096, 100
2026/08/05 01:51:44.075, 21096, 100
2026/08/05 01:51:45.075, 21096, 100
2026/08/05 01:51:46.075, 21096, 100
2026/08/05 01:51:47.075, 21096, 67
2026/08/05 01:51:48.076, 21096, 100
2026/08/05 01:51:49.076, 21096, 100
2026/08/05 01:51:50.076, 21096, 84
2026/08/05 01:51:51.076, 21096, 100
2026/08/05 01:51:52.077, 21096, 100
2026/08/05 01:51:53.077, 21096, 100
2026/08/05 01:51:54.077, 21096, 100
2026/08/05 01:51:55.077, 21096, 100
2026/08/05 01:51:56.078, 21096, 97
2026/08/05 01:51:57.078, 21096, 97
2026/08/05 01:51:58.078, 21096, 100
2026/08/05 01:51:59.078, 21096, 100
2026/08/05 01:52:00.078, 21096, 100
2026/08/05 01:52:01.079, 21096, 100
2026/08/05 01:52:02.079, 21096, 100
2026/08/05 01:52:03.079, 21096, 100
2026/08/05 01:52:04.079, 21096, 100
2026/08/05 01:52:05.080, 21096, 100
2026/08/05 01:52:06.080, 21096, 100
2026/08/05 01:52:07.080, 21096, 100
2026/08/05 01:52:08.083, 21096, 100
2026/08/05 01:52:09.084, 21096, 100
2026/08/05 01:52:10.086, 21096, 100
2026/08/05 01:52:11.088, 21096, 100
2026/08/05 01:52:12.090, 21096, 100
2026/08/05 01:52:13.091, 21096, 100
2026/08/05 01:52:14.092, 21096, 100
2026/08/05 01:52:15.094, 21096, 84
2026/08/05 01:52:16.095, 21096, 100
2026/08/05 01:52:17.096, 21096, 100
2026/08/05 01:52:18.097, 21096, 100
2026/08/05 01:52:19.099, 21096, 100
2026/08/05 01:52:20.100, 21096, 100
2026/08/05 01:52:21.101, 21096, 100
2026/08/05 01:52:22.103, 21096, 100
2026/08/05 01:52:23.104, 21096, 100
2026/08/05 01:52:24.106, 21096, 83
2026/08/05 01:52:25.107, 21096, 100
2026/08/05 01:52:26.109, 21096, 100
2026/08/05 01:52:27.110, 21096, 100
2026/08/05 01:52:28.111, 21096, 100
2026/08/05 01:52:29.113, 21096, 100
2026/08/05 01:52:30.115, 21096, 82
2026/08/05 01:52:31.116, 21096, 100
2026/08/05 01:52:32.117, 21096, 100
2026/08/05 01:52:33.118, 21096, 83
2026/08/05 01:52:34.120, 21096, 100
2026/08/05 01:52:35.121, 21096, 100
2026/08/05 01:52:36.123, 21096, 100
2026/08/05 01:52:37.124, 21096, 100
2026/08/05 01:52:38.126, 21096, 100
2026/08/05 01:52:39.126, 21096, 90
2026/08/05 01:52:40.128, 21096, 100
2026/08/05 01:52:41.129, 21096, 100
2026/08/05 01:52:42.131, 21096, 100
2026/08/05 01:52:43.131, 21096, 100
2026/08/05 01:52:44.132, 21096, 100
2026/08/05 01:52:45.132, 21096, 100
2026/08/05 01:52:46.132, 21096, 100
2026/08/05 01:52:47.133, 21096, 100
2026/08/05 01:52:48.133, 21096, 100
2026/08/05 01:52:49.135, 21096, 100
2026/08/05 01:52:50.135, 21096, 100
2026/08/05 01:52:51.137, 21096, 100
2026/08/05 01:52:52.137, 21096, 100
2026/08/05 01:52:53.137, 21096, 83
2026/08/05 01:52:54.138, 21096, 100
2026/08/05 01:52:55.138, 21096, 100
2026/08/05 01:52:56.138, 21096, 100
2026/08/05 01:52:57.138, 21096, 100
2026/08/05 01:52:58.139, 21096, 100
2026/08/05 01:52:59.139, 21096, 100
2026/08/05 01:53:00.139, 21096, 100
2026/08/05 01:53:01.139, 21096, 100
2026/08/05 01:53:02.140, 21096, 85
2026/08/05 01:53:03.140, 21096, 100
2026/08/05 01:53:04.140, 21096, 100
2026/08/05 01:53:05.140, 21096, 100
2026/08/05 01:53:06.141, 21096, 64
2026/08/05 01:53:07.141, 21096, 94
2026/08/05 01:53:08.141, 21096, 100
2026/08/05 01:53:09.142, 21096, 100
2026/08/05 01:53:10.143, 21096, 100
2026/08/05 01:53:11.143, 21096, 100
2026/08/05 01:53:12.144, 21096, 100
2026/08/05 01:53:13.144, 21096, 100
2026/08/05 01:53:14.144, 21096, 100
2026/08/05 01:53:15.145, 21096, 100
2026/08/05 01:53:16.145, 21096, 100
2026/08/05 01:53:17.145, 21096, 100
2026/08/05 01:53:18.145, 21096, 100
2026/08/05 01:53:19.145, 21096, 100
2026/08/05 01:53:20.146, 21096, 100
2026/08/05 01:53:21.146, 21096, 100
2026/08/05 01:53:22.146, 21096, 100
2026/08/05 01:53:23.146, 21096, 100
2026/08/05 01:53:24.147, 21096, 100
2026/08/05 01:53:25.148, 21096, 100
2026/08/05 01:53:26.149, 21096, 100
2026/08/05 01:53:27.149, 21096, 100
2026/08/05 01:53:28.149, 21096, 100
2026/08/05 01:53:29.149, 21096, 100
2026/08/05 01:53:30.150, 21096, 100
2026/08/05 01:53:31.150, 21096, 100
2026/08/05 01:53:32.150, 21096, 100
2026/08/05 01:53:33.150, 21096, 100
2026/08/05 01:53:34.150, 21096, 100
2026/08/05 01:53:35.151, 21096, 100
2026/08/05 01:53:36.151, 21096, 82
2026/08/05 01:53:37.151, 21096, 100
2026/08/05 01:53:38.151, 21096, 100
2026/08/05 01:53:39.151, 21096, 100
2026/08/05 01:53:40.153, 21096, 82
2026/08/05 01:53:41.153, 21096, 100
2026/08/05 01:53:42.153, 21096, 100
2026/08/05 01:53:43.154, 21096, 100
2026/08/05 01:53:44.154, 21096, 100
2026/08/05 01:53:45.154, 21096, 100
2026/08/05 01:53:46.154, 21096, 100
2026/08/05 01:53:47.155, 21096, 83
2026/08/05 01:53:48.155, 21096, 100
2026/08/05 01:53:49.155, 21096, 97
2026/08/05 01:53:50.155, 21096, 84
2026/08/05 01:53:51.156, 21096, 86
2026/08/05 01:53:52.156, 21096, 100
2026/08/05 01:53:53.156, 21096, 84
2026/08/05 01:53:54.156, 21096, 100
2026/08/05 01:53:55.157, 21096, 100
2026/08/05 01:53:56.157, 21096, 100
2026/08/05 01:53:57.157, 21096, 100
2026/08/05 01:53:58.157, 21096, 100
2026/08/05 01:53:59.158, 21096, 100
2026/08/05 01:54:00.158, 21096, 100
2026/08/05 01:54:01.158, 21096, 100
2026/08/05 01:54:02.158, 21096, 100
2026/08/05 01:54:03.159, 21096, 100
2026/08/05 01:54:04.159, 21096, 100
2026/08/05 01:54:05.163, 21096, 100
2026/08/05 01:54:06.163, 21096, 83
2026/08/05 01:54:07.163, 21096, 100
2026/08/05 01:54:08.163, 21096, 100
2026/08/05 01:54:09.163, 21096, 100
2026/08/05 01:54:10.164, 21096, 100
2026/08/05 01:54:11.164, 21096, 64
2026/08/05 01:54:12.164, 21096, 85
2026/08/05 01:54:13.164, 21096, 100
2026/08/05 01:54:14.165, 21096, 100
2026/08/05 01:54:15.165, 21096, 84
2026/08/05 01:54:16.165, 21096, 100
2026/08/05 01:54:17.165, 21096, 100
2026/08/05 01:54:18.166, 21096, 100
2026/08/05 01:54:19.166, 21096, 100
2026/08/05 01:54:20.166, 21096, 90
2026/08/05 01:54:21.166, 21096, 100
2026/08/05 01:54:22.166, 21096, 100
2026/08/05 01:54:23.167, 21096, 100
2026/08/05 01:54:24.167, 21096, 100
2026/08/05 01:54:25.167, 21096, 100
2026/08/05 01:54:26.168, 21096, 100
2026/08/05 01:54:27.168, 21096, 100
2026/08/05 01:54:28.168, 21096, 100
2026/08/05 01:54:29.168, 21096, 100
2026/08/05 01:54:30.169, 21096, 100
2026/08/05 01:54:31.169, 21096, 100
2026/08/05 01:54:32.170, 21096, 100
2026/08/05 01:54:33.170, 21096, 100
2026/08/05 01:54:34.170, 21096, 100
2026/08/05 01:54:35.170, 21096, 100
2026/08/05 01:54:36.171, 21096, 81
2026/08/05 01:54:37.171, 21096, 84
2026/08/05 01:54:38.171, 21096, 100
2026/08/05 01:54:39.172, 21096, 84
2026/08/05 01:54:40.173, 21096, 100
2026/08/05 01:54:41.173, 21096, 100
2026/08/05 01:54:42.173, 21096, 100
2026/08/05 01:54:43.174, 21096, 100
2026/08/05 01:54:44.174, 21096, 100
2026/08/05 01:54:45.174, 21096, 100
2026/08/05 01:54:46.174, 21096, 100
2026/08/05 01:54:47.175, 21096, 100
2026/08/05 01:54:48.175, 21096, 86
2026/08/05 01:54:49.175, 21096, 100
2026/08/05 01:54:50.175, 21096, 100
2026/08/05 01:54:51.176, 21096, 100
2026/08/05 01:54:52.176, 21096, 100
2026/08/05 01:54:53.176, 21096, 100
2026/08/05 01:54:54.176, 21096, 100
2026/08/05 01:54:55.177, 21096, 100
2026/08/05 01:54:56.177, 21096, 100
2026/08/05 01:54:57.177, 21096, 100
2026/08/05 01:54:58.178, 21096, 100
2026/08/05 01:54:59.178, 21096, 100
2026/08/05 01:55:00.178, 21096, 100
2026/08/05 01:55:01.178, 21096, 100
2026/08/05 01:55:02.179, 21096, 100
2026/08/05 01:55:03.179, 21096, 94
2026/08/05 01:55:04.180, 21096, 100
2026/08/05 01:55:05.181, 21096, 100
2026/08/05 01:55:06.181, 21096, 100
2026/08/05 01:55:07.182, 21096, 100
2026/08/05 01:55:08.182, 21096, 100
2026/08/05 01:55:09.182, 21096, 100
2026/08/05 01:55:10.182, 21096, 80
2026/08/05 01:55:11.183, 21096, 100
2026/08/05 01:55:12.183, 21096, 100
2026/08/05 01:55:13.183, 21096, 100
2026/08/05 01:55:14.183, 21096, 100
2026/08/05 01:55:15.184, 21096, 100
2026/08/05 01:55:16.184, 21096, 100
2026/08/05 01:55:17.184, 21096, 100
2026/08/05 01:55:18.184, 21096, 100
2026/08/05 01:55:19.185, 21096, 100
2026/08/05 01:55:20.185, 21096, 100
2026/08/05 01:55:21.185, 21096, 83
2026/08/05 01:55:22.185, 21096, 100
2026/08/05 01:55:23.185, 21096, 97
2026/08/05 01:55:24.186, 21096, 100
2026/08/05 01:55:25.186, 21096, 100
2026/08/05 01:55:26.186, 21096, 100
2026/08/05 01:55:27.186, 21096, 100
2026/08/05 01:55:28.186, 21096, 100
2026/08/05 01:55:29.187, 21096, 100
2026/08/05 01:55:30.187, 21096, 100
2026/08/05 01:55:31.187, 21096, 100
2026/08/05 01:55:32.187, 21096, 100
2026/08/05 01:55:33.188, 21096, 100
2026/08/05 01:55:34.188, 21096, 100
2026/08/05 01:55:35.188, 21096, 100
2026/08/05 01:55:36.189, 21096, 100
2026/08/05 01:55:37.189, 21096, 100
2026/08/05 01:55:38.189, 21096, 100
2026/08/05 01:55:39.189, 21096, 100
2026/08/05 01:55:40.189, 21096, 100
2026/08/05 01:55:41.190, 21096, 100
2026/08/05 01:55:42.190, 21096, 100
2026/08/05 01:55:43.190, 21096, 100
2026/08/05 01:55:44.190, 21096, 100
2026/08/05 01:55:45.190, 21096, 100
2026/08/05 01:55:46.191, 21096, 100
2026/08/05 01:55:47.191, 21096, 100
2026/08/05 01:55:48.191, 21096, 62
2026/08/05 01:55:49.191, 21096, 100
2026/08/05 01:55:50.192, 21096, 100
2026/08/05 01:55:51.192, 21096, 100
2026/08/05 01:55:52.192, 21096, 100
2026/08/05 01:55:53.192, 21096, 84
2026/08/05 01:55:54.193, 21096, 100
2026/08/05 01:55:55.193, 21096, 100
2026/08/05 01:55:56.193, 21096, 100
2026/08/05 01:55:57.193, 21096, 100
2026/08/05 01:55:58.193, 21096, 88
2026/08/05 01:55:59.194, 21096, 100
2026/08/05 01:56:00.194, 21096, 73
2026/08/05 01:56:01.194, 21096, 81
2026/08/05 01:56:02.194, 21096, 100
2026/08/05 01:56:03.194, 21096, 73
2026/08/05 01:56:04.195, 21096, 100
2026/08/05 01:56:05.195, 21096, 100
2026/08/05 01:56:06.196, 21096, 100
2026/08/05 01:56:07.196, 21096, 100
2026/08/05 01:56:08.196, 21096, 100
2026/08/05 01:56:09.196, 21096, 100
2026/08/05 01:56:10.197, 21096, 100
2026/08/05 01:56:11.197, 21096, 100
2026/08/05 01:56:12.197, 21096, 100
2026/08/05 01:56:13.197, 21096, 100
2026/08/05 01:56:14.197, 21096, 98
2026/08/05 01:56:15.198, 21096, 100
2026/08/05 01:56:16.198, 21096, 100
2026/08/05 01:56:17.198, 21096, 100
2026/08/05 01:56:18.198, 21096, 100
2026/08/05 01:56:19.199, 21096, 100
2026/08/05 01:56:20.199, 21096, 100
2026/08/05 01:56:21.199, 21096, 100
2026/08/05 01:56:22.199, 21096, 100
2026/08/05 01:56:23.199, 21096, 100
2026/08/05 01:56:24.200, 21096, 60
2026/08/05 01:56:25.200, 21096, 84
2026/08/05 01:56:26.200, 21096, 100
2026/08/05 01:56:27.200, 21096, 100
2026/08/05 01:56:28.201, 21096, 100
2026/08/05 01:56:29.201, 21096, 100
2026/08/05 01:56:30.201, 21096, 100
2026/08/05 01:56:31.201, 21096, 100
2026/08/05 01:56:32.201, 21096, 100
2026/08/05 01:56:33.202, 21096, 96
2026/08/05 01:56:34.202, 21096, 100
2026/08/05 01:56:35.202, 21096, 84
2026/08/05 01:56:36.203, 21096, 100
2026/08/05 01:56:37.203, 21096, 100
2026/08/05 01:56:38.203, 21096, 99
2026/08/05 01:56:39.204, 21096, 100
2026/08/05 01:56:40.204, 21096, 100
2026/08/05 01:56:41.205, 21096, 100
2026/08/05 01:56:42.205, 21096, 67
2026/08/05 01:56:43.205, 21096, 100
2026/08/05 01:56:44.206, 21096, 100
2026/08/05 01:56:45.206, 21096, 86
2026/08/05 01:56:46.206, 21096, 100
2026/08/05 01:56:47.206, 21096, 100
2026/08/05 01:56:48.207, 21096, 100
2026/08/05 01:56:49.207, 21096, 100
2026/08/05 01:56:50.207, 21096, 100
2026/08/05 01:56:51.208, 21096, 100
2026/08/05 01:56:52.208, 21096, 100
2026/08/05 01:56:53.209, 21096, 100
2026/08/05 01:56:54.209, 21096, 100
2026/08/05 01:56:55.209, 21096, 100
2026/08/05 01:56:56.210, 21096, 100
2026/08/05 01:56:57.210, 21096, 100
2026/08/05 01:56:58.210, 21096, 100
2026/08/05 01:56:59.210, 21096, 100
2026/08/05 01:57:00.211, 21096, 100
2026/08/05 01:57:01.212, 21096, 100
2026/08/05 01:57:02.212, 21096, 100
2026/08/05 01:57:03.212, 21096, 100
2026/08/05 01:57:04.213, 21096, 100
2026/08/05 01:57:05.213, 21096, 100
2026/08/05 01:57:06.213, 21096, 78
2026/08/05 01:57:07.213, 21096, 100
2026/08/05 01:57:08.214, 21096, 84
2026/08/05 01:57:09.214, 21096, 100
2026/08/05 01:57:10.214, 21096, 100
2026/08/05 01:57:11.215, 21096, 100
2026/08/05 01:57:12.215, 21096, 100
2026/08/05 01:57:13.215, 21096, 100
2026/08/05 01:57:14.216, 21096, 100
2026/08/05 01:57:15.216, 21096, 100
2026/08/05 01:57:16.216, 21096, 100
2026/08/05 01:57:17.217, 21096, 100
2026/08/05 01:57:18.217, 21096, 92
2026/08/05 01:57:19.217, 21096, 100
2026/08/05 01:57:20.218, 21096, 100
2026/08/05 01:57:21.218, 21096, 100
2026/08/05 01:57:22.218, 21096, 64
2026/08/05 01:57:23.219, 21096, 100
2026/08/05 01:57:24.219, 21096, 100
2026/08/05 01:57:25.219, 21096, 100
2026/08/05 01:57:26.219, 21096, 100
2026/08/05 01:57:27.220, 21096, 100
2026/08/05 01:57:28.220, 21096, 100
2026/08/05 01:57:29.220, 21096, 100
2026/08/05 01:57:30.221, 21096, 100
2026/08/05 01:57:31.221, 21096, 100
2026/08/05 01:57:32.221, 21096, 100
2026/08/05 01:57:33.221, 21096, 100
2026/08/05 01:57:34.222, 21096, 100
2026/08/05 01:57:35.222, 21096, 99
2026/08/05 01:57:36.222, 21096, 100
2026/08/05 01:57:37.222, 21096, 100
2026/08/05 01:57:38.223, 21096, 100
2026/08/05 01:57:39.223, 21096, 100
2026/08/05 01:57:40.223, 21096, 100
2026/08/05 01:57:41.224, 21096, 100
2026/08/05 01:57:42.224, 21096, 100
2026/08/05 01:57:43.224, 21096, 100
2026/08/05 01:57:44.224, 21096, 100
2026/08/05 01:57:45.225, 21096, 100
2026/08/05 01:57:46.225, 21096, 100
2026/08/05 01:57:47.225, 21096, 100
2026/08/05 01:57:48.225, 21096, 100
2026/08/05 01:57:49.226, 21096, 100
2026/08/05 01:57:50.226, 21096, 100
2026/08/05 01:57:51.226, 21096, 100
2026/08/05 01:57:52.226, 21096, 100
2026/08/05 01:57:53.227, 21096, 100
2026/08/05 01:57:54.227, 21096, 100
2026/08/05 01:57:55.227, 21096, 96
2026/08/05 01:57:56.228, 21096, 100
2026/08/05 01:57:57.228, 21096, 100
2026/08/05 01:57:58.228, 21096, 100
2026/08/05 01:57:59.228, 21096, 100
2026/08/05 01:58:00.228, 21096, 100
2026/08/05 01:58:01.229, 21096, 100
2026/08/05 01:58:02.229, 21096, 100
2026/08/05 01:58:03.229, 21096, 100
2026/08/05 01:58:04.230, 21096, 100
2026/08/05 01:58:05.230, 21096, 100
2026/08/05 01:58:06.230, 21096, 100
2026/08/05 01:58:07.230, 21096, 100
2026/08/05 01:58:08.230, 21096, 100
2026/08/05 01:58:09.231, 21096, 100
2026/08/05 01:58:10.231, 21096, 100
2026/08/05 01:58:11.231, 21096, 100
2026/08/05 01:58:12.231, 21096, 83
2026/08/05 01:58:13.231, 21096, 100
2026/08/05 01:58:14.232, 21096, 100
2026/08/05 01:58:15.232, 21096, 85
2026/08/05 01:58:16.232, 21096, 63
2026/08/05 01:58:17.232, 21096, 84
2026/08/05 01:58:18.233, 21096, 100
2026/08/05 01:58:19.233, 21096, 100
2026/08/05 01:58:20.233, 21096, 64
2026/08/05 01:58:21.233, 21096, 100
2026/08/05 01:58:22.233, 21096, 100
2026/08/05 01:58:23.234, 21096, 100
2026/08/05 01:58:24.234, 21096, 100
2026/08/05 01:58:25.234, 21096, 100
2026/08/05 01:58:26.234, 21096, 83
2026/08/05 01:58:27.235, 21096, 100
2026/08/05 01:58:28.235, 21096, 100
2026/08/05 01:58:29.235, 21096, 100
2026/08/05 01:58:30.235, 21096, 100
2026/08/05 01:58:31.236, 21096, 100
2026/08/05 01:58:32.236, 21096, 100
2026/08/05 01:58:33.236, 21096, 100
2026/08/05 01:58:34.236, 21096, 100
2026/08/05 01:58:35.237, 21096, 100
2026/08/05 01:58:36.237, 21096, 100
2026/08/05 01:58:37.237, 21096, 100
2026/08/05 01:58:38.237, 21096, 100
2026/08/05 01:58:39.237, 21096, 100
2026/08/05 01:58:40.238, 21096, 100
2026/08/05 01:58:41.238, 21096, 100
2026/08/05 01:58:42.238, 21096, 100
2026/08/05 01:58:43.238, 21096, 100
2026/08/05 01:58:44.239, 21096, 100
2026/08/05 01:58:45.239, 21096, 95
2026/08/05 01:58:46.239, 21096, 100
2026/08/05 01:58:47.240, 21096, 100
2026/08/05 01:58:48.240, 21096, 100
2026/08/05 01:58:49.240, 21096, 100
2026/08/05 01:58:50.240, 21096, 84
2026/08/05 01:58:51.240, 21096, 100
2026/08/05 01:58:52.240, 21096, 100
2026/08/05 01:58:53.241, 21096, 100
2026/08/05 01:58:54.241, 21096, 100
2026/08/05 01:58:55.241, 21096, 100
2026/08/05 01:58:56.241, 21096, 100
2026/08/05 01:58:57.242, 21096, 100
2026/08/05 01:58:58.242, 21096, 100
2026/08/05 01:58:59.242, 21096, 100
2026/08/05 01:59:00.242, 21096, 100
2026/08/05 01:59:01.242, 21096, 100
2026/08/05 01:59:02.243, 21096, 85
2026/08/05 01:59:03.243, 21096, 100
2026/08/05 01:59:04.243, 21096, 82
2026/08/05 01:59:05.243, 21096, 100
2026/08/05 01:59:06.244, 21096, 100
2026/08/05 01:59:07.244, 21096, 100
2026/08/05 01:59:08.244, 21096, 100
2026/08/05 01:59:09.245, 21096, 100
2026/08/05 01:59:10.245, 21096, 100
2026/08/05 01:59:11.245, 21096, 100
2026/08/05 01:59:12.245, 21096, 100
2026/08/05 01:59:13.245, 21096, 100
2026/08/05 01:59:14.246, 21096, 100
2026/08/05 01:59:15.246, 21096, 100
2026/08/05 01:59:16.246, 21096, 100
2026/08/05 01:59:17.246, 21096, 100
2026/08/05 01:59:18.246, 21096, 100
2026/08/05 01:59:19.247, 21096, 100
2026/08/05 01:59:20.247, 21096, 98
2026/08/05 01:59:21.247, 21096, 100
2026/08/05 01:59:22.247, 21096, 100
2026/08/05 01:59:23.248, 21096, 100
2026/08/05 01:59:24.248, 21096, 100
2026/08/05 01:59:25.248, 21096, 100
2026/08/05 01:59:26.248, 21096, 100
2026/08/05 01:59:27.249, 21096, 59
2026/08/05 01:59:28.249, 21096, 100
2026/08/05 01:59:29.249, 21096, 100
2026/08/05 01:59:30.249, 21096, 100
2026/08/05 01:59:31.249, 21096, 100
2026/08/05 01:59:32.250, 21096, 100
2026/08/05 01:59:33.250, 21096, 100
2026/08/05 01:59:34.250, 21096, 100
2026/08/05 01:59:35.251, 21096, 100
2026/08/05 01:59:36.251, 21096, 100
2026/08/05 01:59:37.251, 21096, 100
2026/08/05 01:59:38.251, 21096, 100
2026/08/05 01:59:39.252, 21096, 100
2026/08/05 01:59:40.252, 21096, 100
2026/08/05 01:59:41.252, 21096, 100
2026/08/05 01:59:42.252, 21096, 100
2026/08/05 01:59:43.253, 21096, 100
2026/08/05 01:59:44.253, 21096, 100
2026/08/05 01:59:45.253, 21096, 100
2026/08/05 01:59:46.253, 21096, 100
2026/08/05 01:59:47.254, 21096, 100
2026/08/05 01:59:48.254, 21096, 82
2026/08/05 01:59:49.254, 21096, 100
2026/08/05 01:59:50.254, 21096, 100
2026/08/05 01:59:51.255, 21096, 100
2026/08/05 01:59:52.255, 21096, 100
2026/08/05 01:59:53.256, 21096, 100
2026/08/05 01:59:54.256, 21096, 100
2026/08/05 01:59:55.256, 21096, 85
2026/08/05 01:59:56.256, 21096, 100
2026/08/05 01:59:57.257, 21096, 100
2026/08/05 01:59:58.257, 21096, 100
2026/08/05 01:59:59.257, 21096, 100
2026/08/05 02:00:00.257, 21096, 95
2026/08/05 02:00:01.258, 21096, 100
2026/08/05 02:00:02.258, 21096, 100
2026/08/05 02:00:03.258, 21096, 100
2026/08/05 02:00:04.258, 21096, 100
2026/08/05 02:00:05.259, 21096, 86
2026/08/05 02:00:06.259, 21096, 100
2026/08/05 02:00:07.260, 21096, 100
2026/08/05 02:00:08.260, 21096, 84
2026/08/05 02:00:09.260, 21096, 100
2026/08/05 02:00:10.262, 21096, 100
2026/08/05 02:00:11.263, 21096, 100
2026/08/05 02:00:12.264, 21096, 100
2026/08/05 02:00:13.266, 21096, 100
2026/08/05 02:00:14.267, 21096, 100
2026/08/05 02:00:15.268, 21096, 100
2026/08/05 02:00:16.270, 21096, 100
2026/08/05 02:00:17.270, 21096, 100
2026/08/05 02:00:18.272, 21096, 100
2026/08/05 02:00:19.273, 21096, 100
2026/08/05 02:00:20.274, 21096, 100
2026/08/05 02:00:21.276, 21096, 100
2026/08/05 02:00:22.277, 21096, 100
2026/08/05 02:00:23.278, 21096, 100
2026/08/05 02:00:24.280, 21096, 100
2026/08/05 02:00:25.281, 21096, 85
2026/08/05 02:00:26.282, 21096, 100
2026/08/05 02:00:27.284, 21096, 100
2026/08/05 02:00:28.285, 21096, 100
2026/08/05 02:00:29.286, 21096, 100
2026/08/05 02:00:30.288, 21096, 100
2026/08/05 02:00:31.288, 21096, 100
2026/08/05 02:00:32.290, 21096, 84
2026/08/05 02:00:33.291, 21096, 100
2026/08/05 02:00:34.292, 21096, 100
2026/08/05 02:00:35.293, 21096, 100
2026/08/05 02:00:36.294, 21096, 100
2026/08/05 02:00:37.296, 21096, 100
2026/08/05 02:00:38.297, 21096, 82
2026/08/05 02:00:39.298, 21096, 100
2026/08/05 02:00:40.300, 21096, 100
2026/08/05 02:00:41.301, 21096, 100
2026/08/05 02:00:42.302, 21096, 100
2026/08/05 02:00:43.304, 21096, 100
2026/08/05 02:00:44.305, 21096, 93
2026/08/05 02:00:45.306, 21096, 100
2026/08/05 02:00:46.307, 21096, 100
2026/08/05 02:00:47.309, 21096, 100
2026/08/05 02:00:48.310, 21096, 100
2026/08/05 02:00:49.311, 21096, 100
2026/08/05 02:00:50.313, 21096, 100
2026/08/05 02:00:51.314, 21096, 84
2026/08/05 02:00:52.315, 21096, 100
2026/08/05 02:00:53.317, 21096, 100
2026/08/05 02:00:54.318, 21096, 100
2026/08/05 02:00:55.319, 21096, 100
2026/08/05 02:00:56.320, 21096, 100
2026/08/05 02:00:57.322, 21096, 100
2026/08/05 02:00:58.323, 21096, 100
2026/08/05 02:00:59.324, 21096, 100
2026/08/05 02:01:00.326, 21096, 80
2026/08/05 02:01:01.327, 21096, 100
2026/08/05 02:01:02.328, 21096, 100
2026/08/05 02:01:03.330, 21096, 83
2026/08/05 02:01:04.331, 21096, 85
2026/08/05 02:01:05.332, 21096, 100
2026/08/05 02:01:06.334, 21096, 100
2026/08/05 02:01:07.335, 21096, 100
2026/08/05 02:01:08.336, 21096, 100
2026/08/05 02:01:09.338, 21096, 100
2026/08/05 02:01:10.339, 21096, 100
2026/08/05 02:01:11.340, 21096, 84
2026/08/05 02:01:12.342, 21096, 90
2026/08/05 02:01:13.343, 21096, 100
2026/08/05 02:01:14.344, 21096, 100
2026/08/05 02:01:15.346, 21096, 100
2026/08/05 02:01:16.346, 21096, 100
2026/08/05 02:01:17.348, 21096, 100
2026/08/05 02:01:18.349, 21096, 100
2026/08/05 02:01:19.350, 21096, 100
2026/08/05 02:01:20.352, 21096, 100
2026/08/05 02:01:21.353, 21096, 100
2026/08/05 02:01:22.354, 21096, 100
2026/08/05 02:01:23.356, 21096, 100
2026/08/05 02:01:24.357, 21096, 100
2026/08/05 02:01:25.358, 21096, 100
2026/08/05 02:01:26.360, 21096, 100
2026/08/05 02:01:27.361, 21096, 100
2026/08/05 02:01:28.363, 21096, 100
2026/08/05 02:01:29.364, 21096, 100
2026/08/05 02:01:30.365, 21096, 100
2026/08/05 02:01:31.367, 21096, 100
2026/08/05 02:01:32.368, 21096, 100
2026/08/05 02:01:33.369, 21096, 100
2026/08/05 02:01:34.371, 21096, 100
2026/08/05 02:01:35.372, 21096, 100
2026/08/05 02:01:36.374, 21096, 100
2026/08/05 02:01:37.375, 21096, 100
2026/08/05 02:01:38.376, 21096, 100
2026/08/05 02:01:39.378, 21096, 100
2026/08/05 02:01:40.379, 21096, 100
2026/08/05 02:01:41.381, 21096, 100
2026/08/05 02:01:42.382, 21096, 85
2026/08/05 02:01:43.383, 21096, 100
2026/08/05 02:01:44.385, 21096, 100
2026/08/05 02:01:45.386, 21096, 100
2026/08/05 02:01:46.395, 21096, 100
2026/08/05 02:01:47.416, 21096, 100
2026/08/05 02:01:48.434, 21096, 100
2026/08/05 02:01:49.451, 21096, 100
2026/08/05 02:01:50.465, 21096, 62
2026/08/05 02:01:51.477, 21096, 100
2026/08/05 02:01:52.489, 21096, 100
2026/08/05 02:01:53.499, 21096, 83
2026/08/05 02:01:54.509, 21096, 100
2026/08/05 02:01:55.517, 21096, 100
2026/08/05 02:01:56.524, 21096, 100
2026/08/05 02:01:57.531, 21096, 100
2026/08/05 02:01:58.536, 21096, 100
2026/08/05 02:01:59.542, 21096, 100
2026/08/05 02:02:00.546, 21096, 93
2026/08/05 02:02:01.551, 21096, 98
2026/08/05 02:02:02.556, 21096, 87
2026/08/05 02:02:03.559, 21096, 100
2026/08/05 02:02:04.563, 21096, 100
2026/08/05 02:02:05.566, 21096, 82
2026/08/05 02:02:06.570, 21096, 100
2026/08/05 02:02:07.573, 21096, 100
2026/08/05 02:02:08.576, 21096, 76
2026/08/05 02:02:09.578, 21096, 100
2026/08/05 02:02:10.581, 21096, 100
2026/08/05 02:02:11.583, 21096, 100
2026/08/05 02:02:12.585, 21096, 100
2026/08/05 02:02:13.588, 21096, 100
2026/08/05 02:02:14.590, 21096, 84
2026/08/05 02:02:15.593, 21096, 83
2026/08/05 02:02:16.595, 21096, 100
2026/08/05 02:02:17.597, 21096, 100
2026/08/05 02:02:18.600, 21096, 100
2026/08/05 02:02:19.600, 21096, 100
2026/08/05 02:02:20.602, 21096, 100
2026/08/05 02:02:21.602, 21096, 100
2026/08/05 02:02:22.603, 21096, 100
2026/08/05 02:02:23.603, 21096, 100
2026/08/05 02:02:24.603, 21096, 77
2026/08/05 02:02:25.604, 21096, 84
2026/08/05 02:02:26.604, 21096, 61
2026/08/05 02:02:27.605, 21096, 100
2026/08/05 02:02:28.605, 21096, 100
2026/08/05 02:02:29.605, 21096, 100
2026/08/05 02:02:30.606, 21096, 100
2026/08/05 02:02:31.606, 21096, 88
2026/08/05 02:02:32.607, 21096, 100
2026/08/05 02:02:33.607, 21096, 100
2026/08/05 02:02:34.607, 21096, 100
2026/08/05 02:02:35.608, 21096, 100
2026/08/05 02:02:36.608, 21096, 100
2026/08/05 02:02:37.608, 21096, 82
2026/08/05 02:02:38.609, 21096, 91
2026/08/05 02:02:39.611, 21096, 100
2026/08/05 02:02:40.611, 21096, 100
2026/08/05 02:02:41.613, 21096, 100
2026/08/05 02:02:42.614, 21096, 100
2026/08/05 02:02:43.615, 21096, 100
2026/08/05 02:02:44.616, 21096, 100
2026/08/05 02:02:45.619, 21096, 83
2026/08/05 02:02:46.621, 21096, 83
2026/08/05 02:02:47.622, 21096, 100
2026/08/05 02:02:48.623, 21096, 86
2026/08/05 02:02:49.625, 21096, 100
2026/08/05 02:02:50.626, 21096, 100
2026/08/05 02:02:51.627, 21096, 100
2026/08/05 02:02:52.629, 21096, 100
2026/08/05 02:02:53.630, 21096, 100
2026/08/05 02:02:54.631, 21096, 100
2026/08/05 02:02:55.633, 21096, 100
2026/08/05 02:02:56.634, 21096, 100
2026/08/05 02:02:57.635, 21096, 91
2026/08/05 02:02:58.637, 21096, 100
2026/08/05 02:02:59.638, 21096, 100
2026/08/05 02:03:00.639, 21096, 100
2026/08/05 02:03:01.641, 21096, 100
2026/08/05 02:03:02.642, 21096, 100
2026/08/05 02:03:03.644, 21096, 100
2026/08/05 02:03:04.645, 21096, 100
2026/08/05 02:03:05.646, 21096, 100
2026/08/05 02:03:06.648, 21096, 100
2026/08/05 02:03:07.649, 21096, 84
2026/08/05 02:03:08.651, 21096, 84
2026/08/05 02:03:09.652, 21096, 83
2026/08/05 02:03:10.653, 21096, 100
2026/08/05 02:03:11.655, 21096, 100
2026/08/05 02:03:12.656, 21096, 100
2026/08/05 02:03:13.658, 21096, 100
2026/08/05 02:03:14.659, 21096, 100
2026/08/05 02:03:15.660, 21096, 83
2026/08/05 02:03:16.662, 21096, 100
2026/08/05 02:03:17.663, 21096, 100
2026/08/05 02:03:18.664, 21096, 100
2026/08/05 02:03:19.666, 21096, 100
2026/08/05 02:03:20.667, 21096, 100
2026/08/05 02:03:21.668, 21096, 100
2026/08/05 02:03:22.670, 21096, 100
2026/08/05 02:03:23.671, 21096, 100
2026/08/05 02:03:24.678, 21096, 100
2026/08/05 02:03:25.686, 21096, 100
2026/08/05 02:03:26.694, 21096, 98
2026/08/05 02:03:27.702, 21096, 100
2026/08/05 02:03:28.709, 21096, 100
2026/08/05 02:03:29.717, 21096, 100
2026/08/05 02:03:30.723, 21096, 100
2026/08/05 02:03:31.730, 21096, 100
2026/08/05 02:03:32.736, 21096, 74
2026/08/05 02:03:33.742, 21096, 100
2026/08/05 02:03:34.748, 21096, 83
2026/08/05 02:03:35.753, 21096, 100
2026/08/05 02:03:36.759, 21096, 100
2026/08/05 02:03:37.764, 21096, 100
2026/08/05 02:03:38.768, 21096, 100
2026/08/05 02:03:39.773, 21096, 85
2026/08/05 02:03:40.777, 21096, 100
2026/08/05 02:03:41.781, 21096, 100
2026/08/05 02:03:42.785, 21096, 100
2026/08/05 02:03:43.790, 21096, 100
2026/08/05 02:03:44.793, 21096, 100
2026/08/05 02:03:45.797, 21096, 100
2026/08/05 02:03:46.801, 21096, 100
2026/08/05 02:03:47.804, 21096, 100
2026/08/05 02:03:48.807, 21096, 100
2026/08/05 02:03:49.811, 21096, 100
2026/08/05 02:03:50.814, 21096, 100
2026/08/05 02:03:51.818, 21096, 100
2026/08/05 02:03:52.821, 21096, 100
2026/08/05 02:03:53.824, 21096, 100
2026/08/05 02:03:54.826, 21096, 84
2026/08/05 02:03:55.829, 21096, 100
2026/08/05 02:03:56.831, 21096, 100
2026/08/05 02:03:57.833, 21096, 100
2026/08/05 02:03:58.836, 21096, 85
2026/08/05 02:03:59.838, 21096, 100
2026/08/05 02:04:00.840, 21096, 100
2026/08/05 02:04:01.843, 21096, 100
2026/08/05 02:04:02.845, 21096, 100
2026/08/05 02:04:03.847, 21096, 100
2026/08/05 02:04:04.849, 21096, 100
2026/08/05 02:04:05.852, 21096, 60
2026/08/05 02:04:06.853, 21096, 100
2026/08/05 02:04:07.856, 21096, 100
2026/08/05 02:04:08.858, 21096, 100
2026/08/05 02:04:09.861, 21096, 84
2026/08/05 02:04:10.863, 21096, 100
2026/08/05 02:04:11.865, 21096, 100
2026/08/05 02:04:12.867, 21096, 100
2026/08/05 02:04:13.869, 21096, 100
2026/08/05 02:04:14.871, 21096, 100
2026/08/05 02:04:15.874, 21096, 100
2026/08/05 02:04:16.876, 21096, 100
2026/08/05 02:04:17.879, 21096, 100
2026/08/05 02:04:18.881, 21096, 84
2026/08/05 02:04:19.883, 21096, 100
2026/08/05 02:04:20.885, 21096, 100
2026/08/05 02:04:21.888, 21096, 100
2026/08/05 02:04:22.890, 21096, 100
2026/08/05 02:04:23.892, 21096, 100
2026/08/05 02:04:24.895, 21096, 100
2026/08/05 02:04:25.897, 21096, 100
2026/08/05 02:04:26.899, 21096, 100
2026/08/05 02:04:27.900, 21096, 100
2026/08/05 02:04:28.902, 21096, 100
2026/08/05 02:04:29.903, 21096, 100
2026/08/05 02:04:30.905, 21096, 100
2026/08/05 02:04:31.906, 21096, 100
2026/08/05 02:04:32.907, 21096, 100
2026/08/05 02:04:33.909, 21096, 100
2026/08/05 02:04:34.910, 21096, 100
2026/08/05 02:04:35.911, 21096, 100
2026/08/05 02:04:36.913, 21096, 100
2026/08/05 02:04:37.915, 21096, 100
2026/08/05 02:04:38.916, 21096, 100
2026/08/05 02:04:39.918, 21096, 100
2026/08/05 02:04:40.919, 21096, 100
2026/08/05 02:04:41.921, 21096, 100
2026/08/05 02:04:42.922, 21096, 79
2026/08/05 02:04:43.923, 21096, 100
2026/08/05 02:04:44.925, 21096, 100
2026/08/05 02:04:45.926, 21096, 100
2026/08/05 02:04:46.928, 21096, 100
2026/08/05 02:04:47.929, 21096, 100
2026/08/05 02:04:48.931, 21096, 100
2026/08/05 02:04:49.932, 21096, 100
2026/08/05 02:04:50.933, 21096, 100
2026/08/05 02:04:51.934, 21096, 100
2026/08/05 02:04:52.936, 21096, 100
2026/08/05 02:04:53.937, 21096, 82
2026/08/05 02:04:54.938, 21096, 100
2026/08/05 02:04:55.940, 21096, 100
2026/08/05 02:04:56.941, 21096, 64
2026/08/05 02:04:57.942, 21096, 100
2026/08/05 02:04:58.944, 21096, 100
2026/08/05 02:04:59.945, 21096, 100
2026/08/05 02:05:00.947, 21096, 100
2026/08/05 02:05:01.947, 21096, 100
2026/08/05 02:05:02.947, 21096, 100
2026/08/05 02:05:03.948, 21096, 100
2026/08/05 02:05:04.948, 21096, 100
2026/08/05 02:05:05.948, 21096, 100
2026/08/05 02:05:06.948, 21096, 100
2026/08/05 02:05:07.949, 21096, 100
2026/08/05 02:05:08.949, 21096, 100
2026/08/05 02:05:09.949, 21096, 100
2026/08/05 02:05:10.950, 21096, 100
2026/08/05 02:05:11.950, 21096, 100
2026/08/05 02:05:12.951, 21096, 84
2026/08/05 02:05:13.952, 21096, 100
2026/08/05 02:05:14.954, 21096, 98
2026/08/05 02:05:15.955, 21096, 100
2026/08/05 02:05:16.956, 21096, 100
2026/08/05 02:05:17.958, 21096, 100
2026/08/05 02:05:18.958, 21096, 100
2026/08/05 02:05:19.958, 21096, 100
2026/08/05 02:05:20.958, 21096, 100
2026/08/05 02:05:21.958, 21096, 100
2026/08/05 02:05:22.958, 21096, 100
2026/08/05 02:05:23.959, 21096, 100
2026/08/05 02:05:24.959, 21096, 100
2026/08/05 02:05:25.959, 21096, 100
2026/08/05 02:05:26.960, 21096, 100
2026/08/05 02:05:27.960, 21096, 100
2026/08/05 02:05:28.960, 21096, 100
2026/08/05 02:05:29.960, 21096, 100
2026/08/05 02:05:30.961, 21096, 100
2026/08/05 02:05:31.962, 21096, 100
2026/08/05 02:05:32.963, 21096, 100
2026/08/05 02:05:33.964, 21096, 100
2026/08/05 02:05:34.966, 21096, 100
2026/08/05 02:05:35.967, 21096, 100
2026/08/05 02:05:36.968, 21096, 100
2026/08/05 02:05:37.969, 21096, 100
2026/08/05 02:05:38.969, 21096, 100
2026/08/05 02:05:39.970, 21096, 100
2026/08/05 02:05:40.971, 21096, 100
2026/08/05 02:05:41.971, 21096, 100
2026/08/05 02:05:42.972, 21096, 100
2026/08/05 02:05:43.973, 21096, 100
2026/08/05 02:05:44.973, 21096, 100
2026/08/05 02:05:45.974, 21096, 100
2026/08/05 02:05:46.974, 21096, 100
2026/08/05 02:05:47.975, 21096, 80
2026/08/05 02:05:48.975, 21096, 89
2026/08/05 02:05:49.975, 21096, 90
2026/08/05 02:05:50.976, 21096, 100
2026/08/05 02:05:51.976, 21096, 100
2026/08/05 02:05:52.978, 21096, 100
2026/08/05 02:05:53.978, 21096, 63
2026/08/05 02:05:54.980, 21096, 83
2026/08/05 02:05:55.980, 21096, 95
2026/08/05 02:05:56.981, 21096, 85
2026/08/05 02:05:57.981, 21096, 100
2026/08/05 02:05:58.982, 21096, 100
2026/08/05 02:05:59.982, 21096, 100
2026/08/05 02:06:00.983, 21096, 100
2026/08/05 02:06:01.983, 21096, 65
2026/08/05 02:06:02.985, 21096, 100
2026/08/05 02:06:03.985, 21096, 100
2026/08/05 02:06:04.986, 21096, 100
2026/08/05 02:06:05.986, 21096, 100
2026/08/05 02:06:06.986, 21096, 92
2026/08/05 02:06:07.986, 21096, 64
2026/08/05 02:06:08.987, 21096, 100
2026/08/05 02:06:09.987, 21096, 66
2026/08/05 02:06:10.987, 21096, 100
2026/08/05 02:06:11.987, 21096, 100
2026/08/05 02:06:12.987, 21096, 100
2026/08/05 02:06:13.987, 21096, 100
2026/08/05 02:06:14.988, 21096, 100
2026/08/05 02:06:15.988, 21096, 100
2026/08/05 02:06:16.988, 21096, 100
2026/08/05 02:06:17.988, 21096, 100
2026/08/05 02:06:18.988, 21096, 100
2026/08/05 02:06:19.988, 21096, 100
2026/08/05 02:06:20.989, 21096, 100
2026/08/05 02:06:21.989, 21096, 100
2026/08/05 02:06:22.989, 21096, 100
2026/08/05 02:06:23.989, 21096, 100
2026/08/05 02:06:24.989, 21096, 100
2026/08/05 02:06:25.990, 21096, 100
2026/08/05 02:06:26.990, 21096, 100
2026/08/05 02:06:27.990, 21096, 100
2026/08/05 02:06:28.990, 21096, 100
2026/08/05 02:06:29.990, 21096, 100
2026/08/05 02:06:30.991, 21096, 75
2026/08/05 02:06:31.991, 21096, 100
2026/08/05 02:06:32.991, 21096, 82
2026/08/05 02:06:33.991, 21096, 100
2026/08/05 02:06:34.991, 21096, 100
2026/08/05 02:06:35.992, 21096, 100
2026/08/05 02:06:36.992, 21096, 83
2026/08/05 02:06:37.992, 21096, 100
2026/08/05 02:06:38.992, 21096, 65
2026/08/05 02:06:40.003, 21096, 100
2026/08/05 02:06:41.013, 21096, 100
2026/08/05 02:06:42.021, 21096, 100
2026/08/05 02:06:43.029, 21096, 100
2026/08/05 02:06:44.036, 21096, 100
2026/08/05 02:06:45.042, 21096, 100
2026/08/05 02:06:46.048, 21096, 84
2026/08/05 02:06:47.053, 21096, 100
2026/08/05 02:06:48.058, 21096, 100
2026/08/05 02:06:49.062, 21096, 100
2026/08/05 02:06:50.066, 21096, 100
2026/08/05 02:06:51.069, 21096, 100
2026/08/05 02:06:52.073, 21096, 100
2026/08/05 02:06:53.075, 21096, 100
2026/08/05 02:06:54.078, 21096, 100
2026/08/05 02:06:55.080, 21096, 100
2026/08/05 02:06:56.083, 21096, 100
2026/08/05 02:06:57.085, 21096, 100
2026/08/05 02:06:58.088, 21096, 100
2026/08/05 02:06:59.089, 21096, 100
2026/08/05 02:07:00.091, 21096, 100
2026/08/05 02:07:01.092, 21096, 100
2026/08/05 02:07:02.094, 21096, 100
2026/08/05 02:07:03.095, 21096, 100
2026/08/05 02:07:04.096, 21096, 100
2026/08/05 02:07:05.097, 21096, 100
2026/08/05 02:07:06.098, 21096, 100
2026/08/05 02:07:07.099, 21096, 100
2026/08/05 02:07:08.100, 21096, 100
2026/08/05 02:07:09.102, 21096, 100
2026/08/05 02:07:10.103, 21096, 95
2026/08/05 02:07:11.104, 21096, 100
2026/08/05 02:07:12.106, 21096, 100
2026/08/05 02:07:13.109, 21096, 100
2026/08/05 02:07:14.113, 21096, 100
2026/08/05 02:07:15.117, 21096, 100
2026/08/05 02:07:16.121, 21096, 100
2026/08/05 02:07:17.124, 21096, 100
2026/08/05 02:07:18.128, 21096, 100
2026/08/05 02:07:19.131, 21096, 100
2026/08/05 02:07:20.136, 21096, 100
2026/08/05 02:07:21.140, 21096, 100
2026/08/05 02:07:22.144, 21096, 100
2026/08/05 02:07:23.146, 21096, 100
2026/08/05 02:07:24.148, 21096, 100
2026/08/05 02:07:25.151, 21096, 79
2026/08/05 02:07:26.153, 21096, 85
2026/08/05 02:07:27.156, 21096, 100
2026/08/05 02:07:28.158, 21096, 100
2026/08/05 02:07:29.160, 21096, 100
2026/08/05 02:07:30.163, 21096, 100
2026/08/05 02:07:31.165, 21096, 63
2026/08/05 02:07:32.167, 21096, 84
2026/08/05 02:07:33.169, 21096, 100
2026/08/05 02:07:34.171, 21096, 100
2026/08/05 02:07:35.173, 21096, 100
2026/08/05 02:07:36.175, 21096, 100
2026/08/05 02:07:37.177, 21096, 100
2026/08/05 02:07:38.178, 21096, 86
2026/08/05 02:07:39.180, 21096, 100
2026/08/05 02:07:40.182, 21096, 100
2026/08/05 02:07:41.183, 21096, 100
2026/08/05 02:07:42.185, 21096, 100
2026/08/05 02:07:43.186, 21096, 100
2026/08/05 02:07:44.188, 21096, 100
2026/08/05 02:07:45.189, 21096, 100
2026/08/05 02:07:46.190, 21096, 100
2026/08/05 02:07:47.192, 21096, 100
2026/08/05 02:07:48.193, 21096, 82
2026/08/05 02:07:49.194, 21096, 84
2026/08/05 02:07:50.196, 21096, 100
2026/08/05 02:07:51.197, 21096, 100
2026/08/05 02:07:52.198, 21096, 100
2026/08/05 02:07:53.200, 21096, 100
2026/08/05 02:07:54.201, 21096, 100
2026/08/05 02:07:55.202, 21096, 100
2026/08/05 02:07:56.204, 21096, 100
2026/08/05 02:07:57.205, 21096, 100
2026/08/05 02:07:58.206, 21096, 100
2026/08/05 02:07:59.208, 21096, 86
2026/08/05 02:08:00.209, 21096, 100
2026/08/05 02:08:01.210, 21096, 100
2026/08/05 02:08:02.212, 21096, 100
2026/08/05 02:08:03.213, 21096, 85
2026/08/05 02:08:04.215, 21096, 100
2026/08/05 02:08:05.216, 21096, 84
2026/08/05 02:08:06.217, 21096, 100
2026/08/05 02:08:07.218, 21096, 84
2026/08/05 02:08:08.220, 21096, 100
2026/08/05 02:08:09.221, 21096, 100
2026/08/05 02:08:10.222, 21096, 84
2026/08/05 02:08:11.224, 21096, 100
2026/08/05 02:08:12.225, 21096, 100
2026/08/05 02:08:13.226, 21096, 100
2026/08/05 02:08:14.229, 21096, 100
2026/08/05 02:08:15.230, 21096, 100
2026/08/05 02:08:16.232, 21096, 100
2026/08/05 02:08:17.232, 21096, 100
2026/08/05 02:08:18.232, 21096, 100
2026/08/05 02:08:19.232, 21096, 100
2026/08/05 02:08:20.233, 21096, 100
2026/08/05 02:08:21.233, 21096, 100
2026/08/05 02:08:22.234, 21096, 86
2026/08/05 02:08:23.234, 21096, 100
2026/08/05 02:08:24.234, 21096, 100
2026/08/05 02:08:25.234, 21096, 100
2026/08/05 02:08:26.234, 21096, 100
2026/08/05 02:08:27.235, 21096, 100
2026/08/05 02:08:28.235, 21096, 100
2026/08/05 02:08:29.235, 21096, 100
2026/08/05 02:08:30.235, 21096, 100
2026/08/05 02:08:31.236, 21096, 100
2026/08/05 02:08:32.236, 21096, 100
2026/08/05 02:08:33.236, 21096, 100
2026/08/05 02:08:34.236, 21096, 98
2026/08/05 02:08:35.237, 21096, 100
2026/08/05 02:08:36.237, 21096, 90
2026/08/05 02:08:37.237, 21096, 100
2026/08/05 02:08:38.237, 21096, 100
2026/08/05 02:08:39.238, 21096, 100
2026/08/05 02:08:40.238, 21096, 100
2026/08/05 02:08:41.238, 21096, 100
2026/08/05 02:08:42.238, 21096, 100
2026/08/05 02:08:43.238, 21096, 100
2026/08/05 02:08:44.239, 21096, 100
2026/08/05 02:08:45.239, 21096, 100
2026/08/05 02:08:46.239, 21096, 100
2026/08/05 02:08:47.239, 21096, 100
2026/08/05 02:08:48.239, 21096, 100
2026/08/05 02:08:49.240, 21096, 100
2026/08/05 02:08:50.246, 21096, 100
2026/08/05 02:08:51.270, 21096, 100
2026/08/05 02:08:52.291, 21096, 100
2026/08/05 02:08:53.310, 21096, 100
2026/08/05 02:08:54.327, 21096, 100
2026/08/05 02:08:55.342, 21096, 100
2026/08/05 02:08:56.355, 21096, 100
2026/08/05 02:08:57.366, 21096, 100
2026/08/05 02:08:58.376, 21096, 100
2026/08/05 02:08:59.385, 21096, 100
2026/08/05 02:09:00.394, 21096, 100
2026/08/05 02:09:01.401, 21096, 83
2026/08/05 02:09:02.408, 21096, 100
2026/08/05 02:09:03.413, 21096, 100
2026/08/05 02:09:04.419, 21096, 100
2026/08/05 02:09:05.423, 21096, 100
2026/08/05 02:09:06.428, 21096, 100
2026/08/05 02:09:07.431, 21096, 100
2026/08/05 02:09:08.435, 21096, 100
2026/08/05 02:09:09.438, 21096, 100
2026/08/05 02:09:10.442, 21096, 100
2026/08/05 02:09:11.445, 21096, 100
2026/08/05 02:09:12.448, 21096, 100
2026/08/05 02:09:13.450, 21096, 96
2026/08/05 02:09:14.452, 21096, 100
2026/08/05 02:09:15.455, 21096, 100
2026/08/05 02:09:16.457, 21096, 100
2026/08/05 02:09:17.459, 21096, 100
2026/08/05 02:09:18.462, 21096, 100
2026/08/05 02:09:19.463, 21096, 100
2026/08/05 02:09:20.465, 21096, 100
2026/08/05 02:09:21.466, 21096, 100
2026/08/05 02:09:22.466, 21096, 100
2026/08/05 02:09:23.466, 21096, 100
2026/08/05 02:09:24.466, 21096, 93
2026/08/05 02:09:25.467, 21096, 100
2026/08/05 02:09:26.467, 21096, 100
2026/08/05 02:09:27.467, 21096, 96
2026/08/05 02:09:28.467, 21096, 100
2026/08/05 02:09:29.467, 21096, 100
2026/08/05 02:09:30.468, 21096, 100
2026/08/05 02:09:31.468, 21096, 100
2026/08/05 02:09:32.468, 21096, 100
2026/08/05 02:09:33.468, 21096, 100
2026/08/05 02:09:34.468, 21096, 100
2026/08/05 02:09:35.469, 21096, 100
2026/08/05 02:09:36.469, 21096, 63
2026/08/05 02:09:37.469, 21096, 100
2026/08/05 02:09:38.469, 21096, 87
2026/08/05 02:09:39.470, 21096, 100
2026/08/05 02:09:40.470, 21096, 100
2026/08/05 02:09:41.470, 21096, 100
2026/08/05 02:09:42.470, 21096, 100
2026/08/05 02:09:43.470, 21096, 100
2026/08/05 02:09:44.471, 21096, 100
2026/08/05 02:09:45.471, 21096, 100
2026/08/05 02:09:46.471, 21096, 100
2026/08/05 02:09:47.471, 21096, 100
2026/08/05 02:09:48.471, 21096, 100
2026/08/05 02:09:49.472, 21096, 100
2026/08/05 02:09:50.472, 21096, 100
2026/08/05 02:09:51.472, 21096, 100
2026/08/05 02:09:52.472, 21096, 64
2026/08/05 02:09:53.473, 21096, 100
2026/08/05 02:09:54.473, 21096, 100
2026/08/05 02:09:55.473, 21096, 100
2026/08/05 02:09:56.474, 21096, 100
2026/08/05 02:09:57.474, 21096, 100
2026/08/05 02:09:58.474, 21096, 100
2026/08/05 02:09:59.474, 21096, 100
2026/08/05 02:10:00.475, 21096, 100
2026/08/05 02:10:01.475, 21096, 100
2026/08/05 02:10:02.475, 21096, 85
2026/08/05 02:10:03.475, 21096, 85
2026/08/05 02:10:04.476, 21096, 100
2026/08/05 02:10:05.476, 21096, 100
2026/08/05 02:10:06.476, 21096, 100
2026/08/05 02:10:07.477, 21096, 100
2026/08/05 02:10:08.477, 21096, 100
2026/08/05 02:10:09.477, 21096, 100
2026/08/05 02:10:10.477, 21096, 100
2026/08/05 02:10:11.478, 21096, 100
2026/08/05 02:10:12.478, 21096, 100
2026/08/05 02:10:13.478, 21096, 100
2026/08/05 02:10:14.479, 21096, 100
2026/08/05 02:10:15.479, 21096, 100
2026/08/05 02:10:16.480, 21096, 100
2026/08/05 02:10:17.480, 21096, 91
2026/08/05 02:10:18.480, 21096, 84
2026/08/05 02:10:19.481, 21096, 100
2026/08/05 02:10:20.481, 21096, 100
2026/08/05 02:10:21.481, 21096, 100
2026/08/05 02:10:22.482, 21096, 100
2026/08/05 02:10:23.482, 21096, 100
2026/08/05 02:10:24.482, 21096, 100
2026/08/05 02:10:25.482, 21096, 100
2026/08/05 02:10:26.483, 21096, 100
2026/08/05 02:10:27.484, 21096, 100
2026/08/05 02:10:28.486, 21096, 100
2026/08/05 02:10:29.488, 21096, 69
2026/08/05 02:10:30.490, 21096, 100
2026/08/05 02:10:31.491, 21096, 100
2026/08/05 02:10:32.493, 21096, 100
2026/08/05 02:10:33.494, 21096, 100
2026/08/05 02:10:34.496, 21096, 100
2026/08/05 02:10:35.497, 21096, 93
2026/08/05 02:10:36.499, 21096, 100
2026/08/05 02:10:37.500, 21096, 100
2026/08/05 02:10:38.502, 21096, 100
2026/08/05 02:10:39.503, 21096, 100
2026/08/05 02:10:40.504, 21096, 100
2026/08/05 02:10:41.506, 21096, 100
2026/08/05 02:10:42.507, 21096, 100
2026/08/05 02:10:43.509, 21096, 100
2026/08/05 02:10:44.510, 21096, 100
2026/08/05 02:10:45.511, 21096, 100
2026/08/05 02:10:46.511, 21096, 100
2026/08/05 02:10:47.512, 21096, 100
2026/08/05 02:10:48.513, 21096, 83
2026/08/05 02:10:49.514, 21096, 100
2026/08/05 02:10:50.514, 21096, 85
2026/08/05 02:10:51.515, 21096, 100
2026/08/05 02:10:52.515, 21096, 100
2026/08/05 02:10:53.515, 21096, 100
2026/08/05 02:10:54.516, 21096, 100
2026/08/05 02:10:55.516, 21096, 100
2026/08/05 02:10:56.516, 21096, 100
2026/08/05 02:10:57.516, 21096, 100
2026/08/05 02:10:58.516, 21096, 100
2026/08/05 02:10:59.517, 21096, 100
2026/08/05 02:11:00.517, 21096, 100
2026/08/05 02:11:01.517, 21096, 100
2026/08/05 02:11:02.517, 21096, 100
2026/08/05 02:11:03.518, 21096, 100
2026/08/05 02:11:04.518, 21096, 100
2026/08/05 02:11:05.518, 21096, 100
2026/08/05 02:11:06.518, 21096, 100
2026/08/05 02:11:07.519, 21096, 100
2026/08/05 02:11:08.519, 21096, 100
2026/08/05 02:11:09.519, 21096, 82
2026/08/05 02:11:10.519, 21096, 100
2026/08/05 02:11:11.520, 21096, 100
2026/08/05 02:11:12.520, 21096, 100
2026/08/05 02:11:13.520, 21096, 100
2026/08/05 02:11:14.520, 21096, 100
2026/08/05 02:11:15.520, 21096, 100
2026/08/05 02:11:16.521, 21096, 100
2026/08/05 02:11:17.521, 21096, 100
2026/08/05 02:11:18.521, 21096, 84
2026/08/05 02:11:19.521, 21096, 100
2026/08/05 02:11:20.522, 21096, 100
2026/08/05 02:11:21.522, 21096, 100
2026/08/05 02:11:22.522, 21096, 100
2026/08/05 02:11:23.522, 21096, 83
2026/08/05 02:11:24.522, 21096, 100
2026/08/05 02:11:25.523, 21096, 100
2026/08/05 02:11:26.523, 21096, 100
2026/08/05 02:11:27.523, 21096, 100
2026/08/05 02:11:28.523, 21096, 100
2026/08/05 02:11:29.523, 21096, 100
2026/08/05 02:11:30.524, 21096, 100
2026/08/05 02:11:31.524, 21096, 89
2026/08/05 02:11:32.526, 21096, 68
2026/08/05 02:11:33.530, 21096, 100
2026/08/05 02:11:34.534, 21096, 100
2026/08/05 02:11:35.537, 21096, 100
2026/08/05 02:11:36.540, 21096, 100
2026/08/05 02:11:37.544, 21096, 100
2026/08/05 02:11:38.547, 21096, 84
2026/08/05 02:11:39.550, 21096, 100
2026/08/05 02:11:40.553, 21096, 100
2026/08/05 02:11:41.555, 21096, 100
2026/08/05 02:11:42.557, 21096, 100
2026/08/05 02:11:43.560, 21096, 100
2026/08/05 02:11:44.562, 21096, 100
2026/08/05 02:11:45.564, 21096, 100
2026/08/05 02:11:46.567, 21096, 100
2026/08/05 02:11:47.569, 21096, 100
2026/08/05 02:11:48.571, 21096, 100
2026/08/05 02:11:49.574, 21096, 100
2026/08/05 02:11:50.576, 21096, 100
2026/08/05 02:11:51.577, 21096, 100
2026/08/05 02:11:52.579, 21096, 100
2026/08/05 02:11:53.580, 21096, 82
2026/08/05 02:11:54.581, 21096, 100
2026/08/05 02:11:55.583, 21096, 100
2026/08/05 02:11:56.584, 21096, 100
2026/08/05 02:11:57.586, 21096, 100
2026/08/05 02:11:58.587, 21096, 100
2026/08/05 02:11:59.588, 21096, 83
2026/08/05 02:12:00.590, 21096, 100
2026/08/05 02:12:01.591, 21096, 84
2026/08/05 02:12:02.592, 21096, 86
2026/08/05 02:12:03.594, 21096, 100
2026/08/05 02:12:04.595, 21096, 100
2026/08/05 02:12:05.597, 21096, 100
2026/08/05 02:12:06.598, 21096, 100
2026/08/05 02:12:07.599, 21096, 100
2026/08/05 02:12:08.601, 21096, 100
2026/08/05 02:12:09.602, 21096, 100
2026/08/05 02:12:10.603, 21096, 100
2026/08/05 02:12:11.605, 21096, 100
2026/08/05 02:12:12.606, 21096, 100
2026/08/05 02:12:13.607, 21096, 100
2026/08/05 02:12:14.608, 21096, 100
2026/08/05 02:12:15.610, 21096, 83
2026/08/05 02:12:16.611, 21096, 100
2026/08/05 02:12:17.611, 21096, 100
2026/08/05 02:12:18.613, 21096, 100
2026/08/05 02:12:19.614, 21096, 100
2026/08/05 02:12:20.615, 21096, 100
2026/08/05 02:12:21.617, 21096, 100
2026/08/05 02:12:22.618, 21096, 100
2026/08/05 02:12:23.619, 21096, 100
2026/08/05 02:12:24.620, 21096, 64
2026/08/05 02:12:25.621, 21096, 100
2026/08/05 02:12:26.622, 21096, 100
2026/08/05 02:12:27.624, 21096, 100
2026/08/05 02:12:28.625, 21096, 100
2026/08/05 02:12:29.626, 21096, 100
2026/08/05 02:12:30.627, 21096, 81
2026/08/05 02:12:31.629, 21096, 81
2026/08/05 02:12:32.630, 21096, 100
2026/08/05 02:12:33.631, 21096, 100
2026/08/05 02:12:34.633, 21096, 100
2026/08/05 02:12:35.635, 21096, 100
2026/08/05 02:12:36.636, 21096, 100
2026/08/05 02:12:37.655, 21096, 100
2026/08/05 02:12:38.682, 21096, 63
2026/08/05 02:12:39.706, 21096, 100
2026/08/05 02:12:40.726, 21096, 100
2026/08/05 02:12:41.745, 21096, 84
2026/08/05 02:12:42.761, 21096, 100
2026/08/05 02:12:43.775, 21096, 100
2026/08/05 02:12:44.787, 21096, 100
2026/08/05 02:12:45.798, 21096, 100
2026/08/05 02:12:46.809, 21096, 84
2026/08/05 02:12:47.818, 21096, 100
2026/08/05 02:12:48.825, 21096, 100
2026/08/05 02:12:49.832, 21096, 100
2026/08/05 02:12:50.838, 21096, 100
2026/08/05 02:12:51.843, 21096, 100
2026/08/05 02:12:52.848, 21096, 94
2026/08/05 02:12:53.853, 21096, 100
2026/08/05 02:12:54.857, 21096, 100
2026/08/05 02:12:55.861, 21096, 84
2026/08/05 02:12:56.864, 21096, 85
2026/08/05 02:12:57.868, 21096, 100
2026/08/05 02:12:58.871, 21096, 83
2026/08/05 02:12:59.874, 21096, 100
2026/08/05 02:13:00.877, 21096, 100
2026/08/05 02:13:01.879, 21096, 100
2026/08/05 02:13:02.882, 21096, 100
2026/08/05 02:13:03.885, 21096, 100
2026/08/05 02:13:04.887, 21096, 100
2026/08/05 02:13:05.889, 21096, 100
2026/08/05 02:13:06.891, 21096, 100
2026/08/05 02:13:07.892, 21096, 100
2026/08/05 02:13:08.894, 21096, 100
2026/08/05 02:13:09.894, 21096, 100
2026/08/05 02:13:10.894, 21096, 87
2026/08/05 02:13:11.897, 21096, 100
2026/08/05 02:13:12.897, 21096, 97
2026/08/05 02:13:13.897, 21096, 98
2026/08/05 02:13:14.897, 21096, 97
2026/08/05 02:13:15.898, 21096, 100
2026/08/05 02:13:16.898, 21096, 83
2026/08/05 02:13:17.898, 21096, 85
2026/08/05 02:13:18.898, 21096, 100
2026/08/05 02:13:19.898, 21096, 100
2026/08/05 02:13:20.899, 21096, 100
2026/08/05 02:13:21.899, 21096, 100
2026/08/05 02:13:22.899, 21096, 97
2026/08/05 02:13:23.899, 21096, 100
2026/08/05 02:13:24.900, 21096, 100
2026/08/05 02:13:25.900, 21096, 86
2026/08/05 02:13:26.900, 21096, 100
2026/08/05 02:13:27.901, 21096, 100
2026/08/05 02:13:28.901, 21096, 100
2026/08/05 02:13:29.901, 21096, 100
2026/08/05 02:13:30.901, 21096, 100
2026/08/05 02:13:31.901, 21096, 61
2026/08/05 02:13:32.902, 21096, 84
2026/08/05 02:13:33.902, 21096, 82
2026/08/05 02:13:34.902, 21096, 100
2026/08/05 02:13:35.902, 21096, 100
2026/08/05 02:13:36.903, 21096, 100
2026/08/05 02:13:37.903, 21096, 100
2026/08/05 02:13:38.903, 21096, 100
2026/08/05 02:13:39.903, 21096, 100
2026/08/05 02:13:40.904, 21096, 100
2026/08/05 02:13:41.904, 21096, 100
2026/08/05 02:13:42.931, 21096, 85
2026/08/05 02:13:43.958, 21096, 98
2026/08/05 02:13:44.982, 21096, 100
2026/08/05 02:13:46.002, 21096, 100
2026/08/05 02:13:47.020, 21096, 100
2026/08/05 02:13:48.036, 21096, 100
2026/08/05 02:13:49.050, 21096, 100
2026/08/05 02:13:50.062, 21096, 100
2026/08/05 02:13:51.073, 21096, 100
2026/08/05 02:13:52.082, 21096, 100
2026/08/05 02:13:53.091, 21096, 100
2026/08/05 02:13:54.099, 21096, 100
2026/08/05 02:13:55.106, 21096, 100
2026/08/05 02:13:56.112, 21096, 100
2026/08/05 02:13:57.118, 21096, 100
2026/08/05 02:13:58.122, 21096, 100
2026/08/05 02:13:59.126, 21096, 100
2026/08/05 02:14:00.130, 21096, 100
2026/08/05 02:14:01.134, 21096, 100
2026/08/05 02:14:02.137, 21096, 100
2026/08/05 02:14:03.140, 21096, 100
2026/08/05 02:14:04.142, 21096, 100
2026/08/05 02:14:05.145, 21096, 88
2026/08/05 02:14:06.149, 21096, 100
2026/08/05 02:14:07.151, 21096, 100
2026/08/05 02:14:08.154, 21096, 100
2026/08/05 02:14:09.155, 21096, 100
2026/08/05 02:14:10.157, 21096, 85
2026/08/05 02:14:11.160, 21096, 100
2026/08/05 02:14:12.161, 21096, 100
2026/08/05 02:14:13.162, 21096, 79
2026/08/05 02:14:14.164, 21096, 100
2026/08/05 02:14:15.169, 21096, 100
2026/08/05 02:14:16.184, 21096, 100
2026/08/05 02:14:17.198, 21096, 100
2026/08/05 02:14:18.211, 21096, 100
2026/08/05 02:14:19.221, 21096, 100
2026/08/05 02:14:20.231, 21096, 100
2026/08/05 02:14:21.239, 21096, 100
2026/08/05 02:14:22.247, 21096, 100
2026/08/05 02:14:23.254, 21096, 100
2026/08/05 02:14:24.261, 21096, 100
2026/08/05 02:14:25.266, 21096, 64
2026/08/05 02:14:26.271, 21096, 100
2026/08/05 02:14:27.276, 21096, 100
2026/08/05 02:14:28.280, 21096, 100
2026/08/05 02:14:29.283, 21096, 100
2026/08/05 02:14:30.286, 21096, 100
2026/08/05 02:14:31.289, 21096, 100
2026/08/05 02:14:32.292, 21096, 100
2026/08/05 02:14:33.295, 21096, 100
2026/08/05 02:14:34.297, 21096, 64
2026/08/05 02:14:35.300, 21096, 100
2026/08/05 02:14:36.302, 21096, 100
2026/08/05 02:14:37.303, 21096, 100
2026/08/05 02:14:38.305, 21096, 85
2026/08/05 02:14:39.307, 21096, 100
2026/08/05 02:14:40.308, 21096, 100
2026/08/05 02:14:41.310, 21096, 100
2026/08/05 02:14:42.311, 21096, 100
2026/08/05 02:14:43.313, 21096, 100
2026/08/05 02:14:44.314, 21096, 100
2026/08/05 02:14:45.316, 21096, 100
2026/08/05 02:14:46.317, 21096, 100
2026/08/05 02:14:47.319, 21096, 100
2026/08/05 02:14:48.319, 21096, 100
2026/08/05 02:14:49.319, 21096, 100
2026/08/05 02:14:50.319, 21096, 100
2026/08/05 02:14:51.319, 21096, 100
2026/08/05 02:14:52.320, 21096, 100
2026/08/05 02:14:53.320, 21096, 100
2026/08/05 02:14:54.320, 21096, 100
2026/08/05 02:14:55.320, 21096, 82
2026/08/05 02:14:56.321, 21096, 100
2026/08/05 02:14:57.321, 21096, 100
2026/08/05 02:14:58.321, 21096, 100
2026/08/05 02:14:59.321, 21096, 100
2026/08/05 02:15:00.322, 21096, 100
2026/08/05 02:15:01.322, 21096, 100
2026/08/05 02:15:02.322, 21096, 100
2026/08/05 02:15:03.322, 21096, 100
2026/08/05 02:15:04.323, 21096, 100
2026/08/05 02:15:05.323, 21096, 100
2026/08/05 02:15:06.323, 21096, 85
2026/08/05 02:15:07.323, 21096, 100
2026/08/05 02:15:08.324, 21096, 100
2026/08/05 02:15:09.324, 21096, 100
2026/08/05 02:15:10.324, 21096, 84
2026/08/05 02:15:11.324, 21096, 100
2026/08/05 02:15:12.325, 21096, 100
2026/08/05 02:15:13.325, 21096, 100
2026/08/05 02:15:14.325, 21096, 89
2026/08/05 02:15:15.326, 21096, 100
2026/08/05 02:15:16.326, 21096, 100
2026/08/05 02:15:17.326, 21096, 100
2026/08/05 02:15:18.326, 21096, 100
2026/08/05 02:15:19.327, 21096, 100
2026/08/05 02:15:20.327, 21096, 93
2026/08/05 02:15:21.327, 21096, 100
2026/08/05 02:15:22.327, 21096, 85
2026/08/05 02:15:23.328, 21096, 100
2026/08/05 02:15:24.328, 21096, 100
2026/08/05 02:15:25.328, 21096, 100
2026/08/05 02:15:26.328, 21096, 100
2026/08/05 02:15:27.329, 21096, 91
2026/08/05 02:15:28.329, 21096, 100
2026/08/05 02:15:29.329, 21096, 100
2026/08/05 02:15:30.329, 21096, 100
2026/08/05 02:15:31.330, 21096, 86
2026/08/05 02:15:32.330, 21096, 100
2026/08/05 02:15:33.330, 21096, 100
2026/08/05 02:15:34.330, 21096, 100
2026/08/05 02:15:35.331, 21096, 100
2026/08/05 02:15:36.331, 21096, 100
2026/08/05 02:15:37.331, 21096, 100
2026/08/05 02:15:38.332, 21096, 100
2026/08/05 02:15:39.332, 21096, 100
2026/08/05 02:15:40.332, 21096, 76
2026/08/05 02:15:41.333, 21096, 100
2026/08/05 02:15:42.333, 21096, 100
2026/08/05 02:15:43.333, 21096, 100
2026/08/05 02:15:44.333, 21096, 85
2026/08/05 02:15:45.334, 21096, 85
2026/08/05 02:15:46.334, 21096, 100
2026/08/05 02:15:47.334, 21096, 100
2026/08/05 02:15:48.334, 21096, 100
2026/08/05 02:15:49.335, 21096, 100
2026/08/05 02:15:50.335, 21096, 100
2026/08/05 02:15:51.335, 21096, 100
2026/08/05 02:15:52.335, 21096, 100
2026/08/05 02:15:53.336, 21096, 100
2026/08/05 02:15:54.336, 21096, 100
2026/08/05 02:15:55.336, 21096, 100
2026/08/05 02:15:56.336, 21096, 100
2026/08/05 02:15:57.336, 21096, 100
2026/08/05 02:15:58.337, 21096, 100
2026/08/05 02:15:59.337, 21096, 84
2026/08/05 02:16:00.337, 21096, 100
2026/08/05 02:16:01.338, 21096, 100
2026/08/05 02:16:02.338, 21096, 100
2026/08/05 02:16:03.338, 21096, 100
2026/08/05 02:16:04.338, 21096, 100
2026/08/05 02:16:05.338, 21096, 100
2026/08/05 02:16:06.339, 21096, 100
2026/08/05 02:16:07.339, 21096, 100
2026/08/05 02:16:08.339, 21096, 100
2026/08/05 02:16:09.339, 21096, 100
2026/08/05 02:16:10.340, 21096, 99
2026/08/05 02:16:11.340, 21096, 100
2026/08/05 02:16:12.340, 21096, 100
2026/08/05 02:16:13.340, 21096, 100
2026/08/05 02:16:14.341, 21096, 100
2026/08/05 02:16:15.341, 21096, 100
2026/08/05 02:16:16.341, 21096, 100
2026/08/05 02:16:17.341, 21096, 100
2026/08/05 02:16:18.341, 21096, 100
2026/08/05 02:16:19.341, 21096, 100
2026/08/05 02:16:20.342, 21096, 100
2026/08/05 02:16:21.342, 21096, 100
2026/08/05 02:16:22.342, 21096, 100
2026/08/05 02:16:23.342, 21096, 84
2026/08/05 02:16:24.343, 21096, 100
2026/08/05 02:16:25.343, 21096, 95
2026/08/05 02:16:26.344, 21096, 100
2026/08/05 02:16:27.347, 21096, 100
2026/08/05 02:16:28.350, 21096, 79
2026/08/05 02:16:29.352, 21096, 100
2026/08/05 02:16:30.355, 21096, 93
2026/08/05 02:16:31.357, 21096, 100
2026/08/05 02:16:32.360, 21096, 100
2026/08/05 02:16:33.361, 21096, 100
2026/08/05 02:16:34.363, 21096, 96
2026/08/05 02:16:35.364, 21096, 100
2026/08/05 02:16:36.366, 21096, 84
2026/08/05 02:16:37.367, 21096, 100
2026/08/05 02:16:38.369, 21096, 100
2026/08/05 02:16:39.370, 21096, 75
2026/08/05 02:16:40.372, 21096, 100
2026/08/05 02:16:41.373, 21096, 100
2026/08/05 02:16:42.374, 21096, 64
2026/08/05 02:16:43.376, 21096, 83
2026/08/05 02:16:44.377, 21096, 65
2026/08/05 02:16:45.379, 21096, 100
2026/08/05 02:16:46.380, 21096, 100
2026/08/05 02:16:47.381, 21096, 100
2026/08/05 02:16:48.383, 21096, 100
2026/08/05 02:16:49.384, 21096, 100
2026/08/05 02:16:50.386, 21096, 100
2026/08/05 02:16:51.387, 21096, 100
2026/08/05 02:16:52.388, 21096, 93
2026/08/05 02:16:53.390, 21096, 100
2026/08/05 02:16:54.391, 21096, 100
2026/08/05 02:16:55.392, 21096, 100
2026/08/05 02:16:56.394, 21096, 100
2026/08/05 02:16:57.394, 21096, 100
2026/08/05 02:16:58.394, 21096, 100
2026/08/05 02:16:59.394, 21096, 100
2026/08/05 02:17:00.395, 21096, 100
2026/08/05 02:17:01.395, 21096, 100
2026/08/05 02:17:02.395, 21096, 100
2026/08/05 02:17:03.395, 21096, 84
2026/08/05 02:17:04.396, 21096, 85
2026/08/05 02:17:05.396, 21096, 100
2026/08/05 02:17:06.396, 21096, 100
2026/08/05 02:17:07.396, 21096, 100
2026/08/05 02:17:08.397, 21096, 100
2026/08/05 02:17:09.397, 21096, 100
2026/08/05 02:17:10.397, 21096, 100
2026/08/05 02:17:11.397, 21096, 100
2026/08/05 02:17:12.397, 21096, 100
2026/08/05 02:17:13.398, 21096, 100
2026/08/05 02:17:14.398, 21096, 100
2026/08/05 02:17:15.398, 21096, 100
2026/08/05 02:17:16.399, 21096, 100
2026/08/05 02:17:17.399, 21096, 100
2026/08/05 02:17:18.399, 21096, 69
2026/08/05 02:17:19.399, 21096, 100
2026/08/05 02:17:20.399, 21096, 100
2026/08/05 02:17:21.400, 21096, 100
2026/08/05 02:17:22.400, 21096, 100
2026/08/05 02:17:23.400, 21096, 100
2026/08/05 02:17:24.400, 21096, 100
2026/08/05 02:17:25.400, 21096, 100
2026/08/05 02:17:26.401, 21096, 100
2026/08/05 02:17:27.401, 21096, 100
2026/08/05 02:17:28.402, 21096, 100
2026/08/05 02:17:29.402, 21096, 100
2026/08/05 02:17:30.402, 21096, 100
2026/08/05 02:17:31.402, 21096, 100
2026/08/05 02:17:32.403, 21096, 100
2026/08/05 02:17:33.403, 21096, 75
2026/08/05 02:17:34.403, 21096, 100
2026/08/05 02:17:35.403, 21096, 100
2026/08/05 02:17:36.404, 21096, 76
2026/08/05 02:17:37.404, 21096, 100
2026/08/05 02:17:38.404, 21096, 100
2026/08/05 02:17:39.404, 21096, 89
2026/08/05 02:17:40.404, 21096, 100
2026/08/05 02:17:41.405, 21096, 84
2026/08/05 02:17:42.405, 21096, 100
2026/08/05 02:17:43.405, 21096, 100
2026/08/05 02:17:44.406, 21096, 100
2026/08/05 02:17:45.406, 21096, 100
2026/08/05 02:17:46.407, 21096, 85
2026/08/05 02:17:47.407, 21096, 100
2026/08/05 02:17:48.408, 21096, 100
2026/08/05 02:17:49.408, 21096, 100
2026/08/05 02:17:50.408, 21096, 100
2026/08/05 02:17:51.409, 21096, 100
2026/08/05 02:17:52.409, 21096, 100
2026/08/05 02:17:53.409, 21096, 100
2026/08/05 02:17:54.409, 21096, 100
2026/08/05 02:17:55.410, 21096, 100
2026/08/05 02:17:56.410, 21096, 100
2026/08/05 02:17:57.410, 21096, 100
2026/08/05 02:17:58.411, 21096, 100
2026/08/05 02:17:59.411, 21096, 100
2026/08/05 02:18:00.411, 21096, 100
2026/08/05 02:18:01.412, 21096, 100
2026/08/05 02:18:02.412, 21096, 100
2026/08/05 02:18:03.412, 21096, 100
2026/08/05 02:18:04.413, 21096, 100
2026/08/05 02:18:05.413, 21096, 100
2026/08/05 02:18:06.413, 21096, 100
2026/08/05 02:18:07.413, 21096, 100
2026/08/05 02:18:08.414, 21096, 100
2026/08/05 02:18:09.414, 21096, 100
2026/08/05 02:18:10.414, 21096, 100
2026/08/05 02:18:11.414, 21096, 65
2026/08/05 02:18:12.414, 21096, 100
2026/08/05 02:18:13.415, 21096, 100
2026/08/05 02:18:14.415, 21096, 100
2026/08/05 02:18:15.415, 21096, 90
2026/08/05 02:18:16.415, 21096, 100
2026/08/05 02:18:17.416, 21096, 100
2026/08/05 02:18:18.416, 21096, 100
2026/08/05 02:18:19.416, 21096, 100
2026/08/05 02:18:20.417, 21096, 100
2026/08/05 02:18:21.417, 21096, 100
2026/08/05 02:18:22.417, 21096, 100
2026/08/05 02:18:23.417, 21096, 100
2026/08/05 02:18:24.418, 21096, 100
2026/08/05 02:18:25.418, 21096, 100
2026/08/05 02:18:26.418, 21096, 100
2026/08/05 02:18:27.418, 21096, 100
2026/08/05 02:18:28.419, 21096, 100
2026/08/05 02:18:29.419, 21096, 100
2026/08/05 02:18:30.419, 21096, 100
2026/08/05 02:18:31.419, 21096, 85
2026/08/05 02:18:32.419, 21096, 100
2026/08/05 02:18:33.419, 21096, 100
2026/08/05 02:18:34.420, 21096, 86
2026/08/05 02:18:35.420, 21096, 100
2026/08/05 02:18:36.420, 21096, 100
2026/08/05 02:18:37.420, 21096, 100
2026/08/05 02:18:38.421, 21096, 100
2026/08/05 02:18:39.421, 21096, 100
2026/08/05 02:18:40.421, 21096, 100
2026/08/05 02:18:41.421, 21096, 100
2026/08/05 02:18:42.421, 21096, 100
2026/08/05 02:18:43.422, 21096, 100
2026/08/05 02:18:44.422, 21096, 67
2026/08/05 02:18:45.422, 21096, 100
2026/08/05 02:18:46.422, 21096, 86
2026/08/05 02:18:47.422, 21096, 90
2026/08/05 02:18:48.423, 21096, 70
2026/08/05 02:18:49.423, 21096, 100
2026/08/05 02:18:50.423, 21096, 100
2026/08/05 02:18:51.423, 21096, 100
2026/08/05 02:18:52.424, 21096, 100
2026/08/05 02:18:53.424, 21096, 85
2026/08/05 02:18:54.424, 21096, 86
2026/08/05 02:18:55.424, 21096, 100
2026/08/05 02:18:56.425, 21096, 100
2026/08/05 02:18:57.425, 21096, 100
2026/08/05 02:18:58.425, 21096, 100
2026/08/05 02:18:59.425, 21096, 100
2026/08/05 02:19:00.426, 21096, 100
2026/08/05 02:19:01.426, 21096, 100
2026/08/05 02:19:02.426, 21096, 100
2026/08/05 02:19:03.426, 21096, 100
2026/08/05 02:19:04.426, 21096, 100
2026/08/05 02:19:05.427, 21096, 100
2026/08/05 02:19:06.427, 21096, 100
2026/08/05 02:19:07.427, 21096, 100
2026/08/05 02:19:08.438, 21096, 100
2026/08/05 02:19:09.461, 21096, 100
2026/08/05 02:19:10.481, 21096, 100
2026/08/05 02:19:11.498, 21096, 100
2026/08/05 02:19:12.514, 21096, 100
2026/08/05 02:19:13.527, 21096, 100
2026/08/05 02:19:14.539, 21096, 100
2026/08/05 02:19:15.549, 21096, 100
2026/08/05 02:19:16.558, 21096, 100
2026/08/05 02:19:17.567, 21096, 83
2026/08/05 02:19:18.574, 21096, 100
2026/08/05 02:19:19.581, 21096, 100
2026/08/05 02:19:20.587, 21096, 100
2026/08/05 02:19:21.593, 21096, 100
2026/08/05 02:19:22.597, 21096, 100
2026/08/05 02:19:23.602, 21096, 100
2026/08/05 02:19:24.606, 21096, 100
2026/08/05 02:19:25.612, 21096, 100
2026/08/05 02:19:26.615, 21096, 100
2026/08/05 02:19:27.618, 21096, 100
2026/08/05 02:19:28.621, 21096, 100
2026/08/05 02:19:29.623, 21096, 100
2026/08/05 02:19:30.625, 21096, 100
2026/08/05 02:19:31.628, 21096, 100
2026/08/05 02:19:32.630, 21096, 100
2026/08/05 02:19:33.632, 21096, 100
2026/08/05 02:19:34.635, 21096, 92
2026/08/05 02:19:35.637, 21096, 100
2026/08/05 02:19:36.638, 21096, 86
2026/08/05 02:19:37.639, 21096, 100
2026/08/05 02:19:38.641, 21096, 100
2026/08/05 02:19:39.642, 21096, 100
2026/08/05 02:19:40.644, 21096, 100
2026/08/05 02:19:41.644, 21096, 100
2026/08/05 02:19:42.644, 21096, 100
2026/08/05 02:19:43.644, 21096, 100
2026/08/05 02:19:44.645, 21096, 100
2026/08/05 02:19:45.645, 21096, 100
2026/08/05 02:19:46.645, 21096, 100
2026/08/05 02:19:47.645, 21096, 100
2026/08/05 02:19:48.645, 21096, 100
2026/08/05 02:19:49.646, 21096, 100
2026/08/05 02:19:50.646, 21096, 63
2026/08/05 02:19:51.646, 21096, 100
2026/08/05 02:19:52.646, 21096, 100
2026/08/05 02:19:53.647, 21096, 100
2026/08/05 02:19:54.647, 21096, 83
2026/08/05 02:19:55.648, 21096, 100
2026/08/05 02:19:56.648, 21096, 100
2026/08/05 02:19:57.648, 21096, 100
2026/08/05 02:19:58.648, 21096, 100
2026/08/05 02:19:59.648, 21096, 100
2026/08/05 02:20:00.649, 21096, 100
2026/08/05 02:20:01.649, 21096, 100
2026/08/05 02:20:02.649, 21096, 100
2026/08/05 02:20:03.649, 21096, 100
2026/08/05 02:20:04.650, 21096, 100
2026/08/05 02:20:05.650, 21096, 100
2026/08/05 02:20:06.650, 21096, 100
2026/08/05 02:20:07.650, 21096, 100
2026/08/05 02:20:08.651, 21096, 100
2026/08/05 02:20:09.651, 21096, 100
2026/08/05 02:20:10.652, 21096, 100
2026/08/05 02:20:11.652, 21096, 100
2026/08/05 02:20:12.652, 21096, 100
2026/08/05 02:20:13.652, 21096, 100
2026/08/05 02:20:14.653, 21096, 100
2026/08/05 02:20:15.653, 21096, 100
2026/08/05 02:20:16.653, 21096, 84
2026/08/05 02:20:17.653, 21096, 100
2026/08/05 02:20:18.654, 21096, 90
2026/08/05 02:20:19.654, 21096, 100
2026/08/05 02:20:20.654, 21096, 100
2026/08/05 02:20:21.654, 21096, 100
2026/08/05 02:20:22.655, 21096, 100
2026/08/05 02:20:23.655, 21096, 100
2026/08/05 02:20:24.655, 21096, 84
2026/08/05 02:20:25.655, 21096, 86
2026/08/05 02:20:26.656, 21096, 100
2026/08/05 02:20:27.656, 21096, 100
2026/08/05 02:20:28.656, 21096, 100
2026/08/05 02:20:29.656, 21096, 100
2026/08/05 02:20:30.657, 21096, 100
2026/08/05 02:20:31.657, 21096, 100
2026/08/05 02:20:32.657, 21096, 100
2026/08/05 02:20:33.658, 21096, 100
2026/08/05 02:20:34.658, 21096, 100
2026/08/05 02:20:35.658, 21096, 85
2026/08/05 02:20:36.659, 21096, 100
2026/08/05 02:20:37.659, 21096, 100
2026/08/05 02:20:38.659, 21096, 100
2026/08/05 02:20:39.660, 21096, 100
2026/08/05 02:20:40.660, 21096, 100
2026/08/05 02:20:41.660, 21096, 100
2026/08/05 02:20:42.661, 21096, 84
2026/08/05 02:20:43.661, 21096, 100
2026/08/05 02:20:44.662, 21096, 83
2026/08/05 02:20:45.662, 21096, 100
2026/08/05 02:20:46.662, 21096, 100
2026/08/05 02:20:47.662, 21096, 100
2026/08/05 02:20:48.663, 21096, 100
2026/08/05 02:20:49.663, 21096, 100
2026/08/05 02:20:50.663, 21096, 83
2026/08/05 02:20:51.664, 21096, 100
2026/08/05 02:20:52.664, 21096, 100
2026/08/05 02:20:53.665, 21096, 100
2026/08/05 02:20:54.665, 21096, 100
2026/08/05 02:20:55.666, 21096, 100
2026/08/05 02:20:56.666, 21096, 100
2026/08/05 02:20:57.666, 21096, 100
2026/08/05 02:20:58.666, 21096, 100
2026/08/05 02:20:59.667, 21096, 100
2026/08/05 02:21:00.667, 21096, 100
2026/08/05 02:21:01.667, 21096, 100
2026/08/05 02:21:02.668, 21096, 100
2026/08/05 02:21:03.668, 21096, 100
2026/08/05 02:21:04.668, 21096, 100
2026/08/05 02:21:05.669, 21096, 100
2026/08/05 02:21:06.669, 21096, 100
2026/08/05 02:21:07.669, 21096, 100
2026/08/05 02:21:08.669, 21096, 100
2026/08/05 02:21:09.670, 21096, 100
2026/08/05 02:21:10.670, 21096, 95
2026/08/05 02:21:11.670, 21096, 100
2026/08/05 02:21:12.671, 21096, 100
2026/08/05 02:21:13.671, 21096, 100
2026/08/05 02:21:14.671, 21096, 100
2026/08/05 02:21:15.671, 21096, 100
2026/08/05 02:21:16.671, 21096, 100
2026/08/05 02:21:17.672, 21096, 100
2026/08/05 02:21:18.672, 21096, 100
2026/08/05 02:21:19.672, 21096, 85
2026/08/05 02:21:20.672, 21096, 100
2026/08/05 02:21:21.673, 21096, 100
2026/08/05 02:21:22.673, 21096, 100
2026/08/05 02:21:23.673, 21096, 100
2026/08/05 02:21:24.673, 21096, 100
2026/08/05 02:21:25.674, 21096, 60
2026/08/05 02:21:26.674, 21096, 100
2026/08/05 02:21:27.674, 21096, 100
2026/08/05 02:21:28.674, 21096, 100
2026/08/05 02:21:29.675, 21096, 100
2026/08/05 02:21:30.675, 21096, 100
2026/08/05 02:21:31.675, 21096, 100
2026/08/05 02:21:32.675, 21096, 100
2026/08/05 02:21:33.676, 21096, 100
2026/08/05 02:21:34.676, 21096, 100
2026/08/05 02:21:35.676, 21096, 100
2026/08/05 02:21:36.676, 21096, 100
2026/08/05 02:21:37.676, 21096, 78
2026/08/05 02:21:38.676, 21096, 100
2026/08/05 02:21:39.677, 21096, 100
2026/08/05 02:21:40.677, 21096, 100
2026/08/05 02:21:41.677, 21096, 100
2026/08/05 02:21:42.677, 21096, 100
2026/08/05 02:21:43.677, 21096, 84
2026/08/05 02:21:44.678, 21096, 100
2026/08/05 02:21:45.678, 21096, 82
2026/08/05 02:21:46.678, 21096, 100
2026/08/05 02:21:47.678, 21096, 100
2026/08/05 02:21:48.679, 21096, 85
2026/08/05 02:21:49.679, 21096, 100
2026/08/05 02:21:50.679, 21096, 100
2026/08/05 02:21:51.679, 21096, 100
2026/08/05 02:21:52.679, 21096, 100
2026/08/05 02:21:53.680, 21096, 100
2026/08/05 02:21:54.680, 21096, 80
2026/08/05 02:21:55.680, 21096, 92
2026/08/05 02:21:56.681, 21096, 100
2026/08/05 02:21:57.681, 21096, 100
2026/08/05 02:21:58.681, 21096, 100
2026/08/05 02:21:59.681, 21096, 100
2026/08/05 02:22:00.681, 21096, 84
2026/08/05 02:22:01.682, 21096, 100
2026/08/05 02:22:02.682, 21096, 100
2026/08/05 02:22:03.683, 21096, 100
2026/08/05 02:22:04.683, 21096, 100
2026/08/05 02:22:05.683, 21096, 100
2026/08/05 02:22:06.683, 21096, 100
2026/08/05 02:22:07.683, 21096, 100
2026/08/05 02:22:08.684, 21096, 100
2026/08/05 02:22:09.684, 21096, 100
2026/08/05 02:22:10.684, 21096, 100
2026/08/05 02:22:11.684, 21096, 100
2026/08/05 02:22:12.685, 21096, 81
2026/08/05 02:22:13.685, 21096, 100
2026/08/05 02:22:14.685, 21096, 100
2026/08/05 02:22:15.685, 21096, 100
2026/08/05 02:22:16.686, 21096, 100
2026/08/05 02:22:17.686, 21096, 100
2026/08/05 02:22:18.686, 21096, 100
2026/08/05 02:22:19.686, 21096, 100
2026/08/05 02:22:20.686, 21096, 100
2026/08/05 02:22:21.687, 21096, 100
2026/08/05 02:22:22.687, 21096, 100
2026/08/05 02:22:23.687, 21096, 100
2026/08/05 02:22:24.687, 21096, 64
2026/08/05 02:22:25.688, 21096, 100
2026/08/05 02:22:26.688, 21096, 100
2026/08/05 02:22:27.688, 21096, 100
2026/08/05 02:22:28.688, 21096, 100
2026/08/05 02:22:29.689, 21096, 100
2026/08/05 02:22:30.689, 21096, 100
2026/08/05 02:22:31.689, 21096, 100
2026/08/05 02:22:32.690, 21096, 76
2026/08/05 02:22:33.690, 21096, 100
2026/08/05 02:22:34.690, 21096, 100
2026/08/05 02:22:35.690, 21096, 100
2026/08/05 02:22:36.691, 21096, 100
2026/08/05 02:22:37.691, 21096, 100
2026/08/05 02:22:38.691, 21096, 100
2026/08/05 02:22:39.691, 21096, 100
2026/08/05 02:22:40.692, 21096, 63
2026/08/05 02:22:41.692, 21096, 100
2026/08/05 02:22:42.692, 21096, 100
2026/08/05 02:22:43.692, 21096, 100
2026/08/05 02:22:44.693, 21096, 100
2026/08/05 02:22:45.693, 21096, 100
2026/08/05 02:22:46.693, 21096, 100
2026/08/05 02:22:47.693, 21096, 100
2026/08/05 02:22:48.693, 21096, 100
2026/08/05 02:22:49.694, 21096, 100
2026/08/05 02:22:50.694, 21096, 100
2026/08/05 02:22:51.694, 21096, 1
2026/08/05 02:22:52.694, 21096, 100
2026/08/05 02:22:53.695, 21096, 100
2026/08/05 02:22:54.695, 21096, 92
2026/08/05 02:22:55.696, 21096, 100
2026/08/05 02:22:56.697, 21096, 100
2026/08/05 02:22:57.698, 21096, 100
2026/08/05 02:22:58.700, 21096, 88
2026/08/05 02:22:59.700, 21096, 100
2026/08/05 02:23:00.701, 21096, 100
2026/08/05 02:23:01.702, 21096, 100
2026/08/05 02:23:02.703, 21096, 100
2026/08/05 02:23:03.703, 21096, 100
2026/08/05 02:23:04.704, 21096, 100
2026/08/05 02:23:05.705, 21096, 100
2026/08/05 02:23:06.705, 21096, 100
2026/08/05 02:23:07.707, 21096, 100
2026/08/05 02:23:08.708, 21096, 100
2026/08/05 02:23:09.709, 21096, 100
2026/08/05 02:23:10.709, 21096, 100
2026/08/05 02:23:11.709, 21096, 100
2026/08/05 02:23:12.711, 21096, 100
2026/08/05 02:23:13.712, 21096, 83
2026/08/05 02:23:14.714, 21096, 87
2026/08/05 02:23:15.715, 21096, 100
2026/08/05 02:23:16.716, 21096, 100
2026/08/05 02:23:17.718, 21096, 100
2026/08/05 02:23:18.719, 21096, 69
2026/08/05 02:23:19.720, 21096, 100
2026/08/05 02:23:20.722, 21096, 100
2026/08/05 02:23:21.723, 21096, 100
2026/08/05 02:23:22.724, 21096, 100
2026/08/05 02:23:23.726, 21096, 100
2026/08/05 02:23:24.727, 21096, 100
2026/08/05 02:23:25.728, 21096, 100
2026/08/05 02:23:26.730, 21096, 100
2026/08/05 02:23:27.730, 21096, 100
2026/08/05 02:23:28.731, 21096, 100
2026/08/05 02:23:29.733, 21096, 100
2026/08/05 02:23:30.733, 21096, 100
2026/08/05 02:23:31.734, 21096, 100
2026/08/05 02:23:32.734, 21096, 100
2026/08/05 02:23:33.734, 21096, 85
2026/08/05 02:23:34.735, 21096, 100
2026/08/05 02:23:35.735, 21096, 87
2026/08/05 02:23:36.736, 21096, 100
2026/08/05 02:23:37.736, 21096, 100
2026/08/05 02:23:38.737, 21096, 100
2026/08/05 02:23:39.738, 21096, 84
2026/08/05 02:23:40.739, 21096, 100
2026/08/05 02:23:41.740, 21096, 100
2026/08/05 02:23:42.740, 21096, 100
2026/08/05 02:23:43.742, 21096, 100
2026/08/05 02:23:44.742, 21096, 100
2026/08/05 02:23:45.742, 21096, 100
2026/08/05 02:23:46.742, 21096, 100
2026/08/05 02:23:47.743, 21096, 100
2026/08/05 02:23:48.743, 21096, 100
2026/08/05 02:23:49.743, 21096, 100
2026/08/05 02:23:50.744, 21096, 100
2026/08/05 02:23:51.744, 21096, 100
2026/08/05 02:23:52.745, 21096, 100
2026/08/05 02:23:53.745, 21096, 100
2026/08/05 02:23:54.745, 21096, 100
2026/08/05 02:23:55.746, 21096, 100
2026/08/05 02:23:56.746, 21096, 100
2026/08/05 02:23:57.747, 21096, 100
2026/08/05 02:23:58.747, 21096, 100
2026/08/05 02:23:59.747, 21096, 100
2026/08/05 02:24:00.747, 21096, 100
2026/08/05 02:24:01.748, 21096, 100
2026/08/05 02:24:02.748, 21096, 100
2026/08/05 02:24:03.748, 21096, 100
2026/08/05 02:24:04.749, 21096, 100
2026/08/05 02:24:05.749, 21096, 100
2026/08/05 02:24:06.749, 21096, 100
2026/08/05 02:24:07.749, 21096, 100
2026/08/05 02:24:08.750, 21096, 100
2026/08/05 02:24:09.750, 21096, 100
2026/08/05 02:24:10.750, 21096, 100
2026/08/05 02:24:11.751, 21096, 86
2026/08/05 02:24:12.751, 21096, 100
2026/08/05 02:24:13.752, 21096, 100
2026/08/05 02:24:14.752, 21096, 100
2026/08/05 02:24:15.752, 21096, 100
2026/08/05 02:24:16.752, 21096, 100
2026/08/05 02:24:17.753, 21096, 100
2026/08/05 02:24:18.753, 21096, 100
2026/08/05 02:24:19.753, 21096, 100
2026/08/05 02:24:20.754, 21096, 100
2026/08/05 02:24:21.754, 21096, 100
2026/08/05 02:24:22.755, 21096, 74
2026/08/05 02:24:23.755, 21096, 100
2026/08/05 02:24:24.755, 21096, 100
2026/08/05 02:24:25.756, 21096, 100
2026/08/05 02:24:26.756, 21096, 100
2026/08/05 02:24:27.756, 21096, 85
2026/08/05 02:24:28.756, 21096, 88
2026/08/05 02:24:29.756, 21096, 100
2026/08/05 02:24:30.757, 21096, 100
2026/08/05 02:24:31.757, 21096, 100
2026/08/05 02:24:32.757, 21096, 100
2026/08/05 02:24:33.758, 21096, 100
2026/08/05 02:24:34.758, 21096, 100
2026/08/05 02:24:35.758, 21096, 100
2026/08/05 02:24:36.759, 21096, 100
2026/08/05 02:24:37.759, 21096, 66
2026/08/05 02:24:38.759, 21096, 100
2026/08/05 02:24:39.760, 21096, 100
2026/08/05 02:24:40.760, 21096, 100
2026/08/05 02:24:41.760, 21096, 100
2026/08/05 02:24:42.761, 21096, 100
2026/08/05 02:24:43.761, 21096, 100
2026/08/05 02:24:44.761, 21096, 84
2026/08/05 02:24:45.761, 21096, 100
2026/08/05 02:24:46.761, 21096, 100
2026/08/05 02:24:47.762, 21096, 100
2026/08/05 02:24:48.762, 21096, 100
2026/08/05 02:24:49.762, 21096, 100
2026/08/05 02:24:50.762, 21096, 100
2026/08/05 02:24:51.763, 21096, 100
2026/08/05 02:24:52.763, 21096, 100
2026/08/05 02:24:53.763, 21096, 100
2026/08/05 02:24:54.764, 21096, 100
2026/08/05 02:24:55.764, 21096, 88
2026/08/05 02:24:56.764, 21096, 100
2026/08/05 02:24:57.764, 21096, 100
2026/08/05 02:24:58.765, 21096, 100
2026/08/05 02:24:59.765, 21096, 100
2026/08/05 02:25:00.765, 21096, 100
2026/08/05 02:25:01.765, 21096, 100
2026/08/05 02:25:02.766, 21096, 100
2026/08/05 02:25:03.766, 21096, 100
2026/08/05 02:25:04.766, 21096, 100
2026/08/05 02:25:05.766, 21096, 100
2026/08/05 02:25:06.767, 21096, 100
2026/08/05 02:25:07.767, 21096, 100
2026/08/05 02:25:08.767, 21096, 100
2026/08/05 02:25:09.768, 21096, 100
2026/08/05 02:25:10.768, 21096, 100
2026/08/05 02:25:11.769, 21096, 100
2026/08/05 02:25:12.769, 21096, 100
2026/08/05 02:25:13.769, 21096, 86
2026/08/05 02:25:14.769, 21096, 100
2026/08/05 02:25:15.769, 21096, 85
2026/08/05 02:25:16.770, 21096, 100
2026/08/05 02:25:17.770, 21096, 100
2026/08/05 02:25:18.770, 21096, 65
2026/08/05 02:25:19.771, 21096, 100
2026/08/05 02:25:20.771, 21096, 85
2026/08/05 02:25:21.771, 21096, 100
2026/08/05 02:25:22.771, 21096, 100
2026/08/05 02:25:23.772, 21096, 67
2026/08/05 02:25:24.772, 21096, 84
2026/08/05 02:25:25.772, 21096, 86
2026/08/05 02:25:26.773, 21096, 100
2026/08/05 02:25:27.773, 21096, 100
2026/08/05 02:25:28.773, 21096, 100
2026/08/05 02:25:29.773, 21096, 100
2026/08/05 02:25:30.774, 21096, 100
2026/08/05 02:25:31.774, 21096, 100
2026/08/05 02:25:32.774, 21096, 100
2026/08/05 02:25:33.775, 21096, 100
2026/08/05 02:25:34.775, 21096, 96
2026/08/05 02:25:35.775, 21096, 100
2026/08/05 02:25:36.775, 21096, 100
2026/08/05 02:25:37.776, 21096, 100
2026/08/05 02:25:38.776, 21096, 100
2026/08/05 02:25:39.776, 21096, 100
2026/08/05 02:25:40.777, 21096, 100
2026/08/05 02:25:41.777, 21096, 100
2026/08/05 02:25:42.777, 21096, 100
2026/08/05 02:25:43.777, 21096, 100
2026/08/05 02:25:44.777, 21096, 100
2026/08/05 02:25:45.778, 21096, 100
2026/08/05 02:25:46.778, 21096, 64
2026/08/05 02:25:47.778, 21096, 100
2026/08/05 02:25:48.779, 21096, 100
2026/08/05 02:25:49.779, 21096, 100
2026/08/05 02:25:50.780, 21096, 100
2026/08/05 02:25:51.780, 21096, 100
2026/08/05 02:25:52.780, 21096, 100
2026/08/05 02:25:53.781, 21096, 100
2026/08/05 02:25:54.781, 21096, 100
2026/08/05 02:25:55.781, 21096, 100
2026/08/05 02:25:56.782, 21096, 100
2026/08/05 02:25:57.782, 21096, 83
2026/08/05 02:25:58.782, 21096, 89
2026/08/05 02:25:59.782, 21096, 100
2026/08/05 02:26:00.783, 21096, 100
2026/08/05 02:26:01.783, 21096, 100
2026/08/05 02:26:02.783, 21096, 100
2026/08/05 02:26:03.784, 21096, 84
2026/08/05 02:26:04.784, 21096, 63
2026/08/05 02:26:05.784, 21096, 84
2026/08/05 02:26:06.785, 21096, 100
2026/08/05 02:26:07.785, 21096, 100
2026/08/05 02:26:08.785, 21096, 100
2026/08/05 02:26:09.786, 21096, 100
2026/08/05 02:26:10.786, 21096, 100
2026/08/05 02:26:11.786, 21096, 100
2026/08/05 02:26:12.787, 21096, 100
2026/08/05 02:26:13.787, 21096, 100
2026/08/05 02:26:14.787, 21096, 100
2026/08/05 02:26:15.787, 21096, 100
2026/08/05 02:26:16.788, 21096, 100
2026/08/05 02:26:17.788, 21096, 100
2026/08/05 02:26:18.788, 21096, 100
2026/08/05 02:26:19.788, 21096, 100
2026/08/05 02:26:20.789, 21096, 86
2026/08/05 02:26:21.789, 21096, 100
2026/08/05 02:26:22.789, 21096, 63
2026/08/05 02:26:23.790, 21096, 100
2026/08/05 02:26:24.790, 21096, 100
2026/08/05 02:26:25.790, 21096, 100
2026/08/05 02:26:26.791, 21096, 100
2026/08/05 02:26:27.791, 21096, 100
2026/08/05 02:26:28.791, 21096, 100
2026/08/05 02:26:29.792, 21096, 100
2026/08/05 02:26:30.792, 21096, 64
2026/08/05 02:26:31.792, 21096, 100
2026/08/05 02:26:32.793, 21096, 100
2026/08/05 02:26:33.793, 21096, 100
2026/08/05 02:26:34.793, 21096, 100
2026/08/05 02:26:35.793, 21096, 100
2026/08/05 02:26:36.794, 21096, 100
2026/08/05 02:26:37.794, 21096, 100
2026/08/05 02:26:38.794, 21096, 99
2026/08/05 02:26:39.795, 21096, 100
2026/08/05 02:26:40.795, 21096, 100
2026/08/05 02:26:41.795, 21096, 100
2026/08/05 02:26:42.796, 21096, 100
2026/08/05 02:26:43.796, 21096, 100
2026/08/05 02:26:44.796, 21096, 100
2026/08/05 02:26:45.797, 21096, 100
2026/08/05 02:26:46.797, 21096, 100
2026/08/05 02:26:47.797, 21096, 100
2026/08/05 02:26:48.797, 21096, 100
2026/08/05 02:26:49.798, 21096, 82
2026/08/05 02:26:50.798, 21096, 100
2026/08/05 02:26:51.799, 21096, 100
2026/08/05 02:26:52.799, 21096, 100
2026/08/05 02:26:53.799, 21096, 100
2026/08/05 02:26:54.799, 21096, 100
2026/08/05 02:26:55.800, 21096, 100
2026/08/05 02:26:56.800, 21096, 83
2026/08/05 02:26:57.800, 21096, 76
2026/08/05 02:26:58.800, 21096, 100
2026/08/05 02:26:59.801, 21096, 100
2026/08/05 02:27:00.801, 21096, 100
2026/08/05 02:27:01.801, 21096, 100
2026/08/05 02:27:02.802, 21096, 100
2026/08/05 02:27:03.802, 21096, 100
2026/08/05 02:27:04.802, 21096, 100
2026/08/05 02:27:05.802, 21096, 100
2026/08/05 02:27:06.802, 21096, 100
2026/08/05 02:27:07.803, 21096, 96
2026/08/05 02:27:08.803, 21096, 84
2026/08/05 02:27:09.803, 21096, 100
2026/08/05 02:27:10.803, 21096, 100
2026/08/05 02:27:11.804, 21096, 100
2026/08/05 02:27:12.804, 21096, 100
2026/08/05 02:27:13.804, 21096, 100
2026/08/05 02:27:14.804, 21096, 94
2026/08/05 02:27:15.804, 21096, 100
2026/08/05 02:27:16.805, 21096, 100
2026/08/05 02:27:17.805, 21096, 100
2026/08/05 02:27:18.805, 21096, 83
2026/08/05 02:27:19.805, 21096, 86
2026/08/05 02:27:20.806, 21096, 100
2026/08/05 02:27:21.806, 21096, 100
2026/08/05 02:27:22.806, 21096, 83
2026/08/05 02:27:23.806, 21096, 100
2026/08/05 02:27:24.807, 21096, 100
2026/08/05 02:27:25.807, 21096, 100
2026/08/05 02:27:26.807, 21096, 100
2026/08/05 02:27:27.807, 21096, 100
2026/08/05 02:27:28.808, 21096, 100
2026/08/05 02:27:29.808, 21096, 100
2026/08/05 02:27:30.808, 21096, 100
2026/08/05 02:27:31.809, 21096, 100
2026/08/05 02:27:32.809, 21096, 100
2026/08/05 02:27:33.809, 21096, 100
2026/08/05 02:27:34.809, 21096, 100
2026/08/05 02:27:35.809, 21096, 100
2026/08/05 02:27:36.810, 21096, 100
2026/08/05 02:27:37.810, 21096, 100
2026/08/05 02:27:38.810, 21096, 100
2026/08/05 02:27:39.810, 21096, 100
2026/08/05 02:27:40.810, 21096, 100
2026/08/05 02:27:41.811, 21096, 100
2026/08/05 02:27:42.811, 21096, 100
2026/08/05 02:27:43.811, 21096, 100
2026/08/05 02:27:44.811, 21096, 100
2026/08/05 02:27:45.811, 21096, 100
2026/08/05 02:27:46.812, 21096, 100
2026/08/05 02:27:47.812, 21096, 100
2026/08/05 02:27:48.813, 21096, 100
2026/08/05 02:27:49.813, 21096, 100
2026/08/05 02:27:50.813, 21096, 100
2026/08/05 02:27:51.813, 21096, 85
2026/08/05 02:27:52.813, 21096, 100
2026/08/05 02:27:53.814, 21096, 100
2026/08/05 02:27:54.814, 21096, 100
2026/08/05 02:27:55.814, 21096, 100
2026/08/05 02:27:56.814, 21096, 100
2026/08/05 02:27:57.814, 21096, 100
2026/08/05 02:27:58.815, 21096, 100
2026/08/05 02:27:59.815, 21096, 100
2026/08/05 02:28:00.815, 21096, 69
2026/08/05 02:28:01.815, 21096, 100
2026/08/05 02:28:02.815, 21096, 100
2026/08/05 02:28:03.816, 21096, 100
2026/08/05 02:28:04.816, 21096, 100
2026/08/05 02:28:05.816, 21096, 100
2026/08/05 02:28:06.817, 21096, 100
2026/08/05 02:28:07.817, 21096, 100
2026/08/05 02:28:08.817, 21096, 100
2026/08/05 02:28:09.817, 21096, 100
2026/08/05 02:28:10.817, 21096, 100
2026/08/05 02:28:11.818, 21096, 100
2026/08/05 02:28:12.818, 21096, 100
2026/08/05 02:28:13.818, 21096, 100
2026/08/05 02:28:14.818, 21096, 100
2026/08/05 02:28:15.818, 21096, 100
2026/08/05 02:28:16.819, 21096, 100
2026/08/05 02:28:17.819, 21096, 100
2026/08/05 02:28:18.819, 21096, 100
2026/08/05 02:28:19.819, 21096, 92
2026/08/05 02:28:20.820, 21096, 100
2026/08/05 02:28:21.820, 21096, 100
2026/08/05 02:28:22.820, 21096, 100
2026/08/05 02:28:23.820, 21096, 69
2026/08/05 02:28:24.821, 21096, 100
2026/08/05 02:28:25.821, 21096, 100
2026/08/05 02:28:26.821, 21096, 100
2026/08/05 02:28:27.821, 21096, 100
2026/08/05 02:28:28.821, 21096, 100
2026/08/05 02:28:29.822, 21096, 100
2026/08/05 02:28:30.822, 21096, 82
2026/08/05 02:28:31.822, 21096, 65
2026/08/05 02:28:32.823, 21096, 84
2026/08/05 02:28:33.823, 21096, 100
2026/08/05 02:28:34.823, 21096, 100
2026/08/05 02:28:35.824, 21096, 100
2026/08/05 02:28:36.824, 21096, 85
2026/08/05 02:28:37.824, 21096, 66
2026/08/05 02:28:38.824, 21096, 100
2026/08/05 02:28:39.825, 21096, 100
2026/08/05 02:28:40.825, 21096, 100
2026/08/05 02:28:41.825, 21096, 100
2026/08/05 02:28:42.825, 21096, 100
2026/08/05 02:28:43.826, 21096, 100
2026/08/05 02:28:44.826, 21096, 100
2026/08/05 02:28:45.826, 21096, 100
2026/08/05 02:28:46.826, 21096, 100
2026/08/05 02:28:47.827, 21096, 100
2026/08/05 02:28:48.827, 21096, 100
2026/08/05 02:28:49.827, 21096, 100
2026/08/05 02:28:50.827, 21096, 85
2026/08/05 02:28:51.827, 21096, 100
2026/08/05 02:28:52.828, 21096, 100
2026/08/05 02:28:53.828, 21096, 100
2026/08/05 02:28:54.829, 21096, 100
2026/08/05 02:28:55.829, 21096, 100
2026/08/05 02:28:56.829, 21096, 100
2026/08/05 02:28:57.829, 21096, 85
2026/08/05 02:28:58.829, 21096, 100
2026/08/05 02:28:59.830, 21096, 85
2026/08/05 02:29:00.830, 21096, 100
2026/08/05 02:29:01.830, 21096, 100
2026/08/05 02:29:02.830, 21096, 100
2026/08/05 02:29:03.830, 21096, 100
2026/08/05 02:29:04.831, 21096, 100
2026/08/05 02:29:05.831, 21096, 100
2026/08/05 02:29:06.831, 21096, 100
2026/08/05 02:29:07.831, 21096, 100
2026/08/05 02:29:08.832, 21096, 75
2026/08/05 02:29:09.832, 21096, 100
2026/08/05 02:29:10.833, 21096, 100
2026/08/05 02:29:11.833, 21096, 93
2026/08/05 02:29:12.833, 21096, 100
2026/08/05 02:29:13.834, 21096, 100
2026/08/05 02:29:14.834, 21096, 100
2026/08/05 02:29:15.834, 21096, 100
2026/08/05 02:29:16.835, 21096, 100
2026/08/05 02:29:17.835, 21096, 100
2026/08/05 02:29:18.835, 21096, 100
2026/08/05 02:29:19.835, 21096, 100
2026/08/05 02:29:20.835, 21096, 100
2026/08/05 02:29:21.835, 21096, 57
2026/08/05 02:29:22.836, 21096, 84
2026/08/05 02:29:23.836, 21096, 100
2026/08/05 02:29:24.836, 21096, 100
2026/08/05 02:29:25.837, 21096, 100
2026/08/05 02:29:26.837, 21096, 84
2026/08/05 02:29:27.837, 21096, 85
2026/08/05 02:29:28.837, 21096, 58
2026/08/05 02:29:29.838, 21096, 100
2026/08/05 02:29:30.838, 21096, 100
2026/08/05 02:29:31.838, 21096, 100
2026/08/05 02:29:32.839, 21096, 100
2026/08/05 02:29:33.839, 21096, 100
2026/08/05 02:29:34.839, 21096, 100
2026/08/05 02:29:35.840, 21096, 100
2026/08/05 02:29:36.840, 21096, 100
2026/08/05 02:29:37.840, 21096, 100
2026/08/05 02:29:38.840, 21096, 100
2026/08/05 02:29:39.841, 21096, 100
2026/08/05 02:29:40.841, 21096, 100
2026/08/05 02:29:41.842, 21096, 100
2026/08/05 02:29:42.842, 21096, 100
2026/08/05 02:29:43.842, 21096, 100
2026/08/05 02:29:44.842, 21096, 100
2026/08/05 02:29:45.843, 21096, 100
2026/08/05 02:29:46.843, 21096, 100
2026/08/05 02:29:47.843, 21096, 100
2026/08/05 02:29:48.843, 21096, 67
2026/08/05 02:29:49.844, 21096, 100
2026/08/05 02:29:50.844, 21096, 100
2026/08/05 02:29:51.844, 21096, 100
2026/08/05 02:29:52.845, 21096, 100
2026/08/05 02:29:53.845, 21096, 100
2026/08/05 02:29:54.845, 21096, 100
2026/08/05 02:29:55.845, 21096, 100
2026/08/05 02:29:56.845, 21096, 99
2026/08/05 02:29:57.845, 21096, 100
2026/08/05 02:29:58.846, 21096, 100
2026/08/05 02:29:59.846, 21096, 100
2026/08/05 02:30:00.846, 21096, 100
2026/08/05 02:30:01.846, 21096, 100
2026/08/05 02:30:02.847, 21096, 84
2026/08/05 02:30:03.847, 21096, 100
2026/08/05 02:30:04.847, 21096, 100
2026/08/05 02:30:05.847, 21096, 100
2026/08/05 02:30:06.847, 21096, 85
2026/08/05 02:30:07.848, 21096, 100
2026/08/05 02:30:08.848, 21096, 84
2026/08/05 02:30:09.848, 21096, 100
2026/08/05 02:30:10.848, 21096, 100
2026/08/05 02:30:11.848, 21096, 100
2026/08/05 02:30:12.849, 21096, 83
2026/08/05 02:30:13.849, 21096, 100
2026/08/05 02:30:14.849, 21096, 100
2026/08/05 02:30:15.849, 21096, 100
2026/08/05 02:30:16.849, 21096, 66
2026/08/05 02:30:17.850, 21096, 100
2026/08/05 02:30:18.850, 21096, 100
2026/08/05 02:30:19.850, 21096, 100
2026/08/05 02:30:20.850, 21096, 100
2026/08/05 02:30:21.850, 21096, 85
2026/08/05 02:30:22.851, 21096, 100
2026/08/05 02:30:23.851, 21096, 100
2026/08/05 02:30:24.852, 21096, 100
2026/08/05 02:30:25.852, 21096, 100
2026/08/05 02:30:26.852, 21096, 100
2026/08/05 02:30:27.852, 21096, 100
2026/08/05 02:30:28.852, 21096, 100
2026/08/05 02:30:29.853, 21096, 100
2026/08/05 02:30:30.853, 21096, 100
2026/08/05 02:30:31.853, 21096, 100
2026/08/05 02:30:32.853, 21096, 100
2026/08/05 02:30:33.854, 21096, 100
2026/08/05 02:30:34.854, 21096, 100
2026/08/05 02:30:35.854, 21096, 100
2026/08/05 02:30:36.854, 21096, 100
2026/08/05 02:30:37.855, 21096, 100
2026/08/05 02:30:38.855, 21096, 100
2026/08/05 02:30:39.855, 21096, 100
2026/08/05 02:30:40.855, 21096, 100
2026/08/05 02:30:41.855, 21096, 100
2026/08/05 02:30:42.856, 21096, 100
2026/08/05 02:30:43.856, 21096, 65
2026/08/05 02:30:44.856, 21096, 100
2026/08/05 02:30:45.856, 21096, 100
2026/08/05 02:30:46.856, 21096, 100
2026/08/05 02:30:47.857, 21096, 100
2026/08/05 02:30:48.857, 21096, 100
2026/08/05 02:30:49.857, 21096, 100
2026/08/05 02:30:50.857, 21096, 100
2026/08/05 02:30:51.857, 21096, 100
2026/08/05 02:30:52.858, 21096, 84
2026/08/05 02:30:53.858, 21096, 100
2026/08/05 02:30:54.858, 21096, 84
2026/08/05 02:30:55.858, 21096, 100
2026/08/05 02:30:56.858, 21096, 84
2026/08/05 02:30:57.859, 21096, 100
2026/08/05 02:30:58.859, 21096, 100
2026/08/05 02:30:59.859, 21096, 100
2026/08/05 02:31:00.859, 21096, 100
2026/08/05 02:31:01.860, 21096, 100
2026/08/05 02:31:02.860, 21096, 100
2026/08/05 02:31:03.860, 21096, 100
2026/08/05 02:31:04.861, 21096, 64
2026/08/05 02:31:05.861, 21096, 100
2026/08/05 02:31:06.861, 21096, 100
2026/08/05 02:31:07.862, 21096, 100
2026/08/05 02:31:08.862, 21096, 100
2026/08/05 02:31:09.862, 21096, 100
2026/08/05 02:31:10.862, 21096, 100
2026/08/05 02:31:11.862, 21096, 100
2026/08/05 02:31:12.863, 21096, 100
2026/08/05 02:31:13.863, 21096, 100
2026/08/05 02:31:14.863, 21096, 100
2026/08/05 02:31:15.864, 21096, 95
2026/08/05 02:31:16.864, 21096, 100
2026/08/05 02:31:17.864, 21096, 100
2026/08/05 02:31:18.864, 21096, 100
2026/08/05 02:31:19.865, 21096, 100
2026/08/05 02:31:20.865, 21096, 100
2026/08/05 02:31:21.865, 21096, 100
2026/08/05 02:31:22.865, 21096, 100
2026/08/05 02:31:23.866, 21096, 100
2026/08/05 02:31:24.866, 21096, 100
2026/08/05 02:31:25.866, 21096, 100
2026/08/05 02:31:26.866, 21096, 100
2026/08/05 02:31:27.867, 21096, 100
2026/08/05 02:31:28.867, 21096, 100
2026/08/05 02:31:29.867, 21096, 99
2026/08/05 02:31:30.867, 21096, 100
2026/08/05 02:31:31.867, 21096, 100
2026/08/05 02:31:32.868, 21096, 100
2026/08/05 02:31:33.868, 21096, 100
2026/08/05 02:31:34.868, 21096, 97
2026/08/05 02:31:35.868, 21096, 100
2026/08/05 02:31:36.869, 21096, 85
2026/08/05 02:31:37.869, 21096, 100
2026/08/05 02:31:38.869, 21096, 85
2026/08/05 02:31:39.869, 21096, 100
2026/08/05 02:31:40.869, 21096, 100
2026/08/05 02:31:41.870, 21096, 100
2026/08/05 02:31:42.870, 21096, 100
2026/08/05 02:31:43.870, 21096, 85
2026/08/05 02:31:44.871, 21096, 100
2026/08/05 02:31:45.871, 21096, 90
2026/08/05 02:31:46.871, 21096, 100
2026/08/05 02:31:47.872, 21096, 100
2026/08/05 02:31:48.872, 21096, 100
2026/08/05 02:31:49.873, 21096, 100
2026/08/05 02:31:50.873, 21096, 100
2026/08/05 02:31:51.873, 21096, 100
2026/08/05 02:31:52.873, 21096, 100
2026/08/05 02:31:53.874, 21096, 100
2026/08/05 02:31:54.874, 21096, 100
2026/08/05 02:31:55.874, 21096, 100
2026/08/05 02:31:56.875, 21096, 100
2026/08/05 02:31:57.875, 21096, 100
2026/08/05 02:31:58.875, 21096, 100
2026/08/05 02:31:59.875, 21096, 100
2026/08/05 02:32:00.876, 21096, 100
2026/08/05 02:32:01.876, 21096, 100
2026/08/05 02:32:02.876, 21096, 100
2026/08/05 02:32:03.876, 21096, 100
2026/08/05 02:32:04.877, 21096, 100
2026/08/05 02:32:05.877, 21096, 100
2026/08/05 02:32:06.877, 21096, 100
2026/08/05 02:32:07.877, 21096, 84
2026/08/05 02:32:08.878, 21096, 64
2026/08/05 02:32:09.878, 21096, 86
2026/08/05 02:32:10.878, 21096, 84
2026/08/05 02:32:11.878, 21096, 100
2026/08/05 02:32:12.879, 21096, 100
2026/08/05 02:32:13.879, 21096, 100
2026/08/05 02:32:14.879, 21096, 100
2026/08/05 02:32:15.879, 21096, 100
2026/08/05 02:32:16.880, 21096, 85
2026/08/05 02:32:17.880, 21096, 100
2026/08/05 02:32:18.880, 21096, 100
2026/08/05 02:32:19.881, 21096, 100
2026/08/05 02:32:20.881, 21096, 100
2026/08/05 02:32:21.881, 21096, 85
2026/08/05 02:32:22.881, 21096, 100
2026/08/05 02:32:23.882, 21096, 100
2026/08/05 02:32:24.882, 21096, 100
2026/08/05 02:32:25.882, 21096, 100
2026/08/05 02:32:26.882, 21096, 100
2026/08/05 02:32:27.882, 21096, 100
2026/08/05 02:32:28.883, 21096, 100
2026/08/05 02:32:29.883, 21096, 100
2026/08/05 02:32:30.883, 21096, 100
2026/08/05 02:32:31.883, 21096, 100
2026/08/05 02:32:32.884, 21096, 100
2026/08/05 02:32:33.884, 21096, 100
2026/08/05 02:32:34.884, 21096, 100
2026/08/05 02:32:35.885, 21096, 100
2026/08/05 02:32:36.885, 21096, 100
2026/08/05 02:32:37.886, 21096, 100
2026/08/05 02:32:38.886, 21096, 100
2026/08/05 02:32:39.886, 21096, 100
2026/08/05 02:32:40.886, 21096, 100
2026/08/05 02:32:41.886, 21096, 85
2026/08/05 02:32:42.887, 21096, 99
2026/08/05 02:32:43.887, 21096, 100
2026/08/05 02:32:44.887, 21096, 100
2026/08/05 02:32:45.887, 21096, 100
2026/08/05 02:32:46.887, 21096, 100
2026/08/05 02:32:47.888, 21096, 100
2026/08/05 02:32:48.888, 21096, 100
2026/08/05 02:32:49.888, 21096, 100
2026/08/05 02:32:50.888, 21096, 100
2026/08/05 02:32:51.889, 21096, 100
2026/08/05 02:32:52.889, 21096, 100
2026/08/05 02:32:53.889, 21096, 100
2026/08/05 02:32:54.889, 21096, 100
2026/08/05 02:32:55.889, 21096, 100
2026/08/05 02:32:56.890, 21096, 84
2026/08/05 02:32:57.890, 21096, 100
2026/08/05 02:32:58.890, 21096, 100
2026/08/05 02:32:59.890, 21096, 100
2026/08/05 02:33:00.891, 21096, 100
2026/08/05 02:33:01.891, 21096, 100
2026/08/05 02:33:02.891, 21096, 100
2026/08/05 02:33:03.891, 21096, 100
2026/08/05 02:33:04.892, 21096, 100
2026/08/05 02:33:05.892, 21096, 100
2026/08/05 02:33:06.892, 21096, 100
2026/08/05 02:33:07.892, 21096, 100
2026/08/05 02:33:08.893, 21096, 100
2026/08/05 02:33:09.893, 21096, 100
2026/08/05 02:33:10.893, 21096, 100
2026/08/05 02:33:11.893, 21096, 100
2026/08/05 02:33:12.894, 21096, 100
2026/08/05 02:33:13.894, 21096, 70
2026/08/05 02:33:14.894, 21096, 100
2026/08/05 02:33:15.894, 21096, 100
2026/08/05 02:33:16.894, 21096, 100
2026/08/05 02:33:17.895, 21096, 100
2026/08/05 02:33:18.895, 21096, 100
2026/08/05 02:33:19.895, 21096, 100
2026/08/05 02:33:20.895, 21096, 100
2026/08/05 02:33:21.896, 21096, 100
2026/08/05 02:33:22.896, 21096, 100
2026/08/05 02:33:23.896, 21096, 100
2026/08/05 02:33:24.896, 21096, 100
2026/08/05 02:33:25.897, 21096, 100
2026/08/05 02:33:26.899, 21096, 100
2026/08/05 02:33:27.899, 21096, 100
2026/08/05 02:33:28.900, 21096, 100
2026/08/05 02:33:29.900, 21096, 89
2026/08/05 02:33:30.900, 21096, 100
2026/08/05 02:33:31.901, 21096, 100
2026/08/05 02:33:32.901, 21096, 100
2026/08/05 02:33:33.901, 21096, 100
2026/08/05 02:33:34.901, 21096, 100
2026/08/05 02:33:35.901, 21096, 95
2026/08/05 02:33:36.902, 21096, 100
2026/08/05 02:33:37.902, 21096, 86
2026/08/05 02:33:38.902, 21096, 100
2026/08/05 02:33:39.902, 21096, 66
2026/08/05 02:33:40.903, 21096, 86
2026/08/05 02:33:41.903, 21096, 100
2026/08/05 02:33:42.903, 21096, 100
2026/08/05 02:33:43.904, 21096, 100
2026/08/05 02:33:44.904, 21096, 94
2026/08/05 02:33:45.904, 21096, 88
2026/08/05 02:33:46.905, 21096, 83
2026/08/05 02:33:47.905, 21096, 100
2026/08/05 02:33:48.905, 21096, 100
2026/08/05 02:33:49.905, 21096, 100
2026/08/05 02:33:50.906, 21096, 100
2026/08/05 02:33:51.906, 21096, 100
2026/08/05 02:33:52.907, 21096, 100
2026/08/05 02:33:53.907, 21096, 100
2026/08/05 02:33:54.907, 21096, 100
2026/08/05 02:33:55.907, 21096, 100
2026/08/05 02:33:56.907, 21096, 100
2026/08/05 02:33:57.908, 21096, 100
2026/08/05 02:33:58.908, 21096, 100
2026/08/05 02:33:59.908, 21096, 100
2026/08/05 02:34:00.909, 21096, 100
2026/08/05 02:34:01.909, 21096, 84
2026/08/05 02:34:02.909, 21096, 89
2026/08/05 02:34:03.910, 21096, 85
2026/08/05 02:34:04.910, 21096, 100
2026/08/05 02:34:05.910, 21096, 84
2026/08/05 02:34:06.911, 21096, 100
2026/08/05 02:34:07.911, 21096, 100
2026/08/05 02:34:08.911, 21096, 100
2026/08/05 02:34:09.911, 21096, 100
2026/08/05 02:34:10.912, 21096, 100
2026/08/05 02:34:11.912, 21096, 100
2026/08/05 02:34:12.912, 21096, 100
2026/08/05 02:34:13.913, 21096, 100
2026/08/05 02:34:14.913, 21096, 100
2026/08/05 02:34:15.913, 21096, 100
2026/08/05 02:34:16.914, 21096, 84
2026/08/05 02:34:17.914, 21096, 100
2026/08/05 02:34:18.914, 21096, 84
2026/08/05 02:34:19.915, 21096, 89
2026/08/05 02:34:20.915, 21096, 84
2026/08/05 02:34:21.916, 21096, 100
2026/08/05 02:34:22.916, 21096, 100
2026/08/05 02:34:23.917, 21096, 100
2026/08/05 02:34:24.917, 21096, 100
2026/08/05 02:34:25.917, 21096, 100
2026/08/05 02:34:26.917, 21096, 99
2026/08/05 02:34:27.918, 21096, 100
2026/08/05 02:34:28.918, 21096, 100
2026/08/05 02:34:29.918, 21096, 84
2026/08/05 02:34:30.919, 21096, 100
2026/08/05 02:34:31.919, 21096, 100
2026/08/05 02:34:32.919, 21096, 100
2026/08/05 02:34:33.919, 21096, 91
2026/08/05 02:34:34.920, 21096, 100
2026/08/05 02:34:35.920, 21096, 100
2026/08/05 02:34:36.920, 21096, 100
2026/08/05 02:34:37.921, 21096, 100
2026/08/05 02:34:38.921, 21096, 100
2026/08/05 02:34:39.921, 21096, 100
2026/08/05 02:34:40.922, 21096, 100
2026/08/05 02:34:41.922, 21096, 100
2026/08/05 02:34:42.923, 21096, 100
2026/08/05 02:34:43.923, 21096, 100
2026/08/05 02:34:44.923, 21096, 100
2026/08/05 02:34:45.923, 21096, 100
2026/08/05 02:34:46.924, 21096, 100
2026/08/05 02:34:47.924, 21096, 100
2026/08/05 02:34:48.924, 21096, 100
2026/08/05 02:34:49.925, 21096, 100
2026/08/05 02:34:50.925, 21096, 100
2026/08/05 02:34:51.925, 21096, 100
2026/08/05 02:34:52.925, 21096, 100
2026/08/05 02:34:53.926, 21096, 100
2026/08/05 02:34:54.926, 21096, 100
2026/08/05 02:34:55.926, 21096, 100
2026/08/05 02:34:56.926, 21096, 82
2026/08/05 02:34:57.927, 21096, 100
2026/08/05 02:34:58.927, 21096, 100
2026/08/05 02:34:59.927, 21096, 100
2026/08/05 02:35:00.927, 21096, 100
2026/08/05 02:35:01.927, 21096, 100
2026/08/05 02:35:02.927, 21096, 100
2026/08/05 02:35:03.928, 21096, 58
2026/08/05 02:35:04.928, 21096, 100
2026/08/05 02:35:05.929, 21096, 100
2026/08/05 02:35:06.929, 21096, 84
2026/08/05 02:35:07.929, 21096, 100
2026/08/05 02:35:08.929, 21096, 100
2026/08/05 02:35:09.929, 21096, 100
2026/08/05 02:35:10.929, 21096, 100
2026/08/05 02:35:11.930, 21096, 100
2026/08/05 02:35:12.930, 21096, 86
2026/08/05 02:35:13.930, 21096, 100
2026/08/05 02:35:14.931, 21096, 100
2026/08/05 02:35:15.931, 21096, 80
2026/08/05 02:35:16.931, 21096, 100
2026/08/05 02:35:17.931, 21096, 100
2026/08/05 02:35:18.931, 21096, 100
2026/08/05 02:35:19.932, 21096, 100
2026/08/05 02:35:20.932, 21096, 100
2026/08/05 02:35:21.932, 21096, 80
2026/08/05 02:35:22.932, 21096, 100
2026/08/05 02:35:23.933, 21096, 100
2026/08/05 02:35:24.933, 21096, 100
2026/08/05 02:35:25.933, 21096, 100
2026/08/05 02:35:26.933, 21096, 100
2026/08/05 02:35:27.934, 21096, 100
2026/08/05 02:35:28.934, 21096, 100
2026/08/05 02:35:29.934, 21096, 100
2026/08/05 02:35:30.934, 21096, 100
2026/08/05 02:35:31.935, 21096, 100
2026/08/05 02:35:32.935, 21096, 100
2026/08/05 02:35:33.935, 21096, 100
2026/08/05 02:35:34.935, 21096, 100
2026/08/05 02:35:35.935, 21096, 100
2026/08/05 02:35:36.936, 21096, 100
2026/08/05 02:35:37.936, 21096, 59
2026/08/05 02:35:38.936, 21096, 100
2026/08/05 02:35:39.936, 21096, 100
2026/08/05 02:35:40.936, 21096, 100
2026/08/05 02:35:41.937, 21096, 100
2026/08/05 02:35:42.937, 21096, 100
2026/08/05 02:35:43.938, 21096, 100
2026/08/05 02:35:44.940, 21096, 100
2026/08/05 02:35:45.941, 21096, 100
2026/08/05 02:35:46.943, 21096, 100
2026/08/05 02:35:47.944, 21096, 100
2026/08/05 02:35:48.945, 21096, 100
2026/08/05 02:35:49.947, 21096, 100
2026/08/05 02:35:50.948, 21096, 100
2026/08/05 02:35:51.950, 21096, 100
2026/08/05 02:35:52.951, 21096, 100
2026/08/05 02:35:53.953, 21096, 100
2026/08/05 02:35:54.954, 21096, 100
2026/08/05 02:35:55.955, 21096, 100
2026/08/05 02:35:56.957, 21096, 100
2026/08/05 02:35:57.958, 21096, 100
2026/08/05 02:35:58.960, 21096, 100
2026/08/05 02:35:59.961, 21096, 100
2026/08/05 02:36:00.963, 21096, 100
2026/08/05 02:36:01.964, 21096, 100
2026/08/05 02:36:02.965, 21096, 100
2026/08/05 02:36:03.967, 21096, 100
2026/08/05 02:36:04.968, 21096, 100
2026/08/05 02:36:05.970, 21096, 100
2026/08/05 02:36:06.971, 21096, 100
2026/08/05 02:36:07.973, 21096, 100
2026/08/05 02:36:08.974, 21096, 100
2026/08/05 02:36:09.976, 21096, 100
2026/08/05 02:36:10.977, 21096, 100
2026/08/05 02:36:11.978, 21096, 100
2026/08/05 02:36:12.980, 21096, 100
2026/08/05 02:36:13.981, 21096, 100
2026/08/05 02:36:14.983, 21096, 100
2026/08/05 02:36:15.984, 21096, 100
2026/08/05 02:36:16.986, 21096, 100
2026/08/05 02:36:17.987, 21096, 100
2026/08/05 02:36:18.988, 21096, 100
2026/08/05 02:36:19.990, 21096, 99
2026/08/05 02:36:20.991, 21096, 100
2026/08/05 02:36:21.992, 21096, 100
2026/08/05 02:36:22.994, 21096, 100
2026/08/05 02:36:23.995, 21096, 100
2026/08/05 02:36:24.996, 21096, 100
2026/08/05 02:36:25.998, 21096, 100
2026/08/05 02:36:26.999, 21096, 100
2026/08/05 02:36:28.001, 21096, 100
2026/08/05 02:36:29.003, 21096, 100
2026/08/05 02:36:30.004, 21096, 100
2026/08/05 02:36:31.006, 21096, 100
2026/08/05 02:36:32.008, 21096, 68
2026/08/05 02:36:33.009, 21096, 100
2026/08/05 02:36:34.011, 21096, 100
2026/08/05 02:36:35.013, 21096, 100
2026/08/05 02:36:36.014, 21096, 100
2026/08/05 02:36:37.015, 21096, 100
2026/08/05 02:36:38.017, 21096, 100
2026/08/05 02:36:39.019, 21096, 100
2026/08/05 02:36:40.020, 21096, 100
2026/08/05 02:36:41.022, 21096, 100
2026/08/05 02:36:42.024, 21096, 100
2026/08/05 02:36:43.025, 21096, 100
2026/08/05 02:36:44.027, 21096, 100
2026/08/05 02:36:45.029, 21096, 92
2026/08/05 02:36:46.030, 21096, 86
2026/08/05 02:36:47.032, 21096, 100
2026/08/05 02:36:48.033, 21096, 100
2026/08/05 02:36:49.035, 21096, 100
2026/08/05 02:36:50.037, 21096, 86
2026/08/05 02:36:51.038, 21096, 100
2026/08/05 02:36:52.040, 21096, 100
2026/08/05 02:36:53.041, 21096, 100
2026/08/05 02:36:54.043, 21096, 100
2026/08/05 02:36:55.044, 21096, 100
2026/08/05 02:36:56.045, 21096, 100
2026/08/05 02:36:57.047, 21096, 100
2026/08/05 02:36:58.048, 21096, 100
2026/08/05 02:36:59.050, 21096, 86
2026/08/05 02:37:00.051, 21096, 100
2026/08/05 02:37:01.053, 21096, 100
2026/08/05 02:37:02.054, 21096, 80
2026/08/05 02:37:03.056, 21096, 100
2026/08/05 02:37:04.057, 21096, 100
2026/08/05 02:37:05.058, 21096, 100
2026/08/05 02:37:06.060, 21096, 100
2026/08/05 02:37:07.061, 21096, 100
2026/08/05 02:37:08.063, 21096, 100
2026/08/05 02:37:09.065, 21096, 100
2026/08/05 02:37:10.066, 21096, 100
2026/08/05 02:37:11.067, 21096, 100
2026/08/05 02:37:12.069, 21096, 100
2026/08/05 02:37:13.070, 21096, 100
2026/08/05 02:37:14.072, 21096, 100
2026/08/05 02:37:15.073, 21096, 100
2026/08/05 02:37:16.074, 21096, 100
2026/08/05 02:37:17.076, 21096, 100
2026/08/05 02:37:18.077, 21096, 100
2026/08/05 02:37:19.078, 21096, 100
2026/08/05 02:37:20.079, 21096, 100
2026/08/05 02:37:21.080, 21096, 100
2026/08/05 02:37:22.082, 21096, 100
2026/08/05 02:37:23.083, 21096, 100
2026/08/05 02:37:24.085, 21096, 85
2026/08/05 02:37:25.086, 21096, 100
2026/08/05 02:37:26.087, 21096, 84
2026/08/05 02:37:27.088, 21096, 85
2026/08/05 02:37:28.090, 21096, 100
2026/08/05 02:37:29.090, 21096, 100
2026/08/05 02:37:30.092, 21096, 100
2026/08/05 02:37:31.093, 21096, 100
2026/08/05 02:37:32.094, 21096, 100
2026/08/05 02:37:33.095, 21096, 100
2026/08/05 02:37:34.097, 21096, 100
2026/08/05 02:37:35.098, 21096, 100
2026/08/05 02:37:36.099, 21096, 100
2026/08/05 02:37:37.101, 21096, 84
2026/08/05 02:37:38.102, 21096, 100
2026/08/05 02:37:39.103, 21096, 100
2026/08/05 02:37:40.104, 21096, 100
2026/08/05 02:37:41.106, 21096, 100
2026/08/05 02:37:42.107, 21096, 100
2026/08/05 02:37:43.108, 21096, 100
2026/08/05 02:37:44.110, 21096, 100
2026/08/05 02:37:45.111, 21096, 84
2026/08/05 02:37:46.112, 21096, 100
2026/08/05 02:37:47.114, 21096, 100
2026/08/05 02:37:48.115, 21096, 100
2026/08/05 02:37:49.117, 21096, 100
2026/08/05 02:37:50.118, 21096, 84
2026/08/05 02:37:51.119, 21096, 100
2026/08/05 02:37:52.121, 21096, 100
2026/08/05 02:37:53.122, 21096, 100
2026/08/05 02:37:54.123, 21096, 100
2026/08/05 02:37:55.125, 21096, 100
2026/08/05 02:37:56.126, 21096, 64
2026/08/05 02:37:57.128, 21096, 100
2026/08/05 02:37:58.129, 21096, 100
2026/08/05 02:37:59.130, 21096, 100
2026/08/05 02:38:00.132, 21096, 98
2026/08/05 02:38:01.133, 21096, 100
2026/08/05 02:38:02.134, 21096, 85
2026/08/05 02:38:03.136, 21096, 100
2026/08/05 02:38:04.137, 21096, 100
2026/08/05 02:38:05.138, 21096, 100
2026/08/05 02:38:06.140, 21096, 100
2026/08/05 02:38:07.141, 21096, 100
2026/08/05 02:38:08.143, 21096, 100
2026/08/05 02:38:09.144, 21096, 100
2026/08/05 02:38:10.146, 21096, 100
2026/08/05 02:38:11.146, 21096, 100
2026/08/05 02:38:12.147, 21096, 100
2026/08/05 02:38:13.148, 21096, 100
2026/08/05 02:38:14.149, 21096, 100
2026/08/05 02:38:15.150, 21096, 85
2026/08/05 02:38:16.152, 21096, 100
2026/08/05 02:38:17.153, 21096, 100
2026/08/05 02:38:18.154, 21096, 100
2026/08/05 02:38:19.155, 21096, 100
2026/08/05 02:38:20.155, 21096, 100
2026/08/05 02:38:21.156, 21096, 100
2026/08/05 02:38:22.156, 21096, 67
2026/08/05 02:38:23.157, 21096, 85
2026/08/05 02:38:24.158, 21096, 65
2026/08/05 02:38:25.163, 21096, 85
2026/08/05 02:38:26.164, 21096, 58
2026/08/05 02:38:27.164, 21096, 87
2026/08/05 02:38:28.165, 21096, 100
2026/08/05 02:38:29.166, 21096, 100
2026/08/05 02:38:30.167, 21096, 100
2026/08/05 02:38:31.168, 21096, 100
2026/08/05 02:38:32.169, 21096, 100
2026/08/05 02:38:33.170, 21096, 100
2026/08/05 02:38:34.170, 21096, 100
2026/08/05 02:38:35.171, 21096, 100
2026/08/05 02:38:36.172, 21096, 100
2026/08/05 02:38:37.172, 21096, 99
2026/08/05 02:38:38.174, 21096, 92
2026/08/05 02:38:39.175, 21096, 100
2026/08/05 02:38:40.177, 21096, 100
2026/08/05 02:38:41.177, 21096, 100
2026/08/05 02:38:42.177, 21096, 100
2026/08/05 02:38:43.179, 21096, 100
2026/08/05 02:38:44.179, 21096, 100
2026/08/05 02:38:45.180, 21096, 100
2026/08/05 02:38:46.180, 21096, 100
2026/08/05 02:38:47.180, 21096, 100
2026/08/05 02:38:48.181, 21096, 100
2026/08/05 02:38:49.181, 21096, 100
2026/08/05 02:38:50.183, 21096, 100
2026/08/05 02:38:51.184, 21096, 90
2026/08/05 02:38:52.185, 21096, 100
2026/08/05 02:38:53.186, 21096, 100
2026/08/05 02:38:54.188, 21096, 100
2026/08/05 02:38:55.189, 21096, 100
2026/08/05 02:38:56.189, 21096, 100
2026/08/05 02:38:57.190, 21096, 100
2026/08/05 02:38:58.190, 21096, 100
2026/08/05 02:38:59.192, 21096, 100
2026/08/05 02:39:00.193, 21096, 100
2026/08/05 02:39:01.195, 21096, 100
2026/08/05 02:39:02.196, 21096, 100
2026/08/05 02:39:03.197, 21096, 100
2026/08/05 02:39:04.197, 21096, 100
2026/08/05 02:39:05.198, 21096, 100
2026/08/05 02:39:06.200, 21096, 100
2026/08/05 02:39:07.201, 21096, 100
2026/08/05 02:39:08.202, 21096, 100
2026/08/05 02:39:09.204, 21096, 100
2026/08/05 02:39:10.204, 21096, 100
2026/08/05 02:39:11.204, 21096, 100
2026/08/05 02:39:12.206, 21096, 100
2026/08/05 02:39:13.207, 21096, 100
2026/08/05 02:39:14.208, 21096, 85
2026/08/05 02:39:15.210, 21096, 100
2026/08/05 02:39:16.211, 21096, 100
2026/08/05 02:39:17.212, 21096, 100
2026/08/05 02:39:18.214, 21096, 100
2026/08/05 02:39:19.215, 21096, 100
2026/08/05 02:39:20.216, 21096, 100
2026/08/05 02:39:21.218, 21096, 100
2026/08/05 02:39:22.219, 21096, 100
2026/08/05 02:39:23.221, 21096, 81
2026/08/05 02:39:24.221, 21096, 100
2026/08/05 02:39:25.222, 21096, 100
2026/08/05 02:39:26.224, 21096, 100
2026/08/05 02:39:27.225, 21096, 100
2026/08/05 02:39:28.227, 21096, 100
2026/08/05 02:39:29.228, 21096, 100
2026/08/05 02:39:30.229, 21096, 86
2026/08/05 02:39:31.230, 21096, 68
2026/08/05 02:39:32.231, 21096, 100
2026/08/05 02:39:33.232, 21096, 100
2026/08/05 02:39:34.234, 21096, 95
2026/08/05 02:39:35.235, 21096, 100
2026/08/05 02:39:36.237, 21096, 100
2026/08/05 02:39:37.238, 21096, 100
2026/08/05 02:39:38.239, 21096, 100
2026/08/05 02:39:39.241, 21096, 84
2026/08/05 02:39:40.241, 21096, 100
2026/08/05 02:39:41.242, 21096, 100
2026/08/05 02:39:42.244, 21096, 100
2026/08/05 02:39:43.245, 21096, 100
2026/08/05 02:39:44.246, 21096, 100
2026/08/05 02:39:45.248, 21096, 83
2026/08/05 02:39:46.249, 21096, 86
2026/08/05 02:39:47.250, 21096, 100
2026/08/05 02:39:48.252, 21096, 100
2026/08/05 02:39:49.253, 21096, 100
2026/08/05 02:39:50.254, 21096, 100
2026/08/05 02:39:51.255, 21096, 100
2026/08/05 02:39:52.257, 21096, 100
2026/08/05 02:39:53.258, 21096, 100
2026/08/05 02:39:54.259, 21096, 100
2026/08/05 02:39:55.261, 21096, 100
2026/08/05 02:39:56.262, 21096, 100
2026/08/05 02:39:57.263, 21096, 100
2026/08/05 02:39:58.265, 21096, 100
2026/08/05 02:39:59.266, 21096, 100
2026/08/05 02:40:00.267, 21096, 79
2026/08/05 02:40:01.269, 21096, 100
2026/08/05 02:40:02.270, 21096, 100
2026/08/05 02:40:03.272, 21096, 60
2026/08/05 02:40:04.273, 21096, 100
2026/08/05 02:40:05.274, 21096, 100
2026/08/05 02:40:06.275, 21096, 100
2026/08/05 02:40:07.276, 21096, 100
2026/08/05 02:40:08.278, 21096, 100
2026/08/05 02:40:09.280, 21096, 82
2026/08/05 02:40:10.280, 21096, 100
2026/08/05 02:40:11.282, 21096, 100
2026/08/05 02:40:12.283, 21096, 100
2026/08/05 02:40:13.284, 21096, 97
2026/08/05 02:40:14.285, 21096, 100
2026/08/05 02:40:15.286, 21096, 100
2026/08/05 02:40:16.287, 21096, 88
2026/08/05 02:40:17.289, 21096, 100
2026/08/05 02:40:18.290, 21096, 100
2026/08/05 02:40:19.291, 21096, 100
2026/08/05 02:40:20.293, 21096, 100
2026/08/05 02:40:21.294, 21096, 100
2026/08/05 02:40:22.295, 21096, 100
2026/08/05 02:40:23.297, 21096, 100
2026/08/05 02:40:24.298, 21096, 100
2026/08/05 02:40:25.299, 21096, 91
2026/08/05 02:40:26.301, 21096, 86
2026/08/05 02:40:27.302, 21096, 100
2026/08/05 02:40:28.302, 21096, 100
2026/08/05 02:40:29.303, 21096, 100
2026/08/05 02:40:30.304, 21096, 100
2026/08/05 02:40:31.305, 21096, 100
2026/08/05 02:40:32.307, 21096, 98
2026/08/05 02:40:33.308, 21096, 100
2026/08/05 02:40:34.310, 21096, 100
2026/08/05 02:40:35.311, 21096, 100
2026/08/05 02:40:36.312, 21096, 100
2026/08/05 02:40:37.314, 21096, 100
2026/08/05 02:40:38.315, 21096, 100
2026/08/05 02:40:39.317, 21096, 100
2026/08/05 02:40:40.318, 21096, 100
2026/08/05 02:40:41.319, 21096, 100
2026/08/05 02:40:42.321, 21096, 84
2026/08/05 02:40:43.322, 21096, 100
2026/08/05 02:40:44.323, 21096, 100
2026/08/05 02:40:45.325, 21096, 100
2026/08/05 02:40:46.326, 21096, 100
2026/08/05 02:40:47.326, 21096, 100
2026/08/05 02:40:48.327, 21096, 100
2026/08/05 02:40:49.328, 21096, 100
2026/08/05 02:40:50.328, 21096, 100
2026/08/05 02:40:51.328, 21096, 100
2026/08/05 02:40:52.329, 21096, 100
2026/08/05 02:40:53.329, 21096, 100
2026/08/05 02:40:54.329, 21096, 100
2026/08/05 02:40:55.329, 21096, 64
2026/08/05 02:40:56.330, 21096, 100
2026/08/05 02:40:57.330, 21096, 100
2026/08/05 02:40:58.330, 21096, 100
2026/08/05 02:40:59.331, 21096, 100
2026/08/05 02:41:00.332, 21096, 100
2026/08/05 02:41:01.332, 21096, 100
2026/08/05 02:41:02.333, 21096, 100
2026/08/05 02:41:03.334, 21096, 100
2026/08/05 02:41:04.334, 21096, 100
2026/08/05 02:41:05.335, 21096, 85
2026/08/05 02:41:06.336, 21096, 100
2026/08/05 02:41:07.337, 21096, 100
2026/08/05 02:41:08.337, 21096, 100
2026/08/05 02:41:09.337, 21096, 100
2026/08/05 02:41:10.338, 21096, 100
2026/08/05 02:41:11.338, 21096, 100
2026/08/05 02:41:12.338, 21096, 100
2026/08/05 02:41:13.338, 21096, 100
2026/08/05 02:41:14.339, 21096, 100
2026/08/05 02:41:15.340, 21096, 87
2026/08/05 02:41:16.342, 21096, 100
2026/08/05 02:41:17.343, 21096, 100
2026/08/05 02:41:18.343, 21096, 100
2026/08/05 02:41:19.343, 21096, 100
2026/08/05 02:41:20.344, 21096, 84
2026/08/05 02:41:21.344, 21096, 100
2026/08/05 02:41:22.344, 21096, 100
2026/08/05 02:41:23.346, 21096, 100
2026/08/05 02:41:24.346, 21096, 91
2026/08/05 02:41:25.346, 21096, 100
2026/08/05 02:41:26.346, 21096, 100
2026/08/05 02:41:27.347, 21096, 100
2026/08/05 02:41:28.347, 21096, 100
2026/08/05 02:41:29.347, 21096, 86
2026/08/05 02:41:30.347, 21096, 97
2026/08/05 02:41:31.348, 21096, 83
2026/08/05 02:41:32.348, 21096, 100
2026/08/05 02:41:33.348, 21096, 100
2026/08/05 02:41:34.348, 21096, 100
2026/08/05 02:41:35.349, 21096, 100
2026/08/05 02:41:36.349, 21096, 65
2026/08/05 02:41:37.349, 21096, 100
2026/08/05 02:41:38.350, 21096, 100
2026/08/05 02:41:39.350, 21096, 85
2026/08/05 02:41:40.350, 21096, 100
2026/08/05 02:41:41.351, 21096, 100
2026/08/05 02:41:42.351, 21096, 100
2026/08/05 02:41:43.351, 21096, 100
2026/08/05 02:41:44.352, 21096, 100
2026/08/05 02:41:45.353, 21096, 100
2026/08/05 02:41:46.353, 21096, 100
2026/08/05 02:41:47.353, 21096, 100
2026/08/05 02:41:48.354, 21096, 100
2026/08/05 02:41:49.354, 21096, 100
2026/08/05 02:41:50.354, 21096, 100
2026/08/05 02:41:51.354, 21096, 100
2026/08/05 02:41:52.355, 21096, 100
2026/08/05 02:41:53.355, 21096, 100
2026/08/05 02:41:54.355, 21096, 100
2026/08/05 02:41:55.355, 21096, 88
2026/08/05 02:41:56.356, 21096, 100
2026/08/05 02:41:57.356, 21096, 100
2026/08/05 02:41:58.356, 21096, 100
2026/08/05 02:41:59.358, 21096, 100
2026/08/05 02:42:00.358, 21096, 100
2026/08/05 02:42:01.358, 21096, 100
2026/08/05 02:42:02.358, 21096, 100
2026/08/05 02:42:03.359, 21096, 100
2026/08/05 02:42:04.359, 21096, 100
2026/08/05 02:42:05.360, 21096, 100
2026/08/05 02:42:06.361, 21096, 100
2026/08/05 02:42:07.361, 21096, 96
2026/08/05 02:42:08.361, 21096, 100
2026/08/05 02:42:09.362, 21096, 100
2026/08/05 02:42:10.362, 21096, 100
2026/08/05 02:42:11.362, 21096, 100
2026/08/05 02:42:12.363, 21096, 100
2026/08/05 02:42:13.363, 21096, 100
2026/08/05 02:42:14.363, 21096, 100
2026/08/05 02:42:15.364, 21096, 100
2026/08/05 02:42:16.364, 21096, 100
2026/08/05 02:42:17.364, 21096, 100
2026/08/05 02:42:18.365, 21096, 100
2026/08/05 02:42:19.365, 21096, 100
2026/08/05 02:42:20.365, 21096, 100
2026/08/05 02:42:21.366, 21096, 100
2026/08/05 02:42:22.366, 21096, 100
2026/08/05 02:42:23.366, 21096, 100
2026/08/05 02:42:24.367, 21096, 99
2026/08/05 02:42:25.367, 21096, 100
2026/08/05 02:42:26.367, 21096, 100
2026/08/05 02:42:27.368, 21096, 100
2026/08/05 02:42:28.368, 21096, 100
2026/08/05 02:42:29.368, 21096, 100
2026/08/05 02:42:30.369, 21096, 100
2026/08/05 02:42:31.369, 21096, 100
2026/08/05 02:42:32.369, 21096, 100
2026/08/05 02:42:33.370, 21096, 63
2026/08/05 02:42:34.370, 21096, 100
2026/08/05 02:42:35.370, 21096, 100
2026/08/05 02:42:36.370, 21096, 77
2026/08/05 02:42:37.371, 21096, 100
2026/08/05 02:42:38.371, 21096, 100
2026/08/05 02:42:39.371, 21096, 100
2026/08/05 02:42:40.371, 21096, 100
2026/08/05 02:42:41.372, 21096, 100
2026/08/05 02:42:42.372, 21096, 100
2026/08/05 02:42:43.372, 21096, 100
2026/08/05 02:42:44.372, 21096, 100
2026/08/05 02:42:45.373, 21096, 100
2026/08/05 02:42:46.373, 21096, 85
2026/08/05 02:42:47.373, 21096, 100
2026/08/05 02:42:48.374, 21096, 100
2026/08/05 02:42:49.374, 21096, 100
2026/08/05 02:42:50.374, 21096, 100
2026/08/05 02:42:51.374, 21096, 100
2026/08/05 02:42:52.374, 21096, 100
2026/08/05 02:42:53.375, 21096, 64
2026/08/05 02:42:54.375, 21096, 85
2026/08/05 02:42:55.375, 21096, 100
2026/08/05 02:42:56.375, 21096, 84
2026/08/05 02:42:57.376, 21096, 100
2026/08/05 02:42:58.376, 21096, 100
2026/08/05 02:42:59.376, 21096, 100
2026/08/05 02:43:00.377, 21096, 100
2026/08/05 02:43:01.377, 21096, 100
2026/08/05 02:43:02.377, 21096, 100
2026/08/05 02:43:03.377, 21096, 100
2026/08/05 02:43:04.377, 21096, 100
2026/08/05 02:43:05.378, 21096, 100
2026/08/05 02:43:06.378, 21096, 100
2026/08/05 02:43:07.378, 21096, 100
2026/08/05 02:43:08.379, 21096, 84
2026/08/05 02:43:09.379, 21096, 86
2026/08/05 02:43:10.379, 21096, 100
2026/08/05 02:43:11.380, 21096, 100
2026/08/05 02:43:12.380, 21096, 100
2026/08/05 02:43:13.380, 21096, 100
2026/08/05 02:43:14.380, 21096, 100
2026/08/05 02:43:15.381, 21096, 100
2026/08/05 02:43:16.381, 21096, 100
2026/08/05 02:43:17.381, 21096, 65
2026/08/05 02:43:18.381, 21096, 100
2026/08/05 02:43:19.382, 21096, 100
2026/08/05 02:43:20.382, 21096, 100
2026/08/05 02:43:21.382, 21096, 100
2026/08/05 02:43:22.382, 21096, 100
2026/08/05 02:43:23.382, 21096, 100
2026/08/05 02:43:24.383, 21096, 100
2026/08/05 02:43:25.383, 21096, 100
2026/08/05 02:43:26.383, 21096, 83
2026/08/05 02:43:27.384, 21096, 85
2026/08/05 02:43:28.384, 21096, 100
2026/08/05 02:43:29.384, 21096, 100
2026/08/05 02:43:30.384, 21096, 100
2026/08/05 02:43:31.385, 21096, 91
2026/08/05 02:43:32.385, 21096, 100
2026/08/05 02:43:33.385, 21096, 100
2026/08/05 02:43:34.385, 21096, 100
2026/08/05 02:43:35.386, 21096, 100
2026/08/05 02:43:36.386, 21096, 100
2026/08/05 02:43:37.386, 21096, 100
2026/08/05 02:43:38.386, 21096, 100
2026/08/05 02:43:39.386, 21096, 100
2026/08/05 02:43:40.387, 21096, 100
2026/08/05 02:43:41.387, 21096, 85
2026/08/05 02:43:42.387, 21096, 85
2026/08/05 02:43:43.387, 21096, 100
2026/08/05 02:43:44.388, 21096, 100
2026/08/05 02:43:45.388, 21096, 100
2026/08/05 02:43:46.388, 21096, 100
2026/08/05 02:43:47.389, 21096, 100
2026/08/05 02:43:48.389, 21096, 89
2026/08/05 02:43:49.389, 21096, 100
2026/08/05 02:43:50.389, 21096, 84
2026/08/05 02:43:51.390, 21096, 84
2026/08/05 02:43:52.390, 21096, 100
2026/08/05 02:43:53.390, 21096, 100
2026/08/05 02:43:54.390, 21096, 100
2026/08/05 02:43:55.390, 21096, 100
2026/08/05 02:43:56.391, 21096, 100
2026/08/05 02:43:57.391, 21096, 84
2026/08/05 02:43:58.391, 21096, 100
2026/08/05 02:43:59.391, 21096, 100
2026/08/05 02:44:00.392, 21096, 65
2026/08/05 02:44:01.392, 21096, 100
2026/08/05 02:44:02.392, 21096, 100
2026/08/05 02:44:03.392, 21096, 100
2026/08/05 02:44:04.393, 21096, 100
2026/08/05 02:44:05.393, 21096, 100
2026/08/05 02:44:06.393, 21096, 100
2026/08/05 02:44:07.393, 21096, 85
2026/08/05 02:44:08.394, 21096, 85
2026/08/05 02:44:09.394, 21096, 100
2026/08/05 02:44:10.394, 21096, 100
2026/08/05 02:44:11.394, 21096, 100
2026/08/05 02:44:12.395, 21096, 100
2026/08/05 02:44:13.395, 21096, 100
2026/08/05 02:44:14.395, 21096, 100
2026/08/05 02:44:15.395, 21096, 100
2026/08/05 02:44:16.398, 21096, 100
2026/08/05 02:44:17.402, 21096, 100
2026/08/05 02:44:18.406, 21096, 100
2026/08/05 02:44:19.410, 21096, 85
2026/08/05 02:44:20.414, 21096, 100
2026/08/05 02:44:21.417, 21096, 85
2026/08/05 02:44:22.421, 21096, 67
2026/08/05 02:44:23.424, 21096, 100
2026/08/05 02:44:24.428, 21096, 100
2026/08/05 02:44:25.432, 21096, 84
2026/08/05 02:44:26.436, 21096, 100
2026/08/05 02:44:27.439, 21096, 84
2026/08/05 02:44:28.443, 21096, 100
2026/08/05 02:44:29.447, 21096, 100
2026/08/05 02:44:30.450, 21096, 100
2026/08/05 02:44:31.454, 21096, 86
2026/08/05 02:44:32.458, 21096, 100
2026/08/05 02:44:33.461, 21096, 100
2026/08/05 02:44:34.465, 21096, 100
2026/08/05 02:44:35.468, 21096, 100
2026/08/05 02:44:36.472, 21096, 100
2026/08/05 02:44:37.476, 21096, 85
2026/08/05 02:44:38.479, 21096, 100
2026/08/05 02:44:39.483, 21096, 100
2026/08/05 02:44:40.487, 21096, 100
2026/08/05 02:44:41.490, 21096, 100
2026/08/05 02:44:42.494, 21096, 100
2026/08/05 02:44:43.497, 21096, 100
2026/08/05 02:44:44.500, 21096, 100
2026/08/05 02:44:45.503, 21096, 100
2026/08/05 02:44:46.507, 21096, 100
2026/08/05 02:44:47.510, 21096, 100
2026/08/05 02:44:48.513, 21096, 100
2026/08/05 02:44:49.516, 21096, 100
2026/08/05 02:44:50.519, 21096, 100
2026/08/05 02:44:51.522, 21096, 100
2026/08/05 02:44:52.524, 21096, 100
2026/08/05 02:44:53.527, 21096, 65
2026/08/05 02:44:54.529, 21096, 100
2026/08/05 02:44:55.532, 21096, 100
2026/08/05 02:44:56.534, 21096, 100
2026/08/05 02:44:57.537, 21096, 100
2026/08/05 02:44:58.539, 21096, 100
2026/08/05 02:44:59.542, 21096, 100
2026/08/05 02:45:00.544, 21096, 100
2026/08/05 02:45:01.547, 21096, 100
2026/08/05 02:45:02.549, 21096, 100
2026/08/05 02:45:03.552, 21096, 89
2026/08/05 02:45:04.555, 21096, 100
2026/08/05 02:45:05.557, 21096, 100
2026/08/05 02:45:06.559, 21096, 100
2026/08/05 02:45:07.562, 21096, 85
2026/08/05 02:45:08.564, 21096, 100
2026/08/05 02:45:09.567, 21096, 100
2026/08/05 02:45:10.569, 21096, 100
2026/08/05 02:45:11.572, 21096, 100
2026/08/05 02:45:12.574, 21096, 100
2026/08/05 02:45:13.577, 21096, 100
2026/08/05 02:45:14.579, 21096, 100
2026/08/05 02:45:15.582, 21096, 100
2026/08/05 02:45:16.584, 21096, 100
2026/08/05 02:45:17.587, 21096, 100
2026/08/05 02:45:18.589, 21096, 100
2026/08/05 02:45:19.591, 21096, 100
2026/08/05 02:45:20.594, 21096, 100
2026/08/05 02:45:21.596, 21096, 100
2026/08/05 02:45:22.599, 21096, 100
2026/08/05 02:45:23.601, 21096, 100
2026/08/05 02:45:24.604, 21096, 100
2026/08/05 02:45:25.606, 21096, 100
2026/08/05 02:45:26.609, 21096, 100
2026/08/05 02:45:27.612, 21096, 100
2026/08/05 02:45:28.614, 21096, 84
2026/08/05 02:45:29.617, 21096, 100
2026/08/05 02:45:30.619, 21096, 100
2026/08/05 02:45:31.621, 21096, 100
2026/08/05 02:45:32.624, 21096, 100
2026/08/05 02:45:33.626, 21096, 100
2026/08/05 02:45:34.628, 21096, 100
2026/08/05 02:45:35.630, 21096, 100
2026/08/05 02:45:36.632, 21096, 100
2026/08/05 02:45:37.635, 21096, 100
2026/08/05 02:45:38.637, 21096, 85
2026/08/05 02:45:39.639, 21096, 100
2026/08/05 02:45:40.641, 21096, 100
2026/08/05 02:45:41.644, 21096, 100
2026/08/05 02:45:42.646, 21096, 100
2026/08/05 02:45:43.648, 21096, 100
2026/08/05 02:45:44.651, 21096, 100
2026/08/05 02:45:45.653, 21096, 100
2026/08/05 02:45:46.655, 21096, 100
2026/08/05 02:45:47.657, 21096, 100
2026/08/05 02:45:48.659, 21096, 67
2026/08/05 02:45:49.662, 21096, 84
2026/08/05 02:45:50.664, 21096, 100
2026/08/05 02:45:51.665, 21096, 100
2026/08/05 02:45:52.667, 21096, 100
2026/08/05 02:45:53.668, 21096, 100
2026/08/05 02:45:54.669, 21096, 100
2026/08/05 02:45:55.671, 21096, 100
2026/08/05 02:45:56.672, 21096, 100
2026/08/05 02:45:57.673, 21096, 100
2026/08/05 02:45:58.674, 21096, 100
2026/08/05 02:45:59.676, 21096, 100
2026/08/05 02:46:00.677, 21096, 100
2026/08/05 02:46:01.679, 21096, 100
2026/08/05 02:46:02.680, 21096, 85
2026/08/05 02:46:03.682, 21096, 100
2026/08/05 02:46:04.683, 21096, 100
2026/08/05 02:46:05.685, 21096, 100
2026/08/05 02:46:06.687, 21096, 100
2026/08/05 02:46:07.688, 21096, 100
2026/08/05 02:46:08.689, 21096, 100
2026/08/05 02:46:09.691, 21096, 100
2026/08/05 02:46:10.692, 21096, 84
2026/08/05 02:46:11.693, 21096, 100
2026/08/05 02:46:12.694, 21096, 100
2026/08/05 02:46:13.696, 21096, 100
2026/08/05 02:46:14.697, 21096, 100
2026/08/05 02:46:15.698, 21096, 100
2026/08/05 02:46:16.700, 21096, 100
2026/08/05 02:46:17.701, 21096, 100
2026/08/05 02:46:18.703, 21096, 100
2026/08/05 02:46:19.704, 21096, 100
2026/08/05 02:46:20.705, 21096, 100
2026/08/05 02:46:21.706, 21096, 100
2026/08/05 02:46:22.708, 21096, 66
2026/08/05 02:46:23.709, 21096, 87
2026/08/05 02:46:24.711, 21096, 100
2026/08/05 02:46:25.712, 21096, 100
2026/08/05 02:46:26.713, 21096, 69
2026/08/05 02:46:27.715, 21096, 100
2026/08/05 02:46:28.716, 21096, 100
2026/08/05 02:46:29.717, 21096, 85
2026/08/05 02:46:30.718, 21096, 100
2026/08/05 02:46:31.720, 21096, 100
2026/08/05 02:46:32.721, 21096, 100
2026/08/05 02:46:33.722, 21096, 100
2026/08/05 02:46:34.724, 21096, 100
2026/08/05 02:46:35.725, 21096, 100
2026/08/05 02:46:36.727, 21096, 100
2026/08/05 02:46:37.728, 21096, 100
2026/08/05 02:46:38.730, 21096, 100
2026/08/05 02:46:39.731, 21096, 85
2026/08/05 02:46:40.732, 21096, 100
2026/08/05 02:46:41.734, 21096, 86
2026/08/05 02:46:42.735, 21096, 100
2026/08/05 02:46:43.736, 21096, 100
2026/08/05 02:46:44.738, 21096, 65
2026/08/05 02:46:45.739, 21096, 86
2026/08/05 02:46:46.741, 21096, 100
2026/08/05 02:46:47.742, 21096, 98
2026/08/05 02:46:48.743, 21096, 100
2026/08/05 02:46:49.745, 21096, 100
2026/08/05 02:46:50.746, 21096, 100
2026/08/05 02:46:51.747, 21096, 100
2026/08/05 02:46:52.749, 21096, 100
2026/08/05 02:46:53.750, 21096, 95
2026/08/05 02:46:54.752, 21096, 100
2026/08/05 02:46:55.753, 21096, 100
2026/08/05 02:46:56.755, 21096, 100
2026/08/05 02:46:57.755, 21096, 100
2026/08/05 02:46:58.757, 21096, 100
2026/08/05 02:46:59.758, 21096, 100
2026/08/05 02:47:00.759, 21096, 100
2026/08/05 02:47:01.761, 21096, 100
2026/08/05 02:47:02.762, 21096, 100
2026/08/05 02:47:03.763, 21096, 100
2026/08/05 02:47:04.764, 21096, 100
2026/08/05 02:47:05.765, 21096, 100
2026/08/05 02:47:06.767, 21096, 100
2026/08/05 02:47:07.768, 21096, 100
2026/08/05 02:47:08.770, 21096, 100
2026/08/05 02:47:09.771, 21096, 100
2026/08/05 02:47:10.773, 21096, 100
2026/08/05 02:47:11.774, 21096, 100
2026/08/05 02:47:12.775, 21096, 100
2026/08/05 02:47:13.777, 21096, 85
2026/08/05 02:47:14.778, 21096, 100
2026/08/05 02:47:15.779, 21096, 100
2026/08/05 02:47:16.781, 21096, 100
2026/08/05 02:47:17.782, 21096, 100
2026/08/05 02:47:18.783, 21096, 84
2026/08/05 02:47:19.785, 21096, 100
2026/08/05 02:47:20.786, 21096, 100
2026/08/05 02:47:21.787, 21096, 100
2026/08/05 02:47:22.788, 21096, 100
2026/08/05 02:47:23.790, 21096, 100
2026/08/05 02:47:24.791, 21096, 100
2026/08/05 02:47:25.792, 21096, 100
2026/08/05 02:47:26.794, 21096, 89
2026/08/05 02:47:27.795, 21096, 100
2026/08/05 02:47:28.796, 21096, 100
2026/08/05 02:47:29.798, 21096, 100
2026/08/05 02:47:30.799, 21096, 100
2026/08/05 02:47:31.800, 21096, 100
2026/08/05 02:47:32.801, 21096, 100
2026/08/05 02:47:33.803, 21096, 100
2026/08/05 02:47:34.804, 21096, 100
2026/08/05 02:47:35.806, 21096, 100
2026/08/05 02:47:36.807, 21096, 100
2026/08/05 02:47:37.808, 21096, 100
2026/08/05 02:47:38.809, 21096, 100
2026/08/05 02:47:39.811, 21096, 100
2026/08/05 02:47:40.812, 21096, 100
2026/08/05 02:47:41.814, 21096, 85
2026/08/05 02:47:42.815, 21096, 100
2026/08/05 02:47:43.816, 21096, 92
2026/08/05 02:47:44.818, 21096, 100
2026/08/05 02:47:45.819, 21096, 85
2026/08/05 02:47:46.821, 21096, 100
2026/08/05 02:47:47.822, 21096, 100
2026/08/05 02:47:48.823, 21096, 100
2026/08/05 02:47:49.825, 21096, 100
2026/08/05 02:47:50.826, 21096, 100
2026/08/05 02:47:51.828, 21096, 100
2026/08/05 02:47:52.829, 21096, 100
2026/08/05 02:47:53.830, 21096, 100
2026/08/05 02:47:54.832, 21096, 100
2026/08/05 02:47:55.833, 21096, 100
2026/08/05 02:47:56.834, 21096, 100
2026/08/05 02:47:57.836, 21096, 100
2026/08/05 02:47:58.837, 21096, 100
2026/08/05 02:47:59.839, 21096, 100
2026/08/05 02:48:00.840, 21096, 86
2026/08/05 02:48:01.842, 21096, 100
2026/08/05 02:48:02.843, 21096, 100
2026/08/05 02:48:03.844, 21096, 100
2026/08/05 02:48:04.846, 21096, 100
2026/08/05 02:48:05.847, 21096, 100
2026/08/05 02:48:06.848, 21096, 100
2026/08/05 02:48:07.850, 21096, 100
2026/08/05 02:48:08.851, 21096, 100
2026/08/05 02:48:09.852, 21096, 100
2026/08/05 02:48:10.854, 21096, 100
2026/08/05 02:48:11.855, 21096, 100
2026/08/05 02:48:12.857, 21096, 100
2026/08/05 02:48:13.858, 21096, 100
2026/08/05 02:48:14.860, 21096, 100
2026/08/05 02:48:15.861, 21096, 100
2026/08/05 02:48:16.862, 21096, 100
2026/08/05 02:48:17.864, 21096, 100
2026/08/05 02:48:18.865, 21096, 100
2026/08/05 02:48:19.866, 21096, 100
2026/08/05 02:48:20.868, 21096, 100
2026/08/05 02:48:21.869, 21096, 100
2026/08/05 02:48:22.870, 21096, 87
2026/08/05 02:48:23.871, 21096, 85
2026/08/05 02:48:24.873, 21096, 100
2026/08/05 02:48:25.874, 21096, 100
2026/08/05 02:48:26.875, 21096, 100
2026/08/05 02:48:27.877, 21096, 3
2026/08/05 02:48:28.878, 21096, 100
2026/08/05 02:48:29.880, 21096, 100
2026/08/05 02:48:30.881, 21096, 0
2026/08/05 02:48:31.882, 21096, 100
2026/08/05 02:48:32.884, 21096, 100
2026/08/05 02:48:33.885, 21096, 96
2026/08/05 02:48:34.887, 21096, 100
2026/08/05 02:48:35.888, 21096, 100
2026/08/05 02:48:36.889, 21096, 100
2026/08/05 02:48:37.891, 21096, 100
2026/08/05 02:48:38.892, 21096, 100
2026/08/05 02:48:39.893, 21096, 100
2026/08/05 02:48:40.894, 21096, 100
2026/08/05 02:48:41.899, 21096, 100
2026/08/05 02:48:42.900, 21096, 100
2026/08/05 02:48:43.902, 21096, 100
2026/08/05 02:48:44.903, 21096, 100
2026/08/05 02:48:45.904, 21096, 100
2026/08/05 02:48:46.907, 21096, 100
2026/08/05 02:48:47.909, 21096, 100
2026/08/05 02:48:48.910, 21096, 100
2026/08/05 02:48:49.911, 21096, 100
2026/08/05 02:48:50.912, 21096, 100
2026/08/05 02:48:51.914, 21096, 100
2026/08/05 02:48:52.915, 21096, 100
2026/08/05 02:48:53.917, 21096, 100
2026/08/05 02:48:54.918, 21096, 89
2026/08/05 02:48:55.919, 21096, 100
2026/08/05 02:48:56.921, 21096, 88
2026/08/05 02:48:57.922, 21096, 100
2026/08/05 02:48:58.923, 21096, 100
2026/08/05 02:48:59.925, 21096, 100
2026/08/05 02:49:00.926, 21096, 100
2026/08/05 02:49:01.928, 21096, 100
2026/08/05 02:49:02.929, 21096, 100
2026/08/05 02:49:03.930, 21096, 100
2026/08/05 02:49:04.932, 21096, 100
2026/08/05 02:49:05.933, 21096, 100
2026/08/05 02:49:06.934, 21096, 100
2026/08/05 02:49:07.936, 21096, 100
2026/08/05 02:49:08.937, 21096, 100
2026/08/05 02:49:09.938, 21096, 100
2026/08/05 02:49:10.939, 21096, 100
2026/08/05 02:49:11.941, 21096, 100
2026/08/05 02:49:12.942, 21096, 100
2026/08/05 02:49:13.943, 21096, 100
2026/08/05 02:49:14.945, 21096, 100
2026/08/05 02:49:15.946, 21096, 100
2026/08/05 02:49:16.947, 21096, 100
2026/08/05 02:49:17.949, 21096, 66
2026/08/05 02:49:18.950, 21096, 100
2026/08/05 02:49:19.951, 21096, 85
2026/08/05 02:49:20.953, 21096, 100
2026/08/05 02:49:21.954, 21096, 100
2026/08/05 02:49:22.955, 21096, 64
2026/08/05 02:49:23.957, 21096, 84
2026/08/05 02:49:24.958, 21096, 67
2026/08/05 02:49:25.959, 21096, 100
2026/08/05 02:49:26.960, 21096, 90
2026/08/05 02:49:27.962, 21096, 100
2026/08/05 02:49:28.963, 21096, 85
2026/08/05 02:49:29.964, 21096, 100
2026/08/05 02:49:30.966, 21096, 86
2026/08/05 02:49:31.967, 21096, 100
2026/08/05 02:49:32.968, 21096, 100
2026/08/05 02:49:33.970, 21096, 100
2026/08/05 02:49:34.971, 21096, 100
2026/08/05 02:49:35.972, 21096, 100
2026/08/05 02:49:36.974, 21096, 100
2026/08/05 02:49:37.975, 21096, 100
2026/08/05 02:49:38.977, 21096, 91
2026/08/05 02:49:39.978, 21096, 100
2026/08/05 02:49:40.979, 21096, 88
2026/08/05 02:49:41.981, 21096, 100
2026/08/05 02:49:42.982, 21096, 100
2026/08/05 02:49:43.984, 21096, 96
2026/08/05 02:49:44.985, 21096, 100
2026/08/05 02:49:45.986, 21096, 98
2026/08/05 02:49:46.988, 21096, 100
2026/08/05 02:49:47.989, 21096, 100
2026/08/05 02:49:48.991, 21096, 100
2026/08/05 02:49:49.992, 21096, 100
2026/08/05 02:49:50.994, 21096, 90
2026/08/05 02:49:51.995, 21096, 85
2026/08/05 02:49:52.996, 21096, 100
2026/08/05 02:49:53.998, 21096, 100
2026/08/05 02:49:54.999, 21096, 100
2026/08/05 02:49:56.001, 21096, 100
2026/08/05 02:49:57.002, 21096, 100
2026/08/05 02:49:58.004, 21096, 100
2026/08/05 02:49:59.005, 21096, 100
2026/08/05 02:50:00.007, 21096, 100
2026/08/05 02:50:01.009, 21096, 100
2026/08/05 02:50:02.010, 21096, 100
2026/08/05 02:50:03.011, 21096, 100
2026/08/05 02:50:04.013, 21096, 100
2026/08/05 02:50:05.014, 21096, 100
2026/08/05 02:50:06.016, 21096, 100
2026/08/05 02:50:07.017, 21096, 100
2026/08/05 02:50:08.019, 21096, 100
2026/08/05 02:50:09.020, 21096, 100
2026/08/05 02:50:10.021, 21096, 100
2026/08/05 02:50:11.023, 21096, 100
2026/08/05 02:50:12.024, 21096, 100
2026/08/05 02:50:13.026, 21096, 100
2026/08/05 02:50:14.027, 21096, 100
2026/08/05 02:50:15.029, 21096, 100
2026/08/05 02:50:16.030, 21096, 100
2026/08/05 02:50:17.032, 21096, 100
2026/08/05 02:50:18.033, 21096, 100
2026/08/05 02:50:19.035, 21096, 100
2026/08/05 02:50:20.037, 21096, 100
2026/08/05 02:50:21.038, 21096, 100
2026/08/05 02:50:22.040, 21096, 100
2026/08/05 02:50:23.041, 21096, 100
2026/08/05 02:50:24.043, 21096, 100
2026/08/05 02:50:25.044, 21096, 100
2026/08/05 02:50:26.045, 21096, 85
2026/08/05 02:50:27.047, 21096, 85
2026/08/05 02:50:28.048, 21096, 85
2026/08/05 02:50:29.050, 21096, 100
2026/08/05 02:50:30.051, 21096, 100
2026/08/05 02:50:31.052, 21096, 100
2026/08/05 02:50:32.054, 21096, 100
2026/08/05 02:50:33.055, 21096, 84
2026/08/05 02:50:34.056, 21096, 92
2026/08/05 02:50:35.058, 21096, 100
2026/08/05 02:50:36.059, 21096, 100
2026/08/05 02:50:37.061, 21096, 100
2026/08/05 02:50:38.062, 21096, 87
2026/08/05 02:50:39.063, 21096, 100
2026/08/05 02:50:40.065, 21096, 100
2026/08/05 02:50:41.066, 21096, 100
2026/08/05 02:50:42.066, 21096, 100
2026/08/05 02:50:43.066, 21096, 100
2026/08/05 02:50:44.067, 21096, 100
2026/08/05 02:50:45.067, 21096, 100
2026/08/05 02:50:46.068, 21096, 85
2026/08/05 02:50:47.068, 21096, 100
2026/08/05 02:50:48.068, 21096, 93
2026/08/05 02:50:49.068, 21096, 84
2026/08/05 02:50:50.068, 21096, 100
2026/08/05 02:50:51.069, 21096, 100
2026/08/05 02:50:52.069, 21096, 79
2026/08/05 02:50:53.069, 21096, 100
2026/08/05 02:50:54.070, 21096, 100
2026/08/05 02:50:55.070, 21096, 100
2026/08/05 02:50:56.070, 21096, 100
2026/08/05 02:50:57.070, 21096, 100
2026/08/05 02:50:58.071, 21096, 85
2026/08/05 02:50:59.071, 21096, 100
2026/08/05 02:51:00.071, 21096, 100
2026/08/05 02:51:01.071, 21096, 100
2026/08/05 02:51:02.072, 21096, 100
2026/08/05 02:51:03.072, 21096, 100
2026/08/05 02:51:04.072, 21096, 100
2026/08/05 02:51:05.072, 21096, 100
2026/08/05 02:51:06.073, 21096, 100
2026/08/05 02:51:07.073, 21096, 100
2026/08/05 02:51:08.073, 21096, 100
2026/08/05 02:51:09.073, 21096, 100
2026/08/05 02:51:10.074, 21096, 100
2026/08/05 02:51:11.074, 21096, 100
2026/08/05 02:51:12.074, 21096, 100
2026/08/05 02:51:13.074, 21096, 100
2026/08/05 02:51:14.075, 21096, 85
2026/08/05 02:51:15.075, 21096, 100
2026/08/05 02:51:16.075, 21096, 85
2026/08/05 02:51:17.075, 21096, 100
2026/08/05 02:51:18.076, 21096, 100
2026/08/05 02:51:19.076, 21096, 100
2026/08/05 02:51:20.076, 21096, 100
2026/08/05 02:51:21.077, 21096, 100
2026/08/05 02:51:22.077, 21096, 86
2026/08/05 02:51:23.077, 21096, 100
2026/08/05 02:51:24.077, 21096, 100
2026/08/05 02:51:25.078, 21096, 100
2026/08/05 02:51:26.078, 21096, 100
2026/08/05 02:51:27.078, 21096, 100
2026/08/05 02:51:28.078, 21096, 86
2026/08/05 02:51:29.079, 21096, 100
2026/08/05 02:51:30.079, 21096, 100
2026/08/05 02:51:31.079, 21096, 100
2026/08/05 02:51:32.079, 21096, 100
2026/08/05 02:51:33.080, 21096, 100
2026/08/05 02:51:34.080, 21096, 100
2026/08/05 02:51:35.080, 21096, 100
2026/08/05 02:51:36.080, 21096, 100
2026/08/05 02:51:37.081, 21096, 100
2026/08/05 02:51:38.081, 21096, 100
2026/08/05 02:51:39.081, 21096, 100
2026/08/05 02:51:40.081, 21096, 100
2026/08/05 02:51:41.082, 21096, 100
2026/08/05 02:51:42.082, 21096, 100
2026/08/05 02:51:43.082, 21096, 100
2026/08/05 02:51:44.082, 21096, 100
2026/08/05 02:51:45.083, 21096, 84
2026/08/05 02:51:46.083, 21096, 100
2026/08/05 02:51:47.083, 21096, 100
2026/08/05 02:51:48.083, 21096, 100
2026/08/05 02:51:49.084, 21096, 100
2026/08/05 02:51:50.084, 21096, 100
2026/08/05 02:51:51.084, 21096, 100
2026/08/05 02:51:52.084, 21096, 100
2026/08/05 02:51:53.085, 21096, 100
2026/08/05 02:51:54.085, 21096, 100
2026/08/05 02:51:55.085, 21096, 100
2026/08/05 02:51:56.085, 21096, 100
2026/08/05 02:51:57.085, 21096, 85
2026/08/05 02:51:58.086, 21096, 100
2026/08/05 02:51:59.086, 21096, 100
2026/08/05 02:52:00.086, 21096, 100
2026/08/05 02:52:01.086, 21096, 100
2026/08/05 02:52:02.087, 21096, 100
2026/08/05 02:52:03.087, 21096, 100
2026/08/05 02:52:04.087, 21096, 100
2026/08/05 02:52:05.088, 21096, 100
2026/08/05 02:52:06.088, 21096, 100
2026/08/05 02:52:07.088, 21096, 100
2026/08/05 02:52:08.088, 21096, 84
2026/08/05 02:52:09.089, 21096, 84
2026/08/05 02:52:10.089, 21096, 100
2026/08/05 02:52:11.089, 21096, 100
2026/08/05 02:52:12.089, 21096, 100
2026/08/05 02:52:13.090, 21096, 100
2026/08/05 02:52:14.090, 21096, 83
2026/08/05 02:52:15.090, 21096, 100
2026/08/05 02:52:16.090, 21096, 100
2026/08/05 02:52:17.091, 21096, 100
2026/08/05 02:52:18.091, 21096, 82
2026/08/05 02:52:19.091, 21096, 100
2026/08/05 02:52:20.092, 21096, 100
2026/08/05 02:52:21.094, 21096, 100
2026/08/05 02:52:22.095, 21096, 100
2026/08/05 02:52:23.097, 21096, 100
2026/08/05 02:52:24.098, 21096, 100
2026/08/05 02:52:25.099, 21096, 75
2026/08/05 02:52:26.101, 21096, 100
2026/08/05 02:52:27.102, 21096, 100
2026/08/05 02:52:28.104, 21096, 100
2026/08/05 02:52:29.105, 21096, 95
2026/08/05 02:52:30.106, 21096, 100
2026/08/05 02:52:31.108, 21096, 100
2026/08/05 02:52:32.109, 21096, 100
2026/08/05 02:52:33.109, 21096, 83
2026/08/05 02:52:34.109, 21096, 100
2026/08/05 02:52:35.110, 21096, 84
2026/08/05 02:52:36.110, 21096, 100
2026/08/05 02:52:37.110, 21096, 100
2026/08/05 02:52:38.110, 21096, 100
2026/08/05 02:52:39.111, 21096, 100
2026/08/05 02:52:40.111, 21096, 100
2026/08/05 02:52:41.111, 21096, 100
2026/08/05 02:52:42.112, 21096, 100
2026/08/05 02:52:43.112, 21096, 100
2026/08/05 02:52:44.112, 21096, 100
2026/08/05 02:52:45.112, 21096, 100
2026/08/05 02:52:46.113, 21096, 100
2026/08/05 02:52:47.113, 21096, 100
2026/08/05 02:52:48.113, 21096, 100
2026/08/05 02:52:49.114, 21096, 100
2026/08/05 02:52:50.114, 21096, 100
2026/08/05 02:52:51.114, 21096, 100
2026/08/05 02:52:52.114, 21096, 100
2026/08/05 02:52:53.115, 21096, 81
2026/08/05 02:52:54.115, 21096, 100
2026/08/05 02:52:55.115, 21096, 100
2026/08/05 02:52:56.116, 21096, 100
2026/08/05 02:52:57.116, 21096, 100
2026/08/05 02:52:58.116, 21096, 100
2026/08/05 02:52:59.116, 21096, 100
2026/08/05 02:53:00.116, 21096, 100
2026/08/05 02:53:01.117, 21096, 100
2026/08/05 02:53:02.117, 21096, 100
2026/08/05 02:53:03.117, 21096, 100
2026/08/05 02:53:04.117, 21096, 100
2026/08/05 02:53:05.118, 21096, 100
2026/08/05 02:53:06.118, 21096, 100
2026/08/05 02:53:07.118, 21096, 100
2026/08/05 02:53:08.118, 21096, 100
2026/08/05 02:53:09.119, 21096, 100
2026/08/05 02:53:10.119, 21096, 100
2026/08/05 02:53:11.119, 21096, 92
2026/08/05 02:53:12.119, 21096, 64
2026/08/05 02:53:13.120, 21096, 100
2026/08/05 02:53:14.121, 21096, 100
2026/08/05 02:53:15.121, 21096, 100
2026/08/05 02:53:16.121, 21096, 100
2026/08/05 02:53:17.121, 21096, 100
2026/08/05 02:53:18.121, 21096, 100
2026/08/05 02:53:19.121, 21096, 100
2026/08/05 02:53:20.122, 21096, 100
2026/08/05 02:53:21.122, 21096, 85
2026/08/05 02:53:22.122, 21096, 100
2026/08/05 02:53:23.123, 21096, 100
2026/08/05 02:53:24.124, 21096, 100
2026/08/05 02:53:25.127, 21096, 100
2026/08/05 02:53:26.128, 21096, 100
2026/08/05 02:53:27.130, 21096, 100
2026/08/05 02:53:28.131, 21096, 100
2026/08/05 02:53:29.133, 21096, 100
2026/08/05 02:53:30.135, 21096, 100
2026/08/05 02:53:31.136, 21096, 100
2026/08/05 02:53:32.137, 21096, 100
2026/08/05 02:53:33.139, 21096, 100
2026/08/05 02:53:34.140, 21096, 100
2026/08/05 02:53:35.141, 21096, 100
2026/08/05 02:53:36.143, 21096, 100
2026/08/05 02:53:37.144, 21096, 83
2026/08/05 02:53:38.145, 21096, 100
2026/08/05 02:53:39.145, 21096, 100
2026/08/05 02:53:40.145, 21096, 100
2026/08/05 02:53:41.146, 21096, 100
2026/08/05 02:53:42.146, 21096, 100
2026/08/05 02:53:43.146, 21096, 84
2026/08/05 02:53:44.147, 21096, 100
2026/08/05 02:53:45.147, 21096, 100
2026/08/05 02:53:46.147, 21096, 100
2026/08/05 02:53:47.147, 21096, 100
2026/08/05 02:53:48.148, 21096, 62
2026/08/05 02:53:49.148, 21096, 100
2026/08/05 02:53:50.148, 21096, 100
2026/08/05 02:53:51.148, 21096, 100
2026/08/05 02:53:52.149, 21096, 100
2026/08/05 02:53:53.149, 21096, 100
2026/08/05 02:53:54.149, 21096, 100
2026/08/05 02:53:55.150, 21096, 75
2026/08/05 02:53:56.151, 21096, 83
2026/08/05 02:53:57.151, 21096, 100
2026/08/05 02:53:58.151, 21096, 100
2026/08/05 02:53:59.152, 21096, 100
2026/08/05 02:54:00.152, 21096, 83
2026/08/05 02:54:01.152, 21096, 100
2026/08/05 02:54:02.152, 21096, 85
2026/08/05 02:54:03.153, 21096, 100
2026/08/05 02:54:04.153, 21096, 100
2026/08/05 02:54:05.154, 21096, 100
2026/08/05 02:54:06.154, 21096, 100
2026/08/05 02:54:07.154, 21096, 100
2026/08/05 02:54:08.155, 21096, 100
2026/08/05 02:54:09.155, 21096, 100
2026/08/05 02:54:10.156, 21096, 100
2026/08/05 02:54:11.156, 21096, 100
2026/08/05 02:54:12.156, 21096, 100
2026/08/05 02:54:13.157, 21096, 100
2026/08/05 02:54:14.157, 21096, 100
2026/08/05 02:54:15.157, 21096, 100
2026/08/05 02:54:16.157, 21096, 100
2026/08/05 02:54:17.158, 21096, 88
2026/08/05 02:54:18.158, 21096, 100
2026/08/05 02:54:19.158, 21096, 100
2026/08/05 02:54:20.158, 21096, 100
2026/08/05 02:54:21.158, 21096, 100
2026/08/05 02:54:22.159, 21096, 100
2026/08/05 02:54:23.159, 21096, 84
2026/08/05 02:54:24.159, 21096, 100
2026/08/05 02:54:25.159, 21096, 100
2026/08/05 02:54:26.159, 21096, 100
2026/08/05 02:54:27.160, 21096, 100
2026/08/05 02:54:28.160, 21096, 100
2026/08/05 02:54:29.160, 21096, 100
2026/08/05 02:54:30.163, 21096, 100
2026/08/05 02:54:31.163, 21096, 100
2026/08/05 02:54:32.164, 21096, 100
2026/08/05 02:54:33.164, 21096, 100
2026/08/05 02:54:34.164, 21096, 100
2026/08/05 02:54:35.165, 21096, 100
2026/08/05 02:54:36.165, 21096, 100
2026/08/05 02:54:37.165, 21096, 83
2026/08/05 02:54:38.165, 21096, 83
2026/08/05 02:54:39.166, 21096, 100
2026/08/05 02:54:40.166, 21096, 100
2026/08/05 02:54:41.166, 21096, 100
2026/08/05 02:54:42.166, 21096, 100
2026/08/05 02:54:43.167, 21096, 100
2026/08/05 02:54:44.167, 21096, 100
2026/08/05 02:54:45.167, 21096, 93
2026/08/05 02:54:46.167, 21096, 100
2026/08/05 02:54:47.168, 21096, 100
2026/08/05 02:54:48.168, 21096, 100
2026/08/05 02:54:49.168, 21096, 100
2026/08/05 02:54:50.169, 21096, 100
2026/08/05 02:54:51.169, 21096, 84
2026/08/05 02:54:52.169, 21096, 100
2026/08/05 02:54:53.169, 21096, 95
2026/08/05 02:54:54.169, 21096, 61
2026/08/05 02:54:55.170, 21096, 100
2026/08/05 02:54:56.171, 21096, 100
2026/08/05 02:54:57.171, 21096, 100
2026/08/05 02:54:58.171, 21096, 100
2026/08/05 02:54:59.171, 21096, 100
2026/08/05 02:55:00.172, 21096, 100
2026/08/05 02:55:01.172, 21096, 100
2026/08/05 02:55:02.172, 21096, 100
2026/08/05 02:55:03.172, 21096, 100
2026/08/05 02:55:04.173, 21096, 100
2026/08/05 02:55:05.173, 21096, 100
2026/08/05 02:55:06.173, 21096, 100
2026/08/05 02:55:07.173, 21096, 100
2026/08/05 02:55:08.174, 21096, 100
2026/08/05 02:55:09.174, 21096, 100
2026/08/05 02:55:10.174, 21096, 100
2026/08/05 02:55:11.175, 21096, 100
2026/08/05 02:55:12.175, 21096, 100
2026/08/05 02:55:13.175, 21096, 100
2026/08/05 02:55:14.175, 21096, 100
2026/08/05 02:55:15.176, 21096, 100
2026/08/05 02:55:16.176, 21096, 100
2026/08/05 02:55:17.176, 21096, 100
2026/08/05 02:55:18.177, 21096, 100
2026/08/05 02:55:19.177, 21096, 100
2026/08/05 02:55:20.177, 21096, 100
2026/08/05 02:55:21.177, 21096, 90
2026/08/05 02:55:22.178, 21096, 100
2026/08/05 02:55:23.178, 21096, 100
2026/08/05 02:55:24.178, 21096, 100
2026/08/05 02:55:25.178, 21096, 100
2026/08/05 02:55:26.179, 21096, 100
2026/08/05 02:55:27.179, 21096, 100
2026/08/05 02:55:28.179, 21096, 100
2026/08/05 02:55:29.179, 21096, 100
2026/08/05 02:55:30.180, 21096, 100
2026/08/05 02:55:31.180, 21096, 100
2026/08/05 02:55:32.181, 21096, 100
2026/08/05 02:55:33.184, 21096, 100
2026/08/05 02:55:34.186, 21096, 100
2026/08/05 02:55:35.189, 21096, 100
2026/08/05 02:55:36.191, 21096, 100
2026/08/05 02:55:37.194, 21096, 100
2026/08/05 02:55:38.197, 21096, 100
2026/08/05 02:55:39.199, 21096, 82
2026/08/05 02:55:40.202, 21096, 100
2026/08/05 02:55:41.204, 21096, 100
2026/08/05 02:55:42.207, 21096, 100
2026/08/05 02:55:43.209, 21096, 100
2026/08/05 02:55:44.212, 21096, 100
2026/08/05 02:55:45.214, 21096, 100
2026/08/05 02:55:46.217, 21096, 82
2026/08/05 02:55:47.219, 21096, 100
2026/08/05 02:55:48.221, 21096, 86
2026/08/05 02:55:49.223, 21096, 100
2026/08/05 02:55:50.225, 21096, 100
2026/08/05 02:55:51.227, 21096, 100
2026/08/05 02:55:52.228, 21096, 100
2026/08/05 02:55:53.230, 21096, 100
2026/08/05 02:55:54.231, 21096, 100
2026/08/05 02:55:55.232, 21096, 100
2026/08/05 02:55:56.234, 21096, 84
2026/08/05 02:55:57.235, 21096, 100
2026/08/05 02:55:58.237, 21096, 100
2026/08/05 02:55:59.238, 21096, 100
2026/08/05 02:56:00.239, 21096, 100
2026/08/05 02:56:01.241, 21096, 100
2026/08/05 02:56:02.242, 21096, 82
2026/08/05 02:56:03.243, 21096, 83
2026/08/05 02:56:04.245, 21096, 89
2026/08/05 02:56:05.246, 21096, 84
2026/08/05 02:56:06.248, 21096, 100
2026/08/05 02:56:07.249, 21096, 100
2026/08/05 02:56:08.250, 21096, 100
2026/08/05 02:56:09.252, 21096, 100
2026/08/05 02:56:10.253, 21096, 100
2026/08/05 02:56:11.254, 21096, 100
2026/08/05 02:56:12.255, 21096, 100
2026/08/05 02:56:13.256, 21096, 83
2026/08/05 02:56:14.258, 21096, 100
2026/08/05 02:56:15.259, 21096, 100
2026/08/05 02:56:16.261, 21096, 100
2026/08/05 02:56:17.261, 21096, 100
2026/08/05 02:56:18.263, 21096, 64
2026/08/05 02:56:19.264, 21096, 100
2026/08/05 02:56:20.265, 21096, 100
2026/08/05 02:56:21.265, 21096, 100
2026/08/05 02:56:22.267, 21096, 100
2026/08/05 02:56:23.268, 21096, 100
2026/08/05 02:56:24.270, 21096, 100
2026/08/05 02:56:25.270, 21096, 100
2026/08/05 02:56:26.271, 21096, 83
2026/08/05 02:56:27.272, 21096, 100
2026/08/05 02:56:28.273, 21096, 100
2026/08/05 02:56:29.273, 21096, 100
2026/08/05 02:56:30.275, 21096, 100
2026/08/05 02:56:31.275, 21096, 100
2026/08/05 02:56:32.276, 21096, 100
2026/08/05 02:56:33.278, 21096, 100
2026/08/05 02:56:34.278, 21096, 64
2026/08/05 02:56:35.279, 21096, 100
2026/08/05 02:56:36.280, 21096, 67
2026/08/05 02:56:37.281, 21096, 84
2026/08/05 02:56:38.281, 21096, 100
2026/08/05 02:56:39.283, 21096, 100
2026/08/05 02:56:40.283, 21096, 100
2026/08/05 02:56:41.284, 21096, 100
2026/08/05 02:56:42.286, 21096, 100
2026/08/05 02:56:43.286, 21096, 100
2026/08/05 02:56:44.287, 21096, 100
2026/08/05 02:56:45.289, 21096, 100
2026/08/05 02:56:46.290, 21096, 100
2026/08/05 02:56:47.291, 21096, 100
2026/08/05 02:56:48.292, 21096, 100
2026/08/05 02:56:49.292, 21096, 100
2026/08/05 02:56:50.294, 21096, 61
2026/08/05 02:56:51.294, 21096, 100
2026/08/05 02:56:52.294, 21096, 100
2026/08/05 02:56:53.296, 21096, 100
2026/08/05 02:56:54.297, 21096, 100
2026/08/05 02:56:55.297, 21096, 100
2026/08/05 02:56:56.298, 21096, 99
2026/08/05 02:56:57.298, 21096, 99
2026/08/05 02:56:58.299, 21096, 100
2026/08/05 02:56:59.299, 21096, 97
2026/08/05 02:57:00.300, 21096, 100
2026/08/05 02:57:01.300, 21096, 100
2026/08/05 02:57:02.300, 21096, 100
2026/08/05 02:57:03.301, 21096, 100
2026/08/05 02:57:04.301, 21096, 100
2026/08/05 02:57:05.301, 21096, 100
2026/08/05 02:57:06.301, 21096, 84
2026/08/05 02:57:07.302, 21096, 100
2026/08/05 02:57:08.302, 21096, 84
2026/08/05 02:57:09.302, 21096, 57
2026/08/05 02:57:10.303, 21096, 100
2026/08/05 02:57:11.303, 21096, 100
2026/08/05 02:57:12.303, 21096, 100
2026/08/05 02:57:13.303, 21096, 100
2026/08/05 02:57:14.303, 21096, 86
2026/08/05 02:57:15.304, 21096, 100
2026/08/05 02:57:16.304, 21096, 100
2026/08/05 02:57:17.304, 21096, 100
2026/08/05 02:57:18.304, 21096, 100
2026/08/05 02:57:19.305, 21096, 100
2026/08/05 02:57:20.305, 21096, 100
2026/08/05 02:57:21.305, 21096, 100
2026/08/05 02:57:22.305, 21096, 100
2026/08/05 02:57:23.306, 21096, 100
2026/08/05 02:57:24.306, 21096, 100
2026/08/05 02:57:25.306, 21096, 100
2026/08/05 02:57:26.306, 21096, 100
2026/08/05 02:57:27.307, 21096, 100
2026/08/05 02:57:28.307, 21096, 100
2026/08/05 02:57:29.307, 21096, 95
2026/08/05 02:57:30.307, 21096, 97
2026/08/05 02:57:31.308, 21096, 65
2026/08/05 02:57:32.308, 21096, 100
2026/08/05 02:57:33.308, 21096, 100
2026/08/05 02:57:34.308, 21096, 100
2026/08/05 02:57:35.309, 21096, 84
2026/08/05 02:57:36.309, 21096, 100
2026/08/05 02:57:37.309, 21096, 100
2026/08/05 02:57:38.309, 21096, 100
2026/08/05 02:57:39.310, 21096, 100
2026/08/05 02:57:40.310, 21096, 100
2026/08/05 02:57:41.311, 21096, 100
2026/08/05 02:57:42.311, 21096, 100
2026/08/05 02:57:43.311, 21096, 62
2026/08/05 02:57:44.312, 21096, 100
2026/08/05 02:57:45.312, 21096, 100
2026/08/05 02:57:46.312, 21096, 100
2026/08/05 02:57:47.313, 21096, 100
2026/08/05 02:57:48.313, 21096, 100
2026/08/05 02:57:49.313, 21096, 100
2026/08/05 02:57:50.314, 21096, 100
2026/08/05 02:57:51.314, 21096, 100
2026/08/05 02:57:52.314, 21096, 100
2026/08/05 02:57:53.314, 21096, 100
2026/08/05 02:57:54.314, 21096, 100
2026/08/05 02:57:55.315, 21096, 100
2026/08/05 02:57:56.315, 21096, 100
2026/08/05 02:57:57.315, 21096, 100
2026/08/05 02:57:58.315, 21096, 100
2026/08/05 02:57:59.316, 21096, 100
2026/08/05 02:58:00.316, 21096, 100
2026/08/05 02:58:01.316, 21096, 100
2026/08/05 02:58:02.317, 21096, 100
2026/08/05 02:58:03.317, 21096, 100
2026/08/05 02:58:04.317, 21096, 86
2026/08/05 02:58:05.317, 21096, 84
2026/08/05 02:58:06.318, 21096, 100
2026/08/05 02:58:07.318, 21096, 100
2026/08/05 02:58:08.318, 21096, 100
2026/08/05 02:58:09.318, 21096, 100
2026/08/05 02:58:10.318, 21096, 85
2026/08/05 02:58:11.319, 21096, 100
2026/08/05 02:58:12.319, 21096, 100
2026/08/05 02:58:13.319, 21096, 100
2026/08/05 02:58:14.319, 21096, 100
2026/08/05 02:58:15.319, 21096, 100
2026/08/05 02:58:16.320, 21096, 100
2026/08/05 02:58:17.320, 21096, 100
2026/08/05 02:58:18.320, 21096, 100
2026/08/05 02:58:19.320, 21096, 100
2026/08/05 02:58:20.321, 21096, 100
2026/08/05 02:58:21.321, 21096, 100
2026/08/05 02:58:22.321, 21096, 100
2026/08/05 02:58:23.321, 21096, 100
2026/08/05 02:58:24.321, 21096, 100
2026/08/05 02:58:25.322, 21096, 100
2026/08/05 02:58:26.322, 21096, 100
2026/08/05 02:58:27.322, 21096, 100
2026/08/05 02:58:28.322, 21096, 100
2026/08/05 02:58:29.323, 21096, 100
2026/08/05 02:58:30.323, 21096, 100
2026/08/05 02:58:31.323, 21096, 100
2026/08/05 02:58:32.323, 21096, 68
2026/08/05 02:58:33.324, 21096, 100
2026/08/05 02:58:34.324, 21096, 100
2026/08/05 02:58:35.324, 21096, 100
2026/08/05 02:58:36.324, 21096, 100
2026/08/05 02:58:37.324, 21096, 100
2026/08/05 02:58:38.325, 21096, 100
2026/08/05 02:58:39.325, 21096, 100
2026/08/05 02:58:40.325, 21096, 84
2026/08/05 02:58:41.325, 21096, 83
2026/08/05 02:58:42.325, 21096, 100
2026/08/05 02:58:43.326, 21096, 83
2026/08/05 02:58:44.326, 21096, 100
2026/08/05 02:58:45.326, 21096, 100
2026/08/05 02:58:46.326, 21096, 100
2026/08/05 02:58:47.327, 21096, 100
2026/08/05 02:58:48.327, 21096, 84
2026/08/05 02:58:49.327, 21096, 100
2026/08/05 02:58:50.327, 21096, 100
2026/08/05 02:58:51.328, 21096, 100
2026/08/05 02:58:52.328, 21096, 84
2026/08/05 02:58:53.328, 21096, 100
2026/08/05 02:58:54.329, 21096, 100
2026/08/05 02:58:55.329, 21096, 100
2026/08/05 02:58:56.329, 21096, 100
2026/08/05 02:58:57.329, 21096, 99
2026/08/05 02:58:58.329, 21096, 100
2026/08/05 02:58:59.330, 21096, 100
2026/08/05 02:59:00.330, 21096, 100
2026/08/05 02:59:01.330, 21096, 62
2026/08/05 02:59:02.330, 21096, 100
2026/08/05 02:59:03.331, 21096, 100
2026/08/05 02:59:04.331, 21096, 100
2026/08/05 02:59:05.331, 21096, 100
2026/08/05 02:59:06.331, 21096, 100
2026/08/05 02:59:07.332, 21096, 100
2026/08/05 02:59:08.332, 21096, 100
2026/08/05 02:59:09.332, 21096, 100
2026/08/05 02:59:10.332, 21096, 100
2026/08/05 02:59:11.333, 21096, 84
2026/08/05 02:59:12.333, 21096, 62
2026/08/05 02:59:13.333, 21096, 100
2026/08/05 02:59:14.333, 21096, 100
2026/08/05 02:59:15.333, 21096, 100
2026/08/05 02:59:16.334, 21096, 100
2026/08/05 02:59:17.334, 21096, 100
2026/08/05 02:59:18.334, 21096, 84
2026/08/05 02:59:19.334, 21096, 100
2026/08/05 02:59:20.335, 21096, 85
2026/08/05 02:59:21.335, 21096, 100
2026/08/05 02:59:22.335, 21096, 100
2026/08/05 02:59:23.335, 21096, 100
2026/08/05 02:59:24.335, 21096, 100
2026/08/05 02:59:25.336, 21096, 100
2026/08/05 02:59:26.336, 21096, 100
2026/08/05 02:59:27.336, 21096, 100
2026/08/05 02:59:28.336, 21096, 100
2026/08/05 02:59:29.337, 21096, 83
2026/08/05 02:59:30.337, 21096, 100
2026/08/05 02:59:31.337, 21096, 100
2026/08/05 02:59:32.337, 21096, 100
2026/08/05 02:59:33.337, 21096, 100
2026/08/05 02:59:34.338, 21096, 100
2026/08/05 02:59:35.338, 21096, 100
2026/08/05 02:59:36.338, 21096, 100
2026/08/05 02:59:37.338, 21096, 100
2026/08/05 02:59:38.339, 21096, 100
2026/08/05 02:59:39.339, 21096, 100
2026/08/05 02:59:40.339, 21096, 100
2026/08/05 02:59:41.339, 21096, 100
2026/08/05 02:59:42.339, 21096, 100
2026/08/05 02:59:43.340, 21096, 100
2026/08/05 02:59:44.340, 21096, 100
2026/08/05 02:59:45.340, 21096, 100
2026/08/05 02:59:46.340, 21096, 84
2026/08/05 02:59:47.341, 21096, 64
2026/08/05 02:59:48.341, 21096, 100
2026/08/05 02:59:49.346, 21096, 86
2026/08/05 02:59:50.360, 21096, 100
2026/08/05 02:59:51.373, 21096, 100
2026/08/05 02:59:52.385, 21096, 100
2026/08/05 02:59:53.396, 21096, 100
2026/08/05 02:59:54.406, 21096, 100
2026/08/05 02:59:55.416, 21096, 100
2026/08/05 02:59:56.425, 21096, 100
2026/08/05 02:59:57.434, 21096, 100
2026/08/05 02:59:58.442, 21096, 63
2026/08/05 02:59:59.450, 21096, 100
2026/08/05 03:00:00.457, 21096, 100
2026/08/05 03:00:01.465, 21096, 100
2026/08/05 03:00:02.471, 21096, 100
2026/08/05 03:00:03.477, 21096, 100
2026/08/05 03:00:04.484, 21096, 97
2026/08/05 03:00:05.490, 21096, 100
2026/08/05 03:00:06.495, 21096, 100
2026/08/05 03:00:07.500, 21096, 100
2026/08/05 03:00:08.505, 21096, 100
2026/08/05 03:00:09.509, 21096, 100
2026/08/05 03:00:10.514, 21096, 100
2026/08/05 03:00:11.517, 21096, 100
2026/08/05 03:00:12.521, 21096, 100
2026/08/05 03:00:13.524, 21096, 100
2026/08/05 03:00:14.527, 21096, 100
2026/08/05 03:00:15.530, 21096, 100
2026/08/05 03:00:16.534, 21096, 100
2026/08/05 03:00:17.536, 21096, 100
2026/08/05 03:00:18.539, 21096, 100
2026/08/05 03:00:19.541, 21096, 60
2026/08/05 03:00:20.544, 21096, 100
2026/08/05 03:00:21.546, 21096, 100
2026/08/05 03:00:22.548, 21096, 85
2026/08/05 03:00:23.551, 21096, 100
2026/08/05 03:00:24.553, 21096, 100
2026/08/05 03:00:25.556, 21096, 100
2026/08/05 03:00:26.558, 21096, 100
2026/08/05 03:00:27.560, 21096, 100
2026/08/05 03:00:28.561, 21096, 100
2026/08/05 03:00:29.562, 21096, 100
2026/08/05 03:00:30.563, 21096, 100
2026/08/05 03:00:31.565, 21096, 100
2026/08/05 03:00:32.567, 21096, 100
2026/08/05 03:00:33.568, 21096, 100
2026/08/05 03:00:34.569, 21096, 100
2026/08/05 03:00:35.570, 21096, 100
2026/08/05 03:00:36.572, 21096, 100
2026/08/05 03:00:37.573, 21096, 84
2026/08/05 03:00:38.574, 21096, 100
2026/08/05 03:00:39.576, 21096, 100
2026/08/05 03:00:40.577, 21096, 100
2026/08/05 03:00:41.579, 21096, 100
2026/08/05 03:00:42.580, 21096, 100
2026/08/05 03:00:43.581, 21096, 100
2026/08/05 03:00:44.583, 21096, 100
2026/08/05 03:00:45.584, 21096, 100
2026/08/05 03:00:46.585, 21096, 100
2026/08/05 03:00:47.587, 21096, 83
2026/08/05 03:00:48.588, 21096, 100
2026/08/05 03:00:49.589, 21096, 100
2026/08/05 03:00:50.593, 21096, 100
2026/08/05 03:00:51.595, 21096, 100
2026/08/05 03:00:52.596, 21096, 100
2026/08/05 03:00:53.596, 21096, 100
2026/08/05 03:00:54.597, 21096, 63
2026/08/05 03:00:55.598, 21096, 100
2026/08/05 03:00:56.598, 21096, 100
2026/08/05 03:00:57.598, 21096, 100
2026/08/05 03:00:58.598, 21096, 100
2026/08/05 03:00:59.598, 21096, 100
2026/08/05 03:01:00.599, 21096, 100
2026/08/05 03:01:01.599, 21096, 94
2026/08/05 03:01:02.599, 21096, 100
2026/08/05 03:01:03.599, 21096, 85
2026/08/05 03:01:04.600, 21096, 100
2026/08/05 03:01:05.600, 21096, 100
2026/08/05 03:01:06.600, 21096, 100
2026/08/05 03:01:07.600, 21096, 100
2026/08/05 03:01:08.600, 21096, 100
2026/08/05 03:01:09.601, 21096, 100
2026/08/05 03:01:10.601, 21096, 100
2026/08/05 03:01:11.601, 21096, 84
2026/08/05 03:01:12.601, 21096, 100
2026/08/05 03:01:13.601, 21096, 100
2026/08/05 03:01:14.601, 21096, 100
2026/08/05 03:01:15.602, 21096, 100
2026/08/05 03:01:16.602, 21096, 100
2026/08/05 03:01:17.602, 21096, 100
2026/08/05 03:01:18.602, 21096, 100
2026/08/05 03:01:19.602, 21096, 100
2026/08/05 03:01:20.605, 21096, 100
2026/08/05 03:01:21.605, 21096, 100
2026/08/05 03:01:22.606, 21096, 100
2026/08/05 03:01:23.606, 21096, 100
2026/08/05 03:01:24.606, 21096, 100
2026/08/05 03:01:25.606, 21096, 100
2026/08/05 03:01:26.607, 21096, 89
2026/08/05 03:01:27.607, 21096, 100
2026/08/05 03:01:28.607, 21096, 100
2026/08/05 03:01:29.607, 21096, 80
2026/08/05 03:01:30.607, 21096, 100
2026/08/05 03:01:31.608, 21096, 100
2026/08/05 03:01:32.608, 21096, 100
2026/08/05 03:01:33.608, 21096, 100
2026/08/05 03:01:34.608, 21096, 100
2026/08/05 03:01:35.609, 21096, 100
2026/08/05 03:01:36.609, 21096, 100
2026/08/05 03:01:37.609, 21096, 86
2026/08/05 03:01:38.610, 21096, 100
2026/08/05 03:01:39.610, 21096, 100
2026/08/05 03:01:40.610, 21096, 100
2026/08/05 03:01:41.610, 21096, 100
2026/08/05 03:01:42.610, 21096, 100
2026/08/05 03:01:43.611, 21096, 100
2026/08/05 03:01:44.611, 21096, 100
2026/08/05 03:01:45.612, 21096, 100
2026/08/05 03:01:46.612, 21096, 100
2026/08/05 03:01:47.612, 21096, 100
2026/08/05 03:01:48.612, 21096, 100
2026/08/05 03:01:49.612, 21096, 100
2026/08/05 03:01:50.613, 21096, 100
2026/08/05 03:01:51.613, 21096, 100
2026/08/05 03:01:52.613, 21096, 100
2026/08/05 03:01:53.614, 21096, 100
2026/08/05 03:01:54.614, 21096, 100
2026/08/05 03:01:55.614, 21096, 100
2026/08/05 03:01:56.614, 21096, 100
2026/08/05 03:01:57.614, 21096, 83
2026/08/05 03:01:58.632, 21096, 100
2026/08/05 03:01:59.660, 21096, 100
2026/08/05 03:02:00.683, 21096, 86
2026/08/05 03:02:01.704, 21096, 100
2026/08/05 03:02:02.723, 21096, 100
2026/08/05 03:02:03.739, 21096, 100
2026/08/05 03:02:04.754, 21096, 100
2026/08/05 03:02:05.766, 21096, 100
2026/08/05 03:02:06.776, 21096, 64
2026/08/05 03:02:07.786, 21096, 100
2026/08/05 03:02:08.794, 21096, 100
2026/08/05 03:02:09.802, 21096, 100
2026/08/05 03:02:10.808, 21096, 90
2026/08/05 03:02:11.815, 21096, 100
2026/08/05 03:02:12.820, 21096, 100
2026/08/05 03:02:13.824, 21096, 100
2026/08/05 03:02:14.828, 21096, 100
2026/08/05 03:02:15.832, 21096, 84
2026/08/05 03:02:16.835, 21096, 100
2026/08/05 03:02:17.839, 21096, 100
2026/08/05 03:02:18.841, 21096, 100
2026/08/05 03:02:19.843, 21096, 100
2026/08/05 03:02:20.846, 21096, 100
2026/08/05 03:02:21.848, 21096, 100
2026/08/05 03:02:22.850, 21096, 100
2026/08/05 03:02:23.852, 21096, 100
2026/08/05 03:02:24.853, 21096, 100
2026/08/05 03:02:25.855, 21096, 83
2026/08/05 03:02:26.856, 21096, 100
2026/08/05 03:02:27.857, 21096, 100
2026/08/05 03:02:28.859, 21096, 100
2026/08/05 03:02:29.860, 21096, 100
2026/08/05 03:02:30.860, 21096, 100
2026/08/05 03:02:31.861, 21096, 100
2026/08/05 03:02:32.861, 21096, 100
2026/08/05 03:02:33.861, 21096, 100
2026/08/05 03:02:34.861, 21096, 100
2026/08/05 03:02:35.861, 21096, 100
2026/08/05 03:02:36.862, 21096, 100
2026/08/05 03:02:37.862, 21096, 81
2026/08/05 03:02:38.862, 21096, 100
2026/08/05 03:02:39.863, 21096, 86
2026/08/05 03:02:40.863, 21096, 100
2026/08/05 03:02:41.864, 21096, 83
2026/08/05 03:02:42.864, 21096, 100
2026/08/05 03:02:43.864, 21096, 100
2026/08/05 03:02:44.865, 21096, 100
2026/08/05 03:02:45.865, 21096, 100
2026/08/05 03:02:46.865, 21096, 99
2026/08/05 03:02:47.866, 21096, 100
2026/08/05 03:02:48.866, 21096, 100
2026/08/05 03:02:49.866, 21096, 100
2026/08/05 03:02:50.867, 21096, 100
2026/08/05 03:02:51.867, 21096, 85
2026/08/05 03:02:52.867, 21096, 100
2026/08/05 03:02:53.867, 21096, 100
2026/08/05 03:02:54.868, 21096, 82
2026/08/05 03:02:55.868, 21096, 67
2026/08/05 03:02:56.869, 21096, 100
2026/08/05 03:02:57.869, 21096, 100
2026/08/05 03:02:58.869, 21096, 100
2026/08/05 03:02:59.869, 21096, 100
2026/08/05 03:03:00.870, 21096, 100
2026/08/05 03:03:01.870, 21096, 100
2026/08/05 03:03:02.871, 21096, 85
2026/08/05 03:03:03.871, 21096, 100
2026/08/05 03:03:04.871, 21096, 100
2026/08/05 03:03:05.872, 21096, 100
2026/08/05 03:03:06.872, 21096, 65
2026/08/05 03:03:07.872, 21096, 100
2026/08/05 03:03:08.873, 21096, 100
2026/08/05 03:03:09.873, 21096, 100
2026/08/05 03:03:10.873, 21096, 100
2026/08/05 03:03:11.874, 21096, 100
2026/08/05 03:03:12.874, 21096, 100
2026/08/05 03:03:13.874, 21096, 63
2026/08/05 03:03:14.874, 21096, 100
2026/08/05 03:03:15.875, 21096, 100
2026/08/05 03:03:16.875, 21096, 98
2026/08/05 03:03:17.875, 21096, 100
2026/08/05 03:03:18.876, 21096, 100
2026/08/05 03:03:19.876, 21096, 100
2026/08/05 03:03:20.876, 21096, 100
2026/08/05 03:03:21.877, 21096, 100
2026/08/05 03:03:22.877, 21096, 100
2026/08/05 03:03:23.877, 21096, 100
2026/08/05 03:03:24.878, 21096, 100
2026/08/05 03:03:25.878, 21096, 100
2026/08/05 03:03:26.878, 21096, 100
2026/08/05 03:03:27.878, 21096, 100
2026/08/05 03:03:28.879, 21096, 100
2026/08/05 03:03:29.879, 21096, 100
2026/08/05 03:03:30.879, 21096, 100
2026/08/05 03:03:31.880, 21096, 100
2026/08/05 03:03:32.880, 21096, 100
2026/08/05 03:03:33.880, 21096, 100
2026/08/05 03:03:34.881, 21096, 100
2026/08/05 03:03:35.881, 21096, 100
2026/08/05 03:03:36.896, 21096, 100
2026/08/05 03:03:37.912, 21096, 100
2026/08/05 03:03:38.926, 21096, 100
2026/08/05 03:03:39.939, 21096, 100
2026/08/05 03:03:40.949, 21096, 100
2026/08/05 03:03:41.960, 21096, 85
2026/08/05 03:03:42.968, 21096, 85
2026/08/05 03:03:43.976, 21096, 86
2026/08/05 03:03:44.983, 21096, 100
2026/08/05 03:03:45.989, 21096, 94
2026/08/05 03:03:46.995, 21096, 100
2026/08/05 03:03:48.000, 21096, 100
2026/08/05 03:03:49.003, 21096, 100
2026/08/05 03:03:50.007, 21096, 100
2026/08/05 03:03:51.010, 21096, 100
2026/08/05 03:03:52.014, 21096, 100
2026/08/05 03:03:53.017, 21096, 100
2026/08/05 03:03:54.019, 21096, 100
2026/08/05 03:03:55.021, 21096, 83
2026/08/05 03:03:56.024, 21096, 100
2026/08/05 03:03:57.025, 21096, 100
2026/08/05 03:03:58.027, 21096, 100
2026/08/05 03:03:59.028, 21096, 100
2026/08/05 03:04:00.030, 21096, 100
2026/08/05 03:04:01.031, 21096, 100
2026/08/05 03:04:02.032, 21096, 84
2026/08/05 03:04:03.034, 21096, 100
2026/08/05 03:04:04.035, 21096, 100
2026/08/05 03:04:05.036, 21096, 100
2026/08/05 03:04:06.038, 21096, 100
2026/08/05 03:04:07.038, 21096, 100
2026/08/05 03:04:08.040, 21096, 100
2026/08/05 03:04:09.040, 21096, 91
2026/08/05 03:04:10.040, 21096, 100
2026/08/05 03:04:11.040, 21096, 63
2026/08/05 03:04:12.041, 21096, 100
2026/08/05 03:04:13.041, 21096, 100
2026/08/05 03:04:14.041, 21096, 100
2026/08/05 03:04:15.041, 21096, 100
2026/08/05 03:04:16.041, 21096, 100
2026/08/05 03:04:17.042, 21096, 100
2026/08/05 03:04:18.042, 21096, 100
2026/08/05 03:04:19.042, 21096, 60
2026/08/05 03:04:20.042, 21096, 100
2026/08/05 03:04:21.043, 21096, 100
2026/08/05 03:04:22.043, 21096, 100
2026/08/05 03:04:23.043, 21096, 100
2026/08/05 03:04:24.043, 21096, 100
2026/08/05 03:04:25.043, 21096, 100
2026/08/05 03:04:26.044, 21096, 100
2026/08/05 03:04:27.044, 21096, 100
2026/08/05 03:04:28.044, 21096, 100
2026/08/05 03:04:29.044, 21096, 100
2026/08/05 03:04:30.045, 21096, 100
2026/08/05 03:04:31.045, 21096, 100
2026/08/05 03:04:32.045, 21096, 100
2026/08/05 03:04:33.045, 21096, 100
2026/08/05 03:04:34.046, 21096, 100
2026/08/05 03:04:35.047, 21096, 100
2026/08/05 03:04:36.047, 21096, 100
2026/08/05 03:04:37.047, 21096, 100
2026/08/05 03:04:38.047, 21096, 100
2026/08/05 03:04:39.049, 21096, 99
2026/08/05 03:04:40.049, 21096, 100
2026/08/05 03:04:41.049, 21096, 100
2026/08/05 03:04:42.049, 21096, 100
2026/08/05 03:04:43.050, 21096, 100
2026/08/05 03:04:44.050, 21096, 64
2026/08/05 03:04:45.050, 21096, 100
2026/08/05 03:04:46.050, 21096, 61
2026/08/05 03:04:47.051, 21096, 100
2026/08/05 03:04:48.051, 21096, 100
2026/08/05 03:04:49.051, 21096, 100
2026/08/05 03:04:50.051, 21096, 100
2026/08/05 03:04:51.051, 21096, 100
2026/08/05 03:04:52.051, 21096, 100
2026/08/05 03:04:53.052, 21096, 100
2026/08/05 03:04:54.052, 21096, 100
2026/08/05 03:04:55.052, 21096, 98
2026/08/05 03:04:56.052, 21096, 100
2026/08/05 03:04:57.052, 21096, 100
2026/08/05 03:04:58.053, 21096, 100
2026/08/05 03:04:59.053, 21096, 100
2026/08/05 03:05:00.053, 21096, 100
2026/08/05 03:05:01.053, 21096, 100
2026/08/05 03:05:02.054, 21096, 100
2026/08/05 03:05:03.054, 21096, 100
2026/08/05 03:05:04.054, 21096, 100
2026/08/05 03:05:05.054, 21096, 100
2026/08/05 03:05:06.055, 21096, 100
2026/08/05 03:05:07.055, 21096, 83
2026/08/05 03:05:08.055, 21096, 100
2026/08/05 03:05:09.055, 21096, 100
2026/08/05 03:05:10.055, 21096, 100
2026/08/05 03:05:11.056, 21096, 63
2026/08/05 03:05:12.056, 21096, 100
2026/08/05 03:05:13.056, 21096, 100
2026/08/05 03:05:14.056, 21096, 86
2026/08/05 03:05:15.056, 21096, 100
2026/08/05 03:05:16.057, 21096, 100
2026/08/05 03:05:17.057, 21096, 100
2026/08/05 03:05:18.057, 21096, 100
2026/08/05 03:05:19.057, 21096, 100
2026/08/05 03:05:20.058, 21096, 100
2026/08/05 03:05:21.058, 21096, 100
2026/08/05 03:05:22.058, 21096, 100
2026/08/05 03:05:23.058, 21096, 100
2026/08/05 03:05:24.059, 21096, 100
2026/08/05 03:05:25.059, 21096, 100
2026/08/05 03:05:26.059, 21096, 84
2026/08/05 03:05:27.059, 21096, 100
2026/08/05 03:05:28.060, 21096, 100
2026/08/05 03:05:29.060, 21096, 83
2026/08/05 03:05:30.060, 21096, 84
2026/08/05 03:05:31.060, 21096, 100
2026/08/05 03:05:32.061, 21096, 100
2026/08/05 03:05:33.061, 21096, 85
2026/08/05 03:05:34.061, 21096, 100
2026/08/05 03:05:35.061, 21096, 100
2026/08/05 03:05:36.062, 21096, 100
2026/08/05 03:05:37.062, 21096, 100
2026/08/05 03:05:38.062, 21096, 100
2026/08/05 03:05:39.063, 21096, 100
2026/08/05 03:05:40.063, 21096, 100
2026/08/05 03:05:41.063, 21096, 83
2026/08/05 03:05:42.063, 21096, 100
2026/08/05 03:05:43.064, 21096, 100
2026/08/05 03:05:44.064, 21096, 85
2026/08/05 03:05:45.064, 21096, 100
2026/08/05 03:05:46.066, 21096, 100
2026/08/05 03:05:47.073, 21096, 100
2026/08/05 03:05:48.080, 21096, 99
2026/08/05 03:05:49.087, 21096, 100
2026/08/05 03:05:50.093, 21096, 100
2026/08/05 03:05:51.099, 21096, 79
2026/08/05 03:05:52.105, 21096, 100
2026/08/05 03:05:53.111, 21096, 83
2026/08/05 03:05:54.116, 21096, 100
2026/08/05 03:05:55.121, 21096, 100
2026/08/05 03:05:56.126, 21096, 100
2026/08/05 03:05:57.131, 21096, 100
2026/08/05 03:05:58.135, 21096, 100
2026/08/05 03:05:59.139, 21096, 100
2026/08/05 03:06:00.143, 21096, 100
2026/08/05 03:06:01.147, 21096, 100
2026/08/05 03:06:02.150, 21096, 100
2026/08/05 03:06:03.154, 21096, 100
2026/08/05 03:06:04.157, 21096, 100
2026/08/05 03:06:05.161, 21096, 100
2026/08/05 03:06:06.164, 21096, 100
2026/08/05 03:06:07.166, 21096, 100
2026/08/05 03:06:08.168, 21096, 100
2026/08/05 03:06:09.171, 21096, 100
2026/08/05 03:06:10.174, 21096, 100
2026/08/05 03:06:11.177, 21096, 100
2026/08/05 03:06:12.179, 21096, 83
2026/08/05 03:06:13.181, 21096, 100
2026/08/05 03:06:14.183, 21096, 98
2026/08/05 03:06:15.186, 21096, 100
2026/08/05 03:06:16.187, 21096, 100
2026/08/05 03:06:17.190, 21096, 100
2026/08/05 03:06:18.192, 21096, 100
2026/08/05 03:06:19.194, 21096, 82
2026/08/05 03:06:20.195, 21096, 100
2026/08/05 03:06:21.196, 21096, 100
2026/08/05 03:06:22.198, 21096, 64
2026/08/05 03:06:23.199, 21096, 100
2026/08/05 03:06:24.201, 21096, 100
2026/08/05 03:06:25.202, 21096, 100
2026/08/05 03:06:26.203, 21096, 100
2026/08/05 03:06:27.205, 21096, 100
2026/08/05 03:06:28.206, 21096, 100
2026/08/05 03:06:29.207, 21096, 100
2026/08/05 03:06:30.209, 21096, 100
2026/08/05 03:06:31.210, 21096, 100
2026/08/05 03:06:32.212, 21096, 100
2026/08/05 03:06:33.213, 21096, 100
2026/08/05 03:06:34.214, 21096, 100
2026/08/05 03:06:35.216, 21096, 100
2026/08/05 03:06:36.217, 21096, 100
2026/08/05 03:06:37.218, 21096, 100
2026/08/05 03:06:38.220, 21096, 100
2026/08/05 03:06:39.221, 21096, 84
2026/08/05 03:06:40.222, 21096, 100
2026/08/05 03:06:41.224, 21096, 83
2026/08/05 03:06:42.225, 21096, 100
2026/08/05 03:06:43.227, 21096, 96
2026/08/05 03:06:44.228, 21096, 100
2026/08/05 03:06:45.229, 21096, 100
2026/08/05 03:06:46.231, 21096, 100
2026/08/05 03:06:47.232, 21096, 100
2026/08/05 03:06:48.233, 21096, 100
2026/08/05 03:06:49.235, 21096, 83
2026/08/05 03:06:50.237, 21096, 100
2026/08/05 03:06:51.242, 21096, 100
2026/08/05 03:06:52.246, 21096, 100
2026/08/05 03:06:53.250, 21096, 100
2026/08/05 03:06:54.254, 21096, 100
2026/08/05 03:06:55.258, 21096, 100
2026/08/05 03:06:56.261, 21096, 83
2026/08/05 03:06:57.264, 21096, 100
2026/08/05 03:06:58.268, 21096, 100
2026/08/05 03:06:59.271, 21096, 100
2026/08/05 03:07:00.274, 21096, 83
2026/08/05 03:07:01.277, 21096, 100
2026/08/05 03:07:02.280, 21096, 100
2026/08/05 03:07:03.282, 21096, 83
2026/08/05 03:07:04.284, 21096, 100
2026/08/05 03:07:05.287, 21096, 100
2026/08/05 03:07:06.289, 21096, 100
2026/08/05 03:07:07.291, 21096, 100
2026/08/05 03:07:08.294, 21096, 100
2026/08/05 03:07:09.296, 21096, 100
2026/08/05 03:07:10.298, 21096, 100
2026/08/05 03:07:11.301, 21096, 100
2026/08/05 03:07:12.303, 21096, 100
2026/08/05 03:07:13.305, 21096, 100
2026/08/05 03:07:14.307, 21096, 100
2026/08/05 03:07:15.310, 21096, 100
2026/08/05 03:07:16.312, 21096, 100
2026/08/05 03:07:17.313, 21096, 64
2026/08/05 03:07:18.315, 21096, 100
2026/08/05 03:07:19.316, 21096, 100
2026/08/05 03:07:20.317, 21096, 100
2026/08/05 03:07:21.319, 21096, 100
2026/08/05 03:07:22.320, 21096, 100
2026/08/05 03:07:23.322, 21096, 100
2026/08/05 03:07:24.323, 21096, 100
2026/08/05 03:07:25.324, 21096, 67
2026/08/05 03:07:26.326, 21096, 100
2026/08/05 03:07:27.327, 21096, 100
2026/08/05 03:07:28.328, 21096, 100
2026/08/05 03:07:29.330, 21096, 100
2026/08/05 03:07:30.331, 21096, 100
2026/08/05 03:07:31.332, 21096, 100
2026/08/05 03:07:32.334, 21096, 100
2026/08/05 03:07:33.335, 21096, 99
2026/08/05 03:07:34.337, 21096, 100
2026/08/05 03:07:35.338, 21096, 100
2026/08/05 03:07:36.339, 21096, 100
2026/08/05 03:07:37.341, 21096, 100
2026/08/05 03:07:38.342, 21096, 68
2026/08/05 03:07:39.343, 21096, 100
2026/08/05 03:07:40.345, 21096, 100
2026/08/05 03:07:41.346, 21096, 100
2026/08/05 03:07:42.347, 21096, 100
2026/08/05 03:07:43.349, 21096, 100
2026/08/05 03:07:44.350, 21096, 100
2026/08/05 03:07:45.351, 21096, 100
2026/08/05 03:07:46.353, 21096, 100
2026/08/05 03:07:47.354, 21096, 84
2026/08/05 03:07:48.355, 21096, 97
2026/08/05 03:07:49.357, 21096, 99
2026/08/05 03:07:50.358, 21096, 100
2026/08/05 03:07:51.359, 21096, 100
2026/08/05 03:07:52.360, 21096, 100
2026/08/05 03:07:53.362, 21096, 100
2026/08/05 03:07:54.363, 21096, 100
2026/08/05 03:07:55.363, 21096, 100
2026/08/05 03:07:56.363, 21096, 100
2026/08/05 03:07:57.364, 21096, 100
2026/08/05 03:07:58.364, 21096, 100
2026/08/05 03:07:59.364, 21096, 100
2026/08/05 03:08:00.364, 21096, 100
2026/08/05 03:08:01.365, 21096, 100
2026/08/05 03:08:02.365, 21096, 100
2026/08/05 03:08:03.365, 21096, 100
2026/08/05 03:08:04.365, 21096, 85
2026/08/05 03:08:05.366, 21096, 100
2026/08/05 03:08:06.366, 21096, 100
2026/08/05 03:08:07.366, 21096, 100
2026/08/05 03:08:08.366, 21096, 100
2026/08/05 03:08:09.367, 21096, 100
2026/08/05 03:08:10.367, 21096, 84
2026/08/05 03:08:11.367, 21096, 100
2026/08/05 03:08:12.367, 21096, 100
2026/08/05 03:08:13.368, 21096, 100
2026/08/05 03:08:14.368, 21096, 100
2026/08/05 03:08:15.368, 21096, 100
2026/08/05 03:08:16.369, 21096, 100
2026/08/05 03:08:17.369, 21096, 84
2026/08/05 03:08:18.369, 21096, 100
2026/08/05 03:08:19.369, 21096, 100
2026/08/05 03:08:20.370, 21096, 84
2026/08/05 03:08:21.370, 21096, 100
2026/08/05 03:08:22.370, 21096, 100
2026/08/05 03:08:23.370, 21096, 100
2026/08/05 03:08:24.371, 21096, 95
2026/08/05 03:08:25.371, 21096, 100
2026/08/05 03:08:26.371, 21096, 100
2026/08/05 03:08:27.372, 21096, 64
2026/08/05 03:08:28.372, 21096, 92
2026/08/05 03:08:29.372, 21096, 98
2026/08/05 03:08:30.372, 21096, 100
2026/08/05 03:08:31.372, 21096, 100
2026/08/05 03:08:32.373, 21096, 100
2026/08/05 03:08:33.373, 21096, 100
2026/08/05 03:08:34.373, 21096, 100
2026/08/05 03:08:35.373, 21096, 100
2026/08/05 03:08:36.373, 21096, 100
2026/08/05 03:08:37.374, 21096, 100
2026/08/05 03:08:38.374, 21096, 100
2026/08/05 03:08:39.374, 21096, 100
2026/08/05 03:08:40.374, 21096, 100
2026/08/05 03:08:41.374, 21096, 100
2026/08/05 03:08:42.375, 21096, 100
2026/08/05 03:08:43.375, 21096, 100
2026/08/05 03:08:44.375, 21096, 100
2026/08/05 03:08:45.375, 21096, 100
2026/08/05 03:08:46.376, 21096, 100
2026/08/05 03:08:47.376, 21096, 100
2026/08/05 03:08:48.376, 21096, 100
2026/08/05 03:08:49.376, 21096, 100
2026/08/05 03:08:50.376, 21096, 85
2026/08/05 03:08:51.377, 21096, 100
2026/08/05 03:08:52.377, 21096, 100
2026/08/05 03:08:53.377, 21096, 87
2026/08/05 03:08:54.377, 21096, 80
2026/08/05 03:08:55.378, 21096, 100
2026/08/05 03:08:56.378, 21096, 100
2026/08/05 03:08:57.378, 21096, 100
2026/08/05 03:08:58.378, 21096, 100
2026/08/05 03:08:59.379, 21096, 98
2026/08/05 03:09:00.379, 21096, 100
2026/08/05 03:09:01.379, 21096, 100
2026/08/05 03:09:02.379, 21096, 100
2026/08/05 03:09:03.379, 21096, 100
2026/08/05 03:09:04.380, 21096, 94
2026/08/05 03:09:05.380, 21096, 84
2026/08/05 03:09:06.380, 21096, 86
2026/08/05 03:09:07.381, 21096, 100
2026/08/05 03:09:08.381, 21096, 100
2026/08/05 03:09:09.381, 21096, 81
2026/08/05 03:09:10.381, 21096, 100
2026/08/05 03:09:11.381, 21096, 100
2026/08/05 03:09:12.382, 21096, 100
2026/08/05 03:09:13.382, 21096, 100
2026/08/05 03:09:14.382, 21096, 100
2026/08/05 03:09:15.382, 21096, 100
2026/08/05 03:09:16.382, 21096, 100
2026/08/05 03:09:17.383, 21096, 100
2026/08/05 03:09:18.383, 21096, 100
2026/08/05 03:09:19.383, 21096, 100
2026/08/05 03:09:20.383, 21096, 100
2026/08/05 03:09:21.384, 21096, 100
2026/08/05 03:09:22.384, 21096, 100
2026/08/05 03:09:23.384, 21096, 100
2026/08/05 03:09:24.384, 21096, 100
2026/08/05 03:09:25.384, 21096, 100
2026/08/05 03:09:26.385, 21096, 95
2026/08/05 03:09:27.385, 21096, 100
2026/08/05 03:09:28.385, 21096, 100
2026/08/05 03:09:29.385, 21096, 100
2026/08/05 03:09:30.385, 21096, 100
2026/08/05 03:09:31.386, 21096, 100
2026/08/05 03:09:32.386, 21096, 100
2026/08/05 03:09:33.386, 21096, 100
2026/08/05 03:09:34.386, 21096, 100
2026/08/05 03:09:35.386, 21096, 100
2026/08/05 03:09:36.387, 21096, 100
2026/08/05 03:09:37.387, 21096, 100
2026/08/05 03:09:38.387, 21096, 100
2026/08/05 03:09:39.387, 21096, 100
2026/08/05 03:09:40.387, 21096, 100
2026/08/05 03:09:41.387, 21096, 100
2026/08/05 03:09:42.388, 21096, 84
2026/08/05 03:09:43.388, 21096, 100
2026/08/05 03:09:44.388, 21096, 85
2026/08/05 03:09:45.388, 21096, 100
2026/08/05 03:09:46.388, 21096, 100
2026/08/05 03:09:47.389, 21096, 100
2026/08/05 03:09:48.389, 21096, 100
2026/08/05 03:09:49.389, 21096, 100
2026/08/05 03:09:50.389, 21096, 84
2026/08/05 03:09:51.389, 21096, 100
2026/08/05 03:09:52.390, 21096, 100
2026/08/05 03:09:53.390, 21096, 100
2026/08/05 03:09:54.390, 21096, 100
2026/08/05 03:09:55.390, 21096, 88
2026/08/05 03:09:56.390, 21096, 100
2026/08/05 03:09:57.390, 21096, 95
2026/08/05 03:09:58.391, 21096, 100
2026/08/05 03:09:59.391, 21096, 100
2026/08/05 03:10:00.391, 21096, 100
2026/08/05 03:10:01.391, 21096, 100
2026/08/05 03:10:02.391, 21096, 100
2026/08/05 03:10:03.392, 21096, 100
2026/08/05 03:10:04.392, 21096, 100
2026/08/05 03:10:05.393, 21096, 100
2026/08/05 03:10:06.393, 21096, 100
2026/08/05 03:10:07.393, 21096, 100
2026/08/05 03:10:08.393, 21096, 100
2026/08/05 03:10:09.393, 21096, 100
2026/08/05 03:10:10.394, 21096, 100
2026/08/05 03:10:11.394, 21096, 100
2026/08/05 03:10:12.394, 21096, 95
2026/08/05 03:10:13.394, 21096, 94
2026/08/05 03:10:14.394, 21096, 100
2026/08/05 03:10:15.395, 21096, 100
2026/08/05 03:10:16.395, 21096, 100
2026/08/05 03:10:17.395, 21096, 98
2026/08/05 03:10:18.395, 21096, 100
2026/08/05 03:10:19.395, 21096, 100
2026/08/05 03:10:20.396, 21096, 81
2026/08/05 03:10:21.396, 21096, 100
2026/08/05 03:10:22.396, 21096, 100
2026/08/05 03:10:23.396, 21096, 84
2026/08/05 03:10:24.396, 21096, 100
2026/08/05 03:10:25.397, 21096, 100
2026/08/05 03:10:26.397, 21096, 100
2026/08/05 03:10:27.397, 21096, 100
2026/08/05 03:10:28.397, 21096, 100
2026/08/05 03:10:29.398, 21096, 100
2026/08/05 03:10:30.398, 21096, 100
2026/08/05 03:10:31.398, 21096, 100
2026/08/05 03:10:32.399, 21096, 86
2026/08/05 03:10:33.399, 21096, 100
2026/08/05 03:10:34.399, 21096, 100
2026/08/05 03:10:35.400, 21096, 100
2026/08/05 03:10:36.400, 21096, 100
2026/08/05 03:10:37.400, 21096, 100
2026/08/05 03:10:38.400, 21096, 100
2026/08/05 03:10:39.400, 21096, 100
2026/08/05 03:10:40.401, 21096, 100
2026/08/05 03:10:41.401, 21096, 100
2026/08/05 03:10:42.401, 21096, 100
2026/08/05 03:10:43.401, 21096, 94
2026/08/05 03:10:44.401, 21096, 100
2026/08/05 03:10:45.401, 21096, 100
2026/08/05 03:10:46.401, 21096, 62
2026/08/05 03:10:47.402, 21096, 100
2026/08/05 03:10:48.402, 21096, 100
2026/08/05 03:10:49.402, 21096, 100
2026/08/05 03:10:50.402, 21096, 100
2026/08/05 03:10:51.403, 21096, 84
2026/08/05 03:10:52.403, 21096, 100
2026/08/05 03:10:53.403, 21096, 100
2026/08/05 03:10:54.403, 21096, 100
2026/08/05 03:10:55.404, 21096, 100
2026/08/05 03:10:56.404, 21096, 100
2026/08/05 03:10:57.404, 21096, 100
2026/08/05 03:10:58.404, 21096, 100
2026/08/05 03:10:59.405, 21096, 100
2026/08/05 03:11:00.405, 21096, 100
2026/08/05 03:11:01.405, 21096, 84
2026/08/05 03:11:02.406, 21096, 100
2026/08/05 03:11:03.406, 21096, 100
2026/08/05 03:11:04.406, 21096, 100
2026/08/05 03:11:05.407, 21096, 100
2026/08/05 03:11:06.407, 21096, 100
2026/08/05 03:11:07.407, 21096, 100
2026/08/05 03:11:08.409, 21096, 100
2026/08/05 03:11:09.411, 21096, 100
2026/08/05 03:11:10.414, 21096, 85
2026/08/05 03:11:11.417, 21096, 100
2026/08/05 03:11:12.420, 21096, 100
2026/08/05 03:11:13.423, 21096, 100
2026/08/05 03:11:14.425, 21096, 69
2026/08/05 03:11:15.428, 21096, 100
2026/08/05 03:11:16.431, 21096, 100
2026/08/05 03:11:17.433, 21096, 100
2026/08/05 03:11:18.436, 21096, 66
2026/08/05 03:11:19.438, 21096, 85
2026/08/05 03:11:20.441, 21096, 84
2026/08/05 03:11:21.443, 21096, 100
2026/08/05 03:11:22.446, 21096, 100
2026/08/05 03:11:23.448, 21096, 86
2026/08/05 03:11:24.451, 21096, 93
2026/08/05 03:11:25.453, 21096, 84
2026/08/05 03:11:26.455, 21096, 100
2026/08/05 03:11:27.457, 21096, 100
2026/08/05 03:11:28.459, 21096, 100
2026/08/05 03:11:29.460, 21096, 100
2026/08/05 03:11:30.461, 21096, 100
2026/08/05 03:11:31.463, 21096, 100
2026/08/05 03:11:32.464, 21096, 100
2026/08/05 03:11:33.466, 21096, 100
2026/08/05 03:11:34.467, 21096, 100
2026/08/05 03:11:35.468, 21096, 83
2026/08/05 03:11:36.470, 21096, 83
2026/08/05 03:11:37.471, 21096, 63
2026/08/05 03:11:38.472, 21096, 85
2026/08/05 03:11:39.474, 21096, 100
2026/08/05 03:11:40.476, 21096, 100
2026/08/05 03:11:41.477, 21096, 100
2026/08/05 03:11:42.478, 21096, 100
2026/08/05 03:11:43.480, 21096, 100
2026/08/05 03:11:44.482, 21096, 100
2026/08/05 03:11:45.483, 21096, 100
2026/08/05 03:11:46.485, 21096, 100
2026/08/05 03:11:47.486, 21096, 100
2026/08/05 03:11:48.487, 21096, 100
2026/08/05 03:11:49.489, 21096, 100
2026/08/05 03:11:50.490, 21096, 100
2026/08/05 03:11:51.492, 21096, 100
2026/08/05 03:11:52.493, 21096, 100
2026/08/05 03:11:53.495, 21096, 100
2026/08/05 03:11:54.496, 21096, 100
2026/08/05 03:11:55.497, 21096, 100
2026/08/05 03:11:56.499, 21096, 87
2026/08/05 03:11:57.500, 21096, 100
2026/08/05 03:11:58.501, 21096, 100
2026/08/05 03:11:59.502, 21096, 100
2026/08/05 03:12:00.504, 21096, 100
2026/08/05 03:12:01.505, 21096, 100
2026/08/05 03:12:02.506, 21096, 100
2026/08/05 03:12:03.508, 21096, 100
2026/08/05 03:12:04.509, 21096, 100
2026/08/05 03:12:05.510, 21096, 100
2026/08/05 03:12:06.511, 21096, 100
2026/08/05 03:12:07.512, 21096, 98
2026/08/05 03:12:08.514, 21096, 100
2026/08/05 03:12:09.515, 21096, 100
2026/08/05 03:12:10.516, 21096, 85
2026/08/05 03:12:11.517, 21096, 100
2026/08/05 03:12:12.519, 21096, 100
2026/08/05 03:12:13.520, 21096, 100
2026/08/05 03:12:14.520, 21096, 100
2026/08/05 03:12:15.522, 21096, 100
2026/08/05 03:12:16.523, 21096, 100
2026/08/05 03:12:17.524, 21096, 68
2026/08/05 03:12:18.526, 21096, 100
2026/08/05 03:12:19.527, 21096, 100
2026/08/05 03:12:20.528, 21096, 100
2026/08/05 03:12:21.530, 21096, 100
2026/08/05 03:12:22.531, 21096, 100
2026/08/05 03:12:23.532, 21096, 100
2026/08/05 03:12:24.534, 21096, 100
2026/08/05 03:12:25.535, 21096, 100
2026/08/05 03:12:26.536, 21096, 100
2026/08/05 03:12:27.538, 21096, 100
2026/08/05 03:12:28.539, 21096, 83
2026/08/05 03:12:29.539, 21096, 93
2026/08/05 03:12:30.539, 21096, 100
2026/08/05 03:12:31.540, 21096, 63
2026/08/05 03:12:32.540, 21096, 100
2026/08/05 03:12:33.540, 21096, 100
2026/08/05 03:12:34.540, 21096, 100
2026/08/05 03:12:35.540, 21096, 100
2026/08/05 03:12:36.541, 21096, 100
2026/08/05 03:12:37.541, 21096, 76
2026/08/05 03:12:38.541, 21096, 100
2026/08/05 03:12:39.541, 21096, 100
2026/08/05 03:12:40.542, 21096, 100
2026/08/05 03:12:41.542, 21096, 100
2026/08/05 03:12:42.542, 21096, 100
2026/08/05 03:12:43.542, 21096, 100
2026/08/05 03:12:44.542, 21096, 100
2026/08/05 03:12:45.543, 21096, 100
2026/08/05 03:12:46.543, 21096, 100
2026/08/05 03:12:47.543, 21096, 100
2026/08/05 03:12:48.544, 21096, 100
2026/08/05 03:12:49.544, 21096, 100
2026/08/05 03:12:50.544, 21096, 100
2026/08/05 03:12:51.544, 21096, 100
2026/08/05 03:12:52.544, 21096, 100
2026/08/05 03:12:53.545, 21096, 100
2026/08/05 03:12:54.545, 21096, 100
2026/08/05 03:12:55.545, 21096, 100
2026/08/05 03:12:56.545, 21096, 100
2026/08/05 03:12:57.545, 21096, 100
2026/08/05 03:12:58.546, 21096, 100
2026/08/05 03:12:59.546, 21096, 100
2026/08/05 03:13:00.546, 21096, 100
2026/08/05 03:13:01.546, 21096, 100
2026/08/05 03:13:02.547, 21096, 100
2026/08/05 03:13:03.547, 21096, 100
2026/08/05 03:13:04.547, 21096, 100
2026/08/05 03:13:05.547, 21096, 100
2026/08/05 03:13:06.547, 21096, 100
2026/08/05 03:13:07.548, 21096, 100
2026/08/05 03:13:08.548, 21096, 84
2026/08/05 03:13:09.548, 21096, 91
2026/08/05 03:13:10.549, 21096, 100
2026/08/05 03:13:11.549, 21096, 100
2026/08/05 03:13:12.549, 21096, 100
2026/08/05 03:13:13.549, 21096, 100
2026/08/05 03:13:14.549, 21096, 100
2026/08/05 03:13:15.550, 21096, 100
2026/08/05 03:13:16.550, 21096, 100
2026/08/05 03:13:17.574, 21096, 100
2026/08/05 03:13:18.615, 21096, 100
2026/08/05 03:13:19.651, 21096, 98
2026/08/05 03:13:20.682, 21096, 100
2026/08/05 03:13:21.709, 21096, 100
2026/08/05 03:13:22.733, 21096, 72
2026/08/05 03:13:23.754, 21096, 100
2026/08/05 03:13:24.773, 21096, 100
2026/08/05 03:13:25.789, 21096, 100
2026/08/05 03:13:26.804, 21096, 100
2026/08/05 03:13:27.816, 21096, 100
2026/08/05 03:13:28.828, 21096, 100
2026/08/05 03:13:29.837, 21096, 100
2026/08/05 03:13:30.846, 21096, 100
2026/08/05 03:13:31.854, 21096, 100
2026/08/05 03:13:32.862, 21096, 100
2026/08/05 03:13:33.869, 21096, 66
2026/08/05 03:13:34.875, 21096, 100
2026/08/05 03:13:35.880, 21096, 74
2026/08/05 03:13:36.884, 21096, 8
2026/08/05 03:13:37.889, 21096, 100
2026/08/05 03:13:38.892, 21096, 100
2026/08/05 03:13:39.896, 21096, 100
2026/08/05 03:13:40.900, 21096, 100
2026/08/05 03:13:41.903, 21096, 100
2026/08/05 03:13:42.905, 21096, 100
2026/08/05 03:13:43.908, 21096, 100
2026/08/05 03:13:44.910, 21096, 100
2026/08/05 03:13:45.913, 21096, 100
2026/08/05 03:13:46.915, 21096, 100
2026/08/05 03:13:47.917, 21096, 100
2026/08/05 03:13:48.918, 21096, 100
2026/08/05 03:13:49.920, 21096, 88
2026/08/05 03:13:50.928, 21096, 100
2026/08/05 03:13:51.937, 21096, 100
2026/08/05 03:13:52.944, 21096, 100
2026/08/05 03:13:53.950, 21096, 100
2026/08/05 03:13:54.956, 21096, 100
2026/08/05 03:13:55.961, 21096, 100
2026/08/05 03:13:56.966, 21096, 100
2026/08/05 03:13:57.970, 21096, 100
2026/08/05 03:13:58.974, 21096, 100
2026/08/05 03:13:59.978, 21096, 100
2026/08/05 03:14:00.981, 21096, 100
2026/08/05 03:14:01.984, 21096, 100
2026/08/05 03:14:02.987, 21096, 100
2026/08/05 03:14:03.990, 21096, 100
2026/08/05 03:14:04.993, 21096, 93
2026/08/05 03:14:05.995, 21096, 83
2026/08/05 03:14:06.998, 21096, 100
2026/08/05 03:14:07.999, 21096, 84
2026/08/05 03:14:09.005, 21096, 100
2026/08/05 03:14:10.007, 21096, 100
2026/08/05 03:14:11.009, 21096, 100
2026/08/05 03:14:12.011, 21096, 100
2026/08/05 03:14:13.012, 21096, 100
2026/08/05 03:14:14.014, 21096, 100
2026/08/05 03:14:15.015, 21096, 83
2026/08/05 03:14:16.017, 21096, 90
2026/08/05 03:14:17.019, 21096, 100
2026/08/05 03:14:18.020, 21096, 100
2026/08/05 03:14:19.022, 21096, 100
2026/08/05 03:14:20.023, 21096, 100
2026/08/05 03:14:21.025, 21096, 100
2026/08/05 03:14:22.026, 21096, 86
2026/08/05 03:14:22.559, 21096, 100
2026/08/05 03:14:23.561, 21096, 100
2026/08/05 03:14:24.562, 21096, 100
2026/08/05 03:14:25.564, 21096, 100
2026/08/05 03:14:26.565, 21096, 100
2026/08/05 03:14:27.567, 21096, 100
2026/08/05 03:14:28.568, 21096, 100
2026/08/05 03:14:29.570, 21096, 100
2026/08/05 03:14:30.571, 21096, 100
2026/08/05 03:14:31.572, 21096, 100
2026/08/05 03:14:32.574, 21096, 100
2026/08/05 03:14:33.575, 21096, 100
2026/08/05 03:14:34.576, 21096, 87
2026/08/05 03:14:35.577, 21096, 100
2026/08/05 03:14:36.579, 21096, 100
2026/08/05 03:14:37.581, 21096, 100
2026/08/05 03:14:38.582, 21096, 100
2026/08/05 03:14:39.583, 21096, 100
2026/08/05 03:14:40.585, 21096, 63
2026/08/05 03:14:41.586, 21096, 100
2026/08/05 03:14:42.588, 21096, 55
2026/08/05 03:14:43.590, 21096, 85
2026/08/05 03:14:44.591, 21096, 100
2026/08/05 03:14:45.592, 21096, 100
2026/08/05 03:14:46.594, 21096, 100
2026/08/05 03:14:47.595, 21096, 100
2026/08/05 03:14:48.596, 21096, 66
2026/08/05 03:14:49.597, 21096, 100
2026/08/05 03:14:50.599, 21096, 100
2026/08/05 03:14:51.600, 21096, 100
2026/08/05 03:14:52.602, 21096, 100
2026/08/05 03:14:53.603, 21096, 100
2026/08/05 03:14:54.604, 21096, 100
2026/08/05 03:14:55.604, 21096, 75
2026/08/05 03:14:56.604, 21096, 100
2026/08/05 03:14:57.605, 21096, 90
2026/08/05 03:14:58.605, 21096, 100
2026/08/05 03:14:59.605, 21096, 100
2026/08/05 03:15:00.605, 21096, 97
2026/08/05 03:15:01.605, 21096, 100
2026/08/05 03:15:02.606, 21096, 100
2026/08/05 03:15:03.606, 21096, 100
2026/08/05 03:15:04.606, 21096, 100
2026/08/05 03:15:05.606, 21096, 100
2026/08/05 03:15:06.607, 21096, 100
2026/08/05 03:15:07.607, 21096, 100
2026/08/05 03:15:08.607, 21096, 100
2026/08/05 03:15:09.608, 21096, 100
2026/08/05 03:15:10.608, 21096, 100
2026/08/05 03:15:11.608, 21096, 87
2026/08/05 03:15:12.608, 21096, 100
2026/08/05 03:15:13.608, 21096, 100
2026/08/05 03:15:14.609, 21096, 100
2026/08/05 03:15:15.609, 21096, 100
2026/08/05 03:15:16.609, 21096, 100
2026/08/05 03:15:17.611, 21096, 100
2026/08/05 03:15:18.612, 21096, 100
2026/08/05 03:15:19.613, 21096, 100
2026/08/05 03:15:20.614, 21096, 100
2026/08/05 03:15:21.615, 21096, 84
2026/08/05 03:15:22.617, 21096, 100
2026/08/05 03:15:23.618, 21096, 100
2026/08/05 03:15:24.619, 21096, 85
2026/08/05 03:15:25.621, 21096, 100
2026/08/05 03:15:26.622, 21096, 100
2026/08/05 03:15:27.624, 21096, 100
2026/08/05 03:15:28.625, 21096, 100
2026/08/05 03:15:29.626, 21096, 100
2026/08/05 03:15:30.628, 21096, 85
2026/08/05 03:15:31.629, 21096, 100
2026/08/05 03:15:32.631, 21096, 100
2026/08/05 03:15:33.632, 21096, 100
2026/08/05 03:15:34.633, 21096, 100
2026/08/05 03:15:35.635, 21096, 85
2026/08/05 03:15:36.636, 21096, 100
2026/08/05 03:15:37.638, 21096, 100
2026/08/05 03:15:38.639, 21096, 100
2026/08/05 03:15:39.641, 21096, 100
2026/08/05 03:15:40.642, 21096, 100
2026/08/05 03:15:41.643, 21096, 100
2026/08/05 03:15:42.645, 21096, 100
2026/08/05 03:15:43.646, 21096, 90
2026/08/05 03:15:44.647, 21096, 100
2026/08/05 03:15:45.649, 21096, 100
2026/08/05 03:15:46.650, 21096, 100
2026/08/05 03:15:47.652, 21096, 100
2026/08/05 03:15:48.653, 21096, 100
2026/08/05 03:15:49.655, 21096, 100
2026/08/05 03:15:50.656, 21096, 100
2026/08/05 03:15:51.657, 21096, 100
2026/08/05 03:15:52.659, 21096, 100
2026/08/05 03:15:53.660, 21096, 100
2026/08/05 03:15:54.661, 21096, 100
2026/08/05 03:15:55.663, 21096, 100
2026/08/05 03:15:56.664, 21096, 100
2026/08/05 03:15:57.665, 21096, 100
2026/08/05 03:15:58.667, 21096, 100
2026/08/05 03:15:59.668, 21096, 100
2026/08/05 03:16:00.669, 21096, 100
2026/08/05 03:16:01.671, 21096, 93
2026/08/05 03:16:02.672, 21096, 93
2026/08/05 03:16:03.674, 21096, 100
2026/08/05 03:16:04.675, 21096, 86
2026/08/05 03:16:05.677, 21096, 100
2026/08/05 03:16:06.678, 21096, 100
2026/08/05 03:16:07.680, 21096, 100
2026/08/05 03:16:08.681, 21096, 100
2026/08/05 03:16:09.682, 21096, 100
2026/08/05 03:16:10.684, 21096, 100
2026/08/05 03:16:11.685, 21096, 100
2026/08/05 03:16:12.687, 21096, 100
2026/08/05 03:16:13.688, 21096, 100
2026/08/05 03:16:14.690, 21096, 100
2026/08/05 03:16:15.691, 21096, 100
2026/08/05 03:16:16.692, 21096, 67
2026/08/05 03:16:17.694, 21096, 100
2026/08/05 03:16:18.695, 21096, 100
2026/08/05 03:16:19.696, 21096, 100
2026/08/05 03:16:20.698, 21096, 100
2026/08/05 03:16:21.699, 21096, 100
2026/08/05 03:16:22.701, 21096, 100
2026/08/05 03:16:23.702, 21096, 100
2026/08/05 03:16:24.703, 21096, 100
2026/08/05 03:16:25.705, 21096, 100
2026/08/05 03:16:26.706, 21096, 100
2026/08/05 03:16:27.707, 21096, 100
2026/08/05 03:16:28.709, 21096, 100
2026/08/05 03:16:29.710, 21096, 85
2026/08/05 03:16:30.712, 21096, 100
2026/08/05 03:16:31.713, 21096, 100
2026/08/05 03:16:32.714, 21096, 100
2026/08/05 03:16:33.716, 21096, 100
2026/08/05 03:16:34.716, 21096, 100
2026/08/05 03:16:35.716, 21096, 100
2026/08/05 03:16:36.717, 21096, 100
2026/08/05 03:16:37.718, 21096, 83
2026/08/05 03:16:38.718, 21096, 62
2026/08/05 03:16:39.719, 21096, 82
2026/08/05 03:16:40.719, 21096, 100
2026/08/05 03:16:41.720, 21096, 100
2026/08/05 03:16:42.722, 21096, 100
2026/08/05 03:16:43.722, 21096, 100
2026/08/05 03:16:44.724, 21096, 100
2026/08/05 03:16:45.725, 21096, 100
2026/08/05 03:16:46.726, 21096, 100
2026/08/05 03:16:47.728, 21096, 100
2026/08/05 03:16:48.729, 21096, 100
2026/08/05 03:16:49.730, 21096, 100
2026/08/05 03:16:50.732, 21096, 100
2026/08/05 03:16:51.733, 21096, 100
2026/08/05 03:16:52.734, 21096, 100
2026/08/05 03:16:53.736, 21096, 100
2026/08/05 03:16:54.737, 21096, 100
2026/08/05 03:16:55.739, 21096, 100
2026/08/05 03:16:56.740, 21096, 100
2026/08/05 03:16:57.741, 21096, 100
2026/08/05 03:16:58.743, 21096, 100
2026/08/05 03:16:59.744, 21096, 84
2026/08/05 03:17:00.746, 21096, 100
2026/08/05 03:17:01.747, 21096, 100
2026/08/05 03:17:02.749, 21096, 100
2026/08/05 03:17:03.750, 21096, 82
2026/08/05 03:17:04.752, 21096, 100
2026/08/05 03:17:05.753, 21096, 100
2026/08/05 03:17:06.755, 21096, 100
2026/08/05 03:17:07.756, 21096, 100
2026/08/05 03:17:08.758, 21096, 100
2026/08/05 03:17:09.759, 21096, 100
2026/08/05 03:17:10.760, 21096, 78
2026/08/05 03:17:11.762, 21096, 100
2026/08/05 03:17:12.763, 21096, 65
2026/08/05 03:17:13.764, 21096, 98
2026/08/05 03:17:14.766, 21096, 100
2026/08/05 03:17:15.767, 21096, 100
2026/08/05 03:17:16.768, 21096, 100
2026/08/05 03:17:17.770, 21096, 100
2026/08/05 03:17:18.771, 21096, 100
2026/08/05 03:17:19.772, 21096, 83
2026/08/05 03:17:20.773, 21096, 84
2026/08/05 03:17:21.775, 21096, 100
2026/08/05 03:17:22.776, 21096, 100
2026/08/05 03:17:23.777, 21096, 100
2026/08/05 03:17:24.778, 21096, 100
2026/08/05 03:17:25.779, 21096, 100
2026/08/05 03:17:26.780, 21096, 100
2026/08/05 03:17:27.781, 21096, 100
2026/08/05 03:17:28.782, 21096, 100
2026/08/05 03:17:29.783, 21096, 100
2026/08/05 03:17:30.785, 21096, 100
2026/08/05 03:17:31.786, 21096, 100
2026/08/05 03:17:32.787, 21096, 100
2026/08/05 03:17:33.788, 21096, 100
2026/08/05 03:17:34.790, 21096, 85
2026/08/05 03:17:35.791, 21096, 100
2026/08/05 03:17:36.793, 21096, 100
2026/08/05 03:17:37.794, 21096, 86
2026/08/05 03:17:38.801, 21096, 100
2026/08/05 03:17:39.810, 21096, 100
2026/08/05 03:17:40.818, 21096, 84
2026/08/05 03:17:41.825, 21096, 100
2026/08/05 03:17:42.832, 21096, 100
2026/08/05 03:17:43.838, 21096, 100
2026/08/05 03:17:44.845, 21096, 86
2026/08/05 03:17:45.851, 21096, 100
2026/08/05 03:17:46.857, 21096, 100
2026/08/05 03:17:47.863, 21096, 86
2026/08/05 03:17:48.868, 21096, 100
2026/08/05 03:17:49.873, 21096, 100
2026/08/05 03:17:50.877, 21096, 100
2026/08/05 03:17:51.882, 21096, 100
2026/08/05 03:17:52.886, 21096, 100
2026/08/05 03:17:53.891, 21096, 100
2026/08/05 03:17:54.894, 21096, 100
2026/08/05 03:17:55.898, 21096, 65
2026/08/05 03:17:56.902, 21096, 100
2026/08/05 03:17:57.905, 21096, 100
2026/08/05 03:17:58.909, 21096, 100
2026/08/05 03:17:59.912, 21096, 84
2026/08/05 03:18:00.915, 21096, 100
2026/08/05 03:18:01.918, 21096, 100
2026/08/05 03:18:02.920, 21096, 100
2026/08/05 03:18:03.923, 21096, 100
2026/08/05 03:18:04.925, 21096, 100
2026/08/05 03:18:05.928, 21096, 100
2026/08/05 03:18:06.930, 21096, 84
2026/08/05 03:18:07.932, 21096, 100
2026/08/05 03:18:08.934, 21096, 100
2026/08/05 03:18:09.937, 21096, 100
2026/08/05 03:18:10.939, 21096, 100
2026/08/05 03:18:11.941, 21096, 100
2026/08/05 03:18:12.943, 21096, 100
2026/08/05 03:18:13.946, 21096, 99
2026/08/05 03:18:14.947, 21096, 100
2026/08/05 03:18:15.949, 21096, 100
2026/08/05 03:18:16.951, 21096, 100
2026/08/05 03:18:17.953, 21096, 84
2026/08/05 03:18:18.955, 21096, 100
2026/08/05 03:18:19.956, 21096, 100
2026/08/05 03:18:20.958, 21096, 100
2026/08/05 03:18:21.959, 21096, 100
2026/08/05 03:18:22.960, 21096, 100
2026/08/05 03:18:23.961, 21096, 100
2026/08/05 03:18:24.963, 21096, 85
2026/08/05 03:18:25.964, 21096, 100
2026/08/05 03:18:26.965, 21096, 100
2026/08/05 03:18:27.967, 21096, 100
2026/08/05 03:18:28.968, 21096, 100
2026/08/05 03:18:29.969, 21096, 100
2026/08/05 03:18:30.971, 21096, 100
2026/08/05 03:18:31.972, 21096, 92
2026/08/05 03:18:32.974, 21096, 84
2026/08/05 03:18:33.975, 21096, 100
2026/08/05 03:18:34.976, 21096, 100
2026/08/05 03:18:35.978, 21096, 100
2026/08/05 03:18:36.979, 21096, 83
2026/08/05 03:18:37.980, 21096, 100
2026/08/05 03:18:38.981, 21096, 100
2026/08/05 03:18:39.983, 21096, 100
2026/08/05 03:18:40.984, 21096, 84
2026/08/05 03:18:41.986, 21096, 100
2026/08/05 03:18:42.986, 21096, 100
2026/08/05 03:18:43.986, 21096, 100
2026/08/05 03:18:44.986, 21096, 100
2026/08/05 03:18:45.986, 21096, 100
2026/08/05 03:18:46.987, 21096, 100
2026/08/05 03:18:47.987, 21096, 100
2026/08/05 03:18:48.987, 21096, 100
2026/08/05 03:18:49.987, 21096, 84
2026/08/05 03:18:50.987, 21096, 100
2026/08/05 03:18:51.988, 21096, 100
2026/08/05 03:18:52.988, 21096, 100
2026/08/05 03:18:53.988, 21096, 91
2026/08/05 03:18:54.988, 21096, 100
2026/08/05 03:18:55.989, 21096, 100
2026/08/05 03:18:56.989, 21096, 100
2026/08/05 03:18:57.989, 21096, 100
2026/08/05 03:18:58.989, 21096, 100
2026/08/05 03:18:59.989, 21096, 100
2026/08/05 03:19:00.990, 21096, 83
2026/08/05 03:19:01.990, 21096, 83
2026/08/05 03:19:02.990, 21096, 85
2026/08/05 03:19:03.990, 21096, 100
2026/08/05 03:19:04.991, 21096, 61
2026/08/05 03:19:05.991, 21096, 100
2026/08/05 03:19:06.991, 21096, 100
2026/08/05 03:19:07.991, 21096, 60
2026/08/05 03:19:08.991, 21096, 84
2026/08/05 03:19:09.992, 21096, 61
2026/08/05 03:19:10.992, 21096, 100
2026/08/05 03:19:11.992, 21096, 100
2026/08/05 03:19:12.992, 21096, 100
2026/08/05 03:19:13.992, 21096, 82
2026/08/05 03:19:14.993, 21096, 100
2026/08/05 03:19:15.993, 21096, 100
2026/08/05 03:19:16.993, 21096, 100
2026/08/05 03:19:17.994, 21096, 100
2026/08/05 03:19:18.994, 21096, 100
2026/08/05 03:19:19.994, 21096, 100
2026/08/05 03:19:20.994, 21096, 63
2026/08/05 03:19:21.995, 21096, 100
2026/08/05 03:19:22.995, 21096, 100
2026/08/05 03:19:23.995, 21096, 100
2026/08/05 03:19:24.995, 21096, 100
2026/08/05 03:19:25.996, 21096, 100
2026/08/05 03:19:26.996, 21096, 64
2026/08/05 03:19:27.996, 21096, 100
2026/08/05 03:19:28.996, 21096, 100
2026/08/05 03:19:29.997, 21096, 100
2026/08/05 03:19:30.997, 21096, 100
2026/08/05 03:19:31.997, 21096, 100
2026/08/05 03:19:32.997, 21096, 100
2026/08/05 03:19:33.997, 21096, 100
2026/08/05 03:19:34.998, 21096, 62
2026/08/05 03:19:35.998, 21096, 100
2026/08/05 03:19:36.998, 21096, 100
2026/08/05 03:19:37.998, 21096, 100
2026/08/05 03:19:38.998, 21096, 100
2026/08/05 03:19:39.999, 21096, 100
2026/08/05 03:19:40.999, 21096, 100
2026/08/05 03:19:41.999, 21096, 100
2026/08/05 03:19:42.999, 21096, 100
2026/08/05 03:19:44.000, 21096, 100
2026/08/05 03:19:45.000, 21096, 100
2026/08/05 03:19:46.000, 21096, 100
2026/08/05 03:19:47.000, 21096, 100
2026/08/05 03:19:48.001, 21096, 100
2026/08/05 03:19:49.001, 21096, 100
2026/08/05 03:19:50.001, 21096, 100
2026/08/05 03:19:51.001, 21096, 100
2026/08/05 03:19:52.002, 21096, 100
2026/08/05 03:19:53.002, 21096, 100
2026/08/05 03:19:54.002, 21096, 78
2026/08/05 03:19:55.002, 21096, 100
2026/08/05 03:19:56.003, 21096, 100
2026/08/05 03:19:57.003, 21096, 63
2026/08/05 03:19:58.003, 21096, 100
2026/08/05 03:19:59.003, 21096, 100
2026/08/05 03:20:00.003, 21096, 100
2026/08/05 03:20:01.004, 21096, 100
2026/08/05 03:20:02.004, 21096, 100
2026/08/05 03:20:03.004, 21096, 99
2026/08/05 03:20:04.004, 21096, 100
2026/08/05 03:20:05.004, 21096, 100
2026/08/05 03:20:06.005, 21096, 100
2026/08/05 03:20:07.005, 21096, 100
2026/08/05 03:20:08.005, 21096, 100
2026/08/05 03:20:09.005, 21096, 100
2026/08/05 03:20:10.005, 21096, 100
2026/08/05 03:20:11.006, 21096, 100
2026/08/05 03:20:12.006, 21096, 100
2026/08/05 03:20:13.006, 21096, 93
2026/08/05 03:20:14.006, 21096, 100
2026/08/05 03:20:15.006, 21096, 100
2026/08/05 03:20:16.007, 21096, 100
2026/08/05 03:20:17.007, 21096, 100
2026/08/05 03:20:18.007, 21096, 100
2026/08/05 03:20:19.007, 21096, 100
2026/08/05 03:20:20.007, 21096, 100
2026/08/05 03:20:21.007, 21096, 100
2026/08/05 03:20:22.008, 21096, 100
2026/08/05 03:20:23.008, 21096, 100
2026/08/05 03:20:24.008, 21096, 100
2026/08/05 03:20:25.009, 21096, 100
2026/08/05 03:20:26.009, 21096, 100
2026/08/05 03:20:27.009, 21096, 100
2026/08/05 03:20:28.009, 21096, 100
2026/08/05 03:20:29.009, 21096, 100
2026/08/05 03:20:30.010, 21096, 100
2026/08/05 03:20:31.010, 21096, 100
2026/08/05 03:20:32.010, 21096, 100
2026/08/05 03:20:33.011, 21096, 63
2026/08/05 03:20:34.011, 21096, 100
2026/08/05 03:20:35.011, 21096, 100
2026/08/05 03:20:36.011, 21096, 100
2026/08/05 03:20:37.011, 21096, 100
2026/08/05 03:20:38.011, 21096, 100
2026/08/05 03:20:39.012, 21096, 100
2026/08/05 03:20:40.012, 21096, 80
2026/08/05 03:20:41.012, 21096, 85
2026/08/05 03:20:42.013, 21096, 100
2026/08/05 03:20:43.013, 21096, 100
2026/08/05 03:20:44.013, 21096, 100
2026/08/05 03:20:45.013, 21096, 100
2026/08/05 03:20:46.014, 21096, 100
2026/08/05 03:20:47.014, 21096, 83
2026/08/05 03:20:48.014, 21096, 84
2026/08/05 03:20:49.014, 21096, 81
2026/08/05 03:20:50.014, 21096, 100
2026/08/05 03:20:51.015, 21096, 100
2026/08/05 03:20:52.015, 21096, 100
2026/08/05 03:20:53.015, 21096, 100
2026/08/05 03:20:54.015, 21096, 63
2026/08/05 03:20:55.015, 21096, 100
2026/08/05 03:20:56.016, 21096, 84
2026/08/05 03:20:57.016, 21096, 84
2026/08/05 03:20:58.016, 21096, 100
2026/08/05 03:20:59.016, 21096, 100
2026/08/05 03:21:00.017, 21096, 100
2026/08/05 03:21:01.017, 21096, 100
2026/08/05 03:21:02.017, 21096, 100
2026/08/05 03:21:03.017, 21096, 84
2026/08/05 03:21:04.017, 21096, 99
2026/08/05 03:21:05.018, 21096, 84
2026/08/05 03:21:06.018, 21096, 100
2026/08/05 03:21:07.018, 21096, 100
2026/08/05 03:21:08.019, 21096, 100
2026/08/05 03:21:09.019, 21096, 100
2026/08/05 03:21:10.019, 21096, 100
2026/08/05 03:21:11.019, 21096, 100
2026/08/05 03:21:12.020, 21096, 100
2026/08/05 03:21:13.020, 21096, 100
2026/08/05 03:21:14.020, 21096, 100
2026/08/05 03:21:15.020, 21096, 68
2026/08/05 03:21:16.021, 21096, 100
2026/08/05 03:21:17.021, 21096, 95
2026/08/05 03:21:18.021, 21096, 100
2026/08/05 03:21:19.021, 21096, 89
2026/08/05 03:21:20.022, 21096, 100
2026/08/05 03:21:21.022, 21096, 100
2026/08/05 03:21:22.022, 21096, 99
2026/08/05 03:21:23.022, 21096, 100
2026/08/05 03:21:24.022, 21096, 100
2026/08/05 03:21:25.023, 21096, 100
2026/08/05 03:21:26.023, 21096, 100
2026/08/05 03:21:27.023, 21096, 100
2026/08/05 03:21:28.023, 21096, 100
2026/08/05 03:21:29.024, 21096, 100
2026/08/05 03:21:30.024, 21096, 100
2026/08/05 03:21:31.024, 21096, 100
2026/08/05 03:21:32.024, 21096, 100
2026/08/05 03:21:33.025, 21096, 100
2026/08/05 03:21:34.025, 21096, 100
2026/08/05 03:21:35.025, 21096, 98
2026/08/05 03:21:36.025, 21096, 100
2026/08/05 03:21:37.026, 21096, 100
2026/08/05 03:21:38.026, 21096, 100
2026/08/05 03:21:39.026, 21096, 85
2026/08/05 03:21:40.026, 21096, 100
2026/08/05 03:21:41.026, 21096, 100
2026/08/05 03:21:42.027, 21096, 100
2026/08/05 03:21:43.027, 21096, 100
2026/08/05 03:21:44.027, 21096, 100
2026/08/05 03:21:45.028, 21096, 100
2026/08/05 03:21:46.028, 21096, 100
2026/08/05 03:21:47.028, 21096, 100
2026/08/05 03:21:48.028, 21096, 100
2026/08/05 03:21:49.029, 21096, 100
2026/08/05 03:21:50.029, 21096, 100
2026/08/05 03:21:51.029, 21096, 100
2026/08/05 03:21:52.029, 21096, 100
2026/08/05 03:21:53.030, 21096, 100
2026/08/05 03:21:54.030, 21096, 100
2026/08/05 03:21:55.030, 21096, 100
2026/08/05 03:21:56.032, 21096, 92
2026/08/05 03:21:57.035, 21096, 86
2026/08/05 03:21:58.038, 21096, 100
2026/08/05 03:21:59.040, 21096, 100
2026/08/05 03:22:00.042, 21096, 100
2026/08/05 03:22:01.044, 21096, 100
2026/08/05 03:22:02.047, 21096, 100
2026/08/05 03:22:03.048, 21096, 100
2026/08/05 03:22:04.050, 21096, 100
2026/08/05 03:22:05.053, 21096, 100
2026/08/05 03:22:06.055, 21096, 100
2026/08/05 03:22:07.056, 21096, 100
2026/08/05 03:22:08.058, 21096, 100
2026/08/05 03:22:09.059, 21096, 100
2026/08/05 03:22:10.061, 21096, 100
2026/08/05 03:22:11.062, 21096, 100
2026/08/05 03:22:12.063, 21096, 97
2026/08/05 03:22:13.065, 21096, 100
2026/08/05 03:22:14.066, 21096, 100
2026/08/05 03:22:15.068, 21096, 100
2026/08/05 03:22:16.069, 21096, 100
2026/08/05 03:22:17.070, 21096, 68
2026/08/05 03:22:18.071, 21096, 100
2026/08/05 03:22:19.073, 21096, 66
2026/08/05 03:22:20.074, 21096, 100
2026/08/05 03:22:21.076, 21096, 100
2026/08/05 03:22:22.077, 21096, 100
2026/08/05 03:22:23.079, 21096, 100
2026/08/05 03:22:24.080, 21096, 100
2026/08/05 03:22:25.082, 21096, 100
2026/08/05 03:22:26.083, 21096, 100
2026/08/05 03:22:27.084, 21096, 100
2026/08/05 03:22:28.086, 21096, 100
2026/08/05 03:22:29.087, 21096, 100
2026/08/05 03:22:30.088, 21096, 100
2026/08/05 03:22:31.089, 21096, 100
2026/08/05 03:22:32.091, 21096, 100
2026/08/05 03:22:33.092, 21096, 100
2026/08/05 03:22:34.093, 21096, 85
2026/08/05 03:22:35.095, 21096, 100
2026/08/05 03:22:36.096, 21096, 100
2026/08/05 03:22:37.097, 21096, 100
2026/08/05 03:22:38.099, 21096, 100
2026/08/05 03:22:39.100, 21096, 100
2026/08/05 03:22:40.101, 21096, 99
2026/08/05 03:22:41.103, 21096, 100
2026/08/05 03:22:42.104, 21096, 100
2026/08/05 03:22:43.105, 21096, 100
2026/08/05 03:22:44.107, 21096, 100
2026/08/05 03:22:45.108, 21096, 100
2026/08/05 03:22:46.109, 21096, 100
2026/08/05 03:22:47.111, 21096, 83
2026/08/05 03:22:48.112, 21096, 83
2026/08/05 03:22:49.113, 21096, 100
2026/08/05 03:22:50.115, 21096, 100
2026/08/05 03:22:51.116, 21096, 100
2026/08/05 03:22:52.116, 21096, 100
2026/08/05 03:22:53.118, 21096, 100
2026/08/05 03:22:54.118, 21096, 100
2026/08/05 03:22:55.119, 21096, 100
2026/08/05 03:22:56.120, 21096, 100
2026/08/05 03:22:57.120, 21096, 100
2026/08/05 03:22:58.120, 21096, 100
2026/08/05 03:22:59.120, 21096, 100
2026/08/05 03:23:00.121, 21096, 100
2026/08/05 03:23:01.121, 21096, 100
2026/08/05 03:23:02.121, 21096, 84
2026/08/05 03:23:03.121, 21096, 100
2026/08/05 03:23:04.122, 21096, 100
2026/08/05 03:23:05.122, 21096, 100
2026/08/05 03:23:06.122, 21096, 100
2026/08/05 03:23:07.123, 21096, 94
2026/08/05 03:23:08.123, 21096, 100
2026/08/05 03:23:09.123, 21096, 100
2026/08/05 03:23:10.123, 21096, 62
2026/08/05 03:23:11.123, 21096, 100
2026/08/05 03:23:12.124, 21096, 100
2026/08/05 03:23:13.124, 21096, 100
2026/08/05 03:23:14.124, 21096, 100
2026/08/05 03:23:15.124, 21096, 100
2026/08/05 03:23:16.125, 21096, 100
2026/08/05 03:23:17.125, 21096, 100
2026/08/05 03:23:18.125, 21096, 100
2026/08/05 03:23:19.125, 21096, 100
2026/08/05 03:23:20.126, 21096, 100
2026/08/05 03:23:21.126, 21096, 100
2026/08/05 03:23:22.126, 21096, 100
2026/08/05 03:23:23.126, 21096, 100
2026/08/05 03:23:24.127, 21096, 100
2026/08/05 03:23:25.127, 21096, 100
2026/08/05 03:23:26.127, 21096, 100
2026/08/05 03:23:27.128, 21096, 100
2026/08/05 03:23:28.128, 21096, 100
2026/08/05 03:23:29.128, 21096, 100
2026/08/05 03:23:30.130, 21096, 100
2026/08/05 03:23:31.130, 21096, 100
2026/08/05 03:23:32.130, 21096, 100
2026/08/05 03:23:33.130, 21096, 100
2026/08/05 03:23:34.131, 21096, 100
2026/08/05 03:23:35.131, 21096, 100
2026/08/05 03:23:36.131, 21096, 100
2026/08/05 03:23:37.132, 21096, 100
2026/08/05 03:23:38.132, 21096, 100
2026/08/05 03:23:39.132, 21096, 100
2026/08/05 03:23:40.133, 21096, 100
2026/08/05 03:23:41.133, 21096, 100
2026/08/05 03:23:42.133, 21096, 100
2026/08/05 03:23:43.133, 21096, 100
2026/08/05 03:23:44.133, 21096, 100
2026/08/05 03:23:45.134, 21096, 100
2026/08/05 03:23:46.134, 21096, 100
2026/08/05 03:23:47.134, 21096, 84
2026/08/05 03:23:48.134, 21096, 100
2026/08/05 03:23:49.134, 21096, 86
2026/08/05 03:23:50.135, 21096, 100
2026/08/05 03:23:51.135, 21096, 100
2026/08/05 03:23:52.135, 21096, 100
2026/08/05 03:23:53.135, 21096, 83
2026/08/05 03:23:54.136, 21096, 100
2026/08/05 03:23:55.136, 21096, 100
2026/08/05 03:23:56.136, 21096, 100
2026/08/05 03:23:57.136, 21096, 100
2026/08/05 03:23:58.136, 21096, 93
2026/08/05 03:23:59.136, 21096, 100
2026/08/05 03:24:00.140, 21096, 100
2026/08/05 03:24:01.140, 21096, 100
2026/08/05 03:24:02.140, 21096, 100
2026/08/05 03:24:03.141, 21096, 100
2026/08/05 03:24:04.141, 21096, 100
2026/08/05 03:24:05.145, 21096, 100
2026/08/05 03:24:06.148, 21096, 100
2026/08/05 03:24:07.152, 21096, 100
2026/08/05 03:24:08.155, 21096, 63
2026/08/05 03:24:09.158, 21096, 92
2026/08/05 03:24:10.162, 21096, 100
2026/08/05 03:24:11.165, 21096, 100
2026/08/05 03:24:12.168, 21096, 100
2026/08/05 03:24:13.171, 21096, 100
2026/08/05 03:24:14.174, 21096, 100
2026/08/05 03:24:15.177, 21096, 100
2026/08/05 03:24:16.180, 21096, 100
2026/08/05 03:24:17.183, 21096, 100
2026/08/05 03:24:18.185, 21096, 100
2026/08/05 03:24:19.188, 21096, 100
2026/08/05 03:24:20.190, 21096, 100
2026/08/05 03:24:21.192, 21096, 100
2026/08/05 03:24:22.194, 21096, 100
2026/08/05 03:24:23.196, 21096, 100
2026/08/05 03:24:24.199, 21096, 100
2026/08/05 03:24:25.202, 21096, 100
2026/08/05 03:24:26.204, 21096, 100
2026/08/05 03:24:27.207, 21096, 84
2026/08/05 03:24:28.209, 21096, 100
2026/08/05 03:24:29.211, 21096, 100
2026/08/05 03:24:30.212, 21096, 91
2026/08/05 03:24:31.214, 21096, 100
2026/08/05 03:24:32.216, 21096, 84
2026/08/05 03:24:33.218, 21096, 84
2026/08/05 03:24:34.220, 21096, 100
2026/08/05 03:24:35.222, 21096, 100
2026/08/05 03:24:36.224, 21096, 100
2026/08/05 03:24:37.226, 21096, 100
2026/08/05 03:24:38.229, 21096, 100
2026/08/05 03:24:39.230, 21096, 100
2026/08/05 03:24:40.232, 21096, 86
2026/08/05 03:24:41.233, 21096, 100
2026/08/05 03:24:42.235, 21096, 64
2026/08/05 03:24:43.236, 21096, 100
2026/08/05 03:24:44.238, 21096, 100
2026/08/05 03:24:45.239, 21096, 85
2026/08/05 03:24:46.240, 21096, 100
2026/08/05 03:24:47.242, 21096, 100
2026/08/05 03:24:48.243, 21096, 100
2026/08/05 03:24:49.245, 21096, 83
2026/08/05 03:24:50.246, 21096, 100
2026/08/05 03:24:51.248, 21096, 100
2026/08/05 03:24:52.250, 21096, 100
2026/08/05 03:24:53.251, 21096, 82
2026/08/05 03:24:54.253, 21096, 100
2026/08/05 03:24:55.254, 21096, 100
2026/08/05 03:24:56.255, 21096, 100
2026/08/05 03:24:57.257, 21096, 100
2026/08/05 03:24:58.258, 21096, 100
2026/08/05 03:24:59.260, 21096, 100
2026/08/05 03:25:00.261, 21096, 82
2026/08/05 03:25:01.262, 21096, 100
2026/08/05 03:25:02.264, 21096, 100
2026/08/05 03:25:03.265, 21096, 100
2026/08/05 03:25:04.267, 21096, 100
2026/08/05 03:25:05.268, 21096, 100
2026/08/05 03:25:06.270, 21096, 100
2026/08/05 03:25:07.271, 21096, 100
2026/08/05 03:25:08.272, 21096, 100
2026/08/05 03:25:09.274, 21096, 90
2026/08/05 03:25:10.275, 21096, 100
2026/08/05 03:25:11.276, 21096, 84
2026/08/05 03:25:12.278, 21096, 96
2026/08/05 03:25:13.279, 21096, 100
2026/08/05 03:25:14.280, 21096, 100
2026/08/05 03:25:15.281, 21096, 100
2026/08/05 03:25:16.283, 21096, 65
2026/08/05 03:25:17.284, 21096, 99
2026/08/05 03:25:18.286, 21096, 100
2026/08/05 03:25:19.287, 21096, 100
2026/08/05 03:25:20.288, 21096, 100
2026/08/05 03:25:21.289, 21096, 84
2026/08/05 03:25:22.290, 21096, 100
2026/08/05 03:25:23.292, 21096, 100
2026/08/05 03:25:24.293, 21096, 100
2026/08/05 03:25:25.295, 21096, 100
2026/08/05 03:25:26.296, 21096, 100
2026/08/05 03:25:27.298, 21096, 100
2026/08/05 03:25:28.299, 21096, 100
2026/08/05 03:25:29.300, 21096, 100
2026/08/05 03:25:30.302, 21096, 100
2026/08/05 03:25:31.303, 21096, 100
2026/08/05 03:25:32.304, 21096, 100
2026/08/05 03:25:33.306, 21096, 100
2026/08/05 03:25:34.307, 21096, 100
2026/08/05 03:25:35.308, 21096, 100
2026/08/05 03:25:36.310, 21096, 100
2026/08/05 03:25:37.311, 21096, 100
2026/08/05 03:25:38.312, 21096, 100
2026/08/05 03:25:39.314, 21096, 100
2026/08/05 03:25:40.315, 21096, 100
2026/08/05 03:25:41.317, 21096, 100
2026/08/05 03:25:42.318, 21096, 85
2026/08/05 03:25:43.319, 21096, 100
2026/08/05 03:25:44.321, 21096, 84
2026/08/05 03:25:45.322, 21096, 80
2026/08/05 03:25:46.323, 21096, 85
2026/08/05 03:25:47.325, 21096, 100
2026/08/05 03:25:48.326, 21096, 100
2026/08/05 03:25:49.327, 21096, 100
2026/08/05 03:25:50.328, 21096, 84
2026/08/05 03:25:51.329, 21096, 100
2026/08/05 03:25:52.330, 21096, 87
2026/08/05 03:25:53.332, 21096, 100
2026/08/05 03:25:54.332, 21096, 100
2026/08/05 03:25:55.333, 21096, 88
2026/08/05 03:25:56.334, 21096, 100
2026/08/05 03:25:57.335, 21096, 73
2026/08/05 03:25:58.337, 21096, 85
2026/08/05 03:25:59.338, 21096, 66
2026/08/05 03:26:00.340, 21096, 100
2026/08/05 03:26:01.341, 21096, 100
2026/08/05 03:26:02.343, 21096, 100
2026/08/05 03:26:03.344, 21096, 100
2026/08/05 03:26:04.345, 21096, 100
2026/08/05 03:26:05.347, 21096, 100
2026/08/05 03:26:06.347, 21096, 100
2026/08/05 03:26:07.349, 21096, 100
2026/08/05 03:26:08.349, 21096, 100
2026/08/05 03:26:09.350, 21096, 100
2026/08/05 03:26:10.352, 21096, 100
2026/08/05 03:26:11.353, 21096, 100
2026/08/05 03:26:12.354, 21096, 100
2026/08/05 03:26:13.354, 21096, 100
2026/08/05 03:26:14.355, 21096, 100
2026/08/05 03:26:15.355, 21096, 100
2026/08/05 03:26:16.355, 21096, 100
2026/08/05 03:26:17.355, 21096, 100
2026/08/05 03:26:18.356, 21096, 100
2026/08/05 03:26:19.356, 21096, 100
2026/08/05 03:26:20.356, 21096, 100
2026/08/05 03:26:21.356, 21096, 100
2026/08/05 03:26:22.356, 21096, 100
2026/08/05 03:26:23.357, 21096, 100
2026/08/05 03:26:24.357, 21096, 100
2026/08/05 03:26:25.357, 21096, 100
2026/08/05 03:26:26.357, 21096, 100
2026/08/05 03:26:27.358, 21096, 100
2026/08/05 03:26:28.358, 21096, 100
2026/08/05 03:26:29.358, 21096, 100
2026/08/05 03:26:30.358, 21096, 100
2026/08/05 03:26:31.359, 21096, 100
2026/08/05 03:26:32.359, 21096, 100
2026/08/05 03:26:33.359, 21096, 100
2026/08/05 03:26:34.360, 21096, 83
2026/08/05 03:26:35.360, 21096, 100
2026/08/05 03:26:36.360, 21096, 100
2026/08/05 03:26:37.360, 21096, 84
2026/08/05 03:26:38.360, 21096, 100
2026/08/05 03:26:39.361, 21096, 100
2026/08/05 03:26:40.361, 21096, 100
2026/08/05 03:26:41.361, 21096, 100
2026/08/05 03:26:42.361, 21096, 84
2026/08/05 03:26:43.362, 21096, 100
2026/08/05 03:26:44.362, 21096, 100
2026/08/05 03:26:45.362, 21096, 100
2026/08/05 03:26:46.362, 21096, 100
2026/08/05 03:26:47.363, 21096, 100
2026/08/05 03:26:48.363, 21096, 100
2026/08/05 03:26:49.363, 21096, 100
2026/08/05 03:26:50.364, 21096, 100
2026/08/05 03:26:51.364, 21096, 100
2026/08/05 03:26:52.364, 21096, 100
2026/08/05 03:26:53.364, 21096, 100
2026/08/05 03:26:54.365, 21096, 100
2026/08/05 03:26:55.365, 21096, 84
2026/08/05 03:26:56.365, 21096, 100
2026/08/05 03:26:57.366, 21096, 100
2026/08/05 03:26:58.366, 21096, 100
2026/08/05 03:26:59.366, 21096, 100
2026/08/05 03:27:00.366, 21096, 63
2026/08/05 03:27:01.367, 21096, 84
2026/08/05 03:27:02.367, 21096, 100
2026/08/05 03:27:03.367, 21096, 100
2026/08/05 03:27:04.368, 21096, 68
2026/08/05 03:27:05.368, 21096, 100
2026/08/05 03:27:06.368, 21096, 100
2026/08/05 03:27:07.368, 21096, 67
2026/08/05 03:27:08.369, 21096, 100
2026/08/05 03:27:09.369, 21096, 100
2026/08/05 03:27:10.369, 21096, 86
2026/08/05 03:27:11.369, 21096, 81
2026/08/05 03:27:12.370, 21096, 85
2026/08/05 03:27:13.370, 21096, 100
2026/08/05 03:27:14.370, 21096, 100
2026/08/05 03:27:15.370, 21096, 100
2026/08/05 03:27:16.370, 21096, 100
2026/08/05 03:27:17.371, 21096, 100
2026/08/05 03:27:18.371, 21096, 85
2026/08/05 03:27:19.371, 21096, 100
2026/08/05 03:27:20.371, 21096, 100
2026/08/05 03:27:21.372, 21096, 87
2026/08/05 03:27:22.372, 21096, 100
2026/08/05 03:27:23.372, 21096, 100
2026/08/05 03:27:24.372, 21096, 100
2026/08/05 03:27:25.372, 21096, 83
2026/08/05 03:27:26.373, 21096, 100
2026/08/05 03:27:27.373, 21096, 100
2026/08/05 03:27:28.373, 21096, 100
2026/08/05 03:27:29.373, 21096, 100
2026/08/05 03:27:30.373, 21096, 100
2026/08/05 03:27:31.374, 21096, 100
2026/08/05 03:27:32.374, 21096, 99
2026/08/05 03:27:33.374, 21096, 100
2026/08/05 03:27:34.374, 21096, 100
2026/08/05 03:27:35.374, 21096, 100
2026/08/05 03:27:36.375, 21096, 100
2026/08/05 03:27:37.375, 21096, 100
2026/08/05 03:27:38.375, 21096, 100
2026/08/05 03:27:39.375, 21096, 100
2026/08/05 03:27:40.375, 21096, 100
2026/08/05 03:27:41.376, 21096, 100
2026/08/05 03:27:42.376, 21096, 100
2026/08/05 03:27:43.376, 21096, 85
2026/08/05 03:27:44.376, 21096, 62
2026/08/05 03:27:45.376, 21096, 100
2026/08/05 03:27:46.377, 21096, 100
2026/08/05 03:27:47.377, 21096, 100
2026/08/05 03:27:48.377, 21096, 100
2026/08/05 03:27:49.377, 21096, 100
2026/08/05 03:27:50.378, 21096, 83
2026/08/05 03:27:51.378, 21096, 84
2026/08/05 03:27:52.378, 21096, 100
2026/08/05 03:27:53.379, 21096, 89
2026/08/05 03:27:54.379, 21096, 66
2026/08/05 03:27:55.379, 21096, 100
2026/08/05 03:27:56.379, 21096, 100
2026/08/05 03:27:57.380, 21096, 100
2026/08/05 03:27:58.380, 21096, 100
2026/08/05 03:27:59.380, 21096, 100
2026/08/05 03:28:00.381, 21096, 84
2026/08/05 03:28:01.381, 21096, 100
2026/08/05 03:28:02.381, 21096, 100
2026/08/05 03:28:03.381, 21096, 100
2026/08/05 03:28:04.381, 21096, 100
2026/08/05 03:28:05.382, 21096, 100
2026/08/05 03:28:06.382, 21096, 100
2026/08/05 03:28:07.382, 21096, 71
2026/08/05 03:28:08.382, 21096, 100
2026/08/05 03:28:09.382, 21096, 100
2026/08/05 03:28:10.383, 21096, 100
2026/08/05 03:28:11.383, 21096, 100
2026/08/05 03:28:12.383, 21096, 100
2026/08/05 03:28:13.383, 21096, 100
2026/08/05 03:28:14.383, 21096, 97
2026/08/05 03:28:15.384, 21096, 100
2026/08/05 03:28:16.384, 21096, 100
2026/08/05 03:28:17.384, 21096, 100
2026/08/05 03:28:18.384, 21096, 100
2026/08/05 03:28:19.385, 21096, 100
2026/08/05 03:28:20.385, 21096, 100
2026/08/05 03:28:21.385, 21096, 100
2026/08/05 03:28:22.385, 21096, 100
2026/08/05 03:28:23.387, 21096, 96
2026/08/05 03:28:24.388, 21096, 100
2026/08/05 03:28:25.389, 21096, 100
2026/08/05 03:28:26.391, 21096, 100
2026/08/05 03:28:27.392, 21096, 100
2026/08/05 03:28:28.392, 21096, 100
2026/08/05 03:28:29.394, 21096, 100
2026/08/05 03:28:30.395, 21096, 100
2026/08/05 03:28:31.396, 21096, 100
2026/08/05 03:28:32.397, 21096, 100
2026/08/05 03:28:33.399, 21096, 85
2026/08/05 03:28:34.400, 21096, 100
2026/08/05 03:28:35.401, 21096, 100
2026/08/05 03:28:36.403, 21096, 100
2026/08/05 03:28:37.404, 21096, 100
2026/08/05 03:28:38.404, 21096, 100
2026/08/05 03:28:39.405, 21096, 100
2026/08/05 03:28:40.406, 21096, 63
2026/08/05 03:28:41.406, 21096, 100
2026/08/05 03:28:42.408, 21096, 100
2026/08/05 03:28:43.408, 21096, 100
2026/08/05 03:28:44.408, 21096, 100
2026/08/05 03:28:45.409, 21096, 100
2026/08/05 03:28:46.410, 21096, 100
2026/08/05 03:28:47.410, 21096, 100
2026/08/05 03:28:48.410, 21096, 100
2026/08/05 03:28:49.411, 21096, 100
2026/08/05 03:28:50.412, 21096, 100
2026/08/05 03:28:51.412, 21096, 100
2026/08/05 03:28:52.412, 21096, 100
2026/08/05 03:28:53.412, 21096, 100
2026/08/05 03:28:54.413, 21096, 100
2026/08/05 03:28:55.413, 21096, 100
2026/08/05 03:28:56.414, 21096, 100
2026/08/05 03:28:57.414, 21096, 65
2026/08/05 03:28:58.415, 21096, 100
2026/08/05 03:28:59.415, 21096, 85
2026/08/05 03:29:00.415, 21096, 61
2026/08/05 03:29:01.415, 21096, 100
2026/08/05 03:29:02.416, 21096, 100
2026/08/05 03:29:03.416, 21096, 100
2026/08/05 03:29:04.416, 21096, 62
2026/08/05 03:29:05.416, 21096, 84
2026/08/05 03:29:06.417, 21096, 100
2026/08/05 03:29:07.417, 21096, 100
2026/08/05 03:29:08.417, 21096, 64
2026/08/05 03:29:09.418, 21096, 99
2026/08/05 03:29:10.418, 21096, 100
2026/08/05 03:29:11.419, 21096, 100
2026/08/05 03:29:12.419, 21096, 95
2026/08/05 03:29:13.419, 21096, 100
2026/08/05 03:29:14.419, 21096, 100
2026/08/05 03:29:15.420, 21096, 100
2026/08/05 03:29:16.420, 21096, 100
2026/08/05 03:29:17.420, 21096, 100
2026/08/05 03:29:18.421, 21096, 84
2026/08/05 03:29:19.421, 21096, 84
2026/08/05 03:29:20.421, 21096, 83
2026/08/05 03:29:21.422, 21096, 100
2026/08/05 03:29:22.422, 21096, 67
2026/08/05 03:29:23.422, 21096, 100
2026/08/05 03:29:24.422, 21096, 100
2026/08/05 03:29:25.423, 21096, 100
2026/08/05 03:29:26.423, 21096, 100
2026/08/05 03:29:27.423, 21096, 84
2026/08/05 03:29:28.424, 21096, 86
2026/08/05 03:29:29.424, 21096, 84
2026/08/05 03:29:30.424, 21096, 100
2026/08/05 03:29:31.425, 21096, 100
2026/08/05 03:29:32.425, 21096, 100
2026/08/05 03:29:33.425, 21096, 91
2026/08/05 03:29:34.425, 21096, 96
2026/08/05 03:29:35.426, 21096, 100
2026/08/05 03:29:36.426, 21096, 100
2026/08/05 03:29:37.426, 21096, 100
2026/08/05 03:29:38.426, 21096, 100
2026/08/05 03:29:39.427, 21096, 100
2026/08/05 03:29:40.427, 21096, 100
2026/08/05 03:29:41.427, 21096, 100
2026/08/05 03:29:42.428, 21096, 100
2026/08/05 03:29:43.428, 21096, 100
2026/08/05 03:29:44.428, 21096, 66
2026/08/05 03:29:45.428, 21096, 100
2026/08/05 03:29:46.429, 21096, 100
2026/08/05 03:29:47.429, 21096, 100
2026/08/05 03:29:48.429, 21096, 100
2026/08/05 03:29:49.430, 21096, 63
2026/08/05 03:29:50.430, 21096, 100
2026/08/05 03:29:51.431, 21096, 63
2026/08/05 03:29:52.431, 21096, 100
2026/08/05 03:29:53.432, 21096, 100
2026/08/05 03:29:54.432, 21096, 100
2026/08/05 03:29:55.432, 21096, 100
2026/08/05 03:29:56.432, 21096, 84
2026/08/05 03:29:57.433, 21096, 100
2026/08/05 03:29:58.433, 21096, 100
2026/08/05 03:29:59.433, 21096, 84
2026/08/05 03:30:00.434, 21096, 100
2026/08/05 03:30:01.435, 21096, 100
2026/08/05 03:30:02.435, 21096, 100
2026/08/05 03:30:03.436, 21096, 100
2026/08/05 03:30:04.436, 21096, 100
2026/08/05 03:30:05.436, 21096, 100
2026/08/05 03:30:06.436, 21096, 100
2026/08/05 03:30:07.437, 21096, 100
2026/08/05 03:30:08.437, 21096, 100
2026/08/05 03:30:09.437, 21096, 100
2026/08/05 03:30:10.437, 21096, 100
2026/08/05 03:30:11.438, 21096, 100
2026/08/05 03:30:12.438, 21096, 84
2026/08/05 03:30:13.438, 21096, 100
2026/08/05 03:30:14.439, 21096, 100
2026/08/05 03:30:15.439, 21096, 100
2026/08/05 03:30:16.439, 21096, 84
2026/08/05 03:30:17.439, 21096, 100
2026/08/05 03:30:18.439, 21096, 62
2026/08/05 03:30:19.440, 21096, 100
2026/08/05 03:30:20.440, 21096, 100
2026/08/05 03:30:21.440, 21096, 100
2026/08/05 03:30:22.441, 21096, 100
2026/08/05 03:30:23.441, 21096, 100
2026/08/05 03:30:24.441, 21096, 100
2026/08/05 03:30:25.442, 21096, 86
2026/08/05 03:30:26.442, 21096, 100
2026/08/05 03:30:27.442, 21096, 100
2026/08/05 03:30:28.442, 21096, 100
2026/08/05 03:30:29.442, 21096, 100
2026/08/05 03:30:30.443, 21096, 100
2026/08/05 03:30:31.443, 21096, 100
2026/08/05 03:30:32.443, 21096, 100
2026/08/05 03:30:33.443, 21096, 100
2026/08/05 03:30:34.444, 21096, 100
2026/08/05 03:30:35.444, 21096, 100
2026/08/05 03:30:36.444, 21096, 100
2026/08/05 03:30:37.444, 21096, 100
2026/08/05 03:30:38.444, 21096, 100
2026/08/05 03:30:39.445, 21096, 100
2026/08/05 03:30:40.445, 21096, 100
2026/08/05 03:30:41.445, 21096, 100
2026/08/05 03:30:42.445, 21096, 100
2026/08/05 03:30:43.446, 21096, 100
2026/08/05 03:30:44.446, 21096, 100
2026/08/05 03:30:45.446, 21096, 100
2026/08/05 03:30:46.446, 21096, 100
2026/08/05 03:30:47.446, 21096, 100
2026/08/05 03:30:48.447, 21096, 98
2026/08/05 03:30:49.447, 21096, 100
2026/08/05 03:30:50.447, 21096, 100
2026/08/05 03:30:51.451, 21096, 100
2026/08/05 03:30:52.451, 21096, 100
2026/08/05 03:30:53.451, 21096, 100
2026/08/05 03:30:54.451, 21096, 100
2026/08/05 03:30:55.451, 21096, 100
2026/08/05 03:30:56.452, 21096, 100
2026/08/05 03:30:57.452, 21096, 100
2026/08/05 03:30:58.452, 21096, 92
2026/08/05 03:30:59.452, 21096, 100
2026/08/05 03:31:00.453, 21096, 100
2026/08/05 03:31:01.453, 21096, 100
2026/08/05 03:31:02.453, 21096, 100
2026/08/05 03:31:03.453, 21096, 100
2026/08/05 03:31:04.453, 21096, 100
2026/08/05 03:31:05.454, 21096, 100
2026/08/05 03:31:06.454, 21096, 100
2026/08/05 03:31:07.454, 21096, 100
2026/08/05 03:31:08.454, 21096, 100
2026/08/05 03:31:09.454, 21096, 100
2026/08/05 03:31:10.455, 21096, 100
2026/08/05 03:31:11.456, 21096, 100
2026/08/05 03:31:12.456, 21096, 100
2026/08/05 03:31:13.456, 21096, 100
2026/08/05 03:31:14.456, 21096, 100
2026/08/05 03:31:15.457, 21096, 82
2026/08/05 03:31:16.457, 21096, 100
2026/08/05 03:31:17.457, 21096, 84
2026/08/05 03:31:18.457, 21096, 81
2026/08/05 03:31:19.457, 21096, 100
2026/08/05 03:31:20.458, 21096, 100
2026/08/05 03:31:21.458, 21096, 100
2026/08/05 03:31:22.458, 21096, 100
2026/08/05 03:31:23.458, 21096, 100
2026/08/05 03:31:24.458, 21096, 100
2026/08/05 03:31:25.459, 21096, 100
2026/08/05 03:31:26.459, 21096, 100
2026/08/05 03:31:27.459, 21096, 100
2026/08/05 03:31:28.459, 21096, 100
2026/08/05 03:31:29.459, 21096, 100
2026/08/05 03:31:30.460, 21096, 100
2026/08/05 03:31:31.460, 21096, 100
2026/08/05 03:31:32.460, 21096, 100
2026/08/05 03:31:33.460, 21096, 100
2026/08/05 03:31:34.460, 21096, 100
2026/08/05 03:31:35.461, 21096, 99
2026/08/05 03:31:36.461, 21096, 100
2026/08/05 03:31:37.461, 21096, 100
2026/08/05 03:31:38.461, 21096, 100
2026/08/05 03:31:39.461, 21096, 90
2026/08/05 03:31:40.462, 21096, 100
2026/08/05 03:31:41.462, 21096, 100
2026/08/05 03:31:42.462, 21096, 100
2026/08/05 03:31:43.462, 21096, 100
2026/08/05 03:31:44.462, 21096, 100
2026/08/05 03:31:45.463, 21096, 100
2026/08/05 03:31:46.465, 21096, 100
2026/08/05 03:31:47.466, 21096, 100
2026/08/05 03:31:48.466, 21096, 100
2026/08/05 03:31:49.466, 21096, 100
2026/08/05 03:31:50.466, 21096, 100
2026/08/05 03:31:51.467, 21096, 100
2026/08/05 03:31:52.467, 21096, 100
2026/08/05 03:31:53.467, 21096, 100
2026/08/05 03:31:54.467, 21096, 100
2026/08/05 03:31:55.468, 21096, 100
2026/08/05 03:31:56.468, 21096, 100
2026/08/05 03:31:57.468, 21096, 100
2026/08/05 03:31:58.469, 21096, 100
2026/08/05 03:31:59.469, 21096, 100
2026/08/05 03:32:00.469, 21096, 100
2026/08/05 03:32:01.470, 21096, 100
2026/08/05 03:32:02.470, 21096, 84
2026/08/05 03:32:03.470, 21096, 100
2026/08/05 03:32:04.471, 21096, 100
2026/08/05 03:32:05.471, 21096, 100
2026/08/05 03:32:06.472, 21096, 100
2026/08/05 03:32:07.472, 21096, 100
2026/08/05 03:32:08.472, 21096, 100
2026/08/05 03:32:09.473, 21096, 100
2026/08/05 03:32:10.473, 21096, 100
2026/08/05 03:32:11.473, 21096, 100
2026/08/05 03:32:12.474, 21096, 100
2026/08/05 03:32:13.474, 21096, 100
2026/08/05 03:32:14.474, 21096, 100
2026/08/05 03:32:15.475, 21096, 100
2026/08/05 03:32:16.475, 21096, 100
2026/08/05 03:32:17.475, 21096, 100
2026/08/05 03:32:18.475, 21096, 100
2026/08/05 03:32:19.476, 21096, 100
2026/08/05 03:32:20.476, 21096, 85
2026/08/05 03:32:21.476, 21096, 100
2026/08/05 03:32:22.477, 21096, 100
2026/08/05 03:32:23.477, 21096, 100
2026/08/05 03:32:24.477, 21096, 100
2026/08/05 03:32:25.478, 21096, 85
2026/08/05 03:32:26.478, 21096, 100
2026/08/05 03:32:27.478, 21096, 100
2026/08/05 03:32:28.478, 21096, 69
2026/08/05 03:32:29.479, 21096, 100
2026/08/05 03:32:30.479, 21096, 84
2026/08/05 03:32:31.479, 21096, 100
2026/08/05 03:32:32.479, 21096, 100
2026/08/05 03:32:33.480, 21096, 100
2026/08/05 03:32:34.480, 21096, 84
2026/08/05 03:32:35.480, 21096, 83
2026/08/05 03:32:36.481, 21096, 98
2026/08/05 03:32:37.481, 21096, 100
2026/08/05 03:32:38.481, 21096, 100
2026/08/05 03:32:39.481, 21096, 100
2026/08/05 03:32:40.482, 21096, 100
2026/08/05 03:32:41.482, 21096, 100
2026/08/05 03:32:42.482, 21096, 84
2026/08/05 03:32:43.482, 21096, 85
2026/08/05 03:32:44.483, 21096, 100
2026/08/05 03:32:45.483, 21096, 100
2026/08/05 03:32:46.483, 21096, 96
2026/08/05 03:32:47.483, 21096, 100
2026/08/05 03:32:48.483, 21096, 100
2026/08/05 03:32:49.484, 21096, 82
2026/08/05 03:32:50.484, 21096, 85
2026/08/05 03:32:51.484, 21096, 100
2026/08/05 03:32:52.484, 21096, 100
2026/08/05 03:32:53.485, 21096, 100
2026/08/05 03:32:54.485, 21096, 100
2026/08/05 03:32:55.485, 21096, 100
2026/08/05 03:32:56.486, 21096, 100
2026/08/05 03:32:57.486, 21096, 92
2026/08/05 03:32:58.486, 21096, 100
2026/08/05 03:32:59.487, 21096, 86
2026/08/05 03:33:00.487, 21096, 100
2026/08/05 03:33:01.487, 21096, 100
2026/08/05 03:33:02.488, 21096, 100
2026/08/05 03:33:03.488, 21096, 66
2026/08/05 03:33:04.488, 21096, 100
2026/08/05 03:33:05.488, 21096, 85
2026/08/05 03:33:06.489, 21096, 73
2026/08/05 03:33:07.489, 21096, 100
2026/08/05 03:33:08.489, 21096, 100
2026/08/05 03:33:09.490, 21096, 100
2026/08/05 03:33:10.490, 21096, 100
2026/08/05 03:33:11.490, 21096, 100
2026/08/05 03:33:12.490, 21096, 100
2026/08/05 03:33:13.490, 21096, 100
2026/08/05 03:33:14.490, 21096, 100
2026/08/05 03:33:15.491, 21096, 84
2026/08/05 03:33:16.491, 21096, 100
2026/08/05 03:33:17.491, 21096, 100
2026/08/05 03:33:18.491, 21096, 100
2026/08/05 03:33:19.492, 21096, 100
2026/08/05 03:33:20.492, 21096, 100
2026/08/05 03:33:21.492, 21096, 100
2026/08/05 03:33:22.492, 21096, 61
2026/08/05 03:33:23.492, 21096, 100
2026/08/05 03:33:24.493, 21096, 100
2026/08/05 03:33:25.493, 21096, 100
2026/08/05 03:33:26.493, 21096, 96
2026/08/05 03:33:27.493, 21096, 100
2026/08/05 03:33:28.493, 21096, 100
2026/08/05 03:33:29.494, 21096, 100
2026/08/05 03:33:30.494, 21096, 100
2026/08/05 03:33:31.494, 21096, 90
2026/08/05 03:33:32.494, 21096, 100
2026/08/05 03:33:33.494, 21096, 100
2026/08/05 03:33:34.495, 21096, 100
2026/08/05 03:33:35.495, 21096, 100
2026/08/05 03:33:36.495, 21096, 100
2026/08/05 03:33:37.495, 21096, 100
2026/08/05 03:33:38.496, 21096, 100
2026/08/05 03:33:39.496, 21096, 100
2026/08/05 03:33:40.496, 21096, 100
2026/08/05 03:33:41.496, 21096, 100
2026/08/05 03:33:42.496, 21096, 85
2026/08/05 03:33:43.497, 21096, 100
2026/08/05 03:33:44.497, 21096, 100
2026/08/05 03:33:45.497, 21096, 100
2026/08/05 03:33:46.497, 21096, 100
2026/08/05 03:33:47.497, 21096, 100
2026/08/05 03:33:48.498, 21096, 100
2026/08/05 03:33:49.498, 21096, 100
2026/08/05 03:33:50.498, 21096, 100
2026/08/05 03:33:51.498, 21096, 100
2026/08/05 03:33:52.498, 21096, 100
2026/08/05 03:33:53.499, 21096, 100
2026/08/05 03:33:54.499, 21096, 100
2026/08/05 03:33:55.499, 21096, 83
2026/08/05 03:33:56.499, 21096, 83
2026/08/05 03:33:57.500, 21096, 85
2026/08/05 03:33:58.500, 21096, 100
2026/08/05 03:33:59.500, 21096, 100
2026/08/05 03:34:00.500, 21096, 80
2026/08/05 03:34:01.500, 21096, 100
2026/08/05 03:34:02.500, 21096, 100
2026/08/05 03:34:03.501, 21096, 84
2026/08/05 03:34:04.501, 21096, 100
2026/08/05 03:34:05.501, 21096, 83
2026/08/05 03:34:06.501, 21096, 100
2026/08/05 03:34:07.501, 21096, 100
2026/08/05 03:34:08.502, 21096, 100
2026/08/05 03:34:09.502, 21096, 100
2026/08/05 03:34:10.502, 21096, 100
2026/08/05 03:34:11.502, 21096, 100
2026/08/05 03:34:12.503, 21096, 100
2026/08/05 03:34:13.503, 21096, 84
2026/08/05 03:34:14.503, 21096, 100
2026/08/05 03:34:15.503, 21096, 100
2026/08/05 03:34:16.503, 21096, 100
2026/08/05 03:34:17.504, 21096, 100
2026/08/05 03:34:18.504, 21096, 100
2026/08/05 03:34:19.504, 21096, 100
2026/08/05 03:34:20.504, 21096, 100
2026/08/05 03:34:21.504, 21096, 100
2026/08/05 03:34:22.504, 21096, 100
2026/08/05 03:34:23.505, 21096, 100
2026/08/05 03:34:24.505, 21096, 100
2026/08/05 03:34:25.505, 21096, 98
2026/08/05 03:34:26.506, 21096, 87
2026/08/05 03:34:27.506, 21096, 100
2026/08/05 03:34:28.506, 21096, 100
2026/08/05 03:34:29.506, 21096, 100
2026/08/05 03:34:30.506, 21096, 100
2026/08/05 03:34:31.507, 21096, 100
2026/08/05 03:34:32.507, 21096, 100
2026/08/05 03:34:33.507, 21096, 100
2026/08/05 03:34:34.507, 21096, 100
2026/08/05 03:34:35.508, 21096, 100
2026/08/05 03:34:36.508, 21096, 100
2026/08/05 03:34:37.508, 21096, 100
2026/08/05 03:34:38.509, 21096, 95
2026/08/05 03:34:39.509, 21096, 100
2026/08/05 03:34:40.510, 21096, 100
2026/08/05 03:34:41.510, 21096, 99
2026/08/05 03:34:42.510, 21096, 87
2026/08/05 03:34:43.511, 21096, 84
2026/08/05 03:34:44.511, 21096, 100
2026/08/05 03:34:45.511, 21096, 100
2026/08/05 03:34:46.511, 21096, 100
2026/08/05 03:34:47.511, 21096, 100
2026/08/05 03:34:48.512, 21096, 100
2026/08/05 03:34:49.512, 21096, 100
2026/08/05 03:34:50.512, 21096, 63
2026/08/05 03:34:51.512, 21096, 84
2026/08/05 03:34:52.513, 21096, 100
2026/08/05 03:34:53.513, 21096, 100
2026/08/05 03:34:54.513, 21096, 100
2026/08/05 03:34:55.513, 21096, 100
2026/08/05 03:34:56.514, 21096, 100
2026/08/05 03:34:57.514, 21096, 100
2026/08/05 03:34:58.514, 21096, 100
2026/08/05 03:34:59.514, 21096, 100
2026/08/05 03:35:00.515, 21096, 100
2026/08/05 03:35:01.515, 21096, 100
2026/08/05 03:35:02.515, 21096, 100
2026/08/05 03:35:03.516, 21096, 99
2026/08/05 03:35:04.516, 21096, 100
2026/08/05 03:35:05.516, 21096, 100
2026/08/05 03:35:06.517, 21096, 100
2026/08/05 03:35:07.517, 21096, 100
2026/08/05 03:35:08.517, 21096, 100
2026/08/05 03:35:09.517, 21096, 100
2026/08/05 03:35:10.518, 21096, 86
2026/08/05 03:35:11.518, 21096, 100
2026/08/05 03:35:12.518, 21096, 96
2026/08/05 03:35:13.519, 21096, 100
2026/08/05 03:35:14.519, 21096, 100
2026/08/05 03:35:15.519, 21096, 100
2026/08/05 03:35:16.519, 21096, 64
2026/08/05 03:35:17.520, 21096, 100
2026/08/05 03:35:18.520, 21096, 100
2026/08/05 03:35:19.520, 21096, 100
2026/08/05 03:35:20.520, 21096, 96
2026/08/05 03:35:21.521, 21096, 100
2026/08/05 03:35:22.521, 21096, 100
2026/08/05 03:35:23.521, 21096, 100
2026/08/05 03:35:24.521, 21096, 100
2026/08/05 03:35:25.522, 21096, 100
2026/08/05 03:35:26.522, 21096, 86
2026/08/05 03:35:27.522, 21096, 100
2026/08/05 03:35:28.522, 21096, 100
2026/08/05 03:35:29.523, 21096, 100
2026/08/05 03:35:30.523, 21096, 100
2026/08/05 03:35:31.523, 21096, 100
2026/08/05 03:35:32.524, 21096, 100
2026/08/05 03:35:33.524, 21096, 100
2026/08/05 03:35:34.524, 21096, 100
2026/08/05 03:35:35.524, 21096, 100
2026/08/05 03:35:36.524, 21096, 100
2026/08/05 03:35:37.525, 21096, 100
2026/08/05 03:35:38.525, 21096, 100
2026/08/05 03:35:39.525, 21096, 100
2026/08/05 03:35:40.525, 21096, 100
2026/08/05 03:35:41.526, 21096, 100
2026/08/05 03:35:42.526, 21096, 100
2026/08/05 03:35:43.526, 21096, 100
2026/08/05 03:35:44.527, 21096, 100
2026/08/05 03:35:45.527, 21096, 100
2026/08/05 03:35:46.527, 21096, 100
2026/08/05 03:35:47.527, 21096, 100
2026/08/05 03:35:48.528, 21096, 100
2026/08/05 03:35:49.528, 21096, 87
2026/08/05 03:35:50.528, 21096, 100
2026/08/05 03:35:51.528, 21096, 67
2026/08/05 03:35:52.529, 21096, 100
2026/08/05 03:35:53.529, 21096, 100
2026/08/05 03:35:54.529, 21096, 84
2026/08/05 03:35:55.529, 21096, 97
2026/08/05 03:35:56.529, 21096, 100
2026/08/05 03:35:57.529, 21096, 100
2026/08/05 03:35:58.530, 21096, 100
2026/08/05 03:35:59.530, 21096, 100
2026/08/05 03:36:00.530, 21096, 100
2026/08/05 03:36:01.530, 21096, 100
2026/08/05 03:36:02.531, 21096, 100
2026/08/05 03:36:03.531, 21096, 100
2026/08/05 03:36:04.531, 21096, 100
2026/08/05 03:36:05.531, 21096, 85
2026/08/05 03:36:06.532, 21096, 100
2026/08/05 03:36:07.532, 21096, 100
2026/08/05 03:36:08.532, 21096, 100
2026/08/05 03:36:09.532, 21096, 63
2026/08/05 03:36:10.532, 21096, 100
2026/08/05 03:36:11.533, 21096, 76
2026/08/05 03:36:12.533, 21096, 100
2026/08/05 03:36:13.533, 21096, 100
2026/08/05 03:36:14.533, 21096, 100
2026/08/05 03:36:15.534, 21096, 89
2026/08/05 03:36:16.534, 21096, 100
2026/08/05 03:36:17.534, 21096, 100
2026/08/05 03:36:18.535, 21096, 100
2026/08/05 03:36:19.535, 21096, 100
2026/08/05 03:36:20.535, 21096, 100
2026/08/05 03:36:21.535, 21096, 85
2026/08/05 03:36:22.535, 21096, 100
2026/08/05 03:36:23.536, 21096, 100
2026/08/05 03:36:24.536, 21096, 100
2026/08/05 03:36:25.536, 21096, 100
2026/08/05 03:36:26.536, 21096, 100
2026/08/05 03:36:27.537, 21096, 100
2026/08/05 03:36:28.537, 21096, 100
2026/08/05 03:36:29.537, 21096, 100
2026/08/05 03:36:30.537, 21096, 100
2026/08/05 03:36:31.537, 21096, 100
2026/08/05 03:36:32.537, 21096, 100
2026/08/05 03:36:33.538, 21096, 100
2026/08/05 03:36:34.538, 21096, 100
2026/08/05 03:36:35.538, 21096, 67
2026/08/05 03:36:36.538, 21096, 100
2026/08/05 03:36:37.538, 21096, 100
2026/08/05 03:36:38.539, 21096, 100
2026/08/05 03:36:39.539, 21096, 100
2026/08/05 03:36:40.539, 21096, 100
2026/08/05 03:36:41.539, 21096, 100
2026/08/05 03:36:42.540, 21096, 100
2026/08/05 03:36:43.540, 21096, 100
2026/08/05 03:36:44.540, 21096, 100
2026/08/05 03:36:45.541, 21096, 100
2026/08/05 03:36:46.541, 21096, 100
2026/08/05 03:36:47.541, 21096, 98
2026/08/05 03:36:48.542, 21096, 100
2026/08/05 03:36:49.542, 21096, 100
2026/08/05 03:36:50.542, 21096, 100
2026/08/05 03:36:51.542, 21096, 100
2026/08/05 03:36:52.542, 21096, 100
2026/08/05 03:36:53.543, 21096, 100
2026/08/05 03:36:54.543, 21096, 100
2026/08/05 03:36:55.543, 21096, 100
2026/08/05 03:36:56.544, 21096, 100
2026/08/05 03:36:57.546, 21096, 100
2026/08/05 03:36:58.547, 21096, 80
2026/08/05 03:36:59.548, 21096, 100
2026/08/05 03:37:00.550, 21096, 100
2026/08/05 03:37:01.550, 21096, 98
2026/08/05 03:37:02.551, 21096, 100
2026/08/05 03:37:03.552, 21096, 100
2026/08/05 03:37:04.553, 21096, 100
2026/08/05 03:37:05.553, 21096, 100
2026/08/05 03:37:06.554, 21096, 100
2026/08/05 03:37:07.554, 21096, 100
2026/08/05 03:37:08.554, 21096, 100
2026/08/05 03:37:09.555, 21096, 100
2026/08/05 03:37:10.556, 21096, 85
2026/08/05 03:37:11.558, 21096, 100
2026/08/05 03:37:12.558, 21096, 100
2026/08/05 03:37:13.558, 21096, 100
2026/08/05 03:37:14.558, 21096, 86
2026/08/05 03:37:15.559, 21096, 100
2026/08/05 03:37:16.559, 21096, 84
2026/08/05 03:37:17.559, 21096, 100
2026/08/05 03:37:18.561, 21096, 83
2026/08/05 03:37:19.561, 21096, 79
2026/08/05 03:37:20.561, 21096, 100
2026/08/05 03:37:21.563, 21096, 100
2026/08/05 03:37:22.564, 21096, 100
2026/08/05 03:37:23.565, 21096, 100
2026/08/05 03:37:24.567, 21096, 84
2026/08/05 03:37:25.568, 21096, 84
2026/08/05 03:37:26.568, 21096, 100
2026/08/05 03:37:27.570, 21096, 100
2026/08/05 03:37:28.570, 21096, 85
2026/08/05 03:37:29.570, 21096, 100
2026/08/05 03:37:30.571, 21096, 100
2026/08/05 03:37:31.571, 21096, 100
2026/08/05 03:37:32.571, 21096, 62
2026/08/05 03:37:33.571, 21096, 100
2026/08/05 03:37:34.572, 21096, 100
2026/08/05 03:37:35.572, 21096, 100
2026/08/05 03:37:36.572, 21096, 84
2026/08/05 03:37:37.573, 21096, 100
2026/08/05 03:37:38.573, 21096, 100
2026/08/05 03:37:39.573, 21096, 100
2026/08/05 03:37:40.574, 21096, 100
2026/08/05 03:37:41.575, 21096, 100
2026/08/05 03:37:42.575, 21096, 100
2026/08/05 03:37:43.575, 21096, 100
2026/08/05 03:37:44.576, 21096, 100
2026/08/05 03:37:45.576, 21096, 95
2026/08/05 03:37:46.576, 21096, 100
2026/08/05 03:37:47.576, 21096, 100
2026/08/05 03:37:48.577, 21096, 98
2026/08/05 03:37:49.577, 21096, 64
2026/08/05 03:37:50.577, 21096, 100
2026/08/05 03:37:51.578, 21096, 100
2026/08/05 03:37:52.578, 21096, 100
2026/08/05 03:37:53.578, 21096, 100
2026/08/05 03:37:54.578, 21096, 100
2026/08/05 03:37:55.579, 21096, 100
2026/08/05 03:37:56.579, 21096, 100
2026/08/05 03:37:57.579, 21096, 100
2026/08/05 03:37:58.580, 21096, 100
2026/08/05 03:37:59.581, 21096, 95
2026/08/05 03:38:00.581, 21096, 98
2026/08/05 03:38:01.581, 21096, 100
2026/08/05 03:38:02.581, 21096, 100
2026/08/05 03:38:03.582, 21096, 100
2026/08/05 03:38:04.582, 21096, 100
2026/08/05 03:38:05.582, 21096, 100
2026/08/05 03:38:06.583, 21096, 100
2026/08/05 03:38:07.583, 21096, 100
2026/08/05 03:38:08.583, 21096, 100
2026/08/05 03:38:09.583, 21096, 100
2026/08/05 03:38:10.584, 21096, 100
2026/08/05 03:38:11.584, 21096, 100
2026/08/05 03:38:12.584, 21096, 100
2026/08/05 03:38:13.585, 21096, 100
2026/08/05 03:38:14.585, 21096, 95
2026/08/05 03:38:15.585, 21096, 100
2026/08/05 03:38:16.585, 21096, 100
2026/08/05 03:38:17.585, 21096, 100
2026/08/05 03:38:18.586, 21096, 100
2026/08/05 03:38:19.586, 21096, 85
2026/08/05 03:38:20.586, 21096, 63
2026/08/05 03:38:21.587, 21096, 100
2026/08/05 03:38:22.587, 21096, 100
2026/08/05 03:38:23.587, 21096, 100
2026/08/05 03:38:24.587, 21096, 63
2026/08/05 03:38:25.588, 21096, 100
2026/08/05 03:38:26.588, 21096, 100
2026/08/05 03:38:27.588, 21096, 100
2026/08/05 03:38:28.588, 21096, 100
2026/08/05 03:38:29.588, 21096, 100
2026/08/05 03:38:30.589, 21096, 100
2026/08/05 03:38:31.589, 21096, 100
2026/08/05 03:38:32.589, 21096, 100
2026/08/05 03:38:33.589, 21096, 100
2026/08/05 03:38:34.589, 21096, 100
2026/08/05 03:38:35.590, 21096, 100
2026/08/05 03:38:36.590, 21096, 100
2026/08/05 03:38:37.590, 21096, 100
2026/08/05 03:38:38.590, 21096, 83
2026/08/05 03:38:39.590, 21096, 100
2026/08/05 03:38:40.591, 21096, 100
2026/08/05 03:38:41.591, 21096, 100
2026/08/05 03:38:42.591, 21096, 100
2026/08/05 03:38:43.591, 21096, 100
2026/08/05 03:38:44.591, 21096, 100
2026/08/05 03:38:45.592, 21096, 100
2026/08/05 03:38:46.592, 21096, 100
2026/08/05 03:38:47.592, 21096, 100
2026/08/05 03:38:48.592, 21096, 100
2026/08/05 03:38:49.592, 21096, 100
2026/08/05 03:38:50.593, 21096, 85
2026/08/05 03:38:51.593, 21096, 100
2026/08/05 03:38:52.593, 21096, 100
2026/08/05 03:38:53.593, 21096, 100
2026/08/05 03:38:54.593, 21096, 100
2026/08/05 03:38:55.593, 21096, 100
2026/08/05 03:38:56.594, 21096, 100
2026/08/05 03:38:57.594, 21096, 100
2026/08/05 03:38:58.594, 21096, 100
2026/08/05 03:38:59.594, 21096, 100
2026/08/05 03:39:00.595, 21096, 84
2026/08/05 03:39:01.595, 21096, 100
2026/08/05 03:39:02.595, 21096, 100
2026/08/05 03:39:03.595, 21096, 66
2026/08/05 03:39:04.596, 21096, 93
2026/08/05 03:39:05.596, 21096, 100
2026/08/05 03:39:06.596, 21096, 100
2026/08/05 03:39:07.596, 21096, 100
2026/08/05 03:39:08.596, 21096, 100
2026/08/05 03:39:09.596, 21096, 100
2026/08/05 03:39:10.596, 21096, 100
2026/08/05 03:39:11.597, 21096, 0
2026/08/05 03:39:12.597, 21096, 100
2026/08/05 03:39:13.597, 21096, 100
2026/08/05 03:39:14.597, 21096, 84
2026/08/05 03:39:15.597, 21096, 100
2026/08/05 03:39:16.597, 21096, 100
2026/08/05 03:39:17.598, 21096, 100
2026/08/05 03:39:18.598, 21096, 100
2026/08/05 03:39:19.598, 21096, 100
2026/08/05 03:39:20.598, 21096, 100
2026/08/05 03:39:21.598, 21096, 72
2026/08/05 03:39:22.598, 21096, 100
2026/08/05 03:39:23.599, 21096, 100
2026/08/05 03:39:24.599, 21096, 100
2026/08/05 03:39:25.599, 21096, 100
2026/08/05 03:39:26.599, 21096, 100
2026/08/05 03:39:27.599, 21096, 100
2026/08/05 03:39:28.600, 21096, 90
2026/08/05 03:39:29.600, 21096, 100
2026/08/05 03:39:30.600, 21096, 100
2026/08/05 03:39:31.600, 21096, 99
2026/08/05 03:39:32.600, 21096, 100
2026/08/05 03:39:33.600, 21096, 100
2026/08/05 03:39:34.601, 21096, 100
2026/08/05 03:39:35.601, 21096, 100
2026/08/05 03:39:36.601, 21096, 100
2026/08/05 03:39:37.601, 21096, 100
2026/08/05 03:39:38.601, 21096, 100
2026/08/05 03:39:39.602, 21096, 100
2026/08/05 03:39:40.602, 21096, 100
2026/08/05 03:39:41.602, 21096, 100
2026/08/05 03:39:42.602, 21096, 100
2026/08/05 03:39:43.602, 21096, 100
2026/08/05 03:39:44.602, 21096, 100
2026/08/05 03:39:45.603, 21096, 100
2026/08/05 03:39:46.603, 21096, 100
2026/08/05 03:39:47.603, 21096, 100
2026/08/05 03:39:48.603, 21096, 100
2026/08/05 03:39:49.603, 21096, 85
2026/08/05 03:39:50.603, 21096, 100
2026/08/05 03:39:51.604, 21096, 100
2026/08/05 03:39:52.604, 21096, 100
2026/08/05 03:39:53.604, 21096, 100
2026/08/05 03:39:54.604, 21096, 100
2026/08/05 03:39:55.605, 21096, 100
2026/08/05 03:39:56.605, 21096, 100
2026/08/05 03:39:57.605, 21096, 100
2026/08/05 03:39:58.605, 21096, 100
2026/08/05 03:39:59.605, 21096, 100
2026/08/05 03:40:00.606, 21096, 100
2026/08/05 03:40:01.606, 21096, 100
2026/08/05 03:40:02.606, 21096, 100
2026/08/05 03:40:03.606, 21096, 100
2026/08/05 03:40:04.606, 21096, 100
2026/08/05 03:40:05.607, 21096, 64
2026/08/05 03:40:06.607, 21096, 100
2026/08/05 03:40:07.607, 21096, 85
2026/08/05 03:40:08.607, 21096, 100
2026/08/05 03:40:09.607, 21096, 100
2026/08/05 03:40:10.608, 21096, 100
2026/08/05 03:40:11.608, 21096, 85
2026/08/05 03:40:12.608, 21096, 59
2026/08/05 03:40:13.608, 21096, 85
2026/08/05 03:40:14.608, 21096, 100
2026/08/05 03:40:15.609, 21096, 100
2026/08/05 03:40:16.609, 21096, 100
2026/08/05 03:40:17.609, 21096, 100
2026/08/05 03:40:18.609, 21096, 100
2026/08/05 03:40:19.609, 21096, 98
2026/08/05 03:40:20.610, 21096, 100
2026/08/05 03:40:21.610, 21096, 100
2026/08/05 03:40:22.610, 21096, 84
2026/08/05 03:40:23.610, 21096, 87
2026/08/05 03:40:24.610, 21096, 100
2026/08/05 03:40:25.611, 21096, 100
2026/08/05 03:40:26.611, 21096, 100
2026/08/05 03:40:27.611, 21096, 100
2026/08/05 03:40:28.611, 21096, 100
2026/08/05 03:40:29.611, 21096, 100
2026/08/05 03:40:30.612, 21096, 100
2026/08/05 03:40:31.612, 21096, 100
2026/08/05 03:40:32.612, 21096, 100
2026/08/05 03:40:33.613, 21096, 100
2026/08/05 03:40:34.613, 21096, 100
2026/08/05 03:40:35.613, 21096, 100
2026/08/05 03:40:36.613, 21096, 100
2026/08/05 03:40:37.614, 21096, 100
2026/08/05 03:40:38.614, 21096, 100
2026/08/05 03:40:39.614, 21096, 100
2026/08/05 03:40:40.615, 21096, 100
2026/08/05 03:40:41.615, 21096, 100
2026/08/05 03:40:42.615, 21096, 100
2026/08/05 03:40:43.615, 21096, 100
2026/08/05 03:40:44.615, 21096, 100
2026/08/05 03:40:45.615, 21096, 100
2026/08/05 03:40:46.616, 21096, 100
2026/08/05 03:40:47.616, 21096, 100
2026/08/05 03:40:48.616, 21096, 100
2026/08/05 03:40:49.616, 21096, 100
2026/08/05 03:40:50.616, 21096, 100
2026/08/05 03:40:51.617, 21096, 100
2026/08/05 03:40:52.617, 21096, 100
2026/08/05 03:40:53.617, 21096, 100
2026/08/05 03:40:54.618, 21096, 100
2026/08/05 03:40:55.618, 21096, 100
2026/08/05 03:40:56.618, 21096, 82
2026/08/05 03:40:57.618, 21096, 77
2026/08/05 03:40:58.618, 21096, 89
2026/08/05 03:40:59.618, 21096, 100
2026/08/05 03:41:00.619, 21096, 100
2026/08/05 03:41:01.619, 21096, 100
2026/08/05 03:41:02.619, 21096, 100
2026/08/05 03:41:03.619, 21096, 100
2026/08/05 03:41:04.619, 21096, 100
2026/08/05 03:41:05.620, 21096, 100
2026/08/05 03:41:06.620, 21096, 100
2026/08/05 03:41:07.620, 21096, 100
2026/08/05 03:41:08.620, 21096, 100
2026/08/05 03:41:09.620, 21096, 100
2026/08/05 03:41:10.620, 21096, 100
2026/08/05 03:41:11.621, 21096, 98
2026/08/05 03:41:12.621, 21096, 100
2026/08/05 03:41:13.621, 21096, 100
2026/08/05 03:41:14.621, 21096, 91
2026/08/05 03:41:15.621, 21096, 100
2026/08/05 03:41:16.622, 21096, 85
2026/08/05 03:41:17.622, 21096, 100
2026/08/05 03:41:18.622, 21096, 100
2026/08/05 03:41:19.622, 21096, 100
2026/08/05 03:41:20.622, 21096, 100
2026/08/05 03:41:21.622, 21096, 100
2026/08/05 03:41:22.623, 21096, 100
2026/08/05 03:41:23.623, 21096, 100
2026/08/05 03:41:24.623, 21096, 100
2026/08/05 03:41:25.623, 21096, 100
2026/08/05 03:41:26.623, 21096, 100
2026/08/05 03:41:27.624, 21096, 100
2026/08/05 03:41:28.624, 21096, 100
2026/08/05 03:41:29.624, 21096, 100
2026/08/05 03:41:30.624, 21096, 100
2026/08/05 03:41:31.624, 21096, 100
2026/08/05 03:41:32.625, 21096, 100
2026/08/05 03:41:33.625, 21096, 87
2026/08/05 03:41:34.625, 21096, 100
2026/08/05 03:41:35.625, 21096, 100
2026/08/05 03:41:36.625, 21096, 100
2026/08/05 03:41:37.626, 21096, 100
2026/08/05 03:41:38.626, 21096, 100
2026/08/05 03:41:39.626, 21096, 100
2026/08/05 03:41:40.627, 21096, 100
2026/08/05 03:41:41.627, 21096, 100
2026/08/05 03:41:42.627, 21096, 100
2026/08/05 03:41:43.627, 21096, 100
2026/08/05 03:41:44.627, 21096, 60
2026/08/05 03:41:45.628, 21096, 85
2026/08/05 03:41:46.628, 21096, 100
2026/08/05 03:41:47.628, 21096, 100
2026/08/05 03:41:48.628, 21096, 100
2026/08/05 03:41:49.628, 21096, 84
2026/08/05 03:41:50.629, 21096, 100
2026/08/05 03:41:51.629, 21096, 84
2026/08/05 03:41:52.629, 21096, 100
2026/08/05 03:41:53.629, 21096, 100
2026/08/05 03:41:54.629, 21096, 100
2026/08/05 03:41:55.630, 21096, 100
2026/08/05 03:41:56.630, 21096, 100
2026/08/05 03:41:57.630, 21096, 100
2026/08/05 03:41:58.630, 21096, 100
2026/08/05 03:41:59.630, 21096, 100
2026/08/05 03:42:00.631, 21096, 100
2026/08/05 03:42:01.631, 21096, 100
2026/08/05 03:42:02.631, 21096, 100
2026/08/05 03:42:03.631, 21096, 100
2026/08/05 03:42:04.631, 21096, 100
2026/08/05 03:42:05.632, 21096, 100
2026/08/05 03:42:06.632, 21096, 100
2026/08/05 03:42:07.632, 21096, 84
2026/08/05 03:42:08.632, 21096, 100
2026/08/05 03:42:09.632, 21096, 100
2026/08/05 03:42:10.632, 21096, 100
2026/08/05 03:42:11.633, 21096, 100
2026/08/05 03:42:12.633, 21096, 100
2026/08/05 03:42:13.633, 21096, 100
2026/08/05 03:42:14.633, 21096, 100
2026/08/05 03:42:15.633, 21096, 98
2026/08/05 03:42:16.634, 21096, 100
2026/08/05 03:42:17.634, 21096, 100
2026/08/05 03:42:18.634, 21096, 100
2026/08/05 03:42:19.634, 21096, 100
2026/08/05 03:42:20.634, 21096, 100
2026/08/05 03:42:21.635, 21096, 100
2026/08/05 03:42:22.635, 21096, 100
2026/08/05 03:42:23.635, 21096, 100
2026/08/05 03:42:24.635, 21096, 100
2026/08/05 03:42:25.635, 21096, 100
2026/08/05 03:42:26.636, 21096, 100
2026/08/05 03:42:27.636, 21096, 100
2026/08/05 03:42:28.636, 21096, 100
2026/08/05 03:42:29.636, 21096, 100
2026/08/05 03:42:30.636, 21096, 100
2026/08/05 03:42:31.637, 21096, 100
2026/08/05 03:42:32.637, 21096, 80
2026/08/05 03:42:33.637, 21096, 92
2026/08/05 03:42:34.637, 21096, 100
2026/08/05 03:42:35.637, 21096, 100
2026/08/05 03:42:36.638, 21096, 100
2026/08/05 03:42:37.638, 21096, 85
2026/08/05 03:42:38.638, 21096, 100
2026/08/05 03:42:39.638, 21096, 100
2026/08/05 03:42:40.638, 21096, 100
2026/08/05 03:42:41.638, 21096, 100
2026/08/05 03:42:42.639, 21096, 100
2026/08/05 03:42:43.639, 21096, 100
2026/08/05 03:42:44.639, 21096, 65
2026/08/05 03:42:45.639, 21096, 100
2026/08/05 03:42:46.640, 21096, 100
2026/08/05 03:42:47.640, 21096, 100
2026/08/05 03:42:48.640, 21096, 100
2026/08/05 03:42:49.640, 21096, 100
2026/08/05 03:42:50.641, 21096, 100
2026/08/05 03:42:51.641, 21096, 100
2026/08/05 03:42:52.641, 21096, 100
2026/08/05 03:42:53.641, 21096, 93
2026/08/05 03:42:54.642, 21096, 100
2026/08/05 03:42:55.642, 21096, 100
2026/08/05 03:42:56.642, 21096, 100
2026/08/05 03:42:57.642, 21096, 100
2026/08/05 03:42:58.643, 21096, 100
2026/08/05 03:42:59.643, 21096, 100
2026/08/05 03:43:00.643, 21096, 100
2026/08/05 03:43:01.644, 21096, 100
2026/08/05 03:43:02.644, 21096, 100
2026/08/05 03:43:03.644, 21096, 100
2026/08/05 03:43:04.644, 21096, 100
2026/08/05 03:43:05.645, 21096, 100
2026/08/05 03:43:06.645, 21096, 100
2026/08/05 03:43:07.645, 21096, 100
2026/08/05 03:43:08.646, 21096, 100
2026/08/05 03:43:09.646, 21096, 100
2026/08/05 03:43:10.646, 21096, 100
2026/08/05 03:43:11.646, 21096, 100
2026/08/05 03:43:12.647, 21096, 100
2026/08/05 03:43:13.647, 21096, 100
2026/08/05 03:43:14.648, 21096, 83
2026/08/05 03:43:15.649, 21096, 100
2026/08/05 03:43:16.649, 21096, 62
2026/08/05 03:43:17.649, 21096, 84
2026/08/05 03:43:18.649, 21096, 100
2026/08/05 03:43:19.650, 21096, 100
2026/08/05 03:43:20.650, 21096, 100
2026/08/05 03:43:21.650, 21096, 100
2026/08/05 03:43:22.651, 21096, 100
2026/08/05 03:43:23.651, 21096, 100
2026/08/05 03:43:24.651, 21096, 100
2026/08/05 03:43:25.652, 21096, 100
2026/08/05 03:43:26.652, 21096, 100
2026/08/05 03:43:27.653, 21096, 84
2026/08/05 03:43:28.653, 21096, 100
2026/08/05 03:43:29.653, 21096, 100
2026/08/05 03:43:30.653, 21096, 100
2026/08/05 03:43:31.654, 21096, 100
2026/08/05 03:43:32.654, 21096, 100
2026/08/05 03:43:33.654, 21096, 100
2026/08/05 03:43:34.654, 21096, 100
2026/08/05 03:43:35.654, 21096, 100
2026/08/05 03:43:36.655, 21096, 100
2026/08/05 03:43:37.655, 21096, 100
2026/08/05 03:43:38.655, 21096, 100
2026/08/05 03:43:39.655, 21096, 83
2026/08/05 03:43:40.655, 21096, 100
2026/08/05 03:43:41.656, 21096, 100
2026/08/05 03:43:42.656, 21096, 100
2026/08/05 03:43:43.656, 21096, 100
2026/08/05 03:43:44.657, 21096, 100
2026/08/05 03:43:45.657, 21096, 100
2026/08/05 03:43:46.657, 21096, 85
2026/08/05 03:43:47.657, 21096, 81
2026/08/05 03:43:48.657, 21096, 100
2026/08/05 03:43:49.658, 21096, 100
2026/08/05 03:43:50.658, 21096, 100
2026/08/05 03:43:51.658, 21096, 100
2026/08/05 03:43:52.658, 21096, 100
2026/08/05 03:43:53.658, 21096, 100
2026/08/05 03:43:54.659, 21096, 100
2026/08/05 03:43:55.659, 21096, 86
2026/08/05 03:43:56.660, 21096, 100
2026/08/05 03:43:57.660, 21096, 100
2026/08/05 03:43:58.660, 21096, 100
2026/08/05 03:43:59.660, 21096, 100
2026/08/05 03:44:00.660, 21096, 100
2026/08/05 03:44:01.661, 21096, 100
2026/08/05 03:44:02.661, 21096, 100
2026/08/05 03:44:03.661, 21096, 100
2026/08/05 03:44:04.661, 21096, 100
2026/08/05 03:44:05.661, 21096, 84
2026/08/05 03:44:06.662, 21096, 100
2026/08/05 03:44:07.662, 21096, 100
2026/08/05 03:44:08.662, 21096, 100
2026/08/05 03:44:09.662, 21096, 100
2026/08/05 03:44:10.662, 21096, 100
2026/08/05 03:44:11.663, 21096, 100
2026/08/05 03:44:12.663, 21096, 100
2026/08/05 03:44:13.663, 21096, 100
2026/08/05 03:44:14.664, 21096, 100
2026/08/05 03:44:15.664, 21096, 100
2026/08/05 03:44:16.664, 21096, 100
2026/08/05 03:44:17.664, 21096, 79
2026/08/05 03:44:18.664, 21096, 88
2026/08/05 03:44:19.664, 21096, 100
2026/08/05 03:44:20.665, 21096, 84
2026/08/05 03:44:21.665, 21096, 100
2026/08/05 03:44:22.665, 21096, 100
2026/08/05 03:44:23.665, 21096, 100
2026/08/05 03:44:24.665, 21096, 100
2026/08/05 03:44:25.665, 21096, 99
2026/08/05 03:44:26.666, 21096, 64
2026/08/05 03:44:27.666, 21096, 100
2026/08/05 03:44:28.666, 21096, 100
2026/08/05 03:44:29.666, 21096, 100
2026/08/05 03:44:30.666, 21096, 100
2026/08/05 03:44:31.666, 21096, 92
2026/08/05 03:44:32.667, 21096, 100
2026/08/05 03:44:33.667, 21096, 100
2026/08/05 03:44:34.667, 21096, 100
2026/08/05 03:44:35.667, 21096, 100
2026/08/05 03:44:36.667, 21096, 100
2026/08/05 03:44:37.668, 21096, 100
2026/08/05 03:44:38.668, 21096, 100
2026/08/05 03:44:39.668, 21096, 65
2026/08/05 03:44:40.668, 21096, 100
2026/08/05 03:44:41.669, 21096, 100
2026/08/05 03:44:42.669, 21096, 84
2026/08/05 03:44:43.669, 21096, 100
2026/08/05 03:44:44.669, 21096, 100
2026/08/05 03:44:45.669, 21096, 100
2026/08/05 03:44:46.670, 21096, 85
2026/08/05 03:44:47.670, 21096, 100
2026/08/05 03:44:48.670, 21096, 100
2026/08/05 03:44:49.670, 21096, 99
2026/08/05 03:44:50.670, 21096, 100
2026/08/05 03:44:51.670, 21096, 100
2026/08/05 03:44:52.671, 21096, 100
2026/08/05 03:44:53.671, 21096, 100
2026/08/05 03:44:54.671, 21096, 100
2026/08/05 03:44:55.671, 21096, 100
2026/08/05 03:44:56.672, 21096, 75
2026/08/05 03:44:57.672, 21096, 100
2026/08/05 03:44:58.672, 21096, 100
2026/08/05 03:44:59.673, 21096, 100
2026/08/05 03:45:00.673, 21096, 100
2026/08/05 03:45:01.673, 21096, 83
2026/08/05 03:45:02.673, 21096, 100
2026/08/05 03:45:03.673, 21096, 100
2026/08/05 03:45:04.674, 21096, 100
2026/08/05 03:45:05.674, 21096, 100
2026/08/05 03:45:06.675, 21096, 100
2026/08/05 03:45:07.675, 21096, 93
2026/08/05 03:45:08.675, 21096, 99
2026/08/05 03:45:09.675, 21096, 100
2026/08/05 03:45:10.675, 21096, 100
2026/08/05 03:45:11.676, 21096, 100
2026/08/05 03:45:12.676, 21096, 100
2026/08/05 03:45:13.676, 21096, 100
2026/08/05 03:45:14.677, 21096, 100
2026/08/05 03:45:15.677, 21096, 100
2026/08/05 03:45:16.677, 21096, 100
2026/08/05 03:45:17.677, 21096, 100
2026/08/05 03:45:18.678, 21096, 100
2026/08/05 03:45:19.678, 21096, 84
2026/08/05 03:45:20.678, 21096, 81
2026/08/05 03:45:21.679, 21096, 100
2026/08/05 03:45:22.679, 21096, 100
2026/08/05 03:45:23.679, 21096, 100
2026/08/05 03:45:24.682, 21096, 100
2026/08/05 03:45:25.682, 21096, 100
2026/08/05 03:45:26.682, 21096, 100
2026/08/05 03:45:27.683, 21096, 100
2026/08/05 03:45:28.704, 21096, 100
2026/08/05 03:45:29.731, 21096, 100
2026/08/05 03:45:30.754, 21096, 100
2026/08/05 03:45:31.774, 21096, 100
2026/08/05 03:45:32.792, 21096, 100
2026/08/05 03:45:33.809, 21096, 100
2026/08/05 03:45:34.823, 21096, 83
2026/08/05 03:45:35.835, 21096, 100
2026/08/05 03:45:36.847, 21096, 100
2026/08/05 03:45:37.856, 21096, 100
2026/08/05 03:45:38.865, 21096, 83
2026/08/05 03:45:39.873, 21096, 100
2026/08/05 03:45:40.880, 21096, 100
2026/08/05 03:45:41.886, 21096, 100
2026/08/05 03:45:42.891, 21096, 100
2026/08/05 03:45:43.896, 21096, 100
2026/08/05 03:45:44.901, 21096, 100
2026/08/05 03:45:45.905, 21096, 100
2026/08/05 03:45:46.908, 21096, 100
2026/08/05 03:45:47.911, 21096, 100
2026/08/05 03:45:48.914, 21096, 100
2026/08/05 03:45:49.918, 21096, 100
2026/08/05 03:45:50.920, 21096, 86
2026/08/05 03:45:51.923, 21096, 100
2026/08/05 03:45:52.925, 21096, 100
2026/08/05 03:45:53.927, 21096, 100
2026/08/05 03:45:54.930, 21096, 81
2026/08/05 03:45:55.931, 21096, 100
2026/08/05 03:45:56.933, 21096, 100
2026/08/05 03:45:57.935, 21096, 100
2026/08/05 03:45:58.936, 21096, 100
2026/08/05 03:45:59.937, 21096, 100
2026/08/05 03:46:00.938, 21096, 100
2026/08/05 03:46:01.938, 21096, 86
2026/08/05 03:46:02.938, 21096, 84
2026/08/05 03:46:03.938, 21096, 100
2026/08/05 03:46:04.939, 21096, 100
2026/08/05 03:46:05.939, 21096, 100
2026/08/05 03:46:06.939, 21096, 100
2026/08/05 03:46:07.940, 21096, 84
2026/08/05 03:46:08.940, 21096, 77
2026/08/05 03:46:09.940, 21096, 100
2026/08/05 03:46:10.940, 21096, 100
2026/08/05 03:46:11.941, 21096, 100
2026/08/05 03:46:12.941, 21096, 100
2026/08/05 03:46:13.941, 21096, 100
2026/08/05 03:46:14.941, 21096, 100
2026/08/05 03:46:15.942, 21096, 99
2026/08/05 03:46:16.942, 21096, 100
2026/08/05 03:46:17.942, 21096, 83
2026/08/05 03:46:18.942, 21096, 100
2026/08/05 03:46:19.943, 21096, 100
2026/08/05 03:46:20.943, 21096, 100
2026/08/05 03:46:21.943, 21096, 100
2026/08/05 03:46:22.943, 21096, 100
2026/08/05 03:46:23.944, 21096, 99
2026/08/05 03:46:24.944, 21096, 100
2026/08/05 03:46:25.944, 21096, 100
2026/08/05 03:46:26.944, 21096, 100
2026/08/05 03:46:27.945, 21096, 100
2026/08/05 03:46:28.945, 21096, 100
2026/08/05 03:46:29.945, 21096, 100
2026/08/05 03:46:30.945, 21096, 100
2026/08/05 03:46:31.946, 21096, 100
2026/08/05 03:46:32.946, 21096, 100
2026/08/05 03:46:33.946, 21096, 83
2026/08/05 03:46:34.946, 21096, 100
2026/08/05 03:46:35.947, 21096, 100
2026/08/05 03:46:36.947, 21096, 100
2026/08/05 03:46:37.947, 21096, 100
2026/08/05 03:46:38.947, 21096, 100
2026/08/05 03:46:39.947, 21096, 100
2026/08/05 03:46:40.947, 21096, 100
2026/08/05 03:46:41.948, 21096, 100
2026/08/05 03:46:42.948, 21096, 100
2026/08/05 03:46:43.948, 21096, 100
2026/08/05 03:46:44.948, 21096, 100
2026/08/05 03:46:45.948, 21096, 100
2026/08/05 03:46:46.949, 21096, 100
2026/08/05 03:46:47.949, 21096, 100
2026/08/05 03:46:48.949, 21096, 100
2026/08/05 03:46:49.949, 21096, 100
2026/08/05 03:46:50.950, 21096, 100
2026/08/05 03:46:51.950, 21096, 100
2026/08/05 03:46:52.950, 21096, 100
2026/08/05 03:46:53.950, 21096, 100
2026/08/05 03:46:54.950, 21096, 100
2026/08/05 03:46:55.951, 21096, 100
2026/08/05 03:46:56.951, 21096, 84
2026/08/05 03:46:57.951, 21096, 79
2026/08/05 03:46:58.951, 21096, 86
2026/08/05 03:46:59.951, 21096, 100
2026/08/05 03:47:00.952, 21096, 81
2026/08/05 03:47:01.952, 21096, 100
2026/08/05 03:47:02.952, 21096, 100
2026/08/05 03:47:03.952, 21096, 93
2026/08/05 03:47:04.952, 21096, 100
2026/08/05 03:47:05.953, 21096, 100
2026/08/05 03:47:06.953, 21096, 100
2026/08/05 03:47:07.953, 21096, 100
2026/08/05 03:47:08.953, 21096, 100
2026/08/05 03:47:09.953, 21096, 100
2026/08/05 03:47:10.954, 21096, 100
2026/08/05 03:47:11.954, 21096, 100
2026/08/05 03:47:12.954, 21096, 100
2026/08/05 03:47:13.954, 21096, 100
2026/08/05 03:47:14.955, 21096, 85
2026/08/05 03:47:15.955, 21096, 100
2026/08/05 03:47:16.955, 21096, 100
2026/08/05 03:47:17.955, 21096, 97
2026/08/05 03:47:18.956, 21096, 100
2026/08/05 03:47:19.956, 21096, 100
2026/08/05 03:47:20.956, 21096, 100
2026/08/05 03:47:21.956, 21096, 100
2026/08/05 03:47:22.957, 21096, 100
2026/08/05 03:47:23.957, 21096, 100
2026/08/05 03:47:24.957, 21096, 100
2026/08/05 03:47:25.957, 21096, 100
2026/08/05 03:47:26.957, 21096, 100
2026/08/05 03:47:27.958, 21096, 100
2026/08/05 03:47:28.958, 21096, 100
2026/08/05 03:47:29.958, 21096, 100
2026/08/05 03:47:30.958, 21096, 100
2026/08/05 03:47:31.959, 21096, 100
2026/08/05 03:47:32.959, 21096, 100
2026/08/05 03:47:33.959, 21096, 100
2026/08/05 03:47:34.959, 21096, 100
2026/08/05 03:47:35.959, 21096, 100
2026/08/05 03:47:36.960, 21096, 66
2026/08/05 03:47:37.965, 21096, 100
2026/08/05 03:47:38.969, 21096, 100
2026/08/05 03:47:39.974, 21096, 100
2026/08/05 03:47:40.978, 21096, 100
2026/08/05 03:47:41.982, 21096, 100
2026/08/05 03:47:42.985, 21096, 100
2026/08/05 03:47:43.989, 21096, 100
2026/08/05 03:47:44.992, 21096, 100
2026/08/05 03:47:45.995, 21096, 100
2026/08/05 03:47:46.999, 21096, 100
2026/08/05 03:47:48.001, 21096, 86
2026/08/05 03:47:49.003, 21096, 100
2026/08/05 03:47:50.006, 21096, 100
2026/08/05 03:47:51.008, 21096, 100
2026/08/05 03:47:52.010, 21096, 100
2026/08/05 03:47:53.013, 21096, 100
2026/08/05 03:47:54.015, 21096, 100
2026/08/05 03:47:55.017, 21096, 100
2026/08/05 03:47:56.018, 21096, 84
2026/08/05 03:47:57.020, 21096, 98
2026/08/05 03:47:58.022, 21096, 100
2026/08/05 03:47:59.024, 21096, 100
2026/08/05 03:48:00.025, 21096, 100
2026/08/05 03:48:01.027, 21096, 100
2026/08/05 03:48:02.028, 21096, 100
2026/08/05 03:48:03.029, 21096, 100
2026/08/05 03:48:04.031, 21096, 100
2026/08/05 03:48:05.032, 21096, 100
2026/08/05 03:48:06.033, 21096, 100
2026/08/05 03:48:07.034, 21096, 100
2026/08/05 03:48:08.036, 21096, 100
2026/08/05 03:48:09.037, 21096, 100
2026/08/05 03:48:10.038, 21096, 100
2026/08/05 03:48:11.039, 21096, 100
2026/08/05 03:48:12.041, 21096, 100
2026/08/05 03:48:13.042, 21096, 100
2026/08/05 03:48:14.043, 21096, 100
2026/08/05 03:48:15.044, 21096, 100
2026/08/05 03:48:16.046, 21096, 100
2026/08/05 03:48:17.046, 21096, 100
2026/08/05 03:48:18.047, 21096, 100
2026/08/05 03:48:19.047, 21096, 100
2026/08/05 03:48:20.049, 21096, 100
2026/08/05 03:48:21.049, 21096, 100
2026/08/05 03:48:22.050, 21096, 86
2026/08/05 03:48:23.050, 21096, 100
2026/08/05 03:48:24.050, 21096, 100
2026/08/05 03:48:25.051, 21096, 100
2026/08/05 03:48:26.052, 21096, 100
2026/08/05 03:48:27.053, 21096, 100
2026/08/05 03:48:28.053, 21096, 100
2026/08/05 03:48:29.053, 21096, 100
2026/08/05 03:48:30.053, 21096, 84
2026/08/05 03:48:31.054, 21096, 100
2026/08/05 03:48:32.054, 21096, 100
2026/08/05 03:48:33.054, 21096, 100
2026/08/05 03:48:34.055, 21096, 100
2026/08/05 03:48:35.055, 21096, 100
2026/08/05 03:48:36.056, 21096, 72
2026/08/05 03:48:37.057, 21096, 100
2026/08/05 03:48:38.057, 21096, 100
2026/08/05 03:48:39.057, 21096, 100
2026/08/05 03:48:40.057, 21096, 100
2026/08/05 03:48:41.058, 21096, 100
2026/08/05 03:48:42.059, 21096, 98
2026/08/05 03:48:43.064, 21096, 86
2026/08/05 03:48:44.069, 21096, 100
2026/08/05 03:48:45.073, 21096, 100
2026/08/05 03:48:46.078, 21096, 100
2026/08/05 03:48:47.083, 21096, 100
2026/08/05 03:48:48.086, 21096, 100
2026/08/05 03:48:49.090, 21096, 85
2026/08/05 03:48:50.095, 21096, 100
2026/08/05 03:48:51.098, 21096, 84
2026/08/05 03:48:52.102, 21096, 100
2026/08/05 03:48:53.105, 21096, 100
2026/08/05 03:48:54.108, 21096, 100
2026/08/05 03:48:55.112, 21096, 100
2026/08/05 03:48:56.116, 21096, 100
2026/08/05 03:48:57.119, 21096, 100
2026/08/05 03:48:58.122, 21096, 100
2026/08/05 03:48:59.124, 21096, 100
2026/08/05 03:49:00.127, 21096, 100
2026/08/05 03:49:01.130, 21096, 100
2026/08/05 03:49:02.131, 21096, 86
2026/08/05 03:49:03.134, 21096, 100
2026/08/05 03:49:04.136, 21096, 100
2026/08/05 03:49:05.138, 21096, 100
2026/08/05 03:49:06.141, 21096, 100
2026/08/05 03:49:07.143, 21096, 100
2026/08/05 03:49:08.145, 21096, 100
2026/08/05 03:49:09.148, 21096, 100
2026/08/05 03:49:10.150, 21096, 100
2026/08/05 03:49:11.152, 21096, 100
2026/08/05 03:49:12.155, 21096, 100
2026/08/05 03:49:13.156, 21096, 100
2026/08/05 03:49:14.157, 21096, 100
2026/08/05 03:49:15.159, 21096, 100
2026/08/05 03:49:16.161, 21096, 100
2026/08/05 03:49:17.162, 21096, 100
2026/08/05 03:49:18.164, 21096, 65
2026/08/05 03:49:19.166, 21096, 100
2026/08/05 03:49:20.167, 21096, 100
2026/08/05 03:49:21.168, 21096, 84
2026/08/05 03:49:22.170, 21096, 100
2026/08/05 03:49:23.171, 21096, 100
2026/08/05 03:49:24.172, 21096, 100
2026/08/05 03:49:25.173, 21096, 100
2026/08/05 03:49:26.175, 21096, 74
2026/08/05 03:49:27.176, 21096, 100
2026/08/05 03:49:28.178, 21096, 84
2026/08/05 03:49:29.179, 21096, 97
2026/08/05 03:49:30.180, 21096, 84
2026/08/05 03:49:31.182, 21096, 100
2026/08/05 03:49:32.184, 21096, 100
2026/08/05 03:49:33.185, 21096, 100
2026/08/05 03:49:34.187, 21096, 100
2026/08/05 03:49:35.189, 21096, 100
2026/08/05 03:49:36.190, 21096, 83
2026/08/05 03:49:37.191, 21096, 100
2026/08/05 03:49:38.192, 21096, 85
2026/08/05 03:49:39.193, 21096, 100
2026/08/05 03:49:40.194, 21096, 100
2026/08/05 03:49:41.196, 21096, 100
2026/08/05 03:49:42.197, 21096, 100
2026/08/05 03:49:43.199, 21096, 66
2026/08/05 03:49:44.200, 21096, 100
2026/08/05 03:49:45.202, 21096, 100
2026/08/05 03:49:46.202, 21096, 100
2026/08/05 03:49:47.202, 21096, 100
2026/08/05 03:49:48.202, 21096, 85
2026/08/05 03:49:49.203, 21096, 100
2026/08/05 03:49:50.203, 21096, 100
2026/08/05 03:49:51.203, 21096, 100
2026/08/05 03:49:52.203, 21096, 100
2026/08/05 03:49:53.204, 21096, 100
2026/08/05 03:49:54.204, 21096, 100
2026/08/05 03:49:55.204, 21096, 83
2026/08/05 03:49:56.204, 21096, 64
2026/08/05 03:49:57.204, 21096, 100
2026/08/05 03:49:58.204, 21096, 100
2026/08/05 03:49:59.205, 21096, 100
2026/08/05 03:50:00.205, 21096, 100
2026/08/05 03:50:01.205, 21096, 82
2026/08/05 03:50:02.205, 21096, 93
2026/08/05 03:50:03.205, 21096, 100
2026/08/05 03:50:04.206, 21096, 97
2026/08/05 03:50:05.206, 21096, 82
2026/08/05 03:50:06.206, 21096, 100
2026/08/05 03:50:07.206, 21096, 100
2026/08/05 03:50:08.206, 21096, 100
2026/08/05 03:50:09.207, 21096, 100
2026/08/05 03:50:10.207, 21096, 100
2026/08/05 03:50:11.207, 21096, 100
2026/08/05 03:50:12.207, 21096, 84
2026/08/05 03:50:13.207, 21096, 100
2026/08/05 03:50:14.208, 21096, 100
2026/08/05 03:50:15.208, 21096, 82
2026/08/05 03:50:16.208, 21096, 100
2026/08/05 03:50:17.208, 21096, 100
2026/08/05 03:50:18.209, 21096, 100
2026/08/05 03:50:19.209, 21096, 100
2026/08/05 03:50:20.209, 21096, 100
2026/08/05 03:50:21.209, 21096, 100
2026/08/05 03:50:22.210, 21096, 84
2026/08/05 03:50:23.210, 21096, 100
2026/08/05 03:50:24.210, 21096, 100
2026/08/05 03:50:25.211, 21096, 100
2026/08/05 03:50:26.211, 21096, 100
2026/08/05 03:50:27.211, 21096, 100
2026/08/05 03:50:28.211, 21096, 100
2026/08/05 03:50:29.212, 21096, 100
2026/08/05 03:50:30.212, 21096, 100
2026/08/05 03:50:31.212, 21096, 83
2026/08/05 03:50:32.213, 21096, 100
2026/08/05 03:50:33.213, 21096, 100
2026/08/05 03:50:34.213, 21096, 100
2026/08/05 03:50:35.213, 21096, 94
2026/08/05 03:50:36.213, 21096, 100
2026/08/05 03:50:37.214, 21096, 100
2026/08/05 03:50:38.214, 21096, 100
2026/08/05 03:50:39.214, 21096, 100
2026/08/05 03:50:40.214, 21096, 100
2026/08/05 03:50:41.214, 21096, 91
2026/08/05 03:50:42.215, 21096, 100
2026/08/05 03:50:43.215, 21096, 100
2026/08/05 03:50:44.215, 21096, 100
2026/08/05 03:50:45.215, 21096, 100
2026/08/05 03:50:46.215, 21096, 100
2026/08/05 03:50:47.216, 21096, 100
2026/08/05 03:50:48.216, 21096, 100
2026/08/05 03:50:49.216, 21096, 75
2026/08/05 03:50:50.217, 21096, 100
2026/08/05 03:50:51.217, 21096, 100
2026/08/05 03:50:52.218, 21096, 100
2026/08/05 03:50:53.220, 21096, 100
2026/08/05 03:50:54.220, 21096, 100
2026/08/05 03:50:55.222, 21096, 100
2026/08/05 03:50:56.223, 21096, 100
2026/08/05 03:50:57.224, 21096, 100
2026/08/05 03:50:58.226, 21096, 100
2026/08/05 03:50:59.227, 21096, 100
2026/08/05 03:51:00.229, 21096, 100
2026/08/05 03:51:01.230, 21096, 100
2026/08/05 03:51:02.231, 21096, 100
2026/08/05 03:51:03.231, 21096, 100
2026/08/05 03:51:04.232, 21096, 100
2026/08/05 03:51:05.233, 21096, 100
2026/08/05 03:51:06.234, 21096, 100
2026/08/05 03:51:07.235, 21096, 100
2026/08/05 03:51:08.237, 21096, 100
2026/08/05 03:51:09.238, 21096, 100
2026/08/05 03:51:10.239, 21096, 100
2026/08/05 03:51:11.240, 21096, 100
2026/08/05 03:51:12.241, 21096, 100
2026/08/05 03:51:13.242, 21096, 70
2026/08/05 03:51:14.244, 21096, 83
2026/08/05 03:51:15.245, 21096, 100
2026/08/05 03:51:16.246, 21096, 100
2026/08/05 03:51:17.248, 21096, 100
2026/08/05 03:51:18.249, 21096, 100
2026/08/05 03:51:19.250, 21096, 100
2026/08/05 03:51:20.252, 21096, 100
2026/08/05 03:51:21.253, 21096, 100
2026/08/05 03:51:22.254, 21096, 83
2026/08/05 03:51:23.256, 21096, 76
2026/08/05 03:51:24.257, 21096, 100
2026/08/05 03:51:25.258, 21096, 100
2026/08/05 03:51:26.260, 21096, 100
2026/08/05 03:51:27.261, 21096, 100
2026/08/05 03:51:28.262, 21096, 100
2026/08/05 03:51:29.264, 21096, 100
2026/08/05 03:51:30.265, 21096, 100
2026/08/05 03:51:31.267, 21096, 100
2026/08/05 03:51:32.268, 21096, 100
2026/08/05 03:51:33.269, 21096, 100
2026/08/05 03:51:34.270, 21096, 100
2026/08/05 03:51:35.271, 21096, 100
2026/08/05 03:51:36.273, 21096, 85
2026/08/05 03:51:37.274, 21096, 100
2026/08/05 03:51:38.275, 21096, 100
2026/08/05 03:51:39.277, 21096, 100
2026/08/05 03:51:40.278, 21096, 100
2026/08/05 03:51:41.279, 21096, 65
2026/08/05 03:51:42.279, 21096, 100
2026/08/05 03:51:43.280, 21096, 100
2026/08/05 03:51:44.281, 21096, 100
2026/08/05 03:51:45.282, 21096, 84
2026/08/05 03:51:46.282, 21096, 100
2026/08/05 03:51:47.283, 21096, 100
2026/08/05 03:51:48.284, 21096, 100
2026/08/05 03:51:49.285, 21096, 100
2026/08/05 03:51:50.286, 21096, 100
2026/08/05 03:51:51.287, 21096, 100
2026/08/05 03:51:52.288, 21096, 100
2026/08/05 03:51:53.288, 21096, 100
2026/08/05 03:51:54.290, 21096, 85
2026/08/05 03:51:55.290, 21096, 70
2026/08/05 03:51:56.290, 21096, 100
2026/08/05 03:51:57.290, 21096, 100
2026/08/05 03:51:58.290, 21096, 100
2026/08/05 03:51:59.291, 21096, 85
2026/08/05 03:52:00.291, 21096, 100
2026/08/05 03:52:01.291, 21096, 100
2026/08/05 03:52:02.291, 21096, 100
2026/08/05 03:52:03.291, 21096, 100
2026/08/05 03:52:04.292, 21096, 100
2026/08/05 03:52:05.292, 21096, 100
2026/08/05 03:52:06.292, 21096, 100
2026/08/05 03:52:07.292, 21096, 100
2026/08/05 03:52:08.293, 21096, 100
2026/08/05 03:52:09.293, 21096, 85
2026/08/05 03:52:10.293, 21096, 100
2026/08/05 03:52:11.293, 21096, 100
2026/08/05 03:52:12.293, 21096, 100
2026/08/05 03:52:13.294, 21096, 100
2026/08/05 03:52:14.294, 21096, 100
2026/08/05 03:52:15.294, 21096, 0
2026/08/05 03:52:16.294, 21096, 0
2026/08/05 03:52:17.295, 21096, 0
2026/08/05 03:52:18.295, 21096, 0
