2026/08/04 11:49:02.774, 1, 0
2026/08/04 11:49:03.783, 1, 0
2026/08/04 11:49:04.785, 1, 0
2026/08/04 11:49:05.786, 1, 0
2026/08/04 11:49:06.787, 1, 0
2026/08/04 11:49:07.789, 4, 0
2026/08/04 11:49:08.790, 4, 0
2026/08/04 11:49:09.792, 4, 0
2026/08/04 11:49:10.793, 4, 0
2026/08/04 11:49:11.795, 4, 0
2026/08/04 11:49:12.797, 4, 0
2026/08/04 11:49:13.798, 4, 0
2026/08/04 11:49:14.800, 4, 0
2026/08/04 11:49:15.801, 4, 0
2026/08/04 11:49:16.803, 4, 0
2026/08/04 11:49:17.804, 4, 0
2026/08/04 11:49:18.806, 4, 0
2026/08/04 11:49:19.807, 4, 0
2026/08/04 11:49:20.809, 1306, 0
2026/08/04 11:49:21.810, 2212, 27
2026/08/04 11:49:22.812, 3198, 29
2026/08/04 11:49:23.813, 4184, 26
2026/08/04 11:49:24.815, 5698, 7
2026/08/04 11:49:25.816, 5880, 0
2026/08/04 11:49:26.817, 6794, 0
2026/08/04 11:49:27.819, 8392, 94
2026/08/04 11:49:28.820, 8476, 100
2026/08/04 11:49:29.821, 8640, 100
2026/08/04 11:49:30.823, 8640, 100
2026/08/04 11:49:31.824, 8640, 100
2026/08/04 11:49:32.826, 8640, 93
2026/08/04 11:49:33.827, 11160, 100
2026/08/04 11:49:34.828, 11160, 100
2026/08/04 11:49:35.830, 11162, 100
2026/08/04 11:49:36.831, 11162, 85
2026/08/04 11:49:37.833, 11164, 92
2026/08/04 11:49:38.834, 11164, 100
2026/08/04 11:49:39.837, 11164, 100
2026/08/04 11:49:40.840, 11164, 100
2026/08/04 11:49:41.844, 11164, 100
2026/08/04 11:49:42.848, 11164, 100
2026/08/04 11:49:43.851, 11164, 100
2026/08/04 11:49:44.855, 11164, 100
2026/08/04 11:49:45.857, 11164, 100
2026/08/04 11:49:46.860, 14074, 100
2026/08/04 11:49:47.862, 14074, 100
2026/08/04 11:49:48.865, 14074, 100
2026/08/04 11:49:49.868, 14074, 100
2026/08/04 11:49:50.871, 14074, 100
2026/08/04 11:49:51.873, 17530, 100
2026/08/04 11:49:52.876, 17530, 100
2026/08/04 11:49:53.878, 17530, 100
2026/08/04 11:49:54.880, 17530, 100
2026/08/04 11:49:55.883, 17530, 100
2026/08/04 11:49:56.885, 17530, 100
2026/08/04 11:49:57.888, 17530, 100
2026/08/04 11:49:58.890, 17530, 100
2026/08/04 11:49:59.893, 17530, 84
2026/08/04 11:50:00.895, 17530, 100
2026/08/04 11:50:01.897, 17530, 100
2026/08/04 11:50:02.899, 17530, 100
2026/08/04 11:50:03.902, 17530, 100
2026/08/04 11:50:04.904, 17530, 100
2026/08/04 11:50:05.907, 17530, 100
2026/08/04 11:50:06.909, 17530, 100
2026/08/04 11:50:07.912, 17530, 100
2026/08/04 11:50:08.914, 17530, 100
2026/08/04 11:50:09.917, 17530, 100
2026/08/04 11:50:10.919, 17530, 100
2026/08/04 11:50:11.921, 17530, 100
2026/08/04 11:50:12.924, 17530, 100
2026/08/04 11:50:13.926, 17530, 100
2026/08/04 11:50:14.929, 17530, 100
2026/08/04 11:50:15.931, 17530, 80
2026/08/04 11:50:16.932, 17530, 100
2026/08/04 11:50:17.934, 17530, 100
2026/08/04 11:50:18.935, 17530, 100
2026/08/04 11:50:19.936, 17530, 100
2026/08/04 11:50:20.938, 17530, 100
2026/08/04 11:50:21.939, 17530, 100
2026/08/04 11:50:22.940, 17530, 100
2026/08/04 11:50:23.941, 17530, 100
2026/08/04 11:50:24.943, 17530, 100
2026/08/04 11:50:25.944, 17530, 100
2026/08/04 11:50:26.946, 17530, 100
2026/08/04 11:50:27.947, 17530, 95
2026/08/04 11:50:28.948, 17530, 100
2026/08/04 11:50:29.950, 17530, 100
2026/08/04 11:50:30.951, 17530, 75
2026/08/04 11:50:31.953, 17530, 99
2026/08/04 11:50:32.954, 17530, 100
2026/08/04 11:50:33.955, 17530, 100
2026/08/04 11:50:34.959, 17530, 100
2026/08/04 11:50:35.960, 17530, 100
2026/08/04 11:50:36.962, 17530, 100
2026/08/04 11:50:37.963, 17530, 100
2026/08/04 11:50:38.965, 17530, 67
2026/08/04 11:50:39.966, 17530, 86
2026/08/04 11:50:40.967, 17530, 100
2026/08/04 11:50:41.969, 17530, 84
2026/08/04 11:50:42.970, 17530, 100
2026/08/04 11:50:43.972, 17530, 78
2026/08/04 11:50:44.973, 21094, 100
2026/08/04 11:50:45.974, 21094, 100
2026/08/04 11:50:46.976, 21094, 100
2026/08/04 11:50:47.977, 21094, 100
2026/08/04 11:50:48.978, 21094, 100
2026/08/04 11:50:49.980, 21094, 100
2026/08/04 11:50:50.981, 21094, 77
2026/08/04 11:50:51.982, 21094, 100
2026/08/04 11:50:52.984, 21094, 92
2026/08/04 11:50:53.985, 21094, 100
2026/08/04 11:50:54.986, 21094, 100
2026/08/04 11:50:55.988, 21094, 100
2026/08/04 11:50:56.989, 21094, 68
2026/08/04 11:50:57.990, 21094, 100
2026/08/04 11:50:58.992, 21094, 100
2026/08/04 11:50:59.993, 21094, 100
2026/08/04 11:51:00.995, 21094, 100
2026/08/04 11:51:01.996, 21094, 100
2026/08/04 11:51:02.997, 21094, 81
2026/08/04 11:51:03.999, 21094, 100
2026/08/04 11:51:05.001, 21094, 100
2026/08/04 11:51:06.002, 21094, 97
2026/08/04 11:51:07.003, 21094, 100
2026/08/04 11:51:08.005, 21094, 100
2026/08/04 11:51:09.006, 21094, 100
2026/08/04 11:51:10.008, 21094, 100
2026/08/04 11:51:11.009, 21094, 100
2026/08/04 11:51:12.010, 21094, 100
2026/08/04 11:51:13.012, 21094, 84
2026/08/04 11:51:14.013, 21094, 100
2026/08/04 11:51:15.015, 21094, 100
2026/08/04 11:51:16.016, 21094, 100
2026/08/04 11:51:17.017, 21094, 99
2026/08/04 11:51:18.019, 21094, 85
2026/08/04 11:51:19.020, 21094, 100
2026/08/04 11:51:20.022, 21094, 100
2026/08/04 11:51:21.023, 21094, 100
2026/08/04 11:51:22.024, 21094, 100
2026/08/04 11:51:23.026, 21094, 84
2026/08/04 11:51:24.027, 21094, 100
2026/08/04 11:51:25.028, 21094, 56
2026/08/04 11:51:26.030, 21094, 86
2026/08/04 11:51:27.031, 21094, 100
2026/08/04 11:51:28.033, 21094, 100
2026/08/04 11:51:29.034, 21094, 53
2026/08/04 11:51:30.035, 21094, 100
2026/08/04 11:51:31.037, 21094, 100
2026/08/04 11:51:32.038, 21094, 100
2026/08/04 11:51:33.040, 21094, 100
2026/08/04 11:51:34.041, 21094, 100
2026/08/04 11:51:35.043, 21094, 92
2026/08/04 11:51:36.044, 21094, 100
2026/08/04 11:51:37.045, 21094, 100
2026/08/04 11:51:38.047, 21094, 100
2026/08/04 11:51:39.048, 21094, 100
2026/08/04 11:51:40.050, 21094, 100
2026/08/04 11:51:41.052, 21094, 100
2026/08/04 11:51:42.053, 21094, 84
2026/08/04 11:51:43.055, 21094, 100
2026/08/04 11:51:44.056, 21094, 100
2026/08/04 11:51:45.057, 21094, 100
2026/08/04 11:51:46.062, 21094, 100
2026/08/04 11:51:47.062, 21094, 100
2026/08/04 11:51:48.062, 21094, 100
2026/08/04 11:51:49.062, 21094, 100
2026/08/04 11:51:50.063, 21094, 100
2026/08/04 11:51:51.063, 21094, 83
2026/08/04 11:51:52.063, 21094, 100
2026/08/04 11:51:53.064, 21094, 100
2026/08/04 11:51:54.064, 21094, 81
2026/08/04 11:51:55.064, 21094, 84
2026/08/04 11:51:56.067, 21094, 100
2026/08/04 11:51:57.067, 21094, 89
2026/08/04 11:51:58.067, 21094, 100
2026/08/04 11:51:59.068, 21094, 100
2026/08/04 11:52:00.068, 21094, 100
2026/08/04 11:52:01.068, 21094, 100
2026/08/04 11:52:02.069, 21094, 100
2026/08/04 11:52:03.069, 21094, 100
2026/08/04 11:52:04.069, 21094, 100
2026/08/04 11:52:05.070, 21094, 100
2026/08/04 11:52:06.070, 21094, 100
2026/08/04 11:52:07.070, 21094, 82
2026/08/04 11:52:08.071, 21094, 73
2026/08/04 11:52:09.071, 21094, 100
2026/08/04 11:52:10.071, 21094, 100
2026/08/04 11:52:11.072, 21094, 100
2026/08/04 11:52:12.072, 21094, 100
2026/08/04 11:52:13.072, 21094, 100
2026/08/04 11:52:14.073, 21094, 100
2026/08/04 11:52:15.073, 21094, 100
2026/08/04 11:52:16.073, 21094, 100
2026/08/04 11:52:17.074, 21094, 100
2026/08/04 11:52:18.074, 21094, 100
2026/08/04 11:52:19.074, 21094, 100
2026/08/04 11:52:20.074, 21094, 100
2026/08/04 11:52:21.075, 21094, 100
2026/08/04 11:52:22.075, 21094, 100
2026/08/04 11:52:23.076, 21094, 100
2026/08/04 11:52:24.076, 21094, 100
2026/08/04 11:52:25.076, 21094, 100
2026/08/04 11:52:26.077, 21094, 59
2026/08/04 11:52:27.077, 21094, 100
2026/08/04 11:52:28.078, 21094, 100
2026/08/04 11:52:29.078, 21094, 100
2026/08/04 11:52:30.078, 21094, 100
2026/08/04 11:52:31.078, 21094, 100
2026/08/04 11:52:32.079, 21094, 100
2026/08/04 11:52:33.079, 21094, 100
2026/08/04 11:52:34.079, 21094, 100
2026/08/04 11:52:35.079, 21094, 100
2026/08/04 11:52:36.080, 21094, 100
2026/08/04 11:52:37.080, 21094, 100
2026/08/04 11:52:38.081, 21094, 100
2026/08/04 11:52:39.081, 21094, 58
2026/08/04 11:52:40.081, 21094, 100
2026/08/04 11:52:41.084, 21094, 100
2026/08/04 11:52:42.084, 21094, 100
2026/08/04 11:52:43.084, 21094, 100
2026/08/04 11:52:44.084, 21094, 100
2026/08/04 11:52:45.085, 21094, 100
2026/08/04 11:52:46.085, 21094, 100
2026/08/04 11:52:47.085, 21094, 100
2026/08/04 11:52:48.085, 21094, 100
2026/08/04 11:52:49.086, 21094, 100
2026/08/04 11:52:50.086, 21094, 100
2026/08/04 11:52:51.086, 21094, 90
2026/08/04 11:52:52.086, 21094, 100
2026/08/04 11:52:53.087, 21094, 100
2026/08/04 11:52:54.087, 21094, 100
2026/08/04 11:52:55.087, 21094, 100
2026/08/04 11:52:56.087, 21094, 100
2026/08/04 11:52:57.088, 21094, 100
2026/08/04 11:52:58.088, 21094, 100
2026/08/04 11:52:59.088, 21094, 100
2026/08/04 11:53:00.089, 21094, 100
2026/08/04 11:53:01.095, 21094, 100
2026/08/04 11:53:02.095, 21094, 100
2026/08/04 11:53:03.095, 21094, 82
2026/08/04 11:53:04.095, 21094, 83
2026/08/04 11:53:05.096, 21094, 100
2026/08/04 11:53:06.096, 21094, 100
2026/08/04 11:53:07.096, 21094, 100
2026/08/04 11:53:08.096, 21094, 100
2026/08/04 11:53:09.097, 21094, 100
2026/08/04 11:53:10.097, 21094, 100
2026/08/04 11:53:11.098, 21094, 84
2026/08/04 11:53:12.098, 21094, 100
2026/08/04 11:53:13.098, 21094, 100
2026/08/04 11:53:14.098, 21094, 100
2026/08/04 11:53:15.099, 21094, 100
2026/08/04 11:53:16.099, 21094, 100
2026/08/04 11:53:17.099, 21094, 100
2026/08/04 11:53:18.099, 21094, 95
2026/08/04 11:53:19.100, 21094, 80
2026/08/04 11:53:20.100, 21094, 83
2026/08/04 11:53:21.100, 21094, 100
2026/08/04 11:53:22.100, 21094, 100
2026/08/04 11:53:23.101, 21094, 100
2026/08/04 11:53:24.102, 21094, 100
2026/08/04 11:53:25.110, 21094, 65
2026/08/04 11:53:26.116, 21094, 100
2026/08/04 11:53:27.124, 21094, 100
2026/08/04 11:53:28.130, 21094, 82
2026/08/04 11:53:29.136, 21094, 100
2026/08/04 11:53:30.143, 21094, 96
2026/08/04 11:53:31.148, 21094, 100
2026/08/04 11:53:32.153, 21094, 100
2026/08/04 11:53:33.158, 21094, 100
2026/08/04 11:53:34.163, 21094, 100
2026/08/04 11:53:35.168, 21094, 100
2026/08/04 11:53:36.172, 21094, 100
2026/08/04 11:53:37.176, 21094, 100
2026/08/04 11:53:38.179, 21094, 100
2026/08/04 11:53:39.184, 21094, 100
2026/08/04 11:53:40.187, 21094, 81
2026/08/04 11:53:41.190, 21094, 100
2026/08/04 11:53:42.194, 21094, 56
2026/08/04 11:53:43.197, 21094, 85
2026/08/04 11:53:44.200, 21094, 100
2026/08/04 11:53:45.203, 21094, 100
2026/08/04 11:53:46.205, 21094, 100
2026/08/04 11:53:47.208, 21094, 100
2026/08/04 11:53:48.210, 21094, 100
2026/08/04 11:53:49.212, 21094, 100
2026/08/04 11:53:50.215, 21094, 100
2026/08/04 11:53:51.218, 21094, 100
2026/08/04 11:53:52.220, 21094, 100
2026/08/04 11:53:53.222, 21094, 85
2026/08/04 11:53:54.225, 21094, 100
2026/08/04 11:53:55.226, 21094, 88
2026/08/04 11:53:56.229, 21094, 100
2026/08/04 11:53:57.230, 21094, 100
2026/08/04 11:53:58.232, 21094, 100
2026/08/04 11:53:59.233, 21094, 100
2026/08/04 11:54:00.235, 21094, 100
2026/08/04 11:54:01.236, 21094, 100
2026/08/04 11:54:02.238, 21094, 100
2026/08/04 11:54:03.240, 21094, 100
2026/08/04 11:54:04.241, 21094, 100
2026/08/04 11:54:05.242, 21094, 100
2026/08/04 11:54:06.244, 21094, 100
2026/08/04 11:54:07.245, 21094, 100
2026/08/04 11:54:08.247, 21094, 100
2026/08/04 11:54:09.248, 21094, 100
2026/08/04 11:54:10.250, 21094, 100
2026/08/04 11:54:11.251, 21094, 100
2026/08/04 11:54:12.253, 21094, 100
2026/08/04 11:54:13.254, 21094, 100
2026/08/04 11:54:14.256, 21094, 100
2026/08/04 11:54:15.257, 21094, 100
2026/08/04 11:54:16.259, 21094, 100
2026/08/04 11:54:17.260, 21094, 100
2026/08/04 11:54:18.261, 21094, 100
2026/08/04 11:54:19.263, 21094, 100
2026/08/04 11:54:20.264, 21094, 100
2026/08/04 11:54:21.266, 21094, 100
2026/08/04 11:54:22.267, 21094, 96
2026/08/04 11:54:23.269, 21094, 100
2026/08/04 11:54:24.270, 21094, 100
2026/08/04 11:54:25.271, 21094, 100
2026/08/04 11:54:26.273, 21094, 100
2026/08/04 11:54:27.274, 21094, 100
2026/08/04 11:54:28.276, 21094, 100
2026/08/04 11:54:29.276, 21094, 100
2026/08/04 11:54:30.276, 21094, 100
2026/08/04 11:54:31.276, 21094, 100
2026/08/04 11:54:32.277, 21094, 100
2026/08/04 11:54:33.277, 21094, 100
2026/08/04 11:54:34.277, 21094, 100
2026/08/04 11:54:35.277, 21094, 84
2026/08/04 11:54:36.278, 21094, 100
2026/08/04 11:54:37.278, 21094, 100
2026/08/04 11:54:38.278, 21094, 100
2026/08/04 11:54:39.278, 21094, 100
2026/08/04 11:54:40.278, 21094, 100
2026/08/04 11:54:41.279, 21094, 100
2026/08/04 11:54:42.279, 21094, 100
2026/08/04 11:54:43.279, 21094, 100
2026/08/04 11:54:44.279, 21094, 100
2026/08/04 11:54:45.279, 21094, 100
2026/08/04 11:54:46.279, 21094, 100
2026/08/04 11:54:47.280, 21094, 100
2026/08/04 11:54:48.280, 21094, 100
2026/08/04 11:54:49.280, 21094, 100
2026/08/04 11:54:50.281, 21094, 100
2026/08/04 11:54:51.281, 21094, 100
2026/08/04 11:54:52.281, 21094, 100
2026/08/04 11:54:53.281, 21094, 100
2026/08/04 11:54:54.281, 21094, 100
2026/08/04 11:54:55.282, 21094, 100
2026/08/04 11:54:56.282, 21094, 100
2026/08/04 11:54:57.282, 21094, 100
2026/08/04 11:54:58.282, 21094, 100
2026/08/04 11:54:59.282, 21094, 100
2026/08/04 11:55:00.283, 21094, 100
2026/08/04 11:55:01.283, 21094, 100
2026/08/04 11:55:02.283, 21094, 100
2026/08/04 11:55:03.283, 21094, 100
2026/08/04 11:55:04.284, 21094, 89
2026/08/04 11:55:05.284, 21094, 100
2026/08/04 11:55:06.284, 21094, 100
2026/08/04 11:55:07.285, 21094, 100
2026/08/04 11:55:08.285, 21094, 100
2026/08/04 11:55:09.285, 21094, 100
2026/08/04 11:55:10.285, 21094, 100
2026/08/04 11:55:11.286, 21094, 100
2026/08/04 11:55:12.286, 21094, 100
2026/08/04 11:55:13.286, 21094, 100
2026/08/04 11:55:14.287, 21094, 100
2026/08/04 11:55:15.287, 21094, 100
2026/08/04 11:55:16.287, 21094, 100
2026/08/04 11:55:17.287, 21094, 100
2026/08/04 11:55:18.288, 21094, 100
2026/08/04 11:55:19.288, 21094, 100
2026/08/04 11:55:20.288, 21094, 100
2026/08/04 11:55:21.288, 21094, 90
2026/08/04 11:55:22.289, 21094, 100
2026/08/04 11:55:23.289, 21094, 100
2026/08/04 11:55:24.289, 21094, 100
2026/08/04 11:55:25.289, 21094, 100
2026/08/04 11:55:26.290, 21094, 83
2026/08/04 11:55:27.290, 21094, 100
2026/08/04 11:55:28.290, 21094, 100
2026/08/04 11:55:29.290, 21094, 100
2026/08/04 11:55:30.291, 21094, 93
2026/08/04 11:55:31.291, 21094, 100
2026/08/04 11:55:32.291, 21094, 100
2026/08/04 11:55:33.292, 21094, 100
2026/08/04 11:55:34.295, 21094, 100
2026/08/04 11:55:35.304, 21094, 100
2026/08/04 11:55:36.313, 21094, 100
2026/08/04 11:55:37.322, 21094, 100
2026/08/04 11:55:38.329, 21094, 100
2026/08/04 11:55:39.337, 21094, 100
2026/08/04 11:55:40.344, 21094, 100
2026/08/04 11:55:41.351, 21094, 83
2026/08/04 11:55:42.358, 21094, 100
2026/08/04 11:55:43.364, 21094, 100
2026/08/04 11:55:44.369, 21094, 100
2026/08/04 11:55:45.375, 21094, 100
2026/08/04 11:55:46.380, 21094, 100
2026/08/04 11:55:47.385, 21094, 100
2026/08/04 11:55:48.390, 21094, 84
2026/08/04 11:55:49.395, 21094, 83
2026/08/04 11:55:50.399, 21094, 100
2026/08/04 11:55:51.403, 21094, 73
2026/08/04 11:55:52.408, 21094, 100
2026/08/04 11:55:53.411, 21094, 100
2026/08/04 11:55:54.415, 21094, 100
2026/08/04 11:55:55.418, 21094, 100
2026/08/04 11:55:56.422, 21094, 100
2026/08/04 11:55:57.425, 21094, 100
2026/08/04 11:55:58.428, 21094, 100
2026/08/04 11:55:59.432, 21094, 100
2026/08/04 11:56:00.435, 21094, 100
2026/08/04 11:56:01.438, 21094, 100
2026/08/04 11:56:02.440, 21094, 100
2026/08/04 11:56:03.443, 21094, 80
2026/08/04 11:56:04.445, 21094, 100
2026/08/04 11:56:05.448, 21094, 95
2026/08/04 11:56:06.450, 21094, 95
2026/08/04 11:56:07.453, 21094, 100
2026/08/04 11:56:08.455, 21094, 100
2026/08/04 11:56:09.457, 21094, 100
2026/08/04 11:56:10.459, 21094, 100
2026/08/04 11:56:11.461, 21094, 100
2026/08/04 11:56:12.464, 21094, 100
2026/08/04 11:56:13.466, 21094, 100
2026/08/04 11:56:14.467, 21094, 100
2026/08/04 11:56:15.469, 21094, 100
2026/08/04 11:56:16.470, 21094, 100
2026/08/04 11:56:17.472, 21094, 100
2026/08/04 11:56:18.473, 21094, 100
2026/08/04 11:56:19.475, 21094, 100
2026/08/04 11:56:20.476, 21094, 100
2026/08/04 11:56:21.477, 21094, 100
2026/08/04 11:56:22.478, 21094, 100
2026/08/04 11:56:23.480, 21094, 100
2026/08/04 11:56:24.481, 21096, 100
2026/08/04 11:56:25.482, 21096, 100
2026/08/04 11:56:26.484, 21096, 100
2026/08/04 11:56:27.485, 21096, 82
2026/08/04 11:56:28.486, 21096, 93
2026/08/04 11:56:29.488, 21096, 84
2026/08/04 11:56:30.489, 21096, 100
2026/08/04 11:56:31.491, 21096, 100
2026/08/04 11:56:32.492, 21096, 100
2026/08/04 11:56:33.493, 21096, 100
2026/08/04 11:56:34.495, 21096, 100
2026/08/04 11:56:35.497, 21096, 89
2026/08/04 11:56:36.498, 21096, 100
2026/08/04 11:56:37.499, 21096, 84
2026/08/04 11:56:38.500, 21096, 100
2026/08/04 11:56:39.500, 21096, 100
2026/08/04 11:56:40.500, 21096, 100
2026/08/04 11:56:41.500, 21096, 100
2026/08/04 11:56:42.500, 21096, 100
2026/08/04 11:56:43.501, 21096, 61
2026/08/04 11:56:44.501, 21096, 84
2026/08/04 11:56:45.501, 21096, 100
2026/08/04 11:56:46.501, 21096, 100
2026/08/04 11:56:47.502, 21096, 100
2026/08/04 11:56:48.502, 21096, 100
2026/08/04 11:56:49.502, 21096, 100
2026/08/04 11:56:50.502, 21096, 100
2026/08/04 11:56:51.502, 21096, 100
2026/08/04 11:56:52.503, 21096, 100
2026/08/04 11:56:53.503, 21096, 100
2026/08/04 11:56:54.503, 21096, 100
2026/08/04 11:56:55.503, 21096, 100
2026/08/04 11:56:56.504, 21096, 86
2026/08/04 11:56:57.504, 21096, 100
2026/08/04 11:56:58.504, 21096, 100
2026/08/04 11:56:59.504, 21096, 100
2026/08/04 11:57:00.504, 21096, 100
2026/08/04 11:57:01.505, 21096, 84
2026/08/04 11:57:02.505, 21096, 99
2026/08/04 11:57:03.505, 21096, 100
2026/08/04 11:57:04.505, 21096, 100
2026/08/04 11:57:05.506, 21096, 100
2026/08/04 11:57:06.506, 21096, 84
2026/08/04 11:57:07.507, 21096, 100
2026/08/04 11:57:08.507, 21096, 82
2026/08/04 11:57:09.507, 21096, 100
2026/08/04 11:57:10.507, 21096, 100
2026/08/04 11:57:11.508, 21096, 100
2026/08/04 11:57:12.508, 21096, 100
2026/08/04 11:57:13.508, 21096, 84
2026/08/04 11:57:14.508, 21096, 100
2026/08/04 11:57:15.509, 21096, 100
2026/08/04 11:57:16.509, 21096, 100
2026/08/04 11:57:17.509, 21096, 100
2026/08/04 11:57:18.510, 21096, 100
2026/08/04 11:57:19.510, 21096, 100
2026/08/04 11:57:20.510, 21096, 100
2026/08/04 11:57:21.510, 21096, 84
2026/08/04 11:57:22.510, 21096, 100
2026/08/04 11:57:23.511, 21096, 100
2026/08/04 11:57:24.511, 21096, 100
2026/08/04 11:57:25.511, 21096, 80
2026/08/04 11:57:26.512, 21096, 100
2026/08/04 11:57:27.512, 21096, 100
2026/08/04 11:57:28.512, 21096, 63
2026/08/04 11:57:29.512, 21096, 100
2026/08/04 11:57:30.513, 21096, 100
2026/08/04 11:57:31.513, 21096, 100
2026/08/04 11:57:32.513, 21096, 100
2026/08/04 11:57:33.513, 21096, 100
2026/08/04 11:57:34.514, 21096, 100
2026/08/04 11:57:35.514, 21096, 82
2026/08/04 11:57:36.514, 21096, 100
2026/08/04 11:57:37.514, 21096, 100
2026/08/04 11:57:38.515, 21096, 100
2026/08/04 11:57:39.515, 21096, 100
2026/08/04 11:57:40.515, 21096, 100
2026/08/04 11:57:41.515, 21096, 100
2026/08/04 11:57:42.515, 21096, 100
2026/08/04 11:57:43.516, 21096, 94
2026/08/04 11:57:44.516, 21096, 100
2026/08/04 11:57:45.516, 21096, 100
2026/08/04 11:57:46.516, 21096, 100
2026/08/04 11:57:47.516, 21096, 100
2026/08/04 11:57:48.517, 21096, 100
2026/08/04 11:57:49.517, 21096, 89
2026/08/04 11:57:50.517, 21096, 100
2026/08/04 11:57:51.517, 21096, 100
2026/08/04 11:57:52.517, 21096, 100
2026/08/04 11:57:53.518, 21096, 100
2026/08/04 11:57:54.518, 21096, 100
2026/08/04 11:57:55.518, 21096, 100
2026/08/04 11:57:56.518, 21096, 100
2026/08/04 11:57:57.519, 21096, 100
2026/08/04 11:57:58.519, 21096, 100
2026/08/04 11:57:59.519, 21096, 100
2026/08/04 11:58:00.519, 21096, 81
2026/08/04 11:58:01.519, 21096, 100
2026/08/04 11:58:02.520, 21096, 100
2026/08/04 11:58:03.520, 21096, 84
2026/08/04 11:58:04.520, 21096, 62
2026/08/04 11:58:05.520, 21096, 82
2026/08/04 11:58:06.521, 21096, 100
2026/08/04 11:58:07.521, 21096, 100
2026/08/04 11:58:08.521, 21096, 83
2026/08/04 11:58:09.521, 21096, 100
2026/08/04 11:58:10.522, 21096, 100
2026/08/04 11:58:11.522, 21096, 92
2026/08/04 11:58:12.522, 21096, 100
2026/08/04 11:58:13.522, 21096, 100
2026/08/04 11:58:14.523, 21096, 100
2026/08/04 11:58:15.523, 21096, 100
2026/08/04 11:58:16.523, 21096, 100
2026/08/04 11:58:17.523, 21096, 100
2026/08/04 11:58:18.524, 21096, 100
2026/08/04 11:58:19.524, 21096, 100
2026/08/04 11:58:20.524, 21096, 81
2026/08/04 11:58:21.524, 21096, 100
2026/08/04 11:58:22.525, 21096, 81
2026/08/04 11:58:23.525, 21096, 100
2026/08/04 11:58:24.525, 21096, 100
2026/08/04 11:58:25.526, 21096, 100
2026/08/04 11:58:26.526, 21096, 100
2026/08/04 11:58:27.526, 21096, 100
2026/08/04 11:58:28.526, 21096, 100
2026/08/04 11:58:29.526, 21096, 100
2026/08/04 11:58:30.527, 21096, 100
2026/08/04 11:58:31.527, 21096, 100
2026/08/04 11:58:32.527, 21096, 100
2026/08/04 11:58:33.528, 21096, 83
2026/08/04 11:58:34.528, 21096, 100
2026/08/04 11:58:35.528, 21096, 100
2026/08/04 11:58:36.529, 21096, 100
2026/08/04 11:58:37.529, 21096, 100
2026/08/04 11:58:38.529, 21096, 100
2026/08/04 11:58:39.529, 21096, 86
2026/08/04 11:58:40.530, 21096, 100
2026/08/04 11:58:41.530, 21096, 100
2026/08/04 11:58:42.530, 21096, 100
2026/08/04 11:58:43.531, 21096, 100
2026/08/04 11:58:44.531, 21096, 100
2026/08/04 11:58:45.531, 21096, 100
2026/08/04 11:58:46.532, 21096, 100
2026/08/04 11:58:47.532, 21096, 62
2026/08/04 11:58:48.532, 21096, 100
2026/08/04 11:58:49.532, 21096, 100
2026/08/04 11:58:50.532, 21096, 100
2026/08/04 11:58:51.533, 21096, 100
2026/08/04 11:58:52.533, 21096, 92
2026/08/04 11:58:53.533, 21096, 100
2026/08/04 11:58:54.533, 21096, 100
2026/08/04 11:58:55.534, 21096, 85
2026/08/04 11:58:56.534, 21096, 100
2026/08/04 11:58:57.534, 21096, 100
2026/08/04 11:58:58.534, 21096, 100
2026/08/04 11:58:59.535, 21096, 100
2026/08/04 11:59:00.535, 21096, 100
2026/08/04 11:59:01.535, 21096, 86
2026/08/04 11:59:02.536, 21096, 100
2026/08/04 11:59:03.536, 21096, 55
2026/08/04 11:59:04.536, 21096, 83
2026/08/04 11:59:05.536, 21096, 100
2026/08/04 11:59:06.537, 21096, 84
2026/08/04 11:59:07.537, 21096, 100
2026/08/04 11:59:08.537, 21096, 100
2026/08/04 11:59:09.537, 21096, 100
2026/08/04 11:59:10.537, 21096, 100
2026/08/04 11:59:11.538, 21096, 100
2026/08/04 11:59:12.538, 21096, 100
2026/08/04 11:59:13.538, 21096, 73
2026/08/04 11:59:14.538, 21096, 100
2026/08/04 11:59:15.539, 21096, 100
2026/08/04 11:59:16.539, 21096, 100
2026/08/04 11:59:17.539, 21096, 100
2026/08/04 11:59:18.540, 21096, 92
2026/08/04 11:59:19.540, 21096, 100
2026/08/04 11:59:20.540, 21096, 100
2026/08/04 11:59:21.541, 21096, 100
2026/08/04 11:59:22.541, 21096, 100
2026/08/04 11:59:23.541, 21096, 64
2026/08/04 11:59:24.541, 21096, 100
2026/08/04 11:59:25.542, 21096, 100
2026/08/04 11:59:26.542, 21096, 100
2026/08/04 11:59:27.542, 21096, 100
2026/08/04 11:59:28.542, 21096, 100
2026/08/04 11:59:29.543, 21096, 100
2026/08/04 11:59:30.543, 21096, 100
2026/08/04 11:59:31.543, 21096, 100
2026/08/04 11:59:32.543, 21096, 100
2026/08/04 11:59:33.544, 21096, 100
2026/08/04 11:59:34.544, 21096, 100
2026/08/04 11:59:35.544, 21096, 61
2026/08/04 11:59:36.544, 21096, 84
2026/08/04 11:59:37.545, 21096, 62
2026/08/04 11:59:38.545, 21096, 100
2026/08/04 11:59:39.545, 21096, 100
2026/08/04 11:59:40.545, 21096, 100
2026/08/04 11:59:41.546, 21096, 100
2026/08/04 11:59:42.546, 21096, 66
2026/08/04 11:59:43.546, 21096, 100
2026/08/04 11:59:44.546, 21096, 100
2026/08/04 11:59:45.547, 21096, 100
2026/08/04 11:59:46.547, 21096, 100
2026/08/04 11:59:47.548, 21096, 64
2026/08/04 11:59:48.548, 21096, 100
2026/08/04 11:59:49.548, 21096, 100
2026/08/04 11:59:50.548, 21096, 100
2026/08/04 11:59:51.549, 21096, 84
2026/08/04 11:59:52.549, 21096, 100
2026/08/04 11:59:53.549, 21096, 100
2026/08/04 11:59:54.549, 21096, 100
2026/08/04 11:59:55.549, 21096, 73
2026/08/04 11:59:56.550, 21096, 100
2026/08/04 11:59:57.550, 21096, 100
2026/08/04 11:59:58.550, 21096, 100
2026/08/04 11:59:59.550, 21096, 81
2026/08/04 12:00:00.551, 21096, 100
2026/08/04 12:00:01.551, 21096, 100
2026/08/04 12:00:02.551, 21096, 100
2026/08/04 12:00:03.551, 21096, 100
2026/08/04 12:00:04.552, 21096, 100
2026/08/04 12:00:05.552, 21096, 100
2026/08/04 12:00:06.552, 21096, 100
2026/08/04 12:00:07.552, 21096, 100
2026/08/04 12:00:08.553, 21096, 100
2026/08/04 12:00:09.553, 21096, 100
2026/08/04 12:00:10.553, 21096, 100
2026/08/04 12:00:11.553, 21096, 100
2026/08/04 12:00:12.554, 21096, 100
2026/08/04 12:00:13.554, 21096, 100
2026/08/04 12:00:14.554, 21096, 100
2026/08/04 12:00:15.554, 21096, 100
2026/08/04 12:00:16.555, 21096, 100
2026/08/04 12:00:17.555, 21096, 92
2026/08/04 12:00:18.555, 21096, 100
2026/08/04 12:00:19.555, 21096, 100
2026/08/04 12:00:20.555, 21096, 100
2026/08/04 12:00:21.556, 21096, 100
2026/08/04 12:00:22.556, 21096, 100
2026/08/04 12:00:23.556, 21096, 100
2026/08/04 12:00:24.556, 21096, 100
2026/08/04 12:00:25.556, 21096, 100
2026/08/04 12:00:26.557, 21096, 100
2026/08/04 12:00:27.557, 21096, 100
2026/08/04 12:00:28.557, 21096, 100
2026/08/04 12:00:29.557, 21096, 100
2026/08/04 12:00:30.557, 21096, 100
2026/08/04 12:00:31.558, 21096, 100
2026/08/04 12:00:32.558, 21096, 100
2026/08/04 12:00:33.558, 21096, 100
2026/08/04 12:00:34.558, 21096, 81
2026/08/04 12:00:35.559, 21096, 100
2026/08/04 12:00:36.559, 21096, 100
2026/08/04 12:00:37.559, 21096, 100
2026/08/04 12:00:38.560, 21096, 100
2026/08/04 12:00:39.560, 21096, 100
2026/08/04 12:00:40.560, 21096, 84
2026/08/04 12:00:41.560, 21096, 100
2026/08/04 12:00:42.561, 21096, 100
2026/08/04 12:00:43.561, 21096, 100
2026/08/04 12:00:44.561, 21096, 100
2026/08/04 12:00:45.562, 21096, 100
2026/08/04 12:00:46.562, 21096, 100
2026/08/04 12:00:47.562, 21096, 100
2026/08/04 12:00:48.562, 21096, 100
2026/08/04 12:00:49.563, 21096, 100
2026/08/04 12:00:50.563, 21096, 100
2026/08/04 12:00:51.563, 21096, 88
2026/08/04 12:00:52.564, 21096, 100
2026/08/04 12:00:53.564, 21096, 100
2026/08/04 12:00:54.564, 21096, 85
2026/08/04 12:00:55.565, 21096, 100
2026/08/04 12:00:56.565, 21096, 100
2026/08/04 12:00:57.579, 21096, 100
2026/08/04 12:00:58.600, 21096, 100
2026/08/04 12:00:59.618, 21096, 100
2026/08/04 12:01:00.634, 21096, 100
2026/08/04 12:01:01.649, 21096, 100
2026/08/04 12:01:02.661, 21096, 100
2026/08/04 12:01:03.672, 21096, 71
2026/08/04 12:01:04.682, 21096, 100
2026/08/04 12:01:05.690, 21096, 100
2026/08/04 12:01:06.698, 21096, 100
2026/08/04 12:01:07.704, 21096, 100
2026/08/04 12:01:08.711, 21096, 100
2026/08/04 12:01:09.716, 21096, 84
2026/08/04 12:01:10.720, 21096, 100
2026/08/04 12:01:11.725, 21096, 100
2026/08/04 12:01:12.730, 21096, 100
2026/08/04 12:01:13.733, 21096, 100
2026/08/04 12:01:14.736, 21096, 100
2026/08/04 12:01:15.739, 21096, 100
2026/08/04 12:01:16.742, 21096, 100
2026/08/04 12:01:17.744, 21096, 81
2026/08/04 12:01:18.747, 21096, 100
2026/08/04 12:01:19.749, 21096, 100
2026/08/04 12:01:20.751, 21096, 100
2026/08/04 12:01:21.752, 21096, 100
2026/08/04 12:01:22.753, 21096, 84
2026/08/04 12:01:23.755, 21096, 84
2026/08/04 12:01:24.756, 21096, 100
2026/08/04 12:01:25.758, 21096, 88
2026/08/04 12:01:26.759, 21096, 100
2026/08/04 12:01:27.760, 21096, 100
2026/08/04 12:01:28.762, 21096, 100
2026/08/04 12:01:29.762, 21096, 85
2026/08/04 12:01:30.762, 21096, 100
2026/08/04 12:01:31.763, 21096, 100
2026/08/04 12:01:32.763, 21096, 100
2026/08/04 12:01:33.763, 21096, 100
2026/08/04 12:01:34.763, 21096, 100
2026/08/04 12:01:35.764, 21096, 100
2026/08/04 12:01:36.764, 21096, 83
2026/08/04 12:01:37.764, 21096, 100
2026/08/04 12:01:38.764, 21096, 100
2026/08/04 12:01:39.764, 21096, 100
2026/08/04 12:01:40.765, 21096, 100
2026/08/04 12:01:41.765, 21096, 100
2026/08/04 12:01:42.765, 21096, 95
2026/08/04 12:01:43.765, 21096, 100
2026/08/04 12:01:44.766, 21096, 100
2026/08/04 12:01:45.766, 21096, 100
2026/08/04 12:01:46.766, 21096, 89
2026/08/04 12:01:47.766, 21096, 100
2026/08/04 12:01:48.767, 21096, 100
2026/08/04 12:01:49.767, 21096, 100
2026/08/04 12:01:50.767, 21096, 100
2026/08/04 12:01:51.767, 21096, 100
2026/08/04 12:01:52.768, 21096, 100
2026/08/04 12:01:53.768, 21096, 84
2026/08/04 12:01:54.768, 21096, 100
2026/08/04 12:01:55.768, 21096, 100
2026/08/04 12:01:56.769, 21096, 100
2026/08/04 12:01:57.769, 21096, 100
2026/08/04 12:01:58.769, 21096, 100
2026/08/04 12:01:59.769, 21096, 85
2026/08/04 12:02:00.770, 21096, 100
2026/08/04 12:02:01.770, 21096, 100
2026/08/04 12:02:02.777, 21096, 83
2026/08/04 12:02:03.786, 21096, 100
2026/08/04 12:02:04.793, 21096, 88
2026/08/04 12:02:05.800, 21096, 70
2026/08/04 12:02:06.805, 21096, 100
2026/08/04 12:02:07.811, 21096, 100
2026/08/04 12:02:08.816, 21096, 100
2026/08/04 12:02:09.820, 21096, 100
2026/08/04 12:02:10.824, 21096, 100
2026/08/04 12:02:11.828, 21096, 100
2026/08/04 12:02:12.831, 21096, 100
2026/08/04 12:02:13.834, 21096, 100
2026/08/04 12:02:14.838, 21096, 61
2026/08/04 12:02:15.840, 21096, 100
2026/08/04 12:02:16.843, 21096, 100
2026/08/04 12:02:17.845, 21096, 100
2026/08/04 12:02:18.847, 21096, 100
2026/08/04 12:02:19.850, 21096, 82
2026/08/04 12:02:20.852, 21096, 83
2026/08/04 12:02:21.855, 21096, 100
2026/08/04 12:02:22.856, 21096, 100
2026/08/04 12:02:23.858, 21096, 85
2026/08/04 12:02:24.859, 21096, 100
2026/08/04 12:02:25.860, 21096, 100
2026/08/04 12:02:26.861, 21096, 100
2026/08/04 12:02:27.863, 21096, 100
2026/08/04 12:02:28.864, 21096, 100
2026/08/04 12:02:29.866, 21096, 100
2026/08/04 12:02:30.867, 21096, 100
2026/08/04 12:02:31.869, 21096, 84
2026/08/04 12:02:32.871, 21096, 100
2026/08/04 12:02:33.872, 21096, 100
2026/08/04 12:02:34.874, 21096, 100
2026/08/04 12:02:35.874, 21096, 100
2026/08/04 12:02:36.874, 21096, 100
2026/08/04 12:02:37.874, 21096, 100
2026/08/04 12:02:38.875, 21096, 100
2026/08/04 12:02:39.875, 21096, 100
2026/08/04 12:02:40.875, 21096, 100
2026/08/04 12:02:41.876, 21096, 80
2026/08/04 12:02:42.876, 21096, 98
2026/08/04 12:02:43.876, 21096, 100
2026/08/04 12:02:44.876, 21096, 100
2026/08/04 12:02:45.877, 21096, 100
2026/08/04 12:02:46.877, 21096, 100
2026/08/04 12:02:47.877, 21096, 82
2026/08/04 12:02:48.877, 21096, 100
2026/08/04 12:02:49.878, 21096, 83
2026/08/04 12:02:50.878, 21096, 100
2026/08/04 12:02:51.878, 21096, 100
2026/08/04 12:02:52.879, 21096, 83
2026/08/04 12:02:53.879, 21096, 100
2026/08/04 12:02:54.879, 21096, 81
2026/08/04 12:02:55.880, 21096, 100
2026/08/04 12:02:56.880, 21096, 71
2026/08/04 12:02:57.880, 21096, 100
2026/08/04 12:02:58.880, 21096, 100
2026/08/04 12:02:59.881, 21096, 100
2026/08/04 12:03:00.881, 21096, 100
2026/08/04 12:03:01.881, 21096, 100
2026/08/04 12:03:02.882, 21096, 100
2026/08/04 12:03:03.882, 21096, 96
2026/08/04 12:03:04.882, 21096, 83
2026/08/04 12:03:05.882, 21096, 100
2026/08/04 12:03:06.883, 21096, 85
2026/08/04 12:03:07.883, 21096, 100
2026/08/04 12:03:08.883, 21096, 100
2026/08/04 12:03:09.883, 21096, 83
2026/08/04 12:03:10.884, 21096, 100
2026/08/04 12:03:11.884, 21096, 100
2026/08/04 12:03:12.885, 21096, 95
2026/08/04 12:03:13.886, 21096, 100
2026/08/04 12:03:14.886, 21096, 91
2026/08/04 12:03:15.887, 21096, 100
2026/08/04 12:03:16.889, 21096, 100
2026/08/04 12:03:17.889, 21096, 100
2026/08/04 12:03:18.891, 21096, 100
2026/08/04 12:03:19.892, 21096, 60
2026/08/04 12:03:20.893, 21096, 100
2026/08/04 12:03:21.895, 21096, 100
2026/08/04 12:03:22.896, 21096, 100
2026/08/04 12:03:23.898, 21096, 62
2026/08/04 12:03:24.899, 21096, 100
2026/08/04 12:03:25.900, 21096, 100
2026/08/04 12:03:26.902, 21096, 84
2026/08/04 12:03:27.903, 21096, 67
2026/08/04 12:03:28.904, 21096, 100
2026/08/04 12:03:29.906, 21096, 100
2026/08/04 12:03:30.907, 21096, 100
2026/08/04 12:03:31.908, 21096, 100
2026/08/04 12:03:32.910, 21096, 100
2026/08/04 12:03:33.911, 21096, 100
2026/08/04 12:03:34.912, 21096, 100
2026/08/04 12:03:35.914, 21096, 100
2026/08/04 12:03:36.915, 21096, 100
2026/08/04 12:03:37.917, 21096, 100
2026/08/04 12:03:38.918, 21096, 99
2026/08/04 12:03:39.918, 21096, 96
2026/08/04 12:03:40.919, 21096, 100
2026/08/04 12:03:41.919, 21096, 100
2026/08/04 12:03:42.920, 21096, 100
2026/08/04 12:03:43.920, 21096, 100
2026/08/04 12:03:44.920, 21096, 100
2026/08/04 12:03:45.921, 21096, 100
2026/08/04 12:03:46.921, 21096, 100
2026/08/04 12:03:47.921, 21096, 100
2026/08/04 12:03:48.923, 21096, 100
2026/08/04 12:03:49.924, 21096, 100
2026/08/04 12:03:50.926, 21096, 79
2026/08/04 12:03:51.927, 21096, 100
2026/08/04 12:03:52.928, 21096, 83
2026/08/04 12:03:53.930, 21096, 67
2026/08/04 12:03:54.931, 21096, 100
2026/08/04 12:03:55.933, 21096, 100
2026/08/04 12:03:56.934, 21096, 100
2026/08/04 12:03:57.935, 21096, 100
2026/08/04 12:03:58.937, 21096, 80
2026/08/04 12:03:59.937, 21096, 100
2026/08/04 12:04:00.939, 21096, 100
2026/08/04 12:04:01.939, 21096, 81
2026/08/04 12:04:02.941, 21096, 100
2026/08/04 12:04:03.941, 21096, 100
2026/08/04 12:04:04.942, 21096, 100
2026/08/04 12:04:05.942, 21096, 100
2026/08/04 12:04:06.944, 21096, 100
2026/08/04 12:04:07.944, 21096, 100
2026/08/04 12:04:08.945, 21096, 100
2026/08/04 12:04:09.947, 21096, 100
2026/08/04 12:04:10.948, 21096, 100
2026/08/04 12:04:11.950, 21096, 85
2026/08/04 12:04:12.951, 21096, 100
2026/08/04 12:04:13.952, 21096, 100
2026/08/04 12:04:14.954, 21096, 100
2026/08/04 12:04:15.955, 21096, 100
2026/08/04 12:04:16.956, 21096, 100
2026/08/04 12:04:17.958, 21096, 100
2026/08/04 12:04:18.959, 21096, 100
2026/08/04 12:04:19.960, 21096, 100
2026/08/04 12:04:20.962, 21096, 100
2026/08/04 12:04:21.963, 21096, 100
2026/08/04 12:04:22.964, 21096, 100
2026/08/04 12:04:23.966, 21096, 100
2026/08/04 12:04:24.966, 21096, 100
2026/08/04 12:04:25.968, 21096, 100
2026/08/04 12:04:26.969, 21096, 100
2026/08/04 12:04:27.971, 21096, 100
2026/08/04 12:04:28.971, 21096, 100
2026/08/04 12:04:29.973, 21096, 100
2026/08/04 12:04:30.974, 21096, 100
2026/08/04 12:04:31.976, 21096, 100
2026/08/04 12:04:32.977, 21096, 100
2026/08/04 12:04:33.978, 21096, 100
2026/08/04 12:04:34.980, 21096, 64
2026/08/04 12:04:35.980, 21096, 100
2026/08/04 12:04:36.982, 21096, 100
2026/08/04 12:04:37.983, 21096, 100
2026/08/04 12:04:38.984, 21096, 100
2026/08/04 12:04:39.986, 21096, 100
2026/08/04 12:04:40.987, 21096, 100
2026/08/04 12:04:41.988, 21096, 100
2026/08/04 12:04:42.990, 21096, 100
2026/08/04 12:04:43.991, 21096, 100
2026/08/04 12:04:44.992, 21096, 100
2026/08/04 12:04:45.993, 21096, 100
2026/08/04 12:04:46.995, 21096, 100
2026/08/04 12:04:47.996, 21096, 100
2026/08/04 12:04:48.997, 21096, 100
2026/08/04 12:04:49.998, 21096, 100
2026/08/04 12:04:50.999, 21096, 100
2026/08/04 12:04:52.001, 21096, 100
2026/08/04 12:04:53.002, 21096, 100
2026/08/04 12:04:54.004, 21096, 100
2026/08/04 12:04:55.005, 21096, 100
2026/08/04 12:04:56.006, 21096, 100
2026/08/04 12:04:57.008, 21096, 100
2026/08/04 12:04:58.009, 21096, 100
2026/08/04 12:04:59.011, 21096, 100
2026/08/04 12:05:00.012, 21096, 100
2026/08/04 12:05:01.013, 21096, 82
2026/08/04 12:05:02.015, 21096, 100
2026/08/04 12:05:03.016, 21096, 100
2026/08/04 12:05:04.017, 21096, 100
2026/08/04 12:05:05.018, 21096, 100
2026/08/04 12:05:06.018, 21096, 85
2026/08/04 12:05:07.020, 21096, 62
2026/08/04 12:05:08.021, 21096, 100
2026/08/04 12:05:09.022, 21096, 100
2026/08/04 12:05:10.023, 21096, 100
2026/08/04 12:05:11.024, 21096, 100
2026/08/04 12:05:12.026, 21096, 100
2026/08/04 12:05:13.026, 21096, 100
2026/08/04 12:05:14.028, 21096, 100
2026/08/04 12:05:15.029, 21096, 100
2026/08/04 12:05:16.031, 21096, 100
2026/08/04 12:05:17.033, 21096, 100
2026/08/04 12:05:18.034, 21096, 100
2026/08/04 12:05:19.036, 21096, 100
2026/08/04 12:05:20.037, 21096, 100
2026/08/04 12:05:21.041, 21096, 100
2026/08/04 12:05:22.042, 21096, 86
2026/08/04 12:05:23.043, 21096, 100
2026/08/04 12:05:24.044, 21096, 100
2026/08/04 12:05:25.046, 21096, 100
2026/08/04 12:05:26.047, 21096, 100
2026/08/04 12:05:27.048, 21096, 100
2026/08/04 12:05:28.050, 21096, 100
2026/08/04 12:05:29.051, 21096, 100
2026/08/04 12:05:30.052, 21096, 79
2026/08/04 12:05:31.053, 21096, 100
2026/08/04 12:05:32.054, 21096, 100
2026/08/04 12:05:33.055, 21096, 100
2026/08/04 12:05:34.057, 21096, 100
2026/08/04 12:05:35.058, 21096, 100
2026/08/04 12:05:36.059, 21096, 100
2026/08/04 12:05:37.059, 21096, 100
2026/08/04 12:05:38.060, 21096, 72
2026/08/04 12:05:39.062, 21096, 100
2026/08/04 12:05:40.063, 21096, 100
2026/08/04 12:05:41.064, 21096, 85
2026/08/04 12:05:42.065, 21096, 86
2026/08/04 12:05:43.067, 21096, 100
2026/08/04 12:05:44.068, 21096, 100
2026/08/04 12:05:45.069, 21096, 100
2026/08/04 12:05:46.072, 21096, 100
2026/08/04 12:05:47.073, 21096, 85
2026/08/04 12:05:48.073, 21096, 100
2026/08/04 12:05:49.074, 21096, 100
2026/08/04 12:05:50.074, 21096, 100
2026/08/04 12:05:51.074, 21096, 100
2026/08/04 12:05:52.075, 21096, 100
2026/08/04 12:05:53.075, 21096, 86
2026/08/04 12:05:54.075, 21096, 100
2026/08/04 12:05:55.076, 21096, 100
2026/08/04 12:05:56.077, 21096, 100
2026/08/04 12:05:57.077, 21096, 100
2026/08/04 12:05:58.078, 21096, 100
2026/08/04 12:05:59.078, 21096, 100
2026/08/04 12:06:00.078, 21096, 100
2026/08/04 12:06:01.078, 21096, 100
2026/08/04 12:06:02.079, 21096, 100
2026/08/04 12:06:03.079, 21096, 100
2026/08/04 12:06:04.079, 21096, 88
2026/08/04 12:06:05.079, 21096, 100
2026/08/04 12:06:06.080, 21096, 100
2026/08/04 12:06:07.080, 21096, 100
2026/08/04 12:06:08.081, 21096, 100
2026/08/04 12:06:09.081, 21096, 100
2026/08/04 12:06:10.081, 21096, 84
2026/08/04 12:06:11.083, 21096, 100
2026/08/04 12:06:12.084, 21096, 63
2026/08/04 12:06:13.084, 21096, 100
2026/08/04 12:06:14.084, 21096, 100
2026/08/04 12:06:15.085, 21096, 100
2026/08/04 12:06:16.085, 21096, 85
2026/08/04 12:06:17.085, 21096, 100
2026/08/04 12:06:18.085, 21096, 100
2026/08/04 12:06:19.086, 21096, 100
2026/08/04 12:06:20.086, 21096, 100
2026/08/04 12:06:21.086, 21096, 100
2026/08/04 12:06:22.087, 21096, 100
2026/08/04 12:06:23.087, 21096, 100
2026/08/04 12:06:24.088, 21096, 100
2026/08/04 12:06:25.088, 21096, 100
2026/08/04 12:06:26.089, 21096, 84
2026/08/04 12:06:27.089, 21096, 100
2026/08/04 12:06:28.090, 21096, 100
2026/08/04 12:06:29.090, 21096, 100
2026/08/04 12:06:30.090, 21096, 100
2026/08/04 12:06:31.092, 21096, 100
2026/08/04 12:06:32.093, 21096, 100
2026/08/04 12:06:33.093, 21096, 100
2026/08/04 12:06:34.093, 21096, 100
2026/08/04 12:06:35.093, 21096, 100
2026/08/04 12:06:36.094, 21096, 100
2026/08/04 12:06:37.094, 21096, 100
2026/08/04 12:06:38.094, 21096, 84
2026/08/04 12:06:39.094, 21096, 59
2026/08/04 12:06:40.095, 21096, 100
2026/08/04 12:06:41.095, 21096, 100
2026/08/04 12:06:42.095, 21096, 100
2026/08/04 12:06:43.095, 21096, 100
2026/08/04 12:06:44.096, 21096, 85
2026/08/04 12:06:45.096, 21096, 67
2026/08/04 12:06:46.096, 21096, 100
2026/08/04 12:06:47.096, 21096, 100
2026/08/04 12:06:48.097, 21096, 100
2026/08/04 12:06:49.097, 21096, 100
2026/08/04 12:06:50.097, 21096, 95
2026/08/04 12:06:51.098, 21096, 100
2026/08/04 12:06:52.098, 21096, 100
2026/08/04 12:06:53.098, 21096, 100
2026/08/04 12:06:54.099, 21096, 100
2026/08/04 12:06:55.099, 21096, 100
2026/08/04 12:06:56.099, 21096, 100
2026/08/04 12:06:57.099, 21096, 63
2026/08/04 12:06:58.100, 21096, 100
2026/08/04 12:06:59.100, 21096, 100
2026/08/04 12:07:00.100, 21096, 100
2026/08/04 12:07:01.101, 21096, 86
2026/08/04 12:07:02.101, 21096, 100
2026/08/04 12:07:03.102, 21096, 100
2026/08/04 12:07:04.102, 21096, 100
2026/08/04 12:07:05.102, 21096, 100
2026/08/04 12:07:06.102, 21096, 100
2026/08/04 12:07:07.103, 21096, 100
2026/08/04 12:07:08.103, 21096, 100
2026/08/04 12:07:09.103, 21096, 100
2026/08/04 12:07:10.103, 21096, 100
2026/08/04 12:07:11.104, 21096, 100
2026/08/04 12:07:12.104, 21096, 100
2026/08/04 12:07:13.104, 21096, 100
2026/08/04 12:07:14.104, 21096, 100
2026/08/04 12:07:15.105, 21096, 100
2026/08/04 12:07:16.105, 21096, 100
2026/08/04 12:07:17.105, 21096, 100
2026/08/04 12:07:18.106, 21096, 100
2026/08/04 12:07:19.106, 21096, 80
2026/08/04 12:07:20.106, 21096, 100
2026/08/04 12:07:21.106, 21096, 100
2026/08/04 12:07:22.107, 21096, 100
2026/08/04 12:07:23.107, 21096, 100
2026/08/04 12:07:24.107, 21096, 83
2026/08/04 12:07:25.108, 21096, 100
2026/08/04 12:07:26.108, 21096, 100
2026/08/04 12:07:27.108, 21096, 85
2026/08/04 12:07:28.108, 21096, 100
2026/08/04 12:07:29.109, 21096, 100
2026/08/04 12:07:30.109, 21096, 100
2026/08/04 12:07:31.109, 21096, 100
2026/08/04 12:07:32.109, 21096, 100
2026/08/04 12:07:33.110, 21096, 100
2026/08/04 12:07:34.110, 21096, 100
2026/08/04 12:07:35.110, 21096, 100
2026/08/04 12:07:36.110, 21096, 100
2026/08/04 12:07:37.111, 21096, 100
2026/08/04 12:07:38.111, 21096, 100
2026/08/04 12:07:39.111, 21096, 100
2026/08/04 12:07:40.111, 21096, 100
2026/08/04 12:07:41.111, 21096, 83
2026/08/04 12:07:42.112, 21096, 100
2026/08/04 12:07:43.112, 21096, 100
2026/08/04 12:07:44.112, 21096, 100
2026/08/04 12:07:45.113, 21096, 100
2026/08/04 12:07:46.113, 21096, 65
2026/08/04 12:07:47.113, 21096, 100
2026/08/04 12:07:48.113, 21096, 100
2026/08/04 12:07:49.114, 21096, 100
2026/08/04 12:07:50.114, 21096, 100
2026/08/04 12:07:51.114, 21096, 100
2026/08/04 12:07:52.114, 21096, 86
2026/08/04 12:07:53.115, 21096, 100
2026/08/04 12:07:54.115, 21096, 100
2026/08/04 12:07:55.115, 21096, 100
2026/08/04 12:07:56.115, 21096, 84
2026/08/04 12:07:57.116, 21096, 100
2026/08/04 12:07:58.116, 21096, 100
2026/08/04 12:07:59.116, 21096, 100
2026/08/04 12:08:00.116, 21096, 100
2026/08/04 12:08:01.117, 21096, 100
2026/08/04 12:08:02.117, 21096, 100
2026/08/04 12:08:03.117, 21096, 100
2026/08/04 12:08:04.117, 21096, 100
2026/08/04 12:08:05.118, 21096, 100
2026/08/04 12:08:06.118, 21096, 100
2026/08/04 12:08:07.118, 21096, 100
2026/08/04 12:08:08.118, 21096, 82
2026/08/04 12:08:09.119, 21096, 100
2026/08/04 12:08:10.119, 21096, 100
2026/08/04 12:08:11.119, 21096, 85
2026/08/04 12:08:12.119, 21096, 100
2026/08/04 12:08:13.120, 21096, 100
2026/08/04 12:08:14.120, 21096, 100
2026/08/04 12:08:15.120, 21096, 100
2026/08/04 12:08:16.121, 21096, 100
2026/08/04 12:08:17.121, 21096, 100
2026/08/04 12:08:18.121, 21096, 100
2026/08/04 12:08:19.121, 21096, 100
2026/08/04 12:08:20.121, 21096, 100
2026/08/04 12:08:21.122, 21096, 100
2026/08/04 12:08:22.122, 21096, 100
2026/08/04 12:08:23.122, 21096, 84
2026/08/04 12:08:24.123, 21096, 100
2026/08/04 12:08:25.123, 21096, 100
2026/08/04 12:08:26.123, 21096, 62
2026/08/04 12:08:27.123, 21096, 100
2026/08/04 12:08:28.124, 21096, 100
2026/08/04 12:08:29.124, 21096, 100
2026/08/04 12:08:30.124, 21096, 100
2026/08/04 12:08:31.124, 21096, 100
2026/08/04 12:08:32.124, 21096, 84
2026/08/04 12:08:33.124, 21096, 100
2026/08/04 12:08:34.125, 21096, 100
2026/08/04 12:08:35.125, 21096, 100
2026/08/04 12:08:36.125, 21096, 100
2026/08/04 12:08:37.125, 21096, 85
2026/08/04 12:08:38.125, 21096, 100
2026/08/04 12:08:39.126, 21096, 100
2026/08/04 12:08:40.126, 21096, 100
2026/08/04 12:08:41.126, 21096, 84
2026/08/04 12:08:42.126, 21096, 100
2026/08/04 12:08:43.126, 21096, 100
2026/08/04 12:08:44.127, 21096, 100
2026/08/04 12:08:45.127, 21096, 100
2026/08/04 12:08:46.127, 21096, 100
2026/08/04 12:08:47.127, 21096, 100
2026/08/04 12:08:48.128, 21096, 100
2026/08/04 12:08:49.128, 21096, 100
2026/08/04 12:08:50.128, 21096, 100
2026/08/04 12:08:51.128, 21096, 100
2026/08/04 12:08:52.128, 21096, 100
2026/08/04 12:08:53.129, 21096, 100
2026/08/04 12:08:54.129, 21096, 100
2026/08/04 12:08:55.129, 21096, 100
2026/08/04 12:08:56.129, 21096, 100
2026/08/04 12:08:57.129, 21096, 100
2026/08/04 12:08:58.130, 21096, 100
2026/08/04 12:08:59.130, 21096, 100
2026/08/04 12:09:00.130, 21096, 100
2026/08/04 12:09:01.130, 21096, 84
2026/08/04 12:09:02.131, 21096, 82
2026/08/04 12:09:03.131, 21096, 100
2026/08/04 12:09:04.131, 21096, 83
2026/08/04 12:09:05.131, 21096, 100
2026/08/04 12:09:06.131, 21096, 100
2026/08/04 12:09:07.132, 21096, 100
2026/08/04 12:09:08.132, 21096, 84
2026/08/04 12:09:09.132, 21096, 100
2026/08/04 12:09:10.132, 21096, 100
2026/08/04 12:09:11.132, 21096, 100
2026/08/04 12:09:12.133, 21096, 100
2026/08/04 12:09:13.133, 21096, 100
2026/08/04 12:09:14.133, 21096, 100
2026/08/04 12:09:15.133, 21096, 100
2026/08/04 12:09:16.134, 21096, 100
2026/08/04 12:09:17.134, 21096, 100
2026/08/04 12:09:18.134, 21096, 100
2026/08/04 12:09:19.134, 21096, 100
2026/08/04 12:09:20.134, 21096, 100
2026/08/04 12:09:21.135, 21096, 100
2026/08/04 12:09:22.135, 21096, 100
2026/08/04 12:09:23.135, 21096, 83
2026/08/04 12:09:24.135, 21096, 84
2026/08/04 12:09:25.136, 21096, 83
2026/08/04 12:09:26.136, 21096, 100
2026/08/04 12:09:27.136, 21096, 100
2026/08/04 12:09:28.136, 21096, 100
2026/08/04 12:09:29.137, 21096, 100
2026/08/04 12:09:30.137, 21096, 85
2026/08/04 12:09:31.137, 21096, 100
2026/08/04 12:09:32.137, 21096, 100
2026/08/04 12:09:33.137, 21096, 85
2026/08/04 12:09:34.138, 21096, 100
2026/08/04 12:09:35.138, 21096, 100
2026/08/04 12:09:36.138, 21096, 100
2026/08/04 12:09:37.138, 21096, 100
2026/08/04 12:09:38.138, 21096, 100
2026/08/04 12:09:39.139, 21096, 100
2026/08/04 12:09:40.139, 21096, 100
2026/08/04 12:09:41.139, 21096, 100
2026/08/04 12:09:42.139, 21096, 100
2026/08/04 12:09:43.140, 21096, 100
2026/08/04 12:09:44.140, 21096, 100
2026/08/04 12:09:45.140, 21096, 100
2026/08/04 12:09:46.140, 21096, 100
2026/08/04 12:09:47.140, 21096, 100
2026/08/04 12:09:48.141, 21096, 81
2026/08/04 12:09:49.141, 21096, 100
2026/08/04 12:09:50.141, 21096, 100
2026/08/04 12:09:51.141, 21096, 100
2026/08/04 12:09:52.142, 21096, 100
2026/08/04 12:09:53.142, 21096, 100
2026/08/04 12:09:54.142, 21096, 100
2026/08/04 12:09:55.142, 21096, 100
2026/08/04 12:09:56.143, 21096, 100
2026/08/04 12:09:57.143, 21096, 83
2026/08/04 12:09:58.143, 21096, 85
2026/08/04 12:09:59.143, 21096, 100
2026/08/04 12:10:00.144, 21096, 100
2026/08/04 12:10:01.144, 21096, 100
2026/08/04 12:10:02.144, 21096, 100
2026/08/04 12:10:03.144, 21096, 100
2026/08/04 12:10:04.145, 21096, 100
2026/08/04 12:10:05.145, 21096, 100
2026/08/04 12:10:06.145, 21096, 100
2026/08/04 12:10:07.145, 21096, 100
2026/08/04 12:10:08.145, 21096, 100
2026/08/04 12:10:09.146, 21096, 85
2026/08/04 12:10:10.146, 21096, 71
2026/08/04 12:10:11.146, 21096, 100
2026/08/04 12:10:12.147, 21096, 87
2026/08/04 12:10:13.147, 21096, 100
2026/08/04 12:10:14.147, 21096, 89
2026/08/04 12:10:15.148, 21096, 71
2026/08/04 12:10:16.148, 21096, 100
2026/08/04 12:10:17.148, 21096, 100
2026/08/04 12:10:18.148, 21096, 100
2026/08/04 12:10:19.149, 21096, 100
2026/08/04 12:10:20.149, 21096, 100
2026/08/04 12:10:21.149, 21096, 100
2026/08/04 12:10:22.149, 21096, 100
2026/08/04 12:10:23.150, 21096, 100
2026/08/04 12:10:24.150, 21096, 100
2026/08/04 12:10:25.150, 21096, 76
2026/08/04 12:10:26.150, 21096, 84
2026/08/04 12:10:27.151, 21096, 100
2026/08/04 12:10:28.151, 21096, 100
2026/08/04 12:10:29.152, 21096, 100
2026/08/04 12:10:30.152, 21096, 100
2026/08/04 12:10:31.152, 21096, 100
2026/08/04 12:10:32.152, 21096, 100
2026/08/04 12:10:33.153, 21096, 100
2026/08/04 12:10:34.153, 21096, 100
2026/08/04 12:10:35.153, 21096, 100
2026/08/04 12:10:36.154, 21096, 100
2026/08/04 12:10:37.154, 21096, 86
2026/08/04 12:10:38.154, 21096, 100
2026/08/04 12:10:39.154, 21096, 100
2026/08/04 12:10:40.155, 21096, 100
2026/08/04 12:10:41.155, 21096, 84
2026/08/04 12:10:42.155, 21096, 97
2026/08/04 12:10:43.156, 21096, 84
2026/08/04 12:10:44.156, 21096, 100
2026/08/04 12:10:45.156, 21096, 100
2026/08/04 12:10:46.156, 21096, 100
2026/08/04 12:10:47.157, 21096, 94
2026/08/04 12:10:48.157, 21096, 100
2026/08/04 12:10:49.157, 21096, 100
2026/08/04 12:10:50.157, 21096, 100
2026/08/04 12:10:51.158, 21096, 100
2026/08/04 12:10:52.158, 21096, 82
2026/08/04 12:10:53.158, 21096, 100
2026/08/04 12:10:54.158, 21096, 100
2026/08/04 12:10:55.159, 21096, 100
2026/08/04 12:10:56.159, 21096, 100
2026/08/04 12:10:57.159, 21096, 100
2026/08/04 12:10:58.160, 21096, 100
2026/08/04 12:10:59.160, 21096, 100
2026/08/04 12:11:00.160, 21096, 100
2026/08/04 12:11:01.160, 21096, 100
2026/08/04 12:11:02.161, 21096, 100
2026/08/04 12:11:03.161, 21096, 100
2026/08/04 12:11:04.161, 21096, 82
2026/08/04 12:11:05.161, 21096, 100
2026/08/04 12:11:06.162, 21096, 100
2026/08/04 12:11:07.162, 21096, 100
2026/08/04 12:11:08.162, 21096, 100
2026/08/04 12:11:09.162, 21096, 100
2026/08/04 12:11:10.162, 21096, 89
2026/08/04 12:11:11.163, 21096, 97
2026/08/04 12:11:12.163, 21096, 100
2026/08/04 12:11:13.163, 21096, 100
2026/08/04 12:11:14.163, 21096, 100
2026/08/04 12:11:15.164, 21096, 100
2026/08/04 12:11:16.164, 21096, 100
2026/08/04 12:11:17.164, 21096, 100
2026/08/04 12:11:18.164, 21096, 100
2026/08/04 12:11:19.164, 21096, 100
2026/08/04 12:11:20.165, 21096, 100
2026/08/04 12:11:21.165, 21096, 100
2026/08/04 12:11:22.165, 21096, 81
2026/08/04 12:11:23.166, 21096, 85
2026/08/04 12:11:24.166, 21096, 100
2026/08/04 12:11:25.166, 21096, 100
2026/08/04 12:11:26.166, 21096, 100
2026/08/04 12:11:27.166, 21096, 82
2026/08/04 12:11:28.167, 21096, 100
2026/08/04 12:11:29.167, 21096, 100
2026/08/04 12:11:30.167, 21096, 100
2026/08/04 12:11:31.167, 21096, 86
2026/08/04 12:11:32.168, 21096, 100
2026/08/04 12:11:33.168, 21096, 100
2026/08/04 12:11:34.168, 21096, 100
2026/08/04 12:11:35.168, 21096, 100
2026/08/04 12:11:36.168, 21096, 100
2026/08/04 12:11:37.169, 21096, 100
2026/08/04 12:11:38.169, 21096, 100
2026/08/04 12:11:39.169, 21096, 100
2026/08/04 12:11:40.169, 21096, 100
2026/08/04 12:11:41.170, 21096, 100
2026/08/04 12:11:42.170, 21096, 100
2026/08/04 12:11:43.170, 21096, 100
2026/08/04 12:11:44.170, 21096, 100
2026/08/04 12:11:45.170, 21096, 100
2026/08/04 12:11:46.171, 21096, 84
2026/08/04 12:11:47.172, 21096, 100
2026/08/04 12:11:48.172, 21096, 100
2026/08/04 12:11:49.172, 21096, 100
2026/08/04 12:11:50.172, 21096, 100
2026/08/04 12:11:51.173, 21096, 100
2026/08/04 12:11:52.173, 21096, 100
2026/08/04 12:11:53.173, 21096, 100
2026/08/04 12:11:54.173, 21096, 88
2026/08/04 12:11:55.174, 21096, 100
2026/08/04 12:11:56.174, 21096, 100
2026/08/04 12:11:57.174, 21096, 100
2026/08/04 12:11:58.174, 21096, 100
2026/08/04 12:11:59.175, 21096, 63
2026/08/04 12:12:00.175, 21096, 100
2026/08/04 12:12:01.175, 21096, 100
2026/08/04 12:12:02.175, 21096, 100
2026/08/04 12:12:03.175, 21096, 100
2026/08/04 12:12:04.176, 21096, 100
2026/08/04 12:12:05.176, 21096, 84
2026/08/04 12:12:06.176, 21096, 100
2026/08/04 12:12:07.176, 21096, 100
2026/08/04 12:12:08.176, 21096, 100
2026/08/04 12:12:09.177, 21096, 100
2026/08/04 12:12:10.177, 21096, 95
2026/08/04 12:12:11.177, 21096, 100
2026/08/04 12:12:12.177, 21096, 100
2026/08/04 12:12:13.178, 21096, 100
2026/08/04 12:12:14.180, 21096, 100
2026/08/04 12:12:15.183, 21096, 100
2026/08/04 12:12:16.185, 21096, 100
2026/08/04 12:12:17.187, 21096, 100
2026/08/04 12:12:18.189, 21096, 100
2026/08/04 12:12:19.191, 21096, 100
2026/08/04 12:12:20.194, 21096, 100
2026/08/04 12:12:21.196, 21096, 68
2026/08/04 12:12:22.198, 21096, 100
2026/08/04 12:12:23.201, 21096, 100
2026/08/04 12:12:24.203, 21096, 100
2026/08/04 12:12:25.205, 21096, 70
2026/08/04 12:12:26.208, 21096, 100
2026/08/04 12:12:27.209, 21096, 100
2026/08/04 12:12:28.211, 21096, 83
2026/08/04 12:12:29.212, 21096, 100
2026/08/04 12:12:30.213, 21096, 100
2026/08/04 12:12:31.215, 21096, 100
2026/08/04 12:12:32.216, 21096, 100
2026/08/04 12:12:33.218, 21096, 80
2026/08/04 12:12:34.219, 21096, 83
2026/08/04 12:12:35.221, 21096, 100
2026/08/04 12:12:36.222, 21096, 100
2026/08/04 12:12:37.224, 21096, 100
2026/08/04 12:12:38.225, 21096, 100
2026/08/04 12:12:39.226, 21096, 100
2026/08/04 12:12:40.228, 21096, 100
2026/08/04 12:12:41.229, 21096, 100
2026/08/04 12:12:42.231, 21096, 84
2026/08/04 12:12:43.232, 21096, 100
2026/08/04 12:12:44.234, 21096, 100
2026/08/04 12:12:45.235, 21096, 100
2026/08/04 12:12:46.237, 21096, 100
2026/08/04 12:12:47.238, 21096, 100
2026/08/04 12:12:48.239, 21096, 100
2026/08/04 12:12:49.241, 21096, 100
2026/08/04 12:12:50.243, 21096, 100
2026/08/04 12:12:51.244, 21096, 97
2026/08/04 12:12:52.245, 21096, 100
2026/08/04 12:12:53.247, 21096, 100
2026/08/04 12:12:54.248, 21096, 100
2026/08/04 12:12:55.250, 21096, 100
2026/08/04 12:12:56.251, 21096, 100
2026/08/04 12:12:57.252, 21096, 66
2026/08/04 12:12:58.254, 21096, 100
2026/08/04 12:12:59.255, 21096, 83
2026/08/04 12:13:00.257, 21096, 100
2026/08/04 12:13:01.258, 21096, 100
2026/08/04 12:13:02.260, 21096, 82
2026/08/04 12:13:03.261, 21096, 100
2026/08/04 12:13:04.263, 21096, 100
2026/08/04 12:13:05.264, 21096, 100
2026/08/04 12:13:06.265, 21096, 100
2026/08/04 12:13:07.267, 21096, 100
2026/08/04 12:13:08.268, 21096, 100
2026/08/04 12:13:09.269, 21096, 100
2026/08/04 12:13:10.271, 21096, 82
2026/08/04 12:13:11.272, 21096, 87
2026/08/04 12:13:12.274, 21096, 100
2026/08/04 12:13:13.275, 21096, 100
2026/08/04 12:13:14.276, 21096, 100
2026/08/04 12:13:15.278, 21096, 100
2026/08/04 12:13:16.279, 21096, 100
2026/08/04 12:13:17.281, 21096, 100
2026/08/04 12:13:18.282, 21096, 100
2026/08/04 12:13:19.283, 21096, 100
2026/08/04 12:13:20.285, 21096, 100
2026/08/04 12:13:21.286, 21096, 100
2026/08/04 12:13:22.287, 21096, 100
2026/08/04 12:13:23.289, 21096, 83
2026/08/04 12:13:24.290, 21096, 100
2026/08/04 12:13:25.291, 21096, 100
2026/08/04 12:13:26.293, 21096, 100
2026/08/04 12:13:27.294, 21096, 100
2026/08/04 12:13:28.296, 21096, 76
2026/08/04 12:13:29.297, 21096, 100
2026/08/04 12:13:30.298, 21096, 100
2026/08/04 12:13:31.300, 21096, 100
2026/08/04 12:13:32.301, 21096, 84
2026/08/04 12:13:33.302, 21096, 83
2026/08/04 12:13:34.304, 21096, 100
2026/08/04 12:13:35.305, 21096, 83
2026/08/04 12:13:36.306, 21096, 100
2026/08/04 12:13:37.308, 21096, 100
2026/08/04 12:13:38.309, 21096, 100
2026/08/04 12:13:39.310, 21096, 84
2026/08/04 12:13:40.312, 21096, 100
2026/08/04 12:13:41.313, 21096, 100
2026/08/04 12:13:42.315, 21096, 100
2026/08/04 12:13:43.316, 21096, 100
2026/08/04 12:13:44.317, 21096, 100
2026/08/04 12:13:45.319, 21096, 100
2026/08/04 12:13:46.320, 21096, 100
2026/08/04 12:13:47.321, 21096, 100
2026/08/04 12:13:48.323, 21096, 100
2026/08/04 12:13:49.324, 21096, 89
2026/08/04 12:13:50.325, 21096, 100
2026/08/04 12:13:51.327, 21096, 100
2026/08/04 12:13:52.328, 21096, 100
2026/08/04 12:13:53.330, 21096, 100
2026/08/04 12:13:54.331, 21096, 100
2026/08/04 12:13:55.332, 21096, 100
2026/08/04 12:13:56.334, 21096, 100
2026/08/04 12:13:57.335, 21096, 100
2026/08/04 12:13:58.337, 21096, 100
2026/08/04 12:13:59.338, 21096, 100
2026/08/04 12:14:00.339, 21096, 100
2026/08/04 12:14:01.341, 21096, 100
2026/08/04 12:14:02.342, 21096, 100
2026/08/04 12:14:03.343, 21096, 100
2026/08/04 12:14:04.345, 21096, 100
2026/08/04 12:14:05.345, 21096, 100
2026/08/04 12:14:06.347, 21096, 100
2026/08/04 12:14:07.348, 21096, 100
2026/08/04 12:14:08.349, 21096, 100
2026/08/04 12:14:09.351, 21096, 66
2026/08/04 12:14:10.352, 21096, 100
2026/08/04 12:14:11.353, 21096, 100
2026/08/04 12:14:12.355, 21096, 100
2026/08/04 12:14:13.356, 21096, 100
2026/08/04 12:14:14.358, 21096, 100
2026/08/04 12:14:15.359, 21096, 100
2026/08/04 12:14:16.360, 21096, 95
2026/08/04 12:14:17.361, 21096, 82
2026/08/04 12:14:18.362, 21096, 100
2026/08/04 12:14:19.363, 21096, 100
2026/08/04 12:14:20.364, 21096, 100
2026/08/04 12:14:21.366, 21096, 100
2026/08/04 12:14:22.366, 21096, 100
2026/08/04 12:14:23.366, 21096, 100
2026/08/04 12:14:24.367, 21096, 100
2026/08/04 12:14:25.367, 21096, 100
2026/08/04 12:14:26.367, 21096, 100
2026/08/04 12:14:27.367, 21096, 100
2026/08/04 12:14:28.369, 21096, 100
2026/08/04 12:14:29.370, 21096, 100
2026/08/04 12:14:30.371, 21096, 100
2026/08/04 12:14:31.372, 21096, 100
2026/08/04 12:14:32.372, 21096, 100
2026/08/04 12:14:33.372, 21096, 100
2026/08/04 12:14:34.372, 21096, 100
2026/08/04 12:14:35.373, 21096, 100
2026/08/04 12:14:36.373, 21096, 100
2026/08/04 12:14:37.373, 21096, 85
2026/08/04 12:14:38.373, 21096, 100
2026/08/04 12:14:39.374, 21096, 100
2026/08/04 12:14:40.374, 21096, 100
2026/08/04 12:14:41.374, 21096, 83
2026/08/04 12:14:42.375, 21096, 100
2026/08/04 12:14:43.375, 21096, 100
2026/08/04 12:14:44.375, 21096, 100
2026/08/04 12:14:45.375, 21096, 100
2026/08/04 12:14:46.376, 21096, 100
2026/08/04 12:14:47.376, 21096, 100
2026/08/04 12:14:48.376, 21096, 100
2026/08/04 12:14:49.377, 21096, 100
2026/08/04 12:14:50.377, 21096, 100
2026/08/04 12:14:51.377, 21096, 100
2026/08/04 12:14:52.377, 21096, 100
2026/08/04 12:14:53.377, 21096, 100
2026/08/04 12:14:54.378, 21096, 84
2026/08/04 12:14:55.378, 21096, 100
2026/08/04 12:14:56.378, 21096, 100
2026/08/04 12:14:57.378, 21096, 100
2026/08/04 12:14:58.379, 21096, 100
2026/08/04 12:14:59.379, 21096, 100
2026/08/04 12:15:00.379, 21096, 100
2026/08/04 12:15:01.379, 21096, 58
2026/08/04 12:15:02.380, 21096, 100
2026/08/04 12:15:03.380, 21096, 100
2026/08/04 12:15:04.380, 21096, 100
2026/08/04 12:15:05.380, 21096, 100
2026/08/04 12:15:06.381, 21096, 100
2026/08/04 12:15:07.381, 21096, 100
2026/08/04 12:15:08.381, 21096, 82
2026/08/04 12:15:09.382, 21096, 100
2026/08/04 12:15:10.382, 21096, 100
2026/08/04 12:15:11.382, 21096, 100
2026/08/04 12:15:12.382, 21096, 78
2026/08/04 12:15:13.383, 21096, 100
2026/08/04 12:15:14.383, 21096, 100
2026/08/04 12:15:15.383, 21096, 78
2026/08/04 12:15:16.384, 21096, 100
2026/08/04 12:15:17.384, 21096, 93
2026/08/04 12:15:18.384, 21096, 62
2026/08/04 12:15:19.385, 21096, 94
2026/08/04 12:15:20.385, 21096, 100
2026/08/04 12:15:21.385, 21096, 100
2026/08/04 12:15:22.385, 21096, 100
2026/08/04 12:15:23.386, 21096, 100
2026/08/04 12:15:24.386, 21096, 100
2026/08/04 12:15:25.386, 21096, 100
2026/08/04 12:15:26.386, 21096, 100
2026/08/04 12:15:27.387, 21096, 100
2026/08/04 12:15:28.387, 21096, 100
2026/08/04 12:15:29.387, 21096, 100
2026/08/04 12:15:30.387, 21096, 100
2026/08/04 12:15:31.388, 21096, 100
2026/08/04 12:15:32.388, 21096, 100
2026/08/04 12:15:33.388, 21096, 100
2026/08/04 12:15:34.388, 21096, 100
2026/08/04 12:15:35.389, 21096, 100
2026/08/04 12:15:36.389, 21096, 100
2026/08/04 12:15:37.389, 21096, 100
2026/08/04 12:15:38.389, 21096, 100
2026/08/04 12:15:39.390, 21096, 100
2026/08/04 12:15:40.390, 21096, 88
2026/08/04 12:15:41.390, 21096, 100
2026/08/04 12:15:42.390, 21096, 100
2026/08/04 12:15:43.391, 21096, 100
2026/08/04 12:15:44.391, 21096, 100
2026/08/04 12:15:45.391, 21096, 100
2026/08/04 12:15:46.391, 21096, 100
2026/08/04 12:15:47.392, 21096, 100
2026/08/04 12:15:48.392, 21096, 100
2026/08/04 12:15:49.392, 21096, 100
2026/08/04 12:15:50.392, 21096, 94
2026/08/04 12:15:51.393, 21096, 100
2026/08/04 12:15:52.393, 21096, 84
2026/08/04 12:15:53.393, 21096, 100
2026/08/04 12:15:54.394, 21096, 81
2026/08/04 12:15:55.394, 21096, 93
2026/08/04 12:15:56.395, 21096, 100
2026/08/04 12:15:57.395, 21096, 100
2026/08/04 12:15:58.395, 21096, 82
2026/08/04 12:15:59.395, 21096, 100
2026/08/04 12:16:00.395, 21096, 100
2026/08/04 12:16:01.396, 21096, 100
2026/08/04 12:16:02.396, 21096, 60
2026/08/04 12:16:03.396, 21096, 100
2026/08/04 12:16:04.396, 21096, 100
2026/08/04 12:16:05.397, 21096, 100
2026/08/04 12:16:06.397, 21096, 100
2026/08/04 12:16:07.398, 21096, 100
2026/08/04 12:16:08.398, 21096, 100
2026/08/04 12:16:09.398, 21096, 80
2026/08/04 12:16:10.398, 21096, 100
2026/08/04 12:16:11.399, 21096, 100
2026/08/04 12:16:12.399, 21096, 100
2026/08/04 12:16:13.399, 21096, 100
2026/08/04 12:16:14.400, 21096, 100
2026/08/04 12:16:15.400, 21096, 91
2026/08/04 12:16:16.400, 21096, 100
2026/08/04 12:16:17.400, 21096, 100
2026/08/04 12:16:18.401, 21096, 57
2026/08/04 12:16:19.401, 21096, 75
2026/08/04 12:16:20.401, 21096, 100
2026/08/04 12:16:21.402, 21096, 100
2026/08/04 12:16:22.402, 21096, 100
2026/08/04 12:16:23.402, 21096, 100
2026/08/04 12:16:24.402, 21096, 100
2026/08/04 12:16:25.403, 21096, 100
2026/08/04 12:16:26.403, 21096, 100
2026/08/04 12:16:27.403, 21096, 100
2026/08/04 12:16:28.403, 21096, 100
2026/08/04 12:16:29.405, 21096, 100
2026/08/04 12:16:30.420, 21096, 100
2026/08/04 12:16:31.453, 21096, 100
2026/08/04 12:16:32.481, 21096, 100
2026/08/04 12:16:33.507, 21096, 100
2026/08/04 12:16:34.529, 21096, 100
2026/08/04 12:16:35.549, 21096, 100
2026/08/04 12:16:36.566, 21096, 100
2026/08/04 12:16:37.582, 21096, 66
2026/08/04 12:16:38.595, 21096, 100
2026/08/04 12:16:39.607, 21096, 100
2026/08/04 12:16:40.617, 21096, 100
2026/08/04 12:16:41.627, 21096, 100
2026/08/04 12:16:42.635, 21096, 100
2026/08/04 12:16:43.643, 21096, 100
2026/08/04 12:16:44.649, 21096, 100
2026/08/04 12:16:45.655, 21096, 100
2026/08/04 12:16:46.661, 21096, 100
2026/08/04 12:16:47.665, 21096, 100
2026/08/04 12:16:48.670, 21096, 100
2026/08/04 12:16:49.676, 21096, 57
2026/08/04 12:16:50.680, 21096, 100
2026/08/04 12:16:51.683, 21096, 100
2026/08/04 12:16:52.686, 21096, 83
2026/08/04 12:16:53.689, 21096, 100
2026/08/04 12:16:54.691, 21096, 100
2026/08/04 12:16:55.694, 21096, 100
2026/08/04 12:16:56.696, 21096, 100
2026/08/04 12:16:57.698, 21096, 100
2026/08/04 12:16:58.701, 21096, 100
2026/08/04 12:16:59.703, 21096, 100
2026/08/04 12:17:00.705, 21096, 100
2026/08/04 12:17:01.706, 21096, 100
2026/08/04 12:17:02.707, 21096, 100
2026/08/04 12:17:03.709, 21096, 100
2026/08/04 12:17:04.710, 21096, 100
2026/08/04 12:17:05.712, 21096, 100
2026/08/04 12:17:06.713, 21096, 100
2026/08/04 12:17:07.714, 21096, 100
2026/08/04 12:17:08.716, 21096, 100
2026/08/04 12:17:09.717, 21096, 100
2026/08/04 12:17:10.718, 21096, 100
2026/08/04 12:17:11.720, 21096, 100
2026/08/04 12:17:12.721, 21096, 100
2026/08/04 12:17:13.723, 21096, 100
2026/08/04 12:17:14.724, 21096, 100
2026/08/04 12:17:15.726, 21096, 100
2026/08/04 12:17:16.727, 21096, 100
2026/08/04 12:17:17.729, 21096, 86
2026/08/04 12:17:18.730, 21096, 100
2026/08/04 12:17:19.732, 21096, 100
2026/08/04 12:17:20.733, 21096, 100
2026/08/04 12:17:21.734, 21096, 100
2026/08/04 12:17:22.736, 21096, 100
2026/08/04 12:17:23.737, 21096, 100
2026/08/04 12:17:24.739, 21096, 100
2026/08/04 12:17:25.740, 21096, 100
2026/08/04 12:17:26.742, 21096, 100
2026/08/04 12:17:27.743, 21096, 100
2026/08/04 12:17:28.744, 21096, 100
2026/08/04 12:17:29.745, 21096, 100
2026/08/04 12:17:30.746, 21096, 100
2026/08/04 12:17:31.748, 21096, 100
2026/08/04 12:17:32.749, 21096, 100
2026/08/04 12:17:33.750, 21096, 100
2026/08/04 12:17:34.752, 21096, 100
2026/08/04 12:17:35.752, 21096, 100
2026/08/04 12:17:36.753, 21096, 100
2026/08/04 12:17:37.753, 21096, 100
2026/08/04 12:17:38.753, 21096, 100
2026/08/04 12:17:39.753, 21096, 100
2026/08/04 12:17:40.754, 21096, 100
2026/08/04 12:17:41.754, 21096, 100
2026/08/04 12:17:42.755, 21096, 100
2026/08/04 12:17:43.755, 21096, 100
2026/08/04 12:17:44.755, 21096, 100
2026/08/04 12:17:45.756, 21096, 100
2026/08/04 12:17:46.756, 21096, 100
2026/08/04 12:17:47.756, 21096, 100
2026/08/04 12:17:48.756, 21096, 100
2026/08/04 12:17:49.757, 21096, 100
2026/08/04 12:17:50.757, 21096, 83
2026/08/04 12:17:51.758, 21096, 79
2026/08/04 12:17:52.758, 21096, 100
2026/08/04 12:17:53.758, 21096, 100
2026/08/04 12:17:54.758, 21096, 100
2026/08/04 12:17:55.759, 21096, 100
2026/08/04 12:17:56.759, 21096, 100
2026/08/04 12:17:57.759, 21096, 100
2026/08/04 12:17:58.760, 21096, 81
2026/08/04 12:17:59.760, 21096, 100
2026/08/04 12:18:00.760, 21096, 100
2026/08/04 12:18:01.761, 21096, 100
2026/08/04 12:18:02.761, 21096, 100
2026/08/04 12:18:03.761, 21096, 82
2026/08/04 12:18:04.762, 21096, 97
2026/08/04 12:18:05.762, 21096, 100
2026/08/04 12:18:06.762, 21096, 100
2026/08/04 12:18:07.763, 21096, 100
2026/08/04 12:18:08.782, 21096, 100
2026/08/04 12:18:09.804, 21096, 100
2026/08/04 12:18:10.823, 21096, 100
2026/08/04 12:18:11.841, 21096, 100
2026/08/04 12:18:12.859, 21096, 100
2026/08/04 12:18:13.872, 21096, 100
2026/08/04 12:18:14.885, 21096, 100
2026/08/04 12:18:15.895, 21096, 100
2026/08/04 12:18:16.905, 21096, 100
2026/08/04 12:18:17.913, 21096, 100
2026/08/04 12:18:18.921, 21096, 100
2026/08/04 12:18:19.927, 21096, 87
2026/08/04 12:18:20.933, 21096, 100
2026/08/04 12:18:21.938, 21096, 100
2026/08/04 12:18:22.943, 21096, 67
2026/08/04 12:18:23.947, 21096, 100
2026/08/04 12:18:24.952, 21096, 100
2026/08/04 12:18:25.955, 21096, 82
2026/08/04 12:18:26.958, 21096, 83
2026/08/04 12:18:27.962, 21096, 99
2026/08/04 12:18:28.964, 21096, 98
2026/08/04 12:18:29.967, 21096, 100
2026/08/04 12:18:30.969, 21096, 100
2026/08/04 12:18:31.972, 21096, 55
2026/08/04 12:18:32.974, 21096, 91
2026/08/04 12:18:33.977, 21096, 100
2026/08/04 12:18:34.979, 21096, 100
2026/08/04 12:18:35.981, 21096, 100
2026/08/04 12:18:36.982, 21096, 100
2026/08/04 12:18:37.984, 21096, 100
2026/08/04 12:18:38.985, 21096, 100
2026/08/04 12:18:39.987, 21096, 100
2026/08/04 12:18:40.987, 21096, 89
2026/08/04 12:18:41.987, 21096, 100
2026/08/04 12:18:42.987, 21096, 100
2026/08/04 12:18:43.988, 21096, 100
2026/08/04 12:18:44.988, 21096, 100
2026/08/04 12:18:45.988, 21096, 100
2026/08/04 12:18:46.989, 21096, 100
2026/08/04 12:18:47.989, 21096, 84
2026/08/04 12:18:48.989, 21096, 100
2026/08/04 12:18:49.989, 21096, 100
2026/08/04 12:18:50.990, 21096, 100
2026/08/04 12:18:51.990, 21096, 100
2026/08/04 12:18:52.990, 21096, 100
2026/08/04 12:18:53.990, 21096, 100
2026/08/04 12:18:54.991, 21096, 100
2026/08/04 12:18:55.991, 21096, 82
2026/08/04 12:18:56.991, 21096, 100
2026/08/04 12:18:57.991, 21096, 100
2026/08/04 12:18:58.992, 21096, 100
2026/08/04 12:18:59.992, 21096, 100
2026/08/04 12:19:00.992, 21096, 100
2026/08/04 12:19:01.993, 21096, 100
2026/08/04 12:19:02.993, 21096, 100
2026/08/04 12:19:03.993, 21096, 100
2026/08/04 12:19:04.993, 21096, 84
2026/08/04 12:19:05.994, 21096, 100
2026/08/04 12:19:06.994, 21096, 100
2026/08/04 12:19:07.994, 21096, 100
2026/08/04 12:19:08.995, 21096, 100
2026/08/04 12:19:09.995, 21096, 100
2026/08/04 12:19:10.995, 21096, 100
2026/08/04 12:19:11.995, 21096, 83
2026/08/04 12:19:12.996, 21096, 100
2026/08/04 12:19:14.009, 21096, 84
2026/08/04 12:19:15.021, 21096, 100
2026/08/04 12:19:16.032, 21096, 100
2026/08/04 12:19:17.041, 21096, 82
2026/08/04 12:19:18.050, 21096, 100
2026/08/04 12:19:19.057, 21096, 100
2026/08/04 12:19:20.063, 21096, 100
2026/08/04 12:19:21.070, 21096, 100
2026/08/04 12:19:22.076, 21096, 100
2026/08/04 12:19:23.081, 21096, 100
2026/08/04 12:19:24.085, 21096, 100
2026/08/04 12:19:25.090, 21096, 100
2026/08/04 12:19:26.093, 21096, 50
2026/08/04 12:19:27.096, 21096, 82
2026/08/04 12:19:28.100, 21096, 72
2026/08/04 12:19:29.103, 21096, 100
2026/08/04 12:19:30.106, 21096, 77
2026/08/04 12:19:31.108, 21096, 100
2026/08/04 12:19:32.111, 21096, 100
2026/08/04 12:19:33.113, 21096, 100
2026/08/04 12:19:34.115, 21096, 84
2026/08/04 12:19:35.117, 21096, 100
2026/08/04 12:19:36.120, 21096, 100
2026/08/04 12:19:37.121, 21096, 100
2026/08/04 12:19:38.122, 21096, 100
2026/08/04 12:19:39.124, 21096, 100
2026/08/04 12:19:40.125, 21096, 84
2026/08/04 12:19:41.126, 21096, 100
2026/08/04 12:19:42.128, 21096, 100
2026/08/04 12:19:43.129, 21096, 100
2026/08/04 12:19:44.130, 21096, 100
2026/08/04 12:19:45.131, 21096, 100
2026/08/04 12:19:46.131, 21096, 100
2026/08/04 12:19:47.131, 21096, 100
2026/08/04 12:19:48.131, 21096, 100
2026/08/04 12:19:49.132, 21096, 100
2026/08/04 12:19:50.132, 21096, 100
2026/08/04 12:19:51.132, 21096, 100
2026/08/04 12:19:52.133, 21096, 100
2026/08/04 12:19:53.133, 21096, 100
2026/08/04 12:19:54.133, 21096, 78
2026/08/04 12:19:55.133, 21096, 100
2026/08/04 12:19:56.134, 21096, 100
2026/08/04 12:19:57.134, 21096, 100
2026/08/04 12:19:58.134, 21096, 100
2026/08/04 12:19:59.135, 21096, 100
2026/08/04 12:20:00.135, 21096, 100
2026/08/04 12:20:01.135, 21096, 100
2026/08/04 12:20:02.135, 21096, 67
2026/08/04 12:20:03.136, 21096, 100
2026/08/04 12:20:04.136, 21096, 100
2026/08/04 12:20:05.136, 21096, 100
2026/08/04 12:20:06.136, 21096, 100
2026/08/04 12:20:07.137, 21096, 100
2026/08/04 12:20:08.137, 21096, 100
2026/08/04 12:20:09.137, 21096, 87
2026/08/04 12:20:10.137, 21096, 100
2026/08/04 12:20:11.138, 21096, 100
2026/08/04 12:20:12.138, 21096, 100
2026/08/04 12:20:13.138, 21096, 100
2026/08/04 12:20:14.138, 21096, 87
2026/08/04 12:20:15.139, 21096, 100
2026/08/04 12:20:16.139, 21096, 100
2026/08/04 12:20:17.139, 21096, 100
2026/08/04 12:20:18.142, 21096, 100
2026/08/04 12:20:19.159, 21096, 100
2026/08/04 12:20:20.175, 21096, 100
2026/08/04 12:20:21.188, 21096, 100
2026/08/04 12:20:22.199, 21096, 100
2026/08/04 12:20:23.210, 21096, 100
2026/08/04 12:20:24.219, 21096, 100
2026/08/04 12:20:25.228, 21096, 100
2026/08/04 12:20:26.235, 21096, 100
2026/08/04 12:20:27.242, 21096, 100
2026/08/04 12:20:28.247, 21096, 100
2026/08/04 12:20:29.252, 21096, 83
2026/08/04 12:20:30.257, 21096, 85
2026/08/04 12:20:31.262, 21096, 100
2026/08/04 12:20:32.265, 21096, 100
2026/08/04 12:20:33.269, 21096, 100
2026/08/04 12:20:34.272, 21096, 97
2026/08/04 12:20:35.275, 21096, 100
2026/08/04 12:20:36.277, 21096, 100
2026/08/04 12:20:37.280, 21096, 100
2026/08/04 12:20:38.282, 21096, 100
2026/08/04 12:20:39.285, 21096, 100
2026/08/04 12:20:40.287, 21096, 100
2026/08/04 12:20:41.290, 21096, 100
2026/08/04 12:20:42.292, 21096, 100
2026/08/04 12:20:43.295, 21096, 100
2026/08/04 12:20:44.296, 21096, 100
2026/08/04 12:20:45.297, 21096, 100
2026/08/04 12:20:46.299, 21096, 100
2026/08/04 12:20:47.300, 21096, 100
2026/08/04 12:20:48.302, 21096, 82
2026/08/04 12:20:49.303, 21096, 81
2026/08/04 12:20:50.305, 21096, 100
2026/08/04 12:20:51.312, 21096, 100
2026/08/04 12:20:52.332, 21096, 86
2026/08/04 12:20:53.349, 21096, 74
2026/08/04 12:20:54.364, 21096, 79
2026/08/04 12:20:55.377, 21096, 100
2026/08/04 12:20:56.389, 21096, 83
2026/08/04 12:20:57.400, 21096, 100
2026/08/04 12:20:58.410, 21096, 100
2026/08/04 12:20:59.418, 21096, 100
2026/08/04 12:21:00.426, 21096, 100
2026/08/04 12:21:01.433, 21096, 100
2026/08/04 12:21:02.438, 21096, 82
2026/08/04 12:21:03.444, 21096, 100
2026/08/04 12:21:04.449, 21096, 100
2026/08/04 12:21:05.454, 21096, 100
2026/08/04 12:21:06.458, 21096, 100
2026/08/04 12:21:07.462, 21096, 100
2026/08/04 12:21:08.465, 21096, 100
2026/08/04 12:21:09.468, 21096, 62
2026/08/04 12:21:10.471, 21096, 100
2026/08/04 12:21:11.473, 21096, 100
2026/08/04 12:21:12.476, 21096, 100
2026/08/04 12:21:13.479, 21096, 100
2026/08/04 12:21:14.481, 21096, 100
2026/08/04 12:21:15.484, 21096, 100
2026/08/04 12:21:16.485, 21096, 100
2026/08/04 12:21:17.487, 21096, 78
2026/08/04 12:21:18.488, 21096, 84
2026/08/04 12:21:19.490, 21096, 84
2026/08/04 12:21:20.491, 21096, 100
2026/08/04 12:21:21.492, 21096, 100
2026/08/04 12:21:22.494, 21096, 100
2026/08/04 12:21:23.495, 21096, 100
2026/08/04 12:21:24.495, 21096, 100
2026/08/04 12:21:25.496, 21096, 92
2026/08/04 12:21:26.496, 21096, 100
2026/08/04 12:21:27.496, 21096, 59
2026/08/04 12:21:28.497, 21096, 84
2026/08/04 12:21:29.497, 21096, 100
2026/08/04 12:21:30.497, 21096, 100
2026/08/04 12:21:31.497, 21096, 80
2026/08/04 12:21:32.498, 21096, 100
2026/08/04 12:21:33.498, 21096, 100
2026/08/04 12:21:34.498, 21096, 100
2026/08/04 12:21:35.499, 21096, 100
2026/08/04 12:21:36.499, 21096, 100
2026/08/04 12:21:37.499, 21096, 100
2026/08/04 12:21:38.499, 21096, 100
2026/08/04 12:21:39.500, 21096, 81
2026/08/04 12:21:40.500, 21096, 57
2026/08/04 12:21:41.500, 21096, 100
2026/08/04 12:21:42.501, 21096, 100
2026/08/04 12:21:43.501, 21096, 100
2026/08/04 12:21:44.501, 21096, 100
2026/08/04 12:21:45.501, 21096, 100
2026/08/04 12:21:46.502, 21096, 100
2026/08/04 12:21:47.502, 21096, 100
2026/08/04 12:21:48.502, 21096, 100
2026/08/04 12:21:49.503, 21096, 91
2026/08/04 12:21:50.503, 21096, 100
2026/08/04 12:21:51.503, 21096, 100
2026/08/04 12:21:52.503, 21096, 100
2026/08/04 12:21:53.504, 21096, 100
2026/08/04 12:21:54.504, 21096, 100
2026/08/04 12:21:55.504, 21096, 100
2026/08/04 12:21:56.515, 21096, 100
2026/08/04 12:21:57.534, 21096, 100
2026/08/04 12:21:58.550, 21096, 100
2026/08/04 12:21:59.565, 21096, 100
2026/08/04 12:22:00.579, 21096, 100
2026/08/04 12:22:01.590, 21096, 80
2026/08/04 12:22:02.600, 21096, 80
2026/08/04 12:22:03.610, 21096, 100
2026/08/04 12:22:04.618, 21096, 100
2026/08/04 12:22:05.626, 21096, 100
2026/08/04 12:22:06.632, 21096, 100
2026/08/04 12:22:07.639, 21096, 100
2026/08/04 12:22:08.644, 21096, 100
2026/08/04 12:22:09.649, 21096, 100
2026/08/04 12:22:10.653, 21096, 100
2026/08/04 12:22:11.658, 21096, 100
2026/08/04 12:22:12.661, 21096, 100
2026/08/04 12:22:13.665, 21096, 100
2026/08/04 12:22:14.668, 21096, 100
2026/08/04 12:22:15.670, 21096, 100
2026/08/04 12:22:16.673, 21096, 100
2026/08/04 12:22:17.675, 21096, 61
2026/08/04 12:22:18.679, 21096, 100
2026/08/04 12:22:19.682, 21096, 100
2026/08/04 12:22:20.684, 21096, 100
2026/08/04 12:22:21.686, 21096, 100
2026/08/04 12:22:22.689, 21096, 100
2026/08/04 12:22:23.690, 21096, 83
2026/08/04 12:22:24.692, 21096, 84
2026/08/04 12:22:25.693, 21096, 78
2026/08/04 12:22:26.694, 21096, 100
2026/08/04 12:22:27.696, 21096, 100
2026/08/04 12:22:28.697, 21096, 100
2026/08/04 12:22:29.699, 21096, 100
2026/08/04 12:22:30.703, 21096, 100
2026/08/04 12:22:31.706, 21096, 100
2026/08/04 12:22:32.709, 21096, 100
2026/08/04 12:22:33.711, 21096, 100
2026/08/04 12:22:34.713, 21096, 100
2026/08/04 12:22:35.716, 21096, 82
2026/08/04 12:22:36.719, 21096, 100
2026/08/04 12:22:37.723, 21096, 100
2026/08/04 12:22:38.726, 21096, 100
2026/08/04 12:22:39.728, 21096, 62
2026/08/04 12:22:40.731, 21096, 100
2026/08/04 12:22:41.733, 21096, 100
2026/08/04 12:22:42.736, 21096, 96
2026/08/04 12:22:43.738, 21096, 100
2026/08/04 12:22:44.740, 21096, 83
2026/08/04 12:22:45.743, 21096, 100
2026/08/04 12:22:46.744, 21096, 100
2026/08/04 12:22:47.746, 21096, 100
2026/08/04 12:22:48.748, 21096, 100
2026/08/04 12:22:49.749, 21096, 100
2026/08/04 12:22:50.751, 21096, 81
2026/08/04 12:22:51.752, 21096, 83
2026/08/04 12:22:52.753, 21096, 100
2026/08/04 12:22:53.755, 21096, 100
2026/08/04 12:22:54.756, 21096, 100
2026/08/04 12:22:55.758, 21096, 100
2026/08/04 12:22:56.759, 21096, 100
2026/08/04 12:22:57.760, 21096, 100
2026/08/04 12:22:58.762, 21096, 100
2026/08/04 12:22:59.763, 21096, 81
2026/08/04 12:23:00.765, 21096, 100
2026/08/04 12:23:01.766, 21096, 100
2026/08/04 12:23:02.768, 21096, 100
2026/08/04 12:23:03.769, 21096, 100
2026/08/04 12:23:04.770, 21096, 100
2026/08/04 12:23:05.772, 21096, 64
2026/08/04 12:23:06.774, 21096, 100
2026/08/04 12:23:07.776, 21096, 100
2026/08/04 12:23:08.777, 21096, 100
2026/08/04 12:23:09.778, 21096, 81
2026/08/04 12:23:10.780, 21096, 100
2026/08/04 12:23:11.781, 21096, 82
2026/08/04 12:23:12.782, 21096, 100
2026/08/04 12:23:13.783, 21096, 100
2026/08/04 12:23:14.785, 21096, 56
2026/08/04 12:23:15.786, 21096, 100
2026/08/04 12:23:16.787, 21096, 100
2026/08/04 12:23:17.788, 21096, 100
2026/08/04 12:23:18.789, 21096, 100
2026/08/04 12:23:19.791, 21096, 100
2026/08/04 12:23:20.792, 21096, 100
2026/08/04 12:23:21.793, 21096, 100
2026/08/04 12:23:22.794, 21096, 92
2026/08/04 12:23:23.796, 21096, 100
2026/08/04 12:23:24.797, 21096, 60
2026/08/04 12:23:25.798, 21096, 84
2026/08/04 12:23:26.799, 21096, 100
2026/08/04 12:23:27.801, 21096, 100
2026/08/04 12:23:28.802, 21096, 100
2026/08/04 12:23:29.803, 21096, 100
2026/08/04 12:23:30.805, 21096, 100
2026/08/04 12:23:31.806, 21096, 100
2026/08/04 12:23:32.807, 21096, 100
2026/08/04 12:23:33.873, 21096, 100
2026/08/04 12:23:34.873, 21096, 100
2026/08/04 12:23:35.873, 21096, 100
2026/08/04 12:23:36.874, 21096, 87
2026/08/04 12:23:37.874, 21096, 100
2026/08/04 12:23:38.874, 21096, 100
2026/08/04 12:23:39.874, 21096, 100
2026/08/04 12:23:40.874, 21096, 88
2026/08/04 12:23:41.875, 21096, 100
2026/08/04 12:23:42.875, 21096, 100
2026/08/04 12:23:43.875, 21096, 100
2026/08/04 12:23:44.875, 21096, 100
2026/08/04 12:23:45.875, 21096, 100
2026/08/04 12:23:46.875, 21096, 100
2026/08/04 12:23:47.875, 21096, 100
2026/08/04 12:23:48.876, 21096, 100
2026/08/04 12:23:49.876, 21096, 100
2026/08/04 12:23:50.876, 21096, 100
2026/08/04 12:23:51.877, 21096, 100
2026/08/04 12:23:52.877, 21096, 100
2026/08/04 12:23:53.877, 21096, 91
2026/08/04 12:23:54.877, 21096, 100
2026/08/04 12:23:55.878, 21096, 100
2026/08/04 12:23:56.878, 21096, 100
2026/08/04 12:23:57.878, 21096, 100
2026/08/04 12:23:58.878, 21096, 100
2026/08/04 12:23:59.879, 21096, 100
2026/08/04 12:24:00.879, 21096, 100
2026/08/04 12:24:01.879, 21096, 84
2026/08/04 12:24:02.879, 21096, 100
2026/08/04 12:24:03.880, 21096, 100
2026/08/04 12:24:04.880, 21096, 100
2026/08/04 12:24:05.880, 21096, 100
2026/08/04 12:24:06.880, 21096, 100
2026/08/04 12:24:07.881, 21096, 100
2026/08/04 12:24:08.881, 21096, 100
2026/08/04 12:24:09.881, 21096, 100
2026/08/04 12:24:10.881, 21096, 100
2026/08/04 12:24:11.882, 21096, 100
2026/08/04 12:24:12.882, 21096, 61
2026/08/04 12:24:13.884, 21096, 100
2026/08/04 12:24:14.887, 21096, 100
2026/08/04 12:24:15.887, 21096, 100
2026/08/04 12:24:16.887, 21096, 100
2026/08/04 12:24:17.888, 21096, 100
2026/08/04 12:24:18.888, 21096, 80
2026/08/04 12:24:19.888, 21096, 100
2026/08/04 12:24:20.888, 21096, 100
2026/08/04 12:24:21.889, 21096, 100
2026/08/04 12:24:22.889, 21096, 100
2026/08/04 12:24:23.889, 21096, 100
2026/08/04 12:24:24.889, 21096, 100
2026/08/04 12:24:25.890, 21096, 70
2026/08/04 12:24:26.890, 21096, 99
2026/08/04 12:24:27.890, 21096, 100
2026/08/04 12:24:28.890, 21096, 100
2026/08/04 12:24:29.891, 21096, 79
2026/08/04 12:24:30.891, 21096, 100
2026/08/04 12:24:31.891, 21096, 100
2026/08/04 12:24:32.891, 21096, 86
2026/08/04 12:24:33.892, 21096, 84
2026/08/04 12:24:34.892, 21096, 100
2026/08/04 12:24:35.892, 21096, 100
2026/08/04 12:24:36.892, 21096, 100
2026/08/04 12:24:37.892, 21096, 83
2026/08/04 12:24:38.894, 21096, 100
2026/08/04 12:24:39.912, 21096, 100
2026/08/04 12:24:40.931, 21096, 61
2026/08/04 12:24:41.949, 21096, 100
2026/08/04 12:24:42.963, 21096, 100
2026/08/04 12:24:43.977, 21096, 100
2026/08/04 12:24:44.988, 21096, 100
2026/08/04 12:24:45.998, 21096, 100
2026/08/04 12:24:47.008, 21096, 100
2026/08/04 12:24:48.016, 21096, 100
2026/08/04 12:24:49.024, 21096, 100
2026/08/04 12:24:50.030, 21096, 100
2026/08/04 12:24:51.036, 21096, 84
2026/08/04 12:24:52.042, 21096, 84
2026/08/04 12:24:53.046, 21096, 100
2026/08/04 12:24:54.051, 21096, 100
2026/08/04 12:24:55.055, 21096, 63
2026/08/04 12:24:56.059, 21096, 100
2026/08/04 12:24:57.063, 21096, 99
2026/08/04 12:24:58.066, 21096, 100
2026/08/04 12:24:59.069, 21096, 100
2026/08/04 12:25:00.072, 21096, 100
2026/08/04 12:25:01.075, 21096, 100
2026/08/04 12:25:02.077, 21096, 100
2026/08/04 12:25:03.080, 21096, 100
2026/08/04 12:25:04.082, 21096, 82
2026/08/04 12:25:05.084, 21096, 100
2026/08/04 12:25:06.087, 21096, 100
2026/08/04 12:25:07.088, 21096, 100
2026/08/04 12:25:08.089, 21096, 100
2026/08/04 12:25:09.091, 21096, 100
2026/08/04 12:25:10.093, 21096, 100
2026/08/04 12:25:11.093, 21096, 100
2026/08/04 12:25:12.093, 21096, 100
2026/08/04 12:25:13.094, 21096, 100
2026/08/04 12:25:14.094, 21096, 100
2026/08/04 12:25:15.094, 21096, 94
2026/08/04 12:25:16.094, 21096, 100
2026/08/04 12:25:17.094, 21096, 100
2026/08/04 12:25:18.095, 21096, 100
2026/08/04 12:25:19.095, 21096, 100
2026/08/04 12:25:20.095, 21096, 100
2026/08/04 12:25:21.096, 21096, 100
2026/08/04 12:25:22.096, 21096, 81
2026/08/04 12:25:23.096, 21096, 100
2026/08/04 12:25:24.096, 21096, 100
2026/08/04 12:25:25.097, 21096, 100
2026/08/04 12:25:26.098, 21096, 100
2026/08/04 12:25:27.098, 21096, 100
2026/08/04 12:25:28.098, 21096, 83
2026/08/04 12:25:29.098, 21096, 100
2026/08/04 12:25:30.099, 21096, 100
2026/08/04 12:25:31.099, 21096, 82
2026/08/04 12:25:32.099, 21096, 100
2026/08/04 12:25:33.099, 21096, 100
2026/08/04 12:25:34.100, 21096, 100
2026/08/04 12:25:35.100, 21096, 100
2026/08/04 12:25:36.101, 21096, 100
2026/08/04 12:25:37.101, 21096, 81
2026/08/04 12:25:38.101, 21096, 100
2026/08/04 12:25:39.101, 21096, 100
2026/08/04 12:25:40.102, 21096, 100
2026/08/04 12:25:41.102, 21096, 100
2026/08/04 12:25:42.102, 21096, 100
2026/08/04 12:25:43.102, 21096, 100
2026/08/04 12:25:44.103, 21096, 100
2026/08/04 12:25:45.105, 21096, 100
2026/08/04 12:25:46.107, 21096, 100
2026/08/04 12:25:47.108, 21096, 100
2026/08/04 12:25:48.109, 21096, 100
2026/08/04 12:25:49.111, 21096, 100
2026/08/04 12:25:50.112, 21096, 100
2026/08/04 12:25:51.113, 21096, 100
2026/08/04 12:25:52.115, 21096, 100
2026/08/04 12:25:53.116, 21096, 100
2026/08/04 12:25:54.118, 21096, 100
2026/08/04 12:25:55.119, 21096, 72
2026/08/04 12:25:56.120, 21096, 100
2026/08/04 12:25:57.122, 21096, 100
2026/08/04 12:25:58.123, 21096, 100
2026/08/04 12:25:59.124, 21096, 100
2026/08/04 12:26:00.126, 21096, 100
2026/08/04 12:26:01.126, 21096, 87
2026/08/04 12:26:02.128, 21096, 100
2026/08/04 12:26:03.129, 21096, 100
2026/08/04 12:26:04.130, 21096, 100
2026/08/04 12:26:05.131, 21096, 100
2026/08/04 12:26:06.131, 21096, 100
2026/08/04 12:26:07.131, 21096, 100
2026/08/04 12:26:08.131, 21096, 100
2026/08/04 12:26:09.132, 21096, 100
2026/08/04 12:26:10.132, 21096, 100
2026/08/04 12:26:11.132, 21096, 100
2026/08/04 12:26:12.132, 21096, 100
2026/08/04 12:26:13.132, 21096, 100
2026/08/04 12:26:14.133, 21096, 100
2026/08/04 12:26:15.133, 21096, 100
2026/08/04 12:26:16.133, 21096, 100
2026/08/04 12:26:17.133, 21096, 100
2026/08/04 12:26:18.134, 21096, 100
2026/08/04 12:26:19.134, 21096, 100
2026/08/04 12:26:20.134, 21096, 100
2026/08/04 12:26:21.135, 21096, 100
2026/08/04 12:26:22.135, 21096, 100
2026/08/04 12:26:23.135, 21096, 85
2026/08/04 12:26:24.135, 21096, 100
2026/08/04 12:26:25.135, 21096, 100
2026/08/04 12:26:26.135, 21096, 100
2026/08/04 12:26:27.136, 21096, 100
2026/08/04 12:26:28.136, 21096, 100
2026/08/04 12:26:29.136, 21096, 100
2026/08/04 12:26:30.136, 21096, 63
2026/08/04 12:26:31.136, 21096, 100
2026/08/04 12:26:32.137, 21096, 100
2026/08/04 12:26:33.137, 21096, 100
2026/08/04 12:26:34.137, 21096, 100
2026/08/04 12:26:35.138, 21096, 100
2026/08/04 12:26:36.138, 21096, 100
2026/08/04 12:26:37.138, 21096, 100
2026/08/04 12:26:38.138, 21096, 100
2026/08/04 12:26:39.139, 21096, 100
2026/08/04 12:26:40.139, 21096, 100
2026/08/04 12:26:41.139, 21096, 100
2026/08/04 12:26:42.140, 21096, 100
2026/08/04 12:26:43.140, 21096, 96
2026/08/04 12:26:44.140, 21096, 100
2026/08/04 12:26:45.141, 21096, 100
2026/08/04 12:26:46.141, 21096, 100
2026/08/04 12:26:47.141, 21096, 100
2026/08/04 12:26:48.142, 21096, 100
2026/08/04 12:26:49.142, 21096, 100
2026/08/04 12:26:50.142, 21096, 79
2026/08/04 12:26:51.142, 21096, 100
2026/08/04 12:26:52.143, 21096, 86
2026/08/04 12:26:53.143, 21096, 76
2026/08/04 12:26:54.143, 21096, 100
2026/08/04 12:26:55.144, 21096, 100
2026/08/04 12:26:56.144, 21096, 100
2026/08/04 12:26:57.144, 21096, 100
2026/08/04 12:26:58.144, 21096, 100
2026/08/04 12:26:59.145, 21096, 58
2026/08/04 12:27:00.145, 21096, 100
2026/08/04 12:27:01.145, 21096, 100
2026/08/04 12:27:02.146, 21096, 100
2026/08/04 12:27:03.146, 21096, 100
2026/08/04 12:27:04.146, 21096, 100
2026/08/04 12:27:05.147, 21096, 100
2026/08/04 12:27:06.147, 21096, 100
2026/08/04 12:27:07.147, 21096, 100
2026/08/04 12:27:08.148, 21096, 100
2026/08/04 12:27:09.148, 21096, 100
2026/08/04 12:27:10.148, 21096, 100
2026/08/04 12:27:11.148, 21096, 100
2026/08/04 12:27:12.149, 21096, 100
2026/08/04 12:27:13.149, 21096, 100
2026/08/04 12:27:14.149, 21096, 100
2026/08/04 12:27:15.150, 21096, 100
2026/08/04 12:27:16.150, 21096, 84
2026/08/04 12:27:17.150, 21096, 100
2026/08/04 12:27:18.150, 21096, 100
2026/08/04 12:27:19.151, 21096, 100
2026/08/04 12:27:20.151, 21096, 100
2026/08/04 12:27:21.151, 21096, 100
2026/08/04 12:27:22.156, 21096, 100
2026/08/04 12:27:23.185, 21096, 100
2026/08/04 12:27:24.211, 21096, 80
2026/08/04 12:27:25.233, 21096, 100
2026/08/04 12:27:26.253, 21096, 100
2026/08/04 12:27:27.270, 21096, 100
2026/08/04 12:27:28.285, 21096, 83
2026/08/04 12:27:29.298, 21096, 84
2026/08/04 12:27:30.311, 21096, 100
2026/08/04 12:27:31.321, 21096, 100
2026/08/04 12:27:32.331, 21096, 100
2026/08/04 12:27:33.339, 21096, 100
2026/08/04 12:27:34.347, 21096, 100
2026/08/04 12:27:35.353, 21096, 100
2026/08/04 12:27:36.360, 21096, 100
2026/08/04 12:27:37.365, 21096, 100
2026/08/04 12:27:38.371, 21096, 100
2026/08/04 12:27:39.375, 21096, 100
2026/08/04 12:27:40.379, 21096, 100
2026/08/04 12:27:41.383, 21096, 63
2026/08/04 12:27:42.386, 21096, 100
2026/08/04 12:27:43.390, 21096, 100
2026/08/04 12:27:44.393, 21096, 100
2026/08/04 12:27:45.395, 21096, 100
2026/08/04 12:27:46.398, 21096, 100
2026/08/04 12:27:47.400, 21096, 100
2026/08/04 12:27:48.403, 21096, 100
2026/08/04 12:27:49.405, 21096, 100
2026/08/04 12:27:50.406, 21096, 100
2026/08/04 12:27:51.409, 21096, 100
2026/08/04 12:27:52.410, 21096, 100
2026/08/04 12:27:53.412, 21096, 100
2026/08/04 12:27:54.412, 21096, 100
2026/08/04 12:27:55.412, 21096, 83
2026/08/04 12:27:56.413, 21096, 100
2026/08/04 12:27:57.413, 21096, 100
2026/08/04 12:27:58.413, 21096, 100
2026/08/04 12:27:59.414, 21096, 100
2026/08/04 12:28:00.414, 21096, 100
2026/08/04 12:28:01.414, 21096, 100
2026/08/04 12:28:02.414, 21096, 100
2026/08/04 12:28:03.415, 21096, 100
2026/08/04 12:28:04.415, 21096, 100
2026/08/04 12:28:05.415, 21096, 81
2026/08/04 12:28:06.416, 21096, 100
2026/08/04 12:28:07.416, 21096, 100
2026/08/04 12:28:08.416, 21096, 100
2026/08/04 12:28:09.416, 21096, 100
2026/08/04 12:28:10.417, 21096, 100
2026/08/04 12:28:11.417, 21096, 100
2026/08/04 12:28:12.417, 21096, 100
2026/08/04 12:28:13.418, 21096, 100
2026/08/04 12:28:14.418, 21096, 100
2026/08/04 12:28:15.418, 21096, 100
2026/08/04 12:28:16.418, 21096, 100
2026/08/04 12:28:17.419, 21096, 100
2026/08/04 12:28:18.419, 21096, 100
2026/08/04 12:28:19.419, 21096, 100
2026/08/04 12:28:20.420, 21096, 100
2026/08/04 12:28:21.420, 21096, 94
2026/08/04 12:28:22.420, 21096, 100
2026/08/04 12:28:23.420, 21096, 100
2026/08/04 12:28:24.421, 21096, 100
2026/08/04 12:28:25.421, 21096, 63
2026/08/04 12:28:26.421, 21096, 100
2026/08/04 12:28:27.428, 21096, 100
2026/08/04 12:28:28.443, 21096, 80
2026/08/04 12:28:29.455, 21096, 100
2026/08/04 12:28:30.466, 21096, 100
2026/08/04 12:28:31.477, 21096, 100
2026/08/04 12:28:32.485, 21096, 100
2026/08/04 12:28:33.493, 21096, 100
2026/08/04 12:28:34.501, 21096, 94
2026/08/04 12:28:35.508, 21096, 100
2026/08/04 12:28:36.514, 21096, 100
2026/08/04 12:28:37.519, 21096, 100
2026/08/04 12:28:38.523, 21096, 100
2026/08/04 12:28:39.528, 21096, 100
2026/08/04 12:28:40.531, 21096, 100
2026/08/04 12:28:41.535, 21096, 85
2026/08/04 12:28:42.538, 21096, 86
2026/08/04 12:28:43.541, 21096, 100
2026/08/04 12:28:44.544, 21096, 100
2026/08/04 12:28:45.547, 21096, 100
2026/08/04 12:28:46.549, 21096, 100
2026/08/04 12:28:47.552, 21096, 100
2026/08/04 12:28:48.554, 21096, 100
2026/08/04 12:28:49.556, 21096, 85
2026/08/04 12:28:50.559, 21096, 100
2026/08/04 12:28:51.560, 21096, 100
2026/08/04 12:28:52.562, 21096, 83
2026/08/04 12:28:53.564, 21096, 84
2026/08/04 12:28:54.566, 21096, 100
2026/08/04 12:28:55.567, 21096, 100
2026/08/04 12:28:56.568, 21096, 100
2026/08/04 12:28:57.570, 21096, 100
2026/08/04 12:28:58.572, 21096, 100
2026/08/04 12:28:59.572, 21096, 100
2026/08/04 12:29:00.573, 21096, 100
2026/08/04 12:29:01.573, 21096, 100
2026/08/04 12:29:02.573, 21096, 100
2026/08/04 12:29:03.574, 21096, 100
2026/08/04 12:29:04.574, 21096, 86
2026/08/04 12:29:05.574, 21096, 100
2026/08/04 12:29:06.574, 21096, 100
2026/08/04 12:29:07.575, 21096, 100
2026/08/04 12:29:08.575, 21096, 100
2026/08/04 12:29:09.575, 21096, 100
2026/08/04 12:29:10.576, 21096, 100
2026/08/04 12:29:11.576, 21096, 84
2026/08/04 12:29:12.576, 21096, 89
2026/08/04 12:29:13.577, 21096, 88
2026/08/04 12:29:14.577, 21096, 100
2026/08/04 12:29:15.577, 21096, 100
2026/08/04 12:29:16.578, 21096, 100
2026/08/04 12:29:17.578, 21096, 100
2026/08/04 12:29:18.578, 21096, 100
2026/08/04 12:29:19.578, 21096, 100
2026/08/04 12:29:20.579, 21096, 100
2026/08/04 12:29:21.579, 21096, 95
2026/08/04 12:29:22.579, 21096, 81
2026/08/04 12:29:23.580, 21096, 100
2026/08/04 12:29:24.580, 21096, 100
2026/08/04 12:29:25.580, 21096, 100
2026/08/04 12:29:26.581, 21096, 100
2026/08/04 12:29:27.581, 21096, 100
2026/08/04 12:29:28.581, 21096, 100
2026/08/04 12:29:29.581, 21096, 100
2026/08/04 12:29:30.582, 21096, 100
2026/08/04 12:29:31.582, 21096, 100
2026/08/04 12:29:32.582, 21096, 100
2026/08/04 12:29:33.583, 21096, 100
2026/08/04 12:29:34.583, 21096, 100
2026/08/04 12:29:35.583, 21096, 100
2026/08/04 12:29:36.584, 21096, 82
2026/08/04 12:29:37.584, 21096, 100
2026/08/04 12:29:38.584, 21096, 100
2026/08/04 12:29:39.585, 21096, 100
2026/08/04 12:29:40.585, 21096, 100
2026/08/04 12:29:41.585, 21096, 100
2026/08/04 12:29:42.586, 21096, 100
2026/08/04 12:29:43.586, 21096, 100
2026/08/04 12:29:44.586, 21096, 100
2026/08/04 12:29:45.586, 21096, 100
2026/08/04 12:29:46.587, 21096, 100
2026/08/04 12:29:47.587, 21096, 95
2026/08/04 12:29:48.587, 21096, 100
2026/08/04 12:29:49.588, 21096, 81
2026/08/04 12:29:50.588, 21096, 100
2026/08/04 12:29:51.588, 21096, 100
2026/08/04 12:29:52.589, 21096, 100
2026/08/04 12:29:53.589, 21096, 100
2026/08/04 12:29:54.589, 21096, 100
2026/08/04 12:29:55.590, 21096, 100
2026/08/04 12:29:56.590, 21096, 100
2026/08/04 12:29:57.590, 21096, 100
2026/08/04 12:29:58.591, 21096, 100
2026/08/04 12:29:59.591, 21096, 100
2026/08/04 12:30:00.591, 21096, 100
2026/08/04 12:30:01.592, 21096, 100
2026/08/04 12:30:02.592, 21096, 100
2026/08/04 12:30:03.592, 21096, 100
2026/08/04 12:30:04.592, 21096, 65
2026/08/04 12:30:05.593, 21096, 84
2026/08/04 12:30:06.593, 21096, 100
2026/08/04 12:30:07.594, 21096, 73
2026/08/04 12:30:08.594, 21096, 84
2026/08/04 12:30:09.594, 21096, 100
2026/08/04 12:30:10.595, 21096, 100
2026/08/04 12:30:11.595, 21096, 100
2026/08/04 12:30:12.595, 21096, 100
2026/08/04 12:30:13.596, 21096, 100
2026/08/04 12:30:14.596, 21096, 100
2026/08/04 12:30:15.596, 21096, 100
2026/08/04 12:30:16.597, 21096, 100
2026/08/04 12:30:17.597, 21096, 100
2026/08/04 12:30:18.597, 21096, 83
2026/08/04 12:30:19.597, 21096, 100
2026/08/04 12:30:20.598, 21096, 100
2026/08/04 12:30:21.598, 21096, 100
2026/08/04 12:30:22.598, 21096, 100
2026/08/04 12:30:23.599, 21096, 84
2026/08/04 12:30:24.599, 21096, 100
2026/08/04 12:30:25.599, 21096, 100
2026/08/04 12:30:26.600, 21096, 100
2026/08/04 12:30:27.600, 21096, 100
2026/08/04 12:30:28.600, 21096, 100
2026/08/04 12:30:29.601, 21096, 100
2026/08/04 12:30:30.601, 21096, 100
2026/08/04 12:30:31.601, 21096, 100
2026/08/04 12:30:32.602, 21096, 100
2026/08/04 12:30:33.602, 21096, 100
2026/08/04 12:30:34.602, 21096, 100
2026/08/04 12:30:35.603, 21096, 100
2026/08/04 12:30:36.603, 21096, 100
2026/08/04 12:30:37.603, 21096, 84
2026/08/04 12:30:38.603, 21096, 100
2026/08/04 12:30:39.604, 21096, 85
2026/08/04 12:30:40.604, 21096, 91
2026/08/04 12:30:41.604, 21096, 90
2026/08/04 12:30:42.605, 21096, 100
2026/08/04 12:30:43.605, 21096, 100
2026/08/04 12:30:44.605, 21096, 100
2026/08/04 12:30:45.606, 21096, 100
2026/08/04 12:30:46.606, 21096, 100
2026/08/04 12:30:47.606, 21096, 82
2026/08/04 12:30:48.607, 21096, 100
2026/08/04 12:30:49.607, 21096, 100
2026/08/04 12:30:50.607, 21096, 100
2026/08/04 12:30:51.608, 21096, 83
2026/08/04 12:30:52.608, 21096, 100
2026/08/04 12:30:53.608, 21096, 100
2026/08/04 12:30:54.609, 21096, 100
2026/08/04 12:30:55.609, 21096, 100
2026/08/04 12:30:56.609, 21096, 100
2026/08/04 12:30:57.609, 21096, 100
2026/08/04 12:30:58.610, 21096, 100
2026/08/04 12:30:59.610, 21096, 80
2026/08/04 12:31:00.610, 21096, 100
2026/08/04 12:31:01.611, 21096, 100
2026/08/04 12:31:02.611, 21096, 100
2026/08/04 12:31:03.611, 21096, 100
2026/08/04 12:31:04.612, 21096, 100
2026/08/04 12:31:05.612, 21096, 100
2026/08/04 12:31:06.612, 21096, 100
2026/08/04 12:31:07.613, 21096, 100
2026/08/04 12:31:08.613, 21096, 100
2026/08/04 12:31:09.613, 21096, 100
2026/08/04 12:31:10.614, 21096, 100
2026/08/04 12:31:11.614, 21096, 100
2026/08/04 12:31:12.614, 21096, 100
2026/08/04 12:31:13.615, 21096, 100
2026/08/04 12:31:14.615, 21096, 100
2026/08/04 12:31:15.615, 21096, 100
2026/08/04 12:31:16.616, 21096, 100
2026/08/04 12:31:17.616, 21096, 100
2026/08/04 12:31:18.616, 21096, 100
2026/08/04 12:31:19.617, 21096, 100
2026/08/04 12:31:20.617, 21096, 100
2026/08/04 12:31:21.617, 21096, 100
2026/08/04 12:31:22.618, 21096, 95
2026/08/04 12:31:23.618, 21096, 84
2026/08/04 12:31:24.618, 21096, 100
2026/08/04 12:31:25.619, 21096, 100
2026/08/04 12:31:26.619, 21096, 100
2026/08/04 12:31:27.619, 21096, 100
2026/08/04 12:31:28.620, 21096, 100
2026/08/04 12:31:29.620, 21096, 100
2026/08/04 12:31:30.620, 21096, 100
2026/08/04 12:31:31.620, 21096, 100
2026/08/04 12:31:32.621, 21096, 100
2026/08/04 12:31:33.621, 21096, 100
2026/08/04 12:31:34.621, 21096, 100
2026/08/04 12:31:35.622, 21096, 100
2026/08/04 12:31:36.622, 21096, 100
2026/08/04 12:31:37.622, 21096, 100
2026/08/04 12:31:38.623, 21096, 100
2026/08/04 12:31:39.623, 21096, 100
2026/08/04 12:31:40.623, 21096, 100
2026/08/04 12:31:41.624, 21096, 100
2026/08/04 12:31:42.624, 21096, 100
2026/08/04 12:31:43.624, 21096, 100
2026/08/04 12:31:44.625, 21096, 84
2026/08/04 12:31:45.625, 21096, 100
2026/08/04 12:31:46.625, 21096, 100
2026/08/04 12:31:47.626, 21096, 100
2026/08/04 12:31:48.626, 21096, 100
2026/08/04 12:31:49.626, 21096, 100
2026/08/04 12:31:50.627, 21096, 100
2026/08/04 12:31:51.627, 21096, 100
2026/08/04 12:31:52.627, 21096, 100
2026/08/04 12:31:53.627, 21096, 100
2026/08/04 12:31:54.628, 21096, 100
2026/08/04 12:31:55.628, 21096, 100
2026/08/04 12:31:56.628, 21096, 100
2026/08/04 12:31:57.629, 21096, 100
2026/08/04 12:31:58.629, 21096, 100
2026/08/04 12:31:59.629, 21096, 100
2026/08/04 12:32:00.630, 21096, 100
2026/08/04 12:32:01.630, 21096, 100
2026/08/04 12:32:02.630, 21096, 100
2026/08/04 12:32:03.631, 21096, 84
2026/08/04 12:32:04.631, 21096, 100
2026/08/04 12:32:05.631, 21096, 100
2026/08/04 12:32:06.632, 21096, 100
2026/08/04 12:32:07.632, 21096, 100
2026/08/04 12:32:08.632, 21096, 100
2026/08/04 12:32:09.632, 21096, 100
2026/08/04 12:32:10.633, 21096, 100
2026/08/04 12:32:11.633, 21096, 100
2026/08/04 12:32:12.633, 21096, 100
2026/08/04 12:32:13.634, 21096, 100
2026/08/04 12:32:14.634, 21096, 100
2026/08/04 12:32:15.634, 21096, 100
2026/08/04 12:32:16.635, 21096, 100
2026/08/04 12:32:17.635, 21096, 100
2026/08/04 12:32:18.635, 21096, 100
2026/08/04 12:32:19.636, 21096, 100
2026/08/04 12:32:20.636, 21096, 100
2026/08/04 12:32:21.636, 21096, 100
2026/08/04 12:32:22.637, 21096, 100
2026/08/04 12:32:23.637, 21096, 100
2026/08/04 12:32:24.637, 21096, 93
2026/08/04 12:32:25.638, 21096, 100
2026/08/04 12:32:26.638, 21096, 100
2026/08/04 12:32:27.638, 21096, 100
2026/08/04 12:32:28.639, 21096, 100
2026/08/04 12:32:29.639, 21096, 100
2026/08/04 12:32:30.639, 21096, 100
2026/08/04 12:32:31.640, 21096, 100
2026/08/04 12:32:32.640, 21096, 100
2026/08/04 12:32:33.640, 21096, 100
2026/08/04 12:32:34.641, 21096, 100
2026/08/04 12:32:35.641, 21096, 100
2026/08/04 12:32:36.641, 21096, 100
2026/08/04 12:32:37.642, 21096, 100
2026/08/04 12:32:38.642, 21096, 100
2026/08/04 12:32:39.642, 21096, 100
2026/08/04 12:32:40.643, 21096, 84
2026/08/04 12:32:41.643, 21096, 85
2026/08/04 12:32:42.643, 21096, 100
2026/08/04 12:32:43.644, 21096, 100
2026/08/04 12:32:44.644, 21096, 100
2026/08/04 12:32:45.646, 21096, 84
2026/08/04 12:32:46.650, 21096, 84
2026/08/04 12:32:47.654, 21096, 100
2026/08/04 12:32:48.656, 21096, 95
2026/08/04 12:32:49.659, 21096, 100
2026/08/04 12:32:50.661, 21096, 100
2026/08/04 12:32:51.664, 21096, 100
2026/08/04 12:32:52.666, 21096, 100
2026/08/04 12:32:53.669, 21096, 82
2026/08/04 12:32:54.672, 21096, 100
2026/08/04 12:32:55.674, 21096, 100
2026/08/04 12:32:56.677, 21096, 100
2026/08/04 12:32:57.679, 21096, 84
2026/08/04 12:32:58.682, 21096, 100
2026/08/04 12:32:59.684, 21096, 98
2026/08/04 12:33:00.687, 21096, 100
2026/08/04 12:33:01.689, 21096, 100
2026/08/04 12:33:02.692, 21096, 100
2026/08/04 12:33:03.694, 21096, 100
2026/08/04 12:33:04.697, 21096, 100
2026/08/04 12:33:05.698, 21096, 100
2026/08/04 12:33:06.700, 21096, 100
2026/08/04 12:33:07.702, 21096, 100
2026/08/04 12:33:08.704, 21096, 100
2026/08/04 12:33:09.705, 21096, 100
2026/08/04 12:33:10.707, 21096, 100
2026/08/04 12:33:11.709, 21096, 100
2026/08/04 12:33:12.710, 21096, 80
2026/08/04 12:33:13.712, 21096, 100
2026/08/04 12:33:14.713, 21096, 100
2026/08/04 12:33:15.715, 21096, 86
2026/08/04 12:33:16.716, 21096, 100
2026/08/04 12:33:17.717, 21096, 100
2026/08/04 12:33:18.719, 21096, 100
2026/08/04 12:33:19.720, 21096, 82
2026/08/04 12:33:20.721, 21096, 100
2026/08/04 12:33:21.723, 21096, 100
2026/08/04 12:33:22.725, 21096, 100
2026/08/04 12:33:23.727, 21096, 100
2026/08/04 12:33:24.728, 21096, 100
2026/08/04 12:33:25.730, 21096, 100
2026/08/04 12:33:26.731, 21096, 100
2026/08/04 12:33:27.733, 21096, 81
2026/08/04 12:33:28.735, 21096, 100
2026/08/04 12:33:29.736, 21096, 94
2026/08/04 12:33:30.738, 21096, 100
2026/08/04 12:33:31.739, 21096, 63
2026/08/04 12:33:32.741, 21096, 100
2026/08/04 12:33:33.742, 21096, 100
2026/08/04 12:33:34.744, 21096, 100
2026/08/04 12:33:35.745, 21096, 100
2026/08/04 12:33:36.746, 21096, 100
2026/08/04 12:33:37.748, 21096, 100
2026/08/04 12:33:38.749, 21096, 63
2026/08/04 12:33:39.751, 21096, 100
2026/08/04 12:33:40.752, 21096, 100
2026/08/04 12:33:41.754, 21096, 97
2026/08/04 12:33:42.755, 21096, 100
2026/08/04 12:33:43.756, 21096, 86
2026/08/04 12:33:44.758, 21096, 100
2026/08/04 12:33:45.759, 21096, 100
2026/08/04 12:33:46.761, 21096, 100
2026/08/04 12:33:47.775, 21096, 100
2026/08/04 12:33:48.777, 21096, 100
2026/08/04 12:33:49.778, 21096, 100
2026/08/04 12:33:50.780, 21096, 99
2026/08/04 12:33:51.781, 21096, 82
2026/08/04 12:33:52.783, 21096, 100
2026/08/04 12:33:53.784, 21096, 100
2026/08/04 12:33:54.785, 21096, 100
2026/08/04 12:33:55.787, 21096, 100
2026/08/04 12:33:56.788, 21096, 100
2026/08/04 12:33:57.788, 21096, 100
2026/08/04 12:33:58.790, 21096, 100
2026/08/04 12:33:59.790, 21096, 81
2026/08/04 12:34:00.791, 21096, 100
2026/08/04 12:34:01.792, 21096, 100
2026/08/04 12:34:02.792, 21096, 100
2026/08/04 12:34:03.792, 21096, 100
2026/08/04 12:34:04.793, 21096, 100
2026/08/04 12:34:05.793, 21096, 100
2026/08/04 12:34:06.793, 21096, 100
2026/08/04 12:34:07.794, 21096, 100
2026/08/04 12:34:08.794, 21096, 100
2026/08/04 12:34:09.795, 21096, 100
2026/08/04 12:34:10.795, 21096, 100
2026/08/04 12:34:11.795, 21096, 100
2026/08/04 12:34:12.796, 21096, 80
2026/08/04 12:34:13.796, 21096, 100
2026/08/04 12:34:14.796, 21096, 100
2026/08/04 12:34:15.797, 21096, 90
2026/08/04 12:34:16.797, 21096, 100
2026/08/04 12:34:17.797, 21096, 100
2026/08/04 12:34:18.798, 21096, 100
2026/08/04 12:34:19.798, 21096, 100
2026/08/04 12:34:20.798, 21096, 100
2026/08/04 12:34:21.798, 21096, 100
2026/08/04 12:34:22.799, 21096, 100
2026/08/04 12:34:23.799, 21096, 91
2026/08/04 12:34:24.799, 21096, 100
2026/08/04 12:34:25.799, 21096, 100
2026/08/04 12:34:26.800, 21096, 100
2026/08/04 12:34:27.800, 21096, 100
2026/08/04 12:34:28.800, 21096, 100
2026/08/04 12:34:29.800, 21096, 100
2026/08/04 12:34:30.801, 21096, 100
2026/08/04 12:34:31.801, 21096, 100
2026/08/04 12:34:32.801, 21096, 100
2026/08/04 12:34:33.801, 21096, 100
2026/08/04 12:34:34.802, 21096, 100
2026/08/04 12:34:35.802, 21096, 100
2026/08/04 12:34:36.802, 21096, 100
2026/08/04 12:34:37.802, 21096, 65
2026/08/04 12:34:38.803, 21096, 100
2026/08/04 12:34:39.803, 21096, 100
2026/08/04 12:34:40.803, 21096, 100
2026/08/04 12:34:41.803, 21096, 100
2026/08/04 12:34:42.803, 21096, 100
2026/08/04 12:34:43.804, 21096, 100
2026/08/04 12:34:44.804, 21096, 100
2026/08/04 12:34:45.804, 21096, 100
2026/08/04 12:34:46.804, 21096, 100
2026/08/04 12:34:47.805, 21096, 100
2026/08/04 12:34:48.805, 21096, 100
2026/08/04 12:34:49.805, 21096, 100
2026/08/04 12:34:50.805, 21096, 100
2026/08/04 12:34:51.806, 21096, 100
2026/08/04 12:34:52.856, 21096, 100
2026/08/04 12:34:53.857, 21096, 100
2026/08/04 12:34:54.860, 21096, 87
2026/08/04 12:34:55.863, 21096, 85
2026/08/04 12:34:56.866, 21096, 100
2026/08/04 12:34:57.869, 21096, 100
2026/08/04 12:34:58.871, 21096, 100
2026/08/04 12:34:59.874, 21096, 100
2026/08/04 12:35:00.876, 21096, 100
2026/08/04 12:35:01.879, 21096, 100
2026/08/04 12:35:02.882, 21096, 100
2026/08/04 12:35:03.884, 21096, 67
2026/08/04 12:35:04.886, 21096, 100
2026/08/04 12:35:05.889, 21096, 100
2026/08/04 12:35:06.891, 21096, 100
2026/08/04 12:35:07.893, 21096, 100
2026/08/04 12:35:08.895, 21096, 100
2026/08/04 12:35:09.897, 21096, 100
2026/08/04 12:35:10.899, 21096, 100
2026/08/04 12:35:11.901, 21096, 100
2026/08/04 12:35:12.903, 21096, 100
2026/08/04 12:35:13.904, 21096, 100
2026/08/04 12:35:14.906, 21096, 100
2026/08/04 12:35:15.908, 21096, 100
2026/08/04 12:35:16.909, 21096, 83
2026/08/04 12:35:17.911, 21096, 100
2026/08/04 12:35:18.912, 21096, 100
2026/08/04 12:35:19.914, 21096, 100
2026/08/04 12:35:20.915, 21096, 100
2026/08/04 12:35:21.916, 21096, 100
2026/08/04 12:35:22.918, 21096, 100
2026/08/04 12:35:23.919, 21096, 100
2026/08/04 12:35:24.921, 21096, 100
2026/08/04 12:35:25.922, 21096, 100
2026/08/04 12:35:26.923, 21096, 100
2026/08/04 12:35:27.925, 21096, 100
2026/08/04 12:35:28.926, 21096, 100
2026/08/04 12:35:29.928, 21096, 100
2026/08/04 12:35:30.929, 21096, 100
2026/08/04 12:35:31.931, 21096, 100
2026/08/04 12:35:32.932, 21096, 100
2026/08/04 12:35:33.934, 21096, 100
2026/08/04 12:35:34.936, 21096, 100
2026/08/04 12:35:35.938, 21096, 100
2026/08/04 12:35:36.939, 21096, 100
2026/08/04 12:35:37.941, 21096, 83
2026/08/04 12:35:38.942, 21096, 100
2026/08/04 12:35:39.944, 21096, 80
2026/08/04 12:35:40.945, 21096, 100
2026/08/04 12:35:41.947, 21096, 81
2026/08/04 12:35:42.949, 21096, 100
2026/08/04 12:35:43.950, 21096, 100
2026/08/04 12:35:44.951, 21096, 100
2026/08/04 12:35:45.953, 21096, 100
2026/08/04 12:35:46.954, 21096, 100
2026/08/04 12:35:47.956, 21096, 100
2026/08/04 12:35:48.958, 21096, 100
2026/08/04 12:35:49.959, 21096, 100
2026/08/04 12:35:50.961, 21096, 100
2026/08/04 12:35:51.962, 21096, 100
2026/08/04 12:35:52.964, 21096, 100
2026/08/04 12:35:53.965, 21096, 100
2026/08/04 12:35:54.967, 21096, 100
2026/08/04 12:35:55.968, 21096, 100
2026/08/04 12:35:56.970, 21096, 99
2026/08/04 12:35:57.971, 21096, 100
2026/08/04 12:35:58.973, 21096, 100
2026/08/04 12:35:59.974, 21096, 100
2026/08/04 12:36:00.976, 21096, 62
2026/08/04 12:36:01.976, 21096, 100
2026/08/04 12:36:02.978, 21096, 100
2026/08/04 12:36:03.979, 21096, 100
2026/08/04 12:36:04.981, 21096, 100
2026/08/04 12:36:05.982, 21096, 100
2026/08/04 12:36:06.983, 21096, 89
2026/08/04 12:36:07.985, 21096, 100
2026/08/04 12:36:08.985, 21096, 100
2026/08/04 12:36:09.987, 21096, 100
2026/08/04 12:36:10.988, 21096, 100
2026/08/04 12:36:11.990, 21096, 100
2026/08/04 12:36:12.991, 21096, 100
2026/08/04 12:36:13.992, 21096, 100
2026/08/04 12:36:14.994, 21096, 100
2026/08/04 12:36:15.995, 21096, 100
2026/08/04 12:36:16.996, 21096, 100
2026/08/04 12:36:17.998, 21096, 100
2026/08/04 12:36:18.999, 21096, 84
2026/08/04 12:36:20.000, 21096, 64
2026/08/04 12:36:21.002, 21096, 85
2026/08/04 12:36:22.003, 21096, 69
2026/08/04 12:36:23.005, 21096, 100
2026/08/04 12:36:24.006, 21096, 100
2026/08/04 12:36:25.007, 21096, 100
2026/08/04 12:36:26.009, 21096, 93
2026/08/04 12:36:27.010, 21096, 100
2026/08/04 12:36:28.011, 21096, 78
2026/08/04 12:36:29.013, 21096, 100
2026/08/04 12:36:30.014, 21096, 100
2026/08/04 12:36:31.016, 21096, 100
2026/08/04 12:36:32.016, 21096, 100
2026/08/04 12:36:33.017, 21096, 100
2026/08/04 12:36:34.019, 21096, 100
2026/08/04 12:36:35.020, 21096, 100
2026/08/04 12:36:36.022, 21096, 85
2026/08/04 12:36:37.023, 21096, 100
2026/08/04 12:36:38.024, 21096, 100
2026/08/04 12:36:39.026, 21096, 100
2026/08/04 12:36:40.027, 21096, 88
2026/08/04 12:36:41.028, 21096, 85
2026/08/04 12:36:42.030, 21096, 100
2026/08/04 12:36:43.031, 21096, 100
2026/08/04 12:36:44.032, 21096, 100
2026/08/04 12:36:45.034, 21096, 100
2026/08/04 12:36:46.035, 21096, 100
2026/08/04 12:36:47.036, 21096, 100
2026/08/04 12:36:48.038, 21096, 100
2026/08/04 12:36:49.060, 21096, 100
2026/08/04 12:36:50.061, 21096, 100
2026/08/04 12:36:51.064, 21096, 100
2026/08/04 12:36:52.065, 21096, 100
2026/08/04 12:36:53.067, 21096, 100
2026/08/04 12:36:54.068, 21096, 100
2026/08/04 12:36:55.069, 21096, 100
2026/08/04 12:36:56.071, 21096, 100
2026/08/04 12:36:57.071, 21096, 100
2026/08/04 12:36:58.073, 21096, 72
2026/08/04 12:36:59.074, 21096, 100
2026/08/04 12:37:00.074, 21096, 100
2026/08/04 12:37:01.077, 21096, 100
2026/08/04 12:37:02.078, 21096, 100
2026/08/04 12:37:03.078, 21096, 100
2026/08/04 12:37:04.078, 21096, 100
2026/08/04 12:37:05.078, 21096, 100
2026/08/04 12:37:06.079, 21096, 100
2026/08/04 12:37:07.079, 21096, 82
2026/08/04 12:37:08.080, 21096, 100
2026/08/04 12:37:09.080, 21096, 100
2026/08/04 12:37:10.080, 21096, 100
2026/08/04 12:37:11.080, 21096, 100
2026/08/04 12:37:12.080, 21096, 100
2026/08/04 12:37:13.080, 21096, 100
2026/08/04 12:37:14.081, 21096, 84
2026/08/04 12:37:15.081, 21096, 100
2026/08/04 12:37:16.081, 21096, 100
2026/08/04 12:37:17.081, 21096, 100
2026/08/04 12:37:18.082, 21096, 100
2026/08/04 12:37:19.082, 21096, 100
2026/08/04 12:37:20.082, 21096, 100
2026/08/04 12:37:21.083, 21096, 100
2026/08/04 12:37:22.083, 21096, 95
2026/08/04 12:37:23.083, 21096, 100
2026/08/04 12:37:24.084, 21096, 100
2026/08/04 12:37:25.084, 21096, 93
2026/08/04 12:37:26.084, 21096, 100
2026/08/04 12:37:27.084, 21096, 100
2026/08/04 12:37:28.085, 21096, 85
2026/08/04 12:37:29.085, 21096, 100
2026/08/04 12:37:30.085, 21096, 100
2026/08/04 12:37:31.088, 21096, 100
2026/08/04 12:37:32.088, 21096, 100
2026/08/04 12:37:33.089, 21096, 100
2026/08/04 12:37:34.089, 21096, 100
2026/08/04 12:37:35.089, 21096, 100
2026/08/04 12:37:36.089, 21096, 100
2026/08/04 12:37:37.090, 21096, 100
2026/08/04 12:37:38.090, 21096, 100
2026/08/04 12:37:39.090, 21096, 100
2026/08/04 12:37:40.090, 21096, 100
2026/08/04 12:37:41.091, 21096, 100
2026/08/04 12:37:42.091, 21096, 91
2026/08/04 12:37:43.092, 21096, 100
2026/08/04 12:37:44.092, 21096, 100
2026/08/04 12:37:45.092, 21096, 100
2026/08/04 12:37:46.096, 21096, 100
2026/08/04 12:37:47.096, 21096, 100
2026/08/04 12:37:48.097, 21096, 100
2026/08/04 12:37:49.097, 21096, 100
2026/08/04 12:37:50.097, 21096, 100
2026/08/04 12:37:51.097, 21096, 100
2026/08/04 12:37:52.098, 21096, 100
2026/08/04 12:37:53.098, 21096, 100
2026/08/04 12:37:54.098, 21096, 82
2026/08/04 12:37:55.099, 21096, 100
2026/08/04 12:37:56.100, 21096, 84
2026/08/04 12:37:57.100, 21096, 100
2026/08/04 12:37:58.100, 21096, 82
2026/08/04 12:37:59.100, 21096, 96
2026/08/04 12:38:00.101, 21096, 100
2026/08/04 12:38:01.102, 21096, 100
2026/08/04 12:38:02.102, 21096, 84
2026/08/04 12:38:03.102, 21096, 100
2026/08/04 12:38:04.102, 21096, 100
2026/08/04 12:38:05.102, 21096, 100
2026/08/04 12:38:06.103, 21096, 100
2026/08/04 12:38:07.103, 21096, 100
2026/08/04 12:38:08.103, 21096, 100
2026/08/04 12:38:09.103, 21096, 100
2026/08/04 12:38:10.103, 21096, 100
2026/08/04 12:38:11.103, 21096, 83
2026/08/04 12:38:12.104, 21096, 99
2026/08/04 12:38:13.104, 21096, 100
2026/08/04 12:38:14.104, 21096, 100
2026/08/04 12:38:15.104, 21096, 100
2026/08/04 12:38:16.105, 21096, 100
2026/08/04 12:38:17.105, 21096, 87
2026/08/04 12:38:18.105, 21096, 84
2026/08/04 12:38:19.105, 21096, 100
2026/08/04 12:38:20.106, 21096, 100
2026/08/04 12:38:21.106, 21096, 86
2026/08/04 12:38:22.106, 21096, 100
2026/08/04 12:38:23.106, 21096, 100
2026/08/04 12:38:24.107, 21096, 100
2026/08/04 12:38:25.107, 21096, 100
2026/08/04 12:38:26.107, 21096, 100
2026/08/04 12:38:27.107, 21096, 100
2026/08/04 12:38:28.107, 21096, 100
2026/08/04 12:38:29.108, 21096, 100
2026/08/04 12:38:30.108, 21096, 100
2026/08/04 12:38:31.108, 21096, 100
2026/08/04 12:38:32.109, 21096, 100
2026/08/04 12:38:33.109, 21096, 100
2026/08/04 12:38:34.109, 21096, 100
2026/08/04 12:38:35.110, 21096, 84
2026/08/04 12:38:36.110, 21096, 88
2026/08/04 12:38:37.110, 21096, 100
2026/08/04 12:38:38.110, 21096, 100
2026/08/04 12:38:39.111, 21096, 100
2026/08/04 12:38:40.111, 21096, 100
2026/08/04 12:38:41.111, 21096, 100
2026/08/04 12:38:42.112, 21096, 84
2026/08/04 12:38:43.112, 21096, 100
2026/08/04 12:38:44.112, 21096, 100
2026/08/04 12:38:45.112, 21096, 100
2026/08/04 12:38:46.113, 21096, 100
2026/08/04 12:38:47.113, 21096, 100
2026/08/04 12:38:48.113, 21096, 100
2026/08/04 12:38:49.114, 21096, 100
2026/08/04 12:38:50.114, 21096, 100
2026/08/04 12:38:51.114, 21096, 100
2026/08/04 12:38:52.114, 21096, 100
2026/08/04 12:38:53.115, 21096, 100
2026/08/04 12:38:54.115, 21096, 100
2026/08/04 12:38:55.115, 21096, 100
2026/08/04 12:38:56.116, 21096, 100
2026/08/04 12:38:57.116, 21096, 100
2026/08/04 12:38:58.116, 21096, 94
2026/08/04 12:38:59.116, 21096, 100
2026/08/04 12:39:00.117, 21096, 100
2026/08/04 12:39:01.117, 21096, 100
2026/08/04 12:39:02.117, 21096, 100
2026/08/04 12:39:03.118, 21096, 100
2026/08/04 12:39:04.118, 21096, 100
2026/08/04 12:39:05.118, 21096, 100
2026/08/04 12:39:06.119, 21096, 100
2026/08/04 12:39:07.119, 21096, 67
2026/08/04 12:39:08.119, 21096, 100
2026/08/04 12:39:09.119, 21096, 100
2026/08/04 12:39:10.120, 21096, 100
2026/08/04 12:39:11.121, 21096, 100
2026/08/04 12:39:12.126, 21096, 100
2026/08/04 12:39:13.131, 21096, 100
2026/08/04 12:39:14.136, 21096, 100
2026/08/04 12:39:15.141, 21096, 91
2026/08/04 12:39:16.146, 21096, 91
2026/08/04 12:39:17.151, 21096, 100
2026/08/04 12:39:18.156, 21096, 100
2026/08/04 12:39:19.160, 21096, 100
2026/08/04 12:39:20.164, 21096, 100
2026/08/04 12:39:21.169, 21096, 100
2026/08/04 12:39:22.174, 21096, 100
2026/08/04 12:39:23.177, 21096, 100
2026/08/04 12:39:24.181, 21096, 100
2026/08/04 12:39:25.185, 21096, 100
2026/08/04 12:39:26.189, 21096, 100
2026/08/04 12:39:27.192, 21096, 100
2026/08/04 12:39:28.195, 21096, 100
2026/08/04 12:39:29.199, 21096, 100
2026/08/04 12:39:30.203, 21096, 100
2026/08/04 12:39:31.206, 21096, 100
2026/08/04 12:39:32.210, 21096, 100
2026/08/04 12:39:33.213, 21096, 100
2026/08/04 12:39:34.217, 21096, 89
2026/08/04 12:39:35.220, 21096, 100
2026/08/04 12:39:36.223, 21096, 100
2026/08/04 12:39:37.226, 21096, 100
2026/08/04 12:39:38.229, 21096, 84
2026/08/04 12:39:39.232, 21096, 85
2026/08/04 12:39:40.235, 21096, 100
2026/08/04 12:39:41.237, 21096, 96
2026/08/04 12:39:42.240, 21096, 100
2026/08/04 12:39:43.242, 21096, 100
2026/08/04 12:39:44.245, 21096, 100
2026/08/04 12:39:45.248, 21096, 100
2026/08/04 12:39:46.250, 21096, 100
2026/08/04 12:39:47.253, 21096, 100
2026/08/04 12:39:48.255, 21096, 100
2026/08/04 12:39:49.258, 21096, 100
2026/08/04 12:39:50.261, 21096, 100
2026/08/04 12:39:51.263, 21096, 84
2026/08/04 12:39:52.266, 21096, 100
2026/08/04 12:39:53.268, 21096, 100
2026/08/04 12:39:54.270, 21096, 100
2026/08/04 12:39:55.273, 21096, 100
2026/08/04 12:39:56.275, 21096, 100
2026/08/04 12:39:57.278, 21096, 100
2026/08/04 12:39:58.280, 21096, 100
2026/08/04 12:39:59.283, 21096, 100
2026/08/04 12:40:00.285, 21096, 84
2026/08/04 12:40:01.288, 21096, 85
2026/08/04 12:40:02.289, 21096, 100
2026/08/04 12:40:03.292, 21096, 100
2026/08/04 12:40:04.294, 21096, 85
2026/08/04 12:40:05.296, 21096, 100
2026/08/04 12:40:06.299, 21096, 100
2026/08/04 12:40:07.301, 21096, 100
2026/08/04 12:40:08.302, 21096, 100
2026/08/04 12:40:09.304, 21096, 100
2026/08/04 12:40:10.306, 21096, 100
2026/08/04 12:40:11.308, 21096, 85
2026/08/04 12:40:12.309, 21096, 100
2026/08/04 12:40:13.310, 21096, 85
2026/08/04 12:40:14.312, 21096, 100
2026/08/04 12:40:15.313, 21096, 100
2026/08/04 12:40:16.315, 21096, 100
2026/08/04 12:40:17.316, 21096, 100
2026/08/04 12:40:18.318, 21096, 100
2026/08/04 12:40:19.319, 21096, 100
2026/08/04 12:40:20.321, 21096, 85
2026/08/04 12:40:21.322, 21096, 84
2026/08/04 12:40:22.324, 21096, 96
2026/08/04 12:40:23.325, 21096, 100
2026/08/04 12:40:24.326, 21096, 100
2026/08/04 12:40:25.328, 21096, 100
2026/08/04 12:40:26.329, 21096, 100
2026/08/04 12:40:27.331, 21096, 100
2026/08/04 12:40:28.332, 21096, 99
2026/08/04 12:40:29.334, 21096, 100
2026/08/04 12:40:30.336, 21096, 100
2026/08/04 12:40:31.337, 21096, 100
2026/08/04 12:40:32.339, 21096, 100
2026/08/04 12:40:33.340, 21096, 100
2026/08/04 12:40:34.341, 21096, 100
2026/08/04 12:40:35.343, 21096, 100
2026/08/04 12:40:36.344, 21096, 100
2026/08/04 12:40:37.346, 21096, 100
2026/08/04 12:40:38.347, 21096, 63
2026/08/04 12:40:39.349, 21096, 100
2026/08/04 12:40:40.350, 21096, 100
2026/08/04 12:40:41.352, 21096, 100
2026/08/04 12:40:42.353, 21096, 100
2026/08/04 12:40:43.354, 21096, 100
2026/08/04 12:40:44.356, 21096, 100
2026/08/04 12:40:45.357, 21096, 100
2026/08/04 12:40:46.359, 21096, 59
2026/08/04 12:40:47.360, 21096, 81
2026/08/04 12:40:48.362, 21096, 100
2026/08/04 12:40:49.363, 21096, 100
2026/08/04 12:40:50.364, 21096, 100
2026/08/04 12:40:51.366, 21096, 100
2026/08/04 12:40:52.367, 21096, 83
2026/08/04 12:40:53.369, 21096, 100
2026/08/04 12:40:54.370, 21096, 100
2026/08/04 12:40:55.372, 21096, 100
2026/08/04 12:40:56.373, 21096, 100
2026/08/04 12:40:57.375, 21096, 100
2026/08/04 12:40:58.376, 21096, 100
2026/08/04 12:40:59.377, 21096, 100
2026/08/04 12:41:00.379, 21096, 100
2026/08/04 12:41:01.380, 21096, 100
2026/08/04 12:41:02.382, 21096, 100
2026/08/04 12:41:03.383, 21096, 100
2026/08/04 12:41:04.385, 21096, 100
2026/08/04 12:41:05.386, 21096, 100
2026/08/04 12:41:06.387, 21096, 100
2026/08/04 12:41:07.389, 21096, 100
2026/08/04 12:41:08.390, 21096, 100
2026/08/04 12:41:09.392, 21096, 100
2026/08/04 12:41:10.393, 21096, 100
2026/08/04 12:41:11.394, 21096, 100
2026/08/04 12:41:12.396, 21096, 100
2026/08/04 12:41:13.397, 21096, 100
2026/08/04 12:41:14.399, 21096, 100
2026/08/04 12:41:15.400, 21096, 100
2026/08/04 12:41:16.402, 21096, 100
2026/08/04 12:41:17.403, 21096, 100
2026/08/04 12:41:18.404, 21096, 100
2026/08/04 12:41:19.406, 21096, 100
2026/08/04 12:41:20.406, 21096, 100
2026/08/04 12:41:21.406, 21096, 100
2026/08/04 12:41:22.407, 21096, 100
2026/08/04 12:41:23.407, 21096, 100
2026/08/04 12:41:24.407, 21096, 100
2026/08/04 12:41:25.407, 21096, 100
2026/08/04 12:41:26.408, 21096, 100
2026/08/04 12:41:27.408, 21096, 87
2026/08/04 12:41:28.408, 21096, 58
2026/08/04 12:41:29.409, 21096, 100
2026/08/04 12:41:30.409, 21096, 100
2026/08/04 12:41:31.409, 21096, 100
2026/08/04 12:41:32.410, 21096, 65
2026/08/04 12:41:33.410, 21096, 89
2026/08/04 12:41:34.410, 21096, 82
2026/08/04 12:41:35.411, 21096, 100
2026/08/04 12:41:36.411, 21096, 100
2026/08/04 12:41:37.411, 21096, 100
2026/08/04 12:41:38.412, 21096, 86
2026/08/04 12:41:39.412, 21096, 83
2026/08/04 12:41:40.413, 21096, 100
2026/08/04 12:41:41.413, 21096, 83
2026/08/04 12:41:42.413, 21096, 100
2026/08/04 12:41:43.414, 21096, 100
2026/08/04 12:41:44.414, 21096, 81
2026/08/04 12:41:45.414, 21096, 100
2026/08/04 12:41:46.415, 21096, 87
2026/08/04 12:41:47.415, 21096, 100
2026/08/04 12:41:48.415, 21096, 100
2026/08/04 12:41:49.416, 21096, 100
2026/08/04 12:41:50.416, 21096, 100
2026/08/04 12:41:51.416, 21096, 100
2026/08/04 12:41:52.417, 21096, 100
2026/08/04 12:41:53.417, 21096, 100
2026/08/04 12:41:54.417, 21096, 100
2026/08/04 12:41:55.417, 21096, 100
2026/08/04 12:41:56.418, 21096, 100
2026/08/04 12:41:57.418, 21096, 100
2026/08/04 12:41:58.418, 21096, 100
2026/08/04 12:41:59.419, 21096, 100
2026/08/04 12:42:00.419, 21096, 100
2026/08/04 12:42:01.419, 21096, 100
2026/08/04 12:42:02.420, 21096, 100
2026/08/04 12:42:03.420, 21096, 100
2026/08/04 12:42:04.420, 21096, 100
2026/08/04 12:42:05.421, 21096, 100
2026/08/04 12:42:06.421, 21096, 100
2026/08/04 12:42:07.421, 21096, 100
2026/08/04 12:42:08.422, 21096, 100
2026/08/04 12:42:09.422, 21096, 85
2026/08/04 12:42:10.422, 21096, 92
2026/08/04 12:42:11.423, 21096, 100
2026/08/04 12:42:12.423, 21096, 100
2026/08/04 12:42:13.424, 21096, 100
2026/08/04 12:42:14.424, 21096, 100
2026/08/04 12:42:15.424, 21096, 100
2026/08/04 12:42:16.425, 21096, 100
2026/08/04 12:42:17.425, 21096, 100
2026/08/04 12:42:18.425, 21096, 100
2026/08/04 12:42:19.426, 21096, 85
2026/08/04 12:42:20.426, 21096, 100
2026/08/04 12:42:21.427, 21096, 100
2026/08/04 12:42:22.427, 21096, 100
2026/08/04 12:42:23.427, 21096, 100
2026/08/04 12:42:24.429, 21096, 83
2026/08/04 12:42:25.429, 21096, 100
2026/08/04 12:42:26.431, 21096, 100
2026/08/04 12:42:27.432, 21096, 100
2026/08/04 12:42:28.434, 21096, 100
2026/08/04 12:42:29.435, 21096, 100
2026/08/04 12:42:30.436, 21096, 100
2026/08/04 12:42:31.438, 21096, 85
2026/08/04 12:42:32.439, 21096, 100
2026/08/04 12:42:33.441, 21096, 100
2026/08/04 12:42:34.441, 21096, 84
2026/08/04 12:42:35.441, 21096, 100
2026/08/04 12:42:36.443, 21096, 100
2026/08/04 12:42:37.443, 21096, 100
2026/08/04 12:42:38.445, 21096, 100
2026/08/04 12:42:39.446, 21096, 100
2026/08/04 12:42:40.448, 21096, 100
2026/08/04 12:42:41.449, 21096, 100
2026/08/04 12:42:42.450, 21096, 100
2026/08/04 12:42:43.452, 21096, 100
2026/08/04 12:42:44.453, 21096, 100
2026/08/04 12:42:45.455, 21096, 100
2026/08/04 12:42:46.456, 21096, 100
2026/08/04 12:42:47.458, 21096, 86
2026/08/04 12:42:48.459, 21096, 100
2026/08/04 12:42:49.460, 21096, 85
2026/08/04 12:42:50.462, 21096, 100
2026/08/04 12:42:51.463, 21096, 100
2026/08/04 12:42:52.465, 21096, 100
2026/08/04 12:42:53.466, 21096, 100
2026/08/04 12:42:54.468, 21096, 100
2026/08/04 12:42:55.469, 21096, 100
2026/08/04 12:42:56.470, 21096, 100
2026/08/04 12:42:57.472, 21096, 100
2026/08/04 12:42:58.473, 21096, 100
2026/08/04 12:42:59.475, 21096, 100
2026/08/04 12:43:00.476, 21096, 100
2026/08/04 12:43:01.478, 21096, 100
2026/08/04 12:43:02.479, 21096, 100
2026/08/04 12:43:03.480, 21096, 85
2026/08/04 12:43:04.482, 21096, 100
2026/08/04 12:43:05.483, 21096, 100
2026/08/04 12:43:06.485, 21096, 100
2026/08/04 12:43:07.486, 21096, 100
2026/08/04 12:43:08.488, 21096, 100
2026/08/04 12:43:09.489, 21096, 100
2026/08/04 12:43:10.490, 21096, 100
2026/08/04 12:43:11.491, 21096, 84
2026/08/04 12:43:12.492, 21096, 100
2026/08/04 12:43:13.493, 21096, 100
2026/08/04 12:43:14.494, 21096, 100
2026/08/04 12:43:15.494, 21096, 100
2026/08/04 12:43:16.496, 21096, 100
2026/08/04 12:43:17.497, 21096, 100
2026/08/04 12:43:18.499, 21096, 100
2026/08/04 12:43:19.500, 21096, 100
2026/08/04 12:43:20.502, 21096, 100
2026/08/04 12:43:21.503, 21096, 100
2026/08/04 12:43:22.505, 21096, 100
2026/08/04 12:43:23.506, 21096, 100
2026/08/04 12:43:24.508, 21096, 98
2026/08/04 12:43:25.508, 21096, 100
2026/08/04 12:43:26.510, 21096, 100
2026/08/04 12:43:27.510, 21096, 84
2026/08/04 12:43:28.512, 21096, 85
2026/08/04 12:43:29.512, 21096, 100
2026/08/04 12:43:30.514, 21096, 84
2026/08/04 12:43:31.516, 21096, 85
2026/08/04 12:43:32.517, 21096, 100
2026/08/04 12:43:33.519, 21096, 100
2026/08/04 12:43:34.519, 21096, 100
2026/08/04 12:43:35.520, 21096, 81
2026/08/04 12:43:36.521, 21096, 84
2026/08/04 12:43:37.523, 21096, 100
2026/08/04 12:43:38.524, 21096, 85
2026/08/04 12:43:39.525, 21096, 100
2026/08/04 12:43:40.526, 21096, 86
2026/08/04 12:43:41.528, 21096, 100
2026/08/04 12:43:42.529, 21096, 100
2026/08/04 12:43:43.531, 21096, 100
2026/08/04 12:43:44.532, 21096, 100
2026/08/04 12:43:45.534, 21096, 100
2026/08/04 12:43:46.535, 21096, 100
2026/08/04 12:43:47.536, 21096, 100
2026/08/04 12:43:48.538, 21096, 100
2026/08/04 12:43:49.539, 21096, 100
2026/08/04 12:43:50.541, 21096, 100
2026/08/04 12:43:51.542, 21096, 100
2026/08/04 12:43:52.544, 21096, 100
2026/08/04 12:43:53.545, 21096, 100
2026/08/04 12:43:54.546, 21096, 84
2026/08/04 12:43:55.547, 21096, 66
2026/08/04 12:43:56.549, 21096, 100
2026/08/04 12:43:57.550, 21096, 85
2026/08/04 12:43:58.551, 21096, 100
2026/08/04 12:43:59.553, 21096, 100
2026/08/04 12:44:00.554, 21096, 100
2026/08/04 12:44:01.556, 21096, 100
2026/08/04 12:44:02.557, 21096, 100
2026/08/04 12:44:03.559, 21096, 100
2026/08/04 12:44:04.560, 21096, 81
2026/08/04 12:44:05.562, 21096, 85
2026/08/04 12:44:06.563, 21096, 100
2026/08/04 12:44:07.565, 21096, 100
2026/08/04 12:44:08.566, 21096, 100
2026/08/04 12:44:09.568, 21096, 100
2026/08/04 12:44:10.569, 21096, 100
2026/08/04 12:44:11.571, 21096, 100
2026/08/04 12:44:12.572, 21096, 100
2026/08/04 12:44:13.574, 21096, 100
2026/08/04 12:44:14.575, 21096, 100
2026/08/04 12:44:15.577, 21096, 100
2026/08/04 12:44:16.578, 21096, 100
2026/08/04 12:44:17.579, 21096, 100
2026/08/04 12:44:18.580, 21096, 100
2026/08/04 12:44:19.581, 21096, 100
2026/08/04 12:44:20.582, 21096, 100
2026/08/04 12:44:21.584, 21096, 100
2026/08/04 12:44:22.585, 21096, 100
2026/08/04 12:44:23.586, 21096, 100
2026/08/04 12:44:24.588, 21096, 100
2026/08/04 12:44:25.589, 21096, 100
2026/08/04 12:44:26.591, 21096, 100
2026/08/04 12:44:27.592, 21096, 83
2026/08/04 12:44:28.593, 21096, 100
2026/08/04 12:44:29.595, 21096, 68
2026/08/04 12:44:30.596, 21096, 100
2026/08/04 12:44:31.598, 21096, 100
2026/08/04 12:44:32.600, 21096, 100
2026/08/04 12:44:33.601, 21096, 100
2026/08/04 12:44:34.602, 21096, 84
2026/08/04 12:44:35.604, 21096, 85
2026/08/04 12:44:36.605, 21096, 100
2026/08/04 12:44:37.607, 21096, 100
2026/08/04 12:44:38.608, 21096, 100
2026/08/04 12:44:39.610, 21096, 100
2026/08/04 12:44:40.611, 21096, 100
2026/08/04 12:44:41.612, 21096, 100
2026/08/04 12:44:42.614, 21096, 100
2026/08/04 12:44:43.615, 21096, 100
2026/08/04 12:44:44.617, 21096, 85
2026/08/04 12:44:45.618, 21096, 100
2026/08/04 12:44:46.620, 21096, 100
2026/08/04 12:44:47.620, 21096, 100
2026/08/04 12:44:48.622, 21096, 88
2026/08/04 12:44:49.623, 21096, 100
2026/08/04 12:44:50.624, 21096, 100
2026/08/04 12:44:51.626, 21096, 100
2026/08/04 12:44:52.628, 21096, 100
2026/08/04 12:44:53.629, 21096, 100
2026/08/04 12:44:54.630, 21096, 100
2026/08/04 12:44:55.632, 21096, 100
2026/08/04 12:44:56.633, 21096, 100
2026/08/04 12:44:57.635, 21096, 100
2026/08/04 12:44:58.636, 21096, 85
2026/08/04 12:44:59.638, 21096, 100
2026/08/04 12:45:00.639, 21096, 100
2026/08/04 12:45:01.640, 21096, 100
2026/08/04 12:45:02.641, 21096, 100
2026/08/04 12:45:03.643, 21096, 100
2026/08/04 12:45:04.644, 21096, 100
2026/08/04 12:45:05.645, 21096, 100
2026/08/04 12:45:06.647, 21096, 84
2026/08/04 12:45:07.648, 21096, 100
2026/08/04 12:45:08.650, 21096, 100
2026/08/04 12:45:09.651, 21096, 100
2026/08/04 12:45:10.653, 21096, 100
2026/08/04 12:45:11.654, 21096, 100
2026/08/04 12:45:12.655, 21096, 60
2026/08/04 12:45:13.657, 21096, 100
2026/08/04 12:45:14.658, 21096, 100
2026/08/04 12:45:15.659, 21096, 100
2026/08/04 12:45:16.661, 21096, 100
2026/08/04 12:45:17.662, 21096, 100
2026/08/04 12:45:18.664, 21096, 100
2026/08/04 12:45:19.665, 21096, 100
2026/08/04 12:45:20.667, 21096, 100
2026/08/04 12:45:21.668, 21096, 100
2026/08/04 12:45:22.669, 21096, 84
2026/08/04 12:45:23.671, 21096, 100
2026/08/04 12:45:24.672, 21096, 100
2026/08/04 12:45:25.673, 21096, 85
2026/08/04 12:45:26.675, 21096, 100
2026/08/04 12:45:27.676, 21096, 100
2026/08/04 12:45:28.677, 21096, 100
2026/08/04 12:45:29.679, 21096, 100
2026/08/04 12:45:30.680, 21096, 100
2026/08/04 12:45:31.682, 21096, 100
2026/08/04 12:45:32.683, 21096, 100
2026/08/04 12:45:33.684, 21096, 100
2026/08/04 12:45:34.686, 21096, 100
2026/08/04 12:45:35.686, 21096, 100
2026/08/04 12:45:36.686, 21096, 100
2026/08/04 12:45:37.687, 21096, 84
2026/08/04 12:45:38.687, 21096, 100
2026/08/04 12:45:39.687, 21096, 83
2026/08/04 12:45:40.687, 21096, 100
2026/08/04 12:45:41.688, 21096, 100
2026/08/04 12:45:42.688, 21096, 81
2026/08/04 12:45:43.688, 21096, 84
2026/08/04 12:45:44.688, 21096, 100
2026/08/04 12:45:45.689, 21096, 60
2026/08/04 12:45:46.689, 21096, 82
2026/08/04 12:45:47.689, 21096, 100
2026/08/04 12:45:48.689, 21096, 100
2026/08/04 12:45:49.690, 21096, 100
2026/08/04 12:45:50.690, 21096, 100
2026/08/04 12:45:51.690, 21096, 100
2026/08/04 12:45:52.691, 21096, 100
2026/08/04 12:45:53.691, 21096, 100
2026/08/04 12:45:54.691, 21096, 100
2026/08/04 12:45:55.691, 21096, 97
2026/08/04 12:45:56.692, 21096, 100
2026/08/04 12:45:57.692, 21096, 100
2026/08/04 12:45:58.692, 21096, 100
2026/08/04 12:45:59.692, 21096, 100
2026/08/04 12:46:00.693, 21096, 100
2026/08/04 12:46:01.693, 21096, 100
2026/08/04 12:46:02.693, 21096, 100
2026/08/04 12:46:03.693, 21096, 100
2026/08/04 12:46:04.694, 21096, 100
2026/08/04 12:46:05.694, 21096, 100
2026/08/04 12:46:06.694, 21096, 100
2026/08/04 12:46:07.695, 21096, 100
2026/08/04 12:46:08.695, 21096, 100
2026/08/04 12:46:09.695, 21096, 100
2026/08/04 12:46:10.695, 21096, 83
2026/08/04 12:46:11.696, 21096, 100
2026/08/04 12:46:12.696, 21096, 100
2026/08/04 12:46:13.696, 21096, 100
2026/08/04 12:46:14.696, 21096, 71
2026/08/04 12:46:15.697, 21096, 84
2026/08/04 12:46:16.697, 21096, 100
2026/08/04 12:46:17.697, 21096, 88
2026/08/04 12:46:18.698, 21096, 100
2026/08/04 12:46:19.698, 21096, 100
2026/08/04 12:46:20.698, 21096, 100
2026/08/04 12:46:21.698, 21096, 83
2026/08/04 12:46:22.699, 21096, 100
2026/08/04 12:46:23.699, 21096, 100
2026/08/04 12:46:24.699, 21096, 100
2026/08/04 12:46:25.699, 21096, 100
2026/08/04 12:46:26.700, 21096, 100
2026/08/04 12:46:27.700, 21096, 100
2026/08/04 12:46:28.700, 21096, 96
2026/08/04 12:46:29.700, 21096, 84
2026/08/04 12:46:30.701, 21096, 100
2026/08/04 12:46:31.701, 21096, 100
2026/08/04 12:46:32.701, 21096, 100
2026/08/04 12:46:33.701, 21096, 100
2026/08/04 12:46:34.702, 21096, 100
2026/08/04 12:46:35.702, 21096, 100
2026/08/04 12:46:36.702, 21096, 100
2026/08/04 12:46:37.703, 21096, 100
2026/08/04 12:46:38.703, 21096, 100
2026/08/04 12:46:39.703, 21096, 100
2026/08/04 12:46:40.703, 21096, 100
2026/08/04 12:46:41.704, 21096, 100
2026/08/04 12:46:42.713, 21096, 100
2026/08/04 12:46:43.725, 21096, 100
2026/08/04 12:46:44.735, 21096, 100
2026/08/04 12:46:45.745, 21096, 100
2026/08/04 12:46:46.753, 21096, 100
2026/08/04 12:46:47.760, 21096, 100
2026/08/04 12:46:48.766, 21096, 100
2026/08/04 12:46:49.772, 21096, 78
2026/08/04 12:46:50.778, 21096, 100
2026/08/04 12:46:51.783, 21096, 100
2026/08/04 12:46:52.787, 21096, 100
2026/08/04 12:46:53.790, 21096, 79
2026/08/04 12:46:54.794, 21096, 100
2026/08/04 12:46:55.798, 21096, 100
2026/08/04 12:46:56.801, 21096, 100
2026/08/04 12:46:57.804, 21096, 97
2026/08/04 12:46:58.807, 21096, 85
2026/08/04 12:46:59.809, 21096, 100
2026/08/04 12:47:00.811, 21096, 100
2026/08/04 12:47:01.814, 21096, 100
2026/08/04 12:47:02.816, 21096, 100
2026/08/04 12:47:03.818, 21096, 100
2026/08/04 12:47:04.820, 21096, 83
2026/08/04 12:47:05.822, 21096, 81
2026/08/04 12:47:06.824, 21096, 68
2026/08/04 12:47:07.826, 21096, 100
2026/08/04 12:47:08.828, 21096, 85
2026/08/04 12:47:09.830, 21096, 100
2026/08/04 12:47:10.831, 21096, 100
2026/08/04 12:47:11.833, 21096, 81
2026/08/04 12:47:12.836, 21096, 100
2026/08/04 12:47:13.837, 21096, 100
2026/08/04 12:47:14.837, 21096, 100
2026/08/04 12:47:15.838, 21096, 100
2026/08/04 12:47:16.838, 21096, 100
2026/08/04 12:47:17.838, 21096, 100
2026/08/04 12:47:18.839, 21096, 100
2026/08/04 12:47:19.839, 21096, 100
2026/08/04 12:47:20.839, 21096, 100
2026/08/04 12:47:21.839, 21096, 100
2026/08/04 12:47:22.840, 21096, 100
2026/08/04 12:47:23.840, 21096, 100
2026/08/04 12:47:24.841, 21096, 100
2026/08/04 12:47:25.841, 21096, 100
2026/08/04 12:47:26.841, 21096, 100
2026/08/04 12:47:27.842, 21096, 100
2026/08/04 12:47:28.842, 21096, 83
2026/08/04 12:47:29.842, 21096, 100
2026/08/04 12:47:30.843, 21096, 100
2026/08/04 12:47:31.843, 21096, 83
2026/08/04 12:47:32.843, 21096, 83
2026/08/04 12:47:33.844, 21096, 80
2026/08/04 12:47:34.844, 21096, 100
2026/08/04 12:47:35.844, 21096, 100
2026/08/04 12:47:36.845, 21096, 100
2026/08/04 12:47:37.845, 21096, 100
2026/08/04 12:47:38.845, 21096, 85
2026/08/04 12:47:39.845, 21096, 100
2026/08/04 12:47:40.845, 21096, 100
2026/08/04 12:47:41.846, 21096, 100
2026/08/04 12:47:42.849, 21096, 100
2026/08/04 12:47:43.849, 21096, 100
2026/08/04 12:47:44.850, 21096, 100
2026/08/04 12:47:45.850, 21096, 69
2026/08/04 12:47:46.850, 21096, 100
2026/08/04 12:47:47.852, 21096, 100
2026/08/04 12:47:48.853, 21096, 100
2026/08/04 12:47:49.853, 21096, 100
2026/08/04 12:47:50.853, 21096, 100
2026/08/04 12:47:51.854, 21096, 100
2026/08/04 12:47:52.855, 21096, 80
2026/08/04 12:47:53.855, 21096, 100
2026/08/04 12:47:54.855, 21096, 100
2026/08/04 12:47:55.855, 21096, 100
2026/08/04 12:47:56.856, 21096, 100
2026/08/04 12:47:57.856, 21096, 100
2026/08/04 12:47:58.856, 21096, 100
2026/08/04 12:47:59.857, 21096, 66
2026/08/04 12:48:00.857, 21096, 100
2026/08/04 12:48:01.859, 21096, 100
2026/08/04 12:48:02.859, 21096, 100
2026/08/04 12:48:03.860, 21096, 60
2026/08/04 12:48:04.862, 21096, 100
2026/08/04 12:48:05.863, 21096, 100
2026/08/04 12:48:06.865, 21096, 100
2026/08/04 12:48:07.866, 21096, 100
2026/08/04 12:48:08.867, 21096, 100
2026/08/04 12:48:09.869, 21096, 100
2026/08/04 12:48:10.870, 21096, 100
2026/08/04 12:48:11.872, 21096, 100
2026/08/04 12:48:12.873, 21096, 100
2026/08/04 12:48:13.874, 21096, 100
2026/08/04 12:48:14.876, 21096, 100
2026/08/04 12:48:15.877, 21096, 100
2026/08/04 12:48:16.879, 21096, 100
2026/08/04 12:48:17.880, 21096, 100
2026/08/04 12:48:18.880, 21096, 100
2026/08/04 12:48:19.881, 21096, 66
2026/08/04 12:48:20.881, 21096, 100
2026/08/04 12:48:21.881, 21096, 100
2026/08/04 12:48:22.882, 21096, 100
2026/08/04 12:48:23.882, 21096, 81
2026/08/04 12:48:24.882, 21096, 100
2026/08/04 12:48:25.883, 21096, 100
2026/08/04 12:48:26.883, 21096, 100
2026/08/04 12:48:27.883, 21096, 100
2026/08/04 12:48:28.883, 21096, 100
2026/08/04 12:48:29.884, 21096, 100
2026/08/04 12:48:30.884, 21096, 100
2026/08/04 12:48:31.884, 21096, 100
2026/08/04 12:48:32.885, 21096, 100
2026/08/04 12:48:33.885, 21096, 100
2026/08/04 12:48:34.885, 21096, 100
2026/08/04 12:48:35.886, 21096, 100
2026/08/04 12:48:36.886, 21096, 100
2026/08/04 12:48:37.886, 21096, 100
2026/08/04 12:48:38.887, 21096, 100
2026/08/04 12:48:39.887, 21096, 100
2026/08/04 12:48:40.887, 21096, 100
2026/08/04 12:48:41.887, 21096, 92
2026/08/04 12:48:42.888, 21096, 100
2026/08/04 12:48:43.888, 21096, 87
2026/08/04 12:48:44.888, 21096, 100
2026/08/04 12:48:45.889, 21096, 100
2026/08/04 12:48:46.889, 21096, 85
2026/08/04 12:48:47.889, 21096, 100
2026/08/04 12:48:48.889, 21096, 100
2026/08/04 12:48:49.890, 21096, 78
2026/08/04 12:48:50.890, 21096, 80
2026/08/04 12:48:51.890, 21096, 100
2026/08/04 12:48:52.891, 21096, 100
2026/08/04 12:48:53.891, 21096, 100
2026/08/04 12:48:54.891, 21096, 100
2026/08/04 12:48:55.892, 21096, 100
2026/08/04 12:48:56.892, 21096, 100
2026/08/04 12:48:57.892, 21096, 90
2026/08/04 12:48:58.893, 21096, 100
2026/08/04 12:48:59.893, 21096, 100
2026/08/04 12:49:00.893, 21096, 100
2026/08/04 12:49:01.893, 21096, 100
2026/08/04 12:49:02.894, 21096, 78
2026/08/04 12:49:03.894, 21096, 100
2026/08/04 12:49:04.894, 21096, 100
2026/08/04 12:49:05.895, 21096, 100
2026/08/04 12:49:06.895, 21096, 81
2026/08/04 12:49:07.895, 21096, 100
2026/08/04 12:49:08.896, 21096, 100
2026/08/04 12:49:09.896, 21096, 100
2026/08/04 12:49:10.896, 21096, 100
2026/08/04 12:49:11.897, 21096, 100
2026/08/04 12:49:12.897, 21096, 100
2026/08/04 12:49:13.897, 21096, 100
2026/08/04 12:49:14.898, 21096, 79
2026/08/04 12:49:15.898, 21096, 100
2026/08/04 12:49:16.898, 21096, 100
2026/08/04 12:49:17.899, 21096, 100
2026/08/04 12:49:18.899, 21096, 85
2026/08/04 12:49:19.899, 21096, 100
2026/08/04 12:49:20.899, 21096, 100
2026/08/04 12:49:21.900, 21096, 100
2026/08/04 12:49:22.900, 21096, 100
2026/08/04 12:49:23.900, 21096, 100
2026/08/04 12:49:24.900, 21096, 100
2026/08/04 12:49:25.901, 21096, 100
2026/08/04 12:49:26.901, 21096, 80
2026/08/04 12:49:27.901, 21096, 100
2026/08/04 12:49:28.901, 21096, 100
2026/08/04 12:49:29.902, 21096, 100
2026/08/04 12:49:30.902, 21096, 99
2026/08/04 12:49:31.902, 21096, 100
2026/08/04 12:49:32.902, 21096, 100
2026/08/04 12:49:33.903, 21096, 100
2026/08/04 12:49:34.903, 21096, 100
2026/08/04 12:49:35.903, 21096, 100
2026/08/04 12:49:36.903, 21096, 100
2026/08/04 12:49:37.904, 21096, 100
2026/08/04 12:49:38.904, 21096, 100
2026/08/04 12:49:39.904, 21096, 100
2026/08/04 12:49:40.904, 21096, 84
2026/08/04 12:49:41.904, 21096, 100
2026/08/04 12:49:42.905, 21096, 100
2026/08/04 12:49:43.905, 21096, 99
2026/08/04 12:49:44.905, 21096, 84
2026/08/04 12:49:45.905, 21096, 100
2026/08/04 12:49:46.905, 21096, 100
2026/08/04 12:49:47.906, 21096, 100
2026/08/04 12:49:48.906, 21096, 100
2026/08/04 12:49:49.906, 21096, 100
2026/08/04 12:49:50.906, 21096, 100
2026/08/04 12:49:51.907, 21096, 100
2026/08/04 12:49:52.907, 21096, 100
2026/08/04 12:49:53.907, 21096, 100
2026/08/04 12:49:54.908, 21096, 100
2026/08/04 12:49:55.908, 21096, 100
2026/08/04 12:49:56.908, 21096, 100
2026/08/04 12:49:57.909, 21096, 100
2026/08/04 12:49:58.909, 21096, 82
2026/08/04 12:49:59.909, 21096, 100
2026/08/04 12:50:00.909, 21096, 100
2026/08/04 12:50:01.909, 21096, 98
2026/08/04 12:50:02.910, 21096, 100
2026/08/04 12:50:03.910, 21096, 63
2026/08/04 12:50:04.910, 21096, 100
2026/08/04 12:50:05.910, 21096, 100
2026/08/04 12:50:06.911, 21096, 100
2026/08/04 12:50:07.911, 21096, 100
2026/08/04 12:50:08.911, 21096, 100
2026/08/04 12:50:09.912, 21096, 82
2026/08/04 12:50:10.912, 21096, 100
2026/08/04 12:50:11.912, 21096, 100
2026/08/04 12:50:12.912, 21096, 83
2026/08/04 12:50:13.913, 21096, 100
2026/08/04 12:50:14.913, 21096, 100
2026/08/04 12:50:15.913, 21096, 83
2026/08/04 12:50:16.913, 21096, 96
2026/08/04 12:50:17.914, 21096, 100
2026/08/04 12:50:18.914, 21096, 100
2026/08/04 12:50:19.914, 21096, 100
2026/08/04 12:50:20.915, 21096, 100
2026/08/04 12:50:21.915, 21096, 100
2026/08/04 12:50:22.915, 21096, 100
2026/08/04 12:50:23.915, 21096, 100
2026/08/04 12:50:24.916, 21096, 100
2026/08/04 12:50:25.916, 21096, 100
2026/08/04 12:50:26.917, 21096, 100
2026/08/04 12:50:27.921, 21096, 91
2026/08/04 12:50:28.925, 21096, 100
2026/08/04 12:50:29.928, 21096, 100
2026/08/04 12:50:30.932, 21096, 100
2026/08/04 12:50:31.935, 21096, 100
2026/08/04 12:50:32.939, 21096, 98
2026/08/04 12:50:33.942, 21096, 100
2026/08/04 12:50:34.946, 21096, 100
2026/08/04 12:50:35.949, 21096, 100
2026/08/04 12:50:36.953, 21096, 60
2026/08/04 12:50:37.956, 21096, 83
2026/08/04 12:50:38.959, 21096, 57
2026/08/04 12:50:39.963, 21096, 100
2026/08/04 12:50:40.966, 21096, 100
2026/08/04 12:50:41.969, 21096, 100
2026/08/04 12:50:42.972, 21096, 80
2026/08/04 12:50:43.975, 21096, 100
2026/08/04 12:50:44.978, 21096, 100
2026/08/04 12:50:45.980, 21096, 100
2026/08/04 12:50:46.983, 21096, 100
2026/08/04 12:50:47.985, 21096, 100
2026/08/04 12:50:48.988, 21096, 100
2026/08/04 12:50:49.990, 21096, 100
2026/08/04 12:50:50.993, 21096, 95
2026/08/04 12:50:51.995, 21096, 100
2026/08/04 12:50:52.998, 21096, 82
2026/08/04 12:50:54.000, 21096, 100
2026/08/04 12:50:55.002, 21096, 100
2026/08/04 12:50:56.005, 21096, 100
2026/08/04 12:50:57.007, 21096, 100
2026/08/04 12:50:58.010, 21096, 100
2026/08/04 12:50:59.011, 21096, 100
2026/08/04 12:51:00.013, 21096, 100
2026/08/04 12:51:01.015, 21096, 100
2026/08/04 12:51:02.018, 21096, 100
2026/08/04 12:51:03.020, 21096, 100
2026/08/04 12:51:04.023, 21096, 100
2026/08/04 12:51:05.025, 21096, 100
2026/08/04 12:51:06.027, 21096, 100
2026/08/04 12:51:07.030, 21096, 100
2026/08/04 12:51:08.032, 21096, 100
2026/08/04 12:51:09.034, 21096, 100
2026/08/04 12:51:10.036, 21096, 100
2026/08/04 12:51:11.039, 21096, 100
2026/08/04 12:51:12.040, 21096, 100
2026/08/04 12:51:13.042, 21096, 100
2026/08/04 12:51:14.043, 21096, 100
2026/08/04 12:51:15.044, 21096, 100
2026/08/04 12:51:16.049, 21096, 100
2026/08/04 12:51:17.050, 21096, 100
2026/08/04 12:51:18.051, 21096, 100
2026/08/04 12:51:19.053, 21096, 100
2026/08/04 12:51:20.054, 21096, 100
2026/08/04 12:51:21.055, 21096, 100
2026/08/04 12:51:22.057, 21096, 100
2026/08/04 12:51:23.058, 21096, 100
2026/08/04 12:51:24.059, 21096, 100
2026/08/04 12:51:25.061, 21096, 100
2026/08/04 12:51:26.064, 21096, 100
2026/08/04 12:51:27.066, 21096, 100
2026/08/04 12:51:28.067, 21096, 100
2026/08/04 12:51:29.069, 21096, 100
2026/08/04 12:51:30.071, 21096, 100
2026/08/04 12:51:31.072, 21096, 100
2026/08/04 12:51:32.073, 21096, 100
2026/08/04 12:51:33.075, 21096, 83
2026/08/04 12:51:34.076, 21096, 100
2026/08/04 12:51:35.077, 21096, 100
2026/08/04 12:51:36.079, 21096, 100
2026/08/04 12:51:37.080, 21096, 79
2026/08/04 12:51:38.082, 21096, 86
2026/08/04 12:51:39.083, 21096, 100
2026/08/04 12:51:40.084, 21096, 100
2026/08/04 12:51:41.086, 21096, 94
2026/08/04 12:51:42.088, 21096, 100
2026/08/04 12:51:43.089, 21096, 100
2026/08/04 12:51:44.090, 21096, 83
2026/08/04 12:51:45.092, 21096, 100
2026/08/04 12:51:46.097, 21096, 81
2026/08/04 12:51:47.098, 21096, 100
2026/08/04 12:51:48.099, 21096, 100
2026/08/04 12:51:49.101, 21096, 100
2026/08/04 12:51:50.102, 21096, 100
2026/08/04 12:51:51.103, 21096, 100
2026/08/04 12:51:52.105, 21096, 100
2026/08/04 12:51:53.106, 21096, 100
2026/08/04 12:51:54.107, 21096, 100
2026/08/04 12:51:55.109, 21096, 87
2026/08/04 12:51:56.110, 21096, 83
2026/08/04 12:51:57.112, 21096, 100
2026/08/04 12:51:58.113, 21096, 84
2026/08/04 12:51:59.114, 21096, 100
2026/08/04 12:52:00.116, 21096, 100
2026/08/04 12:52:01.117, 21096, 100
2026/08/04 12:52:02.118, 21096, 100
2026/08/04 12:52:03.120, 21096, 60
2026/08/04 12:52:04.121, 21096, 100
2026/08/04 12:52:05.122, 21096, 100
2026/08/04 12:52:06.124, 21096, 100
2026/08/04 12:52:07.125, 21096, 100
2026/08/04 12:52:08.126, 21096, 100
2026/08/04 12:52:09.128, 21096, 100
2026/08/04 12:52:10.129, 21096, 100
2026/08/04 12:52:11.130, 21096, 100
2026/08/04 12:52:12.132, 21096, 100
2026/08/04 12:52:13.133, 21096, 100
2026/08/04 12:52:14.134, 21096, 100
2026/08/04 12:52:15.136, 21096, 100
2026/08/04 12:52:16.137, 21096, 100
2026/08/04 12:52:17.138, 21096, 100
2026/08/04 12:52:18.140, 21096, 100
2026/08/04 12:52:19.141, 21096, 100
2026/08/04 12:52:20.142, 21096, 100
2026/08/04 12:52:21.144, 21096, 100
2026/08/04 12:52:22.145, 21096, 100
2026/08/04 12:52:23.147, 21096, 100
2026/08/04 12:52:24.148, 21096, 83
2026/08/04 12:52:25.150, 21096, 100
2026/08/04 12:52:26.151, 21096, 100
2026/08/04 12:52:27.152, 21096, 87
2026/08/04 12:52:28.154, 21096, 100
2026/08/04 12:52:29.155, 21096, 100
2026/08/04 12:52:30.156, 21096, 100
2026/08/04 12:52:31.158, 21096, 100
2026/08/04 12:52:32.159, 21096, 100
2026/08/04 12:52:33.160, 21096, 100
2026/08/04 12:52:34.162, 21096, 100
2026/08/04 12:52:35.163, 21096, 100
2026/08/04 12:52:36.165, 21096, 100
2026/08/04 12:52:37.171, 21096, 100
2026/08/04 12:52:38.176, 21096, 100
2026/08/04 12:52:39.181, 21096, 64
2026/08/04 12:52:40.186, 21096, 100
2026/08/04 12:52:41.191, 21096, 100
2026/08/04 12:52:42.195, 21096, 100
2026/08/04 12:52:43.200, 21096, 100
2026/08/04 12:52:44.204, 21096, 100
2026/08/04 12:52:45.209, 21096, 100
2026/08/04 12:52:46.213, 21096, 100
2026/08/04 12:52:47.218, 21096, 100
2026/08/04 12:52:48.222, 21096, 100
2026/08/04 12:52:49.227, 21096, 100
2026/08/04 12:52:50.231, 21096, 100
2026/08/04 12:52:51.234, 21096, 100
2026/08/04 12:52:52.238, 21096, 100
2026/08/04 12:52:53.241, 21096, 100
2026/08/04 12:52:54.245, 21096, 100
2026/08/04 12:52:55.248, 21096, 100
2026/08/04 12:52:56.252, 21096, 100
2026/08/04 12:52:57.255, 21096, 100
2026/08/04 12:52:58.259, 21096, 100
2026/08/04 12:52:59.262, 21096, 100
2026/08/04 12:53:00.265, 21096, 100
2026/08/04 12:53:01.268, 21096, 100
2026/08/04 12:53:02.272, 21096, 100
2026/08/04 12:53:03.275, 21096, 100
2026/08/04 12:53:04.279, 21096, 100
2026/08/04 12:53:05.282, 21096, 100
2026/08/04 12:53:06.286, 21096, 60
2026/08/04 12:53:07.288, 21096, 100
2026/08/04 12:53:08.291, 21096, 100
2026/08/04 12:53:09.293, 21096, 100
2026/08/04 12:53:10.295, 21096, 100
2026/08/04 12:53:11.298, 21096, 100
2026/08/04 12:53:12.300, 21096, 100
2026/08/04 12:53:13.303, 21096, 100
2026/08/04 12:53:14.305, 21096, 61
2026/08/04 12:53:15.308, 21096, 92
2026/08/04 12:53:16.310, 21096, 100
2026/08/04 12:53:17.313, 21096, 100
2026/08/04 12:53:18.315, 21096, 100
2026/08/04 12:53:19.317, 21096, 100
2026/08/04 12:53:20.320, 21096, 100
2026/08/04 12:53:21.322, 21096, 100
2026/08/04 12:53:22.325, 21096, 68
2026/08/04 12:53:23.327, 21096, 100
2026/08/04 12:53:24.330, 21096, 100
2026/08/04 12:53:25.332, 21096, 82
2026/08/04 12:53:26.335, 21096, 100
2026/08/04 12:53:27.337, 21096, 100
2026/08/04 12:53:28.340, 21096, 100
2026/08/04 12:53:29.342, 21096, 82
2026/08/04 12:53:30.344, 21096, 100
2026/08/04 12:53:31.347, 21096, 100
2026/08/04 12:53:32.349, 21096, 100
2026/08/04 12:53:33.352, 21096, 100
2026/08/04 12:53:34.353, 21096, 100
2026/08/04 12:53:35.355, 21096, 100
2026/08/04 12:53:36.356, 21096, 100
2026/08/04 12:53:37.357, 21096, 100
2026/08/04 12:53:38.360, 21096, 100
2026/08/04 12:53:39.361, 21096, 100
2026/08/04 12:53:40.363, 21096, 83
2026/08/04 12:53:41.364, 21096, 100
2026/08/04 12:53:42.365, 21096, 83
2026/08/04 12:53:43.367, 21096, 83
2026/08/04 12:53:44.368, 21096, 86
2026/08/04 12:53:45.370, 21096, 100
2026/08/04 12:53:46.371, 21096, 100
2026/08/04 12:53:47.373, 21096, 100
2026/08/04 12:53:48.374, 21096, 100
2026/08/04 12:53:49.376, 21096, 100
2026/08/04 12:53:50.377, 21096, 100
2026/08/04 12:53:51.378, 21096, 100
2026/08/04 12:53:52.380, 21096, 100
2026/08/04 12:53:53.381, 21096, 100
2026/08/04 12:53:54.382, 21096, 100
2026/08/04 12:53:55.384, 21096, 100
2026/08/04 12:53:56.385, 21096, 100
2026/08/04 12:53:57.387, 21096, 100
2026/08/04 12:53:58.388, 21096, 100
2026/08/04 12:53:59.390, 21096, 100
2026/08/04 12:54:00.391, 21096, 100
2026/08/04 12:54:01.392, 21096, 55
2026/08/04 12:54:02.394, 21096, 91
2026/08/04 12:54:03.395, 21096, 100
2026/08/04 12:54:04.397, 21096, 100
2026/08/04 12:54:05.398, 21096, 100
2026/08/04 12:54:06.399, 21096, 100
2026/08/04 12:54:07.401, 21096, 64
2026/08/04 12:54:08.402, 21096, 100
2026/08/04 12:54:09.404, 21096, 100
2026/08/04 12:54:10.405, 21096, 83
2026/08/04 12:54:11.406, 21096, 100
2026/08/04 12:54:12.408, 21096, 79
2026/08/04 12:54:13.409, 21096, 100
2026/08/04 12:54:14.411, 21096, 100
2026/08/04 12:54:15.412, 21096, 100
2026/08/04 12:54:16.413, 21096, 100
2026/08/04 12:54:17.415, 21096, 100
2026/08/04 12:54:18.416, 21096, 100
2026/08/04 12:54:19.417, 21096, 82
2026/08/04 12:54:20.419, 21096, 100
2026/08/04 12:54:21.420, 21096, 100
2026/08/04 12:54:22.421, 21096, 100
2026/08/04 12:54:23.423, 21096, 100
2026/08/04 12:54:24.424, 21096, 100
2026/08/04 12:54:25.425, 21096, 100
2026/08/04 12:54:26.427, 21096, 100
2026/08/04 12:54:27.428, 21096, 100
2026/08/04 12:54:28.430, 21096, 81
2026/08/04 12:54:29.431, 21096, 100
2026/08/04 12:54:30.432, 21096, 100
2026/08/04 12:54:31.434, 21096, 100
2026/08/04 12:54:32.435, 21096, 100
2026/08/04 12:54:33.437, 21096, 100
2026/08/04 12:54:34.438, 21096, 90
2026/08/04 12:54:35.439, 21096, 100
2026/08/04 12:54:36.441, 21096, 100
2026/08/04 12:54:37.442, 21096, 100
2026/08/04 12:54:38.444, 21096, 100
2026/08/04 12:54:39.445, 21096, 82
2026/08/04 12:54:40.446, 21096, 100
2026/08/04 12:54:41.448, 21096, 100
2026/08/04 12:54:42.449, 21096, 100
2026/08/04 12:54:43.451, 21096, 100
2026/08/04 12:54:44.452, 21096, 82
2026/08/04 12:54:45.452, 21096, 100
2026/08/04 12:54:46.453, 21096, 100
2026/08/04 12:54:47.453, 21096, 100
2026/08/04 12:54:48.453, 21096, 100
2026/08/04 12:54:49.453, 21096, 100
2026/08/04 12:54:50.454, 21096, 100
2026/08/04 12:54:51.454, 21096, 100
2026/08/04 12:54:52.454, 21096, 81
2026/08/04 12:54:53.454, 21096, 100
2026/08/04 12:54:54.455, 21096, 81
2026/08/04 12:54:55.455, 21096, 100
2026/08/04 12:54:56.455, 21096, 100
2026/08/04 12:54:57.456, 21096, 84
2026/08/04 12:54:58.456, 21096, 100
2026/08/04 12:54:59.456, 21096, 100
2026/08/04 12:55:00.456, 21096, 63
2026/08/04 12:55:01.457, 21096, 82
2026/08/04 12:55:02.457, 21096, 100
2026/08/04 12:55:03.457, 21096, 100
2026/08/04 12:55:04.458, 21096, 100
2026/08/04 12:55:05.458, 21096, 100
2026/08/04 12:55:06.458, 21096, 100
2026/08/04 12:55:07.458, 21096, 81
2026/08/04 12:55:08.459, 21096, 100
2026/08/04 12:55:09.459, 21096, 100
2026/08/04 12:55:10.459, 21096, 100
2026/08/04 12:55:11.459, 21096, 100
2026/08/04 12:55:12.460, 21096, 100
2026/08/04 12:55:13.460, 21096, 100
2026/08/04 12:55:14.460, 21096, 100
2026/08/04 12:55:15.461, 21096, 81
2026/08/04 12:55:16.461, 21096, 84
2026/08/04 12:55:17.469, 21096, 100
2026/08/04 12:55:18.486, 21096, 100
2026/08/04 12:55:19.501, 21096, 100
2026/08/04 12:55:20.514, 21096, 100
2026/08/04 12:55:21.526, 21096, 100
2026/08/04 12:55:22.536, 21096, 100
2026/08/04 12:55:23.546, 21096, 83
2026/08/04 12:55:24.554, 21096, 100
2026/08/04 12:55:25.562, 21096, 100
2026/08/04 12:55:26.568, 21096, 83
2026/08/04 12:55:27.574, 21096, 100
2026/08/04 12:55:28.579, 21096, 100
2026/08/04 12:55:29.584, 21096, 100
2026/08/04 12:55:30.589, 21096, 79
2026/08/04 12:55:31.593, 21096, 82
2026/08/04 12:55:32.596, 21096, 100
2026/08/04 12:55:33.600, 21096, 100
2026/08/04 12:55:34.603, 21096, 100
2026/08/04 12:55:35.606, 21096, 100
2026/08/04 12:55:36.609, 21096, 100
2026/08/04 12:55:37.611, 21096, 100
2026/08/04 12:55:38.614, 21096, 100
2026/08/04 12:55:39.616, 21096, 100
2026/08/04 12:55:40.618, 21096, 100
2026/08/04 12:55:41.620, 21096, 100
2026/08/04 12:55:42.623, 21096, 100
2026/08/04 12:55:43.624, 21096, 100
2026/08/04 12:55:44.626, 21096, 100
2026/08/04 12:55:45.627, 21096, 100
2026/08/04 12:55:46.629, 21096, 100
2026/08/04 12:55:47.630, 21096, 100
2026/08/04 12:55:48.632, 21096, 100
2026/08/04 12:55:49.633, 21096, 100
2026/08/04 12:55:50.645, 21096, 100
2026/08/04 12:55:51.661, 21096, 100
2026/08/04 12:55:52.676, 21096, 100
2026/08/04 12:55:53.689, 21096, 85
2026/08/04 12:55:54.701, 21096, 100
2026/08/04 12:55:55.711, 21096, 100
2026/08/04 12:55:56.720, 21096, 100
2026/08/04 12:55:57.728, 21096, 100
2026/08/04 12:55:58.735, 21096, 100
2026/08/04 12:55:59.741, 21096, 100
2026/08/04 12:56:00.747, 21096, 83
2026/08/04 12:56:01.753, 21096, 69
2026/08/04 12:56:02.757, 21096, 100
2026/08/04 12:56:03.762, 21096, 100
2026/08/04 12:56:04.766, 21096, 100
2026/08/04 12:56:05.770, 21096, 100
2026/08/04 12:56:06.773, 21096, 100
2026/08/04 12:56:07.776, 21096, 100
2026/08/04 12:56:08.779, 21096, 100
2026/08/04 12:56:09.781, 21096, 100
2026/08/04 12:56:10.784, 21096, 100
2026/08/04 12:56:11.786, 21096, 100
2026/08/04 12:56:12.788, 21096, 82
2026/08/04 12:56:13.791, 21096, 80
2026/08/04 12:56:14.793, 21096, 100
2026/08/04 12:56:15.795, 21096, 62
2026/08/04 12:56:16.796, 21096, 100
2026/08/04 12:56:17.798, 21096, 100
2026/08/04 12:56:18.799, 21096, 100
2026/08/04 12:56:19.800, 21096, 61
2026/08/04 12:56:20.802, 21096, 100
2026/08/04 12:56:21.803, 21096, 100
2026/08/04 12:56:22.804, 21096, 100
2026/08/04 12:56:23.805, 21096, 100
2026/08/04 12:56:24.805, 21096, 100
2026/08/04 12:56:25.805, 21096, 100
2026/08/04 12:56:26.805, 21096, 83
2026/08/04 12:56:27.806, 21096, 100
2026/08/04 12:56:28.806, 21096, 100
2026/08/04 12:56:29.806, 21096, 100
2026/08/04 12:56:30.806, 21096, 100
2026/08/04 12:56:31.806, 21096, 100
2026/08/04 12:56:32.807, 21096, 100
2026/08/04 12:56:33.807, 21096, 100
2026/08/04 12:56:34.807, 21096, 100
2026/08/04 12:56:35.808, 21096, 100
2026/08/04 12:56:36.808, 21096, 100
2026/08/04 12:56:37.808, 21096, 85
2026/08/04 12:56:38.808, 21096, 100
2026/08/04 12:56:39.809, 21096, 63
2026/08/04 12:56:40.809, 21096, 100
2026/08/04 12:56:41.809, 21096, 100
2026/08/04 12:56:42.812, 21096, 63
2026/08/04 12:56:43.812, 21096, 100
2026/08/04 12:56:44.812, 21096, 100
2026/08/04 12:56:45.813, 21096, 100
2026/08/04 12:56:46.813, 21096, 100
2026/08/04 12:56:47.813, 21096, 100
2026/08/04 12:56:48.813, 21096, 100
2026/08/04 12:56:49.814, 21096, 100
2026/08/04 12:56:50.814, 21096, 100
2026/08/04 12:56:51.814, 21096, 100
2026/08/04 12:56:52.814, 21096, 100
2026/08/04 12:56:53.815, 21096, 100
2026/08/04 12:56:54.815, 21096, 100
2026/08/04 12:56:55.815, 21096, 100
2026/08/04 12:56:56.816, 21096, 100
2026/08/04 12:56:57.817, 21096, 100
2026/08/04 12:56:58.818, 21096, 100
2026/08/04 12:56:59.818, 21096, 100
2026/08/04 12:57:00.818, 21096, 100
2026/08/04 12:57:01.819, 21096, 100
2026/08/04 12:57:02.819, 21096, 100
2026/08/04 12:57:03.819, 21096, 53
2026/08/04 12:57:04.819, 21096, 100
2026/08/04 12:57:05.820, 21096, 100
2026/08/04 12:57:06.820, 21096, 100
2026/08/04 12:57:07.820, 21096, 100
2026/08/04 12:57:08.821, 21096, 100
2026/08/04 12:57:09.821, 21096, 100
2026/08/04 12:57:10.821, 21096, 100
2026/08/04 12:57:11.822, 21096, 100
2026/08/04 12:57:12.822, 21096, 100
2026/08/04 12:57:13.822, 21096, 100
2026/08/04 12:57:14.823, 21096, 100
2026/08/04 12:57:15.823, 21096, 100
2026/08/04 12:57:16.823, 21096, 100
2026/08/04 12:57:17.823, 21096, 100
2026/08/04 12:57:18.824, 21096, 100
2026/08/04 12:57:19.824, 21096, 100
2026/08/04 12:57:20.824, 21096, 100
2026/08/04 12:57:21.824, 21096, 71
2026/08/04 12:57:22.825, 21096, 100
2026/08/04 12:57:23.825, 21096, 100
2026/08/04 12:57:24.825, 21096, 100
2026/08/04 12:57:25.825, 21096, 100
2026/08/04 12:57:26.826, 21096, 86
2026/08/04 12:57:27.826, 21096, 77
2026/08/04 12:57:28.826, 21096, 100
2026/08/04 12:57:29.827, 21096, 100
2026/08/04 12:57:30.827, 21096, 100
2026/08/04 12:57:31.827, 21096, 100
2026/08/04 12:57:32.827, 21096, 100
2026/08/04 12:57:33.828, 21096, 100
2026/08/04 12:57:34.828, 21096, 100
2026/08/04 12:57:35.828, 21096, 92
2026/08/04 12:57:36.828, 21096, 84
2026/08/04 12:57:37.829, 21096, 100
2026/08/04 12:57:38.829, 21096, 100
2026/08/04 12:57:39.829, 21096, 100
2026/08/04 12:57:40.829, 21096, 100
2026/08/04 12:57:41.830, 21096, 100
2026/08/04 12:57:42.830, 21096, 100
2026/08/04 12:57:43.830, 21096, 100
2026/08/04 12:57:44.830, 21096, 85
2026/08/04 12:57:45.831, 21096, 100
2026/08/04 12:57:46.831, 21096, 85
2026/08/04 12:57:47.833, 21096, 87
2026/08/04 12:57:48.834, 21096, 100
2026/08/04 12:57:49.834, 21096, 100
2026/08/04 12:57:50.834, 21096, 100
2026/08/04 12:57:51.835, 21096, 100
2026/08/04 12:57:52.835, 21096, 100
2026/08/04 12:57:53.835, 21096, 100
2026/08/04 12:57:54.836, 21096, 100
2026/08/04 12:57:55.836, 21096, 100
2026/08/04 12:57:56.836, 21096, 100
2026/08/04 12:57:57.837, 21096, 100
2026/08/04 12:57:58.837, 21096, 100
2026/08/04 12:57:59.838, 21096, 100
2026/08/04 12:58:00.858, 21096, 100
2026/08/04 12:58:01.881, 21096, 100
2026/08/04 12:58:02.900, 21096, 100
2026/08/04 12:58:03.916, 21096, 100
2026/08/04 12:58:04.931, 21096, 100
2026/08/04 12:58:05.944, 21096, 100
2026/08/04 12:58:06.956, 21096, 100
2026/08/04 12:58:07.967, 21096, 100
2026/08/04 12:58:08.976, 21096, 100
2026/08/04 12:58:09.984, 21096, 100
2026/08/04 12:58:10.992, 21096, 100
2026/08/04 12:58:11.998, 21096, 100
2026/08/04 12:58:13.004, 21096, 83
2026/08/04 12:58:14.010, 21096, 100
2026/08/04 12:58:15.015, 21096, 100
2026/08/04 12:58:16.019, 21096, 95
2026/08/04 12:58:17.023, 21096, 100
2026/08/04 12:58:18.026, 21096, 100
2026/08/04 12:58:19.030, 21096, 100
2026/08/04 12:58:20.033, 21096, 100
2026/08/04 12:58:21.035, 21096, 100
2026/08/04 12:58:22.037, 21096, 100
2026/08/04 12:58:23.040, 21096, 84
2026/08/04 12:58:24.042, 21096, 100
2026/08/04 12:58:25.045, 21096, 100
2026/08/04 12:58:26.047, 21096, 100
2026/08/04 12:58:27.049, 21096, 100
2026/08/04 12:58:28.051, 21096, 100
2026/08/04 12:58:29.052, 21096, 100
2026/08/04 12:58:30.054, 21096, 100
2026/08/04 12:58:31.057, 21096, 100
2026/08/04 12:58:32.058, 21096, 100
2026/08/04 12:58:33.059, 21096, 86
2026/08/04 12:58:34.059, 21096, 100
2026/08/04 12:58:35.059, 21096, 100
2026/08/04 12:58:36.059, 21096, 81
2026/08/04 12:58:37.060, 21096, 100
2026/08/04 12:58:38.060, 21096, 94
2026/08/04 12:58:39.060, 21096, 100
2026/08/04 12:58:40.061, 21096, 100
2026/08/04 12:58:41.061, 21096, 100
2026/08/04 12:58:42.061, 21096, 100
2026/08/04 12:58:43.061, 21096, 83
2026/08/04 12:58:44.062, 21096, 100
2026/08/04 12:58:45.062, 21096, 100
2026/08/04 12:58:46.062, 21096, 100
2026/08/04 12:58:47.063, 21096, 100
2026/08/04 12:58:48.063, 21096, 100
2026/08/04 12:58:49.063, 21096, 62
2026/08/04 12:58:50.063, 21096, 83
2026/08/04 12:58:51.065, 21096, 61
2026/08/04 12:58:52.065, 21096, 100
2026/08/04 12:58:53.065, 21096, 100
2026/08/04 12:58:54.065, 21096, 100
2026/08/04 12:58:55.066, 21096, 84
2026/08/04 12:58:56.066, 21096, 100
2026/08/04 12:58:57.066, 21096, 84
2026/08/04 12:58:58.067, 21096, 98
2026/08/04 12:58:59.067, 21096, 100
2026/08/04 12:59:00.067, 21096, 100
2026/08/04 12:59:01.069, 21096, 100
2026/08/04 12:59:02.070, 21096, 100
2026/08/04 12:59:03.070, 21096, 100
2026/08/04 12:59:04.070, 21096, 100
2026/08/04 12:59:05.070, 21096, 100
2026/08/04 12:59:06.073, 21096, 82
2026/08/04 12:59:07.089, 21096, 100
2026/08/04 12:59:08.103, 21096, 100
2026/08/04 12:59:09.116, 21096, 100
2026/08/04 12:59:10.126, 21096, 100
2026/08/04 12:59:11.136, 21096, 61
2026/08/04 12:59:12.144, 21096, 100
2026/08/04 12:59:13.152, 21096, 100
2026/08/04 12:59:14.159, 21096, 100
2026/08/04 12:59:15.165, 21096, 100
2026/08/04 12:59:16.171, 21096, 100
2026/08/04 12:59:17.176, 21096, 100
2026/08/04 12:59:18.180, 21096, 100
2026/08/04 12:59:19.184, 21096, 100
2026/08/04 12:59:20.188, 21096, 84
2026/08/04 12:59:21.192, 21096, 100
2026/08/04 12:59:22.195, 21096, 100
2026/08/04 12:59:23.198, 21096, 100
2026/08/04 12:59:24.201, 21096, 100
2026/08/04 12:59:25.203, 21096, 100
2026/08/04 12:59:26.206, 21096, 100
2026/08/04 12:59:27.208, 21096, 100
2026/08/04 12:59:28.211, 21096, 100
2026/08/04 12:59:29.213, 21096, 100
2026/08/04 12:59:30.216, 21096, 100
2026/08/04 12:59:31.217, 21096, 100
2026/08/04 12:59:32.218, 21096, 84
2026/08/04 12:59:33.220, 21096, 84
2026/08/04 12:59:34.221, 21096, 94
2026/08/04 12:59:35.223, 21096, 100
2026/08/04 12:59:36.224, 21096, 100
2026/08/04 12:59:37.225, 21096, 99
2026/08/04 12:59:38.226, 21096, 83
2026/08/04 12:59:39.226, 21096, 83
2026/08/04 12:59:40.226, 21096, 61
2026/08/04 12:59:41.226, 21096, 100
2026/08/04 12:59:42.226, 21096, 100
2026/08/04 12:59:43.227, 21096, 100
2026/08/04 12:59:44.227, 21096, 100
2026/08/04 12:59:45.227, 21096, 100
2026/08/04 12:59:46.227, 21096, 100
2026/08/04 12:59:47.228, 21096, 100
2026/08/04 12:59:48.228, 21096, 100
2026/08/04 12:59:49.228, 21096, 100
2026/08/04 12:59:50.228, 21096, 100
2026/08/04 12:59:51.229, 21096, 84
2026/08/04 12:59:52.229, 21096, 100
2026/08/04 12:59:53.229, 21096, 100
2026/08/04 12:59:54.229, 21096, 100
2026/08/04 12:59:55.230, 21096, 100
2026/08/04 12:59:56.230, 21096, 100
2026/08/04 12:59:57.230, 21096, 100
2026/08/04 12:59:58.231, 21096, 100
2026/08/04 12:59:59.231, 21096, 100
2026/08/04 13:00:00.231, 21096, 100
2026/08/04 13:00:01.231, 21096, 100
2026/08/04 13:00:02.231, 21096, 96
2026/08/04 13:00:03.232, 21096, 100
2026/08/04 13:00:04.232, 21096, 100
2026/08/04 13:00:05.232, 21096, 100
2026/08/04 13:00:06.232, 21096, 86
2026/08/04 13:00:07.233, 21096, 100
2026/08/04 13:00:08.233, 21096, 100
2026/08/04 13:00:09.233, 21096, 100
2026/08/04 13:00:10.233, 21096, 100
2026/08/04 13:00:11.234, 21096, 100
2026/08/04 13:00:12.234, 21096, 100
2026/08/04 13:00:13.234, 21096, 100
2026/08/04 13:00:14.234, 21096, 100
2026/08/04 13:00:15.235, 21096, 100
2026/08/04 13:00:16.235, 21096, 100
2026/08/04 13:00:17.235, 21096, 100
2026/08/04 13:00:18.235, 21096, 100
2026/08/04 13:00:19.236, 21096, 100
2026/08/04 13:00:20.236, 21096, 100
2026/08/04 13:00:21.236, 21096, 100
2026/08/04 13:00:22.236, 21096, 100
2026/08/04 13:00:23.236, 21096, 100
2026/08/04 13:00:24.237, 21096, 95
2026/08/04 13:00:25.237, 21096, 91
2026/08/04 13:00:26.237, 21096, 100
2026/08/04 13:00:27.237, 21096, 100
2026/08/04 13:00:28.238, 21096, 100
2026/08/04 13:00:29.238, 21096, 100
2026/08/04 13:00:30.238, 21096, 100
2026/08/04 13:00:31.238, 21096, 100
2026/08/04 13:00:32.239, 21096, 100
2026/08/04 13:00:33.239, 21096, 100
2026/08/04 13:00:34.239, 21096, 100
2026/08/04 13:00:35.239, 21096, 100
2026/08/04 13:00:36.240, 21096, 100
2026/08/04 13:00:37.240, 21096, 88
2026/08/04 13:00:38.240, 21096, 96
2026/08/04 13:00:39.240, 21096, 90
2026/08/04 13:00:40.240, 21096, 100
2026/08/04 13:00:41.241, 21096, 100
2026/08/04 13:00:42.241, 21096, 100
2026/08/04 13:00:43.241, 21096, 100
2026/08/04 13:00:44.241, 21096, 100
2026/08/04 13:00:45.242, 21096, 100
2026/08/04 13:00:46.242, 21096, 100
2026/08/04 13:00:47.242, 21096, 100
2026/08/04 13:00:48.242, 21096, 100
2026/08/04 13:00:49.243, 21096, 64
2026/08/04 13:00:50.243, 21096, 94
2026/08/04 13:00:51.243, 21096, 100
2026/08/04 13:00:52.243, 21096, 83
2026/08/04 13:00:53.244, 21096, 100
2026/08/04 13:00:54.244, 21096, 84
2026/08/04 13:00:55.244, 21096, 100
2026/08/04 13:00:56.244, 21096, 82
2026/08/04 13:00:57.245, 21096, 86
2026/08/04 13:00:58.245, 21096, 82
2026/08/04 13:00:59.245, 21096, 100
2026/08/04 13:01:00.246, 21096, 100
2026/08/04 13:01:01.246, 21096, 100
2026/08/04 13:01:02.246, 21096, 81
2026/08/04 13:01:03.246, 21096, 100
2026/08/04 13:01:04.247, 21096, 100
2026/08/04 13:01:05.247, 21096, 95
2026/08/04 13:01:06.247, 21096, 81
2026/08/04 13:01:07.247, 21096, 100
2026/08/04 13:01:08.248, 21096, 100
2026/08/04 13:01:09.248, 21096, 85
2026/08/04 13:01:10.248, 21096, 100
2026/08/04 13:01:11.249, 21096, 100
2026/08/04 13:01:12.249, 21096, 100
2026/08/04 13:01:13.249, 21096, 100
2026/08/04 13:01:14.249, 21096, 100
2026/08/04 13:01:15.251, 21096, 100
2026/08/04 13:01:16.255, 21096, 100
2026/08/04 13:01:17.259, 21096, 100
2026/08/04 13:01:18.263, 21096, 100
2026/08/04 13:01:19.266, 21096, 100
2026/08/04 13:01:20.270, 21096, 100
2026/08/04 13:01:21.272, 21096, 100
2026/08/04 13:01:22.275, 21096, 84
2026/08/04 13:01:23.278, 21096, 100
2026/08/04 13:01:24.281, 21096, 100
2026/08/04 13:01:25.283, 21096, 100
2026/08/04 13:01:26.286, 21096, 81
2026/08/04 13:01:27.288, 21096, 63
2026/08/04 13:01:28.290, 21096, 100
2026/08/04 13:01:29.293, 21096, 100
2026/08/04 13:01:30.295, 21096, 100
2026/08/04 13:01:31.296, 21096, 100
2026/08/04 13:01:32.298, 21096, 100
2026/08/04 13:01:33.299, 21096, 100
2026/08/04 13:01:34.300, 21096, 100
2026/08/04 13:01:35.302, 21096, 100
2026/08/04 13:01:36.303, 21096, 100
2026/08/04 13:01:37.304, 21096, 100
2026/08/04 13:01:38.306, 21096, 100
2026/08/04 13:01:39.307, 21096, 100
2026/08/04 13:01:40.308, 21096, 95
2026/08/04 13:01:41.310, 21096, 100
2026/08/04 13:01:42.311, 21096, 100
2026/08/04 13:01:43.312, 21096, 100
2026/08/04 13:01:44.314, 21096, 100
2026/08/04 13:01:45.315, 21096, 100
2026/08/04 13:01:46.315, 21096, 100
2026/08/04 13:01:47.316, 21096, 100
2026/08/04 13:01:48.316, 21096, 82
2026/08/04 13:01:49.316, 21096, 100
2026/08/04 13:01:50.317, 21096, 100
2026/08/04 13:01:51.317, 21096, 100
2026/08/04 13:01:52.317, 21096, 100
2026/08/04 13:01:53.317, 21096, 100
2026/08/04 13:01:54.318, 21096, 100
2026/08/04 13:01:55.318, 21096, 100
2026/08/04 13:01:56.318, 21096, 100
2026/08/04 13:01:57.319, 21096, 100
2026/08/04 13:01:58.319, 21096, 100
2026/08/04 13:01:59.319, 21096, 100
2026/08/04 13:02:00.319, 21096, 100
2026/08/04 13:02:01.320, 21096, 100
2026/08/04 13:02:02.320, 21096, 88
2026/08/04 13:02:03.320, 21096, 100
2026/08/04 13:02:04.321, 21096, 100
2026/08/04 13:02:05.321, 21096, 83
2026/08/04 13:02:06.321, 21096, 100
2026/08/04 13:02:07.321, 21096, 97
2026/08/04 13:02:08.322, 21096, 84
2026/08/04 13:02:09.322, 21096, 100
2026/08/04 13:02:10.322, 21096, 100
2026/08/04 13:02:11.322, 21096, 100
2026/08/04 13:02:12.323, 21096, 100
2026/08/04 13:02:13.323, 21096, 100
2026/08/04 13:02:14.323, 21096, 100
2026/08/04 13:02:15.324, 21096, 100
2026/08/04 13:02:16.325, 21096, 100
2026/08/04 13:02:17.325, 21096, 100
2026/08/04 13:02:18.325, 21096, 100
2026/08/04 13:02:19.325, 21096, 100
2026/08/04 13:02:20.326, 21096, 100
2026/08/04 13:02:21.326, 21096, 82
2026/08/04 13:02:22.326, 21096, 100
2026/08/04 13:02:23.326, 21096, 100
2026/08/04 13:02:24.327, 21096, 100
2026/08/04 13:02:25.327, 21096, 100
2026/08/04 13:02:26.327, 21096, 100
2026/08/04 13:02:27.327, 21096, 100
2026/08/04 13:02:28.328, 21096, 100
2026/08/04 13:02:29.328, 21096, 100
2026/08/04 13:02:30.328, 21096, 100
2026/08/04 13:02:31.329, 21096, 75
2026/08/04 13:02:32.329, 21096, 100
2026/08/04 13:02:33.329, 21096, 93
2026/08/04 13:02:34.329, 21096, 62
2026/08/04 13:02:35.330, 21096, 82
2026/08/04 13:02:36.330, 21096, 100
2026/08/04 13:02:37.330, 21096, 100
2026/08/04 13:02:38.331, 21096, 100
2026/08/04 13:02:39.331, 21096, 100
2026/08/04 13:02:40.331, 21096, 89
2026/08/04 13:02:41.332, 21096, 100
2026/08/04 13:02:42.332, 21096, 100
2026/08/04 13:02:43.332, 21096, 100
2026/08/04 13:02:44.332, 21096, 100
2026/08/04 13:02:45.333, 21096, 100
2026/08/04 13:02:46.333, 21096, 100
2026/08/04 13:02:47.333, 21096, 100
2026/08/04 13:02:48.333, 21096, 100
2026/08/04 13:02:49.334, 21096, 100
2026/08/04 13:02:50.334, 21096, 100
2026/08/04 13:02:51.335, 21096, 89
2026/08/04 13:02:52.335, 21096, 100
2026/08/04 13:02:53.335, 21096, 100
2026/08/04 13:02:54.335, 21096, 100
2026/08/04 13:02:55.336, 21096, 85
2026/08/04 13:02:56.336, 21096, 100
2026/08/04 13:02:57.336, 21096, 100
2026/08/04 13:02:58.336, 21096, 100
2026/08/04 13:02:59.337, 21096, 100
2026/08/04 13:03:00.337, 21096, 100
2026/08/04 13:03:01.337, 21096, 100
2026/08/04 13:03:02.337, 21096, 100
2026/08/04 13:03:03.338, 21096, 100
2026/08/04 13:03:04.338, 21096, 100
2026/08/04 13:03:05.338, 21096, 100
2026/08/04 13:03:06.338, 21096, 100
2026/08/04 13:03:07.339, 21096, 100
2026/08/04 13:03:08.339, 21096, 100
2026/08/04 13:03:09.339, 21096, 100
2026/08/04 13:03:10.340, 21096, 85
2026/08/04 13:03:11.340, 21096, 100
2026/08/04 13:03:12.340, 21096, 100
2026/08/04 13:03:13.340, 21096, 81
2026/08/04 13:03:14.341, 21096, 100
2026/08/04 13:03:15.341, 21096, 58
2026/08/04 13:03:16.341, 21096, 100
2026/08/04 13:03:17.342, 21096, 100
2026/08/04 13:03:18.342, 21096, 100
2026/08/04 13:03:19.342, 21096, 100
2026/08/04 13:03:20.343, 21096, 100
2026/08/04 13:03:21.343, 21096, 100
2026/08/04 13:03:22.343, 21096, 100
2026/08/04 13:03:23.343, 21096, 100
2026/08/04 13:03:24.344, 21096, 100
2026/08/04 13:03:25.344, 21096, 100
2026/08/04 13:03:26.344, 21096, 100
2026/08/04 13:03:27.344, 21096, 100
2026/08/04 13:03:28.345, 21096, 100
2026/08/04 13:03:29.345, 21096, 100
2026/08/04 13:03:30.345, 21096, 100
2026/08/04 13:03:31.346, 21096, 100
2026/08/04 13:03:32.346, 21096, 100
2026/08/04 13:03:33.346, 21096, 100
2026/08/04 13:03:34.346, 21096, 100
2026/08/04 13:03:35.346, 21096, 100
2026/08/04 13:03:36.347, 21096, 79
2026/08/04 13:03:37.347, 21096, 82
2026/08/04 13:03:38.347, 21096, 100
2026/08/04 13:03:39.347, 21096, 83
2026/08/04 13:03:40.348, 21096, 100
2026/08/04 13:03:41.348, 21096, 78
2026/08/04 13:03:42.349, 21096, 100
2026/08/04 13:03:43.349, 21096, 100
2026/08/04 13:03:44.350, 21096, 100
2026/08/04 13:03:45.350, 21096, 100
2026/08/04 13:03:46.350, 21096, 100
2026/08/04 13:03:47.350, 21096, 100
2026/08/04 13:03:48.351, 21096, 100
2026/08/04 13:03:49.351, 21096, 100
2026/08/04 13:03:50.351, 21096, 100
2026/08/04 13:03:51.351, 21096, 100
2026/08/04 13:03:52.352, 21096, 100
2026/08/04 13:03:53.352, 21096, 100
2026/08/04 13:03:54.352, 21096, 100
2026/08/04 13:03:55.352, 21096, 100
2026/08/04 13:03:56.353, 21096, 84
2026/08/04 13:03:57.353, 21096, 89
2026/08/04 13:03:58.353, 21096, 100
2026/08/04 13:03:59.353, 21096, 100
2026/08/04 13:04:00.354, 21096, 100
2026/08/04 13:04:01.354, 21096, 100
2026/08/04 13:04:02.354, 21096, 100
2026/08/04 13:04:03.355, 21096, 84
2026/08/04 13:04:04.355, 21096, 62
2026/08/04 13:04:05.355, 21096, 100
2026/08/04 13:04:06.355, 21096, 84
2026/08/04 13:04:07.356, 21096, 100
2026/08/04 13:04:08.356, 21096, 100
2026/08/04 13:04:09.356, 21096, 100
2026/08/04 13:04:10.356, 21096, 100
2026/08/04 13:04:11.357, 21096, 100
2026/08/04 13:04:12.357, 21096, 100
2026/08/04 13:04:13.357, 21096, 100
2026/08/04 13:04:14.357, 21096, 100
2026/08/04 13:04:15.358, 21096, 100
2026/08/04 13:04:16.358, 21096, 83
2026/08/04 13:04:17.358, 21096, 87
2026/08/04 13:04:18.358, 21096, 84
2026/08/04 13:04:19.358, 21096, 100
2026/08/04 13:04:20.359, 21096, 100
2026/08/04 13:04:21.359, 21096, 100
2026/08/04 13:04:22.359, 21096, 100
2026/08/04 13:04:23.360, 21096, 100
2026/08/04 13:04:24.360, 21096, 100
2026/08/04 13:04:25.360, 21096, 100
2026/08/04 13:04:26.360, 21096, 84
2026/08/04 13:04:27.361, 21096, 100
2026/08/04 13:04:28.363, 21096, 100
2026/08/04 13:04:29.368, 21096, 100
2026/08/04 13:04:30.372, 21096, 100
2026/08/04 13:04:31.377, 21096, 100
2026/08/04 13:04:32.381, 21096, 80
2026/08/04 13:04:33.385, 21096, 100
2026/08/04 13:04:34.388, 21096, 100
2026/08/04 13:04:35.392, 21096, 100
2026/08/04 13:04:36.395, 21096, 100
2026/08/04 13:04:37.398, 21096, 84
2026/08/04 13:04:38.402, 21096, 100
2026/08/04 13:04:39.405, 21096, 100
2026/08/04 13:04:40.408, 21096, 100
2026/08/04 13:04:41.412, 21096, 100
2026/08/04 13:04:42.415, 21096, 100
2026/08/04 13:04:43.419, 21096, 86
2026/08/04 13:04:44.422, 21096, 100
2026/08/04 13:04:45.426, 21096, 100
2026/08/04 13:04:46.429, 21096, 100
2026/08/04 13:04:47.432, 21096, 100
2026/08/04 13:04:48.435, 21096, 84
2026/08/04 13:04:49.438, 21096, 74
2026/08/04 13:04:50.441, 21096, 100
2026/08/04 13:04:51.443, 21096, 100
2026/08/04 13:04:52.446, 21096, 100
2026/08/04 13:04:53.448, 21096, 100
2026/08/04 13:04:54.451, 21096, 100
2026/08/04 13:04:55.453, 21096, 100
2026/08/04 13:04:56.455, 21096, 100
2026/08/04 13:04:57.458, 21096, 100
2026/08/04 13:04:58.460, 21096, 100
2026/08/04 13:04:59.462, 21096, 100
2026/08/04 13:05:00.465, 21096, 100
2026/08/04 13:05:01.467, 21096, 100
2026/08/04 13:05:02.469, 21096, 100
2026/08/04 13:05:03.472, 21096, 100
2026/08/04 13:05:04.474, 21096, 100
2026/08/04 13:05:05.477, 21096, 100
2026/08/04 13:05:06.479, 21096, 100
2026/08/04 13:05:07.482, 21096, 100
2026/08/04 13:05:08.484, 21096, 100
2026/08/04 13:05:09.487, 21096, 100
2026/08/04 13:05:10.489, 21096, 100
2026/08/04 13:05:11.491, 21096, 100
2026/08/04 13:05:12.492, 21096, 100
2026/08/04 13:05:13.494, 21096, 84
2026/08/04 13:05:14.495, 21096, 85
2026/08/04 13:05:15.497, 21096, 100
2026/08/04 13:05:16.499, 21096, 100
2026/08/04 13:05:17.500, 21096, 100
2026/08/04 13:05:18.501, 21096, 100
2026/08/04 13:05:19.503, 21096, 100
2026/08/04 13:05:20.504, 21096, 100
2026/08/04 13:05:21.506, 21096, 100
2026/08/04 13:05:22.507, 21096, 100
2026/08/04 13:05:23.509, 21096, 100
2026/08/04 13:05:24.510, 21096, 100
2026/08/04 13:05:25.512, 21096, 100
2026/08/04 13:05:26.513, 21096, 100
2026/08/04 13:05:27.515, 21096, 100
2026/08/04 13:05:28.516, 21096, 84
2026/08/04 13:05:29.517, 21096, 100
2026/08/04 13:05:30.519, 21096, 100
2026/08/04 13:05:31.520, 21096, 100
2026/08/04 13:05:32.521, 21096, 100
2026/08/04 13:05:33.523, 21096, 100
2026/08/04 13:05:34.524, 21096, 100
2026/08/04 13:05:35.525, 21096, 100
2026/08/04 13:05:36.527, 21096, 100
2026/08/04 13:05:37.528, 21096, 100
2026/08/04 13:05:38.530, 21096, 100
2026/08/04 13:05:39.531, 21096, 100
2026/08/04 13:05:40.533, 21096, 100
2026/08/04 13:05:41.534, 21096, 100
2026/08/04 13:05:42.536, 21096, 100
2026/08/04 13:05:43.537, 21096, 100
2026/08/04 13:05:44.538, 21096, 100
2026/08/04 13:05:45.540, 21096, 100
2026/08/04 13:05:46.541, 21096, 100
2026/08/04 13:05:47.543, 21096, 100
2026/08/04 13:05:48.544, 21096, 100
2026/08/04 13:05:49.545, 21096, 100
2026/08/04 13:05:50.547, 21096, 100
2026/08/04 13:05:51.548, 21096, 85
2026/08/04 13:05:52.549, 21096, 100
2026/08/04 13:05:53.551, 21096, 100
2026/08/04 13:05:54.552, 21096, 100
2026/08/04 13:05:55.553, 21096, 100
2026/08/04 13:05:56.555, 21096, 100
2026/08/04 13:05:57.556, 21096, 100
2026/08/04 13:05:58.558, 21096, 100
2026/08/04 13:05:59.559, 21096, 100
2026/08/04 13:06:00.560, 21096, 66
2026/08/04 13:06:01.562, 21096, 100
2026/08/04 13:06:02.563, 21096, 100
2026/08/04 13:06:03.564, 21096, 100
2026/08/04 13:06:04.566, 21096, 85
2026/08/04 13:06:05.567, 21096, 87
2026/08/04 13:06:06.568, 21096, 100
2026/08/04 13:06:07.570, 21096, 100
2026/08/04 13:06:08.571, 21096, 100
2026/08/04 13:06:09.572, 21096, 100
2026/08/04 13:06:10.573, 21096, 100
2026/08/04 13:06:11.575, 21096, 8
2026/08/04 13:06:12.576, 21096, 100
2026/08/04 13:06:13.577, 21096, 100
2026/08/04 13:06:14.579, 21096, 100
2026/08/04 13:06:15.580, 21096, 84
2026/08/04 13:06:16.582, 21096, 100
2026/08/04 13:06:17.583, 21096, 100
2026/08/04 13:06:18.584, 21096, 100
2026/08/04 13:06:19.586, 21096, 100
2026/08/04 13:06:20.587, 21096, 100
2026/08/04 13:06:21.589, 21096, 100
2026/08/04 13:06:22.590, 21096, 100
2026/08/04 13:06:23.591, 21096, 100
2026/08/04 13:06:24.593, 21096, 100
2026/08/04 13:06:25.594, 21096, 100
2026/08/04 13:06:26.595, 21096, 100
2026/08/04 13:06:27.597, 21096, 100
2026/08/04 13:06:28.598, 21096, 100
2026/08/04 13:06:29.599, 21096, 100
2026/08/04 13:06:30.601, 21096, 100
2026/08/04 13:06:31.602, 21096, 100
2026/08/04 13:06:32.604, 21096, 100
2026/08/04 13:06:33.605, 21096, 100
2026/08/04 13:06:34.606, 21096, 83
2026/08/04 13:06:35.608, 21096, 91
2026/08/04 13:06:36.609, 21096, 100
2026/08/04 13:06:37.609, 21096, 100
2026/08/04 13:06:38.610, 21096, 100
2026/08/04 13:06:39.610, 21096, 95
2026/08/04 13:06:40.610, 21096, 100
2026/08/04 13:06:41.611, 21096, 85
2026/08/04 13:06:42.611, 21096, 100
2026/08/04 13:06:43.611, 21096, 100
2026/08/04 13:06:44.611, 21096, 90
2026/08/04 13:06:45.612, 21096, 100
2026/08/04 13:06:46.612, 21096, 83
2026/08/04 13:06:47.612, 21096, 100
2026/08/04 13:06:48.613, 21096, 100
2026/08/04 13:06:49.613, 21096, 100
2026/08/04 13:06:50.613, 21096, 100
2026/08/04 13:06:51.614, 21096, 100
2026/08/04 13:06:52.614, 21096, 100
2026/08/04 13:06:53.614, 21096, 80
2026/08/04 13:06:54.614, 21096, 100
2026/08/04 13:06:55.615, 21096, 100
2026/08/04 13:06:56.615, 21096, 100
2026/08/04 13:06:57.615, 21096, 82
2026/08/04 13:06:58.616, 21096, 100
2026/08/04 13:06:59.616, 21096, 100
2026/08/04 13:07:00.616, 21096, 81
2026/08/04 13:07:01.616, 21096, 79
2026/08/04 13:07:02.617, 21096, 100
2026/08/04 13:07:03.617, 21096, 100
2026/08/04 13:07:04.617, 21096, 100
2026/08/04 13:07:05.618, 21096, 74
2026/08/04 13:07:06.618, 21096, 100
2026/08/04 13:07:07.618, 21096, 100
2026/08/04 13:07:08.619, 21096, 100
2026/08/04 13:07:09.619, 21096, 100
2026/08/04 13:07:10.619, 21096, 100
2026/08/04 13:07:11.619, 21096, 100
2026/08/04 13:07:12.620, 21096, 100
2026/08/04 13:07:13.620, 21096, 100
2026/08/04 13:07:14.620, 21096, 100
2026/08/04 13:07:15.621, 21096, 100
2026/08/04 13:07:16.621, 21096, 83
2026/08/04 13:07:17.621, 21096, 100
2026/08/04 13:07:18.621, 21096, 100
2026/08/04 13:07:19.622, 21096, 78
2026/08/04 13:07:20.622, 21096, 78
2026/08/04 13:07:21.622, 21096, 100
2026/08/04 13:07:22.623, 21096, 100
2026/08/04 13:07:23.623, 21096, 93
2026/08/04 13:07:24.623, 21096, 100
2026/08/04 13:07:25.623, 21096, 100
2026/08/04 13:07:26.624, 21096, 62
2026/08/04 13:07:27.624, 21096, 100
2026/08/04 13:07:28.624, 21096, 100
2026/08/04 13:07:29.624, 21096, 100
2026/08/04 13:07:30.625, 21096, 100
2026/08/04 13:07:31.625, 21096, 100
2026/08/04 13:07:32.625, 21096, 100
2026/08/04 13:07:33.626, 21096, 100
2026/08/04 13:07:34.626, 21096, 100
2026/08/04 13:07:35.626, 21096, 100
2026/08/04 13:07:36.627, 21096, 100
2026/08/04 13:07:37.627, 21096, 81
2026/08/04 13:07:38.627, 21096, 100
2026/08/04 13:07:39.627, 21096, 100
2026/08/04 13:07:40.628, 21096, 100
2026/08/04 13:07:41.628, 21096, 100
2026/08/04 13:07:42.628, 21096, 100
2026/08/04 13:07:43.628, 21096, 100
2026/08/04 13:07:44.629, 21096, 100
2026/08/04 13:07:45.629, 21096, 59
2026/08/04 13:07:46.629, 21096, 84
2026/08/04 13:07:47.630, 21096, 100
2026/08/04 13:07:48.630, 21096, 100
2026/08/04 13:07:49.630, 21096, 100
2026/08/04 13:07:50.630, 21096, 100
2026/08/04 13:07:51.631, 21096, 100
2026/08/04 13:07:52.631, 21096, 100
2026/08/04 13:07:53.631, 21096, 100
2026/08/04 13:07:54.632, 21096, 100
2026/08/04 13:07:55.632, 21096, 100
2026/08/04 13:07:56.632, 21096, 100
2026/08/04 13:07:57.632, 21096, 100
2026/08/04 13:07:58.633, 21096, 100
2026/08/04 13:07:59.633, 21096, 100
2026/08/04 13:08:00.633, 21096, 100
2026/08/04 13:08:01.634, 21096, 86
2026/08/04 13:08:02.634, 21096, 100
2026/08/04 13:08:03.634, 21096, 100
2026/08/04 13:08:04.634, 21096, 100
2026/08/04 13:08:05.635, 21096, 100
2026/08/04 13:08:06.635, 21096, 100
2026/08/04 13:08:07.635, 21096, 100
2026/08/04 13:08:08.636, 21096, 100
2026/08/04 13:08:09.636, 21096, 100
2026/08/04 13:08:10.636, 21096, 100
2026/08/04 13:08:11.636, 21096, 100
2026/08/04 13:08:12.637, 21096, 100
2026/08/04 13:08:13.637, 21096, 100
2026/08/04 13:08:14.637, 21096, 100
2026/08/04 13:08:15.637, 21096, 100
2026/08/04 13:08:16.638, 21096, 100
2026/08/04 13:08:17.638, 21096, 100
2026/08/04 13:08:18.638, 21096, 100
2026/08/04 13:08:19.638, 21096, 100
2026/08/04 13:08:20.639, 21096, 100
2026/08/04 13:08:21.639, 21096, 100
2026/08/04 13:08:22.639, 21096, 100
2026/08/04 13:08:23.639, 21096, 100
2026/08/04 13:08:24.640, 21096, 100
2026/08/04 13:08:25.640, 21096, 79
2026/08/04 13:08:26.640, 21096, 100
2026/08/04 13:08:27.640, 21096, 100
2026/08/04 13:08:28.641, 21096, 80
2026/08/04 13:08:29.641, 21096, 79
2026/08/04 13:08:30.641, 21096, 100
2026/08/04 13:08:31.641, 21096, 100
2026/08/04 13:08:32.642, 21096, 100
2026/08/04 13:08:33.642, 21096, 100
2026/08/04 13:08:34.642, 21096, 60
2026/08/04 13:08:35.643, 21096, 100
2026/08/04 13:08:36.643, 21096, 100
2026/08/04 13:08:37.643, 21096, 100
2026/08/04 13:08:38.643, 21096, 100
2026/08/04 13:08:39.644, 21096, 100
2026/08/04 13:08:40.644, 21096, 100
2026/08/04 13:08:41.644, 21096, 100
2026/08/04 13:08:42.645, 21096, 100
2026/08/04 13:08:43.645, 21096, 100
2026/08/04 13:08:44.645, 21096, 100
2026/08/04 13:08:45.647, 21096, 100
2026/08/04 13:08:46.648, 21096, 82
2026/08/04 13:08:47.649, 21096, 100
2026/08/04 13:08:48.651, 21096, 100
2026/08/04 13:08:49.652, 21096, 100
2026/08/04 13:08:50.653, 21096, 100
2026/08/04 13:08:51.655, 21096, 100
2026/08/04 13:08:52.656, 21096, 100
2026/08/04 13:08:53.657, 21096, 100
2026/08/04 13:08:54.659, 21096, 100
2026/08/04 13:08:55.660, 21096, 100
2026/08/04 13:08:56.662, 21096, 100
2026/08/04 13:08:57.663, 21096, 100
2026/08/04 13:08:58.664, 21096, 74
2026/08/04 13:08:59.666, 21096, 99
2026/08/04 13:09:00.667, 21096, 100
2026/08/04 13:09:01.669, 21096, 100
2026/08/04 13:09:02.670, 21096, 100
2026/08/04 13:09:03.671, 21096, 100
2026/08/04 13:09:04.673, 21096, 100
2026/08/04 13:09:05.674, 21096, 100
2026/08/04 13:09:06.676, 21096, 84
2026/08/04 13:09:07.677, 21096, 100
2026/08/04 13:09:08.679, 21096, 100
2026/08/04 13:09:09.680, 21096, 100
2026/08/04 13:09:10.681, 21096, 100
2026/08/04 13:09:11.683, 21096, 100
2026/08/04 13:09:12.684, 21096, 100
2026/08/04 13:09:13.687, 21096, 100
2026/08/04 13:09:14.689, 21096, 83
2026/08/04 13:09:15.690, 21096, 100
2026/08/04 13:09:16.692, 21096, 100
2026/08/04 13:09:17.693, 21096, 60
2026/08/04 13:09:18.695, 21096, 84
2026/08/04 13:09:19.696, 21096, 100
2026/08/04 13:09:20.698, 21096, 100
2026/08/04 13:09:21.699, 21096, 100
2026/08/04 13:09:22.700, 21096, 100
2026/08/04 13:09:23.701, 21096, 100
2026/08/04 13:09:24.703, 21096, 61
2026/08/04 13:09:25.704, 21096, 100
2026/08/04 13:09:26.706, 21096, 100
2026/08/04 13:09:27.707, 21096, 100
2026/08/04 13:09:28.708, 21096, 100
2026/08/04 13:09:29.710, 21096, 100
2026/08/04 13:09:30.711, 21096, 100
2026/08/04 13:09:31.713, 21096, 100
2026/08/04 13:09:32.714, 21096, 100
2026/08/04 13:09:33.716, 21096, 100
2026/08/04 13:09:34.717, 21096, 100
2026/08/04 13:09:35.718, 21096, 100
2026/08/04 13:09:36.720, 21096, 100
2026/08/04 13:09:37.721, 21096, 100
2026/08/04 13:09:38.723, 21096, 100
2026/08/04 13:09:39.724, 21096, 100
2026/08/04 13:09:40.725, 21096, 100
2026/08/04 13:09:41.727, 21096, 62
2026/08/04 13:09:42.728, 21096, 100
2026/08/04 13:09:43.730, 21096, 100
2026/08/04 13:09:44.731, 21096, 100
2026/08/04 13:09:45.733, 21096, 100
2026/08/04 13:09:46.734, 21096, 100
2026/08/04 13:09:47.735, 21096, 100
2026/08/04 13:09:48.737, 21096, 100
2026/08/04 13:09:49.738, 21096, 100
2026/08/04 13:09:50.740, 21096, 100
2026/08/04 13:09:51.741, 21096, 100
2026/08/04 13:09:52.742, 21096, 100
2026/08/04 13:09:53.744, 21096, 100
2026/08/04 13:09:54.745, 21096, 100
2026/08/04 13:09:55.747, 21096, 81
2026/08/04 13:09:56.748, 21096, 59
2026/08/04 13:09:57.749, 21096, 100
2026/08/04 13:09:58.751, 21096, 100
2026/08/04 13:09:59.752, 21096, 100
2026/08/04 13:10:00.754, 21096, 100
2026/08/04 13:10:01.755, 21096, 100
2026/08/04 13:10:02.757, 21096, 100
2026/08/04 13:10:03.758, 21096, 100
2026/08/04 13:10:04.759, 21096, 100
2026/08/04 13:10:05.761, 21096, 100
2026/08/04 13:10:06.762, 21096, 100
2026/08/04 13:10:07.764, 21096, 100
2026/08/04 13:10:08.765, 21096, 100
2026/08/04 13:10:09.766, 21096, 100
2026/08/04 13:10:10.768, 21096, 100
2026/08/04 13:10:11.769, 21096, 100
2026/08/04 13:10:12.771, 21096, 100
2026/08/04 13:10:13.772, 21096, 100
2026/08/04 13:10:14.773, 21096, 100
2026/08/04 13:10:15.775, 21096, 100
2026/08/04 13:10:16.776, 21096, 100
2026/08/04 13:10:17.778, 21096, 100
2026/08/04 13:10:18.779, 21096, 100
2026/08/04 13:10:19.780, 21096, 100
2026/08/04 13:10:20.782, 21096, 100
2026/08/04 13:10:21.783, 21096, 100
2026/08/04 13:10:22.785, 21096, 100
2026/08/04 13:10:23.786, 21096, 100
2026/08/04 13:10:24.787, 21096, 100
2026/08/04 13:10:25.789, 21096, 100
2026/08/04 13:10:26.790, 21096, 100
2026/08/04 13:10:27.792, 21096, 100
2026/08/04 13:10:28.793, 21096, 100
2026/08/04 13:10:29.794, 21096, 100
2026/08/04 13:10:30.796, 21096, 100
2026/08/04 13:10:31.797, 21096, 100
2026/08/04 13:10:32.798, 21096, 100
2026/08/04 13:10:33.800, 21096, 100
2026/08/04 13:10:34.801, 21096, 88
2026/08/04 13:10:35.802, 21096, 100
2026/08/04 13:10:36.804, 21096, 100
2026/08/04 13:10:37.805, 21096, 100
2026/08/04 13:10:38.806, 21096, 100
2026/08/04 13:10:39.808, 21096, 100
2026/08/04 13:10:40.809, 21096, 100
2026/08/04 13:10:41.811, 21096, 100
2026/08/04 13:10:42.812, 21096, 100
2026/08/04 13:10:43.813, 21096, 100
2026/08/04 13:10:44.815, 21096, 100
2026/08/04 13:10:45.816, 21096, 100
2026/08/04 13:10:46.817, 21096, 100
2026/08/04 13:10:47.819, 21096, 100
2026/08/04 13:10:48.820, 21096, 100
2026/08/04 13:10:49.821, 21096, 100
2026/08/04 13:10:50.823, 21096, 65
2026/08/04 13:10:51.824, 21096, 100
2026/08/04 13:10:52.824, 21096, 100
2026/08/04 13:10:53.826, 21096, 85
2026/08/04 13:10:54.827, 21096, 100
2026/08/04 13:10:55.828, 21096, 83
2026/08/04 13:10:56.830, 21096, 85
2026/08/04 13:10:57.831, 21096, 100
2026/08/04 13:10:58.833, 21096, 100
2026/08/04 13:10:59.834, 21096, 100
2026/08/04 13:11:00.836, 21096, 93
2026/08/04 13:11:01.837, 21096, 82
2026/08/04 13:11:02.837, 21096, 81
2026/08/04 13:11:03.839, 21096, 100
2026/08/04 13:11:04.840, 21096, 100
2026/08/04 13:11:05.841, 21096, 100
2026/08/04 13:11:06.842, 21096, 100
2026/08/04 13:11:07.843, 21096, 100
2026/08/04 13:11:08.845, 21096, 100
2026/08/04 13:11:09.846, 21096, 100
2026/08/04 13:11:10.847, 21096, 82
2026/08/04 13:11:11.848, 21096, 65
2026/08/04 13:11:12.850, 21096, 100
2026/08/04 13:11:13.851, 21096, 100
2026/08/04 13:11:14.852, 21096, 100
2026/08/04 13:11:15.854, 21096, 100
2026/08/04 13:11:16.855, 21096, 100
2026/08/04 13:11:17.855, 21096, 100
2026/08/04 13:11:18.857, 21096, 100
2026/08/04 13:11:19.858, 21096, 100
2026/08/04 13:11:20.859, 21096, 100
2026/08/04 13:11:21.861, 21096, 100
2026/08/04 13:11:22.862, 21096, 96
2026/08/04 13:11:23.864, 21096, 100
2026/08/04 13:11:24.865, 21096, 100
2026/08/04 13:11:25.866, 21096, 100
2026/08/04 13:11:26.868, 21096, 100
2026/08/04 13:11:27.869, 21096, 100
2026/08/04 13:11:28.870, 21096, 100
2026/08/04 13:11:29.872, 21096, 100
2026/08/04 13:11:30.873, 21096, 80
2026/08/04 13:11:31.875, 21096, 80
2026/08/04 13:11:32.876, 21096, 100
2026/08/04 13:11:33.877, 21096, 84
2026/08/04 13:11:34.878, 21096, 100
2026/08/04 13:11:35.880, 21096, 100
2026/08/04 13:11:36.881, 21096, 100
2026/08/04 13:11:37.882, 21096, 100
2026/08/04 13:11:38.884, 21096, 100
2026/08/04 13:11:39.885, 21096, 100
2026/08/04 13:11:40.886, 21096, 100
2026/08/04 13:11:41.888, 21096, 100
2026/08/04 13:11:42.889, 21096, 99
2026/08/04 13:11:43.890, 21096, 100
2026/08/04 13:11:44.891, 21096, 100
2026/08/04 13:11:45.893, 21096, 100
2026/08/04 13:11:46.894, 21096, 100
2026/08/04 13:11:47.895, 21096, 100
2026/08/04 13:11:48.897, 21096, 100
2026/08/04 13:11:49.898, 21096, 100
2026/08/04 13:11:50.899, 21096, 100
2026/08/04 13:11:51.901, 21096, 100
2026/08/04 13:11:52.902, 21096, 82
2026/08/04 13:11:53.903, 21096, 83
2026/08/04 13:11:54.905, 21096, 85
2026/08/04 13:11:55.906, 21096, 100
2026/08/04 13:11:56.908, 21096, 100
2026/08/04 13:11:57.909, 21096, 100
2026/08/04 13:11:58.910, 21096, 100
2026/08/04 13:11:59.912, 21096, 100
2026/08/04 13:12:00.913, 21096, 96
2026/08/04 13:12:01.914, 21096, 100
2026/08/04 13:12:02.915, 21096, 100
2026/08/04 13:12:03.916, 21096, 100
2026/08/04 13:12:04.916, 21096, 100
2026/08/04 13:12:05.917, 21096, 100
2026/08/04 13:12:06.918, 21096, 100
2026/08/04 13:12:07.919, 21096, 100
2026/08/04 13:12:08.920, 21096, 100
2026/08/04 13:12:09.922, 21096, 100
2026/08/04 13:12:10.923, 21096, 100
2026/08/04 13:12:11.925, 21096, 69
2026/08/04 13:12:12.926, 21096, 100
2026/08/04 13:12:13.927, 21096, 100
2026/08/04 13:12:14.928, 21096, 100
2026/08/04 13:12:15.928, 21096, 100
2026/08/04 13:12:16.928, 21096, 100
2026/08/04 13:12:17.930, 21096, 57
2026/08/04 13:12:18.930, 21096, 100
2026/08/04 13:12:19.931, 21096, 83
2026/08/04 13:12:20.931, 21096, 100
2026/08/04 13:12:21.932, 21096, 100
2026/08/04 13:12:22.933, 21096, 100
2026/08/04 13:12:23.934, 21096, 100
2026/08/04 13:12:24.934, 21096, 88
2026/08/04 13:12:25.935, 21096, 100
2026/08/04 13:12:26.936, 21096, 100
2026/08/04 13:12:27.937, 21096, 100
2026/08/04 13:12:28.938, 21096, 100
2026/08/04 13:12:29.939, 21096, 100
2026/08/04 13:12:30.940, 21096, 100
2026/08/04 13:12:31.940, 21096, 100
2026/08/04 13:12:32.941, 21096, 100
2026/08/04 13:12:33.942, 21096, 100
2026/08/04 13:12:34.943, 21096, 100
2026/08/04 13:12:35.943, 21096, 100
2026/08/04 13:12:36.943, 21096, 100
2026/08/04 13:12:37.943, 21096, 100
2026/08/04 13:12:38.944, 21096, 100
2026/08/04 13:12:39.944, 21096, 100
2026/08/04 13:12:40.944, 21096, 100
2026/08/04 13:12:41.944, 21096, 100
2026/08/04 13:12:42.946, 21096, 82
2026/08/04 13:12:43.946, 21096, 86
2026/08/04 13:12:44.946, 21096, 100
2026/08/04 13:12:45.946, 21096, 100
2026/08/04 13:12:46.948, 21096, 100
2026/08/04 13:12:47.948, 21096, 100
2026/08/04 13:12:48.949, 21096, 84
2026/08/04 13:12:49.951, 21096, 100
2026/08/04 13:12:50.951, 21096, 100
2026/08/04 13:12:51.952, 21096, 100
2026/08/04 13:12:52.953, 21096, 100
2026/08/04 13:12:53.953, 21096, 100
2026/08/04 13:12:54.953, 21096, 100
2026/08/04 13:12:55.954, 21096, 100
2026/08/04 13:12:56.954, 21096, 100
2026/08/04 13:12:57.954, 21096, 100
2026/08/04 13:12:58.956, 21096, 100
2026/08/04 13:12:59.957, 21096, 100
2026/08/04 13:13:00.958, 21096, 100
2026/08/04 13:13:01.958, 21096, 84
2026/08/04 13:13:02.958, 21096, 100
2026/08/04 13:13:03.958, 21096, 100
2026/08/04 13:13:04.959, 21096, 100
2026/08/04 13:13:05.959, 21096, 100
2026/08/04 13:13:06.959, 21096, 100
2026/08/04 13:13:07.960, 21096, 84
2026/08/04 13:13:08.960, 21096, 84
2026/08/04 13:13:09.961, 21096, 100
2026/08/04 13:13:10.961, 21096, 100
2026/08/04 13:13:11.961, 21096, 100
2026/08/04 13:13:12.961, 21096, 100
2026/08/04 13:13:13.962, 21096, 100
2026/08/04 13:13:14.962, 21096, 100
2026/08/04 13:13:15.962, 21096, 100
2026/08/04 13:13:16.963, 21096, 100
2026/08/04 13:13:17.963, 21096, 100
2026/08/04 13:13:18.963, 21096, 100
2026/08/04 13:13:19.964, 21096, 100
2026/08/04 13:13:20.965, 21096, 100
2026/08/04 13:13:21.965, 21096, 100
2026/08/04 13:13:22.965, 21096, 100
2026/08/04 13:13:23.966, 21096, 96
2026/08/04 13:13:24.966, 21096, 93
2026/08/04 13:13:25.966, 21096, 100
2026/08/04 13:13:26.967, 21096, 100
2026/08/04 13:13:27.967, 21096, 86
2026/08/04 13:13:28.967, 21096, 100
2026/08/04 13:13:29.967, 21096, 100
2026/08/04 13:13:30.968, 21096, 100
2026/08/04 13:13:31.968, 21096, 100
2026/08/04 13:13:32.968, 21096, 100
2026/08/04 13:13:33.968, 21096, 100
2026/08/04 13:13:34.969, 21096, 100
2026/08/04 13:13:35.969, 21096, 86
2026/08/04 13:13:36.969, 21096, 100
2026/08/04 13:13:37.970, 21096, 100
2026/08/04 13:13:38.970, 21096, 85
2026/08/04 13:13:39.970, 21096, 100
2026/08/04 13:13:40.971, 21096, 100
2026/08/04 13:13:41.971, 21096, 66
2026/08/04 13:13:42.971, 21096, 100
2026/08/04 13:13:43.971, 21096, 100
2026/08/04 13:13:44.972, 21096, 100
2026/08/04 13:13:45.972, 21096, 100
2026/08/04 13:13:46.972, 21096, 100
2026/08/04 13:13:47.972, 21096, 100
2026/08/04 13:13:48.973, 21096, 100
2026/08/04 13:13:49.973, 21096, 100
2026/08/04 13:13:50.973, 21096, 100
2026/08/04 13:13:51.973, 21096, 100
2026/08/04 13:13:52.974, 21096, 100
2026/08/04 13:13:53.974, 21096, 100
2026/08/04 13:13:54.974, 21096, 100
2026/08/04 13:13:55.974, 21096, 100
2026/08/04 13:13:56.975, 21096, 100
2026/08/04 13:13:57.975, 21096, 85
2026/08/04 13:13:58.975, 21096, 100
2026/08/04 13:13:59.976, 21096, 65
2026/08/04 13:14:00.976, 21096, 100
2026/08/04 13:14:01.976, 21096, 100
2026/08/04 13:14:02.976, 21096, 100
2026/08/04 13:14:03.976, 21096, 100
2026/08/04 13:14:04.977, 21096, 100
2026/08/04 13:14:05.977, 21096, 100
2026/08/04 13:14:06.977, 21096, 100
2026/08/04 13:14:07.977, 21096, 100
2026/08/04 13:14:08.978, 21096, 86
2026/08/04 13:14:09.978, 21096, 86
2026/08/04 13:14:10.978, 21096, 100
2026/08/04 13:14:11.978, 21096, 100
2026/08/04 13:14:12.979, 21096, 100
2026/08/04 13:14:13.979, 21096, 100
2026/08/04 13:14:14.979, 21096, 85
2026/08/04 13:14:15.979, 21096, 100
2026/08/04 13:14:16.980, 21096, 100
2026/08/04 13:14:17.980, 21096, 100
2026/08/04 13:14:18.980, 21096, 100
2026/08/04 13:14:19.980, 21096, 100
2026/08/04 13:14:20.981, 21096, 100
2026/08/04 13:14:21.981, 21096, 100
2026/08/04 13:14:22.981, 21096, 100
2026/08/04 13:14:23.981, 21096, 100
2026/08/04 13:14:24.981, 21096, 100
2026/08/04 13:14:25.982, 21096, 100
2026/08/04 13:14:26.982, 21096, 100
2026/08/04 13:14:27.982, 21096, 100
2026/08/04 13:14:28.983, 21096, 100
2026/08/04 13:14:29.983, 21096, 85
2026/08/04 13:14:30.983, 21096, 100
2026/08/04 13:14:31.983, 21096, 100
2026/08/04 13:14:32.984, 21096, 63
2026/08/04 13:14:33.984, 21096, 100
2026/08/04 13:14:34.984, 21096, 65
2026/08/04 13:14:35.984, 21096, 100
2026/08/04 13:14:36.984, 21096, 100
2026/08/04 13:14:37.985, 21096, 100
2026/08/04 13:14:38.985, 21096, 100
2026/08/04 13:14:39.985, 21096, 99
2026/08/04 13:14:40.985, 21096, 100
2026/08/04 13:14:41.986, 21096, 100
2026/08/04 13:14:42.986, 21096, 100
2026/08/04 13:14:43.986, 21096, 100
2026/08/04 13:14:44.987, 21096, 100
2026/08/04 13:14:45.987, 21096, 100
2026/08/04 13:14:46.987, 21096, 98
2026/08/04 13:14:47.987, 21096, 84
2026/08/04 13:14:48.987, 21096, 62
2026/08/04 13:14:49.988, 21096, 100
2026/08/04 13:14:50.988, 21096, 100
2026/08/04 13:14:51.988, 21096, 84
2026/08/04 13:14:52.988, 21096, 100
2026/08/04 13:14:53.989, 21096, 100
2026/08/04 13:14:54.989, 21096, 100
2026/08/04 13:14:55.989, 21096, 100
2026/08/04 13:14:56.989, 21096, 100
2026/08/04 13:14:57.990, 21096, 100
2026/08/04 13:14:58.990, 21096, 100
2026/08/04 13:14:59.990, 21096, 100
2026/08/04 13:15:00.990, 21096, 100
2026/08/04 13:15:01.991, 21096, 100
2026/08/04 13:15:02.991, 21096, 100
2026/08/04 13:15:03.991, 21096, 100
2026/08/04 13:15:04.992, 21096, 100
2026/08/04 13:15:05.992, 21096, 100
2026/08/04 13:15:06.992, 21096, 100
2026/08/04 13:15:07.992, 21096, 100
2026/08/04 13:15:08.993, 21096, 100
2026/08/04 13:15:09.993, 21096, 100
2026/08/04 13:15:10.993, 21096, 100
2026/08/04 13:15:11.993, 21096, 100
2026/08/04 13:15:12.993, 21096, 100
2026/08/04 13:15:13.994, 21096, 98
2026/08/04 13:15:14.994, 21096, 100
2026/08/04 13:15:15.994, 21096, 97
2026/08/04 13:15:16.995, 21096, 100
2026/08/04 13:15:17.995, 21096, 83
2026/08/04 13:15:18.995, 21096, 100
2026/08/04 13:15:19.995, 21096, 100
2026/08/04 13:15:20.996, 21096, 100
2026/08/04 13:15:21.996, 21096, 84
2026/08/04 13:15:22.996, 21096, 100
2026/08/04 13:15:23.996, 21096, 65
2026/08/04 13:15:24.997, 21096, 100
2026/08/04 13:15:25.997, 21096, 100
2026/08/04 13:15:26.997, 21096, 100
2026/08/04 13:15:27.998, 21096, 100
2026/08/04 13:15:28.998, 21096, 100
2026/08/04 13:15:29.998, 21096, 100
2026/08/04 13:15:30.998, 21096, 80
2026/08/04 13:15:31.999, 21096, 100
2026/08/04 13:15:32.999, 21096, 100
2026/08/04 13:15:33.999, 21096, 100
2026/08/04 13:15:35.000, 21096, 100
2026/08/04 13:15:36.000, 21096, 100
2026/08/04 13:15:37.000, 21096, 100
2026/08/04 13:15:38.000, 21096, 100
2026/08/04 13:15:39.001, 21096, 100
2026/08/04 13:15:40.001, 21096, 100
2026/08/04 13:15:41.001, 21096, 87
2026/08/04 13:15:42.001, 21096, 100
2026/08/04 13:15:43.002, 21096, 100
2026/08/04 13:15:44.002, 21096, 100
2026/08/04 13:15:45.002, 21096, 100
2026/08/04 13:15:46.002, 21096, 100
2026/08/04 13:15:47.003, 21096, 100
2026/08/04 13:15:48.003, 21096, 100
2026/08/04 13:15:49.003, 21096, 100
2026/08/04 13:15:50.003, 21096, 100
2026/08/04 13:15:51.004, 21096, 100
2026/08/04 13:15:52.004, 21096, 100
2026/08/04 13:15:53.004, 21096, 100
2026/08/04 13:15:54.004, 21096, 100
2026/08/04 13:15:55.005, 21096, 82
2026/08/04 13:15:56.005, 21096, 100
2026/08/04 13:15:57.005, 21096, 100
2026/08/04 13:15:58.005, 21096, 100
2026/08/04 13:15:59.006, 21096, 100
2026/08/04 13:16:00.006, 21096, 100
2026/08/04 13:16:01.006, 21096, 100
2026/08/04 13:16:02.007, 21096, 100
2026/08/04 13:16:03.007, 21096, 100
2026/08/04 13:16:04.007, 21096, 100
2026/08/04 13:16:05.007, 21096, 100
2026/08/04 13:16:06.008, 21096, 100
2026/08/04 13:16:07.008, 21096, 100
2026/08/04 13:16:08.008, 21096, 100
2026/08/04 13:16:09.009, 21096, 100
2026/08/04 13:16:10.009, 21096, 82
2026/08/04 13:16:11.009, 21096, 100
2026/08/04 13:16:12.009, 21096, 100
2026/08/04 13:16:13.010, 21096, 100
2026/08/04 13:16:14.010, 21096, 100
2026/08/04 13:16:15.010, 21096, 100
2026/08/04 13:16:16.010, 21096, 86
2026/08/04 13:16:17.011, 21096, 100
2026/08/04 13:16:18.011, 21096, 100
2026/08/04 13:16:19.011, 21096, 100
2026/08/04 13:16:20.012, 21096, 100
2026/08/04 13:16:21.012, 21096, 86
2026/08/04 13:16:22.012, 21096, 100
2026/08/04 13:16:23.012, 21096, 85
2026/08/04 13:16:24.013, 21096, 100
2026/08/04 13:16:25.013, 21096, 100
2026/08/04 13:16:26.013, 21096, 100
2026/08/04 13:16:27.014, 21096, 100
2026/08/04 13:16:28.014, 21096, 84
2026/08/04 13:16:29.014, 21096, 91
2026/08/04 13:16:30.014, 21096, 68
2026/08/04 13:16:31.015, 21096, 100
2026/08/04 13:16:32.015, 21096, 100
2026/08/04 13:16:33.015, 21096, 81
2026/08/04 13:16:34.015, 21096, 84
2026/08/04 13:16:35.016, 21096, 100
2026/08/04 13:16:36.016, 21096, 100
2026/08/04 13:16:37.016, 21096, 100
2026/08/04 13:16:38.017, 21096, 100
2026/08/04 13:16:39.017, 21096, 100
2026/08/04 13:16:40.017, 21096, 100
2026/08/04 13:16:41.018, 21096, 100
2026/08/04 13:16:42.018, 21096, 100
2026/08/04 13:16:43.018, 21096, 100
2026/08/04 13:16:44.019, 21096, 85
2026/08/04 13:16:45.019, 21096, 100
2026/08/04 13:16:46.020, 21096, 100
2026/08/04 13:16:47.020, 21096, 100
2026/08/04 13:16:48.020, 21096, 82
2026/08/04 13:16:49.021, 21096, 100
2026/08/04 13:16:50.021, 21096, 86
2026/08/04 13:16:51.021, 21096, 100
2026/08/04 13:16:52.022, 21096, 80
2026/08/04 13:16:53.022, 21096, 100
2026/08/04 13:16:54.022, 21096, 100
2026/08/04 13:16:55.023, 21096, 80
2026/08/04 13:16:56.023, 21096, 100
2026/08/04 13:16:57.024, 21096, 100
2026/08/04 13:16:58.024, 21096, 100
2026/08/04 13:16:59.024, 21096, 100
2026/08/04 13:17:00.025, 21096, 100
2026/08/04 13:17:01.025, 21096, 100
2026/08/04 13:17:02.025, 21096, 100
2026/08/04 13:17:03.025, 21096, 100
2026/08/04 13:17:04.026, 21096, 100
2026/08/04 13:17:05.026, 21096, 100
2026/08/04 13:17:06.026, 21096, 100
2026/08/04 13:17:07.027, 21096, 100
2026/08/04 13:17:08.027, 21096, 100
2026/08/04 13:17:09.027, 21096, 80
2026/08/04 13:17:10.028, 21096, 100
2026/08/04 13:17:11.028, 21096, 100
2026/08/04 13:17:12.028, 21096, 82
2026/08/04 13:17:13.029, 21096, 100
2026/08/04 13:17:14.029, 21096, 100
2026/08/04 13:17:15.029, 21096, 100
2026/08/04 13:17:16.030, 21096, 100
2026/08/04 13:17:17.031, 21096, 100
2026/08/04 13:17:18.031, 21096, 100
2026/08/04 13:17:19.033, 21096, 84
2026/08/04 13:17:20.039, 21096, 100
2026/08/04 13:17:21.046, 21096, 100
2026/08/04 13:17:22.052, 21096, 99
2026/08/04 13:17:23.059, 21096, 100
2026/08/04 13:17:24.065, 21096, 59
2026/08/04 13:17:25.071, 21096, 100
2026/08/04 13:17:26.077, 21096, 100
2026/08/04 13:17:27.083, 21096, 100
2026/08/04 13:17:28.089, 21096, 100
2026/08/04 13:17:29.094, 21096, 100
2026/08/04 13:17:30.100, 21096, 100
2026/08/04 13:17:31.108, 21096, 100
2026/08/04 13:17:32.114, 21096, 100
2026/08/04 13:17:33.118, 21096, 100
2026/08/04 13:17:34.123, 21096, 100
2026/08/04 13:17:35.127, 21096, 100
2026/08/04 13:17:36.132, 21096, 100
2026/08/04 13:17:37.136, 21096, 100
2026/08/04 13:17:38.141, 21096, 100
2026/08/04 13:17:39.145, 21096, 100
2026/08/04 13:17:40.149, 21096, 100
2026/08/04 13:17:41.154, 21096, 83
2026/08/04 13:17:42.158, 21096, 100
2026/08/04 13:17:43.162, 21096, 100
2026/08/04 13:17:44.166, 21096, 100
2026/08/04 13:17:45.170, 21096, 100
2026/08/04 13:17:46.173, 21096, 100
2026/08/04 13:17:47.177, 21096, 86
2026/08/04 13:17:48.180, 21096, 100
2026/08/04 13:17:49.184, 21096, 100
2026/08/04 13:17:50.187, 21096, 100
2026/08/04 13:17:51.190, 21096, 86
2026/08/04 13:17:52.193, 21096, 100
2026/08/04 13:17:53.197, 21096, 100
2026/08/04 13:17:54.200, 21096, 100
2026/08/04 13:17:55.203, 21096, 100
2026/08/04 13:17:56.206, 21096, 100
2026/08/04 13:17:57.208, 21096, 100
2026/08/04 13:17:58.211, 21096, 100
2026/08/04 13:17:59.214, 21096, 100
2026/08/04 13:18:00.217, 21096, 100
2026/08/04 13:18:01.220, 21096, 84
2026/08/04 13:18:02.222, 21096, 100
2026/08/04 13:18:03.225, 21096, 100
2026/08/04 13:18:04.227, 21096, 100
2026/08/04 13:18:05.230, 21096, 98
2026/08/04 13:18:06.232, 21096, 100
2026/08/04 13:18:07.235, 21096, 100
2026/08/04 13:18:08.238, 21096, 100
2026/08/04 13:18:09.240, 21096, 100
2026/08/04 13:18:10.242, 21096, 100
2026/08/04 13:18:11.245, 21096, 100
2026/08/04 13:18:12.247, 21096, 100
2026/08/04 13:18:13.250, 21096, 100
2026/08/04 13:18:14.253, 21096, 100
2026/08/04 13:18:15.255, 21096, 100
2026/08/04 13:18:16.257, 21096, 83
2026/08/04 13:18:17.259, 21096, 100
2026/08/04 13:18:18.261, 21096, 100
2026/08/04 13:18:19.264, 21096, 100
2026/08/04 13:18:20.266, 21096, 100
2026/08/04 13:18:21.268, 21096, 100
2026/08/04 13:18:22.270, 21096, 100
2026/08/04 13:18:23.272, 21096, 100
2026/08/04 13:18:24.274, 21096, 86
2026/08/04 13:18:25.275, 21096, 100
2026/08/04 13:18:26.277, 21096, 100
2026/08/04 13:18:27.279, 21096, 100
2026/08/04 13:18:28.280, 21096, 100
2026/08/04 13:18:29.282, 21096, 100
2026/08/04 13:18:30.284, 21096, 100
2026/08/04 13:18:31.286, 21096, 100
2026/08/04 13:18:32.287, 21096, 97
2026/08/04 13:18:33.289, 21096, 100
2026/08/04 13:18:34.290, 21096, 100
2026/08/04 13:18:35.292, 21096, 100
2026/08/04 13:18:36.294, 21096, 100
2026/08/04 13:18:37.296, 21096, 100
2026/08/04 13:18:38.297, 21096, 100
2026/08/04 13:18:39.299, 21096, 100
2026/08/04 13:18:40.300, 21096, 100
2026/08/04 13:18:41.302, 21096, 100
2026/08/04 13:18:42.303, 21096, 100
2026/08/04 13:18:43.305, 21096, 100
2026/08/04 13:18:44.307, 21096, 84
2026/08/04 13:18:45.308, 21096, 100
2026/08/04 13:18:46.310, 21096, 100
2026/08/04 13:18:47.311, 21096, 100
2026/08/04 13:18:48.313, 21096, 100
2026/08/04 13:18:49.315, 21096, 100
2026/08/04 13:18:50.316, 21096, 87
2026/08/04 13:18:51.318, 21096, 100
2026/08/04 13:18:52.319, 21096, 79
2026/08/04 13:18:53.321, 21096, 100
2026/08/04 13:18:54.322, 21096, 100
2026/08/04 13:18:55.324, 21096, 83
2026/08/04 13:18:56.325, 21096, 100
2026/08/04 13:18:57.327, 21096, 100
2026/08/04 13:18:58.328, 21096, 87
2026/08/04 13:18:59.330, 21096, 100
2026/08/04 13:19:00.332, 21096, 100
2026/08/04 13:19:01.333, 21096, 81
2026/08/04 13:19:02.334, 21096, 100
2026/08/04 13:19:03.336, 21096, 100
2026/08/04 13:19:04.337, 21096, 100
2026/08/04 13:19:05.338, 21096, 100
2026/08/04 13:19:06.340, 21096, 100
2026/08/04 13:19:07.341, 21096, 100
2026/08/04 13:19:08.343, 21096, 100
2026/08/04 13:19:09.344, 21096, 100
2026/08/04 13:19:10.345, 21096, 100
2026/08/04 13:19:11.347, 21096, 100
2026/08/04 13:19:12.348, 21096, 100
2026/08/04 13:19:13.350, 21096, 100
2026/08/04 13:19:14.351, 21096, 84
2026/08/04 13:19:15.352, 21096, 100
2026/08/04 13:19:16.354, 21096, 100
2026/08/04 13:19:17.355, 21096, 100
2026/08/04 13:19:18.357, 21096, 100
2026/08/04 13:19:19.358, 21096, 100
2026/08/04 13:19:20.360, 21096, 84
2026/08/04 13:19:21.361, 21096, 100
2026/08/04 13:19:22.362, 21096, 100
2026/08/04 13:19:23.364, 21096, 100
2026/08/04 13:19:24.365, 21096, 100
2026/08/04 13:19:25.366, 21096, 100
2026/08/04 13:19:26.368, 21096, 100
2026/08/04 13:19:27.369, 21096, 100
2026/08/04 13:19:28.371, 21096, 85
2026/08/04 13:19:29.372, 21096, 100
2026/08/04 13:19:30.374, 21096, 100
2026/08/04 13:19:31.375, 21096, 100
2026/08/04 13:19:32.376, 21096, 100
2026/08/04 13:19:33.378, 21096, 100
2026/08/04 13:19:34.379, 21096, 100
2026/08/04 13:19:35.381, 21096, 100
2026/08/04 13:19:36.382, 21096, 100
2026/08/04 13:19:37.384, 21096, 100
2026/08/04 13:19:38.385, 21096, 100
2026/08/04 13:19:39.386, 21096, 100
2026/08/04 13:19:40.388, 21096, 100
2026/08/04 13:19:41.389, 21096, 100
2026/08/04 13:19:42.391, 21096, 100
2026/08/04 13:19:43.392, 21096, 100
2026/08/04 13:19:44.393, 21096, 90
2026/08/04 13:19:45.395, 21096, 100
2026/08/04 13:19:46.396, 21096, 100
2026/08/04 13:19:47.398, 21096, 100
2026/08/04 13:19:48.399, 21096, 100
2026/08/04 13:19:49.401, 21096, 100
2026/08/04 13:19:50.402, 21096, 82
2026/08/04 13:19:51.403, 21096, 100
2026/08/04 13:19:52.405, 21096, 100
2026/08/04 13:19:53.406, 21096, 100
2026/08/04 13:19:54.407, 21096, 100
2026/08/04 13:19:55.409, 21096, 100
2026/08/04 13:19:56.410, 21096, 100
2026/08/04 13:19:57.411, 21096, 100
2026/08/04 13:19:58.413, 21096, 88
2026/08/04 13:19:59.414, 21096, 100
2026/08/04 13:20:00.416, 21096, 100
2026/08/04 13:20:01.417, 21096, 93
2026/08/04 13:20:02.418, 21096, 79
2026/08/04 13:20:03.420, 21096, 100
2026/08/04 13:20:04.421, 21096, 100
2026/08/04 13:20:05.423, 21096, 100
2026/08/04 13:20:06.424, 21096, 83
2026/08/04 13:20:07.425, 21096, 100
2026/08/04 13:20:08.427, 21096, 100
2026/08/04 13:20:09.428, 21096, 100
2026/08/04 13:20:10.430, 21096, 100
2026/08/04 13:20:11.431, 21096, 100
2026/08/04 13:20:12.432, 21096, 84
2026/08/04 13:20:13.434, 21096, 84
2026/08/04 13:20:14.435, 21096, 86
2026/08/04 13:20:15.437, 21096, 100
2026/08/04 13:20:16.438, 21096, 100
2026/08/04 13:20:17.440, 21096, 100
2026/08/04 13:20:18.441, 21096, 100
2026/08/04 13:20:19.443, 21096, 100
2026/08/04 13:20:20.444, 21096, 100
2026/08/04 13:20:21.445, 21096, 100
2026/08/04 13:20:22.447, 21096, 100
2026/08/04 13:20:23.448, 21096, 100
2026/08/04 13:20:24.450, 21096, 100
2026/08/04 13:20:25.451, 21096, 100
2026/08/04 13:20:26.452, 21096, 100
2026/08/04 13:20:27.453, 21096, 100
2026/08/04 13:20:28.455, 21096, 100
2026/08/04 13:20:29.456, 21096, 100
2026/08/04 13:20:30.458, 21096, 100
2026/08/04 13:20:31.459, 21096, 100
2026/08/04 13:20:32.463, 21096, 100
2026/08/04 13:20:33.469, 21096, 100
2026/08/04 13:20:34.475, 21096, 100
2026/08/04 13:20:35.480, 21096, 100
2026/08/04 13:20:36.485, 21096, 100
2026/08/04 13:20:37.491, 21096, 100
2026/08/04 13:20:38.495, 21096, 100
2026/08/04 13:20:39.500, 21096, 100
2026/08/04 13:20:40.504, 21096, 100
2026/08/04 13:20:41.509, 21096, 100
2026/08/04 13:20:42.513, 21096, 92
2026/08/04 13:20:43.517, 21096, 94
2026/08/04 13:20:44.521, 21096, 75
2026/08/04 13:20:45.524, 21096, 97
2026/08/04 13:20:46.528, 21096, 100
2026/08/04 13:20:47.531, 21096, 100
2026/08/04 13:20:48.535, 21096, 100
2026/08/04 13:20:49.538, 21096, 100
2026/08/04 13:20:50.541, 21096, 87
2026/08/04 13:20:51.544, 21096, 100
2026/08/04 13:20:52.546, 21096, 100
2026/08/04 13:20:53.549, 21096, 100
2026/08/04 13:20:54.551, 21096, 100
2026/08/04 13:20:55.553, 21096, 100
2026/08/04 13:20:56.556, 21096, 86
2026/08/04 13:20:57.558, 21096, 100
2026/08/04 13:20:58.561, 21096, 100
2026/08/04 13:20:59.563, 21096, 100
2026/08/04 13:21:00.566, 21096, 100
2026/08/04 13:21:01.567, 21096, 100
2026/08/04 13:21:02.570, 21096, 100
2026/08/04 13:21:03.573, 21096, 100
2026/08/04 13:21:04.575, 21096, 100
2026/08/04 13:21:05.577, 21096, 83
2026/08/04 13:21:06.579, 21096, 100
2026/08/04 13:21:07.580, 21096, 100
2026/08/04 13:21:08.582, 21096, 100
2026/08/04 13:21:09.583, 21096, 100
2026/08/04 13:21:10.585, 21096, 100
2026/08/04 13:21:11.586, 21096, 83
2026/08/04 13:21:12.587, 21096, 63
2026/08/04 13:21:13.589, 21096, 100
2026/08/04 13:21:14.590, 21096, 100
2026/08/04 13:21:15.592, 21096, 100
2026/08/04 13:21:16.593, 21096, 100
2026/08/04 13:21:17.595, 21096, 100
2026/08/04 13:21:18.596, 21096, 82
2026/08/04 13:21:19.598, 21096, 84
2026/08/04 13:21:20.600, 21096, 100
2026/08/04 13:21:21.602, 21096, 100
2026/08/04 13:21:22.603, 21096, 100
2026/08/04 13:21:23.605, 21096, 100
2026/08/04 13:21:24.606, 21096, 100
2026/08/04 13:21:25.608, 21096, 100
2026/08/04 13:21:26.609, 21096, 100
2026/08/04 13:21:27.611, 21096, 100
2026/08/04 13:21:28.612, 21096, 100
2026/08/04 13:21:29.614, 21096, 100
2026/08/04 13:21:30.615, 21096, 77
2026/08/04 13:21:31.617, 21096, 100
2026/08/04 13:21:32.618, 21096, 100
2026/08/04 13:21:33.620, 21096, 94
2026/08/04 13:21:34.621, 21096, 84
2026/08/04 13:21:35.623, 21096, 100
2026/08/04 13:21:36.624, 21096, 100
2026/08/04 13:21:37.624, 21096, 100
2026/08/04 13:21:38.625, 21096, 100
2026/08/04 13:21:39.625, 21096, 100
2026/08/04 13:21:40.625, 21096, 100
2026/08/04 13:21:41.626, 21096, 100
2026/08/04 13:21:42.626, 21096, 100
2026/08/04 13:21:43.626, 21096, 100
2026/08/04 13:21:44.627, 21096, 100
2026/08/04 13:21:45.627, 21096, 100
2026/08/04 13:21:46.627, 21096, 100
2026/08/04 13:21:47.627, 21096, 90
2026/08/04 13:21:48.628, 21096, 100
2026/08/04 13:21:49.628, 21096, 100
2026/08/04 13:21:50.628, 21096, 100
2026/08/04 13:21:51.629, 21096, 100
2026/08/04 13:21:52.629, 21096, 100
2026/08/04 13:21:53.630, 21096, 81
2026/08/04 13:21:54.630, 21096, 100
2026/08/04 13:21:55.630, 21096, 100
2026/08/04 13:21:56.630, 21096, 100
2026/08/04 13:21:57.631, 21096, 100
2026/08/04 13:21:58.631, 21096, 100
2026/08/04 13:21:59.631, 21096, 100
2026/08/04 13:22:00.632, 21096, 100
2026/08/04 13:22:01.632, 21096, 100
2026/08/04 13:22:02.632, 21096, 100
2026/08/04 13:22:03.633, 21096, 100
2026/08/04 13:22:04.633, 21096, 100
2026/08/04 13:22:05.633, 21096, 100
2026/08/04 13:22:06.634, 21096, 100
2026/08/04 13:22:07.634, 21096, 100
2026/08/04 13:22:08.634, 21096, 100
2026/08/04 13:22:09.635, 21096, 62
2026/08/04 13:22:10.635, 21096, 100
2026/08/04 13:22:11.635, 21096, 100
2026/08/04 13:22:12.636, 21096, 100
2026/08/04 13:22:13.636, 21096, 100
2026/08/04 13:22:14.636, 21096, 100
2026/08/04 13:22:15.637, 21096, 100
2026/08/04 13:22:16.637, 21096, 100
2026/08/04 13:22:17.637, 21096, 100
2026/08/04 13:22:18.637, 21096, 100
2026/08/04 13:22:19.638, 21096, 100
2026/08/04 13:22:20.638, 21096, 82
2026/08/04 13:22:21.638, 21096, 100
2026/08/04 13:22:22.639, 21096, 85
2026/08/04 13:22:23.639, 21096, 100
2026/08/04 13:22:24.639, 21096, 100
2026/08/04 13:22:25.640, 21096, 100
2026/08/04 13:22:26.640, 21096, 100
2026/08/04 13:22:27.640, 21096, 100
2026/08/04 13:22:28.640, 21096, 100
2026/08/04 13:22:29.641, 21096, 100
2026/08/04 13:22:30.641, 21096, 100
2026/08/04 13:22:31.641, 21096, 68
2026/08/04 13:22:32.642, 21096, 100
2026/08/04 13:22:33.642, 21096, 100
2026/08/04 13:22:34.642, 21096, 84
2026/08/04 13:22:35.643, 21096, 100
2026/08/04 13:22:36.643, 21096, 100
2026/08/04 13:22:37.643, 21096, 100
2026/08/04 13:22:38.644, 21096, 100
2026/08/04 13:22:39.644, 21096, 100
2026/08/04 13:22:40.644, 21096, 95
2026/08/04 13:22:41.645, 21096, 100
2026/08/04 13:22:42.645, 21096, 100
2026/08/04 13:22:43.665, 21096, 84
2026/08/04 13:22:44.695, 21096, 99
2026/08/04 13:22:45.720, 21096, 100
2026/08/04 13:22:46.742, 21096, 100
2026/08/04 13:22:47.762, 21096, 100
2026/08/04 13:22:48.780, 21096, 53
2026/08/04 13:22:49.795, 21096, 100
2026/08/04 13:22:50.809, 21096, 100
2026/08/04 13:22:51.820, 21096, 100
2026/08/04 13:22:52.831, 21096, 100
2026/08/04 13:22:53.840, 21096, 100
2026/08/04 13:22:54.848, 21096, 100
2026/08/04 13:22:55.856, 21096, 100
2026/08/04 13:22:56.863, 21096, 100
2026/08/04 13:22:57.869, 21096, 100
2026/08/04 13:22:58.874, 21096, 100
2026/08/04 13:22:59.879, 21096, 100
2026/08/04 13:23:00.883, 21096, 84
2026/08/04 13:23:01.888, 21096, 100
2026/08/04 13:23:02.891, 21096, 100
2026/08/04 13:23:03.895, 21096, 100
2026/08/04 13:23:04.897, 21096, 100
2026/08/04 13:23:05.900, 21096, 100
2026/08/04 13:23:06.903, 21096, 100
2026/08/04 13:23:07.905, 21096, 100
2026/08/04 13:23:08.907, 21096, 100
2026/08/04 13:23:09.909, 21096, 100
2026/08/04 13:23:10.911, 21096, 100
2026/08/04 13:23:11.913, 21096, 100
2026/08/04 13:23:12.914, 21096, 100
2026/08/04 13:23:13.917, 21096, 100
2026/08/04 13:23:14.918, 21096, 100
2026/08/04 13:23:15.919, 21096, 100
2026/08/04 13:23:16.919, 21096, 100
2026/08/04 13:23:17.920, 21096, 85
2026/08/04 13:23:18.920, 21096, 100
2026/08/04 13:23:19.920, 21096, 100
2026/08/04 13:23:20.920, 21096, 100
2026/08/04 13:23:21.920, 21096, 100
2026/08/04 13:23:22.921, 21096, 100
2026/08/04 13:23:23.921, 21096, 93
2026/08/04 13:23:24.921, 21096, 79
2026/08/04 13:23:25.922, 21096, 100
2026/08/04 13:23:26.922, 21096, 100
2026/08/04 13:23:27.922, 21096, 100
2026/08/04 13:23:28.922, 21096, 100
2026/08/04 13:23:29.923, 21096, 85
2026/08/04 13:23:30.923, 21096, 84
2026/08/04 13:23:31.923, 21096, 100
2026/08/04 13:23:32.924, 21096, 100
2026/08/04 13:23:33.924, 21096, 100
2026/08/04 13:23:34.924, 21096, 100
2026/08/04 13:23:35.925, 21096, 100
2026/08/04 13:23:36.925, 21096, 100
2026/08/04 13:23:37.925, 21096, 100
2026/08/04 13:23:38.926, 21096, 100
2026/08/04 13:23:39.926, 21096, 100
2026/08/04 13:23:40.927, 21096, 100
2026/08/04 13:23:41.927, 21096, 100
2026/08/04 13:23:42.927, 21096, 86
2026/08/04 13:23:43.928, 21096, 100
2026/08/04 13:23:44.928, 21096, 100
2026/08/04 13:23:45.928, 21096, 63
2026/08/04 13:23:46.929, 21096, 100
2026/08/04 13:23:47.929, 21096, 100
2026/08/04 13:23:48.929, 21096, 100
2026/08/04 13:23:49.930, 21096, 100
2026/08/04 13:23:50.930, 21096, 100
2026/08/04 13:23:51.930, 21096, 100
2026/08/04 13:23:52.931, 21096, 98
2026/08/04 13:23:53.931, 21096, 89
2026/08/04 13:23:54.931, 21096, 100
2026/08/04 13:23:55.932, 21096, 100
2026/08/04 13:23:56.932, 21096, 100
2026/08/04 13:23:57.932, 21096, 100
2026/08/04 13:23:58.933, 21096, 100
2026/08/04 13:23:59.933, 21096, 100
2026/08/04 13:24:00.933, 21096, 100
2026/08/04 13:24:01.933, 21096, 100
2026/08/04 13:24:02.934, 21096, 100
2026/08/04 13:24:03.934, 21096, 100
2026/08/04 13:24:04.935, 21096, 93
2026/08/04 13:24:05.935, 21096, 100
2026/08/04 13:24:06.935, 21096, 100
2026/08/04 13:24:07.935, 21096, 100
2026/08/04 13:24:08.936, 21096, 84
2026/08/04 13:24:09.936, 21096, 84
2026/08/04 13:24:10.936, 21096, 100
2026/08/04 13:24:11.937, 21096, 100
2026/08/04 13:24:12.937, 21096, 100
2026/08/04 13:24:13.937, 21096, 100
2026/08/04 13:24:14.938, 21096, 100
2026/08/04 13:24:15.938, 21096, 100
2026/08/04 13:24:16.938, 21096, 100
2026/08/04 13:24:17.939, 21096, 100
2026/08/04 13:24:18.939, 21096, 100
2026/08/04 13:24:19.939, 21096, 100
2026/08/04 13:24:20.940, 21096, 100
2026/08/04 13:24:21.940, 21096, 100
2026/08/04 13:24:22.940, 21096, 100
2026/08/04 13:24:23.941, 21096, 100
2026/08/04 13:24:24.941, 21096, 100
2026/08/04 13:24:25.941, 21096, 100
2026/08/04 13:24:26.942, 21096, 100
2026/08/04 13:24:27.942, 21096, 100
2026/08/04 13:24:28.942, 21096, 83
2026/08/04 13:24:29.942, 21096, 100
2026/08/04 13:24:30.943, 21096, 100
2026/08/04 13:24:31.943, 21096, 100
2026/08/04 13:24:32.943, 21096, 84
2026/08/04 13:24:33.944, 21096, 100
2026/08/04 13:24:34.944, 21096, 85
2026/08/04 13:24:35.944, 21096, 100
2026/08/04 13:24:36.945, 21096, 100
2026/08/04 13:24:37.945, 21096, 100
2026/08/04 13:24:38.945, 21096, 86
2026/08/04 13:24:39.946, 21096, 100
2026/08/04 13:24:40.946, 21096, 100
2026/08/04 13:24:41.946, 21096, 84
2026/08/04 13:24:42.946, 21096, 85
2026/08/04 13:24:43.947, 21096, 66
2026/08/04 13:24:44.947, 21096, 100
2026/08/04 13:24:45.947, 21096, 100
2026/08/04 13:24:46.948, 21096, 100
2026/08/04 13:24:47.948, 21096, 100
2026/08/04 13:24:48.948, 21096, 100
2026/08/04 13:24:49.949, 21096, 100
2026/08/04 13:24:50.949, 21096, 100
2026/08/04 13:24:51.949, 21096, 100
2026/08/04 13:24:52.950, 21096, 100
2026/08/04 13:24:53.951, 21096, 100
2026/08/04 13:24:54.954, 21096, 100
2026/08/04 13:24:55.955, 21096, 100
2026/08/04 13:24:56.956, 21096, 64
2026/08/04 13:24:57.958, 21096, 100
2026/08/04 13:24:58.959, 21096, 100
2026/08/04 13:24:59.961, 21096, 100
2026/08/04 13:25:00.962, 21096, 100
2026/08/04 13:25:01.964, 21096, 100
2026/08/04 13:25:02.965, 21096, 100
2026/08/04 13:25:03.966, 21096, 100
2026/08/04 13:25:04.968, 21096, 100
2026/08/04 13:25:05.969, 21096, 84
2026/08/04 13:25:06.971, 21096, 88
2026/08/04 13:25:07.972, 21096, 100
2026/08/04 13:25:08.973, 21096, 100
2026/08/04 13:25:09.975, 21096, 100
2026/08/04 13:25:10.976, 21096, 100
2026/08/04 13:25:11.978, 21096, 100
2026/08/04 13:25:12.979, 21096, 100
2026/08/04 13:25:13.981, 21096, 100
2026/08/04 13:25:14.982, 21096, 100
2026/08/04 13:25:15.984, 21096, 100
2026/08/04 13:25:16.985, 21096, 100
2026/08/04 13:25:17.987, 21096, 100
2026/08/04 13:25:18.988, 21096, 100
2026/08/04 13:25:19.989, 21096, 100
2026/08/04 13:25:20.991, 21096, 100
2026/08/04 13:25:21.992, 21096, 100
2026/08/04 13:25:22.994, 21096, 100
2026/08/04 13:25:23.995, 21096, 85
2026/08/04 13:25:24.997, 21096, 100
2026/08/04 13:25:25.998, 21096, 100
2026/08/04 13:25:26.999, 21096, 100
2026/08/04 13:25:28.001, 21096, 100
2026/08/04 13:25:29.002, 21096, 100
2026/08/04 13:25:30.004, 21096, 100
2026/08/04 13:25:31.005, 21096, 100
2026/08/04 13:25:32.006, 21096, 100
2026/08/04 13:25:33.008, 21096, 100
2026/08/04 13:25:34.009, 21096, 100
2026/08/04 13:25:35.010, 21096, 84
2026/08/04 13:25:36.010, 21096, 100
2026/08/04 13:25:37.010, 21096, 100
2026/08/04 13:25:38.011, 21096, 100
2026/08/04 13:25:39.011, 21096, 94
2026/08/04 13:25:40.011, 21096, 100
2026/08/04 13:25:41.012, 21096, 100
2026/08/04 13:25:42.012, 21096, 63
2026/08/04 13:25:43.012, 21096, 83
2026/08/04 13:25:44.013, 21096, 85
2026/08/04 13:25:45.013, 21096, 100
2026/08/04 13:25:46.013, 21096, 100
2026/08/04 13:25:47.013, 21096, 100
2026/08/04 13:25:48.014, 21096, 100
2026/08/04 13:25:49.014, 21096, 100
2026/08/04 13:25:50.014, 21096, 100
2026/08/04 13:25:51.015, 21096, 100
2026/08/04 13:25:52.015, 21096, 88
2026/08/04 13:25:53.015, 21096, 84
2026/08/04 13:25:54.016, 21096, 100
2026/08/04 13:25:55.016, 21096, 100
2026/08/04 13:25:56.016, 21096, 100
2026/08/04 13:25:57.017, 21096, 63
2026/08/04 13:25:58.017, 21096, 100
2026/08/04 13:25:59.017, 21096, 96
2026/08/04 13:26:00.018, 21096, 95
2026/08/04 13:26:01.018, 21096, 100
2026/08/04 13:26:02.018, 21096, 100
2026/08/04 13:26:03.019, 21096, 100
2026/08/04 13:26:04.019, 21096, 100
2026/08/04 13:26:05.019, 21096, 100
2026/08/04 13:26:06.020, 21096, 100
2026/08/04 13:26:07.020, 21096, 84
2026/08/04 13:26:08.020, 21096, 100
2026/08/04 13:26:09.021, 21096, 100
2026/08/04 13:26:10.021, 21096, 100
2026/08/04 13:26:11.021, 21096, 100
2026/08/04 13:26:12.021, 21096, 100
2026/08/04 13:26:13.022, 21096, 84
2026/08/04 13:26:14.022, 21096, 90
2026/08/04 13:26:15.022, 21096, 100
2026/08/04 13:26:16.023, 21096, 100
2026/08/04 13:26:17.023, 21096, 100
2026/08/04 13:26:18.023, 21096, 100
2026/08/04 13:26:19.023, 21096, 100
2026/08/04 13:26:20.024, 21096, 100
2026/08/04 13:26:21.024, 21096, 100
2026/08/04 13:26:22.024, 21096, 100
2026/08/04 13:26:23.025, 21096, 100
2026/08/04 13:26:24.025, 21096, 82
2026/08/04 13:26:25.025, 21096, 100
2026/08/04 13:26:26.026, 21096, 100
2026/08/04 13:26:27.026, 21096, 100
2026/08/04 13:26:28.026, 21096, 100
2026/08/04 13:26:29.027, 21096, 100
2026/08/04 13:26:30.027, 21096, 100
2026/08/04 13:26:31.027, 21096, 100
2026/08/04 13:26:32.027, 21096, 100
2026/08/04 13:26:33.028, 21096, 61
2026/08/04 13:26:34.028, 21096, 100
2026/08/04 13:26:35.028, 21096, 100
2026/08/04 13:26:36.028, 21096, 82
2026/08/04 13:26:37.028, 21096, 100
2026/08/04 13:26:38.029, 21096, 100
2026/08/04 13:26:39.029, 21096, 81
2026/08/04 13:26:40.030, 21096, 100
2026/08/04 13:26:41.030, 21096, 100
2026/08/04 13:26:42.030, 21096, 100
2026/08/04 13:26:43.030, 21096, 100
2026/08/04 13:26:44.031, 21096, 100
2026/08/04 13:26:45.031, 21096, 100
2026/08/04 13:26:46.031, 21096, 100
2026/08/04 13:26:47.031, 21096, 100
2026/08/04 13:26:48.031, 21096, 100
2026/08/04 13:26:49.032, 21096, 100
2026/08/04 13:26:50.032, 21096, 100
2026/08/04 13:26:51.032, 21096, 92
2026/08/04 13:26:52.032, 21096, 100
2026/08/04 13:26:53.033, 21096, 100
2026/08/04 13:26:54.033, 21096, 100
2026/08/04 13:26:55.033, 21096, 84
2026/08/04 13:26:56.033, 21096, 100
2026/08/04 13:26:57.034, 21096, 64
2026/08/04 13:26:58.034, 21096, 84
2026/08/04 13:26:59.034, 21096, 100
2026/08/04 13:27:00.034, 21096, 100
2026/08/04 13:27:01.035, 21096, 100
2026/08/04 13:27:02.035, 21096, 100
2026/08/04 13:27:03.035, 21096, 100
2026/08/04 13:27:04.037, 21096, 100
2026/08/04 13:27:05.037, 21096, 100
2026/08/04 13:27:06.037, 21096, 100
2026/08/04 13:27:07.038, 21096, 100
2026/08/04 13:27:08.038, 21096, 100
2026/08/04 13:27:09.038, 21096, 100
2026/08/04 13:27:10.039, 21096, 100
2026/08/04 13:27:11.039, 21096, 100
2026/08/04 13:27:12.040, 21096, 100
2026/08/04 13:27:13.040, 21096, 100
2026/08/04 13:27:14.040, 21096, 100
2026/08/04 13:27:15.041, 21096, 100
2026/08/04 13:27:16.041, 21096, 98
2026/08/04 13:27:17.042, 21096, 85
2026/08/04 13:27:18.042, 21096, 100
2026/08/04 13:27:19.042, 21096, 100
2026/08/04 13:27:20.043, 21096, 86
2026/08/04 13:27:21.043, 21096, 100
2026/08/04 13:27:22.043, 21096, 100
2026/08/04 13:27:23.044, 21096, 100
2026/08/04 13:27:24.044, 21096, 100
2026/08/04 13:27:25.044, 21096, 100
2026/08/04 13:27:26.045, 21096, 100
2026/08/04 13:27:27.045, 21096, 100
2026/08/04 13:27:28.045, 21096, 100
2026/08/04 13:27:29.045, 21096, 100
2026/08/04 13:27:30.046, 21096, 63
2026/08/04 13:27:31.046, 21096, 100
2026/08/04 13:27:32.046, 21096, 96
2026/08/04 13:27:33.047, 21096, 98
2026/08/04 13:27:34.047, 21096, 65
2026/08/04 13:27:35.047, 21096, 100
2026/08/04 13:27:36.048, 21096, 100
2026/08/04 13:27:37.048, 21096, 100
2026/08/04 13:27:38.048, 21096, 100
2026/08/04 13:27:39.049, 21096, 84
2026/08/04 13:27:40.049, 21096, 86
2026/08/04 13:27:41.049, 21096, 100
2026/08/04 13:27:42.050, 21096, 100
2026/08/04 13:27:43.050, 21096, 100
2026/08/04 13:27:44.050, 21096, 100
2026/08/04 13:27:45.050, 21096, 100
2026/08/04 13:27:46.051, 21096, 100
2026/08/04 13:27:47.051, 21096, 100
2026/08/04 13:27:48.051, 21096, 100
2026/08/04 13:27:49.052, 21096, 100
2026/08/04 13:27:50.052, 21096, 100
2026/08/04 13:27:51.052, 21096, 100
2026/08/04 13:27:52.053, 21096, 100
2026/08/04 13:27:53.053, 21096, 100
2026/08/04 13:27:54.053, 21096, 100
2026/08/04 13:27:55.054, 21096, 100
2026/08/04 13:27:56.054, 21096, 100
2026/08/04 13:27:57.054, 21096, 100
2026/08/04 13:27:58.055, 21096, 100
2026/08/04 13:27:59.055, 21096, 100
2026/08/04 13:28:00.055, 21096, 100
2026/08/04 13:28:01.057, 21096, 100
2026/08/04 13:28:02.058, 21096, 100
2026/08/04 13:28:03.058, 21096, 84
2026/08/04 13:28:04.058, 21096, 100
2026/08/04 13:28:05.058, 21096, 100
2026/08/04 13:28:06.059, 21096, 89
2026/08/04 13:28:07.059, 21096, 100
2026/08/04 13:28:08.059, 21096, 100
2026/08/04 13:28:09.060, 21096, 100
2026/08/04 13:28:10.060, 21096, 100
2026/08/04 13:28:11.064, 21096, 100
2026/08/04 13:28:12.064, 21096, 100
2026/08/04 13:28:13.064, 21096, 100
2026/08/04 13:28:14.064, 21096, 100
2026/08/04 13:28:15.065, 21096, 100
2026/08/04 13:28:16.065, 21096, 100
2026/08/04 13:28:17.066, 21096, 100
2026/08/04 13:28:18.066, 21096, 100
2026/08/04 13:28:19.066, 21096, 100
2026/08/04 13:28:20.067, 21096, 100
2026/08/04 13:28:21.068, 21096, 100
2026/08/04 13:28:22.069, 21096, 97
2026/08/04 13:28:23.069, 21096, 100
2026/08/04 13:28:24.069, 21096, 100
2026/08/04 13:28:25.069, 21096, 100
2026/08/04 13:28:26.070, 21096, 100
2026/08/04 13:28:27.070, 21096, 100
2026/08/04 13:28:28.070, 21096, 100
2026/08/04 13:28:29.070, 21096, 100
2026/08/04 13:28:30.071, 21096, 100
2026/08/04 13:28:31.071, 21096, 100
2026/08/04 13:28:32.072, 21096, 100
2026/08/04 13:28:33.072, 21096, 100
2026/08/04 13:28:34.072, 21096, 100
2026/08/04 13:28:35.073, 21096, 100
2026/08/04 13:28:36.073, 21096, 69
2026/08/04 13:28:37.073, 21096, 100
2026/08/04 13:28:38.074, 21096, 100
2026/08/04 13:28:39.074, 21096, 100
2026/08/04 13:28:40.074, 21096, 84
2026/08/04 13:28:41.075, 21096, 100
2026/08/04 13:28:42.075, 21096, 100
2026/08/04 13:28:43.075, 21096, 100
2026/08/04 13:28:44.076, 21096, 100
2026/08/04 13:28:45.076, 21096, 100
2026/08/04 13:28:46.076, 21096, 100
2026/08/04 13:28:47.077, 21096, 100
2026/08/04 13:28:48.077, 21096, 100
2026/08/04 13:28:49.077, 21096, 100
2026/08/04 13:28:50.078, 21096, 100
2026/08/04 13:28:51.078, 21096, 100
2026/08/04 13:28:52.078, 21096, 100
2026/08/04 13:28:53.079, 21096, 64
2026/08/04 13:28:54.079, 21096, 100
2026/08/04 13:28:55.079, 21096, 100
2026/08/04 13:28:56.080, 21096, 100
2026/08/04 13:28:57.081, 21096, 100
2026/08/04 13:28:58.081, 21096, 100
2026/08/04 13:28:59.081, 21096, 100
2026/08/04 13:29:00.082, 21096, 100
2026/08/04 13:29:01.083, 21096, 100
2026/08/04 13:29:02.084, 21096, 100
2026/08/04 13:29:03.084, 21096, 100
2026/08/04 13:29:04.084, 21096, 100
2026/08/04 13:29:05.085, 21096, 80
2026/08/04 13:29:06.085, 21096, 100
2026/08/04 13:29:07.085, 21096, 100
2026/08/04 13:29:08.086, 21096, 82
2026/08/04 13:29:09.086, 21096, 100
2026/08/04 13:29:10.086, 21096, 88
2026/08/04 13:29:11.087, 21096, 96
2026/08/04 13:29:12.087, 21096, 100
2026/08/04 13:29:13.087, 21096, 100
2026/08/04 13:29:14.088, 21096, 80
2026/08/04 13:29:15.088, 21096, 100
2026/08/04 13:29:16.088, 21096, 100
2026/08/04 13:29:17.089, 21096, 100
2026/08/04 13:29:18.089, 21096, 100
2026/08/04 13:29:19.089, 21096, 100
2026/08/04 13:29:20.090, 21096, 100
2026/08/04 13:29:21.095, 21096, 100
2026/08/04 13:29:22.095, 21096, 100
2026/08/04 13:29:23.096, 21096, 100
2026/08/04 13:29:24.096, 21096, 84
2026/08/04 13:29:25.096, 21096, 100
2026/08/04 13:29:26.098, 21096, 100
2026/08/04 13:29:27.098, 21096, 68
2026/08/04 13:29:28.098, 21096, 80
2026/08/04 13:29:29.099, 21096, 100
2026/08/04 13:29:30.099, 21096, 100
2026/08/04 13:29:31.099, 21096, 100
2026/08/04 13:29:32.100, 21096, 100
2026/08/04 13:29:33.100, 21096, 100
2026/08/04 13:29:34.100, 21096, 100
2026/08/04 13:29:35.101, 21096, 100
2026/08/04 13:29:36.101, 21096, 100
2026/08/04 13:29:37.101, 21096, 100
2026/08/04 13:29:38.102, 21096, 100
2026/08/04 13:29:39.102, 21096, 100
2026/08/04 13:29:40.102, 21096, 100
2026/08/04 13:29:41.103, 21096, 100
2026/08/04 13:29:42.103, 21096, 100
2026/08/04 13:29:43.103, 21096, 96
2026/08/04 13:29:44.104, 21096, 100
2026/08/04 13:29:45.104, 21096, 100
2026/08/04 13:29:46.106, 21096, 100
2026/08/04 13:29:47.106, 21096, 100
2026/08/04 13:29:48.106, 21096, 100
2026/08/04 13:29:49.106, 21096, 100
2026/08/04 13:29:50.107, 21096, 100
2026/08/04 13:29:51.107, 21096, 100
2026/08/04 13:29:52.107, 21096, 100
2026/08/04 13:29:53.108, 21096, 100
2026/08/04 13:29:54.108, 21096, 100
2026/08/04 13:29:55.108, 21096, 100
2026/08/04 13:29:56.109, 21096, 100
2026/08/04 13:29:57.109, 21096, 100
2026/08/04 13:29:58.109, 21096, 100
2026/08/04 13:29:59.109, 21096, 100
2026/08/04 13:30:00.110, 21096, 78
2026/08/04 13:30:01.110, 21096, 100
2026/08/04 13:30:02.110, 21096, 100
2026/08/04 13:30:03.110, 21096, 100
2026/08/04 13:30:04.110, 21096, 100
2026/08/04 13:30:05.111, 21096, 100
2026/08/04 13:30:06.111, 21096, 100
2026/08/04 13:30:07.111, 21096, 100
2026/08/04 13:30:08.111, 21096, 100
2026/08/04 13:30:09.112, 21096, 100
2026/08/04 13:30:10.112, 21096, 100
2026/08/04 13:30:11.112, 21096, 81
2026/08/04 13:30:12.113, 21096, 100
2026/08/04 13:30:13.113, 21096, 100
2026/08/04 13:30:14.113, 21096, 79
2026/08/04 13:30:15.114, 21096, 100
2026/08/04 13:30:16.114, 21096, 100
2026/08/04 13:30:17.114, 21096, 100
2026/08/04 13:30:18.114, 21096, 100
2026/08/04 13:30:19.114, 21096, 100
2026/08/04 13:30:20.115, 21096, 100
2026/08/04 13:30:21.115, 21096, 100
2026/08/04 13:30:22.115, 21096, 100
2026/08/04 13:30:23.115, 21096, 84
2026/08/04 13:30:24.116, 21096, 85
2026/08/04 13:30:25.116, 21096, 100
2026/08/04 13:30:26.116, 21096, 100
2026/08/04 13:30:27.116, 21096, 100
2026/08/04 13:30:28.117, 21096, 100
2026/08/04 13:30:29.117, 21096, 100
2026/08/04 13:30:30.117, 21096, 100
2026/08/04 13:30:31.118, 21096, 100
2026/08/04 13:30:32.118, 21096, 100
2026/08/04 13:30:33.118, 21096, 100
2026/08/04 13:30:34.118, 21096, 100
2026/08/04 13:30:35.119, 21096, 99
2026/08/04 13:30:36.119, 21096, 84
2026/08/04 13:30:37.119, 21096, 100
2026/08/04 13:30:38.120, 21096, 100
2026/08/04 13:30:39.120, 21096, 100
2026/08/04 13:30:40.120, 21096, 100
2026/08/04 13:30:41.121, 21096, 100
2026/08/04 13:30:42.121, 21096, 100
2026/08/04 13:30:43.121, 21096, 100
2026/08/04 13:30:44.122, 21096, 100
2026/08/04 13:30:45.122, 21096, 100
2026/08/04 13:30:46.122, 21096, 100
2026/08/04 13:30:47.122, 21096, 100
2026/08/04 13:30:48.123, 21096, 100
2026/08/04 13:30:49.123, 21096, 100
2026/08/04 13:30:50.123, 21096, 91
2026/08/04 13:30:51.124, 21096, 80
2026/08/04 13:30:52.124, 21096, 83
2026/08/04 13:30:53.124, 21096, 100
2026/08/04 13:30:54.124, 21096, 100
2026/08/04 13:30:55.125, 21096, 100
2026/08/04 13:30:56.125, 21096, 100
2026/08/04 13:30:57.125, 21096, 100
2026/08/04 13:30:58.126, 21096, 100
2026/08/04 13:30:59.126, 21096, 100
2026/08/04 13:31:00.126, 21096, 100
2026/08/04 13:31:01.126, 21096, 100
2026/08/04 13:31:02.127, 21096, 100
2026/08/04 13:31:03.127, 21096, 100
2026/08/04 13:31:04.127, 21096, 100
2026/08/04 13:31:05.128, 21096, 100
2026/08/04 13:31:06.128, 21096, 100
2026/08/04 13:31:07.128, 21096, 100
2026/08/04 13:31:08.129, 21096, 100
2026/08/04 13:31:09.129, 21096, 100
2026/08/04 13:31:10.129, 21096, 100
2026/08/04 13:31:11.130, 21096, 100
2026/08/04 13:31:12.130, 21096, 100
2026/08/04 13:31:13.130, 21096, 100
2026/08/04 13:31:14.130, 21096, 100
2026/08/04 13:31:15.131, 21096, 100
2026/08/04 13:31:16.131, 21096, 89
2026/08/04 13:31:17.131, 21096, 100
2026/08/04 13:31:18.132, 21096, 100
2026/08/04 13:31:19.133, 21096, 100
2026/08/04 13:31:20.135, 21096, 100
2026/08/04 13:31:21.136, 21096, 100
2026/08/04 13:31:22.138, 21096, 100
2026/08/04 13:31:23.139, 21096, 86
2026/08/04 13:31:24.141, 21096, 100
2026/08/04 13:31:25.142, 21096, 100
2026/08/04 13:31:26.144, 21096, 82
2026/08/04 13:31:27.145, 21096, 100
2026/08/04 13:31:28.147, 21096, 100
2026/08/04 13:31:29.148, 21096, 99
2026/08/04 13:31:30.149, 21096, 100
2026/08/04 13:31:31.151, 21096, 100
2026/08/04 13:31:32.152, 21096, 100
2026/08/04 13:31:33.154, 21096, 100
2026/08/04 13:31:34.155, 21096, 100
2026/08/04 13:31:35.157, 21096, 100
2026/08/04 13:31:36.158, 21096, 84
2026/08/04 13:31:37.160, 21096, 84
2026/08/04 13:31:38.161, 21096, 8
2026/08/04 13:31:39.163, 21096, 100
2026/08/04 13:31:40.164, 21096, 100
2026/08/04 13:31:41.165, 21096, 100
2026/08/04 13:31:42.167, 21096, 85
2026/08/04 13:31:43.169, 21096, 100
2026/08/04 13:31:44.170, 21096, 100
2026/08/04 13:31:45.171, 21096, 100
2026/08/04 13:31:46.173, 21096, 100
2026/08/04 13:31:47.174, 21096, 50
2026/08/04 13:31:48.176, 21096, 100
2026/08/04 13:31:49.177, 21096, 100
2026/08/04 13:31:50.179, 21096, 100
2026/08/04 13:31:51.180, 21096, 85
2026/08/04 13:31:52.182, 21096, 100
2026/08/04 13:31:53.183, 21096, 84
2026/08/04 13:31:54.185, 21096, 80
2026/08/04 13:31:55.186, 21096, 100
2026/08/04 13:31:56.188, 21096, 100
2026/08/04 13:31:57.189, 21096, 100
2026/08/04 13:31:58.191, 21096, 63
2026/08/04 13:31:59.192, 21096, 100
2026/08/04 13:32:00.193, 21096, 100
2026/08/04 13:32:01.195, 21096, 100
2026/08/04 13:32:02.196, 21096, 100
2026/08/04 13:32:03.198, 21096, 100
2026/08/04 13:32:04.199, 21096, 100
2026/08/04 13:32:05.201, 21096, 100
2026/08/04 13:32:06.202, 21096, 100
2026/08/04 13:32:07.204, 21096, 100
2026/08/04 13:32:08.205, 21096, 100
2026/08/04 13:32:09.206, 21096, 65
2026/08/04 13:32:10.208, 21096, 85
2026/08/04 13:32:11.209, 21096, 100
2026/08/04 13:32:12.211, 21096, 100
2026/08/04 13:32:13.212, 21096, 100
2026/08/04 13:32:14.214, 21096, 90
2026/08/04 13:32:15.215, 21096, 75
2026/08/04 13:32:16.217, 21096, 100
2026/08/04 13:32:17.218, 21096, 77
2026/08/04 13:32:18.220, 21096, 100
2026/08/04 13:32:19.221, 21096, 100
2026/08/04 13:32:20.223, 21096, 100
2026/08/04 13:32:21.224, 21096, 100
2026/08/04 13:32:22.226, 21096, 100
2026/08/04 13:32:23.227, 21096, 100
2026/08/04 13:32:24.228, 21096, 100
2026/08/04 13:32:25.230, 21096, 100
2026/08/04 13:32:26.231, 21096, 100
2026/08/04 13:32:27.233, 21096, 100
2026/08/04 13:32:28.234, 21096, 100
2026/08/04 13:32:29.236, 21096, 100
2026/08/04 13:32:30.237, 21096, 100
2026/08/04 13:32:31.239, 21096, 100
2026/08/04 13:32:32.239, 21096, 100
2026/08/04 13:32:33.241, 21096, 100
2026/08/04 13:32:34.242, 21096, 100
2026/08/04 13:32:35.243, 21096, 100
2026/08/04 13:32:36.245, 21096, 100
2026/08/04 13:32:37.246, 21096, 100
2026/08/04 13:32:38.248, 21096, 100
2026/08/04 13:32:39.249, 21096, 92
2026/08/04 13:32:40.251, 21096, 85
2026/08/04 13:32:41.252, 21096, 100
2026/08/04 13:32:42.253, 21096, 100
2026/08/04 13:32:43.255, 21096, 100
2026/08/04 13:32:44.256, 21096, 100
2026/08/04 13:32:45.258, 21096, 100
2026/08/04 13:32:46.259, 21096, 100
2026/08/04 13:32:47.260, 21096, 100
2026/08/04 13:32:48.261, 21096, 100
2026/08/04 13:32:49.263, 21096, 100
2026/08/04 13:32:50.264, 21096, 86
2026/08/04 13:32:51.265, 21096, 100
2026/08/04 13:32:52.266, 21096, 100
2026/08/04 13:32:53.267, 21096, 100
2026/08/04 13:32:54.269, 21096, 100
2026/08/04 13:32:55.270, 21096, 90
2026/08/04 13:32:56.271, 21096, 100
2026/08/04 13:32:57.273, 21096, 100
2026/08/04 13:32:58.274, 21096, 83
2026/08/04 13:32:59.276, 21096, 100
2026/08/04 13:33:00.277, 21096, 100
2026/08/04 13:33:01.278, 21096, 85
2026/08/04 13:33:02.280, 21096, 100
2026/08/04 13:33:03.281, 21096, 82
2026/08/04 13:33:04.281, 21096, 100
2026/08/04 13:33:05.282, 21096, 100
2026/08/04 13:33:06.282, 21096, 100
2026/08/04 13:33:07.282, 21096, 100
2026/08/04 13:33:08.283, 21096, 100
2026/08/04 13:33:09.283, 21096, 100
2026/08/04 13:33:10.283, 21096, 93
2026/08/04 13:33:11.284, 21096, 100
2026/08/04 13:33:12.284, 21096, 100
2026/08/04 13:33:13.285, 21096, 100
2026/08/04 13:33:14.285, 21096, 100
2026/08/04 13:33:15.285, 21096, 100
2026/08/04 13:33:16.286, 21096, 100
2026/08/04 13:33:17.286, 21096, 100
2026/08/04 13:33:18.286, 21096, 100
2026/08/04 13:33:19.287, 21096, 100
2026/08/04 13:33:20.287, 21096, 100
2026/08/04 13:33:21.288, 21096, 100
2026/08/04 13:33:22.288, 21096, 100
2026/08/04 13:33:23.288, 21096, 100
2026/08/04 13:33:24.289, 21096, 100
2026/08/04 13:33:25.289, 21096, 86
2026/08/04 13:33:26.289, 21096, 100
2026/08/04 13:33:27.290, 21096, 100
2026/08/04 13:33:28.290, 21096, 100
2026/08/04 13:33:29.290, 21096, 100
2026/08/04 13:33:30.291, 21096, 100
2026/08/04 13:33:31.291, 21096, 100
2026/08/04 13:33:32.291, 21096, 100
2026/08/04 13:33:33.292, 21096, 100
2026/08/04 13:33:34.292, 21096, 100
2026/08/04 13:33:35.292, 21096, 100
2026/08/04 13:33:36.293, 21096, 100
2026/08/04 13:33:37.293, 21096, 81
2026/08/04 13:33:38.293, 21096, 82
2026/08/04 13:33:39.294, 21096, 100
2026/08/04 13:33:40.294, 21096, 100
2026/08/04 13:33:41.294, 21096, 100
2026/08/04 13:33:42.295, 21096, 82
2026/08/04 13:33:43.295, 21096, 100
2026/08/04 13:33:44.295, 21096, 100
2026/08/04 13:33:45.296, 21096, 100
2026/08/04 13:33:46.296, 21096, 100
2026/08/04 13:33:47.296, 21096, 100
2026/08/04 13:33:48.297, 21096, 100
2026/08/04 13:33:49.297, 21096, 100
2026/08/04 13:33:50.297, 21096, 62
2026/08/04 13:33:51.298, 21096, 100
2026/08/04 13:33:52.298, 21096, 100
2026/08/04 13:33:53.298, 21096, 100
2026/08/04 13:33:54.299, 21096, 100
2026/08/04 13:33:55.299, 21096, 100
2026/08/04 13:33:56.299, 21096, 100
2026/08/04 13:33:57.300, 21096, 100
2026/08/04 13:33:58.300, 21096, 83
2026/08/04 13:33:59.300, 21096, 100
2026/08/04 13:34:00.301, 21096, 100
2026/08/04 13:34:01.301, 21096, 100
2026/08/04 13:34:02.301, 21096, 100
2026/08/04 13:34:03.302, 21096, 100
2026/08/04 13:34:04.302, 21096, 100
2026/08/04 13:34:05.302, 21096, 100
2026/08/04 13:34:06.303, 21096, 100
2026/08/04 13:34:07.303, 21096, 80
2026/08/04 13:34:08.303, 21096, 100
2026/08/04 13:34:09.304, 21096, 100
2026/08/04 13:34:10.304, 21096, 100
2026/08/04 13:34:11.304, 21096, 100
2026/08/04 13:34:12.305, 21096, 100
2026/08/04 13:34:13.305, 21096, 100
2026/08/04 13:34:14.305, 21096, 100
2026/08/04 13:34:15.306, 21096, 85
2026/08/04 13:34:16.306, 21096, 100
2026/08/04 13:34:17.306, 21096, 100
2026/08/04 13:34:18.307, 21096, 100
2026/08/04 13:34:19.307, 21096, 100
2026/08/04 13:34:20.307, 21096, 100
2026/08/04 13:34:21.308, 21096, 85
2026/08/04 13:34:22.308, 21096, 100
2026/08/04 13:34:23.308, 21096, 100
2026/08/04 13:34:24.309, 21096, 100
2026/08/04 13:34:25.309, 21096, 100
2026/08/04 13:34:26.309, 21096, 100
2026/08/04 13:34:27.310, 21096, 100
2026/08/04 13:34:28.310, 21096, 100
2026/08/04 13:34:29.310, 21096, 100
2026/08/04 13:34:30.310, 21096, 100
2026/08/04 13:34:31.311, 21096, 86
2026/08/04 13:34:32.311, 21096, 93
2026/08/04 13:34:33.311, 21096, 100
2026/08/04 13:34:34.312, 21096, 100
2026/08/04 13:34:35.312, 21096, 100
2026/08/04 13:34:36.313, 21096, 100
2026/08/04 13:34:37.313, 21096, 100
2026/08/04 13:34:38.313, 21096, 100
2026/08/04 13:34:39.314, 21096, 100
2026/08/04 13:34:40.314, 21096, 86
2026/08/04 13:34:41.314, 21096, 100
2026/08/04 13:34:42.315, 21096, 100
2026/08/04 13:34:43.315, 21096, 68
2026/08/04 13:34:44.316, 21096, 100
2026/08/04 13:34:45.316, 21096, 91
2026/08/04 13:34:46.316, 21096, 100
2026/08/04 13:34:47.317, 21096, 100
2026/08/04 13:34:48.317, 21096, 100
2026/08/04 13:34:49.317, 21096, 98
2026/08/04 13:34:50.318, 21096, 100
2026/08/04 13:34:51.318, 21096, 85
2026/08/04 13:34:52.318, 21096, 100
2026/08/04 13:34:53.319, 21096, 100
2026/08/04 13:34:54.319, 21096, 100
2026/08/04 13:34:55.319, 21096, 100
2026/08/04 13:34:56.320, 21096, 100
2026/08/04 13:34:57.320, 21096, 100
2026/08/04 13:34:58.321, 21096, 100
2026/08/04 13:34:59.321, 21096, 100
2026/08/04 13:35:00.321, 21096, 100
2026/08/04 13:35:01.322, 21096, 100
2026/08/04 13:35:02.322, 21096, 100
2026/08/04 13:35:03.322, 21096, 100
2026/08/04 13:35:04.323, 21096, 100
2026/08/04 13:35:05.323, 21096, 100
2026/08/04 13:35:06.323, 21096, 100
2026/08/04 13:35:07.324, 21096, 100
2026/08/04 13:35:08.324, 21096, 100
2026/08/04 13:35:09.324, 21096, 100
2026/08/04 13:35:10.325, 21096, 100
2026/08/04 13:35:11.325, 21096, 100
2026/08/04 13:35:12.325, 21096, 100
2026/08/04 13:35:13.326, 21096, 100
2026/08/04 13:35:14.326, 21096, 63
2026/08/04 13:35:15.326, 21096, 100
2026/08/04 13:35:16.327, 21096, 100
2026/08/04 13:35:17.327, 21096, 100
2026/08/04 13:35:18.328, 21096, 100
2026/08/04 13:35:19.328, 21096, 100
2026/08/04 13:35:20.328, 21096, 100
2026/08/04 13:35:21.329, 21096, 100
2026/08/04 13:35:22.329, 21096, 85
2026/08/04 13:35:23.329, 21096, 84
2026/08/04 13:35:24.330, 21096, 100
2026/08/04 13:35:25.330, 21096, 83
2026/08/04 13:35:26.330, 21096, 100
2026/08/04 13:35:27.331, 21096, 100
2026/08/04 13:35:28.331, 21096, 100
2026/08/04 13:35:29.331, 21096, 100
2026/08/04 13:35:30.332, 21096, 100
2026/08/04 13:35:31.332, 21096, 100
2026/08/04 13:35:32.333, 21096, 100
2026/08/04 13:35:33.333, 21096, 91
2026/08/04 13:35:34.333, 21096, 100
2026/08/04 13:35:35.334, 21096, 100
2026/08/04 13:35:36.334, 21096, 100
2026/08/04 13:35:37.334, 21096, 100
2026/08/04 13:35:38.335, 21096, 100
2026/08/04 13:35:39.335, 21096, 100
2026/08/04 13:35:40.335, 21096, 100
2026/08/04 13:35:41.336, 21096, 100
2026/08/04 13:35:42.336, 21096, 100
2026/08/04 13:35:43.337, 21096, 100
2026/08/04 13:35:44.337, 21096, 100
2026/08/04 13:35:45.337, 21096, 100
2026/08/04 13:35:46.338, 21096, 100
2026/08/04 13:35:47.338, 21096, 100
2026/08/04 13:35:48.338, 21096, 100
2026/08/04 13:35:49.339, 21096, 100
2026/08/04 13:35:50.339, 21096, 100
2026/08/04 13:35:51.339, 21096, 100
2026/08/04 13:35:52.340, 21096, 100
2026/08/04 13:35:53.340, 21096, 100
2026/08/04 13:35:54.340, 21096, 100
2026/08/04 13:35:55.341, 21096, 100
2026/08/04 13:35:56.341, 21096, 100
2026/08/04 13:35:57.342, 21096, 100
2026/08/04 13:35:58.342, 21096, 100
2026/08/04 13:35:59.342, 21096, 100
2026/08/04 13:36:00.343, 21096, 100
2026/08/04 13:36:01.343, 21096, 100
2026/08/04 13:36:02.343, 21096, 100
2026/08/04 13:36:03.344, 21096, 100
2026/08/04 13:36:04.344, 21096, 100
2026/08/04 13:36:05.345, 21096, 100
2026/08/04 13:36:06.345, 21096, 100
2026/08/04 13:36:07.345, 21096, 100
2026/08/04 13:36:08.346, 21096, 100
2026/08/04 13:36:09.346, 21096, 100
2026/08/04 13:36:10.346, 21096, 100
2026/08/04 13:36:11.347, 21096, 84
2026/08/04 13:36:12.347, 21096, 67
2026/08/04 13:36:13.347, 21096, 100
2026/08/04 13:36:14.348, 21096, 100
2026/08/04 13:36:15.348, 21096, 100
2026/08/04 13:36:16.349, 21096, 100
2026/08/04 13:36:17.349, 21096, 100
2026/08/04 13:36:18.349, 21096, 100
2026/08/04 13:36:19.350, 21096, 100
2026/08/04 13:36:20.350, 21096, 100
2026/08/04 13:36:21.350, 21096, 100
2026/08/04 13:36:22.351, 21096, 84
2026/08/04 13:36:23.351, 21096, 97
2026/08/04 13:36:24.352, 21096, 100
2026/08/04 13:36:25.352, 21096, 100
2026/08/04 13:36:26.352, 21096, 100
2026/08/04 13:36:27.353, 21096, 100
2026/08/04 13:36:28.353, 21096, 80
2026/08/04 13:36:29.353, 21096, 100
2026/08/04 13:36:30.354, 21096, 100
2026/08/04 13:36:31.354, 21096, 82
2026/08/04 13:36:32.354, 21096, 63
2026/08/04 13:36:33.355, 21096, 100
2026/08/04 13:36:34.355, 21096, 100
2026/08/04 13:36:35.355, 21096, 100
2026/08/04 13:36:36.355, 21096, 59
2026/08/04 13:36:37.356, 21096, 100
2026/08/04 13:36:38.356, 21096, 100
2026/08/04 13:36:39.356, 21096, 100
2026/08/04 13:36:40.357, 21096, 100
2026/08/04 13:36:41.357, 21096, 100
2026/08/04 13:36:42.357, 21096, 100
2026/08/04 13:36:43.358, 21096, 100
2026/08/04 13:36:44.358, 21096, 100
2026/08/04 13:36:45.359, 21096, 100
2026/08/04 13:36:46.359, 21096, 100
2026/08/04 13:36:47.359, 21096, 100
2026/08/04 13:36:48.360, 21096, 100
2026/08/04 13:36:49.360, 21096, 100
2026/08/04 13:36:50.360, 21096, 92
2026/08/04 13:36:51.360, 21096, 57
2026/08/04 13:36:52.360, 21096, 100
2026/08/04 13:36:53.361, 21096, 100
2026/08/04 13:36:54.361, 21096, 100
2026/08/04 13:36:55.361, 21096, 100
2026/08/04 13:36:56.362, 21096, 100
2026/08/04 13:36:57.362, 21096, 100
2026/08/04 13:36:58.362, 21096, 100
2026/08/04 13:36:59.363, 21096, 66
2026/08/04 13:37:00.363, 21096, 100
2026/08/04 13:37:01.363, 21096, 100
2026/08/04 13:37:02.364, 21096, 100
2026/08/04 13:37:03.364, 21096, 100
2026/08/04 13:37:04.364, 21096, 100
2026/08/04 13:37:05.364, 21096, 100
2026/08/04 13:37:06.365, 21096, 81
2026/08/04 13:37:07.365, 21096, 100
2026/08/04 13:37:08.365, 21096, 100
2026/08/04 13:37:09.366, 21096, 100
2026/08/04 13:37:10.366, 21096, 100
2026/08/04 13:37:11.366, 21096, 100
2026/08/04 13:37:12.366, 21096, 93
2026/08/04 13:37:13.367, 21096, 100
2026/08/04 13:37:14.367, 21096, 67
2026/08/04 13:37:15.367, 21096, 76
2026/08/04 13:37:16.368, 21096, 100
2026/08/04 13:37:17.368, 21096, 100
2026/08/04 13:37:18.368, 21096, 100
2026/08/04 13:37:19.368, 21096, 100
2026/08/04 13:37:20.369, 21096, 100
2026/08/04 13:37:21.369, 21096, 100
2026/08/04 13:37:22.369, 21096, 100
2026/08/04 13:37:23.370, 21096, 100
2026/08/04 13:37:24.370, 21096, 100
2026/08/04 13:37:25.370, 21096, 100
2026/08/04 13:37:26.370, 21096, 82
2026/08/04 13:37:27.371, 21096, 100
2026/08/04 13:37:28.371, 21096, 100
2026/08/04 13:37:29.371, 21096, 100
2026/08/04 13:37:30.371, 21096, 100
2026/08/04 13:37:31.372, 21096, 100
2026/08/04 13:37:32.372, 21096, 100
2026/08/04 13:37:33.372, 21096, 100
2026/08/04 13:37:34.373, 21096, 100
2026/08/04 13:37:35.373, 21096, 100
2026/08/04 13:37:36.373, 21096, 100
2026/08/04 13:37:37.373, 21096, 100
2026/08/04 13:37:38.374, 21096, 100
2026/08/04 13:37:39.374, 21096, 100
2026/08/04 13:37:40.374, 21096, 100
2026/08/04 13:37:41.375, 21096, 100
2026/08/04 13:37:42.375, 21096, 100
2026/08/04 13:37:43.375, 21096, 100
2026/08/04 13:37:44.375, 21096, 65
2026/08/04 13:37:45.376, 21096, 100
2026/08/04 13:37:46.376, 21096, 100
2026/08/04 13:37:47.376, 21096, 84
2026/08/04 13:37:48.376, 21096, 100
2026/08/04 13:37:49.377, 21096, 100
2026/08/04 13:37:50.377, 21096, 100
2026/08/04 13:37:51.377, 21096, 100
2026/08/04 13:37:52.377, 21096, 100
2026/08/04 13:37:53.378, 21096, 100
2026/08/04 13:37:54.378, 21096, 100
2026/08/04 13:37:55.378, 21096, 100
2026/08/04 13:37:56.379, 21096, 100
2026/08/04 13:37:57.379, 21096, 84
2026/08/04 13:37:58.379, 21096, 100
2026/08/04 13:37:59.380, 21096, 100
2026/08/04 13:38:00.380, 21096, 100
2026/08/04 13:38:01.380, 21096, 100
2026/08/04 13:38:02.380, 21096, 100
2026/08/04 13:38:03.381, 21096, 100
2026/08/04 13:38:04.381, 21096, 100
2026/08/04 13:38:05.381, 21096, 100
2026/08/04 13:38:06.382, 21096, 100
2026/08/04 13:38:07.382, 21096, 82
2026/08/04 13:38:08.382, 21096, 100
2026/08/04 13:38:09.383, 21096, 100
2026/08/04 13:38:10.383, 21096, 84
2026/08/04 13:38:11.383, 21096, 100
2026/08/04 13:38:12.384, 21096, 100
2026/08/04 13:38:13.384, 21096, 100
2026/08/04 13:38:14.385, 21096, 100
2026/08/04 13:38:15.385, 21096, 100
2026/08/04 13:38:16.385, 21096, 100
2026/08/04 13:38:17.386, 21096, 88
2026/08/04 13:38:18.386, 21096, 100
2026/08/04 13:38:19.386, 21096, 100
2026/08/04 13:38:20.386, 21096, 100
2026/08/04 13:38:21.387, 21096, 96
2026/08/04 13:38:22.387, 21096, 100
2026/08/04 13:38:23.387, 21096, 100
2026/08/04 13:38:24.387, 21096, 100
2026/08/04 13:38:25.387, 21096, 100
2026/08/04 13:38:26.388, 21096, 100
2026/08/04 13:38:27.388, 21096, 100
2026/08/04 13:38:28.388, 21096, 100
2026/08/04 13:38:29.389, 21096, 100
2026/08/04 13:38:30.389, 21096, 100
2026/08/04 13:38:31.389, 21096, 100
2026/08/04 13:38:32.389, 21096, 100
2026/08/04 13:38:33.389, 21096, 100
2026/08/04 13:38:34.390, 21096, 100
2026/08/04 13:38:35.390, 21096, 100
2026/08/04 13:38:36.390, 21096, 100
2026/08/04 13:38:37.390, 21096, 100
2026/08/04 13:38:38.391, 21096, 100
2026/08/04 13:38:39.391, 21096, 100
2026/08/04 13:38:40.391, 21096, 100
2026/08/04 13:38:41.392, 21096, 85
2026/08/04 13:38:42.392, 21096, 84
2026/08/04 13:38:43.392, 21096, 100
2026/08/04 13:38:44.393, 21096, 100
2026/08/04 13:38:45.393, 21096, 100
2026/08/04 13:38:46.393, 21096, 100
2026/08/04 13:38:47.394, 21096, 100
2026/08/04 13:38:48.394, 21096, 100
2026/08/04 13:38:49.394, 21096, 100
2026/08/04 13:38:50.395, 21096, 100
2026/08/04 13:38:51.395, 21096, 100
2026/08/04 13:38:52.395, 21096, 96
2026/08/04 13:38:53.395, 21096, 100
2026/08/04 13:38:54.396, 21096, 100
2026/08/04 13:38:55.396, 21096, 100
2026/08/04 13:38:56.396, 21096, 84
2026/08/04 13:38:57.397, 21096, 100
2026/08/04 13:38:58.397, 21096, 100
2026/08/04 13:38:59.397, 21096, 100
2026/08/04 13:39:00.398, 21096, 100
2026/08/04 13:39:01.398, 21096, 83
2026/08/04 13:39:02.398, 21096, 84
2026/08/04 13:39:03.398, 21096, 100
2026/08/04 13:39:04.399, 21096, 100
2026/08/04 13:39:05.399, 21096, 100
2026/08/04 13:39:06.399, 21096, 100
2026/08/04 13:39:07.400, 21096, 100
2026/08/04 13:39:08.400, 21096, 100
2026/08/04 13:39:09.400, 21096, 100
2026/08/04 13:39:10.400, 21096, 100
2026/08/04 13:39:11.401, 21096, 100
2026/08/04 13:39:12.401, 21096, 100
2026/08/04 13:39:13.401, 21096, 100
2026/08/04 13:39:14.402, 21096, 100
2026/08/04 13:39:15.402, 21096, 100
2026/08/04 13:39:16.402, 21096, 100
2026/08/04 13:39:17.403, 21096, 100
2026/08/04 13:39:18.403, 21096, 100
2026/08/04 13:39:19.403, 21096, 100
2026/08/04 13:39:20.403, 21096, 100
2026/08/04 13:39:21.404, 21096, 100
2026/08/04 13:39:22.404, 21096, 100
2026/08/04 13:39:23.404, 21096, 100
2026/08/04 13:39:24.405, 21096, 95
2026/08/04 13:39:25.405, 21096, 100
2026/08/04 13:39:26.405, 21096, 100
2026/08/04 13:39:27.405, 21096, 100
2026/08/04 13:39:28.406, 21096, 100
2026/08/04 13:39:29.406, 21096, 81
2026/08/04 13:39:30.406, 21096, 81
2026/08/04 13:39:31.407, 21096, 100
2026/08/04 13:39:32.407, 21096, 100
2026/08/04 13:39:33.407, 21096, 100
2026/08/04 13:39:34.407, 21096, 100
2026/08/04 13:39:35.408, 21096, 100
2026/08/04 13:39:36.408, 21096, 100
2026/08/04 13:39:37.408, 21096, 100
2026/08/04 13:39:38.409, 21096, 100
2026/08/04 13:39:39.409, 21096, 100
2026/08/04 13:39:40.409, 21096, 100
2026/08/04 13:39:41.409, 21096, 100
2026/08/04 13:39:42.410, 21096, 100
2026/08/04 13:39:43.410, 21096, 100
2026/08/04 13:39:44.410, 21096, 100
2026/08/04 13:39:45.411, 21096, 100
2026/08/04 13:39:46.411, 21096, 100
2026/08/04 13:39:47.411, 21096, 100
2026/08/04 13:39:48.411, 21096, 100
2026/08/04 13:39:49.412, 21096, 100
2026/08/04 13:39:50.412, 21096, 100
2026/08/04 13:39:51.412, 21096, 100
2026/08/04 13:39:52.413, 21096, 100
2026/08/04 13:39:53.413, 21096, 100
2026/08/04 13:39:54.413, 21096, 100
2026/08/04 13:39:55.414, 21096, 100
2026/08/04 13:39:56.414, 21096, 100
2026/08/04 13:39:57.414, 21096, 100
2026/08/04 13:39:58.414, 21096, 100
2026/08/04 13:39:59.415, 21096, 100
2026/08/04 13:40:00.415, 21096, 100
2026/08/04 13:40:01.415, 21096, 100
2026/08/04 13:40:02.415, 21096, 100
2026/08/04 13:40:03.416, 21096, 100
2026/08/04 13:40:04.416, 21096, 100
2026/08/04 13:40:05.416, 21096, 100
2026/08/04 13:40:06.417, 21096, 100
2026/08/04 13:40:07.417, 21096, 84
2026/08/04 13:40:08.417, 21096, 86
2026/08/04 13:40:09.417, 21096, 100
2026/08/04 13:40:10.418, 21096, 100
2026/08/04 13:40:11.418, 21096, 100
2026/08/04 13:40:12.418, 21096, 84
2026/08/04 13:40:13.419, 21096, 100
2026/08/04 13:40:14.419, 21096, 100
2026/08/04 13:40:15.419, 21096, 100
2026/08/04 13:40:16.419, 21096, 100
2026/08/04 13:40:17.420, 21096, 100
2026/08/04 13:40:18.420, 21096, 100
2026/08/04 13:40:19.420, 21096, 100
2026/08/04 13:40:20.421, 21096, 100
2026/08/04 13:40:21.421, 21096, 64
2026/08/04 13:40:22.421, 21096, 93
2026/08/04 13:40:23.422, 21096, 100
2026/08/04 13:40:24.422, 21096, 91
2026/08/04 13:40:25.422, 21096, 75
2026/08/04 13:40:26.422, 21096, 100
2026/08/04 13:40:27.423, 21096, 100
2026/08/04 13:40:28.423, 21096, 100
2026/08/04 13:40:29.423, 21096, 100
2026/08/04 13:40:30.423, 21096, 85
2026/08/04 13:40:31.424, 21096, 100
2026/08/04 13:40:32.424, 21096, 85
2026/08/04 13:40:33.424, 21096, 67
2026/08/04 13:40:34.425, 21096, 100
2026/08/04 13:40:35.425, 21096, 100
2026/08/04 13:40:36.425, 21096, 100
2026/08/04 13:40:37.426, 21096, 100
2026/08/04 13:40:38.426, 21096, 100
2026/08/04 13:40:39.426, 21096, 100
2026/08/04 13:40:40.427, 21096, 100
2026/08/04 13:40:41.427, 21096, 100
2026/08/04 13:40:42.428, 21096, 100
2026/08/04 13:40:43.428, 21096, 100
2026/08/04 13:40:44.428, 21096, 100
2026/08/04 13:40:45.428, 21096, 100
2026/08/04 13:40:46.429, 21096, 100
2026/08/04 13:40:47.429, 21096, 100
2026/08/04 13:40:48.429, 21096, 100
2026/08/04 13:40:49.430, 21096, 100
2026/08/04 13:40:50.430, 21096, 100
2026/08/04 13:40:51.430, 21096, 100
2026/08/04 13:40:52.431, 21096, 82
2026/08/04 13:40:53.431, 21096, 100
2026/08/04 13:40:54.431, 21096, 83
2026/08/04 13:40:55.431, 21096, 100
2026/08/04 13:40:56.432, 21096, 100
2026/08/04 13:40:57.432, 21096, 76
2026/08/04 13:40:58.433, 21096, 100
2026/08/04 13:40:59.433, 21096, 100
2026/08/04 13:41:00.433, 21096, 100
2026/08/04 13:41:01.434, 21096, 100
2026/08/04 13:41:02.434, 21096, 85
2026/08/04 13:41:03.434, 21096, 66
2026/08/04 13:41:04.435, 21096, 100
2026/08/04 13:41:05.435, 21096, 100
2026/08/04 13:41:06.435, 21096, 100
2026/08/04 13:41:07.435, 21096, 100
2026/08/04 13:41:08.436, 21096, 84
2026/08/04 13:41:09.436, 21096, 100
2026/08/04 13:41:10.436, 21096, 86
2026/08/04 13:41:11.436, 21096, 100
2026/08/04 13:41:12.437, 21096, 100
2026/08/04 13:41:13.437, 21096, 100
2026/08/04 13:41:14.437, 21096, 100
2026/08/04 13:41:15.438, 21096, 100
2026/08/04 13:41:16.438, 21096, 100
2026/08/04 13:41:17.438, 21096, 100
2026/08/04 13:41:18.439, 21096, 100
2026/08/04 13:41:19.439, 21096, 100
2026/08/04 13:41:20.439, 21096, 100
2026/08/04 13:41:21.440, 21096, 100
2026/08/04 13:41:22.440, 21096, 100
2026/08/04 13:41:23.440, 21096, 100
2026/08/04 13:41:24.441, 21096, 100
2026/08/04 13:41:25.441, 21096, 100
2026/08/04 13:41:26.441, 21096, 100
2026/08/04 13:41:27.442, 21096, 84
2026/08/04 13:41:28.442, 21096, 97
2026/08/04 13:41:29.442, 21096, 100
2026/08/04 13:41:30.443, 21096, 100
2026/08/04 13:41:31.443, 21096, 100
2026/08/04 13:41:32.443, 21096, 100
2026/08/04 13:41:33.444, 21096, 100
2026/08/04 13:41:34.444, 21096, 100
2026/08/04 13:41:35.444, 21096, 100
2026/08/04 13:41:36.445, 21096, 100
2026/08/04 13:41:37.445, 21096, 100
2026/08/04 13:41:38.445, 21096, 100
2026/08/04 13:41:39.446, 21096, 100
2026/08/04 13:41:40.446, 21096, 94
2026/08/04 13:41:41.446, 21096, 100
2026/08/04 13:41:42.447, 21096, 100
2026/08/04 13:41:43.447, 21096, 100
2026/08/04 13:41:44.447, 21096, 100
2026/08/04 13:41:45.447, 21096, 100
2026/08/04 13:41:46.448, 21096, 100
2026/08/04 13:41:47.448, 21096, 84
2026/08/04 13:41:48.448, 21096, 100
2026/08/04 13:41:49.448, 21096, 100
2026/08/04 13:41:50.449, 21096, 100
2026/08/04 13:41:51.449, 21096, 100
2026/08/04 13:41:52.449, 21096, 100
2026/08/04 13:41:53.449, 21096, 100
2026/08/04 13:41:54.449, 21096, 100
2026/08/04 13:41:55.450, 21096, 100
2026/08/04 13:41:56.450, 21096, 100
2026/08/04 13:41:57.450, 21096, 100
2026/08/04 13:41:58.450, 21096, 83
2026/08/04 13:41:59.450, 21096, 100
2026/08/04 13:42:00.450, 21096, 100
2026/08/04 13:42:01.451, 21096, 100
2026/08/04 13:42:02.451, 21096, 100
2026/08/04 13:42:03.451, 21096, 100
2026/08/04 13:42:04.451, 21096, 100
2026/08/04 13:42:05.452, 21096, 100
2026/08/04 13:42:06.452, 21096, 100
2026/08/04 13:42:07.452, 21096, 100
2026/08/04 13:42:08.452, 21096, 85
2026/08/04 13:42:09.453, 21096, 100
2026/08/04 13:42:10.453, 21096, 100
2026/08/04 13:42:11.453, 21096, 100
2026/08/04 13:42:12.453, 21096, 100
2026/08/04 13:42:13.454, 21096, 100
2026/08/04 13:42:14.454, 21096, 100
2026/08/04 13:42:15.454, 21096, 100
2026/08/04 13:42:16.454, 21096, 85
2026/08/04 13:42:17.455, 21096, 100
2026/08/04 13:42:18.455, 21096, 100
2026/08/04 13:42:19.455, 21096, 100
2026/08/04 13:42:20.455, 21096, 100
2026/08/04 13:42:21.456, 21096, 76
2026/08/04 13:42:22.456, 21096, 100
2026/08/04 13:42:23.456, 21096, 100
2026/08/04 13:42:24.456, 21096, 100
2026/08/04 13:42:25.457, 21096, 100
2026/08/04 13:42:26.457, 21096, 83
2026/08/04 13:42:27.457, 21096, 100
2026/08/04 13:42:28.457, 21096, 100
2026/08/04 13:42:29.458, 21096, 100
2026/08/04 13:42:30.458, 21096, 100
2026/08/04 13:42:31.458, 21096, 99
2026/08/04 13:42:32.458, 21096, 100
2026/08/04 13:42:33.459, 21096, 100
2026/08/04 13:42:34.459, 21096, 85
2026/08/04 13:42:35.459, 21096, 100
2026/08/04 13:42:36.460, 21096, 100
2026/08/04 13:42:37.460, 21096, 100
2026/08/04 13:42:38.460, 21096, 100
2026/08/04 13:42:39.461, 21096, 100
2026/08/04 13:42:40.461, 21096, 100
2026/08/04 13:42:41.461, 21096, 100
2026/08/04 13:42:42.462, 21096, 100
2026/08/04 13:42:43.462, 21096, 100
2026/08/04 13:42:44.462, 21096, 100
2026/08/04 13:42:45.463, 21096, 100
2026/08/04 13:42:46.463, 21096, 100
2026/08/04 13:42:47.463, 21096, 100
2026/08/04 13:42:48.463, 21096, 100
2026/08/04 13:42:49.463, 21096, 100
2026/08/04 13:42:50.464, 21096, 100
2026/08/04 13:42:51.464, 21096, 100
2026/08/04 13:42:52.464, 21096, 100
2026/08/04 13:42:53.465, 21096, 100
2026/08/04 13:42:54.465, 21096, 86
2026/08/04 13:42:55.465, 21096, 100
2026/08/04 13:42:56.465, 21096, 100
2026/08/04 13:42:57.466, 21096, 100
2026/08/04 13:42:58.466, 21096, 100
2026/08/04 13:42:59.466, 21096, 100
2026/08/04 13:43:00.466, 21096, 100
2026/08/04 13:43:01.467, 21096, 100
2026/08/04 13:43:02.467, 21096, 97
2026/08/04 13:43:03.467, 21096, 100
2026/08/04 13:43:04.467, 21096, 100
2026/08/04 13:43:05.468, 21096, 100
2026/08/04 13:43:06.468, 21096, 100
2026/08/04 13:43:07.468, 21096, 100
2026/08/04 13:43:08.469, 21096, 100
2026/08/04 13:43:09.469, 21096, 100
2026/08/04 13:43:10.469, 21096, 100
2026/08/04 13:43:11.469, 21096, 100
2026/08/04 13:43:12.470, 21096, 100
2026/08/04 13:43:13.470, 21096, 100
2026/08/04 13:43:14.470, 21096, 100
2026/08/04 13:43:15.470, 21096, 100
2026/08/04 13:43:16.471, 21096, 66
2026/08/04 13:43:17.471, 21096, 85
2026/08/04 13:43:18.471, 21096, 100
2026/08/04 13:43:19.472, 21096, 100
2026/08/04 13:43:20.472, 21096, 100
2026/08/04 13:43:21.472, 21096, 92
2026/08/04 13:43:22.472, 21096, 94
2026/08/04 13:43:23.473, 21096, 100
2026/08/04 13:43:24.473, 21096, 99
2026/08/04 13:43:25.473, 21096, 100
2026/08/04 13:43:26.474, 21096, 100
2026/08/04 13:43:27.474, 21096, 84
2026/08/04 13:43:28.474, 21096, 100
2026/08/04 13:43:29.474, 21096, 100
2026/08/04 13:43:30.475, 21096, 100
2026/08/04 13:43:31.475, 21096, 92
2026/08/04 13:43:32.475, 21096, 85
2026/08/04 13:43:33.476, 21096, 100
2026/08/04 13:43:34.476, 21096, 100
2026/08/04 13:43:35.476, 21096, 100
2026/08/04 13:43:36.477, 21096, 100
2026/08/04 13:43:37.477, 21096, 100
2026/08/04 13:43:38.477, 21096, 100
2026/08/04 13:43:39.477, 21096, 100
2026/08/04 13:43:40.478, 21096, 100
2026/08/04 13:43:41.478, 21096, 82
2026/08/04 13:43:42.478, 21096, 100
2026/08/04 13:43:43.478, 21096, 100
2026/08/04 13:43:44.479, 21096, 100
2026/08/04 13:43:45.479, 21096, 100
2026/08/04 13:43:46.479, 21096, 100
2026/08/04 13:43:47.479, 21096, 92
2026/08/04 13:43:48.480, 21096, 100
2026/08/04 13:43:49.480, 21096, 100
2026/08/04 13:43:50.480, 21096, 100
2026/08/04 13:43:51.480, 21096, 100
2026/08/04 13:43:52.481, 21096, 100
2026/08/04 13:43:53.481, 21096, 100
2026/08/04 13:43:54.481, 21096, 100
2026/08/04 13:43:55.481, 21096, 100
2026/08/04 13:43:56.481, 21096, 66
2026/08/04 13:43:57.482, 21096, 100
2026/08/04 13:43:58.482, 21096, 100
2026/08/04 13:43:59.482, 21096, 100
2026/08/04 13:44:00.482, 21096, 100
2026/08/04 13:44:01.483, 21096, 100
2026/08/04 13:44:02.483, 21096, 100
2026/08/04 13:44:03.484, 21096, 100
2026/08/04 13:44:04.484, 21096, 100
2026/08/04 13:44:05.484, 21096, 82
2026/08/04 13:44:06.485, 21096, 100
2026/08/04 13:44:07.487, 21096, 100
2026/08/04 13:44:08.491, 21096, 81
2026/08/04 13:44:09.494, 21096, 62
2026/08/04 13:44:10.497, 21096, 100
2026/08/04 13:44:11.501, 21096, 100
2026/08/04 13:44:12.504, 21096, 94
2026/08/04 13:44:13.507, 21096, 100
2026/08/04 13:44:14.511, 21096, 100
2026/08/04 13:44:15.514, 21096, 100
2026/08/04 13:44:16.518, 21096, 100
2026/08/04 13:44:17.521, 21096, 100
2026/08/04 13:44:18.524, 21096, 100
2026/08/04 13:44:19.528, 21096, 91
2026/08/04 13:44:20.531, 21096, 100
2026/08/04 13:44:21.535, 21096, 82
2026/08/04 13:44:22.537, 21096, 100
2026/08/04 13:44:23.541, 21096, 100
2026/08/04 13:44:24.544, 21096, 100
2026/08/04 13:44:25.546, 21096, 84
2026/08/04 13:44:26.549, 21096, 100
2026/08/04 13:44:27.552, 21096, 100
2026/08/04 13:44:28.555, 21096, 100
2026/08/04 13:44:29.558, 21096, 100
2026/08/04 13:44:30.560, 21096, 100
2026/08/04 13:44:31.563, 21096, 100
2026/08/04 13:44:32.565, 21096, 100
2026/08/04 13:44:33.568, 21096, 100
2026/08/04 13:44:34.570, 21096, 100
2026/08/04 13:44:35.573, 21096, 100
2026/08/04 13:44:36.575, 21096, 100
2026/08/04 13:44:37.577, 21096, 100
2026/08/04 13:44:38.579, 21096, 84
2026/08/04 13:44:39.582, 21096, 64
2026/08/04 13:44:40.584, 21096, 100
2026/08/04 13:44:41.587, 21096, 100
2026/08/04 13:44:42.589, 21096, 100
2026/08/04 13:44:43.591, 21096, 100
2026/08/04 13:44:44.594, 21096, 100
2026/08/04 13:44:45.596, 21096, 86
2026/08/04 13:44:46.599, 21096, 100
2026/08/04 13:44:47.601, 21096, 100
2026/08/04 13:44:48.604, 21096, 100
2026/08/04 13:44:49.607, 21096, 84
2026/08/04 13:44:50.609, 21096, 100
2026/08/04 13:44:51.611, 21096, 100
2026/08/04 13:44:52.614, 21096, 100
2026/08/04 13:44:53.617, 21096, 100
2026/08/04 13:44:54.619, 21096, 100
2026/08/04 13:44:55.621, 21096, 100
2026/08/04 13:44:56.624, 21096, 100
2026/08/04 13:44:57.626, 21096, 100
2026/08/04 13:44:58.627, 21096, 100
2026/08/04 13:44:59.629, 21096, 100
2026/08/04 13:45:00.632, 21096, 100
2026/08/04 13:45:01.634, 21096, 100
2026/08/04 13:45:02.636, 21096, 100
2026/08/04 13:45:03.638, 21096, 100
2026/08/04 13:45:04.639, 21096, 63
2026/08/04 13:45:05.642, 21096, 96
2026/08/04 13:45:06.644, 21096, 100
2026/08/04 13:45:07.647, 21096, 100
2026/08/04 13:45:08.649, 21096, 100
2026/08/04 13:45:09.651, 21096, 100
2026/08/04 13:45:10.653, 21096, 100
2026/08/04 13:45:11.654, 21096, 100
2026/08/04 13:45:12.657, 21096, 100
2026/08/04 13:45:13.658, 21096, 100
2026/08/04 13:45:14.660, 21096, 100
2026/08/04 13:45:15.661, 21096, 100
2026/08/04 13:45:16.662, 21096, 98
2026/08/04 13:45:17.664, 21096, 100
2026/08/04 13:45:18.665, 21096, 100
2026/08/04 13:45:19.666, 21096, 100
2026/08/04 13:45:20.668, 21096, 100
2026/08/04 13:45:21.669, 21096, 100
2026/08/04 13:45:22.671, 21096, 100
2026/08/04 13:45:23.672, 21096, 100
2026/08/04 13:45:24.674, 21096, 54
2026/08/04 13:45:25.675, 21096, 100
2026/08/04 13:45:26.677, 21096, 100
2026/08/04 13:45:27.679, 21096, 100
2026/08/04 13:45:28.680, 21096, 100
2026/08/04 13:45:29.681, 21096, 100
2026/08/04 13:45:30.683, 21096, 100
2026/08/04 13:45:31.684, 21096, 100
2026/08/04 13:45:32.686, 21096, 86
2026/08/04 13:45:33.687, 21096, 100
2026/08/04 13:45:34.688, 21096, 100
2026/08/04 13:45:35.690, 21096, 100
2026/08/04 13:45:36.692, 21096, 100
2026/08/04 13:45:37.693, 21096, 100
2026/08/04 13:45:38.695, 21096, 100
2026/08/04 13:45:39.696, 21096, 100
2026/08/04 13:45:40.698, 21096, 100
2026/08/04 13:45:41.699, 21096, 83
2026/08/04 13:45:42.700, 21096, 100
2026/08/04 13:45:43.702, 21096, 100
2026/08/04 13:45:44.703, 21096, 100
2026/08/04 13:45:45.705, 21096, 100
2026/08/04 13:45:46.706, 21096, 100
2026/08/04 13:45:47.707, 21096, 100
2026/08/04 13:45:48.709, 21096, 100
2026/08/04 13:45:49.710, 21096, 100
2026/08/04 13:45:50.712, 21096, 100
2026/08/04 13:45:51.713, 21096, 82
2026/08/04 13:45:52.715, 21096, 100
2026/08/04 13:45:53.716, 21096, 100
2026/08/04 13:45:54.718, 21096, 100
2026/08/04 13:45:55.719, 21096, 100
2026/08/04 13:45:56.721, 21096, 100
2026/08/04 13:45:57.723, 21096, 67
2026/08/04 13:45:58.724, 21096, 100
2026/08/04 13:45:59.725, 21096, 100
2026/08/04 13:46:00.727, 21096, 100
2026/08/04 13:46:01.728, 21096, 100
2026/08/04 13:46:02.730, 21096, 100
2026/08/04 13:46:03.731, 21096, 100
2026/08/04 13:46:04.732, 21096, 100
2026/08/04 13:46:05.734, 21096, 100
2026/08/04 13:46:06.735, 21096, 100
2026/08/04 13:46:07.737, 21096, 100
2026/08/04 13:46:08.738, 21096, 100
2026/08/04 13:46:09.739, 21096, 100
2026/08/04 13:46:10.741, 21096, 100
2026/08/04 13:46:11.742, 21096, 100
2026/08/04 13:46:12.744, 21096, 100
2026/08/04 13:46:13.745, 21096, 100
2026/08/04 13:46:14.747, 21096, 100
2026/08/04 13:46:15.748, 21096, 100
2026/08/04 13:46:16.749, 21096, 81
2026/08/04 13:46:17.751, 21096, 82
2026/08/04 13:46:18.752, 21096, 100
2026/08/04 13:46:19.754, 21096, 100
2026/08/04 13:46:20.755, 21096, 100
2026/08/04 13:46:21.756, 21096, 100
2026/08/04 13:46:22.758, 21096, 100
2026/08/04 13:46:23.759, 21096, 100
2026/08/04 13:46:24.761, 21096, 84
2026/08/04 13:46:25.762, 21096, 100
2026/08/04 13:46:26.763, 21096, 100
2026/08/04 13:46:27.765, 21096, 100
2026/08/04 13:46:28.766, 21096, 100
2026/08/04 13:46:29.767, 21096, 100
2026/08/04 13:46:30.768, 21096, 100
2026/08/04 13:46:31.770, 21096, 100
2026/08/04 13:46:32.771, 21096, 100
2026/08/04 13:46:33.773, 21096, 100
2026/08/04 13:46:34.774, 21096, 100
2026/08/04 13:46:35.776, 21096, 100
2026/08/04 13:46:36.777, 21096, 72
2026/08/04 13:46:37.778, 21096, 100
2026/08/04 13:46:38.780, 21096, 100
2026/08/04 13:46:39.781, 21096, 100
2026/08/04 13:46:40.783, 21096, 100
2026/08/04 13:46:41.784, 21096, 100
2026/08/04 13:46:42.786, 21096, 100
2026/08/04 13:46:43.788, 21096, 100
2026/08/04 13:46:44.789, 21096, 100
2026/08/04 13:46:45.791, 21096, 100
2026/08/04 13:46:46.792, 21096, 100
2026/08/04 13:46:47.794, 21096, 100
2026/08/04 13:46:48.795, 21096, 100
2026/08/04 13:46:49.796, 21096, 100
2026/08/04 13:46:50.797, 21096, 100
2026/08/04 13:46:51.798, 21096, 100
2026/08/04 13:46:52.799, 21096, 100
2026/08/04 13:46:53.800, 21096, 100
2026/08/04 13:46:54.802, 21096, 100
2026/08/04 13:46:55.803, 21096, 100
2026/08/04 13:46:56.805, 21096, 100
2026/08/04 13:46:57.806, 21096, 100
2026/08/04 13:46:58.807, 21096, 100
2026/08/04 13:46:59.809, 21096, 100
2026/08/04 13:47:00.811, 21096, 100
2026/08/04 13:47:01.811, 21096, 100
2026/08/04 13:47:02.813, 21096, 100
2026/08/04 13:47:03.814, 21096, 100
2026/08/04 13:47:04.815, 21096, 100
2026/08/04 13:47:05.817, 21096, 84
2026/08/04 13:47:06.818, 21096, 100
2026/08/04 13:47:07.819, 21096, 84
2026/08/04 13:47:08.820, 21096, 80
2026/08/04 13:47:09.822, 21096, 100
2026/08/04 13:47:10.823, 21096, 100
2026/08/04 13:47:11.825, 21096, 88
2026/08/04 13:47:12.826, 21096, 82
2026/08/04 13:47:13.827, 21096, 100
2026/08/04 13:47:14.829, 21096, 100
2026/08/04 13:47:15.830, 21096, 100
2026/08/04 13:47:16.831, 21096, 100
2026/08/04 13:47:17.833, 21096, 100
2026/08/04 13:47:18.834, 21096, 100
2026/08/04 13:47:19.836, 21096, 100
2026/08/04 13:47:20.837, 21096, 100
2026/08/04 13:47:21.838, 21096, 100
2026/08/04 13:47:22.840, 21096, 100
2026/08/04 13:47:23.841, 21096, 80
2026/08/04 13:47:24.843, 21096, 100
2026/08/04 13:47:25.844, 21096, 100
2026/08/04 13:47:26.845, 21096, 100
2026/08/04 13:47:27.847, 21096, 100
2026/08/04 13:47:28.848, 21096, 100
2026/08/04 13:47:29.850, 21096, 100
2026/08/04 13:47:30.851, 21096, 100
2026/08/04 13:47:31.852, 21096, 100
2026/08/04 13:47:32.854, 21096, 100
2026/08/04 13:47:33.854, 21096, 100
2026/08/04 13:47:34.856, 21096, 100
2026/08/04 13:47:35.857, 21096, 100
2026/08/04 13:47:36.857, 21096, 100
2026/08/04 13:47:37.858, 21096, 100
2026/08/04 13:47:38.859, 21096, 100
2026/08/04 13:47:39.861, 21096, 100
2026/08/04 13:47:40.862, 21096, 100
2026/08/04 13:47:41.864, 21096, 100
2026/08/04 13:47:42.865, 21096, 100
2026/08/04 13:47:43.866, 21096, 83
2026/08/04 13:47:44.868, 21096, 61
2026/08/04 13:47:45.868, 21096, 100
2026/08/04 13:47:46.870, 21096, 100
2026/08/04 13:47:47.871, 21096, 100
2026/08/04 13:47:48.872, 21096, 100
2026/08/04 13:47:49.872, 21096, 100
2026/08/04 13:47:50.874, 21096, 100
2026/08/04 13:47:51.875, 21096, 60
2026/08/04 13:47:52.877, 21096, 83
2026/08/04 13:47:53.877, 21096, 100
2026/08/04 13:47:54.878, 21096, 100
2026/08/04 13:47:55.880, 21096, 100
2026/08/04 13:47:56.881, 21096, 100
2026/08/04 13:47:57.882, 21096, 84
2026/08/04 13:47:58.884, 21096, 100
2026/08/04 13:47:59.884, 21096, 100
2026/08/04 13:48:00.886, 21096, 100
2026/08/04 13:48:01.887, 21096, 100
2026/08/04 13:48:02.889, 21096, 100
2026/08/04 13:48:03.890, 21096, 100
2026/08/04 13:48:04.891, 21096, 100
2026/08/04 13:48:05.893, 21096, 100
2026/08/04 13:48:06.894, 21096, 100
2026/08/04 13:48:07.896, 21096, 100
2026/08/04 13:48:08.897, 21096, 100
2026/08/04 13:48:09.898, 21096, 100
2026/08/04 13:48:10.900, 21096, 100
2026/08/04 13:48:11.901, 21096, 100
2026/08/04 13:48:12.902, 21096, 100
2026/08/04 13:48:13.904, 21096, 100
2026/08/04 13:48:14.905, 21096, 84
2026/08/04 13:48:15.906, 21096, 100
2026/08/04 13:48:16.908, 21096, 100
2026/08/04 13:48:17.908, 21096, 100
2026/08/04 13:48:18.910, 21096, 100
2026/08/04 13:48:19.911, 21096, 100
2026/08/04 13:48:20.913, 21096, 89
2026/08/04 13:48:21.913, 21096, 96
2026/08/04 13:48:22.914, 21096, 100
2026/08/04 13:48:23.915, 21096, 100
2026/08/04 13:48:24.915, 21096, 100
2026/08/04 13:48:25.915, 21096, 100
2026/08/04 13:48:26.915, 21096, 100
2026/08/04 13:48:27.916, 21096, 100
2026/08/04 13:48:28.916, 21096, 100
2026/08/04 13:48:29.916, 21096, 100
2026/08/04 13:48:30.917, 21096, 100
2026/08/04 13:48:31.917, 21096, 100
2026/08/04 13:48:32.917, 21096, 100
2026/08/04 13:48:33.917, 21096, 100
2026/08/04 13:48:34.918, 21096, 100
2026/08/04 13:48:35.918, 21096, 100
2026/08/04 13:48:36.918, 21096, 84
2026/08/04 13:48:37.918, 21096, 100
2026/08/04 13:48:38.919, 21096, 100
2026/08/04 13:48:39.919, 21096, 100
2026/08/04 13:48:40.919, 21096, 100
2026/08/04 13:48:41.919, 21096, 87
2026/08/04 13:48:42.920, 21096, 100
2026/08/04 13:48:43.920, 21096, 100
2026/08/04 13:48:44.920, 21096, 100
2026/08/04 13:48:45.921, 21096, 91
2026/08/04 13:48:46.921, 21096, 82
2026/08/04 13:48:47.921, 21096, 100
2026/08/04 13:48:48.922, 21096, 100
2026/08/04 13:48:49.922, 21096, 100
2026/08/04 13:48:50.922, 21096, 100
2026/08/04 13:48:51.922, 21096, 100
2026/08/04 13:48:52.923, 21096, 100
2026/08/04 13:48:53.923, 21096, 100
2026/08/04 13:48:54.923, 21096, 100
2026/08/04 13:48:55.924, 21096, 95
2026/08/04 13:48:56.924, 21096, 100
2026/08/04 13:48:57.924, 21096, 100
2026/08/04 13:48:58.924, 21096, 95
2026/08/04 13:48:59.925, 21096, 100
2026/08/04 13:49:00.925, 21096, 100
2026/08/04 13:49:01.925, 21096, 100
2026/08/04 13:49:02.926, 21096, 100
2026/08/04 13:49:03.926, 21096, 100
2026/08/04 13:49:04.926, 21096, 100
2026/08/04 13:49:05.927, 21096, 100
2026/08/04 13:49:06.927, 21096, 100
2026/08/04 13:49:07.927, 21096, 100
2026/08/04 13:49:08.927, 21096, 100
2026/08/04 13:49:09.928, 21096, 100
2026/08/04 13:49:10.928, 21096, 100
2026/08/04 13:49:11.928, 21096, 100
2026/08/04 13:49:12.929, 21096, 100
2026/08/04 13:49:13.929, 21096, 100
2026/08/04 13:49:14.929, 21096, 90
2026/08/04 13:49:15.929, 21096, 100
2026/08/04 13:49:16.930, 21096, 100
2026/08/04 13:49:17.930, 21096, 84
2026/08/04 13:49:18.930, 21096, 100
2026/08/04 13:49:19.930, 21096, 100
2026/08/04 13:49:20.931, 21096, 100
2026/08/04 13:49:21.931, 21096, 100
2026/08/04 13:49:22.931, 21096, 100
2026/08/04 13:49:23.931, 21096, 100
2026/08/04 13:49:24.932, 21096, 100
2026/08/04 13:49:25.932, 21096, 100
2026/08/04 13:49:26.932, 21096, 100
2026/08/04 13:49:27.933, 21096, 81
2026/08/04 13:49:28.933, 21096, 100
2026/08/04 13:49:29.933, 21096, 100
2026/08/04 13:49:30.933, 21096, 100
2026/08/04 13:49:31.934, 21096, 100
2026/08/04 13:49:32.934, 21096, 86
2026/08/04 13:49:33.934, 21096, 100
2026/08/04 13:49:34.935, 21096, 100
2026/08/04 13:49:35.935, 21096, 100
2026/08/04 13:49:36.935, 21096, 66
2026/08/04 13:49:37.935, 21096, 100
2026/08/04 13:49:38.936, 21096, 100
2026/08/04 13:49:39.936, 21096, 100
2026/08/04 13:49:40.936, 21096, 82
2026/08/04 13:49:41.937, 21096, 100
2026/08/04 13:49:42.937, 21096, 100
2026/08/04 13:49:43.937, 21096, 100
2026/08/04 13:49:44.938, 21096, 100
2026/08/04 13:49:45.938, 21096, 100
2026/08/04 13:49:46.938, 21096, 100
2026/08/04 13:49:47.938, 21096, 100
2026/08/04 13:49:48.939, 21096, 100
2026/08/04 13:49:49.939, 21096, 100
2026/08/04 13:49:50.939, 21096, 100
2026/08/04 13:49:51.939, 21096, 100
2026/08/04 13:49:52.940, 21096, 85
2026/08/04 13:49:53.940, 21096, 100
2026/08/04 13:49:54.940, 21096, 100
2026/08/04 13:49:55.941, 21096, 100
2026/08/04 13:49:56.941, 21096, 100
2026/08/04 13:49:57.941, 21096, 100
2026/08/04 13:49:58.941, 21096, 100
2026/08/04 13:49:59.942, 21096, 100
2026/08/04 13:50:00.942, 21096, 98
2026/08/04 13:50:01.942, 21096, 100
2026/08/04 13:50:02.942, 21096, 100
2026/08/04 13:50:03.943, 21096, 100
2026/08/04 13:50:04.943, 21096, 100
2026/08/04 13:50:05.944, 21096, 100
2026/08/04 13:50:06.944, 21096, 100
2026/08/04 13:50:07.944, 21096, 100
2026/08/04 13:50:08.944, 21096, 100
2026/08/04 13:50:09.945, 21096, 84
2026/08/04 13:50:10.945, 21096, 100
2026/08/04 13:50:11.945, 21096, 100
2026/08/04 13:50:12.946, 21096, 100
2026/08/04 13:50:13.946, 21096, 100
2026/08/04 13:50:14.946, 21096, 85
2026/08/04 13:50:15.946, 21096, 66
2026/08/04 13:50:16.947, 21096, 100
2026/08/04 13:50:17.947, 21096, 100
2026/08/04 13:50:18.947, 21096, 85
2026/08/04 13:50:19.948, 21096, 100
2026/08/04 13:50:20.948, 21096, 100
2026/08/04 13:50:21.948, 21096, 100
2026/08/04 13:50:22.948, 21096, 100
2026/08/04 13:50:23.949, 21096, 100
2026/08/04 13:50:24.949, 21096, 100
2026/08/04 13:50:25.950, 21096, 100
2026/08/04 13:50:26.950, 21096, 100
2026/08/04 13:50:27.950, 21096, 100
2026/08/04 13:50:28.951, 21096, 100
2026/08/04 13:50:29.951, 21096, 100
2026/08/04 13:50:30.951, 21096, 100
2026/08/04 13:50:31.951, 21096, 100
2026/08/04 13:50:32.952, 21096, 100
2026/08/04 13:50:33.952, 21096, 100
2026/08/04 13:50:34.954, 21096, 100
2026/08/04 13:50:35.954, 21096, 88
2026/08/04 13:50:36.954, 21096, 100
2026/08/04 13:50:37.955, 21096, 100
2026/08/04 13:50:38.955, 21096, 100
2026/08/04 13:50:39.955, 21096, 100
2026/08/04 13:50:40.956, 21096, 100
2026/08/04 13:50:41.956, 21096, 100
2026/08/04 13:50:42.956, 21096, 100
2026/08/04 13:50:43.956, 21096, 100
2026/08/04 13:50:44.957, 21096, 100
2026/08/04 13:50:45.957, 21096, 100
2026/08/04 13:50:46.957, 21096, 100
2026/08/04 13:50:47.958, 21096, 100
2026/08/04 13:50:48.958, 21096, 65
2026/08/04 13:50:49.959, 21096, 100
2026/08/04 13:50:50.960, 21096, 100
2026/08/04 13:50:51.960, 21096, 100
2026/08/04 13:50:52.960, 21096, 100
2026/08/04 13:50:53.961, 21096, 100
2026/08/04 13:50:54.962, 21096, 100
2026/08/04 13:50:55.962, 21096, 100
2026/08/04 13:50:56.962, 21096, 100
2026/08/04 13:50:57.963, 21096, 86
2026/08/04 13:50:58.963, 21096, 100
2026/08/04 13:50:59.963, 21096, 85
2026/08/04 13:51:00.964, 21096, 100
2026/08/04 13:51:01.964, 21096, 100
2026/08/04 13:51:02.964, 21096, 100
2026/08/04 13:51:03.964, 21096, 100
2026/08/04 13:51:04.965, 21096, 100
2026/08/04 13:51:05.966, 21096, 100
2026/08/04 13:51:06.966, 21096, 100
2026/08/04 13:51:07.966, 21096, 100
2026/08/04 13:51:08.967, 21096, 100
2026/08/04 13:51:09.967, 21096, 100
2026/08/04 13:51:10.967, 21096, 100
2026/08/04 13:51:11.968, 21096, 100
2026/08/04 13:51:12.968, 21096, 85
2026/08/04 13:51:13.968, 21096, 100
2026/08/04 13:51:14.969, 21096, 100
2026/08/04 13:51:15.969, 21096, 100
2026/08/04 13:51:16.970, 21096, 100
2026/08/04 13:51:17.970, 21096, 100
2026/08/04 13:51:18.970, 21096, 100
2026/08/04 13:51:19.970, 21096, 100
2026/08/04 13:51:20.971, 21096, 100
2026/08/04 13:51:21.971, 21096, 100
2026/08/04 13:51:22.971, 21096, 100
2026/08/04 13:51:23.972, 21096, 100
2026/08/04 13:51:24.972, 21096, 100
2026/08/04 13:51:25.972, 21096, 100
2026/08/04 13:51:26.973, 21096, 100
2026/08/04 13:51:27.973, 21096, 100
2026/08/04 13:51:28.973, 21096, 100
2026/08/04 13:51:29.973, 21096, 85
2026/08/04 13:51:30.974, 21096, 100
2026/08/04 13:51:31.974, 21096, 100
2026/08/04 13:51:32.974, 21096, 100
2026/08/04 13:51:33.975, 21096, 100
2026/08/04 13:51:34.975, 21096, 100
2026/08/04 13:51:35.975, 21096, 100
2026/08/04 13:51:36.976, 21096, 100
2026/08/04 13:51:37.976, 21096, 100
2026/08/04 13:51:38.976, 21096, 100
2026/08/04 13:51:39.977, 21096, 100
2026/08/04 13:51:40.977, 21096, 100
2026/08/04 13:51:41.977, 21096, 100
2026/08/04 13:51:42.977, 21096, 100
2026/08/04 13:51:43.978, 21096, 100
2026/08/04 13:51:44.978, 21096, 100
2026/08/04 13:51:45.979, 21096, 100
2026/08/04 13:51:46.979, 21096, 100
2026/08/04 13:51:47.979, 21096, 100
2026/08/04 13:51:48.980, 21096, 100
2026/08/04 13:51:49.980, 21096, 100
2026/08/04 13:51:50.980, 21096, 100
2026/08/04 13:51:51.981, 21096, 100
2026/08/04 13:51:52.981, 21096, 100
2026/08/04 13:51:53.981, 21096, 100
2026/08/04 13:51:54.982, 21096, 100
2026/08/04 13:51:55.982, 21096, 100
2026/08/04 13:51:56.982, 21096, 100
2026/08/04 13:51:57.983, 21096, 100
2026/08/04 13:51:58.983, 21096, 100
2026/08/04 13:51:59.983, 21096, 100
2026/08/04 13:52:00.983, 21096, 100
2026/08/04 13:52:01.984, 21096, 85
2026/08/04 13:52:02.984, 21096, 100
2026/08/04 13:52:03.984, 21096, 100
2026/08/04 13:52:04.984, 21096, 85
2026/08/04 13:52:05.984, 21096, 95
2026/08/04 13:52:06.985, 21096, 100
2026/08/04 13:52:07.985, 21096, 84
2026/08/04 13:52:08.985, 21096, 100
2026/08/04 13:52:09.986, 21096, 100
2026/08/04 13:52:10.986, 21096, 100
2026/08/04 13:52:11.986, 21096, 100
2026/08/04 13:52:12.986, 21096, 100
2026/08/04 13:52:13.987, 21096, 100
2026/08/04 13:52:14.987, 21096, 100
2026/08/04 13:52:15.987, 21096, 100
2026/08/04 13:52:16.987, 21096, 100
2026/08/04 13:52:17.988, 21096, 100
2026/08/04 13:52:18.989, 21096, 100
2026/08/04 13:52:19.989, 21096, 100
2026/08/04 13:52:20.989, 21096, 100
2026/08/04 13:52:21.990, 21096, 100
2026/08/04 13:52:22.991, 21096, 85
2026/08/04 13:52:23.992, 21096, 100
2026/08/04 13:52:24.992, 21096, 100
2026/08/04 13:52:25.994, 21096, 100
2026/08/04 13:52:26.994, 21096, 100
2026/08/04 13:52:27.994, 21096, 100
2026/08/04 13:52:28.994, 21096, 100
2026/08/04 13:52:29.995, 21096, 100
2026/08/04 13:52:30.995, 21096, 100
2026/08/04 13:52:31.995, 21096, 85
2026/08/04 13:52:32.995, 21096, 94
2026/08/04 13:52:33.996, 21096, 100
2026/08/04 13:52:34.996, 21096, 100
2026/08/04 13:52:35.996, 21096, 100
2026/08/04 13:52:36.997, 21096, 100
2026/08/04 13:52:37.997, 21096, 84
2026/08/04 13:52:38.997, 21096, 100
2026/08/04 13:52:39.997, 21096, 100
2026/08/04 13:52:40.998, 21096, 100
2026/08/04 13:52:41.998, 21096, 100
2026/08/04 13:52:42.998, 21096, 100
2026/08/04 13:52:43.999, 21096, 100
2026/08/04 13:52:44.999, 21096, 100
2026/08/04 13:52:45.999, 21096, 100
2026/08/04 13:52:47.000, 21096, 100
2026/08/04 13:52:48.000, 21096, 100
2026/08/04 13:52:49.000, 21096, 92
2026/08/04 13:52:50.001, 21096, 84
2026/08/04 13:52:51.001, 21096, 100
2026/08/04 13:52:52.001, 21096, 66
2026/08/04 13:52:53.002, 21096, 100
2026/08/04 13:52:54.002, 21096, 100
2026/08/04 13:52:55.002, 21096, 89
2026/08/04 13:52:56.003, 21096, 85
2026/08/04 13:52:57.003, 21096, 100
2026/08/04 13:52:58.003, 21096, 85
2026/08/04 13:52:59.004, 21096, 100
2026/08/04 13:53:00.004, 21096, 87
2026/08/04 13:53:01.004, 21096, 100
2026/08/04 13:53:02.004, 21096, 100
2026/08/04 13:53:03.005, 21096, 100
2026/08/04 13:53:04.005, 21096, 100
2026/08/04 13:53:05.005, 21096, 100
2026/08/04 13:53:06.006, 21096, 100
2026/08/04 13:53:07.006, 21096, 100
2026/08/04 13:53:08.007, 21096, 100
2026/08/04 13:53:09.009, 21096, 100
2026/08/04 13:53:10.009, 21096, 85
2026/08/04 13:53:11.009, 21096, 100
2026/08/04 13:53:12.010, 21096, 85
2026/08/04 13:53:13.010, 21096, 100
2026/08/04 13:53:14.010, 21096, 100
2026/08/04 13:53:15.012, 21096, 100
2026/08/04 13:53:16.012, 21096, 63
2026/08/04 13:53:17.012, 21096, 100
2026/08/04 13:53:18.013, 21096, 100
2026/08/04 13:53:19.013, 21096, 100
2026/08/04 13:53:20.014, 21096, 100
2026/08/04 13:53:21.014, 21096, 100
2026/08/04 13:53:22.016, 21096, 66
2026/08/04 13:53:23.016, 21096, 100
2026/08/04 13:53:24.016, 21096, 100
2026/08/04 13:53:25.018, 21096, 100
2026/08/04 13:53:26.018, 21096, 100
2026/08/04 13:53:27.019, 21096, 100
2026/08/04 13:53:28.021, 21096, 100
2026/08/04 13:53:29.022, 21096, 100
2026/08/04 13:53:30.023, 21096, 100
2026/08/04 13:53:31.025, 21096, 85
2026/08/04 13:53:32.026, 21096, 100
2026/08/04 13:53:33.027, 21096, 100
2026/08/04 13:53:34.028, 21096, 100
2026/08/04 13:53:35.029, 21096, 100
2026/08/04 13:53:36.030, 21096, 100
2026/08/04 13:53:37.032, 21096, 100
2026/08/04 13:53:38.033, 21096, 100
2026/08/04 13:53:39.034, 21096, 100
2026/08/04 13:53:40.036, 21096, 85
2026/08/04 13:53:41.037, 21096, 100
2026/08/04 13:53:42.038, 21096, 79
2026/08/04 13:53:43.040, 21096, 100
2026/08/04 13:53:44.041, 21096, 84
2026/08/04 13:53:45.042, 21096, 100
2026/08/04 13:53:46.043, 21096, 100
2026/08/04 13:53:47.045, 21096, 100
2026/08/04 13:53:48.046, 21096, 100
2026/08/04 13:53:49.047, 21096, 100
2026/08/04 13:53:50.049, 21096, 100
2026/08/04 13:53:51.050, 21096, 100
2026/08/04 13:53:52.052, 21096, 100
2026/08/04 13:53:53.052, 21096, 100
2026/08/04 13:53:54.052, 21096, 100
2026/08/04 13:53:55.053, 21096, 81
2026/08/04 13:53:56.054, 21096, 100
2026/08/04 13:53:57.055, 21096, 100
2026/08/04 13:53:58.057, 21096, 100
2026/08/04 13:53:59.058, 21096, 85
2026/08/04 13:54:00.059, 21096, 100
2026/08/04 13:54:01.061, 21096, 100
2026/08/04 13:54:02.061, 21096, 100
2026/08/04 13:54:03.062, 21096, 100
2026/08/04 13:54:04.062, 21096, 100
2026/08/04 13:54:05.063, 21096, 68
2026/08/04 13:54:06.066, 21096, 100
2026/08/04 13:54:07.066, 21096, 100
2026/08/04 13:54:08.067, 21096, 89
2026/08/04 13:54:09.067, 21096, 64
2026/08/04 13:54:10.068, 21096, 100
2026/08/04 13:54:11.072, 21096, 84
2026/08/04 13:54:12.073, 21096, 100
2026/08/04 13:54:13.073, 21096, 100
2026/08/04 13:54:14.073, 21096, 100
2026/08/04 13:54:15.074, 21096, 100
2026/08/04 13:54:16.075, 21096, 100
2026/08/04 13:54:17.076, 21096, 60
2026/08/04 13:54:18.078, 21096, 86
2026/08/04 13:54:19.078, 21096, 100
2026/08/04 13:54:20.078, 21096, 68
2026/08/04 13:54:21.078, 21096, 100
2026/08/04 13:54:22.080, 21096, 100
2026/08/04 13:54:23.081, 21096, 100
2026/08/04 13:54:24.082, 21096, 100
2026/08/04 13:54:25.084, 21096, 100
2026/08/04 13:54:26.084, 21096, 100
2026/08/04 13:54:27.085, 21096, 100
2026/08/04 13:54:28.086, 21096, 83
2026/08/04 13:54:29.087, 21096, 100
2026/08/04 13:54:30.088, 21096, 100
2026/08/04 13:54:31.090, 21096, 100
2026/08/04 13:54:32.090, 21096, 100
2026/08/04 13:54:33.090, 21096, 100
2026/08/04 13:54:34.091, 21096, 100
2026/08/04 13:54:35.092, 21096, 100
2026/08/04 13:54:36.093, 21096, 100
2026/08/04 13:54:37.094, 21096, 100
2026/08/04 13:54:38.094, 21096, 100
2026/08/04 13:54:39.095, 21096, 100
2026/08/04 13:54:40.097, 21096, 100
2026/08/04 13:54:41.099, 21096, 100
2026/08/04 13:54:42.099, 21096, 100
2026/08/04 13:54:43.101, 21096, 64
2026/08/04 13:54:44.102, 21096, 100
2026/08/04 13:54:45.103, 21096, 81
2026/08/04 13:54:46.104, 21096, 100
2026/08/04 13:54:47.105, 21096, 100
2026/08/04 13:54:48.106, 21096, 100
2026/08/04 13:54:49.107, 21096, 100
2026/08/04 13:54:50.107, 21096, 100
2026/08/04 13:54:51.108, 21096, 100
2026/08/04 13:54:52.108, 21096, 100
2026/08/04 13:54:53.108, 21096, 100
2026/08/04 13:54:54.109, 21096, 100
2026/08/04 13:54:55.109, 21096, 100
2026/08/04 13:54:56.111, 21096, 80
2026/08/04 13:54:57.111, 21096, 100
2026/08/04 13:54:58.111, 21096, 84
2026/08/04 13:54:59.112, 21096, 100
2026/08/04 13:55:00.113, 21096, 100
2026/08/04 13:55:01.113, 21096, 100
2026/08/04 13:55:02.114, 21096, 100
2026/08/04 13:55:03.114, 21096, 100
2026/08/04 13:55:04.114, 21096, 100
2026/08/04 13:55:05.116, 21096, 100
2026/08/04 13:55:06.116, 21096, 100
2026/08/04 13:55:07.117, 21096, 100
2026/08/04 13:55:08.118, 21096, 100
2026/08/04 13:55:09.118, 21096, 84
2026/08/04 13:55:10.119, 21096, 100
2026/08/04 13:55:11.119, 21096, 100
2026/08/04 13:55:12.120, 21096, 100
2026/08/04 13:55:13.121, 21096, 100
2026/08/04 13:55:14.121, 21096, 100
2026/08/04 13:55:15.122, 21096, 100
2026/08/04 13:55:16.122, 21096, 100
2026/08/04 13:55:17.123, 21096, 100
2026/08/04 13:55:18.123, 21096, 100
2026/08/04 13:55:19.123, 21096, 100
2026/08/04 13:55:20.124, 21096, 85
2026/08/04 13:55:21.124, 21096, 100
2026/08/04 13:55:22.124, 21096, 100
2026/08/04 13:55:23.126, 21096, 63
2026/08/04 13:55:24.127, 21096, 100
2026/08/04 13:55:25.127, 21096, 100
2026/08/04 13:55:26.129, 21096, 100
2026/08/04 13:55:27.130, 21096, 100
2026/08/04 13:55:28.131, 21096, 100
2026/08/04 13:55:29.132, 21096, 100
2026/08/04 13:55:30.134, 21096, 100
2026/08/04 13:55:31.134, 21096, 100
2026/08/04 13:55:32.135, 21096, 100
2026/08/04 13:55:33.137, 21096, 100
2026/08/04 13:55:34.137, 21096, 100
2026/08/04 13:55:35.139, 21096, 100
2026/08/04 13:55:36.140, 21096, 100
2026/08/04 13:55:37.141, 21096, 100
2026/08/04 13:55:38.143, 21096, 100
2026/08/04 13:55:39.144, 21096, 84
2026/08/04 13:55:40.145, 21096, 100
2026/08/04 13:55:41.147, 21096, 100
2026/08/04 13:55:42.148, 21096, 100
2026/08/04 13:55:43.149, 21096, 100
2026/08/04 13:55:44.151, 21096, 100
2026/08/04 13:55:45.152, 21096, 100
2026/08/04 13:55:46.153, 21096, 100
2026/08/04 13:55:47.155, 21096, 85
2026/08/04 13:55:48.156, 21096, 85
2026/08/04 13:55:49.157, 21096, 100
2026/08/04 13:55:50.159, 21096, 100
2026/08/04 13:55:51.160, 21096, 100
2026/08/04 13:55:52.161, 21096, 100
2026/08/04 13:55:53.163, 21096, 100
2026/08/04 13:55:54.164, 21096, 100
2026/08/04 13:55:55.165, 21096, 100
2026/08/04 13:55:56.167, 21096, 100
2026/08/04 13:55:57.168, 21096, 100
2026/08/04 13:55:58.169, 21096, 100
2026/08/04 13:55:59.171, 21096, 80
2026/08/04 13:56:00.172, 21096, 74
2026/08/04 13:56:01.173, 21096, 100
2026/08/04 13:56:02.175, 21096, 100
2026/08/04 13:56:03.176, 21096, 100
2026/08/04 13:56:04.177, 21096, 100
2026/08/04 13:56:05.179, 21096, 100
2026/08/04 13:56:06.180, 21096, 100
2026/08/04 13:56:07.181, 21096, 100
2026/08/04 13:56:08.183, 21096, 100
2026/08/04 13:56:09.184, 21096, 100
2026/08/04 13:56:10.185, 21096, 100
2026/08/04 13:56:11.187, 21096, 100
2026/08/04 13:56:12.188, 21096, 96
2026/08/04 13:56:13.189, 21096, 100
2026/08/04 13:56:14.190, 21096, 84
2026/08/04 13:56:15.190, 21096, 100
2026/08/04 13:56:16.191, 21096, 100
2026/08/04 13:56:17.193, 21096, 100
2026/08/04 13:56:18.194, 21096, 100
2026/08/04 13:56:19.196, 21096, 100
2026/08/04 13:56:20.197, 21096, 86
2026/08/04 13:56:21.198, 21096, 100
2026/08/04 13:56:22.200, 21096, 100
2026/08/04 13:56:23.201, 21096, 100
2026/08/04 13:56:24.202, 21096, 100
2026/08/04 13:56:25.204, 21096, 100
2026/08/04 13:56:26.205, 21096, 100
2026/08/04 13:56:27.206, 21096, 100
2026/08/04 13:56:28.208, 21096, 100
2026/08/04 13:56:29.208, 21096, 99
2026/08/04 13:56:30.209, 21096, 100
2026/08/04 13:56:31.209, 21096, 100
2026/08/04 13:56:32.211, 21096, 82
2026/08/04 13:56:33.212, 21096, 100
2026/08/04 13:56:34.213, 21096, 100
2026/08/04 13:56:35.215, 21096, 100
2026/08/04 13:56:36.215, 21096, 61
2026/08/04 13:56:37.216, 21096, 100
2026/08/04 13:56:38.218, 21096, 100
2026/08/04 13:56:39.219, 21096, 100
2026/08/04 13:56:40.220, 21096, 100
2026/08/04 13:56:41.222, 21096, 100
2026/08/04 13:56:42.222, 21096, 100
2026/08/04 13:56:43.224, 21096, 100
2026/08/04 13:56:44.225, 21096, 84
2026/08/04 13:56:45.226, 21096, 100
2026/08/04 13:56:46.228, 21096, 100
2026/08/04 13:56:47.229, 21096, 100
2026/08/04 13:56:48.230, 21096, 63
2026/08/04 13:56:49.232, 21096, 100
2026/08/04 13:56:50.233, 21096, 81
2026/08/04 13:56:51.234, 21096, 100
2026/08/04 13:56:52.236, 21096, 100
2026/08/04 13:56:53.237, 21096, 100
2026/08/04 13:56:54.237, 21096, 100
2026/08/04 13:56:55.239, 21096, 100
2026/08/04 13:56:56.240, 21096, 100
2026/08/04 13:56:57.242, 21096, 100
2026/08/04 13:56:58.246, 21096, 100
2026/08/04 13:56:59.250, 21096, 100
2026/08/04 13:57:00.254, 21096, 100
2026/08/04 13:57:01.258, 21096, 100
2026/08/04 13:57:02.262, 21096, 94
2026/08/04 13:57:03.267, 21096, 100
2026/08/04 13:57:04.271, 21096, 100
2026/08/04 13:57:05.275, 21096, 100
2026/08/04 13:57:06.279, 21096, 85
2026/08/04 13:57:07.283, 21096, 100
2026/08/04 13:57:08.286, 21096, 100
2026/08/04 13:57:09.290, 21096, 100
2026/08/04 13:57:10.293, 21096, 100
2026/08/04 13:57:11.297, 21096, 100
2026/08/04 13:57:12.301, 21096, 94
2026/08/04 13:57:13.304, 21096, 100
2026/08/04 13:57:14.308, 21096, 100
2026/08/04 13:57:15.311, 21096, 100
2026/08/04 13:57:16.314, 21096, 100
2026/08/04 13:57:17.318, 21096, 0
2026/08/04 13:57:18.321, 21096, 100
2026/08/04 13:57:19.325, 21096, 100
2026/08/04 13:57:20.328, 21096, 100
2026/08/04 13:57:21.331, 21096, 100
2026/08/04 13:57:22.334, 21096, 100
2026/08/04 13:57:23.338, 21096, 100
2026/08/04 13:57:24.342, 21096, 100
2026/08/04 13:57:25.345, 21096, 100
2026/08/04 13:57:26.348, 21096, 100
2026/08/04 13:57:27.352, 21096, 100
2026/08/04 13:57:28.355, 21096, 100
2026/08/04 13:57:29.358, 21096, 100
2026/08/04 13:57:30.361, 21096, 71
2026/08/04 13:57:31.364, 21096, 100
2026/08/04 13:57:32.367, 21096, 100
2026/08/04 13:57:33.370, 21096, 100
2026/08/04 13:57:34.373, 21096, 100
2026/08/04 13:57:35.376, 21096, 100
2026/08/04 13:57:36.379, 21096, 100
2026/08/04 13:57:37.383, 21096, 100
2026/08/04 13:57:38.385, 21096, 100
2026/08/04 13:57:39.387, 21096, 100
2026/08/04 13:57:40.390, 21096, 100
2026/08/04 13:57:41.393, 21096, 82
2026/08/04 13:57:42.395, 21096, 100
2026/08/04 13:57:43.398, 21096, 81
2026/08/04 13:57:44.401, 21096, 100
2026/08/04 13:57:45.403, 21096, 100
2026/08/04 13:57:46.406, 21096, 100
2026/08/04 13:57:47.408, 21096, 100
2026/08/04 13:57:48.411, 21096, 100
2026/08/04 13:57:49.413, 21096, 100
2026/08/04 13:57:50.416, 21096, 100
2026/08/04 13:57:51.418, 21096, 100
2026/08/04 13:57:52.420, 21096, 100
2026/08/04 13:57:53.423, 21096, 100
2026/08/04 13:57:54.425, 21096, 100
2026/08/04 13:57:55.427, 21096, 100
2026/08/04 13:57:56.429, 21096, 100
2026/08/04 13:57:57.432, 21096, 100
2026/08/04 13:57:58.434, 21096, 100
2026/08/04 13:57:59.437, 21096, 100
2026/08/04 13:58:00.438, 21096, 100
2026/08/04 13:58:01.441, 21096, 100
2026/08/04 13:58:02.443, 21096, 100
2026/08/04 13:58:03.445, 21096, 86
2026/08/04 13:58:04.447, 21096, 96
2026/08/04 13:58:05.449, 21096, 100
2026/08/04 13:58:06.451, 21096, 100
2026/08/04 13:58:07.453, 21096, 79
2026/08/04 13:58:08.456, 21096, 100
2026/08/04 13:58:09.458, 21096, 100
2026/08/04 13:58:10.461, 21096, 100
2026/08/04 13:58:11.463, 21096, 100
2026/08/04 13:58:12.465, 21096, 100
2026/08/04 13:58:13.467, 21096, 100
2026/08/04 13:58:14.470, 21096, 100
2026/08/04 13:58:15.471, 21096, 100
2026/08/04 13:58:16.474, 21096, 100
2026/08/04 13:58:17.476, 21096, 100
2026/08/04 13:58:18.478, 21096, 100
2026/08/04 13:58:19.480, 21096, 100
2026/08/04 13:58:20.483, 21096, 100
2026/08/04 13:58:21.485, 21096, 100
2026/08/04 13:58:22.487, 21096, 100
2026/08/04 13:58:23.489, 21096, 100
2026/08/04 13:58:24.492, 21096, 100
2026/08/04 13:58:25.494, 21096, 100
2026/08/04 13:58:26.496, 21096, 86
2026/08/04 13:58:27.499, 21096, 100
2026/08/04 13:58:28.501, 21096, 100
2026/08/04 13:58:29.502, 21096, 100
2026/08/04 13:58:30.505, 21096, 100
2026/08/04 13:58:31.507, 21096, 100
2026/08/04 13:58:32.509, 21096, 100
2026/08/04 13:58:33.511, 21096, 100
2026/08/04 13:58:34.513, 21096, 100
2026/08/04 13:58:35.516, 21096, 100
2026/08/04 13:58:36.518, 21096, 100
2026/08/04 13:58:37.520, 21096, 100
2026/08/04 13:58:38.521, 21096, 100
2026/08/04 13:58:39.523, 21096, 100
2026/08/04 13:58:40.524, 21096, 100
2026/08/04 13:58:41.525, 21096, 65
2026/08/04 13:58:42.526, 21096, 100
2026/08/04 13:58:43.528, 21096, 100
2026/08/04 13:58:44.529, 21096, 100
2026/08/04 13:58:45.530, 21096, 100
2026/08/04 13:58:46.532, 21096, 100
2026/08/04 13:58:47.533, 21096, 100
2026/08/04 13:58:48.534, 21096, 100
2026/08/04 13:58:49.536, 21096, 100
2026/08/04 13:58:50.537, 21096, 100
2026/08/04 13:58:51.539, 21096, 85
2026/08/04 13:58:52.540, 21096, 100
2026/08/04 13:58:53.542, 21096, 100
2026/08/04 13:58:54.543, 21096, 100
2026/08/04 13:58:55.544, 21096, 100
2026/08/04 13:58:56.546, 21096, 100
2026/08/04 13:58:57.548, 21096, 100
2026/08/04 13:58:58.549, 21096, 100
2026/08/04 13:58:59.551, 21096, 100
2026/08/04 13:59:00.552, 21096, 84
2026/08/04 13:59:01.554, 21096, 100
2026/08/04 13:59:02.556, 21096, 100
2026/08/04 13:59:03.557, 21096, 100
2026/08/04 13:59:04.559, 21096, 100
2026/08/04 13:59:05.560, 21096, 100
2026/08/04 13:59:06.562, 21096, 69
2026/08/04 13:59:07.563, 21096, 100
2026/08/04 13:59:08.564, 21096, 100
2026/08/04 13:59:09.566, 21096, 100
2026/08/04 13:59:10.567, 21096, 100
2026/08/04 13:59:11.568, 21096, 100
2026/08/04 13:59:12.570, 21096, 100
2026/08/04 13:59:13.571, 21096, 100
2026/08/04 13:59:14.572, 21096, 100
2026/08/04 13:59:15.574, 21096, 100
2026/08/04 13:59:16.575, 21096, 100
2026/08/04 13:59:17.577, 21096, 100
2026/08/04 13:59:18.578, 21096, 100
2026/08/04 13:59:19.580, 21096, 100
2026/08/04 13:59:20.581, 21096, 100
2026/08/04 13:59:21.582, 21096, 100
2026/08/04 13:59:22.584, 21096, 100
2026/08/04 13:59:23.586, 21096, 100
2026/08/04 13:59:24.587, 21096, 100
2026/08/04 13:59:25.588, 21096, 97
2026/08/04 13:59:26.590, 21096, 87
2026/08/04 13:59:27.591, 21096, 100
2026/08/04 13:59:28.593, 21096, 85
2026/08/04 13:59:29.594, 21096, 85
2026/08/04 13:59:30.596, 21096, 100
2026/08/04 13:59:31.597, 21096, 100
2026/08/04 13:59:32.599, 21096, 94
2026/08/04 13:59:33.600, 21096, 100
2026/08/04 13:59:34.601, 21096, 63
2026/08/04 13:59:35.603, 21096, 81
2026/08/04 13:59:36.605, 21096, 100
2026/08/04 13:59:37.606, 21096, 100
2026/08/04 13:59:38.608, 21096, 100
2026/08/04 13:59:39.609, 21096, 84
2026/08/04 13:59:40.611, 21096, 100
2026/08/04 13:59:41.612, 21096, 100
2026/08/04 13:59:42.613, 21096, 100
2026/08/04 13:59:43.614, 21096, 100
2026/08/04 13:59:44.616, 21096, 100
2026/08/04 13:59:45.617, 21096, 100
2026/08/04 13:59:46.619, 21096, 100
2026/08/04 13:59:47.620, 21096, 100
2026/08/04 13:59:48.621, 21096, 100
2026/08/04 13:59:49.623, 21096, 86
2026/08/04 13:59:50.624, 21096, 70
2026/08/04 13:59:51.626, 21096, 100
2026/08/04 13:59:52.627, 21096, 100
2026/08/04 13:59:53.629, 21096, 100
2026/08/04 13:59:54.630, 21096, 100
2026/08/04 13:59:55.632, 21096, 100
2026/08/04 13:59:56.633, 21096, 100
2026/08/04 13:59:57.635, 21096, 100
2026/08/04 13:59:58.636, 21096, 100
2026/08/04 13:59:59.638, 21096, 100
2026/08/04 14:00:00.639, 21096, 100
2026/08/04 14:00:01.640, 21096, 100
2026/08/04 14:00:02.642, 21096, 100
2026/08/04 14:00:03.643, 21096, 61
2026/08/04 14:00:04.644, 21096, 100
2026/08/04 14:00:05.646, 21096, 100
2026/08/04 14:00:06.647, 21096, 100
2026/08/04 14:00:07.649, 21096, 100
2026/08/04 14:00:08.650, 21096, 100
2026/08/04 14:00:09.652, 21096, 100
2026/08/04 14:00:10.652, 21096, 100
2026/08/04 14:00:11.653, 21096, 100
2026/08/04 14:00:12.655, 21096, 100
2026/08/04 14:00:13.655, 21096, 100
2026/08/04 14:00:14.657, 21096, 100
2026/08/04 14:00:15.658, 21096, 100
2026/08/04 14:00:16.659, 21096, 100
2026/08/04 14:00:17.661, 21096, 100
2026/08/04 14:00:18.662, 21096, 100
2026/08/04 14:00:19.664, 21096, 100
2026/08/04 14:00:20.665, 21096, 100
2026/08/04 14:00:21.666, 21096, 84
2026/08/04 14:00:22.668, 21096, 100
2026/08/04 14:00:23.669, 21096, 100
2026/08/04 14:00:24.670, 21096, 100
2026/08/04 14:00:25.672, 21096, 100
2026/08/04 14:00:26.673, 21096, 100
2026/08/04 14:00:27.674, 21096, 100
2026/08/04 14:00:28.676, 21096, 100
2026/08/04 14:00:29.676, 21096, 96
2026/08/04 14:00:30.677, 21096, 100
2026/08/04 14:00:31.679, 21096, 100
2026/08/04 14:00:32.680, 21096, 100
2026/08/04 14:00:33.680, 21096, 85
2026/08/04 14:00:34.681, 21096, 100
2026/08/04 14:00:35.683, 21096, 100
2026/08/04 14:00:36.684, 21096, 63
2026/08/04 14:00:37.684, 21096, 100
2026/08/04 14:00:38.685, 21096, 85
2026/08/04 14:00:39.686, 21096, 100
2026/08/04 14:00:40.686, 21096, 100
2026/08/04 14:00:41.686, 21096, 100
2026/08/04 14:00:42.689, 21096, 84
2026/08/04 14:00:43.690, 21096, 100
2026/08/04 14:00:44.691, 21096, 100
2026/08/04 14:00:45.691, 21096, 100
2026/08/04 14:00:46.691, 21096, 100
2026/08/04 14:00:47.691, 21096, 100
2026/08/04 14:00:48.692, 21096, 100
2026/08/04 14:00:49.692, 21096, 100
2026/08/04 14:00:50.692, 21096, 100
2026/08/04 14:00:51.693, 21096, 100
2026/08/04 14:00:52.693, 21096, 100
2026/08/04 14:00:53.693, 21096, 100
2026/08/04 14:00:54.693, 21096, 64
2026/08/04 14:00:55.694, 21096, 100
2026/08/04 14:00:56.694, 21096, 100
2026/08/04 14:00:57.695, 21096, 100
2026/08/04 14:00:58.695, 21096, 100
2026/08/04 14:00:59.695, 21096, 100
2026/08/04 14:01:00.695, 21096, 100
2026/08/04 14:01:01.696, 21096, 82
2026/08/04 14:01:02.697, 21096, 100
2026/08/04 14:01:03.697, 21096, 100
2026/08/04 14:01:04.697, 21096, 100
2026/08/04 14:01:05.698, 21096, 100
2026/08/04 14:01:06.698, 21096, 100
2026/08/04 14:01:07.698, 21096, 100
2026/08/04 14:01:08.699, 21096, 100
2026/08/04 14:01:09.699, 21096, 92
2026/08/04 14:01:10.699, 21096, 81
2026/08/04 14:01:11.699, 21096, 100
2026/08/04 14:01:12.700, 21096, 100
2026/08/04 14:01:13.700, 21096, 100
2026/08/04 14:01:14.700, 21096, 100
2026/08/04 14:01:15.700, 21096, 100
2026/08/04 14:01:16.701, 21096, 100
2026/08/04 14:01:17.701, 21096, 69
2026/08/04 14:01:18.701, 21096, 100
2026/08/04 14:01:19.702, 21096, 100
2026/08/04 14:01:20.702, 21096, 100
2026/08/04 14:01:21.702, 21096, 100
2026/08/04 14:01:22.703, 21096, 100
2026/08/04 14:01:23.703, 21096, 84
2026/08/04 14:01:24.703, 21096, 100
2026/08/04 14:01:25.703, 21096, 100
2026/08/04 14:01:26.704, 21096, 84
2026/08/04 14:01:27.705, 21096, 100
2026/08/04 14:01:28.705, 21096, 100
2026/08/04 14:01:29.705, 21096, 100
2026/08/04 14:01:30.705, 21096, 100
2026/08/04 14:01:31.706, 21096, 100
2026/08/04 14:01:32.706, 21096, 100
2026/08/04 14:01:33.707, 21096, 100
2026/08/04 14:01:34.707, 21096, 100
2026/08/04 14:01:35.707, 21096, 100
2026/08/04 14:01:36.708, 21096, 100
2026/08/04 14:01:37.708, 21096, 100
2026/08/04 14:01:38.708, 21096, 100
2026/08/04 14:01:39.709, 21096, 100
2026/08/04 14:01:40.709, 21096, 100
2026/08/04 14:01:41.710, 21096, 100
2026/08/04 14:01:42.711, 21096, 100
2026/08/04 14:01:43.711, 21096, 100
2026/08/04 14:01:44.711, 21096, 100
2026/08/04 14:01:45.711, 21096, 100
2026/08/04 14:01:46.712, 21096, 100
2026/08/04 14:01:47.712, 21096, 88
2026/08/04 14:01:48.712, 21096, 100
2026/08/04 14:01:49.712, 21096, 100
2026/08/04 14:01:50.713, 21096, 100
2026/08/04 14:01:51.713, 21096, 100
2026/08/04 14:01:52.713, 21096, 100
2026/08/04 14:01:53.714, 21096, 100
2026/08/04 14:01:54.714, 21096, 100
2026/08/04 14:01:55.714, 21096, 100
2026/08/04 14:01:56.714, 21096, 100
2026/08/04 14:01:57.715, 21096, 100
2026/08/04 14:01:58.715, 21096, 100
2026/08/04 14:01:59.715, 21096, 100
2026/08/04 14:02:00.716, 21096, 100
2026/08/04 14:02:01.716, 21096, 100
2026/08/04 14:02:02.716, 21096, 100
2026/08/04 14:02:03.716, 21096, 100
2026/08/04 14:02:04.717, 21096, 100
2026/08/04 14:02:05.717, 21096, 100
2026/08/04 14:02:06.717, 21096, 100
2026/08/04 14:02:07.717, 21096, 100
2026/08/04 14:02:08.718, 21096, 100
2026/08/04 14:02:09.718, 21096, 100
2026/08/04 14:02:10.718, 21096, 100
2026/08/04 14:02:11.719, 21096, 82
2026/08/04 14:02:12.719, 21096, 100
2026/08/04 14:02:13.719, 21096, 100
2026/08/04 14:02:14.719, 21096, 100
2026/08/04 14:02:15.720, 21096, 67
2026/08/04 14:02:16.720, 21096, 100
2026/08/04 14:02:17.720, 21096, 100
2026/08/04 14:02:18.720, 21096, 100
2026/08/04 14:02:19.721, 21096, 100
2026/08/04 14:02:20.721, 21096, 100
2026/08/04 14:02:21.721, 21096, 83
2026/08/04 14:02:22.722, 21096, 100
2026/08/04 14:02:23.722, 21096, 100
2026/08/04 14:02:24.722, 21096, 100
2026/08/04 14:02:25.722, 21096, 100
2026/08/04 14:02:26.723, 21096, 100
2026/08/04 14:02:27.723, 21096, 100
2026/08/04 14:02:28.723, 21096, 100
2026/08/04 14:02:29.724, 21096, 82
2026/08/04 14:02:30.724, 21096, 100
2026/08/04 14:02:31.724, 21096, 100
2026/08/04 14:02:32.724, 21096, 100
2026/08/04 14:02:33.725, 21096, 100
2026/08/04 14:02:34.725, 21096, 100
2026/08/04 14:02:35.725, 21096, 100
2026/08/04 14:02:36.726, 21096, 100
2026/08/04 14:02:37.726, 21096, 86
2026/08/04 14:02:38.726, 21096, 100
2026/08/04 14:02:39.726, 21096, 100
2026/08/04 14:02:40.727, 21096, 100
2026/08/04 14:02:41.727, 21096, 100
2026/08/04 14:02:42.729, 21096, 100
2026/08/04 14:02:43.729, 21096, 100
2026/08/04 14:02:44.730, 21096, 100
2026/08/04 14:02:45.730, 21096, 100
2026/08/04 14:02:46.730, 21096, 98
2026/08/04 14:02:47.730, 21096, 85
2026/08/04 14:02:48.731, 21096, 100
2026/08/04 14:02:49.731, 21096, 100
2026/08/04 14:02:50.731, 21096, 100
2026/08/04 14:02:51.732, 21096, 100
2026/08/04 14:02:52.732, 21096, 100
2026/08/04 14:02:53.732, 21096, 100
2026/08/04 14:02:54.732, 21096, 100
2026/08/04 14:02:55.733, 21096, 100
2026/08/04 14:02:56.733, 21096, 100
2026/08/04 14:02:57.733, 21096, 100
2026/08/04 14:02:58.733, 21096, 100
2026/08/04 14:02:59.734, 21096, 100
2026/08/04 14:03:00.734, 21096, 100
2026/08/04 14:03:01.734, 21096, 100
2026/08/04 14:03:02.734, 21096, 100
2026/08/04 14:03:03.735, 21096, 100
2026/08/04 14:03:04.735, 21096, 100
2026/08/04 14:03:05.735, 21096, 100
2026/08/04 14:03:06.735, 21096, 84
2026/08/04 14:03:07.736, 21096, 100
2026/08/04 14:03:08.736, 21096, 100
2026/08/04 14:03:09.736, 21096, 100
2026/08/04 14:03:10.736, 21096, 100
2026/08/04 14:03:11.737, 21096, 100
2026/08/04 14:03:12.737, 21096, 100
2026/08/04 14:03:13.737, 21096, 100
2026/08/04 14:03:14.738, 21096, 100
2026/08/04 14:03:15.738, 21096, 100
2026/08/04 14:03:16.738, 21096, 100
2026/08/04 14:03:17.738, 21096, 100
2026/08/04 14:03:18.739, 21096, 100
2026/08/04 14:03:19.739, 21096, 100
2026/08/04 14:03:20.739, 21096, 100
2026/08/04 14:03:21.291, 21096, 100
2026/08/04 14:03:22.292, 21096, 100
2026/08/04 14:03:23.294, 21096, 100
2026/08/04 14:03:24.295, 21096, 100
2026/08/04 14:03:25.297, 21096, 86
2026/08/04 14:03:26.298, 21096, 100
2026/08/04 14:03:27.300, 21096, 100
2026/08/04 14:03:28.301, 21096, 100
2026/08/04 14:03:29.302, 21096, 100
2026/08/04 14:03:30.304, 21096, 100
2026/08/04 14:03:31.304, 21096, 100
2026/08/04 14:03:32.306, 21096, 100
2026/08/04 14:03:33.307, 21096, 100
2026/08/04 14:03:34.308, 21096, 100
2026/08/04 14:03:35.310, 21096, 100
2026/08/04 14:03:36.311, 21096, 100
2026/08/04 14:03:37.312, 21096, 100
2026/08/04 14:03:38.314, 21096, 100
2026/08/04 14:03:39.315, 21096, 100
2026/08/04 14:03:40.316, 21096, 85
2026/08/04 14:03:41.318, 21096, 84
2026/08/04 14:03:42.319, 21096, 100
2026/08/04 14:03:43.320, 21096, 100
2026/08/04 14:03:44.322, 21096, 100
2026/08/04 14:03:45.323, 21096, 100
2026/08/04 14:03:46.324, 21096, 100
2026/08/04 14:03:47.326, 21096, 100
2026/08/04 14:03:48.327, 21096, 100
2026/08/04 14:03:49.328, 21096, 100
2026/08/04 14:03:50.329, 21096, 100
2026/08/04 14:03:51.331, 21096, 100
2026/08/04 14:03:52.332, 21096, 100
2026/08/04 14:03:53.333, 21096, 100
2026/08/04 14:03:54.340, 21096, 85
2026/08/04 14:03:55.357, 21096, 100
2026/08/04 14:03:56.371, 21096, 100
2026/08/04 14:03:57.385, 21096, 100
2026/08/04 14:03:58.396, 21096, 100
2026/08/04 14:03:59.407, 21096, 100
2026/08/04 14:04:00.416, 21096, 100
2026/08/04 14:04:01.424, 21096, 100
2026/08/04 14:04:02.432, 21096, 100
2026/08/04 14:04:03.439, 21096, 100
2026/08/04 14:04:04.445, 21096, 86
2026/08/04 14:04:05.451, 21096, 100
2026/08/04 14:04:06.456, 21096, 100
2026/08/04 14:04:07.460, 21096, 100
2026/08/04 14:04:08.464, 21096, 100
2026/08/04 14:04:09.467, 21096, 100
2026/08/04 14:04:10.471, 21096, 100
2026/08/04 14:04:11.475, 21096, 100
2026/08/04 14:04:12.477, 21096, 100
2026/08/04 14:04:13.480, 21096, 100
2026/08/04 14:04:14.483, 21096, 100
2026/08/04 14:04:15.485, 21096, 100
2026/08/04 14:04:16.487, 21096, 100
2026/08/04 14:04:17.489, 21096, 100
2026/08/04 14:04:18.491, 21096, 100
2026/08/04 14:04:19.493, 21096, 100
2026/08/04 14:04:20.494, 21096, 100
2026/08/04 14:04:21.496, 21096, 100
2026/08/04 14:04:22.497, 21096, 100
2026/08/04 14:04:23.499, 21096, 100
2026/08/04 14:04:24.500, 21096, 100
2026/08/04 14:04:25.502, 21096, 100
2026/08/04 14:04:26.503, 21096, 100
2026/08/04 14:04:27.504, 21096, 100
2026/08/04 14:04:28.504, 21096, 100
2026/08/04 14:04:29.504, 21096, 100
2026/08/04 14:04:30.504, 21096, 100
2026/08/04 14:04:31.505, 21096, 100
2026/08/04 14:04:32.505, 21096, 93
2026/08/04 14:04:33.505, 21096, 100
2026/08/04 14:04:34.505, 21096, 86
2026/08/04 14:04:35.506, 21096, 100
2026/08/04 14:04:36.506, 21096, 100
2026/08/04 14:04:37.506, 21096, 93
2026/08/04 14:04:38.506, 21096, 100
2026/08/04 14:04:39.507, 21096, 100
2026/08/04 14:04:40.507, 21096, 100
2026/08/04 14:04:41.507, 21096, 100
2026/08/04 14:04:42.507, 21096, 93
2026/08/04 14:04:43.508, 21096, 97
2026/08/04 14:04:44.508, 21096, 100
2026/08/04 14:04:45.508, 21096, 100
2026/08/04 14:04:46.508, 21096, 100
2026/08/04 14:04:47.509, 21096, 100
2026/08/04 14:04:48.509, 21096, 80
2026/08/04 14:04:49.509, 21096, 81
2026/08/04 14:04:50.509, 21096, 100
2026/08/04 14:04:51.510, 21096, 82
2026/08/04 14:04:52.510, 21096, 100
2026/08/04 14:04:53.510, 21096, 100
2026/08/04 14:04:54.512, 21096, 100
2026/08/04 14:04:55.512, 21096, 100
2026/08/04 14:04:56.512, 21096, 100
2026/08/04 14:04:57.512, 21096, 100
2026/08/04 14:04:58.512, 21096, 100
2026/08/04 14:04:59.513, 21096, 83
2026/08/04 14:05:00.527, 21096, 100
2026/08/04 14:05:01.553, 21096, 100
2026/08/04 14:05:02.576, 21096, 100
2026/08/04 14:05:03.595, 21096, 100
2026/08/04 14:05:04.613, 21096, 100
2026/08/04 14:05:05.628, 21096, 100
2026/08/04 14:05:06.642, 21096, 100
2026/08/04 14:05:07.654, 21096, 99
2026/08/04 14:05:08.665, 21096, 100
2026/08/04 14:05:09.675, 21096, 100
2026/08/04 14:05:10.683, 21096, 83
2026/08/04 14:05:11.691, 21096, 100
2026/08/04 14:05:12.698, 21096, 100
2026/08/04 14:05:13.703, 21096, 100
2026/08/04 14:05:14.709, 21096, 100
2026/08/04 14:05:15.714, 21096, 100
2026/08/04 14:05:16.719, 21096, 100
2026/08/04 14:05:17.722, 21096, 100
2026/08/04 14:05:18.726, 21096, 100
2026/08/04 14:05:19.729, 21096, 100
2026/08/04 14:05:20.733, 21096, 100
2026/08/04 14:05:21.736, 21096, 89
2026/08/04 14:05:22.738, 21096, 94
2026/08/04 14:05:23.741, 21096, 96
2026/08/04 14:05:24.743, 21096, 94
2026/08/04 14:05:25.745, 21096, 85
2026/08/04 14:05:26.748, 21096, 84
2026/08/04 14:05:27.750, 21096, 100
2026/08/04 14:05:28.753, 21096, 49
2026/08/04 14:05:29.754, 21096, 100
2026/08/04 14:05:30.755, 21096, 100
2026/08/04 14:05:31.757, 21096, 100
2026/08/04 14:05:32.758, 21096, 100
2026/08/04 14:05:33.760, 21096, 100
2026/08/04 14:05:34.761, 21096, 100
2026/08/04 14:05:35.762, 21096, 88
2026/08/04 14:05:36.763, 21096, 100
2026/08/04 14:05:37.765, 21096, 100
2026/08/04 14:05:38.766, 21096, 100
2026/08/04 14:05:39.767, 21096, 100
2026/08/04 14:05:40.769, 21096, 64
2026/08/04 14:05:41.770, 21096, 100
2026/08/04 14:05:42.772, 21096, 69
2026/08/04 14:05:43.773, 21096, 90
2026/08/04 14:05:44.775, 21096, 75
2026/08/04 14:05:45.776, 21096, 100
2026/08/04 14:05:46.777, 21096, 100
2026/08/04 14:05:47.779, 21096, 100
2026/08/04 14:05:48.779, 21096, 100
2026/08/04 14:05:49.780, 21096, 100
2026/08/04 14:05:50.780, 21096, 100
2026/08/04 14:05:51.780, 21096, 100
2026/08/04 14:05:52.780, 21096, 100
2026/08/04 14:05:53.780, 21096, 100
2026/08/04 14:05:54.781, 21096, 100
2026/08/04 14:05:55.781, 21096, 100
2026/08/04 14:05:56.781, 21096, 91
2026/08/04 14:05:57.782, 21096, 100
2026/08/04 14:05:58.782, 21096, 100
2026/08/04 14:05:59.782, 21096, 100
2026/08/04 14:06:00.782, 21096, 100
2026/08/04 14:06:01.783, 21096, 100
2026/08/04 14:06:02.783, 21096, 100
2026/08/04 14:06:03.783, 21096, 100
2026/08/04 14:06:04.784, 21096, 100
2026/08/04 14:06:05.784, 21096, 100
2026/08/04 14:06:06.784, 21096, 100
2026/08/04 14:06:07.784, 21096, 100
2026/08/04 14:06:08.785, 21096, 84
2026/08/04 14:06:09.785, 21096, 100
2026/08/04 14:06:10.785, 21096, 100
2026/08/04 14:06:11.785, 21096, 100
2026/08/04 14:06:12.786, 21096, 100
2026/08/04 14:06:13.786, 21096, 100
2026/08/04 14:06:14.786, 21096, 100
2026/08/04 14:06:15.786, 21096, 82
2026/08/04 14:06:16.787, 21096, 100
2026/08/04 14:06:17.787, 21096, 100
2026/08/04 14:06:18.787, 21096, 100
2026/08/04 14:06:19.788, 21096, 100
2026/08/04 14:06:20.788, 21096, 100
2026/08/04 14:06:21.788, 21096, 100
2026/08/04 14:06:22.788, 21096, 82
2026/08/04 14:06:23.789, 21096, 100
2026/08/04 14:06:24.789, 21096, 100
2026/08/04 14:06:25.789, 21096, 83
2026/08/04 14:06:26.790, 21096, 82
2026/08/04 14:06:27.790, 21096, 81
2026/08/04 14:06:28.790, 21096, 100
2026/08/04 14:06:29.791, 21096, 100
2026/08/04 14:06:30.791, 21096, 91
2026/08/04 14:06:31.791, 21096, 100
2026/08/04 14:06:32.792, 21096, 100
2026/08/04 14:06:33.792, 21096, 97
2026/08/04 14:06:34.792, 21096, 100
2026/08/04 14:06:35.792, 21096, 100
2026/08/04 14:06:36.793, 21096, 100
2026/08/04 14:06:37.793, 21096, 100
2026/08/04 14:06:38.793, 21096, 100
2026/08/04 14:06:39.794, 21096, 100
2026/08/04 14:06:40.794, 21096, 100
2026/08/04 14:06:41.794, 21096, 100
2026/08/04 14:06:42.794, 21096, 82
2026/08/04 14:06:43.795, 21096, 100
2026/08/04 14:06:44.795, 21096, 100
2026/08/04 14:06:45.795, 21096, 100
2026/08/04 14:06:46.796, 21096, 100
2026/08/04 14:06:47.796, 21096, 100
2026/08/04 14:06:48.796, 21096, 100
2026/08/04 14:06:49.797, 21096, 100
2026/08/04 14:06:50.797, 21096, 70
2026/08/04 14:06:51.798, 21096, 100
2026/08/04 14:06:52.798, 21096, 100
2026/08/04 14:06:53.799, 21096, 100
2026/08/04 14:06:54.799, 21096, 100
2026/08/04 14:06:55.799, 21096, 100
2026/08/04 14:06:56.800, 21096, 83
2026/08/04 14:06:57.800, 21096, 100
2026/08/04 14:06:58.800, 21096, 100
2026/08/04 14:06:59.801, 21096, 100
2026/08/04 14:07:00.801, 21096, 100
2026/08/04 14:07:01.801, 21096, 100
2026/08/04 14:07:02.802, 21096, 100
2026/08/04 14:07:03.802, 21096, 100
2026/08/04 14:07:04.802, 21096, 100
2026/08/04 14:07:05.802, 21096, 100
2026/08/04 14:07:06.803, 21096, 100
2026/08/04 14:07:07.803, 21096, 100
2026/08/04 14:07:08.803, 21096, 81
2026/08/04 14:07:09.803, 21096, 81
2026/08/04 14:07:10.803, 21096, 100
2026/08/04 14:07:11.804, 21096, 100
2026/08/04 14:07:12.804, 21096, 100
2026/08/04 14:07:13.804, 21096, 83
2026/08/04 14:07:14.804, 21096, 100
2026/08/04 14:07:15.805, 21096, 84
2026/08/04 14:07:16.805, 21096, 100
2026/08/04 14:07:17.805, 21096, 100
2026/08/04 14:07:18.805, 21096, 100
2026/08/04 14:07:19.806, 21096, 100
2026/08/04 14:07:20.806, 21096, 89
2026/08/04 14:07:21.806, 21096, 100
2026/08/04 14:07:22.806, 21096, 100
2026/08/04 14:07:23.807, 21096, 100
2026/08/04 14:07:24.807, 21096, 100
2026/08/04 14:07:25.807, 21096, 100
2026/08/04 14:07:26.807, 21096, 100
2026/08/04 14:07:27.807, 21096, 100
2026/08/04 14:07:28.808, 21096, 97
2026/08/04 14:07:29.808, 21096, 100
2026/08/04 14:07:30.808, 21096, 100
2026/08/04 14:07:31.808, 21096, 100
2026/08/04 14:07:32.808, 21096, 100
2026/08/04 14:07:33.809, 21096, 62
2026/08/04 14:07:34.809, 21096, 100
2026/08/04 14:07:35.809, 21096, 100
2026/08/04 14:07:36.810, 21096, 100
2026/08/04 14:07:37.810, 21096, 100
2026/08/04 14:07:38.810, 21096, 100
2026/08/04 14:07:39.810, 21096, 100
2026/08/04 14:07:40.811, 21096, 100
2026/08/04 14:07:41.811, 21096, 100
2026/08/04 14:07:42.811, 21096, 100
2026/08/04 14:07:43.811, 21096, 100
2026/08/04 14:07:44.812, 21096, 100
2026/08/04 14:07:45.812, 21096, 100
2026/08/04 14:07:46.812, 21096, 100
2026/08/04 14:07:47.812, 21096, 100
2026/08/04 14:07:48.813, 21096, 100
2026/08/04 14:07:49.813, 21096, 100
2026/08/04 14:07:50.813, 21096, 100
2026/08/04 14:07:51.813, 21096, 84
2026/08/04 14:07:52.814, 21096, 100
2026/08/04 14:07:53.814, 21096, 100
2026/08/04 14:07:54.814, 21096, 100
2026/08/04 14:07:55.815, 21096, 100
2026/08/04 14:07:56.815, 21096, 100
2026/08/04 14:07:57.815, 21096, 85
2026/08/04 14:07:58.816, 21096, 100
2026/08/04 14:07:59.816, 21096, 100
2026/08/04 14:08:00.816, 21096, 100
2026/08/04 14:08:01.816, 21096, 100
2026/08/04 14:08:02.817, 21096, 100
2026/08/04 14:08:03.817, 21096, 100
2026/08/04 14:08:04.817, 21096, 100
2026/08/04 14:08:05.818, 21096, 100
2026/08/04 14:08:06.818, 21096, 100
2026/08/04 14:08:07.819, 21096, 100
2026/08/04 14:08:08.819, 21096, 100
2026/08/04 14:08:09.819, 21096, 100
2026/08/04 14:08:10.819, 21096, 100
2026/08/04 14:08:11.820, 21096, 100
2026/08/04 14:08:12.820, 21096, 100
2026/08/04 14:08:13.820, 21096, 99
2026/08/04 14:08:14.820, 21096, 100
2026/08/04 14:08:15.821, 21096, 100
2026/08/04 14:08:16.821, 21096, 100
2026/08/04 14:08:17.821, 21096, 100
2026/08/04 14:08:18.821, 21096, 100
2026/08/04 14:08:19.822, 21096, 100
2026/08/04 14:08:20.822, 21096, 100
2026/08/04 14:08:21.822, 21096, 100
2026/08/04 14:08:22.823, 21096, 100
2026/08/04 14:08:23.823, 21096, 86
2026/08/04 14:08:24.823, 21096, 98
2026/08/04 14:08:25.824, 21096, 100
2026/08/04 14:08:26.824, 21096, 100
2026/08/04 14:08:27.824, 21096, 100
2026/08/04 14:08:28.825, 21096, 100
2026/08/04 14:08:29.825, 21096, 100
2026/08/04 14:08:30.825, 21096, 64
2026/08/04 14:08:31.825, 21096, 81
2026/08/04 14:08:32.826, 21096, 100
2026/08/04 14:08:33.826, 21096, 100
2026/08/04 14:08:34.826, 21096, 100
2026/08/04 14:08:35.826, 21096, 81
2026/08/04 14:08:36.827, 21096, 100
2026/08/04 14:08:37.827, 21096, 100
2026/08/04 14:08:38.827, 21096, 83
2026/08/04 14:08:39.827, 21096, 100
2026/08/04 14:08:40.827, 21096, 100
2026/08/04 14:08:41.828, 21096, 100
2026/08/04 14:08:42.828, 21096, 100
2026/08/04 14:08:43.828, 21096, 100
2026/08/04 14:08:44.828, 21096, 100
2026/08/04 14:08:45.829, 21096, 100
2026/08/04 14:08:46.829, 21096, 97
2026/08/04 14:08:47.829, 21096, 100
2026/08/04 14:08:48.829, 21096, 82
2026/08/04 14:08:49.830, 21096, 100
2026/08/04 14:08:50.830, 21096, 75
2026/08/04 14:08:51.830, 21096, 100
2026/08/04 14:08:52.830, 21096, 100
2026/08/04 14:08:53.831, 21096, 100
2026/08/04 14:08:54.831, 21096, 100
2026/08/04 14:08:55.831, 21096, 100
2026/08/04 14:08:56.831, 21096, 100
2026/08/04 14:08:57.832, 21096, 97
2026/08/04 14:08:58.832, 21096, 100
2026/08/04 14:08:59.832, 21096, 78
2026/08/04 14:09:00.833, 21096, 100
2026/08/04 14:09:01.833, 21096, 100
2026/08/04 14:09:02.833, 21096, 100
2026/08/04 14:09:03.833, 21096, 100
2026/08/04 14:09:04.834, 21096, 100
2026/08/04 14:09:05.834, 21096, 100
2026/08/04 14:09:06.834, 21096, 100
2026/08/04 14:09:07.835, 21096, 98
2026/08/04 14:09:08.835, 21096, 100
2026/08/04 14:09:09.835, 21096, 100
2026/08/04 14:09:10.835, 21096, 100
2026/08/04 14:09:11.836, 21096, 100
2026/08/04 14:09:12.836, 21096, 100
2026/08/04 14:09:13.836, 21096, 100
2026/08/04 14:09:14.837, 21096, 82
2026/08/04 14:09:15.837, 21096, 100
2026/08/04 14:09:16.837, 21096, 100
2026/08/04 14:09:17.838, 21096, 100
2026/08/04 14:09:18.838, 21096, 78
2026/08/04 14:09:19.838, 21096, 82
2026/08/04 14:09:20.839, 21096, 100
2026/08/04 14:09:21.839, 21096, 100
2026/08/04 14:09:22.839, 21096, 100
2026/08/04 14:09:23.839, 21096, 100
2026/08/04 14:09:24.840, 21096, 100
2026/08/04 14:09:25.840, 21096, 100
2026/08/04 14:09:26.840, 21096, 100
2026/08/04 14:09:27.841, 21096, 100
2026/08/04 14:09:28.841, 21096, 100
2026/08/04 14:09:29.841, 21096, 100
2026/08/04 14:09:30.841, 21096, 100
2026/08/04 14:09:31.842, 21096, 100
2026/08/04 14:09:32.842, 21096, 100
2026/08/04 14:09:33.842, 21096, 100
2026/08/04 14:09:34.843, 21096, 100
2026/08/04 14:09:35.843, 21096, 84
2026/08/04 14:09:36.843, 21096, 100
2026/08/04 14:09:37.844, 21096, 100
2026/08/04 14:09:38.844, 21096, 100
2026/08/04 14:09:39.844, 21096, 100
2026/08/04 14:09:40.844, 21096, 100
2026/08/04 14:09:41.845, 21096, 100
2026/08/04 14:09:42.845, 21096, 100
2026/08/04 14:09:43.845, 21096, 100
2026/08/04 14:09:44.846, 21096, 100
2026/08/04 14:09:45.846, 21096, 100
2026/08/04 14:09:46.846, 21096, 83
2026/08/04 14:09:47.846, 21096, 100
2026/08/04 14:09:48.847, 21096, 100
2026/08/04 14:09:49.847, 21096, 83
2026/08/04 14:09:50.847, 21096, 100
2026/08/04 14:09:51.848, 21096, 100
2026/08/04 14:09:52.848, 21096, 95
2026/08/04 14:09:53.848, 21096, 100
2026/08/04 14:09:54.848, 21096, 100
2026/08/04 14:09:55.849, 21096, 100
2026/08/04 14:09:56.849, 21096, 100
2026/08/04 14:09:57.849, 21096, 100
2026/08/04 14:09:58.850, 21096, 100
2026/08/04 14:09:59.850, 21096, 84
2026/08/04 14:10:00.851, 21096, 92
2026/08/04 14:10:01.851, 21096, 84
2026/08/04 14:10:02.851, 21096, 84
2026/08/04 14:10:03.852, 21096, 100
2026/08/04 14:10:04.852, 21096, 100
2026/08/04 14:10:05.852, 21096, 100
2026/08/04 14:10:06.853, 21096, 85
2026/08/04 14:10:07.853, 21096, 100
2026/08/04 14:10:08.853, 21096, 84
2026/08/04 14:10:09.853, 21096, 100
2026/08/04 14:10:10.854, 21096, 100
2026/08/04 14:10:11.854, 21096, 100
2026/08/04 14:10:12.854, 21096, 100
2026/08/04 14:10:13.854, 21096, 100
2026/08/04 14:10:14.855, 21096, 100
2026/08/04 14:10:15.855, 21096, 100
2026/08/04 14:10:16.855, 21096, 100
2026/08/04 14:10:17.856, 21096, 86
2026/08/04 14:10:18.856, 21096, 100
2026/08/04 14:10:19.856, 21096, 100
2026/08/04 14:10:20.856, 21096, 100
2026/08/04 14:10:21.857, 21096, 100
2026/08/04 14:10:22.857, 21096, 100
2026/08/04 14:10:23.857, 21096, 100
2026/08/04 14:10:24.858, 21096, 100
2026/08/04 14:10:25.858, 21096, 100
2026/08/04 14:10:26.858, 21096, 100
2026/08/04 14:10:27.859, 21096, 100
2026/08/04 14:10:28.859, 21096, 100
2026/08/04 14:10:29.859, 21096, 100
2026/08/04 14:10:30.859, 21096, 89
2026/08/04 14:10:31.860, 21096, 100
2026/08/04 14:10:32.860, 21096, 100
2026/08/04 14:10:33.860, 21096, 100
2026/08/04 14:10:34.861, 21096, 100
2026/08/04 14:10:35.861, 21096, 100
2026/08/04 14:10:36.861, 21096, 100
2026/08/04 14:10:37.861, 21096, 86
2026/08/04 14:10:38.862, 21096, 100
2026/08/04 14:10:39.862, 21096, 100
2026/08/04 14:10:40.862, 21096, 100
2026/08/04 14:10:41.863, 21096, 100
2026/08/04 14:10:42.863, 21096, 100
2026/08/04 14:10:43.863, 21096, 66
2026/08/04 14:10:44.864, 21096, 100
2026/08/04 14:10:45.864, 21096, 100
2026/08/04 14:10:46.864, 21096, 100
2026/08/04 14:10:47.865, 21096, 100
2026/08/04 14:10:48.865, 21096, 100
2026/08/04 14:10:49.865, 21096, 100
2026/08/04 14:10:50.866, 21096, 100
2026/08/04 14:10:51.866, 21096, 100
2026/08/04 14:10:52.866, 21096, 100
2026/08/04 14:10:53.867, 21096, 100
2026/08/04 14:10:54.867, 21096, 100
2026/08/04 14:10:55.867, 21096, 100
2026/08/04 14:10:56.867, 21096, 100
2026/08/04 14:10:57.868, 21096, 100
2026/08/04 14:10:58.868, 21096, 100
2026/08/04 14:10:59.868, 21096, 83
2026/08/04 14:11:00.868, 21096, 100
2026/08/04 14:11:01.868, 21096, 100
2026/08/04 14:11:02.869, 21096, 100
2026/08/04 14:11:03.869, 21096, 100
2026/08/04 14:11:04.869, 21096, 100
2026/08/04 14:11:05.870, 21096, 86
2026/08/04 14:11:06.870, 21096, 83
2026/08/04 14:11:07.870, 21096, 100
2026/08/04 14:11:08.870, 21096, 100
2026/08/04 14:11:09.872, 21096, 100
2026/08/04 14:11:10.883, 21096, 100
2026/08/04 14:11:11.894, 21096, 100
2026/08/04 14:11:12.904, 21096, 100
2026/08/04 14:11:13.914, 21096, 85
2026/08/04 14:11:14.924, 21096, 100
2026/08/04 14:11:15.932, 21096, 100
2026/08/04 14:11:16.940, 21096, 100
2026/08/04 14:11:17.948, 21096, 100
2026/08/04 14:11:18.956, 21096, 100
2026/08/04 14:11:19.963, 21096, 100
2026/08/04 14:11:20.970, 21096, 100
2026/08/04 14:11:21.977, 21096, 100
2026/08/04 14:11:22.983, 21096, 100
2026/08/04 14:11:23.989, 21096, 100
2026/08/04 14:11:24.994, 21096, 100
2026/08/04 14:11:26.000, 21096, 98
2026/08/04 14:11:27.005, 21096, 100
2026/08/04 14:11:28.010, 21096, 100
2026/08/04 14:11:29.014, 21096, 100
2026/08/04 14:11:30.019, 21096, 100
2026/08/04 14:11:31.023, 21096, 100
2026/08/04 14:11:32.027, 21096, 100
2026/08/04 14:11:33.031, 21096, 100
2026/08/04 14:11:34.034, 21096, 100
2026/08/04 14:11:35.038, 21096, 75
2026/08/04 14:11:36.041, 21096, 100
2026/08/04 14:11:37.045, 21096, 93
2026/08/04 14:11:38.048, 21096, 100
2026/08/04 14:11:39.052, 21096, 100
2026/08/04 14:11:40.055, 21096, 100
2026/08/04 14:11:41.057, 21096, 100
2026/08/04 14:11:42.059, 21096, 100
2026/08/04 14:11:43.062, 21096, 100
2026/08/04 14:11:44.064, 21096, 100
2026/08/04 14:11:45.066, 21096, 100
2026/08/04 14:11:46.069, 21096, 100
2026/08/04 14:11:47.071, 21096, 100
2026/08/04 14:11:48.074, 21096, 84
2026/08/04 14:11:49.076, 21096, 100
2026/08/04 14:11:50.079, 21096, 100
2026/08/04 14:11:51.081, 21096, 100
2026/08/04 14:11:52.084, 21096, 100
2026/08/04 14:11:53.086, 21096, 100
2026/08/04 14:11:54.088, 21096, 100
2026/08/04 14:11:55.090, 21096, 100
2026/08/04 14:11:56.092, 21096, 100
2026/08/04 14:11:57.093, 21096, 100
2026/08/04 14:11:58.095, 21096, 100
2026/08/04 14:11:59.096, 21096, 100
2026/08/04 14:12:00.098, 21096, 100
2026/08/04 14:12:01.099, 21096, 100
2026/08/04 14:12:02.100, 21096, 100
2026/08/04 14:12:03.102, 21096, 100
2026/08/04 14:12:04.104, 21096, 100
2026/08/04 14:12:05.105, 21096, 100
2026/08/04 14:12:06.107, 21096, 100
2026/08/04 14:12:07.108, 21096, 100
2026/08/04 14:12:08.110, 21096, 100
2026/08/04 14:12:09.111, 21096, 100
2026/08/04 14:12:10.112, 21096, 100
2026/08/04 14:12:11.114, 21096, 100
2026/08/04 14:12:12.115, 21096, 100
2026/08/04 14:12:13.117, 21096, 100
2026/08/04 14:12:14.117, 21096, 100
2026/08/04 14:12:15.118, 21096, 86
2026/08/04 14:12:16.118, 21096, 100
2026/08/04 14:12:17.118, 21096, 100
2026/08/04 14:12:18.119, 21096, 100
2026/08/04 14:12:19.119, 21096, 85
2026/08/04 14:12:20.119, 21096, 100
2026/08/04 14:12:21.119, 21096, 100
2026/08/04 14:12:22.119, 21096, 100
2026/08/04 14:12:23.120, 21096, 100
2026/08/04 14:12:24.120, 21096, 71
2026/08/04 14:12:25.120, 21096, 100
2026/08/04 14:12:26.121, 21096, 100
2026/08/04 14:12:27.121, 21096, 64
2026/08/04 14:12:28.121, 21096, 100
2026/08/04 14:12:29.121, 21096, 100
2026/08/04 14:12:30.122, 21096, 100
2026/08/04 14:12:31.122, 21096, 100
2026/08/04 14:12:32.122, 21096, 100
2026/08/04 14:12:33.122, 21096, 100
2026/08/04 14:12:34.123, 21096, 100
2026/08/04 14:12:35.123, 21096, 100
2026/08/04 14:12:36.123, 21096, 100
2026/08/04 14:12:37.124, 21096, 85
2026/08/04 14:12:38.124, 21096, 84
2026/08/04 14:12:39.124, 21096, 100
2026/08/04 14:12:40.124, 21096, 100
2026/08/04 14:12:41.125, 21096, 100
2026/08/04 14:12:42.125, 21096, 100
2026/08/04 14:12:43.125, 21096, 100
2026/08/04 14:12:44.125, 21096, 100
2026/08/04 14:12:45.126, 21096, 81
2026/08/04 14:12:46.126, 21096, 98
2026/08/04 14:12:47.129, 21096, 100
2026/08/04 14:12:48.148, 21096, 100
2026/08/04 14:12:49.165, 21096, 100
2026/08/04 14:12:50.180, 21096, 100
2026/08/04 14:12:51.193, 21096, 84
2026/08/04 14:12:52.205, 21096, 100
2026/08/04 14:12:53.215, 21096, 100
2026/08/04 14:12:54.224, 21096, 83
2026/08/04 14:12:55.232, 21096, 100
2026/08/04 14:12:56.239, 21096, 100
2026/08/04 14:12:57.246, 21096, 100
2026/08/04 14:12:58.252, 21096, 100
2026/08/04 14:12:59.257, 21096, 98
2026/08/04 14:13:00.262, 21096, 96
2026/08/04 14:13:01.266, 21096, 100
2026/08/04 14:13:02.270, 21096, 100
2026/08/04 14:13:03.273, 21096, 100
2026/08/04 14:13:04.277, 21096, 100
2026/08/04 14:13:05.281, 21096, 100
2026/08/04 14:13:06.284, 21096, 100
2026/08/04 14:13:07.286, 21096, 100
2026/08/04 14:13:08.289, 21096, 100
2026/08/04 14:13:09.291, 21096, 100
2026/08/04 14:13:10.294, 21096, 100
2026/08/04 14:13:11.296, 21096, 99
2026/08/04 14:13:12.298, 21096, 100
2026/08/04 14:13:13.300, 21096, 100
2026/08/04 14:13:14.301, 21096, 100
2026/08/04 14:13:15.302, 21096, 100
2026/08/04 14:13:16.304, 21096, 100
2026/08/04 14:13:17.305, 21096, 84
2026/08/04 14:13:18.307, 21096, 86
2026/08/04 14:13:19.307, 21096, 100
2026/08/04 14:13:20.307, 21096, 100
2026/08/04 14:13:21.307, 21096, 82
2026/08/04 14:13:22.308, 21096, 87
2026/08/04 14:13:23.308, 21096, 100
2026/08/04 14:13:24.308, 21096, 89
2026/08/04 14:13:25.309, 21096, 100
2026/08/04 14:13:26.309, 21096, 100
2026/08/04 14:13:27.309, 21096, 100
2026/08/04 14:13:28.310, 21096, 100
2026/08/04 14:13:29.310, 21096, 100
2026/08/04 14:13:30.310, 21096, 100
2026/08/04 14:13:31.310, 21096, 100
2026/08/04 14:13:32.311, 21096, 100
2026/08/04 14:13:33.311, 21096, 100
2026/08/04 14:13:34.311, 21096, 100
2026/08/04 14:13:35.311, 21096, 100
2026/08/04 14:13:36.311, 21096, 92
2026/08/04 14:13:37.312, 21096, 100
2026/08/04 14:13:38.312, 21096, 100
2026/08/04 14:13:39.312, 21096, 100
2026/08/04 14:13:40.312, 21096, 100
2026/08/04 14:13:41.312, 21096, 100
2026/08/04 14:13:42.313, 21096, 100
2026/08/04 14:13:43.313, 21096, 100
2026/08/04 14:13:44.313, 21096, 84
2026/08/04 14:13:45.313, 21096, 100
2026/08/04 14:13:46.314, 21096, 95
2026/08/04 14:13:47.314, 21096, 92
2026/08/04 14:13:48.314, 21096, 94
2026/08/04 14:13:49.314, 21096, 100
2026/08/04 14:13:50.315, 21096, 100
2026/08/04 14:13:51.315, 21096, 100
2026/08/04 14:13:52.315, 21096, 100
2026/08/04 14:13:53.315, 21096, 100
2026/08/04 14:13:54.316, 21096, 100
2026/08/04 14:13:55.316, 21096, 96
2026/08/04 14:13:56.316, 21096, 80
2026/08/04 14:13:57.316, 21096, 100
2026/08/04 14:13:58.316, 21096, 100
2026/08/04 14:13:59.317, 21096, 100
2026/08/04 14:14:00.317, 21096, 100
2026/08/04 14:14:01.317, 21096, 100
2026/08/04 14:14:02.317, 21096, 100
2026/08/04 14:14:03.318, 21096, 100
2026/08/04 14:14:04.318, 21096, 100
2026/08/04 14:14:05.318, 21096, 100
2026/08/04 14:14:06.319, 21096, 100
2026/08/04 14:14:07.319, 21096, 100
2026/08/04 14:14:08.319, 21096, 100
2026/08/04 14:14:09.320, 21096, 100
2026/08/04 14:14:10.320, 21096, 83
2026/08/04 14:14:11.320, 21096, 100
2026/08/04 14:14:12.320, 21096, 100
2026/08/04 14:14:13.321, 21096, 100
2026/08/04 14:14:14.321, 21096, 100
2026/08/04 14:14:15.321, 21096, 100
2026/08/04 14:14:16.321, 21096, 100
2026/08/04 14:14:17.322, 21096, 100
2026/08/04 14:14:18.322, 21096, 85
2026/08/04 14:14:19.322, 21096, 100
2026/08/04 14:14:20.323, 21096, 100
2026/08/04 14:14:21.323, 21096, 85
2026/08/04 14:14:22.323, 21096, 100
2026/08/04 14:14:23.323, 21096, 84
2026/08/04 14:14:24.324, 21096, 100
2026/08/04 14:14:25.332, 21096, 82
2026/08/04 14:14:26.354, 21096, 100
2026/08/04 14:14:27.374, 21096, 100
2026/08/04 14:14:28.392, 21096, 100
2026/08/04 14:14:29.407, 21096, 100
2026/08/04 14:14:30.421, 21096, 100
2026/08/04 14:14:31.433, 21096, 100
2026/08/04 14:14:32.444, 21096, 100
2026/08/04 14:14:33.453, 21096, 85
2026/08/04 14:14:34.462, 21096, 100
2026/08/04 14:14:35.469, 21096, 100
2026/08/04 14:14:36.477, 21096, 100
2026/08/04 14:14:37.483, 21096, 100
2026/08/04 14:14:38.488, 21096, 100
2026/08/04 14:14:39.493, 21096, 100
2026/08/04 14:14:40.497, 21096, 100
2026/08/04 14:14:41.502, 21096, 100
2026/08/04 14:14:42.505, 21096, 100
2026/08/04 14:14:43.508, 21096, 100
2026/08/04 14:14:44.512, 21096, 66
2026/08/04 14:14:45.514, 21096, 99
2026/08/04 14:14:46.517, 21096, 95
2026/08/04 14:14:47.519, 21096, 100
2026/08/04 14:14:48.521, 21096, 100
2026/08/04 14:14:49.524, 21096, 100
2026/08/04 14:14:50.526, 21096, 100
2026/08/04 14:14:51.529, 21096, 100
2026/08/04 14:14:52.531, 21096, 100
2026/08/04 14:14:53.532, 21096, 100
2026/08/04 14:14:54.534, 21096, 97
2026/08/04 14:14:55.535, 21096, 100
2026/08/04 14:14:56.537, 21096, 100
2026/08/04 14:14:57.538, 21096, 100
2026/08/04 14:14:58.538, 21096, 100
2026/08/04 14:14:59.538, 21096, 100
2026/08/04 14:15:00.539, 21096, 100
2026/08/04 14:15:01.539, 21096, 100
2026/08/04 14:15:02.539, 21096, 85
2026/08/04 14:15:03.539, 21096, 100
2026/08/04 14:15:04.540, 21096, 66
2026/08/04 14:15:05.540, 21096, 100
2026/08/04 14:15:06.540, 21096, 100
2026/08/04 14:15:07.540, 21096, 100
2026/08/04 14:15:08.541, 21096, 100
2026/08/04 14:15:09.541, 21096, 100
2026/08/04 14:15:10.541, 21096, 100
2026/08/04 14:15:11.541, 21096, 100
2026/08/04 14:15:12.542, 21096, 100
2026/08/04 14:15:13.542, 21096, 100
2026/08/04 14:15:14.542, 21096, 100
2026/08/04 14:15:15.543, 21096, 100
2026/08/04 14:15:16.543, 21096, 100
2026/08/04 14:15:17.543, 21096, 84
2026/08/04 14:15:18.543, 21096, 100
2026/08/04 14:15:19.544, 21096, 100
2026/08/04 14:15:20.544, 21096, 100
2026/08/04 14:15:21.544, 21096, 100
2026/08/04 14:15:22.545, 21096, 100
2026/08/04 14:15:23.545, 21096, 100
2026/08/04 14:15:24.545, 21096, 100
2026/08/04 14:15:25.545, 21096, 100
2026/08/04 14:15:26.546, 21096, 100
2026/08/04 14:15:27.546, 21096, 100
2026/08/04 14:15:28.546, 21096, 100
2026/08/04 14:15:29.546, 21096, 100
2026/08/04 14:15:30.546, 21096, 100
2026/08/04 14:15:31.560, 21096, 100
2026/08/04 14:15:32.582, 21096, 100
2026/08/04 14:15:33.602, 21096, 100
2026/08/04 14:15:34.619, 21096, 100
2026/08/04 14:15:35.633, 21096, 94
2026/08/04 14:15:36.647, 21096, 100
2026/08/04 14:15:37.659, 21096, 100
2026/08/04 14:15:38.670, 21096, 100
2026/08/04 14:15:39.680, 21096, 86
2026/08/04 14:15:40.689, 21096, 100
2026/08/04 14:15:41.696, 21096, 100
2026/08/04 14:15:42.703, 21096, 85
2026/08/04 14:15:43.709, 21096, 100
2026/08/04 14:15:44.714, 21096, 100
2026/08/04 14:15:45.719, 21096, 100
2026/08/04 14:15:46.724, 21096, 85
2026/08/04 14:15:47.727, 21096, 100
2026/08/04 14:15:48.731, 21096, 100
2026/08/04 14:15:49.735, 21096, 85
2026/08/04 14:15:50.738, 21096, 100
2026/08/04 14:15:51.741, 21096, 100
2026/08/04 14:15:52.743, 21096, 100
2026/08/04 14:15:53.746, 21096, 100
2026/08/04 14:15:54.748, 21096, 100
2026/08/04 14:15:55.751, 21096, 100
2026/08/04 14:15:56.753, 21096, 100
2026/08/04 14:15:57.756, 21096, 100
2026/08/04 14:15:58.757, 21096, 100
2026/08/04 14:15:59.758, 21096, 100
2026/08/04 14:16:00.760, 21096, 100
2026/08/04 14:16:01.761, 21096, 100
2026/08/04 14:16:02.763, 21096, 100
2026/08/04 14:16:03.763, 21096, 64
2026/08/04 14:16:04.763, 21096, 100
2026/08/04 14:16:05.763, 21096, 100
2026/08/04 14:16:06.763, 21096, 100
2026/08/04 14:16:07.764, 21096, 100
2026/08/04 14:16:08.764, 21096, 100
2026/08/04 14:16:09.764, 21096, 100
2026/08/04 14:16:10.764, 21096, 100
2026/08/04 14:16:11.764, 21096, 68
2026/08/04 14:16:12.765, 21096, 100
2026/08/04 14:16:13.765, 21096, 100
2026/08/04 14:16:14.765, 21096, 100
2026/08/04 14:16:15.765, 21096, 100
2026/08/04 14:16:16.766, 21096, 100
2026/08/04 14:16:17.766, 21096, 100
2026/08/04 14:16:18.766, 21096, 100
2026/08/04 14:16:19.767, 21096, 100
2026/08/04 14:16:20.767, 21096, 100
2026/08/04 14:16:21.767, 21096, 100
2026/08/04 14:16:22.768, 21096, 100
2026/08/04 14:16:23.768, 21096, 100
2026/08/04 14:16:24.768, 21096, 65
2026/08/04 14:16:25.768, 21096, 100
2026/08/04 14:16:26.768, 21096, 100
2026/08/04 14:16:27.769, 21096, 100
2026/08/04 14:16:28.769, 21096, 100
2026/08/04 14:16:29.769, 21096, 100
2026/08/04 14:16:30.769, 21096, 100
2026/08/04 14:16:31.770, 21096, 100
2026/08/04 14:16:32.770, 21096, 100
2026/08/04 14:16:33.770, 21096, 100
2026/08/04 14:16:34.770, 21096, 100
2026/08/04 14:16:35.770, 21096, 84
2026/08/04 14:16:36.771, 21096, 100
2026/08/04 14:16:37.771, 21096, 100
2026/08/04 14:16:38.771, 21096, 100
2026/08/04 14:16:39.771, 21096, 100
2026/08/04 14:16:40.771, 21096, 100
2026/08/04 14:16:41.772, 21096, 100
2026/08/04 14:16:42.772, 21096, 100
2026/08/04 14:16:43.772, 21096, 87
2026/08/04 14:16:44.772, 21096, 100
2026/08/04 14:16:45.773, 21096, 100
2026/08/04 14:16:46.773, 21096, 100
2026/08/04 14:16:47.773, 21096, 100
2026/08/04 14:16:48.773, 21096, 100
2026/08/04 14:16:49.773, 21096, 99
2026/08/04 14:16:50.774, 21096, 83
2026/08/04 14:16:51.774, 21096, 100
2026/08/04 14:16:52.774, 21096, 100
2026/08/04 14:16:53.774, 21096, 100
2026/08/04 14:16:54.774, 21096, 100
2026/08/04 14:16:55.775, 21096, 100
2026/08/04 14:16:56.775, 21096, 80
2026/08/04 14:16:57.775, 21096, 100
2026/08/04 14:16:58.775, 21096, 100
2026/08/04 14:16:59.776, 21096, 100
2026/08/04 14:17:00.776, 21096, 100
2026/08/04 14:17:01.777, 21096, 100
2026/08/04 14:17:02.777, 21096, 92
2026/08/04 14:17:03.777, 21096, 100
2026/08/04 14:17:04.777, 21096, 86
2026/08/04 14:17:05.778, 21096, 100
2026/08/04 14:17:06.778, 21096, 100
2026/08/04 14:17:07.778, 21096, 100
2026/08/04 14:17:08.778, 21096, 100
2026/08/04 14:17:09.786, 21096, 100
2026/08/04 14:17:10.795, 21096, 66
2026/08/04 14:17:11.802, 21096, 100
2026/08/04 14:17:12.809, 21096, 100
2026/08/04 14:17:13.815, 21096, 84
2026/08/04 14:17:14.820, 21096, 90
2026/08/04 14:17:15.825, 21096, 100
2026/08/04 14:17:16.829, 21096, 100
2026/08/04 14:17:17.834, 21096, 86
2026/08/04 14:17:18.837, 21096, 100
2026/08/04 14:17:19.841, 21096, 100
2026/08/04 14:17:20.844, 21096, 100
2026/08/04 14:17:21.847, 21096, 100
2026/08/04 14:17:22.849, 21096, 100
2026/08/04 14:17:23.852, 21096, 100
2026/08/04 14:17:24.854, 21096, 94
2026/08/04 14:17:25.856, 21096, 100
2026/08/04 14:17:26.859, 21096, 100
2026/08/04 14:17:27.861, 21096, 100
2026/08/04 14:17:28.863, 21096, 100
2026/08/04 14:17:29.865, 21096, 100
2026/08/04 14:17:30.866, 21096, 100
2026/08/04 14:17:31.868, 21096, 100
2026/08/04 14:17:32.869, 21096, 100
2026/08/04 14:17:33.870, 21096, 100
2026/08/04 14:17:34.872, 21096, 100
2026/08/04 14:17:35.873, 21096, 100
2026/08/04 14:17:36.875, 21096, 65
2026/08/04 14:17:37.876, 21096, 100
2026/08/04 14:17:38.877, 21096, 100
2026/08/04 14:17:39.879, 21096, 100
2026/08/04 14:17:40.880, 21096, 100
2026/08/04 14:17:41.881, 21096, 100
2026/08/04 14:17:42.904, 21096, 100
2026/08/04 14:17:43.928, 21096, 90
2026/08/04 14:17:44.949, 21096, 100
2026/08/04 14:17:45.967, 21096, 100
2026/08/04 14:17:46.983, 21096, 77
2026/08/04 14:17:47.998, 21096, 100
2026/08/04 14:17:49.010, 21096, 66
2026/08/04 14:17:50.022, 21096, 100
2026/08/04 14:17:51.031, 21096, 100
2026/08/04 14:17:52.039, 21096, 100
2026/08/04 14:17:53.047, 21096, 100
2026/08/04 14:17:54.054, 21096, 100
2026/08/04 14:17:55.060, 21096, 100
2026/08/04 14:17:56.066, 21096, 100
2026/08/04 14:17:57.071, 21096, 100
2026/08/04 14:17:58.075, 21096, 100
2026/08/04 14:17:59.079, 21096, 100
2026/08/04 14:18:00.083, 21096, 100
2026/08/04 14:18:01.087, 21096, 100
2026/08/04 14:18:02.090, 21096, 100
2026/08/04 14:18:03.093, 21096, 100
2026/08/04 14:18:04.095, 21096, 81
2026/08/04 14:18:05.098, 21096, 100
2026/08/04 14:18:06.100, 21096, 100
2026/08/04 14:18:07.103, 21096, 100
2026/08/04 14:18:08.105, 21096, 100
2026/08/04 14:18:09.108, 21096, 100
2026/08/04 14:18:10.110, 21096, 100
2026/08/04 14:18:11.112, 21096, 100
2026/08/04 14:18:12.113, 21096, 100
2026/08/04 14:18:13.115, 21096, 100
2026/08/04 14:18:14.116, 21096, 100
2026/08/04 14:18:15.116, 21096, 100
2026/08/04 14:18:16.117, 21096, 81
2026/08/04 14:18:17.117, 21096, 100
2026/08/04 14:18:18.117, 21096, 100
2026/08/04 14:18:19.118, 21096, 100
2026/08/04 14:18:20.118, 21096, 100
2026/08/04 14:18:21.118, 21096, 100
2026/08/04 14:18:22.119, 21096, 100
2026/08/04 14:18:23.119, 21096, 100
2026/08/04 14:18:24.119, 21096, 100
2026/08/04 14:18:25.119, 21096, 100
2026/08/04 14:18:26.120, 21096, 100
2026/08/04 14:18:27.120, 21096, 100
2026/08/04 14:18:28.120, 21096, 100
2026/08/04 14:18:29.121, 21096, 83
2026/08/04 14:18:30.121, 21096, 100
2026/08/04 14:18:31.121, 21096, 84
2026/08/04 14:18:32.121, 21096, 100
2026/08/04 14:18:33.122, 21096, 100
2026/08/04 14:18:34.122, 21096, 100
2026/08/04 14:18:35.122, 21096, 100
2026/08/04 14:18:36.122, 21096, 100
2026/08/04 14:18:37.123, 21096, 84
2026/08/04 14:18:38.123, 21096, 100
2026/08/04 14:18:39.123, 21096, 100
2026/08/04 14:18:40.123, 21096, 100
2026/08/04 14:18:41.124, 21096, 100
2026/08/04 14:18:42.124, 21096, 60
2026/08/04 14:18:43.124, 21096, 83
2026/08/04 14:18:44.124, 21096, 81
2026/08/04 14:18:45.125, 21096, 100
2026/08/04 14:18:46.125, 21096, 95
2026/08/04 14:18:47.125, 21096, 100
2026/08/04 14:18:48.125, 21096, 100
2026/08/04 14:18:49.126, 21096, 94
2026/08/04 14:18:50.126, 21096, 100
2026/08/04 14:18:51.126, 21096, 100
2026/08/04 14:18:52.126, 21096, 100
2026/08/04 14:18:53.127, 21096, 100
2026/08/04 14:18:54.127, 21096, 100
2026/08/04 14:18:55.127, 21096, 100
2026/08/04 14:18:56.128, 21096, 100
2026/08/04 14:18:57.128, 21096, 63
2026/08/04 14:18:58.128, 21096, 100
2026/08/04 14:18:59.128, 21096, 54
2026/08/04 14:19:00.129, 21096, 86
2026/08/04 14:19:01.129, 21096, 100
2026/08/04 14:19:02.129, 21096, 100
2026/08/04 14:19:03.130, 21096, 79
2026/08/04 14:19:04.130, 21096, 86
2026/08/04 14:19:05.131, 21096, 100
2026/08/04 14:19:06.131, 21096, 100
2026/08/04 14:19:07.131, 21096, 85
2026/08/04 14:19:08.132, 21096, 100
2026/08/04 14:19:09.132, 21096, 100
2026/08/04 14:19:10.132, 21096, 100
2026/08/04 14:19:11.133, 21096, 100
2026/08/04 14:19:12.133, 21096, 100
2026/08/04 14:19:13.133, 21096, 100
2026/08/04 14:19:14.134, 21096, 100
2026/08/04 14:19:15.134, 21096, 100
2026/08/04 14:19:16.134, 21096, 100
2026/08/04 14:19:17.135, 21096, 100
2026/08/04 14:19:18.135, 21096, 100
2026/08/04 14:19:19.135, 21096, 80
2026/08/04 14:19:20.137, 21096, 100
2026/08/04 14:19:21.149, 21096, 100
2026/08/04 14:19:22.159, 21096, 92
2026/08/04 14:19:23.168, 21096, 100
2026/08/04 14:19:24.177, 21096, 100
2026/08/04 14:19:25.184, 21096, 100
2026/08/04 14:19:26.191, 21096, 100
2026/08/04 14:19:27.198, 21096, 100
2026/08/04 14:19:28.204, 21096, 100
2026/08/04 14:19:29.209, 21096, 100
2026/08/04 14:19:30.213, 21096, 84
2026/08/04 14:19:31.217, 21096, 100
2026/08/04 14:19:32.221, 21096, 100
2026/08/04 14:19:33.225, 21096, 67
2026/08/04 14:19:34.227, 21096, 100
2026/08/04 14:19:35.231, 21096, 100
2026/08/04 14:19:36.234, 21096, 100
2026/08/04 14:19:37.236, 21096, 100
2026/08/04 14:19:38.239, 21096, 97
2026/08/04 14:19:39.240, 21096, 84
2026/08/04 14:19:40.242, 21096, 100
2026/08/04 14:19:41.244, 21096, 100
2026/08/04 14:19:42.246, 21096, 100
2026/08/04 14:19:43.247, 21096, 100
2026/08/04 14:19:44.248, 21096, 91
2026/08/04 14:19:45.250, 21096, 85
2026/08/04 14:19:46.252, 21096, 100
2026/08/04 14:19:47.253, 21096, 84
2026/08/04 14:19:48.255, 21096, 91
2026/08/04 14:19:49.256, 21096, 100
2026/08/04 14:19:50.257, 21096, 100
2026/08/04 14:19:51.259, 21096, 100
2026/08/04 14:19:52.260, 21096, 82
2026/08/04 14:19:53.269, 21096, 81
2026/08/04 14:19:54.299, 21096, 86
2026/08/04 14:19:55.325, 21096, 84
2026/08/04 14:19:56.347, 21096, 100
2026/08/04 14:19:57.367, 21096, 85
2026/08/04 14:19:58.385, 21096, 100
2026/08/04 14:19:59.400, 21096, 100
2026/08/04 14:20:00.414, 21096, 100
2026/08/04 14:20:01.426, 21096, 100
2026/08/04 14:20:02.437, 21096, 100
2026/08/04 14:20:03.447, 21096, 100
2026/08/04 14:20:04.456, 21096, 100
2026/08/04 14:20:05.464, 21096, 100
2026/08/04 14:20:06.470, 21096, 100
2026/08/04 14:20:07.476, 21096, 100
2026/08/04 14:20:08.482, 21096, 93
2026/08/04 14:20:09.486, 21096, 80
2026/08/04 14:20:10.491, 21096, 100
2026/08/04 14:20:11.494, 21096, 84
2026/08/04 14:20:12.498, 21096, 100
2026/08/04 14:20:13.502, 21096, 100
2026/08/04 14:20:14.504, 21096, 100
2026/08/04 14:20:15.508, 21096, 100
2026/08/04 14:20:16.510, 21096, 100
2026/08/04 14:20:17.513, 21096, 100
2026/08/04 14:20:18.515, 21096, 100
2026/08/04 14:20:19.517, 21096, 100
2026/08/04 14:20:20.519, 21096, 100
2026/08/04 14:20:21.520, 21096, 100
2026/08/04 14:20:22.522, 21096, 73
2026/08/04 14:20:23.523, 21096, 100
2026/08/04 14:20:24.525, 21096, 100
2026/08/04 14:20:25.525, 21096, 90
2026/08/04 14:20:26.525, 21096, 100
2026/08/04 14:20:27.526, 21096, 100
2026/08/04 14:20:28.526, 21096, 100
2026/08/04 14:20:29.526, 21096, 100
2026/08/04 14:20:30.527, 21096, 100
2026/08/04 14:20:31.527, 21096, 100
2026/08/04 14:20:32.527, 21096, 83
2026/08/04 14:20:33.527, 21096, 100
2026/08/04 14:20:34.528, 21096, 100
2026/08/04 14:20:35.528, 21096, 84
2026/08/04 14:20:36.528, 21096, 100
2026/08/04 14:20:37.529, 21096, 100
2026/08/04 14:20:38.529, 21096, 100
2026/08/04 14:20:39.529, 21096, 100
2026/08/04 14:20:40.529, 21096, 100
2026/08/04 14:20:41.529, 21096, 100
2026/08/04 14:20:42.530, 21096, 100
2026/08/04 14:20:43.530, 21096, 86
2026/08/04 14:20:44.530, 21096, 100
2026/08/04 14:20:45.530, 21096, 100
2026/08/04 14:20:46.531, 21096, 100
2026/08/04 14:20:47.531, 21096, 100
2026/08/04 14:20:48.531, 21096, 100
2026/08/04 14:20:49.531, 21096, 100
2026/08/04 14:20:50.532, 21096, 100
2026/08/04 14:20:51.532, 21096, 100
2026/08/04 14:20:52.532, 21096, 100
2026/08/04 14:20:53.532, 21096, 82
2026/08/04 14:20:54.533, 21096, 100
2026/08/04 14:20:55.533, 21096, 100
2026/08/04 14:20:56.533, 21096, 100
2026/08/04 14:20:57.534, 21096, 100
2026/08/04 14:20:58.540, 21096, 100
2026/08/04 14:20:59.552, 21096, 100
2026/08/04 14:21:00.562, 21096, 100
2026/08/04 14:21:01.572, 21096, 100
2026/08/04 14:21:02.580, 21096, 100
2026/08/04 14:21:03.588, 21096, 100
2026/08/04 14:21:04.594, 21096, 98
2026/08/04 14:21:05.600, 21096, 100
2026/08/04 14:21:06.606, 21096, 100
2026/08/04 14:21:07.611, 21096, 100
2026/08/04 14:21:08.615, 21096, 100
2026/08/04 14:21:09.619, 21096, 100
2026/08/04 14:21:10.625, 21096, 100
2026/08/04 14:21:11.629, 21096, 100
2026/08/04 14:21:12.632, 21096, 100
2026/08/04 14:21:13.635, 21096, 100
2026/08/04 14:21:14.638, 21096, 89
2026/08/04 14:21:15.641, 21096, 95
2026/08/04 14:21:16.643, 21096, 68
2026/08/04 14:21:17.646, 21096, 84
2026/08/04 14:21:18.648, 21096, 65
2026/08/04 14:21:19.650, 21096, 100
2026/08/04 14:21:20.653, 21096, 100
2026/08/04 14:21:21.655, 21096, 100
2026/08/04 14:21:22.656, 21096, 100
2026/08/04 14:21:23.657, 21096, 100
2026/08/04 14:21:24.659, 21096, 96
2026/08/04 14:21:25.660, 21096, 100
2026/08/04 14:21:26.662, 21096, 100
2026/08/04 14:21:27.663, 21096, 100
2026/08/04 14:21:28.665, 21096, 100
2026/08/04 14:21:29.666, 21096, 100
2026/08/04 14:21:30.668, 21096, 100
2026/08/04 14:21:31.668, 21096, 100
2026/08/04 14:21:32.668, 21096, 100
2026/08/04 14:21:33.669, 21096, 91
2026/08/04 14:21:34.669, 21096, 100
2026/08/04 14:21:35.669, 21096, 100
2026/08/04 14:21:36.669, 21096, 100
2026/08/04 14:21:37.670, 21096, 100
2026/08/04 14:21:38.670, 21096, 100
2026/08/04 14:21:39.670, 21096, 100
2026/08/04 14:21:40.671, 21096, 100
2026/08/04 14:21:41.671, 21096, 100
2026/08/04 14:21:42.671, 21096, 100
2026/08/04 14:21:43.672, 21096, 100
2026/08/04 14:21:44.672, 21096, 100
2026/08/04 14:21:45.672, 21096, 100
2026/08/04 14:21:46.673, 21096, 100
2026/08/04 14:21:47.673, 21096, 100
2026/08/04 14:21:48.673, 21096, 100
2026/08/04 14:21:49.674, 21096, 100
2026/08/04 14:21:50.674, 21096, 100
2026/08/04 14:21:51.674, 21096, 100
2026/08/04 14:21:52.675, 21096, 100
2026/08/04 14:21:53.675, 21096, 100
2026/08/04 14:21:54.675, 21096, 100
2026/08/04 14:21:55.676, 21096, 100
2026/08/04 14:21:56.676, 21096, 84
2026/08/04 14:21:57.676, 21096, 69
2026/08/04 14:21:58.677, 21096, 100
2026/08/04 14:21:59.677, 21096, 100
2026/08/04 14:22:00.677, 21096, 100
2026/08/04 14:22:01.678, 21096, 100
2026/08/04 14:22:02.678, 21096, 95
2026/08/04 14:22:03.678, 21096, 100
2026/08/04 14:22:04.688, 21096, 89
2026/08/04 14:22:05.700, 21096, 100
2026/08/04 14:22:06.711, 21096, 100
2026/08/04 14:22:07.721, 21096, 89
2026/08/04 14:22:08.730, 21096, 99
2026/08/04 14:22:09.737, 21096, 100
2026/08/04 14:22:10.743, 21096, 100
2026/08/04 14:22:11.750, 21096, 100
2026/08/04 14:22:12.755, 21096, 77
2026/08/04 14:22:13.760, 21096, 100
2026/08/04 14:22:14.765, 21096, 100
2026/08/04 14:22:15.769, 21096, 100
2026/08/04 14:22:16.773, 21096, 100
2026/08/04 14:22:17.777, 21096, 100
2026/08/04 14:22:18.780, 21096, 100
2026/08/04 14:22:19.783, 21096, 80
2026/08/04 14:22:20.786, 21096, 100
2026/08/04 14:22:21.789, 21096, 100
2026/08/04 14:22:22.792, 21096, 11
2026/08/04 14:22:23.794, 21096, 100
2026/08/04 14:22:24.797, 21096, 100
2026/08/04 14:22:25.799, 21096, 100
2026/08/04 14:22:26.801, 21096, 100
2026/08/04 14:22:27.802, 21096, 100
2026/08/04 14:22:28.804, 21096, 100
2026/08/04 14:22:29.805, 21096, 100
2026/08/04 14:22:30.807, 21096, 100
2026/08/04 14:22:31.809, 21096, 100
2026/08/04 14:22:32.810, 21096, 85
2026/08/04 14:22:33.811, 21096, 100
2026/08/04 14:22:34.813, 21096, 100
2026/08/04 14:22:35.815, 21096, 84
2026/08/04 14:22:36.817, 21096, 100
2026/08/04 14:22:37.818, 21096, 100
2026/08/04 14:22:38.820, 21096, 100
2026/08/04 14:22:39.821, 21096, 100
2026/08/04 14:22:40.823, 21096, 100
2026/08/04 14:22:41.824, 21096, 100
2026/08/04 14:22:42.826, 21096, 100
2026/08/04 14:22:43.827, 21096, 100
2026/08/04 14:22:44.828, 21096, 100
2026/08/04 14:22:45.830, 21096, 94
2026/08/04 14:22:46.831, 21096, 100
2026/08/04 14:22:47.833, 21096, 100
2026/08/04 14:22:48.834, 21096, 100
2026/08/04 14:22:49.836, 21096, 100
2026/08/04 14:22:50.837, 21096, 100
2026/08/04 14:22:51.839, 21096, 100
2026/08/04 14:22:52.840, 21096, 100
2026/08/04 14:22:53.842, 21096, 100
2026/08/04 14:22:54.843, 21096, 91
2026/08/04 14:22:55.844, 21096, 100
2026/08/04 14:22:56.845, 21096, 100
2026/08/04 14:22:57.847, 21096, 100
2026/08/04 14:22:58.848, 21096, 100
2026/08/04 14:22:59.850, 21096, 100
2026/08/04 14:23:00.851, 21096, 100
2026/08/04 14:23:01.853, 21096, 65
2026/08/04 14:23:02.854, 21096, 100
2026/08/04 14:23:03.856, 21096, 100
2026/08/04 14:23:04.857, 21096, 100
2026/08/04 14:23:05.858, 21096, 100
2026/08/04 14:23:06.860, 21096, 100
2026/08/04 14:23:07.861, 21096, 100
2026/08/04 14:23:08.862, 21096, 100
2026/08/04 14:23:09.864, 21096, 100
2026/08/04 14:23:10.865, 21096, 100
2026/08/04 14:23:11.866, 21096, 100
2026/08/04 14:23:12.868, 21096, 100
2026/08/04 14:23:13.869, 21096, 100
2026/08/04 14:23:14.871, 21096, 100
2026/08/04 14:23:15.872, 21096, 100
2026/08/04 14:23:16.873, 21096, 100
2026/08/04 14:23:17.875, 21096, 100
2026/08/04 14:23:18.876, 21096, 100
2026/08/04 14:23:19.877, 21096, 100
2026/08/04 14:23:20.879, 21096, 100
2026/08/04 14:23:21.880, 21096, 100
2026/08/04 14:23:22.882, 21096, 100
2026/08/04 14:23:23.883, 21096, 100
2026/08/04 14:23:24.884, 21096, 100
2026/08/04 14:23:25.886, 21096, 100
2026/08/04 14:23:26.887, 21096, 82
2026/08/04 14:23:27.889, 21096, 100
2026/08/04 14:23:28.890, 21096, 81
2026/08/04 14:23:29.891, 21096, 100
2026/08/04 14:23:30.892, 21096, 100
2026/08/04 14:23:31.894, 21096, 100
2026/08/04 14:23:32.895, 21096, 100
2026/08/04 14:23:33.896, 21096, 100
2026/08/04 14:23:34.898, 21096, 100
2026/08/04 14:23:35.899, 21096, 83
2026/08/04 14:23:36.901, 21096, 84
2026/08/04 14:23:37.902, 21096, 100
2026/08/04 14:23:38.903, 21096, 100
2026/08/04 14:23:39.905, 21096, 100
2026/08/04 14:23:40.906, 21096, 100
2026/08/04 14:23:41.937, 21096, 81
2026/08/04 14:23:42.966, 21096, 100
2026/08/04 14:23:43.992, 21096, 100
2026/08/04 14:23:45.014, 21096, 86
2026/08/04 14:23:46.034, 21096, 100
2026/08/04 14:23:47.052, 21096, 100
2026/08/04 14:23:48.067, 21096, 84
2026/08/04 14:23:49.080, 21096, 100
2026/08/04 14:23:50.092, 21096, 81
2026/08/04 14:23:51.103, 21096, 86
2026/08/04 14:23:52.112, 21096, 100
2026/08/04 14:23:53.120, 21096, 100
2026/08/04 14:23:54.128, 21096, 100
2026/08/04 14:23:55.135, 21096, 100
2026/08/04 14:23:56.141, 21096, 100
2026/08/04 14:23:57.146, 21096, 100
2026/08/04 14:23:58.151, 21096, 100
2026/08/04 14:23:59.155, 21096, 100
2026/08/04 14:24:00.159, 21096, 100
2026/08/04 14:24:01.163, 21096, 100
2026/08/04 14:24:02.166, 21096, 0
2026/08/04 14:24:03.170, 21096, 100
2026/08/04 14:24:04.172, 21096, 100
2026/08/04 14:24:05.175, 21096, 100
2026/08/04 14:24:06.177, 21096, 100
2026/08/04 14:24:07.180, 21096, 100
2026/08/04 14:24:08.182, 21096, 100
2026/08/04 14:24:09.185, 21096, 83
2026/08/04 14:24:10.186, 21096, 99
2026/08/04 14:24:11.188, 21096, 100
2026/08/04 14:24:12.189, 21096, 63
2026/08/04 14:24:13.191, 21096, 100
2026/08/04 14:24:14.191, 21096, 100
2026/08/04 14:24:15.191, 21096, 100
2026/08/04 14:24:16.191, 21096, 100
2026/08/04 14:24:17.191, 21096, 93
2026/08/04 14:24:18.192, 21096, 85
2026/08/04 14:24:19.192, 21096, 100
2026/08/04 14:24:20.192, 21096, 100
2026/08/04 14:24:21.192, 21096, 100
2026/08/04 14:24:22.192, 21096, 100
2026/08/04 14:24:23.193, 21096, 100
2026/08/04 14:24:24.193, 21096, 100
2026/08/04 14:24:25.193, 21096, 100
2026/08/04 14:24:26.193, 21096, 100
2026/08/04 14:24:27.194, 21096, 100
2026/08/04 14:24:28.194, 21096, 79
2026/08/04 14:24:29.194, 21096, 100
2026/08/04 14:24:30.195, 21096, 100
2026/08/04 14:24:31.195, 21096, 100
2026/08/04 14:24:32.195, 21096, 100
2026/08/04 14:24:33.195, 21096, 100
2026/08/04 14:24:34.196, 21096, 100
2026/08/04 14:24:35.196, 21096, 100
2026/08/04 14:24:36.196, 21096, 100
2026/08/04 14:24:37.197, 21096, 85
2026/08/04 14:24:38.197, 21096, 95
2026/08/04 14:24:39.197, 21096, 98
2026/08/04 14:24:40.197, 21096, 100
2026/08/04 14:24:41.198, 21096, 100
2026/08/04 14:24:42.198, 21096, 100
2026/08/04 14:24:43.198, 21096, 96
2026/08/04 14:24:44.199, 21096, 100
2026/08/04 14:24:45.199, 21096, 100
2026/08/04 14:24:46.199, 21096, 82
2026/08/04 14:24:47.199, 21096, 100
2026/08/04 14:24:48.200, 21096, 100
2026/08/04 14:24:49.200, 21096, 100
2026/08/04 14:24:50.200, 21096, 87
2026/08/04 14:24:51.200, 21096, 100
2026/08/04 14:24:52.201, 21096, 100
2026/08/04 14:24:53.201, 21096, 100
2026/08/04 14:24:54.201, 21096, 84
2026/08/04 14:24:55.201, 21096, 83
2026/08/04 14:24:56.202, 21096, 100
2026/08/04 14:24:57.203, 21096, 100
2026/08/04 14:24:58.203, 21096, 83
2026/08/04 14:24:59.203, 21096, 100
2026/08/04 14:25:00.203, 21096, 80
2026/08/04 14:25:01.203, 21096, 99
2026/08/04 14:25:02.204, 21096, 81
2026/08/04 14:25:03.204, 21096, 100
2026/08/04 14:25:04.204, 21096, 80
2026/08/04 14:25:05.205, 21096, 100
2026/08/04 14:25:06.205, 21096, 100
2026/08/04 14:25:07.205, 21096, 100
2026/08/04 14:25:08.205, 21096, 100
2026/08/04 14:25:09.205, 21096, 85
2026/08/04 14:25:10.206, 21096, 100
2026/08/04 14:25:11.206, 21096, 100
2026/08/04 14:25:12.206, 21096, 100
2026/08/04 14:25:13.206, 21096, 100
2026/08/04 14:25:14.206, 21096, 60
2026/08/04 14:25:15.207, 21096, 100
2026/08/04 14:25:16.207, 21096, 100
2026/08/04 14:25:17.207, 21096, 100
2026/08/04 14:25:18.207, 21096, 100
2026/08/04 14:25:19.207, 21096, 100
2026/08/04 14:25:20.208, 21096, 100
2026/08/04 14:25:21.208, 21096, 100
2026/08/04 14:25:22.208, 21096, 100
2026/08/04 14:25:23.208, 21096, 100
2026/08/04 14:25:24.208, 21096, 100
2026/08/04 14:25:25.209, 21096, 100
2026/08/04 14:25:26.209, 21096, 100
2026/08/04 14:25:27.209, 21096, 100
2026/08/04 14:25:28.210, 21096, 100
2026/08/04 14:25:29.210, 21096, 63
2026/08/04 14:25:30.210, 21096, 82
2026/08/04 14:25:31.211, 21096, 78
2026/08/04 14:25:32.211, 21096, 100
2026/08/04 14:25:33.211, 21096, 61
2026/08/04 14:25:34.211, 21096, 100
2026/08/04 14:25:35.211, 21096, 100
2026/08/04 14:25:36.212, 21096, 100
2026/08/04 14:25:37.212, 21096, 84
2026/08/04 14:25:38.212, 21096, 97
2026/08/04 14:25:39.212, 21096, 100
2026/08/04 14:25:40.212, 21096, 100
2026/08/04 14:25:41.213, 21096, 100
2026/08/04 14:25:42.213, 21096, 83
2026/08/04 14:25:43.213, 21096, 83
2026/08/04 14:25:44.213, 21096, 81
2026/08/04 14:25:45.214, 21096, 98
2026/08/04 14:25:46.214, 21096, 100
2026/08/04 14:25:47.214, 21096, 100
2026/08/04 14:25:48.214, 21096, 100
2026/08/04 14:25:49.215, 21096, 100
2026/08/04 14:25:50.215, 21096, 100
2026/08/04 14:25:51.215, 21096, 100
2026/08/04 14:25:52.216, 21096, 100
2026/08/04 14:25:53.216, 21096, 81
2026/08/04 14:25:54.216, 21096, 100
2026/08/04 14:25:55.217, 21096, 62
2026/08/04 14:25:56.217, 21096, 82
2026/08/04 14:25:57.217, 21096, 100
2026/08/04 14:25:58.217, 21096, 92
2026/08/04 14:25:59.218, 21096, 100
2026/08/04 14:26:00.218, 21096, 100
2026/08/04 14:26:01.218, 21096, 82
2026/08/04 14:26:02.219, 21096, 100
2026/08/04 14:26:03.219, 21096, 100
2026/08/04 14:26:04.219, 21096, 100
2026/08/04 14:26:05.220, 21096, 100
2026/08/04 14:26:06.220, 21096, 100
2026/08/04 14:26:07.220, 21096, 100
2026/08/04 14:26:08.220, 21096, 100
2026/08/04 14:26:09.221, 21096, 100
2026/08/04 14:26:10.221, 21096, 100
2026/08/04 14:26:11.222, 21096, 100
2026/08/04 14:26:12.222, 21096, 100
2026/08/04 14:26:13.222, 21096, 100
2026/08/04 14:26:14.222, 21096, 100
2026/08/04 14:26:15.223, 21096, 94
2026/08/04 14:26:16.223, 21096, 100
2026/08/04 14:26:17.223, 21096, 100
2026/08/04 14:26:18.223, 21096, 100
2026/08/04 14:26:19.224, 21096, 100
2026/08/04 14:26:20.224, 21096, 100
2026/08/04 14:26:21.224, 21096, 100
2026/08/04 14:26:22.224, 21096, 100
2026/08/04 14:26:23.225, 21096, 100
2026/08/04 14:26:24.225, 21096, 100
2026/08/04 14:26:25.234, 21096, 100
2026/08/04 14:26:26.267, 21096, 100
2026/08/04 14:26:27.296, 21096, 100
2026/08/04 14:26:28.322, 21096, 100
2026/08/04 14:26:29.345, 21096, 100
2026/08/04 14:26:30.364, 21096, 100
2026/08/04 14:26:31.382, 21096, 100
2026/08/04 14:26:32.400, 21096, 100
2026/08/04 14:26:33.413, 21096, 100
2026/08/04 14:26:34.425, 21096, 100
2026/08/04 14:26:35.436, 21096, 100
2026/08/04 14:26:36.446, 21096, 100
2026/08/04 14:26:37.455, 21096, 100
2026/08/04 14:26:38.462, 21096, 59
2026/08/04 14:26:39.469, 21096, 85
2026/08/04 14:26:40.474, 21096, 100
2026/08/04 14:26:41.480, 21096, 100
2026/08/04 14:26:42.485, 21096, 100
2026/08/04 14:26:43.490, 21096, 100
2026/08/04 14:26:44.494, 21096, 100
2026/08/04 14:26:45.498, 21096, 100
2026/08/04 14:26:46.502, 21096, 100
2026/08/04 14:26:47.506, 21096, 100
2026/08/04 14:26:48.508, 21096, 87
2026/08/04 14:26:49.511, 21096, 100
2026/08/04 14:26:50.514, 21096, 100
2026/08/04 14:26:51.516, 21096, 100
2026/08/04 14:26:52.517, 21096, 84
2026/08/04 14:26:53.520, 21096, 100
2026/08/04 14:26:54.524, 21096, 100
2026/08/04 14:26:55.526, 21096, 84
2026/08/04 14:26:56.528, 21096, 100
2026/08/04 14:26:57.529, 21096, 100
2026/08/04 14:26:58.538, 21096, 100
2026/08/04 14:26:59.551, 21096, 87
2026/08/04 14:27:00.564, 21096, 100
2026/08/04 14:27:01.575, 21096, 100
2026/08/04 14:27:02.585, 21096, 100
2026/08/04 14:27:03.593, 21096, 100
2026/08/04 14:27:04.601, 21096, 100
2026/08/04 14:27:05.607, 21096, 100
2026/08/04 14:27:06.612, 21096, 84
2026/08/04 14:27:07.618, 21096, 80
2026/08/04 14:27:08.623, 21096, 100
2026/08/04 14:27:09.627, 21096, 100
2026/08/04 14:27:10.632, 21096, 62
2026/08/04 14:27:11.635, 21096, 100
2026/08/04 14:27:12.639, 21096, 84
2026/08/04 14:27:13.642, 21096, 90
2026/08/04 14:27:14.645, 21096, 100
2026/08/04 14:27:15.648, 21096, 100
2026/08/04 14:27:16.650, 21096, 100
2026/08/04 14:27:17.653, 21096, 100
2026/08/04 14:27:18.655, 21096, 100
2026/08/04 14:27:19.658, 21096, 100
2026/08/04 14:27:20.660, 21096, 100
2026/08/04 14:27:21.663, 21096, 88
2026/08/04 14:27:22.664, 21096, 100
2026/08/04 14:27:23.665, 21096, 100
2026/08/04 14:27:24.667, 21096, 100
2026/08/04 14:27:25.668, 21096, 100
2026/08/04 14:27:26.669, 21096, 100
2026/08/04 14:27:27.670, 21096, 100
2026/08/04 14:27:28.672, 21096, 100
2026/08/04 14:27:29.673, 21096, 100
2026/08/04 14:27:30.674, 21096, 100
2026/08/04 14:27:31.675, 21096, 100
2026/08/04 14:27:32.675, 21096, 100
2026/08/04 14:27:33.675, 21096, 89
2026/08/04 14:27:34.675, 21096, 100
2026/08/04 14:27:35.675, 21096, 100
2026/08/04 14:27:36.676, 21096, 100
2026/08/04 14:27:37.676, 21096, 100
2026/08/04 14:27:38.676, 21096, 100
2026/08/04 14:27:39.676, 21096, 100
2026/08/04 14:27:40.677, 21096, 100
2026/08/04 14:27:41.677, 21096, 100
2026/08/04 14:27:42.677, 21096, 100
2026/08/04 14:27:43.677, 21096, 100
2026/08/04 14:27:44.677, 21096, 100
2026/08/04 14:27:45.678, 21096, 100
2026/08/04 14:27:46.678, 21096, 100
2026/08/04 14:27:47.678, 21096, 100
2026/08/04 14:27:48.678, 21096, 100
2026/08/04 14:27:49.679, 21096, 100
2026/08/04 14:27:50.679, 21096, 100
2026/08/04 14:27:51.679, 21096, 100
2026/08/04 14:27:52.679, 21096, 85
2026/08/04 14:27:53.679, 21096, 100
2026/08/04 14:27:54.679, 21096, 100
2026/08/04 14:27:55.680, 21096, 100
2026/08/04 14:27:56.680, 21096, 100
2026/08/04 14:27:57.680, 21096, 100
2026/08/04 14:27:58.680, 21096, 86
2026/08/04 14:27:59.681, 21096, 100
2026/08/04 14:28:00.681, 21096, 100
2026/08/04 14:28:01.681, 21096, 100
2026/08/04 14:28:02.681, 21096, 100
2026/08/04 14:28:03.682, 21096, 100
2026/08/04 14:28:04.682, 21096, 90
2026/08/04 14:28:05.682, 21096, 100
2026/08/04 14:28:06.682, 21096, 100
2026/08/04 14:28:07.682, 21096, 100
2026/08/04 14:28:08.683, 21096, 84
2026/08/04 14:28:09.683, 21096, 84
2026/08/04 14:28:10.683, 21096, 100
2026/08/04 14:28:11.683, 21096, 100
2026/08/04 14:28:12.684, 21096, 83
2026/08/04 14:28:13.684, 21096, 100
2026/08/04 14:28:14.684, 21096, 89
2026/08/04 14:28:15.684, 21096, 100
2026/08/04 14:28:16.685, 21096, 100
2026/08/04 14:28:17.685, 21096, 85
2026/08/04 14:28:18.685, 21096, 100
2026/08/04 14:28:19.685, 21096, 100
2026/08/04 14:28:20.686, 21096, 100
2026/08/04 14:28:21.686, 21096, 100
2026/08/04 14:28:22.686, 21096, 100
2026/08/04 14:28:23.686, 21096, 100
2026/08/04 14:28:24.686, 21096, 65
2026/08/04 14:28:25.687, 21096, 100
2026/08/04 14:28:26.687, 21096, 100
2026/08/04 14:28:27.687, 21096, 100
2026/08/04 14:28:28.687, 21096, 100
2026/08/04 14:28:29.687, 21096, 83
2026/08/04 14:28:30.687, 21096, 100
2026/08/04 14:28:31.688, 21096, 100
2026/08/04 14:28:32.688, 21096, 63
2026/08/04 14:28:33.688, 21096, 100
2026/08/04 14:28:34.689, 21096, 100
2026/08/04 14:28:35.689, 21096, 100
2026/08/04 14:28:36.690, 21096, 100
2026/08/04 14:28:37.692, 21096, 85
2026/08/04 14:28:38.693, 21096, 100
2026/08/04 14:28:39.694, 21096, 100
2026/08/04 14:28:40.696, 21096, 63
2026/08/04 14:28:41.697, 21096, 100
2026/08/04 14:28:42.698, 21096, 100
2026/08/04 14:28:43.699, 21096, 100
2026/08/04 14:28:44.701, 21096, 84
2026/08/04 14:28:45.702, 21096, 100
2026/08/04 14:28:46.703, 21096, 100
2026/08/04 14:28:47.705, 21096, 100
2026/08/04 14:28:48.705, 21096, 100
2026/08/04 14:28:49.705, 21096, 83
2026/08/04 14:28:50.706, 21096, 100
2026/08/04 14:28:51.706, 21096, 83
2026/08/04 14:28:52.706, 21096, 100
2026/08/04 14:28:53.707, 21096, 100
2026/08/04 14:28:54.707, 21096, 100
2026/08/04 14:28:55.707, 21096, 100
2026/08/04 14:28:56.707, 21096, 100
2026/08/04 14:28:57.708, 21096, 100
2026/08/04 14:28:58.708, 21096, 100
2026/08/04 14:28:59.708, 21096, 82
2026/08/04 14:29:00.708, 21096, 100
2026/08/04 14:29:01.709, 21096, 100
2026/08/04 14:29:02.709, 21096, 100
2026/08/04 14:29:03.709, 21096, 100
2026/08/04 14:29:04.710, 21096, 100
2026/08/04 14:29:05.710, 21096, 100
2026/08/04 14:29:06.710, 21096, 83
2026/08/04 14:29:07.710, 21096, 100
2026/08/04 14:29:08.711, 21096, 100
2026/08/04 14:29:09.711, 21096, 100
2026/08/04 14:29:10.711, 21096, 100
2026/08/04 14:29:11.712, 21096, 100
2026/08/04 14:29:12.712, 21096, 100
2026/08/04 14:29:13.712, 21096, 100
2026/08/04 14:29:14.712, 21096, 100
2026/08/04 14:29:15.713, 21096, 100
2026/08/04 14:29:16.713, 21096, 100
2026/08/04 14:29:17.713, 21096, 100
2026/08/04 14:29:18.714, 21096, 100
2026/08/04 14:29:19.714, 21096, 67
2026/08/04 14:29:20.715, 21096, 100
2026/08/04 14:29:21.715, 21096, 100
2026/08/04 14:29:22.715, 21096, 100
2026/08/04 14:29:23.715, 21096, 100
2026/08/04 14:29:24.716, 21096, 65
2026/08/04 14:29:25.716, 21096, 100
2026/08/04 14:29:26.716, 21096, 88
2026/08/04 14:29:27.717, 21096, 100
2026/08/04 14:29:28.717, 21096, 81
2026/08/04 14:29:29.717, 21096, 100
2026/08/04 14:29:30.718, 21096, 100
2026/08/04 14:29:31.718, 21096, 100
2026/08/04 14:29:32.718, 21096, 100
2026/08/04 14:29:33.719, 21096, 93
2026/08/04 14:29:34.719, 21096, 81
2026/08/04 14:29:35.719, 21096, 100
2026/08/04 14:29:36.719, 21096, 100
2026/08/04 14:29:37.720, 21096, 100
2026/08/04 14:29:38.720, 21096, 100
2026/08/04 14:29:39.720, 21096, 100
2026/08/04 14:29:40.722, 21096, 60
2026/08/04 14:29:41.724, 21096, 100
2026/08/04 14:29:42.725, 21096, 100
2026/08/04 14:29:43.727, 21096, 85
2026/08/04 14:29:44.728, 21096, 100
2026/08/04 14:29:45.730, 21096, 100
2026/08/04 14:29:46.731, 21096, 100
2026/08/04 14:29:47.732, 21096, 100
2026/08/04 14:29:48.734, 21096, 100
2026/08/04 14:29:49.735, 21096, 100
2026/08/04 14:29:50.737, 21096, 100
2026/08/04 14:29:51.738, 21096, 85
2026/08/04 14:29:52.739, 21096, 100
2026/08/04 14:29:53.741, 21096, 100
2026/08/04 14:29:54.743, 21096, 100
2026/08/04 14:29:55.744, 21096, 100
2026/08/04 14:29:56.746, 21096, 100
2026/08/04 14:29:57.747, 21096, 100
2026/08/04 14:29:58.748, 21096, 100
2026/08/04 14:29:59.750, 21096, 100
2026/08/04 14:30:00.751, 21096, 100
2026/08/04 14:30:01.752, 21096, 76
2026/08/04 14:30:02.754, 21096, 100
2026/08/04 14:30:03.756, 21096, 100
2026/08/04 14:30:04.757, 21096, 100
2026/08/04 14:30:05.758, 21096, 86
2026/08/04 14:30:06.760, 21096, 100
2026/08/04 14:30:07.761, 21096, 100
2026/08/04 14:30:08.763, 21096, 84
2026/08/04 14:30:09.764, 21096, 100
2026/08/04 14:30:10.765, 21096, 100
2026/08/04 14:30:11.766, 21096, 88
2026/08/04 14:30:12.768, 21096, 100
2026/08/04 14:30:13.769, 21096, 100
2026/08/04 14:30:14.771, 21096, 100
2026/08/04 14:30:15.772, 21096, 100
2026/08/04 14:30:16.773, 21096, 100
2026/08/04 14:30:17.775, 21096, 100
2026/08/04 14:30:18.776, 21096, 100
2026/08/04 14:30:19.777, 21096, 100
2026/08/04 14:30:20.779, 21096, 100
2026/08/04 14:30:21.780, 21096, 65
2026/08/04 14:30:22.781, 21096, 100
2026/08/04 14:30:23.783, 21096, 83
2026/08/04 14:30:24.784, 21096, 100
2026/08/04 14:30:25.785, 21096, 84
2026/08/04 14:30:26.787, 21096, 100
2026/08/04 14:30:27.788, 21096, 100
2026/08/04 14:30:28.789, 21096, 100
2026/08/04 14:30:29.790, 21096, 100
2026/08/04 14:30:30.790, 21096, 100
2026/08/04 14:30:31.790, 21096, 100
2026/08/04 14:30:32.791, 21096, 100
2026/08/04 14:30:33.791, 21096, 100
2026/08/04 14:30:34.791, 21096, 100
2026/08/04 14:30:35.791, 21096, 100
2026/08/04 14:30:36.792, 21096, 100
2026/08/04 14:30:37.792, 21096, 100
2026/08/04 14:30:38.792, 21096, 100
2026/08/04 14:30:39.792, 21096, 100
2026/08/04 14:30:40.793, 21096, 100
2026/08/04 14:30:41.793, 21096, 100
2026/08/04 14:30:42.793, 21096, 100
2026/08/04 14:30:43.793, 21096, 100
2026/08/04 14:30:44.794, 21096, 100
2026/08/04 14:30:45.794, 21096, 85
2026/08/04 14:30:46.794, 21096, 100
2026/08/04 14:30:47.794, 21096, 100
2026/08/04 14:30:48.794, 21096, 100
2026/08/04 14:30:49.795, 21096, 100
2026/08/04 14:30:50.795, 21096, 100
2026/08/04 14:30:51.795, 21096, 100
2026/08/04 14:30:52.795, 21096, 100
2026/08/04 14:30:53.796, 21096, 81
2026/08/04 14:30:54.796, 21096, 85
2026/08/04 14:30:55.796, 21096, 100
2026/08/04 14:30:56.796, 21096, 100
2026/08/04 14:30:57.797, 21096, 100
2026/08/04 14:30:58.798, 21096, 94
2026/08/04 14:30:59.799, 21096, 100
2026/08/04 14:31:00.799, 21096, 100
2026/08/04 14:31:01.799, 21096, 100
2026/08/04 14:31:02.799, 21096, 100
2026/08/04 14:31:03.799, 21096, 100
2026/08/04 14:31:04.800, 21096, 84
2026/08/04 14:31:05.800, 21096, 100
2026/08/04 14:31:06.800, 21096, 100
2026/08/04 14:31:07.800, 21096, 100
2026/08/04 14:31:08.800, 21096, 79
2026/08/04 14:31:09.801, 21096, 100
2026/08/04 14:31:10.801, 21096, 100
2026/08/04 14:31:11.801, 21096, 100
2026/08/04 14:31:12.801, 21096, 100
2026/08/04 14:31:13.802, 21096, 100
2026/08/04 14:31:14.802, 21096, 100
2026/08/04 14:31:15.802, 21096, 100
2026/08/04 14:31:16.802, 21096, 100
2026/08/04 14:31:17.803, 21096, 100
2026/08/04 14:31:18.803, 21096, 100
2026/08/04 14:31:19.803, 21096, 64
2026/08/04 14:31:20.803, 21096, 100
2026/08/04 14:31:21.804, 21096, 100
2026/08/04 14:31:22.804, 21096, 100
2026/08/04 14:31:23.804, 21096, 100
2026/08/04 14:31:24.804, 21096, 100
2026/08/04 14:31:25.805, 21096, 100
2026/08/04 14:31:26.805, 21096, 100
2026/08/04 14:31:27.805, 21096, 100
2026/08/04 14:31:28.805, 21096, 100
2026/08/04 14:31:29.806, 21096, 100
2026/08/04 14:31:30.806, 21096, 100
2026/08/04 14:31:31.806, 21096, 100
2026/08/04 14:31:32.806, 21096, 100
2026/08/04 14:31:33.807, 21096, 100
2026/08/04 14:31:34.807, 21096, 82
2026/08/04 14:31:35.807, 21096, 100
2026/08/04 14:31:36.808, 21096, 85
2026/08/04 14:31:37.808, 21096, 100
2026/08/04 14:31:38.808, 21096, 100
2026/08/04 14:31:39.808, 21096, 100
2026/08/04 14:31:40.809, 21096, 100
2026/08/04 14:31:41.809, 21096, 100
2026/08/04 14:31:42.809, 21096, 100
2026/08/04 14:31:43.809, 21096, 100
2026/08/04 14:31:44.810, 21096, 100
2026/08/04 14:31:45.810, 21096, 100
2026/08/04 14:31:46.810, 21096, 100
2026/08/04 14:31:47.810, 21096, 100
2026/08/04 14:31:48.811, 21096, 98
2026/08/04 14:31:49.811, 21096, 100
2026/08/04 14:31:50.812, 21096, 100
2026/08/04 14:31:51.813, 21096, 100
2026/08/04 14:31:52.815, 21096, 100
2026/08/04 14:31:53.816, 21096, 100
2026/08/04 14:31:54.816, 21096, 100
2026/08/04 14:31:55.817, 21096, 100
2026/08/04 14:31:56.818, 21096, 61
2026/08/04 14:31:57.819, 21096, 100
2026/08/04 14:31:58.821, 21096, 100
2026/08/04 14:31:59.822, 21096, 100
2026/08/04 14:32:00.824, 21096, 100
2026/08/04 14:32:01.824, 21096, 100
2026/08/04 14:32:02.825, 21096, 100
2026/08/04 14:32:03.825, 21096, 100
2026/08/04 14:32:04.826, 21096, 100
2026/08/04 14:32:05.829, 21096, 100
2026/08/04 14:32:06.830, 21096, 100
2026/08/04 14:32:07.834, 21096, 100
2026/08/04 14:32:08.834, 21096, 100
2026/08/04 14:32:09.835, 21096, 100
2026/08/04 14:32:10.835, 21096, 100
2026/08/04 14:32:11.835, 21096, 100
2026/08/04 14:32:12.835, 21096, 100
2026/08/04 14:32:13.836, 21096, 100
2026/08/04 14:32:14.836, 21096, 100
2026/08/04 14:32:15.836, 21096, 100
2026/08/04 14:32:16.837, 21096, 100
2026/08/04 14:32:17.837, 21096, 100
2026/08/04 14:32:18.837, 21096, 100
2026/08/04 14:32:19.838, 21096, 100
2026/08/04 14:32:20.838, 21096, 100
2026/08/04 14:32:21.838, 21096, 100
2026/08/04 14:32:22.838, 21096, 100
2026/08/04 14:32:23.839, 21096, 100
2026/08/04 14:32:24.839, 21096, 100
2026/08/04 14:32:25.839, 21096, 100
2026/08/04 14:32:26.840, 21096, 100
2026/08/04 14:32:27.840, 21096, 100
2026/08/04 14:32:28.840, 21096, 100
2026/08/04 14:32:29.841, 21096, 100
2026/08/04 14:32:30.841, 21096, 100
2026/08/04 14:32:31.841, 21096, 100
2026/08/04 14:32:32.841, 21096, 100
2026/08/04 14:32:33.842, 21096, 100
2026/08/04 14:32:34.842, 21096, 100
2026/08/04 14:32:35.842, 21096, 87
2026/08/04 14:32:36.843, 21096, 100
2026/08/04 14:32:37.843, 21096, 100
2026/08/04 14:32:38.843, 21096, 100
2026/08/04 14:32:39.843, 21096, 90
2026/08/04 14:32:40.844, 21096, 100
2026/08/04 14:32:41.844, 21096, 100
2026/08/04 14:32:42.844, 21096, 100
2026/08/04 14:32:43.845, 21096, 100
2026/08/04 14:32:44.845, 21096, 100
2026/08/04 14:32:45.845, 21096, 100
2026/08/04 14:32:46.846, 21096, 100
2026/08/04 14:32:47.846, 21096, 100
2026/08/04 14:32:48.846, 21096, 100
2026/08/04 14:32:49.847, 21096, 100
2026/08/04 14:32:50.847, 21096, 100
2026/08/04 14:32:51.847, 21096, 100
2026/08/04 14:32:52.847, 21096, 100
2026/08/04 14:32:53.848, 21096, 100
2026/08/04 14:32:54.848, 21096, 63
2026/08/04 14:32:55.848, 21096, 84
2026/08/04 14:32:56.849, 21096, 100
2026/08/04 14:32:57.849, 21096, 85
2026/08/04 14:32:58.849, 21096, 100
2026/08/04 14:32:59.850, 21096, 99
2026/08/04 14:33:00.850, 21096, 100
2026/08/04 14:33:01.850, 21096, 100
2026/08/04 14:33:02.851, 21096, 100
2026/08/04 14:33:03.851, 21096, 100
2026/08/04 14:33:04.851, 21096, 100
2026/08/04 14:33:05.851, 21096, 100
2026/08/04 14:33:06.852, 21096, 100
2026/08/04 14:33:07.852, 21096, 100
2026/08/04 14:33:08.852, 21096, 100
2026/08/04 14:33:09.853, 21096, 100
2026/08/04 14:33:10.853, 21096, 100
2026/08/04 14:33:11.853, 21096, 100
2026/08/04 14:33:12.854, 21096, 100
2026/08/04 14:33:13.854, 21096, 82
2026/08/04 14:33:14.854, 21096, 100
2026/08/04 14:33:15.855, 21096, 100
2026/08/04 14:33:16.855, 21096, 100
2026/08/04 14:33:17.855, 21096, 100
2026/08/04 14:33:18.855, 21096, 83
2026/08/04 14:33:19.855, 21096, 85
2026/08/04 14:33:20.856, 21096, 100
2026/08/04 14:33:21.856, 21096, 100
2026/08/04 14:33:22.856, 21096, 100
2026/08/04 14:33:23.857, 21096, 100
2026/08/04 14:33:24.857, 21096, 100
2026/08/04 14:33:25.857, 21096, 100
2026/08/04 14:33:26.858, 21096, 95
2026/08/04 14:33:27.858, 21096, 100
2026/08/04 14:33:28.858, 21096, 62
2026/08/04 14:33:29.859, 21096, 100
2026/08/04 14:33:30.859, 21096, 100
2026/08/04 14:33:31.859, 21096, 85
2026/08/04 14:33:32.859, 21096, 100
2026/08/04 14:33:33.860, 21096, 100
2026/08/04 14:33:34.860, 21096, 100
2026/08/04 14:33:35.860, 21096, 88
2026/08/04 14:33:36.861, 21096, 100
2026/08/04 14:33:37.861, 21096, 100
2026/08/04 14:33:38.861, 21096, 100
2026/08/04 14:33:39.862, 21096, 79
2026/08/04 14:33:40.862, 21096, 84
2026/08/04 14:33:41.862, 21096, 100
2026/08/04 14:33:42.863, 21096, 100
2026/08/04 14:33:43.863, 21096, 83
2026/08/04 14:33:44.863, 21096, 100
2026/08/04 14:33:45.863, 21096, 100
2026/08/04 14:33:46.864, 21096, 100
2026/08/04 14:33:47.864, 21096, 100
2026/08/04 14:33:48.864, 21096, 100
2026/08/04 14:33:49.865, 21096, 100
2026/08/04 14:33:50.865, 21096, 100
2026/08/04 14:33:51.865, 21096, 100
2026/08/04 14:33:52.866, 21096, 100
2026/08/04 14:33:53.866, 21096, 100
2026/08/04 14:33:54.866, 21096, 100
2026/08/04 14:33:55.866, 21096, 79
2026/08/04 14:33:56.867, 21096, 100
2026/08/04 14:33:57.867, 21096, 84
2026/08/04 14:33:58.867, 21096, 85
2026/08/04 14:33:59.867, 21096, 100
2026/08/04 14:34:00.868, 21096, 100
2026/08/04 14:34:01.868, 21096, 100
2026/08/04 14:34:02.868, 21096, 57
2026/08/04 14:34:03.869, 21096, 81
2026/08/04 14:34:04.869, 21096, 100
2026/08/04 14:34:05.869, 21096, 100
2026/08/04 14:34:06.869, 21096, 100
2026/08/04 14:34:07.870, 21096, 100
2026/08/04 14:34:08.870, 21096, 100
2026/08/04 14:34:09.870, 21096, 100
2026/08/04 14:34:10.871, 21096, 100
2026/08/04 14:34:11.871, 21096, 100
2026/08/04 14:34:12.871, 21096, 100
2026/08/04 14:34:13.872, 21096, 83
2026/08/04 14:34:14.872, 21096, 100
2026/08/04 14:34:15.872, 21096, 100
2026/08/04 14:34:16.872, 21096, 100
2026/08/04 14:34:17.872, 21096, 100
2026/08/04 14:34:18.873, 21096, 100
2026/08/04 14:34:19.873, 21096, 100
2026/08/04 14:34:20.873, 21096, 100
2026/08/04 14:34:21.873, 21096, 100
2026/08/04 14:34:22.874, 21096, 100
2026/08/04 14:34:23.874, 21096, 100
2026/08/04 14:34:24.874, 21096, 100
2026/08/04 14:34:25.874, 21096, 100
2026/08/04 14:34:26.875, 21096, 100
2026/08/04 14:34:27.875, 21096, 100
2026/08/04 14:34:28.875, 21096, 100
2026/08/04 14:34:29.876, 21096, 100
2026/08/04 14:34:30.876, 21096, 100
2026/08/04 14:34:31.876, 21096, 84
2026/08/04 14:34:32.876, 21096, 100
2026/08/04 14:34:33.877, 21096, 100
2026/08/04 14:34:34.877, 21096, 100
2026/08/04 14:34:35.877, 21096, 83
2026/08/04 14:34:36.877, 21096, 100
2026/08/04 14:34:37.878, 21096, 100
2026/08/04 14:34:38.878, 21096, 100
2026/08/04 14:34:39.878, 21096, 74
2026/08/04 14:34:40.878, 21096, 100
2026/08/04 14:34:41.879, 21096, 100
2026/08/04 14:34:42.879, 21096, 100
2026/08/04 14:34:43.879, 21096, 100
2026/08/04 14:34:44.880, 21096, 100
2026/08/04 14:34:45.880, 21096, 100
2026/08/04 14:34:46.880, 21096, 100
2026/08/04 14:34:47.880, 21096, 100
2026/08/04 14:34:48.881, 21096, 100
2026/08/04 14:34:49.881, 21096, 91
2026/08/04 14:34:50.881, 21096, 100
2026/08/04 14:34:51.882, 21096, 100
2026/08/04 14:34:52.882, 21096, 100
2026/08/04 14:34:53.882, 21096, 100
2026/08/04 14:34:54.883, 21096, 100
2026/08/04 14:34:55.883, 21096, 100
2026/08/04 14:34:56.883, 21096, 100
2026/08/04 14:34:57.883, 21096, 91
2026/08/04 14:34:58.884, 21096, 100
2026/08/04 14:34:59.884, 21096, 100
2026/08/04 14:35:00.884, 21096, 100
2026/08/04 14:35:01.885, 21096, 100
2026/08/04 14:35:02.885, 21096, 94
2026/08/04 14:35:03.885, 21096, 100
2026/08/04 14:35:04.886, 21096, 100
2026/08/04 14:35:05.886, 21096, 100
2026/08/04 14:35:06.887, 21096, 100
2026/08/04 14:35:07.887, 21096, 90
2026/08/04 14:35:08.887, 21096, 100
2026/08/04 14:35:09.887, 21096, 100
2026/08/04 14:35:10.888, 21096, 100
2026/08/04 14:35:11.888, 21096, 100
2026/08/04 14:35:12.888, 21096, 63
2026/08/04 14:35:13.889, 21096, 100
2026/08/04 14:35:14.889, 21096, 100
2026/08/04 14:35:15.889, 21096, 100
2026/08/04 14:35:16.889, 21096, 100
2026/08/04 14:35:17.890, 21096, 81
2026/08/04 14:35:18.890, 21096, 100
2026/08/04 14:35:19.890, 21096, 89
2026/08/04 14:35:20.890, 21096, 100
2026/08/04 14:35:21.891, 21096, 87
2026/08/04 14:35:22.891, 21096, 100
2026/08/04 14:35:23.891, 21096, 100
2026/08/04 14:35:24.892, 21096, 76
2026/08/04 14:35:25.892, 21096, 83
2026/08/04 14:35:26.892, 21096, 100
2026/08/04 14:35:27.893, 21096, 100
2026/08/04 14:35:28.893, 21096, 100
2026/08/04 14:35:29.893, 21096, 100
2026/08/04 14:35:30.893, 21096, 100
2026/08/04 14:35:31.894, 21096, 100
2026/08/04 14:35:32.894, 21096, 100
2026/08/04 14:35:33.894, 21096, 100
2026/08/04 14:35:34.895, 21096, 100
2026/08/04 14:35:35.895, 21096, 100
2026/08/04 14:35:36.895, 21096, 100
2026/08/04 14:35:37.895, 21096, 84
2026/08/04 14:35:38.896, 21096, 100
2026/08/04 14:35:39.896, 21096, 100
2026/08/04 14:35:40.896, 21096, 84
2026/08/04 14:35:41.897, 21096, 100
2026/08/04 14:35:42.897, 21096, 100
2026/08/04 14:35:43.897, 21096, 91
2026/08/04 14:35:44.898, 21096, 100
2026/08/04 14:35:45.898, 21096, 100
2026/08/04 14:35:46.898, 21096, 100
2026/08/04 14:35:47.898, 21096, 100
2026/08/04 14:35:48.899, 21096, 100
2026/08/04 14:35:49.899, 21096, 100
2026/08/04 14:35:50.899, 21096, 89
2026/08/04 14:35:51.899, 21096, 100
2026/08/04 14:35:52.900, 21096, 100
2026/08/04 14:35:53.900, 21096, 100
2026/08/04 14:35:54.900, 21096, 100
2026/08/04 14:35:55.901, 21096, 100
2026/08/04 14:35:56.901, 21096, 100
2026/08/04 14:35:57.901, 21096, 100
2026/08/04 14:35:58.902, 21096, 86
2026/08/04 14:35:59.902, 21096, 100
2026/08/04 14:36:00.902, 21096, 100
2026/08/04 14:36:01.902, 21096, 100
2026/08/04 14:36:02.903, 21096, 100
2026/08/04 14:36:03.903, 21096, 100
2026/08/04 14:36:04.903, 21096, 100
2026/08/04 14:36:05.904, 21096, 100
2026/08/04 14:36:06.904, 21096, 100
2026/08/04 14:36:07.904, 21096, 85
2026/08/04 14:36:08.905, 21096, 100
2026/08/04 14:36:09.905, 21096, 100
2026/08/04 14:36:10.905, 21096, 100
2026/08/04 14:36:11.906, 21096, 85
2026/08/04 14:36:12.906, 21096, 100
2026/08/04 14:36:13.906, 21096, 100
2026/08/04 14:36:14.907, 21096, 100
2026/08/04 14:36:15.907, 21096, 100
2026/08/04 14:36:16.907, 21096, 100
2026/08/04 14:36:17.908, 21096, 100
2026/08/04 14:36:18.908, 21096, 68
2026/08/04 14:36:19.908, 21096, 100
2026/08/04 14:36:20.909, 21096, 100
2026/08/04 14:36:21.909, 21096, 100
2026/08/04 14:36:22.909, 21096, 100
2026/08/04 14:36:23.909, 21096, 100
2026/08/04 14:36:24.910, 21096, 100
2026/08/04 14:36:25.910, 21096, 100
2026/08/04 14:36:26.910, 21096, 100
2026/08/04 14:36:27.911, 21096, 100
2026/08/04 14:36:28.911, 21096, 100
2026/08/04 14:36:29.911, 21096, 85
2026/08/04 14:36:30.912, 21096, 64
2026/08/04 14:36:31.912, 21096, 85
2026/08/04 14:36:32.912, 21096, 100
2026/08/04 14:36:33.912, 21096, 100
2026/08/04 14:36:34.913, 21096, 100
2026/08/04 14:36:35.913, 21096, 100
2026/08/04 14:36:36.913, 21096, 84
2026/08/04 14:36:37.914, 21096, 84
2026/08/04 14:36:38.914, 21096, 100
2026/08/04 14:36:39.914, 21096, 83
2026/08/04 14:36:40.915, 21096, 76
2026/08/04 14:36:41.915, 21096, 100
2026/08/04 14:36:42.915, 21096, 100
2026/08/04 14:36:43.916, 21096, 100
2026/08/04 14:36:44.916, 21096, 100
2026/08/04 14:36:45.916, 21096, 100
2026/08/04 14:36:46.917, 21096, 82
2026/08/04 14:36:47.917, 21096, 100
2026/08/04 14:36:48.917, 21096, 100
2026/08/04 14:36:49.917, 21096, 100
2026/08/04 14:36:50.918, 21096, 100
2026/08/04 14:36:51.918, 21096, 100
2026/08/04 14:36:52.918, 21096, 100
2026/08/04 14:36:53.919, 21096, 100
2026/08/04 14:36:54.919, 21096, 100
2026/08/04 14:36:55.919, 21096, 100
2026/08/04 14:36:56.919, 21096, 100
2026/08/04 14:36:57.920, 21096, 100
2026/08/04 14:36:58.920, 21096, 100
2026/08/04 14:36:59.920, 21096, 100
2026/08/04 14:37:00.921, 21096, 62
2026/08/04 14:37:01.921, 21096, 100
2026/08/04 14:37:02.921, 21096, 100
2026/08/04 14:37:03.922, 21096, 86
2026/08/04 14:37:04.922, 21096, 100
2026/08/04 14:37:05.922, 21096, 100
2026/08/04 14:37:06.922, 21096, 100
2026/08/04 14:37:07.923, 21096, 100
2026/08/04 14:37:08.923, 21096, 100
2026/08/04 14:37:09.923, 21096, 100
2026/08/04 14:37:10.924, 21096, 100
2026/08/04 14:37:11.924, 21096, 100
2026/08/04 14:37:12.925, 21096, 100
2026/08/04 14:37:13.926, 21096, 100
2026/08/04 14:37:14.926, 21096, 100
2026/08/04 14:37:15.926, 21096, 100
2026/08/04 14:37:16.926, 21096, 94
2026/08/04 14:37:17.927, 21096, 100
2026/08/04 14:37:18.927, 21096, 100
2026/08/04 14:37:19.927, 21096, 100
2026/08/04 14:37:20.928, 21096, 100
2026/08/04 14:37:21.928, 21096, 100
2026/08/04 14:37:22.928, 21096, 100
2026/08/04 14:37:23.929, 21096, 100
2026/08/04 14:37:24.929, 21096, 100
2026/08/04 14:37:25.929, 21096, 100
2026/08/04 14:37:26.929, 21096, 100
2026/08/04 14:37:27.930, 21096, 100
2026/08/04 14:37:28.930, 21096, 100
2026/08/04 14:37:29.930, 21096, 100
2026/08/04 14:37:30.931, 21096, 100
2026/08/04 14:37:31.931, 21096, 100
2026/08/04 14:37:32.931, 21096, 82
2026/08/04 14:37:33.932, 21096, 100
2026/08/04 14:37:34.932, 21096, 100
2026/08/04 14:37:35.932, 21096, 100
2026/08/04 14:37:36.932, 21096, 100
2026/08/04 14:37:37.933, 21096, 100
2026/08/04 14:37:38.933, 21096, 100
2026/08/04 14:37:39.933, 21096, 100
2026/08/04 14:37:40.934, 21096, 100
2026/08/04 14:37:41.934, 21096, 100
2026/08/04 14:37:42.934, 21096, 82
2026/08/04 14:37:43.934, 21096, 88
2026/08/04 14:37:44.935, 21096, 100
2026/08/04 14:37:45.935, 21096, 100
2026/08/04 14:37:46.935, 21096, 100
2026/08/04 14:37:47.936, 21096, 100
2026/08/04 14:37:48.936, 21096, 100
2026/08/04 14:37:49.936, 21096, 100
2026/08/04 14:37:50.936, 21096, 100
2026/08/04 14:37:51.937, 21096, 91
2026/08/04 14:37:52.937, 21096, 100
2026/08/04 14:37:53.937, 21096, 100
2026/08/04 14:37:54.937, 21096, 76
2026/08/04 14:37:55.938, 21096, 100
2026/08/04 14:37:56.938, 21096, 100
2026/08/04 14:37:57.938, 21096, 100
2026/08/04 14:37:58.939, 21096, 100
2026/08/04 14:37:59.939, 21096, 100
2026/08/04 14:38:00.939, 21096, 100
2026/08/04 14:38:01.939, 21096, 81
2026/08/04 14:38:02.940, 21096, 84
2026/08/04 14:38:03.940, 21096, 85
2026/08/04 14:38:04.940, 21096, 100
2026/08/04 14:38:05.941, 21096, 100
2026/08/04 14:38:06.941, 21096, 100
2026/08/04 14:38:07.941, 21096, 81
2026/08/04 14:38:08.941, 21096, 100
2026/08/04 14:38:09.942, 21096, 100
2026/08/04 14:38:10.942, 21096, 100
2026/08/04 14:38:11.942, 21096, 63
2026/08/04 14:38:12.942, 21096, 100
2026/08/04 14:38:13.943, 21096, 100
2026/08/04 14:38:14.943, 21096, 88
2026/08/04 14:38:15.943, 21096, 100
2026/08/04 14:38:16.943, 21096, 59
2026/08/04 14:38:17.944, 21096, 100
2026/08/04 14:38:18.944, 21096, 100
2026/08/04 14:38:19.944, 21096, 100
2026/08/04 14:38:20.944, 21096, 70
2026/08/04 14:38:21.945, 21096, 100
2026/08/04 14:38:22.945, 21096, 86
2026/08/04 14:38:23.945, 21096, 100
2026/08/04 14:38:24.946, 21096, 100
2026/08/04 14:38:25.946, 21096, 81
2026/08/04 14:38:26.946, 21096, 100
2026/08/04 14:38:27.946, 21096, 100
2026/08/04 14:38:28.947, 21096, 100
2026/08/04 14:38:29.947, 21096, 100
2026/08/04 14:38:30.947, 21096, 100
2026/08/04 14:38:31.947, 21096, 100
2026/08/04 14:38:32.948, 21096, 100
2026/08/04 14:38:33.948, 21096, 65
2026/08/04 14:38:34.948, 21096, 100
2026/08/04 14:38:35.949, 21096, 100
2026/08/04 14:38:36.949, 21096, 100
2026/08/04 14:38:37.949, 21096, 100
2026/08/04 14:38:38.949, 21096, 100
2026/08/04 14:38:39.950, 21096, 100
2026/08/04 14:38:40.950, 21096, 100
2026/08/04 14:38:41.950, 21096, 100
2026/08/04 14:38:42.950, 21096, 100
2026/08/04 14:38:43.951, 21096, 100
2026/08/04 14:38:44.951, 21096, 100
2026/08/04 14:38:45.980, 21096, 100
2026/08/04 14:38:46.981, 21096, 79
2026/08/04 14:38:47.981, 21096, 86
2026/08/04 14:38:48.981, 21096, 100
2026/08/04 14:38:49.981, 21096, 100
2026/08/04 14:38:50.982, 21096, 100
2026/08/04 14:38:51.982, 21096, 100
2026/08/04 14:38:52.982, 21096, 80
2026/08/04 14:38:53.983, 21096, 100
2026/08/04 14:38:54.983, 21096, 100
2026/08/04 14:38:55.983, 21096, 100
2026/08/04 14:38:56.984, 21096, 100
2026/08/04 14:38:57.984, 21096, 82
2026/08/04 14:38:58.984, 21096, 100
2026/08/04 14:38:59.985, 21096, 100
2026/08/04 14:39:00.985, 21096, 100
2026/08/04 14:39:01.985, 21096, 100
2026/08/04 14:39:02.986, 21096, 100
2026/08/04 14:39:03.986, 21096, 100
2026/08/04 14:39:04.986, 21096, 100
2026/08/04 14:39:05.987, 21096, 86
2026/08/04 14:39:06.987, 21096, 100
2026/08/04 14:39:07.988, 21096, 100
2026/08/04 14:39:08.988, 21096, 100
2026/08/04 14:39:09.988, 21096, 100
2026/08/04 14:39:10.989, 21096, 100
2026/08/04 14:39:11.989, 21096, 100
2026/08/04 14:39:12.989, 21096, 100
2026/08/04 14:39:13.990, 21096, 100
2026/08/04 14:39:14.990, 21096, 100
2026/08/04 14:39:15.990, 21096, 100
2026/08/04 14:39:16.990, 21096, 100
2026/08/04 14:39:17.991, 21096, 100
2026/08/04 14:39:18.991, 21096, 100
2026/08/04 14:39:19.991, 21096, 100
2026/08/04 14:39:20.991, 21096, 100
2026/08/04 14:39:21.992, 21096, 100
2026/08/04 14:39:22.992, 21096, 100
2026/08/04 14:39:23.992, 21096, 100
2026/08/04 14:39:24.992, 21096, 100
2026/08/04 14:39:25.992, 21096, 100
2026/08/04 14:39:26.993, 21096, 100
2026/08/04 14:39:27.993, 21096, 100
2026/08/04 14:39:28.993, 21096, 100
2026/08/04 14:39:29.993, 21096, 100
2026/08/04 14:39:30.994, 21096, 100
2026/08/04 14:39:31.994, 21096, 100
2026/08/04 14:39:32.994, 21096, 100
2026/08/04 14:39:33.994, 21096, 100
2026/08/04 14:39:34.995, 21096, 98
2026/08/04 14:39:35.995, 21096, 83
2026/08/04 14:39:36.995, 21096, 100
2026/08/04 14:39:37.996, 21096, 100
2026/08/04 14:39:38.996, 21096, 100
2026/08/04 14:39:39.996, 21096, 100
2026/08/04 14:39:40.996, 21096, 100
2026/08/04 14:39:41.997, 21096, 85
2026/08/04 14:39:42.998, 21096, 100
2026/08/04 14:39:43.998, 21096, 100
2026/08/04 14:39:44.998, 21096, 100
2026/08/04 14:39:45.999, 21096, 100
2026/08/04 14:39:46.999, 21096, 100
2026/08/04 14:39:47.999, 21096, 100
2026/08/04 14:39:48.999, 21096, 100
2026/08/04 14:39:49.999, 21096, 100
2026/08/04 14:39:51.000, 21096, 100
2026/08/04 14:39:52.000, 21096, 100
2026/08/04 14:39:53.000, 21096, 89
2026/08/04 14:39:54.000, 21096, 100
2026/08/04 14:39:55.001, 21096, 100
2026/08/04 14:39:56.001, 21096, 100
2026/08/04 14:39:57.001, 21096, 100
2026/08/04 14:39:58.002, 21096, 100
2026/08/04 14:39:59.002, 21096, 100
2026/08/04 14:40:00.002, 21096, 100
2026/08/04 14:40:01.002, 21096, 98
2026/08/04 14:40:02.002, 21096, 100
2026/08/04 14:40:03.003, 21096, 100
2026/08/04 14:40:04.003, 21096, 100
2026/08/04 14:40:05.003, 21096, 100
2026/08/04 14:40:06.003, 21096, 100
2026/08/04 14:40:07.003, 21096, 100
2026/08/04 14:40:08.004, 21096, 100
2026/08/04 14:40:09.004, 21096, 100
2026/08/04 14:40:10.004, 21096, 100
2026/08/04 14:40:11.005, 21096, 100
2026/08/04 14:40:12.005, 21096, 100
2026/08/04 14:40:13.005, 21096, 100
2026/08/04 14:40:14.005, 21096, 100
2026/08/04 14:40:15.006, 21096, 100
2026/08/04 14:40:16.006, 21096, 100
2026/08/04 14:40:17.006, 21096, 100
2026/08/04 14:40:18.006, 21096, 100
2026/08/04 14:40:19.007, 21096, 100
2026/08/04 14:40:20.007, 21096, 100
2026/08/04 14:40:21.007, 21096, 100
2026/08/04 14:40:22.007, 21096, 100
2026/08/04 14:40:23.007, 21096, 100
2026/08/04 14:40:24.008, 21096, 98
2026/08/04 14:40:25.008, 21096, 100
2026/08/04 14:40:26.008, 21096, 100
2026/08/04 14:40:27.009, 21096, 88
2026/08/04 14:40:28.009, 21096, 100
2026/08/04 14:40:29.009, 21096, 82
2026/08/04 14:40:30.009, 21096, 63
2026/08/04 14:40:31.010, 21096, 100
2026/08/04 14:40:32.010, 21096, 100
2026/08/04 14:40:33.010, 21096, 100
2026/08/04 14:40:34.010, 21096, 100
2026/08/04 14:40:35.011, 21096, 100
2026/08/04 14:40:36.011, 21096, 100
2026/08/04 14:40:37.011, 21096, 100
2026/08/04 14:40:38.011, 21096, 100
2026/08/04 14:40:39.012, 21096, 83
2026/08/04 14:40:40.012, 21096, 100
2026/08/04 14:40:41.012, 21096, 100
2026/08/04 14:40:42.012, 21096, 100
2026/08/04 14:40:43.013, 21096, 100
2026/08/04 14:40:44.013, 21096, 61
2026/08/04 14:40:45.013, 21096, 89
2026/08/04 14:40:46.014, 21096, 100
2026/08/04 14:40:47.014, 21096, 100
2026/08/04 14:40:48.014, 21096, 100
2026/08/04 14:40:49.015, 21096, 100
2026/08/04 14:40:50.015, 21096, 100
2026/08/04 14:40:51.015, 21096, 100
2026/08/04 14:40:52.015, 21096, 96
2026/08/04 14:40:53.016, 21096, 100
2026/08/04 14:40:54.016, 21096, 100
2026/08/04 14:40:55.016, 21096, 100
2026/08/04 14:40:56.017, 21096, 86
2026/08/04 14:40:57.050, 21096, 100
2026/08/04 14:40:58.051, 21096, 100
2026/08/04 14:40:59.051, 21096, 100
2026/08/04 14:41:00.051, 21096, 100
2026/08/04 14:41:01.052, 21096, 100
2026/08/04 14:41:02.052, 21096, 100
2026/08/04 14:41:03.053, 21096, 100
2026/08/04 14:41:04.053, 21096, 100
2026/08/04 14:41:05.053, 21096, 100
2026/08/04 14:41:06.053, 21096, 84
2026/08/04 14:41:07.054, 21096, 100
2026/08/04 14:41:08.086, 21096, 100
2026/08/04 14:41:09.086, 21096, 100
2026/08/04 14:41:10.086, 21096, 100
2026/08/04 14:41:11.086, 21096, 100
2026/08/04 14:41:12.087, 21096, 100
2026/08/04 14:41:13.087, 21096, 100
2026/08/04 14:41:14.087, 21096, 100
2026/08/04 14:41:15.088, 21096, 100
2026/08/04 14:41:16.088, 21096, 100
2026/08/04 14:41:17.088, 21096, 100
2026/08/04 14:41:18.089, 21096, 76
2026/08/04 14:41:19.089, 21096, 100
2026/08/04 14:41:20.089, 21096, 100
2026/08/04 14:41:21.089, 21096, 100
2026/08/04 14:41:22.090, 21096, 100
2026/08/04 14:41:23.090, 21096, 100
2026/08/04 14:41:24.090, 21096, 100
2026/08/04 14:41:25.091, 21096, 100
2026/08/04 14:41:26.091, 21096, 100
2026/08/04 14:41:27.091, 21096, 86
2026/08/04 14:41:28.091, 21096, 64
2026/08/04 14:41:29.092, 21096, 100
2026/08/04 14:41:30.092, 21096, 100
2026/08/04 14:41:31.092, 21096, 100
2026/08/04 14:41:32.093, 21096, 100
2026/08/04 14:41:33.093, 21096, 100
2026/08/04 14:41:34.093, 21096, 100
2026/08/04 14:41:35.093, 21096, 85
2026/08/04 14:41:36.094, 21096, 100
2026/08/04 14:41:37.094, 21096, 100
2026/08/04 14:41:38.094, 21096, 86
2026/08/04 14:41:39.094, 21096, 100
2026/08/04 14:41:40.095, 21096, 100
2026/08/04 14:41:41.095, 21096, 100
2026/08/04 14:41:42.095, 21096, 100
2026/08/04 14:41:43.096, 21096, 100
2026/08/04 14:41:44.096, 21096, 100
2026/08/04 14:41:45.096, 21096, 87
2026/08/04 14:41:46.096, 21096, 100
2026/08/04 14:41:47.097, 21096, 100
2026/08/04 14:41:48.097, 21096, 100
2026/08/04 14:41:49.097, 21096, 100
2026/08/04 14:41:50.097, 21096, 100
2026/08/04 14:41:51.098, 21096, 100
2026/08/04 14:41:52.098, 21096, 100
2026/08/04 14:41:53.098, 21096, 100
2026/08/04 14:41:54.098, 21096, 100
2026/08/04 14:41:55.099, 21096, 100
2026/08/04 14:41:56.099, 21096, 100
2026/08/04 14:41:57.099, 21096, 100
2026/08/04 14:41:58.099, 21096, 100
2026/08/04 14:41:59.100, 21096, 82
2026/08/04 14:42:00.100, 21096, 100
2026/08/04 14:42:01.100, 21096, 100
2026/08/04 14:42:02.101, 21096, 100
2026/08/04 14:42:03.101, 21096, 85
2026/08/04 14:42:04.101, 21096, 100
2026/08/04 14:42:05.101, 21096, 100
2026/08/04 14:42:06.102, 21096, 100
2026/08/04 14:42:07.102, 21096, 100
2026/08/04 14:42:08.102, 21096, 83
2026/08/04 14:42:09.103, 21096, 100
2026/08/04 14:42:10.103, 21096, 100
2026/08/04 14:42:11.103, 21096, 100
2026/08/04 14:42:12.103, 21096, 64
2026/08/04 14:42:13.104, 21096, 100
2026/08/04 14:42:14.104, 21096, 92
2026/08/04 14:42:15.104, 21096, 100
2026/08/04 14:42:16.104, 21096, 100
2026/08/04 14:42:17.105, 21096, 100
2026/08/04 14:42:18.105, 21096, 100
2026/08/04 14:42:19.105, 21096, 100
2026/08/04 14:42:20.105, 21096, 84
2026/08/04 14:42:21.106, 21096, 100
2026/08/04 14:42:22.106, 21096, 100
2026/08/04 14:42:23.106, 21096, 100
2026/08/04 14:42:24.106, 21096, 100
2026/08/04 14:42:25.107, 21096, 100
2026/08/04 14:42:26.107, 21096, 100
2026/08/04 14:42:27.107, 21096, 100
2026/08/04 14:42:28.107, 21096, 100
2026/08/04 14:42:29.108, 21096, 100
2026/08/04 14:42:30.108, 21096, 100
2026/08/04 14:42:31.108, 21096, 100
2026/08/04 14:42:32.108, 21096, 100
2026/08/04 14:42:33.108, 21096, 100
2026/08/04 14:42:34.109, 21096, 100
2026/08/04 14:42:35.109, 21096, 100
2026/08/04 14:42:36.109, 21096, 100
2026/08/04 14:42:37.109, 21096, 84
2026/08/04 14:42:38.110, 21096, 100
2026/08/04 14:42:39.110, 21096, 100
2026/08/04 14:42:40.110, 21096, 100
2026/08/04 14:42:41.111, 21096, 100
2026/08/04 14:42:42.112, 21096, 100
2026/08/04 14:42:43.112, 21096, 100
2026/08/04 14:42:44.112, 21096, 100
2026/08/04 14:42:45.112, 21096, 100
2026/08/04 14:42:46.113, 21096, 100
2026/08/04 14:42:47.113, 21096, 100
2026/08/04 14:42:48.113, 21096, 100
2026/08/04 14:42:49.114, 21096, 100
2026/08/04 14:42:50.114, 21096, 100
2026/08/04 14:42:51.114, 21096, 100
2026/08/04 14:42:52.115, 21096, 100
2026/08/04 14:42:53.115, 21096, 100
2026/08/04 14:42:54.115, 21096, 100
2026/08/04 14:42:55.116, 21096, 61
2026/08/04 14:42:56.116, 21096, 100
2026/08/04 14:42:57.116, 21096, 86
2026/08/04 14:42:58.116, 21096, 100
2026/08/04 14:42:59.117, 21096, 100
2026/08/04 14:43:00.117, 21096, 100
2026/08/04 14:43:01.117, 21096, 100
2026/08/04 14:43:02.117, 21096, 100
2026/08/04 14:43:03.117, 21096, 100
2026/08/04 14:43:04.118, 21096, 87
2026/08/04 14:43:05.118, 21096, 100
2026/08/04 14:43:06.118, 21096, 84
2026/08/04 14:43:07.119, 21096, 100
2026/08/04 14:43:08.119, 21096, 100
2026/08/04 14:43:09.119, 21096, 100
2026/08/04 14:43:10.119, 21096, 100
2026/08/04 14:43:11.120, 21096, 100
2026/08/04 14:43:12.120, 21096, 100
2026/08/04 14:43:13.120, 21096, 100
2026/08/04 14:43:14.120, 21096, 84
2026/08/04 14:43:15.121, 21096, 100
2026/08/04 14:43:16.121, 21096, 100
2026/08/04 14:43:17.121, 21096, 99
2026/08/04 14:43:18.121, 21096, 100
2026/08/04 14:43:19.122, 21096, 100
2026/08/04 14:43:20.122, 21096, 100
2026/08/04 14:43:21.123, 21096, 100
2026/08/04 14:43:22.123, 21096, 100
2026/08/04 14:43:23.123, 21096, 100
2026/08/04 14:43:24.123, 21096, 100
2026/08/04 14:43:25.124, 21096, 100
2026/08/04 14:43:26.124, 21096, 100
2026/08/04 14:43:27.124, 21096, 100
2026/08/04 14:43:28.124, 21096, 100
2026/08/04 14:43:29.125, 21096, 100
2026/08/04 14:43:30.125, 21096, 100
2026/08/04 14:43:31.125, 21096, 100
2026/08/04 14:43:32.125, 21096, 100
2026/08/04 14:43:33.126, 21096, 99
2026/08/04 14:43:34.126, 21096, 85
2026/08/04 14:43:35.126, 21096, 100
2026/08/04 14:43:36.145, 21096, 100
2026/08/04 14:43:37.145, 21096, 100
2026/08/04 14:43:38.145, 21096, 100
2026/08/04 14:43:39.146, 21096, 68
2026/08/04 14:43:40.146, 21096, 100
2026/08/04 14:43:41.146, 21096, 100
2026/08/04 14:43:42.147, 21096, 67
2026/08/04 14:43:43.147, 21096, 100
2026/08/04 14:43:44.147, 21096, 100
2026/08/04 14:43:45.147, 21096, 100
2026/08/04 14:43:46.148, 21096, 100
2026/08/04 14:43:47.148, 21096, 100
2026/08/04 14:43:48.148, 21096, 100
2026/08/04 14:43:49.149, 21096, 100
2026/08/04 14:43:50.149, 21096, 100
2026/08/04 14:43:51.149, 21096, 100
2026/08/04 14:43:52.149, 21096, 100
2026/08/04 14:43:53.149, 21096, 100
2026/08/04 14:43:54.150, 21096, 100
2026/08/04 14:43:55.150, 21096, 100
2026/08/04 14:43:56.150, 21096, 100
2026/08/04 14:43:57.150, 21096, 100
2026/08/04 14:43:58.151, 21096, 100
2026/08/04 14:43:59.151, 21096, 100
2026/08/04 14:44:00.151, 21096, 100
2026/08/04 14:44:01.151, 21096, 100
2026/08/04 14:44:02.152, 21096, 100
2026/08/04 14:44:03.152, 21096, 100
2026/08/04 14:44:04.152, 21096, 100
2026/08/04 14:44:05.152, 21096, 100
2026/08/04 14:44:06.153, 21096, 100
2026/08/04 14:44:07.153, 21096, 100
2026/08/04 14:44:08.153, 21096, 100
2026/08/04 14:44:09.153, 21096, 100
2026/08/04 14:44:10.154, 21096, 100
2026/08/04 14:44:11.154, 21096, 100
2026/08/04 14:44:12.154, 21096, 87
2026/08/04 14:44:13.155, 21096, 100
2026/08/04 14:44:14.155, 21096, 100
2026/08/04 14:44:15.155, 21096, 100
2026/08/04 14:44:16.156, 21096, 89
2026/08/04 14:44:17.156, 21096, 100
2026/08/04 14:44:18.157, 21096, 100
2026/08/04 14:44:19.157, 21096, 100
2026/08/04 14:44:20.157, 21096, 61
2026/08/04 14:44:21.157, 21096, 100
2026/08/04 14:44:22.158, 21096, 100
2026/08/04 14:44:23.158, 21096, 81
2026/08/04 14:44:24.158, 21096, 62
2026/08/04 14:44:25.158, 21096, 100
2026/08/04 14:44:26.159, 21096, 100
2026/08/04 14:44:27.159, 21096, 84
2026/08/04 14:44:28.159, 21096, 83
2026/08/04 14:44:29.159, 21096, 100
2026/08/04 14:44:30.160, 21096, 100
2026/08/04 14:44:31.160, 21096, 100
2026/08/04 14:44:32.160, 21096, 100
2026/08/04 14:44:33.160, 21096, 87
2026/08/04 14:44:34.161, 21096, 100
2026/08/04 14:44:35.161, 21096, 100
2026/08/04 14:44:36.161, 21096, 100
2026/08/04 14:44:37.161, 21096, 100
2026/08/04 14:44:38.168, 21096, 100
2026/08/04 14:44:39.207, 21096, 100
2026/08/04 14:44:40.242, 21096, 100
2026/08/04 14:44:41.272, 21096, 100
2026/08/04 14:44:42.299, 21096, 100
2026/08/04 14:44:43.322, 21096, 89
2026/08/04 14:44:44.342, 21096, 100
2026/08/04 14:44:45.360, 21096, 100
2026/08/04 14:44:46.375, 21096, 100
2026/08/04 14:44:47.389, 21096, 100
2026/08/04 14:44:48.401, 21096, 100
2026/08/04 14:44:49.413, 21096, 85
2026/08/04 14:44:50.422, 21096, 100
2026/08/04 14:44:51.431, 21096, 63
2026/08/04 14:44:52.439, 21096, 100
2026/08/04 14:44:53.446, 21096, 100
2026/08/04 14:44:54.452, 21096, 100
2026/08/04 14:44:55.458, 21096, 100
2026/08/04 14:44:56.463, 21096, 100
2026/08/04 14:44:57.467, 21096, 100
2026/08/04 14:44:58.472, 21096, 100
2026/08/04 14:44:59.475, 21096, 100
2026/08/04 14:45:00.479, 21096, 100
2026/08/04 14:45:01.482, 21096, 100
2026/08/04 14:45:02.488, 21096, 100
2026/08/04 14:45:03.490, 21096, 100
2026/08/04 14:45:04.493, 21096, 100
2026/08/04 14:45:05.495, 21096, 100
2026/08/04 14:45:06.498, 21096, 100
2026/08/04 14:45:07.500, 21096, 100
2026/08/04 14:45:08.502, 21096, 100
2026/08/04 14:45:09.504, 21096, 100
2026/08/04 14:45:10.506, 21096, 100
2026/08/04 14:45:11.507, 21096, 100
2026/08/04 14:45:12.509, 21096, 100
2026/08/04 14:45:13.510, 21096, 82
2026/08/04 14:45:14.512, 21096, 100
2026/08/04 14:45:15.513, 21096, 100
2026/08/04 14:45:16.514, 21096, 100
2026/08/04 14:45:17.515, 21096, 100
2026/08/04 14:45:18.516, 21096, 100
2026/08/04 14:45:19.518, 21096, 100
2026/08/04 14:45:20.519, 21096, 100
2026/08/04 14:45:21.521, 21096, 100
2026/08/04 14:45:22.522, 21096, 100
2026/08/04 14:45:23.524, 21096, 100
2026/08/04 14:45:24.525, 21096, 84
2026/08/04 14:45:25.527, 21096, 100
2026/08/04 14:45:26.528, 21096, 100
2026/08/04 14:45:27.529, 21096, 100
2026/08/04 14:45:28.531, 21096, 100
2026/08/04 14:45:29.532, 21096, 100
2026/08/04 14:45:30.534, 21096, 100
2026/08/04 14:45:31.535, 21096, 100
2026/08/04 14:45:32.536, 21096, 100
2026/08/04 14:45:33.538, 21096, 100
2026/08/04 14:45:34.539, 21096, 100
2026/08/04 14:45:35.540, 21096, 100
2026/08/04 14:45:36.542, 21096, 100
2026/08/04 14:45:37.543, 21096, 100
2026/08/04 14:45:38.544, 21096, 84
2026/08/04 14:45:39.546, 21096, 100
2026/08/04 14:45:40.547, 21096, 100
2026/08/04 14:45:41.549, 21096, 100
2026/08/04 14:45:42.549, 21096, 83
2026/08/04 14:45:43.550, 21096, 100
2026/08/04 14:45:44.550, 21096, 100
2026/08/04 14:45:45.550, 21096, 100
2026/08/04 14:45:46.551, 21096, 100
2026/08/04 14:45:47.551, 21096, 100
2026/08/04 14:45:48.551, 21096, 100
2026/08/04 14:45:49.551, 21096, 100
2026/08/04 14:45:50.551, 21096, 97
2026/08/04 14:45:51.552, 21096, 100
2026/08/04 14:45:52.552, 21096, 100
2026/08/04 14:45:53.552, 21096, 100
2026/08/04 14:45:54.552, 21096, 100
2026/08/04 14:45:55.553, 21096, 100
2026/08/04 14:45:56.553, 21096, 100
2026/08/04 14:45:57.553, 21096, 100
2026/08/04 14:45:58.553, 21096, 100
2026/08/04 14:45:59.553, 21096, 100
2026/08/04 14:46:00.554, 21096, 100
2026/08/04 14:46:01.554, 21096, 100
2026/08/04 14:46:02.554, 21096, 100
2026/08/04 14:46:03.555, 21096, 100
2026/08/04 14:46:04.555, 21096, 100
2026/08/04 14:46:05.555, 21096, 100
2026/08/04 14:46:06.555, 21096, 100
2026/08/04 14:46:07.556, 21096, 100
2026/08/04 14:46:08.556, 21096, 100
2026/08/04 14:46:09.556, 21096, 100
2026/08/04 14:46:10.556, 21096, 100
2026/08/04 14:46:11.557, 21096, 100
2026/08/04 14:46:12.557, 21096, 100
2026/08/04 14:46:13.557, 21096, 100
2026/08/04 14:46:14.558, 21096, 100
2026/08/04 14:46:15.558, 21096, 100
2026/08/04 14:46:16.558, 21096, 60
2026/08/04 14:46:17.575, 21096, 100
2026/08/04 14:46:18.600, 21096, 100
2026/08/04 14:46:19.623, 21096, 100
2026/08/04 14:46:20.643, 21096, 100
2026/08/04 14:46:21.661, 21096, 100
2026/08/04 14:46:22.676, 21096, 100
2026/08/04 14:46:23.690, 21096, 100
2026/08/04 14:46:24.702, 21096, 100
2026/08/04 14:46:25.712, 21096, 100
2026/08/04 14:46:26.721, 21096, 100
2026/08/04 14:46:27.730, 21096, 100
2026/08/04 14:46:28.738, 21096, 100
2026/08/04 14:46:29.744, 21096, 100
2026/08/04 14:46:30.751, 21096, 86
2026/08/04 14:46:31.756, 21096, 100
2026/08/04 14:46:32.761, 21096, 82
2026/08/04 14:46:33.765, 21096, 95
2026/08/04 14:46:34.769, 21096, 100
2026/08/04 14:46:35.772, 21096, 100
2026/08/04 14:46:36.776, 21096, 83
2026/08/04 14:46:37.780, 21096, 100
2026/08/04 14:46:38.783, 21096, 82
2026/08/04 14:46:39.785, 21096, 100
2026/08/04 14:46:40.788, 21096, 100
2026/08/04 14:46:41.790, 21096, 100
2026/08/04 14:46:42.792, 21096, 100
2026/08/04 14:46:43.795, 21096, 100
2026/08/04 14:46:44.797, 21096, 100
2026/08/04 14:46:45.800, 21096, 95
2026/08/04 14:46:46.801, 21096, 84
2026/08/04 14:46:47.802, 21096, 100
2026/08/04 14:46:48.804, 21096, 100
2026/08/04 14:46:49.804, 21096, 100
2026/08/04 14:46:50.804, 21096, 100
2026/08/04 14:46:51.804, 21096, 100
2026/08/04 14:46:52.805, 21096, 85
2026/08/04 14:46:53.805, 21096, 85
2026/08/04 14:46:54.805, 21096, 100
2026/08/04 14:46:55.805, 21096, 100
2026/08/04 14:46:56.806, 21096, 100
2026/08/04 14:46:57.806, 21096, 64
2026/08/04 14:46:58.806, 21096, 100
2026/08/04 14:46:59.806, 21096, 100
2026/08/04 14:47:00.807, 21096, 100
2026/08/04 14:47:01.807, 21096, 100
2026/08/04 14:47:02.807, 21096, 100
2026/08/04 14:47:03.808, 21096, 100
2026/08/04 14:47:04.808, 21096, 100
2026/08/04 14:47:05.808, 21096, 100
2026/08/04 14:47:06.809, 21096, 100
2026/08/04 14:47:07.809, 21096, 100
2026/08/04 14:47:08.809, 21096, 100
2026/08/04 14:47:09.810, 21096, 100
2026/08/04 14:47:10.810, 21096, 81
2026/08/04 14:47:11.810, 21096, 100
2026/08/04 14:47:12.810, 21096, 100
2026/08/04 14:47:13.811, 21096, 100
2026/08/04 14:47:14.811, 21096, 100
2026/08/04 14:47:15.811, 21096, 83
2026/08/04 14:47:16.812, 21096, 100
2026/08/04 14:47:17.812, 21096, 100
2026/08/04 14:47:18.812, 21096, 100
2026/08/04 14:47:19.812, 21096, 100
2026/08/04 14:47:20.818, 21096, 100
2026/08/04 14:47:21.819, 21096, 100
2026/08/04 14:47:22.819, 21096, 100
2026/08/04 14:47:23.819, 21096, 100
2026/08/04 14:47:24.820, 21096, 84
2026/08/04 14:47:25.820, 21096, 100
2026/08/04 14:47:26.820, 21096, 64
2026/08/04 14:47:27.820, 21096, 100
2026/08/04 14:47:28.821, 21096, 100
2026/08/04 14:47:29.821, 21096, 100
2026/08/04 14:47:30.821, 21096, 100
2026/08/04 14:47:31.822, 21096, 100
2026/08/04 14:47:32.822, 21096, 100
2026/08/04 14:47:33.822, 21096, 100
2026/08/04 14:47:34.823, 21096, 86
2026/08/04 14:47:35.823, 21096, 100
2026/08/04 14:47:36.823, 21096, 100
2026/08/04 14:47:37.823, 21096, 100
2026/08/04 14:47:38.824, 21096, 100
2026/08/04 14:47:39.824, 21096, 100
2026/08/04 14:47:40.824, 21096, 100
2026/08/04 14:47:41.825, 21096, 100
2026/08/04 14:47:42.825, 21096, 100
2026/08/04 14:47:43.825, 21096, 100
2026/08/04 14:47:44.825, 21096, 100
2026/08/04 14:47:45.826, 21096, 100
2026/08/04 14:47:46.826, 21096, 100
2026/08/04 14:47:47.826, 21096, 100
2026/08/04 14:47:48.826, 21096, 100
2026/08/04 14:47:49.827, 21096, 100
2026/08/04 14:47:50.827, 21096, 100
2026/08/04 14:47:51.827, 21096, 100
2026/08/04 14:47:52.828, 21096, 100
2026/08/04 14:47:53.828, 21096, 100
2026/08/04 14:47:54.828, 21096, 100
2026/08/04 14:47:55.828, 21096, 88
2026/08/04 14:47:56.829, 21096, 100
2026/08/04 14:47:57.829, 21096, 100
2026/08/04 14:47:58.829, 21096, 4
2026/08/04 14:47:59.830, 21096, 100
2026/08/04 14:48:00.830, 21096, 100
2026/08/04 14:48:01.830, 21096, 100
2026/08/04 14:48:02.831, 21096, 100
2026/08/04 14:48:03.831, 21096, 100
2026/08/04 14:48:04.831, 21096, 100
2026/08/04 14:48:05.832, 21096, 100
2026/08/04 14:48:06.832, 21096, 100
2026/08/04 14:48:07.832, 21096, 100
2026/08/04 14:48:08.832, 21096, 100
2026/08/04 14:48:09.833, 21096, 100
2026/08/04 14:48:10.833, 21096, 100
2026/08/04 14:48:11.833, 21096, 100
2026/08/04 14:48:12.834, 21096, 100
2026/08/04 14:48:13.834, 21096, 64
2026/08/04 14:48:14.834, 21096, 100
2026/08/04 14:48:15.834, 21096, 100
2026/08/04 14:48:16.835, 21096, 100
2026/08/04 14:48:17.835, 21096, 100
2026/08/04 14:48:18.835, 21096, 100
2026/08/04 14:48:19.835, 21096, 100
2026/08/04 14:48:20.836, 21096, 100
2026/08/04 14:48:21.836, 21096, 100
2026/08/04 14:48:22.836, 21096, 100
2026/08/04 14:48:23.837, 21096, 100
2026/08/04 14:48:24.837, 21096, 100
2026/08/04 14:48:25.837, 21096, 100
2026/08/04 14:48:26.838, 21096, 100
2026/08/04 14:48:27.838, 21096, 100
2026/08/04 14:48:28.839, 21096, 100
2026/08/04 14:48:29.839, 21096, 100
2026/08/04 14:48:30.839, 21096, 100
2026/08/04 14:48:31.840, 21096, 100
2026/08/04 14:48:32.840, 21096, 100
2026/08/04 14:48:33.840, 21096, 100
2026/08/04 14:48:34.840, 21096, 58
2026/08/04 14:48:35.841, 21096, 100
2026/08/04 14:48:36.841, 21096, 100
2026/08/04 14:48:37.841, 21096, 100
2026/08/04 14:48:38.842, 21096, 100
2026/08/04 14:48:39.842, 21096, 100
2026/08/04 14:48:40.842, 21096, 100
2026/08/04 14:48:41.843, 21096, 100
2026/08/04 14:48:42.843, 21096, 100
2026/08/04 14:48:43.843, 21096, 100
2026/08/04 14:48:44.843, 21096, 100
2026/08/04 14:48:45.844, 21096, 100
2026/08/04 14:48:46.844, 21096, 100
2026/08/04 14:48:47.844, 21096, 100
2026/08/04 14:48:48.845, 21096, 100
2026/08/04 14:48:49.845, 21096, 100
2026/08/04 14:48:50.845, 21096, 86
2026/08/04 14:48:51.845, 21096, 100
2026/08/04 14:48:52.846, 21096, 100
2026/08/04 14:48:53.846, 21096, 100
2026/08/04 14:48:54.848, 21096, 100
2026/08/04 14:48:55.848, 21096, 100
2026/08/04 14:48:56.848, 21096, 100
2026/08/04 14:48:57.848, 21096, 100
2026/08/04 14:48:58.849, 21096, 100
2026/08/04 14:48:59.849, 21096, 100
2026/08/04 14:49:00.849, 21096, 100
2026/08/04 14:49:01.849, 21096, 100
2026/08/04 14:49:02.850, 21096, 100
2026/08/04 14:49:03.850, 21096, 94
2026/08/04 14:49:04.850, 21096, 100
2026/08/04 14:49:05.850, 21096, 100
2026/08/04 14:49:06.851, 21096, 100
2026/08/04 14:49:07.851, 21096, 100
2026/08/04 14:49:08.851, 21096, 100
2026/08/04 14:49:09.851, 21096, 100
2026/08/04 14:49:10.852, 21096, 100
2026/08/04 14:49:11.852, 21096, 100
2026/08/04 14:49:12.852, 21096, 100
2026/08/04 14:49:13.852, 21096, 100
2026/08/04 14:49:14.853, 21096, 100
2026/08/04 14:49:15.853, 21096, 100
2026/08/04 14:49:16.853, 21096, 100
2026/08/04 14:49:17.854, 21096, 100
2026/08/04 14:49:18.854, 21096, 100
2026/08/04 14:49:19.854, 21096, 100
2026/08/04 14:49:20.855, 21096, 72
2026/08/04 14:49:21.855, 21096, 100
2026/08/04 14:49:22.855, 21096, 100
2026/08/04 14:49:23.855, 21096, 89
2026/08/04 14:49:24.856, 21096, 100
2026/08/04 14:49:25.856, 21096, 100
2026/08/04 14:49:26.856, 21096, 100
2026/08/04 14:49:27.857, 21096, 100
2026/08/04 14:49:28.857, 21096, 84
2026/08/04 14:49:29.857, 21096, 100
2026/08/04 14:49:30.858, 21096, 85
2026/08/04 14:49:31.858, 21096, 100
2026/08/04 14:49:32.858, 21096, 97
2026/08/04 14:49:33.858, 21096, 85
2026/08/04 14:49:34.859, 21096, 100
2026/08/04 14:49:35.859, 21096, 100
2026/08/04 14:49:36.859, 21096, 100
2026/08/04 14:49:37.859, 21096, 100
2026/08/04 14:49:38.860, 21096, 100
2026/08/04 14:49:39.860, 21096, 100
2026/08/04 14:49:40.860, 21096, 81
2026/08/04 14:49:41.860, 21096, 100
2026/08/04 14:49:42.860, 21096, 77
2026/08/04 14:49:43.861, 21096, 100
2026/08/04 14:49:44.861, 21096, 100
2026/08/04 14:49:45.861, 21096, 100
2026/08/04 14:49:46.862, 21096, 100
2026/08/04 14:49:47.876, 21096, 100
2026/08/04 14:49:48.876, 21096, 100
2026/08/04 14:49:49.877, 21096, 100
2026/08/04 14:49:50.877, 21096, 82
2026/08/04 14:49:51.877, 21096, 82
2026/08/04 14:49:52.878, 21096, 100
2026/08/04 14:49:53.878, 21096, 100
2026/08/04 14:49:54.897, 21096, 100
2026/08/04 14:49:55.897, 21096, 100
2026/08/04 14:49:56.897, 21096, 100
2026/08/04 14:49:57.898, 21096, 88
2026/08/04 14:49:58.898, 21096, 81
2026/08/04 14:49:59.898, 21096, 100
2026/08/04 14:50:00.898, 21096, 100
2026/08/04 14:50:01.911, 21096, 100
2026/08/04 14:50:02.911, 21096, 80
2026/08/04 14:50:03.912, 21096, 100
2026/08/04 14:50:04.912, 21096, 80
2026/08/04 14:50:05.912, 21096, 100
2026/08/04 14:50:06.913, 21096, 100
2026/08/04 14:50:07.913, 21096, 100
2026/08/04 14:50:08.914, 21096, 100
2026/08/04 14:50:09.914, 21096, 100
2026/08/04 14:50:10.914, 21096, 95
2026/08/04 14:50:11.914, 21096, 100
2026/08/04 14:50:12.915, 21096, 100
2026/08/04 14:50:13.915, 21096, 82
2026/08/04 14:50:14.915, 21096, 83
2026/08/04 14:50:15.915, 21096, 100
2026/08/04 14:50:16.915, 21096, 100
2026/08/04 14:50:17.916, 21096, 83
2026/08/04 14:50:18.916, 21096, 84
2026/08/04 14:50:19.916, 21096, 100
2026/08/04 14:50:20.917, 21096, 100
2026/08/04 14:50:21.917, 21096, 100
2026/08/04 14:50:22.917, 21096, 100
2026/08/04 14:50:23.918, 21096, 100
2026/08/04 14:50:24.918, 21096, 84
2026/08/04 14:50:25.918, 21096, 100
2026/08/04 14:50:26.919, 21096, 100
2026/08/04 14:50:27.919, 21096, 100
2026/08/04 14:50:28.919, 21096, 100
2026/08/04 14:50:29.920, 21096, 100
2026/08/04 14:50:30.920, 21096, 100
2026/08/04 14:50:31.920, 21096, 100
2026/08/04 14:50:32.921, 21096, 100
2026/08/04 14:50:33.921, 21096, 100
2026/08/04 14:50:34.921, 21096, 100
2026/08/04 14:50:35.923, 21096, 100
2026/08/04 14:50:36.926, 21096, 100
2026/08/04 14:50:37.928, 21096, 100
2026/08/04 14:50:38.931, 21096, 100
2026/08/04 14:50:39.933, 21096, 100
2026/08/04 14:50:40.936, 21096, 100
2026/08/04 14:50:41.939, 21096, 100
2026/08/04 14:50:42.941, 21096, 100
2026/08/04 14:50:43.943, 21096, 100
2026/08/04 14:50:44.946, 21096, 100
2026/08/04 14:50:45.949, 21096, 67
2026/08/04 14:50:46.951, 21096, 100
2026/08/04 14:50:47.953, 21096, 100
2026/08/04 14:50:48.955, 21096, 100
2026/08/04 14:50:49.957, 21096, 100
2026/08/04 14:50:50.959, 21096, 100
2026/08/04 14:50:51.961, 21096, 100
2026/08/04 14:50:52.962, 21096, 100
2026/08/04 14:50:53.964, 21096, 100
2026/08/04 14:50:54.965, 21096, 100
2026/08/04 14:50:55.967, 21096, 100
2026/08/04 14:50:56.968, 21096, 100
2026/08/04 14:50:57.970, 21096, 100
2026/08/04 14:50:58.971, 21096, 100
2026/08/04 14:50:59.972, 21096, 100
2026/08/04 14:51:00.974, 21096, 100
2026/08/04 14:51:01.975, 21096, 85
2026/08/04 14:51:02.977, 21096, 100
2026/08/04 14:51:03.978, 21096, 100
2026/08/04 14:51:04.979, 21096, 100
2026/08/04 14:51:05.980, 21096, 100
2026/08/04 14:51:06.982, 21096, 100
2026/08/04 14:51:07.983, 21096, 100
2026/08/04 14:51:08.985, 21096, 100
2026/08/04 14:51:09.986, 21096, 81
2026/08/04 14:51:10.987, 21096, 100
2026/08/04 14:51:11.988, 21096, 100
2026/08/04 14:51:12.990, 21096, 100
2026/08/04 14:51:13.992, 21096, 100
2026/08/04 14:51:14.993, 21096, 100
2026/08/04 14:51:15.995, 21096, 90
2026/08/04 14:51:16.996, 21096, 100
2026/08/04 14:51:17.997, 21096, 100
2026/08/04 14:51:18.999, 21096, 100
2026/08/04 14:51:20.000, 21096, 100
2026/08/04 14:51:21.002, 21096, 100
2026/08/04 14:51:22.003, 21096, 100
2026/08/04 14:51:23.004, 21096, 100
2026/08/04 14:51:24.006, 21096, 100
2026/08/04 14:51:25.007, 21096, 100
2026/08/04 14:51:26.008, 21096, 100
2026/08/04 14:51:27.008, 21096, 83
2026/08/04 14:51:28.010, 21096, 67
2026/08/04 14:51:29.010, 21096, 100
2026/08/04 14:51:30.011, 21096, 100
2026/08/04 14:51:31.011, 21096, 100
2026/08/04 14:51:32.013, 21096, 100
2026/08/04 14:51:33.013, 21096, 100
2026/08/04 14:51:34.013, 21096, 100
2026/08/04 14:51:35.014, 21096, 93
2026/08/04 14:51:36.014, 21096, 70
2026/08/04 14:51:37.015, 21096, 100
2026/08/04 14:51:38.015, 21096, 100
2026/08/04 14:51:39.015, 21096, 100
2026/08/04 14:51:40.016, 21096, 100
2026/08/04 14:51:41.016, 21096, 86
2026/08/04 14:51:42.017, 21096, 100
2026/08/04 14:51:43.017, 21096, 100
2026/08/04 14:51:44.017, 21096, 100
2026/08/04 14:51:45.018, 21096, 100
2026/08/04 14:51:46.018, 21096, 84
2026/08/04 14:51:47.018, 21096, 100
2026/08/04 14:51:48.019, 21096, 100
2026/08/04 14:51:49.019, 21096, 100
2026/08/04 14:51:50.019, 21096, 100
2026/08/04 14:51:51.020, 21096, 100
2026/08/04 14:51:52.020, 21096, 100
2026/08/04 14:51:53.020, 21096, 100
2026/08/04 14:51:54.021, 21096, 100
2026/08/04 14:51:55.021, 21096, 100
2026/08/04 14:51:56.022, 21096, 100
2026/08/04 14:51:57.022, 21096, 100
2026/08/04 14:51:58.022, 21096, 100
2026/08/04 14:51:59.023, 21096, 100
2026/08/04 14:52:00.023, 21096, 100
2026/08/04 14:52:01.023, 21096, 100
2026/08/04 14:52:02.023, 21096, 100
2026/08/04 14:52:03.024, 21096, 100
2026/08/04 14:52:04.024, 21096, 100
2026/08/04 14:52:05.024, 21096, 100
2026/08/04 14:52:06.025, 21096, 100
2026/08/04 14:52:07.025, 21096, 100
2026/08/04 14:52:08.025, 21096, 100
2026/08/04 14:52:09.025, 21096, 100
2026/08/04 14:52:10.026, 21096, 100
2026/08/04 14:52:11.026, 21096, 100
2026/08/04 14:52:12.026, 21096, 100
2026/08/04 14:52:13.027, 21096, 100
2026/08/04 14:52:14.027, 21096, 100
2026/08/04 14:52:15.027, 21096, 100
2026/08/04 14:52:16.028, 21096, 100
2026/08/04 14:52:17.028, 21096, 100
2026/08/04 14:52:18.028, 21096, 100
2026/08/04 14:52:19.029, 21096, 100
2026/08/04 14:52:20.029, 21096, 100
2026/08/04 14:52:21.029, 21096, 100
2026/08/04 14:52:22.029, 21096, 96
2026/08/04 14:52:23.030, 21096, 100
2026/08/04 14:52:24.030, 21096, 100
2026/08/04 14:52:25.030, 21096, 100
2026/08/04 14:52:26.031, 21096, 100
2026/08/04 14:52:27.031, 21096, 100
2026/08/04 14:52:28.031, 21096, 100
2026/08/04 14:52:29.031, 21096, 100
2026/08/04 14:52:30.032, 21096, 100
2026/08/04 14:52:31.032, 21096, 100
2026/08/04 14:52:32.032, 21096, 100
2026/08/04 14:52:33.033, 21096, 100
2026/08/04 14:52:34.033, 21096, 100
2026/08/04 14:52:35.033, 21096, 100
2026/08/04 14:52:36.033, 21096, 83
2026/08/04 14:52:37.034, 21096, 100
2026/08/04 14:52:38.034, 21096, 96
2026/08/04 14:52:39.034, 21096, 100
2026/08/04 14:52:40.035, 21096, 100
2026/08/04 14:52:41.035, 21096, 100
2026/08/04 14:52:42.035, 21096, 100
2026/08/04 14:52:43.035, 21096, 83
2026/08/04 14:52:44.036, 21096, 100
2026/08/04 14:52:45.036, 21096, 100
2026/08/04 14:52:46.036, 21096, 100
2026/08/04 14:52:47.036, 21096, 100
2026/08/04 14:52:48.037, 21096, 100
2026/08/04 14:52:49.037, 21096, 100
2026/08/04 14:52:50.037, 21096, 95
2026/08/04 14:52:51.038, 21096, 100
2026/08/04 14:52:52.038, 21096, 100
2026/08/04 14:52:53.038, 21096, 100
2026/08/04 14:52:54.038, 21096, 100
2026/08/04 14:52:55.039, 21096, 82
2026/08/04 14:52:56.039, 21096, 100
2026/08/04 14:52:57.039, 21096, 100
2026/08/04 14:52:58.039, 21096, 100
2026/08/04 14:52:59.040, 21096, 100
2026/08/04 14:53:00.040, 21096, 100
2026/08/04 14:53:01.040, 21096, 82
2026/08/04 14:53:02.040, 21096, 100
2026/08/04 14:53:03.041, 21096, 100
2026/08/04 14:53:04.041, 21096, 82
2026/08/04 14:53:05.041, 21096, 81
2026/08/04 14:53:06.042, 21096, 100
2026/08/04 14:53:07.042, 21096, 100
2026/08/04 14:53:08.042, 21096, 85
2026/08/04 14:53:09.042, 21096, 83
2026/08/04 14:53:10.043, 21096, 100
2026/08/04 14:53:11.043, 21096, 100
2026/08/04 14:53:12.043, 21096, 100
2026/08/04 14:53:13.043, 21096, 100
2026/08/04 14:53:14.044, 21096, 100
2026/08/04 14:53:15.044, 21096, 100
2026/08/04 14:53:16.044, 21096, 100
2026/08/04 14:53:17.045, 21096, 100
2026/08/04 14:53:18.045, 21096, 90
2026/08/04 14:53:19.045, 21096, 100
2026/08/04 14:53:20.045, 21096, 100
2026/08/04 14:53:21.045, 21096, 100
2026/08/04 14:53:22.046, 21096, 100
2026/08/04 14:53:23.046, 21096, 84
2026/08/04 14:53:24.046, 21096, 100
2026/08/04 14:53:25.047, 21096, 84
2026/08/04 14:53:26.047, 21096, 96
2026/08/04 14:53:27.047, 21096, 100
2026/08/04 14:53:28.047, 21096, 100
2026/08/04 14:53:29.048, 21096, 100
2026/08/04 14:53:30.048, 21096, 99
2026/08/04 14:53:31.048, 21096, 100
2026/08/04 14:53:32.048, 21096, 100
2026/08/04 14:53:33.049, 21096, 100
2026/08/04 14:53:34.049, 21096, 100
2026/08/04 14:53:35.049, 21096, 100
2026/08/04 14:53:36.050, 21096, 100
2026/08/04 14:53:37.050, 21096, 100
2026/08/04 14:53:38.050, 21096, 100
2026/08/04 14:53:39.050, 21096, 100
2026/08/04 14:53:40.050, 21096, 100
2026/08/04 14:53:41.051, 21096, 55
2026/08/04 14:53:42.051, 21096, 100
2026/08/04 14:53:43.051, 21096, 100
2026/08/04 14:53:44.051, 21096, 100
2026/08/04 14:53:45.052, 21096, 100
2026/08/04 14:53:46.052, 21096, 100
2026/08/04 14:53:47.052, 21096, 100
2026/08/04 14:53:48.052, 21096, 100
2026/08/04 14:53:49.053, 21096, 100
2026/08/04 14:53:50.053, 21096, 98
2026/08/04 14:53:51.053, 21096, 100
2026/08/04 14:53:52.053, 21096, 100
2026/08/04 14:53:53.054, 21096, 81
2026/08/04 14:53:54.054, 21096, 100
2026/08/04 14:53:55.054, 21096, 100
2026/08/04 14:53:56.054, 21096, 84
2026/08/04 14:53:57.055, 21096, 100
2026/08/04 14:53:58.055, 21096, 100
2026/08/04 14:53:59.055, 21096, 100
2026/08/04 14:54:00.055, 21096, 85
2026/08/04 14:54:01.055, 21096, 100
2026/08/04 14:54:02.056, 21096, 100
2026/08/04 14:54:03.056, 21096, 100
2026/08/04 14:54:04.056, 21096, 100
2026/08/04 14:54:05.056, 21096, 100
2026/08/04 14:54:06.057, 21096, 100
2026/08/04 14:54:07.057, 21096, 100
2026/08/04 14:54:08.057, 21096, 85
2026/08/04 14:54:09.058, 21096, 86
2026/08/04 14:54:10.058, 21096, 100
2026/08/04 14:54:11.058, 21096, 100
2026/08/04 14:54:12.059, 21096, 100
2026/08/04 14:54:13.059, 21096, 100
2026/08/04 14:54:14.059, 21096, 100
2026/08/04 14:54:15.059, 21096, 100
2026/08/04 14:54:16.059, 21096, 100
2026/08/04 14:54:17.060, 21096, 100
2026/08/04 14:54:18.060, 21096, 100
2026/08/04 14:54:19.060, 21096, 85
2026/08/04 14:54:20.061, 21096, 100
2026/08/04 14:54:21.061, 21096, 100
2026/08/04 14:54:22.061, 21096, 72
2026/08/04 14:54:23.061, 21096, 81
2026/08/04 14:54:24.062, 21096, 86
2026/08/04 14:54:25.064, 21096, 100
2026/08/04 14:54:26.064, 21096, 100
2026/08/04 14:54:27.065, 21096, 100
2026/08/04 14:54:28.065, 21096, 84
2026/08/04 14:54:29.065, 21096, 95
2026/08/04 14:54:30.065, 21096, 100
2026/08/04 14:54:31.066, 21096, 100
2026/08/04 14:54:32.066, 21096, 100
2026/08/04 14:54:33.066, 21096, 100
2026/08/04 14:54:34.066, 21096, 100
2026/08/04 14:54:35.067, 21096, 100
2026/08/04 14:54:36.067, 21096, 100
2026/08/04 14:54:37.067, 21096, 100
2026/08/04 14:54:38.067, 21096, 100
2026/08/04 14:54:39.068, 21096, 100
2026/08/04 14:54:40.068, 21096, 100
2026/08/04 14:54:41.068, 21096, 100
2026/08/04 14:54:42.068, 21096, 100
2026/08/04 14:54:43.069, 21096, 100
2026/08/04 14:54:44.069, 21096, 100
2026/08/04 14:54:45.069, 21096, 100
2026/08/04 14:54:46.069, 21096, 100
2026/08/04 14:54:47.070, 21096, 100
2026/08/04 14:54:48.070, 21096, 100
2026/08/04 14:54:49.070, 21096, 100
2026/08/04 14:54:50.070, 21096, 100
2026/08/04 14:54:51.071, 21096, 100
2026/08/04 14:54:52.071, 21096, 100
2026/08/04 14:54:53.071, 21096, 81
2026/08/04 14:54:54.071, 21096, 100
2026/08/04 14:54:55.072, 21096, 81
2026/08/04 14:54:56.072, 21096, 100
2026/08/04 14:54:57.072, 21096, 100
2026/08/04 14:54:58.072, 21096, 100
2026/08/04 14:54:59.073, 21096, 100
2026/08/04 14:55:00.073, 21096, 100
2026/08/04 14:55:01.073, 21096, 100
2026/08/04 14:55:02.073, 21096, 100
2026/08/04 14:55:03.074, 21096, 100
2026/08/04 14:55:04.074, 21096, 100
2026/08/04 14:55:05.074, 21096, 84
2026/08/04 14:55:06.075, 21096, 100
2026/08/04 14:55:07.075, 21096, 100
2026/08/04 14:55:08.075, 21096, 100
2026/08/04 14:55:09.075, 21096, 100
2026/08/04 14:55:10.076, 21096, 100
2026/08/04 14:55:11.076, 21096, 100
2026/08/04 14:55:12.076, 21096, 100
2026/08/04 14:55:13.077, 21096, 100
2026/08/04 14:55:14.077, 21096, 100
2026/08/04 14:55:15.077, 21096, 71
2026/08/04 14:55:16.077, 21096, 100
2026/08/04 14:55:17.078, 21096, 100
2026/08/04 14:55:18.078, 21096, 100
2026/08/04 14:55:19.078, 21096, 100
2026/08/04 14:55:20.079, 21096, 100
2026/08/04 14:55:21.079, 21096, 100
2026/08/04 14:55:22.079, 21096, 100
2026/08/04 14:55:23.079, 21096, 100
2026/08/04 14:55:24.080, 21096, 100
2026/08/04 14:55:25.080, 21096, 100
2026/08/04 14:55:26.080, 21096, 100
2026/08/04 14:55:27.080, 21096, 100
2026/08/04 14:55:28.080, 21096, 100
2026/08/04 14:55:29.081, 21096, 100
2026/08/04 14:55:30.081, 21096, 100
2026/08/04 14:55:31.081, 21096, 75
2026/08/04 14:55:32.081, 21096, 100
2026/08/04 14:55:33.082, 21096, 100
2026/08/04 14:55:34.082, 21096, 100
2026/08/04 14:55:35.082, 21096, 100
2026/08/04 14:55:36.082, 21096, 100
2026/08/04 14:55:37.083, 21096, 100
2026/08/04 14:55:38.083, 21096, 100
2026/08/04 14:55:39.083, 21096, 100
2026/08/04 14:55:40.083, 21096, 63
2026/08/04 14:55:41.084, 21096, 100
2026/08/04 14:55:42.084, 21096, 100
2026/08/04 14:55:43.084, 21096, 97
2026/08/04 14:55:44.085, 21096, 84
2026/08/04 14:55:45.085, 21096, 100
2026/08/04 14:55:46.085, 21096, 100
2026/08/04 14:55:47.085, 21096, 100
2026/08/04 14:55:48.086, 21096, 86
2026/08/04 14:55:49.086, 21096, 100
2026/08/04 14:55:50.086, 21096, 100
2026/08/04 14:55:51.087, 21096, 100
2026/08/04 14:55:52.087, 21096, 100
2026/08/04 14:55:53.087, 21096, 100
2026/08/04 14:55:54.087, 21096, 100
2026/08/04 14:55:55.088, 21096, 100
2026/08/04 14:55:56.088, 21096, 88
2026/08/04 14:55:57.088, 21096, 100
2026/08/04 14:55:58.089, 21096, 100
2026/08/04 14:55:59.089, 21096, 100
2026/08/04 14:56:00.089, 21096, 100
2026/08/04 14:56:01.089, 21096, 100
2026/08/04 14:56:02.090, 21096, 100
2026/08/04 14:56:03.090, 21096, 100
2026/08/04 14:56:04.090, 21096, 62
2026/08/04 14:56:05.091, 21096, 100
2026/08/04 14:56:06.091, 21096, 100
2026/08/04 14:56:07.091, 21096, 100
2026/08/04 14:56:08.091, 21096, 100
2026/08/04 14:56:09.092, 21096, 100
2026/08/04 14:56:10.092, 21096, 100
2026/08/04 14:56:11.092, 21096, 100
2026/08/04 14:56:12.092, 21096, 69
2026/08/04 14:56:13.092, 21096, 100
2026/08/04 14:56:14.093, 21096, 100
2026/08/04 14:56:15.093, 21096, 100
2026/08/04 14:56:16.093, 21096, 100
2026/08/04 14:56:17.093, 21096, 100
2026/08/04 14:56:18.093, 21096, 100
2026/08/04 14:56:19.094, 21096, 100
2026/08/04 14:56:20.094, 21096, 65
2026/08/04 14:56:21.094, 21096, 100
2026/08/04 14:56:22.094, 21096, 100
2026/08/04 14:56:23.094, 21096, 100
2026/08/04 14:56:24.095, 21096, 100
2026/08/04 14:56:25.095, 21096, 100
2026/08/04 14:56:26.095, 21096, 100
2026/08/04 14:56:27.095, 21096, 77
2026/08/04 14:56:28.096, 21096, 81
2026/08/04 14:56:29.096, 21096, 81
2026/08/04 14:56:30.096, 21096, 100
2026/08/04 14:56:31.096, 21096, 100
2026/08/04 14:56:32.097, 21096, 100
2026/08/04 14:56:33.097, 21096, 100
2026/08/04 14:56:34.097, 21096, 100
2026/08/04 14:56:35.097, 21096, 100
2026/08/04 14:56:36.097, 21096, 100
2026/08/04 14:56:37.098, 21096, 100
2026/08/04 14:56:38.098, 21096, 100
2026/08/04 14:56:39.098, 21096, 100
2026/08/04 14:56:40.099, 21096, 100
2026/08/04 14:56:41.099, 21096, 100
2026/08/04 14:56:42.099, 21096, 100
2026/08/04 14:56:43.099, 21096, 100
2026/08/04 14:56:44.099, 21096, 87
2026/08/04 14:56:45.100, 21096, 100
2026/08/04 14:56:46.100, 21096, 100
2026/08/04 14:56:47.100, 21096, 100
2026/08/04 14:56:48.100, 21096, 100
2026/08/04 14:56:49.100, 21096, 100
2026/08/04 14:56:50.101, 21096, 100
2026/08/04 14:56:51.101, 21096, 100
2026/08/04 14:56:52.101, 21096, 100
2026/08/04 14:56:53.101, 21096, 100
2026/08/04 14:56:54.101, 21096, 100
2026/08/04 14:56:55.102, 21096, 100
2026/08/04 14:56:56.102, 21096, 85
2026/08/04 14:56:57.102, 21096, 100
2026/08/04 14:56:58.103, 21096, 100
2026/08/04 14:56:59.103, 21096, 100
2026/08/04 14:57:00.105, 21096, 100
2026/08/04 14:57:01.131, 21096, 100
2026/08/04 14:57:02.154, 21096, 100
2026/08/04 14:57:03.174, 21096, 100
2026/08/04 14:57:04.192, 21096, 83
2026/08/04 14:57:05.207, 21096, 100
2026/08/04 14:57:06.221, 21096, 100
2026/08/04 14:57:07.232, 21096, 100
2026/08/04 14:57:08.244, 21096, 100
2026/08/04 14:57:09.253, 21096, 100
2026/08/04 14:57:10.262, 21096, 100
2026/08/04 14:57:11.270, 21096, 100
2026/08/04 14:57:12.276, 21096, 100
2026/08/04 14:57:13.282, 21096, 100
2026/08/04 14:57:14.287, 21096, 100
2026/08/04 14:57:15.292, 21096, 85
2026/08/04 14:57:16.296, 21096, 100
2026/08/04 14:57:17.300, 21096, 100
2026/08/04 14:57:18.303, 21096, 100
2026/08/04 14:57:19.306, 21096, 84
2026/08/04 14:57:20.309, 21096, 100
2026/08/04 14:57:21.312, 21096, 100
2026/08/04 14:57:22.314, 21096, 100
2026/08/04 14:57:23.316, 21096, 100
2026/08/04 14:57:24.319, 21096, 100
2026/08/04 14:57:25.321, 21096, 69
2026/08/04 14:57:26.323, 21096, 100
2026/08/04 14:57:27.326, 21096, 100
2026/08/04 14:57:28.327, 21096, 85
2026/08/04 14:57:29.329, 21096, 100
2026/08/04 14:57:30.330, 21096, 100
2026/08/04 14:57:31.332, 21096, 100
2026/08/04 14:57:32.333, 21096, 100
2026/08/04 14:57:33.334, 21096, 100
2026/08/04 14:57:34.334, 21096, 100
2026/08/04 14:57:35.334, 21096, 100
2026/08/04 14:57:36.334, 21096, 100
2026/08/04 14:57:37.335, 21096, 100
2026/08/04 14:57:38.335, 21096, 86
2026/08/04 14:57:39.335, 21096, 100
2026/08/04 14:57:40.336, 21096, 100
2026/08/04 14:57:41.336, 21096, 100
2026/08/04 14:57:42.336, 21096, 88
2026/08/04 14:57:43.337, 21096, 100
2026/08/04 14:57:44.337, 21096, 100
2026/08/04 14:57:45.337, 21096, 90
2026/08/04 14:57:46.338, 21096, 100
2026/08/04 14:57:47.338, 21096, 100
2026/08/04 14:57:48.338, 21096, 67
2026/08/04 14:57:49.338, 21096, 100
2026/08/04 14:57:50.339, 21096, 100
2026/08/04 14:57:51.339, 21096, 100
2026/08/04 14:57:52.339, 21096, 63
2026/08/04 14:57:53.340, 21096, 100
2026/08/04 14:57:54.340, 21096, 84
2026/08/04 14:57:55.340, 21096, 100
2026/08/04 14:57:56.340, 21096, 100
2026/08/04 14:57:57.340, 21096, 100
2026/08/04 14:57:58.341, 21096, 100
2026/08/04 14:57:59.341, 21096, 100
2026/08/04 14:58:00.341, 21096, 100
2026/08/04 14:58:01.342, 21096, 100
2026/08/04 14:58:02.342, 21096, 100
2026/08/04 14:58:03.342, 21096, 100
2026/08/04 14:58:04.342, 21096, 100
2026/08/04 14:58:05.346, 21096, 100
2026/08/04 14:58:06.357, 21096, 100
2026/08/04 14:58:07.365, 21096, 100
2026/08/04 14:58:08.373, 21096, 78
2026/08/04 14:58:09.381, 21096, 100
2026/08/04 14:58:10.387, 21096, 100
2026/08/04 14:58:11.392, 21096, 82
2026/08/04 14:58:12.398, 21096, 96
2026/08/04 14:58:13.403, 21096, 100
2026/08/04 14:58:14.407, 21096, 100
2026/08/04 14:58:15.411, 21096, 86
2026/08/04 14:58:16.415, 21096, 100
2026/08/04 14:58:17.418, 21096, 100
2026/08/04 14:58:18.421, 21096, 100
2026/08/04 14:58:19.424, 21096, 83
2026/08/04 14:58:20.427, 21096, 86
2026/08/04 14:58:21.429, 21096, 100
2026/08/04 14:58:22.432, 21096, 63
2026/08/04 14:58:23.434, 21096, 100
2026/08/04 14:58:24.436, 21096, 100
2026/08/04 14:58:25.439, 21096, 100
2026/08/04 14:58:26.440, 21096, 84
2026/08/04 14:58:27.441, 21096, 75
2026/08/04 14:58:28.444, 21096, 100
2026/08/04 14:58:29.445, 21096, 89
2026/08/04 14:58:30.447, 21096, 100
2026/08/04 14:58:31.448, 21096, 85
2026/08/04 14:58:32.450, 21096, 100
2026/08/04 14:58:33.452, 21096, 100
2026/08/04 14:58:34.453, 21096, 91
2026/08/04 14:58:35.455, 21096, 100
2026/08/04 14:58:36.456, 21096, 100
2026/08/04 14:58:37.458, 21096, 96
2026/08/04 14:58:38.465, 21096, 85
2026/08/04 14:58:39.480, 21096, 100
2026/08/04 14:58:40.492, 21096, 100
2026/08/04 14:58:41.502, 21096, 100
2026/08/04 14:58:42.512, 21096, 100
2026/08/04 14:58:43.520, 21096, 100
2026/08/04 14:58:44.528, 21096, 100
2026/08/04 14:58:45.535, 21096, 100
2026/08/04 14:58:46.541, 21096, 100
2026/08/04 14:58:47.547, 21096, 100
2026/08/04 14:58:48.552, 21096, 100
2026/08/04 14:58:49.556, 21096, 100
2026/08/04 14:58:50.561, 21096, 100
2026/08/04 14:58:51.565, 21096, 100
2026/08/04 14:58:52.568, 21096, 100
2026/08/04 14:58:53.571, 21096, 100
2026/08/04 14:58:54.574, 21096, 100
2026/08/04 14:58:55.576, 21096, 100
2026/08/04 14:58:56.579, 21096, 100
2026/08/04 14:58:57.582, 21096, 100
2026/08/04 14:58:58.584, 21096, 100
2026/08/04 14:58:59.655, 21096, 100
2026/08/04 14:59:00.658, 21096, 100
2026/08/04 14:59:01.659, 21096, 100
2026/08/04 14:59:02.661, 21096, 100
2026/08/04 14:59:03.663, 21096, 100
2026/08/04 14:59:04.664, 21096, 100
2026/08/04 14:59:05.666, 21096, 100
2026/08/04 14:59:06.668, 21096, 100
2026/08/04 14:59:07.670, 21096, 100
2026/08/04 14:59:08.671, 21096, 100
2026/08/04 14:59:09.673, 21096, 100
2026/08/04 14:59:10.674, 21096, 100
2026/08/04 14:59:11.674, 21096, 100
2026/08/04 14:59:12.675, 21096, 100
2026/08/04 14:59:13.675, 21096, 100
2026/08/04 14:59:14.675, 21096, 100
2026/08/04 14:59:15.675, 21096, 100
2026/08/04 14:59:16.676, 21096, 100
2026/08/04 14:59:17.676, 21096, 100
2026/08/04 14:59:18.676, 21096, 100
2026/08/04 14:59:19.676, 21096, 100
2026/08/04 14:59:20.677, 21096, 100
2026/08/04 14:59:21.677, 21096, 100
2026/08/04 14:59:22.677, 21096, 57
2026/08/04 14:59:23.677, 21096, 100
2026/08/04 14:59:24.678, 21096, 86
2026/08/04 14:59:25.678, 21096, 100
2026/08/04 14:59:26.678, 21096, 100
2026/08/04 14:59:27.679, 21096, 100
2026/08/04 14:59:28.679, 21096, 100
2026/08/04 14:59:29.679, 21096, 100
2026/08/04 14:59:30.680, 21096, 100
2026/08/04 14:59:31.680, 21096, 100
2026/08/04 14:59:32.680, 21096, 100
2026/08/04 14:59:33.681, 21096, 100
2026/08/04 14:59:34.681, 21096, 100
2026/08/04 14:59:35.681, 21096, 84
2026/08/04 14:59:36.681, 21096, 100
2026/08/04 14:59:37.682, 21096, 100
2026/08/04 14:59:38.682, 21096, 100
2026/08/04 14:59:39.682, 21096, 100
2026/08/04 14:59:40.683, 21096, 100
2026/08/04 14:59:41.683, 21096, 100
2026/08/04 14:59:42.683, 21096, 100
2026/08/04 14:59:43.684, 21096, 100
2026/08/04 14:59:44.684, 21096, 100
2026/08/04 14:59:45.684, 21096, 100
2026/08/04 14:59:46.684, 21096, 82
2026/08/04 14:59:47.685, 21096, 100
2026/08/04 14:59:48.685, 21096, 100
2026/08/04 14:59:49.686, 21096, 100
2026/08/04 14:59:50.686, 21096, 100
2026/08/04 14:59:51.686, 21096, 100
2026/08/04 14:59:52.686, 21096, 100
2026/08/04 14:59:53.687, 21096, 100
2026/08/04 14:59:54.687, 21096, 100
2026/08/04 14:59:55.687, 21096, 86
2026/08/04 14:59:56.688, 21096, 85
2026/08/04 14:59:57.688, 21096, 100
2026/08/04 14:59:58.688, 21096, 100
2026/08/04 14:59:59.689, 21096, 64
2026/08/04 15:00:00.689, 21096, 100
2026/08/04 15:00:01.689, 21096, 100
2026/08/04 15:00:02.690, 21096, 100
2026/08/04 15:00:03.690, 21096, 100
2026/08/04 15:00:04.690, 21096, 100
2026/08/04 15:00:05.690, 21096, 100
2026/08/04 15:00:06.691, 21096, 100
2026/08/04 15:00:07.691, 21096, 100
2026/08/04 15:00:08.691, 21096, 84
2026/08/04 15:00:09.692, 21096, 78
2026/08/04 15:00:10.692, 21096, 100
2026/08/04 15:00:11.692, 21096, 100
2026/08/04 15:00:12.693, 21096, 100
2026/08/04 15:00:13.693, 21096, 100
2026/08/04 15:00:14.693, 21096, 100
2026/08/04 15:00:15.693, 21096, 100
2026/08/04 15:00:16.713, 21096, 100
2026/08/04 15:00:17.737, 21096, 100
2026/08/04 15:00:18.759, 21096, 100
2026/08/04 15:00:19.778, 21096, 99
2026/08/04 15:00:20.794, 21096, 100
2026/08/04 15:00:21.809, 21096, 100
2026/08/04 15:00:22.822, 21096, 85
2026/08/04 15:00:23.833, 21096, 100
2026/08/04 15:00:24.843, 21096, 100
2026/08/04 15:00:25.853, 21096, 100
2026/08/04 15:00:26.862, 21096, 100
2026/08/04 15:00:27.869, 21096, 64
2026/08/04 15:00:28.876, 21096, 100
2026/08/04 15:00:29.882, 21096, 100
2026/08/04 15:00:30.887, 21096, 100
2026/08/04 15:00:31.893, 21096, 84
2026/08/04 15:00:32.943, 21096, 100
2026/08/04 15:00:33.948, 21096, 100
2026/08/04 15:00:34.952, 21096, 100
2026/08/04 15:00:35.956, 21096, 100
2026/08/04 15:00:36.959, 21096, 100
2026/08/04 15:00:37.962, 21096, 100
2026/08/04 15:00:38.966, 21096, 100
2026/08/04 15:00:39.969, 21096, 100
2026/08/04 15:00:40.972, 21096, 83
2026/08/04 15:00:41.974, 21096, 86
2026/08/04 15:00:42.977, 21096, 100
2026/08/04 15:00:43.979, 21096, 100
2026/08/04 15:00:44.981, 21096, 100
2026/08/04 15:00:45.984, 21096, 83
2026/08/04 15:00:46.986, 21096, 100
2026/08/04 15:00:47.988, 21096, 100
2026/08/04 15:00:48.990, 21096, 100
2026/08/04 15:00:49.991, 21096, 100
2026/08/04 15:00:50.991, 21096, 100
2026/08/04 15:00:51.991, 21096, 100
2026/08/04 15:00:52.991, 21096, 100
2026/08/04 15:00:53.992, 21096, 100
2026/08/04 15:00:54.992, 21096, 100
2026/08/04 15:00:55.992, 21096, 85
2026/08/04 15:00:56.992, 21096, 100
2026/08/04 15:00:57.993, 21096, 100
2026/08/04 15:00:58.993, 21096, 100
2026/08/04 15:00:59.993, 21096, 100
2026/08/04 15:01:00.994, 21096, 100
2026/08/04 15:01:01.994, 21096, 5
2026/08/04 15:01:02.994, 21096, 0
2026/08/04 15:01:03.994, 21096, 0
2026/08/04 15:01:04.995, 21096, 0
