step,epoch,loss,learning_rate,grad_norm
1,0.0008001600320064013,1.4029,2.6666666666666667e-07,1.2291805744171143
2,0.0016003200640128026,1.5831,5.333333333333333e-07,1.7713290452957153
3,0.002400480096019204,2.2657,8.000000000000001e-07,1.3799208402633667
4,0.003200640128025605,4.0499,1.0666666666666667e-06,10.879613876342773
5,0.004000800160032006,2.9179,1.3333333333333334e-06,2.911470413208008
6,0.004800960192038408,2.0895,1.6000000000000001e-06,1.662261724472046
7,0.005601120224044809,0.9871,1.8666666666666669e-06,0.43944260478019714
8,0.00640128025605121,0.8434,2.1333333333333334e-06,0.5788417458534241
9,0.0072014402880576115,1.633,2.4000000000000003e-06,1.0169705152511597
10,0.008001600320064013,1.9978,2.666666666666667e-06,1.1992145776748657
11,0.008801760352070413,2.0285,2.9333333333333333e-06,1.6458998918533325
12,0.009601920384076815,1.4592,3.2000000000000003e-06,0.8527340888977051
13,0.010402080416083216,1.8219,3.466666666666667e-06,0.9272890686988831
14,0.011202240448089618,1.3262,3.7333333333333337e-06,1.3995118141174316
15,0.012002400480096018,1.2627,4.000000000000001e-06,0.643584132194519
16,0.01280256051210242,1.675,4.266666666666667e-06,3.226283550262451
17,0.013602720544108821,1.6463,4.533333333333334e-06,1.3238593339920044
18,0.014402880576115223,1.6526,4.800000000000001e-06,1.7016733884811401
19,0.015203040608121624,1.6078,5.066666666666667e-06,1.099602222442627
20,0.016003200640128026,1.4562,5.333333333333334e-06,0.9855986833572388
21,0.016803360672134428,2.8649,5.600000000000001e-06,3.4218287467956543
22,0.017603520704140826,1.7255,5.866666666666667e-06,1.0397249460220337
23,0.01840368073614723,0.941,6.133333333333334e-06,0.6342740058898926
24,0.01920384076815363,0.4686,6.4000000000000006e-06,1.1351984739303589
25,0.020004000800160033,1.0428,6.666666666666667e-06,0.7022216320037842
26,0.02080416083216643,2.4624,6.933333333333334e-06,0.5537866353988647
27,0.021604320864172834,1.8074,7.2e-06,1.047238826751709
28,0.022404480896179236,0.8301,7.4666666666666675e-06,0.6280174851417542
29,0.023204640928185638,2.0782,7.733333333333334e-06,1.3152011632919312
30,0.024004800960192037,1.4382,8.000000000000001e-06,0.8923459649085999
31,0.02480496099219844,1.6522,8.266666666666667e-06,1.8225977420806885
32,0.02560512102420484,1.5752,8.533333333333334e-06,0.873972475528717
33,0.026405281056211243,1.6869,8.8e-06,0.8482651710510254
34,0.027205441088217642,2.7077,9.066666666666667e-06,1.4431990385055542
35,0.028005601120224044,1.5432,9.333333333333334e-06,1.101167917251587
36,0.028805761152230446,2.0864,9.600000000000001e-06,2.291774034500122
37,0.02960592118423685,1.5531,9.866666666666667e-06,1.6652308702468872
38,0.030406081216243247,2.3088,1.0133333333333333e-05,1.598963737487793
39,0.03120624124824965,1.9275,1.04e-05,1.9463939666748047
40,0.03200640128025605,2.4339,1.0666666666666667e-05,1.6075446605682373
41,0.03280656131226245,2.2362,1.0933333333333334e-05,1.0734931230545044
42,0.033606721344268856,2.4666,1.1200000000000001e-05,2.551358938217163
43,0.034406881376275254,1.4592,1.1466666666666666e-05,0.8580637574195862
44,0.03520704140828165,1.6422,1.1733333333333333e-05,0.6682358384132385
45,0.03600720144028806,0.7817,1.2e-05,0.6086553335189819
46,0.03680736147229446,1.8853,1.2266666666666667e-05,1.7698065042495728
47,0.03760752150430086,1.8288,1.2533333333333332e-05,2.0768661499023438
48,0.03840768153630726,2.0745,1.2800000000000001e-05,1.7655476331710815
49,0.03920784156831366,0.9524,1.3066666666666666e-05,1.157246470451355
50,0.040008001600320066,2.1451,1.3333333333333333e-05,1.8846789598464966
51,0.040808161632326465,1.3537,1.3600000000000002e-05,0.5535361766815186
52,0.04160832166433286,1.0809,1.3866666666666667e-05,0.636335551738739
53,0.04240848169633927,1.6098,1.4133333333333334e-05,2.0750961303710938
54,0.04320864172834567,0.445,1.44e-05,0.6078898310661316
55,0.04400880176035207,1.5917,1.4666666666666668e-05,0.5262830853462219
56,0.04480896179235847,2.388,1.4933333333333335e-05,4.427232265472412
57,0.04560912182436487,1.901,1.52e-05,1.3530138731002808
58,0.046409281856371276,1.5674,1.546666666666667e-05,0.8471282124519348
59,0.047209441888377675,1.848,1.5733333333333334e-05,2.4202957153320312
60,0.048009601920384073,1.2329,1.6000000000000003e-05,0.6879695057868958
61,0.04880976195239048,1.0879,1.6266666666666665e-05,3.1641969680786133
62,0.04960992198439688,1.6866,1.6533333333333333e-05,2.186163902282715
63,0.05041008201640328,3.4696,1.6800000000000002e-05,4.632611274719238
64,0.05121024204840968,1.6008,1.7066666666666667e-05,1.078364372253418
65,0.05201040208041608,1.5923,1.7333333333333336e-05,1.7106997966766357
66,0.052810562112422486,1.7408,1.76e-05,1.6164593696594238
67,0.053610722144428885,1.7174,1.7866666666666666e-05,1.5304971933364868
68,0.054410882176435284,0.5263,1.8133333333333335e-05,0.4135932922363281
69,0.05521104220844169,1.2512,1.84e-05,0.8093109130859375
70,0.05601120224044809,1.0367,1.866666666666667e-05,0.8099415898323059
71,0.056811362272454494,1.2039,1.8933333333333334e-05,0.6303507685661316
72,0.05761152230446089,1.1507,1.9200000000000003e-05,0.9392780661582947
73,0.05841168233646729,1.7937,1.9466666666666668e-05,1.0061852931976318
74,0.0592118423684737,1.3242,1.9733333333333333e-05,3.117323875427246
75,0.060012002400480095,1.8875,2e-05,0.8903416395187378
76,0.060812162432486494,1.3252,2.0266666666666667e-05,0.9390284419059753
77,0.0616123224644929,1.3177,2.0533333333333336e-05,0.5071020126342773
78,0.0624124824964993,1.3789,2.08e-05,0.6673319339752197
79,0.0632126425285057,1.3709,2.106666666666667e-05,0.9030160903930664
80,0.0640128025605121,1.4669,2.1333333333333335e-05,0.9242708683013916
81,0.06481296259251851,1.2605,2.16e-05,0.5443691611289978
82,0.0656131226245249,1.7782,2.186666666666667e-05,0.6700865030288696
83,0.0664132826565313,1.4388,2.2133333333333334e-05,0.7851897478103638
84,0.06721344268853771,1.6483,2.2400000000000002e-05,0.8319149017333984
85,0.0680136027205441,1.128,2.2666666666666668e-05,0.566490650177002
86,0.06881376275255051,1.391,2.2933333333333333e-05,0.8386752009391785
87,0.06961392278455691,2.704,2.32e-05,1.6691948175430298
88,0.0704140828165633,1.2925,2.3466666666666667e-05,0.7921128869056702
89,0.07121424284856971,1.4311,2.3733333333333335e-05,0.6160753965377808
90,0.07201440288057612,1.1523,2.4e-05,0.5814602971076965
91,0.07281456291258252,0.7125,2.426666666666667e-05,0.5973148345947266
92,0.07361472294458891,1.315,2.4533333333333334e-05,0.47842612862586975
93,0.07441488297659532,0.7499,2.48e-05,0.4311496913433075
94,0.07521504300860173,1.3765,2.5066666666666665e-05,0.7088502049446106
95,0.07601520304060812,1.4207,2.5333333333333337e-05,1.049578309059143
96,0.07681536307261452,1.5226,2.5600000000000002e-05,1.1272499561309814
97,0.07761552310462093,1.1009,2.5866666666666667e-05,0.9954588413238525
98,0.07841568313662732,1.3749,2.6133333333333333e-05,0.5499848127365112
99,0.07921584316863373,1.6512,2.64e-05,0.9383692145347595
100,0.08001600320064013,1.0369,2.6666666666666667e-05,1.5329217910766602
101,0.08081616323264652,1.1173,2.6933333333333332e-05,0.49075958132743835
102,0.08161632326465293,1.1692,2.7200000000000004e-05,0.5295652151107788
103,0.08241648329665933,2.0088,2.746666666666667e-05,0.8188068270683289
104,0.08321664332866573,1.7969,2.7733333333333334e-05,0.5816319584846497
105,0.08401680336067213,1.39,2.8000000000000003e-05,1.3133714199066162
106,0.08481696339267854,1.2605,2.8266666666666668e-05,0.4673597812652588
107,0.08561712342468494,1.4818,2.8533333333333333e-05,0.6372981071472168
108,0.08641728345669134,1.0068,2.88e-05,0.7342818975448608
109,0.08721744348869774,1.388,2.906666666666667e-05,1.6115342378616333
110,0.08801760352070415,1.3039,2.9333333333333336e-05,0.6981120109558105
111,0.08881776355271054,1.1863,2.96e-05,0.7002093195915222
112,0.08961792358471694,1.4784,2.986666666666667e-05,0.7204473614692688
113,0.09041808361672335,1.041,3.0133333333333335e-05,0.7748342156410217
114,0.09121824364872974,1.0467,3.04e-05,0.7532184720039368
115,0.09201840368073615,0.9527,3.066666666666667e-05,0.9163467884063721
116,0.09281856371274255,0.6371,3.093333333333334e-05,0.5081446766853333
117,0.09361872374474894,0.9541,3.12e-05,0.5525225400924683
118,0.09441888377675535,1.4925,3.146666666666667e-05,1.085902214050293
119,0.09521904380876176,1.4971,3.173333333333334e-05,0.6016517877578735
120,0.09601920384076815,1.4605,3.2000000000000005e-05,0.8399292230606079
121,0.09681936387277455,0.5473,3.226666666666667e-05,0.6322315335273743
122,0.09761952390478096,1.1592,3.253333333333333e-05,0.8743094801902771
123,0.09841968393678736,1.6601,3.2800000000000004e-05,2.6720056533813477
124,0.09921984396879376,1.7603,3.3066666666666666e-05,0.6783612966537476
125,0.10002000400080016,1.4965,3.3333333333333335e-05,0.5152599215507507
126,0.10082016403280657,1.1378,3.3600000000000004e-05,2.598832368850708
127,0.10162032406481296,1.6248,3.3866666666666665e-05,0.858465850353241
128,0.10242048409681936,1.0841,3.4133333333333334e-05,1.6059547662734985
129,0.10322064412882577,0.8253,3.4399999999999996e-05,1.3494837284088135
130,0.10402080416083216,2.0324,3.466666666666667e-05,5.431568145751953
131,0.10482096419283857,1.8381,3.493333333333333e-05,1.3825957775115967
132,0.10562112422484497,1.8595,3.52e-05,0.9584258794784546
133,0.10642128425685136,3.5575,3.546666666666667e-05,0.7352001070976257
134,0.10722144428885777,1.4932,3.573333333333333e-05,1.4531428813934326
135,0.10802160432086418,1.3218,3.6e-05,0.9417614936828613
136,0.10882176435287057,1.4218,3.626666666666667e-05,1.0909075736999512
137,0.10962192438487697,1.4883,3.653333333333334e-05,1.1585257053375244
138,0.11042208441688338,1.2306,3.68e-05,0.44597747921943665
139,0.11122224444888978,1.221,3.706666666666667e-05,0.7619147896766663
140,0.11202240448089618,1.7424,3.733333333333334e-05,0.9549286365509033
141,0.11282256451290258,1.3871,3.76e-05,1.1310373544692993
142,0.11362272454490899,1.5874,3.786666666666667e-05,0.8367646932601929
143,0.11442288457691538,1.5298,3.8133333333333336e-05,0.7571114301681519
144,0.11522304460892178,0.5589,3.8400000000000005e-05,0.5826977491378784
145,0.11602320464092819,1.6611,3.866666666666667e-05,3.371143341064453
146,0.11682336467293458,1.9906,3.8933333333333336e-05,1.1875396966934204
147,0.11762352470494099,0.7829,3.9200000000000004e-05,0.6207805871963501
148,0.1184236847369474,1.9974,3.9466666666666666e-05,1.089773416519165
149,0.11922384476895379,0.9459,3.9733333333333335e-05,0.997038722038269
150,0.12002400480096019,1.2964,4e-05,0.6252983808517456
151,0.1208241648329666,1.6015,4.026666666666667e-05,1.295469880104065
152,0.12162432486497299,2.2894,4.0533333333333334e-05,0.5419641733169556
153,0.1224244848969794,1.5309,4.08e-05,0.8494582176208496
154,0.1232246449289858,1.6334,4.106666666666667e-05,1.714694857597351
155,0.1240248049609922,0.4798,4.133333333333333e-05,0.7858960628509521
156,0.1248249649929986,0.9031,4.16e-05,0.6053251624107361
157,0.125625125025005,1.2504,4.186666666666667e-05,0.8628902435302734
158,0.1264252850570114,0.9221,4.213333333333334e-05,0.551906168460846
159,0.1272254450890178,1.1574,4.24e-05,0.6466925144195557
160,0.1280256051210242,1.535,4.266666666666667e-05,1.9109236001968384
161,0.1288257651530306,0.6878,4.293333333333334e-05,0.739046037197113
162,0.12962592518503702,1.2102,4.32e-05,0.8397157192230225
163,0.1304260852170434,1.3309,4.346666666666667e-05,0.7631309628486633
164,0.1312262452490498,1.1463,4.373333333333334e-05,0.5856940150260925
165,0.13202640528105622,1.6693,4.4000000000000006e-05,1.8951271772384644
166,0.1328265653130626,0.9071,4.426666666666667e-05,1.9459656476974487
167,0.133626725345069,1.0571,4.4533333333333336e-05,1.581362247467041
168,0.13442688537707542,1.7057,4.4800000000000005e-05,1.7263561487197876
169,0.13522704540908181,1.3236,4.5066666666666667e-05,0.7925087213516235
170,0.1360272054410882,1.2503,4.5333333333333335e-05,0.9165021181106567
171,0.13682736547309463,1.2247,4.5600000000000004e-05,0.8994199633598328
172,0.13762752550510102,1.5674,4.5866666666666666e-05,1.1700668334960938
173,0.1384276855371074,1.3461,4.6133333333333334e-05,3.2898409366607666
174,0.13922784556911383,1.1667,4.64e-05,3.9083354473114014
175,0.14002800560112022,1.6582,4.666666666666667e-05,0.8223516941070557
176,0.1408281656331266,1.0756,4.6933333333333333e-05,0.6910504698753357
177,0.14162832566513303,0.8799,4.72e-05,1.0069650411605835
178,0.14242848569713942,1.4689,4.746666666666667e-05,0.8430883884429932
179,0.14322864572914584,1.727,4.773333333333333e-05,3.505000114440918
180,0.14402880576115223,1.7394,4.8e-05,0.9151071906089783
181,0.14482896579315863,1.1204,4.826666666666667e-05,0.9513581395149231
182,0.14562912582516505,0.8128,4.853333333333334e-05,0.9575531482696533
183,0.14642928585717144,1.2893,4.88e-05,0.7871910929679871
184,0.14722944588917783,0.8506,4.906666666666667e-05,0.7295382618904114
185,0.14802960592118425,0.9473,4.933333333333334e-05,2.375666379928589
186,0.14882976595319064,1.0991,4.96e-05,3.8106656074523926
187,0.14962992598519703,0.6334,4.986666666666667e-05,0.4843006432056427
188,0.15043008601720345,1.992,5.013333333333333e-05,1.1210174560546875
189,0.15123024604920984,1.6408,5.0400000000000005e-05,1.1195317506790161
190,0.15203040608121624,2.135,5.0666666666666674e-05,0.969062089920044
191,0.15283056611322265,1.1617,5.0933333333333336e-05,1.2176750898361206
192,0.15363072614522905,1.4134,5.1200000000000004e-05,0.8690994381904602
193,0.15443088617723544,1.4387,5.146666666666667e-05,0.8330852389335632
194,0.15523104620924186,1.5911,5.1733333333333335e-05,2.3212709426879883
195,0.15603120624124825,1.4491,5.2000000000000004e-05,1.259506106376648
196,0.15683136627325464,1.1109,5.2266666666666665e-05,1.3826643228530884
197,0.15763152630526106,2.3496,5.2533333333333334e-05,0.9833823442459106
198,0.15843168633726745,1.6568,5.28e-05,1.0662912130355835
199,0.15923184636927384,1.142,5.3066666666666665e-05,1.1115367412567139
200,0.16003200640128026,1.912,5.333333333333333e-05,0.9529751539230347
201,0.16083216643328666,1.1873,5.360000000000001e-05,1.226651906967163
202,0.16163232646529305,1.7124,5.3866666666666664e-05,1.2978144884109497
203,0.16243248649729947,1.3642,5.413333333333334e-05,1.1949090957641602
204,0.16323264652930586,1.541,5.440000000000001e-05,1.251660943031311
205,0.16403280656131225,1.4558,5.466666666666666e-05,1.3679039478302002
206,0.16483296659331867,1.6093,5.493333333333334e-05,1.6269607543945312
207,0.16563312662532506,1.8509,5.520000000000001e-05,0.9952570199966431
208,0.16643328665733145,1.4102,5.546666666666667e-05,1.8174607753753662
209,0.16723344668933787,1.2614,5.573333333333334e-05,1.2539678812026978
210,0.16803360672134426,1.4934,5.6000000000000006e-05,0.6836181879043579
211,0.16883376675335068,1.1848,5.626666666666667e-05,1.0804966688156128
212,0.16963392678535708,1.4531,5.6533333333333336e-05,1.751691460609436
213,0.17043408681736347,0.9333,5.68e-05,0.5597015023231506
214,0.1712342468493699,0.8611,5.706666666666667e-05,4.86279821395874
215,0.17203440688137628,1.1725,5.7333333333333336e-05,1.2656222581863403
216,0.17283456691338267,1.2215,5.76e-05,0.7245897054672241
217,0.1736347269453891,1.8408,5.7866666666666666e-05,1.4963276386260986
218,0.17443488697739548,1.334,5.813333333333334e-05,0.7416698932647705
219,0.17523504700940187,1.5871,5.8399999999999997e-05,0.8210905194282532
220,0.1760352070414083,1.5555,5.866666666666667e-05,0.7824971079826355
221,0.17683536707341468,1.3109,5.893333333333334e-05,0.7007557153701782
222,0.17763552710542108,1.9501,5.92e-05,1.0598841905593872
223,0.1784356871374275,1.2302,5.946666666666667e-05,1.6794788837432861
224,0.1792358471694339,1.6458,5.973333333333334e-05,1.5787965059280396
225,0.18003600720144028,0.8834,6e-05,1.047526240348816
226,0.1808361672334467,1.9366,6.026666666666667e-05,1.9499059915542603
227,0.1816363272654531,0.5858,6.053333333333333e-05,0.6566750407218933
228,0.18243648729745948,1.6934,6.08e-05,0.5158061385154724
229,0.1832366473294659,1.838,6.106666666666667e-05,5.3383073806762695
230,0.1840368073614723,1.383,6.133333333333334e-05,0.9534755349159241
231,0.18483696739347868,1.8362,6.16e-05,0.751932680606842
232,0.1856371274254851,1.4176,6.186666666666668e-05,0.916844367980957
233,0.1864372874574915,1.1045,6.213333333333333e-05,1.156609058380127
234,0.1872374474894979,1.6283,6.24e-05,1.1307063102722168
235,0.1880376075215043,0.8206,6.266666666666667e-05,0.8776611089706421
236,0.1888377675535107,1.4684,6.293333333333334e-05,0.8482846617698669
237,0.1896379275855171,1.3153,6.32e-05,0.8908989429473877
238,0.1904380876175235,1.6328,6.346666666666667e-05,2.7408175468444824
239,0.1912382476495299,2.0459,6.373333333333333e-05,1.0661976337432861
240,0.1920384076815363,1.74,6.400000000000001e-05,1.1853967905044556
241,0.1928385677135427,1.5978,6.426666666666668e-05,1.0286667346954346
242,0.1936387277455491,2.9345,6.453333333333333e-05,2.940643310546875
243,0.19443888777755552,1.2299,6.48e-05,1.592331051826477
244,0.19523904780956192,1.5174,6.506666666666666e-05,1.1324867010116577
245,0.1960392078415683,1.1371,6.533333333333334e-05,0.7994529604911804
246,0.19683936787357473,0.5961,6.560000000000001e-05,1.6369675397872925
247,0.19763952790558112,1.2434,6.586666666666666e-05,1.2068414688110352
248,0.1984396879375875,1.0342,6.613333333333333e-05,0.8578875660896301
249,0.19923984796959393,0.731,6.64e-05,0.8797007203102112
250,0.20004000800160032,1.4479,6.666666666666667e-05,1.5347652435302734
251,0.20084016803360671,1.0673,6.693333333333334e-05,0.7470800280570984
252,0.20164032806561313,2.1487,6.720000000000001e-05,0.8144494295120239
253,0.20244048809761953,1.512,6.746666666666666e-05,0.9057766795158386
254,0.20324064812962592,1.5385,6.773333333333333e-05,1.0107483863830566
255,0.20404080816163234,1.0512,6.800000000000001e-05,1.1769903898239136
256,0.20484096819363873,0.8102,6.826666666666667e-05,0.6815205812454224
257,0.20564112822564512,1.7496,6.853333333333334e-05,2.0197317600250244
258,0.20644128825765154,1.4605,6.879999999999999e-05,0.9663101434707642
259,0.20724144828965793,0.6229,6.906666666666667e-05,0.6516443490982056
260,0.20804160832166432,1.3025,6.933333333333334e-05,0.6928366422653198
261,0.20884176835367074,1.4118,6.96e-05,0.859488308429718
262,0.20964192838567713,1.245,6.986666666666667e-05,0.8654680252075195
263,0.21044208841768353,0.5229,7.013333333333333e-05,0.453061580657959
264,0.21124224844968995,1.5101,7.04e-05,0.9185609221458435
265,0.21204240848169634,1.4739,7.066666666666667e-05,0.9914103746414185
266,0.21284256851370273,1.2207,7.093333333333334e-05,0.7833008766174316
267,0.21364272854570915,0.8785,7.12e-05,0.5596804618835449
268,0.21444288857771554,1.7963,7.146666666666666e-05,0.7926297783851624
269,0.21524304860972193,1.3547,7.173333333333335e-05,0.7202974557876587
270,0.21604320864172835,1.9585,7.2e-05,1.7152302265167236
271,0.21684336867373474,1.4221,7.226666666666667e-05,0.58296138048172
272,0.21764352870574113,1.5699,7.253333333333334e-05,1.3887732028961182
273,0.21844368873774755,0.6821,7.280000000000001e-05,0.48204120993614197
274,0.21924384876975395,1.4229,7.306666666666668e-05,0.6169421076774597
275,0.22004400880176037,1.0173,7.333333333333333e-05,0.5921006798744202
276,0.22084416883376676,0.9608,7.36e-05,0.8754242658615112
277,0.22164432886577315,0.5556,7.386666666666667e-05,0.39000844955444336
278,0.22244448889777957,1.8302,7.413333333333334e-05,1.6131508350372314
279,0.22324464892978596,1.5216,7.44e-05,1.0087761878967285
280,0.22404480896179235,1.1309,7.466666666666667e-05,0.9450480937957764
281,0.22484496899379877,1.374,7.493333333333333e-05,1.008508563041687
282,0.22564512902580516,0.3539,7.52e-05,0.6156769394874573
283,0.22644528905781156,1.1013,7.546666666666668e-05,0.787001371383667
284,0.22724544908981797,0.8197,7.573333333333334e-05,0.5577454566955566
285,0.22804560912182437,1.8514,7.6e-05,2.003267526626587
286,0.22884576915383076,1.7643,7.626666666666667e-05,0.8297155499458313
287,0.22964592918583718,1.7559,7.653333333333333e-05,0.7943248748779297
288,0.23044608921784357,1.2787,7.680000000000001e-05,1.243715763092041
289,0.23124624924984996,1.0099,7.706666666666668e-05,1.4097881317138672
290,0.23204640928185638,1.3354,7.733333333333333e-05,1.295074462890625
291,0.23284656931386277,0.962,7.76e-05,0.6922797560691833
292,0.23364672934586916,1.1279,7.786666666666667e-05,0.6133964657783508
293,0.23444688937787558,1.4087,7.813333333333334e-05,1.1744869947433472
294,0.23524704940988198,1.4506,7.840000000000001e-05,0.5674468278884888
295,0.23604720944188837,1.5029,7.866666666666666e-05,1.0060917139053345
296,0.2368473694738948,2.7192,7.893333333333333e-05,0.6211790442466736
297,0.23764752950590118,1.3061,7.920000000000001e-05,3.186410427093506
298,0.23844768953790757,1.1302,7.946666666666667e-05,1.210666298866272
299,0.239247849569914,0.8698,7.973333333333334e-05,0.5891706943511963
300,0.24004800960192038,1.3022,8e-05,1.75357186794281
301,0.24084816963392677,1.3402,8.026666666666666e-05,0.9700083136558533
302,0.2416483296659332,1.4158,8.053333333333334e-05,1.1280300617218018
303,0.24244848969793958,1.8234,8.080000000000001e-05,0.8738780617713928
304,0.24324864972994598,1.3827,8.106666666666667e-05,1.4662665128707886
305,0.2440488097619524,1.1507,8.133333333333334e-05,1.1435091495513916
306,0.2448489697939588,1.1356,8.16e-05,0.9275421500205994
307,0.2456491298259652,1.3295,8.186666666666667e-05,0.8548665046691895
308,0.2464492898579716,0.7915,8.213333333333334e-05,0.5559915900230408
309,0.247249449889978,1.2032,8.24e-05,1.4640686511993408
310,0.2480496099219844,0.7755,8.266666666666667e-05,0.7212783098220825
311,0.2488497699539908,1.4327,8.293333333333333e-05,1.8023816347122192
312,0.2496499299859972,2.1946,8.32e-05,1.1056852340698242
313,0.2504500900180036,2.7393,8.346666666666667e-05,3.295261859893799
314,0.25125025005001,1.2294,8.373333333333334e-05,0.6609879732131958
315,0.2520504100820164,1.1822,8.4e-05,0.4643971621990204
316,0.2528505701140228,0.8138,8.426666666666668e-05,0.5020288228988647
317,0.2536507301460292,0.9965,8.453333333333335e-05,0.5615838170051575
318,0.2544508901780356,1.3822,8.48e-05,0.5761200189590454
319,0.255251050210042,1.753,8.506666666666667e-05,1.7682417631149292
320,0.2560512102420484,1.4256,8.533333333333334e-05,0.6585779786109924
321,0.2568513702740548,1.3733,8.560000000000001e-05,0.8834806680679321
322,0.2576515303060612,1.2582,8.586666666666668e-05,1.4148690700531006
323,0.25845169033806764,2.7163,8.613333333333333e-05,0.41807979345321655
324,0.25925185037007403,1.7659,8.64e-05,2.06461501121521
325,0.2600520104020804,1.3518,8.666666666666667e-05,1.1275955438613892
326,0.2608521704340868,1.9065,8.693333333333334e-05,0.7360347509384155
327,0.2616523304660932,1.7152,8.72e-05,0.6223564743995667
328,0.2624524904980996,0.5909,8.746666666666667e-05,0.37349817156791687
329,0.26325265053010605,0.9586,8.773333333333333e-05,0.886033833026886
330,0.26405281056211244,1.2014,8.800000000000001e-05,0.6466765999794006
331,0.26485297059411883,1.5671,8.826666666666668e-05,0.70722496509552
332,0.2656531306261252,1.0531,8.853333333333333e-05,0.961506724357605
333,0.2664532906581316,1.9868,8.88e-05,1.4441449642181396
334,0.267253450690138,1.6595,8.906666666666667e-05,3.622520685195923
335,0.26805361072214445,1.6605,8.933333333333334e-05,1.0786776542663574
336,0.26885377075415084,1.3545,8.960000000000001e-05,0.9546110033988953
337,0.26965393078615724,1.519,8.986666666666666e-05,0.6789827942848206
338,0.27045409081816363,1.6372,9.013333333333333e-05,1.2079933881759644
339,0.27125425085017,1.3607,9.04e-05,0.8923552632331848
340,0.2720544108821764,1.4601,9.066666666666667e-05,1.2190130949020386
341,0.27285457091418286,1.828,9.093333333333334e-05,1.1770095825195312
342,0.27365473094618925,1.2692,9.120000000000001e-05,0.9836229681968689
343,0.27445489097819564,1.5745,9.146666666666666e-05,0.9859299659729004
344,0.27525505101020203,1.4582,9.173333333333333e-05,0.607663094997406
345,0.2760552110422084,1.7536,9.200000000000001e-05,1.035559892654419
346,0.2768553710742148,1.1528,9.226666666666667e-05,0.5694101452827454
347,0.27765553110622126,1.416,9.253333333333334e-05,0.7210699319839478
348,0.27845569113822766,0.8856,9.28e-05,1.256843090057373
349,0.27925585117023405,1.3547,9.306666666666667e-05,0.8170577883720398
350,0.28005601120224044,1.9053,9.333333333333334e-05,0.4438132345676422
351,0.28085617123424683,1.4954,9.360000000000001e-05,0.9013854265213013
352,0.2816563312662532,0.4289,9.386666666666667e-05,0.35566598176956177
353,0.28245649129825967,1.2736,9.413333333333334e-05,0.6246681213378906
354,0.28325665133026606,1.0862,9.44e-05,0.9437610507011414
355,0.28405681136227245,0.9323,9.466666666666667e-05,1.0833083391189575
356,0.28485697139427885,1.4111,9.493333333333334e-05,0.4308850169181824
357,0.28565713142628524,1.5821,9.52e-05,1.0906051397323608
358,0.2864572914582917,1.0536,9.546666666666667e-05,0.5693233609199524
359,0.2872574514902981,1.495,9.573333333333335e-05,1.0304919481277466
360,0.28805761152230447,1.7348,9.6e-05,0.8311816453933716
361,0.28885777155431086,2.1543,9.626666666666667e-05,0.934103786945343
362,0.28965793158631725,1.1069,9.653333333333334e-05,0.7381446957588196
363,0.29045809161832364,1.9812,9.680000000000001e-05,0.566393256187439
364,0.2912582516503301,1.4238,9.706666666666668e-05,0.6069158315658569
365,0.2920584116823365,1.4728,9.733333333333335e-05,0.5335198044776917
366,0.2928585717143429,1.2449,9.76e-05,1.5934362411499023
367,0.29365873174634927,1.1881,9.786666666666667e-05,0.9140194058418274
368,0.29445889177835566,1.7019,9.813333333333334e-05,1.4917165040969849
369,0.29525905181036205,1.643,9.84e-05,0.9630627632141113
370,0.2960592118423685,1.2787,9.866666666666668e-05,0.7122426629066467
371,0.2968593718743749,1.6609,9.893333333333333e-05,1.2083520889282227
372,0.2976595319063813,1.7263,9.92e-05,1.4318221807479858
373,0.2984596919383877,2.0042,9.946666666666668e-05,0.8338552117347717
374,0.29925985197039406,0.8841,9.973333333333334e-05,1.7337884902954102
375,0.30006001200240046,1.9253,0.0001,1.4531375169754028
376,0.3008601720344069,1.353,9.999997829975733e-05,0.90559321641922
377,0.3016603320664133,1.4755,9.999991319904811e-05,1.2069334983825684
378,0.3024604920984197,1.3604,9.999980469792889e-05,1.2287019491195679
379,0.3032606521304261,1.5603,9.999965279649382e-05,0.8950657844543457
380,0.30406081216243247,1.3494,9.999945749487478e-05,0.9786046743392944
381,0.30486097219443886,1.0485,9.999921879324126e-05,0.5980226993560791
382,0.3056611322264453,0.6073,9.999893669180047e-05,1.2245763540267944
383,0.3064612922584517,1.4614,9.99986111907973e-05,1.4621541500091553
384,0.3072614522904581,1.8302,9.999824229051424e-05,0.7805213332176208
385,0.3080616123224645,1.5944,9.999782999127155e-05,1.0923383235931396
386,0.3088617723544709,1.8934,9.999737429342709e-05,0.6818671226501465
387,0.30966193238647727,0.8297,9.999687519737639e-05,1.8813743591308594
388,0.3104620924184837,1.1171,9.999633270355269e-05,0.42931824922561646
389,0.3112622524504901,0.5632,9.999574681242688e-05,0.984876275062561
390,0.3120624124824965,2.158,9.99951175245075e-05,0.8032382130622864
391,0.3128625725145029,1.4094,9.99944448403408e-05,0.9109674692153931
392,0.3136627325465093,1.5859,9.999372876051068e-05,1.161108374595642
393,0.31446289257851573,2.0568,9.999296928563868e-05,1.0473681688308716
394,0.3152630526105221,1.4935,9.999216641638406e-05,0.7400508522987366
395,0.3160632126425285,1.2677,9.99913201534437e-05,0.7266483902931213
396,0.3168633726745349,1.574,9.999043049755217e-05,0.9051774740219116
397,0.3176635327065413,1.012,9.998949744948169e-05,1.0314726829528809
398,0.3184636927385477,1.966,9.998852101004216e-05,0.7901180982589722
399,0.31926385277055414,1.8649,9.998750118008115e-05,0.6586277484893799
400,0.3200640128025605,1.5294,9.998643796048389e-05,0.7504182457923889
401,0.3208641728345669,1.4903,9.998533135217322e-05,0.6674280762672424
402,0.3216643328665733,1.0118,9.998418135610975e-05,0.6370331645011902
403,0.3224644928985797,0.9171,9.998298797329163e-05,0.3844969570636749
404,0.3232646529305861,1.2914,9.998175120475476e-05,0.7983028292655945
405,0.32406481296259254,1.3594,9.998047105157264e-05,0.5189488530158997
406,0.32486497299459893,0.8513,9.99791475148565e-05,0.9976921081542969
407,0.3256651330266053,1.2678,9.997778059575516e-05,1.5159493684768677
408,0.3264652930586117,1.3448,9.997637029545509e-05,0.8750081658363342
409,0.3272654530906181,1.1895,9.997491661518047e-05,1.3090976476669312
410,0.3280656131226245,1.4529,9.997341955619313e-05,1.155643105506897
411,0.32886577315463095,1.0941,9.997187911979252e-05,1.1653046607971191
412,0.32966593318663734,1.3156,9.997029530731572e-05,0.7561049461364746
413,0.33046609321864373,1.8721,9.996866812013752e-05,0.4739004373550415
414,0.3312662532506501,1.323,9.996699755967034e-05,1.6689622402191162
415,0.3320664132826565,0.9091,9.996528362736424e-05,0.3215484917163849
416,0.3328665733146629,1.7816,9.996352632470691e-05,1.2290536165237427
417,0.33366673334666935,1.3719,9.996172565322375e-05,0.7917355895042419
418,0.33446689337867574,1.4834,9.99598816144777e-05,0.679509699344635
419,0.33526705341068214,1.0095,9.995799421006946e-05,0.3562503755092621
420,0.33606721344268853,1.6861,9.995606344163728e-05,0.6732347011566162
421,0.3368673734746949,1.5208,9.995408931085709e-05,0.7579297423362732
422,0.33766753350670137,1.7121,9.995207181944248e-05,0.9437046647071838
423,0.33846769353870776,1.7078,9.995001096914461e-05,0.9666218757629395
424,0.33926785357071415,2.0302,9.994790676175236e-05,0.947380006313324
425,0.34006801360272054,1.1944,9.994575919909218e-05,1.0531091690063477
426,0.34086817363472693,1.9057,9.994356828302818e-05,1.1269142627716064
427,0.3416683336667333,1.0921,9.994133401546208e-05,0.5297980308532715
428,0.3424684936987398,1.3687,9.993905639833328e-05,1.255550742149353
429,0.34326865373074616,1.6931,9.993673543361875e-05,0.7051494717597961
430,0.34406881376275256,1.2411,9.993437112333311e-05,0.7996525764465332
431,0.34486897379475895,1.6223,9.993196346952862e-05,1.1340956687927246
432,0.34566913382676534,2.4983,9.992951247429512e-05,0.9763240218162537
433,0.34646929385877173,1.0531,9.992701813976013e-05,1.3562443256378174
434,0.3472694538907782,0.8486,9.992448046808874e-05,0.40845465660095215
435,0.34806961392278457,1.4561,9.992189946148366e-05,0.6729040145874023
436,0.34886977395479096,1.0686,9.991927512218525e-05,0.9150438904762268
437,0.34966993398679735,1.4528,9.991660745247147e-05,1.1504075527191162
438,0.35047009401880375,0.8009,9.991389645465785e-05,0.32024577260017395
439,0.35127025405081014,0.942,9.991114213109758e-05,0.5144556760787964
440,0.3520704140828166,0.6616,9.990834448418145e-05,0.5668580532073975
441,0.352870574114823,1.1695,9.990550351633782e-05,0.6457762122154236
442,0.35367073414682937,1.6739,9.99026192300327e-05,0.7808055281639099
443,0.35447089417883576,2.2255,9.989969162776969e-05,0.8740155100822449
444,0.35527105421084215,1.3854,9.989672071208994e-05,0.6574328541755676
445,0.35607121424284854,2.0101,9.989370648557225e-05,0.5673452615737915
446,0.356871374274855,1.8796,9.989064895083299e-05,1.0032157897949219
447,0.3576715343068614,1.7213,9.988754811052616e-05,0.7881821393966675
448,0.3584716943388678,0.6284,9.98844039673433e-05,0.44354259967803955
449,0.35927185437087417,0.3624,9.988121652401354e-05,0.29731035232543945
450,0.36007201440288056,1.3051,9.987798578330364e-05,1.744081735610962
451,0.36087217443488695,1.447,9.98747117480179e-05,0.5868094563484192
452,0.3616723344668934,1.0279,9.987139442099822e-05,0.6346796154975891
453,0.3624724944988998,1.1843,9.986803380512406e-05,0.5830270648002625
454,0.3632726545309062,1.1102,9.986462990331247e-05,0.3388735055923462
455,0.3640728145629126,0.7947,9.986118271851809e-05,0.3674413859844208
456,0.36487297459491896,2.729,9.98576922537331e-05,1.7272586822509766
457,0.3656731346269254,1.4248,9.985415851198722e-05,0.7313108444213867
458,0.3664732946589318,1.0857,9.985058149634783e-05,0.6537163257598877
459,0.3672734546909382,2.9279,9.984696120991978e-05,0.36808425188064575
460,0.3680736147229446,0.7723,9.984329765584554e-05,0.45056959986686707
461,0.368873774754951,1.618,9.983959083730507e-05,0.8082936406135559
462,0.36967393478695737,1.5517,9.983584075751597e-05,2.4634287357330322
463,0.3704740948189638,1.2017,9.98320474197333e-05,0.9292465448379517
464,0.3712742548509702,1.0508,9.982821082724976e-05,0.6176871657371521
465,0.3720744148829766,1.436,9.982433098339552e-05,1.076608419418335
466,0.372874574914983,0.6899,9.982040789153832e-05,0.31447798013687134
467,0.3736747349469894,1.4218,9.981644155508347e-05,1.0134855508804321
468,0.3744748949789958,0.7997,9.981243197747374e-05,1.0001957416534424
469,0.3752750550110022,1.2823,9.980837916218954e-05,0.6006839275360107
470,0.3760752150430086,1.4535,9.980428311274871e-05,0.8648083209991455
471,0.376875375075015,2.9479,9.980014383270668e-05,2.506692409515381
472,0.3776755351070214,1.7424,9.979596132565638e-05,0.6858718395233154
473,0.3784756951390278,1.5129,9.979173559522826e-05,1.220609426498413
474,0.3792758551710342,1.1272,9.978746664509031e-05,1.8801681995391846
475,0.38007601520304063,1.5074,9.978315447894802e-05,0.8744626641273499
476,0.380876175235047,1.3002,9.977879910054437e-05,1.7176345586776733
477,0.3816763352670534,1.4288,9.97744005136599e-05,1.9159544706344604
478,0.3824764952990598,0.9571,9.976995872211259e-05,0.3280008137226105
479,0.3832766553310662,1.267,9.9765473729758e-05,0.6514445543289185
480,0.3840768153630726,1.1982,9.976094554048912e-05,1.080470085144043
481,0.38487697539507904,0.5607,9.975637415823647e-05,0.437060683965683
482,0.3856771354270854,1.1883,9.975175958696805e-05,0.9669874310493469
483,0.3864772954590918,1.6786,9.974710183068935e-05,0.7668867111206055
484,0.3872774554910982,0.9169,9.974240089344336e-05,0.41156327724456787
485,0.3880776155231046,0.7048,9.973765677931053e-05,0.49701887369155884
486,0.38887777555511105,1.0281,9.97328694924088e-05,0.6841868162155151
487,0.38967793558711744,1.5503,9.972803903689358e-05,0.8993167281150818
488,0.39047809561912383,0.7047,9.972316541695777e-05,0.5048748850822449
489,0.3912782556511302,1.1498,9.971824863683167e-05,1.8012186288833618
490,0.3920784156831366,0.2456,9.971328870078315e-05,0.33603519201278687
491,0.392878575715143,1.8319,9.970828561311747e-05,1.1955019235610962
492,0.39367873574714946,0.8677,9.970323937817732e-05,0.6501199007034302
493,0.39447889577915585,1.2152,9.969815000034292e-05,0.5858100652694702
494,0.39527905581116224,1.3021,9.969301748403188e-05,1.0488451719284058
495,0.39607921584316863,1.6803,9.968784183369929e-05,0.8635373711585999
496,0.396879375875175,1.1654,9.968262305383765e-05,0.6353814601898193
497,0.3976795359071814,1.0303,9.967736114897692e-05,0.4749840795993805
498,0.39847969593918786,1.9125,9.96720561236845e-05,0.5411356091499329
499,0.39927985597119425,1.64,9.966670798256516e-05,0.8539931178092957
500,0.40008001600320064,1.848,9.966131673026117e-05,0.6585630178451538
501,0.40088017603520704,2.4396,9.965588237145218e-05,1.3153812885284424
502,0.40168033606721343,0.5765,9.965040491085528e-05,0.46026918292045593
503,0.4024804960992198,1.5323,9.964488435322494e-05,0.6359904408454895
504,0.40328065613122627,1.0479,9.963932070335307e-05,0.6415034532546997
505,0.40408081616323266,1.6262,9.963371396606896e-05,0.8408368825912476
506,0.40488097619523905,1.3137,9.962806414623933e-05,0.8228201270103455
507,0.40568113622724544,1.0715,9.962237124876828e-05,0.7056299448013306
508,0.40648129625925183,1.3974,9.961663527859725e-05,0.7543083429336548
509,0.4072814562912582,0.9111,9.96108562407052e-05,1.271626591682434
510,0.4080816163232647,0.9964,9.960503414010834e-05,0.9711823463439941
511,0.40888177635527106,1.284,9.95991689818603e-05,0.5234986543655396
512,0.40968193638727746,1.187,9.959326077105211e-05,0.571104109287262
513,0.41048209641928385,1.3994,9.958730951281217e-05,0.9497205018997192
514,0.41128225645129024,0.9891,9.958131521230622e-05,0.660559356212616
515,0.41208241648329663,1.3836,9.957527787473735e-05,0.9915633797645569
516,0.4128825765153031,1.3169,9.956919750534606e-05,0.8113773465156555
517,0.41368273654730947,1.6454,9.956307410941015e-05,0.564970850944519
518,0.41448289657931586,1.801,9.955690769224479e-05,1.0018500089645386
519,0.41528305661132225,1.579,9.955069825920249e-05,1.270108938217163
520,0.41608321664332865,1.4906,9.954444581567311e-05,0.7935090661048889
521,0.4168833766753351,1.48,9.953815036708381e-05,1.1921263933181763
522,0.4176835367073415,1.644,9.953181191889913e-05,0.9839913249015808
523,0.4184836967393479,1.3785,9.952543047662087e-05,0.5804187059402466
524,0.41928385677135427,1.5102,9.951900604578821e-05,0.7004244923591614
525,0.42008401680336066,1.225,9.951253863197761e-05,1.4229364395141602
526,0.42088417683536705,1.2667,9.950602824080282e-05,0.5682322382926941
527,0.4216843368673735,1.4835,9.949947487791498e-05,0.9054596424102783
528,0.4224844968993799,1.3459,9.949287854900242e-05,0.980778694152832
529,0.4232846569313863,2.4756,9.948623925979086e-05,1.0643608570098877
530,0.4240848169633927,2.1457,9.947955701604324e-05,0.3423977196216583
531,0.42488497699539907,1.4359,9.947283182355982e-05,0.7839375734329224
532,0.42568513702740546,1.2596,9.946606368817813e-05,0.587202250957489
533,0.4264852970594119,0.9339,9.945925261577298e-05,0.4306291937828064
534,0.4272854570914183,1.1753,9.945239861225644e-05,0.5062161684036255
535,0.4280856171234247,1.9396,9.944550168357787e-05,0.89111328125
536,0.4288857771554311,0.7739,9.943856183572384e-05,1.33954656124115
537,0.42968593718743747,0.642,9.943157907471823e-05,0.6275137662887573
538,0.43048609721944386,1.4424,9.942455340662215e-05,0.45137760043144226
539,0.4312862572514503,0.8629,9.941748483753393e-05,1.3476526737213135
540,0.4320864172834567,1.4801,9.941037337358917e-05,0.6204359531402588
541,0.4328865773154631,1.9631,9.940321902096068e-05,1.0515706539154053
542,0.4336867373474695,1.6063,9.93960217858585e-05,0.5643455386161804
543,0.4344868973794759,1.371,9.938878167452992e-05,0.6595494151115417
544,0.43528705741148227,0.8303,9.93814986932594e-05,0.696067214012146
545,0.4360872174434887,1.9054,9.937417284836869e-05,0.41157588362693787
546,0.4368873774754951,1.4821,9.936680414621663e-05,0.6646906137466431
547,0.4376875375075015,1.2499,9.935939259319937e-05,0.7285048961639404
548,0.4384876975395079,1.0478,9.935193819575019e-05,0.5884491801261902
549,0.4392878575715143,1.369,9.934444096033958e-05,0.7243607044219971
550,0.44008801760352073,1.0101,9.933690089347523e-05,0.602602481842041
551,0.4408881776355271,1.6797,9.932931800170197e-05,0.7496345639228821
552,0.4416883376675335,1.6107,9.932169229160182e-05,0.609457790851593
553,0.4424884976995399,1.7768,9.9314023769794e-05,0.5028953552246094
554,0.4432886577315463,1.3248,9.930631244293485e-05,0.8907942175865173
555,0.4440888177635527,0.206,9.929855831771786e-05,0.38868248462677
556,0.44488897779555914,1.3751,9.929076140087369e-05,0.9615160822868347
557,0.44568913782756553,1.2617,9.928292169917015e-05,0.6223834156990051
558,0.4464892978595719,1.4993,9.927503921941218e-05,0.7532127499580383
559,0.4472894578915783,0.803,9.926711396844184e-05,0.4847365915775299
560,0.4480896179235847,1.8542,9.925914595313832e-05,0.7551811337471008
561,0.4488897779555911,1.5423,9.925113518041795e-05,0.6888942122459412
562,0.44968993798759754,1.0007,9.924308165723415e-05,0.8511850237846375
563,0.45049009801960394,1.9335,9.923498539057746e-05,2.6339516639709473
564,0.4512902580516103,1.5022,9.92268463874755e-05,0.6168183088302612
565,0.4520904180836167,1.9335,9.921866465499303e-05,0.5683616995811462
566,0.4528905781156231,1.0088,9.921044020023186e-05,0.5910951495170593
567,0.4536907381476295,0.8112,9.92021730303309e-05,0.6125250458717346
568,0.45449089817963595,1.1685,9.919386315246612e-05,0.924991250038147
569,0.45529105821164234,1.6451,9.918551057385062e-05,0.7369634509086609
570,0.45609121824364873,1.3399,9.917711530173444e-05,0.8495470285415649
571,0.4568913782756551,1.3299,9.916867734340483e-05,0.6067272424697876
572,0.4576915383076615,1.0674,9.916019670618599e-05,0.7566678524017334
573,0.4584916983396679,1.9675,9.915167339743921e-05,0.7252708077430725
574,0.45929185837167436,1.246,9.914310742456276e-05,0.9840624928474426
575,0.46009201840368075,1.3377,9.913449879499205e-05,0.6899348497390747
576,0.46089217843568714,0.8875,9.912584751619942e-05,1.0568604469299316
577,0.46169233846769353,1.2451,9.911715359569426e-05,1.9647234678268433
578,0.4624924984996999,1.3149,9.9108417041023e-05,1.729263186454773
579,0.4632926585317063,1.0907,9.909963785976903e-05,0.9612345695495605
580,0.46409281856371276,1.1712,9.909081605955277e-05,0.8901389241218567
581,0.46489297859571915,0.9627,9.908195164803164e-05,0.4361569881439209
582,0.46569313862772554,1.7536,9.907304463290004e-05,0.9842698574066162
583,0.46649329865973194,1.8973,9.906409502188931e-05,1.1050950288772583
584,0.46729345869173833,1.4774,9.905510282276784e-05,0.6925532817840576
585,0.4680936187237448,0.1578,9.904606804334094e-05,2.2212908267974854
586,0.46889377875575117,1.4332,9.903699069145085e-05,1.2435879707336426
587,0.46969393878775756,0.6776,9.902787077497684e-05,3.5142180919647217
588,0.47049409881976395,0.9051,9.901870830183506e-05,4.2580952644348145
589,0.47129425885177034,1.3746,9.900950327997866e-05,0.4541358947753906
590,0.47209441888377673,1.627,9.900025571739764e-05,1.1685330867767334
591,0.4728945789157832,0.747,9.899096562211902e-05,2.162245273590088
592,0.4736947389477896,1.8692,9.898163300220666e-05,0.45201462507247925
593,0.47449489897979596,1.1267,9.897225786576139e-05,2.6577019691467285
594,0.47529505901180236,0.6615,9.896284022092088e-05,0.4195101261138916
595,0.47609521904380875,1.25,9.89533800758598e-05,1.1401973962783813
596,0.47689537907581514,1.4703,9.894387743878957e-05,0.9317998886108398
597,0.4776955391078216,1.2305,9.893433231795864e-05,0.5993692874908447
598,0.478495699139828,1.7677,9.892474472165224e-05,0.603821337223053
599,0.47929585917183437,1.2066,9.89151146581925e-05,0.6268842816352844
600,0.48009601920384076,1.4359,9.890544213593839e-05,1.1328250169754028
601,0.48089617923584715,1.7207,9.889572716328577e-05,1.1385092735290527
602,0.48169633926785355,1.1115,9.888596974866734e-05,0.9736060500144958
603,0.48249649929986,1.3605,9.887616990055262e-05,0.8818809390068054
604,0.4832966593318664,1.8719,9.886632762744797e-05,0.9161971211433411
605,0.4840968193638728,0.9782,9.885644293789657e-05,0.4625992178916931
606,0.48489697939587917,1.2675,9.884651584047844e-05,0.6243373155593872
607,0.48569713942788556,2.0159,9.883654634381042e-05,2.1215598583221436
608,0.48649729945989195,1.9736,9.882653445654608e-05,1.528673768043518
609,0.4872974594918984,1.2901,9.881648018737586e-05,0.7045733332633972
610,0.4880976195239048,1.687,9.880638354502697e-05,0.6840888261795044
611,0.4888977795559112,1.2987,9.87962445382634e-05,0.6282468438148499
612,0.4896979395879176,1.7671,9.878606317588588e-05,2.123379945755005
613,0.49049809961992397,1.7645,9.877583946673194e-05,0.7818347811698914
614,0.4912982596519304,1.1052,9.876557341967587e-05,2.139324903488159
615,0.4920984196839368,1.5168,9.875526504362869e-05,1.2349932193756104
616,0.4928985797159432,1.1041,9.874491434753817e-05,0.5767766833305359
617,0.4936987397479496,1.5076,9.873452134038884e-05,0.610721230506897
618,0.494498899779956,1.2152,9.872408603120187e-05,0.657843828201294
619,0.49529905981196237,0.5656,9.871360842903528e-05,0.5235216617584229
620,0.4960992198439688,2.2707,9.870308854298366e-05,0.5474804639816284
621,0.4968993798759752,1.4075,9.869252638217846e-05,0.5989786982536316
622,0.4976995399079816,1.7002,9.868192195578766e-05,1.3412548303604126
623,0.498499699939988,1.0455,9.867127527301606e-05,1.105107307434082
624,0.4992998599719944,1.2397,9.866058634310502e-05,0.6525536179542542
625,0.5001000200040008,1.3179,9.86498551753327e-05,0.9733805656433105
626,0.5009001800360072,1.941,9.863908177901382e-05,1.0004771947860718
627,0.5017003400680136,1.5782,9.86282661634998e-05,0.7079597115516663
628,0.50250050010002,1.1094,9.861740833817872e-05,0.7399743795394897
629,0.5033006601320265,1.4686,9.860650831247527e-05,0.7312190532684326
630,0.5041008201640328,2.4105,9.859556609585074e-05,0.44437968730926514
631,0.5049009801960392,0.3557,9.858458169780313e-05,0.41920480132102966
632,0.5057011402280456,0.8102,9.857355512786697e-05,0.5591420531272888
633,0.506501300260052,1.4891,9.856248639561345e-05,0.7166644334793091
634,0.5073014602920584,1.3279,9.855137551065032e-05,0.5989127159118652
635,0.5081016203240648,1.4315,9.854022248262195e-05,0.658999502658844
636,0.5089017803560713,1.2745,9.85290273212093e-05,0.5893582701683044
637,0.5097019403880776,1.5211,9.851779003612982e-05,0.805846095085144
638,0.510502100420084,2.8704,9.850651063713763e-05,0.4781859517097473
639,0.5113022604520904,1.2417,9.849518913402334e-05,0.5136690735816956
640,0.5121024204840968,1.6887,9.848382553661411e-05,0.9681767821311951
641,0.5129025805161033,1.2054,9.847241985477368e-05,0.5104690194129944
642,0.5137027405481096,1.229,9.846097209840229e-05,0.658898115158081
643,0.514502900580116,1.7905,9.844948227743669e-05,0.6781358122825623
644,0.5153030606121224,2.8761,9.843795040185018e-05,1.0566868782043457
645,0.5161032206441288,0.8411,9.842637648165249e-05,2.307511806488037
646,0.5169033806761353,2.3936,9.841476052688994e-05,2.013451337814331
647,0.5177035407081416,1.3196,9.840310254764529e-05,0.5516810417175293
648,0.5185037007401481,1.7486,9.839140255403775e-05,0.8445233702659607
649,0.5193038607721544,1.2666,9.837966055622306e-05,0.6176755428314209
650,0.5201040208041608,1.4652,9.836787656439335e-05,0.7466344833374023
651,0.5209041808361672,1.1018,9.835605058877729e-05,0.5191333889961243
652,0.5217043408681736,1.3321,9.834418263963991e-05,1.1145126819610596
653,0.5225045009001801,1.3618,9.83322727272827e-05,0.5029319524765015
654,0.5233046609321864,0.8245,9.83203208620436e-05,0.5627550482749939
655,0.5241048209641929,1.6802,9.830832705429692e-05,6.15880012512207
656,0.5249049809961992,1.2344,9.829629131445342e-05,0.7190707921981812
657,0.5257051410282056,1.5056,9.828421365296023e-05,1.0711510181427002
658,0.5265053010602121,0.9422,9.827209408030089e-05,0.387888103723526
659,0.5273054610922184,1.2839,9.825993260699531e-05,0.5330836772918701
660,0.5281056211242249,1.2679,9.824772924359973e-05,0.5239580869674683
661,0.5289057811562312,0.663,9.823548400070683e-05,2.124638795852661
662,0.5297059411882377,1.1298,9.822319688894559e-05,0.543525755405426
663,0.530506101220244,1.1847,9.821086791898134e-05,0.8136533498764038
664,0.5313062612522504,1.1013,9.819849710151572e-05,1.3480231761932373
665,0.5321064212842569,1.3299,9.818608444728674e-05,0.7062470316886902
666,0.5329065813162632,0.9143,9.817362996706871e-05,1.534724235534668
667,0.5337067413482697,1.4686,9.816113367167225e-05,0.75818932056427
668,0.534506901380276,0.9695,9.814859557194424e-05,0.674080491065979
669,0.5353070614122825,1.3443,9.813601567876789e-05,0.6942092776298523
670,0.5361072214442889,1.5934,9.812339400306265e-05,0.748868465423584
671,0.5369073814762952,1.3289,9.811073055578428e-05,0.8408315181732178
672,0.5377075415083017,0.7033,9.809802534792476e-05,0.5054394602775574
673,0.538507701540308,1.1536,9.808527839051234e-05,0.7512010931968689
674,0.5393078615723145,1.3528,9.807248969461149e-05,0.6846780776977539
675,0.5401080216043208,2.3073,9.805965927132295e-05,1.6403977870941162
676,0.5409081816363273,1.3128,9.804678713178362e-05,0.6263260841369629
677,0.5417083416683337,1.1957,9.803387328716666e-05,0.6998894810676575
678,0.54250850170034,1.3843,9.802091774868143e-05,0.8583875894546509
679,0.5433086617323465,1.2451,9.800792052757341e-05,0.892507016658783
680,0.5441088217643528,1.2381,9.799488163512439e-05,0.5536354780197144
681,0.5449089817963593,1.3758,9.798180108265218e-05,0.9857239723205566
682,0.5457091418283657,1.8346,9.796867888151087e-05,0.6347424983978271
683,0.546509301860372,1.8074,9.795551504309063e-05,1.4218827486038208
684,0.5473094618923785,1.6009,9.794230957881784e-05,0.5063015818595886
685,0.5481096219243848,1.2541,9.792906250015493e-05,0.7849422693252563
686,0.5489097819563913,1.627,9.791577381860052e-05,0.7340584993362427
687,0.5497099419883977,0.8048,9.79024435456893e-05,0.3614051640033722
688,0.5505101020204041,0.8815,9.788907169299209e-05,0.797666072845459
689,0.5513102620524105,1.4482,9.787565827211578e-05,0.7312605381011963
690,0.5521104220844169,0.8144,9.786220329470333e-05,0.809806227684021
691,0.5529105821164233,0.8371,9.784870677243383e-05,1.5165141820907593
692,0.5537107421484296,0.499,9.783516871702237e-05,0.3711856007575989
693,0.5545109021804361,0.4941,9.78215891402201e-05,3.429892063140869
694,0.5553110622124425,1.3078,9.780796805381424e-05,0.9288945198059082
695,0.5561112222444489,1.6042,9.779430546962805e-05,0.7689588665962219
696,0.5569113822764553,1.2165,9.778060139952075e-05,0.6787340641021729
697,0.5577115423084616,1.0384,9.77668558553876e-05,0.3275836408138275
698,0.5585117023404681,0.0779,9.775306884915989e-05,0.2621012032032013
699,0.5593118623724745,1.7237,9.773924039280487e-05,1.0279597043991089
700,0.5601120224044809,1.0332,9.772537049832579e-05,0.8235341906547546
701,0.5609121824364873,1.0471,9.771145917776181e-05,0.8273711204528809
702,0.5617123424684937,2.8292,9.769750644318814e-05,0.42179933190345764
703,0.5625125025005001,1.2547,9.768351230671584e-05,0.6184918880462646
704,0.5633126625325064,1.2081,9.7669476780492e-05,0.5348609089851379
705,0.5641128225645129,1.0319,9.765539987669956e-05,0.5358196496963501
706,0.5649129825965193,0.9001,9.764128160755743e-05,0.9555047154426575
707,0.5657131426285257,1.0676,9.762712198532041e-05,0.7138919830322266
708,0.5665133026605321,1.7955,9.761292102227917e-05,0.5769948959350586
709,0.5673134626925385,1.375,9.75986787307603e-05,1.0177323818206787
710,0.5681136227245449,0.8253,9.758439512312623e-05,0.5069697499275208
711,0.5689137827565514,0.2635,9.75700702117753e-05,0.20647934079170227
712,0.5697139427885577,2.3466,9.755570400914162e-05,0.31735506653785706
713,0.5705141028205641,0.7029,9.754129652769524e-05,0.6073726415634155
714,0.5713142628525705,1.1769,9.752684777994197e-05,0.7206606864929199
715,0.5721144228845769,1.0289,9.751235777842346e-05,1.1129028797149658
716,0.5729145829165834,1.4813,9.749782653571722e-05,0.5339552760124207
717,0.5737147429485897,1.1585,9.748325406443646e-05,0.6014833450317383
718,0.5745149029805962,1.5886,9.746864037723023e-05,0.897300660610199
719,0.5753150630126025,1.2559,9.745398548678337e-05,0.6371233463287354
720,0.5761152230446089,1.1146,9.743928940581646e-05,0.7264857888221741
721,0.5769153830766153,2.0051,9.742455214708583e-05,1.0963419675827026
722,0.5777155431086217,1.4227,9.74097737233836e-05,0.5043337345123291
723,0.5785157031406282,1.5636,9.739495414753753e-05,0.8664255738258362
724,0.5793158631726345,1.6874,9.73800934324112e-05,0.7152875065803528
725,0.580116023204641,1.3229,9.736519159090384e-05,0.8046351075172424
726,0.5809161832366473,1.5451,9.735024863595039e-05,0.9459633827209473
727,0.5817163432686537,1.466,9.733526458052149e-05,0.6069781184196472
728,0.5825165033006602,1.193,9.732023943762342e-05,1.760706901550293
729,0.5833166633326665,1.5915,9.730517322029819e-05,0.45014095306396484
730,0.584116823364673,1.8353,9.72900659416234e-05,0.8048697113990784
731,0.5849169833966793,2.027,9.72749176147123e-05,1.2201943397521973
732,0.5857171434286857,1.7719,9.725972825271381e-05,1.3453617095947266
733,0.5865173034606921,1.1717,9.724449786881244e-05,0.4387817680835724
734,0.5873174634926985,1.8736,9.72292264762283e-05,0.5220023989677429
735,0.588117623524705,1.3859,9.721391408821711e-05,0.7204230427742004
736,0.5889177835567113,1.8906,9.719856071807019e-05,0.7003418803215027
737,0.5897179435887178,1.5314,9.718316637911438e-05,0.628728449344635
738,0.5905181036207241,1.2129,9.716773108471214e-05,0.3858576714992523
739,0.5913182636527305,1.6741,9.715225484826145e-05,0.8657540082931519
740,0.592118423684737,1.574,9.713673768319582e-05,0.9317886233329773
741,0.5929185837167433,0.8539,9.712117960298432e-05,0.7922884821891785
742,0.5937187437487498,1.3546,9.710558062113154e-05,0.602446436882019
743,0.5945189037807561,1.1815,9.708994075117747e-05,0.4274979829788208
744,0.5953190638127626,1.7989,9.707426000669773e-05,2.149087905883789
745,0.596119223844769,1.3642,9.705853840130335e-05,0.9489586353302002
746,0.5969193838767753,1.311,9.704277594864081e-05,0.6130484342575073
747,0.5977195439087818,1.0903,9.702697266239212e-05,0.6253087520599365
748,0.5985197039407881,1.2292,9.701112855627463e-05,0.5080657005310059
749,0.5993198639727946,0.7844,9.699524364404122e-05,0.48406982421875
750,0.6001200240048009,1.5238,9.697931793948012e-05,1.1146881580352783
751,0.6009201840368074,1.6643,9.696335145641502e-05,0.614736020565033
752,0.6017203440688138,2.0336,9.694734420870497e-05,1.6899070739746094
753,0.6025205041008201,1.5781,9.69312962102444e-05,0.7535613179206848
754,0.6033206641328266,1.3546,9.691520747496317e-05,0.4178199768066406
755,0.6041208241648329,0.9154,9.689907801682642e-05,0.5811857581138611
756,0.6049209841968394,1.194,9.68829078498347e-05,0.5108663439750671
757,0.6057211442288458,1.7374,9.686669698802385e-05,0.7384551763534546
758,0.6065213042608522,1.6038,9.685044544546507e-05,1.1066738367080688
759,0.6073214642928586,1.3695,9.683415323626485e-05,0.9573312997817993
760,0.6081216243248649,1.6375,9.6817820374565e-05,0.6226791143417358
761,0.6089217843568714,1.5231,9.680144687454259e-05,0.6095259785652161
762,0.6097219443888777,1.0566,9.678503275040997e-05,0.4947608709335327
763,0.6105221044208842,1.9085,9.67685780164148e-05,0.8082994222640991
764,0.6113222644528906,1.0582,9.675208268683989e-05,1.6263434886932373
765,0.612122424484897,1.3111,9.673554677600335e-05,0.7238412499427795
766,0.6129225845169034,1.5258,9.671897029825859e-05,0.771663248538971
767,0.6137227445489097,1.3975,9.670235326799406e-05,0.8034836649894714
768,0.6145229045809162,1.5355,9.668569569963355e-05,0.7115678787231445
769,0.6153230646129226,0.959,9.666899760763599e-05,0.45583856105804443
770,0.616123224644929,0.9938,9.665225900649547e-05,0.690916121006012
771,0.6169233846769354,1.7075,9.663547991074127e-05,0.680694580078125
772,0.6177235447089418,2.1193,9.66186603349378e-05,0.9072211384773254
773,0.6185237047409482,1.232,9.660180029368464e-05,0.72245854139328
774,0.6193238647729545,1.2323,9.658489980161643e-05,0.7597537636756897
775,0.620124024804961,1.7263,9.6567958873403e-05,0.8181011080741882
776,0.6209241848369674,0.9198,9.65509775237492e-05,0.7494716048240662
777,0.6217243448689738,1.2218,9.653395576739503e-05,0.6846829652786255
778,0.6225245049009802,1.9552,9.651689361911555e-05,1.5403459072113037
779,0.6233246649329865,2.1308,9.649979109372084e-05,0.834750771522522
780,0.624124824964993,1.5078,9.648264820605611e-05,0.6792603731155396
781,0.6249249849969994,1.1944,9.646546497100149e-05,0.44586244225502014
782,0.6257251450290058,0.698,9.644824140347221e-05,0.7304245233535767
783,0.6265253050610122,1.0498,9.643097751841854e-05,0.6586093306541443
784,0.6273254650930186,1.2502,9.641367333082565e-05,0.698214590549469
785,0.628125625125025,1.1554,9.639632885571375e-05,0.774737536907196
786,0.6289257851570315,0.8458,9.637894410813804e-05,0.9344303607940674
787,0.6297259451890378,1.2657,9.636151910318862e-05,0.7250723838806152
788,0.6305261052210442,1.5286,9.634405385599059e-05,0.5426464080810547
789,0.6313262652530506,1.5248,9.632654838170392e-05,0.5929703712463379
790,0.632126425285057,1.6724,9.630900269552356e-05,0.7121731638908386
791,0.6329265853170634,1.2467,9.629141681267933e-05,0.5949468612670898
792,0.6337267453490698,1.0883,9.627379074843595e-05,1.049797773361206
793,0.6345269053810763,0.7765,9.6256124518093e-05,0.40793707966804504
794,0.6353270654130826,1.1011,9.623841813698495e-05,0.8911312222480774
795,0.636127225445089,0.6488,9.622067162048112e-05,2.1019389629364014
796,0.6369273854770954,1.491,9.620288498398563e-05,0.6023691296577454
797,0.6377275455091018,1.8399,9.618505824293748e-05,0.9672451615333557
798,0.6385277055411083,1.3889,9.616719141281044e-05,0.6097888946533203
799,0.6393278655731146,1.2692,9.61492845091131e-05,0.5371555089950562
800,0.640128025605121,0.7669,9.613133754738884e-05,0.6064996123313904
801,0.6409281856371274,1.8288,9.611335054321576e-05,0.8379793167114258
802,0.6417283456691338,1.7845,9.609532351220676e-05,0.8480098247528076
803,0.6425285057011402,0.502,9.607725647000952e-05,2.1071720123291016
804,0.6433286657331466,1.2066,9.605914943230637e-05,0.4857369065284729
805,0.6441288257651531,0.8997,9.604100241481441e-05,1.2416729927062988
806,0.6449289857971594,0.6193,9.602281543328541e-05,0.6004319787025452
807,0.6457291458291659,1.4927,9.600458850350588e-05,0.43091121315956116
808,0.6465293058611722,1.6741,9.598632164129693e-05,0.964559018611908
809,0.6473294658931786,1.5725,9.59680148625144e-05,1.0374044179916382
810,0.6481296259251851,1.9241,9.594966818304875e-05,0.9118150472640991
811,0.6489297859571914,1.321,9.593128161882508e-05,0.6557818055152893
812,0.6497299459891979,1.4161,9.591285518580309e-05,0.654594361782074
813,0.6505301060212042,1.4768,9.589438889997711e-05,1.7035815715789795
814,0.6513302660532106,1.5993,9.587588277737606e-05,1.3783341646194458
815,0.6521304260852171,0.7455,9.585733683406342e-05,0.45826056599617004
816,0.6529305861172234,1.0197,9.583875108613727e-05,0.3848887085914612
817,0.6537307461492299,1.7951,9.582012554973021e-05,1.3825970888137817
818,0.6545309061812362,1.5506,9.580146024100938e-05,0.8270438313484192
819,0.6553310662132427,1.266,9.578275517617645e-05,0.8332676291465759
820,0.656131226245249,1.4246,9.576401037146763e-05,0.5744045376777649
821,0.6569313862772554,0.9115,9.574522584315353e-05,1.237221121788025
822,0.6577315463092619,1.3446,9.572640160753935e-05,2.549271583557129
823,0.6585317063412682,1.3128,9.57075376809647e-05,0.7899476885795593
824,0.6593318663732747,1.7103,9.568863407980365e-05,0.5854622721672058
825,0.660132026405281,2.0536,9.566969082046471e-05,0.28758499026298523
826,0.6609321864372875,1.9208,9.565070791939079e-05,0.6206345558166504
827,0.6617323464692939,1.1778,9.563168539305926e-05,0.6440247893333435
828,0.6625325065013002,2.6623,9.561262325798186e-05,0.5043869614601135
829,0.6633326665333067,1.1899,9.559352153070471e-05,0.8325363397598267
830,0.664132826565313,0.949,9.557438022780827e-05,1.5038964748382568
831,0.6649329865973195,2.0573,9.555519936590738e-05,0.6838468909263611
832,0.6657331466293258,1.4214,9.553597896165124e-05,0.5898313522338867
833,0.6665333066613323,2.3432,9.551671903172333e-05,1.8871872425079346
834,0.6673334666933387,1.3406,9.549741959284147e-05,0.7452436685562134
835,0.668133626725345,1.5432,9.547808066175772e-05,1.2569594383239746
836,0.6689337867573515,0.9412,9.545870225525851e-05,0.4618462920188904
837,0.6697339467893578,1.7974,9.543928439016445e-05,0.4617641270160675
838,0.6705341068213643,0.9478,9.541982708333046e-05,0.6233944892883301
839,0.6713342668533707,0.8135,9.540033035164566e-05,0.5649804472923279
840,0.6721344268853771,1.7055,9.538079421203339e-05,0.49378514289855957
841,0.6729345869173835,1.222,9.536121868145123e-05,1.8599470853805542
842,0.6737347469493898,0.9495,9.534160377689092e-05,0.6665948033332825
843,0.6745349069813963,1.363,9.532194951537838e-05,0.9331091642379761
844,0.6753350670134027,1.6689,9.530225591397373e-05,1.270785927772522
845,0.6761352270454091,0.8082,9.528252298977117e-05,0.549095630645752
846,0.6769353870774155,1.5131,9.52627507598991e-05,0.6392101049423218
847,0.6777355471094219,0.8331,9.524293924151998e-05,0.3437579870223999
848,0.6785357071414283,1.1055,9.522308845183041e-05,2.787458658218384
849,0.6793358671734346,1.8526,9.520319840806109e-05,1.1196157932281494
850,0.6801360272054411,1.5794,9.518326912747673e-05,1.0466746091842651
851,0.6809361872374475,1.071,9.516330062737618e-05,0.43383824825286865
852,0.6817363472694539,1.6583,9.514329292509227e-05,0.7039017677307129
853,0.6825365073014603,1.0952,9.512324603799189e-05,0.8148747086524963
854,0.6833366673334667,1.113,9.510315998347592e-05,0.7434452176094055
855,0.6841368273654731,1.2501,9.508303477897924e-05,0.9286531209945679
856,0.6849369873974795,1.0955,9.506287044197076e-05,0.5239540934562683
857,0.6857371474294859,1.3016,9.50426669899533e-05,1.0867787599563599
858,0.6865373074614923,1.3406,9.502242444046365e-05,0.8243580460548401
859,0.6873374674934987,0.8762,9.500214281107253e-05,0.4644392728805542
860,0.6881376275255051,1.0035,9.498182211938462e-05,0.5369919538497925
861,0.6889377875575114,2.2023,9.496146238303845e-05,0.9288421273231506
862,0.6897379475895179,1.7867,9.494106361970647e-05,1.0395236015319824
863,0.6905381076215243,1.2687,9.492062584709503e-05,0.588565468788147
864,0.6913382676535307,1.2631,9.490014908294429e-05,0.6070565581321716
865,0.6921384276855371,1.0409,9.48796333450283e-05,1.9247459173202515
866,0.6929385877175435,0.9217,9.48590786511549e-05,0.5471935868263245
867,0.6937387477495499,1.5949,9.483848501916578e-05,0.5755004286766052
868,0.6945389077815564,0.9736,9.481785246693639e-05,0.8160537481307983
869,0.6953390678135627,1.0319,9.479718101237601e-05,0.7309696078300476
870,0.6961392278455691,1.401,9.477647067342766e-05,0.7510284185409546
871,0.6969393878775755,1.4886,9.47557214680681e-05,0.7051323652267456
872,0.6977395479095819,0.9735,9.473493341430786e-05,0.5644603371620178
873,0.6985397079415884,1.7311,9.471410653019115e-05,0.781573474407196
874,0.6993398679735947,1.5506,9.469324083379592e-05,0.8507264852523804
875,0.7001400280056012,1.5146,9.46723363432338e-05,0.8146840333938599
876,0.7009401880376075,0.8789,9.46513930766501e-05,2.501044511795044
877,0.7017403480696139,1.5493,9.463041105222376e-05,0.5938531160354614
878,0.7025405081016203,1.3526,9.46093902881674e-05,1.0850589275360107
879,0.7033406681336267,1.1271,9.458833080272722e-05,0.7268649339675903
880,0.7041408281656332,1.8414,9.456723261418307e-05,0.5948596000671387
881,0.7049409881976395,1.0333,9.45460957408484e-05,0.6540420055389404
882,0.705741148229646,0.978,9.45249202010702e-05,0.47238922119140625
883,0.7065413082616523,1.87,9.450370601322904e-05,1.0695677995681763
884,0.7073414682936587,1.0576,9.448245319573907e-05,0.5190776586532593
885,0.7081416283256652,1.3125,9.44611617670479e-05,0.8502691388130188
886,0.7089417883576715,1.1065,9.443983174563674e-05,0.6658692955970764
887,0.709741948389678,2.1197,9.441846315002024e-05,1.2485510110855103
888,0.7105421084216843,1.0903,9.439705599874653e-05,0.6565409302711487
889,0.7113422684536908,1.2482,9.437561031039726e-05,2.0918304920196533
890,0.7121424284856971,1.6943,9.435412610358745e-05,0.7604518532752991
891,0.7129425885177035,1.1338,9.433260339696563e-05,0.7261909246444702
892,0.71374274854971,1.1911,9.431104220921373e-05,0.6745505332946777
893,0.7145429085817163,1.105,9.428944255904703e-05,0.463250994682312
894,0.7153430686137228,1.6948,9.426780446521428e-05,0.6131281852722168
895,0.7161432286457291,0.7033,9.424612794649755e-05,0.5778302550315857
896,0.7169433886777355,0.9838,9.422441302171222e-05,0.38254764676094055
897,0.717743548709742,1.1679,9.42026597097071e-05,0.6523577570915222
898,0.7185437087417483,1.3027,9.418086802936427e-05,0.6140854954719543
899,0.7193438687737548,1.9384,9.415903799959912e-05,0.9505679607391357
900,0.7201440288057611,1.4914,9.413716963936032e-05,0.7518879175186157
901,0.7209441888377676,1.241,9.411526296762982e-05,0.7914784550666809
902,0.7217443488697739,2.1168,9.409331800342282e-05,0.9010846614837646
903,0.7225445089017803,1.2444,9.407133476578778e-05,0.9254889488220215
904,0.7233446689337868,1.8515,9.404931327380634e-05,0.7949830293655396
905,0.7241448289657931,1.3854,9.40272535465934e-05,0.4911673069000244
906,0.7249449889977996,1.7074,9.400515560329698e-05,0.9002822637557983
907,0.7257451490298059,0.7896,9.398301946309833e-05,0.55539870262146
908,0.7265453090618124,1.4554,9.396084514521185e-05,0.8377635478973389
909,0.7273454690938188,1.1097,9.393863266888502e-05,0.650082528591156
910,0.7281456291258251,1.3774,9.391638205339852e-05,0.9196171760559082
911,0.7289457891578316,1.6207,9.389409331806609e-05,1.8964968919754028
912,0.7297459491898379,1.7585,9.387176648223457e-05,0.7599221467971802
913,0.7305461092218444,1.4111,9.384940156528386e-05,1.8175857067108154
914,0.7313462692538508,1.5111,9.382699858662694e-05,0.6161384582519531
915,0.7321464292858572,1.7829,9.38045575657098e-05,0.5967957973480225
916,0.7329465893178636,1.909,9.378207852201149e-05,1.016305923461914
917,0.7337467493498699,1.5062,9.375956147504401e-05,0.869985818862915
918,0.7345469093818764,1.1191,9.373700644435239e-05,0.6700929999351501
919,0.7353470694138827,1.1626,9.371441344951459e-05,0.7802501320838928
920,0.7361472294458892,1.7564,9.369178251014158e-05,0.5345608592033386
921,0.7369473894778956,1.634,9.366911364587726e-05,0.7967747449874878
922,0.737747549509902,0.6333,9.364640687639834e-05,0.43537667393684387
923,0.7385477095419084,1.1849,9.362366222141458e-05,0.6622501015663147
924,0.7393478695739147,0.8617,9.360087970066854e-05,0.518678605556488
925,0.7401480296059212,1.6201,9.357805933393569e-05,0.6707021594047546
926,0.7409481896379276,0.5203,9.35552011410243e-05,0.39838430285453796
927,0.741748349669934,1.1312,9.353230514177552e-05,0.9239987730979919
928,0.7425485097019404,1.2003,9.35093713560633e-05,0.7656223773956299
929,0.7433486697339468,1.4152,9.348639980379439e-05,0.9048178195953369
930,0.7441488297659532,1.3958,9.346339050490833e-05,0.6691907644271851
931,0.7449489897979595,1.3128,9.344034347937737e-05,0.4446699619293213
932,0.745749149829966,1.2499,9.341725874720662e-05,1.8350993394851685
933,0.7465493098619724,1.6701,9.339413632843379e-05,2.7390685081481934
934,0.7473494698939788,1.1357,9.337097624312938e-05,0.6581010222434998
935,0.7481496299259852,1.3547,9.33477785113966e-05,0.6052596569061279
936,0.7489497899579916,1.5247,9.332454315337128e-05,1.761487603187561
937,0.749749949989998,1.5401,9.330127018922194e-05,0.6805845499038696
938,0.7505501100220044,1.3128,9.327795963914974e-05,0.8231855034828186
939,0.7513502700540108,1.7259,9.325461152338846e-05,0.9488639235496521
940,0.7521504300860172,0.7399,9.32312258622045e-05,0.44448742270469666
941,0.7529505901180236,1.9582,9.320780267589682e-05,0.9089144468307495
942,0.75375075015003,1.54,9.3184341984797e-05,0.8532320261001587
943,0.7545509101820365,1.4822,9.316084380926913e-05,0.9520871639251709
944,0.7553510702140428,1.4471,9.313730816970987e-05,0.7126892805099487
945,0.7561512302460492,1.66,9.311373508654837e-05,0.8506341576576233
946,0.7569513902780556,0.9761,9.30901245802463e-05,0.6358092427253723
947,0.757751550310062,1.7993,9.30664766712978e-05,1.4357573986053467
948,0.7585517103420684,1.5919,9.30427913802295e-05,0.6232450604438782
949,0.7593518703740748,0.9589,9.301906872760045e-05,0.7737188339233398
950,0.7601520304060813,0.8147,9.299530873400215e-05,0.7648524641990662
951,0.7609521904380876,0.5926,9.297151142005851e-05,0.6733130216598511
952,0.761752350470094,1.2679,9.294767680642581e-05,1.3629176616668701
953,0.7625525105021004,0.9903,9.292380491379273e-05,0.41357141733169556
954,0.7633526705341068,1.2021,9.289989576288034e-05,0.8917389512062073
955,0.7641528305661133,0.8476,9.287594937444197e-05,0.9073929190635681
956,0.7649529905981196,1.7502,9.285196576926334e-05,1.5147883892059326
957,0.7657531506301261,1.2299,9.282794496816243e-05,0.4492458403110504
958,0.7665533106621324,0.8287,9.280388699198958e-05,1.2751277685165405
959,0.7673534706941388,1.6544,9.277979186162728e-05,1.100475788116455
960,0.7681536307261452,1.6984,9.275565959799039e-05,0.4857977330684662
961,0.7689537907581516,1.2838,9.273149022202591e-05,0.8785155415534973
962,0.7697539507901581,1.3868,9.270728375471313e-05,0.8267999291419983
963,0.7705541108221644,1.4731,9.268304021706349e-05,0.575244128704071
964,0.7713542708541709,0.5658,9.265875963012059e-05,0.9954990744590759
965,0.7721544308861772,1.5661,9.263444201496023e-05,1.3748079538345337
966,0.7729545909181836,1.4563,9.261008739269034e-05,0.8265233039855957
967,0.7737547509501901,1.4421,9.258569578445098e-05,0.6873474717140198
968,0.7745549109821964,1.106,9.256126721141427e-05,0.6315838694572449
969,0.7753550710142029,1.2127,9.253680169478447e-05,0.58846515417099
970,0.7761552310462092,1.0272,9.25122992557979e-05,1.242977499961853
971,0.7769553910782157,0.8966,9.248775991572289e-05,0.5717089772224426
972,0.7777555511102221,1.1152,9.246318369585982e-05,0.5992547869682312
973,0.7785557111422284,1.3158,9.24385706175411e-05,0.8552375435829163
974,0.7793558711742349,1.7109,9.241392070213115e-05,0.534007728099823
975,0.7801560312062412,1.5261,9.23892339710263e-05,0.7435758113861084
976,0.7809561912382477,2.0109,9.236451044565486e-05,0.7738137245178223
977,0.781756351270254,1.0354,9.233975014747713e-05,0.7734276652336121
978,0.7825565113022604,1.3056,9.231495309798526e-05,0.628724992275238
979,0.7833566713342669,1.1582,9.229011931870334e-05,0.8015190362930298
980,0.7841568313662732,1.2572,9.226524883118733e-05,2.8508827686309814
981,0.7849569913982797,1.38,9.224034165702506e-05,0.49967023730278015
982,0.785757151430286,1.1381,9.221539781783619e-05,0.6658464670181274
983,0.7865573114622925,1.8129,9.219041733527221e-05,0.672618567943573
984,0.7873574714942989,1.6302,9.216540023101646e-05,0.648772120475769
985,0.7881576315263052,1.2043,9.214034652678396e-05,0.7950999140739441
986,0.7889577915583117,1.2891,9.211525624432163e-05,1.047756552696228
987,0.789757951590318,1.0872,9.209012940540805e-05,0.7668079137802124
988,0.7905581116223245,1.0752,9.206496603185357e-05,0.5289416313171387
989,0.7913582716543308,1.3061,9.203976614550024e-05,2.545214891433716
990,0.7921584316863373,1.2024,9.201452976822181e-05,0.8019717931747437
991,0.7929585917183437,0.9428,9.198925692192368e-05,1.3528472185134888
992,0.79375875175035,1.2085,9.196394762854295e-05,2.1510956287384033
993,0.7945589117823565,1.6735,9.193860191004833e-05,0.899834394454956
994,0.7953590718143628,1.7072,9.191321978844015e-05,1.7434704303741455
995,0.7961592318463693,1.4645,9.18878012857503e-05,1.0916372537612915
996,0.7969593918783757,1.9912,9.186234642404235e-05,0.8664495944976807
997,0.7977595519103821,1.4894,9.183685522541133e-05,0.5898014307022095
998,0.7985597119423885,1.1102,9.181132771198383e-05,0.4874069094657898
999,0.7993598719743948,1.3403,9.178576390591802e-05,0.59858238697052
1000,0.8001600320064013,0.582,9.176016382940351e-05,0.6125281453132629
1001,0.8009601920384077,1.071,9.173452750466142e-05,0.8218075633049011
1002,0.8017603520704141,1.2998,9.170885495394435e-05,2.441596508026123
1003,0.8025605121024205,0.5021,9.168314619953628e-05,0.789991021156311
1004,0.8033606721344269,1.3405,9.165740126375269e-05,1.0301176309585571
1005,0.8041608321664333,0.9472,9.16316201689404e-05,0.6667453050613403
1006,0.8049609921984396,1.608,9.16058029374777e-05,0.7867528796195984
1007,0.8057611522304461,1.3183,9.157994959177416e-05,0.2372230887413025
1008,0.8065613122624525,1.2711,9.155406015427076e-05,0.7691379189491272
1009,0.8073614722944589,1.2232,9.152813464743977e-05,0.9364992380142212
1010,0.8081616323264653,1.1884,9.150217309378477e-05,0.5082029104232788
1011,0.8089617923584717,1.8405,9.147617551584066e-05,1.5983833074569702
1012,0.8097619523904781,1.5714,9.145014193617359e-05,0.6412409543991089
1013,0.8105621124224845,0.7194,9.142407237738093e-05,0.49028754234313965
1014,0.8113622724544909,1.4776,9.139796686209134e-05,0.8138523101806641
1015,0.8121624324864973,2.183,9.137182541296467e-05,1.0876424312591553
1016,0.8129625925185037,1.5955,9.134564805269193e-05,1.1135032176971436
1017,0.8137627525505101,2.2063,9.131943480399531e-05,0.928650975227356
1018,0.8145629125825165,1.0935,9.129318568962819e-05,0.5315337181091309
1019,0.8153630726145229,2.2099,9.126690073237504e-05,0.39456814527511597
1020,0.8161632326465293,1.8848,9.124057995505149e-05,1.3718026876449585
1021,0.8169633926785357,1.1331,9.12142233805042e-05,0.8301945924758911
1022,0.8177635527105421,0.8201,9.118783103161092e-05,0.46956026554107666
1023,0.8185637127425485,1.4958,9.116140293128051e-05,0.6553595066070557
1024,0.8193638727745549,1.7025,9.113493910245277e-05,0.6752146482467651
1025,0.8201640328065614,1.9376,9.110843956809858e-05,0.6737778782844543
1026,0.8209641928385677,1.6846,9.108190435121981e-05,0.4844382703304291
1027,0.8217643528705741,0.6335,9.105533347484927e-05,0.4348978102207184
1028,0.8225645129025805,1.2587,9.102872696205073e-05,0.43044793605804443
1029,0.8233646729345869,0.9733,9.100208483591892e-05,0.48614367842674255
1030,0.8241648329665933,1.827,9.097540711957945e-05,0.8442385792732239
1031,0.8249649929985997,0.9129,9.094869383618883e-05,1.132043480873108
1032,0.8257651530306062,1.1889,9.092194500893447e-05,0.46407657861709595
1033,0.8265653130626125,0.5764,9.089516066103462e-05,1.8799066543579102
1034,0.8273654730946189,1.4792,9.086834081573831e-05,0.8804134726524353
1035,0.8281656331266253,1.7884,9.084148549632547e-05,0.7497586011886597
1036,0.8289657931586317,1.5506,9.081459472610676e-05,0.8039084672927856
1037,0.8297659531906382,1.1908,9.078766852842362e-05,0.8747096061706543
1038,0.8305661132226445,1.4341,9.076070692664826e-05,0.851561963558197
1039,0.831366273254651,0.7267,9.073370994418363e-05,0.524378776550293
1040,0.8321664332866573,1.2435,9.070667760446334e-05,1.4903380870819092
1041,0.8329665933186637,1.8619,9.067960993095175e-05,0.9628722667694092
1042,0.8337667533506702,1.0267,9.065250694714385e-05,0.9325769543647766
1043,0.8345669133826765,1.8231,9.062536867656529e-05,0.6252456307411194
1044,0.835367073414683,1.3042,9.059819514277237e-05,0.4942760765552521
1045,0.8361672334466893,1.5167,9.057098636935195e-05,0.7753431797027588
1046,0.8369673934786958,1.4504,9.054374237992155e-05,0.9017207026481628
1047,0.8377675535107021,1.7168,9.051646319812918e-05,0.680365264415741
1048,0.8385677135427085,1.8157,9.048914884765346e-05,1.219995141029358
1049,0.839367873574715,1.3146,9.046179935220349e-05,0.6483199000358582
1050,0.8401680336067213,1.1242,9.043441473551893e-05,0.5409960150718689
1051,0.8409681936387278,1.6431,9.040699502136985e-05,0.7116742134094238
1052,0.8417683536707341,1.003,9.037954023355686e-05,0.6307135820388794
1053,0.8425685137027406,1.2163,9.035205039591099e-05,0.6399974822998047
1054,0.843368673734747,1.2535,9.032452553229365e-05,0.6366560459136963
1055,0.8441688337667533,1.5546,9.02969656665967e-05,0.9274991750717163
1056,0.8449689937987598,1.5254,9.026937082274238e-05,0.5158014893531799
1057,0.8457691538307661,1.5736,9.02417410246833e-05,0.9671264290809631
1058,0.8465693138627726,1.2085,9.021407629640236e-05,0.6697851419448853
1059,0.8473694738947789,1.6589,9.018637666191283e-05,0.7364510297775269
1060,0.8481696339267853,1.9188,9.015864214525826e-05,0.6134656667709351
1061,0.8489697939587918,1.2694,9.013087277051247e-05,0.6375373005867004
1062,0.8497699539907981,1.6872,9.010306856177957e-05,1.2296478748321533
1063,0.8505701140228046,1.094,9.007522954319385e-05,0.562319815158844
1064,0.8513702740548109,0.7578,9.004735573891988e-05,0.5100590586662292
1065,0.8521704340868174,1.5078,9.001944717315235e-05,0.8141708374023438
1066,0.8529705941188238,1.1322,8.999150387011623e-05,0.6403091549873352
1067,0.8537707541508301,1.6724,8.996352585406653e-05,0.5185198783874512
1068,0.8545709141828366,0.4841,8.993551314928847e-05,1.1494067907333374
1069,0.8553710742148429,1.4088,8.990746578009732e-05,1.2939209938049316
1070,0.8561712342468494,2.0639,8.987938377083847e-05,0.8496931195259094
1071,0.8569713942788558,0.8624,8.985126714588738e-05,0.38253945112228394
1072,0.8577715543108622,1.2031,8.982311592964958e-05,0.4864286780357361
1073,0.8585717143428686,1.4145,8.979493014656059e-05,0.6294565200805664
1074,0.8593718743748749,1.7068,8.976670982108591e-05,1.066290020942688
1075,0.8601720344068814,1.5977,8.973845497772108e-05,0.8733457326889038
1076,0.8609721944388877,1.7171,8.97101656409916e-05,0.7486104369163513
1077,0.8617723544708942,1.4256,8.968184183545285e-05,0.7602619528770447
1078,0.8625725145029006,0.7784,8.965348358569019e-05,0.5324355959892273
1079,0.863372674534907,1.0987,8.962509091631885e-05,0.5006287097930908
1080,0.8641728345669134,1.2839,8.959666385198395e-05,1.086304783821106
1081,0.8649729945989197,1.945,8.956820241736044e-05,0.7376974821090698
1082,0.8657731546309262,1.3814,8.953970663715314e-05,1.8712180852890015
1083,0.8665733146629326,1.6582,8.951117653609666e-05,0.5366135239601135
1084,0.867373474694939,1.5969,8.948261213895542e-05,0.910961389541626
1085,0.8681736347269454,2.1501,8.945401347052354e-05,0.8548688888549805
1086,0.8689737947589518,0.8773,8.9425380555625e-05,0.6827603578567505
1087,0.8697739547909582,1.343,8.939671341911341e-05,1.077132225036621
1088,0.8705741148229645,1.7639,8.936801208587214e-05,0.9285753965377808
1089,0.871374274854971,1.2831,8.933927658081423e-05,0.4030218720436096
1090,0.8721744348869774,1.4675,8.931050692888237e-05,0.4923075735569
1091,0.8729745949189838,1.6826,8.928170315504892e-05,0.7362350225448608
1092,0.8737747549509902,1.5883,8.925286528431578e-05,0.8630608320236206
1093,0.8745749149829966,1.0754,8.922399334171456e-05,0.8609908223152161
1094,0.875375075015003,1.0965,8.919508735230635e-05,0.5313171148300171
1095,0.8761752350470094,1.5979,8.916614734118184e-05,0.7566766142845154
1096,0.8769753950790158,1.6831,8.913717333346126e-05,1.055708408355713
1097,0.8777755551110222,1.506,8.910816535429428e-05,1.4784233570098877
1098,0.8785757151430286,1.658,8.907912342886016e-05,0.8374344706535339
1099,0.879375875175035,0.7856,8.905004758236754e-05,0.6581825613975525
1100,0.8801760352070415,0.7995,8.902093784005457e-05,0.6660752296447754
1101,0.8809761952390478,1.2521,8.899179422718877e-05,0.458284854888916
1102,0.8817763552710542,1.477,8.896261676906706e-05,0.7263506650924683
1103,0.8825765153030606,1.2169,8.893340549101579e-05,0.7295039892196655
1104,0.883376675335067,1.2009,8.890416041839061e-05,0.6811026334762573
1105,0.8841768353670734,1.1819,8.887488157657653e-05,0.5149131417274475
1106,0.8849769953990798,1.5728,8.884556899098788e-05,1.118665337562561
1107,0.8857771554310863,1.1844,8.881622268706825e-05,0.8243287801742554
1108,0.8865773154630926,2.2535,8.878684269029054e-05,1.2179760932922363
1109,0.887377475495099,1.0555,8.875742902615686e-05,0.4042501151561737
1110,0.8881776355271054,1.4536,8.872798172019856e-05,0.6651551127433777
1111,0.8889777955591118,1.5887,8.869850079797618e-05,0.5188013911247253
1112,0.8897779555911183,1.6198,8.866898628507944e-05,1.0902016162872314
1113,0.8905781156231246,1.4911,8.863943820712726e-05,0.36471107602119446
1114,0.8913782756551311,0.7838,8.860985658976761e-05,0.5525992512702942
1115,0.8921784356871374,1.2659,8.858024145867767e-05,0.6696397066116333
1116,0.8929785957191438,1.605,8.855059283956361e-05,0.7958980798721313
1117,0.8937787557511502,1.3678,8.852091075816076e-05,0.6517237424850464
1118,0.8945789157831566,1.5088,8.849119524023344e-05,0.812176525592804
1119,0.8953790758151631,1.5361,8.8461446311575e-05,0.8067870736122131
1120,0.8961792358471694,1.1368,8.84316639980078e-05,0.43750476837158203
1121,0.8969793958791759,0.7312,8.84018483253832e-05,1.8710668087005615
1122,0.8977795559111822,1.6567,8.837199931958147e-05,0.8454833030700684
1123,0.8985797159431886,0.8667,8.834211700651185e-05,0.4987725019454956
1124,0.8993798759751951,1.7839,8.831220141211246e-05,1.0933915376663208
1125,0.9001800360072014,1.3809,8.828225256235034e-05,0.522902250289917
1126,0.9009801960392079,1.2859,8.82522704832214e-05,0.9440682530403137
1127,0.9017803560712142,0.9916,8.822225520075034e-05,0.5856949687004089
1128,0.9025805161032207,0.4297,8.819220674099074e-05,0.8392350077629089
1129,0.9033806761352271,1.5067,8.816212513002493e-05,0.5429536700248718
1130,0.9041808361672334,1.4697,8.813201039396407e-05,1.6174428462982178
1131,0.9049809961992399,1.3231,8.810186255894803e-05,1.329140543937683
1132,0.9057811562312462,2.3137,8.807168165114542e-05,2.3341922760009766
1133,0.9065813162632527,1.1828,8.804146769675356e-05,0.635064423084259
1134,0.907381476295259,1.2845,8.801122072199848e-05,0.6188638210296631
1135,0.9081816363272655,1.7392,8.798094075313482e-05,1.6769803762435913
1136,0.9089817963592719,1.9947,8.79506278164459e-05,0.9248304963111877
1137,0.9097819563912782,1.4252,8.792028193824364e-05,1.3778913021087646
1138,0.9105821164232847,0.9107,8.788990314486854e-05,0.6934884190559387
1139,0.911382276455291,1.4445,8.785949146268972e-05,0.7851957678794861
1140,0.9121824364872975,1.5443,8.782904691810478e-05,1.9922922849655151
1141,0.9129825965193039,1.2657,8.779856953753993e-05,0.5162473320960999
1142,0.9137827565513102,1.5108,8.776805934744978e-05,0.622672438621521
1143,0.9145829165833167,1.8489,8.773751637431748e-05,0.5650500059127808
1144,0.915383076615323,1.423,8.770694064465467e-05,0.5914595723152161
1145,0.9161832366473295,1.5621,8.767633218500133e-05,1.004195213317871
1146,0.9169833966793358,1.7992,8.764569102192592e-05,0.7503321170806885
1147,0.9177835567113423,1.2848,8.761501718202527e-05,0.5821514129638672
1148,0.9185837167433487,1.2074,8.758431069192457e-05,0.4457029402256012
1149,0.919383876775355,1.7145,8.755357157827735e-05,0.7600645422935486
1150,0.9201840368073615,1.2521,8.752279986776545e-05,0.6724108457565308
1151,0.9209841968393678,1.3794,8.749199558709904e-05,0.6031607985496521
1152,0.9217843568713743,1.3845,8.746115876301651e-05,0.7029742002487183
1153,0.9225845169033807,1.5912,8.74302894222845e-05,0.9085376858711243
1154,0.9233846769353871,1.0825,8.739938759169796e-05,0.41642633080482483
1155,0.9241848369673935,2.044,8.736845329807993e-05,1.0440590381622314
1156,0.9249849969993998,1.5128,8.73374865682817e-05,0.628296434879303
1157,0.9257851570314063,1.8282,8.730648742918268e-05,0.8784276843070984
1158,0.9265853170634126,0.9695,8.727545590769043e-05,0.6795865297317505
1159,0.9273854770954191,0.6294,8.724439203074061e-05,0.589205265045166
1160,0.9281856371274255,1.4522,8.721329582529696e-05,0.8074557185173035
1161,0.9289857971594319,1.4111,8.71821673183513e-05,1.4040374755859375
1162,0.9297859571914383,1.802,8.715100653692347e-05,0.9926002621650696
1163,0.9305861172234446,1.1441,8.711981350806133e-05,0.8824383020401001
1164,0.9313862772554511,0.7389,8.708858825884074e-05,0.47892412543296814
1165,0.9321864372874575,1.4437,8.705733081636552e-05,1.074446678161621
1166,0.9329865973194639,1.4755,8.70260412077674e-05,0.8687912225723267
1167,0.9337867573514703,1.0693,8.69947194602061e-05,0.4804488718509674
1168,0.9345869173834767,1.4092,8.69633656008692e-05,0.6222464442253113
1169,0.9353870774154831,1.4109,8.693197965697215e-05,0.7017801403999329
1170,0.9361872374474896,1.1765,8.690056165575824e-05,0.96772700548172
1171,0.9369873974794959,2.0861,8.686911162449862e-05,0.7262595295906067
1172,0.9377875575115023,0.6492,8.68376295904922e-05,1.2462185621261597
1173,0.9385877175435087,1.0299,8.680611558106571e-05,1.194813847541809
1174,0.9393878775755151,1.7223,8.67745696235736e-05,1.491073727607727
1175,0.9401880376075215,0.9754,8.674299174539809e-05,0.6180804371833801
1176,0.9409881976395279,0.9322,8.671138197394907e-05,2.132018566131592
1177,0.9417883576715343,1.6086,8.667974033666413e-05,1.10787034034729
1178,0.9425885177035407,1.4039,8.66480668610085e-05,1.425866723060608
1179,0.9433886777355471,1.7083,8.66163615744751e-05,0.9733663201332092
1180,0.9441888377675535,1.4371,8.658462450458441e-05,0.9525671601295471
1181,0.9449889977995599,1.2119,8.655285567888451e-05,0.8618099093437195
1182,0.9457891578315664,0.3628,8.652105512495105e-05,0.43199384212493896
1183,0.9465893178635727,1.242,8.648922287038723e-05,0.5680047869682312
1184,0.9473894778955791,1.3179,8.645735894282374e-05,1.2526729106903076
1185,0.9481896379275855,1.4546,8.64254633699188e-05,1.0101048946380615
1186,0.9489897979595919,1.0559,8.639353617935804e-05,1.994097113609314
1187,0.9497899579915983,1.4993,8.636157739885462e-05,0.8242988586425781
1188,0.9505901180236047,1.0556,8.632958705614905e-05,0.8400993943214417
1189,0.9513902780556112,1.2809,8.629756517900922e-05,0.9149047136306763
1190,0.9521904380876175,1.6696,8.62655117952305e-05,0.5767843723297119
1191,0.9529905981196239,1.4896,8.623342693263548e-05,0.6923433542251587
1192,0.9537907581516303,1.1629,8.620131061907417e-05,0.6315509676933289
1193,0.9545909181836367,1.3173,8.616916288242382e-05,0.8631895780563354
1194,0.9553910782156432,1.585,8.613698375058898e-05,0.7101265788078308
1195,0.9561912382476495,0.3997,8.610477325150147e-05,0.2931770384311676
1196,0.956991398279656,1.634,8.607253141312028e-05,1.0831090211868286
1197,0.9577915583116623,0.8477,8.604025826343167e-05,0.3709757924079895
1198,0.9585917183436687,2.225,8.600795383044904e-05,3.4750428199768066
1199,0.9593918783756752,0.5865,8.597561814221294e-05,0.4866398870944977
1200,0.9601920384076815,0.9574,8.594325122679108e-05,0.4731806516647339
1201,0.960992198439688,1.4683,8.591085311227822e-05,0.7133597731590271
1202,0.9617923584716943,1.4893,8.587842382679628e-05,0.8572733998298645
1203,0.9625925185037008,1.3726,8.584596339849417e-05,0.5792768001556396
1204,0.9633926785357071,0.8414,8.581347185554788e-05,0.7432680726051331
1205,0.9641928385677135,1.5808,8.578094922616036e-05,0.6559900641441345
1206,0.96499299859972,0.7217,8.574839553856156e-05,0.9631574749946594
1207,0.9657931586317263,0.7838,8.571581082100844e-05,1.589860439300537
1208,0.9665933186637328,1.1537,8.568319510178481e-05,0.625282347202301
1209,0.9673934786957391,1.5309,8.565054840920144e-05,0.6585644483566284
1210,0.9681936387277456,1.172,8.5617870771596e-05,0.5214868187904358
1211,0.968993798759752,1.3083,8.558516221733296e-05,0.7459198236465454
1212,0.9697939587917583,1.4862,8.555242277480371e-05,0.5089263319969177
1213,0.9705941188237648,1.0551,8.551965247242635e-05,0.5177510380744934
1214,0.9713942788557711,1.4447,8.548685133864585e-05,0.8173161149024963
1215,0.9721944388877776,2.1747,8.545401940193392e-05,0.887283980846405
1216,0.9729945989197839,0.9928,8.542115669078897e-05,0.3960769474506378
1217,0.9737947589517904,0.7544,8.538826323373619e-05,1.0867098569869995
1218,0.9745949189837968,1.3043,8.535533905932738e-05,1.0948457717895508
1219,0.9753950790158031,1.1725,8.532238419614107e-05,0.6525202989578247
1220,0.9761952390478096,1.8468,8.528939867278241e-05,1.766109824180603
1221,0.9769953990798159,1.0809,8.525638251788312e-05,0.9232471585273743
1222,0.9777955591118224,1.399,8.522333576010156e-05,0.8460932970046997
1223,0.9785957191438288,1.7022,8.519025842812265e-05,0.6425788402557373
1224,0.9793958791758351,0.5475,8.515715055065782e-05,0.46462270617485046
1225,0.9801960392078416,1.4141,8.512401215644503e-05,0.6631031632423401
1226,0.9809961992398479,1.0827,8.509084327424874e-05,0.6916282773017883
1227,0.9817963592718544,1.4198,8.505764393285984e-05,1.6101211309432983
1228,0.9825965193038608,1.0804,8.50244141610957e-05,0.8201788663864136
1229,0.9833966793358672,1.6432,8.499115398780008e-05,0.5651715397834778
1230,0.9841968393678736,1.7377,8.495786344184314e-05,1.1925188302993774
1231,0.98499699939988,1.3583,8.492454255212136e-05,2.0868301391601562
1232,0.9857971594318864,1.4467,8.489119134755763e-05,1.024776816368103
1233,0.9865973194638927,1.3686,8.485780985710112e-05,0.7098454236984253
1234,0.9873974794958992,0.9226,8.482439810972729e-05,0.4769231379032135
1235,0.9881976395279056,0.9765,8.479095613443784e-05,0.5122917890548706
1236,0.988997799559912,1.7324,8.475748396026074e-05,0.7482689023017883
1237,0.9897979595919184,1.0585,8.472398161625017e-05,0.6716110706329346
1238,0.9905981196239247,1.5361,8.469044913148647e-05,0.7805461883544922
1239,0.9913982796559312,0.8656,8.46568865350762e-05,0.46128401160240173
1240,0.9921984396879376,1.1937,8.462329385615197e-05,0.7553955912590027
1241,0.992998599719944,0.8962,8.458967112387258e-05,0.6549713015556335
1242,0.9937987597519504,1.7752,8.455601836742289e-05,1.3298757076263428
1243,0.9945989197839568,0.9715,8.452233561601381e-05,0.8377233147621155
1244,0.9953990798159632,1.209,8.44886228988823e-05,0.6137048602104187
1245,0.9961992398479695,1.0313,8.445488024529132e-05,0.8977499008178711
1246,0.996999399879976,1.3287,8.442110768452984e-05,0.5466346144676208
1247,0.9977995599119824,0.2203,8.438730524591274e-05,0.4315100908279419
1248,0.9985997199439888,0.4337,8.435347295878087e-05,1.1465271711349487
1249,0.9993998799759952,2.5102,8.431961085250102e-05,0.8621626496315002
1250,1.0,1.2299,8.428571895646577e-05,1.1601353883743286
1251,1.0008001600320064,1.2556,8.425179730009368e-05,0.7179995775222778
1252,1.001600320064013,1.7117,8.421784591282902e-05,2.1749722957611084
1253,1.0024004800960191,0.9125,8.418386482414195e-05,0.9796837568283081
1254,1.0032006401280256,1.1504,8.41498540635284e-05,0.9670546650886536
1255,1.004000800160032,1.2352,8.411581366051e-05,0.22057831287384033
1256,1.0048009601920385,1.2212,8.408174364463418e-05,0.7152920961380005
1257,1.005601120224045,1.0258,8.404764404547403e-05,1.2203947305679321
1258,1.0064012802560511,1.2438,8.401351489262834e-05,0.45657896995544434
1259,1.0072014402880576,1.2318,8.397935621572156e-05,0.5460422039031982
1260,1.008001600320064,1.4785,8.394516804440373e-05,1.060352087020874
1261,1.0088017603520705,1.4752,8.391095040835053e-05,0.8377735614776611
1262,1.009601920384077,0.7871,8.387670333726317e-05,2.5773158073425293
1263,1.0104020804160831,1.3207,8.384242686086848e-05,0.9140653610229492
1264,1.0112022404480896,0.5243,8.380812100891875e-05,0.2794652283191681
1265,1.012002400480096,1.0713,8.377378581119182e-05,0.5365409255027771
1266,1.0128025605121025,0.7409,8.373942129749094e-05,0.5214532017707825
1267,1.0136027205441087,1.3139,8.370502749764487e-05,0.4917590022087097
1268,1.0144028805761152,1.9077,8.367060444150771e-05,0.6921085119247437
1269,1.0152030406081216,1.0647,8.363615215895908e-05,0.45407384634017944
1270,1.016003200640128,0.9011,8.360167067990385e-05,0.5116617679595947
1271,1.0168033606721345,1.4576,8.35671600342723e-05,0.6230491995811462
1272,1.0176035207041407,1.4039,8.353262025202e-05,0.9793136119842529
1273,1.0184036807361472,1.4873,8.34980513631278e-05,1.826398253440857
1274,1.0192038407681536,1.0418,8.346345339760185e-05,0.6195261478424072
1275,1.02000400080016,1.1272,8.342882638547351e-05,0.7110374569892883
1276,1.0208041608321665,1.7608,8.339417035679935e-05,0.915532112121582
1277,1.0216043208641727,1.6464,8.335948534166116e-05,0.4558926224708557
1278,1.0224044808961792,1.4565,8.332477137016588e-05,0.785294234752655
1279,1.0232046409281856,1.2722,8.329002847244555e-05,0.6892927885055542
1280,1.024004800960192,0.9167,8.325525667865735e-05,0.8322178721427917
1281,1.0248049609921985,1.1011,8.322045601898354e-05,0.6458991765975952
1282,1.0256051210242048,1.2102,8.318562652363142e-05,0.8926790952682495
1283,1.0264052810562112,1.7489,8.315076822283334e-05,1.0845454931259155
1284,1.0272054410882177,0.8075,8.311588114684664e-05,1.1636295318603516
1285,1.028005601120224,0.9933,8.308096532595364e-05,0.41362667083740234
1286,1.0288057611522305,1.5138,8.304602079046161e-05,0.7795160412788391
1287,1.0296059211842368,1.7152,8.301104757070274e-05,0.8473324775695801
1288,1.0304060812162432,1.142,8.297604569703416e-05,1.0303678512573242
1289,1.0312062412482497,1.7339,8.294101519983778e-05,0.8470220565795898
1290,1.0320064012802561,0.723,8.290595610952046e-05,1.0395246744155884
1291,1.0328065613122623,1.5109,8.28708684565138e-05,0.980076253414154
1292,1.0336067213442688,1.5994,8.283575227127422e-05,0.7975714206695557
1293,1.0344068813762752,0.4012,8.280060758428294e-05,1.4575068950653076
1294,1.0352070414082817,1.6077,8.276543442604588e-05,1.0844311714172363
1295,1.0360072014402881,2.1132,8.273023282709367e-05,1.4437731504440308
1296,1.0368073614722944,1.0646,8.269500281798164e-05,0.5303629636764526
1297,1.0376075215043008,1.2267,8.265974442928979e-05,0.7692420482635498
1298,1.0384076815363072,1.6083,8.262445769162273e-05,1.0499062538146973
1299,1.0392078415683137,1.0806,8.258914263560971e-05,0.7636622190475464
1300,1.0400080016003201,1.1861,8.255379929190452e-05,0.9554904103279114
1301,1.0408081616323264,0.7891,8.251842769118555e-05,1.670201063156128
1302,1.0416083216643328,0.5551,8.248302786415567e-05,1.8172987699508667
1303,1.0424084816963393,1.405,8.244759984154229e-05,1.0188519954681396
1304,1.0432086417283457,0.9088,8.241214365409727e-05,0.8353934288024902
1305,1.0440088017603522,1.037,8.237665933259693e-05,1.0292247533798218
1306,1.0448089617923584,1.5637,8.234114690784199e-05,1.074878454208374
1307,1.0456091218243648,1.368,8.230560641065759e-05,0.7975627779960632
1308,1.0464092818563713,0.7384,8.227003787189323e-05,0.6316153407096863
1309,1.0472094418883777,0.8206,8.223444132242274e-05,0.7877547740936279
1310,1.0480096019203842,1.0203,8.219881679314427e-05,1.8030962944030762
1311,1.0488097619523904,2.0413,8.216316431498028e-05,1.1646275520324707
1312,1.0496099219843968,1.1912,8.212748391887743e-05,0.8489459156990051
1313,1.0504100820164033,1.3167,8.209177563580669e-05,0.6788395047187805
1314,1.0512102420484097,1.3397,8.205603949676316e-05,1.1542564630508423
1315,1.0520104020804162,1.4747,8.202027553276618e-05,1.3549641370773315
1316,1.0528105621124224,1.4426,8.19844837748592e-05,0.9363968968391418
1317,1.0536107221444289,1.5817,8.194866425410983e-05,0.7519832253456116
1318,1.0544108821764353,2.8877,8.191281700160973e-05,0.5024260878562927
1319,1.0552110422084418,0.9694,8.187694204847471e-05,1.0696111917495728
1320,1.0560112022404482,0.9839,8.184103942584455e-05,0.6515076160430908
1321,1.0568113622724544,1.2224,8.180510916488309e-05,0.3702177107334137
1322,1.0576115223044609,1.2707,8.176915129677811e-05,0.9777174592018127
1323,1.0584116823364673,1.6233,8.173316585274145e-05,1.4724719524383545
1324,1.0592118423684738,1.404,8.169715286400875e-05,0.7131376266479492
1325,1.06001200240048,1.1098,8.166111236183968e-05,0.8868934512138367
1326,1.0608121624324864,0.6163,8.162504437751775e-05,0.5263981223106384
1327,1.0616123224644929,1.4682,8.158894894235031e-05,1.2679681777954102
1328,1.0624124824964993,0.4742,8.155282608766853e-05,0.7794440984725952
1329,1.0632126425285058,0.5242,8.151667584482743e-05,0.5075221657752991
1330,1.064012802560512,1.0791,8.148049824520574e-05,1.0762964487075806
1331,1.0648129625925185,2.9541,8.1444293320206e-05,0.44341814517974854
1332,1.065613122624525,1.1534,8.14080611012544e-05,0.534224808216095
1333,1.0664132826565313,1.394,8.137180161980091e-05,1.4942570924758911
1334,1.0672134426885378,1.3509,8.133551490731906e-05,0.6296256184577942
1335,1.068013602720544,1.3323,8.129920099530607e-05,0.7448798418045044
1336,1.0688137627525505,1.3536,8.126285991528283e-05,0.6406300067901611
1337,1.069613922784557,1.4509,8.122649169879369e-05,0.8927150368690491
1338,1.0704140828165634,1.4982,8.119009637740663e-05,0.9111867547035217
1339,1.0712142428485698,0.845,8.115367398271313e-05,0.8505722880363464
1340,1.072014402880576,0.7451,8.11172245463282e-05,0.8908015489578247
1341,1.0728145629125825,1.9138,8.108074809989032e-05,2.927858591079712
1342,1.073614722944589,1.1297,8.104424467506136e-05,1.2883988618850708
1343,1.0744148829765954,1.0698,8.100771430352668e-05,0.878014862537384
1344,1.0752150430086018,1.4021,8.097115701699498e-05,1.4055511951446533
1345,1.076015203040608,0.5933,8.093457284719834e-05,1.0492655038833618
1346,1.0768153630726145,1.3428,8.08979618258922e-05,0.8642191290855408
1347,1.077615523104621,1.2057,8.086132398485524e-05,0.9587587118148804
1348,1.0784156831366274,1.082,8.082465935588949e-05,0.791851282119751
1349,1.0792158431686336,0.8152,8.07879679708202e-05,0.8561067581176758
1350,1.08001600320064,1.5674,8.075124986149583e-05,1.032285213470459
1351,1.0808161632326465,1.1347,8.071450505978809e-05,0.8233693242073059
1352,1.081616323264653,0.6058,8.067773359759179e-05,1.1310287714004517
1353,1.0824164832966594,1.1115,8.064093550682493e-05,1.2088611125946045
1354,1.0832166433286656,1.3592,8.060411081942863e-05,0.6533069014549255
1355,1.084016803360672,1.6219,8.056725956736703e-05,1.7461953163146973
1356,1.0848169633926785,1.1097,8.053038178262742e-05,1.1011332273483276
1357,1.085617123424685,0.8199,8.049347749722004e-05,0.5185964107513428
1358,1.0864172834566914,1.4458,8.04565467431782e-05,1.0465983152389526
1359,1.0872174434886976,1.0698,8.041958955255814e-05,1.43311607837677
1360,1.088017603520704,1.0822,8.038260595743906e-05,0.6451122760772705
1361,1.0888177635527105,0.8146,8.034559598992307e-05,0.8755429983139038
1362,1.089617923584717,0.6485,8.030855968213518e-05,2.3462302684783936
1363,1.0904180836167234,0.9697,8.027149706622328e-05,1.0050300359725952
1364,1.0912182436487297,1.1697,8.023440817435806e-05,1.5308552980422974
1365,1.092018403680736,1.1166,8.019729303873307e-05,1.824799656867981
1366,1.0928185637127426,1.1465,8.016015169156459e-05,1.01242196559906
1367,1.093618723744749,1.6832,8.012298416509167e-05,1.67218816280365
1368,1.0944188837767554,0.85,8.008579049157608e-05,1.3754700422286987
1369,1.0952190438087617,1.498,8.004857070330229e-05,1.559468150138855
1370,1.0960192038407681,1.4127,8.001132483257743e-05,1.0622584819793701
1371,1.0968193638727746,0.8551,7.99740529117313e-05,1.7312077283859253
1372,1.097619523904781,1.0584,7.993675497311628e-05,1.6689507961273193
1373,1.0984196839367875,0.813,7.989943104910733e-05,1.507638692855835
1374,1.0992198439687937,1.3458,7.986208117210199e-05,1.2024457454681396
1375,1.1000200040008001,1.2595,7.982470537452031e-05,0.8097788095474243
1376,1.1008201640328066,0.7961,7.978730368880487e-05,2.845249891281128
1377,1.101620324064813,1.4129,7.974987614742067e-05,1.8079659938812256
1378,1.1024204840968195,1.2191,7.971242278285515e-05,1.7076847553253174
1379,1.1032206441288257,1.1307,7.967494362761827e-05,1.2427186965942383
1380,1.1040208041608321,0.8117,7.963743871424225e-05,0.7842534780502319
1381,1.1048209641928386,0.5454,7.959990807528171e-05,0.6709076762199402
1382,1.105621124224845,1.368,7.956235174331363e-05,1.1529351472854614
1383,1.1064212842568513,1.1727,7.952476975093729e-05,1.0967093706130981
1384,1.1072214442888577,0.9634,7.948716213077419e-05,0.8949903249740601
1385,1.1080216043208642,2.979,7.944952891546812e-05,0.457048237323761
1386,1.1088217643528706,1.2854,7.941187013768508e-05,1.0633533000946045
1387,1.109621924384877,0.9658,7.937418583011325e-05,0.7764605283737183
1388,1.1104220844168833,0.9625,7.933647602546297e-05,1.7439661026000977
1389,1.1112222444488897,1.7821,7.929874075646673e-05,0.9871009588241577
1390,1.1120224044808962,1.1641,7.92609800558791e-05,0.8061465620994568
1391,1.1128225645129026,0.6867,7.922319395647674e-05,0.4953420162200928
1392,1.113622724544909,1.4782,7.918538249105835e-05,0.902920663356781
1393,1.1144228845769153,0.9475,7.914754569244463e-05,1.181962251663208
1394,1.1152230446089217,0.6761,7.910968359347834e-05,0.5355441570281982
1395,1.1160232046409282,1.1302,7.907179622702408e-05,1.0648914575576782
1396,1.1168233646729346,1.3295,7.903388362596852e-05,1.147282361984253
1397,1.117623524704941,1.1544,7.899594582322012e-05,1.3680362701416016
1398,1.1184236847369473,1.2459,7.895798285170928e-05,1.1006689071655273
1399,1.1192238447689538,0.9219,7.89199947443882e-05,0.7648800611495972
1400,1.1200240048009602,1.6917,7.888198153423097e-05,1.0629258155822754
1401,1.1208241648329667,0.9526,7.88439432542334e-05,1.9417909383773804
1402,1.1216243248649729,1.2062,7.88058799374131e-05,1.6435483694076538
1403,1.1224244848969793,1.4085,7.876779161680936e-05,1.0790823698043823
1404,1.1232246449289858,1.2329,7.872967832548326e-05,0.8166996836662292
1405,1.1240248049609922,1.1249,7.869154009651749e-05,0.9253255724906921
1406,1.1248249649929987,0.4755,7.86533769630164e-05,0.6178712248802185
1407,1.125625125025005,1.424,7.861518895810596e-05,1.5228594541549683
1408,1.1264252850570113,1.8759,7.857697611493372e-05,1.050460934638977
1409,1.1272254450890178,1.2498,7.853873846666881e-05,2.0292856693267822
1410,1.1280256051210242,1.2297,7.850047604650188e-05,1.9380838871002197
1411,1.1288257651530307,0.7478,7.846218888764508e-05,0.6690759062767029
1412,1.129625925185037,1.2297,7.842387702333204e-05,1.4378578662872314
1413,1.1304260852170434,0.9046,7.838554048681782e-05,0.6151655912399292
1414,1.1312262452490498,1.3408,7.834717931137891e-05,1.380087971687317
1415,1.1320264052810562,1.4201,7.830879353031319e-05,1.2438993453979492
1416,1.1328265653130627,1.3242,7.827038317693989e-05,1.2205123901367188
1417,1.133626725345069,1.1954,7.823194828459957e-05,1.1961324214935303
1418,1.1344268853770754,1.5162,7.819348888665408e-05,1.4157238006591797
1419,1.1352270454090818,1.6704,7.815500501648653e-05,0.9903885126113892
1420,1.1360272054410883,1.4251,7.811649670750134e-05,1.0963081121444702
1421,1.1368273654730947,1.0175,7.807796399312407e-05,1.0190469026565552
1422,1.137627525505101,1.1489,7.80394069068015e-05,0.8242685198783875
1423,1.1384276855371074,0.7555,7.800082548200153e-05,1.3627139329910278
1424,1.1392278455691138,0.9741,7.796221975221325e-05,1.6464271545410156
1425,1.1400280056011203,0.75,7.792358975094679e-05,0.8341038823127747
1426,1.1408281656331267,1.0382,7.788493551173335e-05,1.3989298343658447
1427,1.141628325665133,1.1333,7.784625706812522e-05,0.7681745886802673
1428,1.1424284856971394,1.0042,7.780755445369563e-05,0.8567183613777161
1429,1.1432286457291458,2.6953,7.776882770203884e-05,1.8080565929412842
1430,1.1440288057611523,1.1448,7.773007684677005e-05,1.7211052179336548
1431,1.1448289657931587,1.2907,7.769130192152538e-05,1.0910135507583618
1432,1.145629125825165,1.34,7.765250295996181e-05,2.471353530883789
1433,1.1464292858571714,2.0762,7.761367999575727e-05,0.5331984162330627
1434,1.1472294458891779,1.1572,7.757483306261042e-05,0.8534435033798218
1435,1.1480296059211843,2.2395,7.753596219424082e-05,1.4565266370773315
1436,1.1488297659531908,1.211,7.749706742438871e-05,1.054915189743042
1437,1.149629925985197,0.7626,7.745814878681516e-05,0.7682012915611267
1438,1.1504300860172034,1.3155,7.741920631530193e-05,1.48868727684021
1439,1.1512302460492099,0.3865,7.738024004365145e-05,0.4804639518260956
1440,1.1520304060812163,1.1607,7.734125000568682e-05,1.3772673606872559
1441,1.1528305661132228,1.298,7.730223623525179e-05,1.327155590057373
1442,1.153630726145229,0.6639,7.726319876621067e-05,0.6144304871559143
1443,1.1544308861772354,1.5592,7.722413763244838e-05,1.5646785497665405
1444,1.1552310462092419,1.4467,7.718505286787033e-05,1.3939080238342285
1445,1.1560312062412483,1.3897,7.714594450640251e-05,1.0920400619506836
1446,1.1568313662732546,1.1714,7.710681258199135e-05,1.4668633937835693
1447,1.157631526305261,1.2746,7.706765712860373e-05,1.0578556060791016
1448,1.1584316863372675,1.4144,7.702847818022698e-05,1.4953339099884033
1449,1.159231846369274,1.1093,7.698927577086879e-05,1.4750316143035889
1450,1.1600320064012803,1.8155,7.695004993455725e-05,0.7587238550186157
1451,1.1608321664332866,1.312,7.691080070534073e-05,1.9679991006851196
1452,1.161632326465293,2.2018,7.6871528117288e-05,0.4021793007850647
1453,1.1624324864972995,1.0991,7.683223220448799e-05,0.7907685041427612
1454,1.163232646529306,1.5356,7.679291300104997e-05,1.146808385848999
1455,1.1640328065613121,0.9668,7.675357054110336e-05,0.8694971203804016
1456,1.1648329665933186,1.0593,7.671420485879785e-05,1.005199670791626
1457,1.165633126625325,0.8097,7.667481598830319e-05,0.9688326120376587
1458,1.1664332866573315,1.7934,7.66354039638093e-05,2.560931921005249
1459,1.167233446689338,1.3444,7.659596881952623e-05,1.390373706817627
1460,1.1680336067213442,1.0553,7.655651058968405e-05,0.9756175875663757
1461,1.1688337667533506,1.8648,7.651702930853287e-05,0.5944286584854126
1462,1.169633926785357,1.2669,7.647752501034285e-05,0.9133642315864563
1463,1.1704340868173635,1.4681,7.64379977294041e-05,1.5847413539886475
1464,1.17123424684937,1.0967,7.639844750002668e-05,0.9224796295166016
1465,1.1720344068813762,2.4708,7.635887435654058e-05,0.7770641446113586
1466,1.1728345669133826,1.1609,7.631927833329566e-05,0.7680162191390991
1467,1.173634726945389,1.0661,7.627965946466166e-05,1.8985575437545776
1468,1.1744348869773955,1.0835,7.624001778502815e-05,0.7131463289260864
1469,1.175235047009402,1.1105,7.620035332880447e-05,3.1418325901031494
1470,1.1760352070414082,0.8563,7.616066613041976e-05,3.4966444969177246
1471,1.1768353670734146,0.9301,7.612095622432292e-05,0.832048773765564
1472,1.177635527105421,0.446,7.60812236449825e-05,0.8565412163734436
1473,1.1784356871374275,1.7171,7.604146842688678e-05,0.47379016876220703
1474,1.179235847169434,0.4734,7.600169060454369e-05,0.5908764004707336
1475,1.1800360072014402,0.824,7.596189021248073e-05,0.8714765906333923
1476,1.1808361672334466,0.8039,7.592206728524507e-05,0.8067076206207275
1477,1.181636327265453,0.7864,7.588222185740336e-05,0.9461356401443481
1478,1.1824364872974595,1.3665,7.584235396354185e-05,1.2836980819702148
1479,1.183236647329466,0.9306,7.580246363826621e-05,1.1056820154190063
1480,1.1840368073614722,0.6903,7.576255091620168e-05,1.0891640186309814
1481,1.1848369673934787,0.836,7.572261583199287e-05,1.1954880952835083
1482,1.185637127425485,1.2083,7.56826584203038e-05,1.1004852056503296
1483,1.1864372874574916,1.4187,7.564267871581796e-05,1.4652355909347534
1484,1.187237447489498,1.507,7.560267675323803e-05,1.0876810550689697
1485,1.1880376075215042,1.3539,7.556265256728617e-05,1.1198574304580688
1486,1.1888377675535107,0.9395,7.552260619270373e-05,1.0505319833755493
1487,1.1896379275855171,1.128,7.548253766425137e-05,1.193016529083252
1488,1.1904380876175236,1.8626,7.544244701670894e-05,1.34153413772583
1489,1.19123824764953,1.0407,7.540233428487553e-05,0.8053733706474304
1490,1.1920384076815362,1.1656,7.536219950356937e-05,1.2070095539093018
1491,1.1928385677135427,0.8828,7.532204270762786e-05,1.509181261062622
1492,1.1936387277455491,1.2629,7.528186393190744e-05,1.0507851839065552
1493,1.1944388877775556,0.9229,7.524166321128374e-05,1.6768893003463745
1494,1.195239047809562,0.9821,7.520144058065132e-05,1.0257102251052856
1495,1.1960392078415683,1.2655,7.516119607492387e-05,0.8377429246902466
1496,1.1968393678735747,0.7732,7.512092972903397e-05,1.0473300218582153
1497,1.1976395279055811,0.8426,7.50806415779332e-05,1.2703074216842651
1498,1.1984396879375876,1.8524,7.504033165659208e-05,1.1062089204788208
1499,1.199239847969594,1.8194,7.500000000000001e-05,1.7961676120758057
1500,1.2000400080016003,1.2018,7.495964664316525e-05,1.0279157161712646
1501,1.2008401680336067,1.0476,7.491927162111493e-05,0.5677242279052734
1502,1.2016403280656132,1.9986,7.487887496889493e-05,1.8365504741668701
1503,1.2024404880976196,1.2747,7.483845672156998e-05,0.7692143321037292
1504,1.2032406481296258,0.4305,7.479801691422345e-05,2.2051265239715576
1505,1.2040408081616323,1.4102,7.475755558195753e-05,1.4884487390518188
1506,1.2048409681936387,1.4868,7.471707275989304e-05,1.3166618347167969
1507,1.2056411282256452,1.3291,7.467656848316945e-05,2.0439934730529785
1508,1.2064412882576516,0.8341,7.463604278694488e-05,1.3795047998428345
1509,1.2072414482896578,0.9276,7.459549570639602e-05,1.1755895614624023
1510,1.2080416083216643,1.1201,7.455492727671813e-05,1.3054016828536987
1511,1.2088417683536707,0.9985,7.451433753312501e-05,1.586160659790039
1512,1.2096419283856772,1.1371,7.447372651084895e-05,1.2324899435043335
1513,1.2104420884176834,0.6675,7.443309424514069e-05,0.5963810086250305
1514,1.2112422484496899,0.7621,7.439244077126946e-05,0.7670384645462036
1515,1.2120424084816963,1.0325,7.435176612452286e-05,1.418405294418335
1516,1.2128425685137028,1.0918,7.431107034020687e-05,1.0624967813491821
1517,1.2136427285457092,1.0888,7.427035345364582e-05,1.1173995733261108
1518,1.2144428885777154,1.1484,7.42296155001824e-05,1.4914463758468628
1519,1.2152430486097219,1.2426,7.41888565151775e-05,1.1557893753051758
1520,1.2160432086417283,1.2967,7.414807653401035e-05,1.0844664573669434
1521,1.2168433686737348,1.6669,7.410727559207833e-05,1.4754703044891357
1522,1.2176435287057412,1.1687,7.406645372479712e-05,1.2817745208740234
1523,1.2184436887377474,1.4083,7.402561096760043e-05,1.6268107891082764
1524,1.219243848769754,1.3505,7.398474735594021e-05,1.080997109413147
1525,1.2200440088017603,1.1695,7.394386292528645e-05,1.477892518043518
1526,1.2208441688337668,0.9062,7.390295771112725e-05,1.2464262247085571
1527,1.2216443288657732,0.9837,7.386203174896872e-05,0.8866012692451477
1528,1.2224444888977795,0.9332,7.382108507433501e-05,0.8631337881088257
1529,1.223244648929786,2.0681,7.37801177227682e-05,1.462588906288147
1530,1.2240448089617924,0.6107,7.373912972982837e-05,0.5879487991333008
1531,1.2248449689937988,0.9442,7.36981211310935e-05,2.1451380252838135
1532,1.2256451290258052,0.6158,7.365709196215943e-05,0.7350175976753235
1533,1.2264452890578115,1.2959,7.361604225863991e-05,1.2515207529067993
1534,1.227245449089818,1.2741,7.357497205616646e-05,1.4414595365524292
1535,1.2280456091218244,1.2177,7.35338813903884e-05,1.2142964601516724
1536,1.2288457691538308,1.3833,7.349277029697286e-05,1.044255018234253
1537,1.2296459291858373,1.0727,7.345163881160465e-05,0.8623762726783752
1538,1.2304460892178435,1.1442,7.34104869699863e-05,2.0265448093414307
1539,1.23124624924985,1.0018,7.336931480783801e-05,1.3439358472824097
1540,1.2320464092818564,0.9091,7.33281223608976e-05,1.2866109609603882
1541,1.2328465693138628,0.908,7.328690966492055e-05,1.257186770439148
1542,1.2336467293458693,1.1707,7.324567675567985e-05,1.3814055919647217
1543,1.2344468893778755,1.1352,7.320442366896608e-05,0.7720393538475037
1544,1.235247049409882,1.0356,7.31631504405873e-05,3.7952792644500732
1545,1.2360472094418884,0.7538,7.312185710636911e-05,0.7572548985481262
1546,1.2368473694738948,1.8129,7.308054370215448e-05,1.5699174404144287
1547,1.2376475295059013,1.2932,7.303921026380388e-05,0.8612145185470581
1548,1.2384476895379075,1.7316,7.299785682719511e-05,1.6499468088150024
1549,1.239247849569914,1.7736,7.29564834282234e-05,1.50447416305542
1550,1.2400480096019204,0.6782,7.29150901028012e-05,0.9661775231361389
1551,1.2408481696339269,0.5519,7.287367688685835e-05,2.0643486976623535
1552,1.2416483296659333,1.0218,7.283224381634192e-05,0.9196478724479675
1553,1.2424484896979395,1.1094,7.279079092721623e-05,1.0108311176300049
1554,1.243248649729946,1.3702,7.274931825546279e-05,1.3315991163253784
1555,1.2440488097619524,1.1094,7.270782583708025e-05,0.8158442974090576
1556,1.2448489697939589,1.5577,7.266631370808445e-05,1.4725674390792847
1557,1.2456491298259653,0.9846,7.262478190450835e-05,0.9062175154685974
1558,1.2464492898579715,1.0999,7.258323046240191e-05,0.9143324494361877
1559,1.247249449889978,1.0831,7.254165941783222e-05,1.006052017211914
1560,1.2480496099219844,1.4665,7.250006880688331e-05,1.033270001411438
1561,1.2488497699539909,0.8505,7.245845866565631e-05,0.976093590259552
1562,1.249649929985997,1.3886,7.241682903026914e-05,0.8045551776885986
1563,1.2504500900180036,0.8691,7.237517993685678e-05,1.0668600797653198
1564,1.25125025005001,1.1209,7.233351142157103e-05,0.8633797764778137
1565,1.2520504100820165,0.8336,7.229182352058058e-05,0.8173272013664246
1566,1.2528505701140227,1.1695,7.22501162700709e-05,0.8878714442253113
1567,1.2536507301460291,1.2497,7.220838970624431e-05,1.6852890253067017
1568,1.2544508901780356,0.6371,7.216664386531989e-05,0.9349873065948486
1569,1.255251050210042,0.7395,7.21248787835334e-05,1.1371843814849854
1570,1.2560512102420485,1.0404,7.208309449713738e-05,0.7477006912231445
1571,1.2568513702740547,1.3257,7.204129104240095e-05,1.0713331699371338
1572,1.2576515303060611,1.2012,7.199946845560994e-05,1.1660411357879639
1573,1.2584516903380676,1.0341,7.195762677306676e-05,1.0059431791305542
1574,1.259251850370074,1.3128,7.19157660310904e-05,0.9997880458831787
1575,1.2600520104020805,1.0679,7.187388626601637e-05,0.8714781999588013
1576,1.2608521704340867,0.7721,7.183198751419673e-05,0.6392101645469666
1577,1.2616523304660932,1.3624,7.179006981199999e-05,1.1453759670257568
1578,1.2624524904980996,1.1837,7.174813319581114e-05,1.3885992765426636
1579,1.263252650530106,1.1456,7.170617770203156e-05,1.6129778623580933
1580,1.2640528105621125,0.9836,7.166420336707903e-05,0.9033251404762268
1581,1.2648529705941187,1.28,7.162221022738768e-05,1.0479381084442139
1582,1.2656531306261252,1.1981,7.158019831940795e-05,1.4040154218673706
1583,1.2664532906581316,0.5698,7.153816767960659e-05,0.6431482434272766
1584,1.267253450690138,1.2546,7.149611834446664e-05,0.8251274824142456
1585,1.2680536107221445,1.2058,7.145405035048727e-05,1.1287171840667725
1586,1.2688537707541507,1.0363,7.141196373418394e-05,1.3568893671035767
1587,1.2696539307861572,0.426,7.136985853208824e-05,3.5014002323150635
1588,1.2704540908181636,1.288,7.13277347807479e-05,1.2059155702590942
1589,1.27125425085017,1.1498,7.128559251672672e-05,1.2984131574630737
1590,1.2720544108821765,1.2505,7.124343177660462e-05,1.0359983444213867
1591,1.2728545709141827,0.4515,7.120125259697751e-05,1.2484230995178223
1592,1.2736547309461892,1.2899,7.115905501445736e-05,1.1623936891555786
1593,1.2744548909781956,1.0407,7.111683906567206e-05,1.280426025390625
1594,1.275255051010202,0.5879,7.107460478726547e-05,1.390290379524231
1595,1.2760552110422085,1.2539,7.103235221589732e-05,0.8941084742546082
1596,1.2768553710742148,1.017,7.09900813882433e-05,0.9971221685409546
1597,1.2776555311062212,1.6098,7.094779234099487e-05,1.7579635381698608
1598,1.2784556911382277,0.8482,7.090548511085935e-05,0.7725216746330261
1599,1.279255851170234,1.0423,7.086315973455981e-05,1.1496936082839966
1600,1.2800560112022406,1.1687,7.08208162488351e-05,1.7416555881500244
1601,1.2808561712342468,1.6172,7.077845469043978e-05,1.1282951831817627
1602,1.2816563312662532,1.4853,7.073607509614409e-05,1.6266504526138306
1603,1.2824564912982597,1.6484,7.06936775027339e-05,1.264878511428833
1604,1.2832566513302661,0.6393,7.065126194701079e-05,4.068426609039307
1605,1.2840568113622726,1.5504,7.060882846579182e-05,1.1577811241149902
1606,1.2848569713942788,1.1766,7.05663770959097e-05,1.0212948322296143
1607,1.2856571314262852,0.8359,7.052390787421262e-05,1.1505285501480103
1608,1.2864572914582917,1.4238,7.048142083756428e-05,1.0800037384033203
1609,1.2872574514902981,1.3144,7.043891602284382e-05,1.7251828908920288
1610,1.2880576115223046,0.813,7.039639346694584e-05,1.156949758529663
1611,1.2888577715543108,0.6814,7.035385320678036e-05,1.6681016683578491
1612,1.2896579315863173,1.1333,7.03112952792727e-05,1.8497804403305054
1613,1.2904580916183237,1.349,7.026871972136357e-05,1.815808653831482
1614,1.2912582516503301,1.0556,7.022612657000898e-05,1.104539394378662
1615,1.2920584116823366,1.3818,7.018351586218018e-05,1.4527815580368042
1616,1.2928585717143428,0.7385,7.014088763486369e-05,1.1355706453323364
1617,1.2936587317463493,0.9146,7.009824192506122e-05,1.0391119718551636
1618,1.2944588917783557,1.0278,7.005557876978964e-05,0.6987128257751465
1619,1.295259051810362,1.6963,7.001289820608104e-05,1.728271722793579
1620,1.2960592118423686,0.9996,6.997020027098249e-05,0.5178607106208801
1621,1.2968593718743748,0.4353,6.992748500155629e-05,0.5599449872970581
1622,1.2976595319063813,1.296,6.988475243487962e-05,1.1483441591262817
1623,1.2984596919383877,0.6722,6.984200260804484e-05,0.8949651718139648
1624,1.299259851970394,1.0175,6.979923555815919e-05,0.6685246825218201
1625,1.3000600120024004,0.8821,6.975645132234485e-05,1.2077999114990234
1626,1.3008601720344068,1.2983,6.9713649937739e-05,0.9867489337921143
1627,1.3016603320664133,1.8579,6.967083144149365e-05,1.1893254518508911
1628,1.3024604920984197,1.58,6.962799587077564e-05,2.016784429550171
1629,1.303260652130426,0.5157,6.958514326276669e-05,1.01537024974823
1630,1.3040608121624324,1.4696,6.954227365466327e-05,2.000413179397583
1631,1.3048609721944389,0.9499,6.94993870836766e-05,2.4017345905303955
1632,1.3056611322264453,0.9735,6.945648358703269e-05,0.8538500070571899
1633,1.3064612922584518,1.3486,6.941356320197211e-05,1.7710100412368774
1634,1.307261452290458,2.2014,6.937062596575027e-05,0.6573434472084045
1635,1.3080616123224644,1.1193,6.932767191563703e-05,1.0865650177001953
1636,1.3088617723544709,1.4291,6.928470108891695e-05,1.1675442457199097
1637,1.3096619323864773,0.9755,6.924171352288911e-05,1.5514229536056519
1638,1.3104620924184838,1.0076,6.919870925486718e-05,0.8676921725273132
1639,1.31126225245049,1.1428,6.915568832217923e-05,1.254754662513733
1640,1.3120624124824964,1.2659,6.911265076216787e-05,1.3078161478042603
1641,1.312862572514503,0.7136,6.90695966121901e-05,0.8304240703582764
1642,1.3136627325465093,1.6393,6.902652590961738e-05,1.188063383102417
1643,1.3144628925785158,1.0907,6.898343869183546e-05,0.6570566296577454
1644,1.315263052610522,1.2078,6.89403349962445e-05,1.7374260425567627
1645,1.3160632126425285,0.9828,6.889721486025889e-05,1.132919430732727
1646,1.316863372674535,0.7815,6.885407832130734e-05,0.7404885292053223
1647,1.3176635327065414,1.126,6.881092541683278e-05,1.4801526069641113
1648,1.3184636927385478,1.059,6.876775618429239e-05,0.881085991859436
1649,1.319263852770554,1.4307,6.872457066115741e-05,2.1480884552001953
1650,1.3200640128025605,1.6533,6.868136888491334e-05,1.4563180208206177
1651,1.320864172834567,1.381,6.863815089305974e-05,1.4025721549987793
1652,1.3216643328665734,1.7161,6.859491672311025e-05,1.0405571460723877
1653,1.3224644928985798,1.2185,6.855166641259252e-05,1.2376635074615479
1654,1.323264652930586,0.7759,6.850839999904826e-05,1.1866313219070435
1655,1.3240648129625925,0.5604,6.846511752003314e-05,0.5943626165390015
1656,1.324864972994599,1.4818,6.842181901311677e-05,3.166907787322998
1657,1.3256651330266054,0.7691,6.837850451588267e-05,0.9827620387077332
1658,1.3264652930586118,1.4246,6.833517406592825e-05,1.5255221128463745
1659,1.327265453090618,2.016,6.829182770086474e-05,2.509855031967163
1660,1.3280656131226245,1.4718,6.824846545831724e-05,1.2938536405563354
1661,1.328865773154631,0.6637,6.820508737592457e-05,0.6970263123512268
1662,1.3296659331866374,0.9147,6.816169349133935e-05,0.7306003570556641
1663,1.3304660932186438,1.579,6.811828384222785e-05,1.4564921855926514
1664,1.33126625325065,1.2448,6.807485846627012e-05,1.5436350107192993
1665,1.3320664132826565,1.369,6.803141740115978e-05,1.6166847944259644
1666,1.332866573314663,0.9604,6.798796068460409e-05,1.2047628164291382
1667,1.3336667333466694,0.5625,6.794448835432394e-05,0.7427988648414612
1668,1.3344668933786759,0.8677,6.790100044805368e-05,1.0561002492904663
1669,1.335267053410682,1.1012,6.785749700354127e-05,1.1977277994155884
1670,1.3360672134426885,0.8414,6.781397805854811e-05,1.4523160457611084
1671,1.336867373474695,1.7059,6.777044365084907e-05,0.940146803855896
1672,1.3376675335067014,2.5591,6.772689381823244e-05,0.5626218914985657
1673,1.3384676935387079,1.9322,6.76833285984999e-05,1.25281822681427
1674,1.339267853570714,1.2309,6.763974802946649e-05,2.4177656173706055
1675,1.3400680136027205,1.5926,6.759615214896054e-05,4.5086350440979
1676,1.340868173634727,1.0582,6.755254099482372e-05,2.6318397521972656
1677,1.3416683336667332,0.6425,6.750891460491092e-05,1.5000354051589966
1678,1.3424684936987399,1.3996,6.746527301709029e-05,1.0858153104782104
1679,1.343268653730746,1.3736,6.742161626924315e-05,1.6910876035690308
1680,1.3440688137627526,0.742,6.737794439926395e-05,0.5882277488708496
1681,1.344868973794759,0.8573,6.733425744506034e-05,1.0053725242614746
1682,1.3456691338267652,0.7876,6.729055544455298e-05,0.784694254398346
1683,1.3464692938587717,0.949,6.724683843567568e-05,3.3068149089813232
1684,1.3472694538907781,0.3739,6.720310645637517e-05,0.7510534524917603
1685,1.3480696139227846,1.2637,6.715935954461127e-05,0.9914146661758423
1686,1.348869773954791,1.4286,6.711559773835672e-05,1.44138503074646
1687,1.3496699339867972,1.239,6.707182107559717e-05,1.5663764476776123
1688,1.3504700940188037,2.5827,6.702802959433123e-05,1.2195022106170654
1689,1.3512702540508101,1.3613,6.69842233325703e-05,1.1347965002059937
1690,1.3520704140828166,1.4858,6.694040232833865e-05,1.566388487815857
1691,1.352870574114823,1.0583,6.689656661967332e-05,1.0866179466247559
1692,1.3536707341468293,1.6969,6.685271624462416e-05,0.852695882320404
1693,1.3544708941788357,1.1777,6.680885124125369e-05,1.425957441329956
1694,1.3552710542108422,1.6936,6.676497164763719e-05,1.3412911891937256
1695,1.3560712142428486,1.0658,6.672107750186255e-05,0.8527135252952576
1696,1.356871374274855,1.2303,6.667716884203032e-05,2.0496273040771484
1697,1.3576715343068613,0.9281,6.663324570625365e-05,1.0200368165969849
1698,1.3584716943388677,1.1242,6.658930813265825e-05,0.8400866389274597
1699,1.3592718543708742,1.829,6.654535615938235e-05,1.2277908325195312
1700,1.3600720144028806,0.2471,6.65013898245767e-05,2.1596274375915527
1701,1.360872174434887,1.6353,6.645740916640448e-05,1.0596979856491089
1702,1.3616723344668933,1.3133,6.641341422304137e-05,1.193555474281311
1703,1.3624724944988997,1.2522,6.636940503267537e-05,2.7798168659210205
1704,1.3632726545309062,1.3484,6.63253816335069e-05,1.161032795906067
1705,1.3640728145629126,1.356,6.62813440637487e-05,1.4394279718399048
1706,1.364872974594919,1.0253,6.623729236162582e-05,0.9562389254570007
1707,1.3656731346269253,1.8427,6.619322656537552e-05,1.3459773063659668
1708,1.3664732946589317,1.1686,6.61491467132474e-05,1.4115203619003296
1709,1.3672734546909382,1.0443,6.610505284350315e-05,1.425434947013855
1710,1.3680736147229446,1.0194,6.60609449944167e-05,1.8271926641464233
1711,1.368873774754951,1.2504,6.601682320427409e-05,0.9708883166313171
1712,1.3696739347869573,1.5804,6.597268751137346e-05,1.1838620901107788
1713,1.3704740948189638,1.1722,6.592853795402502e-05,0.8904896974563599
1714,1.3712742548509702,1.387,6.588437457055102e-05,1.0761874914169312
1715,1.3720744148829767,1.0003,6.584019739928569e-05,0.8510249257087708
1716,1.372874574914983,0.583,6.579600647857525e-05,3.4792237281799316
1717,1.3736747349469893,1.7962,6.575180184677785e-05,1.5317823886871338
1718,1.3744748949789958,0.3373,6.570758354226354e-05,0.5786154270172119
1719,1.3752750550110022,1.1106,6.566335160341424e-05,1.6539350748062134
1720,1.3760752150430087,1.384,6.56191060686237e-05,1.405544400215149
1721,1.3768753750750151,0.7387,6.55748469762975e-05,3.7527613639831543
1722,1.3776755351070213,1.5343,6.55305743648529e-05,1.2284616231918335
1723,1.3784756951390278,1.3352,6.5486288272719e-05,1.6676623821258545
1724,1.3792758551710342,1.6223,6.544198873833655e-05,1.9028053283691406
1725,1.3800760152030407,1.302,6.539767580015799e-05,1.0243923664093018
1726,1.3808761752350471,1.2828,6.535334949664736e-05,1.0876103639602661
1727,1.3816763352670534,1.568,6.530900986628033e-05,1.2165560722351074
1728,1.3824764952990598,1.3212,6.52646569475441e-05,1.294640302658081
1729,1.3832766553310663,1.1776,6.52202907789375e-05,0.8848490118980408
1730,1.3840768153630725,0.7596,6.517591139897072e-05,0.7358883023262024
1731,1.3848769753950791,0.6632,6.513151884616556e-05,0.5626022219657898
1732,1.3856771354270854,0.9604,6.508711315905515e-05,8.422052383422852
1733,1.3864772954590918,0.929,6.504269437618407e-05,1.5522496700286865
1734,1.3872774554910983,1.6444,6.499826253610823e-05,1.1291227340698242
1735,1.3880776155231045,1.1005,6.495381767739492e-05,0.8848571181297302
1736,1.3888777755551112,1.8123,6.490935983862271e-05,1.3456757068634033
1737,1.3896779355871174,1.0144,6.486488905838143e-05,1.0120980739593506
1738,1.3904780956191238,2.9499,6.482040537527215e-05,3.057673692703247
1739,1.3912782556511303,0.4925,6.477590882790714e-05,0.5034211874008179
1740,1.3920784156831365,0.5825,6.473139945490984e-05,0.9086822271347046
1741,1.392878575715143,1.8821,6.46868772949148e-05,1.516602873802185
1742,1.3936787357471494,1.0288,6.46423423865677e-05,1.2893835306167603
1743,1.3944788957791558,1.1645,6.459779476852528e-05,2.6521670818328857
1744,1.3952790558111623,1.2833,6.455323447945529e-05,1.4389739036560059
1745,1.3960792158431685,1.1922,6.45086615580365e-05,1.4567511081695557
1746,1.396879375875175,1.1867,6.446407604295863e-05,0.898754358291626
1747,1.3976795359071814,0.8831,6.441947797292237e-05,0.8008742928504944
1748,1.3984796959391879,0.8114,6.437486738663924e-05,0.8460805416107178
1749,1.3992798559711943,0.6635,6.433024432283169e-05,0.9780259132385254
1750,1.4000800160032005,0.4912,6.428560882023294e-05,0.5303882956504822
1751,1.400880176035207,1.0242,6.424096091758707e-05,0.8383924961090088
1752,1.4016803360672134,1.6723,6.41963006536489e-05,2.0489628314971924
1753,1.4024804960992199,1.1805,6.415162806718393e-05,1.3412609100341797
1754,1.4032806561312263,1.4102,6.410694319696844e-05,0.7883715629577637
1755,1.4040808161632325,1.4654,6.406224608178932e-05,1.3724384307861328
1756,1.404880976195239,1.7828,6.401753676044408e-05,1.7718201875686646
1757,1.4056811362272454,1.6264,6.397281527174085e-05,1.988911509513855
1758,1.406481296259252,1.2994,6.392808165449836e-05,1.3298780918121338
1759,1.4072814562912583,0.6698,6.388333594754578e-05,1.3644287586212158
1760,1.4080816163232646,0.5995,6.383857818972282e-05,0.8527326583862305
1761,1.408881776355271,1.4377,6.379380841987965e-05,1.1311691999435425
1762,1.4096819363872775,1.2401,6.374902667687688e-05,1.045103907585144
1763,1.410482096419284,1.653,6.37042329995855e-05,1.6183974742889404
1764,1.4112822564512904,1.1782,6.365942742688685e-05,1.3087908029556274
1765,1.4120824164832966,1.2118,6.361460999767256e-05,1.208703875541687
1766,1.412882576515303,1.0356,6.356978075084466e-05,0.9734976291656494
1767,1.4136827365473095,1.4084,6.352493972531534e-05,1.504571795463562
1768,1.414482896579316,1.4419,6.348008696000706e-05,1.1014375686645508
1769,1.4152830566113224,2.505,6.343522249385242e-05,1.8653926849365234
1770,1.4160832166433286,1.3472,6.339034636579426e-05,1.5731767416000366
1771,1.416883376675335,1.0557,6.334545861478544e-05,2.195080518722534
1772,1.4176835367073415,1.7391,6.330055927978902e-05,1.55377995967865
1773,1.418483696739348,1.3216,6.325564839977802e-05,1.1964031457901
1774,1.4192838567713544,1.0405,6.321072601373554e-05,0.870717465877533
1775,1.4200840168033606,0.7943,6.316579216065464e-05,0.4883386194705963
1776,1.420884176835367,1.0115,6.312084687953834e-05,1.206619143486023
1777,1.4216843368673735,1.5297,6.307589020939959e-05,1.0537029504776
1778,1.42248449689938,1.113,6.303092218926119e-05,1.554500937461853
1779,1.4232846569313864,0.6146,6.298594285815584e-05,0.5755408406257629
1780,1.4240848169633926,1.372,6.294095225512603e-05,1.3374805450439453
1781,1.424884976995399,1.1793,6.289595041922406e-05,1.7024073600769043
1782,1.4256851370274055,1.3958,6.285093738951193e-05,1.979509949684143
1783,1.426485297059412,0.9366,6.28059132050614e-05,0.6017147302627563
1784,1.4272854570914184,1.0162,6.276087790495388e-05,0.7623436450958252
1785,1.4280856171234246,1.3722,6.271583152828049e-05,0.9785038232803345
1786,1.428885777155431,1.8999,6.267077411414188e-05,1.988451600074768
1787,1.4296859371874375,0.7937,6.262570570164837e-05,1.309137225151062
1788,1.4304860972194438,0.5676,6.258062632991972e-05,1.2994165420532227
1789,1.4312862572514504,1.3721,6.253553603808531e-05,1.1186668872833252
1790,1.4320864172834566,1.2779,6.249043486528391e-05,1.8414793014526367
1791,1.432886577315463,1.038,6.244532285066382e-05,1.310806155204773
1792,1.4336867373474695,0.9504,6.240020003338267e-05,1.7132151126861572
1793,1.4344868973794758,1.5086,6.235506645260753e-05,0.9546125531196594
1794,1.4352870574114822,1.4023,6.230992214751478e-05,1.3499653339385986
1795,1.4360872174434887,1.3127,6.22647671572901e-05,4.277902603149414
1796,1.436887377475495,1.2209,6.221960152112848e-05,1.4817967414855957
1797,1.4376875375075016,1.5354,6.217442527823411e-05,1.1392860412597656
1798,1.4384876975395078,1.2359,6.212923846782043e-05,2.471416473388672
1799,1.4392878575715142,1.0041,6.208404112911002e-05,0.6375425457954407
1800,1.4400880176035207,1.1449,6.20388333013346e-05,1.335023045539856
1801,1.4408881776355271,1.0111,6.1993615023735e-05,1.2444162368774414
1802,1.4416883376675336,1.2131,6.194838633556115e-05,1.1928701400756836
1803,1.4424884976995398,0.4601,6.190314727607196e-05,0.6412251591682434
1804,1.4432886577315462,2.2242,6.18578978845354e-05,2.2245657444000244
1805,1.4440888177635527,1.3618,6.181263820022835e-05,1.019552230834961
1806,1.4448889777955591,1.0126,6.17673682624367e-05,1.7863630056381226
1807,1.4456891378275656,1.246,6.172208811045516e-05,3.935258626937866
1808,1.4464892978595718,0.9278,6.167679778358736e-05,0.9345524907112122
1809,1.4472894578915783,1.1886,6.163149732114571e-05,1.2306287288665771
1810,1.4480896179235847,1.1642,6.15861867624515e-05,0.7530279755592346
1811,1.4488897779555912,1.3605,6.15408661468347e-05,1.214853286743164
1812,1.4496899379875976,1.2723,6.149553551363404e-05,1.525207757949829
1813,1.4504900980196038,1.1991,6.145019490219699e-05,0.944222092628479
1814,1.4512902580516103,1.5863,6.140484435187959e-05,1.1904317140579224
1815,1.4520904180836167,1.4876,6.13594839020466e-05,1.4432557821273804
1816,1.4528905781156232,1.7809,6.131411359207131e-05,2.0826632976531982
1817,1.4536907381476296,1.0154,6.12687334613356e-05,0.8833930492401123
1818,1.4544908981796358,1.5196,6.122334354922984e-05,0.8984519243240356
1819,1.4552910582116423,1.3202,6.117794389515293e-05,2.1458370685577393
1820,1.4560912182436487,0.5478,6.113253453851223e-05,2.8357415199279785
1821,1.4568913782756552,1.0885,6.108711551872347e-05,1.2843574285507202
1822,1.4576915383076616,0.7041,6.104168687521083e-05,2.5467803478240967
1823,1.4584916983396679,1.0789,6.0996248647406786e-05,1.232102632522583
1824,1.4592918583716743,1.3128,6.095080087475218e-05,1.1013777256011963
1825,1.4600920184036807,1.7487,6.0905343596696106e-05,1.2740285396575928
1826,1.4608921784356872,1.2168,6.085987685269594e-05,1.110779881477356
1827,1.4616923384676936,1.6176,6.0814400682217234e-05,1.24733304977417
1828,1.4624924984996999,0.9017,6.076891512473376e-05,1.5092339515686035
1829,1.4632926585317063,1.0675,6.0723420219727424e-05,0.7527082562446594
1830,1.4640928185637128,1.4138,6.067791600668823e-05,4.099292755126953
1831,1.4648929785957192,1.178,6.0632402525114306e-05,1.1727818250656128
1832,1.4656931386277257,1.2392,6.0586879814511765e-05,1.3940876722335815
1833,1.4664932986597319,1.37,6.0541347914394785e-05,1.1614711284637451
1834,1.4672934586917383,1.5276,6.0495806864285485e-05,1.4828376770019531
1835,1.4680936187237448,1.4014,6.045025670371395e-05,0.7766724824905396
1836,1.4688937787557512,1.691,6.0404697472218144e-05,2.20904541015625
1837,1.4696939387877577,1.5359,6.035912920934394e-05,0.8954505324363708
1838,1.470494098819764,1.6933,6.031355195464501e-05,1.4386520385742188
1839,1.4712942588517703,0.3795,6.026796574768288e-05,0.6987993717193604
1840,1.4720944188837768,1.0597,6.022237062802679e-05,0.9185616970062256
1841,1.4728945789157832,1.2085,6.0176766635253775e-05,1.2214360237121582
1842,1.4736947389477897,1.3341,6.013115380894854e-05,1.3820757865905762
1843,1.474494898979796,1.0892,6.0085532188703443e-05,1.0049625635147095
1844,1.4752950590118024,1.3672,6.003990181411849e-05,1.7737703323364258
1845,1.4760952190438088,1.3059,5.999426272480133e-05,1.5954827070236206
1846,1.476895379075815,0.9577,5.994861496036709e-05,2.027790069580078
1847,1.4776955391078217,1.0479,5.9902958560438507e-05,0.937318742275238
1848,1.478495699139828,1.0876,5.9857293564645743e-05,0.7539247274398804
1849,1.4792958591718344,0.6873,5.981162001262649e-05,0.7537772059440613
1850,1.4800960192038408,1.2051,5.976593794402582e-05,1.183632493019104
1851,1.480896179235847,0.9557,5.972024739849622e-05,1.6285476684570312
1852,1.4816963392678535,1.3824,5.967454841569751e-05,1.370665192604065
1853,1.48249649929986,1.0237,5.9628841035296865e-05,0.8987789750099182
1854,1.4832966593318664,0.8544,5.958312529696873e-05,3.771413803100586
1855,1.4840968193638728,1.3172,5.953740124039482e-05,1.6869863271713257
1856,1.484896979395879,1.2403,5.949166890526404e-05,1.940657138824463
1857,1.4856971394278855,0.9477,5.944592833127253e-05,0.7936628460884094
1858,1.486497299459892,1.3476,5.940017955812352e-05,1.4495569467544556
1859,1.4872974594918984,1.2642,5.9354422625527396e-05,1.2191067934036255
1860,1.4880976195239048,1.3081,5.930865757320164e-05,2.409914493560791
1861,1.488897779555911,0.749,5.926288444087075e-05,2.4465150833129883
1862,1.4896979395879175,1.0117,5.921710326826624e-05,1.1826990842819214
1863,1.490498099619924,1.0998,5.917131409512663e-05,1.2823554277420044
1864,1.4912982596519304,1.2742,5.912551696119735e-05,1.5145454406738281
1865,1.4920984196839369,1.0114,5.907971190623076e-05,0.8750289082527161
1866,1.492898579715943,1.1933,5.9033898969986114e-05,1.144736886024475
1867,1.4936987397479495,1.327,5.898807819222944e-05,0.5770440697669983
1868,1.494498899779956,0.9667,5.894224961273368e-05,1.9822882413864136
1869,1.4952990598119624,1.2766,5.8896413271278425e-05,1.5980037450790405
1870,1.4960992198439689,1.2955,5.885056920765011e-05,1.5695422887802124
1871,1.496899379875975,0.964,5.880471746164179e-05,0.9503402709960938
1872,1.4976995399079815,0.6688,5.875885807305326e-05,1.1211998462677002
1873,1.498499699939988,1.5124,5.871299108169088e-05,2.0888545513153076
1874,1.4992998599719944,1.191,5.866711652736767e-05,1.724084734916687
1875,1.500100020004001,1.0319,5.862123444990318e-05,1.2151387929916382
1876,1.5009001800360071,1.4223,5.857534488912351e-05,1.1560951471328735
1877,1.5017003400680136,0.8474,5.852944788486121e-05,1.3199106454849243
1878,1.50250050010002,1.7003,5.848354347695537e-05,1.0108352899551392
1879,1.5033006601320265,1.0576,5.8437631705251425e-05,1.7647794485092163
1880,1.504100820164033,1.1809,5.8391712609601255e-05,0.881867527961731
1881,1.5049009801960391,1.1295,5.83457862298631e-05,0.8474611639976501
1882,1.5057011402280456,1.322,5.829985260590146e-05,1.1243550777435303
1883,1.506501300260052,0.0994,5.82539117775872e-05,1.2859071493148804
1884,1.5073014602920582,0.9459,5.820796378479739e-05,1.1989002227783203
1885,1.508101620324065,1.4776,5.816200866741535e-05,1.1463980674743652
1886,1.5089017803560711,1.2417,5.811604646533053e-05,1.370705485343933
1887,1.5097019403880776,0.9632,5.807007721843861e-05,1.62956964969635
1888,1.510502100420084,1.5182,5.8024100966641324e-05,1.3692102432250977
1889,1.5113022604520903,1.4475,5.797811774984651e-05,1.1691815853118896
1890,1.512102420484097,1.4531,5.793212760796804e-05,2.068554401397705
1891,1.5129025805161032,1.216,5.7886130580925814e-05,0.9988682866096497
1892,1.5137027405481096,1.4402,5.784012670864568e-05,3.8764536380767822
1893,1.514502900580116,1.2208,5.7794116031059465e-05,1.1181306838989258
1894,1.5153030606121223,1.3183,5.7748098588104873e-05,1.1240378618240356
1895,1.516103220644129,0.9975,5.770207441972549e-05,1.2873783111572266
1896,1.5169033806761352,1.1253,5.765604356587075e-05,1.1617748737335205
1897,1.5177035407081416,1.1134,5.761000606649588e-05,1.5821467638015747
1898,1.518503700740148,1.2866,5.7563961961561864e-05,1.209885835647583
1899,1.5193038607721543,1.3966,5.751791129103544e-05,2.6283650398254395
1900,1.520104020804161,1.4709,5.7471854094889044e-05,1.7028586864471436
1901,1.5209041808361672,1.7504,5.742579041310077e-05,1.331539511680603
1902,1.5217043408681736,1.3345,5.73797202856543e-05,2.200397253036499
1903,1.52250450090018,0.5402,5.733364375253902e-05,0.5533772706985474
1904,1.5233046609321863,1.039,5.728756085374976e-05,1.4728854894638062
1905,1.524104820964193,1.7792,5.724147162928694e-05,1.128151297569275
1906,1.5249049809961992,1.2539,5.719537611915644e-05,1.1125962734222412
1907,1.5257051410282056,1.2056,5.7149274363369634e-05,1.1246620416641235
1908,1.526505301060212,0.8081,5.7103166401943276e-05,5.977527618408203
1909,1.5273054610922183,1.2465,5.7057052274899523e-05,1.275438666343689
1910,1.528105621124225,0.6125,5.7010932022265895e-05,1.1312189102172852
1911,1.5289057811562312,1.0786,5.696480568407523e-05,1.3842922449111938
1912,1.5297059411882377,1.5132,5.69186733003656e-05,4.800938129425049
1913,1.530506101220244,0.5374,5.68725349111804e-05,1.361167550086975
1914,1.5313062612522503,1.2957,5.6826390556568166e-05,1.0969399213790894
1915,1.532106421284257,1.0905,5.678024027658268e-05,1.2021640539169312
1916,1.5329065813162632,1.487,5.67340841112828e-05,0.8918893933296204
1917,1.5337067413482697,0.6939,5.668792210073255e-05,1.47355318069458
1918,1.5345069013802761,1.4475,5.6641754285001004e-05,1.5472004413604736
1919,1.5353070614122823,1.3187,5.6595580704162256e-05,1.1677942276000977
1920,1.536107221444289,1.3111,5.6549401398295445e-05,1.441992998123169
1921,1.5369073814762952,1.0908,5.650321640748463e-05,1.3003787994384766
1922,1.5377075415083017,1.1625,5.645702577181885e-05,0.996593177318573
1923,1.5385077015403081,1.2984,5.6410829531392006e-05,1.6126435995101929
1924,1.5393078615723144,1.3284,5.636462772630292e-05,1.2051067352294922
1925,1.5401080216043208,1.1484,5.631842039665517e-05,1.347083568572998
1926,1.5409081816363273,1.4355,5.627220758255719e-05,1.7057315111160278
1927,1.5417083416683337,0.9775,5.622598932412213e-05,1.3737658262252808
1928,1.5425085017003402,1.0925,5.617976566146792e-05,1.0277870893478394
1929,1.5433086617323464,0.8878,5.61335366347171e-05,1.6245461702346802
1930,1.5441088217643528,1.3034,5.608730228399697e-05,0.9769162535667419
1931,1.5449089817963593,1.0325,5.604106264943935e-05,1.2734569311141968
1932,1.5457091418283657,1.8487,5.599481777118071e-05,1.1018168926239014
1933,1.5465093018603722,0.7078,5.5948567689362045e-05,0.8409919738769531
1934,1.5473094618923784,1.0543,5.590231244412889e-05,1.2247719764709473
1935,1.5481096219243848,0.8118,5.585605207563124e-05,0.7034347057342529
1936,1.5489097819563913,1.5719,5.580978662402354e-05,2.4623823165893555
1937,1.5497099419883977,1.1777,5.576351612946464e-05,0.9702581763267517
1938,1.5505101020204042,0.6111,5.571724063211782e-05,0.7195242047309875
1939,1.5513102620524104,0.8691,5.567096017215061e-05,1.2937746047973633
1940,1.5521104220844169,1.0729,5.5624674789734934e-05,1.2689872980117798
1941,1.5529105821164233,1.1281,5.5578384525046924e-05,1.463773488998413
1942,1.5537107421484295,0.3219,5.553208941826701e-05,0.6577885150909424
1943,1.5545109021804362,1.0742,5.5485789509579764e-05,1.5232508182525635
1944,1.5553110622124424,0.5411,5.543948483917399e-05,0.6947404742240906
1945,1.5561112222444489,1.153,5.539317544724256e-05,2.4872214794158936
1946,1.5569113822764553,1.6649,5.534686137398249e-05,2.0195977687835693
1947,1.5577115423084615,1.1472,5.5300542659594854e-05,1.4256260395050049
1948,1.5585117023404682,2.1363,5.525421934428473e-05,1.692195177078247
1949,1.5593118623724744,1.2947,5.520789146826122e-05,1.1913845539093018
1950,1.5601120224044809,0.8995,5.5161559071737346e-05,1.6940834522247314
1951,1.5609121824364873,1.6593,5.51152221949301e-05,1.6152870655059814
1952,1.5617123424684936,0.8172,5.5068880878060336e-05,0.9854719042778015
1953,1.5625125025005002,0.8843,5.502253516135276e-05,1.050536870956421
1954,1.5633126625325064,1.3172,5.497618508503591e-05,1.4472135305404663
1955,1.564112822564513,1.2929,5.4929830689342097e-05,5.457982063293457
1956,1.5649129825965193,1.1141,5.488347201450741e-05,1.301384687423706
1957,1.5657131426285256,1.1154,5.4837109100771586e-05,1.2166801691055298
1958,1.5665133026605322,1.3406,5.4790741988378124e-05,2.056549549102783
1959,1.5673134626925385,1.5882,5.47443707175741e-05,1.201512336730957
1960,1.568113622724545,1.4095,5.469799532861023e-05,1.4625691175460815
1961,1.5689137827565514,1.3228,5.465161586174083e-05,1.9209206104278564
1962,1.5697139427885576,1.513,5.46052323572237e-05,1.0968044996261597
1963,1.5705141028205643,0.8463,5.455884485532018e-05,1.818511962890625
1964,1.5713142628525705,0.8783,5.451245339629507e-05,1.6939805746078491
1965,1.572114422884577,2.32,5.446605802041662e-05,1.2915358543395996
1966,1.5729145829165834,1.1439,5.441965876795644e-05,1.0038256645202637
1967,1.5737147429485896,0.9183,5.437325567918956e-05,0.7709682583808899
1968,1.5745149029805963,1.4279,5.432684879439428e-05,1.278823733329773
1969,1.5753150630126025,0.1173,5.4280438153852266e-05,0.5882459878921509
1970,1.576115223044609,2.2485,5.4234023797848365e-05,2.190138339996338
1971,1.5769153830766154,1.9465,5.418760576667071e-05,1.7633944749832153
1972,1.5777155431086216,1.3508,5.4141184100610606e-05,1.1021307706832886
1973,1.5785157031406283,1.5018,5.40947588399625e-05,1.028835415840149
1974,1.5793158631726345,1.9711,5.404833002502397e-05,0.621902585029602
1975,1.580116023204641,1.2374,5.400189769609568e-05,0.9642813801765442
1976,1.5809161832366474,0.4419,5.395546189348135e-05,2.5093252658843994
1977,1.5817163432686536,0.7654,5.39090226574877e-05,1.0919967889785767
1978,1.5825165033006603,1.2302,5.386258002842443e-05,1.4350512027740479
1979,1.5833166633326665,0.78,5.3816134046604194e-05,0.7698505520820618
1980,1.584116823364673,0.788,5.3769684752342576e-05,4.685401439666748
1981,1.5849169833966794,1.6006,5.3723232185957994e-05,1.1953052282333374
1982,1.5857171434286856,0.355,5.367677638777173e-05,2.022395372390747
1983,1.586517303460692,1.3877,5.3630317398107864e-05,2.1862456798553467
1984,1.5873174634926985,1.4197,5.358385525729328e-05,1.62850821018219
1985,1.588117623524705,0.8518,5.3537390005657515e-05,1.0930180549621582
1986,1.5889177835567114,0.8165,5.349092168353291e-05,0.9439990520477295
1987,1.5897179435887177,1.7089,5.344445033125438e-05,1.5297998189926147
1988,1.590518103620724,1.9875,5.339797598915953e-05,2.8782386779785156
1989,1.5913182636527305,1.356,5.335149869758854e-05,1.3568534851074219
1990,1.592118423684737,1.5635,5.330501849688415e-05,1.7697423696517944
1991,1.5929185837167434,0.6929,5.325853542739161e-05,0.8097788095474243
1992,1.5937187437487497,0.8,5.32120495294587e-05,0.7653746008872986
1993,1.5945189037807561,1.2424,5.3165560843435614e-05,1.0789779424667358
1994,1.5953190638127626,0.484,5.311906940967498e-05,0.9729720950126648
1995,1.596119223844769,0.6659,5.3072575268531835e-05,0.7430265545845032
1996,1.5969193838767755,1.3778,5.3026078460363515e-05,1.1479988098144531
1997,1.5977195439087817,1.0543,5.297957902552972e-05,1.5564020872116089
1998,1.5985197039407881,1.0875,5.2933077004392415e-05,1.0428237915039062
1999,1.5993198639727946,1.0163,5.28865724373158e-05,2.260800361633301
2000,1.6001200240048008,1.0573,5.284006536466628e-05,1.2157859802246094
2001,1.6009201840368075,1.1037,5.279355582681246e-05,1.0089242458343506
2002,1.6017203440688137,1.5495,5.274704386412507e-05,1.6361232995986938
2003,1.6025205041008201,1.0847,5.270052951697692e-05,2.439786672592163
2004,1.6033206641328266,0.7431,5.265401282574294e-05,3.62803316116333
2005,1.6041208241648328,1.4524,5.260749383080007e-05,2.2087700366973877
2006,1.6049209841968395,0.43,5.2560972572527245e-05,0.6228380799293518
2007,1.6057211442288457,1.6679,5.2514449091305375e-05,2.9519095420837402
2008,1.6065213042608522,1.8285,5.2467923427517263e-05,1.1493422985076904
2009,1.6073214642928586,1.0733,5.242139562154767e-05,1.398298740386963
2010,1.6081216243248648,1.5157,5.2374865713783175e-05,1.3337639570236206
2011,1.6089217843568715,0.6878,5.232833374461219e-05,1.250464677810669
2012,1.6097219443888777,1.5685,5.228179975442491e-05,1.2802692651748657
2013,1.6105221044208842,0.9927,5.22352637836133e-05,1.7422409057617188
2014,1.6113222644528906,1.3237,5.218872587257101e-05,1.5634456872940063
2015,1.6121224244848968,1.0318,5.214218606169343e-05,0.7436193823814392
2016,1.6129225845169035,1.0479,5.2095644391377553e-05,1.1671243906021118
2017,1.6137227445489097,2.0688,5.2049100902022e-05,3.5489745140075684
2018,1.6145229045809162,1.4428,5.200255563402696e-05,1.1798661947250366
2019,1.6153230646129226,1.1088,5.195600862779421e-05,1.054034948348999
2020,1.6161232246449289,1.244,5.1909459923726966e-05,0.9447904229164124
2021,1.6169233846769355,0.7183,5.186290956222999e-05,4.83610725402832
2022,1.6177235447089418,1.2403,5.181635758370942e-05,1.0336618423461914
2023,1.6185237047409482,1.1145,5.176980402857283e-05,1.076764702796936
2024,1.6193238647729546,0.7738,5.1723248937229174e-05,0.8389446139335632
2025,1.6201240248049609,0.7696,5.167669235008871e-05,1.9965661764144897
2026,1.6209241848369675,1.893,5.163013430756301e-05,1.537570834159851
2027,1.6217243448689738,1.2366,5.15835748500649e-05,4.410477161407471
2028,1.6225245049009802,1.5341,5.1537014018008445e-05,1.6735799312591553
2029,1.6233246649329867,1.0334,5.1490451851808916e-05,1.2292566299438477
2030,1.6241248249649929,2.2556,5.144388839188271e-05,1.9068883657455444
2031,1.6249249849969996,2.0708,5.139732367864736e-05,0.7539934515953064
2032,1.6257251450290058,0.7298,5.13507577525215e-05,1.1904654502868652
2033,1.6265253050610122,1.375,5.1304190653924785e-05,1.6213994026184082
2034,1.6273254650930187,1.1868,5.125762242327793e-05,1.177730679512024
2035,1.628125625125025,0.8901,5.1211053101002594e-05,0.902908205986023
2036,1.6289257851570316,1.0666,5.116448272752142e-05,0.9504930973052979
2037,1.6297259451890378,1.4571,5.111791134325793e-05,1.2440003156661987
2038,1.6305261052210442,0.9977,5.107133898863655e-05,2.1482627391815186
2039,1.6313262652530507,1.0466,5.102476570408252e-05,1.1826083660125732
2040,1.632126425285057,1.1064,5.097819153002192e-05,1.0818452835083008
2041,1.6329265853170634,1.2981,5.093161650688156e-05,0.9363764524459839
2042,1.6337267453490698,1.4465,5.0885040675089055e-05,1.042631983757019
2043,1.6345269053810763,1.1723,5.083846407507263e-05,1.0443936586380005
2044,1.6353270654130827,1.3628,5.079188674726126e-05,0.982909083366394
2045,1.636127225445089,1.5159,5.07453087320845e-05,1.210795283317566
2046,1.6369273854770954,1.029,5.0698730069972536e-05,0.8303706049919128
2047,1.6377275455091018,0.5371,5.065215080135607e-05,0.9018588066101074
2048,1.6385277055411083,1.2618,5.06055709666664e-05,1.228555679321289
2049,1.6393278655731147,1.2544,5.0558990606335234e-05,1.231602668762207
2050,1.640128025605121,1.0968,5.051240976079481e-05,1.494708776473999
2051,1.6409281856371274,0.9532,5.0465828470477726e-05,1.6555919647216797
2052,1.6417283456691338,0.9109,5.041924677581702e-05,1.7266287803649902
2053,1.64252850570114,2.2685,5.0372664717246034e-05,1.812233567237854
2054,1.6433286657331467,1.0426,5.032608233519845e-05,0.8126925826072693
2055,1.644128825765153,1.4553,5.0279499670108245e-05,1.2096326351165771
2056,1.6449289857971594,0.3155,5.023291676240962e-05,0.43111422657966614
2057,1.6457291458291659,1.4161,5.0186333652536965e-05,1.1577703952789307
2058,1.646529305861172,1.5314,5.013975038092491e-05,1.500518560409546
2059,1.6473294658931787,1.0681,5.0093166988008155e-05,1.018569827079773
2060,1.648129625925185,1.3458,5.0046583514221556e-05,1.3885281085968018
2061,1.6489297859571914,1.1511,5e-05,1.2987030744552612
2062,1.6497299459891979,1.8045,4.995341648577846e-05,2.0779757499694824
2063,1.650530106021204,1.1025,4.990683301199185e-05,1.187566876411438
2064,1.6513302660532108,1.5058,4.98602496190751e-05,1.2555204629898071
2065,1.652130426085217,0.8426,4.9813666347463046e-05,2.404792547225952
2066,1.6529305861172234,1.4903,4.9767083237590404e-05,1.6962999105453491
2067,1.6537307461492299,0.75,4.972050032989175e-05,0.9333412051200867
2068,1.654530906181236,0.9256,4.967391766480155e-05,1.4285211563110352
2069,1.6553310662132428,1.3115,4.9627335282753985e-05,1.5325589179992676
2070,1.656131226245249,0.8446,4.9580753224183e-05,1.591591238975525
2071,1.6569313862772554,1.1825,4.953417152952228e-05,1.2001723051071167
2072,1.657731546309262,1.2756,4.94875902392052e-05,0.9998523592948914
2073,1.6585317063412681,0.827,4.944100939366478e-05,1.2900010347366333
2074,1.6593318663732748,1.5414,4.939442903333362e-05,1.5204956531524658
2075,1.660132026405281,1.2475,4.934784919864393e-05,2.1957457065582275
2076,1.6609321864372875,0.8096,4.9301269930027475e-05,2.672746419906616
2077,1.661732346469294,1.6428,4.925469126791551e-05,1.5749421119689941
2078,1.6625325065013001,1.1426,4.920811325273876e-05,0.9528635740280151
2079,1.6633326665333068,0.4688,4.9161535924927374e-05,1.2126522064208984
2080,1.664132826565313,1.2413,4.911495932491096e-05,2.3669986724853516
2081,1.6649329865973195,0.7677,4.9068383493118444e-05,2.3269433975219727
2082,1.665733146629326,1.4941,4.9021808469978095e-05,1.2321302890777588
2083,1.6665333066613321,1.1943,4.897523429591748e-05,0.936212956905365
2084,1.6673334666933388,1.5943,4.892866101136346e-05,0.9924660921096802
2085,1.668133626725345,1.0064,4.888208865674208e-05,0.8147327303886414
2086,1.6689337867573515,1.9538,4.883551727247859e-05,4.232072830200195
2087,1.669733946789358,1.1093,4.8788946898997404e-05,2.5519893169403076
2088,1.6705341068213642,1.3827,4.874237757672209e-05,1.2441884279251099
2089,1.6713342668533708,1.0749,4.869580934607522e-05,1.502744436264038
2090,1.672134426885377,0.7732,4.864924224747852e-05,1.3302372694015503
2091,1.6729345869173835,1.3121,4.860267632135265e-05,1.1160953044891357
2092,1.67373474694939,1.1683,4.855611160811731e-05,0.9773233532905579
2093,1.6745349069813962,0.8487,4.850954814819109e-05,2.0827293395996094
2094,1.6753350670134028,1.165,4.8462985981991546e-05,1.4555542469024658
2095,1.676135227045409,1.0801,4.8416425149935106e-05,1.070347547531128
2096,1.6769353870774155,0.9054,4.8369865692437e-05,0.9851371645927429
2097,1.677735547109422,0.8145,4.83233076499113e-05,1.7666910886764526
2098,1.6785357071414282,1.6659,4.827675106277084e-05,1.6074745655059814
2099,1.6793358671734346,1.0501,4.823019597142718e-05,2.2241477966308594
2100,1.680136027205441,1.0802,4.818364241629059e-05,0.986588180065155
2101,1.6809361872374475,1.1873,4.8137090437770035e-05,1.0212347507476807
2102,1.681736347269454,0.9888,4.809054007627304e-05,1.110395073890686
2103,1.6825365073014602,1.3273,4.80439913722058e-05,1.1558676958084106
2104,1.6833366673334667,0.9303,4.799744436597305e-05,1.308247685432434
2105,1.684136827365473,0.8247,4.795089909797803e-05,0.9642922282218933
2106,1.6849369873974795,1.303,4.7904355608622465e-05,1.2818611860275269
2107,1.685737147429486,0.9163,4.785781393830658e-05,1.2522408962249756
2108,1.6865373074614922,0.9132,4.7811274127429e-05,0.9566359519958496
2109,1.6873374674934987,1.75,4.776473621638672e-05,0.9232401847839355
2110,1.6881376275255051,1.782,4.771820024557509e-05,1.35055673122406
2111,1.6889377875575113,1.6043,4.767166625538781e-05,1.5507844686508179
2112,1.689737947589518,1.3574,4.762513428621683e-05,1.2106707096099854
2113,1.6905381076215242,1.0552,4.7578604378452345e-05,1.443037509918213
2114,1.6913382676535307,0.98,4.7532076572482735e-05,0.9526707530021667
2115,1.6921384276855371,1.3801,4.748555090869464e-05,1.7750660181045532
2116,1.6929385877175434,1.3075,4.743902742747277e-05,1.0794200897216797
2117,1.69373874774955,1.2413,4.739250616919995e-05,1.4946773052215576
2118,1.6945389077815562,0.332,4.734598717425706e-05,2.332730293273926
2119,1.6953390678135627,1.7068,4.7299470483023094e-05,2.1501777172088623
2120,1.6961392278455691,0.5859,4.725295613587496e-05,0.7428935766220093
2121,1.6969393878775754,0.4532,4.7206444173187544e-05,1.4626342058181763
2122,1.697739547909582,1.1987,4.715993463533373e-05,1.8274269104003906
2123,1.6985397079415883,0.8795,4.711342756268421e-05,0.8036217093467712
2124,1.6993398679735947,0.94,4.70669229956076e-05,1.6512190103530884
2125,1.7001400280056012,1.42,4.7020420974470277e-05,1.4007500410079956
2126,1.7009401880376074,1.594,4.697392153963649e-05,1.4914239645004272
2127,1.701740348069614,1.3098,4.692742473146818e-05,1.4783153533935547
2128,1.7025405081016203,0.6446,4.688093059032503e-05,0.6429988145828247
2129,1.7033406681336267,1.1566,4.683443915656439e-05,1.5108362436294556
2130,1.7041408281656332,1.8006,4.678795047054131e-05,1.1620365381240845
2131,1.7049409881976394,1.2662,4.67414645726084e-05,1.3291022777557373
2132,1.705741148229646,1.1647,4.6694981503115874e-05,1.326952576637268
2133,1.7065413082616523,0.9782,4.6648501302411465e-05,2.688607692718506
2134,1.7073414682936587,1.6819,4.6602024010840474e-05,1.5830552577972412
2135,1.7081416283256652,1.4656,4.6555549668745637e-05,1.6982839107513428
2136,1.7089417883576714,0.3584,4.650907831646711e-05,1.05338454246521
2137,1.709741948389678,0.5838,4.646260999434248e-05,1.0821572542190552
2138,1.7105421084216843,1.7484,4.6416144742706736e-05,1.211390733718872
2139,1.7113422684536908,1.6431,4.636968260189214e-05,1.095733404159546
2140,1.7121424284856972,1.4482,4.632322361222829e-05,1.0833284854888916
2141,1.7129425885177034,0.553,4.627676781404201e-05,0.9621124863624573
2142,1.71374274854971,0.7567,4.6230315247657436e-05,2.2035975456237793
2143,1.7145429085817163,1.0754,4.618386595339582e-05,1.8098424673080444
2144,1.7153430686137228,1.4182,4.613741997157559e-05,1.176446795463562
2145,1.7161432286457292,1.0995,4.609097734251231e-05,1.422651767730713
2146,1.7169433886777354,1.4097,4.6044538106518655e-05,1.4993151426315308
2147,1.717743548709742,1.6235,4.599810230390433e-05,2.1961867809295654
2148,1.7185437087417483,0.3359,4.5951669974976045e-05,1.0731548070907593
2149,1.7193438687737548,1.2829,4.5905241160037505e-05,1.4941754341125488
2150,1.7201440288057612,1.2862,4.5858815899389405e-05,2.895869731903076
2151,1.7209441888377675,1.0838,4.5812394233329305e-05,0.8215106725692749
2152,1.721744348869774,0.4038,4.576597620215164e-05,0.6781222224235535
2153,1.7225445089017803,0.3517,4.571956184614775e-05,1.5922107696533203
2154,1.7233446689337868,1.7558,4.567315120560573e-05,1.314143180847168
2155,1.7241448289657932,1.2069,4.5626744320810464e-05,1.4254213571548462
2156,1.7249449889977995,1.0459,4.558034123204356e-05,0.8049532175064087
2157,1.725745149029806,1.3155,4.553394197958339e-05,1.4209855794906616
2158,1.7265453090618124,1.0756,4.548754660370494e-05,1.435593843460083
2159,1.7273454690938188,0.8023,4.5441155144679826e-05,1.599618911743164
2160,1.7281456291258253,1.1871,4.53947676427763e-05,1.747955083847046
2161,1.7289457891578315,1.5095,4.534838413825918e-05,1.1710556745529175
2162,1.729745949189838,0.6982,4.5302004671389775e-05,1.32779061794281
2163,1.7305461092218444,1.2907,4.525562928242592e-05,1.6871854066848755
2164,1.7313462692538508,1.7039,4.520925801162189e-05,1.426866054534912
2165,1.7321464292858573,0.9147,4.5162890899228425e-05,1.8782731294631958
2166,1.7329465893178635,1.1751,4.5116527985492607e-05,1.5435705184936523
2167,1.73374674934987,0.8268,4.507016931065791e-05,0.860069990158081
2168,1.7345469093818764,1.3143,4.50238149149641e-05,1.397312879562378
2169,1.7353470694138826,0.9185,4.497746483864725e-05,1.1098142862319946
2170,1.7361472294458893,0.8647,4.493111912193968e-05,1.4295620918273926
2171,1.7369473894778955,1.0112,4.4884777805069917e-05,2.76019024848938
2172,1.737747549509902,1.4236,4.4838440928262665e-05,4.12393856048584
2173,1.7385477095419084,1.3291,4.47921085317388e-05,2.0580713748931885
2174,1.7393478695739146,1.2079,4.474578065571528e-05,4.34556245803833
2175,1.7401480296059213,1.9688,4.4699457340405164e-05,1.4764385223388672
2176,1.7409481896379275,1.3798,4.4653138626017506e-05,0.9712345600128174
2177,1.741748349669934,1.2495,4.4606824552757445e-05,2.8306238651275635
2178,1.7425485097019404,1.6591,4.4560515160826026e-05,1.5782949924468994
2179,1.7433486697339466,0.9942,4.451421049042024e-05,1.6405766010284424
2180,1.7441488297659533,1.7033,4.4467910581733e-05,2.239649772644043
2181,1.7449489897979595,2.7671,4.442161547495309e-05,0.7204024791717529
2182,1.745749149829966,1.1189,4.43753252102651e-05,1.491024136543274
2183,1.7465493098619724,1.0201,4.4329039827849394e-05,3.312398910522461
2184,1.7473494698939787,1.2783,4.42827593678822e-05,1.5910165309906006
2185,1.7481496299259853,1.195,4.423648387053537e-05,1.391339898109436
2186,1.7489497899579916,1.2569,4.419021337597648e-05,1.0970531702041626
2187,1.749749949989998,0.9922,4.414394792436877e-05,0.8740920424461365
2188,1.7505501100220044,1.3164,4.409768755587111e-05,1.0553897619247437
2189,1.7513502700540107,2.7617,4.405143231063796e-05,0.6688043475151062
2190,1.7521504300860173,1.3406,4.400518222881931e-05,1.4644767045974731
2191,1.7529505901180236,1.0597,4.3958937350560657e-05,1.1418511867523193
2192,1.75375075015003,1.1411,4.391269771600305e-05,1.6470345258712769
2193,1.7545509101820365,1.0011,4.386646336528291e-05,1.3840866088867188
2194,1.7553510702140427,1.3512,4.3820234338532104e-05,1.8921276330947876
2195,1.7561512302460494,1.6821,4.377401067587787e-05,2.698071002960205
2196,1.7569513902780556,0.813,4.372779241744282e-05,2.3080735206604004
2197,1.757751550310062,1.2335,4.368157960334484e-05,2.746617317199707
2198,1.7585517103420685,1.8325,4.3635372273697103e-05,1.1253211498260498
2199,1.7593518703740747,1.184,4.3589170468607985e-05,1.269121766090393
2200,1.7601520304060814,0.6349,4.3542974228181164e-05,0.8807615041732788
2201,1.7609521904380876,1.0008,4.349678359251539e-05,1.006804347038269
2202,1.761752350470094,0.1287,4.345059860170458e-05,2.4029910564422607
2203,1.7625525105021005,0.8923,4.340441929583774e-05,1.2443749904632568
2204,1.7633526705341067,1.1238,4.3358245714999e-05,1.4804422855377197
2205,1.7641528305661134,2.2271,4.3312077899267455e-05,1.6643425226211548
2206,1.7649529905981196,1.5008,4.326591588871721e-05,1.6529096364974976
2207,1.765753150630126,1.0387,4.321975972341733e-05,1.9589483737945557
2208,1.7665533106621325,0.7879,4.317360944343184e-05,0.7992240190505981
2209,1.7673534706941387,1.2119,4.3127465088819625e-05,1.6476064920425415
2210,1.7681536307261452,1.5006,4.30813266996344e-05,1.2340168952941895
2211,1.7689537907581516,2.2084,4.3035194315924785e-05,0.6420987248420715
2212,1.769753950790158,0.9115,4.298906797773411e-05,0.8352462649345398
2213,1.7705541108221645,0.5848,4.294294772510049e-05,0.8923566341400146
2214,1.7713542708541707,1.6844,4.289683359805673e-05,1.9901891946792603
2215,1.7721544308861772,1.4701,4.285072563663037e-05,1.3866817951202393
2216,1.7729545909181836,1.1239,4.280462388084357e-05,1.1735401153564453
2217,1.77375475095019,2.5912,4.275852837071309e-05,3.405329704284668
2218,1.7745549109821965,1.2008,4.271243914625024e-05,1.2822104692459106
2219,1.7753550710142028,1.496,4.2666356247460996e-05,2.1842451095581055
2220,1.7761552310462092,1.3556,4.26202797143457e-05,1.042464017868042
2221,1.7769553910782157,1.6577,4.2574209586899264e-05,1.3134536743164062
2222,1.777755551110222,0.8605,4.252814590511096e-05,0.7755646109580994
2223,1.7785557111422285,1.4206,4.248208870896456e-05,1.7393395900726318
2224,1.7793558711742348,1.1225,4.2436038038438154e-05,1.576990008354187
2225,1.7801560312062412,1.6599,4.238999393350413e-05,2.642704963684082
2226,1.7809561912382477,0.8043,4.2343956434129254e-05,1.100716471672058
2227,1.781756351270254,1.1816,4.229792558027452e-05,1.5329179763793945
2228,1.7825565113022606,1.4987,4.2251901411895145e-05,1.4073007106781006
2229,1.7833566713342668,1.5387,4.220588396894055e-05,1.9760410785675049
2230,1.7841568313662732,1.1423,4.2159873291354325e-05,1.167248010635376
2231,1.7849569913982797,1.8427,4.2113869419074205e-05,1.145926833152771
2232,1.785757151430286,1.641,4.206787239203196e-05,1.5748884677886963
2233,1.7865573114622926,1.3724,4.2021882250153504e-05,1.4365705251693726
2234,1.7873574714942988,1.0912,4.197589903335868e-05,1.543966293334961
2235,1.7881576315263052,1.5078,4.192992278156141e-05,0.8297733664512634
2236,1.7889577915583117,1.0603,4.1883953534669476e-05,1.2685363292694092
2237,1.789757951590318,1.0747,4.183799133258467e-05,1.1355783939361572
2238,1.7905581116223246,1.2347,4.1792036215202626e-05,1.7109793424606323
2239,1.7913582716543308,1.4178,4.174608822241281e-05,0.718792736530304
2240,1.7921584316863373,1.5238,4.170014739409855e-05,1.3688368797302246
2241,1.7929585917183437,0.9609,4.165421377013691e-05,0.9381450414657593
2242,1.79375875175035,1.2966,4.160828739039875e-05,0.9779877066612244
2243,1.7945589117823566,0.6286,4.156236829474858e-05,0.7378547787666321
2244,1.7953590718143628,1.7888,4.151645652304465e-05,1.9624031782150269
2245,1.7961592318463693,1.2249,4.147055211513879e-05,1.35020112991333
2246,1.7969593918783757,1.2198,4.1424655110876505e-05,0.8314085006713867
2247,1.797759551910382,1.6016,4.1378765550096835e-05,1.1613036394119263
2248,1.7985597119423886,0.9918,4.133288347263234e-05,0.8454332947731018
2249,1.7993598719743948,1.2125,4.1287008918309125e-05,1.7828116416931152
2250,1.8001600320064013,1.8144,4.124114192694676e-05,0.7268563508987427
2251,1.8009601920384077,1.8159,4.119528253835822e-05,1.1464308500289917
2252,1.801760352070414,1.3246,4.114943079234992e-05,3.581686019897461
2253,1.8025605121024206,1.8443,4.110358672872158e-05,1.7487832307815552
2254,1.8033606721344269,1.1984,4.105775038726634e-05,1.9265916347503662
2255,1.8041608321664333,1.4857,4.101192180777056e-05,1.1207703351974487
2256,1.8049609921984398,1.4123,4.096610103001391e-05,2.3858485221862793
2257,1.805761152230446,0.8036,4.092028809376924e-05,1.296035647392273
2258,1.8065613122624526,1.5548,4.087448303880266e-05,1.7581692934036255
2259,1.8073614722944589,1.6406,4.082868590487339e-05,4.248344421386719
2260,1.8081616323264653,1.7102,4.078289673173378e-05,1.6182829141616821
2261,1.8089617923584718,1.3158,4.0737115559129255e-05,1.5482064485549927
2262,1.809761952390478,1.5715,4.069134242679837e-05,2.7112178802490234
2263,1.8105621124224847,1.039,4.0645577374472615e-05,1.5851637125015259
2264,1.8113622724544909,0.9945,4.059982044187651e-05,0.6661705374717712
2265,1.8121624324864973,1.6484,4.055407166872748e-05,1.4893580675125122
2266,1.8129625925185038,1.3739,4.050833109473597e-05,1.6960746049880981
2267,1.81376275255051,0.804,4.04625987596052e-05,0.8543040156364441
2268,1.8145629125825165,1.7072,4.041687470303127e-05,1.2137397527694702
2269,1.815363072614523,1.497,4.0371158964703146e-05,1.0693310499191284
2270,1.8161632326465293,1.1097,4.03254515843025e-05,1.2817806005477905
2271,1.8169633926785358,0.9022,4.027975260150381e-05,0.9598428606987
2272,1.817763552710542,1.9017,4.023406205597418e-05,2.274637222290039
2273,1.8185637127425485,0.7851,4.018837998737351e-05,1.2293230295181274
2274,1.819363872774555,1.1804,4.014270643535427e-05,1.1414357423782349
2275,1.8201640328065614,0.7424,4.009704143956152e-05,0.6643494367599487
2276,1.8209641928385678,1.1426,4.00513850396329e-05,0.9497762322425842
2277,1.821764352870574,0.7331,4.000573727519868e-05,0.750056266784668
2278,1.8225645129025805,0.8875,3.9960098185881514e-05,0.7021324038505554
2279,1.823364672934587,1.3941,3.991446781129658e-05,1.158836007118225
2280,1.8241648329665932,0.971,3.9868846191051465e-05,1.2243186235427856
2281,1.8249649929985998,1.5098,3.982323336474623e-05,1.7414838075637817
2282,1.825765153030606,0.8694,3.977762937197322e-05,0.9753958582878113
2283,1.8265653130626125,1.322,3.973203425231715e-05,0.9589458107948303
2284,1.827365473094619,1.64,3.9686448045354994e-05,1.5120171308517456
2285,1.8281656331266252,1.9773,3.9640870790656074e-05,1.3063929080963135
2286,1.8289657931586318,1.0319,3.959530252778187e-05,1.5192155838012695
2287,1.829765953190638,1.3697,3.954974329628607e-05,1.8568602800369263
2288,1.8305661132226445,0.5896,3.9504193135714513e-05,0.7689183950424194
2289,1.831366273254651,1.2219,3.945865208560522e-05,1.5610363483428955
2290,1.8321664332866572,1.1769,3.941312018548825e-05,0.833920955657959
2291,1.8329665933186639,1.0161,3.936759747488571e-05,0.8114862442016602
2292,1.83376675335067,1.2162,3.932208399331177e-05,1.451824426651001
2293,1.8345669133826765,1.2475,3.9276579780272594e-05,1.3102941513061523
2294,1.835367073414683,1.1246,3.9231084875266264e-05,1.1447570323944092
2295,1.8361672334466892,1.3808,3.918559931778277e-05,1.2939053773880005
2296,1.8369673934786959,1.1902,3.9140123147304076e-05,1.558938980102539
2297,1.837767553510702,1.2738,3.9094656403303906e-05,1.3065595626831055
2298,1.8385677135427085,1.2714,3.9049199125247844e-05,1.2283227443695068
2299,1.839367873574715,0.4662,3.900375135259321e-05,2.5084095001220703
2300,1.8401680336067212,0.8417,3.895831312478918e-05,1.073102355003357
2301,1.8409681936387279,1.2155,3.891288448127653e-05,0.8508498072624207
2302,1.841768353670734,0.7468,3.886746546148778e-05,1.0951324701309204
2303,1.8425685137027406,1.2469,3.882205610484707e-05,1.341732382774353
2304,1.843368673734747,1.032,3.877665645077017e-05,1.3176993131637573
2305,1.8441688337667532,0.5728,3.8731266538664416e-05,2.503871440887451
2306,1.84496899379876,1.188,3.8685886407928706e-05,1.1968177556991577
2307,1.8457691538307661,1.2228,3.8640516097953405e-05,1.822575330734253
2308,1.8465693138627726,0.8452,3.8595155648120415e-05,1.5702764987945557
2309,1.847369473894779,1.0026,3.854980509780303e-05,0.9245794415473938
2310,1.8481696339267852,1.0533,3.850446448636597e-05,0.627290666103363
2311,1.848969793958792,1.312,3.845913385316532e-05,1.0501779317855835
2312,1.8497699539907981,1.3464,3.841381323754851e-05,0.8779690861701965
2313,1.8505701140228046,0.8705,3.8368502678854294e-05,1.3047480583190918
2314,1.851370274054811,1.6056,3.832320221641267e-05,1.3985469341278076
2315,1.8521704340868173,0.822,3.827791188954485e-05,1.0097532272338867
2316,1.852970594118824,0.641,3.8232631737563306e-05,0.9850126504898071
2317,1.8537707541508301,1.1653,3.8187361799771646e-05,1.4345874786376953
2318,1.8545709141828366,0.9019,3.814210211546462e-05,1.8512160778045654
2319,1.855371074214843,1.4515,3.809685272392804e-05,3.2578060626983643
2320,1.8561712342468493,1.2468,3.805161366443887e-05,1.1966503858566284
2321,1.856971394278856,1.2588,3.8006384976265013e-05,1.0927528142929077
2322,1.8577715543108622,1.3444,3.796116669866543e-05,0.8653049468994141
2323,1.8585717143428686,1.0217,3.7915958870889995e-05,0.8758983612060547
2324,1.859371874374875,1.1316,3.787076153217958e-05,1.187238097190857
2325,1.8601720344068813,0.9706,3.7825574721765897e-05,1.250604510307312
2326,1.8609721944388877,1.3189,3.778039847887152e-05,3.4807591438293457
2327,1.8617723544708942,2.4732,3.77352328427099e-05,0.627729058265686
2328,1.8625725145029006,0.8944,3.769007785248523e-05,1.4240044355392456
2329,1.863372674534907,1.5187,3.764493354739248e-05,1.267911434173584
2330,1.8641728345669133,1.2338,3.759979996661732e-05,0.9190632700920105
2331,1.8649729945989197,0.2422,3.755467714933619e-05,0.5598857998847961
2332,1.8657731546309262,1.2133,3.750956513471609e-05,1.2054065465927124
2333,1.8665733146629326,0.9466,3.746446396191472e-05,0.7527438402175903
2334,1.867373474694939,1.807,3.741937367008028e-05,2.211357593536377
2335,1.8681736347269453,0.7301,3.737429429835165e-05,0.6434569954872131
2336,1.8689737947589518,1.1349,3.732922588585812e-05,1.4264551401138306
2337,1.8697739547909582,1.3655,3.728416847171953e-05,3.6355948448181152
2338,1.8705741148229644,1.6108,3.723912209504611e-05,1.6590476036071777
2339,1.871374274854971,0.5036,3.719408679493861e-05,1.7892537117004395
2340,1.8721744348869773,1.4923,3.714906261048808e-05,1.6937512159347534
2341,1.8729745949189838,1.2891,3.7104049580775957e-05,0.934945821762085
2342,1.8737747549509902,1.5516,3.705904774487396e-05,0.9282072186470032
2343,1.8745749149829964,1.0131,3.701405714184416e-05,1.2729871273040771
2344,1.8753750750150031,0.8912,3.6969077810738814e-05,1.2134766578674316
2345,1.8761752350470093,0.9325,3.692410979060043e-05,1.2334333658218384
2346,1.8769753950790158,1.6837,3.687915312046166e-05,1.5373402833938599
2347,1.8777755551110222,0.5456,3.683420783934537e-05,0.5866331458091736
2348,1.8785757151430285,0.7298,3.678927398626447e-05,1.7650741338729858
2349,1.8793758751750351,1.3224,3.674435160022199e-05,0.7417622208595276
2350,1.8801760352070414,1.7424,3.6699440720210986e-05,1.541157841682434
2351,1.8809761952390478,1.0147,3.665454138521457e-05,1.446397066116333
2352,1.8817763552710542,0.9764,3.660965363420577e-05,0.9452846050262451
2353,1.8825765153030605,1.49,3.656477750614758e-05,1.0558184385299683
2354,1.8833766753350671,1.6382,3.651991303999296e-05,3.4220328330993652
2355,1.8841768353670734,1.0809,3.647506027468467e-05,1.4560837745666504
2356,1.8849769953990798,1.4136,3.643021924915535e-05,1.9845421314239502
2357,1.8857771554310863,0.8057,3.6385390002327435e-05,0.7936413884162903
2358,1.8865773154630925,2.0642,3.634057257311318e-05,1.358730673789978
2359,1.8873774754950992,1.6248,3.629576700041451e-05,1.5637962818145752
2360,1.8881776355271054,1.5324,3.625097332312313e-05,2.3416242599487305
2361,1.8889777955591118,0.954,3.6206191580120344e-05,1.327582597732544
2362,1.8897779555911183,1.6626,3.616142181027719e-05,1.560196876525879
2363,1.8905781156231245,0.5587,3.6116664052454244e-05,0.6251217126846313
2364,1.8913782756551312,1.4964,3.6071918345501655e-05,1.626401424407959
2365,1.8921784356871374,0.4202,3.602718472825913e-05,0.7236015796661377
2366,1.8929785957191438,0.6388,3.598246323955593e-05,0.7407166957855225
2367,1.8937787557511503,0.864,3.59377539182107e-05,0.7591344714164734
2368,1.8945789157831565,1.6035,3.589305680303157e-05,0.7680292129516602
2369,1.8953790758151632,0.8457,3.5848371932816075e-05,0.9418749213218689
2370,1.8961792358471694,1.4096,3.5803699346351116e-05,1.803424596786499
2371,1.8969793958791759,1.0896,3.575903908241294e-05,1.169142484664917
2372,1.8977795559111823,2.0859,3.571439117976706e-05,0.7389744520187378
2373,1.8985797159431885,1.6607,3.566975567716833e-05,1.7641042470932007
2374,1.8993798759751952,1.4145,3.5625132613360775e-05,1.5268528461456299
2375,1.9001800360072014,0.9571,3.558052202707765e-05,2.3310742378234863
2376,1.9009801960392079,1.2919,3.5535923957041374e-05,1.175776481628418
2377,1.9017803560712143,1.1216,3.549133844196351e-05,0.8686624765396118
2378,1.9025805161032205,0.3246,3.544676552054472e-05,1.406280517578125
2379,1.9033806761352272,1.0141,3.5402205231474736e-05,0.8518463373184204
2380,1.9041808361672334,1.0367,3.535765761343232e-05,0.8207336664199829
2381,1.9049809961992399,1.165,3.5313122705085214e-05,1.1389479637145996
2382,1.9057811562312463,1.2978,3.526860054509018e-05,1.7409096956253052
2383,1.9065813162632526,1.4832,3.522409117209288e-05,1.6298569440841675
2384,1.907381476295259,1.5706,3.5179594624727864e-05,1.2121403217315674
2385,1.9081816363272655,1.1605,3.513511094161858e-05,1.084410309791565
2386,1.908981796359272,1.4137,3.509064016137731e-05,1.303552269935608
2387,1.9097819563912783,1.4613,3.50461823226051e-05,1.2862746715545654
2388,1.9105821164232846,0.8227,3.500173746389179e-05,1.1192504167556763
2389,1.911382276455291,1.7311,3.495730562381595e-05,1.9400582313537598
2390,1.9121824364872975,1.0451,3.491288684094487e-05,2.1971070766448975
2391,1.912982596519304,1.2787,3.486848115383445e-05,1.6712003946304321
2392,1.9137827565513104,0.9782,3.482408860102927e-05,1.1594293117523193
2393,1.9145829165833166,1.5084,3.477970922106252e-05,1.0641357898712158
2394,1.915383076615323,1.4467,3.473534305245591e-05,1.5628492832183838
2395,1.9161832366473295,0.7164,3.4690990133719705e-05,1.0203189849853516
2396,1.9169833966793357,1.4798,3.4646650503352654e-05,2.1054139137268066
2397,1.9177835567113424,0.6782,3.4602324199842026e-05,3.047488212585449
2398,1.9185837167433486,1.1796,3.455801126166346e-05,1.3022228479385376
2399,1.919383876775355,0.8179,3.451371172728102e-05,1.0743833780288696
2400,1.9201840368073615,1.1832,3.446942563514711e-05,2.4713809490203857
2401,1.9209841968393677,0.9635,3.4425153023702525e-05,1.1375682353973389
2402,1.9217843568713744,1.3237,3.438089393137631e-05,1.140366792678833
2403,1.9225845169033806,1.8572,3.4336648396585776e-05,1.9703609943389893
2404,1.923384676935387,0.6149,3.429241645773646e-05,0.5749368667602539
2405,1.9241848369673935,1.9619,3.424819815322216e-05,1.5515216588974
2406,1.9249849969993997,0.4612,3.420399352142477e-05,1.1731051206588745
2407,1.9257851570314064,1.2622,3.415980260071434e-05,1.1942781209945679
2408,1.9265853170634126,1.2889,3.4115625429448995e-05,1.3960188627243042
2409,1.927385477095419,0.9172,3.407146204597499e-05,1.1125988960266113
2410,1.9281856371274255,0.78,3.402731248862655e-05,1.1182119846343994
2411,1.9289857971594317,1.7302,3.398317679572591e-05,1.1531580686569214
2412,1.9297859571914384,1.1824,3.39390550055833e-05,0.9191769957542419
2413,1.9305861172234446,0.5546,3.389494715649686e-05,2.7087197303771973
2414,1.931386277255451,1.7816,3.3850853286752626e-05,1.7948552370071411
2415,1.9321864372874575,0.8721,3.380677343462447e-05,1.2175294160842896
2416,1.9329865973194638,1.4203,3.3762707638374194e-05,2.589873790740967
2417,1.9337867573514704,1.0107,3.371865593625131e-05,2.1272215843200684
2418,1.9345869173834767,1.0981,3.367461836649312e-05,1.1953953504562378
2419,1.935387077415483,1.5787,3.3630594967324636e-05,1.362678050994873
2420,1.9361872374474896,1.1176,3.3586585776958644e-05,1.4416264295578003
2421,1.9369873974794958,1.2297,3.3542590833595534e-05,1.484485387802124
2422,1.9377875575115024,1.1819,3.349861017542333e-05,1.489071011543274
2423,1.9385877175435087,0.9923,3.345464384061765e-05,1.4580758810043335
2424,1.9393878775755151,1.338,3.341069186734176e-05,0.9886876940727234
2425,1.9401880376075216,1.1678,3.336675429374636e-05,1.2176175117492676
2426,1.9409881976395278,1.3578,3.332283115796969e-05,1.361413836479187
2427,1.9417883576715345,1.4426,3.327892249813745e-05,1.4703806638717651
2428,1.9425885177035407,0.3963,3.323502835236282e-05,1.0077965259552002
2429,1.9433886777355471,1.4054,3.319114875874632e-05,0.9167439341545105
2430,1.9441888377675536,0.6042,3.314728375537587e-05,1.0431103706359863
2431,1.9449889977995598,1.6673,3.3103433380326686e-05,2.014860153198242
2432,1.9457891578315665,1.9447,3.305959767166137e-05,1.3206946849822998
2433,1.9465893178635727,1.0158,3.301577666742972e-05,1.0968427658081055
2434,1.9473894778955791,0.9173,3.297197040566878e-05,0.6147057414054871
2435,1.9481896379275856,1.027,3.292817892440283e-05,2.6382577419281006
2436,1.9489897979595918,1.6663,3.288440226164329e-05,1.2679829597473145
2437,1.9497899579915983,0.861,3.2840640455388746e-05,0.9559512734413147
2438,1.9505901180236047,0.5674,3.279689354362484e-05,0.7039145231246948
2439,1.9513902780556112,1.6518,3.275316156432434e-05,1.9046071767807007
2440,1.9521904380876176,1.0113,3.270944455544703e-05,1.4008631706237793
2441,1.9529905981196238,1.73,3.266574255493967e-05,2.4029979705810547
2442,1.9537907581516303,1.604,3.262205560073605e-05,1.3999147415161133
2443,1.9545909181836367,0.6355,3.2578383730756865e-05,1.7274361848831177
2444,1.9553910782156432,0.3852,3.253472698290973e-05,0.5482468008995056
2445,1.9561912382476496,1.178,3.249108539508909e-05,1.2646950483322144
2446,1.9569913982796558,1.3479,3.24474590051763e-05,1.6389365196228027
2447,1.9577915583116623,1.2263,3.240384785103948e-05,1.867958903312683
2448,1.9585917183436687,1.5579,3.236025197053353e-05,0.9168614149093628
2449,1.9593918783756752,0.7978,3.231667140150011e-05,3.918355941772461
2450,1.9601920384076816,1.2549,3.227310618176756e-05,0.9324251413345337
2451,1.9609921984396879,1.6125,3.2229556349150945e-05,1.6590547561645508
2452,1.9617923584716943,1.4011,3.2186021941451904e-05,1.1954190731048584
2453,1.9625925185037008,1.5528,3.214250299645875e-05,1.3607217073440552
2454,1.963392678535707,1.7055,3.2098999551946336e-05,3.8062469959259033
2455,1.9641928385677137,1.496,3.205551164567608e-05,1.2959383726119995
2456,1.9649929985997199,1.4405,3.2012039315395914e-05,1.7769718170166016
2457,1.9657931586317263,1.1336,3.1968582598840234e-05,1.3475042581558228
2458,1.9665933186637328,1.462,3.192514153372988e-05,1.6200028657913208
2459,1.967393478695739,1.7559,3.188171615777216e-05,1.833422064781189
2460,1.9681936387277457,1.4503,3.183830650866068e-05,1.4938061237335205
2461,1.968993798759752,2.4865,3.179491262407545e-05,0.6473255157470703
2462,1.9697939587917583,1.6853,3.175153454168277e-05,2.063081979751587
2463,1.9705941188237648,1.6291,3.170817229913526e-05,1.8582310676574707
2464,1.971394278855771,1.1105,3.166482593407177e-05,1.158539056777954
2465,1.9721944388877777,0.9496,3.162149548411735e-05,0.9419615268707275
2466,1.972994598919784,1.3221,3.157818098688323e-05,1.1173151731491089
2467,1.9737947589517904,1.0657,3.153488247996687e-05,0.8581715226173401
2468,1.9745949189837968,1.4564,3.1491600000951755e-05,1.0602439641952515
2469,1.975395079015803,1.0296,3.144833358740749e-05,2.2533397674560547
2470,1.9761952390478097,1.2958,3.140508327688977e-05,1.4754364490509033
2471,1.976995399079816,0.342,3.1361849106940264e-05,0.7964106798171997
2472,1.9777955591118224,1.3449,3.131863111508667e-05,1.1565864086151123
2473,1.9785957191438288,1.1146,3.127542933884259e-05,0.8483741283416748
2474,1.979395879175835,0.9976,3.123224381570763e-05,1.4228394031524658
2475,1.9801960392078417,0.767,3.118907458316722e-05,0.8248794674873352
2476,1.980996199239848,0.7845,3.114592167869268e-05,0.7470125555992126
2477,1.9817963592718544,1.4367,3.1102785139741106e-05,1.5531708002090454
2478,1.9825965193038608,1.4445,3.1059665003755515e-05,1.8068236112594604
2479,1.983396679335867,1.0541,3.1016561308164536e-05,2.812753200531006
2480,1.9841968393678737,1.4018,3.097347409038264e-05,0.789943516254425
2481,1.98499699939988,0.7579,3.0930403387809894e-05,1.6272811889648438
2482,1.9857971594318864,1.4954,3.088734923783214e-05,1.175038456916809
2483,1.9865973194638928,1.3996,3.084431167782079e-05,1.4832160472869873
2484,1.987397479495899,1.6271,3.080129074513285e-05,1.4924111366271973
2485,1.9881976395279057,0.7428,3.0758286477110886e-05,1.2255550622940063
2486,1.988997799559912,2.0586,3.071529891108306e-05,2.304908275604248
2487,1.9897979595919184,0.9429,3.067232808436299e-05,1.0553709268569946
2488,1.9905981196239249,0.6903,3.062937403424976e-05,1.718876838684082
2489,1.991398279655931,1.1854,3.058643679802787e-05,0.9132980704307556
2490,1.9921984396879377,1.2964,3.054351641296733e-05,1.1880580186843872
2491,1.992998599719944,0.9649,3.05006129163234e-05,1.234392523765564
2492,1.9937987597519504,1.391,3.045772634533675e-05,1.7460451126098633
2493,1.9945989197839569,1.7078,3.0414856737233312e-05,1.862687349319458
2494,1.995399079815963,1.6538,3.0372004129224364e-05,1.3692326545715332
2495,1.9961992398479695,1.7005,3.032916855850637e-05,0.8158286213874817
2496,1.996999399879976,1.8769,3.0286350062261016e-05,1.311100721359253
2497,1.9977995599119824,1.8865,3.0243548677655147e-05,2.3837921619415283
2498,1.9985997199439889,1.3357,3.0200764441840834e-05,1.3184069395065308
2499,1.999399879975995,1.3286,3.0157997391955172e-05,1.249754548072815
2500,2.0,1.2483,3.0115247565120373e-05,1.0428286790847778
2501,2.0008001600320062,1.1576,3.0072514998443734e-05,1.1342346668243408
2502,2.001600320064013,1.147,3.0029799729017516e-05,1.5527695417404175
2503,2.002400480096019,0.8852,2.9987101793918993e-05,1.2129664421081543
2504,2.003200640128026,1.6474,2.994442123021035e-05,1.6821198463439941
2505,2.004000800160032,0.4022,2.9901758074938794e-05,1.2221119403839111
2506,2.0048009601920382,0.4805,2.9859112365136333e-05,0.7020917534828186
2507,2.005601120224045,1.4798,2.9816484137819844e-05,1.7949000597000122
2508,2.006401280256051,0.4993,2.9773873429991027e-05,2.2035393714904785
2509,2.007201440288058,1.1345,2.9731280278636438e-05,1.0121906995773315
2510,2.008001600320064,0.9506,2.9688704720727318e-05,1.0735020637512207
2511,2.0088017603520703,0.2357,2.964614679321966e-05,0.4600027799606323
2512,2.009601920384077,1.3194,2.9603606533054163e-05,1.9654611349105835
2513,2.010402080416083,0.9507,2.9561083977156203e-05,0.9634549617767334
2514,2.01120224044809,1.0437,2.951857916243574e-05,1.041828989982605
2515,2.012002400480096,1.5196,2.947609212578739e-05,0.8878172039985657
2516,2.0128025605121023,0.92,2.9433622904090302e-05,1.108341932296753
2517,2.013602720544109,1.626,2.9391171534208184e-05,1.6012383699417114
2518,2.014402880576115,0.8307,2.9348738052989222e-05,0.8491132855415344
2519,2.015203040608122,1.2212,2.9306322497266102e-05,1.5673915147781372
2520,2.016003200640128,1.1785,2.9263924903855934e-05,1.4790576696395874
2521,2.0168033606721343,1.0187,2.9221545309560226e-05,1.1540136337280273
2522,2.017603520704141,1.4124,2.9179183751164918e-05,1.2957136631011963
2523,2.018403680736147,1.0317,2.913684026544021e-05,0.9900332093238831
2524,2.019203840768154,0.4681,2.909451488914067e-05,0.781296968460083
2525,2.02000400080016,0.3635,2.9052207659005147e-05,1.6030551195144653
2526,2.0208041608321663,0.9525,2.900991861175673e-05,1.1806799173355103
2527,2.021604320864173,0.3999,2.896764778410269e-05,1.769749402999878
2528,2.022404480896179,1.6708,2.8925395212734563e-05,1.9190934896469116
2529,2.023204640928186,0.9208,2.888316093432797e-05,1.5488218069076538
2530,2.024004800960192,1.3601,2.8840944985542662e-05,3.1791915893554688
2531,2.0248049609921983,1.0952,2.8798747403022492e-05,1.014412760734558
2532,2.025605121024205,0.8359,2.8756568223395396e-05,1.2138153314590454
2533,2.026405281056211,0.8527,2.87144074832733e-05,0.9364944696426392
2534,2.0272054410882174,1.123,2.8672265219252138e-05,1.445050835609436
2535,2.028005601120224,0.9652,2.8630141467911775e-05,1.3709810972213745
2536,2.0288057611522303,0.8298,2.8588036265816076e-05,1.1234586238861084
2537,2.029605921184237,1.5583,2.8545949649512753e-05,2.071895122528076
2538,2.030406081216243,1.383,2.8503881655533392e-05,1.3781919479370117
2539,2.0312062412482494,0.5615,2.846183232039341e-05,1.9787638187408447
2540,2.032006401280256,0.978,2.8419801680592062e-05,1.5022789239883423
2541,2.0328065613122623,1.198,2.8377789772612352e-05,0.8955079913139343
2542,2.033606721344269,0.8228,2.8335796632920975e-05,1.5460036993026733
2543,2.0344068813762752,0.7302,2.8293822297968454e-05,1.882126808166504
2544,2.0352070414082815,1.0733,2.8251866804188876e-05,3.028447151184082
2545,2.036007201440288,0.2547,2.8209930188000034e-05,1.4042354822158813
2546,2.0368073614722944,0.9355,2.8168012485803287e-05,0.9297989010810852
2547,2.037607521504301,1.067,2.812611373398365e-05,1.7365086078643799
2548,2.0384076815363072,1.7368,2.8084233968909623e-05,1.6079469919204712
2549,2.0392078415683135,0.0727,2.804237322693324e-05,2.822695016860962
2550,2.04000800160032,0.5131,2.8000531544390063e-05,1.3506665229797363
2551,2.0408081616323264,1.2082,2.795870895759906e-05,1.6712262630462646
2552,2.041608321664333,1.0637,2.7916905502862645e-05,1.0626258850097656
2553,2.0424084816963393,0.7408,2.7875121216466592e-05,1.405910849571228
2554,2.0432086417283455,0.8704,2.7833356134680122e-05,1.483417272567749
2555,2.044008801760352,0.7108,2.77916102937557e-05,3.6094515323638916
2556,2.0448089617923584,0.9835,2.7749883729929104e-05,1.746268630027771
2557,2.045609121824365,1.1883,2.7708176479419446e-05,1.220152735710144
2558,2.0464092818563713,0.4376,2.7666488578428985e-05,0.5571087002754211
2559,2.0472094418883775,1.3865,2.762482006314324e-05,1.7691113948822021
2560,2.048009601920384,0.442,2.7583170969730865e-05,0.7064247727394104
2561,2.0488097619523904,0.615,2.7541541334343714e-05,1.6521152257919312
2562,2.049609921984397,0.8016,2.749993119311669e-05,1.1856269836425781
2563,2.0504100820164033,0.7524,2.7458340582167785e-05,1.1856297254562378
2564,2.0512102420484095,1.2265,2.7416769537598096e-05,2.012481927871704
2565,2.052010402080416,0.6816,2.7375218095491666e-05,0.8441559672355652
2566,2.0528105621124224,1.1677,2.7333686291915533e-05,1.2326419353485107
2567,2.053610722144429,1.1625,2.729217416291975e-05,0.8912156224250793
2568,2.0544108821764353,0.6497,2.7250681744537222e-05,1.0245051383972168
2569,2.0552110422084415,1.2536,2.720920907278377e-05,1.533940076828003
2570,2.056011202240448,1.3331,2.7167756183658065e-05,1.0993331670761108
2571,2.0568113622724544,1.5407,2.712632311314165e-05,1.8894776105880737
2572,2.057611522304461,1.0337,2.7084909897198806e-05,1.2790875434875488
2573,2.0584116823364673,1.1637,2.704351657177662e-05,1.3729263544082642
2574,2.0592118423684735,0.5248,2.7002143172804873e-05,1.3081884384155273
2575,2.06001200240048,1.8216,2.696078973619612e-05,1.6102116107940674
2576,2.0608121624324864,0.6131,2.6919456297845524e-05,0.9343677163124084
2577,2.061612322464493,1.5838,2.6878142893630904e-05,1.659713625907898
2578,2.0624124824964993,1.0912,2.6836849559412686e-05,1.6226205825805664
2579,2.0632126425285056,0.8705,2.6795576331033922e-05,1.0904844999313354
2580,2.0640128025605122,1.9906,2.675432324432015e-05,2.0747132301330566
2581,2.0648129625925185,1.1324,2.671309033507946e-05,1.4621740579605103
2582,2.0656131226245247,1.2374,2.6671877639102383e-05,1.7059919834136963
2583,2.0664132826565313,0.5846,2.6630685192161992e-05,0.9606595039367676
2584,2.0672134426885376,0.9247,2.6589513030013703e-05,3.0643811225891113
2585,2.0680136027205442,0.779,2.654836118839534e-05,1.0598787069320679
2586,2.0688137627525505,0.9338,2.6507229703027136e-05,1.5381412506103516
2587,2.0696139227845567,1.3189,2.6466118609611594e-05,0.972118616104126
2588,2.0704140828165634,1.305,2.6425027943833552e-05,1.9249227046966553
2589,2.0712142428485696,0.4897,2.6383957741360087e-05,0.9900131225585938
2590,2.0720144028805763,0.6378,2.6342908037840563e-05,1.493691086769104
2591,2.0728145629125825,1.0752,2.630187886890651e-05,2.97680926322937
2592,2.0736147229445887,1.1962,2.6260870270171644e-05,1.4229832887649536
2593,2.0744148829765954,1.5441,2.62198822772318e-05,2.099304437637329
2594,2.0752150430086016,0.9714,2.6178914925665004e-05,1.4136338233947754
2595,2.0760152030406083,1.2737,2.6137968251031287e-05,1.8840086460113525
2596,2.0768153630726145,1.2901,2.6097042288872763e-05,1.2702580690383911
2597,2.0776155231046207,1.2156,2.6056137074713548e-05,1.940372109413147
2598,2.0784156831366274,0.7249,2.60152526440598e-05,2.345921277999878
2599,2.0792158431686336,0.8665,2.5974389032399583e-05,0.754450798034668
2600,2.0800160032006403,1.4809,2.5933546275202903e-05,1.6558809280395508
2601,2.0808161632326465,0.9057,2.5892724407921665e-05,2.536442518234253
2602,2.0816163232646527,0.8659,2.585192346598967e-05,1.3814321756362915
2603,2.0824164832966594,0.619,2.581114348482252e-05,0.7389225959777832
2604,2.0832166433286656,1.2927,2.5770384499817628e-05,2.258699893951416
2605,2.0840168033606723,1.3162,2.5729646546354182e-05,2.0523345470428467
2606,2.0848169633926785,0.8117,2.5688929659793143e-05,2.0284581184387207
2607,2.0856171234246847,1.4458,2.5648233875477157e-05,1.3464574813842773
2608,2.0864172834566914,1.1044,2.5607559228730554e-05,1.1205317974090576
2609,2.0872174434886976,1.0824,2.5566905754859304e-05,1.3887624740600586
2610,2.0880176035207043,1.107,2.552627348915106e-05,1.867064118385315
2611,2.0888177635527105,0.5338,2.5485662466874998e-05,4.7598042488098145
2612,2.0896179235847168,1.3594,2.5445072723281882e-05,1.4926799535751343
2613,2.0904180836167234,1.2287,2.5404504293603983e-05,3.362743616104126
2614,2.0912182436487297,1.3955,2.5363957213055135e-05,1.1497271060943604
2615,2.0920184036807363,0.6526,2.5323431516830563e-05,1.148783802986145
2616,2.0928185637127426,1.0673,2.5282927240106968e-05,1.4680237770080566
2617,2.0936187237447488,0.295,2.5242444418042484e-05,0.6203309893608093
2618,2.0944188837767554,1.4649,2.5201983085776564e-05,0.9651140570640564
2619,2.0952190438087617,1.0289,2.5161543278430054e-05,0.9045477509498596
2620,2.0960192038407683,0.5018,2.5121125031105063e-05,1.2296111583709717
2621,2.0968193638727746,0.4077,2.5080728378885076e-05,0.7180603742599487
2622,2.097619523904781,0.8027,2.5040353356834757e-05,2.490051031112671
2623,2.0984196839367875,0.2498,2.500000000000001e-05,0.6180335879325867
2624,2.0992198439687937,0.3772,2.4959668343407926e-05,3.6096596717834473
2625,2.1000200040008004,0.861,2.4919358422066813e-05,1.5625696182250977
2626,2.1008201640328066,0.3785,2.4879070270966048e-05,1.1891295909881592
2627,2.101620324064813,1.2233,2.483880392507615e-05,1.3721582889556885
2628,2.1024204840968195,1.2964,2.4798559419348673e-05,1.395358681678772
2629,2.1032206441288257,0.9544,2.475833678871627e-05,1.0517839193344116
2630,2.1040208041608324,0.9013,2.4718136068092563e-05,1.613495945930481
2631,2.1048209641928386,0.9714,2.4677957292372167e-05,1.6280796527862549
2632,2.105621124224845,1.3945,2.4637800496430625e-05,1.4901493787765503
2633,2.1064212842568515,1.0794,2.4597665715124473e-05,1.389008641242981
2634,2.1072214442888577,0.9138,2.455755298329107e-05,1.5344793796539307
2635,2.1080216043208644,0.7046,2.4517462335748647e-05,1.1532044410705566
2636,2.1088217643528706,0.5853,2.4477393807296268e-05,1.0633107423782349
2637,2.109621924384877,0.7735,2.4437347432713838e-05,0.9999890923500061
2638,2.1104220844168835,1.1157,2.4397323246761976e-05,1.9137107133865356
2639,2.1112222444488897,1.4574,2.4357321284182073e-05,1.0011733770370483
2640,2.1120224044808964,1.4332,2.431734157969619e-05,1.5760412216186523
2641,2.1128225645129026,1.33,2.4277384168007144e-05,2.4420900344848633
2642,2.113622724544909,0.999,2.4237449083798335e-05,1.473888874053955
2643,2.1144228845769155,1.2286,2.419753636173379e-05,1.374488353729248
2644,2.1152230446089217,0.8385,2.415764603645817e-05,1.261422872543335
2645,2.1160232046409284,1.0238,2.4117778142596653e-05,1.8899058103561401
2646,2.1168233646729346,1.5111,2.407793271475495e-05,1.9417041540145874
2647,2.117623524704941,0.796,2.4038109787519265e-05,1.3700790405273438
2648,2.1184236847369475,1.1623,2.399830939545632e-05,1.976675033569336
2649,2.1192238447689538,1.5661,2.3958531573113225e-05,2.1003479957580566
2650,2.12002400480096,0.3608,2.3918776355017515e-05,0.7863152027130127
2651,2.1208241648329667,0.8656,2.387904377567709e-05,1.5485343933105469
2652,2.121624324864973,0.2012,2.3839333869580244e-05,1.2657750844955444
2653,2.1224244848969795,0.9808,2.3799646671195552e-05,1.1989202499389648
2654,2.1232246449289858,1.0748,2.3759982214971883e-05,1.8409048318862915
2655,2.124024804960992,1.0029,2.3720340535338348e-05,4.040581703186035
2656,2.1248249649929987,1.0978,2.368072166670435e-05,1.4596315622329712
2657,2.125625125025005,1.6179,2.364112564345944e-05,2.4887068271636963
2658,2.1264252850570116,0.9549,2.360155249997334e-05,1.6851826906204224
2659,2.127225445089018,1.3559,2.3562002270595908e-05,1.7114282846450806
2660,2.128025605121024,0.6983,2.3522474989657157e-05,2.2438621520996094
2661,2.1288257651530307,0.951,2.3482970691467147e-05,2.6872429847717285
2662,2.129625925185037,0.9407,2.3443489410315984e-05,2.0025784969329834
2663,2.1304260852170436,1.0362,2.340403118047378e-05,1.361365795135498
2664,2.13122624524905,0.8709,2.3364596036190705e-05,1.1609110832214355
2665,2.132026405281056,1.1759,2.332518401169683e-05,1.0906120538711548
2666,2.1328265653130627,1.2963,2.328579514120217e-05,1.8806971311569214
2667,2.133626725345069,1.2915,2.3246429458896634e-05,2.2166354656219482
2668,2.1344268853770756,0.9981,2.3207086998950046e-05,1.6064022779464722
2669,2.135227045409082,0.6271,2.316776779551203e-05,1.0308462381362915
2670,2.136027205441088,0.9156,2.3128471882712033e-05,1.9499119520187378
2671,2.1368273654730947,0.5314,2.3089199294659276e-05,0.9642712473869324
2672,2.137627525505101,1.5139,2.3049950065442776e-05,2.7349321842193604
2673,2.1384276855371076,0.6792,2.301072422913123e-05,1.4172656536102295
2674,2.139227845569114,0.6894,2.2971521819773028e-05,2.344338893890381
2675,2.14002800560112,0.4963,2.293234287139628e-05,1.5025581121444702
2676,2.1408281656331267,1.1694,2.2893187418008666e-05,1.98809015750885
2677,2.141628325665133,0.7535,2.285405549359751e-05,2.1058390140533447
2678,2.1424284856971396,0.963,2.281494713212968e-05,1.3279565572738647
2679,2.143228645729146,1.257,2.2775862367551644e-05,1.8089425563812256
2680,2.144028805761152,1.5491,2.2736801233789345e-05,1.8599181175231934
2681,2.1448289657931587,0.818,2.269776376474823e-05,1.0088615417480469
2682,2.145629125825165,1.0519,2.2658749994313177e-05,1.4048099517822266
2683,2.1464292858571716,1.0199,2.2619759956348557e-05,1.7878342866897583
2684,2.147229445889178,0.677,2.2580793684698083e-05,2.2236974239349365
2685,2.148029605921184,0.9612,2.2541851213184838e-05,1.156105399131775
2686,2.1488297659531908,0.6056,2.2502932575611297e-05,0.8801911473274231
2687,2.149629925985197,0.6395,2.2464037805759202e-05,1.738372564315796
2688,2.1504300860172036,1.366,2.2425166937389598e-05,2.414533853530884
2689,2.15123024604921,0.7126,2.2386320004242738e-05,1.5041104555130005
2690,2.152030406081216,1.1316,2.2347497040038195e-05,1.6670184135437012
2691,2.1528305661132228,1.1006,2.2308698078474645e-05,1.85382878780365
2692,2.153630726145229,1.1773,2.2269923153229956e-05,1.3705469369888306
2693,2.154430886177235,1.3749,2.2231172297961168e-05,1.7821754217147827
2694,2.155231046209242,0.3874,2.219244554630438e-05,0.793452799320221
2695,2.156031206241248,1.5006,2.2153742931874782e-05,0.6975669264793396
2696,2.156831366273255,0.9233,2.2115064488266646e-05,1.5457181930541992
2697,2.157631526305261,0.988,2.207641024905322e-05,1.2351560592651367
2698,2.1584316863372672,0.9137,2.203778024778676e-05,4.48106575012207
2699,2.159231846369274,0.6155,2.1999174517998462e-05,1.3615057468414307
2700,2.16003200640128,1.4173,2.1960593093198505e-05,2.0952413082122803
2701,2.160832166433287,1.0222,2.192203600687594e-05,0.9369426965713501
2702,2.161632326465293,0.5898,2.1883503292498657e-05,3.241834878921509
2703,2.1624324864972992,1.104,2.1844994983513467e-05,1.654499888420105
2704,2.163232646529306,1.0936,2.180651111334594e-05,1.3135472536087036
2705,2.164032806561312,1.1218,2.176805171540045e-05,1.2398474216461182
2706,2.164832966593319,0.8405,2.1729616823060105e-05,2.003077507019043
2707,2.165633126625325,0.8029,2.169120646968681e-05,3.195936679840088
2708,2.1664332866573313,0.4885,2.1652820688621088e-05,1.205889105796814
2709,2.167233446689338,1.0306,2.1614459513182174e-05,2.030296564102173
2710,2.168033606721344,1.161,2.157612297666796e-05,1.766418695449829
2711,2.168833766753351,0.7203,2.153781111235492e-05,3.818053960800171
2712,2.169633926785357,1.4465,2.149952395349813e-05,1.8919005393981934
2713,2.1704340868173633,0.5461,2.146126153333119e-05,0.6974346041679382
2714,2.17123424684937,0.9232,2.1423023885066286e-05,1.361362099647522
2715,2.172034406881376,0.6776,2.1384811041894055e-05,2.2928707599639893
2716,2.172834566913383,1.2015,2.1346623036983616e-05,1.72337806224823
2717,2.173634726945389,1.2681,2.1308459903482508e-05,3.079284191131592
2718,2.1744348869773953,1.3041,2.1270321674516737e-05,3.7573955059051514
2719,2.175235047009402,0.8207,2.123220838319064e-05,1.4984209537506104
2720,2.176035207041408,1.2485,2.119412006258692e-05,1.8091554641723633
2721,2.176835367073415,1.6373,2.1156056745766596e-05,0.8085635304450989
2722,2.177635527105421,1.1495,2.111801846576903e-05,2.3534975051879883
2723,2.1784356871374273,1.1061,2.1080005255611794e-05,1.1785790920257568
2724,2.179235847169434,1.0105,2.104201714829074e-05,3.406303644180298
2725,2.18003600720144,1.0615,2.100405417677988e-05,2.221494436264038
2726,2.180836167233447,1.099,2.0966116374031487e-05,1.820124864578247
2727,2.181636327265453,1.0318,2.0928203772975917e-05,1.4239600896835327
2728,2.1824364872974593,0.7412,2.0890316406521682e-05,1.1398568153381348
2729,2.183236647329466,1.1978,2.0852454307555357e-05,1.7406442165374756
2730,2.184036807361472,1.1395,2.081461750894166e-05,2.0460987091064453
2731,2.184836967393479,0.9488,2.0776806043523274e-05,4.333608150482178
2732,2.185637127425485,1.0098,2.07390199441209e-05,1.6832834482192993
2733,2.1864372874574913,0.6845,2.0701259243533278e-05,1.2134495973587036
2734,2.187237447489498,0.9172,2.066352397453704e-05,1.923884391784668
2735,2.1880376075215042,0.7301,2.062581416988677e-05,1.0597853660583496
2736,2.188837767553511,1.3689,2.0588129862314926e-05,1.4483338594436646
2737,2.189637927585517,1.1259,2.0550471084531886e-05,1.9672306776046753
2738,2.1904380876175233,1.1173,2.051283786922582e-05,1.5491578578948975
2739,2.19123824764953,1.194,2.0475230249062725e-05,2.4369823932647705
2740,2.1920384076815362,0.9533,2.043764825668636e-05,1.2303541898727417
2741,2.192838567713543,1.1703,2.040009192471829e-05,1.8178112506866455
2742,2.193638727745549,0.9377,2.0362561285757763e-05,1.622352957725525
2743,2.1944388877775554,1.0893,2.0325056372381744e-05,1.8195692300796509
2744,2.195239047809562,1.2491,2.0287577217144837e-05,2.424860715866089
2745,2.1960392078415683,1.2601,2.0250123852579343e-05,2.058669090270996
2746,2.196839367873575,0.8865,2.0212696311195144e-05,3.3475558757781982
2747,2.197639527905581,1.2619,2.0175294625479696e-05,1.6549748182296753
2748,2.1984396879375874,1.4455,2.013791882789801e-05,2.5467731952667236
2749,2.199239847969594,0.9157,2.010056895089268e-05,1.8742204904556274
2750,2.2000400080016003,0.8926,2.0063245026883736e-05,1.7935656309127808
2751,2.200840168033607,1.3621,2.0025947088268717e-05,1.6705970764160156
2752,2.201640328065613,0.4087,1.9988675167422573e-05,0.8314675688743591
2753,2.2024404880976194,1.0275,1.9951429296697728e-05,1.4836595058441162
2754,2.203240648129626,0.6576,1.9914209508423942e-05,2.1284430027008057
2755,2.2040408081616323,1.2693,1.987701583490836e-05,1.8287014961242676
2756,2.204840968193639,0.8314,1.9839848308435417e-05,2.109938621520996
2757,2.205641128225645,1.3295,1.9802706961266937e-05,2.111396312713623
2758,2.2064412882576514,0.9959,1.9765591825641945e-05,1.3334581851959229
2759,2.207241448289658,1.5165,1.9728502933776725e-05,1.8486977815628052
2760,2.2080416083216643,0.9264,1.969144031786483e-05,1.5094655752182007
2761,2.208841768353671,1.523,1.9654404010076955e-05,2.450411319732666
2762,2.209641928385677,1.1316,1.9617394042560966e-05,1.223068356513977
2763,2.2104420884176834,1.306,1.958041044744186e-05,1.6876182556152344
2764,2.21124224844969,0.7988,1.9543453256821804e-05,1.5296624898910522
2765,2.2120424084816963,0.3373,1.950652250277996e-05,1.5740419626235962
2766,2.2128425685137025,0.66,1.9469618217372598e-05,1.5854685306549072
2767,2.213642728545709,0.458,1.9432740432632968e-05,1.1003392934799194
2768,2.2144428885777154,0.8136,1.9395889180571387e-05,1.4347981214523315
2769,2.215243048609722,0.4724,1.9359064493175078e-05,0.8384373188018799
2770,2.2160432086417283,0.9136,1.932226640240823e-05,1.3768670558929443
2771,2.2168433686737345,1.1394,1.928549494021192e-05,1.985906720161438
2772,2.217643528705741,1.2682,1.9248750138504172e-05,1.4997698068618774
2773,2.2184436887377474,1.2741,1.9212032029179817e-05,1.8223806619644165
2774,2.219243848769754,0.8766,1.917534064411053e-05,3.8764326572418213
2775,2.2200440088017603,0.8346,1.9138676015144764e-05,1.5377753973007202
2776,2.2208441688337666,1.4553,1.910203817410781e-05,1.619714617729187
2777,2.2216443288657732,0.5387,1.9065427152801663e-05,1.5330995321273804
2778,2.2224444888977795,1.089,1.9028842983005037e-05,1.3301303386688232
2779,2.223244648929786,1.0307,1.8992285696473322e-05,1.8306665420532227
2780,2.2240448089617924,1.1278,1.8955755324938646e-05,1.2348510026931763
2781,2.2248449689937986,0.853,1.8919251900109698e-05,1.4939298629760742
2782,2.2256451290258052,0.2765,1.8882775453671815e-05,1.829602837562561
2783,2.2264452890578115,1.2829,1.8846326017286876e-05,2.487664222717285
2784,2.227245449089818,1.0334,1.8809903622593393e-05,1.551443099975586
2785,2.2280456091218244,0.941,1.8773508301206333e-05,1.591475248336792
2786,2.2288457691538306,1.4163,1.8737140084717193e-05,2.203822135925293
2787,2.2296459291858373,0.8417,1.870079900469392e-05,1.3646228313446045
2788,2.2304460892178435,1.0295,1.8664485092680956e-05,1.1068923473358154
2789,2.23124624924985,1.085,1.8628198380199114e-05,1.6700191497802734
2790,2.2320464092818564,1.0938,1.859193889874559e-05,3.230313777923584
2791,2.2328465693138626,1.211,1.855570667979401e-05,2.3880274295806885
2792,2.2336467293458693,2.077,1.8519501754794265e-05,0.9732473492622375
2793,2.2344468893778755,0.6639,1.8483324155172592e-05,1.4661463499069214
2794,2.235247049409882,1.8443,1.8447173912331474e-05,2.5751030445098877
2795,2.2360472094418884,1.1225,1.8411051057649703e-05,1.4404979944229126
2796,2.2368473694738946,1.3899,1.837495562248226e-05,2.549334764480591
2797,2.2376475295059013,1.0227,1.833888763816033e-05,2.0536038875579834
2798,2.2384476895379075,0.6937,1.8302847135991257e-05,0.9565021395683289
2799,2.239247849569914,1.3034,1.8266834147258578e-05,2.4881174564361572
2800,2.2400480096019204,1.4818,1.8230848703221897e-05,1.6524009704589844
2801,2.2408481696339266,0.6847,1.8194890835116935e-05,1.2832835912704468
2802,2.2416483296659333,0.5153,1.8158960574155453e-05,1.1268552541732788
2803,2.2424484896979395,1.4852,1.8123057951525295e-05,2.4093222618103027
2804,2.2432486497299458,0.4327,1.8087182998390274e-05,2.299016237258911
2805,2.2440488097619524,1.3129,1.8051335745890197e-05,1.9056119918823242
2806,2.2448489697939586,0.7981,1.801551622514081e-05,3.3052873611450195
2807,2.2456491298259653,1.0216,1.797972446723384e-05,5.492147445678711
2808,2.2464492898579715,0.1545,1.7943960503236857e-05,0.7730178236961365
2809,2.2472494498899778,0.9034,1.7908224364193333e-05,1.004862904548645
2810,2.2480496099219844,1.1125,1.787251608112257e-05,2.3841989040374756
2811,2.2488497699539907,1.0349,1.7836835685019733e-05,2.5320448875427246
2812,2.2496499299859973,1.0888,1.7801183206855737e-05,1.6267927885055542
2813,2.2504500900180036,1.3939,1.776555867757728e-05,1.6918658018112183
2814,2.25125025005001,0.5305,1.7729962128106785e-05,1.250558853149414
2815,2.2520504100820165,1.0723,1.769439358934243e-05,2.4407460689544678
2816,2.2528505701140227,0.8563,1.765885309215804e-05,2.0556130409240723
2817,2.2536507301460293,0.9626,1.7623340667403087e-05,1.6281577348709106
2818,2.2544508901780356,0.5513,1.7587856345902748e-05,1.1841442584991455
2819,2.255251050210042,0.9504,1.7552400158457728e-05,1.4366934299468994
2820,2.2560512102420485,0.9864,1.751697213584435e-05,1.4987910985946655
2821,2.2568513702740547,1.064,1.748157230881446e-05,1.454317331314087
2822,2.2576515303060614,1.1986,1.744620070809549e-05,2.540684700012207
2823,2.2584516903380676,0.9788,1.741085736439031e-05,1.7922605276107788
2824,2.259251850370074,0.9028,1.737554230837729e-05,2.647368907928467
2825,2.2600520104020805,1.3693,1.7340255570710228e-05,2.406909704208374
2826,2.2608521704340867,1.6223,1.7304997182018378e-05,2.5478477478027344
2827,2.2616523304660934,0.5503,1.7269767172906355e-05,1.5513838529586792
2828,2.2624524904980996,1.3889,1.723456557395413e-05,2.114291191101074
2829,2.263252650530106,1.3938,1.7199392415717064e-05,1.8140287399291992
2830,2.2640528105621125,0.9023,1.7164247728725785e-05,1.093229055404663
2831,2.2648529705941187,1.2453,1.712913154348621e-05,1.9289262294769287
2832,2.2656531306261254,1.2895,1.7094043890479554e-05,1.3898036479949951
2833,2.2664532906581316,1.3462,1.7058984800162227e-05,1.6626893281936646
2834,2.267253450690138,0.7434,1.702395430296586e-05,1.0374521017074585
2835,2.2680536107221445,1.0289,1.698895242929725e-05,2.302920341491699
2836,2.2688537707541507,1.8411,1.6953979209538394e-05,2.684333324432373
2837,2.2696539307861574,1.1478,1.6919034674046368e-05,1.9894858598709106
2838,2.2704540908181636,1.0996,1.688411885315336e-05,1.5733344554901123
2839,2.27125425085017,1.0438,1.6849231777166664e-05,3.1998846530914307
2840,2.2720544108821765,0.9162,1.6814373476368587e-05,2.079169511795044
2841,2.2728545709141827,1.3525,1.677954398101648e-05,1.8227393627166748
2842,2.2736547309461894,1.0806,1.674474332134265e-05,1.8475604057312012
2843,2.2744548909781956,0.5357,1.670997152755446e-05,2.1935553550720215
2844,2.275255051010202,1.159,1.6675228629834132e-05,1.3990896940231323
2845,2.2760552110422085,0.8879,1.664051465833883e-05,2.154935359954834
2846,2.2768553710742148,1.0833,1.6605829643200654e-05,1.8459367752075195
2847,2.2776555311062214,1.0977,1.6571173614526507e-05,2.416954517364502
2848,2.2784556911382277,0.8705,1.6536546602398166e-05,3.258939743041992
2849,2.279255851170234,0.6091,1.65019486368722e-05,1.4532461166381836
2850,2.2800560112022406,0.7089,1.646737974798001e-05,1.2397234439849854
2851,2.2808561712342468,1.1664,1.6432839965727704e-05,2.976841449737549
2852,2.2816563312662534,0.9983,1.6398329320096134e-05,3.4331164360046387
2853,2.2824564912982597,0.5477,1.6363847841040914e-05,1.472081184387207
2854,2.283256651330266,0.5194,1.6329395558492285e-05,1.092759370803833
2855,2.2840568113622726,1.3003,1.6294972502355155e-05,2.14705753326416
2856,2.284856971394279,0.2528,1.626057870250906e-05,2.8842921257019043
2857,2.2856571314262855,1.2514,1.6226214188808186e-05,2.087254762649536
2858,2.2864572914582917,0.7846,1.6191878991081244e-05,1.9325705766677856
2859,2.287257451490298,1.1446,1.6157573139131527e-05,3.1530921459198
2860,2.2880576115223046,1.0119,1.6123296662736824e-05,2.0442378520965576
2861,2.288857771554311,1.6773,1.608904959164948e-05,2.4804303646087646
2862,2.2896579315863175,0.5109,1.6054831955596278e-05,2.59887957572937
2863,2.2904580916183237,1.3913,1.602064378427845e-05,1.5090467929840088
2864,2.29125825165033,1.6112,1.5986485107371647e-05,4.8885064125061035
2865,2.2920584116823366,1.2587,1.5952355954525965e-05,1.4768935441970825
2866,2.292858571714343,1.3321,1.5918256355365825e-05,0.575336754322052
2867,2.2936587317463495,1.2617,1.588418633949001e-05,1.9590528011322021
2868,2.2944588917783557,0.9239,1.5850145936471606e-05,1.768442153930664
2869,2.295259051810362,1.3901,1.5816135175858045e-05,1.9632301330566406
2870,2.2960592118423686,1.191,1.578215408717098e-05,2.5635123252868652
2871,2.296859371874375,1.4165,1.5748202699906335e-05,1.9843392372131348
2872,2.2976595319063815,2.1202,1.571428104353421e-05,4.6139912605285645
2873,2.2984596919383877,1.2677,1.5680389147498987e-05,1.5907412767410278
2874,2.299259851970394,0.5169,1.5646527041219128e-05,1.2988972663879395
2875,2.3000600120024006,0.6054,1.561269475408726e-05,1.3593621253967285
2876,2.300860172034407,1.1555,1.5578892315470166e-05,1.693395733833313
2877,2.3016603320664135,0.9405,1.554511975470868e-05,1.602739691734314
2878,2.3024604920984197,0.8661,1.5511377101117708e-05,2.0269570350646973
2879,2.303260652130426,1.0727,1.5477664383986185e-05,1.404815673828125
2880,2.3040608121624326,0.566,1.5443981632577108e-05,1.625969409942627
2881,2.304860972194439,0.6615,1.541032887612742e-05,1.5392087697982788
2882,2.3056611322264455,0.7783,1.5376706143848042e-05,1.1271215677261353
2883,2.3064612922584518,1.1163,1.534311346492381e-05,1.7425882816314697
2884,2.307261452290458,0.8496,1.5309550868513526e-05,1.684903621673584
2885,2.3080616123224647,0.7489,1.5276018383749842e-05,1.8078454732894897
2886,2.308861772354471,0.7979,1.5242516039739268e-05,4.5222392082214355
2887,2.309661932386477,0.9143,1.5209043865562161e-05,2.0561141967773438
2888,2.3104620924184838,0.9103,1.5175601890272717e-05,1.7040214538574219
2889,2.31126225245049,0.9337,1.5142190142898883e-05,1.4524391889572144
2890,2.3120624124824967,1.2021,1.510880865244238e-05,2.5288503170013428
2891,2.312862572514503,1.1374,1.5075457447878644e-05,1.2434947490692139
2892,2.313662732546509,1.5787,1.5042136558156883e-05,1.9593980312347412
2893,2.314462892578516,0.9702,1.5008846012199934e-05,1.2686642408370972
2894,2.315263052610522,1.1627,1.4975585838904316e-05,1.739128589630127
2895,2.3160632126425287,1.0307,1.4942356067140162e-05,1.765486240386963
2896,2.316863372674535,0.8789,1.4909156725751272e-05,1.3378807306289673
2897,2.317663532706541,0.6157,1.4875987843554978e-05,1.6560769081115723
2898,2.318463692738548,1.2217,1.4842849449342195e-05,2.4914567470550537
2899,2.319263852770554,0.7773,1.480974157187735e-05,2.136091947555542
2900,2.3200640128025607,1.745,1.4776664239898442e-05,3.647568702697754
2901,2.320864172834567,1.228,1.4743617482116895e-05,1.329190731048584
2902,2.321664332866573,0.1682,1.4710601327217615e-05,0.5773651599884033
2903,2.32246449289858,1.3336,1.467761580385893e-05,1.578776240348816
2904,2.323264652930586,1.0239,1.4644660940672627e-05,1.2237968444824219
2905,2.3240648129625927,1.0411,1.4611736766263834e-05,2.203580141067505
2906,2.324864972994599,0.5902,1.4578843309211027e-05,1.2285085916519165
2907,2.325665133026605,1.108,1.454598059806609e-05,1.7906640768051147
2908,2.326465293058612,1.2123,1.4513148661354153e-05,1.626815915107727
2909,2.327265453090618,0.8864,1.4480347527573663e-05,1.9060139656066895
2910,2.3280656131226243,1.2176,1.4447577225196297e-05,2.7672765254974365
2911,2.328865773154631,1.1884,1.4414837782667035e-05,1.5669171810150146
2912,2.329665933186637,0.605,1.4382129228404006e-05,1.8289226293563843
2913,2.330466093218644,1.0294,1.4349451590798564e-05,1.8769947290420532
2914,2.33126625325065,0.7277,1.4316804898215192e-05,1.4618157148361206
2915,2.3320664132826563,0.7749,1.428418917899157e-05,2.0721511840820312
2916,2.332866573314663,1.0136,1.4251604461438445e-05,1.1226065158843994
2917,2.333666733346669,0.6814,1.4219050773839659e-05,1.4981753826141357
2918,2.334466893378676,0.3163,1.4186528144452127e-05,2.521498441696167
2919,2.335267053410682,1.9899,1.4154036601505832e-05,0.6143166422843933
2920,2.3360672134426883,1.1281,1.4121576173203733e-05,1.6167049407958984
2921,2.336867373474695,0.3329,1.4089146887721789e-05,0.9335647821426392
2922,2.337667533506701,1.526,1.4056748773208934e-05,2.1741204261779785
2923,2.338467693538708,1.759,1.4024381857787066e-05,1.3188813924789429
2924,2.339267853570714,0.951,1.3992046169550971e-05,1.317072868347168
2925,2.3400680136027203,1.067,1.3959741736568338e-05,2.431213617324829
2926,2.340868173634727,1.0469,1.3927468586879716e-05,1.306410789489746
2927,2.341668333666733,0.8443,1.3895226748498541e-05,1.939297080039978
2928,2.34246849369874,1.1886,1.3863016249411026e-05,3.243748188018799
2929,2.343268653730746,0.345,1.38308371175762e-05,1.7792335748672485
2930,2.3440688137627523,1.3627,1.3798689380925838e-05,1.6353347301483154
2931,2.344868973794759,1.2468,1.376657306736453e-05,2.2963907718658447
2932,2.3456691338267652,1.1842,1.3734488204769525e-05,2.8710567951202393
2933,2.346469293858772,0.9396,1.3702434820990795e-05,1.337922215461731
2934,2.347269453890778,0.7299,1.3670412943850975e-05,1.454417109489441
2935,2.3480696139227843,1.6078,1.3638422601145395e-05,1.262354850769043
2936,2.348869773954791,0.901,1.3606463820641969e-05,1.8705791234970093
2937,2.3496699339867972,1.2756,1.3574536630081208e-05,2.1125295162200928
2938,2.350470094018804,1.3823,1.3542641057176264e-05,1.7405589818954468
2939,2.35127025405081,0.9453,1.3510777129612783e-05,1.239116907119751
2940,2.3520704140828164,1.1626,1.347894487504896e-05,1.3443822860717773
2941,2.352870574114823,1.1744,1.3447144321115495e-05,2.0520219802856445
2942,2.3536707341468293,1.0823,1.34153754954156e-05,1.5894558429718018
2943,2.354470894178836,0.7369,1.3383638425524908e-05,1.8761777877807617
2944,2.355271054210842,0.6426,1.3351933138991507e-05,1.971646785736084
2945,2.3560712142428484,1.0151,1.3320259663335882e-05,1.429831862449646
2946,2.356871374274855,1.1683,1.3288618026050941e-05,1.88105046749115
2947,2.3576715343068613,0.7252,1.3257008254601921e-05,1.476191520690918
2948,2.358471694338868,0.9205,1.3225430376426411e-05,1.7190920114517212
2949,2.359271854370874,1.0828,1.3193884418934299e-05,1.902509093284607
2950,2.3600720144028804,1.9073,1.3162370409507807e-05,2.2935333251953125
2951,2.360872174434887,1.2039,1.3130888375501398e-05,1.5785257816314697
2952,2.3616723344668933,1.5809,1.3099438344241777e-05,2.7982003688812256
2953,2.3624724944989,1.2109,1.306802034302786e-05,2.754531145095825
2954,2.363272654530906,0.8969,1.3036634399130805e-05,1.3012638092041016
2955,2.3640728145629124,0.5729,1.3005280539793907e-05,1.2829616069793701
2956,2.364872974594919,1.2688,1.2973958792232616e-05,2.679572582244873
2957,2.3656731346269253,0.9334,1.2942669183634504e-05,1.9526811838150024
2958,2.366473294658932,0.8611,1.2911411741159273e-05,1.2626519203186035
2959,2.367273454690938,1.051,1.2880186491938685e-05,1.2830623388290405
2960,2.3680736147229444,1.0927,1.2848993463076537e-05,2.2510783672332764
2961,2.368873774754951,1.5585,1.2817832681648711e-05,1.4004155397415161
2962,2.3696739347869573,1.124,1.2786704174703051e-05,2.5145275592803955
2963,2.370474094818964,0.981,1.2755607969259415e-05,2.5492351055145264
2964,2.37127425485097,0.8469,1.2724544092309581e-05,1.328882098197937
2965,2.3720744148829764,2.3387,1.2693512570817334e-05,0.7679690718650818
2966,2.372874574914983,0.8087,1.2662513431718314e-05,1.196548342704773
2967,2.3736747349469893,0.8041,1.2631546701920071e-05,5.341897010803223
2968,2.374474894978996,3.1932,1.2600612408302048e-05,0.8866643905639648
2969,2.3752750550110022,0.8128,1.25697105777155e-05,2.49065899848938
2970,2.3760752150430084,1.0947,1.2538841236983518e-05,1.9930543899536133
2971,2.376875375075015,0.8019,1.250800441290097e-05,0.8236084580421448
2972,2.3776755351070213,1.0881,1.2477200132234552e-05,1.3063061237335205
2973,2.378475695139028,1.6487,1.2446428421722661e-05,3.4972774982452393
2974,2.3792758551710342,0.8669,1.241568930807543e-05,1.2800257205963135
2975,2.3800760152030405,1.041,1.2384982817974728e-05,2.0666792392730713
2976,2.380876175235047,0.4582,1.2354308978074086e-05,3.2603704929351807
2977,2.3816763352670534,0.6072,1.2323667814998685e-05,2.0019171237945557
2978,2.38247649529906,0.4956,1.2293059355345338e-05,1.5192351341247559
2979,2.3832766553310663,1.3094,1.2262483625682513e-05,2.9543914794921875
2980,2.3840768153630725,0.3212,1.2231940652550234e-05,3.010488986968994
2981,2.384876975395079,1.1137,1.2201430462460079e-05,1.7394579648971558
2982,2.3856771354270854,1.0559,1.2170953081895215e-05,1.382143259048462
2983,2.386477295459092,0.9295,1.2140508537310292e-05,2.6780126094818115
2984,2.3872774554910983,1.1919,1.2110096855131453e-05,1.9888437986373901
2985,2.3880776155231045,0.5675,1.2079718061756367e-05,1.140953779220581
2986,2.388877775555111,1.2233,1.2049372183554108e-05,2.416843891143799
2987,2.3896779355871174,1.291,1.2019059246865184e-05,2.3389699459075928
2988,2.390478095619124,1.228,1.1988779278001516e-05,2.2148289680480957
2989,2.3912782556511303,1.1093,1.1958532303246428e-05,2.184465169906616
2990,2.3920784156831365,0.0792,1.1928318348854583e-05,0.9477528929710388
2991,2.392878575715143,1.1048,1.1898137441051982e-05,2.5824427604675293
2992,2.3936787357471494,1.4904,1.1867989606035935e-05,2.375164270401001
2993,2.394478895779156,1.0226,1.1837874869975075e-05,1.4994598627090454
2994,2.3952790558111623,1.2326,1.1807793259009282e-05,2.32053279876709
2995,2.3960792158431685,0.6543,1.1777744799249663e-05,2.464975595474243
2996,2.396879375875175,0.696,1.174772951677861e-05,0.8784838914871216
2997,2.3976795359071814,1.1918,1.1717747437649657e-05,1.5283921957015991
2998,2.398479695939188,0.8273,1.1687798587887543e-05,2.3025920391082764
2999,2.3992798559711943,0.7397,1.165788299348815e-05,1.8705486059188843
3000,2.4000800160032005,1.2516,1.1628000680418532e-05,3.815873622894287
3001,2.400880176035207,0.64,1.1598151674616803e-05,2.295388698577881
3002,2.4016803360672134,0.5882,1.1568336001992202e-05,1.1692237854003906
3003,2.4024804960992197,0.8225,1.1538553688425003e-05,1.424709677696228
3004,2.4032806561312263,1.1911,1.1508804759766566e-05,1.9057377576828003
3005,2.4040808161632325,1.2697,1.1479089241839246e-05,3.454291582107544
3006,2.404880976195239,0.6801,1.1449407160436399e-05,0.8842718601226807
3007,2.4056811362272454,0.6473,1.141975854132234e-05,2.591862201690674
3008,2.4064812962592517,0.6809,1.1390143410232385e-05,1.3632664680480957
3009,2.4072814562912583,1.0537,1.1360561792872754e-05,1.7172690629959106
3010,2.4080816163232646,0.5928,1.1331013714920564e-05,1.4763739109039307
3011,2.4088817763552712,0.9906,1.1301499202023825e-05,1.547463059425354
3012,2.4096819363872775,0.9225,1.127201827980145e-05,1.5970771312713623
3013,2.4104820964192837,1.3231,1.1242570973843147e-05,2.206861734390259
3014,2.4112822564512904,1.3468,1.1213157309709471e-05,2.0965003967285156
3015,2.4120824164832966,0.9258,1.1183777312931748e-05,1.4479135274887085
3016,2.4128825765153032,0.9071,1.1154431009012133e-05,1.6654287576675415
3017,2.4136827365473095,0.7677,1.112511842342348e-05,1.4757649898529053
3018,2.4144828965793157,0.9454,1.1095839581609408e-05,1.032981276512146
3019,2.4152830566113224,0.9163,1.1066594508984218e-05,2.5428876876831055
3020,2.4160832166433286,0.7298,1.1037383230932946e-05,1.8818033933639526
3021,2.4168833766753353,0.7627,1.1008205772811248e-05,2.0840697288513184
3022,2.4176835367073415,0.5608,1.0979062159945425e-05,1.6313475370407104
3023,2.4184836967393477,0.6813,1.0949952417632448e-05,3.2295284271240234
3024,2.4192838567713544,0.5788,1.0920876571139842e-05,1.4158151149749756
3025,2.4200840168033606,1.4159,1.0891834645705729e-05,2.06339955329895
3026,2.420884176835367,0.46,1.0862826666538756e-05,0.7598365545272827
3027,2.4216843368673735,1.1427,1.0833852658818166e-05,2.109396457672119
3028,2.4224844968993797,1.0462,1.0804912647693665e-05,1.9742851257324219
3029,2.4232846569313864,0.9943,1.077600665828546e-05,1.808916687965393
3030,2.4240848169633926,2.2597,1.0747134715684221e-05,1.0345282554626465
3031,2.424884976995399,1.0036,1.0718296844951097e-05,2.1023213863372803
3032,2.4256851370274055,0.6915,1.0689493071117634e-05,2.3659448623657227
3033,2.4264852970594117,0.7058,1.0660723419185774e-05,0.711449384689331
3034,2.4272854570914184,0.8294,1.0631987914127855e-05,2.4368057250976562
3035,2.4280856171234246,0.8057,1.0603286580886595e-05,1.365864634513855
3036,2.428885777155431,0.684,1.0574619444375016e-05,1.3400588035583496
3037,2.4296859371874375,0.8659,1.0545986529476476e-05,1.9358776807785034
3038,2.4304860972194438,1.7521,1.0517387861044598e-05,3.686798572540283
3039,2.4312862572514504,0.4755,1.0488823463903342e-05,3.9357409477233887
3040,2.4320864172834566,1.3279,1.0460293362846863e-05,2.631528377532959
3041,2.432886577315463,1.0049,1.0431797582639564e-05,1.3841722011566162
3042,2.4336867373474695,0.7401,1.0403336148016052e-05,0.9337881803512573
3043,2.4344868973794758,0.8385,1.037490908368115e-05,1.7793996334075928
3044,2.4352870574114824,0.88,1.0346516414309815e-05,2.4834835529327393
3045,2.4360872174434887,1.0333,1.0318158164547159e-05,2.218355655670166
3046,2.436887377475495,1.2729,1.0289834359008405e-05,1.709886074066162
3047,2.4376875375075016,1.1091,1.0261545022278913e-05,4.32351016998291
3048,2.438487697539508,0.9592,1.0233290178914096e-05,1.6590135097503662
3049,2.4392878575715145,1.7767,1.020506985343943e-05,3.649515390396118
3050,2.4400880176035207,1.1044,1.0176884070350418e-05,1.5878643989562988
3051,2.440888177635527,1.2793,1.0148732854112619e-05,2.3092544078826904
3052,2.4416883376675336,1.0013,1.0120616229161545e-05,1.3667086362838745
3053,2.44248849769954,0.8096,1.0092534219902694e-05,2.5998990535736084
3054,2.4432886577315465,1.2875,1.006448685071154e-05,3.734239339828491
3055,2.4440888177635527,1.0622,1.0036474145933472e-05,1.4534354209899902
3056,2.444888977795559,0.548,1.0008496129883776e-05,1.734619140625
3057,2.4456891378275656,2.3957,9.980552826847633e-06,0.9201474785804749
3058,2.446489297859572,2.0081,9.952644261080129e-06,2.0008747577667236
3059,2.4472894578915785,0.8544,9.92477045680616e-06,2.721907138824463
3060,2.4480896179235847,0.9731,9.896931438220452e-06,2.64605712890625
3061,2.448889777955591,0.8271,9.86912722948753e-06,2.7656404972076416
3062,2.4496899379875976,0.7607,9.841357854741751e-06,2.090977907180786
3063,2.450490098019604,1.264,9.81362333808718e-06,2.183758497238159
3064,2.4512902580516105,1.2291,9.785923703597655e-06,2.8825058937072754
3065,2.4520904180836167,0.8478,9.758258975316708e-06,3.8881654739379883
3066,2.452890578115623,1.7531,9.730629177257622e-06,1.1477910280227661
3067,2.4536907381476296,0.4841,9.703034333403316e-06,1.3396997451782227
3068,2.454490898179636,0.7921,9.675474467706375e-06,2.2413394451141357
3069,2.4552910582116425,0.9749,9.64794960408903e-06,3.9455628395080566
3070,2.4560912182436487,0.9191,9.620459766443146e-06,1.3173822164535522
3071,2.456891378275655,0.812,9.59300497863016e-06,1.52445650100708
3072,2.4576915383076616,1.0161,9.565585264481092e-06,3.209681510925293
3073,2.458491698339668,1.2358,9.538200647796513e-06,2.8320536613464355
3074,2.4592918583716745,1.5727,9.51085115234655e-06,1.4286061525344849
3075,2.4600920184036807,1.5316,9.483536801870834e-06,1.7030348777770996
3076,2.460892178435687,1.5103,9.456257620078474e-06,1.5248979330062866
3077,2.4616923384676936,0.8087,9.429013630648053e-06,2.2986485958099365
3078,2.4624924984997,0.4696,9.401804857227647e-06,1.5374181270599365
3079,2.4632926585317065,0.5033,9.374631323434718e-06,4.460521697998047
3080,2.4640928185637128,0.7924,9.347493052856154e-06,2.1928226947784424
3081,2.464892978595719,0.9107,9.320390069048256e-06,3.218844175338745
3082,2.4656931386277257,1.9281,9.293322395536663e-06,3.222724199295044
3083,2.466493298659732,0.6392,9.266290055816385e-06,1.326015591621399
3084,2.4672934586917386,0.5078,9.239293073351734e-06,1.0282326936721802
3085,2.4680936187237448,0.7594,9.212331471576386e-06,1.6734726428985596
3086,2.468893778755751,0.5517,9.185405273893256e-06,1.430917501449585
3087,2.4696939387877577,0.7461,9.158514503674543e-06,1.867280125617981
3088,2.470494098819764,1.129,9.131659184261688e-06,1.2870416641235352
3089,2.4712942588517706,1.1387,9.104839338965394e-06,6.230502605438232
3090,2.472094418883777,0.6046,9.078054991065533e-06,1.6282100677490234
3091,2.472894578915783,0.8587,9.05130616381118e-06,1.3927710056304932
3092,2.4736947389477897,0.9219,9.024592880420563e-06,4.018489360809326
3093,2.474494898979796,0.9876,8.997915164081095e-06,1.2909739017486572
3094,2.4752950590118026,1.0692,8.971273037949285e-06,1.5924874544143677
3095,2.476095219043809,0.651,8.944666525150752e-06,3.291984796524048
3096,2.476895379075815,0.0415,8.918095648780195e-06,1.2258169651031494
3097,2.4776955391078217,0.9906,8.891560431901424e-06,2.252892255783081
3098,2.478495699139828,0.7966,8.865060897547244e-06,1.4493767023086548
3099,2.4792958591718346,1.0793,8.838597068719518e-06,1.3723936080932617
3100,2.480096019203841,1.7357,8.812168968389085e-06,2.8042190074920654
3101,2.480896179235847,1.0225,8.785776619495822e-06,2.100728988647461
3102,2.4816963392678537,0.5265,8.75942004494853e-06,1.067770004272461
3103,2.48249649929986,1.1413,8.733099267624956e-06,1.5321438312530518
3104,2.4832966593318666,1.328,8.70681431037182e-06,1.9686330556869507
3105,2.484096819363873,0.9863,8.680565196004703e-06,1.6575819253921509
3106,2.484896979395879,1.4595,8.654351947308098e-06,1.5303547382354736
3107,2.4856971394278857,1.5297,8.628174587035343e-06,1.8982172012329102
3108,2.486497299459892,0.7553,8.602033137908667e-06,2.2559070587158203
3109,2.4872974594918986,0.71,8.575927622619084e-06,1.8935195207595825
3110,2.488097619523905,1.1934,8.549858063826427e-06,2.527559280395508
3111,2.488897779555911,0.7703,8.523824484159349e-06,1.579880714416504
3112,2.4896979395879177,1.1766,8.497826906215239e-06,1.4009532928466797
3113,2.490498099619924,0.824,8.47186535256025e-06,1.8555278778076172
3114,2.4912982596519306,0.8485,8.445939845729245e-06,1.0316959619522095
3115,2.492098419683937,1.2462,8.420050408225837e-06,1.664660096168518
3116,2.492898579715943,0.7296,8.394197062522307e-06,3.7212042808532715
3117,2.4936987397479498,1.989,8.368379831059592e-06,3.271986961364746
3118,2.494498899779956,1.3316,8.342598736247326e-06,1.8248523473739624
3119,2.495299059811962,1.4253,8.316853800463731e-06,1.5037184953689575
3120,2.496099219843969,1.537,8.291145046055659e-06,3.7166128158569336
3121,2.496899379875975,1.0876,8.265472495338572e-06,2.093005895614624
3122,2.4976995399079818,0.9869,8.239836170596493e-06,1.9142556190490723
3123,2.498499699939988,0.2894,8.21423609408199e-06,0.9612042903900146
3124,2.499299859971994,0.5649,8.18867228801617e-06,2.101755380630493
3125,2.500100020004001,1.4897,8.163144774588688e-06,1.9757652282714844
3126,2.500900180036007,1.0169,8.137653575957665e-06,1.5581023693084717
3127,2.5017003400680133,1.2419,8.112198714249697e-06,1.5826367139816284
3128,2.50250050010002,1.0349,8.086780211559869e-06,2.1343345642089844
3129,2.5033006601320267,1.7378,8.061398089951677e-06,1.2178813219070435
3130,2.504100820164033,0.5759,8.036052371457059e-06,1.8715120553970337
3131,2.504900980196039,0.7735,8.010743078076316e-06,3.6602890491485596
3132,2.5057011402280454,0.9928,7.985470231778202e-06,1.2864866256713867
3133,2.506501300260052,0.7039,7.960233854499765e-06,1.6720786094665527
3134,2.5073014602920582,1.0241,7.935033968146437e-06,2.7869632244110107
3135,2.508101620324065,1.2568,7.90987059459195e-06,1.954671025276184
3136,2.508901780356071,1.033,7.884743755678376e-06,1.4234644174575806
3137,2.5097019403880774,1.0709,7.859653473216044e-06,1.9741785526275635
3138,2.510502100420084,1.0292,7.834599768983552e-06,1.5494407415390015
3139,2.5113022604520903,0.6324,7.809582664727789e-06,1.0917315483093262
3140,2.512102420484097,0.5842,7.78460218216382e-06,1.8139960765838623
3141,2.512902580516103,0.7416,7.759658342974951e-06,1.4234877824783325
3142,2.5137027405481094,1.1293,7.73475116881267e-06,2.0108485221862793
3143,2.514502900580116,0.6221,7.709880681296666e-06,2.4755401611328125
3144,2.5153030606121223,1.2447,7.685046902014748e-06,2.011582374572754
3145,2.516103220644129,0.882,7.660249852522884e-06,2.0413308143615723
3146,2.516903380676135,0.8083,7.635489554345137e-06,1.9872900247573853
3147,2.5177035407081414,1.1517,7.610766028973709e-06,1.8488237857818604
3148,2.518503700740148,1.2286,7.586079297868859e-06,2.533596992492676
3149,2.5193038607721543,0.8684,7.5614293824588956e-06,1.2653369903564453
3150,2.520104020804161,0.7241,7.536816304140177e-06,1.602520227432251
3151,2.520904180836167,0.6694,7.512240084277122e-06,2.0500900745391846
3152,2.5217043408681734,0.5934,7.4877007442021085e-06,2.749589443206787
3153,2.52250450090018,1.217,7.463198305215529e-06,2.1214497089385986
3154,2.5233046609321863,1.1284,7.438732788585728e-06,2.016453504562378
3155,2.524104820964193,0.9367,7.414304215549028e-06,1.8279757499694824
3156,2.524904980996199,0.6631,7.389912607309662e-06,1.3148281574249268
3157,2.5257051410282054,0.7778,7.365557985039778e-06,2.2507777214050293
3158,2.526505301060212,0.943,7.3412403698794094e-06,1.5307880640029907
3159,2.5273054610922183,1.0587,7.3169597829365165e-06,4.434571266174316
3160,2.528105621124225,0.9052,7.292716245286868e-06,1.4401392936706543
3161,2.528905781156231,1.354,7.268509777974086e-06,3.313389539718628
3162,2.5297059411882374,1.1142,7.244340402009609e-06,1.4897311925888062
3163,2.530506101220244,1.2349,7.2202081383727195e-06,2.2019824981689453
3164,2.5313062612522503,1.1219,7.196113008010436e-06,1.936012864112854
3165,2.532106421284257,1.2625,7.172055031837571e-06,1.7876570224761963
3166,2.5329065813162632,0.9429,7.148034230736667e-06,1.7740119695663452
3167,2.5337067413482695,0.4471,7.124050625558037e-06,2.4535467624664307
3168,2.534506901380276,1.025,7.100104237119676e-06,1.6853622198104858
3169,2.5353070614122823,0.9061,7.07619508620726e-06,1.5988402366638184
3170,2.536107221444289,0.7047,7.052323193574195e-06,1.6969475746154785
3171,2.5369073814762952,0.9358,7.028488579941506e-06,1.1151973009109497
3172,2.5377075415083015,1.0393,7.004691265997859e-06,1.928484559059143
3173,2.538507701540308,0.7487,6.980931272399554e-06,4.3933868408203125
3174,2.5393078615723144,0.3221,6.957208619770505e-06,1.1768012046813965
3175,2.540108021604321,0.765,6.933523328702207e-06,1.7617714405059814
3176,2.5409081816363273,0.9511,6.909875419753714e-06,3.3585357666015625
3177,2.5417083416683335,1.1644,6.886264913451634e-06,2.4024863243103027
3178,2.54250850170034,1.1418,6.862691830290136e-06,1.7075852155685425
3179,2.5433086617323464,0.6936,6.839156190730878e-06,1.8159312009811401
3180,2.544108821764353,1.2716,6.815658015203014e-06,1.5912749767303467
3181,2.5449089817963593,0.8412,6.792197324103183e-06,1.4484139680862427
3182,2.5457091418283655,0.8481,6.768774137795514e-06,1.895635724067688
3183,2.546509301860372,1.4491,6.745388476611553e-06,1.6209025382995605
3184,2.5473094618923784,0.5432,6.722040360850279e-06,0.9453541040420532
3185,2.548109621924385,1.3745,6.698729810778065e-06,2.6995599269866943
3186,2.5489097819563913,0.7654,6.675456846628731e-06,2.0030386447906494
3187,2.5497099419883975,0.9626,6.652221488603411e-06,1.2148656845092773
3188,2.550510102020404,1.1465,6.6290237568706226e-06,1.9473419189453125
3189,2.5513102620524104,1.0205,6.60586367156622e-06,1.801171898841858
3190,2.552110422084417,0.4632,6.5827412527934e-06,2.6930384635925293
3191,2.5529105821164233,1.3576,6.559656520622631e-06,3.2761929035186768
3192,2.5537107421484295,0.2717,6.536609495091694e-06,8.30663013458252
3193,2.554510902180436,0.7446,6.5136001962056105e-06,1.2897330522537231
3194,2.5553110622124424,1.006,6.490628643936702e-06,1.9448435306549072
3195,2.556111222244449,0.6173,6.467694858224488e-06,1.7147568464279175
3196,2.5569113822764553,0.6577,6.444798858975704e-06,1.2104209661483765
3197,2.5577115423084615,1.3066,6.421940666064325e-06,3.0618462562561035
3198,2.558511702340468,0.8455,6.399120299331468e-06,2.0208616256713867
3199,2.5593118623724744,0.8073,6.376337778585439e-06,1.2237685918807983
3200,2.560112022404481,0.7983,6.35359312360167e-06,1.7046362161636353
3201,2.5609121824364873,1.1205,6.330886354122767e-06,3.9263694286346436
3202,2.5617123424684936,1.432,6.308217489858415e-06,4.3499369621276855
3203,2.5625125025005002,0.8385,6.285586550485412e-06,1.153904676437378
3204,2.5633126625325064,1.8674,6.262993555647617e-06,2.201246500015259
3205,2.564112822564513,0.5142,6.2404385249559936e-06,1.578359603881836
3206,2.5649129825965193,1.0112,6.21792147798852e-06,1.050257682800293
3207,2.5657131426285256,1.3033,6.1954424342902e-06,1.9432047605514526
3208,2.5665133026605322,0.9206,6.173001413373064e-06,1.809112787246704
3209,2.5673134626925385,1.2377,6.150598434716149e-06,1.480458378791809
3210,2.568113622724545,1.2795,6.128233517765447e-06,1.8007290363311768
3211,2.5689137827565514,1.2529,6.105906681933926e-06,4.53066873550415
3212,2.5697139427885576,0.6923,6.0836179466014884e-06,1.63456130027771
3213,2.5705141028205643,0.8315,6.061367331114992e-06,6.575534820556641
3214,2.5713142628525705,0.8317,6.039154854788176e-06,1.7622312307357788
3215,2.572114422884577,1.7341,6.016980536901684e-06,2.6979150772094727
3216,2.5729145829165834,1.5515,5.994844396703026e-06,1.9606168270111084
3217,2.5737147429485896,0.8374,5.972746453406613e-06,2.6371195316314697
3218,2.5745149029805963,1.1238,5.9506867261936664e-06,2.5023584365844727
3219,2.5753150630126025,0.7533,5.928665234212233e-06,1.7039000988006592
3220,2.576115223044609,0.661,5.906681996577184e-06,1.4620399475097656
3221,2.5769153830766154,0.6447,5.884737032370191e-06,1.7540770769119263
3222,2.5777155431086216,0.6447,5.862830360639699e-06,1.6278327703475952
3223,2.5785157031406283,1.0941,5.8409620004008955e-06,1.9221140146255493
3224,2.5793158631726345,1.3113,5.8191319706357326e-06,1.5516719818115234
3225,2.580116023204641,1.2766,5.797340290292907e-06,1.6512951850891113
3226,2.5809161832366474,1.1072,5.775586978287795e-06,1.5650699138641357
3227,2.5817163432686536,1.1405,5.753872053502468e-06,1.5015703439712524
3228,2.5825165033006603,0.6958,5.732195534785722e-06,1.274487018585205
3229,2.5833166633326665,0.9547,5.710557440952969e-06,1.2639206647872925
3230,2.584116823364673,1.1318,5.688957790786287e-06,1.5759811401367188
3231,2.5849169833966794,0.703,5.66739660303437e-06,1.4209991693496704
3232,2.5857171434286856,0.4535,5.645873896412562e-06,1.1843228340148926
3233,2.586517303460692,1.4582,5.624389689602766e-06,2.652435064315796
3234,2.5873174634926985,0.7214,5.602944001253485e-06,2.8819429874420166
3235,2.588117623524705,1.5217,5.581536849979774e-06,2.170670509338379
3236,2.5889177835567114,1.3376,5.560168254363269e-06,1.5907001495361328
3237,2.5897179435887177,0.6013,5.538838232952104e-06,1.4077379703521729
3238,2.590518103620724,1.2896,5.517546804260953e-06,1.5415641069412231
3239,2.5913182636527305,0.7013,5.496293986770967e-06,1.2206003665924072
3240,2.592118423684737,1.3245,5.475079798929816e-06,1.8469096422195435
3241,2.5929185837167434,0.7954,5.453904259151621e-06,2.4763028621673584
3242,2.5937187437487497,0.5831,5.432767385816945e-06,0.9690515995025635
3243,2.594518903780756,1.1862,5.411669197272795e-06,1.6171152591705322
3244,2.5953190638127626,1.429,5.390609711832622e-06,2.3534839153289795
3245,2.5961192238447692,0.9609,5.36958894777625e-06,2.218646287918091
3246,2.5969193838767755,1.0142,5.348606923349902e-06,2.0183520317077637
3247,2.5977195439087817,1.2953,5.3276636567661965e-06,2.693190097808838
3248,2.598519703940788,0.716,5.306759166204084e-06,1.239345908164978
3249,2.5993198639727946,1.1778,5.285893469808856e-06,2.7609124183654785
3250,2.600120024004801,1.2617,5.265066585692152e-06,1.8603761196136475
3251,2.6009201840368075,0.7478,5.2442785319319066e-06,1.7717112302780151
3252,2.6017203440688137,0.8432,5.223529326572352e-06,3.937478542327881
3253,2.60252050410082,0.898,5.202818987623992e-06,2.5294852256774902
3254,2.6033206641328266,0.7963,5.182147533063614e-06,1.7613435983657837
3255,2.604120824164833,1.1434,5.161514980834231e-06,2.2482008934020996
3256,2.6049209841968395,0.9741,5.140921348845101e-06,2.571223020553589
3257,2.6057211442288457,1.4896,5.120366654971703e-06,3.1881542205810547
3258,2.606521304260852,1.7178,5.09985091705571e-06,2.2460238933563232
3259,2.6073214642928586,0.7841,5.079374152904975e-06,1.4016168117523193
3260,2.608121624324865,1.0183,5.058936380293522e-06,3.37337589263916
3261,2.6089217843568715,1.1377,5.038537616961558e-06,1.4725450277328491
3262,2.6097219443888777,1.5085,5.018177880615393e-06,4.88303804397583
3263,2.610522104420884,0.9928,4.997857188927468e-06,2.4921352863311768
3264,2.6113222644528906,1.2412,4.977575559536357e-06,2.4515163898468018
3265,2.612122424484897,0.7108,4.9573330100467105e-06,1.845839023590088
3266,2.6129225845169035,0.8687,4.937129558029247e-06,2.2897212505340576
3267,2.6137227445489097,0.9208,4.916965221020753e-06,2.2665836811065674
3268,2.614522904580916,0.6784,4.89684001652409e-06,1.1206681728363037
3269,2.6153230646129226,0.415,4.876753962008124e-06,0.8045282959938049
3270,2.616123224644929,2.3483,4.856707074907729e-06,1.0355784893035889
3271,2.6169233846769355,1.1389,4.836699372623821e-06,3.595430374145508
3272,2.6177235447089418,1.1106,4.8167308725232675e-06,2.2663357257843018
3273,2.618523704740948,0.9673,4.796801591938921e-06,2.2389795780181885
3274,2.6193238647729546,0.8318,4.776911548169588e-06,4.547891139984131
3275,2.620124024804961,1.2024,4.757060758480025e-06,2.1238629817962646
3276,2.6209241848369675,0.6499,4.7372492401009105e-06,1.8397995233535767
3277,2.6217243448689738,0.7419,4.717477010228838e-06,1.8227393627166748
3278,2.62252450490098,1.2057,4.697744086026273e-06,2.6027843952178955
3279,2.6233246649329867,0.3744,4.678050484621615e-06,0.8852984309196472
3280,2.624124824964993,1.11,4.658396223109085e-06,1.5708495378494263
3281,2.6249249849969996,1.0941,4.63878131854878e-06,1.998735785484314
3282,2.625725145029006,0.7245,4.6192057879666125e-06,1.214303731918335
3283,2.626525305061012,0.1173,4.599669648354349e-06,1.572739839553833
3284,2.6273254650930187,1.2284,4.580172916669551e-06,2.222282648086548
3285,2.628125625125025,1.3012,4.560715609835548e-06,1.3853734731674194
3286,2.6289257851570316,0.9653,4.541297744741496e-06,2.782944679260254
3287,2.629725945189038,0.5945,4.5219193382422806e-06,0.9760304689407349
3288,2.630526105221044,1.0403,4.5025804071585464e-06,1.5709128379821777
3289,2.6313262652530507,1.317,4.483280968276665e-06,1.9014924764633179
3290,2.632126425285057,0.7597,4.464021038348759e-06,2.853825807571411
3291,2.6329265853170636,0.9081,4.444800634092616e-06,1.7485501766204834
3292,2.63372674534907,0.9402,4.425619772191736e-06,1.8397042751312256
3293,2.634526905381076,1.1411,4.406478469295294e-06,1.8366289138793945
3294,2.6353270654130827,0.9162,4.387376742018134e-06,1.954816460609436
3295,2.636127225445089,1.2024,4.368314606940732e-06,2.166402816772461
3296,2.6369273854770956,0.7747,4.349292080609213e-06,1.5346192121505737
3297,2.637727545509102,1.2062,4.330309179535302e-06,0.8487629294395447
3298,2.638527705541108,1.1193,4.311365920196358e-06,1.7521849870681763
3299,2.6393278655731147,0.6506,4.292462319035306e-06,1.2597602605819702
3300,2.640128025605121,0.8502,4.273598392460659e-06,1.0849918127059937
3301,2.6409281856371276,0.8081,4.254774156846469e-06,2.180797576904297
3302,2.641728345669134,1.6633,4.235989628532389e-06,4.565767288208008
3303,2.64252850570114,2.0504,4.217244823823546e-06,2.265416383743286
3304,2.6433286657331467,0.5406,4.198539758990627e-06,1.2840272188186646
3305,2.644128825765153,0.8159,4.179874450269794e-06,1.2127902507781982
3306,2.6449289857971596,1.1164,4.161248913862731e-06,2.4150025844573975
3307,2.645729145829166,0.7261,4.142663165936578e-06,2.6497342586517334
3308,2.646529305861172,0.7921,4.1241172226239525e-06,2.30037522315979
3309,2.6473294658931787,0.8255,4.105611100022894e-06,2.343172311782837
3310,2.648129625925185,0.8078,4.0871448141969135e-06,2.088230848312378
3311,2.6489297859571916,0.6101,4.0687183811749294e-06,1.6942262649536133
3312,2.649729945989198,1.3371,4.050331816951242e-06,2.371661901473999
3313,2.650530106021204,0.8611,4.031985137485594e-06,2.4722607135772705
3314,2.6513302660532108,0.5201,4.013678358703071e-06,1.7154170274734497
3315,2.652130426085217,1.1426,3.995411496494134e-06,1.897676706314087
3316,2.6529305861172237,1.1402,3.9771845667145815e-06,2.167212724685669
3317,2.65373074614923,0.6664,3.958997585185597e-06,1.9121278524398804
3318,2.654530906181236,0.6851,3.9408505676936325e-06,2.7887203693389893
3319,2.6553310662132428,1.1329,3.922743529990486e-06,3.9159421920776367
3320,2.656131226245249,1.0125,3.904676487793235e-06,1.347166895866394
3321,2.6569313862772557,1.4957,3.886649456784253e-06,1.5575246810913086
3322,2.657731546309262,1.7177,3.868662452611182e-06,2.2810676097869873
3323,2.658531706341268,1.5693,3.850715490886908e-06,1.5963517427444458
3324,2.659331866373275,1.2293,3.8328085871895625e-06,1.310531497001648
3325,2.660132026405281,0.9871,3.814941757062529e-06,3.686951160430908
3326,2.6609321864372877,0.6772,3.79711501601438e-06,1.4414234161376953
3327,2.661732346469294,1.4437,3.7793283795188984e-06,1.8616664409637451
3328,2.6625325065013,1.5827,3.7615818630150514e-06,2.2159900665283203
3329,2.663332666533307,0.2487,3.7438754819070056e-06,1.3964123725891113
3330,2.664132826565313,1.0076,3.7262092515640555e-06,1.809406042098999
3331,2.6649329865973197,1.3803,3.7085831873206744e-06,1.8581440448760986
3332,2.665733146629326,0.5189,3.6909973044764347e-06,1.9056763648986816
3333,2.666533306661332,1.4714,3.673451618296081e-06,1.8194754123687744
3334,2.667333466693339,1.9714,3.65594614400942e-06,2.6149234771728516
3335,2.668133626725345,1.6003,3.638480896811386e-06,0.763517439365387
3336,2.6689337867573517,0.465,3.621055891861963e-06,1.625010371208191
3337,2.669733946789358,1.3657,3.6036711442862525e-06,2.4848310947418213
3338,2.670534106821364,1.1243,3.5863266691743612e-06,1.7998501062393188
3339,2.671334266853371,1.1012,3.56902248158148e-06,2.0794119834899902
3340,2.672134426885377,1.0025,3.5517585965277877e-06,1.9873121976852417
3341,2.6729345869173837,0.6343,3.534535028998526e-06,1.1734881401062012
3342,2.67373474694939,0.8755,3.5173517939439127e-06,1.3415693044662476
3343,2.674534906981396,0.821,3.500208906279151e-06,1.6052703857421875
3344,2.675335067013403,0.7622,3.4831063808844544e-06,1.1557811498641968
3345,2.676135227045409,1.3151,3.4660442326049703e-06,2.0954232215881348
3346,2.6769353870774157,0.8166,3.449022476250807e-06,1.4192700386047363
3347,2.677735547109422,0.4125,3.432041126597013e-06,1.8499548435211182
3348,2.678535707141428,1.2078,3.4151001983835693e-06,1.4178959131240845
3349,2.6793358671734344,1.4277,3.3981997063153693e-06,2.294327974319458
3350,2.680136027205441,1.2509,3.3813396650621997e-06,1.25099778175354
3351,2.6809361872374478,1.1965,3.364520089258727e-06,0.7831451296806335
3352,2.681736347269454,1.1998,3.3477409935045336e-06,0.7061423063278198
3353,2.68253650730146,1.3416,3.331002392364019e-06,3.756352663040161
3354,2.6833366673334664,1.242,3.314304300366461e-06,3.6232922077178955
3355,2.684136827365473,0.8417,3.2976467320059433e-06,3.9647762775421143
3356,2.6849369873974798,0.9574,3.2810297017414283e-06,2.4679858684539795
3357,2.685737147429486,1.3597,3.264453223996644e-06,1.9088971614837646
3358,2.686537307461492,0.6675,3.2479173131601314e-06,1.2873477935791016
3359,2.6873374674934984,1.1905,3.23142198358522e-06,2.4185357093811035
3360,2.688137627525505,1.0535,3.2149672495900286e-06,2.2372384071350098
3361,2.6889377875575113,1.1818,3.198553125457421e-06,1.9633363485336304
3362,2.689737947589518,1.1971,3.182179625435011e-06,3.286278009414673
3363,2.6905381076215242,1.0979,3.165846763735153e-06,2.4840970039367676
3364,2.6913382676535305,0.9715,3.149554554534939e-06,1.9431947469711304
3365,2.692138427685537,0.6528,3.1333030119761688e-06,2.885488271713257
3366,2.6929385877175434,1.2341,3.1170921501653238e-06,2.4521780014038086
3367,2.69373874774955,0.4565,3.100921983173588e-06,1.0141632556915283
3368,2.6945389077815562,1.1684,3.0847925250368446e-06,1.721417784690857
3369,2.6953390678135625,1.2533,3.068703789755606e-06,1.705810546875
3370,2.696139227845569,0.8622,3.052655791295039e-06,2.0918309688568115
3371,2.6969393878775754,1.3448,3.0366485435849913e-06,3.7080395221710205
3372,2.697739547909582,0.5022,3.020682060519886e-06,1.1043375730514526
3373,2.6985397079415883,0.9048,3.004756355958793e-06,3.1208651065826416
3374,2.6993398679735945,0.9114,2.9888714437253716e-06,1.9089930057525635
3375,2.700140028005601,1.4635,2.973027337607892e-06,2.2462103366851807
3376,2.7009401880376074,0.8354,2.9572240513591864e-06,1.7914276123046875
3377,2.701740348069614,0.9423,2.9414615986966655e-06,2.260180711746216
3378,2.7025405081016203,0.9521,2.9257399933022734e-06,1.4179391860961914
3379,2.7033406681336265,0.886,2.9100592488225387e-06,1.98789644241333
3380,2.704140828165633,1.1706,2.894419378868485e-06,1.5649569034576416
3381,2.7049409881976394,0.2694,2.8788203970156803e-06,1.3220256567001343
3382,2.705741148229646,0.9675,2.863262316804177e-06,1.2931157350540161
3383,2.7065413082616523,0.5557,2.847745151738562e-06,1.880667805671692
3384,2.7073414682936585,0.9565,2.8322689152878777e-06,1.3945738077163696
3385,2.708141628325665,1.4446,2.8168336208856283e-06,1.2748842239379883
3386,2.7089417883576714,1.039,2.8014392819298296e-06,1.433712363243103
3387,2.709741948389678,0.8518,2.7860859117828987e-06,1.860815405845642
3388,2.7105421084216843,0.7192,2.7707735237717135e-06,1.3653432130813599
3389,2.7113422684536905,1.3152,2.755502131187565e-06,5.007330894470215
3390,2.712142428485697,0.9575,2.7402717472861937e-06,3.611661195755005
3391,2.7129425885177034,0.9645,2.725082385287708e-06,1.729365587234497
3392,2.71374274854971,0.9004,2.7099340583766118e-06,1.5793977975845337
3393,2.7145429085817163,0.7383,2.6948267797018145e-06,1.4274574518203735
3394,2.7153430686137225,0.91,2.679760562376582e-06,1.4224662780761719
3395,2.716143228645729,0.8641,2.6647354194785257e-06,1.709656834602356
3396,2.7169433886777354,0.5309,2.649751364049613e-06,1.3527278900146484
3397,2.717743548709742,0.9014,2.634808409096168e-06,1.981331467628479
3398,2.7185437087417483,1.2194,2.619906567588809e-06,2.153484582901001
3399,2.7193438687737546,1.3559,2.605045852462473e-06,2.377028465270996
3400,2.7201440288057612,1.1497,2.590226276616414e-06,1.5471214056015015
3401,2.7209441888377675,0.9239,2.57544785291417e-06,1.9826375246047974
3402,2.721744348869774,0.7639,2.560710594183552e-06,1.3674602508544922
3403,2.7225445089017803,0.8135,2.5460145132166324e-06,1.4144574403762817
3404,2.7233446689337866,1.238,2.5313596227697745e-06,1.5771392583847046
3405,2.7241448289657932,2.24,2.5167459355635525e-06,0.8431111574172974
3406,2.7249449889977995,2.0661,2.5021734642827864e-06,3.323683738708496
3407,2.725745149029806,1.1587,2.4876422215765303e-06,2.779724359512329
3408,2.7265453090618124,2.7054,2.4731522200580393e-06,0.8986077904701233
3409,2.7273454690938186,0.3877,2.4587034723047686e-06,1.2052429914474487
3410,2.7281456291258253,1.0467,2.4442959908583918e-06,4.649882793426514
3411,2.7289457891578315,0.7041,2.429929788224722e-06,2.7485690116882324
3412,2.729745949189838,0.9313,2.415604876873778e-06,1.779151201248169
3413,2.7305461092218444,0.5985,2.4013212692397037e-06,3.3905482292175293
3414,2.7313462692538506,1.0204,2.3870789777208304e-06,1.4292082786560059
3415,2.7321464292858573,0.4776,2.3728780146795913e-06,3.9130892753601074
3416,2.7329465893178635,0.8527,2.358718392442566e-06,1.4385672807693481
3417,2.73374674934987,1.1215,2.3446001233004334e-06,1.5191291570663452
3418,2.7345469093818764,1.5415,2.330523219508007e-06,2.097564697265625
3419,2.7353470694138826,0.8716,2.3164876932841638e-06,1.8966506719589233
3420,2.7361472294458893,1.7882,2.302493556811874e-06,0.9518006443977356
3421,2.7369473894778955,1.4107,2.288540822238189e-06,2.295574903488159
3422,2.737747549509902,1.3293,2.274629501674219e-06,2.0209779739379883
3423,2.7385477095419084,0.9202,2.2607596071951286e-06,1.5931161642074585
3424,2.7393478695739146,0.4079,2.2469311508401145e-06,5.530065059661865
3425,2.7401480296059213,1.5199,2.2331441446124034e-06,1.5409878492355347
3426,2.7409481896379275,0.8957,2.219398600479267e-06,3.0022265911102295
3427,2.741748349669934,0.5808,2.205694530371966e-06,1.5654616355895996
3428,2.7425485097019404,1.107,2.1920319461857518e-06,1.849900484085083
3429,2.7433486697339466,1.0756,2.178410859779906e-06,3.7743043899536133
3430,2.7441488297659533,1.201,2.1648312829776473e-06,2.2882142066955566
3431,2.7449489897979595,0.5809,2.151293227566181e-06,1.5690919160842896
3432,2.745749149829966,1.1132,2.1377967052966685e-06,2.1369199752807617
3433,2.7465493098619724,1.0651,2.1243417278842325e-06,1.5679481029510498
3434,2.7473494698939787,0.6228,2.11092830700792e-06,1.5073891878128052
3435,2.7481496299259853,1.0431,2.097556454310701e-06,1.5272687673568726
3436,2.7489497899579916,1.1231,2.084226181399479e-06,1.7572764158248901
3437,2.749749949989998,0.8299,2.0709374998450713e-06,1.227241039276123
3438,2.7505501100220044,0.2055,2.057690421182168e-06,0.9767993688583374
3439,2.7513502700540107,0.9028,2.0444849569093705e-06,4.7111358642578125
3440,2.7521504300860173,0.6132,2.031321118489138e-06,2.074702024459839
3441,2.7529505901180236,0.8364,2.01819891734783e-06,1.533307433128357
3442,2.7537507501500302,0.8654,2.0051183648756243e-06,1.8229141235351562
3443,2.7545509101820365,1.6528,1.9920794724265836e-06,2.190009355545044
3444,2.7553510702140427,1.2727,1.9790822513185758e-06,5.705410957336426
3445,2.7561512302460494,0.3405,1.9661267128333326e-06,1.1981983184814453
3446,2.7569513902780556,0.8265,1.953212868216381e-06,1.3495217561721802
3447,2.7577515503100622,0.9695,1.940340728677059e-06,2.0639522075653076
3448,2.7585517103420685,1.4402,1.927510305388508e-06,1.319321870803833
3449,2.7593518703740747,0.9139,1.914721609487674e-06,1.9058871269226074
3450,2.7601520304060814,1.2284,1.9019746520752501e-06,2.2664129734039307
3451,2.7609521904380876,1.056,1.8892694442157355e-06,1.9463740587234497
3452,2.7617523504700943,1.0302,1.8766059969373528e-06,1.7491791248321533
3453,2.7625525105021005,2.0274,1.8639843212321205e-06,3.745429754257202
3454,2.7633526705341067,0.6234,1.8514044280557696e-06,1.0878177881240845
3455,2.7641528305661134,0.7938,1.8388663283277595e-06,2.384582042694092
3456,2.7649529905981196,1.0612,1.826370032931285e-06,1.8960801362991333
3457,2.7657531506301263,0.7696,1.8139155527132634e-06,1.8520342111587524
3458,2.7665533106621325,0.9986,1.8015028984842919e-06,1.9558610916137695
3459,2.7673534706941387,0.3024,1.789132081018674e-06,3.785982131958008
3460,2.768153630726145,0.6952,1.7768031110544147e-06,1.5708781480789185
3461,2.7689537907581516,0.8249,1.7645159992931703e-06,2.3537046909332275
3462,2.7697539507901583,0.9248,1.7522707564002704e-06,1.9525312185287476
3463,2.7705541108221645,1.1004,1.7400673930046962e-06,1.9136978387832642
3464,2.7713542708541707,1.2916,1.7279059196991077e-06,1.9926979541778564
3465,2.772154430886177,0.4922,1.7157863470397717e-06,1.566721796989441
3466,2.7729545909181836,1.3565,1.70370868554659e-06,1.920611023902893
3467,2.7737547509501903,1.1063,1.6916729457030878e-06,1.7885236740112305
3468,2.7745549109821965,1.0112,1.6796791379564137e-06,2.0856401920318604
3469,2.7753550710142028,0.3505,1.6677272727173122e-06,0.7843603491783142
3470,2.776155231046209,0.1468,1.655817360360107e-06,2.955780029296875
3471,2.7769553910782157,1.2844,1.6439494112227172e-06,2.953141212463379
3472,2.7777555511102223,1.3097,1.6321234356066473e-06,2.4820706844329834
3473,2.7785557111422285,1.066,1.6203394437769526e-06,1.594952940940857
3474,2.7793558711742348,1.1301,1.6085974459622566e-06,1.861606240272522
3475,2.780156031206241,0.6995,1.5968974523547232e-06,4.763463973999023
3476,2.7809561912382477,1.0847,1.5852394731100618e-06,5.164669513702393
3477,2.781756351270254,0.8456,1.5736235183475167e-06,1.7065166234970093
3478,2.7825565113022606,0.6726,1.5620495981498395e-06,1.0188449621200562
3479,2.783356671334267,0.7995,1.5505177225633105e-06,1.4597922563552856
3480,2.784156831366273,1.1928,1.5390279015977117e-06,2.5891613960266113
3481,2.7849569913982797,1.0923,1.5275801452263205e-06,2.051008462905884
3482,2.785757151430286,0.3869,1.5161744633858942e-06,1.2379711866378784
3483,2.7865573114622926,0.471,1.5048108659766691e-06,1.0725702047348022
3484,2.787357471494299,1.0996,1.4934893628623769e-06,2.4167354106903076
3485,2.788157631526305,0.7637,1.4822099638701847e-06,1.4848145246505737
3486,2.7889577915583117,0.7208,1.4709726787907107e-06,2.018730640411377
3487,2.789757951590318,0.8197,1.4597775173780415e-06,0.7360646724700928
3488,2.7905581116223246,1.2808,1.4486244893496814e-06,3.180115222930908
3489,2.791358271654331,1.551,1.437513604386559e-06,1.973204255104065
3490,2.792158431686337,1.1164,1.426444872133037e-06,2.927126884460449
3491,2.7929585917183437,0.8582,1.4154183021968802e-06,2.038491725921631
3492,2.79375875175035,1.0164,1.404433904149266e-06,3.2328386306762695
3493,2.7945589117823566,0.6934,1.3934916875247506e-06,1.5403504371643066
3494,2.795359071814363,1.1657,1.3825916618212809e-06,1.809532880783081
3495,2.796159231846369,1.8765,1.3717338365001942e-06,2.1006953716278076
3496,2.7969593918783757,0.5505,1.3609182209861848e-06,1.253117561340332
3497,2.797759551910382,1.1719,1.3501448246673099e-06,2.336937189102173
3498,2.7985597119423886,1.1699,1.3394136568949833e-06,2.3503260612487793
3499,2.799359871974395,1.2362,1.3287247269839653e-06,2.9436042308807373
3500,2.800160032006401,0.6695,1.3180780442123453e-06,1.963779091835022
3501,2.8009601920384077,1.5644,1.307473617821553e-06,1.702354907989502
3502,2.801760352070414,1.0898,1.296911457016331e-06,2.354670763015747
3503,2.8025605121024206,1.1018,1.2863915709647345e-06,1.5858020782470703
3504,2.803360672134427,1.2173,1.275913968798137e-06,1.8860645294189453
3505,2.804160832166433,1.3594,1.2654786596111857e-06,4.014440059661865
3506,2.8049609921984398,1.0037,1.2550856524618349e-06,1.767882227897644
3507,2.805761152230446,1.0993,1.2447349563713184e-06,2.3285422325134277
3508,2.8065613122624526,0.8778,1.234426580324144e-06,1.675049066543579
3509,2.807361472294459,0.3937,1.2241605332680706e-06,0.8070347309112549
3510,2.808161632326465,2.9501,1.213936824114137e-06,0.8111733198165894
3511,2.8089617923584718,0.9081,1.2037554617366164e-06,1.0082513093948364
3512,2.809761952390478,1.3018,1.1936164549730345e-06,2.091449499130249
3513,2.8105621124224847,1.635,1.183519812624151e-06,1.5246809720993042
3514,2.811362272454491,0.9186,1.1734655434539331e-06,1.5207266807556152
3515,2.812162432486497,1.1603,1.1634536561896003e-06,1.4376304149627686
3516,2.812962592518504,1.1875,1.1534841595215617e-06,1.7828035354614258
3517,2.81376275255051,1.3064,1.1435570621034397e-06,1.6867152452468872
3518,2.8145629125825167,1.0522,1.1336723725520471e-06,1.3947737216949463
3519,2.815363072614523,0.7168,1.1238300994473983e-06,1.5233248472213745
3520,2.816163232646529,1.2982,1.1140302513326705e-06,1.815799355506897
3521,2.816963392678536,1.6526,1.1042728367142318e-06,2.2993862628936768
3522,2.817763552710542,1.2563,1.0945578640616184e-06,3.545757532119751
3523,2.8185637127425487,0.6026,1.0848853418075179e-06,1.2018790245056152
3524,2.819363872774555,1.1446,1.0752552783477698e-06,2.354226589202881
3525,2.820164032806561,1.0424,1.0656676820413603e-06,2.9578335285186768
3526,2.820964192838568,1.0106,1.0561225612104264e-06,1.363471508026123
3527,2.821764352870574,0.5366,1.0466199241402186e-06,1.0468425750732422
3528,2.8225645129025807,1.714,1.0371597790791166e-06,3.474440813064575
3529,2.823364672934587,0.9707,1.0277421342386239e-06,2.898874521255493
3530,2.824164832966593,0.8624,1.0183669977933464e-06,2.3604393005371094
3531,2.8249649929986,1.1634,1.0090343778809908e-06,2.162132978439331
3532,2.825765153030606,0.7315,9.997442826023605e-07,1.5000478029251099
3533,2.8265653130626127,1.4913,9.904967200213554e-07,2.0871410369873047
3534,2.827365473094619,0.9685,9.812916981649433e-07,2.721733570098877
3535,2.828165633126625,1.0293,9.721292250231661e-07,1.9867722988128662
3536,2.828965793158632,0.8856,9.630093085491565e-07,1.5478520393371582
3537,2.829765953190638,1.4408,9.539319566590765e-07,2.320884943008423
3538,2.8305661132226447,0.9077,9.448971772321624e-07,1.5554161071777344
3539,2.831366273254651,1.0069,9.35904978110691e-07,2.4397737979888916
3540,2.832166433286657,0.8805,9.269553670999742e-07,2.11641263961792
3541,2.832966593318664,1.3186,9.180483519683647e-07,1.6874945163726807
3542,2.83376675335067,0.3517,9.091839404472335e-07,0.8002955913543701
3543,2.8345669133826767,1.0353,9.003621402309814e-07,3.3087871074676514
3544,2.835367073414683,1.0059,8.915829589770164e-07,2.036456346511841
3545,2.836167233446689,0.8824,8.828464043057427e-07,1.764616847038269
3546,2.836967393478696,0.3636,8.741524838005888e-07,1.7083135843276978
3547,2.837767553510702,0.8711,8.65501205007957e-07,1.2064845561981201
3548,2.8385677135427088,1.2141,8.568925754372348e-07,1.3234031200408936
3549,2.839367873574715,1.1177,8.48326602560806e-07,2.816190481185913
3550,2.840168033606721,1.3896,8.398032938140121e-07,3.3876805305480957
3551,2.840968193638728,1.6055,8.313226565951737e-07,2.614755630493164
3552,2.841768353670734,1.3797,8.228846982655525e-07,3.598092794418335
3553,2.8425685137027408,0.7045,8.144894261493952e-07,1.4824714660644531
3554,2.843368673734747,0.9084,8.061368475338726e-07,0.9725676774978638
3555,2.8441688337667532,0.8984,7.97826969669102e-07,2.155106544494629
3556,2.84496899379876,2.9836,7.895597997681358e-07,0.799797773361206
3557,2.845769153830766,0.6648,7.813353450069671e-07,2.1686806678771973
3558,2.846569313862773,1.9987,7.731536125244965e-07,0.8545283079147339
3559,2.847369473894779,0.6684,7.650146094225486e-07,1.069209098815918
3560,2.8481696339267852,0.7197,7.5691834276585e-07,1.6374918222427368
3561,2.848969793958792,1.0918,7.488648195820513e-07,2.6978347301483154
3562,2.849769953990798,0.7968,7.408540468616775e-07,2.915752649307251
3563,2.850570114022805,0.526,7.328860315581665e-07,1.8256299495697021
3564,2.851370274054811,1.0135,7.249607805878244e-07,1.5933418273925781
3565,2.8521704340868173,1.1657,7.170783008298487e-07,1.4502109289169312
3566,2.852970594118824,1.4335,7.092385991263162e-07,1.934583067893982
3567,2.85377075415083,0.8818,7.014416822821556e-07,2.0794756412506104
3568,2.854570914182837,0.956,6.936875570651591e-07,2.009275197982788
3569,2.855371074214843,1.0436,6.859762302060035e-07,1.7410112619400024
3570,2.8561712342468493,0.1136,6.783077083981792e-07,2.543928623199463
3571,2.856971394278856,1.0384,6.70681998298045e-07,1.4625998735427856
3572,2.857771554310862,0.365,6.630991065247783e-07,1.167065978050232
3573,2.858571714342869,0.9797,6.55559039660425e-07,1.4745185375213623
3574,2.859371874374875,1.2763,6.480618042498165e-07,1.6966322660446167
3575,2.8601720344068813,0.9849,6.406074068006362e-07,2.9076452255249023
3576,2.8609721944388875,0.7404,6.331958537833693e-07,2.0597715377807617
3577,2.861772354470894,0.6384,6.258271516313196e-07,1.48048996925354
3578,2.862572514502901,0.7738,6.185013067405932e-07,1.40607488155365
3579,2.863372674534907,0.5326,6.112183254700865e-07,0.8213555812835693
3580,2.8641728345669133,0.7847,6.03978214141504e-07,2.973409414291382
3581,2.8649729945989195,0.6713,5.967809790393297e-07,2.1201279163360596
3582,2.865773154630926,0.9519,5.896266264108386e-07,2.829694986343384
3583,2.866573314662933,0.4338,5.825151624660685e-07,0.6520057320594788
3584,2.867373474694939,0.47,5.754465933778485e-07,2.1284193992614746
3585,2.8681736347269453,0.6103,5.684209252817651e-07,1.2894130945205688
3586,2.8689737947589515,0.6712,5.614381642761624e-07,2.288355588912964
3587,2.869773954790958,1.4395,5.544983164221418e-07,1.7451539039611816
3588,2.8705741148229644,0.8777,5.476013877435626e-07,2.444444179534912
3589,2.871374274854971,1.6865,5.407473842270306e-07,2.1598989963531494
3590,2.8721744348869773,1.2469,5.339363118218809e-07,1.6969901323318481
3591,2.8729745949189835,0.9531,5.271681764401848e-07,1.9899893999099731
3592,2.87377475495099,0.7751,5.204429839567648e-07,1.7959094047546387
3593,2.8745749149829964,1.2897,5.13760740209146e-07,1.6026972532272339
3594,2.875375075015003,1.2655,5.071214509975775e-07,1.6047134399414062
3595,2.8761752350470093,0.8566,5.005251220850272e-07,1.8564338684082031
3596,2.8769753950790156,0.3684,4.939717591971759e-07,5.855191707611084
3597,2.8777755551110222,0.6933,4.874613680224071e-07,0.9640634655952454
3598,2.8785757151430285,1.1413,4.809939542118003e-07,1.574201226234436
3599,2.879375875175035,0.9335,4.7456952337913693e-07,1.5560344457626343
3600,2.8801760352070414,1.2322,4.6818808110087875e-07,2.39497971534729
3601,2.8809761952390476,1.0185,4.6184963291618923e-07,2.338740587234497
3602,2.8817763552710542,1.0691,4.5555418432688956e-07,2.693812131881714
3603,2.8825765153030605,0.8766,4.493017407975086e-07,1.9891440868377686
3604,2.883376675335067,1.5534,4.430923077552107e-07,1.8379054069519043
3605,2.8841768353670734,1.5185,4.3692589058985654e-07,1.8753564357757568
3606,2.8849769953990796,1.2758,4.308024946539424e-07,1.795717716217041
3607,2.8857771554310863,0.8669,4.2472212526264987e-07,1.5180548429489136
3608,2.8865773154630925,1.2783,4.186847876937905e-07,1.7738178968429565
3609,2.887377475495099,1.3724,4.126904871878334e-07,1.4265216588974
3610,2.8881776355271054,1.1259,4.0673922894788885e-07,2.2065680027008057
3611,2.8889777955591116,0.9335,4.0083101813970793e-07,1.7939730882644653
3612,2.8897779555911183,1.3751,3.949658598916772e-07,2.1341183185577393
3613,2.8905781156231245,0.6266,3.8914375929480773e-07,1.0022374391555786
3614,2.891378275655131,1.3988,3.833647214027403e-07,2.8931055068969727
3615,2.8921784356871374,2.4628,3.7762875123173445e-07,0.8117812275886536
3616,2.8929785957191436,1.3616,3.719358537606743e-07,2.1992459297180176
3617,2.8937787557511503,0.8502,3.6628603393104034e-07,1.3150315284729004
3618,2.8945789157831565,1.5174,3.6067929664693747e-07,2.0938425064086914
3619,2.895379075815163,1.0318,3.551156467750671e-07,1.501147747039795
3620,2.8961792358471694,0.7499,3.4959508914472747e-07,3.961275815963745
3621,2.8969793958791756,0.9972,3.4411762854782423e-07,1.495842456817627
3622,2.8977795559111823,1.434,3.386832697388376e-07,1.3612972497940063
3623,2.8985797159431885,0.5043,3.332920174348497e-07,1.2910726070404053
3624,2.899379875975195,0.8869,3.279438763155174e-07,1.4930447340011597
3625,2.9001800360072014,0.5727,3.2263885102308265e-07,3.0324883460998535
3626,2.9009801960392076,0.5642,3.1737694616235106e-07,4.281129837036133
3627,2.9017803560712143,1.7415,3.1215816630071335e-07,3.7069499492645264
3628,2.9025805161032205,1.1895,3.0698251596811835e-07,2.2683537006378174
3629,2.903380676135227,1.3783,3.018499996570834e-07,2.1090595722198486
3630,2.9041808361672334,1.3096,2.967606218226837e-07,2.1249377727508545
3631,2.9049809961992397,0.5733,2.9171438688254114e-07,1.0518513917922974
3632,2.9057811562312463,0.8068,2.8671129921684637e-07,2.1433730125427246
3633,2.9065813162632526,0.4763,2.8175136316831996e-07,2.296245574951172
3634,2.9073814762952592,0.7002,2.768345830422403e-07,2.799992084503174
3635,2.9081816363272655,1.19,2.719609631064157e-07,1.2420291900634766
3636,2.9089817963592717,1.171,2.671305075912012e-07,1.8058879375457764
3637,2.9097819563912783,1.5619,2.6234322068947046e-07,2.037034749984741
3638,2.9105821164232846,1.4346,2.575991065566441e-07,2.385085344314575
3639,2.9113822764552912,1.5757,2.528981693106558e-07,1.4566595554351807
3640,2.9121824364872975,0.9557,2.4824041303196376e-07,1.6853082180023193
3641,2.9129825965193037,0.8295,2.4362584176353955e-07,1.7634921073913574
3642,2.9137827565513104,0.9343,2.3905445951089013e-07,4.278128147125244
3643,2.9145829165833166,0.1168,2.3452627024200813e-07,0.6730632781982422
3644,2.9153830766153233,0.9022,2.3004127788741613e-07,1.249976396560669
3645,2.9161832366473295,0.7822,2.2559948634011673e-07,1.3260512351989746
3646,2.9169833966793357,0.8094,2.2120089945563694e-07,2.4804937839508057
3647,2.9177835567113424,0.9594,2.1684552105199484e-07,1.3468351364135742
3648,2.9185837167433486,0.4637,2.1253335490969417e-07,1.7660207748413086
3649,2.9193838767753553,0.3087,2.082644047717408e-07,2.6266772747039795
3650,2.9201840368073615,1.3145,2.0403867434363176e-07,1.4862277507781982
3651,2.9209841968393677,0.6333,1.9985616729332747e-07,1.4411771297454834
3652,2.9217843568713744,0.6086,1.95716887251296e-07,1.1488991975784302
3653,2.9225845169033806,0.8505,1.916208378104689e-07,1.3617206811904907
3654,2.9233846769353873,1.2948,1.875680225262577e-07,2.0296056270599365
3655,2.9241848369673935,0.2993,1.8355844491654283e-07,2.267650604248047
3656,2.9249849969993997,1.1645,1.7959210846167918e-07,1.5811433792114258
3657,2.9257851570314064,1.0696,1.7566901660448497e-07,1.497215986251831
3658,2.9265853170634126,1.4533,1.7178917275024188e-07,1.8532110452651978
3659,2.9273854770954193,0.9052,1.6795258026669482e-07,1.1991276741027832
3660,2.9281856371274255,0.6617,1.6415924248403548e-07,2.144655227661133
3661,2.9289857971594317,0.926,1.6040916269492446e-07,1.7306848764419556
3662,2.9297859571914384,0.9932,1.5670234415446906e-07,1.719560146331787
3663,2.9305861172234446,0.2255,1.530387900802177e-07,0.7878818511962891
3664,2.9313862772554513,1.107,1.4941850365217113e-07,1.634557843208313
3665,2.9321864372874575,1.5006,1.4584148801277676e-07,2.3773248195648193
3666,2.9329865973194638,0.8568,1.4230774626691756e-07,1.8996965885162354
3667,2.9337867573514704,0.286,1.3881728148191776e-07,1.0714600086212158
3668,2.9345869173834767,1.0357,1.3537009668753154e-07,2.3723065853118896
3669,2.9353870774154833,0.7866,1.3196619487594874e-07,1.229907512664795
3670,2.9361872374474896,1.2718,1.2860557900178927e-07,2.333735227584839
3671,2.9369873974794958,0.5927,1.2528825198210303e-07,1.1992548704147339
3672,2.9377875575115024,0.8291,1.2201421669636449e-07,1.4056425094604492
3673,2.9385877175435087,1.1124,1.1878347598646144e-07,1.5633379220962524
3674,2.9393878775755153,1.0205,1.1559603265670627e-07,1.6866682767868042
3675,2.9401880376075216,1.5005,1.1245188947384134e-07,5.430008888244629
3676,2.940988197639528,1.0125,1.0935104916700023e-07,1.704291820526123
3677,2.9417883576715345,0.8167,1.062935144277577e-07,2.6141884326934814
3678,2.9425885177035407,1.3265,1.0327928791006857e-07,1.8520373106002808
3679,2.9433886777355474,2.2882,1.0030837223032329e-07,0.9700882434844971
3680,2.9441888377675536,0.7005,9.738076996729794e-08,2.3174595832824707
3681,2.94498899779956,1.3323,9.449648366217644e-08,2.059757947921753
3682,2.9457891578315665,2.4013,9.165551581856169e-08,2.597442388534546
3683,2.9465893178635727,1.0522,8.885786890242554e-08,1.3132286071777344
3684,2.9473894778955794,1.1057,8.61035453421588e-08,1.575892686843872
3685,2.9481896379275856,1.447,8.339254752854353e-08,1.5665513277053833
3686,2.948989797959592,1.8181,8.072487781475291e-08,3.1697468757629395
3687,2.949789957991598,1.2221,7.81005385163458e-08,1.697300910949707
3688,2.9505901180236047,1.166,7.551953191127225e-08,1.6912509202957153
3689,2.9513902780556114,1.8594,7.298186023987352e-08,1.4012119770050049
3690,2.9521904380876176,0.8276,7.048752570488204e-08,3.0973501205444336
3691,2.952990598119624,0.7114,6.803653047138813e-08,1.2135789394378662
3692,2.95379075815163,1.2403,6.562887666689555e-08,2.782618761062622
3693,2.9545909181836367,1.1192,6.326456638125478e-08,3.3170077800750732
3694,2.9553910782156434,1.2775,6.09436016667242e-08,2.4493823051452637
3695,2.9561912382476496,1.3218,5.866598453792005e-08,1.0696392059326172
3696,2.956991398279656,0.7762,5.6431716971833135e-08,2.0602498054504395
3697,2.957791558311662,0.8451,5.4240800907828795e-08,2.023442268371582
3698,2.9585917183436687,0.3026,5.209323824764689e-08,2.0966265201568604
3699,2.9593918783756754,2.4479,4.998903085539075e-08,1.1464146375656128
3700,2.9601920384076816,0.4489,4.792818055753268e-08,1.1582210063934326
3701,2.960992198439688,1.5607,4.591068914291396e-08,2.958442211151123
3702,2.961792358471694,1.0996,4.393655836272825e-08,1.2451422214508057
3703,2.9625925185037008,1.7925,4.2005789930549266e-08,1.6040599346160889
3704,2.963392678535707,2.3033,4.011838552229752e-08,2.916166305541992
3705,2.9641928385677137,0.8972,3.827434677626252e-08,1.981379508972168
3706,2.96499299859972,1.0663,3.64736752930861e-08,2.7633605003356934
3707,2.965793158631726,0.6887,3.471637263576799e-08,1.4376916885375977
3708,2.9665933186637328,1.4483,3.300244032966582e-08,2.1230995655059814
3709,2.967393478695739,0.767,3.133187986248398e-08,2.2086949348449707
3710,2.9681936387277457,0.8641,2.9704692684290325e-08,1.5216513872146606
3711,2.968993798759752,0.7736,2.8120880207493928e-08,1.930087924003601
3712,2.969793958791758,2.2227,2.6580443806867306e-08,1.1853078603744507
3713,2.970594118823765,0.7041,2.5083384819518664e-08,1.0195814371109009
3714,2.971394278855771,1.1207,2.3629704544914088e-08,1.7990471124649048
3715,2.9721944388877777,1.1731,2.2219404244855356e-08,1.343279480934143
3716,2.972994598919784,0.7687,2.085248514350213e-08,1.2081873416900635
3717,2.97379475895179,1.9672,1.952894842735531e-08,1.7294875383377075
3718,2.974594918983797,0.5325,1.824879524524592e-08,1.0668528079986572
3719,2.975395079015803,1.1987,1.7012026708373983e-08,1.5552493333816528
3720,2.9761952390478097,1.6792,1.5818643890258557e-08,0.6088122725486755
3721,2.976995399079816,0.6657,1.466864782677102e-08,1.0458413362503052
3722,2.977795559111822,0.5939,1.3562039516112901e-08,1.2560582160949707
3723,2.978595719143829,1.03,1.2498819918843607e-08,1.7537336349487305
3724,2.979395879175835,1.0544,1.1478989957830478e-08,2.6063942909240723
3725,2.9801960392078417,1.3599,1.050255051830984e-08,2.443546772003174
3726,2.980996199239848,0.4765,9.569502447837053e-09,3.219797134399414
3727,2.981796359271854,1.1446,8.679846556303161e-09,2.341249704360962
3728,2.982596519303861,1.0896,7.833583615945995e-09,1.0532915592193604
3729,2.983396679335867,0.6745,7.030714361316859e-09,8.636627197265625
3730,2.9841968393678737,1.2407,6.2712394893249536e-09,2.3239314556121826
3731,2.98499699939988,0.9771,5.5551596592040564e-09,2.509669542312622
3732,2.985797159431886,1.1991,4.8824754925069775e-09,2.0709989070892334
3733,2.986597319463893,1.0258,4.253187573138862e-09,1.9116787910461426
3734,2.987397479495899,0.8762,3.6672964473238867e-09,1.5484901666641235
3735,2.9881976395279057,1.1184,3.1248026236274652e-09,1.7072206735610962
3736,2.988997799559912,1.1405,2.625706572928488e-09,3.011629104614258
3737,2.989797959591918,0.9766,2.170008728452633e-09,1.7474181652069092
3738,2.990598119623925,0.0577,1.7577094857557097e-09,0.7882038950920105
3739,2.991398279655931,0.6192,1.3888092027125598e-09,1.4240942001342773
3740,2.9921984396879377,1.1416,1.063308199528157e-09,1.645824909210205
3741,2.992998599719944,1.1736,7.812067587487093e-10,4.972100257873535
3742,2.99379875975195,0.9207,5.425051252339053e-10,3.6958868503570557
3743,2.994598919783957,1.0074,3.472035061791168e-10,1.735495686531067
3744,2.995399079815963,0.6591,1.9530207111539966e-10,0.9250624775886536
3745,2.9961992398479698,1.1603,8.68009518872892e-11,2.011700391769409
3746,2.996999399879976,1.2265,2.1700242680555706e-11,1.9881068468093872
3747,2.997799559911982,0.9737,0.0,1.2556099891662598
