2026/08/04 18:14:17.448, 1, 0
2026/08/04 18:14:18.456, 1, 0
2026/08/04 18:14:19.456, 1, 0
2026/08/04 18:14:20.457, 1, 0
2026/08/04 18:14:21.457, 1, 0
2026/08/04 18:14:22.457, 4, 0
2026/08/04 18:14:23.457, 4, 0
2026/08/04 18:14:24.458, 4, 0
2026/08/04 18:14:25.458, 4, 0
2026/08/04 18:14:26.458, 4, 0
2026/08/04 18:14:27.459, 4, 0
2026/08/04 18:14:28.459, 4, 0
2026/08/04 18:14:29.459, 4, 0
2026/08/04 18:14:30.460, 4, 0
2026/08/04 18:14:31.460, 4, 0
2026/08/04 18:14:32.460, 4, 0
2026/08/04 18:14:33.460, 4, 0
2026/08/04 18:14:34.461, 4, 0
2026/08/04 18:14:35.461, 1534, 0
2026/08/04 18:14:36.461, 2246, 0
2026/08/04 18:14:37.462, 3198, 31
2026/08/04 18:14:38.462, 4184, 31
2026/08/04 18:14:39.462, 5802, 32
2026/08/04 18:14:40.463, 5838, 1
2026/08/04 18:14:41.463, 5898, 1
2026/08/04 18:14:42.463, 6314, 3
2026/08/04 18:14:43.464, 7750, 2
2026/08/04 18:14:44.464, 9452, 100
2026/08/04 18:14:45.464, 9606, 100
2026/08/04 18:14:46.465, 10208, 100
2026/08/04 18:14:47.465, 10208, 82
2026/08/04 18:14:48.465, 10208, 85
2026/08/04 18:14:49.466, 10214, 96
2026/08/04 18:14:50.466, 12734, 100
2026/08/04 18:14:51.466, 12734, 91
2026/08/04 18:14:52.466, 12734, 100
2026/08/04 18:14:53.467, 12734, 84
2026/08/04 18:14:54.467, 12734, 100
2026/08/04 18:14:55.467, 12736, 100
2026/08/04 18:14:56.468, 12736, 100
2026/08/04 18:14:57.468, 12736, 100
2026/08/04 18:14:58.468, 12736, 100
2026/08/04 18:14:59.469, 12736, 89
2026/08/04 18:15:00.469, 12736, 100
2026/08/04 18:15:01.469, 12736, 100
2026/08/04 18:15:02.470, 12736, 100
2026/08/04 18:15:03.470, 15646, 100
2026/08/04 18:15:04.471, 15646, 100
2026/08/04 18:15:05.471, 15646, 84
2026/08/04 18:15:06.471, 15660, 100
2026/08/04 18:15:07.472, 15660, 85
2026/08/04 18:15:08.472, 19116, 100
2026/08/04 18:15:09.472, 19116, 100
2026/08/04 18:15:10.472, 19116, 100
2026/08/04 18:15:11.473, 19116, 100
2026/08/04 18:15:12.473, 19116, 70
2026/08/04 18:15:13.473, 19116, 87
2026/08/04 18:15:14.474, 19116, 84
2026/08/04 18:15:15.474, 19116, 100
2026/08/04 18:15:16.474, 19116, 100
2026/08/04 18:15:17.475, 19116, 100
2026/08/04 18:15:18.475, 19116, 100
2026/08/04 18:15:19.475, 19116, 100
2026/08/04 18:15:20.476, 19116, 100
2026/08/04 18:15:21.476, 19116, 100
2026/08/04 18:15:22.476, 19116, 88
2026/08/04 18:15:23.477, 19116, 85
2026/08/04 18:15:24.479, 19116, 100
2026/08/04 18:15:25.479, 19116, 100
2026/08/04 18:15:26.480, 19116, 100
2026/08/04 18:15:27.480, 19116, 100
2026/08/04 18:15:28.480, 19116, 100
2026/08/04 18:15:29.481, 19116, 100
2026/08/04 18:15:30.481, 19116, 86
2026/08/04 18:15:31.481, 19116, 100
2026/08/04 18:15:32.482, 19116, 100
2026/08/04 18:15:33.482, 19116, 100
2026/08/04 18:15:34.482, 19116, 100
2026/08/04 18:15:35.483, 19116, 100
2026/08/04 18:15:36.483, 19116, 100
2026/08/04 18:15:37.483, 19116, 100
2026/08/04 18:15:38.484, 19116, 100
2026/08/04 18:15:39.484, 19116, 100
2026/08/04 18:15:40.484, 19116, 100
2026/08/04 18:15:41.485, 19116, 100
2026/08/04 18:15:42.485, 19116, 100
2026/08/04 18:15:43.485, 19116, 84
2026/08/04 18:15:44.486, 19116, 83
2026/08/04 18:15:45.486, 19116, 100
2026/08/04 18:15:46.486, 19116, 100
2026/08/04 18:15:47.487, 19116, 100
2026/08/04 18:15:48.487, 19116, 72
2026/08/04 18:15:49.487, 19116, 89
2026/08/04 18:15:50.488, 19116, 100
2026/08/04 18:15:51.488, 19116, 100
2026/08/04 18:15:52.488, 19116, 100
2026/08/04 18:15:53.489, 19116, 100
2026/08/04 18:15:54.489, 19116, 100
2026/08/04 18:15:55.489, 19116, 100
2026/08/04 18:15:56.489, 19116, 100
2026/08/04 18:15:57.490, 19116, 100
2026/08/04 18:15:58.490, 19116, 100
2026/08/04 18:15:59.490, 19116, 100
2026/08/04 18:16:00.491, 19116, 100
2026/08/04 18:16:01.491, 19116, 100
2026/08/04 18:16:02.491, 22680, 100
2026/08/04 18:16:03.492, 22680, 100
2026/08/04 18:16:04.492, 22680, 82
2026/08/04 18:16:05.492, 22680, 100
2026/08/04 18:16:06.493, 22680, 84
2026/08/04 18:16:07.493, 22680, 83
2026/08/04 18:16:08.493, 22680, 100
2026/08/04 18:16:09.494, 22680, 100
2026/08/04 18:16:10.494, 22680, 100
2026/08/04 18:16:11.494, 22680, 100
2026/08/04 18:16:12.495, 22680, 100
2026/08/04 18:16:13.495, 22680, 71
2026/08/04 18:16:14.495, 22680, 100
2026/08/04 18:16:15.495, 22680, 100
2026/08/04 18:16:16.496, 22680, 100
2026/08/04 18:16:17.496, 22680, 100
2026/08/04 18:16:18.496, 22680, 100
2026/08/04 18:16:19.497, 22680, 100
2026/08/04 18:16:20.498, 22680, 100
2026/08/04 18:16:21.498, 22680, 100
2026/08/04 18:16:22.498, 22680, 100
2026/08/04 18:16:23.499, 22680, 86
2026/08/04 18:16:24.499, 22680, 100
2026/08/04 18:16:25.499, 22680, 100
2026/08/04 18:16:26.500, 22680, 100
2026/08/04 18:16:27.500, 22680, 100
2026/08/04 18:16:28.500, 22680, 100
2026/08/04 18:16:29.501, 22680, 100
2026/08/04 18:16:30.501, 22680, 84
2026/08/04 18:16:31.501, 22680, 100
2026/08/04 18:16:32.502, 22680, 100
2026/08/04 18:16:33.502, 22680, 100
2026/08/04 18:16:34.502, 22680, 100
2026/08/04 18:16:35.503, 22680, 100
2026/08/04 18:16:36.503, 22680, 100
2026/08/04 18:16:37.503, 22680, 100
2026/08/04 18:16:38.504, 22680, 100
2026/08/04 18:16:39.504, 22680, 100
2026/08/04 18:16:40.504, 22680, 100
2026/08/04 18:16:41.505, 22680, 100
2026/08/04 18:16:42.505, 22680, 100
2026/08/04 18:16:43.505, 22680, 100
2026/08/04 18:16:44.506, 22680, 100
2026/08/04 18:16:45.506, 22680, 100
2026/08/04 18:16:46.506, 22680, 100
2026/08/04 18:16:47.506, 22680, 88
2026/08/04 18:16:48.507, 22680, 100
2026/08/04 18:16:49.507, 22680, 100
2026/08/04 18:16:50.507, 22680, 100
2026/08/04 18:16:51.508, 22680, 100
2026/08/04 18:16:52.508, 22680, 100
2026/08/04 18:16:53.508, 22680, 100
2026/08/04 18:16:54.512, 22680, 100
2026/08/04 18:16:55.512, 22680, 100
2026/08/04 18:16:56.512, 22680, 89
2026/08/04 18:16:57.513, 22680, 100
2026/08/04 18:16:58.513, 22680, 75
2026/08/04 18:16:59.515, 22680, 100
2026/08/04 18:17:00.515, 22680, 100
2026/08/04 18:17:01.515, 22680, 100
2026/08/04 18:17:02.516, 22680, 100
2026/08/04 18:17:03.516, 22680, 100
2026/08/04 18:17:04.516, 22680, 86
2026/08/04 18:17:05.517, 22680, 100
2026/08/04 18:17:06.517, 22680, 100
2026/08/04 18:17:07.517, 22680, 100
2026/08/04 18:17:08.518, 22680, 100
2026/08/04 18:17:09.518, 22680, 100
2026/08/04 18:17:10.518, 22680, 100
2026/08/04 18:17:11.519, 22680, 85
2026/08/04 18:17:12.519, 22680, 100
2026/08/04 18:17:13.519, 22680, 100
2026/08/04 18:17:14.519, 22680, 100
2026/08/04 18:17:15.520, 22680, 85
2026/08/04 18:17:16.520, 22680, 100
2026/08/04 18:17:17.520, 22680, 92
2026/08/04 18:17:18.521, 22680, 85
2026/08/04 18:17:19.521, 22680, 100
2026/08/04 18:17:20.521, 22680, 100
2026/08/04 18:17:21.522, 22680, 100
2026/08/04 18:17:22.522, 22680, 100
2026/08/04 18:17:23.522, 22680, 100
2026/08/04 18:17:24.523, 22680, 100
2026/08/04 18:17:25.523, 22680, 100
2026/08/04 18:17:26.523, 22680, 100
2026/08/04 18:17:27.524, 22680, 100
2026/08/04 18:17:28.524, 22680, 100
2026/08/04 18:17:29.524, 22680, 100
2026/08/04 18:17:30.525, 22680, 100
2026/08/04 18:17:31.525, 22680, 100
2026/08/04 18:17:32.525, 22680, 100
2026/08/04 18:17:33.526, 22680, 100
2026/08/04 18:17:34.526, 22680, 83
2026/08/04 18:17:35.526, 22680, 100
2026/08/04 18:17:36.527, 22680, 100
2026/08/04 18:17:37.527, 22680, 100
2026/08/04 18:17:38.527, 22680, 100
2026/08/04 18:17:39.528, 22680, 100
2026/08/04 18:17:40.528, 22680, 100
2026/08/04 18:17:41.528, 22680, 100
2026/08/04 18:17:42.529, 22680, 100
2026/08/04 18:17:43.529, 22680, 100
2026/08/04 18:17:44.529, 22680, 100
2026/08/04 18:17:45.530, 22680, 100
2026/08/04 18:17:46.530, 22680, 100
2026/08/04 18:17:47.530, 22680, 100
2026/08/04 18:17:48.531, 22680, 100
2026/08/04 18:17:49.531, 22680, 100
2026/08/04 18:17:50.531, 22680, 100
2026/08/04 18:17:51.532, 22680, 100
2026/08/04 18:17:52.532, 22680, 100
2026/08/04 18:17:53.532, 22680, 100
2026/08/04 18:17:54.532, 22680, 100
2026/08/04 18:17:55.533, 22680, 86
2026/08/04 18:17:56.533, 22680, 100
2026/08/04 18:17:57.533, 22680, 100
2026/08/04 18:17:58.534, 22680, 85
2026/08/04 18:17:59.534, 22680, 100
2026/08/04 18:18:00.534, 22680, 100
2026/08/04 18:18:01.534, 22680, 100
2026/08/04 18:18:02.535, 22680, 100
2026/08/04 18:18:03.536, 22680, 100
2026/08/04 18:18:04.536, 22680, 100
2026/08/04 18:18:05.536, 22680, 84
2026/08/04 18:18:06.538, 22680, 100
2026/08/04 18:18:07.538, 22680, 100
2026/08/04 18:18:08.538, 22680, 100
2026/08/04 18:18:09.539, 22680, 100
2026/08/04 18:18:10.539, 22680, 100
2026/08/04 18:18:11.539, 22680, 100
2026/08/04 18:18:12.539, 22680, 100
2026/08/04 18:18:13.540, 22680, 100
2026/08/04 18:18:14.540, 22680, 100
2026/08/04 18:18:15.540, 22680, 100
2026/08/04 18:18:16.541, 22680, 100
2026/08/04 18:18:17.541, 22680, 100
2026/08/04 18:18:18.541, 22680, 100
2026/08/04 18:18:19.542, 22680, 100
2026/08/04 18:18:20.542, 22680, 100
2026/08/04 18:18:21.543, 22680, 100
2026/08/04 18:18:22.543, 22680, 99
2026/08/04 18:18:23.543, 22680, 100
2026/08/04 18:18:24.544, 22680, 100
2026/08/04 18:18:25.544, 22680, 100
2026/08/04 18:18:26.544, 22680, 99
2026/08/04 18:18:27.545, 22680, 100
2026/08/04 18:18:28.545, 22680, 100
2026/08/04 18:18:29.545, 22680, 100
2026/08/04 18:18:30.546, 22680, 100
2026/08/04 18:18:31.546, 22680, 100
2026/08/04 18:18:32.546, 22680, 100
2026/08/04 18:18:33.547, 22680, 100
2026/08/04 18:18:34.547, 22680, 85
2026/08/04 18:18:35.547, 22680, 100
2026/08/04 18:18:36.548, 22680, 100
2026/08/04 18:18:37.548, 22680, 100
2026/08/04 18:18:38.548, 22680, 100
2026/08/04 18:18:39.549, 22680, 100
2026/08/04 18:18:40.549, 22680, 100
2026/08/04 18:18:41.550, 22680, 85
2026/08/04 18:18:42.550, 22680, 100
2026/08/04 18:18:43.550, 22680, 100
2026/08/04 18:18:44.550, 22680, 100
2026/08/04 18:18:45.551, 22680, 100
2026/08/04 18:18:46.551, 22680, 100
2026/08/04 18:18:47.551, 22680, 100
2026/08/04 18:18:48.552, 22680, 100
2026/08/04 18:18:49.552, 22680, 100
2026/08/04 18:18:50.552, 22680, 100
2026/08/04 18:18:51.553, 22680, 100
2026/08/04 18:18:52.553, 22680, 100
2026/08/04 18:18:53.553, 22680, 100
2026/08/04 18:18:54.554, 22680, 100
2026/08/04 18:18:55.554, 22680, 100
2026/08/04 18:18:56.554, 22680, 100
2026/08/04 18:18:57.555, 22680, 100
2026/08/04 18:18:58.555, 22680, 100
2026/08/04 18:18:59.555, 22680, 100
2026/08/04 18:19:00.556, 22680, 100
2026/08/04 18:19:01.556, 22680, 100
2026/08/04 18:19:02.556, 22680, 100
2026/08/04 18:19:03.557, 22680, 100
2026/08/04 18:19:04.557, 22680, 100
2026/08/04 18:19:05.557, 22680, 100
2026/08/04 18:19:06.557, 22680, 97
2026/08/04 18:19:07.558, 22680, 100
2026/08/04 18:19:08.558, 22680, 100
2026/08/04 18:19:09.558, 22680, 100
2026/08/04 18:19:10.559, 22680, 100
2026/08/04 18:19:11.559, 22680, 84
2026/08/04 18:19:12.559, 22680, 100
2026/08/04 18:19:13.560, 22680, 100
2026/08/04 18:19:14.560, 22680, 100
2026/08/04 18:19:15.560, 22680, 95
2026/08/04 18:19:16.561, 22680, 100
2026/08/04 18:19:17.561, 22680, 100
2026/08/04 18:19:18.561, 22680, 100
2026/08/04 18:19:19.562, 22680, 100
2026/08/04 18:19:20.562, 22680, 100
2026/08/04 18:19:21.562, 22680, 83
2026/08/04 18:19:22.563, 22680, 87
2026/08/04 18:19:23.563, 22680, 100
2026/08/04 18:19:24.563, 22680, 100
2026/08/04 18:19:25.564, 22680, 100
2026/08/04 18:19:26.564, 22680, 100
2026/08/04 18:19:27.564, 22680, 100
2026/08/04 18:19:28.565, 22680, 100
2026/08/04 18:19:29.565, 22680, 100
2026/08/04 18:19:30.565, 22680, 100
2026/08/04 18:19:31.566, 22680, 100
2026/08/04 18:19:32.566, 22680, 100
2026/08/04 18:19:33.566, 22680, 100
2026/08/04 18:19:34.566, 22680, 100
2026/08/04 18:19:35.567, 22680, 100
2026/08/04 18:19:36.567, 22680, 100
2026/08/04 18:19:37.567, 22680, 100
2026/08/04 18:19:38.568, 22680, 100
2026/08/04 18:19:39.568, 22680, 100
2026/08/04 18:19:40.568, 22680, 100
2026/08/04 18:19:41.569, 22680, 100
2026/08/04 18:19:42.569, 22680, 78
2026/08/04 18:19:43.569, 22680, 83
2026/08/04 18:19:44.570, 22680, 100
2026/08/04 18:19:45.570, 22680, 100
2026/08/04 18:19:46.570, 22680, 100
2026/08/04 18:19:47.571, 22680, 100
2026/08/04 18:19:48.571, 22680, 100
2026/08/04 18:19:49.571, 22680, 100
2026/08/04 18:19:50.571, 22680, 100
2026/08/04 18:19:51.572, 22680, 100
2026/08/04 18:19:52.572, 22680, 100
2026/08/04 18:19:53.572, 22680, 100
2026/08/04 18:19:54.573, 22680, 100
2026/08/04 18:19:55.573, 22680, 100
2026/08/04 18:19:56.573, 22680, 100
2026/08/04 18:19:57.574, 22680, 100
2026/08/04 18:19:58.574, 22680, 100
2026/08/04 18:19:59.574, 22680, 82
2026/08/04 18:20:00.575, 22680, 85
2026/08/04 18:20:01.575, 22680, 100
2026/08/04 18:20:02.575, 22680, 100
2026/08/04 18:20:03.576, 22680, 100
2026/08/04 18:20:04.576, 22680, 100
2026/08/04 18:20:05.576, 22680, 93
2026/08/04 18:20:06.577, 22680, 100
2026/08/04 18:20:07.577, 22680, 100
2026/08/04 18:20:08.578, 22680, 100
2026/08/04 18:20:09.578, 22680, 83
2026/08/04 18:20:10.578, 22680, 100
2026/08/04 18:20:11.579, 22680, 100
2026/08/04 18:20:12.579, 22680, 100
2026/08/04 18:20:13.579, 22680, 100
2026/08/04 18:20:14.579, 22680, 100
2026/08/04 18:20:15.580, 22680, 100
2026/08/04 18:20:16.580, 22680, 100
2026/08/04 18:20:17.580, 22680, 100
2026/08/04 18:20:18.581, 22680, 100
2026/08/04 18:20:19.581, 22680, 100
2026/08/04 18:20:20.581, 22680, 100
2026/08/04 18:20:21.582, 22680, 100
2026/08/04 18:20:22.582, 22680, 100
2026/08/04 18:20:23.582, 22680, 100
2026/08/04 18:20:24.583, 22680, 100
2026/08/04 18:20:25.583, 22680, 85
2026/08/04 18:20:26.583, 22680, 100
2026/08/04 18:20:27.584, 22680, 100
2026/08/04 18:20:28.584, 22680, 85
2026/08/04 18:20:29.584, 22680, 85
2026/08/04 18:20:30.585, 22680, 100
2026/08/04 18:20:31.585, 22680, 100
2026/08/04 18:20:32.585, 22680, 100
2026/08/04 18:20:33.586, 22680, 100
2026/08/04 18:20:34.586, 22680, 85
2026/08/04 18:20:35.586, 22680, 100
2026/08/04 18:20:36.587, 22680, 100
2026/08/04 18:20:37.587, 22680, 100
2026/08/04 18:20:38.587, 22680, 100
2026/08/04 18:20:39.588, 22680, 100
2026/08/04 18:20:40.592, 22680, 74
2026/08/04 18:20:41.592, 22680, 100
2026/08/04 18:20:42.593, 22680, 100
2026/08/04 18:20:43.593, 22680, 100
2026/08/04 18:20:44.593, 22680, 100
2026/08/04 18:20:45.594, 22680, 100
2026/08/04 18:20:46.594, 22680, 100
2026/08/04 18:20:47.594, 22680, 71
2026/08/04 18:20:48.594, 22680, 100
2026/08/04 18:20:49.595, 22680, 100
2026/08/04 18:20:50.595, 22680, 100
2026/08/04 18:20:51.595, 22680, 100
2026/08/04 18:20:52.596, 22680, 100
2026/08/04 18:20:53.596, 22680, 100
2026/08/04 18:20:54.596, 22680, 85
2026/08/04 18:20:55.597, 22680, 100
2026/08/04 18:20:56.597, 22680, 100
2026/08/04 18:20:57.598, 22680, 98
2026/08/04 18:20:58.598, 22680, 100
2026/08/04 18:20:59.598, 22680, 100
2026/08/04 18:21:00.599, 22680, 100
2026/08/04 18:21:01.599, 22680, 99
2026/08/04 18:21:02.600, 22680, 100
2026/08/04 18:21:03.600, 22680, 84
2026/08/04 18:21:04.601, 22680, 86
2026/08/04 18:21:05.601, 22680, 100
2026/08/04 18:21:06.602, 22680, 100
2026/08/04 18:21:07.602, 22680, 100
2026/08/04 18:21:08.602, 22680, 100
2026/08/04 18:21:09.603, 22680, 100
2026/08/04 18:21:10.603, 22680, 100
2026/08/04 18:21:11.603, 22680, 84
2026/08/04 18:21:12.604, 22680, 100
2026/08/04 18:21:13.604, 22680, 100
2026/08/04 18:21:14.604, 22680, 100
2026/08/04 18:21:15.605, 22680, 94
2026/08/04 18:21:16.606, 22680, 100
2026/08/04 18:21:17.606, 22680, 100
2026/08/04 18:21:18.606, 22680, 100
2026/08/04 18:21:19.607, 22680, 100
2026/08/04 18:21:20.607, 22680, 100
2026/08/04 18:21:21.607, 22680, 100
2026/08/04 18:21:22.608, 22680, 100
2026/08/04 18:21:23.608, 22680, 85
2026/08/04 18:21:24.608, 22680, 100
2026/08/04 18:21:25.611, 22680, 86
2026/08/04 18:21:26.611, 22680, 93
2026/08/04 18:21:27.612, 22680, 100
2026/08/04 18:21:28.612, 22680, 100
2026/08/04 18:21:29.613, 22680, 100
2026/08/04 18:21:30.613, 22680, 100
2026/08/04 18:21:31.613, 22680, 100
2026/08/04 18:21:32.614, 22680, 100
2026/08/04 18:21:33.614, 22680, 100
2026/08/04 18:21:34.614, 22680, 100
2026/08/04 18:21:35.615, 22680, 100
2026/08/04 18:21:36.615, 22680, 100
2026/08/04 18:21:37.616, 22680, 100
2026/08/04 18:21:38.616, 22680, 100
2026/08/04 18:21:39.616, 22680, 100
2026/08/04 18:21:40.617, 22680, 100
2026/08/04 18:21:41.617, 22680, 100
2026/08/04 18:21:42.617, 22680, 100
2026/08/04 18:21:43.618, 22680, 100
2026/08/04 18:21:44.618, 22680, 100
2026/08/04 18:21:45.622, 22680, 100
2026/08/04 18:21:46.622, 22680, 100
2026/08/04 18:21:47.622, 22680, 100
2026/08/04 18:21:48.622, 22680, 100
2026/08/04 18:21:49.623, 22680, 100
2026/08/04 18:21:50.625, 22680, 100
2026/08/04 18:21:51.625, 22680, 100
2026/08/04 18:21:52.625, 22680, 100
2026/08/04 18:21:53.626, 22680, 100
2026/08/04 18:21:54.626, 22680, 100
2026/08/04 18:21:55.626, 22680, 100
2026/08/04 18:21:56.627, 22680, 100
2026/08/04 18:21:57.628, 22680, 100
2026/08/04 18:21:58.628, 22680, 100
2026/08/04 18:21:59.628, 22680, 100
2026/08/04 18:22:00.629, 22680, 100
2026/08/04 18:22:01.629, 22680, 100
2026/08/04 18:22:02.629, 22680, 100
2026/08/04 18:22:03.630, 22680, 100
2026/08/04 18:22:04.630, 22680, 100
2026/08/04 18:22:05.633, 22680, 87
2026/08/04 18:22:06.633, 22680, 100
2026/08/04 18:22:07.634, 22680, 100
2026/08/04 18:22:08.634, 22680, 100
2026/08/04 18:22:09.634, 22680, 100
2026/08/04 18:22:10.635, 22680, 100
2026/08/04 18:22:11.635, 22680, 100
2026/08/04 18:22:12.635, 22680, 100
2026/08/04 18:22:13.636, 22680, 100
2026/08/04 18:22:14.636, 22680, 100
2026/08/04 18:22:15.639, 22680, 100
2026/08/04 18:22:16.640, 22680, 100
2026/08/04 18:22:17.640, 22680, 100
2026/08/04 18:22:18.640, 22680, 100
2026/08/04 18:22:19.640, 22680, 100
2026/08/04 18:22:20.642, 22680, 100
2026/08/04 18:22:21.642, 22680, 83
2026/08/04 18:22:22.642, 22680, 85
2026/08/04 18:22:23.643, 22680, 100
2026/08/04 18:22:24.643, 22680, 100
2026/08/04 18:22:25.644, 22680, 100
2026/08/04 18:22:26.644, 22680, 82
2026/08/04 18:22:27.644, 22680, 100
2026/08/04 18:22:28.645, 22680, 84
2026/08/04 18:22:29.645, 22680, 100
2026/08/04 18:22:30.645, 22680, 100
2026/08/04 18:22:31.645, 22680, 100
2026/08/04 18:22:32.646, 22680, 100
2026/08/04 18:22:33.646, 22680, 91
2026/08/04 18:22:34.646, 22680, 100
2026/08/04 18:22:35.647, 22680, 100
2026/08/04 18:22:36.647, 22680, 77
2026/08/04 18:22:37.647, 22680, 100
2026/08/04 18:22:38.647, 22680, 100
2026/08/04 18:22:39.648, 22680, 100
2026/08/04 18:22:40.649, 22680, 83
2026/08/04 18:22:41.650, 22680, 100
2026/08/04 18:22:42.650, 22680, 100
2026/08/04 18:22:43.650, 22680, 100
2026/08/04 18:22:44.651, 22680, 85
2026/08/04 18:22:45.652, 22680, 100
2026/08/04 18:22:46.652, 22680, 100
2026/08/04 18:22:47.652, 22680, 100
2026/08/04 18:22:48.652, 22680, 100
2026/08/04 18:22:49.653, 22680, 100
2026/08/04 18:22:50.653, 22680, 100
2026/08/04 18:22:51.653, 22680, 88
2026/08/04 18:22:52.654, 22680, 100
2026/08/04 18:22:53.654, 22680, 100
2026/08/04 18:22:54.654, 22680, 86
2026/08/04 18:22:55.654, 22680, 100
2026/08/04 18:22:56.655, 22680, 100
2026/08/04 18:22:57.655, 22680, 85
2026/08/04 18:22:58.655, 22680, 100
2026/08/04 18:22:59.656, 22680, 100
2026/08/04 18:23:00.656, 22680, 100
2026/08/04 18:23:01.656, 22680, 71
2026/08/04 18:23:02.657, 22680, 100
2026/08/04 18:23:03.657, 22680, 100
2026/08/04 18:23:04.657, 22680, 83
2026/08/04 18:23:05.661, 22680, 85
2026/08/04 18:23:06.661, 22680, 100
2026/08/04 18:23:07.662, 22680, 100
2026/08/04 18:23:08.662, 22680, 100
2026/08/04 18:23:09.662, 22680, 100
2026/08/04 18:23:10.662, 22680, 100
2026/08/04 18:23:11.663, 22680, 100
2026/08/04 18:23:12.663, 22680, 100
2026/08/04 18:23:13.663, 22680, 100
2026/08/04 18:23:14.664, 22680, 100
2026/08/04 18:23:15.664, 22680, 100
2026/08/04 18:23:16.664, 22680, 100
2026/08/04 18:23:17.665, 22680, 100
2026/08/04 18:23:18.665, 22680, 100
2026/08/04 18:23:19.665, 22680, 100
2026/08/04 18:23:20.665, 22680, 84
2026/08/04 18:23:21.666, 22680, 100
2026/08/04 18:23:22.666, 22680, 100
2026/08/04 18:23:23.666, 22680, 85
2026/08/04 18:23:24.666, 22680, 100
2026/08/04 18:23:25.667, 22680, 100
2026/08/04 18:23:26.667, 22680, 100
2026/08/04 18:23:27.667, 22680, 100
2026/08/04 18:23:28.668, 22680, 100
2026/08/04 18:23:29.668, 22680, 100
2026/08/04 18:23:30.668, 22680, 73
2026/08/04 18:23:31.668, 22680, 100
2026/08/04 18:23:32.668, 22680, 87
2026/08/04 18:23:33.669, 22680, 100
2026/08/04 18:23:34.669, 22680, 100
2026/08/04 18:23:35.670, 22680, 100
2026/08/04 18:23:36.671, 22680, 100
2026/08/04 18:23:37.671, 22680, 100
2026/08/04 18:23:38.671, 22680, 100
2026/08/04 18:23:39.672, 22680, 100
2026/08/04 18:23:40.672, 22680, 100
2026/08/04 18:23:41.672, 22680, 100
2026/08/04 18:23:42.673, 22680, 100
2026/08/04 18:23:43.673, 22680, 78
2026/08/04 18:23:44.673, 22680, 100
2026/08/04 18:23:45.673, 22680, 100
2026/08/04 18:23:46.674, 22680, 100
2026/08/04 18:23:47.674, 22680, 70
2026/08/04 18:23:48.674, 22680, 88
2026/08/04 18:23:49.674, 22680, 72
2026/08/04 18:23:50.675, 22680, 100
2026/08/04 18:23:51.675, 22680, 87
2026/08/04 18:23:52.675, 22680, 100
2026/08/04 18:23:53.675, 22680, 72
2026/08/04 18:23:54.675, 22680, 100
2026/08/04 18:23:55.676, 22680, 100
2026/08/04 18:23:56.676, 22680, 100
2026/08/04 18:23:57.676, 22680, 100
2026/08/04 18:23:58.677, 22680, 100
2026/08/04 18:23:59.677, 22680, 100
2026/08/04 18:24:00.677, 22680, 100
2026/08/04 18:24:01.677, 22680, 100
2026/08/04 18:24:02.678, 22680, 100
2026/08/04 18:24:03.678, 22680, 100
2026/08/04 18:24:04.678, 22680, 100
2026/08/04 18:24:05.678, 22680, 100
2026/08/04 18:24:06.678, 22680, 100
2026/08/04 18:24:07.679, 22680, 100
2026/08/04 18:24:08.679, 22680, 100
2026/08/04 18:24:09.679, 22680, 100
2026/08/04 18:24:10.679, 22680, 70
2026/08/04 18:24:11.680, 22680, 100
2026/08/04 18:24:12.680, 22680, 81
2026/08/04 18:24:13.680, 22680, 100
2026/08/04 18:24:14.680, 22680, 100
2026/08/04 18:24:15.681, 22680, 100
2026/08/04 18:24:16.681, 22680, 100
2026/08/04 18:24:17.681, 22680, 100
2026/08/04 18:24:18.681, 22680, 100
2026/08/04 18:24:19.682, 22680, 100
2026/08/04 18:24:20.682, 22680, 84
2026/08/04 18:24:21.682, 22680, 100
2026/08/04 18:24:22.682, 22680, 100
2026/08/04 18:24:23.683, 22680, 99
2026/08/04 18:24:24.683, 22680, 92
2026/08/04 18:24:25.683, 22680, 81
2026/08/04 18:24:26.683, 22680, 89
2026/08/04 18:24:27.684, 22680, 100
2026/08/04 18:24:28.684, 22680, 100
2026/08/04 18:24:29.684, 22680, 100
2026/08/04 18:24:30.684, 22680, 68
2026/08/04 18:24:31.685, 22680, 100
2026/08/04 18:24:32.685, 22680, 100
2026/08/04 18:24:33.685, 22680, 100
2026/08/04 18:24:34.685, 22680, 100
2026/08/04 18:24:35.686, 22680, 100
2026/08/04 18:24:36.686, 22680, 100
2026/08/04 18:24:37.686, 22680, 100
2026/08/04 18:24:38.686, 22680, 83
2026/08/04 18:24:39.687, 22680, 100
2026/08/04 18:24:40.687, 22680, 100
2026/08/04 18:24:41.687, 22680, 100
2026/08/04 18:24:42.687, 22680, 100
2026/08/04 18:24:43.687, 22680, 100
2026/08/04 18:24:44.688, 22680, 100
2026/08/04 18:24:45.688, 22680, 100
2026/08/04 18:24:46.688, 22680, 100
2026/08/04 18:24:47.688, 22680, 86
2026/08/04 18:24:48.689, 22680, 100
2026/08/04 18:24:49.689, 22680, 100
2026/08/04 18:24:50.689, 22680, 100
2026/08/04 18:24:51.689, 22680, 90
2026/08/04 18:24:52.690, 22680, 100
2026/08/04 18:24:53.690, 22680, 100
2026/08/04 18:24:54.690, 22680, 87
2026/08/04 18:24:55.691, 22680, 84
2026/08/04 18:24:56.691, 22680, 100
2026/08/04 18:24:57.691, 22680, 100
2026/08/04 18:24:58.691, 22680, 100
2026/08/04 18:24:59.692, 22680, 85
2026/08/04 18:25:00.692, 22680, 100
2026/08/04 18:25:01.692, 22680, 100
2026/08/04 18:25:02.693, 22680, 100
2026/08/04 18:25:03.693, 22680, 83
2026/08/04 18:25:04.693, 22680, 90
2026/08/04 18:25:05.694, 22680, 100
2026/08/04 18:25:06.694, 22680, 100
2026/08/04 18:25:07.694, 22680, 100
2026/08/04 18:25:08.695, 22680, 100
2026/08/04 18:25:09.695, 22680, 100
2026/08/04 18:25:10.695, 22680, 100
2026/08/04 18:25:11.695, 22680, 100
2026/08/04 18:25:12.696, 22680, 100
2026/08/04 18:25:13.696, 22680, 100
2026/08/04 18:25:14.696, 22680, 100
2026/08/04 18:25:15.697, 22680, 100
2026/08/04 18:25:16.697, 22680, 100
2026/08/04 18:25:17.697, 22680, 100
2026/08/04 18:25:18.698, 22680, 100
2026/08/04 18:25:19.700, 22680, 100
2026/08/04 18:25:20.701, 22680, 100
2026/08/04 18:25:21.703, 22680, 100
2026/08/04 18:25:22.704, 22680, 100
2026/08/04 18:25:23.705, 22680, 83
2026/08/04 18:25:24.707, 22680, 80
2026/08/04 18:25:25.708, 22680, 100
2026/08/04 18:25:26.708, 22680, 100
2026/08/04 18:25:27.710, 22680, 82
2026/08/04 18:25:28.710, 22680, 83
2026/08/04 18:25:29.711, 22680, 96
2026/08/04 18:25:30.713, 22680, 84
2026/08/04 18:25:31.714, 22680, 100
2026/08/04 18:25:32.716, 22680, 100
2026/08/04 18:25:33.717, 22680, 83
2026/08/04 18:25:34.718, 22680, 100
2026/08/04 18:25:35.720, 22680, 100
2026/08/04 18:25:36.721, 22680, 87
2026/08/04 18:25:37.722, 22680, 100
2026/08/04 18:25:38.724, 22680, 85
2026/08/04 18:25:39.725, 22680, 100
2026/08/04 18:25:40.726, 22680, 100
2026/08/04 18:25:41.728, 22680, 100
2026/08/04 18:25:42.729, 22680, 77
2026/08/04 18:25:43.730, 22680, 100
2026/08/04 18:25:44.732, 22680, 100
2026/08/04 18:25:45.733, 22680, 100
2026/08/04 18:25:46.734, 22680, 100
2026/08/04 18:25:47.736, 22680, 100
2026/08/04 18:25:48.736, 22680, 100
2026/08/04 18:25:49.737, 22680, 82
2026/08/04 18:25:50.738, 22680, 100
2026/08/04 18:25:51.739, 22680, 100
2026/08/04 18:25:52.741, 22680, 100
2026/08/04 18:25:53.742, 22680, 100
2026/08/04 18:25:54.744, 22680, 100
2026/08/04 18:25:55.745, 22680, 81
2026/08/04 18:25:56.746, 22680, 100
2026/08/04 18:25:57.748, 22680, 100
2026/08/04 18:25:58.749, 22680, 100
2026/08/04 18:25:59.751, 22680, 100
2026/08/04 18:26:00.752, 22680, 100
2026/08/04 18:26:01.753, 22680, 100
2026/08/04 18:26:02.755, 22680, 100
2026/08/04 18:26:03.756, 22680, 100
2026/08/04 18:26:04.758, 22680, 100
2026/08/04 18:26:05.759, 22680, 100
2026/08/04 18:26:06.759, 22680, 100
2026/08/04 18:26:07.761, 22680, 100
2026/08/04 18:26:08.762, 22680, 100
2026/08/04 18:26:09.764, 22680, 100
2026/08/04 18:26:10.765, 22680, 100
2026/08/04 18:26:11.766, 22680, 100
2026/08/04 18:26:12.768, 22680, 100
2026/08/04 18:26:13.769, 22680, 85
2026/08/04 18:26:14.771, 22680, 100
2026/08/04 18:26:15.772, 22680, 100
2026/08/04 18:26:16.773, 22680, 100
2026/08/04 18:26:17.775, 22680, 100
2026/08/04 18:26:18.776, 22680, 100
2026/08/04 18:26:19.778, 22680, 100
2026/08/04 18:26:20.779, 22680, 100
2026/08/04 18:26:21.780, 22680, 100
2026/08/04 18:26:22.782, 22680, 100
2026/08/04 18:26:23.783, 22680, 100
2026/08/04 18:26:24.785, 22680, 100
2026/08/04 18:26:25.786, 22680, 100
2026/08/04 18:26:26.787, 22680, 100
2026/08/04 18:26:27.789, 22680, 82
2026/08/04 18:26:28.790, 22680, 100
2026/08/04 18:26:29.790, 22680, 100
2026/08/04 18:26:30.792, 22680, 97
2026/08/04 18:26:31.793, 22680, 100
2026/08/04 18:26:32.795, 22680, 93
2026/08/04 18:26:33.796, 22680, 100
2026/08/04 18:26:34.797, 22680, 100
2026/08/04 18:26:35.799, 22680, 69
2026/08/04 18:26:36.800, 22680, 87
2026/08/04 18:26:37.802, 22680, 99
2026/08/04 18:26:38.803, 22680, 87
2026/08/04 18:26:39.804, 22680, 100
2026/08/04 18:26:40.806, 22680, 100
2026/08/04 18:26:41.807, 22680, 100
2026/08/04 18:26:42.809, 22680, 100
2026/08/04 18:26:43.810, 22680, 100
2026/08/04 18:26:44.811, 22680, 100
2026/08/04 18:26:45.813, 22680, 100
2026/08/04 18:26:46.814, 22680, 100
2026/08/04 18:26:47.815, 22680, 100
2026/08/04 18:26:48.816, 22680, 100
2026/08/04 18:26:49.817, 22680, 100
2026/08/04 18:26:50.819, 22680, 68
2026/08/04 18:26:51.820, 22680, 100
2026/08/04 18:26:52.822, 22680, 100
2026/08/04 18:26:53.823, 22680, 81
2026/08/04 18:26:54.824, 22680, 83
2026/08/04 18:26:55.826, 22680, 82
2026/08/04 18:26:56.827, 22680, 100
2026/08/04 18:26:57.829, 22680, 100
2026/08/04 18:26:58.830, 22680, 83
2026/08/04 18:26:59.830, 22680, 100
2026/08/04 18:27:00.832, 22680, 100
2026/08/04 18:27:01.833, 22680, 100
2026/08/04 18:27:02.835, 22680, 100
2026/08/04 18:27:03.836, 22680, 100
2026/08/04 18:27:04.837, 22680, 100
2026/08/04 18:27:05.839, 22680, 83
2026/08/04 18:27:06.840, 22680, 100
2026/08/04 18:27:07.841, 22680, 100
2026/08/04 18:27:08.843, 22680, 100
2026/08/04 18:27:09.844, 22680, 100
2026/08/04 18:27:10.846, 22680, 100
2026/08/04 18:27:11.847, 22680, 100
2026/08/04 18:27:12.848, 22680, 77
2026/08/04 18:27:13.850, 22680, 100
2026/08/04 18:27:14.851, 22680, 100
2026/08/04 18:27:15.852, 22680, 100
2026/08/04 18:27:16.854, 22680, 100
2026/08/04 18:27:17.855, 22680, 100
2026/08/04 18:27:18.856, 22680, 100
2026/08/04 18:27:19.858, 22680, 100
2026/08/04 18:27:20.858, 22680, 100
2026/08/04 18:27:21.860, 22680, 100
2026/08/04 18:27:22.861, 22680, 100
2026/08/04 18:27:23.863, 22680, 100
2026/08/04 18:27:24.864, 22680, 83
2026/08/04 18:27:25.865, 22680, 100
2026/08/04 18:27:26.867, 22680, 100
2026/08/04 18:27:27.868, 22680, 100
2026/08/04 18:27:28.869, 22680, 100
2026/08/04 18:27:29.871, 22680, 100
2026/08/04 18:27:30.872, 22680, 100
2026/08/04 18:27:31.874, 22680, 91
2026/08/04 18:27:32.875, 22680, 100
2026/08/04 18:27:33.876, 22680, 100
2026/08/04 18:27:34.878, 22680, 100
2026/08/04 18:27:35.879, 22680, 100
2026/08/04 18:27:36.880, 22680, 100
2026/08/04 18:27:37.882, 22680, 100
2026/08/04 18:27:38.883, 22680, 100
2026/08/04 18:27:39.884, 22680, 85
2026/08/04 18:27:40.886, 22680, 100
2026/08/04 18:27:41.887, 22680, 100
2026/08/04 18:27:42.889, 22680, 70
2026/08/04 18:27:43.890, 22680, 100
2026/08/04 18:27:44.891, 22680, 100
2026/08/04 18:27:45.892, 22680, 100
2026/08/04 18:27:46.894, 22680, 94
2026/08/04 18:27:47.895, 22680, 100
2026/08/04 18:27:48.897, 22680, 100
2026/08/04 18:27:49.898, 22680, 100
2026/08/04 18:27:50.900, 22680, 100
2026/08/04 18:27:51.901, 22680, 100
2026/08/04 18:27:52.902, 22680, 100
2026/08/04 18:27:53.904, 22680, 100
2026/08/04 18:27:54.905, 22680, 100
2026/08/04 18:27:55.907, 22680, 100
2026/08/04 18:27:56.908, 22680, 100
2026/08/04 18:27:57.909, 22680, 100
2026/08/04 18:27:58.911, 22680, 85
2026/08/04 18:27:59.912, 22680, 100
2026/08/04 18:28:00.914, 22680, 100
2026/08/04 18:28:01.915, 22680, 100
2026/08/04 18:28:02.916, 22680, 100
2026/08/04 18:28:03.918, 22680, 100
2026/08/04 18:28:04.919, 22680, 100
2026/08/04 18:28:05.921, 22680, 100
2026/08/04 18:28:06.922, 22680, 100
2026/08/04 18:28:07.923, 22680, 100
2026/08/04 18:28:08.925, 22680, 100
2026/08/04 18:28:09.926, 22680, 100
2026/08/04 18:28:10.927, 22680, 100
2026/08/04 18:28:11.929, 22680, 100
2026/08/04 18:28:12.930, 22680, 100
2026/08/04 18:28:13.932, 22680, 100
2026/08/04 18:28:14.933, 22680, 100
2026/08/04 18:28:15.933, 22680, 100
2026/08/04 18:28:16.934, 22680, 81
2026/08/04 18:28:17.935, 22680, 100
2026/08/04 18:28:18.936, 22680, 100
2026/08/04 18:28:19.936, 22680, 82
2026/08/04 18:28:20.937, 22680, 84
2026/08/04 18:28:21.939, 22680, 100
2026/08/04 18:28:22.940, 22680, 100
2026/08/04 18:28:23.941, 22680, 100
2026/08/04 18:28:24.943, 22680, 89
2026/08/04 18:28:25.944, 22680, 84
2026/08/04 18:28:26.945, 22680, 100
2026/08/04 18:28:27.947, 22680, 84
2026/08/04 18:28:28.948, 22680, 100
2026/08/04 18:28:29.949, 22680, 87
2026/08/04 18:28:30.950, 22680, 100
2026/08/04 18:28:31.951, 22680, 94
2026/08/04 18:28:32.953, 22680, 99
2026/08/04 18:28:33.954, 22680, 100
2026/08/04 18:28:34.955, 22680, 100
2026/08/04 18:28:35.957, 22680, 100
2026/08/04 18:28:36.958, 22680, 100
2026/08/04 18:28:37.960, 22680, 100
2026/08/04 18:28:38.961, 22680, 100
2026/08/04 18:28:39.962, 22680, 100
2026/08/04 18:28:40.964, 22680, 100
2026/08/04 18:28:41.965, 22680, 100
2026/08/04 18:28:42.967, 22680, 100
2026/08/04 18:28:43.968, 22680, 100
2026/08/04 18:28:44.969, 22680, 100
2026/08/04 18:28:45.971, 22680, 100
2026/08/04 18:28:46.972, 22680, 85
2026/08/04 18:28:47.974, 22680, 100
2026/08/04 18:28:48.975, 22680, 99
2026/08/04 18:28:49.976, 22680, 100
2026/08/04 18:28:50.978, 22680, 100
2026/08/04 18:28:51.979, 22680, 100
2026/08/04 18:28:52.981, 22680, 100
2026/08/04 18:28:53.982, 22680, 82
2026/08/04 18:28:54.983, 22680, 100
2026/08/04 18:28:55.985, 22680, 100
2026/08/04 18:28:56.986, 22680, 100
2026/08/04 18:28:57.988, 22680, 100
2026/08/04 18:28:58.989, 22680, 100
2026/08/04 18:28:59.990, 22680, 100
2026/08/04 18:29:00.992, 22680, 100
2026/08/04 18:29:01.993, 22680, 100
2026/08/04 18:29:02.995, 22680, 100
2026/08/04 18:29:03.996, 22680, 100
2026/08/04 18:29:04.997, 22680, 79
2026/08/04 18:29:05.999, 22680, 100
2026/08/04 18:29:07.000, 22680, 100
2026/08/04 18:29:08.001, 22680, 86
2026/08/04 18:29:09.003, 22680, 100
2026/08/04 18:29:10.004, 22680, 100
2026/08/04 18:29:11.006, 22680, 100
2026/08/04 18:29:12.007, 22680, 85
2026/08/04 18:29:13.008, 22680, 100
2026/08/04 18:29:14.010, 22680, 100
2026/08/04 18:29:15.011, 22680, 100
2026/08/04 18:29:16.013, 22680, 100
2026/08/04 18:29:17.014, 22680, 100
2026/08/04 18:29:18.015, 22680, 100
2026/08/04 18:29:19.017, 22680, 100
2026/08/04 18:29:20.018, 22680, 100
2026/08/04 18:29:21.020, 22680, 100
2026/08/04 18:29:22.021, 22680, 85
2026/08/04 18:29:23.022, 22680, 100
2026/08/04 18:29:24.024, 22680, 86
2026/08/04 18:29:25.025, 22680, 87
2026/08/04 18:29:26.027, 22680, 100
2026/08/04 18:29:27.028, 22680, 100
2026/08/04 18:29:28.029, 22680, 100
2026/08/04 18:29:29.031, 22680, 100
2026/08/04 18:29:30.032, 22680, 100
2026/08/04 18:29:31.034, 22680, 100
2026/08/04 18:29:32.035, 22680, 100
2026/08/04 18:29:33.037, 22680, 100
2026/08/04 18:29:34.038, 22680, 100
2026/08/04 18:29:35.039, 22680, 100
2026/08/04 18:29:36.041, 22680, 100
2026/08/04 18:29:37.042, 22680, 100
2026/08/04 18:29:38.044, 22680, 100
2026/08/04 18:29:39.045, 22680, 84
2026/08/04 18:29:40.046, 22680, 100
2026/08/04 18:29:41.048, 22680, 85
2026/08/04 18:29:42.049, 22680, 100
2026/08/04 18:29:43.050, 22680, 91
2026/08/04 18:29:44.052, 22680, 100
2026/08/04 18:29:45.053, 22680, 100
2026/08/04 18:29:46.055, 22680, 100
2026/08/04 18:29:47.056, 22680, 100
2026/08/04 18:29:48.058, 22680, 100
2026/08/04 18:29:49.059, 22680, 100
2026/08/04 18:29:50.060, 22680, 100
2026/08/04 18:29:51.062, 22680, 100
2026/08/04 18:29:52.063, 22680, 100
2026/08/04 18:29:53.065, 22680, 92
2026/08/04 18:29:54.066, 22680, 100
2026/08/04 18:29:55.067, 22680, 100
2026/08/04 18:29:56.068, 22680, 100
2026/08/04 18:29:57.069, 22680, 100
2026/08/04 18:29:58.071, 22680, 100
2026/08/04 18:29:59.072, 22680, 100
2026/08/04 18:30:00.074, 22680, 83
2026/08/04 18:30:01.075, 22680, 100
2026/08/04 18:30:02.076, 22680, 70
2026/08/04 18:30:03.078, 22680, 100
2026/08/04 18:30:04.079, 22680, 100
2026/08/04 18:30:05.080, 22680, 100
2026/08/04 18:30:06.082, 22680, 100
2026/08/04 18:30:07.083, 22680, 100
2026/08/04 18:30:08.084, 22680, 100
2026/08/04 18:30:09.086, 22680, 100
2026/08/04 18:30:10.087, 22680, 100
2026/08/04 18:30:11.088, 22680, 100
2026/08/04 18:30:12.090, 22680, 100
2026/08/04 18:30:13.091, 22680, 100
2026/08/04 18:30:14.092, 22680, 100
2026/08/04 18:30:15.094, 22680, 100
2026/08/04 18:30:16.095, 22680, 100
2026/08/04 18:30:17.096, 22680, 84
2026/08/04 18:30:18.098, 22680, 100
2026/08/04 18:30:19.099, 22680, 100
2026/08/04 18:30:20.101, 22680, 100
2026/08/04 18:30:21.102, 22680, 100
2026/08/04 18:30:22.104, 22680, 100
2026/08/04 18:30:23.105, 22680, 100
2026/08/04 18:30:24.106, 22680, 100
2026/08/04 18:30:25.108, 22680, 100
2026/08/04 18:30:26.109, 22680, 72
2026/08/04 18:30:27.110, 22680, 100
2026/08/04 18:30:28.112, 22680, 100
2026/08/04 18:30:29.113, 22680, 100
2026/08/04 18:30:30.115, 22680, 100
2026/08/04 18:30:31.116, 22680, 84
2026/08/04 18:30:32.117, 22680, 71
2026/08/04 18:30:33.119, 22680, 100
2026/08/04 18:30:34.120, 22680, 100
2026/08/04 18:30:35.121, 22680, 100
2026/08/04 18:30:36.123, 22680, 100
2026/08/04 18:30:37.124, 22680, 100
2026/08/04 18:30:38.125, 22680, 100
2026/08/04 18:30:39.127, 22680, 100
2026/08/04 18:30:40.128, 22680, 100
2026/08/04 18:30:41.130, 22680, 100
2026/08/04 18:30:42.131, 22680, 100
2026/08/04 18:30:43.132, 22680, 100
2026/08/04 18:30:44.134, 22680, 100
2026/08/04 18:30:45.135, 22680, 100
2026/08/04 18:30:46.137, 22680, 100
2026/08/04 18:30:47.138, 22680, 100
2026/08/04 18:30:48.139, 22680, 99
2026/08/04 18:30:49.141, 22680, 100
2026/08/04 18:30:50.142, 22680, 100
2026/08/04 18:30:51.144, 22680, 100
2026/08/04 18:30:52.145, 22680, 100
2026/08/04 18:30:53.146, 22680, 100
2026/08/04 18:30:54.148, 22680, 100
2026/08/04 18:30:55.149, 22680, 100
2026/08/04 18:30:56.151, 22680, 100
2026/08/04 18:30:57.152, 22680, 100
2026/08/04 18:30:58.153, 22680, 100
2026/08/04 18:30:59.155, 22680, 70
2026/08/04 18:31:00.156, 22680, 100
2026/08/04 18:31:01.158, 22680, 100
2026/08/04 18:31:02.159, 22680, 100
2026/08/04 18:31:03.160, 22680, 100
2026/08/04 18:31:04.162, 22680, 100
2026/08/04 18:31:05.163, 22680, 100
2026/08/04 18:31:06.164, 22680, 83
2026/08/04 18:31:07.166, 22680, 84
2026/08/04 18:31:08.167, 22680, 100
2026/08/04 18:31:09.168, 22680, 100
2026/08/04 18:31:10.170, 22680, 100
2026/08/04 18:31:11.171, 22680, 100
2026/08/04 18:31:12.172, 22680, 100
2026/08/04 18:31:13.174, 22680, 100
2026/08/04 18:31:14.175, 22680, 100
2026/08/04 18:31:15.176, 22680, 67
2026/08/04 18:31:16.178, 22680, 94
2026/08/04 18:31:17.179, 22680, 97
2026/08/04 18:31:18.180, 22680, 100
2026/08/04 18:31:19.182, 22680, 100
2026/08/04 18:31:20.183, 22680, 100
2026/08/04 18:31:21.184, 22680, 100
2026/08/04 18:31:22.186, 22680, 100
2026/08/04 18:31:23.187, 22680, 91
2026/08/04 18:31:24.189, 22680, 69
2026/08/04 18:31:25.190, 22680, 100
2026/08/04 18:31:26.191, 22680, 100
2026/08/04 18:31:27.193, 22680, 100
2026/08/04 18:31:28.194, 22680, 100
2026/08/04 18:31:29.195, 22680, 100
2026/08/04 18:31:30.197, 22680, 100
2026/08/04 18:31:31.198, 22680, 100
2026/08/04 18:31:32.200, 22680, 100
2026/08/04 18:31:33.201, 22680, 100
2026/08/04 18:31:34.202, 22680, 100
2026/08/04 18:31:35.204, 22680, 100
2026/08/04 18:31:36.205, 22680, 100
2026/08/04 18:31:37.206, 22680, 100
2026/08/04 18:31:38.208, 22680, 100
2026/08/04 18:31:39.209, 22680, 85
2026/08/04 18:31:40.210, 22680, 100
2026/08/04 18:31:41.212, 22680, 100
2026/08/04 18:31:42.213, 22680, 84
2026/08/04 18:31:43.214, 22680, 100
2026/08/04 18:31:44.216, 22680, 100
2026/08/04 18:31:45.217, 22680, 100
2026/08/04 18:31:46.219, 22680, 100
2026/08/04 18:31:47.220, 22680, 100
2026/08/04 18:31:48.221, 22680, 100
2026/08/04 18:31:49.223, 22680, 100
2026/08/04 18:31:50.224, 22680, 100
2026/08/04 18:31:51.225, 22680, 91
2026/08/04 18:31:52.227, 22680, 85
2026/08/04 18:31:53.228, 22680, 100
2026/08/04 18:31:54.229, 22680, 100
2026/08/04 18:31:55.231, 22680, 100
2026/08/04 18:31:56.232, 22680, 100
2026/08/04 18:31:57.233, 22680, 100
2026/08/04 18:31:58.235, 22680, 100
2026/08/04 18:31:59.236, 22680, 83
2026/08/04 18:32:00.238, 22680, 100
2026/08/04 18:32:01.239, 22680, 81
2026/08/04 18:32:02.240, 22680, 100
2026/08/04 18:32:03.241, 22680, 71
2026/08/04 18:32:04.243, 22680, 100
2026/08/04 18:32:05.244, 22680, 100
2026/08/04 18:32:06.245, 22680, 100
2026/08/04 18:32:07.247, 22680, 100
2026/08/04 18:32:08.248, 22680, 100
2026/08/04 18:32:09.249, 22680, 84
2026/08/04 18:32:10.250, 22680, 100
2026/08/04 18:32:11.252, 22680, 100
2026/08/04 18:32:12.253, 22680, 100
2026/08/04 18:32:13.254, 22680, 100
2026/08/04 18:32:14.256, 22680, 100
2026/08/04 18:32:15.257, 22680, 100
2026/08/04 18:32:16.258, 22680, 100
2026/08/04 18:32:17.259, 22680, 100
2026/08/04 18:32:18.261, 22680, 100
2026/08/04 18:32:19.262, 22680, 100
2026/08/04 18:32:20.262, 22680, 100
2026/08/04 18:32:21.264, 22680, 100
2026/08/04 18:32:22.265, 22680, 100
2026/08/04 18:32:23.266, 22680, 96
2026/08/04 18:32:24.268, 22680, 85
2026/08/04 18:32:25.269, 22680, 73
2026/08/04 18:32:26.270, 22680, 100
2026/08/04 18:32:27.271, 22680, 91
2026/08/04 18:32:28.273, 22680, 100
2026/08/04 18:32:29.274, 22680, 100
2026/08/04 18:32:30.275, 22680, 100
2026/08/04 18:32:31.276, 22680, 100
2026/08/04 18:32:32.277, 22680, 100
2026/08/04 18:32:33.279, 22680, 100
2026/08/04 18:32:34.280, 22680, 100
2026/08/04 18:32:35.281, 22680, 100
2026/08/04 18:32:36.283, 22680, 100
2026/08/04 18:32:37.287, 22680, 100
2026/08/04 18:32:38.288, 22680, 100
2026/08/04 18:32:39.289, 22680, 100
2026/08/04 18:32:40.291, 22680, 100
2026/08/04 18:32:41.292, 22680, 100
2026/08/04 18:32:42.293, 22680, 100
2026/08/04 18:32:43.295, 22680, 100
2026/08/04 18:32:44.296, 22680, 85
2026/08/04 18:32:45.297, 22680, 100
2026/08/04 18:32:46.298, 22680, 100
2026/08/04 18:32:47.300, 22680, 100
2026/08/04 18:32:48.301, 22680, 100
2026/08/04 18:32:49.302, 22680, 100
2026/08/04 18:32:50.304, 22680, 100
2026/08/04 18:32:51.305, 22680, 100
2026/08/04 18:32:52.306, 22680, 100
2026/08/04 18:32:53.308, 22680, 100
2026/08/04 18:32:54.309, 22680, 100
2026/08/04 18:32:55.310, 22680, 85
2026/08/04 18:32:56.311, 22680, 100
2026/08/04 18:32:57.313, 22680, 100
2026/08/04 18:32:58.314, 22680, 100
2026/08/04 18:32:59.315, 22680, 85
2026/08/04 18:33:00.316, 22680, 100
2026/08/04 18:33:01.317, 22680, 100
2026/08/04 18:33:02.318, 22680, 100
2026/08/04 18:33:03.320, 22680, 100
2026/08/04 18:33:04.320, 22680, 100
2026/08/04 18:33:05.321, 22680, 100
2026/08/04 18:33:06.323, 22680, 100
2026/08/04 18:33:07.324, 22680, 100
2026/08/04 18:33:08.325, 22680, 100
2026/08/04 18:33:09.327, 22680, 100
2026/08/04 18:33:10.328, 22680, 100
2026/08/04 18:33:11.329, 22680, 100
2026/08/04 18:33:12.331, 22680, 100
2026/08/04 18:33:13.332, 22680, 83
2026/08/04 18:33:14.333, 22680, 100
2026/08/04 18:33:15.335, 22680, 100
2026/08/04 18:33:16.336, 22680, 100
2026/08/04 18:33:17.337, 22680, 100
2026/08/04 18:33:18.339, 22680, 100
2026/08/04 18:33:19.340, 22680, 100
2026/08/04 18:33:20.341, 22680, 100
2026/08/04 18:33:21.343, 22680, 100
2026/08/04 18:33:22.344, 22680, 100
2026/08/04 18:33:23.345, 22680, 84
2026/08/04 18:33:24.347, 22680, 100
2026/08/04 18:33:25.348, 22680, 100
2026/08/04 18:33:26.349, 22680, 100
2026/08/04 18:33:27.350, 22680, 100
2026/08/04 18:33:28.352, 22680, 82
2026/08/04 18:33:29.353, 22680, 100
2026/08/04 18:33:30.354, 22680, 100
2026/08/04 18:33:31.356, 22680, 100
2026/08/04 18:33:32.357, 22680, 100
2026/08/04 18:33:33.359, 22680, 99
2026/08/04 18:33:34.360, 22680, 99
2026/08/04 18:33:35.361, 22680, 100
2026/08/04 18:33:36.363, 22680, 100
2026/08/04 18:33:37.364, 22680, 100
2026/08/04 18:33:38.365, 22680, 100
2026/08/04 18:33:39.366, 22680, 100
2026/08/04 18:33:40.368, 22680, 84
2026/08/04 18:33:41.369, 22680, 100
2026/08/04 18:33:42.370, 22680, 92
2026/08/04 18:33:43.372, 22680, 82
2026/08/04 18:33:44.373, 22680, 100
2026/08/04 18:33:45.374, 22680, 100
2026/08/04 18:33:46.376, 22680, 99
2026/08/04 18:33:47.377, 22680, 100
2026/08/04 18:33:48.379, 22680, 71
2026/08/04 18:33:49.380, 22680, 100
2026/08/04 18:33:50.381, 22680, 100
2026/08/04 18:33:51.383, 22680, 100
2026/08/04 18:33:52.384, 22680, 100
2026/08/04 18:33:53.385, 22680, 100
2026/08/04 18:33:54.386, 22680, 100
2026/08/04 18:33:55.388, 22680, 100
2026/08/04 18:33:56.389, 22680, 100
2026/08/04 18:33:57.390, 22680, 100
2026/08/04 18:33:58.392, 22680, 100
2026/08/04 18:33:59.393, 22680, 100
2026/08/04 18:34:00.394, 22680, 100
2026/08/04 18:34:01.396, 22680, 88
2026/08/04 18:34:02.397, 22680, 100
2026/08/04 18:34:03.398, 22680, 100
2026/08/04 18:34:04.400, 22680, 100
2026/08/04 18:34:05.401, 22680, 100
2026/08/04 18:34:06.402, 22680, 100
2026/08/04 18:34:07.404, 22680, 100
2026/08/04 18:34:08.405, 22680, 86
2026/08/04 18:34:09.405, 22680, 100
2026/08/04 18:34:10.405, 22680, 100
2026/08/04 18:34:11.407, 22680, 88
2026/08/04 18:34:12.407, 22680, 100
2026/08/04 18:34:13.407, 22680, 100
2026/08/04 18:34:14.409, 22680, 100
2026/08/04 18:34:15.409, 22680, 100
2026/08/04 18:34:16.410, 22680, 100
2026/08/04 18:34:17.412, 22680, 100
2026/08/04 18:34:18.412, 22680, 100
2026/08/04 18:34:19.413, 22680, 100
2026/08/04 18:34:20.414, 22680, 100
2026/08/04 18:34:21.415, 22680, 100
2026/08/04 18:34:22.416, 22680, 100
2026/08/04 18:34:23.418, 22680, 100
2026/08/04 18:34:24.419, 22680, 100
2026/08/04 18:34:25.420, 22680, 84
2026/08/04 18:34:26.421, 22680, 100
2026/08/04 18:34:27.423, 22680, 84
2026/08/04 18:34:28.424, 22680, 100
2026/08/04 18:34:29.426, 22680, 100
2026/08/04 18:34:30.426, 22680, 100
2026/08/04 18:34:31.427, 22680, 100
2026/08/04 18:34:32.428, 22680, 87
2026/08/04 18:34:33.430, 22680, 100
2026/08/04 18:34:34.431, 22680, 100
2026/08/04 18:34:35.432, 22680, 100
2026/08/04 18:34:36.434, 22680, 100
2026/08/04 18:34:37.435, 22680, 85
2026/08/04 18:34:38.436, 22680, 100
2026/08/04 18:34:39.437, 22680, 100
2026/08/04 18:34:40.439, 22680, 100
2026/08/04 18:34:41.440, 22680, 100
2026/08/04 18:34:42.441, 22680, 100
2026/08/04 18:34:43.443, 22680, 100
2026/08/04 18:34:44.444, 22680, 84
2026/08/04 18:34:45.445, 22680, 100
2026/08/04 18:34:46.447, 22680, 100
2026/08/04 18:34:47.447, 22680, 100
2026/08/04 18:34:48.449, 22680, 100
2026/08/04 18:34:49.450, 22680, 86
2026/08/04 18:34:50.450, 22680, 100
2026/08/04 18:34:51.451, 22680, 100
2026/08/04 18:34:52.453, 22680, 100
2026/08/04 18:34:53.453, 22680, 100
2026/08/04 18:34:54.453, 22680, 100
2026/08/04 18:34:55.454, 22680, 85
2026/08/04 18:34:56.456, 22680, 100
2026/08/04 18:34:57.456, 22680, 100
2026/08/04 18:34:58.456, 22680, 100
2026/08/04 18:34:59.458, 22680, 70
2026/08/04 18:35:00.459, 22680, 100
2026/08/04 18:35:01.460, 22680, 100
2026/08/04 18:35:02.460, 22680, 100
2026/08/04 18:35:03.462, 22680, 100
2026/08/04 18:35:04.462, 22680, 74
2026/08/04 18:35:05.463, 22680, 100
2026/08/04 18:35:06.465, 22680, 100
2026/08/04 18:35:07.466, 22680, 85
2026/08/04 18:35:08.467, 22680, 100
2026/08/04 18:35:09.468, 22680, 100
2026/08/04 18:35:10.469, 22680, 87
2026/08/04 18:35:11.471, 22680, 100
2026/08/04 18:35:12.471, 22680, 100
2026/08/04 18:35:13.471, 22680, 100
2026/08/04 18:35:14.472, 22680, 100
2026/08/04 18:35:15.473, 22680, 100
2026/08/04 18:35:16.474, 22680, 100
2026/08/04 18:35:17.476, 22680, 100
2026/08/04 18:35:18.477, 22680, 85
2026/08/04 18:35:19.478, 22680, 86
2026/08/04 18:35:20.480, 22680, 100
2026/08/04 18:35:21.481, 22680, 100
2026/08/04 18:35:22.483, 22680, 86
2026/08/04 18:35:23.483, 22680, 100
2026/08/04 18:35:24.484, 22680, 72
2026/08/04 18:35:25.486, 22680, 100
2026/08/04 18:35:26.487, 22680, 100
2026/08/04 18:35:27.489, 22680, 100
2026/08/04 18:35:28.490, 22680, 100
2026/08/04 18:35:29.492, 22680, 100
2026/08/04 18:35:30.493, 22680, 100
2026/08/04 18:35:31.493, 22680, 96
2026/08/04 18:35:32.495, 22680, 100
2026/08/04 18:35:33.495, 22680, 100
2026/08/04 18:35:34.495, 22680, 100
2026/08/04 18:35:35.496, 22680, 97
2026/08/04 18:35:36.497, 22680, 100
2026/08/04 18:35:37.499, 22680, 100
2026/08/04 18:35:38.500, 22680, 100
2026/08/04 18:35:39.500, 22680, 100
2026/08/04 18:35:40.502, 22680, 100
2026/08/04 18:35:41.502, 22680, 100
2026/08/04 18:35:42.504, 22680, 100
2026/08/04 18:35:43.505, 22680, 100
2026/08/04 18:35:44.506, 22680, 100
2026/08/04 18:35:45.508, 22680, 100
2026/08/04 18:35:46.509, 22680, 85
2026/08/04 18:35:47.511, 22680, 100
2026/08/04 18:35:48.511, 22680, 100
2026/08/04 18:35:49.511, 22680, 100
2026/08/04 18:35:50.512, 22680, 83
2026/08/04 18:35:51.512, 22680, 100
2026/08/04 18:35:52.514, 22680, 100
2026/08/04 18:35:53.515, 22680, 100
2026/08/04 18:35:54.516, 22680, 100
2026/08/04 18:35:55.518, 22680, 100
2026/08/04 18:35:56.519, 22680, 100
2026/08/04 18:35:57.520, 22680, 100
2026/08/04 18:35:58.521, 22680, 100
2026/08/04 18:35:59.521, 22680, 100
2026/08/04 18:36:00.522, 22680, 100
2026/08/04 18:36:01.523, 22680, 100
2026/08/04 18:36:02.524, 22680, 100
2026/08/04 18:36:03.526, 22680, 100
2026/08/04 18:36:04.527, 22680, 100
2026/08/04 18:36:05.527, 22680, 86
2026/08/04 18:36:06.529, 22680, 100
2026/08/04 18:36:07.529, 22680, 100
2026/08/04 18:36:08.529, 22680, 100
2026/08/04 18:36:09.530, 22680, 84
2026/08/04 18:36:10.530, 22680, 100
2026/08/04 18:36:11.532, 22680, 85
2026/08/04 18:36:12.533, 22680, 85
2026/08/04 18:36:13.534, 22680, 100
2026/08/04 18:36:14.536, 22680, 100
2026/08/04 18:36:15.536, 22680, 73
2026/08/04 18:36:16.537, 22680, 100
2026/08/04 18:36:17.537, 22680, 100
2026/08/04 18:36:18.537, 22680, 100
2026/08/04 18:36:19.538, 22680, 100
2026/08/04 18:36:20.538, 22680, 100
2026/08/04 18:36:21.539, 22680, 100
2026/08/04 18:36:22.539, 22680, 100
2026/08/04 18:36:23.539, 22680, 100
2026/08/04 18:36:24.540, 22680, 99
2026/08/04 18:36:25.540, 22680, 89
2026/08/04 18:36:26.541, 22680, 100
2026/08/04 18:36:27.543, 22680, 83
2026/08/04 18:36:28.544, 22680, 100
2026/08/04 18:36:29.545, 22680, 100
2026/08/04 18:36:30.545, 22680, 83
2026/08/04 18:36:31.545, 22680, 100
2026/08/04 18:36:32.546, 22680, 100
2026/08/04 18:36:33.546, 22680, 100
2026/08/04 18:36:34.546, 22680, 100
2026/08/04 18:36:35.547, 22680, 85
2026/08/04 18:36:36.547, 22680, 72
2026/08/04 18:36:37.547, 22680, 100
2026/08/04 18:36:38.548, 22680, 100
2026/08/04 18:36:39.548, 22680, 100
2026/08/04 18:36:40.548, 22680, 84
2026/08/04 18:36:41.549, 22680, 100
2026/08/04 18:36:42.550, 22680, 100
2026/08/04 18:36:43.551, 22680, 100
2026/08/04 18:36:44.552, 22680, 100
2026/08/04 18:36:45.552, 22680, 100
2026/08/04 18:36:46.552, 22680, 100
2026/08/04 18:36:47.553, 22680, 85
2026/08/04 18:36:48.553, 22680, 100
2026/08/04 18:36:49.555, 22680, 100
2026/08/04 18:36:50.556, 22680, 100
2026/08/04 18:36:51.556, 22680, 100
2026/08/04 18:36:52.557, 22680, 85
2026/08/04 18:36:53.557, 22680, 100
2026/08/04 18:36:54.557, 22680, 100
2026/08/04 18:36:55.558, 22680, 100
2026/08/04 18:36:56.559, 22680, 100
2026/08/04 18:36:57.560, 22680, 100
2026/08/04 18:36:58.561, 22680, 100
2026/08/04 18:36:59.561, 22680, 100
2026/08/04 18:37:00.562, 22680, 100
2026/08/04 18:37:01.564, 22680, 100
2026/08/04 18:37:02.565, 22680, 100
2026/08/04 18:37:03.565, 22680, 100
2026/08/04 18:37:04.567, 22680, 100
2026/08/04 18:37:05.568, 22680, 100
2026/08/04 18:37:06.570, 22680, 100
2026/08/04 18:37:07.571, 22680, 100
2026/08/04 18:37:08.571, 22680, 100
2026/08/04 18:37:09.572, 22680, 100
2026/08/04 18:37:10.572, 22680, 100
2026/08/04 18:37:11.572, 22680, 100
2026/08/04 18:37:12.573, 22680, 100
2026/08/04 18:37:13.573, 22680, 100
2026/08/04 18:37:14.573, 22680, 100
2026/08/04 18:37:15.574, 22680, 96
2026/08/04 18:37:16.575, 22680, 82
2026/08/04 18:37:17.575, 22680, 94
2026/08/04 18:37:18.576, 22680, 100
2026/08/04 18:37:19.576, 22680, 100
2026/08/04 18:37:20.576, 22680, 100
2026/08/04 18:37:21.577, 22680, 100
2026/08/04 18:37:22.577, 22680, 100
2026/08/04 18:37:23.577, 22680, 100
2026/08/04 18:37:24.578, 22680, 100
2026/08/04 18:37:25.579, 22680, 86
2026/08/04 18:37:26.581, 22680, 100
2026/08/04 18:37:27.582, 22680, 100
2026/08/04 18:37:28.582, 22680, 100
2026/08/04 18:37:29.582, 22680, 100
2026/08/04 18:37:30.583, 22680, 74
2026/08/04 18:37:31.583, 22680, 100
2026/08/04 18:37:32.584, 22680, 100
2026/08/04 18:37:33.586, 22680, 100
2026/08/04 18:37:34.586, 22680, 100
2026/08/04 18:37:35.586, 22680, 100
2026/08/04 18:37:36.587, 22680, 100
2026/08/04 18:37:37.587, 22680, 100
2026/08/04 18:37:38.587, 22680, 100
2026/08/04 18:37:39.588, 22680, 100
2026/08/04 18:37:40.590, 22680, 100
2026/08/04 18:37:41.590, 22680, 100
2026/08/04 18:37:42.592, 22680, 100
2026/08/04 18:37:43.592, 22680, 86
2026/08/04 18:37:44.593, 22680, 100
2026/08/04 18:37:45.595, 22680, 100
2026/08/04 18:37:46.595, 22680, 100
2026/08/04 18:37:47.595, 22680, 100
2026/08/04 18:37:48.596, 22680, 100
2026/08/04 18:37:49.596, 22680, 100
2026/08/04 18:37:50.596, 22680, 100
2026/08/04 18:37:51.598, 22680, 100
2026/08/04 18:37:52.598, 22680, 100
2026/08/04 18:37:53.598, 22680, 84
2026/08/04 18:37:54.598, 22680, 100
2026/08/04 18:37:55.599, 22680, 100
2026/08/04 18:37:56.599, 22680, 100
2026/08/04 18:37:57.599, 22680, 100
2026/08/04 18:37:58.601, 22680, 100
2026/08/04 18:37:59.601, 22680, 96
2026/08/04 18:38:00.602, 22680, 100
2026/08/04 18:38:01.604, 22680, 100
2026/08/04 18:38:02.604, 22680, 100
2026/08/04 18:38:03.604, 22680, 100
2026/08/04 18:38:04.605, 22680, 100
2026/08/04 18:38:05.605, 22680, 100
2026/08/04 18:38:06.605, 22680, 100
2026/08/04 18:38:07.605, 22680, 100
2026/08/04 18:38:08.606, 22680, 100
2026/08/04 18:38:09.607, 22680, 100
2026/08/04 18:38:10.609, 22680, 100
2026/08/04 18:38:11.609, 22680, 100
2026/08/04 18:38:12.609, 22680, 100
2026/08/04 18:38:13.610, 22680, 100
2026/08/04 18:38:14.611, 22680, 100
2026/08/04 18:38:15.612, 22680, 100
2026/08/04 18:38:16.613, 22680, 100
2026/08/04 18:38:17.615, 22680, 100
2026/08/04 18:38:18.616, 22680, 100
2026/08/04 18:38:19.617, 22680, 100
2026/08/04 18:38:20.618, 22680, 100
2026/08/04 18:38:21.619, 22680, 84
2026/08/04 18:38:22.620, 22680, 100
2026/08/04 18:38:23.620, 22680, 82
2026/08/04 18:38:24.621, 22680, 100
2026/08/04 18:38:25.623, 22680, 100
2026/08/04 18:38:26.624, 22680, 100
2026/08/04 18:38:27.624, 22680, 100
2026/08/04 18:38:28.624, 22680, 100
2026/08/04 18:38:29.625, 22680, 83
2026/08/04 18:38:30.626, 22680, 87
2026/08/04 18:38:31.626, 22680, 100
2026/08/04 18:38:32.626, 22680, 71
2026/08/04 18:38:33.627, 22680, 100
2026/08/04 18:38:34.627, 22680, 100
2026/08/04 18:38:35.631, 22680, 100
2026/08/04 18:38:36.631, 22680, 100
2026/08/04 18:38:37.633, 22680, 100
2026/08/04 18:38:38.633, 22680, 100
2026/08/04 18:38:39.633, 22680, 100
2026/08/04 18:38:40.635, 22680, 100
2026/08/04 18:38:41.635, 22680, 100
2026/08/04 18:38:42.635, 22680, 100
2026/08/04 18:38:43.635, 22680, 100
2026/08/04 18:38:44.636, 22680, 85
2026/08/04 18:38:45.636, 22680, 100
2026/08/04 18:38:46.636, 22680, 100
2026/08/04 18:38:47.636, 22680, 100
2026/08/04 18:38:48.637, 22680, 100
2026/08/04 18:38:49.637, 22680, 100
2026/08/04 18:38:50.638, 22680, 100
2026/08/04 18:38:51.640, 22680, 100
2026/08/04 18:38:52.640, 22680, 100
2026/08/04 18:38:53.640, 22680, 65
2026/08/04 18:38:54.640, 22680, 100
2026/08/04 18:38:55.640, 22680, 100
2026/08/04 18:38:56.641, 22680, 100
2026/08/04 18:38:57.641, 22680, 100
2026/08/04 18:38:58.642, 22680, 100
2026/08/04 18:38:59.642, 22680, 100
2026/08/04 18:39:00.643, 22680, 100
2026/08/04 18:39:01.643, 22680, 100
2026/08/04 18:39:02.644, 22680, 87
2026/08/04 18:39:03.644, 22680, 100
2026/08/04 18:39:04.644, 22680, 100
2026/08/04 18:39:05.644, 22680, 100
2026/08/04 18:39:06.645, 22680, 100
2026/08/04 18:39:07.645, 22680, 100
2026/08/04 18:39:08.645, 22680, 100
2026/08/04 18:39:09.645, 22680, 100
2026/08/04 18:39:10.646, 22680, 100
2026/08/04 18:39:11.646, 22680, 100
2026/08/04 18:39:12.646, 22680, 100
2026/08/04 18:39:13.646, 22680, 100
2026/08/04 18:39:14.647, 22680, 100
2026/08/04 18:39:15.648, 22680, 100
2026/08/04 18:39:16.648, 22680, 85
2026/08/04 18:39:17.649, 22680, 100
2026/08/04 18:39:18.649, 22680, 100
2026/08/04 18:39:19.650, 22680, 100
2026/08/04 18:39:20.652, 22680, 100
2026/08/04 18:39:21.652, 22680, 100
2026/08/04 18:39:22.653, 22680, 100
2026/08/04 18:39:23.653, 22680, 100
2026/08/04 18:39:24.653, 22680, 100
2026/08/04 18:39:25.654, 22680, 100
2026/08/04 18:39:26.654, 22680, 100
2026/08/04 18:39:27.654, 22680, 100
2026/08/04 18:39:28.655, 22680, 100
2026/08/04 18:39:29.655, 22680, 100
2026/08/04 18:39:30.656, 22680, 100
2026/08/04 18:39:31.656, 22680, 100
2026/08/04 18:39:32.658, 22680, 100
2026/08/04 18:39:33.658, 22680, 100
2026/08/04 18:39:34.658, 22680, 100
2026/08/04 18:39:35.659, 22680, 100
2026/08/04 18:39:36.659, 22680, 100
2026/08/04 18:39:37.659, 22680, 100
2026/08/04 18:39:38.659, 22680, 100
2026/08/04 18:39:39.660, 22680, 75
2026/08/04 18:39:40.660, 22680, 100
2026/08/04 18:39:41.660, 22680, 100
2026/08/04 18:39:42.661, 22680, 100
2026/08/04 18:39:43.661, 22680, 100
2026/08/04 18:39:44.661, 22680, 100
2026/08/04 18:39:45.662, 22680, 100
2026/08/04 18:39:46.662, 22680, 100
2026/08/04 18:39:47.662, 22680, 100
2026/08/04 18:39:48.663, 22680, 100
2026/08/04 18:39:49.664, 22680, 100
2026/08/04 18:39:50.664, 22680, 85
2026/08/04 18:39:51.664, 22680, 100
2026/08/04 18:39:52.665, 22680, 100
2026/08/04 18:39:53.665, 22680, 100
2026/08/04 18:39:54.665, 22680, 100
2026/08/04 18:39:55.665, 22680, 100
2026/08/04 18:39:56.666, 22680, 85
2026/08/04 18:39:57.666, 22680, 100
2026/08/04 18:39:58.666, 22680, 100
2026/08/04 18:39:59.668, 22680, 100
2026/08/04 18:40:00.668, 22680, 84
2026/08/04 18:40:01.668, 22680, 86
2026/08/04 18:40:02.668, 22680, 100
2026/08/04 18:40:03.670, 22680, 100
2026/08/04 18:40:04.670, 22680, 100
2026/08/04 18:40:05.671, 22680, 100
2026/08/04 18:40:06.673, 22680, 100
2026/08/04 18:40:07.673, 22680, 100
2026/08/04 18:40:08.673, 22680, 100
2026/08/04 18:40:09.674, 22680, 100
2026/08/04 18:40:10.674, 22680, 100
2026/08/04 18:40:11.674, 22680, 100
2026/08/04 18:40:12.674, 22680, 100
2026/08/04 18:40:13.675, 22680, 100
2026/08/04 18:40:14.676, 22680, 100
2026/08/04 18:40:15.676, 22680, 100
2026/08/04 18:40:16.677, 22680, 100
2026/08/04 18:40:17.677, 22680, 100
2026/08/04 18:40:18.677, 22680, 100
2026/08/04 18:40:19.678, 22680, 100
2026/08/04 18:40:20.678, 22680, 85
2026/08/04 18:40:21.679, 22680, 100
2026/08/04 18:40:22.679, 22680, 100
2026/08/04 18:40:23.679, 22680, 100
2026/08/04 18:40:24.680, 22680, 100
2026/08/04 18:40:25.681, 22680, 100
2026/08/04 18:40:26.681, 22680, 100
2026/08/04 18:40:27.681, 22680, 100
2026/08/04 18:40:28.681, 22680, 100
2026/08/04 18:40:29.683, 22680, 85
2026/08/04 18:40:30.684, 22680, 100
2026/08/04 18:40:31.685, 22680, 100
2026/08/04 18:40:32.685, 22680, 0
2026/08/04 18:40:33.685, 22680, 6
2026/08/04 18:40:34.685, 22680, 100
2026/08/04 18:40:35.686, 22680, 85
2026/08/04 18:40:36.686, 22680, 86
2026/08/04 18:40:37.686, 22680, 85
2026/08/04 18:40:38.686, 22680, 85
2026/08/04 18:40:39.687, 22680, 87
2026/08/04 18:40:40.687, 22680, 100
2026/08/04 18:40:41.687, 22680, 100
2026/08/04 18:40:42.688, 22680, 100
2026/08/04 18:40:43.688, 22680, 100
2026/08/04 18:40:44.688, 22680, 100
2026/08/04 18:40:45.688, 22680, 100
2026/08/04 18:40:46.689, 22680, 100
2026/08/04 18:40:47.689, 22680, 100
2026/08/04 18:40:48.689, 22680, 100
2026/08/04 18:40:49.690, 22680, 100
2026/08/04 18:40:50.690, 22680, 100
2026/08/04 18:40:51.690, 22680, 100
2026/08/04 18:40:52.690, 22680, 100
2026/08/04 18:40:53.692, 22680, 100
2026/08/04 18:40:54.692, 22680, 100
2026/08/04 18:40:55.692, 22680, 100
2026/08/04 18:40:56.694, 22680, 85
2026/08/04 18:40:57.694, 22680, 100
2026/08/04 18:40:58.694, 22680, 85
2026/08/04 18:40:59.695, 22680, 100
2026/08/04 18:41:00.695, 22680, 100
2026/08/04 18:41:01.695, 22680, 100
2026/08/04 18:41:02.696, 22680, 87
2026/08/04 18:41:03.696, 22680, 75
2026/08/04 18:41:04.696, 22680, 100
2026/08/04 18:41:05.697, 22680, 100
2026/08/04 18:41:06.697, 22680, 100
2026/08/04 18:41:07.697, 22680, 100
2026/08/04 18:41:08.698, 22680, 100
2026/08/04 18:41:09.698, 22680, 100
2026/08/04 18:41:10.698, 22680, 100
2026/08/04 18:41:11.699, 22680, 100
2026/08/04 18:41:12.699, 22680, 100
2026/08/04 18:41:13.699, 22680, 100
2026/08/04 18:41:14.700, 22680, 82
2026/08/04 18:41:15.700, 22680, 85
2026/08/04 18:41:16.700, 22680, 100
2026/08/04 18:41:17.701, 22680, 100
2026/08/04 18:41:18.701, 22680, 100
2026/08/04 18:41:19.701, 22680, 100
2026/08/04 18:41:20.702, 22680, 100
2026/08/04 18:41:21.702, 22680, 100
2026/08/04 18:41:22.702, 22680, 85
2026/08/04 18:41:23.704, 22680, 100
2026/08/04 18:41:24.704, 22680, 100
2026/08/04 18:41:25.705, 22680, 100
2026/08/04 18:41:26.706, 22680, 100
2026/08/04 18:41:27.706, 22680, 100
2026/08/04 18:41:28.706, 22680, 99
2026/08/04 18:41:29.707, 22680, 100
2026/08/04 18:41:30.708, 22680, 100
2026/08/04 18:41:31.708, 22680, 100
2026/08/04 18:41:32.709, 22680, 100
2026/08/04 18:41:33.709, 22680, 100
2026/08/04 18:41:34.710, 22680, 100
2026/08/04 18:41:35.712, 22680, 100
2026/08/04 18:41:36.712, 22680, 100
2026/08/04 18:41:37.712, 22680, 100
2026/08/04 18:41:38.712, 22680, 100
2026/08/04 18:41:39.713, 22680, 96
2026/08/04 18:41:40.713, 22680, 100
2026/08/04 18:41:41.713, 22680, 100
2026/08/04 18:41:42.713, 22680, 85
2026/08/04 18:41:43.715, 22680, 85
2026/08/04 18:41:44.716, 22680, 87
2026/08/04 18:41:45.717, 22680, 100
2026/08/04 18:41:46.719, 22680, 100
2026/08/04 18:41:47.720, 22680, 100
2026/08/04 18:41:48.721, 22680, 100
2026/08/04 18:41:49.722, 22680, 100
2026/08/04 18:41:50.724, 22680, 100
2026/08/04 18:41:51.725, 22680, 100
2026/08/04 18:41:52.726, 22680, 100
2026/08/04 18:41:53.727, 22680, 100
2026/08/04 18:41:54.729, 22680, 100
2026/08/04 18:41:55.730, 22680, 100
2026/08/04 18:41:56.732, 22680, 92
2026/08/04 18:41:57.733, 22680, 86
2026/08/04 18:41:58.734, 22680, 100
2026/08/04 18:41:59.736, 22680, 100
2026/08/04 18:42:00.737, 22680, 100
2026/08/04 18:42:01.738, 22680, 100
2026/08/04 18:42:02.740, 22680, 100
2026/08/04 18:42:03.741, 22680, 100
2026/08/04 18:42:04.742, 22680, 100
2026/08/04 18:42:05.744, 22680, 100
2026/08/04 18:42:06.745, 22680, 100
2026/08/04 18:42:07.746, 22680, 100
2026/08/04 18:42:08.747, 22680, 100
2026/08/04 18:42:09.749, 22680, 100
2026/08/04 18:42:10.750, 22680, 100
2026/08/04 18:42:11.751, 22680, 100
2026/08/04 18:42:12.753, 22680, 100
2026/08/04 18:42:13.754, 22680, 76
2026/08/04 18:42:14.756, 22680, 100
2026/08/04 18:42:15.757, 22680, 100
2026/08/04 18:42:16.757, 22680, 84
2026/08/04 18:42:17.758, 22680, 100
2026/08/04 18:42:18.759, 22680, 100
2026/08/04 18:42:19.760, 22680, 100
2026/08/04 18:42:20.762, 22680, 100
2026/08/04 18:42:21.763, 22680, 100
2026/08/04 18:42:22.764, 22680, 100
2026/08/04 18:42:23.766, 22680, 99
2026/08/04 18:42:24.767, 22680, 86
2026/08/04 18:42:25.768, 22680, 100
2026/08/04 18:42:26.770, 22680, 100
2026/08/04 18:42:27.771, 22680, 100
2026/08/04 18:42:28.773, 22680, 100
2026/08/04 18:42:29.774, 22680, 100
2026/08/04 18:42:30.775, 22680, 100
2026/08/04 18:42:31.777, 22680, 100
2026/08/04 18:42:32.778, 22680, 100
2026/08/04 18:42:33.779, 22680, 74
2026/08/04 18:42:34.781, 22680, 100
2026/08/04 18:42:35.781, 22680, 100
2026/08/04 18:42:36.781, 22680, 100
2026/08/04 18:42:37.782, 22680, 100
2026/08/04 18:42:38.783, 22680, 85
2026/08/04 18:42:39.784, 22680, 100
2026/08/04 18:42:40.784, 22680, 100
2026/08/04 18:42:41.785, 22680, 84
2026/08/04 18:42:42.786, 22680, 100
2026/08/04 18:42:43.786, 22680, 86
2026/08/04 18:42:44.788, 22680, 100
2026/08/04 18:42:45.788, 22680, 100
2026/08/04 18:42:46.789, 22680, 100
2026/08/04 18:42:47.790, 22680, 100
2026/08/04 18:42:48.790, 22680, 100
2026/08/04 18:42:49.790, 22680, 71
2026/08/04 18:42:50.791, 22680, 100
2026/08/04 18:42:51.791, 22680, 100
2026/08/04 18:42:52.791, 22680, 100
2026/08/04 18:42:53.792, 22680, 100
2026/08/04 18:42:54.792, 22680, 100
2026/08/04 18:42:55.792, 22680, 100
2026/08/04 18:42:56.793, 22680, 100
2026/08/04 18:42:57.793, 22680, 100
2026/08/04 18:42:58.793, 22680, 100
2026/08/04 18:42:59.794, 22680, 100
2026/08/04 18:43:00.794, 22680, 100
2026/08/04 18:43:01.794, 22680, 85
2026/08/04 18:43:02.796, 22680, 100
2026/08/04 18:43:03.796, 22680, 100
2026/08/04 18:43:04.796, 22680, 100
2026/08/04 18:43:05.797, 22680, 100
2026/08/04 18:43:06.797, 22680, 100
2026/08/04 18:43:07.797, 22680, 84
2026/08/04 18:43:08.797, 22680, 100
2026/08/04 18:43:09.798, 22680, 100
2026/08/04 18:43:10.798, 22680, 100
2026/08/04 18:43:11.798, 22680, 100
2026/08/04 18:43:12.799, 22680, 100
2026/08/04 18:43:13.799, 22680, 95
2026/08/04 18:43:14.799, 22680, 100
2026/08/04 18:43:15.800, 22680, 100
2026/08/04 18:43:16.800, 22680, 87
2026/08/04 18:43:17.800, 22680, 100
2026/08/04 18:43:18.800, 22680, 85
2026/08/04 18:43:19.801, 22680, 100
2026/08/04 18:43:20.801, 22680, 100
2026/08/04 18:43:21.801, 22680, 100
2026/08/04 18:43:22.801, 22680, 93
2026/08/04 18:43:23.802, 22680, 100
2026/08/04 18:43:24.802, 22680, 100
2026/08/04 18:43:25.802, 22680, 71
2026/08/04 18:43:26.803, 22680, 100
2026/08/04 18:43:27.803, 22680, 96
2026/08/04 18:43:28.804, 22680, 85
2026/08/04 18:43:29.804, 22680, 100
2026/08/04 18:43:30.805, 22680, 100
2026/08/04 18:43:31.805, 22680, 100
2026/08/04 18:43:32.806, 22680, 100
2026/08/04 18:43:33.807, 22680, 100
2026/08/04 18:43:34.809, 22680, 100
2026/08/04 18:43:35.810, 22680, 100
2026/08/04 18:43:36.812, 22680, 85
2026/08/04 18:43:37.812, 22680, 100
2026/08/04 18:43:38.813, 22680, 100
2026/08/04 18:43:39.815, 22680, 100
2026/08/04 18:43:40.816, 22680, 100
2026/08/04 18:43:41.817, 22680, 100
2026/08/04 18:43:42.819, 22680, 100
2026/08/04 18:43:43.820, 22680, 100
2026/08/04 18:43:44.820, 22680, 96
2026/08/04 18:43:45.822, 22680, 100
2026/08/04 18:43:46.823, 22680, 89
2026/08/04 18:43:47.824, 22680, 71
2026/08/04 18:43:48.825, 22680, 85
2026/08/04 18:43:49.826, 22680, 90
2026/08/04 18:43:50.827, 22680, 100
2026/08/04 18:43:51.829, 22680, 100
2026/08/04 18:43:52.830, 22680, 100
2026/08/04 18:43:53.831, 22680, 100
2026/08/04 18:43:54.833, 22680, 100
2026/08/04 18:43:55.834, 22680, 100
2026/08/04 18:43:56.835, 22680, 100
2026/08/04 18:43:57.837, 22680, 100
2026/08/04 18:43:58.838, 22680, 72
2026/08/04 18:43:59.839, 22680, 100
2026/08/04 18:44:00.841, 22680, 100
2026/08/04 18:44:01.842, 22680, 100
2026/08/04 18:44:02.843, 22680, 100
2026/08/04 18:44:03.844, 22680, 100
2026/08/04 18:44:04.844, 22680, 100
2026/08/04 18:44:05.845, 22680, 100
2026/08/04 18:44:06.847, 22680, 88
2026/08/04 18:44:07.847, 22680, 100
2026/08/04 18:44:08.848, 22680, 100
2026/08/04 18:44:09.850, 22680, 90
2026/08/04 18:44:10.851, 22680, 83
2026/08/04 18:44:11.852, 22680, 100
2026/08/04 18:44:12.853, 22680, 100
2026/08/04 18:44:13.855, 22680, 100
2026/08/04 18:44:14.855, 22680, 100
2026/08/04 18:44:15.856, 22680, 100
2026/08/04 18:44:16.857, 22680, 100
2026/08/04 18:44:17.858, 22680, 100
2026/08/04 18:44:18.858, 22680, 100
2026/08/04 18:44:19.858, 22680, 100
2026/08/04 18:44:20.859, 22680, 100
2026/08/04 18:44:21.859, 22680, 85
2026/08/04 18:44:22.860, 22680, 100
2026/08/04 18:44:23.860, 22680, 100
2026/08/04 18:44:24.860, 22680, 85
2026/08/04 18:44:25.861, 22680, 100
2026/08/04 18:44:26.861, 22680, 100
2026/08/04 18:44:27.862, 22680, 100
2026/08/04 18:44:28.862, 22680, 100
2026/08/04 18:44:29.862, 22680, 72
2026/08/04 18:44:30.863, 22680, 83
2026/08/04 18:44:31.863, 22680, 79
2026/08/04 18:44:32.863, 22680, 100
2026/08/04 18:44:33.864, 22680, 100
2026/08/04 18:44:34.864, 22680, 100
2026/08/04 18:44:35.865, 22680, 100
2026/08/04 18:44:36.865, 22680, 100
2026/08/04 18:44:37.865, 22680, 100
2026/08/04 18:44:38.866, 22680, 73
2026/08/04 18:44:39.866, 22680, 95
2026/08/04 18:44:40.866, 22680, 100
2026/08/04 18:44:41.867, 22680, 100
2026/08/04 18:44:42.867, 22680, 100
2026/08/04 18:44:43.868, 22680, 100
2026/08/04 18:44:44.868, 22680, 100
2026/08/04 18:44:45.868, 22680, 100
2026/08/04 18:44:46.869, 22680, 100
2026/08/04 18:44:47.869, 22680, 100
2026/08/04 18:44:48.870, 22680, 100
2026/08/04 18:44:49.870, 22680, 100
2026/08/04 18:44:50.871, 22680, 100
2026/08/04 18:44:51.871, 22680, 100
2026/08/04 18:44:52.872, 22680, 100
2026/08/04 18:44:53.872, 22680, 100
2026/08/04 18:44:54.872, 22680, 100
2026/08/04 18:44:55.873, 22680, 100
2026/08/04 18:44:56.873, 22680, 100
2026/08/04 18:44:57.873, 22680, 100
2026/08/04 18:44:58.874, 22680, 100
2026/08/04 18:44:59.874, 22680, 100
2026/08/04 18:45:00.874, 22680, 100
2026/08/04 18:45:01.875, 22680, 100
2026/08/04 18:45:02.875, 22680, 100
2026/08/04 18:45:03.875, 22680, 100
2026/08/04 18:45:04.876, 22680, 100
2026/08/04 18:45:05.876, 22680, 100
2026/08/04 18:45:06.876, 22680, 100
2026/08/04 18:45:07.877, 22680, 82
2026/08/04 18:45:08.877, 22680, 100
2026/08/04 18:45:09.877, 22680, 100
2026/08/04 18:45:10.878, 22680, 100
2026/08/04 18:45:11.878, 22680, 100
2026/08/04 18:45:12.879, 22680, 100
2026/08/04 18:45:13.879, 22680, 82
2026/08/04 18:45:14.879, 22680, 100
2026/08/04 18:45:15.879, 22680, 100
2026/08/04 18:45:16.880, 22680, 100
2026/08/04 18:45:17.880, 22680, 100
2026/08/04 18:45:18.881, 22680, 100
2026/08/04 18:45:19.881, 22680, 100
2026/08/04 18:45:20.881, 22680, 100
2026/08/04 18:45:21.881, 22680, 100
2026/08/04 18:45:22.882, 22680, 100
2026/08/04 18:45:23.882, 22680, 100
2026/08/04 18:45:24.882, 22680, 100
2026/08/04 18:45:25.882, 22680, 100
2026/08/04 18:45:26.883, 22680, 100
2026/08/04 18:45:27.883, 22680, 100
2026/08/04 18:45:28.884, 22680, 82
2026/08/04 18:45:29.886, 22680, 100
2026/08/04 18:45:30.886, 22680, 100
2026/08/04 18:45:31.886, 22680, 100
2026/08/04 18:45:32.886, 22680, 100
2026/08/04 18:45:33.888, 22680, 100
2026/08/04 18:45:34.888, 22680, 100
2026/08/04 18:45:35.888, 22680, 100
2026/08/04 18:45:36.889, 22680, 70
2026/08/04 18:45:37.889, 22680, 100
2026/08/04 18:45:38.889, 22680, 100
2026/08/04 18:45:39.890, 22680, 100
2026/08/04 18:45:40.892, 22680, 100
2026/08/04 18:45:41.892, 22680, 100
2026/08/04 18:45:42.892, 22680, 100
2026/08/04 18:45:43.892, 22680, 100
2026/08/04 18:45:44.893, 22680, 83
2026/08/04 18:45:45.893, 22680, 84
2026/08/04 18:45:46.894, 22680, 79
2026/08/04 18:45:47.895, 22680, 81
2026/08/04 18:45:48.896, 22680, 100
2026/08/04 18:45:49.896, 22680, 100
2026/08/04 18:45:50.896, 22680, 100
2026/08/04 18:45:51.898, 22680, 84
2026/08/04 18:45:52.899, 22680, 82
2026/08/04 18:45:53.899, 22680, 100
2026/08/04 18:45:54.899, 22680, 77
2026/08/04 18:45:55.900, 22680, 100
2026/08/04 18:45:56.900, 22680, 100
2026/08/04 18:45:57.900, 22680, 100
2026/08/04 18:45:58.900, 22680, 100
2026/08/04 18:45:59.901, 22680, 100
2026/08/04 18:46:00.901, 22680, 100
2026/08/04 18:46:01.901, 22680, 100
2026/08/04 18:46:02.902, 22680, 100
2026/08/04 18:46:03.902, 22680, 100
2026/08/04 18:46:04.902, 22680, 100
2026/08/04 18:46:05.903, 22680, 100
2026/08/04 18:46:06.904, 22680, 100
2026/08/04 18:46:07.904, 22680, 83
2026/08/04 18:46:08.905, 22680, 100
2026/08/04 18:46:09.905, 22680, 100
2026/08/04 18:46:10.905, 22680, 100
2026/08/04 18:46:11.906, 22680, 100
2026/08/04 18:46:12.906, 22680, 100
2026/08/04 18:46:13.906, 22680, 100
2026/08/04 18:46:14.906, 22680, 100
2026/08/04 18:46:15.907, 22680, 75
2026/08/04 18:46:16.907, 22680, 100
2026/08/04 18:46:17.907, 22680, 100
2026/08/04 18:46:18.908, 22680, 100
2026/08/04 18:46:19.908, 22680, 100
2026/08/04 18:46:20.908, 22680, 100
2026/08/04 18:46:21.909, 22680, 100
2026/08/04 18:46:22.909, 22680, 83
2026/08/04 18:46:23.909, 22680, 73
2026/08/04 18:46:24.909, 22680, 100
2026/08/04 18:46:25.910, 22680, 100
2026/08/04 18:46:26.910, 22680, 100
2026/08/04 18:46:27.910, 22680, 100
2026/08/04 18:46:28.912, 22680, 93
2026/08/04 18:46:29.912, 22680, 100
2026/08/04 18:46:30.912, 22680, 85
2026/08/04 18:46:31.913, 22680, 100
2026/08/04 18:46:32.913, 22680, 100
2026/08/04 18:46:33.913, 22680, 100
2026/08/04 18:46:34.913, 22680, 77
2026/08/04 18:46:35.914, 22680, 100
2026/08/04 18:46:36.914, 22680, 100
2026/08/04 18:46:37.914, 22680, 100
2026/08/04 18:46:38.914, 22680, 100
2026/08/04 18:46:39.914, 22680, 100
2026/08/04 18:46:40.915, 22680, 100
2026/08/04 18:46:41.915, 22680, 100
2026/08/04 18:46:42.915, 22680, 100
2026/08/04 18:46:43.916, 22680, 100
2026/08/04 18:46:44.916, 22680, 86
2026/08/04 18:46:45.916, 22680, 100
2026/08/04 18:46:46.916, 22680, 100
2026/08/04 18:46:47.917, 22680, 100
2026/08/04 18:46:48.917, 22680, 100
2026/08/04 18:46:49.917, 22680, 100
2026/08/04 18:46:50.917, 22680, 100
2026/08/04 18:46:51.918, 22680, 100
2026/08/04 18:46:52.918, 22680, 100
2026/08/04 18:46:53.918, 22680, 85
2026/08/04 18:46:54.918, 22680, 79
2026/08/04 18:46:55.919, 22680, 100
2026/08/04 18:46:56.919, 22680, 100
2026/08/04 18:46:57.919, 22680, 84
2026/08/04 18:46:58.919, 22680, 100
2026/08/04 18:46:59.920, 22680, 100
2026/08/04 18:47:00.920, 22680, 100
2026/08/04 18:47:01.920, 22680, 100
2026/08/04 18:47:02.920, 22680, 100
2026/08/04 18:47:03.921, 22680, 100
2026/08/04 18:47:04.921, 22680, 100
2026/08/04 18:47:05.921, 22680, 100
2026/08/04 18:47:06.922, 22680, 100
2026/08/04 18:47:07.922, 22680, 100
2026/08/04 18:47:08.922, 22680, 72
2026/08/04 18:47:09.922, 22680, 100
2026/08/04 18:47:10.923, 22680, 100
2026/08/04 18:47:11.923, 22680, 100
2026/08/04 18:47:12.923, 22680, 100
2026/08/04 18:47:13.923, 22680, 100
2026/08/04 18:47:14.924, 22680, 100
2026/08/04 18:47:15.924, 22680, 100
2026/08/04 18:47:16.924, 22680, 100
2026/08/04 18:47:17.924, 22680, 100
2026/08/04 18:47:18.925, 22680, 83
2026/08/04 18:47:19.925, 22680, 100
2026/08/04 18:47:20.925, 22680, 100
2026/08/04 18:47:21.926, 22680, 100
2026/08/04 18:47:22.926, 22680, 100
2026/08/04 18:47:23.926, 22680, 100
2026/08/04 18:47:24.927, 22680, 100
2026/08/04 18:47:25.927, 22680, 100
2026/08/04 18:47:26.928, 22680, 100
2026/08/04 18:47:27.929, 22680, 100
2026/08/04 18:47:28.929, 22680, 85
2026/08/04 18:47:29.929, 22680, 100
2026/08/04 18:47:30.930, 22680, 100
2026/08/04 18:47:31.930, 22680, 100
2026/08/04 18:47:32.930, 22680, 100
2026/08/04 18:47:33.931, 22680, 100
2026/08/04 18:47:34.931, 22680, 100
2026/08/04 18:47:35.931, 22680, 100
2026/08/04 18:47:36.932, 22680, 100
2026/08/04 18:47:37.932, 22680, 100
2026/08/04 18:47:38.932, 22680, 100
2026/08/04 18:47:39.933, 22680, 100
2026/08/04 18:47:40.933, 22680, 88
2026/08/04 18:47:41.933, 22680, 82
2026/08/04 18:47:42.935, 22680, 100
2026/08/04 18:47:43.935, 22680, 85
2026/08/04 18:47:44.935, 22680, 100
2026/08/04 18:47:45.936, 22680, 100
2026/08/04 18:47:46.936, 22680, 100
2026/08/04 18:47:47.936, 22680, 85
2026/08/04 18:47:48.937, 22680, 83
2026/08/04 18:47:49.937, 22680, 100
2026/08/04 18:47:50.937, 22680, 100
2026/08/04 18:47:51.938, 22680, 100
2026/08/04 18:47:52.939, 22680, 95
2026/08/04 18:47:53.939, 22680, 100
2026/08/04 18:47:54.940, 22680, 83
2026/08/04 18:47:55.940, 22680, 100
2026/08/04 18:47:56.940, 22680, 100
2026/08/04 18:47:57.941, 22680, 100
2026/08/04 18:47:58.941, 22680, 84
2026/08/04 18:47:59.941, 22680, 83
2026/08/04 18:48:00.942, 22680, 88
2026/08/04 18:48:01.942, 22680, 100
2026/08/04 18:48:02.942, 22680, 100
2026/08/04 18:48:03.943, 22680, 100
2026/08/04 18:48:04.943, 22680, 100
2026/08/04 18:48:05.943, 22680, 100
2026/08/04 18:48:06.945, 22680, 86
2026/08/04 18:48:07.946, 22680, 100
2026/08/04 18:48:08.946, 22680, 100
2026/08/04 18:48:09.947, 22680, 100
2026/08/04 18:48:10.947, 22680, 100
2026/08/04 18:48:11.947, 22680, 100
2026/08/04 18:48:12.948, 22680, 100
2026/08/04 18:48:13.948, 22680, 100
2026/08/04 18:48:14.948, 22680, 68
2026/08/04 18:48:15.949, 22680, 100
2026/08/04 18:48:16.949, 22680, 100
2026/08/04 18:48:17.949, 22680, 100
2026/08/04 18:48:18.950, 22680, 100
2026/08/04 18:48:19.950, 22680, 100
2026/08/04 18:48:20.950, 22680, 100
2026/08/04 18:48:21.950, 22680, 100
2026/08/04 18:48:22.952, 22680, 100
2026/08/04 18:48:23.952, 22680, 100
2026/08/04 18:48:24.952, 22680, 100
2026/08/04 18:48:25.953, 22680, 85
2026/08/04 18:48:26.954, 22680, 84
2026/08/04 18:48:27.954, 22680, 100
2026/08/04 18:48:28.955, 22680, 100
2026/08/04 18:48:29.955, 22680, 100
2026/08/04 18:48:30.955, 22680, 100
2026/08/04 18:48:31.956, 22680, 100
2026/08/04 18:48:32.956, 22680, 100
2026/08/04 18:48:33.956, 22680, 100
2026/08/04 18:48:34.957, 22680, 100
2026/08/04 18:48:35.957, 22680, 100
2026/08/04 18:48:36.957, 22680, 100
2026/08/04 18:48:37.958, 22680, 100
2026/08/04 18:48:38.958, 22680, 100
2026/08/04 18:48:39.958, 22680, 100
2026/08/04 18:48:40.959, 22680, 81
2026/08/04 18:48:41.959, 22680, 100
2026/08/04 18:48:42.959, 22680, 100
2026/08/04 18:48:43.960, 22680, 100
2026/08/04 18:48:44.960, 22680, 89
2026/08/04 18:48:45.960, 22680, 100
2026/08/04 18:48:46.960, 22680, 100
2026/08/04 18:48:47.962, 22680, 100
2026/08/04 18:48:48.962, 22680, 100
2026/08/04 18:48:49.962, 22680, 100
2026/08/04 18:48:50.963, 22680, 100
2026/08/04 18:48:51.964, 22680, 68
2026/08/04 18:48:52.964, 22680, 100
2026/08/04 18:48:53.965, 22680, 100
2026/08/04 18:48:54.965, 22680, 100
2026/08/04 18:48:55.966, 22680, 100
2026/08/04 18:48:56.968, 22680, 100
2026/08/04 18:48:57.968, 22680, 100
2026/08/04 18:48:58.968, 22680, 100
2026/08/04 18:48:59.969, 22680, 100
2026/08/04 18:49:00.969, 22680, 100
2026/08/04 18:49:01.969, 22680, 100
2026/08/04 18:49:02.970, 22680, 100
2026/08/04 18:49:03.970, 22680, 100
2026/08/04 18:49:04.970, 22680, 100
2026/08/04 18:49:05.970, 22680, 100
2026/08/04 18:49:06.971, 22680, 100
2026/08/04 18:49:07.971, 22680, 100
2026/08/04 18:49:08.971, 22680, 71
2026/08/04 18:49:09.972, 22680, 100
2026/08/04 18:49:10.972, 22680, 100
2026/08/04 18:49:11.972, 22680, 100
2026/08/04 18:49:12.973, 22680, 100
2026/08/04 18:49:13.973, 22680, 100
2026/08/04 18:49:14.973, 22680, 100
2026/08/04 18:49:15.973, 22680, 100
2026/08/04 18:49:16.974, 22680, 100
2026/08/04 18:49:17.974, 22680, 100
2026/08/04 18:49:18.975, 22680, 100
2026/08/04 18:49:19.975, 22680, 100
2026/08/04 18:49:20.975, 22680, 100
2026/08/04 18:49:21.976, 22680, 100
2026/08/04 18:49:22.976, 22680, 100
2026/08/04 18:49:23.976, 22680, 84
2026/08/04 18:49:24.977, 22680, 100
2026/08/04 18:49:25.977, 22680, 100
2026/08/04 18:49:26.977, 22680, 100
2026/08/04 18:49:27.978, 22680, 100
2026/08/04 18:49:28.978, 22680, 100
2026/08/04 18:49:29.978, 22680, 100
2026/08/04 18:49:30.979, 22680, 100
2026/08/04 18:49:31.979, 22680, 100
2026/08/04 18:49:32.980, 22680, 100
2026/08/04 18:49:33.980, 22680, 100
2026/08/04 18:49:34.980, 22680, 100
2026/08/04 18:49:35.980, 22680, 100
2026/08/04 18:49:36.981, 22680, 85
2026/08/04 18:49:37.981, 22680, 100
2026/08/04 18:49:38.981, 22680, 100
2026/08/04 18:49:39.982, 22680, 100
2026/08/04 18:49:40.982, 22680, 100
2026/08/04 18:49:41.983, 22680, 100
2026/08/04 18:49:42.984, 22680, 100
2026/08/04 18:49:43.984, 22680, 100
2026/08/04 18:49:44.984, 22680, 100
2026/08/04 18:49:45.985, 22680, 100
2026/08/04 18:49:46.985, 22680, 100
2026/08/04 18:49:47.985, 22680, 100
2026/08/04 18:49:48.985, 22680, 90
2026/08/04 18:49:49.986, 22680, 100
2026/08/04 18:49:50.986, 22680, 73
2026/08/04 18:49:51.986, 22680, 100
2026/08/04 18:49:52.986, 22680, 83
2026/08/04 18:49:53.986, 22680, 100
2026/08/04 18:49:54.987, 22680, 100
2026/08/04 18:49:55.987, 22680, 100
2026/08/04 18:49:56.987, 22680, 100
2026/08/04 18:49:57.988, 22680, 100
2026/08/04 18:49:58.988, 22680, 100
2026/08/04 18:49:59.988, 22680, 92
2026/08/04 18:50:00.989, 22680, 100
2026/08/04 18:50:01.989, 22680, 100
2026/08/04 18:50:02.989, 22680, 100
2026/08/04 18:50:03.990, 22680, 88
2026/08/04 18:50:04.990, 22680, 100
2026/08/04 18:50:05.990, 22680, 100
2026/08/04 18:50:06.990, 22680, 100
2026/08/04 18:50:07.991, 22680, 100
2026/08/04 18:50:08.991, 22680, 100
2026/08/04 18:50:09.991, 22680, 93
2026/08/04 18:50:10.991, 22680, 84
2026/08/04 18:50:11.992, 22680, 85
2026/08/04 18:50:12.992, 22680, 85
2026/08/04 18:50:13.992, 22680, 100
2026/08/04 18:50:14.992, 22680, 100
2026/08/04 18:50:15.993, 22680, 100
2026/08/04 18:50:16.993, 22680, 100
2026/08/04 18:50:17.993, 22680, 100
2026/08/04 18:50:18.994, 22680, 100
2026/08/04 18:50:19.994, 22680, 100
2026/08/04 18:50:20.994, 22680, 100
2026/08/04 18:50:21.994, 22680, 100
2026/08/04 18:50:22.995, 22680, 72
2026/08/04 18:50:23.995, 22680, 84
2026/08/04 18:50:24.995, 22680, 100
2026/08/04 18:50:25.996, 22680, 100
2026/08/04 18:50:26.996, 22680, 100
2026/08/04 18:50:27.996, 22680, 100
2026/08/04 18:50:28.996, 22680, 100
2026/08/04 18:50:29.997, 22680, 100
2026/08/04 18:50:30.997, 22680, 100
2026/08/04 18:50:31.997, 22680, 100
2026/08/04 18:50:32.997, 22680, 83
2026/08/04 18:50:33.998, 22680, 100
2026/08/04 18:50:34.998, 22680, 100
2026/08/04 18:50:35.998, 22680, 100
2026/08/04 18:50:36.999, 22680, 100
2026/08/04 18:50:37.999, 22680, 100
2026/08/04 18:50:38.999, 22680, 100
2026/08/04 18:50:39.999, 22680, 83
2026/08/04 18:50:41.000, 22680, 100
2026/08/04 18:50:42.000, 22680, 100
2026/08/04 18:50:43.000, 22680, 100
2026/08/04 18:50:44.001, 22680, 100
2026/08/04 18:50:45.001, 22680, 100
2026/08/04 18:50:46.001, 22680, 100
2026/08/04 18:50:47.001, 22680, 100
2026/08/04 18:50:48.002, 22680, 100
2026/08/04 18:50:49.002, 22680, 100
2026/08/04 18:50:50.002, 22680, 100
2026/08/04 18:50:51.003, 22680, 100
2026/08/04 18:50:52.003, 22680, 82
2026/08/04 18:50:53.003, 22680, 100
2026/08/04 18:50:54.003, 22680, 100
2026/08/04 18:50:55.004, 22680, 100
2026/08/04 18:50:56.004, 22680, 82
2026/08/04 18:50:57.004, 22680, 100
2026/08/04 18:50:58.005, 22680, 100
2026/08/04 18:50:59.005, 22680, 100
2026/08/04 18:51:00.005, 22680, 100
2026/08/04 18:51:01.007, 22680, 100
2026/08/04 18:51:02.008, 22680, 100
2026/08/04 18:51:03.008, 22680, 100
2026/08/04 18:51:04.008, 22680, 100
2026/08/04 18:51:05.009, 22680, 100
2026/08/04 18:51:06.009, 22680, 83
2026/08/04 18:51:07.009, 22680, 100
2026/08/04 18:51:08.010, 22680, 100
2026/08/04 18:51:09.010, 22680, 100
2026/08/04 18:51:10.010, 22680, 100
2026/08/04 18:51:11.011, 22680, 100
2026/08/04 18:51:12.011, 22680, 100
2026/08/04 18:51:13.011, 22680, 100
2026/08/04 18:51:14.012, 22680, 100
2026/08/04 18:51:15.012, 22680, 100
2026/08/04 18:51:16.012, 22680, 100
2026/08/04 18:51:17.013, 22680, 100
2026/08/04 18:51:18.013, 22680, 100
2026/08/04 18:51:19.013, 22680, 100
2026/08/04 18:51:20.013, 22680, 100
2026/08/04 18:51:21.014, 22680, 100
2026/08/04 18:51:22.014, 22680, 100
2026/08/04 18:51:23.014, 22680, 100
2026/08/04 18:51:24.015, 22680, 100
2026/08/04 18:51:25.015, 22680, 100
2026/08/04 18:51:26.015, 22680, 100
2026/08/04 18:51:27.015, 22680, 100
2026/08/04 18:51:28.016, 22680, 100
2026/08/04 18:51:29.016, 22680, 100
2026/08/04 18:51:30.016, 22680, 100
2026/08/04 18:51:31.017, 22680, 100
2026/08/04 18:51:32.017, 22680, 100
2026/08/04 18:51:33.017, 22680, 100
2026/08/04 18:51:34.018, 22680, 100
2026/08/04 18:51:35.018, 22680, 89
2026/08/04 18:51:36.018, 22680, 83
2026/08/04 18:51:37.018, 22680, 100
2026/08/04 18:51:38.019, 22680, 100
2026/08/04 18:51:39.019, 22680, 100
2026/08/04 18:51:40.019, 22680, 82
2026/08/04 18:51:41.020, 22680, 100
2026/08/04 18:51:42.020, 22680, 100
2026/08/04 18:51:43.020, 22680, 74
2026/08/04 18:51:44.021, 22680, 100
2026/08/04 18:51:45.021, 22680, 100
2026/08/04 18:51:46.021, 22680, 100
2026/08/04 18:51:47.021, 22680, 100
2026/08/04 18:51:48.022, 22680, 100
2026/08/04 18:51:49.022, 22680, 83
2026/08/04 18:51:50.022, 22680, 84
2026/08/04 18:51:51.022, 22680, 85
2026/08/04 18:51:52.023, 22680, 100
2026/08/04 18:51:53.023, 22680, 100
2026/08/04 18:51:54.023, 22680, 100
2026/08/04 18:51:55.023, 22680, 100
2026/08/04 18:51:56.024, 22680, 100
2026/08/04 18:51:57.025, 22680, 100
2026/08/04 18:51:58.025, 22680, 100
2026/08/04 18:51:59.026, 22680, 100
2026/08/04 18:52:00.026, 22680, 83
2026/08/04 18:52:01.026, 22680, 100
2026/08/04 18:52:02.026, 22680, 100
2026/08/04 18:52:03.027, 22680, 100
2026/08/04 18:52:04.027, 22680, 86
2026/08/04 18:52:05.027, 22680, 85
2026/08/04 18:52:06.028, 22680, 100
2026/08/04 18:52:07.028, 22680, 100
2026/08/04 18:52:08.028, 22680, 100
2026/08/04 18:52:09.029, 22680, 100
2026/08/04 18:52:10.029, 22680, 100
2026/08/04 18:52:11.029, 22680, 81
2026/08/04 18:52:12.029, 22680, 100
2026/08/04 18:52:13.030, 22680, 100
2026/08/04 18:52:14.030, 22680, 100
2026/08/04 18:52:15.030, 22680, 100
2026/08/04 18:52:16.030, 22680, 100
2026/08/04 18:52:17.032, 22680, 100
2026/08/04 18:52:18.032, 22680, 100
2026/08/04 18:52:19.032, 22680, 100
2026/08/04 18:52:20.032, 22680, 100
2026/08/04 18:52:21.033, 22680, 100
2026/08/04 18:52:22.033, 22680, 100
2026/08/04 18:52:23.033, 22680, 100
2026/08/04 18:52:24.033, 22680, 81
2026/08/04 18:52:25.033, 22680, 100
2026/08/04 18:52:26.034, 22680, 100
2026/08/04 18:52:27.034, 22680, 81
2026/08/04 18:52:28.034, 22680, 100
2026/08/04 18:52:29.035, 22680, 100
2026/08/04 18:52:30.035, 22680, 99
2026/08/04 18:52:31.035, 22680, 100
2026/08/04 18:52:32.036, 22680, 100
2026/08/04 18:52:33.037, 22680, 100
2026/08/04 18:52:34.037, 22680, 100
2026/08/04 18:52:35.037, 22680, 100
2026/08/04 18:52:36.038, 22680, 100
2026/08/04 18:52:37.038, 22680, 85
2026/08/04 18:52:38.038, 22680, 100
2026/08/04 18:52:39.039, 22680, 100
2026/08/04 18:52:40.039, 22680, 100
2026/08/04 18:52:41.039, 22680, 100
2026/08/04 18:52:42.040, 22680, 100
2026/08/04 18:52:43.041, 22680, 100
2026/08/04 18:52:44.041, 22680, 100
2026/08/04 18:52:45.041, 22680, 100
2026/08/04 18:52:46.042, 22680, 100
2026/08/04 18:52:47.042, 22680, 100
2026/08/04 18:52:48.042, 22680, 100
2026/08/04 18:52:49.043, 22680, 100
2026/08/04 18:52:50.043, 22680, 100
2026/08/04 18:52:51.043, 22680, 100
2026/08/04 18:52:52.043, 22680, 100
2026/08/04 18:52:53.044, 22680, 100
2026/08/04 18:52:54.044, 22680, 100
2026/08/04 18:52:55.044, 22680, 83
2026/08/04 18:52:56.045, 22680, 100
2026/08/04 18:52:57.045, 22680, 100
2026/08/04 18:52:58.045, 22680, 100
2026/08/04 18:52:59.045, 22680, 100
2026/08/04 18:53:00.046, 22680, 100
2026/08/04 18:53:01.046, 22680, 79
2026/08/04 18:53:02.046, 22680, 100
2026/08/04 18:53:03.047, 22680, 100
2026/08/04 18:53:04.047, 22680, 100
2026/08/04 18:53:05.047, 22680, 100
2026/08/04 18:53:06.048, 22680, 100
2026/08/04 18:53:07.048, 22680, 100
2026/08/04 18:53:08.048, 22680, 82
2026/08/04 18:53:09.048, 22680, 100
2026/08/04 18:53:10.049, 22680, 100
2026/08/04 18:53:11.049, 22680, 100
2026/08/04 18:53:12.049, 22680, 83
2026/08/04 18:53:13.050, 22680, 100
2026/08/04 18:53:14.050, 22680, 100
2026/08/04 18:53:15.050, 22680, 100
2026/08/04 18:53:16.050, 22680, 100
2026/08/04 18:53:17.051, 22680, 100
2026/08/04 18:53:18.051, 22680, 100
2026/08/04 18:53:19.051, 22680, 100
2026/08/04 18:53:20.052, 22680, 100
2026/08/04 18:53:21.053, 22680, 100
2026/08/04 18:53:22.053, 22680, 100
2026/08/04 18:53:23.053, 22680, 100
2026/08/04 18:53:24.053, 22680, 100
2026/08/04 18:53:25.054, 22680, 100
2026/08/04 18:53:26.054, 22680, 100
2026/08/04 18:53:27.054, 22680, 100
2026/08/04 18:53:28.055, 22680, 85
2026/08/04 18:53:29.055, 22680, 100
2026/08/04 18:53:30.055, 22680, 100
2026/08/04 18:53:31.055, 22680, 100
2026/08/04 18:53:32.055, 22680, 100
2026/08/04 18:53:33.056, 22680, 100
2026/08/04 18:53:34.056, 22680, 100
2026/08/04 18:53:35.056, 22680, 100
2026/08/04 18:53:36.057, 22680, 100
2026/08/04 18:53:37.057, 22680, 100
2026/08/04 18:53:38.057, 22680, 100
2026/08/04 18:53:39.058, 22680, 100
2026/08/04 18:53:40.059, 22680, 100
2026/08/04 18:53:41.059, 22680, 92
2026/08/04 18:53:42.059, 22680, 84
2026/08/04 18:53:43.060, 22680, 100
2026/08/04 18:53:44.060, 22680, 100
2026/08/04 18:53:45.060, 22680, 100
2026/08/04 18:53:46.060, 22680, 93
2026/08/04 18:53:47.061, 22680, 100
2026/08/04 18:53:48.061, 22680, 100
2026/08/04 18:53:49.061, 22680, 100
2026/08/04 18:53:50.062, 22680, 100
2026/08/04 18:53:51.062, 22680, 100
2026/08/04 18:53:52.062, 22680, 100
2026/08/04 18:53:53.063, 22680, 100
2026/08/04 18:53:54.063, 22680, 100
2026/08/04 18:53:55.063, 22680, 100
2026/08/04 18:53:56.063, 22680, 100
2026/08/04 18:53:57.064, 22680, 100
2026/08/04 18:53:58.064, 22680, 100
2026/08/04 18:53:59.064, 22680, 84
2026/08/04 18:54:00.065, 22680, 100
2026/08/04 18:54:01.065, 22680, 100
2026/08/04 18:54:02.065, 22680, 100
2026/08/04 18:54:03.066, 22680, 98
2026/08/04 18:54:04.066, 22680, 100
2026/08/04 18:54:05.066, 22680, 85
2026/08/04 18:54:06.066, 22680, 100
2026/08/04 18:54:07.067, 22680, 100
2026/08/04 18:54:08.067, 22680, 100
2026/08/04 18:54:09.067, 22680, 100
2026/08/04 18:54:10.068, 22680, 100
2026/08/04 18:54:11.068, 22680, 100
2026/08/04 18:54:12.068, 22680, 100
2026/08/04 18:54:13.069, 22680, 100
2026/08/04 18:54:14.069, 22680, 100
2026/08/04 18:54:15.069, 22680, 100
2026/08/04 18:54:16.070, 22680, 100
2026/08/04 18:54:17.070, 22680, 100
2026/08/04 18:54:18.070, 22680, 100
2026/08/04 18:54:19.071, 22680, 100
2026/08/04 18:54:20.071, 22680, 95
2026/08/04 18:54:21.071, 22680, 84
2026/08/04 18:54:22.072, 22680, 100
2026/08/04 18:54:23.072, 22680, 100
2026/08/04 18:54:24.072, 22680, 100
2026/08/04 18:54:25.073, 22680, 100
2026/08/04 18:54:26.073, 22680, 100
2026/08/04 18:54:27.073, 22680, 100
2026/08/04 18:54:28.074, 22680, 100
2026/08/04 18:54:29.074, 22680, 100
2026/08/04 18:54:30.075, 22680, 100
2026/08/04 18:54:31.076, 22680, 100
2026/08/04 18:54:32.076, 22680, 100
2026/08/04 18:54:33.076, 22680, 100
2026/08/04 18:54:34.077, 22680, 100
2026/08/04 18:54:35.077, 22680, 100
2026/08/04 18:54:36.080, 22680, 100
2026/08/04 18:54:37.080, 22680, 100
2026/08/04 18:54:38.080, 22680, 100
2026/08/04 18:54:39.081, 22680, 100
2026/08/04 18:54:40.081, 22680, 100
2026/08/04 18:54:41.081, 22680, 100
2026/08/04 18:54:42.082, 22680, 100
2026/08/04 18:54:43.082, 22680, 100
2026/08/04 18:54:44.082, 22680, 100
2026/08/04 18:54:45.083, 22680, 100
2026/08/04 18:54:46.083, 22680, 100
2026/08/04 18:54:47.083, 22680, 100
2026/08/04 18:54:48.084, 22680, 100
2026/08/04 18:54:49.084, 22680, 100
2026/08/04 18:54:50.084, 22680, 100
2026/08/04 18:54:51.085, 22680, 100
2026/08/04 18:54:52.085, 22680, 84
2026/08/04 18:54:53.086, 22680, 74
2026/08/04 18:54:54.087, 22680, 100
2026/08/04 18:54:55.087, 22680, 100
2026/08/04 18:54:56.087, 22680, 100
2026/08/04 18:54:57.088, 22680, 100
2026/08/04 18:54:58.088, 22680, 100
2026/08/04 18:54:59.088, 22680, 100
2026/08/04 18:55:00.089, 22680, 100
2026/08/04 18:55:01.089, 22680, 100
2026/08/04 18:55:02.089, 22680, 100
2026/08/04 18:55:03.090, 22680, 83
2026/08/04 18:55:04.090, 22680, 100
2026/08/04 18:55:05.090, 22680, 83
2026/08/04 18:55:06.091, 22680, 100
2026/08/04 18:55:07.091, 22680, 100
2026/08/04 18:55:08.091, 22680, 100
2026/08/04 18:55:09.091, 22680, 100
2026/08/04 18:55:10.092, 22680, 100
2026/08/04 18:55:11.092, 22680, 100
2026/08/04 18:55:12.093, 22680, 100
2026/08/04 18:55:13.093, 22680, 100
2026/08/04 18:55:14.093, 22680, 100
2026/08/04 18:55:15.094, 22680, 85
2026/08/04 18:55:16.094, 22680, 100
2026/08/04 18:55:17.094, 22680, 100
2026/08/04 18:55:18.095, 22680, 100
2026/08/04 18:55:19.095, 22680, 100
2026/08/04 18:55:20.095, 22680, 100
2026/08/04 18:55:21.096, 22680, 100
2026/08/04 18:55:22.096, 22680, 100
2026/08/04 18:55:23.096, 22680, 100
2026/08/04 18:55:24.097, 22680, 100
2026/08/04 18:55:25.097, 22680, 84
2026/08/04 18:55:26.097, 22680, 100
2026/08/04 18:55:27.098, 22680, 85
2026/08/04 18:55:28.098, 22680, 83
2026/08/04 18:55:29.098, 22680, 100
2026/08/04 18:55:30.099, 22680, 100
2026/08/04 18:55:31.100, 22680, 100
2026/08/04 18:55:32.101, 22680, 100
2026/08/04 18:55:33.101, 22680, 100
2026/08/04 18:55:34.101, 22680, 100
2026/08/04 18:55:35.102, 22680, 84
2026/08/04 18:55:36.104, 22680, 100
2026/08/04 18:55:37.104, 22680, 100
2026/08/04 18:55:38.104, 22680, 100
2026/08/04 18:55:39.105, 22680, 100
2026/08/04 18:55:40.105, 22680, 95
2026/08/04 18:55:41.105, 22680, 100
2026/08/04 18:55:42.105, 22680, 100
2026/08/04 18:55:43.106, 22680, 100
2026/08/04 18:55:44.106, 22680, 100
2026/08/04 18:55:45.106, 22680, 100
2026/08/04 18:55:46.107, 22680, 100
2026/08/04 18:55:47.107, 22680, 100
2026/08/04 18:55:48.108, 22680, 100
2026/08/04 18:55:49.108, 22680, 82
2026/08/04 18:55:50.108, 22680, 100
2026/08/04 18:55:51.109, 22680, 85
2026/08/04 18:55:52.109, 22680, 100
2026/08/04 18:55:53.109, 22680, 100
2026/08/04 18:55:54.110, 22680, 100
2026/08/04 18:55:55.110, 22680, 100
2026/08/04 18:55:56.110, 22680, 100
2026/08/04 18:55:57.111, 22680, 100
2026/08/04 18:55:58.111, 22680, 100
2026/08/04 18:55:59.111, 22680, 100
2026/08/04 18:56:00.112, 22680, 100
2026/08/04 18:56:01.112, 22680, 100
2026/08/04 18:56:02.112, 22680, 100
2026/08/04 18:56:03.113, 22680, 100
2026/08/04 18:56:04.113, 22680, 100
2026/08/04 18:56:05.113, 22680, 100
2026/08/04 18:56:06.114, 22680, 100
2026/08/04 18:56:07.114, 22680, 100
2026/08/04 18:56:08.115, 22680, 100
2026/08/04 18:56:09.115, 22680, 93
2026/08/04 18:56:10.115, 22680, 100
2026/08/04 18:56:11.116, 22680, 100
2026/08/04 18:56:12.116, 22680, 100
2026/08/04 18:56:13.116, 22680, 100
2026/08/04 18:56:14.117, 22680, 100
2026/08/04 18:56:15.117, 22680, 100
2026/08/04 18:56:16.118, 22680, 100
2026/08/04 18:56:17.118, 22680, 84
2026/08/04 18:56:18.118, 22680, 100
2026/08/04 18:56:19.119, 22680, 85
2026/08/04 18:56:20.119, 22680, 100
2026/08/04 18:56:21.119, 22680, 84
2026/08/04 18:56:22.120, 22680, 100
2026/08/04 18:56:23.120, 22680, 100
2026/08/04 18:56:24.120, 22680, 100
2026/08/04 18:56:25.121, 22680, 100
2026/08/04 18:56:26.121, 22680, 100
2026/08/04 18:56:27.121, 22680, 100
2026/08/04 18:56:28.122, 22680, 100
2026/08/04 18:56:29.122, 22680, 82
2026/08/04 18:56:30.123, 22680, 99
2026/08/04 18:56:31.123, 22680, 100
2026/08/04 18:56:32.123, 22680, 100
2026/08/04 18:56:33.124, 22680, 100
2026/08/04 18:56:34.124, 22680, 100
2026/08/04 18:56:35.124, 22680, 100
2026/08/04 18:56:36.125, 22680, 100
2026/08/04 18:56:37.125, 22680, 100
2026/08/04 18:56:38.125, 22680, 100
2026/08/04 18:56:39.126, 22680, 100
2026/08/04 18:56:40.126, 22680, 100
2026/08/04 18:56:41.126, 22680, 100
2026/08/04 18:56:42.127, 22680, 100
2026/08/04 18:56:43.127, 22680, 100
2026/08/04 18:56:44.127, 22680, 100
2026/08/04 18:56:45.128, 22680, 83
2026/08/04 18:56:46.128, 22680, 99
2026/08/04 18:56:47.128, 22680, 93
2026/08/04 18:56:48.129, 22680, 73
2026/08/04 18:56:49.129, 22680, 84
2026/08/04 18:56:50.129, 22680, 100
2026/08/04 18:56:51.130, 22680, 100
2026/08/04 18:56:52.130, 22680, 100
2026/08/04 18:56:53.130, 22680, 100
2026/08/04 18:56:54.131, 22680, 100
2026/08/04 18:56:55.131, 22680, 100
2026/08/04 18:56:56.131, 22680, 100
2026/08/04 18:56:57.132, 22680, 100
2026/08/04 18:56:58.132, 22680, 100
2026/08/04 18:56:59.132, 22680, 84
2026/08/04 18:57:00.133, 22680, 100
2026/08/04 18:57:01.133, 22680, 100
2026/08/04 18:57:02.134, 22680, 84
2026/08/04 18:57:03.134, 22680, 83
2026/08/04 18:57:04.134, 22680, 86
2026/08/04 18:57:05.135, 22680, 100
2026/08/04 18:57:06.135, 22680, 100
2026/08/04 18:57:07.135, 22680, 100
2026/08/04 18:57:08.136, 22680, 100
2026/08/04 18:57:09.136, 22680, 100
2026/08/04 18:57:10.137, 22680, 100
2026/08/04 18:57:11.137, 22680, 100
2026/08/04 18:57:12.137, 22680, 100
2026/08/04 18:57:13.138, 22680, 100
2026/08/04 18:57:14.138, 22680, 100
2026/08/04 18:57:15.138, 22680, 100
2026/08/04 18:57:16.139, 22680, 100
2026/08/04 18:57:17.139, 22680, 100
2026/08/04 18:57:18.139, 22680, 100
2026/08/04 18:57:19.140, 22680, 100
2026/08/04 18:57:20.140, 22680, 73
2026/08/04 18:57:21.140, 22680, 100
2026/08/04 18:57:22.141, 22680, 100
2026/08/04 18:57:23.141, 22680, 100
2026/08/04 18:57:24.141, 22680, 100
2026/08/04 18:57:25.142, 22680, 100
2026/08/04 18:57:26.142, 22680, 100
2026/08/04 18:57:27.142, 22680, 81
2026/08/04 18:57:28.143, 22680, 100
2026/08/04 18:57:29.143, 22680, 100
2026/08/04 18:57:30.143, 22680, 100
2026/08/04 18:57:31.144, 22680, 100
2026/08/04 18:57:32.144, 22680, 100
2026/08/04 18:57:33.144, 22680, 100
2026/08/04 18:57:34.145, 22680, 100
2026/08/04 18:57:35.145, 22680, 83
2026/08/04 18:57:36.145, 22680, 100
2026/08/04 18:57:37.146, 22680, 100
2026/08/04 18:57:38.146, 22680, 100
2026/08/04 18:57:39.146, 22680, 83
2026/08/04 18:57:40.147, 22680, 100
2026/08/04 18:57:41.147, 22680, 82
2026/08/04 18:57:42.148, 22680, 84
2026/08/04 18:57:43.148, 22680, 85
2026/08/04 18:57:44.148, 22680, 100
2026/08/04 18:57:45.149, 22680, 100
2026/08/04 18:57:46.149, 22680, 100
2026/08/04 18:57:47.149, 22680, 83
2026/08/04 18:57:48.149, 22680, 100
2026/08/04 18:57:49.150, 22680, 100
2026/08/04 18:57:50.150, 22680, 100
2026/08/04 18:57:51.150, 22680, 100
2026/08/04 18:57:52.151, 22680, 100
2026/08/04 18:57:53.151, 22680, 100
2026/08/04 18:57:54.151, 22680, 100
2026/08/04 18:57:55.152, 22680, 100
2026/08/04 18:57:56.152, 22680, 100
2026/08/04 18:57:57.153, 22680, 100
2026/08/04 18:57:58.153, 22680, 100
2026/08/04 18:57:59.153, 22680, 100
2026/08/04 18:58:00.154, 22680, 100
2026/08/04 18:58:01.154, 22680, 100
2026/08/04 18:58:02.154, 22680, 100
2026/08/04 18:58:03.154, 22680, 100
2026/08/04 18:58:04.155, 22680, 100
2026/08/04 18:58:05.155, 22680, 83
2026/08/04 18:58:06.155, 22680, 100
2026/08/04 18:58:07.156, 22680, 100
2026/08/04 18:58:08.156, 22680, 100
2026/08/04 18:58:09.156, 22680, 100
2026/08/04 18:58:10.157, 22680, 100
2026/08/04 18:58:11.157, 22680, 86
2026/08/04 18:58:12.158, 22680, 100
2026/08/04 18:58:13.158, 22680, 100
2026/08/04 18:58:14.158, 22680, 100
2026/08/04 18:58:15.159, 22680, 81
2026/08/04 18:58:16.159, 22680, 100
2026/08/04 18:58:17.159, 22680, 87
2026/08/04 18:58:18.160, 22680, 96
2026/08/04 18:58:19.160, 22680, 100
2026/08/04 18:58:20.160, 22680, 100
2026/08/04 18:58:21.161, 22680, 100
2026/08/04 18:58:22.161, 22680, 100
2026/08/04 18:58:23.161, 22680, 100
2026/08/04 18:58:24.162, 22680, 85
2026/08/04 18:58:25.162, 22680, 100
2026/08/04 18:58:26.162, 22680, 100
2026/08/04 18:58:27.163, 22680, 100
2026/08/04 18:58:28.163, 22680, 100
2026/08/04 18:58:29.163, 22680, 100
2026/08/04 18:58:30.164, 22680, 100
2026/08/04 18:58:31.164, 22680, 100
2026/08/04 18:58:32.165, 22680, 100
2026/08/04 18:58:33.165, 22680, 100
2026/08/04 18:58:34.165, 22680, 100
2026/08/04 18:58:35.166, 22680, 100
2026/08/04 18:58:36.166, 22680, 100
2026/08/04 18:58:37.166, 22680, 87
2026/08/04 18:58:38.167, 22680, 84
2026/08/04 18:58:39.167, 22680, 85
2026/08/04 18:58:40.168, 22680, 84
2026/08/04 18:58:41.168, 22680, 100
2026/08/04 18:58:42.168, 22680, 100
2026/08/04 18:58:43.169, 22680, 100
2026/08/04 18:58:44.169, 22680, 73
2026/08/04 18:58:45.169, 22680, 100
2026/08/04 18:58:46.170, 22680, 100
2026/08/04 18:58:47.170, 22680, 100
2026/08/04 18:58:48.170, 22680, 100
2026/08/04 18:58:49.171, 22680, 100
2026/08/04 18:58:50.171, 22680, 100
2026/08/04 18:58:51.172, 22680, 100
2026/08/04 18:58:52.172, 22680, 100
2026/08/04 18:58:53.172, 22680, 70
2026/08/04 18:58:54.173, 22680, 100
2026/08/04 18:58:55.173, 22680, 72
2026/08/04 18:58:56.173, 22680, 100
2026/08/04 18:58:57.174, 22680, 100
2026/08/04 18:58:58.174, 22680, 100
2026/08/04 18:58:59.174, 22680, 100
2026/08/04 18:59:00.175, 22680, 100
2026/08/04 18:59:01.175, 22680, 100
2026/08/04 18:59:02.175, 22680, 100
2026/08/04 18:59:03.176, 22680, 100
2026/08/04 18:59:04.176, 22680, 100
2026/08/04 18:59:05.177, 22680, 73
2026/08/04 18:59:06.177, 22680, 98
2026/08/04 18:59:07.177, 22680, 81
2026/08/04 18:59:08.178, 22680, 100
2026/08/04 18:59:09.178, 22680, 87
2026/08/04 18:59:10.178, 22680, 100
2026/08/04 18:59:11.178, 22680, 100
2026/08/04 18:59:12.179, 22680, 100
2026/08/04 18:59:13.179, 22680, 100
2026/08/04 18:59:14.179, 22680, 100
2026/08/04 18:59:15.180, 22680, 83
2026/08/04 18:59:16.180, 22680, 100
2026/08/04 18:59:17.180, 22680, 100
2026/08/04 18:59:18.181, 22680, 100
2026/08/04 18:59:19.181, 22680, 100
2026/08/04 18:59:20.181, 22680, 100
2026/08/04 18:59:21.182, 22680, 100
2026/08/04 18:59:22.182, 22680, 100
2026/08/04 18:59:23.182, 22680, 100
2026/08/04 18:59:24.183, 22680, 84
2026/08/04 18:59:25.183, 22680, 100
2026/08/04 18:59:26.183, 22680, 100
2026/08/04 18:59:27.184, 22680, 100
2026/08/04 18:59:28.184, 22680, 100
2026/08/04 18:59:29.184, 22680, 100
2026/08/04 18:59:30.185, 22680, 100
2026/08/04 18:59:31.185, 22680, 100
2026/08/04 18:59:32.185, 22680, 100
2026/08/04 18:59:33.186, 22680, 100
2026/08/04 18:59:34.186, 22680, 100
2026/08/04 18:59:35.186, 22680, 100
2026/08/04 18:59:36.187, 22680, 100
2026/08/04 18:59:37.187, 22680, 100
2026/08/04 18:59:38.187, 22680, 100
2026/08/04 18:59:39.188, 22680, 100
2026/08/04 18:59:40.188, 22680, 100
2026/08/04 18:59:41.188, 22680, 88
2026/08/04 18:59:42.189, 22680, 86
2026/08/04 18:59:43.189, 22680, 100
2026/08/04 18:59:44.189, 22680, 100
2026/08/04 18:59:45.190, 22680, 100
2026/08/04 18:59:46.190, 22680, 100
2026/08/04 18:59:47.190, 22680, 100
2026/08/04 18:59:48.191, 22680, 88
2026/08/04 18:59:49.191, 22680, 100
2026/08/04 18:59:50.191, 22680, 100
2026/08/04 18:59:51.191, 22680, 100
2026/08/04 18:59:52.192, 22680, 100
2026/08/04 18:59:53.192, 22680, 100
2026/08/04 18:59:54.192, 22680, 96
2026/08/04 18:59:55.193, 22680, 100
2026/08/04 18:59:56.193, 22680, 100
2026/08/04 18:59:57.193, 22680, 78
2026/08/04 18:59:58.194, 22680, 100
2026/08/04 18:59:59.194, 22680, 100
2026/08/04 19:00:00.194, 22680, 100
2026/08/04 19:00:01.195, 22680, 100
2026/08/04 19:00:02.195, 22680, 100
2026/08/04 19:00:03.195, 22680, 100
2026/08/04 19:00:04.196, 22680, 100
2026/08/04 19:00:05.196, 22680, 100
2026/08/04 19:00:06.196, 22680, 100
2026/08/04 19:00:07.197, 22680, 85
2026/08/04 19:00:08.197, 22680, 100
2026/08/04 19:00:09.197, 22680, 100
2026/08/04 19:00:10.198, 22680, 85
2026/08/04 19:00:11.198, 22680, 85
2026/08/04 19:00:12.198, 22680, 100
2026/08/04 19:00:13.199, 22680, 100
2026/08/04 19:00:14.199, 22680, 100
2026/08/04 19:00:15.199, 22680, 77
2026/08/04 19:00:16.200, 22680, 94
2026/08/04 19:00:17.200, 22680, 74
2026/08/04 19:00:18.200, 22680, 100
2026/08/04 19:00:19.201, 22680, 100
2026/08/04 19:00:20.201, 22680, 100
2026/08/04 19:00:21.201, 22680, 84
2026/08/04 19:00:22.202, 22680, 100
2026/08/04 19:00:23.202, 22680, 100
2026/08/04 19:00:24.202, 22680, 100
2026/08/04 19:00:25.202, 22680, 100
2026/08/04 19:00:26.203, 22680, 100
2026/08/04 19:00:27.203, 22680, 91
2026/08/04 19:00:28.203, 22680, 85
2026/08/04 19:00:29.204, 22680, 85
2026/08/04 19:00:30.204, 22680, 85
2026/08/04 19:00:31.204, 22680, 100
2026/08/04 19:00:32.205, 22680, 100
2026/08/04 19:00:33.205, 22680, 72
2026/08/04 19:00:34.205, 22680, 100
2026/08/04 19:00:35.206, 22680, 100
2026/08/04 19:00:36.206, 22680, 100
2026/08/04 19:00:37.206, 22680, 100
2026/08/04 19:00:38.206, 22680, 100
2026/08/04 19:00:39.207, 22680, 72
2026/08/04 19:00:40.207, 22680, 100
2026/08/04 19:00:41.207, 22680, 100
2026/08/04 19:00:42.208, 22680, 100
2026/08/04 19:00:43.208, 22680, 100
2026/08/04 19:00:44.208, 22680, 100
2026/08/04 19:00:45.209, 22680, 100
2026/08/04 19:00:46.209, 22680, 100
2026/08/04 19:00:47.209, 22680, 100
2026/08/04 19:00:48.210, 22680, 100
2026/08/04 19:00:49.210, 22680, 100
2026/08/04 19:00:50.210, 22680, 100
2026/08/04 19:00:51.211, 22680, 100
2026/08/04 19:00:52.211, 22680, 100
2026/08/04 19:00:53.211, 22680, 100
2026/08/04 19:00:54.212, 22680, 100
2026/08/04 19:00:55.212, 22680, 100
2026/08/04 19:00:56.212, 22680, 100
2026/08/04 19:00:57.212, 22680, 100
2026/08/04 19:00:58.213, 22680, 100
2026/08/04 19:00:59.213, 22680, 100
2026/08/04 19:01:00.213, 22680, 100
2026/08/04 19:01:01.214, 22680, 100
2026/08/04 19:01:02.214, 22680, 100
2026/08/04 19:01:03.214, 22680, 100
2026/08/04 19:01:04.215, 22680, 100
2026/08/04 19:01:05.215, 22680, 100
2026/08/04 19:01:06.215, 22680, 100
2026/08/04 19:01:07.216, 22680, 100
2026/08/04 19:01:08.216, 22680, 100
2026/08/04 19:01:09.216, 22680, 100
2026/08/04 19:01:10.217, 22680, 100
2026/08/04 19:01:11.217, 22680, 100
2026/08/04 19:01:12.217, 22680, 100
2026/08/04 19:01:13.218, 22680, 100
2026/08/04 19:01:14.218, 22680, 100
2026/08/04 19:01:15.218, 22680, 100
2026/08/04 19:01:16.219, 22680, 100
2026/08/04 19:01:17.219, 22680, 100
2026/08/04 19:01:18.219, 22680, 100
2026/08/04 19:01:19.220, 22680, 100
2026/08/04 19:01:20.220, 22680, 100
2026/08/04 19:01:21.220, 22680, 100
2026/08/04 19:01:22.220, 22680, 100
2026/08/04 19:01:23.221, 22680, 100
2026/08/04 19:01:24.221, 22680, 100
2026/08/04 19:01:25.221, 22680, 100
2026/08/04 19:01:26.222, 22680, 100
2026/08/04 19:01:27.222, 22680, 100
2026/08/04 19:01:28.222, 22680, 100
2026/08/04 19:01:29.223, 22680, 100
2026/08/04 19:01:30.223, 22680, 100
2026/08/04 19:01:31.223, 22680, 100
2026/08/04 19:01:32.224, 22680, 100
2026/08/04 19:01:33.224, 22680, 100
2026/08/04 19:01:34.224, 22680, 100
2026/08/04 19:01:35.224, 22680, 81
2026/08/04 19:01:36.225, 22680, 100
2026/08/04 19:01:37.225, 22680, 100
2026/08/04 19:01:38.225, 22680, 100
2026/08/04 19:01:39.226, 22680, 100
2026/08/04 19:01:40.226, 22680, 100
2026/08/04 19:01:41.226, 22680, 100
2026/08/04 19:01:42.227, 22680, 100
2026/08/04 19:01:43.227, 22680, 100
2026/08/04 19:01:44.227, 22680, 100
2026/08/04 19:01:45.228, 22680, 100
2026/08/04 19:01:46.228, 22680, 100
2026/08/04 19:01:47.228, 22680, 100
2026/08/04 19:01:48.229, 22680, 100
2026/08/04 19:01:49.229, 22680, 100
2026/08/04 19:01:50.229, 22680, 100
2026/08/04 19:01:51.230, 22680, 100
2026/08/04 19:01:52.230, 22680, 100
2026/08/04 19:01:53.230, 22680, 100
2026/08/04 19:01:54.231, 22680, 100
2026/08/04 19:01:55.231, 22680, 100
2026/08/04 19:01:56.231, 22680, 100
2026/08/04 19:01:57.231, 22680, 100
2026/08/04 19:01:58.232, 22680, 100
2026/08/04 19:01:59.232, 22680, 100
2026/08/04 19:02:00.232, 22680, 100
2026/08/04 19:02:01.233, 22680, 83
2026/08/04 19:02:02.233, 22680, 71
2026/08/04 19:02:03.233, 22680, 85
2026/08/04 19:02:04.234, 22680, 77
2026/08/04 19:02:05.234, 22680, 100
2026/08/04 19:02:06.235, 22680, 100
2026/08/04 19:02:07.235, 22680, 100
2026/08/04 19:02:08.235, 22680, 100
2026/08/04 19:02:09.236, 22680, 100
2026/08/04 19:02:10.236, 22680, 74
2026/08/04 19:02:11.236, 22680, 100
2026/08/04 19:02:12.237, 22680, 100
2026/08/04 19:02:13.237, 22680, 100
2026/08/04 19:02:14.237, 22680, 100
2026/08/04 19:02:15.238, 22680, 100
2026/08/04 19:02:16.238, 22680, 100
2026/08/04 19:02:17.238, 22680, 89
2026/08/04 19:02:18.238, 22680, 100
2026/08/04 19:02:19.239, 22680, 100
2026/08/04 19:02:20.239, 22680, 100
2026/08/04 19:02:21.239, 22680, 88
2026/08/04 19:02:22.240, 22680, 100
2026/08/04 19:02:23.240, 22680, 100
2026/08/04 19:02:24.240, 22680, 100
2026/08/04 19:02:25.241, 22680, 100
2026/08/04 19:02:26.241, 22680, 100
2026/08/04 19:02:27.241, 22680, 100
2026/08/04 19:02:28.242, 22680, 100
2026/08/04 19:02:29.242, 22680, 100
2026/08/04 19:02:30.242, 22680, 100
2026/08/04 19:02:31.243, 22680, 100
2026/08/04 19:02:32.243, 22680, 100
2026/08/04 19:02:33.243, 22680, 100
2026/08/04 19:02:34.244, 22680, 100
2026/08/04 19:02:35.244, 22680, 100
2026/08/04 19:02:36.244, 22680, 100
2026/08/04 19:02:37.244, 22680, 87
2026/08/04 19:02:38.245, 22680, 100
2026/08/04 19:02:39.245, 22680, 100
2026/08/04 19:02:40.245, 22680, 100
2026/08/04 19:02:41.246, 22680, 100
2026/08/04 19:02:42.246, 22680, 100
2026/08/04 19:02:43.246, 22680, 85
2026/08/04 19:02:44.247, 22680, 100
2026/08/04 19:02:45.247, 22680, 100
2026/08/04 19:02:46.247, 22680, 100
2026/08/04 19:02:47.248, 22680, 100
2026/08/04 19:02:48.248, 22680, 100
2026/08/04 19:02:49.248, 22680, 100
2026/08/04 19:02:50.249, 22680, 85
2026/08/04 19:02:51.249, 22680, 100
2026/08/04 19:02:52.249, 22680, 100
2026/08/04 19:02:53.249, 22680, 100
2026/08/04 19:02:54.250, 22680, 100
2026/08/04 19:02:55.250, 22680, 100
2026/08/04 19:02:56.250, 22680, 100
2026/08/04 19:02:57.251, 22680, 84
2026/08/04 19:02:58.251, 22680, 100
2026/08/04 19:02:59.251, 22680, 100
2026/08/04 19:03:00.252, 22680, 100
2026/08/04 19:03:01.252, 22680, 100
2026/08/04 19:03:02.252, 22680, 100
2026/08/04 19:03:03.253, 22680, 100
2026/08/04 19:03:04.253, 22680, 100
2026/08/04 19:03:05.253, 22680, 83
2026/08/04 19:03:06.254, 22680, 100
2026/08/04 19:03:07.254, 22680, 100
2026/08/04 19:03:08.254, 22680, 88
2026/08/04 19:03:09.254, 22680, 100
2026/08/04 19:03:10.255, 22680, 100
2026/08/04 19:03:11.255, 22680, 100
2026/08/04 19:03:12.255, 22680, 85
2026/08/04 19:03:13.256, 22680, 82
2026/08/04 19:03:14.256, 22680, 100
2026/08/04 19:03:15.256, 22680, 100
2026/08/04 19:03:16.257, 22680, 100
2026/08/04 19:03:17.257, 22680, 84
2026/08/04 19:03:18.257, 22680, 100
2026/08/04 19:03:19.257, 22680, 100
2026/08/04 19:03:20.258, 22680, 100
2026/08/04 19:03:21.258, 22680, 83
2026/08/04 19:03:22.258, 22680, 100
2026/08/04 19:03:23.259, 22680, 83
2026/08/04 19:03:24.259, 22680, 100
2026/08/04 19:03:25.259, 22680, 100
2026/08/04 19:03:26.260, 22680, 100
2026/08/04 19:03:27.260, 22680, 95
2026/08/04 19:03:28.260, 22680, 100
2026/08/04 19:03:29.261, 22680, 100
2026/08/04 19:03:30.261, 22680, 100
2026/08/04 19:03:31.261, 22680, 100
2026/08/04 19:03:32.262, 22680, 100
2026/08/04 19:03:33.262, 22680, 100
2026/08/04 19:03:34.262, 22680, 100
2026/08/04 19:03:35.263, 22680, 100
2026/08/04 19:03:36.263, 22680, 81
2026/08/04 19:03:37.263, 22680, 70
2026/08/04 19:03:38.263, 22680, 84
2026/08/04 19:03:39.264, 22680, 100
2026/08/04 19:03:40.264, 22680, 84
2026/08/04 19:03:41.264, 22680, 100
2026/08/04 19:03:42.265, 22680, 100
2026/08/04 19:03:43.265, 22680, 100
2026/08/04 19:03:44.265, 22680, 100
2026/08/04 19:03:45.265, 22680, 100
2026/08/04 19:03:46.266, 22680, 100
2026/08/04 19:03:47.266, 22680, 100
2026/08/04 19:03:48.266, 22680, 100
2026/08/04 19:03:49.267, 22680, 100
2026/08/04 19:03:50.267, 22680, 100
2026/08/04 19:03:51.267, 22680, 100
2026/08/04 19:03:52.268, 22680, 100
2026/08/04 19:03:53.268, 22680, 100
2026/08/04 19:03:54.268, 22680, 100
2026/08/04 19:03:55.268, 22680, 100
2026/08/04 19:03:56.269, 22680, 100
2026/08/04 19:03:57.269, 22680, 100
2026/08/04 19:03:58.269, 22680, 100
2026/08/04 19:03:59.269, 22680, 80
2026/08/04 19:04:00.269, 22680, 100
2026/08/04 19:04:01.269, 22680, 100
2026/08/04 19:04:02.270, 22680, 100
2026/08/04 19:04:03.270, 22680, 100
2026/08/04 19:04:04.271, 22680, 100
2026/08/04 19:04:05.271, 22680, 100
2026/08/04 19:04:06.272, 22680, 100
2026/08/04 19:04:07.272, 22680, 100
2026/08/04 19:04:08.272, 22680, 100
2026/08/04 19:04:09.272, 22680, 100
2026/08/04 19:04:10.273, 22680, 100
2026/08/04 19:04:11.273, 22680, 100
2026/08/04 19:04:12.273, 22680, 82
2026/08/04 19:04:13.274, 22680, 84
2026/08/04 19:04:14.274, 22680, 100
2026/08/04 19:04:15.274, 22680, 100
2026/08/04 19:04:16.275, 22680, 100
2026/08/04 19:04:17.275, 22680, 100
2026/08/04 19:04:18.275, 22680, 100
2026/08/04 19:04:19.275, 22680, 84
2026/08/04 19:04:20.276, 22680, 100
2026/08/04 19:04:21.276, 22680, 100
2026/08/04 19:04:22.276, 22680, 100
2026/08/04 19:04:23.277, 22680, 100
2026/08/04 19:04:24.277, 22680, 100
2026/08/04 19:04:25.277, 22680, 100
2026/08/04 19:04:26.278, 22680, 84
2026/08/04 19:04:27.278, 22680, 100
2026/08/04 19:04:28.278, 22680, 100
2026/08/04 19:04:29.279, 22680, 100
2026/08/04 19:04:30.279, 22680, 100
2026/08/04 19:04:31.279, 22680, 100
2026/08/04 19:04:32.279, 22680, 100
2026/08/04 19:04:33.280, 22680, 100
2026/08/04 19:04:34.280, 22680, 100
2026/08/04 19:04:35.280, 22680, 100
2026/08/04 19:04:36.281, 22680, 100
2026/08/04 19:04:37.281, 22680, 100
2026/08/04 19:04:38.281, 22680, 100
2026/08/04 19:04:39.282, 22680, 100
2026/08/04 19:04:40.282, 22680, 100
2026/08/04 19:04:41.282, 22680, 100
2026/08/04 19:04:42.283, 22680, 100
2026/08/04 19:04:43.283, 22680, 100
2026/08/04 19:04:44.283, 22680, 100
2026/08/04 19:04:45.284, 22680, 84
2026/08/04 19:04:46.284, 22680, 100
2026/08/04 19:04:47.284, 22680, 100
2026/08/04 19:04:48.285, 22680, 100
2026/08/04 19:04:49.285, 22680, 100
2026/08/04 19:04:50.285, 22680, 100
2026/08/04 19:04:51.285, 22680, 100
2026/08/04 19:04:52.286, 22680, 100
2026/08/04 19:04:53.286, 22680, 100
2026/08/04 19:04:54.286, 22680, 100
2026/08/04 19:04:55.287, 22680, 100
2026/08/04 19:04:56.287, 22680, 85
2026/08/04 19:04:57.287, 22680, 100
2026/08/04 19:04:58.288, 22680, 100
2026/08/04 19:04:59.288, 22680, 100
2026/08/04 19:05:00.288, 22680, 100
2026/08/04 19:05:01.289, 22680, 100
2026/08/04 19:05:02.289, 22680, 100
2026/08/04 19:05:03.289, 22680, 100
2026/08/04 19:05:04.290, 22680, 88
2026/08/04 19:05:05.290, 22680, 86
2026/08/04 19:05:06.290, 22680, 100
2026/08/04 19:05:07.291, 22680, 100
2026/08/04 19:05:08.291, 22680, 100
2026/08/04 19:05:09.291, 22680, 100
2026/08/04 19:05:10.291, 22680, 100
2026/08/04 19:05:11.292, 22680, 100
2026/08/04 19:05:12.292, 22680, 100
2026/08/04 19:05:13.292, 22680, 85
2026/08/04 19:05:14.293, 22680, 100
2026/08/04 19:05:15.293, 22680, 100
2026/08/04 19:05:16.293, 22680, 100
2026/08/04 19:05:17.294, 22680, 100
2026/08/04 19:05:18.294, 22680, 100
2026/08/04 19:05:19.294, 22680, 100
2026/08/04 19:05:20.295, 22680, 100
2026/08/04 19:05:21.295, 22680, 100
2026/08/04 19:05:22.295, 22680, 100
2026/08/04 19:05:23.296, 22680, 100
2026/08/04 19:05:24.296, 22680, 100
2026/08/04 19:05:25.296, 22680, 100
2026/08/04 19:05:26.297, 22680, 100
2026/08/04 19:05:27.297, 22680, 100
2026/08/04 19:05:28.297, 22680, 100
2026/08/04 19:05:29.298, 22680, 100
2026/08/04 19:05:30.298, 22680, 100
2026/08/04 19:05:31.298, 22680, 100
2026/08/04 19:05:32.299, 22680, 100
2026/08/04 19:05:33.299, 22680, 100
2026/08/04 19:05:34.299, 22680, 100
2026/08/04 19:05:35.300, 22680, 100
2026/08/04 19:05:36.300, 22680, 100
2026/08/04 19:05:37.300, 22680, 100
2026/08/04 19:05:38.301, 22680, 100
2026/08/04 19:05:39.301, 22680, 100
2026/08/04 19:05:40.301, 22680, 100
2026/08/04 19:05:41.302, 22680, 100
2026/08/04 19:05:42.302, 22680, 100
2026/08/04 19:05:43.302, 22680, 100
2026/08/04 19:05:44.302, 22680, 100
2026/08/04 19:05:45.303, 22680, 96
2026/08/04 19:05:46.303, 22680, 87
2026/08/04 19:05:47.303, 22680, 86
2026/08/04 19:05:48.304, 22680, 100
2026/08/04 19:05:49.304, 22680, 85
2026/08/04 19:05:50.304, 22680, 100
2026/08/04 19:05:51.305, 22680, 100
2026/08/04 19:05:52.305, 22680, 100
2026/08/04 19:05:53.305, 22680, 100
2026/08/04 19:05:54.305, 22680, 85
2026/08/04 19:05:55.306, 22680, 100
2026/08/04 19:05:56.306, 22680, 96
2026/08/04 19:05:57.306, 22680, 100
2026/08/04 19:05:58.307, 22680, 97
2026/08/04 19:05:59.307, 22680, 100
2026/08/04 19:06:00.307, 22680, 100
2026/08/04 19:06:01.308, 22680, 100
2026/08/04 19:06:02.308, 22680, 100
2026/08/04 19:06:03.308, 22680, 100
2026/08/04 19:06:04.308, 22680, 100
2026/08/04 19:06:05.309, 22680, 100
2026/08/04 19:06:06.309, 22680, 100
2026/08/04 19:06:07.309, 22680, 100
2026/08/04 19:06:08.310, 22680, 100
2026/08/04 19:06:09.310, 22680, 100
2026/08/04 19:06:10.310, 22680, 100
2026/08/04 19:06:11.311, 22680, 99
2026/08/04 19:06:12.311, 22680, 100
2026/08/04 19:06:13.311, 22680, 100
2026/08/04 19:06:14.312, 22680, 100
2026/08/04 19:06:15.312, 22680, 100
2026/08/04 19:06:16.312, 22680, 100
2026/08/04 19:06:17.313, 22680, 100
2026/08/04 19:06:18.313, 22680, 100
2026/08/04 19:06:19.313, 22680, 100
2026/08/04 19:06:20.314, 22680, 100
2026/08/04 19:06:21.314, 22680, 100
2026/08/04 19:06:22.314, 22680, 100
2026/08/04 19:06:23.314, 22680, 100
2026/08/04 19:06:24.315, 22680, 100
2026/08/04 19:06:25.315, 22680, 100
2026/08/04 19:06:26.315, 22680, 100
2026/08/04 19:06:27.316, 22680, 100
2026/08/04 19:06:28.316, 22680, 100
2026/08/04 19:06:29.316, 22680, 9
2026/08/04 19:06:30.317, 22680, 6
2026/08/04 19:06:31.317, 22680, 6
2026/08/04 19:06:32.317, 22680, 100
2026/08/04 19:06:33.318, 22680, 100
2026/08/04 19:06:34.318, 22680, 100
2026/08/04 19:06:35.318, 22680, 100
2026/08/04 19:06:36.318, 22680, 100
2026/08/04 19:06:37.319, 22680, 100
2026/08/04 19:06:38.319, 22680, 100
2026/08/04 19:06:39.319, 22680, 100
2026/08/04 19:06:40.320, 22680, 100
2026/08/04 19:06:41.320, 22680, 100
2026/08/04 19:06:42.320, 22680, 100
2026/08/04 19:06:43.321, 22680, 100
2026/08/04 19:06:44.321, 22680, 92
2026/08/04 19:06:45.321, 22680, 100
2026/08/04 19:06:46.322, 22680, 100
2026/08/04 19:06:47.322, 22680, 100
2026/08/04 19:06:48.322, 22680, 100
2026/08/04 19:06:49.323, 22680, 100
2026/08/04 19:06:50.323, 22680, 100
2026/08/04 19:06:51.323, 22680, 100
2026/08/04 19:06:52.324, 22680, 100
2026/08/04 19:06:53.324, 22680, 86
2026/08/04 19:06:54.324, 22680, 100
2026/08/04 19:06:55.325, 22680, 100
2026/08/04 19:06:56.325, 22680, 100
2026/08/04 19:06:57.325, 22680, 85
2026/08/04 19:06:58.325, 22680, 100
2026/08/04 19:06:59.326, 22680, 95
2026/08/04 19:07:00.326, 22680, 100
2026/08/04 19:07:01.327, 22680, 100
2026/08/04 19:07:02.327, 22680, 100
2026/08/04 19:07:03.327, 22680, 100
2026/08/04 19:07:04.328, 22680, 100
2026/08/04 19:07:05.328, 22680, 100
2026/08/04 19:07:06.328, 22680, 100
2026/08/04 19:07:07.329, 22680, 100
2026/08/04 19:07:08.329, 22680, 100
2026/08/04 19:07:09.329, 22680, 100
2026/08/04 19:07:10.330, 22680, 100
2026/08/04 19:07:11.330, 22680, 100
2026/08/04 19:07:12.330, 22680, 100
2026/08/04 19:07:13.330, 22680, 100
2026/08/04 19:07:14.331, 22680, 100
2026/08/04 19:07:15.331, 22680, 100
2026/08/04 19:07:16.331, 22680, 100
2026/08/04 19:07:17.332, 22680, 100
2026/08/04 19:07:18.332, 22680, 100
2026/08/04 19:07:19.332, 22680, 100
2026/08/04 19:07:20.333, 22680, 100
2026/08/04 19:07:21.333, 22680, 100
2026/08/04 19:07:22.333, 22680, 100
2026/08/04 19:07:23.334, 22680, 94
2026/08/04 19:07:24.334, 22680, 100
2026/08/04 19:07:25.334, 22680, 100
2026/08/04 19:07:26.334, 22680, 100
2026/08/04 19:07:27.335, 22680, 100
2026/08/04 19:07:28.335, 22680, 100
2026/08/04 19:07:29.335, 22680, 100
2026/08/04 19:07:30.335, 22680, 100
2026/08/04 19:07:31.336, 22680, 100
2026/08/04 19:07:32.336, 22680, 100
2026/08/04 19:07:33.336, 22680, 99
2026/08/04 19:07:34.337, 22680, 100
2026/08/04 19:07:35.337, 22680, 100
2026/08/04 19:07:36.337, 22680, 100
2026/08/04 19:07:37.338, 22680, 100
2026/08/04 19:07:38.338, 22680, 100
2026/08/04 19:07:39.338, 22680, 79
2026/08/04 19:07:40.338, 22680, 100
2026/08/04 19:07:41.339, 22680, 89
2026/08/04 19:07:42.339, 22680, 100
2026/08/04 19:07:43.339, 22680, 100
2026/08/04 19:07:44.340, 22680, 100
2026/08/04 19:07:45.340, 22680, 100
2026/08/04 19:07:46.340, 22680, 100
2026/08/04 19:07:47.340, 22680, 100
2026/08/04 19:07:48.341, 22680, 100
2026/08/04 19:07:49.341, 22680, 100
2026/08/04 19:07:50.341, 22680, 100
2026/08/04 19:07:51.342, 22680, 100
2026/08/04 19:07:52.342, 22680, 100
2026/08/04 19:07:53.342, 22680, 100
2026/08/04 19:07:54.342, 22680, 100
2026/08/04 19:07:55.343, 22680, 96
2026/08/04 19:07:56.343, 22680, 100
2026/08/04 19:07:57.343, 22680, 100
2026/08/04 19:07:58.343, 22680, 100
2026/08/04 19:07:59.344, 22680, 100
2026/08/04 19:08:00.344, 22680, 100
2026/08/04 19:08:01.344, 22680, 81
2026/08/04 19:08:02.345, 22680, 100
2026/08/04 19:08:03.345, 22680, 100
2026/08/04 19:08:04.345, 22680, 100
2026/08/04 19:08:05.346, 22680, 100
2026/08/04 19:08:06.346, 22680, 100
2026/08/04 19:08:07.346, 22680, 100
2026/08/04 19:08:08.346, 22680, 100
2026/08/04 19:08:09.347, 22680, 100
2026/08/04 19:08:10.347, 22680, 100
2026/08/04 19:08:11.347, 22680, 100
2026/08/04 19:08:12.348, 22680, 100
2026/08/04 19:08:13.348, 22680, 100
2026/08/04 19:08:14.348, 22680, 100
2026/08/04 19:08:15.349, 22680, 100
2026/08/04 19:08:16.349, 22680, 85
2026/08/04 19:08:17.349, 22680, 100
2026/08/04 19:08:18.349, 22680, 80
2026/08/04 19:08:19.350, 22680, 100
2026/08/04 19:08:20.350, 22680, 100
2026/08/04 19:08:21.350, 22680, 100
2026/08/04 19:08:22.351, 22680, 100
2026/08/04 19:08:23.351, 22680, 100
2026/08/04 19:08:24.351, 22680, 100
2026/08/04 19:08:25.352, 22680, 100
2026/08/04 19:08:26.352, 22680, 100
2026/08/04 19:08:27.352, 22680, 100
2026/08/04 19:08:28.352, 22680, 100
2026/08/04 19:08:29.353, 22680, 100
2026/08/04 19:08:30.353, 22680, 100
2026/08/04 19:08:31.353, 22680, 100
2026/08/04 19:08:32.354, 22680, 100
2026/08/04 19:08:33.354, 22680, 100
2026/08/04 19:08:34.354, 22680, 100
2026/08/04 19:08:35.355, 22680, 100
2026/08/04 19:08:36.355, 22680, 100
2026/08/04 19:08:37.355, 22680, 84
2026/08/04 19:08:38.356, 22680, 84
2026/08/04 19:08:39.356, 22680, 100
2026/08/04 19:08:40.356, 22680, 100
2026/08/04 19:08:41.357, 22680, 100
2026/08/04 19:08:42.357, 22680, 100
2026/08/04 19:08:43.357, 22680, 100
2026/08/04 19:08:44.358, 22680, 100
2026/08/04 19:08:45.358, 22680, 100
2026/08/04 19:08:46.358, 22680, 100
2026/08/04 19:08:47.359, 22680, 100
2026/08/04 19:08:48.359, 22680, 100
2026/08/04 19:08:49.359, 22680, 100
2026/08/04 19:08:50.360, 22680, 100
2026/08/04 19:08:51.360, 22680, 100
2026/08/04 19:08:52.360, 22680, 100
2026/08/04 19:08:53.360, 22680, 81
2026/08/04 19:08:54.361, 22680, 82
2026/08/04 19:08:55.361, 22680, 100
2026/08/04 19:08:56.361, 22680, 100
2026/08/04 19:08:57.362, 22680, 100
2026/08/04 19:08:58.362, 22680, 100
2026/08/04 19:08:59.362, 22680, 100
2026/08/04 19:09:00.363, 22680, 100
2026/08/04 19:09:01.363, 22680, 100
2026/08/04 19:09:02.363, 22680, 100
2026/08/04 19:09:03.364, 22680, 100
2026/08/04 19:09:04.364, 22680, 100
2026/08/04 19:09:05.364, 22680, 100
2026/08/04 19:09:06.365, 22680, 100
2026/08/04 19:09:07.365, 22680, 86
2026/08/04 19:09:08.365, 22680, 96
2026/08/04 19:09:09.366, 22680, 100
2026/08/04 19:09:10.366, 22680, 100
2026/08/04 19:09:11.366, 22680, 100
2026/08/04 19:09:12.366, 22680, 100
2026/08/04 19:09:13.367, 22680, 100
2026/08/04 19:09:14.367, 22680, 85
2026/08/04 19:09:15.367, 22680, 100
2026/08/04 19:09:16.368, 22680, 100
2026/08/04 19:09:17.368, 22680, 76
2026/08/04 19:09:18.368, 22680, 100
2026/08/04 19:09:19.369, 22680, 100
2026/08/04 19:09:20.369, 22680, 100
2026/08/04 19:09:21.369, 22680, 82
2026/08/04 19:09:22.370, 22680, 100
2026/08/04 19:09:23.370, 22680, 100
2026/08/04 19:09:24.370, 22680, 97
2026/08/04 19:09:25.371, 22680, 100
2026/08/04 19:09:26.371, 22680, 100
2026/08/04 19:09:27.371, 22680, 100
2026/08/04 19:09:28.372, 22680, 100
2026/08/04 19:09:29.372, 22680, 100
2026/08/04 19:09:30.372, 22680, 100
2026/08/04 19:09:31.373, 22680, 100
2026/08/04 19:09:32.373, 22680, 100
2026/08/04 19:09:33.373, 22680, 100
2026/08/04 19:09:34.374, 22680, 100
2026/08/04 19:09:35.374, 22680, 100
2026/08/04 19:09:36.374, 22680, 100
2026/08/04 19:09:37.375, 22680, 100
2026/08/04 19:09:38.375, 22680, 80
2026/08/04 19:09:39.375, 22680, 100
2026/08/04 19:09:40.376, 22680, 100
2026/08/04 19:09:41.376, 22680, 100
2026/08/04 19:09:42.376, 22680, 100
2026/08/04 19:09:43.376, 22680, 100
2026/08/04 19:09:44.377, 22680, 100
2026/08/04 19:09:45.377, 22680, 100
2026/08/04 19:09:46.377, 22680, 97
2026/08/04 19:09:47.378, 22680, 100
2026/08/04 19:09:48.378, 22680, 100
2026/08/04 19:09:49.378, 22680, 100
2026/08/04 19:09:50.379, 22680, 100
2026/08/04 19:09:51.379, 22680, 100
2026/08/04 19:09:52.379, 22680, 100
2026/08/04 19:09:53.380, 22680, 85
2026/08/04 19:09:54.380, 22680, 85
2026/08/04 19:09:55.380, 22680, 100
2026/08/04 19:09:56.381, 22680, 100
2026/08/04 19:09:57.381, 22680, 100
2026/08/04 19:09:58.381, 22680, 84
2026/08/04 19:09:59.381, 22680, 100
2026/08/04 19:10:00.382, 22680, 100
2026/08/04 19:10:01.382, 22680, 100
2026/08/04 19:10:02.382, 22680, 100
2026/08/04 19:10:03.383, 22680, 100
2026/08/04 19:10:04.383, 22680, 100
2026/08/04 19:10:05.383, 22680, 100
2026/08/04 19:10:06.384, 22680, 100
2026/08/04 19:10:07.384, 22680, 100
2026/08/04 19:10:08.384, 22680, 100
2026/08/04 19:10:09.384, 22680, 100
2026/08/04 19:10:10.385, 22680, 100
2026/08/04 19:10:11.385, 22680, 100
2026/08/04 19:10:12.385, 22680, 100
2026/08/04 19:10:13.386, 22680, 100
2026/08/04 19:10:14.386, 22680, 100
2026/08/04 19:10:15.386, 22680, 100
2026/08/04 19:10:16.387, 22680, 100
2026/08/04 19:10:17.387, 22680, 100
2026/08/04 19:10:18.388, 22680, 100
2026/08/04 19:10:19.388, 22680, 100
2026/08/04 19:10:20.388, 22680, 100
2026/08/04 19:10:21.389, 22680, 100
2026/08/04 19:10:22.389, 22680, 100
2026/08/04 19:10:23.389, 22680, 100
2026/08/04 19:10:24.390, 22680, 100
2026/08/04 19:10:25.390, 22680, 100
2026/08/04 19:10:26.390, 22680, 100
2026/08/04 19:10:27.391, 22680, 100
2026/08/04 19:10:28.391, 22680, 100
2026/08/04 19:10:29.391, 22680, 91
2026/08/04 19:10:30.392, 22680, 100
2026/08/04 19:10:31.392, 22680, 86
2026/08/04 19:10:32.392, 22680, 100
2026/08/04 19:10:33.393, 22680, 100
2026/08/04 19:10:34.393, 22680, 100
2026/08/04 19:10:35.393, 22680, 100
2026/08/04 19:10:36.394, 22680, 100
2026/08/04 19:10:37.394, 22680, 100
2026/08/04 19:10:38.394, 22680, 100
2026/08/04 19:10:39.395, 22680, 100
2026/08/04 19:10:40.395, 22680, 100
2026/08/04 19:10:41.395, 22680, 100
2026/08/04 19:10:42.396, 22680, 100
2026/08/04 19:10:43.396, 22680, 100
2026/08/04 19:10:44.397, 22680, 100
2026/08/04 19:10:45.397, 22680, 100
2026/08/04 19:10:46.397, 22680, 100
2026/08/04 19:10:47.398, 22680, 100
2026/08/04 19:10:48.398, 22680, 100
2026/08/04 19:10:49.398, 22680, 100
2026/08/04 19:10:50.399, 22680, 100
2026/08/04 19:10:51.399, 22680, 100
2026/08/04 19:10:52.399, 22680, 100
2026/08/04 19:10:53.400, 22680, 100
2026/08/04 19:10:54.400, 22680, 100
2026/08/04 19:10:55.401, 22680, 87
2026/08/04 19:10:56.401, 22680, 83
2026/08/04 19:10:57.405, 22680, 71
2026/08/04 19:10:58.405, 22680, 100
2026/08/04 19:10:59.405, 22680, 100
2026/08/04 19:11:00.406, 22680, 100
2026/08/04 19:11:01.406, 22680, 100
2026/08/04 19:11:02.406, 22680, 100
2026/08/04 19:11:03.407, 22680, 100
2026/08/04 19:11:04.407, 22680, 100
2026/08/04 19:11:05.407, 22680, 100
2026/08/04 19:11:06.408, 22680, 100
2026/08/04 19:11:07.408, 22680, 100
2026/08/04 19:11:08.408, 22680, 100
2026/08/04 19:11:09.409, 22680, 100
2026/08/04 19:11:10.409, 22680, 72
2026/08/04 19:11:11.409, 22680, 100
2026/08/04 19:11:12.410, 22680, 100
2026/08/04 19:11:13.410, 22680, 100
2026/08/04 19:11:14.410, 22680, 100
2026/08/04 19:11:15.411, 22680, 100
2026/08/04 19:11:16.411, 22680, 100
2026/08/04 19:11:17.411, 22680, 100
2026/08/04 19:11:18.412, 22680, 73
2026/08/04 19:11:19.412, 22680, 94
2026/08/04 19:11:20.412, 22680, 100
2026/08/04 19:11:21.413, 22680, 100
2026/08/04 19:11:22.413, 22680, 100
2026/08/04 19:11:23.413, 22680, 100
2026/08/04 19:11:24.414, 22680, 100
2026/08/04 19:11:25.414, 22680, 100
2026/08/04 19:11:26.415, 22680, 100
2026/08/04 19:11:27.415, 22680, 100
2026/08/04 19:11:28.416, 22680, 100
2026/08/04 19:11:29.416, 22680, 100
2026/08/04 19:11:30.416, 22680, 100
2026/08/04 19:11:31.417, 22680, 100
2026/08/04 19:11:32.417, 22680, 100
2026/08/04 19:11:33.417, 22680, 100
2026/08/04 19:11:34.417, 22680, 100
2026/08/04 19:11:35.418, 22680, 100
2026/08/04 19:11:36.418, 22680, 100
2026/08/04 19:11:37.418, 22680, 100
2026/08/04 19:11:38.418, 22680, 100
2026/08/04 19:11:39.419, 22680, 100
2026/08/04 19:11:40.419, 22680, 100
2026/08/04 19:11:41.419, 22680, 100
2026/08/04 19:11:42.419, 22680, 100
2026/08/04 19:11:43.420, 22680, 95
2026/08/04 19:11:44.420, 22680, 85
2026/08/04 19:11:45.420, 22680, 100
2026/08/04 19:11:46.420, 22680, 100
2026/08/04 19:11:47.421, 22680, 100
2026/08/04 19:11:48.421, 22680, 100
2026/08/04 19:11:49.421, 22680, 100
2026/08/04 19:11:50.422, 22680, 100
2026/08/04 19:11:51.422, 22680, 84
2026/08/04 19:11:52.422, 22680, 100
2026/08/04 19:11:53.423, 22680, 100
2026/08/04 19:11:54.423, 22680, 100
2026/08/04 19:11:55.423, 22680, 82
2026/08/04 19:11:56.424, 22680, 100
2026/08/04 19:11:57.424, 22680, 100
2026/08/04 19:11:58.424, 22680, 85
2026/08/04 19:11:59.425, 22680, 85
2026/08/04 19:12:00.425, 22680, 82
2026/08/04 19:12:01.425, 22680, 100
2026/08/04 19:12:02.426, 22680, 100
2026/08/04 19:12:03.426, 22680, 100
2026/08/04 19:12:04.426, 22680, 100
2026/08/04 19:12:05.427, 22680, 100
2026/08/04 19:12:06.427, 22680, 100
2026/08/04 19:12:07.427, 22680, 71
2026/08/04 19:12:08.428, 22680, 100
2026/08/04 19:12:09.428, 22680, 100
2026/08/04 19:12:10.428, 22680, 86
2026/08/04 19:12:11.429, 22680, 100
2026/08/04 19:12:12.429, 22680, 100
2026/08/04 19:12:13.429, 22680, 100
2026/08/04 19:12:14.430, 22680, 100
2026/08/04 19:12:15.430, 22680, 100
2026/08/04 19:12:16.430, 22680, 100
2026/08/04 19:12:17.431, 22680, 100
2026/08/04 19:12:18.431, 22680, 100
2026/08/04 19:12:19.431, 22680, 100
2026/08/04 19:12:20.432, 22680, 84
2026/08/04 19:12:21.432, 22680, 100
2026/08/04 19:12:22.432, 22680, 100
2026/08/04 19:12:23.433, 22680, 100
2026/08/04 19:12:24.433, 22680, 100
2026/08/04 19:12:25.433, 22680, 100
2026/08/04 19:12:26.434, 22680, 100
2026/08/04 19:12:27.434, 22680, 100
2026/08/04 19:12:28.434, 22680, 97
2026/08/04 19:12:29.434, 22680, 100
2026/08/04 19:12:30.435, 22680, 100
2026/08/04 19:12:31.435, 22680, 100
2026/08/04 19:12:32.435, 22680, 100
2026/08/04 19:12:33.436, 22680, 100
2026/08/04 19:12:34.436, 22680, 100
2026/08/04 19:12:35.436, 22680, 100
2026/08/04 19:12:36.437, 22680, 100
2026/08/04 19:12:37.437, 22680, 100
2026/08/04 19:12:38.437, 22680, 100
2026/08/04 19:12:39.437, 22680, 100
2026/08/04 19:12:40.438, 22680, 84
2026/08/04 19:12:41.439, 22680, 96
2026/08/04 19:12:42.439, 22680, 100
2026/08/04 19:12:43.439, 22680, 100
2026/08/04 19:12:44.440, 22680, 73
2026/08/04 19:12:45.440, 22680, 100
2026/08/04 19:12:46.440, 22680, 100
2026/08/04 19:12:47.441, 22680, 100
2026/08/04 19:12:48.441, 22680, 100
2026/08/04 19:12:49.441, 22680, 100
2026/08/04 19:12:50.442, 22680, 100
2026/08/04 19:12:51.442, 22680, 100
2026/08/04 19:12:52.442, 22680, 100
2026/08/04 19:12:53.443, 22680, 100
2026/08/04 19:12:54.443, 22680, 100
2026/08/04 19:12:55.443, 22680, 100
2026/08/04 19:12:56.444, 22680, 100
2026/08/04 19:12:57.444, 22680, 100
2026/08/04 19:12:58.444, 22680, 100
2026/08/04 19:12:59.445, 22680, 100
2026/08/04 19:13:00.445, 22680, 100
2026/08/04 19:13:01.445, 22680, 100
2026/08/04 19:13:02.446, 22680, 100
2026/08/04 19:13:03.446, 22680, 84
2026/08/04 19:13:04.446, 22680, 100
2026/08/04 19:13:05.447, 22680, 100
2026/08/04 19:13:06.447, 22680, 100
2026/08/04 19:13:07.447, 22680, 79
2026/08/04 19:13:08.448, 22680, 84
2026/08/04 19:13:09.448, 22680, 89
2026/08/04 19:13:10.449, 22680, 100
2026/08/04 19:13:11.449, 22680, 88
2026/08/04 19:13:12.449, 22680, 100
2026/08/04 19:13:13.450, 22680, 100
2026/08/04 19:13:14.450, 22680, 100
2026/08/04 19:13:15.450, 22680, 85
2026/08/04 19:13:16.451, 22680, 100
2026/08/04 19:13:17.451, 22680, 100
2026/08/04 19:13:18.451, 22680, 100
2026/08/04 19:13:19.452, 22680, 100
2026/08/04 19:13:20.452, 22680, 100
2026/08/04 19:13:21.452, 22680, 100
2026/08/04 19:13:22.453, 22680, 100
2026/08/04 19:13:23.453, 22680, 85
2026/08/04 19:13:24.454, 22680, 75
2026/08/04 19:13:25.454, 22680, 100
2026/08/04 19:13:26.454, 22680, 100
2026/08/04 19:13:27.455, 22680, 100
2026/08/04 19:13:28.455, 22680, 100
2026/08/04 19:13:29.455, 22680, 100
2026/08/04 19:13:30.456, 22680, 100
2026/08/04 19:13:31.456, 22680, 100
2026/08/04 19:13:32.456, 22680, 100
2026/08/04 19:13:33.457, 22680, 93
2026/08/04 19:13:34.457, 22680, 100
2026/08/04 19:13:35.457, 22680, 100
2026/08/04 19:13:36.458, 22680, 85
2026/08/04 19:13:37.458, 22680, 100
2026/08/04 19:13:38.458, 22680, 88
2026/08/04 19:13:39.459, 22680, 100
2026/08/04 19:13:40.459, 22680, 100
2026/08/04 19:13:41.460, 22680, 100
2026/08/04 19:13:42.460, 22680, 97
2026/08/04 19:13:43.460, 22680, 100
2026/08/04 19:13:44.462, 22680, 100
2026/08/04 19:13:45.462, 22680, 100
2026/08/04 19:13:46.463, 22680, 100
2026/08/04 19:13:47.463, 22680, 100
2026/08/04 19:13:48.463, 22680, 100
2026/08/04 19:13:49.464, 22680, 100
2026/08/04 19:13:50.464, 22680, 100
2026/08/04 19:13:51.464, 22680, 100
2026/08/04 19:13:52.465, 22680, 100
2026/08/04 19:13:53.465, 22680, 100
2026/08/04 19:13:54.465, 22680, 85
2026/08/04 19:13:55.466, 22680, 81
2026/08/04 19:13:56.466, 22680, 82
2026/08/04 19:13:57.466, 22680, 100
2026/08/04 19:13:58.467, 22680, 100
2026/08/04 19:13:59.467, 22680, 100
2026/08/04 19:14:00.467, 22680, 94
2026/08/04 19:14:01.468, 22680, 100
2026/08/04 19:14:02.468, 22680, 100
2026/08/04 19:14:03.468, 22680, 100
2026/08/04 19:14:04.469, 22680, 100
2026/08/04 19:14:05.469, 22680, 100
2026/08/04 19:14:06.469, 22680, 100
2026/08/04 19:14:07.470, 22680, 100
2026/08/04 19:14:08.470, 22680, 100
2026/08/04 19:14:09.470, 22680, 97
2026/08/04 19:14:10.471, 22680, 100
2026/08/04 19:14:11.471, 22680, 100
2026/08/04 19:14:12.471, 22680, 100
2026/08/04 19:14:13.472, 22680, 100
2026/08/04 19:14:14.472, 22680, 100
2026/08/04 19:14:15.472, 22680, 100
2026/08/04 19:14:16.473, 22680, 100
2026/08/04 19:14:17.473, 22680, 100
2026/08/04 19:14:18.473, 22680, 100
2026/08/04 19:14:19.474, 22680, 100
2026/08/04 19:14:20.474, 22680, 100
2026/08/04 19:14:21.474, 22680, 100
2026/08/04 19:14:22.475, 22680, 100
2026/08/04 19:14:23.475, 22680, 100
2026/08/04 19:14:24.475, 22680, 100
2026/08/04 19:14:25.476, 22680, 100
2026/08/04 19:14:26.476, 22680, 100
2026/08/04 19:14:27.476, 22680, 84
2026/08/04 19:14:28.477, 22680, 100
2026/08/04 19:14:29.477, 22680, 100
2026/08/04 19:14:30.477, 22680, 100
2026/08/04 19:14:31.478, 22680, 100
2026/08/04 19:14:32.478, 22680, 100
2026/08/04 19:14:33.478, 22680, 100
2026/08/04 19:14:34.479, 22680, 84
2026/08/04 19:14:35.479, 22680, 100
2026/08/04 19:14:36.479, 22680, 100
2026/08/04 19:14:37.480, 22680, 100
2026/08/04 19:14:38.480, 22680, 100
2026/08/04 19:14:39.480, 22680, 100
2026/08/04 19:14:40.481, 22680, 100
2026/08/04 19:14:41.481, 22680, 100
2026/08/04 19:14:42.481, 22680, 100
2026/08/04 19:14:43.482, 22680, 100
2026/08/04 19:14:44.482, 22680, 100
2026/08/04 19:14:45.482, 22680, 100
2026/08/04 19:14:46.483, 22680, 100
2026/08/04 19:14:47.483, 22680, 100
2026/08/04 19:14:48.483, 22680, 100
2026/08/04 19:14:49.484, 22680, 83
2026/08/04 19:14:50.484, 22680, 100
2026/08/04 19:14:51.484, 22680, 100
2026/08/04 19:14:52.484, 22680, 100
2026/08/04 19:14:53.485, 22680, 100
2026/08/04 19:14:54.485, 22680, 86
2026/08/04 19:14:55.485, 22680, 100
2026/08/04 19:14:56.486, 22680, 100
2026/08/04 19:14:57.486, 22680, 100
2026/08/04 19:14:58.486, 22680, 84
2026/08/04 19:14:59.487, 22680, 100
2026/08/04 19:15:00.487, 22680, 100
2026/08/04 19:15:01.488, 22680, 100
2026/08/04 19:15:02.488, 22680, 100
2026/08/04 19:15:03.488, 22680, 100
2026/08/04 19:15:04.489, 22680, 100
2026/08/04 19:15:05.489, 22680, 100
2026/08/04 19:15:06.489, 22680, 100
2026/08/04 19:15:07.490, 22680, 84
2026/08/04 19:15:08.490, 22680, 100
2026/08/04 19:15:09.490, 22680, 87
2026/08/04 19:15:10.491, 22680, 100
2026/08/04 19:15:11.491, 22680, 100
2026/08/04 19:15:12.491, 22680, 93
2026/08/04 19:15:13.492, 22680, 97
2026/08/04 19:15:14.492, 22680, 100
2026/08/04 19:15:15.492, 22680, 100
2026/08/04 19:15:16.493, 22680, 100
2026/08/04 19:15:17.493, 22680, 100
2026/08/04 19:15:18.493, 22680, 100
2026/08/04 19:15:19.494, 22680, 85
2026/08/04 19:15:20.494, 22680, 83
2026/08/04 19:15:21.494, 22680, 100
2026/08/04 19:15:22.495, 22680, 100
2026/08/04 19:15:23.495, 22680, 100
2026/08/04 19:15:24.495, 22680, 100
2026/08/04 19:15:25.496, 22680, 100
2026/08/04 19:15:26.496, 22680, 100
2026/08/04 19:15:27.496, 22680, 70
2026/08/04 19:15:28.497, 22680, 100
2026/08/04 19:15:29.497, 22680, 71
2026/08/04 19:15:30.497, 22680, 100
2026/08/04 19:15:31.498, 22680, 100
2026/08/04 19:15:32.498, 22680, 100
2026/08/04 19:15:33.498, 22680, 100
2026/08/04 19:15:34.499, 22680, 100
2026/08/04 19:15:35.499, 22680, 100
2026/08/04 19:15:36.499, 22680, 100
2026/08/04 19:15:37.500, 22680, 100
2026/08/04 19:15:38.500, 22680, 100
2026/08/04 19:15:39.500, 22680, 100
2026/08/04 19:15:40.501, 22680, 100
2026/08/04 19:15:41.501, 22680, 100
2026/08/04 19:15:42.501, 22680, 100
2026/08/04 19:15:43.501, 22680, 100
2026/08/04 19:15:44.502, 22680, 100
2026/08/04 19:15:45.502, 22680, 70
2026/08/04 19:15:46.502, 22680, 100
2026/08/04 19:15:47.503, 22680, 100
2026/08/04 19:15:48.503, 22680, 82
2026/08/04 19:15:49.503, 22680, 100
2026/08/04 19:15:50.504, 22680, 100
2026/08/04 19:15:51.504, 22680, 100
2026/08/04 19:15:52.504, 22680, 100
2026/08/04 19:15:53.504, 22680, 100
2026/08/04 19:15:54.505, 22680, 85
2026/08/04 19:15:55.505, 22680, 100
2026/08/04 19:15:56.505, 22680, 100
2026/08/04 19:15:57.505, 22680, 100
2026/08/04 19:15:58.506, 22680, 100
2026/08/04 19:15:59.506, 22680, 100
2026/08/04 19:16:00.506, 22680, 100
2026/08/04 19:16:01.506, 22680, 100
2026/08/04 19:16:02.507, 22680, 72
2026/08/04 19:16:03.507, 22680, 98
2026/08/04 19:16:04.507, 22680, 100
2026/08/04 19:16:05.507, 22680, 91
2026/08/04 19:16:06.508, 22680, 100
2026/08/04 19:16:07.508, 22680, 98
2026/08/04 19:16:08.508, 22680, 100
2026/08/04 19:16:09.508, 22680, 100
2026/08/04 19:16:10.509, 22680, 100
2026/08/04 19:16:11.509, 22680, 100
2026/08/04 19:16:12.509, 22680, 100
2026/08/04 19:16:13.509, 22680, 100
2026/08/04 19:16:14.511, 22680, 100
2026/08/04 19:16:15.511, 22680, 85
2026/08/04 19:16:16.512, 22680, 96
2026/08/04 19:16:17.512, 22680, 100
2026/08/04 19:16:18.512, 22680, 100
2026/08/04 19:16:19.512, 22680, 100
2026/08/04 19:16:20.512, 22680, 85
2026/08/04 19:16:21.513, 22680, 100
2026/08/04 19:16:22.513, 22680, 100
2026/08/04 19:16:23.513, 22680, 100
2026/08/04 19:16:24.513, 22680, 100
2026/08/04 19:16:25.514, 22680, 100
2026/08/04 19:16:26.514, 22680, 100
2026/08/04 19:16:27.514, 22680, 100
2026/08/04 19:16:28.514, 22680, 100
2026/08/04 19:16:29.518, 22680, 100
2026/08/04 19:16:30.518, 22680, 100
2026/08/04 19:16:31.519, 22680, 100
2026/08/04 19:16:32.519, 22680, 100
2026/08/04 19:16:33.519, 22680, 100
2026/08/04 19:16:34.520, 22680, 70
2026/08/04 19:16:35.520, 22680, 100
2026/08/04 19:16:36.520, 22680, 71
2026/08/04 19:16:37.520, 22680, 100
2026/08/04 19:16:38.520, 22680, 100
2026/08/04 19:16:39.521, 22680, 100
2026/08/04 19:16:40.521, 22680, 85
2026/08/04 19:16:41.521, 22680, 100
2026/08/04 19:16:42.521, 22680, 100
2026/08/04 19:16:43.522, 22680, 84
2026/08/04 19:16:44.522, 22680, 100
2026/08/04 19:16:45.522, 22680, 100
2026/08/04 19:16:46.523, 22680, 100
2026/08/04 19:16:47.523, 22680, 100
2026/08/04 19:16:48.523, 22680, 100
2026/08/04 19:16:49.523, 22680, 100
2026/08/04 19:16:50.524, 22680, 100
2026/08/04 19:16:51.524, 22680, 100
2026/08/04 19:16:52.524, 22680, 100
2026/08/04 19:16:53.525, 22680, 100
2026/08/04 19:16:54.525, 22680, 100
2026/08/04 19:16:55.525, 22680, 84
2026/08/04 19:16:56.525, 22680, 100
2026/08/04 19:16:57.526, 22680, 100
2026/08/04 19:16:58.526, 22680, 100
2026/08/04 19:16:59.526, 22680, 100
2026/08/04 19:17:00.526, 22680, 100
2026/08/04 19:17:01.526, 22680, 100
2026/08/04 19:17:02.527, 22680, 100
2026/08/04 19:17:03.527, 22680, 99
2026/08/04 19:17:04.527, 22680, 92
2026/08/04 19:17:05.528, 22680, 100
2026/08/04 19:17:06.528, 22680, 100
2026/08/04 19:17:07.528, 22680, 100
2026/08/04 19:17:08.528, 22680, 100
2026/08/04 19:17:09.529, 22680, 100
2026/08/04 19:17:10.529, 22680, 100
2026/08/04 19:17:11.529, 22680, 100
2026/08/04 19:17:12.530, 22680, 100
2026/08/04 19:17:13.530, 22680, 100
2026/08/04 19:17:14.530, 22680, 84
2026/08/04 19:17:15.531, 22680, 100
2026/08/04 19:17:16.531, 22680, 100
2026/08/04 19:17:17.532, 22680, 100
2026/08/04 19:17:18.532, 22680, 100
2026/08/04 19:17:19.532, 22680, 100
2026/08/04 19:17:20.532, 22680, 99
2026/08/04 19:17:21.533, 22680, 100
2026/08/04 19:17:22.533, 22680, 100
2026/08/04 19:17:23.533, 22680, 100
2026/08/04 19:17:24.533, 22680, 100
2026/08/04 19:17:25.534, 22680, 100
2026/08/04 19:17:26.534, 22680, 100
2026/08/04 19:17:27.534, 22680, 100
2026/08/04 19:17:28.535, 22680, 100
2026/08/04 19:17:29.535, 22680, 100
2026/08/04 19:17:30.535, 22680, 100
2026/08/04 19:17:31.535, 22680, 100
2026/08/04 19:17:32.536, 22680, 100
2026/08/04 19:17:33.536, 22680, 100
2026/08/04 19:17:34.536, 22680, 100
2026/08/04 19:17:35.536, 22680, 100
2026/08/04 19:17:36.537, 22680, 100
2026/08/04 19:17:37.537, 22680, 100
2026/08/04 19:17:38.537, 22680, 100
2026/08/04 19:17:39.537, 22680, 100
2026/08/04 19:17:40.538, 22680, 100
2026/08/04 19:17:41.538, 22680, 100
2026/08/04 19:17:42.538, 22680, 100
2026/08/04 19:17:43.538, 22680, 100
2026/08/04 19:17:44.539, 22680, 81
2026/08/04 19:17:45.539, 22680, 100
2026/08/04 19:17:46.539, 22680, 100
2026/08/04 19:17:47.539, 22680, 100
2026/08/04 19:17:48.540, 22680, 100
2026/08/04 19:17:49.540, 22680, 100
2026/08/04 19:17:50.540, 22680, 100
2026/08/04 19:17:51.540, 22680, 100
2026/08/04 19:17:52.541, 22680, 100
2026/08/04 19:17:53.541, 22680, 100
2026/08/04 19:17:54.541, 22680, 100
2026/08/04 19:17:55.541, 22680, 100
2026/08/04 19:17:56.542, 22680, 100
2026/08/04 19:17:57.542, 22680, 100
2026/08/04 19:17:58.542, 22680, 100
2026/08/04 19:17:59.543, 22680, 100
2026/08/04 19:18:00.543, 22680, 83
2026/08/04 19:18:01.543, 22680, 100
2026/08/04 19:18:02.543, 22680, 100
2026/08/04 19:18:03.544, 22680, 100
2026/08/04 19:18:04.544, 22680, 100
2026/08/04 19:18:05.544, 22680, 100
2026/08/04 19:18:06.544, 22680, 72
2026/08/04 19:18:07.545, 22680, 84
2026/08/04 19:18:08.545, 22680, 100
2026/08/04 19:18:09.545, 22680, 100
2026/08/04 19:18:10.545, 22680, 100
2026/08/04 19:18:11.546, 22680, 100
2026/08/04 19:18:12.546, 22680, 100
2026/08/04 19:18:13.546, 22680, 100
2026/08/04 19:18:14.547, 22680, 100
2026/08/04 19:18:15.547, 22680, 100
2026/08/04 19:18:16.547, 22680, 100
2026/08/04 19:18:17.548, 22680, 100
2026/08/04 19:18:18.548, 22680, 100
2026/08/04 19:18:19.548, 22680, 100
2026/08/04 19:18:20.549, 22680, 100
2026/08/04 19:18:21.549, 22680, 100
2026/08/04 19:18:22.550, 22680, 100
2026/08/04 19:18:23.550, 22680, 100
2026/08/04 19:18:24.550, 22680, 100
2026/08/04 19:18:25.550, 22680, 100
2026/08/04 19:18:26.551, 22680, 100
2026/08/04 19:18:27.551, 22680, 100
2026/08/04 19:18:28.551, 22680, 100
2026/08/04 19:18:29.552, 22680, 100
2026/08/04 19:18:30.552, 22680, 100
2026/08/04 19:18:31.552, 22680, 100
2026/08/04 19:18:32.553, 22680, 100
2026/08/04 19:18:33.553, 22680, 100
2026/08/04 19:18:34.553, 22680, 100
2026/08/04 19:18:35.553, 22680, 100
2026/08/04 19:18:36.554, 22680, 100
2026/08/04 19:18:37.554, 22680, 100
2026/08/04 19:18:38.554, 22680, 100
2026/08/04 19:18:39.555, 22680, 100
2026/08/04 19:18:40.555, 22680, 100
2026/08/04 19:18:41.555, 22680, 71
2026/08/04 19:18:42.556, 22680, 98
2026/08/04 19:18:43.556, 22680, 97
2026/08/04 19:18:44.556, 22680, 100
2026/08/04 19:18:45.557, 22680, 98
2026/08/04 19:18:46.557, 22680, 100
2026/08/04 19:18:47.557, 22680, 100
2026/08/04 19:18:48.557, 22680, 100
2026/08/04 19:18:49.558, 22680, 100
2026/08/04 19:18:50.558, 22680, 84
2026/08/04 19:18:51.558, 22680, 100
2026/08/04 19:18:52.559, 22680, 100
2026/08/04 19:18:53.559, 22680, 100
2026/08/04 19:18:54.559, 22680, 100
2026/08/04 19:18:55.559, 22680, 71
2026/08/04 19:18:56.560, 22680, 100
2026/08/04 19:18:57.560, 22680, 100
2026/08/04 19:18:58.560, 22680, 100
2026/08/04 19:18:59.561, 22680, 73
2026/08/04 19:19:00.561, 22680, 100
2026/08/04 19:19:01.561, 22680, 100
2026/08/04 19:19:02.562, 22680, 100
2026/08/04 19:19:03.562, 22680, 100
2026/08/04 19:19:04.562, 22680, 100
2026/08/04 19:19:05.563, 22680, 100
2026/08/04 19:19:06.563, 22680, 87
2026/08/04 19:19:07.563, 22680, 90
2026/08/04 19:19:08.563, 22680, 85
2026/08/04 19:19:09.564, 22680, 100
2026/08/04 19:19:10.564, 22680, 100
2026/08/04 19:19:11.564, 22680, 100
2026/08/04 19:19:12.565, 22680, 100
2026/08/04 19:19:13.565, 22680, 100
2026/08/04 19:19:14.565, 22680, 100
2026/08/04 19:19:15.566, 22680, 32
2026/08/04 19:19:16.566, 22680, 100
2026/08/04 19:19:17.566, 22680, 94
2026/08/04 19:19:18.567, 22680, 100
2026/08/04 19:19:19.567, 22680, 100
2026/08/04 19:19:20.567, 22680, 100
2026/08/04 19:19:21.568, 22680, 100
2026/08/04 19:19:22.568, 22680, 100
2026/08/04 19:19:23.568, 22680, 100
2026/08/04 19:19:24.569, 22680, 95
2026/08/04 19:19:25.569, 22680, 85
2026/08/04 19:19:26.569, 22680, 100
2026/08/04 19:19:27.570, 22680, 100
2026/08/04 19:19:28.570, 22680, 78
2026/08/04 19:19:29.570, 22680, 100
2026/08/04 19:19:30.571, 22680, 100
2026/08/04 19:19:31.571, 22680, 100
2026/08/04 19:19:32.571, 22680, 100
2026/08/04 19:19:33.571, 22680, 100
2026/08/04 19:19:34.572, 22680, 100
2026/08/04 19:19:35.572, 22680, 100
2026/08/04 19:19:36.572, 22680, 100
2026/08/04 19:19:37.573, 22680, 100
2026/08/04 19:19:38.573, 22680, 100
2026/08/04 19:19:39.573, 22680, 100
2026/08/04 19:19:40.574, 22680, 100
2026/08/04 19:19:41.574, 22680, 100
2026/08/04 19:19:42.574, 22680, 100
2026/08/04 19:19:43.574, 22680, 100
2026/08/04 19:19:44.575, 22680, 100
2026/08/04 19:19:45.575, 22680, 100
2026/08/04 19:19:46.575, 22680, 100
2026/08/04 19:19:47.576, 22680, 100
2026/08/04 19:19:48.576, 22680, 100
2026/08/04 19:19:49.576, 22680, 100
2026/08/04 19:19:50.576, 22680, 100
2026/08/04 19:19:51.577, 22680, 100
2026/08/04 19:19:52.577, 22680, 100
2026/08/04 19:19:53.577, 22680, 80
2026/08/04 19:19:54.578, 22680, 85
2026/08/04 19:19:55.578, 22680, 100
2026/08/04 19:19:56.578, 22680, 100
2026/08/04 19:19:57.578, 22680, 70
2026/08/04 19:19:58.579, 22680, 100
2026/08/04 19:19:59.579, 22680, 100
2026/08/04 19:20:00.579, 22680, 100
2026/08/04 19:20:01.580, 22680, 86
2026/08/04 19:20:02.580, 22680, 100
2026/08/04 19:20:03.580, 22680, 100
2026/08/04 19:20:04.581, 22680, 82
2026/08/04 19:20:05.581, 22680, 100
2026/08/04 19:20:06.581, 22680, 86
2026/08/04 19:20:07.582, 22680, 100
2026/08/04 19:20:08.582, 22680, 100
2026/08/04 19:20:09.582, 22680, 100
2026/08/04 19:20:10.583, 22680, 100
2026/08/04 19:20:11.583, 22680, 100
2026/08/04 19:20:12.583, 22680, 100
2026/08/04 19:20:13.584, 22680, 88
2026/08/04 19:20:14.584, 22680, 100
2026/08/04 19:20:15.584, 22680, 100
2026/08/04 19:20:16.584, 22680, 100
2026/08/04 19:20:17.585, 22680, 100
2026/08/04 19:20:18.585, 22680, 100
2026/08/04 19:20:19.585, 22680, 100
2026/08/04 19:20:20.586, 22680, 100
2026/08/04 19:20:21.586, 22680, 100
2026/08/04 19:20:22.587, 22680, 100
2026/08/04 19:20:23.588, 22680, 100
2026/08/04 19:20:24.588, 22680, 100
2026/08/04 19:20:25.588, 22680, 100
2026/08/04 19:20:26.589, 22680, 100
2026/08/04 19:20:27.589, 22680, 100
2026/08/04 19:20:28.589, 22680, 100
2026/08/04 19:20:29.590, 22680, 100
2026/08/04 19:20:30.590, 22680, 100
2026/08/04 19:20:31.590, 22680, 100
2026/08/04 19:20:32.590, 22680, 100
2026/08/04 19:20:33.591, 22680, 100
2026/08/04 19:20:34.591, 22680, 72
2026/08/04 19:20:35.591, 22680, 100
2026/08/04 19:20:36.592, 22680, 100
2026/08/04 19:20:37.592, 22680, 82
2026/08/04 19:20:38.592, 22680, 100
2026/08/04 19:20:39.593, 22680, 100
2026/08/04 19:20:40.593, 22680, 100
2026/08/04 19:20:41.594, 22680, 100
2026/08/04 19:20:42.594, 22680, 100
2026/08/04 19:20:43.594, 22680, 100
2026/08/04 19:20:44.595, 22680, 82
2026/08/04 19:20:45.595, 22680, 100
2026/08/04 19:20:46.595, 22680, 100
2026/08/04 19:20:47.596, 22680, 100
2026/08/04 19:20:48.596, 22680, 100
2026/08/04 19:20:49.596, 22680, 100
2026/08/04 19:20:50.597, 22680, 100
2026/08/04 19:20:51.597, 22680, 100
2026/08/04 19:20:52.597, 22680, 100
2026/08/04 19:20:53.598, 22680, 100
2026/08/04 19:20:54.598, 22680, 100
2026/08/04 19:20:55.599, 22680, 100
2026/08/04 19:20:56.600, 22680, 100
2026/08/04 19:20:57.600, 22680, 100
2026/08/04 19:20:58.600, 22680, 100
2026/08/04 19:20:59.601, 22680, 100
2026/08/04 19:21:00.601, 22680, 100
2026/08/04 19:21:01.601, 22680, 100
2026/08/04 19:21:02.602, 22680, 100
2026/08/04 19:21:03.602, 22680, 100
2026/08/04 19:21:04.602, 22680, 100
2026/08/04 19:21:05.602, 22680, 100
2026/08/04 19:21:06.603, 22680, 100
2026/08/04 19:21:07.603, 22680, 84
2026/08/04 19:21:08.603, 22680, 68
2026/08/04 19:21:09.603, 22680, 100
2026/08/04 19:21:10.604, 22680, 100
2026/08/04 19:21:11.604, 22680, 100
2026/08/04 19:21:12.604, 22680, 100
2026/08/04 19:21:13.606, 22680, 100
2026/08/04 19:21:14.606, 22680, 94
2026/08/04 19:21:15.606, 22680, 90
2026/08/04 19:21:16.607, 22680, 100
2026/08/04 19:21:17.607, 22680, 82
2026/08/04 19:21:18.607, 22680, 71
2026/08/04 19:21:19.607, 22680, 100
2026/08/04 19:21:20.608, 22680, 94
2026/08/04 19:21:21.608, 22680, 91
2026/08/04 19:21:22.608, 22680, 100
2026/08/04 19:21:23.609, 22680, 100
2026/08/04 19:21:24.609, 22680, 100
2026/08/04 19:21:25.610, 22680, 98
2026/08/04 19:21:26.610, 22680, 85
2026/08/04 19:21:27.611, 22680, 83
2026/08/04 19:21:28.611, 22680, 100
2026/08/04 19:21:29.611, 22680, 100
2026/08/04 19:21:30.611, 22680, 100
2026/08/04 19:21:31.611, 22680, 100
2026/08/04 19:21:32.611, 22680, 100
2026/08/04 19:21:33.612, 22680, 100
2026/08/04 19:21:34.612, 22680, 100
2026/08/04 19:21:35.612, 22680, 83
2026/08/04 19:21:36.612, 22680, 67
2026/08/04 19:21:37.613, 22680, 100
2026/08/04 19:21:38.613, 22680, 100
2026/08/04 19:21:39.613, 22680, 100
2026/08/04 19:21:40.613, 22680, 85
2026/08/04 19:21:41.614, 22680, 100
2026/08/04 19:21:42.614, 22680, 100
2026/08/04 19:21:43.614, 22680, 100
2026/08/04 19:21:44.614, 22680, 83
2026/08/04 19:21:45.615, 22680, 100
2026/08/04 19:21:46.616, 22680, 100
2026/08/04 19:21:47.616, 22680, 100
2026/08/04 19:21:48.616, 22680, 100
2026/08/04 19:21:49.616, 22680, 87
2026/08/04 19:21:50.617, 22680, 100
2026/08/04 19:21:51.617, 22680, 100
2026/08/04 19:21:52.617, 22680, 98
2026/08/04 19:21:53.617, 22680, 100
2026/08/04 19:21:54.617, 22680, 100
2026/08/04 19:21:55.618, 22680, 100
2026/08/04 19:21:56.618, 22680, 100
2026/08/04 19:21:57.618, 22680, 100
2026/08/04 19:21:58.619, 22680, 100
2026/08/04 19:21:59.619, 22680, 100
2026/08/04 19:22:00.619, 22680, 100
2026/08/04 19:22:01.620, 22680, 100
2026/08/04 19:22:02.620, 22680, 100
2026/08/04 19:22:03.620, 22680, 89
2026/08/04 19:22:04.620, 22680, 100
2026/08/04 19:22:05.622, 22680, 72
2026/08/04 19:22:06.622, 22680, 100
2026/08/04 19:22:07.622, 22680, 100
2026/08/04 19:22:08.622, 22680, 100
2026/08/04 19:22:09.623, 22680, 100
2026/08/04 19:22:10.623, 22680, 100
2026/08/04 19:22:11.623, 22680, 94
2026/08/04 19:22:12.623, 22680, 100
2026/08/04 19:22:13.623, 22680, 100
2026/08/04 19:22:14.624, 22680, 100
2026/08/04 19:22:15.624, 22680, 94
2026/08/04 19:22:16.624, 22680, 100
2026/08/04 19:22:17.624, 22680, 100
2026/08/04 19:22:18.625, 22680, 93
2026/08/04 19:22:19.625, 22680, 100
2026/08/04 19:22:20.625, 22680, 100
2026/08/04 19:22:21.626, 22680, 100
2026/08/04 19:22:22.626, 22680, 100
2026/08/04 19:22:23.626, 22680, 86
2026/08/04 19:22:24.626, 22680, 100
2026/08/04 19:22:25.627, 22680, 100
2026/08/04 19:22:26.627, 22680, 100
2026/08/04 19:22:27.628, 22680, 100
2026/08/04 19:22:28.628, 22680, 100
2026/08/04 19:22:29.628, 22680, 100
2026/08/04 19:22:30.628, 22680, 100
2026/08/04 19:22:31.628, 22680, 100
2026/08/04 19:22:32.629, 22680, 100
2026/08/04 19:22:33.629, 22680, 98
2026/08/04 19:22:34.629, 22680, 100
2026/08/04 19:22:35.633, 22680, 100
2026/08/04 19:22:36.633, 22680, 100
2026/08/04 19:22:37.634, 22680, 83
2026/08/04 19:22:38.634, 22680, 90
2026/08/04 19:22:39.634, 22680, 100
2026/08/04 19:22:40.635, 22680, 84
2026/08/04 19:22:41.635, 22680, 83
2026/08/04 19:22:42.635, 22680, 100
2026/08/04 19:22:43.635, 22680, 100
2026/08/04 19:22:44.636, 22680, 100
2026/08/04 19:22:45.636, 22680, 100
2026/08/04 19:22:46.636, 22680, 100
2026/08/04 19:22:47.636, 22680, 100
2026/08/04 19:22:48.636, 22680, 100
2026/08/04 19:22:49.637, 22680, 100
2026/08/04 19:22:50.637, 22680, 100
2026/08/04 19:22:51.637, 22680, 100
2026/08/04 19:22:52.638, 22680, 100
2026/08/04 19:22:53.638, 22680, 100
2026/08/04 19:22:54.638, 22680, 100
2026/08/04 19:22:55.639, 22680, 100
2026/08/04 19:22:56.639, 22680, 100
2026/08/04 19:22:57.639, 22680, 83
2026/08/04 19:22:58.640, 22680, 85
2026/08/04 19:22:59.640, 22680, 100
2026/08/04 19:23:00.640, 22680, 100
2026/08/04 19:23:01.641, 22680, 100
2026/08/04 19:23:02.641, 22680, 100
2026/08/04 19:23:03.641, 22680, 100
2026/08/04 19:23:04.641, 22680, 100
2026/08/04 19:23:05.642, 22680, 100
2026/08/04 19:23:06.643, 22680, 82
2026/08/04 19:23:07.643, 22680, 100
2026/08/04 19:23:08.644, 22680, 100
2026/08/04 19:23:09.644, 22680, 100
2026/08/04 19:23:10.644, 22680, 81
2026/08/04 19:23:11.644, 22680, 79
2026/08/04 19:23:12.645, 22680, 100
2026/08/04 19:23:13.645, 22680, 100
2026/08/04 19:23:14.645, 22680, 87
2026/08/04 19:23:15.645, 22680, 100
2026/08/04 19:23:16.646, 22680, 100
2026/08/04 19:23:17.646, 22680, 100
2026/08/04 19:23:18.646, 22680, 100
2026/08/04 19:23:19.646, 22680, 100
2026/08/04 19:23:20.647, 22680, 100
2026/08/04 19:23:21.647, 22680, 100
2026/08/04 19:23:22.647, 22680, 100
2026/08/04 19:23:23.647, 22680, 100
2026/08/04 19:23:24.648, 22680, 100
2026/08/04 19:23:25.649, 22680, 100
2026/08/04 19:23:26.649, 22680, 73
2026/08/04 19:23:27.649, 22680, 100
2026/08/04 19:23:28.649, 22680, 100
2026/08/04 19:23:29.649, 22680, 100
2026/08/04 19:23:30.651, 22680, 100
2026/08/04 19:23:31.651, 22680, 100
2026/08/04 19:23:32.651, 22680, 100
2026/08/04 19:23:33.652, 22680, 100
2026/08/04 19:23:34.652, 22680, 100
2026/08/04 19:23:35.652, 22680, 100
2026/08/04 19:23:36.653, 22680, 100
2026/08/04 19:23:37.653, 22680, 100
2026/08/04 19:23:38.653, 22680, 100
2026/08/04 19:23:39.654, 22680, 100
2026/08/04 19:23:40.654, 22680, 100
2026/08/04 19:23:41.654, 22680, 100
2026/08/04 19:23:42.655, 22680, 85
2026/08/04 19:23:43.655, 22680, 100
2026/08/04 19:23:44.655, 22680, 100
2026/08/04 19:23:45.656, 22680, 100
2026/08/04 19:23:46.656, 22680, 100
2026/08/04 19:23:47.656, 22680, 100
2026/08/04 19:23:48.656, 22680, 100
2026/08/04 19:23:49.657, 22680, 100
2026/08/04 19:23:50.657, 22680, 100
2026/08/04 19:23:51.657, 22680, 100
2026/08/04 19:23:52.658, 22680, 100
2026/08/04 19:23:53.658, 22680, 100
2026/08/04 19:23:54.658, 22680, 100
2026/08/04 19:23:55.660, 22680, 100
2026/08/04 19:23:56.660, 22680, 96
2026/08/04 19:23:57.660, 22680, 100
2026/08/04 19:23:58.660, 22680, 100
2026/08/04 19:23:59.661, 22680, 100
2026/08/04 19:24:00.661, 22680, 100
2026/08/04 19:24:01.661, 22680, 100
2026/08/04 19:24:02.661, 22680, 84
2026/08/04 19:24:03.662, 22680, 100
2026/08/04 19:24:04.662, 22680, 100
2026/08/04 19:24:05.662, 22680, 100
2026/08/04 19:24:06.663, 22680, 100
2026/08/04 19:24:07.663, 22680, 100
2026/08/04 19:24:08.663, 22680, 100
2026/08/04 19:24:09.663, 22680, 100
2026/08/04 19:24:10.664, 22680, 100
2026/08/04 19:24:11.664, 22680, 100
2026/08/04 19:24:12.665, 22680, 100
2026/08/04 19:24:13.665, 22680, 100
2026/08/04 19:24:14.665, 22680, 100
2026/08/04 19:24:15.666, 22680, 100
2026/08/04 19:24:16.666, 22680, 100
2026/08/04 19:24:17.666, 22680, 100
2026/08/04 19:24:18.667, 22680, 100
2026/08/04 19:24:19.667, 22680, 100
2026/08/04 19:24:20.667, 22680, 100
2026/08/04 19:24:21.667, 22680, 95
2026/08/04 19:24:22.667, 22680, 100
2026/08/04 19:24:23.668, 22680, 98
2026/08/04 19:24:24.668, 22680, 100
2026/08/04 19:24:25.668, 22680, 100
2026/08/04 19:24:26.668, 22680, 100
2026/08/04 19:24:27.668, 22680, 86
2026/08/04 19:24:28.669, 22680, 83
2026/08/04 19:24:29.669, 22680, 78
2026/08/04 19:24:30.669, 22680, 92
2026/08/04 19:24:31.669, 22680, 100
2026/08/04 19:24:32.670, 22680, 84
2026/08/04 19:24:33.670, 22680, 100
2026/08/04 19:24:34.670, 22680, 100
2026/08/04 19:24:35.671, 22680, 100
2026/08/04 19:24:36.671, 22680, 86
2026/08/04 19:24:37.671, 22680, 100
2026/08/04 19:24:38.672, 22680, 100
2026/08/04 19:24:39.672, 22680, 100
2026/08/04 19:24:40.672, 22680, 100
2026/08/04 19:24:41.672, 22680, 100
2026/08/04 19:24:42.673, 22680, 100
2026/08/04 19:24:43.673, 22680, 100
2026/08/04 19:24:44.673, 22680, 100
2026/08/04 19:24:45.673, 22680, 85
2026/08/04 19:24:46.674, 22680, 100
2026/08/04 19:24:47.674, 22680, 100
2026/08/04 19:24:48.674, 22680, 99
2026/08/04 19:24:49.675, 22680, 100
2026/08/04 19:24:50.675, 22680, 82
2026/08/04 19:24:51.675, 22680, 85
2026/08/04 19:24:52.677, 22680, 100
2026/08/04 19:24:53.677, 22680, 100
2026/08/04 19:24:54.677, 22680, 100
2026/08/04 19:24:55.677, 22680, 100
2026/08/04 19:24:56.678, 22680, 100
2026/08/04 19:24:57.678, 22680, 100
2026/08/04 19:24:58.678, 22680, 100
2026/08/04 19:24:59.678, 22680, 100
2026/08/04 19:25:00.679, 22680, 100
2026/08/04 19:25:01.679, 22680, 100
2026/08/04 19:25:02.679, 22680, 100
2026/08/04 19:25:03.680, 22680, 100
2026/08/04 19:25:04.680, 22680, 100
2026/08/04 19:25:05.680, 22680, 100
2026/08/04 19:25:06.680, 22680, 100
2026/08/04 19:25:07.681, 22680, 100
2026/08/04 19:25:08.681, 22680, 100
2026/08/04 19:25:09.681, 22680, 100
2026/08/04 19:25:10.681, 22680, 100
2026/08/04 19:25:11.682, 22680, 95
2026/08/04 19:25:12.682, 22680, 84
2026/08/04 19:25:13.682, 22680, 92
2026/08/04 19:25:14.683, 22680, 84
2026/08/04 19:25:15.683, 22680, 100
2026/08/04 19:25:16.683, 22680, 100
2026/08/04 19:25:17.684, 22680, 100
2026/08/04 19:25:18.684, 22680, 100
2026/08/04 19:25:19.684, 22680, 100
2026/08/04 19:25:20.684, 22680, 100
2026/08/04 19:25:21.685, 22680, 100
2026/08/04 19:25:22.685, 22680, 100
2026/08/04 19:25:23.685, 22680, 70
2026/08/04 19:25:24.685, 22680, 100
2026/08/04 19:25:25.685, 22680, 100
2026/08/04 19:25:26.686, 22680, 100
2026/08/04 19:25:27.686, 22680, 100
2026/08/04 19:25:28.686, 22680, 100
2026/08/04 19:25:29.686, 22680, 100
2026/08/04 19:25:30.687, 22680, 100
2026/08/04 19:25:31.687, 22680, 100
2026/08/04 19:25:32.687, 22680, 100
2026/08/04 19:25:33.687, 22680, 76
2026/08/04 19:25:34.688, 22680, 95
2026/08/04 19:25:35.688, 22680, 89
2026/08/04 19:25:36.688, 22680, 85
2026/08/04 19:25:37.689, 22680, 100
2026/08/04 19:25:38.689, 22680, 100
2026/08/04 19:25:39.689, 22680, 100
2026/08/04 19:25:40.689, 22680, 100
2026/08/04 19:25:41.690, 22680, 100
2026/08/04 19:25:42.690, 22680, 100
2026/08/04 19:25:43.690, 22680, 100
2026/08/04 19:25:44.691, 22680, 100
2026/08/04 19:25:45.691, 22680, 100
2026/08/04 19:25:46.691, 22680, 100
2026/08/04 19:25:47.691, 22680, 100
2026/08/04 19:25:48.692, 22680, 100
2026/08/04 19:25:49.692, 22680, 100
2026/08/04 19:25:50.692, 22680, 100
2026/08/04 19:25:51.693, 22680, 100
2026/08/04 19:25:52.693, 22680, 77
2026/08/04 19:25:53.693, 22680, 100
2026/08/04 19:25:54.694, 22680, 100
2026/08/04 19:25:55.694, 22680, 75
2026/08/04 19:25:56.694, 22680, 100
2026/08/04 19:25:57.695, 22680, 100
2026/08/04 19:25:58.695, 22680, 85
2026/08/04 19:25:59.695, 22680, 100
2026/08/04 19:26:00.695, 22680, 100
2026/08/04 19:26:01.696, 22680, 84
2026/08/04 19:26:02.696, 22680, 76
2026/08/04 19:26:03.696, 22680, 100
2026/08/04 19:26:04.697, 22680, 100
2026/08/04 19:26:05.697, 22680, 100
2026/08/04 19:26:06.697, 22680, 100
2026/08/04 19:26:07.697, 22680, 100
2026/08/04 19:26:08.698, 22680, 100
2026/08/04 19:26:09.698, 22680, 100
2026/08/04 19:26:10.698, 22680, 100
2026/08/04 19:26:11.699, 22680, 100
2026/08/04 19:26:12.699, 22680, 100
2026/08/04 19:26:13.699, 22680, 100
2026/08/04 19:26:14.700, 22680, 100
2026/08/04 19:26:15.700, 22680, 100
2026/08/04 19:26:16.700, 22680, 100
2026/08/04 19:26:17.701, 22680, 100
2026/08/04 19:26:18.701, 22680, 100
2026/08/04 19:26:19.701, 22680, 100
2026/08/04 19:26:20.702, 22680, 100
2026/08/04 19:26:21.702, 22680, 85
2026/08/04 19:26:22.702, 22680, 100
2026/08/04 19:26:23.703, 22680, 100
2026/08/04 19:26:24.703, 22680, 100
2026/08/04 19:26:25.703, 22680, 100
2026/08/04 19:26:26.703, 22680, 100
2026/08/04 19:26:27.704, 22680, 100
2026/08/04 19:26:28.704, 22680, 77
2026/08/04 19:26:29.704, 22680, 100
2026/08/04 19:26:30.705, 22680, 100
2026/08/04 19:26:31.705, 22680, 85
2026/08/04 19:26:32.705, 22680, 100
2026/08/04 19:26:33.706, 22680, 100
2026/08/04 19:26:34.706, 22680, 100
2026/08/04 19:26:35.706, 22680, 100
2026/08/04 19:26:36.706, 22680, 100
2026/08/04 19:26:37.707, 22680, 72
2026/08/04 19:26:38.707, 22680, 86
2026/08/04 19:26:39.707, 22680, 100
2026/08/04 19:26:40.708, 22680, 100
2026/08/04 19:26:41.708, 22680, 86
2026/08/04 19:26:42.708, 22680, 100
2026/08/04 19:26:43.708, 22680, 100
2026/08/04 19:26:44.709, 22680, 84
2026/08/04 19:26:45.709, 22680, 100
2026/08/04 19:26:46.709, 22680, 100
2026/08/04 19:26:47.710, 22680, 100
2026/08/04 19:26:48.710, 22680, 72
2026/08/04 19:26:49.710, 22680, 83
2026/08/04 19:26:50.711, 22680, 88
2026/08/04 19:26:51.711, 22680, 82
2026/08/04 19:26:52.711, 22680, 100
2026/08/04 19:26:53.711, 22680, 80
2026/08/04 19:26:54.712, 22680, 83
2026/08/04 19:26:55.712, 22680, 85
2026/08/04 19:26:56.712, 22680, 100
2026/08/04 19:26:57.712, 22680, 100
2026/08/04 19:26:58.713, 22680, 100
2026/08/04 19:26:59.713, 22680, 100
2026/08/04 19:27:00.713, 22680, 100
2026/08/04 19:27:01.714, 22680, 100
2026/08/04 19:27:02.714, 22680, 100
2026/08/04 19:27:03.714, 22680, 100
2026/08/04 19:27:04.715, 22680, 100
2026/08/04 19:27:05.715, 22680, 100
2026/08/04 19:27:06.715, 22680, 100
2026/08/04 19:27:07.716, 22680, 100
2026/08/04 19:27:08.716, 22680, 100
2026/08/04 19:27:09.716, 22680, 79
2026/08/04 19:27:10.717, 22680, 100
2026/08/04 19:27:11.717, 22680, 100
2026/08/04 19:27:12.717, 22680, 100
2026/08/04 19:27:13.717, 22680, 100
2026/08/04 19:27:14.718, 22680, 100
2026/08/04 19:27:15.718, 22680, 92
2026/08/04 19:27:16.718, 22680, 100
2026/08/04 19:27:17.719, 22680, 100
2026/08/04 19:27:18.719, 22680, 100
2026/08/04 19:27:19.719, 22680, 100
2026/08/04 19:27:20.719, 22680, 100
2026/08/04 19:27:21.720, 22680, 100
2026/08/04 19:27:22.720, 22680, 100
2026/08/04 19:27:23.720, 22680, 100
2026/08/04 19:27:24.720, 22680, 100
2026/08/04 19:27:25.721, 22680, 100
2026/08/04 19:27:26.721, 22680, 100
2026/08/04 19:27:27.721, 22680, 100
2026/08/04 19:27:28.721, 22680, 100
2026/08/04 19:27:29.722, 22680, 100
2026/08/04 19:27:30.722, 22680, 100
2026/08/04 19:27:31.722, 22680, 100
2026/08/04 19:27:32.723, 22680, 100
2026/08/04 19:27:33.723, 22680, 100
2026/08/04 19:27:34.723, 22680, 100
2026/08/04 19:27:35.723, 22680, 100
2026/08/04 19:27:36.724, 22680, 100
2026/08/04 19:27:37.724, 22680, 85
2026/08/04 19:27:38.724, 22680, 86
2026/08/04 19:27:39.724, 22680, 73
2026/08/04 19:27:40.725, 22680, 100
2026/08/04 19:27:41.725, 22680, 100
2026/08/04 19:27:42.725, 22680, 100
2026/08/04 19:27:43.725, 22680, 100
2026/08/04 19:27:44.725, 22680, 100
2026/08/04 19:27:45.726, 22680, 100
2026/08/04 19:27:46.726, 22680, 100
2026/08/04 19:27:47.726, 22680, 100
2026/08/04 19:27:48.727, 22680, 100
2026/08/04 19:27:49.727, 22680, 100
2026/08/04 19:27:50.727, 22680, 84
2026/08/04 19:27:51.727, 22680, 100
2026/08/04 19:27:52.728, 22680, 83
2026/08/04 19:27:53.728, 22680, 100
2026/08/04 19:27:54.728, 22680, 100
2026/08/04 19:27:55.729, 22680, 100
2026/08/04 19:27:56.729, 22680, 100
2026/08/04 19:27:57.729, 22680, 100
2026/08/04 19:27:58.729, 22680, 100
2026/08/04 19:27:59.729, 22680, 84
2026/08/04 19:28:00.730, 22680, 100
2026/08/04 19:28:01.730, 22680, 100
2026/08/04 19:28:02.730, 22680, 100
2026/08/04 19:28:03.730, 22680, 100
2026/08/04 19:28:04.731, 22680, 100
2026/08/04 19:28:05.731, 22680, 100
2026/08/04 19:28:06.731, 22680, 100
2026/08/04 19:28:07.731, 22680, 100
2026/08/04 19:28:08.732, 22680, 98
2026/08/04 19:28:09.732, 22680, 100
2026/08/04 19:28:10.733, 22680, 100
2026/08/04 19:28:11.733, 22680, 82
2026/08/04 19:28:12.733, 22680, 82
2026/08/04 19:28:13.733, 22680, 100
2026/08/04 19:28:14.734, 22680, 100
2026/08/04 19:28:15.734, 22680, 100
2026/08/04 19:28:16.734, 22680, 100
2026/08/04 19:28:17.735, 22680, 100
2026/08/04 19:28:18.735, 22680, 100
2026/08/04 19:28:19.735, 22680, 100
2026/08/04 19:28:20.736, 22680, 100
2026/08/04 19:28:21.736, 22680, 100
2026/08/04 19:28:22.736, 22680, 100
2026/08/04 19:28:23.736, 22680, 84
2026/08/04 19:28:24.736, 22680, 88
2026/08/04 19:28:25.737, 22680, 100
2026/08/04 19:28:26.737, 22680, 100
2026/08/04 19:28:27.737, 22680, 100
2026/08/04 19:28:28.737, 22680, 100
2026/08/04 19:28:29.738, 22680, 100
2026/08/04 19:28:30.738, 22680, 100
2026/08/04 19:28:31.738, 22680, 100
2026/08/04 19:28:32.738, 22680, 85
2026/08/04 19:28:33.739, 22680, 94
2026/08/04 19:28:34.739, 22680, 100
2026/08/04 19:28:35.739, 22680, 100
2026/08/04 19:28:36.740, 22680, 100
2026/08/04 19:28:37.740, 22680, 100
2026/08/04 19:28:38.740, 22680, 100
2026/08/04 19:28:39.741, 22680, 100
2026/08/04 19:28:40.741, 22680, 86
2026/08/04 19:28:41.741, 22680, 100
2026/08/04 19:28:42.741, 22680, 100
2026/08/04 19:28:43.742, 22680, 100
2026/08/04 19:28:44.742, 22680, 100
2026/08/04 19:28:45.742, 22680, 100
2026/08/04 19:28:46.742, 22680, 100
2026/08/04 19:28:47.743, 22680, 100
2026/08/04 19:28:48.743, 22680, 100
2026/08/04 19:28:49.743, 22680, 100
2026/08/04 19:28:50.744, 22680, 100
2026/08/04 19:28:51.744, 22680, 100
2026/08/04 19:28:52.744, 22680, 100
2026/08/04 19:28:53.744, 22680, 100
2026/08/04 19:28:54.745, 22680, 100
2026/08/04 19:28:55.745, 22680, 100
2026/08/04 19:28:56.745, 22680, 87
2026/08/04 19:28:57.746, 22680, 83
2026/08/04 19:28:58.746, 22680, 100
2026/08/04 19:28:59.746, 22680, 74
2026/08/04 19:29:00.746, 22680, 100
2026/08/04 19:29:01.747, 22680, 100
2026/08/04 19:29:02.747, 22680, 82
2026/08/04 19:29:03.747, 22680, 100
2026/08/04 19:29:04.747, 22680, 100
2026/08/04 19:29:05.748, 22680, 84
2026/08/04 19:29:06.748, 22680, 83
2026/08/04 19:29:07.748, 22680, 100
2026/08/04 19:29:08.748, 22680, 100
2026/08/04 19:29:09.749, 22680, 84
2026/08/04 19:29:10.749, 22680, 100
2026/08/04 19:29:11.749, 22680, 100
2026/08/04 19:29:12.749, 22680, 90
2026/08/04 19:29:13.750, 22680, 81
2026/08/04 19:29:14.750, 22680, 100
2026/08/04 19:29:15.750, 22680, 100
2026/08/04 19:29:16.751, 22680, 100
2026/08/04 19:29:17.751, 22680, 100
2026/08/04 19:29:18.751, 22680, 100
2026/08/04 19:29:19.752, 22680, 100
2026/08/04 19:29:20.752, 22680, 100
2026/08/04 19:29:21.752, 22680, 100
2026/08/04 19:29:22.753, 22680, 99
2026/08/04 19:29:23.753, 22680, 100
2026/08/04 19:29:24.753, 22680, 100
2026/08/04 19:29:25.754, 22680, 100
2026/08/04 19:29:26.754, 22680, 100
2026/08/04 19:29:27.754, 22680, 100
2026/08/04 19:29:28.754, 22680, 100
2026/08/04 19:29:29.755, 22680, 100
2026/08/04 19:29:30.755, 22680, 100
2026/08/04 19:29:31.755, 22680, 79
2026/08/04 19:29:32.756, 22680, 100
2026/08/04 19:29:33.756, 22680, 100
2026/08/04 19:29:34.756, 22680, 100
2026/08/04 19:29:35.756, 22680, 100
2026/08/04 19:29:36.757, 22680, 100
2026/08/04 19:29:37.757, 22680, 100
2026/08/04 19:29:38.757, 22680, 100
2026/08/04 19:29:39.757, 22680, 100
2026/08/04 19:29:40.758, 22680, 100
2026/08/04 19:29:41.758, 22680, 100
2026/08/04 19:29:42.758, 22680, 100
2026/08/04 19:29:43.759, 22680, 100
2026/08/04 19:29:44.759, 22680, 100
2026/08/04 19:29:45.759, 22680, 100
2026/08/04 19:29:46.760, 22680, 100
2026/08/04 19:29:47.760, 22680, 100
2026/08/04 19:29:48.760, 22680, 100
2026/08/04 19:29:49.761, 22680, 88
2026/08/04 19:29:50.761, 22680, 87
2026/08/04 19:29:51.761, 22680, 84
2026/08/04 19:29:52.762, 22680, 82
2026/08/04 19:29:53.762, 22680, 100
2026/08/04 19:29:54.762, 22680, 100
2026/08/04 19:29:55.762, 22680, 100
2026/08/04 19:29:56.763, 22680, 100
2026/08/04 19:29:57.763, 22680, 85
2026/08/04 19:29:58.763, 22680, 100
2026/08/04 19:29:59.764, 22680, 83
2026/08/04 19:30:00.764, 22680, 100
2026/08/04 19:30:01.764, 22680, 100
2026/08/04 19:30:02.765, 22680, 100
2026/08/04 19:30:03.765, 22680, 100
2026/08/04 19:30:04.765, 22680, 100
2026/08/04 19:30:05.766, 22680, 85
2026/08/04 19:30:06.766, 22680, 100
2026/08/04 19:30:07.766, 22680, 100
2026/08/04 19:30:08.767, 22680, 100
2026/08/04 19:30:09.767, 22680, 100
2026/08/04 19:30:10.767, 22680, 100
2026/08/04 19:30:11.768, 22680, 100
2026/08/04 19:30:12.768, 22680, 100
2026/08/04 19:30:13.769, 22680, 100
2026/08/04 19:30:14.769, 22680, 100
2026/08/04 19:30:15.769, 22680, 83
2026/08/04 19:30:16.769, 22680, 100
2026/08/04 19:30:17.770, 22680, 100
2026/08/04 19:30:18.770, 22680, 100
2026/08/04 19:30:19.770, 22680, 100
2026/08/04 19:30:20.771, 22680, 100
2026/08/04 19:30:21.771, 22680, 100
2026/08/04 19:30:22.771, 22680, 100
2026/08/04 19:30:23.772, 22680, 100
2026/08/04 19:30:24.772, 22680, 84
2026/08/04 19:30:25.773, 22680, 100
2026/08/04 19:30:26.773, 22680, 100
2026/08/04 19:30:27.773, 22680, 100
2026/08/04 19:30:28.774, 22680, 100
2026/08/04 19:30:29.774, 22680, 100
2026/08/04 19:30:30.774, 22680, 100
2026/08/04 19:30:31.775, 22680, 100
2026/08/04 19:30:32.775, 22680, 100
2026/08/04 19:30:33.775, 22680, 100
2026/08/04 19:30:34.776, 22680, 100
2026/08/04 19:30:35.776, 22680, 70
2026/08/04 19:30:36.776, 22680, 100
2026/08/04 19:30:37.777, 22680, 100
2026/08/04 19:30:38.777, 22680, 100
2026/08/04 19:30:39.778, 22680, 100
2026/08/04 19:30:40.778, 22680, 93
2026/08/04 19:30:41.778, 22680, 100
2026/08/04 19:30:42.779, 22680, 100
2026/08/04 19:30:43.779, 22680, 100
2026/08/04 19:30:44.779, 22680, 100
2026/08/04 19:30:45.779, 22680, 100
2026/08/04 19:30:46.780, 22680, 100
2026/08/04 19:30:47.780, 22680, 100
2026/08/04 19:30:48.780, 22680, 81
2026/08/04 19:30:49.780, 22680, 85
2026/08/04 19:30:50.781, 22680, 100
2026/08/04 19:30:51.781, 22680, 100
2026/08/04 19:30:52.781, 22680, 84
2026/08/04 19:30:53.781, 22680, 85
2026/08/04 19:30:54.782, 22680, 100
2026/08/04 19:30:55.782, 22680, 83
2026/08/04 19:30:56.782, 22680, 100
2026/08/04 19:30:57.782, 22680, 100
2026/08/04 19:30:58.782, 22680, 100
2026/08/04 19:30:59.783, 22680, 100
2026/08/04 19:31:00.783, 22680, 100
2026/08/04 19:31:01.783, 22680, 100
2026/08/04 19:31:02.783, 22680, 100
2026/08/04 19:31:03.784, 22680, 100
2026/08/04 19:31:04.784, 22680, 99
2026/08/04 19:31:05.784, 22680, 100
2026/08/04 19:31:06.784, 22680, 100
2026/08/04 19:31:07.785, 22680, 100
2026/08/04 19:31:08.785, 22680, 83
2026/08/04 19:31:09.785, 22680, 91
2026/08/04 19:31:10.785, 22680, 100
2026/08/04 19:31:11.785, 22680, 100
2026/08/04 19:31:12.786, 22680, 100
2026/08/04 19:31:13.786, 22680, 100
2026/08/04 19:31:14.786, 22680, 100
2026/08/04 19:31:15.786, 22680, 100
2026/08/04 19:31:16.786, 22680, 100
2026/08/04 19:31:17.787, 22680, 100
2026/08/04 19:31:18.787, 22680, 88
2026/08/04 19:31:19.787, 22680, 100
2026/08/04 19:31:20.787, 22680, 100
2026/08/04 19:31:21.787, 22680, 100
2026/08/04 19:31:22.788, 22680, 100
2026/08/04 19:31:23.788, 22680, 100
2026/08/04 19:31:24.788, 22680, 100
2026/08/04 19:31:25.789, 22680, 96
2026/08/04 19:31:26.789, 22680, 100
2026/08/04 19:31:27.789, 22680, 100
2026/08/04 19:31:28.789, 22680, 100
2026/08/04 19:31:29.789, 22680, 100
2026/08/04 19:31:30.790, 22680, 100
2026/08/04 19:31:31.790, 22680, 100
2026/08/04 19:31:32.790, 22680, 100
2026/08/04 19:31:33.790, 22680, 100
2026/08/04 19:31:34.790, 22680, 100
2026/08/04 19:31:35.791, 22680, 100
2026/08/04 19:31:36.791, 22680, 100
2026/08/04 19:31:37.791, 22680, 100
2026/08/04 19:31:38.791, 22680, 100
2026/08/04 19:31:39.791, 22680, 100
2026/08/04 19:31:40.792, 22680, 100
2026/08/04 19:31:41.792, 22680, 100
2026/08/04 19:31:42.792, 22680, 100
2026/08/04 19:31:43.792, 22680, 100
2026/08/04 19:31:44.793, 22680, 100
2026/08/04 19:31:45.793, 22680, 100
2026/08/04 19:31:46.793, 22680, 100
2026/08/04 19:31:47.794, 22680, 100
2026/08/04 19:31:48.794, 22680, 100
2026/08/04 19:31:49.794, 22680, 100
2026/08/04 19:31:50.795, 22680, 100
2026/08/04 19:31:51.795, 22680, 100
2026/08/04 19:31:52.795, 22680, 100
2026/08/04 19:31:53.796, 22680, 100
2026/08/04 19:31:54.796, 22680, 100
2026/08/04 19:31:55.796, 22680, 100
2026/08/04 19:31:56.797, 22680, 100
2026/08/04 19:31:57.797, 22680, 100
2026/08/04 19:31:58.797, 22680, 100
2026/08/04 19:31:59.798, 22680, 84
2026/08/04 19:32:00.798, 22680, 100
2026/08/04 19:32:01.798, 22680, 100
2026/08/04 19:32:02.798, 22680, 100
2026/08/04 19:32:03.799, 22680, 100
2026/08/04 19:32:04.799, 22680, 100
2026/08/04 19:32:05.799, 22680, 100
2026/08/04 19:32:06.800, 22680, 100
2026/08/04 19:32:07.800, 22680, 100
2026/08/04 19:32:08.800, 22680, 100
2026/08/04 19:32:09.801, 22680, 100
2026/08/04 19:32:10.801, 22680, 100
2026/08/04 19:32:11.801, 22680, 9
2026/08/04 19:32:12.801, 22680, 0
2026/08/04 19:32:13.802, 22680, 6
2026/08/04 19:32:14.802, 22680, 100
2026/08/04 19:32:15.802, 22680, 100
2026/08/04 19:32:16.803, 22680, 100
2026/08/04 19:32:17.804, 22680, 100
2026/08/04 19:32:18.804, 22680, 100
2026/08/04 19:32:19.804, 22680, 100
2026/08/04 19:32:20.804, 22680, 100
2026/08/04 19:32:21.805, 22680, 100
2026/08/04 19:32:22.805, 22680, 100
2026/08/04 19:32:23.805, 22680, 83
2026/08/04 19:32:24.806, 22680, 100
2026/08/04 19:32:25.806, 22680, 100
2026/08/04 19:32:26.806, 22680, 100
2026/08/04 19:32:27.807, 22680, 100
2026/08/04 19:32:28.807, 22680, 100
2026/08/04 19:32:29.807, 22680, 92
2026/08/04 19:32:30.807, 22680, 100
2026/08/04 19:32:31.808, 22680, 85
2026/08/04 19:32:32.808, 22680, 100
2026/08/04 19:32:33.808, 22680, 84
2026/08/04 19:32:34.809, 22680, 100
2026/08/04 19:32:35.809, 22680, 83
2026/08/04 19:32:36.809, 22680, 100
2026/08/04 19:32:37.810, 22680, 100
2026/08/04 19:32:38.810, 22680, 100
2026/08/04 19:32:39.810, 22680, 100
2026/08/04 19:32:40.811, 22680, 100
2026/08/04 19:32:41.811, 22680, 100
2026/08/04 19:32:42.811, 22680, 100
2026/08/04 19:32:43.812, 22680, 100
2026/08/04 19:32:44.812, 22680, 100
2026/08/04 19:32:45.812, 22680, 84
2026/08/04 19:32:46.813, 22680, 100
2026/08/04 19:32:47.813, 22680, 83
2026/08/04 19:32:48.813, 22680, 100
2026/08/04 19:32:49.814, 22680, 100
2026/08/04 19:32:50.814, 22680, 100
2026/08/04 19:32:51.814, 22680, 100
2026/08/04 19:32:52.815, 22680, 100
2026/08/04 19:32:53.815, 22680, 100
2026/08/04 19:32:54.815, 22680, 100
2026/08/04 19:32:55.816, 22680, 100
2026/08/04 19:32:56.816, 22680, 85
2026/08/04 19:32:57.816, 22680, 100
2026/08/04 19:32:58.817, 22680, 100
2026/08/04 19:32:59.817, 22680, 100
2026/08/04 19:33:00.817, 22680, 83
2026/08/04 19:33:01.818, 22680, 100
2026/08/04 19:33:02.818, 22680, 100
2026/08/04 19:33:03.818, 22680, 85
2026/08/04 19:33:04.818, 22680, 92
2026/08/04 19:33:05.819, 22680, 89
2026/08/04 19:33:06.819, 22680, 100
2026/08/04 19:33:07.819, 22680, 100
2026/08/04 19:33:08.820, 22680, 85
2026/08/04 19:33:09.820, 22680, 100
2026/08/04 19:33:10.820, 22680, 100
2026/08/04 19:33:11.821, 22680, 100
2026/08/04 19:33:12.821, 22680, 100
2026/08/04 19:33:13.821, 22680, 100
2026/08/04 19:33:14.821, 22680, 100
2026/08/04 19:33:15.822, 22680, 100
2026/08/04 19:33:16.822, 22680, 100
2026/08/04 19:33:17.822, 22680, 100
2026/08/04 19:33:18.822, 22680, 85
2026/08/04 19:33:19.823, 22680, 74
2026/08/04 19:33:20.823, 22680, 100
2026/08/04 19:33:21.823, 22680, 84
2026/08/04 19:33:22.824, 22680, 84
2026/08/04 19:33:23.824, 22680, 84
2026/08/04 19:33:24.824, 22680, 100
2026/08/04 19:33:25.825, 22680, 100
2026/08/04 19:33:26.825, 22680, 71
2026/08/04 19:33:27.825, 22680, 100
2026/08/04 19:33:28.826, 22680, 100
2026/08/04 19:33:29.826, 22680, 100
2026/08/04 19:33:30.826, 22680, 87
2026/08/04 19:33:31.827, 22680, 100
2026/08/04 19:33:32.827, 22680, 100
2026/08/04 19:33:33.827, 22680, 100
2026/08/04 19:33:34.828, 22680, 100
2026/08/04 19:33:35.828, 22680, 100
2026/08/04 19:33:36.828, 22680, 100
2026/08/04 19:33:37.829, 22680, 100
2026/08/04 19:33:38.829, 22680, 100
2026/08/04 19:33:39.829, 22680, 100
2026/08/04 19:33:40.829, 22680, 100
2026/08/04 19:33:41.830, 22680, 100
2026/08/04 19:33:42.830, 22680, 100
2026/08/04 19:33:43.830, 22680, 100
2026/08/04 19:33:44.831, 22680, 100
2026/08/04 19:33:45.831, 22680, 100
2026/08/04 19:33:46.831, 22680, 100
2026/08/04 19:33:47.832, 22680, 100
2026/08/04 19:33:48.832, 22680, 100
2026/08/04 19:33:49.832, 22680, 100
2026/08/04 19:33:50.833, 22680, 86
2026/08/04 19:33:51.833, 22680, 100
2026/08/04 19:33:52.833, 22680, 87
2026/08/04 19:33:53.834, 22680, 100
2026/08/04 19:33:54.834, 22680, 100
2026/08/04 19:33:55.834, 22680, 100
2026/08/04 19:33:56.835, 22680, 100
2026/08/04 19:33:57.835, 22680, 100
2026/08/04 19:33:58.835, 22680, 100
2026/08/04 19:33:59.835, 22680, 100
2026/08/04 19:34:00.835, 22680, 100
2026/08/04 19:34:01.836, 22680, 100
2026/08/04 19:34:02.836, 22680, 100
2026/08/04 19:34:03.836, 22680, 100
2026/08/04 19:34:04.836, 22680, 100
2026/08/04 19:34:05.837, 22680, 100
2026/08/04 19:34:06.837, 22680, 100
2026/08/04 19:34:07.837, 22680, 100
2026/08/04 19:34:08.838, 22680, 100
2026/08/04 19:34:09.838, 22680, 100
2026/08/04 19:34:10.838, 22680, 100
2026/08/04 19:34:11.838, 22680, 100
2026/08/04 19:34:12.838, 22680, 100
2026/08/04 19:34:13.839, 22680, 100
2026/08/04 19:34:14.839, 22680, 100
2026/08/04 19:34:15.839, 22680, 100
2026/08/04 19:34:16.839, 22680, 100
2026/08/04 19:34:17.840, 22680, 86
2026/08/04 19:34:18.840, 22680, 100
2026/08/04 19:34:19.840, 22680, 100
2026/08/04 19:34:20.840, 22680, 100
2026/08/04 19:34:21.841, 22680, 100
2026/08/04 19:34:22.841, 22680, 100
2026/08/04 19:34:23.841, 22680, 100
2026/08/04 19:34:24.842, 22680, 100
2026/08/04 19:34:25.842, 22680, 100
2026/08/04 19:34:26.842, 22680, 100
2026/08/04 19:34:27.843, 22680, 100
2026/08/04 19:34:28.843, 22680, 100
2026/08/04 19:34:29.843, 22680, 94
2026/08/04 19:34:30.843, 22680, 85
2026/08/04 19:34:31.844, 22680, 100
2026/08/04 19:34:32.844, 22680, 86
2026/08/04 19:34:33.844, 22680, 95
2026/08/04 19:34:34.845, 22680, 100
2026/08/04 19:34:35.845, 22680, 100
2026/08/04 19:34:36.845, 22680, 100
2026/08/04 19:34:37.846, 22680, 100
2026/08/04 19:34:38.846, 22680, 90
2026/08/04 19:34:39.846, 22680, 100
2026/08/04 19:34:40.847, 22680, 100
2026/08/04 19:34:41.847, 22680, 100
2026/08/04 19:34:42.847, 22680, 100
2026/08/04 19:34:43.848, 22680, 100
2026/08/04 19:34:44.848, 22680, 100
2026/08/04 19:34:45.848, 22680, 100
2026/08/04 19:34:46.849, 22680, 100
2026/08/04 19:34:47.849, 22680, 100
2026/08/04 19:34:48.849, 22680, 100
2026/08/04 19:34:49.849, 22680, 100
2026/08/04 19:34:50.850, 22680, 100
2026/08/04 19:34:51.850, 22680, 84
2026/08/04 19:34:52.850, 22680, 100
2026/08/04 19:34:53.851, 22680, 100
2026/08/04 19:34:54.851, 22680, 100
2026/08/04 19:34:55.851, 22680, 100
2026/08/04 19:34:56.852, 22680, 100
2026/08/04 19:34:57.852, 22680, 85
2026/08/04 19:34:58.852, 22680, 100
2026/08/04 19:34:59.853, 22680, 100
2026/08/04 19:35:00.853, 22680, 100
2026/08/04 19:35:01.853, 22680, 100
2026/08/04 19:35:02.854, 22680, 100
2026/08/04 19:35:03.854, 22680, 100
2026/08/04 19:35:04.854, 22680, 100
2026/08/04 19:35:05.854, 22680, 100
2026/08/04 19:35:06.854, 22680, 100
2026/08/04 19:35:07.855, 22680, 100
2026/08/04 19:35:08.855, 22680, 100
2026/08/04 19:35:09.855, 22680, 100
2026/08/04 19:35:10.856, 22680, 100
2026/08/04 19:35:11.856, 22680, 100
2026/08/04 19:35:12.856, 22680, 100
2026/08/04 19:35:13.856, 22680, 100
2026/08/04 19:35:14.857, 22680, 100
2026/08/04 19:35:15.857, 22680, 87
2026/08/04 19:35:16.857, 22680, 100
2026/08/04 19:35:17.858, 22680, 100
2026/08/04 19:35:18.858, 22680, 100
2026/08/04 19:35:19.858, 22680, 100
2026/08/04 19:35:20.858, 22680, 100
2026/08/04 19:35:21.859, 22680, 100
2026/08/04 19:35:22.859, 22680, 83
2026/08/04 19:35:23.859, 22680, 100
2026/08/04 19:35:24.859, 22680, 72
2026/08/04 19:35:25.859, 22680, 100
2026/08/04 19:35:26.860, 22680, 100
2026/08/04 19:35:27.860, 22680, 100
2026/08/04 19:35:28.860, 22680, 100
2026/08/04 19:35:29.861, 22680, 100
2026/08/04 19:35:30.861, 22680, 100
2026/08/04 19:35:31.861, 22680, 100
2026/08/04 19:35:32.861, 22680, 100
2026/08/04 19:35:33.862, 22680, 100
2026/08/04 19:35:34.862, 22680, 100
2026/08/04 19:35:35.862, 22680, 100
2026/08/04 19:35:36.862, 22680, 100
2026/08/04 19:35:37.863, 22680, 100
2026/08/04 19:35:38.863, 22680, 100
2026/08/04 19:35:39.863, 22680, 100
2026/08/04 19:35:40.864, 22680, 94
2026/08/04 19:35:41.864, 22680, 100
2026/08/04 19:35:42.864, 22680, 100
2026/08/04 19:35:43.865, 22680, 100
2026/08/04 19:35:44.865, 22680, 100
2026/08/04 19:35:45.865, 22680, 100
2026/08/04 19:35:46.865, 22680, 100
2026/08/04 19:35:47.866, 22680, 100
2026/08/04 19:35:48.866, 22680, 100
2026/08/04 19:35:49.866, 22680, 100
2026/08/04 19:35:50.867, 22680, 100
2026/08/04 19:35:51.867, 22680, 84
2026/08/04 19:35:52.867, 22680, 100
2026/08/04 19:35:53.868, 22680, 100
2026/08/04 19:35:54.868, 22680, 100
2026/08/04 19:35:55.868, 22680, 85
2026/08/04 19:35:56.869, 22680, 100
2026/08/04 19:35:57.869, 22680, 100
2026/08/04 19:35:58.869, 22680, 100
2026/08/04 19:35:59.869, 22680, 100
2026/08/04 19:36:00.870, 22680, 100
2026/08/04 19:36:01.870, 22680, 100
2026/08/04 19:36:02.870, 22680, 100
2026/08/04 19:36:03.871, 22680, 100
2026/08/04 19:36:04.871, 22680, 100
2026/08/04 19:36:05.871, 22680, 74
2026/08/04 19:36:06.872, 22680, 100
2026/08/04 19:36:07.872, 22680, 100
2026/08/04 19:36:08.872, 22680, 100
2026/08/04 19:36:09.872, 22680, 100
2026/08/04 19:36:10.873, 22680, 100
2026/08/04 19:36:11.873, 22680, 100
2026/08/04 19:36:12.873, 22680, 100
2026/08/04 19:36:13.874, 22680, 100
2026/08/04 19:36:14.874, 22680, 100
2026/08/04 19:36:15.874, 22680, 100
2026/08/04 19:36:16.875, 22680, 100
2026/08/04 19:36:17.875, 22680, 100
2026/08/04 19:36:18.875, 22680, 100
2026/08/04 19:36:19.876, 22680, 100
2026/08/04 19:36:20.876, 22680, 100
2026/08/04 19:36:21.876, 22680, 100
2026/08/04 19:36:22.877, 22680, 100
2026/08/04 19:36:23.877, 22680, 100
2026/08/04 19:36:24.877, 22680, 85
2026/08/04 19:36:25.877, 22680, 100
2026/08/04 19:36:26.878, 22680, 86
2026/08/04 19:36:27.878, 22680, 100
2026/08/04 19:36:28.878, 22680, 100
2026/08/04 19:36:29.879, 22680, 100
2026/08/04 19:36:30.879, 22680, 100
2026/08/04 19:36:31.879, 22680, 84
2026/08/04 19:36:32.880, 22680, 100
2026/08/04 19:36:33.880, 22680, 100
2026/08/04 19:36:34.880, 22680, 100
2026/08/04 19:36:35.881, 22680, 100
2026/08/04 19:36:36.881, 22680, 100
2026/08/04 19:36:37.882, 22680, 100
2026/08/04 19:36:38.882, 22680, 95
2026/08/04 19:36:39.882, 22680, 100
2026/08/04 19:36:40.883, 22680, 100
2026/08/04 19:36:41.883, 22680, 100
2026/08/04 19:36:42.883, 22680, 100
2026/08/04 19:36:43.884, 22680, 100
2026/08/04 19:36:44.884, 22680, 84
2026/08/04 19:36:45.884, 22680, 100
2026/08/04 19:36:46.884, 22680, 100
2026/08/04 19:36:47.885, 22680, 86
2026/08/04 19:36:48.885, 22680, 100
2026/08/04 19:36:49.885, 22680, 100
2026/08/04 19:36:50.885, 22680, 100
2026/08/04 19:36:51.885, 22680, 100
2026/08/04 19:36:52.886, 22680, 100
2026/08/04 19:36:53.886, 22680, 100
2026/08/04 19:36:54.886, 22680, 100
2026/08/04 19:36:55.887, 22680, 100
2026/08/04 19:36:56.887, 22680, 100
2026/08/04 19:36:57.887, 22680, 85
2026/08/04 19:36:58.888, 22680, 100
2026/08/04 19:36:59.888, 22680, 100
2026/08/04 19:37:00.888, 22680, 100
2026/08/04 19:37:01.889, 22680, 100
2026/08/04 19:37:02.889, 22680, 100
2026/08/04 19:37:03.889, 22680, 72
2026/08/04 19:37:04.890, 22680, 92
2026/08/04 19:37:05.890, 22680, 86
2026/08/04 19:37:06.890, 22680, 83
2026/08/04 19:37:07.890, 22680, 84
2026/08/04 19:37:08.890, 22680, 76
2026/08/04 19:37:09.891, 22680, 100
2026/08/04 19:37:10.891, 22680, 100
2026/08/04 19:37:11.891, 22680, 100
2026/08/04 19:37:12.892, 22680, 100
2026/08/04 19:37:13.892, 22680, 100
2026/08/04 19:37:14.892, 22680, 100
2026/08/04 19:37:15.893, 22680, 100
2026/08/04 19:37:16.893, 22680, 100
2026/08/04 19:37:17.893, 22680, 100
2026/08/04 19:37:18.894, 22680, 100
2026/08/04 19:37:19.894, 22680, 100
2026/08/04 19:37:20.894, 22680, 100
2026/08/04 19:37:21.894, 22680, 81
2026/08/04 19:37:22.895, 22680, 100
2026/08/04 19:37:23.895, 22680, 100
2026/08/04 19:37:24.895, 22680, 100
2026/08/04 19:37:25.896, 22680, 100
2026/08/04 19:37:26.896, 22680, 100
2026/08/04 19:37:27.896, 22680, 100
2026/08/04 19:37:28.897, 22680, 100
2026/08/04 19:37:29.897, 22680, 100
2026/08/04 19:37:30.897, 22680, 100
2026/08/04 19:37:31.897, 22680, 100
2026/08/04 19:37:32.898, 22680, 100
2026/08/04 19:37:33.898, 22680, 100
2026/08/04 19:37:34.898, 22680, 100
2026/08/04 19:37:35.899, 22680, 100
2026/08/04 19:37:36.899, 22680, 100
2026/08/04 19:37:37.899, 22680, 100
2026/08/04 19:37:38.900, 22680, 100
2026/08/04 19:37:39.900, 22680, 100
2026/08/04 19:37:40.900, 22680, 100
2026/08/04 19:37:41.901, 22680, 100
2026/08/04 19:37:42.901, 22680, 100
2026/08/04 19:37:43.901, 22680, 72
2026/08/04 19:37:44.902, 22680, 100
2026/08/04 19:37:45.902, 22680, 100
2026/08/04 19:37:46.902, 22680, 90
2026/08/04 19:37:47.902, 22680, 100
2026/08/04 19:37:48.903, 22680, 100
2026/08/04 19:37:49.903, 22680, 100
2026/08/04 19:37:50.903, 22680, 100
2026/08/04 19:37:51.904, 22680, 100
2026/08/04 19:37:52.904, 22680, 100
2026/08/04 19:37:53.904, 22680, 100
2026/08/04 19:37:54.904, 22680, 100
2026/08/04 19:37:55.905, 22680, 100
2026/08/04 19:37:56.905, 22680, 100
2026/08/04 19:37:57.905, 22680, 100
2026/08/04 19:37:58.906, 22680, 100
2026/08/04 19:37:59.906, 22680, 100
2026/08/04 19:38:00.906, 22680, 100
2026/08/04 19:38:01.907, 22680, 100
2026/08/04 19:38:02.907, 22680, 86
2026/08/04 19:38:03.907, 22680, 99
2026/08/04 19:38:04.907, 22680, 100
2026/08/04 19:38:05.908, 22680, 100
2026/08/04 19:38:06.908, 22680, 100
2026/08/04 19:38:07.908, 22680, 100
2026/08/04 19:38:08.909, 22680, 100
2026/08/04 19:38:09.909, 22680, 100
2026/08/04 19:38:10.909, 22680, 98
2026/08/04 19:38:11.910, 22680, 100
2026/08/04 19:38:12.910, 22680, 100
2026/08/04 19:38:13.910, 22680, 100
2026/08/04 19:38:14.910, 22680, 100
2026/08/04 19:38:15.911, 22680, 100
2026/08/04 19:38:16.911, 22680, 100
2026/08/04 19:38:17.911, 22680, 75
2026/08/04 19:38:18.912, 22680, 100
2026/08/04 19:38:19.912, 22680, 100
2026/08/04 19:38:20.912, 22680, 100
2026/08/04 19:38:21.912, 22680, 100
2026/08/04 19:38:22.913, 22680, 100
2026/08/04 19:38:23.913, 22680, 75
2026/08/04 19:38:24.913, 22680, 100
2026/08/04 19:38:25.914, 22680, 82
2026/08/04 19:38:26.914, 22680, 100
2026/08/04 19:38:27.914, 22680, 100
2026/08/04 19:38:28.915, 22680, 100
2026/08/04 19:38:29.915, 22680, 100
2026/08/04 19:38:30.915, 22680, 100
2026/08/04 19:38:31.915, 22680, 100
2026/08/04 19:38:32.916, 22680, 100
2026/08/04 19:38:33.916, 22680, 100
2026/08/04 19:38:34.916, 22680, 100
2026/08/04 19:38:35.917, 22680, 100
2026/08/04 19:38:36.917, 22680, 83
2026/08/04 19:38:37.917, 22680, 75
2026/08/04 19:38:38.918, 22680, 100
2026/08/04 19:38:39.918, 22680, 100
2026/08/04 19:38:40.918, 22680, 100
2026/08/04 19:38:41.919, 22680, 84
2026/08/04 19:38:42.919, 22680, 100
2026/08/04 19:38:43.919, 22680, 100
2026/08/04 19:38:44.919, 22680, 83
2026/08/04 19:38:45.920, 22680, 100
2026/08/04 19:38:46.920, 22680, 100
2026/08/04 19:38:47.920, 22680, 100
2026/08/04 19:38:48.921, 22680, 100
2026/08/04 19:38:49.921, 22680, 100
2026/08/04 19:38:50.921, 22680, 100
2026/08/04 19:38:51.921, 22680, 100
2026/08/04 19:38:52.922, 22680, 100
2026/08/04 19:38:53.922, 22680, 100
2026/08/04 19:38:54.922, 22680, 100
2026/08/04 19:38:55.922, 22680, 100
2026/08/04 19:38:56.923, 22680, 82
2026/08/04 19:38:57.923, 22680, 100
2026/08/04 19:38:58.923, 22680, 91
2026/08/04 19:38:59.923, 22680, 100
2026/08/04 19:39:00.923, 22680, 100
2026/08/04 19:39:01.924, 22680, 100
2026/08/04 19:39:02.924, 22680, 100
2026/08/04 19:39:03.924, 22680, 89
2026/08/04 19:39:04.924, 22680, 100
2026/08/04 19:39:05.925, 22680, 96
2026/08/04 19:39:06.925, 22680, 100
2026/08/04 19:39:07.925, 22680, 100
2026/08/04 19:39:08.925, 22680, 100
2026/08/04 19:39:09.926, 22680, 100
2026/08/04 19:39:10.926, 22680, 100
2026/08/04 19:39:11.926, 22680, 100
2026/08/04 19:39:12.927, 22680, 100
2026/08/04 19:39:13.927, 22680, 85
2026/08/04 19:39:14.927, 22680, 100
2026/08/04 19:39:15.928, 22680, 100
2026/08/04 19:39:16.928, 22680, 100
2026/08/04 19:39:17.928, 22680, 100
2026/08/04 19:39:18.929, 22680, 89
2026/08/04 19:39:19.929, 22680, 100
2026/08/04 19:39:20.929, 22680, 100
2026/08/04 19:39:21.930, 22680, 100
2026/08/04 19:39:22.930, 22680, 100
2026/08/04 19:39:23.930, 22680, 98
2026/08/04 19:39:24.931, 22680, 100
2026/08/04 19:39:25.931, 22680, 100
2026/08/04 19:39:26.931, 22680, 100
2026/08/04 19:39:27.931, 22680, 100
2026/08/04 19:39:28.932, 22680, 100
2026/08/04 19:39:29.932, 22680, 100
2026/08/04 19:39:30.932, 22680, 100
2026/08/04 19:39:31.933, 22680, 100
2026/08/04 19:39:32.933, 22680, 100
2026/08/04 19:39:33.933, 22680, 100
2026/08/04 19:39:34.934, 22680, 100
2026/08/04 19:39:35.934, 22680, 100
2026/08/04 19:39:36.934, 22680, 100
2026/08/04 19:39:37.935, 22680, 100
2026/08/04 19:39:38.935, 22680, 100
2026/08/04 19:39:39.935, 22680, 100
2026/08/04 19:39:40.936, 22680, 100
2026/08/04 19:39:41.936, 22680, 100
2026/08/04 19:39:42.936, 22680, 100
2026/08/04 19:39:43.937, 22680, 73
2026/08/04 19:39:44.937, 22680, 100
2026/08/04 19:39:45.937, 22680, 100
2026/08/04 19:39:46.938, 22680, 100
2026/08/04 19:39:47.938, 22680, 100
2026/08/04 19:39:48.938, 22680, 100
2026/08/04 19:39:49.938, 22680, 81
2026/08/04 19:39:50.939, 22680, 100
2026/08/04 19:39:51.939, 22680, 100
2026/08/04 19:39:52.939, 22680, 100
2026/08/04 19:39:53.940, 22680, 85
2026/08/04 19:39:54.940, 22680, 100
2026/08/04 19:39:55.940, 22680, 100
2026/08/04 19:39:56.940, 22680, 100
2026/08/04 19:39:57.941, 22680, 100
2026/08/04 19:39:58.941, 22680, 100
2026/08/04 19:39:59.941, 22680, 100
2026/08/04 19:40:00.941, 22680, 100
2026/08/04 19:40:01.941, 22680, 100
2026/08/04 19:40:02.942, 22680, 100
2026/08/04 19:40:03.942, 22680, 100
2026/08/04 19:40:04.942, 22680, 85
2026/08/04 19:40:05.942, 22680, 100
2026/08/04 19:40:06.943, 22680, 100
2026/08/04 19:40:07.943, 22680, 100
2026/08/04 19:40:08.943, 22680, 100
2026/08/04 19:40:09.943, 22680, 100
2026/08/04 19:40:10.944, 22680, 85
2026/08/04 19:40:11.944, 22680, 100
2026/08/04 19:40:12.944, 22680, 100
2026/08/04 19:40:13.944, 22680, 100
2026/08/04 19:40:14.945, 22680, 100
2026/08/04 19:40:15.945, 22680, 100
2026/08/04 19:40:16.945, 22680, 100
2026/08/04 19:40:17.945, 22680, 98
2026/08/04 19:40:18.946, 22680, 100
2026/08/04 19:40:19.946, 22680, 84
2026/08/04 19:40:20.946, 22680, 100
2026/08/04 19:40:21.946, 22680, 100
2026/08/04 19:40:22.947, 22680, 100
2026/08/04 19:40:23.947, 22680, 100
2026/08/04 19:40:24.948, 22680, 84
2026/08/04 19:40:25.948, 22680, 100
2026/08/04 19:40:26.948, 22680, 100
2026/08/04 19:40:27.949, 22680, 100
2026/08/04 19:40:28.949, 22680, 85
2026/08/04 19:40:29.949, 22680, 100
2026/08/04 19:40:30.950, 22680, 100
2026/08/04 19:40:31.950, 22680, 100
2026/08/04 19:40:32.950, 22680, 100
2026/08/04 19:40:33.950, 22680, 86
2026/08/04 19:40:34.951, 22680, 100
2026/08/04 19:40:35.951, 22680, 100
2026/08/04 19:40:36.951, 22680, 100
2026/08/04 19:40:37.952, 22680, 100
2026/08/04 19:40:38.952, 22680, 100
2026/08/04 19:40:39.952, 22680, 100
2026/08/04 19:40:40.953, 22680, 100
2026/08/04 19:40:41.953, 22680, 100
2026/08/04 19:40:42.953, 22680, 84
2026/08/04 19:40:43.954, 22680, 86
2026/08/04 19:40:44.954, 22680, 100
2026/08/04 19:40:45.954, 22680, 100
2026/08/04 19:40:46.955, 22680, 84
2026/08/04 19:40:47.955, 22680, 100
2026/08/04 19:40:48.955, 22680, 100
2026/08/04 19:40:49.956, 22680, 100
2026/08/04 19:40:50.956, 22680, 99
2026/08/04 19:40:51.956, 22680, 100
2026/08/04 19:40:52.956, 22680, 100
2026/08/04 19:40:53.957, 22680, 100
2026/08/04 19:40:54.957, 22680, 85
2026/08/04 19:40:55.957, 22680, 84
2026/08/04 19:40:56.958, 22680, 100
2026/08/04 19:40:57.958, 22680, 100
2026/08/04 19:40:58.958, 22680, 100
2026/08/04 19:40:59.959, 22680, 100
2026/08/04 19:41:00.959, 22680, 82
2026/08/04 19:41:01.959, 22680, 100
2026/08/04 19:41:02.960, 22680, 100
2026/08/04 19:41:03.960, 22680, 100
2026/08/04 19:41:04.960, 22680, 100
2026/08/04 19:41:05.961, 22680, 100
2026/08/04 19:41:06.961, 22680, 100
2026/08/04 19:41:07.961, 22680, 96
2026/08/04 19:41:08.961, 22680, 100
2026/08/04 19:41:09.962, 22680, 100
2026/08/04 19:41:10.962, 22680, 100
2026/08/04 19:41:11.962, 22680, 75
2026/08/04 19:41:12.963, 22680, 100
2026/08/04 19:41:13.963, 22680, 100
2026/08/04 19:41:14.963, 22680, 100
2026/08/04 19:41:15.964, 22680, 100
2026/08/04 19:41:16.964, 22680, 100
2026/08/04 19:41:17.964, 22680, 100
2026/08/04 19:41:18.964, 22680, 100
2026/08/04 19:41:19.965, 22680, 100
2026/08/04 19:41:20.965, 22680, 91
2026/08/04 19:41:21.965, 22680, 77
2026/08/04 19:41:22.966, 22680, 100
2026/08/04 19:41:23.966, 22680, 100
2026/08/04 19:41:24.966, 22680, 100
2026/08/04 19:41:25.967, 22680, 100
2026/08/04 19:41:26.967, 22680, 100
2026/08/04 19:41:27.967, 22680, 92
2026/08/04 19:41:28.968, 22680, 100
2026/08/04 19:41:29.968, 22680, 100
2026/08/04 19:41:30.968, 22680, 100
2026/08/04 19:41:31.969, 22680, 100
2026/08/04 19:41:32.969, 22680, 100
2026/08/04 19:41:33.969, 22680, 100
2026/08/04 19:41:34.969, 22680, 100
2026/08/04 19:41:35.970, 22680, 100
2026/08/04 19:41:36.970, 22680, 100
2026/08/04 19:41:37.970, 22680, 100
2026/08/04 19:41:38.971, 22680, 100
2026/08/04 19:41:39.971, 22680, 100
2026/08/04 19:41:40.971, 22680, 100
2026/08/04 19:41:41.972, 22680, 100
2026/08/04 19:41:42.972, 22680, 100
2026/08/04 19:41:43.972, 22680, 100
2026/08/04 19:41:44.973, 22680, 100
2026/08/04 19:41:45.973, 22680, 100
2026/08/04 19:41:46.973, 22680, 100
2026/08/04 19:41:47.974, 22680, 100
2026/08/04 19:41:48.974, 22680, 100
2026/08/04 19:41:49.974, 22680, 100
2026/08/04 19:41:50.975, 22680, 100
2026/08/04 19:41:51.975, 22680, 100
2026/08/04 19:41:52.975, 22680, 100
2026/08/04 19:41:53.975, 22680, 100
2026/08/04 19:41:54.976, 22680, 100
2026/08/04 19:41:55.976, 22680, 82
2026/08/04 19:41:56.976, 22680, 100
2026/08/04 19:41:57.977, 22680, 100
2026/08/04 19:41:58.977, 22680, 100
2026/08/04 19:41:59.977, 22680, 100
2026/08/04 19:42:00.978, 22680, 100
2026/08/04 19:42:01.978, 22680, 100
2026/08/04 19:42:02.978, 22680, 100
2026/08/04 19:42:03.979, 22680, 100
2026/08/04 19:42:04.979, 22680, 100
2026/08/04 19:42:05.979, 22680, 100
2026/08/04 19:42:06.980, 22680, 99
2026/08/04 19:42:07.980, 22680, 100
2026/08/04 19:42:08.980, 22680, 85
2026/08/04 19:42:09.981, 22680, 100
2026/08/04 19:42:10.981, 22680, 100
2026/08/04 19:42:11.981, 22680, 100
2026/08/04 19:42:12.981, 22680, 100
2026/08/04 19:42:13.982, 22680, 100
2026/08/04 19:42:14.982, 22680, 100
2026/08/04 19:42:15.982, 22680, 100
2026/08/04 19:42:16.983, 22680, 100
2026/08/04 19:42:17.983, 22680, 95
2026/08/04 19:42:18.984, 22680, 100
2026/08/04 19:42:19.984, 22680, 100
2026/08/04 19:42:20.984, 22680, 87
2026/08/04 19:42:21.985, 22680, 100
2026/08/04 19:42:22.985, 22680, 100
2026/08/04 19:42:23.985, 22680, 100
2026/08/04 19:42:24.985, 22680, 100
2026/08/04 19:42:25.986, 22680, 100
2026/08/04 19:42:26.986, 22680, 100
2026/08/04 19:42:27.986, 22680, 100
2026/08/04 19:42:28.987, 22680, 100
2026/08/04 19:42:29.987, 22680, 89
2026/08/04 19:42:30.987, 22680, 100
2026/08/04 19:42:31.988, 22680, 100
2026/08/04 19:42:32.988, 22680, 100
2026/08/04 19:42:33.988, 22680, 100
2026/08/04 19:42:34.989, 22680, 83
2026/08/04 19:42:35.989, 22680, 100
2026/08/04 19:42:36.989, 22680, 85
2026/08/04 19:42:37.989, 22680, 81
2026/08/04 19:42:38.990, 22680, 100
2026/08/04 19:42:39.990, 22680, 100
2026/08/04 19:42:40.990, 22680, 100
2026/08/04 19:42:41.991, 22680, 100
2026/08/04 19:42:42.991, 22680, 100
2026/08/04 19:42:43.991, 22680, 100
2026/08/04 19:42:44.992, 22680, 100
2026/08/04 19:42:45.992, 22680, 91
2026/08/04 19:42:46.992, 22680, 82
2026/08/04 19:42:47.993, 22680, 85
2026/08/04 19:42:48.993, 22680, 100
2026/08/04 19:42:49.993, 22680, 100
2026/08/04 19:42:50.994, 22680, 100
2026/08/04 19:42:51.994, 22680, 100
2026/08/04 19:42:52.994, 22680, 100
2026/08/04 19:42:53.995, 22680, 100
2026/08/04 19:42:54.995, 22680, 80
2026/08/04 19:42:55.995, 22680, 83
2026/08/04 19:42:56.996, 22680, 100
2026/08/04 19:42:57.996, 22680, 100
2026/08/04 19:42:58.996, 22680, 100
2026/08/04 19:42:59.996, 22680, 100
2026/08/04 19:43:00.997, 22680, 100
2026/08/04 19:43:01.997, 22680, 74
2026/08/04 19:43:02.997, 22680, 100
2026/08/04 19:43:03.998, 22680, 100
2026/08/04 19:43:04.998, 22680, 100
2026/08/04 19:43:05.998, 22680, 100
2026/08/04 19:43:06.998, 22680, 100
2026/08/04 19:43:07.999, 22680, 100
2026/08/04 19:43:08.999, 22680, 100
2026/08/04 19:43:09.999, 22680, 100
2026/08/04 19:43:11.000, 22680, 100
2026/08/04 19:43:12.000, 22680, 100
2026/08/04 19:43:13.000, 22680, 100
2026/08/04 19:43:14.001, 22680, 86
2026/08/04 19:43:15.001, 22680, 100
2026/08/04 19:43:16.001, 22680, 100
2026/08/04 19:43:17.001, 22680, 100
2026/08/04 19:43:18.002, 22680, 100
2026/08/04 19:43:19.002, 22680, 100
2026/08/04 19:43:20.002, 22680, 100
2026/08/04 19:43:21.003, 22680, 82
2026/08/04 19:43:22.003, 22680, 100
2026/08/04 19:43:23.003, 22680, 100
2026/08/04 19:43:24.004, 22680, 100
2026/08/04 19:43:25.004, 22680, 100
2026/08/04 19:43:26.004, 22680, 100
2026/08/04 19:43:27.005, 22680, 100
2026/08/04 19:43:28.005, 22680, 100
2026/08/04 19:43:29.005, 22680, 84
2026/08/04 19:43:30.005, 22680, 100
2026/08/04 19:43:31.006, 22680, 85
2026/08/04 19:43:32.006, 22680, 100
2026/08/04 19:43:33.006, 22680, 100
2026/08/04 19:43:34.007, 22680, 100
2026/08/04 19:43:35.007, 22680, 100
2026/08/04 19:43:36.007, 22680, 100
2026/08/04 19:43:37.007, 22680, 100
2026/08/04 19:43:38.008, 22680, 70
2026/08/04 19:43:39.008, 22680, 100
2026/08/04 19:43:40.008, 22680, 100
2026/08/04 19:43:41.008, 22680, 100
2026/08/04 19:43:42.009, 22680, 100
2026/08/04 19:43:43.009, 22680, 100
2026/08/04 19:43:44.009, 22680, 100
2026/08/04 19:43:45.009, 22680, 100
2026/08/04 19:43:46.010, 22680, 100
2026/08/04 19:43:47.010, 22680, 100
2026/08/04 19:43:48.010, 22680, 84
2026/08/04 19:43:49.010, 22680, 100
2026/08/04 19:43:50.010, 22680, 100
2026/08/04 19:43:51.011, 22680, 100
2026/08/04 19:43:52.011, 22680, 100
2026/08/04 19:43:53.011, 22680, 100
2026/08/04 19:43:54.012, 22680, 93
2026/08/04 19:43:55.012, 22680, 100
2026/08/04 19:43:56.012, 22680, 100
2026/08/04 19:43:57.013, 22680, 100
2026/08/04 19:43:58.013, 22680, 100
2026/08/04 19:43:59.013, 22680, 100
2026/08/04 19:44:00.013, 22680, 100
2026/08/04 19:44:01.014, 22680, 100
2026/08/04 19:44:02.014, 22680, 100
2026/08/04 19:44:03.014, 22680, 100
2026/08/04 19:44:04.015, 22680, 100
2026/08/04 19:44:05.015, 22680, 84
2026/08/04 19:44:06.015, 22680, 100
2026/08/04 19:44:07.015, 22680, 100
2026/08/04 19:44:08.016, 22680, 85
2026/08/04 19:44:09.016, 22680, 100
2026/08/04 19:44:10.016, 22680, 100
2026/08/04 19:44:11.017, 22680, 100
2026/08/04 19:44:12.017, 22680, 100
2026/08/04 19:44:13.017, 22680, 100
2026/08/04 19:44:14.017, 22680, 100
2026/08/04 19:44:15.018, 22680, 100
2026/08/04 19:44:16.018, 22680, 100
2026/08/04 19:44:17.018, 22680, 100
2026/08/04 19:44:18.019, 22680, 100
2026/08/04 19:44:19.019, 22680, 82
2026/08/04 19:44:20.019, 22680, 100
2026/08/04 19:44:21.020, 22680, 100
2026/08/04 19:44:22.020, 22680, 100
2026/08/04 19:44:23.020, 22680, 100
2026/08/04 19:44:24.021, 22680, 100
2026/08/04 19:44:25.021, 22680, 88
2026/08/04 19:44:26.021, 22680, 83
2026/08/04 19:44:27.021, 22680, 100
2026/08/04 19:44:28.022, 22680, 100
2026/08/04 19:44:29.022, 22680, 100
2026/08/04 19:44:30.022, 22680, 100
2026/08/04 19:44:31.023, 22680, 100
2026/08/04 19:44:32.023, 22680, 100
2026/08/04 19:44:33.023, 22680, 100
2026/08/04 19:44:34.024, 22680, 100
2026/08/04 19:44:35.024, 22680, 96
2026/08/04 19:44:36.024, 22680, 100
2026/08/04 19:44:37.025, 22680, 100
2026/08/04 19:44:38.025, 22680, 100
2026/08/04 19:44:39.025, 22680, 100
2026/08/04 19:44:40.025, 22680, 100
2026/08/04 19:44:41.026, 22680, 100
2026/08/04 19:44:42.026, 22680, 100
2026/08/04 19:44:43.026, 22680, 84
2026/08/04 19:44:44.027, 22680, 100
2026/08/04 19:44:45.027, 22680, 100
2026/08/04 19:44:46.027, 22680, 100
2026/08/04 19:44:47.027, 22680, 100
2026/08/04 19:44:48.028, 22680, 100
2026/08/04 19:44:49.028, 22680, 100
2026/08/04 19:44:50.028, 22680, 100
2026/08/04 19:44:51.029, 22680, 79
2026/08/04 19:44:52.029, 22680, 100
2026/08/04 19:44:53.029, 22680, 100
2026/08/04 19:44:54.030, 22680, 100
2026/08/04 19:44:55.030, 22680, 100
2026/08/04 19:44:56.030, 22680, 100
2026/08/04 19:44:57.031, 22680, 100
2026/08/04 19:44:58.031, 22680, 100
2026/08/04 19:44:59.031, 22680, 100
2026/08/04 19:45:00.032, 22680, 100
2026/08/04 19:45:01.032, 22680, 100
2026/08/04 19:45:02.032, 22680, 68
2026/08/04 19:45:03.033, 22680, 100
2026/08/04 19:45:04.033, 22680, 100
2026/08/04 19:45:05.033, 22680, 81
2026/08/04 19:45:06.034, 22680, 100
2026/08/04 19:45:07.035, 22680, 100
2026/08/04 19:45:08.035, 22680, 91
2026/08/04 19:45:09.035, 22680, 100
2026/08/04 19:45:10.036, 22680, 100
2026/08/04 19:45:11.036, 22680, 80
2026/08/04 19:45:12.036, 22680, 100
2026/08/04 19:45:13.037, 22680, 100
2026/08/04 19:45:14.037, 22680, 100
2026/08/04 19:45:15.037, 22680, 100
2026/08/04 19:45:16.038, 22680, 100
2026/08/04 19:45:17.038, 22680, 100
2026/08/04 19:45:18.038, 22680, 100
2026/08/04 19:45:19.039, 22680, 100
2026/08/04 19:45:20.039, 22680, 100
2026/08/04 19:45:21.039, 22680, 100
2026/08/04 19:45:22.040, 22680, 100
2026/08/04 19:45:23.040, 22680, 100
2026/08/04 19:45:24.041, 22680, 100
2026/08/04 19:45:25.041, 22680, 100
2026/08/04 19:45:26.041, 22680, 100
2026/08/04 19:45:27.041, 22680, 100
2026/08/04 19:45:28.042, 22680, 100
2026/08/04 19:45:29.042, 22680, 86
2026/08/04 19:45:30.042, 22680, 100
2026/08/04 19:45:31.043, 22680, 100
2026/08/04 19:45:32.043, 22680, 100
2026/08/04 19:45:33.043, 22680, 89
2026/08/04 19:45:34.044, 22680, 100
2026/08/04 19:45:35.044, 22680, 100
2026/08/04 19:45:36.044, 22680, 100
2026/08/04 19:45:37.045, 22680, 100
2026/08/04 19:45:38.045, 22680, 100
2026/08/04 19:45:39.045, 22680, 100
2026/08/04 19:45:40.046, 22680, 100
2026/08/04 19:45:41.046, 22680, 100
2026/08/04 19:45:42.046, 22680, 100
2026/08/04 19:45:43.047, 22680, 100
2026/08/04 19:45:44.047, 22680, 100
2026/08/04 19:45:45.047, 22680, 100
2026/08/04 19:45:46.048, 22680, 100
2026/08/04 19:45:47.048, 22680, 100
2026/08/04 19:45:48.048, 22680, 100
2026/08/04 19:45:49.049, 22680, 100
2026/08/04 19:45:50.049, 22680, 100
2026/08/04 19:45:51.049, 22680, 100
2026/08/04 19:45:52.050, 22680, 100
2026/08/04 19:45:53.050, 22680, 100
2026/08/04 19:45:54.050, 22680, 100
2026/08/04 19:45:55.051, 22680, 100
2026/08/04 19:45:56.051, 22680, 100
2026/08/04 19:45:57.051, 22680, 100
2026/08/04 19:45:58.051, 22680, 100
2026/08/04 19:45:59.052, 22680, 100
2026/08/04 19:46:00.052, 22680, 100
2026/08/04 19:46:01.052, 22680, 69
2026/08/04 19:46:02.053, 22680, 100
2026/08/04 19:46:03.053, 22680, 100
2026/08/04 19:46:04.053, 22680, 100
2026/08/04 19:46:05.054, 22680, 100
2026/08/04 19:46:06.054, 22680, 100
2026/08/04 19:46:07.054, 22680, 100
2026/08/04 19:46:08.055, 22680, 100
2026/08/04 19:46:09.055, 22680, 100
2026/08/04 19:46:10.055, 22680, 100
2026/08/04 19:46:11.056, 22680, 100
2026/08/04 19:46:12.057, 22680, 99
2026/08/04 19:46:13.057, 22680, 85
2026/08/04 19:46:14.057, 22680, 100
2026/08/04 19:46:15.057, 22680, 100
2026/08/04 19:46:16.058, 22680, 83
2026/08/04 19:46:17.058, 22680, 100
2026/08/04 19:46:18.059, 22680, 100
2026/08/04 19:46:19.059, 22680, 100
2026/08/04 19:46:20.059, 22680, 85
2026/08/04 19:46:21.061, 22680, 96
2026/08/04 19:46:22.061, 22680, 100
2026/08/04 19:46:23.061, 22680, 100
2026/08/04 19:46:24.061, 22680, 100
2026/08/04 19:46:25.062, 22680, 100
2026/08/04 19:46:26.062, 22680, 100
2026/08/04 19:46:27.063, 22680, 100
2026/08/04 19:46:28.063, 22680, 100
2026/08/04 19:46:29.063, 22680, 100
2026/08/04 19:46:30.064, 22680, 100
2026/08/04 19:46:31.064, 22680, 82
2026/08/04 19:46:32.064, 22680, 82
2026/08/04 19:46:33.065, 22680, 84
2026/08/04 19:46:34.065, 22680, 86
2026/08/04 19:46:35.065, 22680, 100
2026/08/04 19:46:36.066, 22680, 100
2026/08/04 19:46:37.066, 22680, 100
2026/08/04 19:46:38.066, 22680, 100
2026/08/04 19:46:39.067, 22680, 100
2026/08/04 19:46:40.067, 22680, 100
2026/08/04 19:46:41.067, 22680, 100
2026/08/04 19:46:42.068, 22680, 100
2026/08/04 19:46:43.068, 22680, 100
2026/08/04 19:46:44.068, 22680, 100
2026/08/04 19:46:45.069, 22680, 100
2026/08/04 19:46:46.069, 22680, 100
2026/08/04 19:46:47.069, 22680, 100
2026/08/04 19:46:48.070, 22680, 84
2026/08/04 19:46:49.070, 22680, 100
2026/08/04 19:46:50.070, 22680, 100
2026/08/04 19:46:51.070, 22680, 100
2026/08/04 19:46:52.071, 22680, 100
2026/08/04 19:46:53.071, 22680, 100
2026/08/04 19:46:54.071, 22680, 99
2026/08/04 19:46:55.072, 22680, 89
2026/08/04 19:46:56.072, 22680, 100
2026/08/04 19:46:57.072, 22680, 100
2026/08/04 19:46:58.073, 22680, 84
2026/08/04 19:46:59.073, 22680, 85
2026/08/04 19:47:00.073, 22680, 100
2026/08/04 19:47:01.073, 22680, 100
2026/08/04 19:47:02.074, 22680, 100
2026/08/04 19:47:03.074, 22680, 100
2026/08/04 19:47:04.074, 22680, 100
2026/08/04 19:47:05.075, 22680, 100
2026/08/04 19:47:06.075, 22680, 100
2026/08/04 19:47:07.075, 22680, 100
2026/08/04 19:47:08.076, 22680, 100
2026/08/04 19:47:09.076, 22680, 100
2026/08/04 19:47:10.076, 22680, 100
2026/08/04 19:47:11.077, 22680, 87
2026/08/04 19:47:12.077, 22680, 100
2026/08/04 19:47:13.078, 22680, 100
2026/08/04 19:47:14.078, 22680, 100
2026/08/04 19:47:15.078, 22680, 100
2026/08/04 19:47:16.078, 22680, 100
2026/08/04 19:47:17.079, 22680, 100
2026/08/04 19:47:18.079, 22680, 100
2026/08/04 19:47:19.079, 22680, 100
2026/08/04 19:47:20.080, 22680, 100
2026/08/04 19:47:21.080, 22680, 100
2026/08/04 19:47:22.081, 22680, 100
2026/08/04 19:47:23.081, 22680, 85
2026/08/04 19:47:24.081, 22680, 73
2026/08/04 19:47:25.081, 22680, 100
2026/08/04 19:47:26.082, 22680, 100
2026/08/04 19:47:27.083, 22680, 100
2026/08/04 19:47:28.083, 22680, 100
2026/08/04 19:47:29.083, 22680, 100
2026/08/04 19:47:30.083, 22680, 84
2026/08/04 19:47:31.087, 22680, 84
2026/08/04 19:47:32.087, 22680, 100
2026/08/04 19:47:33.088, 22680, 100
2026/08/04 19:47:34.088, 22680, 100
2026/08/04 19:47:35.088, 22680, 100
2026/08/04 19:47:36.089, 22680, 100
2026/08/04 19:47:37.089, 22680, 100
2026/08/04 19:47:38.089, 22680, 81
2026/08/04 19:47:39.090, 22680, 100
2026/08/04 19:47:40.090, 22680, 100
2026/08/04 19:47:41.090, 22680, 100
2026/08/04 19:47:42.090, 22680, 100
2026/08/04 19:47:43.091, 22680, 100
2026/08/04 19:47:44.091, 22680, 81
2026/08/04 19:47:45.091, 22680, 100
2026/08/04 19:47:46.092, 22680, 100
2026/08/04 19:47:47.092, 22680, 100
2026/08/04 19:47:48.092, 22680, 100
2026/08/04 19:47:49.092, 22680, 100
2026/08/04 19:47:50.093, 22680, 98
2026/08/04 19:47:51.097, 22680, 100
2026/08/04 19:47:52.097, 22680, 100
2026/08/04 19:47:53.098, 22680, 82
2026/08/04 19:47:54.098, 22680, 82
2026/08/04 19:47:55.098, 22680, 100
2026/08/04 19:47:56.098, 22680, 100
2026/08/04 19:47:57.099, 22680, 100
2026/08/04 19:47:58.099, 22680, 100
2026/08/04 19:47:59.099, 22680, 100
2026/08/04 19:48:00.100, 22680, 100
2026/08/04 19:48:01.100, 22680, 100
2026/08/04 19:48:02.100, 22680, 100
2026/08/04 19:48:03.100, 22680, 100
2026/08/04 19:48:04.101, 22680, 100
2026/08/04 19:48:05.101, 22680, 100
2026/08/04 19:48:06.101, 22680, 100
2026/08/04 19:48:07.101, 22680, 100
2026/08/04 19:48:08.102, 22680, 100
2026/08/04 19:48:09.102, 22680, 100
2026/08/04 19:48:10.102, 22680, 100
2026/08/04 19:48:11.103, 22680, 100
2026/08/04 19:48:12.103, 22680, 100
2026/08/04 19:48:13.104, 22680, 100
2026/08/04 19:48:14.104, 22680, 100
2026/08/04 19:48:15.104, 22680, 100
2026/08/04 19:48:16.105, 22680, 100
2026/08/04 19:48:17.105, 22680, 100
2026/08/04 19:48:18.105, 22680, 100
2026/08/04 19:48:19.106, 22680, 100
2026/08/04 19:48:20.106, 22680, 100
2026/08/04 19:48:21.106, 22680, 100
2026/08/04 19:48:22.107, 22680, 100
2026/08/04 19:48:23.107, 22680, 100
2026/08/04 19:48:24.107, 22680, 100
2026/08/04 19:48:25.108, 22680, 100
2026/08/04 19:48:26.110, 22680, 87
2026/08/04 19:48:27.110, 22680, 100
2026/08/04 19:48:28.110, 22680, 100
2026/08/04 19:48:29.111, 22680, 100
2026/08/04 19:48:30.111, 22680, 100
2026/08/04 19:48:31.111, 22680, 83
2026/08/04 19:48:32.111, 22680, 100
2026/08/04 19:48:33.112, 22680, 100
2026/08/04 19:48:34.112, 22680, 71
2026/08/04 19:48:35.112, 22680, 100
2026/08/04 19:48:36.113, 22680, 100
2026/08/04 19:48:37.113, 22680, 100
2026/08/04 19:48:38.113, 22680, 100
2026/08/04 19:48:39.113, 22680, 100
2026/08/04 19:48:40.114, 22680, 100
2026/08/04 19:48:41.114, 22680, 100
2026/08/04 19:48:42.114, 22680, 84
2026/08/04 19:48:43.115, 22680, 100
2026/08/04 19:48:44.115, 22680, 100
2026/08/04 19:48:45.115, 22680, 100
2026/08/04 19:48:46.115, 22680, 100
2026/08/04 19:48:47.116, 22680, 100
2026/08/04 19:48:48.116, 22680, 100
2026/08/04 19:48:49.116, 22680, 100
2026/08/04 19:48:50.117, 22680, 100
2026/08/04 19:48:51.117, 22680, 100
2026/08/04 19:48:52.117, 22680, 80
2026/08/04 19:48:53.118, 22680, 91
2026/08/04 19:48:54.118, 22680, 70
2026/08/04 19:48:55.118, 22680, 91
2026/08/04 19:48:56.120, 22680, 88
2026/08/04 19:48:57.120, 22680, 100
2026/08/04 19:48:58.120, 22680, 100
2026/08/04 19:48:59.121, 22680, 100
2026/08/04 19:49:00.121, 22680, 100
2026/08/04 19:49:01.121, 22680, 84
2026/08/04 19:49:02.121, 22680, 100
2026/08/04 19:49:03.122, 22680, 100
2026/08/04 19:49:04.122, 22680, 88
2026/08/04 19:49:05.122, 22680, 100
2026/08/04 19:49:06.122, 22680, 100
2026/08/04 19:49:07.123, 22680, 98
2026/08/04 19:49:08.123, 22680, 100
2026/08/04 19:49:09.123, 22680, 100
2026/08/04 19:49:10.123, 22680, 81
2026/08/04 19:49:11.124, 22680, 100
2026/08/04 19:49:12.124, 22680, 100
2026/08/04 19:49:13.124, 22680, 100
2026/08/04 19:49:14.124, 22680, 100
2026/08/04 19:49:15.125, 22680, 83
2026/08/04 19:49:16.125, 22680, 100
2026/08/04 19:49:17.125, 22680, 100
2026/08/04 19:49:18.126, 22680, 84
2026/08/04 19:49:19.126, 22680, 100
2026/08/04 19:49:20.126, 22680, 100
2026/08/04 19:49:21.126, 22680, 100
2026/08/04 19:49:22.127, 22680, 100
2026/08/04 19:49:23.127, 22680, 100
2026/08/04 19:49:24.127, 22680, 100
2026/08/04 19:49:25.128, 22680, 100
2026/08/04 19:49:26.128, 22680, 100
2026/08/04 19:49:27.128, 22680, 100
2026/08/04 19:49:28.129, 22680, 100
2026/08/04 19:49:29.129, 22680, 100
2026/08/04 19:49:30.129, 22680, 100
2026/08/04 19:49:31.129, 22680, 100
2026/08/04 19:49:32.130, 22680, 100
2026/08/04 19:49:33.130, 22680, 100
2026/08/04 19:49:34.130, 22680, 100
2026/08/04 19:49:35.131, 22680, 100
2026/08/04 19:49:36.131, 22680, 100
2026/08/04 19:49:37.131, 22680, 100
2026/08/04 19:49:38.132, 22680, 100
2026/08/04 19:49:39.132, 22680, 100
2026/08/04 19:49:40.132, 22680, 100
2026/08/04 19:49:41.133, 22680, 78
2026/08/04 19:49:42.133, 22680, 100
2026/08/04 19:49:43.133, 22680, 100
2026/08/04 19:49:44.133, 22680, 100
2026/08/04 19:49:45.134, 22680, 100
2026/08/04 19:49:46.134, 22680, 100
2026/08/04 19:49:47.134, 22680, 81
2026/08/04 19:49:48.135, 22680, 100
2026/08/04 19:49:49.135, 22680, 100
2026/08/04 19:49:50.135, 22680, 100
2026/08/04 19:49:51.135, 22680, 100
2026/08/04 19:49:52.136, 22680, 100
2026/08/04 19:49:53.136, 22680, 82
2026/08/04 19:49:54.136, 22680, 100
2026/08/04 19:49:55.137, 22680, 100
2026/08/04 19:49:56.137, 22680, 100
2026/08/04 19:49:57.137, 22680, 100
2026/08/04 19:49:58.137, 22680, 100
2026/08/04 19:49:59.138, 22680, 100
2026/08/04 19:50:00.138, 22680, 100
2026/08/04 19:50:01.138, 22680, 100
2026/08/04 19:50:02.139, 22680, 100
2026/08/04 19:50:03.139, 22680, 71
2026/08/04 19:50:04.139, 22680, 100
2026/08/04 19:50:05.139, 22680, 100
2026/08/04 19:50:06.140, 22680, 100
2026/08/04 19:50:07.140, 22680, 85
2026/08/04 19:50:08.140, 22680, 100
2026/08/04 19:50:09.141, 22680, 100
2026/08/04 19:50:10.141, 22680, 100
2026/08/04 19:50:11.141, 22680, 100
2026/08/04 19:50:12.142, 22680, 100
2026/08/04 19:50:13.142, 22680, 100
2026/08/04 19:50:14.142, 22680, 100
2026/08/04 19:50:15.142, 22680, 100
2026/08/04 19:50:16.143, 22680, 100
2026/08/04 19:50:17.143, 22680, 100
2026/08/04 19:50:18.143, 22680, 83
2026/08/04 19:50:19.144, 22680, 100
2026/08/04 19:50:20.144, 22680, 100
2026/08/04 19:50:21.144, 22680, 100
2026/08/04 19:50:22.144, 22680, 100
2026/08/04 19:50:23.145, 22680, 100
2026/08/04 19:50:24.145, 22680, 100
2026/08/04 19:50:25.145, 22680, 100
2026/08/04 19:50:26.146, 22680, 100
2026/08/04 19:50:27.146, 22680, 100
2026/08/04 19:50:28.146, 22680, 100
2026/08/04 19:50:29.147, 22680, 100
2026/08/04 19:50:30.147, 22680, 86
2026/08/04 19:50:31.147, 22680, 100
2026/08/04 19:50:32.148, 22680, 100
2026/08/04 19:50:33.148, 22680, 100
2026/08/04 19:50:34.149, 22680, 100
2026/08/04 19:50:35.149, 22680, 100
2026/08/04 19:50:36.149, 22680, 100
2026/08/04 19:50:37.150, 22680, 100
2026/08/04 19:50:38.150, 22680, 100
2026/08/04 19:50:39.150, 22680, 88
2026/08/04 19:50:40.151, 22680, 84
2026/08/04 19:50:41.151, 22680, 100
2026/08/04 19:50:42.151, 22680, 100
2026/08/04 19:50:43.151, 22680, 100
2026/08/04 19:50:44.152, 22680, 100
2026/08/04 19:50:45.152, 22680, 100
2026/08/04 19:50:46.152, 22680, 100
2026/08/04 19:50:47.153, 22680, 85
2026/08/04 19:50:48.153, 22680, 100
2026/08/04 19:50:49.153, 22680, 73
2026/08/04 19:50:50.153, 22680, 100
2026/08/04 19:50:51.154, 22680, 100
2026/08/04 19:50:52.154, 22680, 100
2026/08/04 19:50:53.154, 22680, 100
2026/08/04 19:50:54.155, 22680, 100
2026/08/04 19:50:55.155, 22680, 94
2026/08/04 19:50:56.155, 22680, 90
2026/08/04 19:50:57.156, 22680, 100
2026/08/04 19:50:58.156, 22680, 100
2026/08/04 19:50:59.156, 22680, 100
2026/08/04 19:51:00.157, 22680, 100
2026/08/04 19:51:01.157, 22680, 84
2026/08/04 19:51:02.158, 22680, 100
2026/08/04 19:51:03.158, 22680, 100
2026/08/04 19:51:04.158, 22680, 77
2026/08/04 19:51:05.159, 22680, 100
2026/08/04 19:51:06.159, 22680, 100
2026/08/04 19:51:07.159, 22680, 100
2026/08/04 19:51:08.160, 22680, 100
2026/08/04 19:51:09.160, 22680, 81
2026/08/04 19:51:10.160, 22680, 100
2026/08/04 19:51:11.161, 22680, 100
2026/08/04 19:51:12.161, 22680, 100
2026/08/04 19:51:13.162, 22680, 83
2026/08/04 19:51:14.162, 22680, 84
2026/08/04 19:51:15.162, 22680, 100
2026/08/04 19:51:16.162, 22680, 85
2026/08/04 19:51:17.163, 22680, 100
2026/08/04 19:51:18.163, 22680, 100
2026/08/04 19:51:19.163, 22680, 100
2026/08/04 19:51:20.164, 22680, 100
2026/08/04 19:51:21.164, 22680, 100
2026/08/04 19:51:22.164, 22680, 84
2026/08/04 19:51:23.165, 22680, 100
2026/08/04 19:51:24.165, 22680, 100
2026/08/04 19:51:25.165, 22680, 100
2026/08/04 19:51:26.165, 22680, 81
2026/08/04 19:51:27.166, 22680, 98
2026/08/04 19:51:28.166, 22680, 100
2026/08/04 19:51:29.166, 22680, 100
2026/08/04 19:51:30.167, 22680, 100
2026/08/04 19:51:31.167, 22680, 100
2026/08/04 19:51:32.167, 22680, 100
2026/08/04 19:51:33.168, 22680, 100
2026/08/04 19:51:34.168, 22680, 100
2026/08/04 19:51:35.168, 22680, 100
2026/08/04 19:51:36.168, 22680, 100
2026/08/04 19:51:37.169, 22680, 100
2026/08/04 19:51:38.169, 22680, 100
2026/08/04 19:51:39.169, 22680, 100
2026/08/04 19:51:40.170, 22680, 100
2026/08/04 19:51:41.170, 22680, 100
2026/08/04 19:51:42.170, 22680, 100
2026/08/04 19:51:43.170, 22680, 100
2026/08/04 19:51:44.171, 22680, 84
2026/08/04 19:51:45.171, 22680, 100
2026/08/04 19:51:46.171, 22680, 100
2026/08/04 19:51:47.172, 22680, 100
2026/08/04 19:51:48.172, 22680, 100
2026/08/04 19:51:49.172, 22680, 100
2026/08/04 19:51:50.172, 22680, 100
2026/08/04 19:51:51.173, 22680, 100
2026/08/04 19:51:52.173, 22680, 85
2026/08/04 19:51:53.173, 22680, 100
2026/08/04 19:51:54.173, 22680, 100
2026/08/04 19:51:55.174, 22680, 100
2026/08/04 19:51:56.174, 22680, 100
2026/08/04 19:51:57.174, 22680, 100
2026/08/04 19:51:58.174, 22680, 100
2026/08/04 19:51:59.175, 22680, 100
2026/08/04 19:52:00.175, 22680, 71
2026/08/04 19:52:01.175, 22680, 82
2026/08/04 19:52:02.176, 22680, 100
2026/08/04 19:52:03.176, 22680, 100
2026/08/04 19:52:04.176, 22680, 100
2026/08/04 19:52:05.176, 22680, 100
2026/08/04 19:52:06.177, 22680, 100
2026/08/04 19:52:07.177, 22680, 94
2026/08/04 19:52:08.177, 22680, 100
2026/08/04 19:52:09.177, 22680, 100
2026/08/04 19:52:10.178, 22680, 100
2026/08/04 19:52:11.178, 22680, 100
2026/08/04 19:52:12.178, 22680, 86
2026/08/04 19:52:13.179, 22680, 100
2026/08/04 19:52:14.179, 22680, 84
2026/08/04 19:52:15.179, 22680, 100
2026/08/04 19:52:16.179, 22680, 100
2026/08/04 19:52:17.180, 22680, 100
2026/08/04 19:52:18.180, 22680, 100
2026/08/04 19:52:19.180, 22680, 100
2026/08/04 19:52:20.180, 22680, 100
2026/08/04 19:52:21.181, 22680, 100
2026/08/04 19:52:22.181, 22680, 85
2026/08/04 19:52:23.181, 22680, 100
2026/08/04 19:52:24.182, 22680, 100
2026/08/04 19:52:25.182, 22680, 100
2026/08/04 19:52:26.182, 22680, 100
2026/08/04 19:52:27.182, 22680, 100
2026/08/04 19:52:28.183, 22680, 100
2026/08/04 19:52:29.183, 22680, 100
2026/08/04 19:52:30.183, 22680, 100
2026/08/04 19:52:31.184, 22680, 100
2026/08/04 19:52:32.184, 22680, 100
2026/08/04 19:52:33.184, 22680, 83
2026/08/04 19:52:34.185, 22680, 100
2026/08/04 19:52:35.185, 22680, 84
2026/08/04 19:52:36.185, 22680, 100
2026/08/04 19:52:37.185, 22680, 100
2026/08/04 19:52:38.186, 22680, 100
2026/08/04 19:52:39.186, 22680, 100
2026/08/04 19:52:40.186, 22680, 100
2026/08/04 19:52:41.187, 22680, 72
2026/08/04 19:52:42.187, 22680, 100
2026/08/04 19:52:43.187, 22680, 100
2026/08/04 19:52:44.188, 22680, 98
2026/08/04 19:52:45.188, 22680, 71
2026/08/04 19:52:46.188, 22680, 100
2026/08/04 19:52:47.189, 22680, 100
2026/08/04 19:52:48.189, 22680, 100
2026/08/04 19:52:49.189, 22680, 100
2026/08/04 19:52:50.190, 22680, 84
2026/08/04 19:52:51.190, 22680, 100
2026/08/04 19:52:52.190, 22680, 100
2026/08/04 19:52:53.191, 22680, 100
2026/08/04 19:52:54.191, 22680, 100
2026/08/04 19:52:55.191, 22680, 100
2026/08/04 19:52:56.192, 22680, 100
2026/08/04 19:52:57.192, 22680, 100
2026/08/04 19:52:58.192, 22680, 100
2026/08/04 19:52:59.193, 22680, 100
2026/08/04 19:53:00.193, 22680, 100
2026/08/04 19:53:01.193, 22680, 100
2026/08/04 19:53:02.194, 22680, 100
2026/08/04 19:53:03.194, 22680, 100
2026/08/04 19:53:04.194, 22680, 100
2026/08/04 19:53:05.195, 22680, 100
2026/08/04 19:53:06.195, 22680, 100
2026/08/04 19:53:07.195, 22680, 100
2026/08/04 19:53:08.196, 22680, 100
2026/08/04 19:53:09.196, 22680, 100
2026/08/04 19:53:10.196, 22680, 100
2026/08/04 19:53:11.197, 22680, 100
2026/08/04 19:53:12.197, 22680, 96
2026/08/04 19:53:13.197, 22680, 100
2026/08/04 19:53:14.198, 22680, 100
2026/08/04 19:53:15.198, 22680, 69
2026/08/04 19:53:16.198, 22680, 100
2026/08/04 19:53:17.199, 22680, 100
2026/08/04 19:53:18.199, 22680, 100
2026/08/04 19:53:19.199, 22680, 100
2026/08/04 19:53:20.200, 22680, 100
2026/08/04 19:53:21.200, 22680, 93
2026/08/04 19:53:22.200, 22680, 100
2026/08/04 19:53:23.200, 22680, 100
2026/08/04 19:53:24.201, 22680, 85
2026/08/04 19:53:25.201, 22680, 100
2026/08/04 19:53:26.201, 22680, 100
2026/08/04 19:53:27.202, 22680, 69
2026/08/04 19:53:28.202, 22680, 83
2026/08/04 19:53:29.202, 22680, 100
2026/08/04 19:53:30.203, 22680, 100
2026/08/04 19:53:31.203, 22680, 100
2026/08/04 19:53:32.203, 22680, 100
2026/08/04 19:53:33.204, 22680, 92
2026/08/04 19:53:34.204, 22680, 100
2026/08/04 19:53:35.204, 22680, 93
2026/08/04 19:53:36.204, 22680, 100
2026/08/04 19:53:37.205, 22680, 100
2026/08/04 19:53:38.205, 22680, 100
2026/08/04 19:53:39.205, 22680, 100
2026/08/04 19:53:40.206, 22680, 100
2026/08/04 19:53:41.206, 22680, 100
2026/08/04 19:53:42.206, 22680, 86
2026/08/04 19:53:43.207, 22680, 100
2026/08/04 19:53:44.207, 22680, 100
2026/08/04 19:53:45.207, 22680, 100
2026/08/04 19:53:46.208, 22680, 78
2026/08/04 19:53:47.208, 22680, 100
2026/08/04 19:53:48.208, 22680, 100
2026/08/04 19:53:49.209, 22680, 84
2026/08/04 19:53:50.209, 22680, 100
2026/08/04 19:53:51.209, 22680, 100
2026/08/04 19:53:52.209, 22680, 100
2026/08/04 19:53:53.210, 22680, 86
2026/08/04 19:53:54.210, 22680, 100
2026/08/04 19:53:55.210, 22680, 100
2026/08/04 19:53:56.211, 22680, 100
2026/08/04 19:53:57.211, 22680, 100
2026/08/04 19:53:58.211, 22680, 100
2026/08/04 19:53:59.211, 22680, 100
2026/08/04 19:54:00.212, 22680, 100
2026/08/04 19:54:01.212, 22680, 100
2026/08/04 19:54:02.213, 22680, 100
2026/08/04 19:54:03.213, 22680, 100
2026/08/04 19:54:04.213, 22680, 100
2026/08/04 19:54:05.214, 22680, 84
2026/08/04 19:54:06.214, 22680, 84
2026/08/04 19:54:07.214, 22680, 100
2026/08/04 19:54:08.215, 22680, 100
2026/08/04 19:54:09.215, 22680, 84
2026/08/04 19:54:10.215, 22680, 85
2026/08/04 19:54:11.216, 22680, 100
2026/08/04 19:54:12.216, 22680, 85
2026/08/04 19:54:13.216, 22680, 100
2026/08/04 19:54:14.217, 22680, 100
2026/08/04 19:54:15.217, 22680, 100
2026/08/04 19:54:16.217, 22680, 89
2026/08/04 19:54:17.218, 22680, 100
2026/08/04 19:54:18.218, 22680, 100
2026/08/04 19:54:19.218, 22680, 100
2026/08/04 19:54:20.219, 22680, 100
2026/08/04 19:54:21.219, 22680, 100
2026/08/04 19:54:22.219, 22680, 100
2026/08/04 19:54:23.219, 22680, 100
2026/08/04 19:54:24.220, 22680, 100
2026/08/04 19:54:25.220, 22680, 100
2026/08/04 19:54:26.220, 22680, 100
2026/08/04 19:54:27.221, 22680, 100
2026/08/04 19:54:28.221, 22680, 100
2026/08/04 19:54:29.222, 22680, 100
2026/08/04 19:54:30.222, 22680, 100
2026/08/04 19:54:31.222, 22680, 100
2026/08/04 19:54:32.223, 22680, 100
2026/08/04 19:54:33.223, 22680, 100
2026/08/04 19:54:34.223, 22680, 100
2026/08/04 19:54:35.224, 22680, 100
2026/08/04 19:54:36.224, 22680, 100
2026/08/04 19:54:37.224, 22680, 100
2026/08/04 19:54:38.225, 22680, 100
2026/08/04 19:54:39.225, 22680, 95
2026/08/04 19:54:40.225, 22680, 100
2026/08/04 19:54:41.226, 22680, 100
2026/08/04 19:54:42.226, 22680, 100
2026/08/04 19:54:43.227, 22680, 83
2026/08/04 19:54:44.227, 22680, 85
2026/08/04 19:54:45.227, 22680, 100
2026/08/04 19:54:46.228, 22680, 100
2026/08/04 19:54:47.228, 22680, 100
2026/08/04 19:54:48.228, 22680, 100
2026/08/04 19:54:49.229, 22680, 100
2026/08/04 19:54:50.229, 22680, 100
2026/08/04 19:54:51.229, 22680, 100
2026/08/04 19:54:52.230, 22680, 100
2026/08/04 19:54:53.230, 22680, 100
2026/08/04 19:54:54.231, 22680, 100
2026/08/04 19:54:55.231, 22680, 100
2026/08/04 19:54:56.232, 22680, 100
2026/08/04 19:54:57.232, 22680, 100
2026/08/04 19:54:58.232, 22680, 100
2026/08/04 19:54:59.232, 22680, 100
2026/08/04 19:55:00.233, 22680, 100
2026/08/04 19:55:01.233, 22680, 81
2026/08/04 19:55:02.233, 22680, 100
2026/08/04 19:55:03.234, 22680, 100
2026/08/04 19:55:04.234, 22680, 77
2026/08/04 19:55:05.234, 22680, 90
2026/08/04 19:55:06.234, 22680, 100
2026/08/04 19:55:07.235, 22680, 100
2026/08/04 19:55:08.235, 22680, 100
2026/08/04 19:55:09.235, 22680, 95
2026/08/04 19:55:10.236, 22680, 84
2026/08/04 19:55:11.236, 22680, 100
2026/08/04 19:55:12.236, 22680, 100
2026/08/04 19:55:13.237, 22680, 100
2026/08/04 19:55:14.237, 22680, 100
2026/08/04 19:55:15.237, 22680, 100
2026/08/04 19:55:16.238, 22680, 100
2026/08/04 19:55:17.238, 22680, 100
2026/08/04 19:55:18.238, 22680, 100
2026/08/04 19:55:19.239, 22680, 84
2026/08/04 19:55:20.239, 22680, 100
2026/08/04 19:55:21.239, 22680, 83
2026/08/04 19:55:22.239, 22680, 100
2026/08/04 19:55:23.240, 22680, 100
2026/08/04 19:55:24.240, 22680, 100
2026/08/04 19:55:25.241, 22680, 100
2026/08/04 19:55:26.241, 22680, 100
2026/08/04 19:55:27.241, 22680, 84
2026/08/04 19:55:28.242, 22680, 96
2026/08/04 19:55:29.242, 22680, 100
2026/08/04 19:55:30.242, 22680, 100
2026/08/04 19:55:31.243, 22680, 95
2026/08/04 19:55:32.243, 22680, 100
2026/08/04 19:55:33.243, 22680, 100
2026/08/04 19:55:34.244, 22680, 100
2026/08/04 19:55:35.244, 22680, 100
2026/08/04 19:55:36.244, 22680, 72
2026/08/04 19:55:37.245, 22680, 100
2026/08/04 19:55:38.245, 22680, 100
2026/08/04 19:55:39.245, 22680, 98
2026/08/04 19:55:40.246, 22680, 82
2026/08/04 19:55:41.246, 22680, 100
2026/08/04 19:55:42.246, 22680, 100
2026/08/04 19:55:43.247, 22680, 100
2026/08/04 19:55:44.247, 22680, 100
2026/08/04 19:55:45.247, 22680, 100
2026/08/04 19:55:46.248, 22680, 100
2026/08/04 19:55:47.248, 22680, 100
2026/08/04 19:55:48.248, 22680, 100
2026/08/04 19:55:49.249, 22680, 100
2026/08/04 19:55:50.249, 22680, 100
2026/08/04 19:55:51.249, 22680, 100
2026/08/04 19:55:52.250, 22680, 100
2026/08/04 19:55:53.250, 22680, 67
2026/08/04 19:55:54.250, 22680, 100
2026/08/04 19:55:55.251, 22680, 100
2026/08/04 19:55:56.251, 22680, 100
2026/08/04 19:55:57.252, 22680, 100
2026/08/04 19:55:58.252, 22680, 85
2026/08/04 19:55:59.252, 22680, 97
2026/08/04 19:56:00.253, 22680, 100
2026/08/04 19:56:01.253, 22680, 100
2026/08/04 19:56:02.253, 22680, 100
2026/08/04 19:56:03.254, 22680, 100
2026/08/04 19:56:04.254, 22680, 100
2026/08/04 19:56:05.254, 22680, 100
2026/08/04 19:56:06.255, 22680, 100
2026/08/04 19:56:07.255, 22680, 100
2026/08/04 19:56:08.256, 22680, 100
2026/08/04 19:56:09.256, 22680, 83
2026/08/04 19:56:10.256, 22680, 100
2026/08/04 19:56:11.257, 22680, 100
2026/08/04 19:56:12.257, 22680, 100
2026/08/04 19:56:13.257, 22680, 100
2026/08/04 19:56:14.258, 22680, 100
2026/08/04 19:56:15.258, 22680, 100
2026/08/04 19:56:16.258, 22680, 100
2026/08/04 19:56:17.259, 22680, 84
2026/08/04 19:56:18.259, 22680, 100
2026/08/04 19:56:19.259, 22680, 100
2026/08/04 19:56:20.260, 22680, 100
2026/08/04 19:56:21.261, 22680, 100
2026/08/04 19:56:22.261, 22680, 100
2026/08/04 19:56:23.261, 22680, 100
2026/08/04 19:56:24.262, 22680, 82
2026/08/04 19:56:25.262, 22680, 100
2026/08/04 19:56:26.262, 22680, 100
2026/08/04 19:56:27.263, 22680, 82
2026/08/04 19:56:28.263, 22680, 100
2026/08/04 19:56:29.263, 22680, 100
2026/08/04 19:56:30.264, 22680, 100
2026/08/04 19:56:31.264, 22680, 100
2026/08/04 19:56:32.265, 22680, 100
2026/08/04 19:56:33.265, 22680, 100
2026/08/04 19:56:34.265, 22680, 100
2026/08/04 19:56:35.266, 22680, 100
2026/08/04 19:56:36.266, 22680, 100
2026/08/04 19:56:37.267, 22680, 100
2026/08/04 19:56:38.267, 22680, 100
2026/08/04 19:56:39.267, 22680, 100
2026/08/04 19:56:40.268, 22680, 100
2026/08/04 19:56:41.268, 22680, 100
2026/08/04 19:56:42.268, 22680, 100
2026/08/04 19:56:43.269, 22680, 100
2026/08/04 19:56:44.269, 22680, 100
2026/08/04 19:56:45.269, 22680, 100
2026/08/04 19:56:46.270, 22680, 100
2026/08/04 19:56:47.270, 22680, 85
2026/08/04 19:56:48.270, 22680, 100
2026/08/04 19:56:49.271, 22680, 85
2026/08/04 19:56:50.271, 22680, 100
2026/08/04 19:56:51.271, 22680, 100
2026/08/04 19:56:52.272, 22680, 99
2026/08/04 19:56:53.272, 22680, 100
2026/08/04 19:56:54.272, 22680, 100
2026/08/04 19:56:55.273, 22680, 100
2026/08/04 19:56:56.273, 22680, 100
2026/08/04 19:56:57.274, 22680, 100
2026/08/04 19:56:58.274, 22680, 100
2026/08/04 19:56:59.275, 22680, 100
2026/08/04 19:57:00.275, 22680, 88
2026/08/04 19:57:01.275, 22680, 100
2026/08/04 19:57:02.276, 22680, 100
2026/08/04 19:57:03.276, 22680, 100
2026/08/04 19:57:04.276, 22680, 100
2026/08/04 19:57:05.277, 22680, 85
2026/08/04 19:57:06.277, 22680, 81
2026/08/04 19:57:07.278, 22680, 100
2026/08/04 19:57:08.278, 22680, 100
2026/08/04 19:57:09.278, 22680, 81
2026/08/04 19:57:10.279, 22680, 99
2026/08/04 19:57:11.279, 22680, 100
2026/08/04 19:57:12.280, 22680, 100
2026/08/04 19:57:13.280, 22680, 100
2026/08/04 19:57:14.281, 22680, 100
2026/08/04 19:57:15.281, 22680, 100
2026/08/04 19:57:16.281, 22680, 100
2026/08/04 19:57:17.282, 22680, 100
2026/08/04 19:57:18.282, 22680, 100
2026/08/04 19:57:19.283, 22680, 100
2026/08/04 19:57:20.283, 22680, 100
2026/08/04 19:57:21.283, 22680, 100
2026/08/04 19:57:22.284, 22680, 100
2026/08/04 19:57:23.284, 22680, 100
2026/08/04 19:57:24.285, 22680, 100
2026/08/04 19:57:25.285, 22680, 100
2026/08/04 19:57:26.285, 22680, 100
2026/08/04 19:57:27.286, 22680, 100
2026/08/04 19:57:28.286, 22680, 100
2026/08/04 19:57:29.287, 22680, 100
2026/08/04 19:57:30.287, 22680, 100
2026/08/04 19:57:31.288, 22680, 100
2026/08/04 19:57:32.288, 22680, 100
2026/08/04 19:57:33.288, 22680, 100
2026/08/04 19:57:34.289, 22680, 100
2026/08/04 19:57:35.289, 22680, 100
2026/08/04 19:57:36.290, 22680, 100
2026/08/04 19:57:37.290, 22680, 99
2026/08/04 19:57:38.291, 22680, 100
2026/08/04 19:57:39.291, 22680, 100
2026/08/04 19:57:40.291, 22680, 100
2026/08/04 19:57:41.292, 22680, 100
2026/08/04 19:57:42.292, 22680, 100
2026/08/04 19:57:43.292, 22680, 100
2026/08/04 19:57:44.293, 22680, 100
2026/08/04 19:57:45.293, 22680, 85
2026/08/04 19:57:46.294, 22680, 100
2026/08/04 19:57:47.294, 22680, 100
2026/08/04 19:57:48.295, 22680, 100
2026/08/04 19:57:49.295, 22680, 100
2026/08/04 19:57:50.295, 22680, 100
2026/08/04 19:57:51.296, 22680, 100
2026/08/04 19:57:52.296, 22680, 100
2026/08/04 19:57:53.296, 22680, 100
2026/08/04 19:57:54.297, 22680, 100
2026/08/04 19:57:55.297, 22680, 97
2026/08/04 19:57:56.298, 22680, 0
2026/08/04 19:57:57.298, 22680, 6
2026/08/04 19:57:58.298, 22680, 0
2026/08/04 19:57:59.299, 22680, 100
2026/08/04 19:58:00.299, 22680, 100
2026/08/04 19:58:01.299, 22680, 100
2026/08/04 19:58:02.300, 22680, 100
2026/08/04 19:58:03.300, 22680, 100
2026/08/04 19:58:04.300, 22680, 100
2026/08/04 19:58:05.301, 22680, 100
2026/08/04 19:58:06.301, 22680, 100
2026/08/04 19:58:07.301, 22680, 97
2026/08/04 19:58:08.302, 22680, 100
2026/08/04 19:58:09.302, 22680, 100
2026/08/04 19:58:10.302, 22680, 100
2026/08/04 19:58:11.303, 22680, 100
2026/08/04 19:58:12.303, 22680, 100
2026/08/04 19:58:13.303, 22680, 100
2026/08/04 19:58:14.303, 22680, 100
2026/08/04 19:58:15.304, 22680, 100
2026/08/04 19:58:16.304, 22680, 100
2026/08/04 19:58:17.304, 22680, 100
2026/08/04 19:58:18.304, 22680, 100
2026/08/04 19:58:19.305, 22680, 100
2026/08/04 19:58:20.305, 22680, 84
2026/08/04 19:58:21.305, 22680, 100
2026/08/04 19:58:22.306, 22680, 100
2026/08/04 19:58:23.306, 22680, 100
2026/08/04 19:58:24.306, 22680, 100
2026/08/04 19:58:25.306, 22680, 73
2026/08/04 19:58:26.307, 22680, 100
2026/08/04 19:58:27.307, 22680, 100
2026/08/04 19:58:28.307, 22680, 100
2026/08/04 19:58:29.308, 22680, 100
2026/08/04 19:58:30.308, 22680, 83
2026/08/04 19:58:31.308, 22680, 85
2026/08/04 19:58:32.309, 22680, 84
2026/08/04 19:58:33.309, 22680, 100
2026/08/04 19:58:34.309, 22680, 100
2026/08/04 19:58:35.309, 22680, 100
2026/08/04 19:58:36.310, 22680, 96
2026/08/04 19:58:37.310, 22680, 84
2026/08/04 19:58:38.310, 22680, 100
2026/08/04 19:58:39.311, 22680, 100
2026/08/04 19:58:40.311, 22680, 100
2026/08/04 19:58:41.311, 22680, 100
2026/08/04 19:58:42.312, 22680, 100
2026/08/04 19:58:43.312, 22680, 100
2026/08/04 19:58:44.312, 22680, 100
2026/08/04 19:58:45.313, 22680, 100
2026/08/04 19:58:46.313, 22680, 100
2026/08/04 19:58:47.313, 22680, 100
2026/08/04 19:58:48.314, 22680, 100
2026/08/04 19:58:49.314, 22680, 100
2026/08/04 19:58:50.315, 22680, 100
2026/08/04 19:58:51.315, 22680, 84
2026/08/04 19:58:52.315, 22680, 84
2026/08/04 19:58:53.316, 22680, 100
2026/08/04 19:58:54.316, 22680, 84
2026/08/04 19:58:55.317, 22680, 100
2026/08/04 19:58:56.317, 22680, 100
2026/08/04 19:58:57.317, 22680, 100
2026/08/04 19:58:58.318, 22680, 100
2026/08/04 19:58:59.318, 22680, 100
2026/08/04 19:59:00.318, 22680, 100
2026/08/04 19:59:01.319, 22680, 100
2026/08/04 19:59:02.319, 22680, 100
2026/08/04 19:59:03.319, 22680, 84
2026/08/04 19:59:04.319, 22680, 100
2026/08/04 19:59:05.320, 22680, 100
2026/08/04 19:59:06.320, 22680, 100
2026/08/04 19:59:07.320, 22680, 84
2026/08/04 19:59:08.321, 22680, 100
2026/08/04 19:59:09.321, 22680, 100
2026/08/04 19:59:10.321, 22680, 100
2026/08/04 19:59:11.321, 22680, 91
2026/08/04 19:59:12.322, 22680, 100
2026/08/04 19:59:13.322, 22680, 100
2026/08/04 19:59:14.322, 22680, 100
2026/08/04 19:59:15.323, 22680, 100
2026/08/04 19:59:16.323, 22680, 100
2026/08/04 19:59:17.323, 22680, 100
2026/08/04 19:59:18.324, 22680, 100
2026/08/04 19:59:19.324, 22680, 100
2026/08/04 19:59:20.324, 22680, 82
2026/08/04 19:59:21.324, 22680, 100
2026/08/04 19:59:22.325, 22680, 84
2026/08/04 19:59:23.325, 22680, 100
2026/08/04 19:59:24.325, 22680, 100
2026/08/04 19:59:25.326, 22680, 85
2026/08/04 19:59:26.326, 22680, 99
2026/08/04 19:59:27.327, 22680, 100
2026/08/04 19:59:28.327, 22680, 100
2026/08/04 19:59:29.327, 22680, 100
2026/08/04 19:59:30.327, 22680, 100
2026/08/04 19:59:31.328, 22680, 100
2026/08/04 19:59:32.328, 22680, 100
2026/08/04 19:59:33.328, 22680, 98
2026/08/04 19:59:34.329, 22680, 85
2026/08/04 19:59:35.329, 22680, 100
2026/08/04 19:59:36.329, 22680, 100
2026/08/04 19:59:37.330, 22680, 86
2026/08/04 19:59:38.330, 22680, 84
2026/08/04 19:59:39.330, 22680, 84
2026/08/04 19:59:40.330, 22680, 100
2026/08/04 19:59:41.331, 22680, 100
2026/08/04 19:59:42.331, 22680, 84
2026/08/04 19:59:43.331, 22680, 100
2026/08/04 19:59:44.332, 22680, 100
2026/08/04 19:59:45.332, 22680, 83
2026/08/04 19:59:46.332, 22680, 100
2026/08/04 19:59:47.333, 22680, 100
2026/08/04 19:59:48.333, 22680, 100
2026/08/04 19:59:49.333, 22680, 100
2026/08/04 19:59:50.334, 22680, 100
2026/08/04 19:59:51.334, 22680, 100
2026/08/04 19:59:52.335, 22680, 83
2026/08/04 19:59:53.335, 22680, 100
2026/08/04 19:59:54.335, 22680, 100
2026/08/04 19:59:55.336, 22680, 84
2026/08/04 19:59:56.336, 22680, 100
2026/08/04 19:59:57.336, 22680, 100
2026/08/04 19:59:58.337, 22680, 100
2026/08/04 19:59:59.337, 22680, 100
2026/08/04 20:00:00.338, 22680, 100
2026/08/04 20:00:01.338, 22680, 100
2026/08/04 20:00:02.338, 22680, 100
2026/08/04 20:00:03.339, 22680, 100
2026/08/04 20:00:04.339, 22680, 100
2026/08/04 20:00:05.339, 22680, 100
2026/08/04 20:00:06.340, 22680, 88
2026/08/04 20:00:07.340, 22680, 94
2026/08/04 20:00:08.340, 22680, 100
2026/08/04 20:00:09.341, 22680, 100
2026/08/04 20:00:10.341, 22680, 100
2026/08/04 20:00:11.341, 22680, 100
2026/08/04 20:00:12.341, 22680, 73
2026/08/04 20:00:13.342, 22680, 100
2026/08/04 20:00:14.342, 22680, 100
2026/08/04 20:00:15.342, 22680, 100
2026/08/04 20:00:16.343, 22680, 100
2026/08/04 20:00:17.343, 22680, 100
2026/08/04 20:00:18.343, 22680, 100
2026/08/04 20:00:19.343, 22680, 100
2026/08/04 20:00:20.344, 22680, 100
2026/08/04 20:00:21.344, 22680, 83
2026/08/04 20:00:22.344, 22680, 100
2026/08/04 20:00:23.345, 22680, 100
2026/08/04 20:00:24.345, 22680, 100
2026/08/04 20:00:25.345, 22680, 100
2026/08/04 20:00:26.346, 22680, 100
2026/08/04 20:00:27.346, 22680, 100
2026/08/04 20:00:28.346, 22680, 92
2026/08/04 20:00:29.346, 22680, 100
2026/08/04 20:00:30.347, 22680, 100
2026/08/04 20:00:31.347, 22680, 93
2026/08/04 20:00:32.347, 22680, 100
2026/08/04 20:00:33.348, 22680, 100
2026/08/04 20:00:34.348, 22680, 100
2026/08/04 20:00:35.348, 22680, 100
2026/08/04 20:00:36.349, 22680, 100
2026/08/04 20:00:37.349, 22680, 100
2026/08/04 20:00:38.349, 22680, 100
2026/08/04 20:00:39.349, 22680, 84
2026/08/04 20:00:40.350, 22680, 87
2026/08/04 20:00:41.350, 22680, 100
2026/08/04 20:00:42.350, 22680, 100
2026/08/04 20:00:43.351, 22680, 100
2026/08/04 20:00:44.351, 22680, 100
2026/08/04 20:00:45.351, 22680, 88
2026/08/04 20:00:46.352, 22680, 100
2026/08/04 20:00:47.352, 22680, 100
2026/08/04 20:00:48.352, 22680, 100
2026/08/04 20:00:49.353, 22680, 100
2026/08/04 20:00:50.353, 22680, 100
2026/08/04 20:00:51.353, 22680, 100
2026/08/04 20:00:52.354, 22680, 100
2026/08/04 20:00:53.354, 22680, 100
2026/08/04 20:00:54.354, 22680, 100
2026/08/04 20:00:55.355, 22680, 85
2026/08/04 20:00:56.355, 22680, 100
2026/08/04 20:00:57.355, 22680, 100
2026/08/04 20:00:58.356, 22680, 100
2026/08/04 20:00:59.356, 22680, 100
2026/08/04 20:01:00.356, 22680, 87
2026/08/04 20:01:01.357, 22680, 100
2026/08/04 20:01:02.357, 22680, 100
2026/08/04 20:01:03.357, 22680, 100
2026/08/04 20:01:04.357, 22680, 100
2026/08/04 20:01:05.358, 22680, 100
2026/08/04 20:01:06.358, 22680, 100
2026/08/04 20:01:07.358, 22680, 100
2026/08/04 20:01:08.359, 22680, 100
2026/08/04 20:01:09.359, 22680, 100
2026/08/04 20:01:10.359, 22680, 100
2026/08/04 20:01:11.360, 22680, 100
2026/08/04 20:01:12.360, 22680, 100
2026/08/04 20:01:13.360, 22680, 100
2026/08/04 20:01:14.361, 22680, 100
2026/08/04 20:01:15.361, 22680, 100
2026/08/04 20:01:16.361, 22680, 100
2026/08/04 20:01:17.361, 22680, 100
2026/08/04 20:01:18.362, 22680, 100
2026/08/04 20:01:19.362, 22680, 84
2026/08/04 20:01:20.362, 22680, 82
2026/08/04 20:01:21.363, 22680, 100
2026/08/04 20:01:22.363, 22680, 100
2026/08/04 20:01:23.363, 22680, 100
2026/08/04 20:01:24.363, 22680, 84
2026/08/04 20:01:25.364, 22680, 83
2026/08/04 20:01:26.365, 22680, 100
2026/08/04 20:01:27.367, 22680, 100
2026/08/04 20:01:28.368, 22680, 100
2026/08/04 20:01:29.368, 22680, 100
2026/08/04 20:01:30.368, 22680, 100
2026/08/04 20:01:31.368, 22680, 100
2026/08/04 20:01:32.368, 22680, 100
2026/08/04 20:01:33.369, 22680, 100
2026/08/04 20:01:34.369, 22680, 100
2026/08/04 20:01:35.369, 22680, 100
2026/08/04 20:01:36.369, 22680, 100
2026/08/04 20:01:37.370, 22680, 100
2026/08/04 20:01:38.370, 22680, 100
2026/08/04 20:01:39.370, 22680, 81
2026/08/04 20:01:40.371, 22680, 100
2026/08/04 20:01:41.371, 22680, 100
2026/08/04 20:01:42.371, 22680, 100
2026/08/04 20:01:43.371, 22680, 100
2026/08/04 20:01:44.372, 22680, 100
2026/08/04 20:01:45.372, 22680, 100
2026/08/04 20:01:46.372, 22680, 100
2026/08/04 20:01:47.373, 22680, 82
2026/08/04 20:01:48.373, 22680, 100
2026/08/04 20:01:49.373, 22680, 100
2026/08/04 20:01:50.373, 22680, 100
2026/08/04 20:01:51.374, 22680, 100
2026/08/04 20:01:52.374, 22680, 100
2026/08/04 20:01:53.374, 22680, 100
2026/08/04 20:01:54.375, 22680, 99
2026/08/04 20:01:55.375, 22680, 100
2026/08/04 20:01:56.375, 22680, 100
2026/08/04 20:01:57.375, 22680, 100
2026/08/04 20:01:58.376, 22680, 100
2026/08/04 20:01:59.376, 22680, 100
2026/08/04 20:02:00.376, 22680, 68
2026/08/04 20:02:01.377, 22680, 100
2026/08/04 20:02:02.377, 22680, 100
2026/08/04 20:02:03.377, 22680, 85
2026/08/04 20:02:04.377, 22680, 100
2026/08/04 20:02:05.378, 22680, 100
2026/08/04 20:02:06.378, 22680, 100
2026/08/04 20:02:07.378, 22680, 100
2026/08/04 20:02:08.379, 22680, 100
2026/08/04 20:02:09.379, 22680, 82
2026/08/04 20:02:10.379, 22680, 84
2026/08/04 20:02:11.380, 22680, 100
2026/08/04 20:02:12.380, 22680, 100
2026/08/04 20:02:13.380, 22680, 100
2026/08/04 20:02:14.380, 22680, 100
2026/08/04 20:02:15.381, 22680, 100
2026/08/04 20:02:16.381, 22680, 100
2026/08/04 20:02:17.382, 22680, 100
2026/08/04 20:02:18.382, 22680, 100
2026/08/04 20:02:19.382, 22680, 100
2026/08/04 20:02:20.383, 22680, 100
2026/08/04 20:02:21.383, 22680, 100
2026/08/04 20:02:22.383, 22680, 100
2026/08/04 20:02:23.383, 22680, 100
2026/08/04 20:02:24.384, 22680, 100
2026/08/04 20:02:25.384, 22680, 100
2026/08/04 20:02:26.384, 22680, 100
2026/08/04 20:02:27.386, 22680, 100
2026/08/04 20:02:28.386, 22680, 100
2026/08/04 20:02:29.387, 22680, 100
2026/08/04 20:02:30.387, 22680, 100
2026/08/04 20:02:31.387, 22680, 100
2026/08/04 20:02:32.388, 22680, 100
2026/08/04 20:02:33.388, 22680, 100
2026/08/04 20:02:34.388, 22680, 100
2026/08/04 20:02:35.388, 22680, 100
2026/08/04 20:02:36.389, 22680, 100
2026/08/04 20:02:37.389, 22680, 100
2026/08/04 20:02:38.389, 22680, 100
2026/08/04 20:02:39.390, 22680, 100
2026/08/04 20:02:40.390, 22680, 100
2026/08/04 20:02:41.390, 22680, 100
2026/08/04 20:02:42.391, 22680, 100
2026/08/04 20:02:43.391, 22680, 100
2026/08/04 20:02:44.391, 22680, 100
2026/08/04 20:02:45.391, 22680, 100
2026/08/04 20:02:46.392, 22680, 100
2026/08/04 20:02:47.392, 22680, 100
2026/08/04 20:02:48.392, 22680, 100
2026/08/04 20:02:49.393, 22680, 100
2026/08/04 20:02:50.393, 22680, 100
2026/08/04 20:02:51.393, 22680, 100
2026/08/04 20:02:52.393, 22680, 100
2026/08/04 20:02:53.394, 22680, 100
2026/08/04 20:02:54.394, 22680, 72
2026/08/04 20:02:55.394, 22680, 100
2026/08/04 20:02:56.394, 22680, 100
2026/08/04 20:02:57.395, 22680, 100
2026/08/04 20:02:58.395, 22680, 100
2026/08/04 20:02:59.395, 22680, 100
2026/08/04 20:03:00.396, 22680, 71
2026/08/04 20:03:01.396, 22680, 100
2026/08/04 20:03:02.396, 22680, 100
2026/08/04 20:03:03.396, 22680, 100
2026/08/04 20:03:04.397, 22680, 100
2026/08/04 20:03:05.397, 22680, 100
2026/08/04 20:03:06.397, 22680, 72
2026/08/04 20:03:07.398, 22680, 100
2026/08/04 20:03:08.398, 22680, 100
2026/08/04 20:03:09.398, 22680, 100
2026/08/04 20:03:10.399, 22680, 100
2026/08/04 20:03:11.399, 22680, 100
2026/08/04 20:03:12.399, 22680, 100
2026/08/04 20:03:13.399, 22680, 100
2026/08/04 20:03:14.400, 22680, 100
2026/08/04 20:03:15.400, 22680, 100
2026/08/04 20:03:16.400, 22680, 100
2026/08/04 20:03:17.401, 22680, 100
2026/08/04 20:03:18.401, 22680, 100
2026/08/04 20:03:19.401, 22680, 100
2026/08/04 20:03:20.402, 22680, 100
2026/08/04 20:03:21.402, 22680, 86
2026/08/04 20:03:22.402, 22680, 100
2026/08/04 20:03:23.402, 22680, 100
2026/08/04 20:03:24.403, 22680, 100
2026/08/04 20:03:25.403, 22680, 100
2026/08/04 20:03:26.403, 22680, 100
2026/08/04 20:03:27.405, 22680, 100
2026/08/04 20:03:28.405, 22680, 100
2026/08/04 20:03:29.405, 22680, 100
2026/08/04 20:03:30.406, 22680, 100
2026/08/04 20:03:31.406, 22680, 100
2026/08/04 20:03:32.406, 22680, 100
2026/08/04 20:03:33.406, 22680, 82
2026/08/04 20:03:34.407, 22680, 100
2026/08/04 20:03:35.407, 22680, 100
2026/08/04 20:03:36.407, 22680, 100
2026/08/04 20:03:37.408, 22680, 100
2026/08/04 20:03:38.408, 22680, 100
2026/08/04 20:03:39.408, 22680, 100
2026/08/04 20:03:40.408, 22680, 100
2026/08/04 20:03:41.409, 22680, 100
2026/08/04 20:03:42.409, 22680, 100
2026/08/04 20:03:43.409, 22680, 100
2026/08/04 20:03:44.410, 22680, 100
2026/08/04 20:03:45.410, 22680, 100
2026/08/04 20:03:46.410, 22680, 100
2026/08/04 20:03:47.410, 22680, 100
2026/08/04 20:03:48.411, 22680, 100
2026/08/04 20:03:49.411, 22680, 100
2026/08/04 20:03:50.411, 22680, 100
2026/08/04 20:03:51.412, 22680, 100
2026/08/04 20:03:52.412, 22680, 100
2026/08/04 20:03:53.412, 22680, 100
2026/08/04 20:03:54.412, 22680, 100
2026/08/04 20:03:55.413, 22680, 81
2026/08/04 20:03:56.413, 22680, 100
2026/08/04 20:03:57.413, 22680, 100
2026/08/04 20:03:58.414, 22680, 100
2026/08/04 20:03:59.414, 22680, 100
2026/08/04 20:04:00.414, 22680, 100
2026/08/04 20:04:01.415, 22680, 100
2026/08/04 20:04:02.415, 22680, 100
2026/08/04 20:04:03.415, 22680, 100
2026/08/04 20:04:04.416, 22680, 87
2026/08/04 20:04:05.416, 22680, 100
2026/08/04 20:04:06.416, 22680, 100
2026/08/04 20:04:07.417, 22680, 83
2026/08/04 20:04:08.417, 22680, 100
2026/08/04 20:04:09.417, 22680, 84
2026/08/04 20:04:10.418, 22680, 100
2026/08/04 20:04:11.418, 22680, 84
2026/08/04 20:04:12.419, 22680, 84
2026/08/04 20:04:13.420, 22680, 100
2026/08/04 20:04:14.420, 22680, 100
2026/08/04 20:04:15.420, 22680, 100
2026/08/04 20:04:16.421, 22680, 100
2026/08/04 20:04:17.421, 22680, 100
2026/08/04 20:04:18.421, 22680, 100
2026/08/04 20:04:19.422, 22680, 71
2026/08/04 20:04:20.422, 22680, 100
2026/08/04 20:04:21.422, 22680, 100
2026/08/04 20:04:22.422, 22680, 100
2026/08/04 20:04:23.423, 22680, 100
2026/08/04 20:04:24.423, 22680, 100
2026/08/04 20:04:25.423, 22680, 100
2026/08/04 20:04:26.424, 22680, 100
2026/08/04 20:04:27.424, 22680, 100
2026/08/04 20:04:28.424, 22680, 100
2026/08/04 20:04:29.425, 22680, 100
2026/08/04 20:04:30.425, 22680, 100
2026/08/04 20:04:31.425, 22680, 84
2026/08/04 20:04:32.426, 22680, 100
2026/08/04 20:04:33.426, 22680, 100
2026/08/04 20:04:34.426, 22680, 100
2026/08/04 20:04:35.427, 22680, 100
2026/08/04 20:04:36.427, 22680, 100
2026/08/04 20:04:37.427, 22680, 100
2026/08/04 20:04:38.428, 22680, 100
2026/08/04 20:04:39.428, 22680, 100
2026/08/04 20:04:40.428, 22680, 84
2026/08/04 20:04:41.428, 22680, 100
2026/08/04 20:04:42.429, 22680, 100
2026/08/04 20:04:43.429, 22680, 100
2026/08/04 20:04:44.429, 22680, 100
2026/08/04 20:04:45.430, 22680, 84
2026/08/04 20:04:46.430, 22680, 100
2026/08/04 20:04:47.430, 22680, 100
2026/08/04 20:04:48.430, 22680, 100
2026/08/04 20:04:49.431, 22680, 100
2026/08/04 20:04:50.431, 22680, 100
2026/08/04 20:04:51.431, 22680, 100
2026/08/04 20:04:52.432, 22680, 100
2026/08/04 20:04:53.432, 22680, 100
2026/08/04 20:04:54.432, 22680, 100
2026/08/04 20:04:55.432, 22680, 100
2026/08/04 20:04:56.433, 22680, 100
2026/08/04 20:04:57.433, 22680, 100
2026/08/04 20:04:58.433, 22680, 100
2026/08/04 20:04:59.434, 22680, 100
2026/08/04 20:05:00.434, 22680, 95
2026/08/04 20:05:01.434, 22680, 100
2026/08/04 20:05:02.434, 22680, 100
2026/08/04 20:05:03.435, 22680, 100
2026/08/04 20:05:04.435, 22680, 100
2026/08/04 20:05:05.435, 22680, 100
2026/08/04 20:05:06.436, 22680, 100
2026/08/04 20:05:07.436, 22680, 100
2026/08/04 20:05:08.436, 22680, 100
2026/08/04 20:05:09.436, 22680, 100
2026/08/04 20:05:10.437, 22680, 100
2026/08/04 20:05:11.437, 22680, 82
2026/08/04 20:05:12.437, 22680, 83
2026/08/04 20:05:13.437, 22680, 100
2026/08/04 20:05:14.438, 22680, 100
2026/08/04 20:05:15.438, 22680, 84
2026/08/04 20:05:16.439, 22680, 100
2026/08/04 20:05:17.439, 22680, 100
2026/08/04 20:05:18.439, 22680, 100
2026/08/04 20:05:19.440, 22680, 100
2026/08/04 20:05:20.440, 22680, 100
2026/08/04 20:05:21.440, 22680, 100
2026/08/04 20:05:22.441, 22680, 100
2026/08/04 20:05:23.441, 22680, 85
2026/08/04 20:05:24.441, 22680, 100
2026/08/04 20:05:25.441, 22680, 100
2026/08/04 20:05:26.442, 22680, 84
2026/08/04 20:05:27.442, 22680, 100
2026/08/04 20:05:28.442, 22680, 100
2026/08/04 20:05:29.443, 22680, 97
2026/08/04 20:05:30.443, 22680, 100
2026/08/04 20:05:31.443, 22680, 100
2026/08/04 20:05:32.443, 22680, 100
2026/08/04 20:05:33.444, 22680, 100
2026/08/04 20:05:34.444, 22680, 100
2026/08/04 20:05:35.444, 22680, 100
2026/08/04 20:05:36.444, 22680, 85
2026/08/04 20:05:37.445, 22680, 100
2026/08/04 20:05:38.445, 22680, 100
2026/08/04 20:05:39.445, 22680, 100
2026/08/04 20:05:40.446, 22680, 100
2026/08/04 20:05:41.446, 22680, 100
2026/08/04 20:05:42.446, 22680, 100
2026/08/04 20:05:43.447, 22680, 100
2026/08/04 20:05:44.447, 22680, 100
2026/08/04 20:05:45.447, 22680, 100
2026/08/04 20:05:46.448, 22680, 100
2026/08/04 20:05:47.448, 22680, 75
2026/08/04 20:05:48.448, 22680, 100
2026/08/04 20:05:49.449, 22680, 100
2026/08/04 20:05:50.449, 22680, 100
2026/08/04 20:05:51.449, 22680, 82
2026/08/04 20:05:52.449, 22680, 100
2026/08/04 20:05:53.450, 22680, 85
2026/08/04 20:05:54.450, 22680, 83
2026/08/04 20:05:55.451, 22680, 100
2026/08/04 20:05:56.451, 22680, 100
2026/08/04 20:05:57.451, 22680, 100
2026/08/04 20:05:58.452, 22680, 100
2026/08/04 20:05:59.452, 22680, 100
2026/08/04 20:06:00.452, 22680, 100
2026/08/04 20:06:01.452, 22680, 100
2026/08/04 20:06:02.453, 22680, 96
2026/08/04 20:06:03.453, 22680, 73
2026/08/04 20:06:04.453, 22680, 100
2026/08/04 20:06:05.454, 22680, 100
2026/08/04 20:06:06.454, 22680, 100
2026/08/04 20:06:07.454, 22680, 100
2026/08/04 20:06:08.455, 22680, 100
2026/08/04 20:06:09.455, 22680, 100
2026/08/04 20:06:10.455, 22680, 100
2026/08/04 20:06:11.455, 22680, 100
2026/08/04 20:06:12.456, 22680, 100
2026/08/04 20:06:13.456, 22680, 100
2026/08/04 20:06:14.456, 22680, 100
2026/08/04 20:06:15.457, 22680, 100
2026/08/04 20:06:16.457, 22680, 100
2026/08/04 20:06:17.457, 22680, 99
2026/08/04 20:06:18.457, 22680, 100
2026/08/04 20:06:19.458, 22680, 100
2026/08/04 20:06:20.458, 22680, 100
2026/08/04 20:06:21.458, 22680, 100
2026/08/04 20:06:22.459, 22680, 100
2026/08/04 20:06:23.459, 22680, 100
2026/08/04 20:06:24.459, 22680, 100
2026/08/04 20:06:25.460, 22680, 100
2026/08/04 20:06:26.460, 22680, 100
2026/08/04 20:06:27.460, 22680, 100
2026/08/04 20:06:28.461, 22680, 100
2026/08/04 20:06:29.461, 22680, 100
2026/08/04 20:06:30.461, 22680, 86
2026/08/04 20:06:31.461, 22680, 100
2026/08/04 20:06:32.462, 22680, 100
2026/08/04 20:06:33.462, 22680, 100
2026/08/04 20:06:34.462, 22680, 100
2026/08/04 20:06:35.463, 22680, 100
2026/08/04 20:06:36.463, 22680, 100
2026/08/04 20:06:37.463, 22680, 100
2026/08/04 20:06:38.463, 22680, 100
2026/08/04 20:06:39.464, 22680, 100
2026/08/04 20:06:40.464, 22680, 100
2026/08/04 20:06:41.464, 22680, 100
2026/08/04 20:06:42.465, 22680, 100
2026/08/04 20:06:43.465, 22680, 100
2026/08/04 20:06:44.465, 22680, 100
2026/08/04 20:06:45.466, 22680, 98
2026/08/04 20:06:46.466, 22680, 100
2026/08/04 20:06:47.466, 22680, 100
2026/08/04 20:06:48.467, 22680, 99
2026/08/04 20:06:49.467, 22680, 100
2026/08/04 20:06:50.467, 22680, 100
2026/08/04 20:06:51.468, 22680, 100
2026/08/04 20:06:52.468, 22680, 100
2026/08/04 20:06:53.468, 22680, 100
2026/08/04 20:06:54.469, 22680, 100
2026/08/04 20:06:55.469, 22680, 100
2026/08/04 20:06:56.469, 22680, 100
2026/08/04 20:06:57.470, 22680, 100
2026/08/04 20:06:58.470, 22680, 84
2026/08/04 20:06:59.471, 22680, 100
2026/08/04 20:07:00.471, 22680, 100
2026/08/04 20:07:01.471, 22680, 100
2026/08/04 20:07:02.472, 22680, 100
2026/08/04 20:07:03.472, 22680, 100
2026/08/04 20:07:04.472, 22680, 100
2026/08/04 20:07:05.473, 22680, 100
2026/08/04 20:07:06.473, 22680, 100
2026/08/04 20:07:07.473, 22680, 100
2026/08/04 20:07:08.473, 22680, 100
2026/08/04 20:07:09.474, 22680, 100
2026/08/04 20:07:10.474, 22680, 100
2026/08/04 20:07:11.474, 22680, 100
2026/08/04 20:07:12.475, 22680, 100
2026/08/04 20:07:13.475, 22680, 84
2026/08/04 20:07:14.475, 22680, 91
2026/08/04 20:07:15.476, 22680, 100
2026/08/04 20:07:16.476, 22680, 100
2026/08/04 20:07:17.476, 22680, 100
2026/08/04 20:07:18.477, 22680, 100
2026/08/04 20:07:19.477, 22680, 100
2026/08/04 20:07:20.477, 22680, 100
2026/08/04 20:07:21.478, 22680, 100
2026/08/04 20:07:22.478, 22680, 100
2026/08/04 20:07:23.478, 22680, 100
2026/08/04 20:07:24.479, 22680, 100
2026/08/04 20:07:25.479, 22680, 100
2026/08/04 20:07:26.479, 22680, 85
2026/08/04 20:07:27.480, 22680, 100
2026/08/04 20:07:28.480, 22680, 100
2026/08/04 20:07:29.480, 22680, 100
2026/08/04 20:07:30.481, 22680, 100
2026/08/04 20:07:31.481, 22680, 85
2026/08/04 20:07:32.481, 22680, 100
2026/08/04 20:07:33.481, 22680, 100
2026/08/04 20:07:34.482, 22680, 100
2026/08/04 20:07:35.482, 22680, 100
2026/08/04 20:07:36.482, 22680, 100
2026/08/04 20:07:37.483, 22680, 100
2026/08/04 20:07:38.483, 22680, 100
2026/08/04 20:07:39.483, 22680, 100
2026/08/04 20:07:40.484, 22680, 100
2026/08/04 20:07:41.484, 22680, 100
2026/08/04 20:07:42.484, 22680, 100
2026/08/04 20:07:43.485, 22680, 100
2026/08/04 20:07:44.502, 22680, 100
2026/08/04 20:07:45.534, 22680, 100
2026/08/04 20:07:46.563, 22680, 100
2026/08/04 20:07:47.588, 22680, 100
2026/08/04 20:07:48.610, 22680, 100
2026/08/04 20:07:49.630, 22680, 86
2026/08/04 20:07:50.647, 22680, 100
2026/08/04 20:07:51.662, 22680, 100
2026/08/04 20:07:52.676, 22680, 100
2026/08/04 20:07:53.688, 22680, 100
2026/08/04 20:07:54.698, 22680, 85
2026/08/04 20:07:55.707, 22680, 100
2026/08/04 20:07:56.716, 22680, 100
2026/08/04 20:07:57.724, 22680, 100
2026/08/04 20:07:58.731, 22680, 100
2026/08/04 20:07:59.737, 22680, 100
2026/08/04 20:08:00.743, 22680, 100
2026/08/04 20:08:01.748, 22680, 100
2026/08/04 20:08:02.752, 22680, 83
2026/08/04 20:08:03.757, 22680, 100
2026/08/04 20:08:04.760, 22680, 85
2026/08/04 20:08:05.764, 22680, 100
2026/08/04 20:08:06.767, 22680, 100
2026/08/04 20:08:07.769, 22680, 100
2026/08/04 20:08:08.771, 22680, 100
2026/08/04 20:08:09.774, 22680, 100
2026/08/04 20:08:10.776, 22680, 100
2026/08/04 20:08:11.779, 22680, 100
2026/08/04 20:08:12.781, 22680, 100
2026/08/04 20:08:13.784, 22680, 100
2026/08/04 20:08:14.785, 22680, 100
2026/08/04 20:08:15.787, 22680, 96
2026/08/04 20:08:16.788, 22680, 76
2026/08/04 20:08:17.790, 22680, 85
2026/08/04 20:08:18.791, 22680, 100
2026/08/04 20:08:19.793, 22680, 100
2026/08/04 20:08:20.795, 22680, 85
2026/08/04 20:08:21.796, 22680, 100
2026/08/04 20:08:22.797, 22680, 100
2026/08/04 20:08:23.799, 22680, 89
2026/08/04 20:08:24.800, 22680, 100
2026/08/04 20:08:25.802, 22680, 100
2026/08/04 20:08:26.803, 22680, 100
2026/08/04 20:08:27.805, 22680, 100
2026/08/04 20:08:28.806, 22680, 85
2026/08/04 20:08:29.807, 22680, 73
2026/08/04 20:08:30.809, 22680, 85
2026/08/04 20:08:31.810, 22680, 73
2026/08/04 20:08:32.812, 22680, 100
2026/08/04 20:08:33.813, 22680, 100
2026/08/04 20:08:34.815, 22680, 100
2026/08/04 20:08:35.816, 22680, 100
2026/08/04 20:08:36.818, 22680, 100
2026/08/04 20:08:37.819, 22680, 100
2026/08/04 20:08:38.821, 22680, 100
2026/08/04 20:08:39.822, 22680, 100
2026/08/04 20:08:40.824, 22680, 100
2026/08/04 20:08:41.825, 22680, 100
2026/08/04 20:08:42.826, 22680, 100
2026/08/04 20:08:43.828, 22680, 94
2026/08/04 20:08:44.829, 22680, 100
2026/08/04 20:08:45.830, 22680, 100
2026/08/04 20:08:46.832, 22680, 100
2026/08/04 20:08:47.833, 22680, 100
2026/08/04 20:08:48.835, 22680, 100
2026/08/04 20:08:49.835, 22680, 100
2026/08/04 20:08:50.835, 22680, 100
2026/08/04 20:08:51.836, 22680, 100
2026/08/04 20:08:52.836, 22680, 100
2026/08/04 20:08:53.836, 22680, 100
2026/08/04 20:08:54.836, 22680, 100
2026/08/04 20:08:55.837, 22680, 100
2026/08/04 20:08:56.837, 22680, 100
2026/08/04 20:08:57.837, 22680, 100
2026/08/04 20:08:58.838, 22680, 100
2026/08/04 20:08:59.838, 22680, 89
2026/08/04 20:09:00.838, 22680, 100
2026/08/04 20:09:01.838, 22680, 100
2026/08/04 20:09:02.839, 22680, 100
2026/08/04 20:09:03.839, 22680, 100
2026/08/04 20:09:04.839, 22680, 100
2026/08/04 20:09:05.840, 22680, 100
2026/08/04 20:09:06.840, 22680, 100
2026/08/04 20:09:07.840, 22680, 100
2026/08/04 20:09:08.840, 22680, 100
2026/08/04 20:09:09.841, 22680, 100
2026/08/04 20:09:10.841, 22680, 100
2026/08/04 20:09:11.841, 22680, 100
2026/08/04 20:09:12.841, 22680, 100
2026/08/04 20:09:13.842, 22680, 100
2026/08/04 20:09:14.842, 22680, 100
2026/08/04 20:09:15.843, 22680, 100
2026/08/04 20:09:16.843, 22680, 100
2026/08/04 20:09:17.843, 22680, 100
2026/08/04 20:09:18.843, 22680, 100
2026/08/04 20:09:19.844, 22680, 100
2026/08/04 20:09:20.844, 22680, 100
2026/08/04 20:09:21.844, 22680, 87
2026/08/04 20:09:22.863, 22680, 100
2026/08/04 20:09:23.882, 22680, 73
2026/08/04 20:09:24.899, 22680, 100
2026/08/04 20:09:25.913, 22680, 100
2026/08/04 20:09:26.927, 22680, 100
2026/08/04 20:09:27.938, 22680, 100
2026/08/04 20:09:28.949, 22680, 100
2026/08/04 20:09:29.957, 22680, 84
2026/08/04 20:09:30.966, 22680, 100
2026/08/04 20:09:31.973, 22680, 100
2026/08/04 20:09:32.980, 22680, 100
2026/08/04 20:09:33.985, 22680, 100
2026/08/04 20:09:34.991, 22680, 100
2026/08/04 20:09:35.995, 22680, 100
2026/08/04 20:09:37.000, 22680, 100
2026/08/04 20:09:38.003, 22680, 100
2026/08/04 20:09:39.007, 22680, 100
2026/08/04 20:09:40.009, 22680, 100
2026/08/04 20:09:41.013, 22680, 91
2026/08/04 20:09:42.015, 22680, 100
2026/08/04 20:09:43.017, 22680, 100
2026/08/04 20:09:44.020, 22680, 100
2026/08/04 20:09:45.022, 22680, 100
2026/08/04 20:09:46.025, 22680, 100
2026/08/04 20:09:47.026, 22680, 100
2026/08/04 20:09:48.029, 22680, 95
2026/08/04 20:09:49.030, 22680, 100
2026/08/04 20:09:50.032, 22680, 100
2026/08/04 20:09:51.033, 22680, 100
2026/08/04 20:09:52.034, 22680, 100
2026/08/04 20:09:53.036, 22680, 100
2026/08/04 20:09:54.037, 22680, 100
2026/08/04 20:09:55.037, 22680, 100
2026/08/04 20:09:56.038, 22680, 100
2026/08/04 20:09:57.038, 22680, 85
2026/08/04 20:09:58.038, 22680, 100
2026/08/04 20:09:59.039, 22680, 93
2026/08/04 20:10:00.039, 22680, 81
2026/08/04 20:10:01.039, 22680, 92
2026/08/04 20:10:02.039, 22680, 100
2026/08/04 20:10:03.040, 22680, 100
2026/08/04 20:10:04.040, 22680, 100
2026/08/04 20:10:05.040, 22680, 100
2026/08/04 20:10:06.041, 22680, 100
2026/08/04 20:10:07.041, 22680, 94
2026/08/04 20:10:08.041, 22680, 100
2026/08/04 20:10:09.041, 22680, 100
2026/08/04 20:10:10.042, 22680, 100
2026/08/04 20:10:11.042, 22680, 100
2026/08/04 20:10:12.042, 22680, 82
2026/08/04 20:10:13.042, 22680, 100
2026/08/04 20:10:14.043, 22680, 100
2026/08/04 20:10:15.043, 22680, 88
2026/08/04 20:10:16.043, 22680, 100
2026/08/04 20:10:17.043, 22680, 100
2026/08/04 20:10:18.044, 22680, 100
2026/08/04 20:10:19.044, 22680, 100
2026/08/04 20:10:20.044, 22680, 100
2026/08/04 20:10:21.045, 22680, 100
2026/08/04 20:10:22.045, 22680, 100
2026/08/04 20:10:23.045, 22680, 100
2026/08/04 20:10:24.045, 22680, 100
2026/08/04 20:10:25.046, 22680, 100
2026/08/04 20:10:26.046, 22680, 100
2026/08/04 20:10:27.046, 22680, 100
2026/08/04 20:10:28.047, 22680, 97
2026/08/04 20:10:29.047, 22680, 100
2026/08/04 20:10:30.047, 22680, 100
2026/08/04 20:10:31.050, 22680, 100
2026/08/04 20:10:32.050, 22680, 100
2026/08/04 20:10:33.050, 22680, 100
2026/08/04 20:10:34.050, 22680, 100
2026/08/04 20:10:35.051, 22680, 100
2026/08/04 20:10:36.051, 22680, 100
2026/08/04 20:10:37.051, 22680, 100
2026/08/04 20:10:38.051, 22680, 100
2026/08/04 20:10:39.052, 22680, 95
2026/08/04 20:10:40.052, 22680, 100
2026/08/04 20:10:41.053, 22680, 100
2026/08/04 20:10:42.053, 22680, 100
2026/08/04 20:10:43.054, 22680, 100
2026/08/04 20:10:44.054, 22680, 100
2026/08/04 20:10:45.132, 22680, 86
2026/08/04 20:10:46.132, 22680, 100
2026/08/04 20:10:47.132, 22680, 100
2026/08/04 20:10:48.133, 22680, 100
2026/08/04 20:10:49.133, 22680, 100
2026/08/04 20:10:50.133, 22680, 87
2026/08/04 20:10:51.134, 22680, 100
2026/08/04 20:10:52.134, 22680, 100
2026/08/04 20:10:53.134, 22680, 100
2026/08/04 20:10:54.134, 22680, 100
2026/08/04 20:10:55.135, 22680, 70
2026/08/04 20:10:56.135, 22680, 100
2026/08/04 20:10:57.135, 22680, 100
2026/08/04 20:10:58.135, 22680, 100
2026/08/04 20:10:59.136, 22680, 100
2026/08/04 20:11:00.136, 22680, 84
2026/08/04 20:11:01.136, 22680, 100
2026/08/04 20:11:02.137, 22680, 100
2026/08/04 20:11:03.137, 22680, 100
2026/08/04 20:11:04.137, 22680, 87
2026/08/04 20:11:05.137, 22680, 100
2026/08/04 20:11:06.138, 22680, 100
2026/08/04 20:11:07.138, 22680, 100
2026/08/04 20:11:08.138, 22680, 100
2026/08/04 20:11:09.139, 22680, 84
2026/08/04 20:11:10.139, 22680, 97
2026/08/04 20:11:11.139, 22680, 100
2026/08/04 20:11:12.139, 22680, 100
2026/08/04 20:11:13.140, 22680, 100
2026/08/04 20:11:14.140, 22680, 100
2026/08/04 20:11:15.140, 22680, 100
2026/08/04 20:11:16.140, 22680, 85
2026/08/04 20:11:17.141, 22680, 100
2026/08/04 20:11:18.141, 22680, 100
2026/08/04 20:11:19.141, 22680, 100
2026/08/04 20:11:20.142, 22680, 100
2026/08/04 20:11:21.142, 22680, 100
2026/08/04 20:11:22.142, 22680, 100
2026/08/04 20:11:23.143, 22680, 100
2026/08/04 20:11:24.143, 22680, 100
2026/08/04 20:11:25.143, 22680, 100
2026/08/04 20:11:26.143, 22680, 100
2026/08/04 20:11:27.144, 22680, 100
2026/08/04 20:11:28.144, 22680, 100
2026/08/04 20:11:29.144, 22680, 84
2026/08/04 20:11:30.144, 22680, 100
2026/08/04 20:11:31.145, 22680, 100
2026/08/04 20:11:32.145, 22680, 100
2026/08/04 20:11:33.145, 22680, 100
2026/08/04 20:11:34.146, 22680, 85
2026/08/04 20:11:35.146, 22680, 100
2026/08/04 20:11:36.146, 22680, 100
2026/08/04 20:11:37.147, 22680, 100
2026/08/04 20:11:38.147, 22680, 100
2026/08/04 20:11:39.147, 22680, 84
2026/08/04 20:11:40.147, 22680, 100
2026/08/04 20:11:41.148, 22680, 100
2026/08/04 20:11:42.148, 22680, 100
2026/08/04 20:11:43.148, 22680, 83
2026/08/04 20:11:44.149, 22680, 100
2026/08/04 20:11:45.149, 22680, 100
2026/08/04 20:11:46.149, 22680, 89
2026/08/04 20:11:47.150, 22680, 100
2026/08/04 20:11:48.150, 22680, 100
2026/08/04 20:11:49.150, 22680, 82
2026/08/04 20:11:50.150, 22680, 84
2026/08/04 20:11:51.151, 22680, 100
2026/08/04 20:11:52.151, 22680, 100
2026/08/04 20:11:53.151, 22680, 100
2026/08/04 20:11:54.152, 22680, 100
2026/08/04 20:11:55.152, 22680, 100
2026/08/04 20:11:56.152, 22680, 100
2026/08/04 20:11:57.152, 22680, 100
2026/08/04 20:11:58.153, 22680, 82
2026/08/04 20:11:59.153, 22680, 100
2026/08/04 20:12:00.153, 22680, 82
2026/08/04 20:12:01.154, 22680, 88
2026/08/04 20:12:02.154, 22680, 100
2026/08/04 20:12:03.154, 22680, 100
2026/08/04 20:12:04.155, 22680, 100
2026/08/04 20:12:05.155, 22680, 85
2026/08/04 20:12:06.155, 22680, 100
2026/08/04 20:12:07.155, 22680, 100
2026/08/04 20:12:08.156, 22680, 100
2026/08/04 20:12:09.156, 22680, 100
2026/08/04 20:12:10.156, 22680, 100
2026/08/04 20:12:11.157, 22680, 100
2026/08/04 20:12:12.157, 22680, 100
2026/08/04 20:12:13.157, 22680, 100
2026/08/04 20:12:14.158, 22680, 100
2026/08/04 20:12:15.158, 22680, 100
2026/08/04 20:12:16.158, 22680, 100
2026/08/04 20:12:17.158, 22680, 89
2026/08/04 20:12:18.159, 22680, 100
2026/08/04 20:12:19.159, 22680, 100
2026/08/04 20:12:20.166, 22680, 100
2026/08/04 20:12:21.166, 22680, 100
2026/08/04 20:12:22.166, 22680, 100
2026/08/04 20:12:23.167, 22680, 100
2026/08/04 20:12:24.167, 22680, 100
2026/08/04 20:12:25.168, 22680, 100
2026/08/04 20:12:26.168, 22680, 100
2026/08/04 20:12:27.168, 22680, 72
2026/08/04 20:12:28.169, 22680, 100
2026/08/04 20:12:29.169, 22680, 100
2026/08/04 20:12:30.169, 22680, 100
2026/08/04 20:12:31.169, 22680, 100
2026/08/04 20:12:32.169, 22680, 100
2026/08/04 20:12:33.170, 22680, 100
2026/08/04 20:12:34.170, 22680, 100
2026/08/04 20:12:35.170, 22680, 100
2026/08/04 20:12:36.171, 22680, 100
2026/08/04 20:12:37.171, 22680, 100
2026/08/04 20:12:38.171, 22680, 100
2026/08/04 20:12:39.171, 22680, 100
2026/08/04 20:12:40.172, 22680, 100
2026/08/04 20:12:41.172, 22680, 100
2026/08/04 20:12:42.172, 22680, 100
2026/08/04 20:12:43.173, 22680, 100
2026/08/04 20:12:44.173, 22680, 100
2026/08/04 20:12:45.173, 22680, 88
2026/08/04 20:12:46.173, 22680, 89
2026/08/04 20:12:47.174, 22680, 100
2026/08/04 20:12:48.174, 22680, 100
2026/08/04 20:12:49.174, 22680, 94
2026/08/04 20:12:50.175, 22680, 100
2026/08/04 20:12:51.175, 22680, 100
2026/08/04 20:12:52.175, 22680, 68
2026/08/04 20:12:53.176, 22680, 94
2026/08/04 20:12:54.176, 22680, 100
2026/08/04 20:12:55.176, 22680, 100
2026/08/04 20:12:56.176, 22680, 69
2026/08/04 20:12:57.177, 22680, 100
2026/08/04 20:12:58.177, 22680, 100
2026/08/04 20:12:59.177, 22680, 100
2026/08/04 20:13:00.178, 22680, 100
2026/08/04 20:13:01.178, 22680, 93
2026/08/04 20:13:02.178, 22680, 100
2026/08/04 20:13:03.178, 22680, 100
2026/08/04 20:13:04.179, 22680, 100
2026/08/04 20:13:05.179, 22680, 100
2026/08/04 20:13:06.179, 22680, 100
2026/08/04 20:13:07.180, 22680, 100
2026/08/04 20:13:08.180, 22680, 100
2026/08/04 20:13:09.180, 22680, 100
2026/08/04 20:13:10.181, 22680, 100
2026/08/04 20:13:11.181, 22680, 100
2026/08/04 20:13:12.181, 22680, 100
2026/08/04 20:13:13.182, 22680, 100
2026/08/04 20:13:14.182, 22680, 100
2026/08/04 20:13:15.182, 22680, 100
2026/08/04 20:13:16.182, 22680, 100
2026/08/04 20:13:17.183, 22680, 100
2026/08/04 20:13:18.183, 22680, 100
2026/08/04 20:13:19.183, 22680, 100
2026/08/04 20:13:20.183, 22680, 100
2026/08/04 20:13:21.184, 22680, 100
2026/08/04 20:13:22.184, 22680, 100
2026/08/04 20:13:23.184, 22680, 100
2026/08/04 20:13:24.184, 22680, 100
2026/08/04 20:13:25.185, 22680, 100
2026/08/04 20:13:26.185, 22680, 100
2026/08/04 20:13:27.185, 22680, 100
2026/08/04 20:13:28.185, 22680, 100
2026/08/04 20:13:29.186, 22680, 100
2026/08/04 20:13:30.186, 22680, 100
2026/08/04 20:13:31.186, 22680, 82
2026/08/04 20:13:32.186, 22680, 100
2026/08/04 20:13:33.187, 22680, 100
2026/08/04 20:13:34.187, 22680, 100
2026/08/04 20:13:35.187, 22680, 100
2026/08/04 20:13:36.187, 22680, 100
2026/08/04 20:13:37.188, 22680, 100
2026/08/04 20:13:38.188, 22680, 100
2026/08/04 20:13:39.188, 22680, 100
2026/08/04 20:13:40.189, 22680, 100
2026/08/04 20:13:41.189, 22680, 100
2026/08/04 20:13:42.189, 22680, 100
2026/08/04 20:13:43.190, 22680, 100
2026/08/04 20:13:44.190, 22680, 100
2026/08/04 20:13:45.190, 22680, 100
2026/08/04 20:13:46.191, 22680, 100
2026/08/04 20:13:47.191, 22680, 100
2026/08/04 20:13:48.191, 22680, 100
2026/08/04 20:13:49.192, 22680, 100
2026/08/04 20:13:50.192, 22680, 100
2026/08/04 20:13:51.192, 22680, 100
2026/08/04 20:13:52.313, 22680, 70
2026/08/04 20:13:53.313, 22680, 100
2026/08/04 20:13:54.313, 22680, 100
2026/08/04 20:13:55.314, 22680, 100
2026/08/04 20:13:56.314, 22680, 100
2026/08/04 20:13:57.314, 22680, 100
2026/08/04 20:13:58.315, 22680, 73
2026/08/04 20:13:59.316, 22680, 100
2026/08/04 20:14:00.316, 22680, 100
2026/08/04 20:14:01.316, 22680, 100
2026/08/04 20:14:02.317, 22680, 85
2026/08/04 20:14:03.317, 22680, 100
2026/08/04 20:14:04.317, 22680, 100
2026/08/04 20:14:05.317, 22680, 100
2026/08/04 20:14:06.318, 22680, 100
2026/08/04 20:14:07.318, 22680, 100
2026/08/04 20:14:08.318, 22680, 100
2026/08/04 20:14:09.319, 22680, 100
2026/08/04 20:14:10.319, 22680, 100
2026/08/04 20:14:11.319, 22680, 100
2026/08/04 20:14:12.320, 22680, 100
2026/08/04 20:14:13.320, 22680, 100
2026/08/04 20:14:14.320, 22680, 100
2026/08/04 20:14:15.321, 22680, 100
2026/08/04 20:14:16.321, 22680, 100
2026/08/04 20:14:17.321, 22680, 100
2026/08/04 20:14:18.322, 22680, 100
2026/08/04 20:14:19.322, 22680, 100
2026/08/04 20:14:20.322, 22680, 100
2026/08/04 20:14:21.323, 22680, 100
2026/08/04 20:14:22.323, 22680, 84
2026/08/04 20:14:23.323, 22680, 84
2026/08/04 20:14:24.324, 22680, 100
2026/08/04 20:14:25.324, 22680, 100
2026/08/04 20:14:26.324, 22680, 100
2026/08/04 20:14:27.325, 22680, 100
2026/08/04 20:14:28.325, 22680, 100
2026/08/04 20:14:29.325, 22680, 100
2026/08/04 20:14:30.326, 22680, 100
2026/08/04 20:14:31.326, 22680, 100
2026/08/04 20:14:32.326, 22680, 100
2026/08/04 20:14:33.327, 22680, 100
2026/08/04 20:14:34.327, 22680, 100
2026/08/04 20:14:35.327, 22680, 100
2026/08/04 20:14:36.328, 22680, 100
2026/08/04 20:14:37.328, 22680, 100
2026/08/04 20:14:38.328, 22680, 100
2026/08/04 20:14:39.328, 22680, 100
2026/08/04 20:14:40.328, 22680, 100
2026/08/04 20:14:41.329, 22680, 100
2026/08/04 20:14:42.329, 22680, 100
2026/08/04 20:14:43.329, 22680, 100
2026/08/04 20:14:44.329, 22680, 100
2026/08/04 20:14:45.341, 22680, 100
2026/08/04 20:14:46.371, 22680, 73
2026/08/04 20:14:47.397, 22680, 100
2026/08/04 20:14:48.420, 22680, 100
2026/08/04 20:14:49.440, 22680, 100
2026/08/04 20:14:50.457, 22680, 100
2026/08/04 20:14:51.472, 22680, 100
2026/08/04 20:14:52.486, 22680, 100
2026/08/04 20:14:53.498, 22680, 94
2026/08/04 20:14:54.510, 22680, 100
2026/08/04 20:14:55.519, 22680, 100
2026/08/04 20:14:56.528, 22680, 100
2026/08/04 20:14:57.536, 22680, 100
2026/08/04 20:14:58.542, 22680, 100
2026/08/04 20:14:59.549, 22680, 100
2026/08/04 20:15:00.554, 22680, 90
2026/08/04 20:15:01.559, 22680, 89
2026/08/04 20:15:02.563, 22680, 100
2026/08/04 20:15:03.567, 22680, 70
2026/08/04 20:15:04.571, 22680, 100
2026/08/04 20:15:05.574, 22680, 100
2026/08/04 20:15:06.578, 22680, 100
2026/08/04 20:15:07.581, 22682, 100
2026/08/04 20:15:08.583, 22682, 84
2026/08/04 20:15:09.586, 22682, 72
2026/08/04 20:15:10.588, 22682, 100
2026/08/04 20:15:11.590, 22682, 100
2026/08/04 20:15:12.592, 22682, 81
2026/08/04 20:15:13.594, 22682, 100
2026/08/04 20:15:14.597, 22682, 100
2026/08/04 20:15:15.598, 22682, 100
2026/08/04 20:15:16.600, 22682, 100
2026/08/04 20:15:17.601, 22682, 92
2026/08/04 20:15:18.604, 22682, 84
2026/08/04 20:15:19.606, 22682, 100
2026/08/04 20:15:20.609, 22682, 100
2026/08/04 20:15:21.612, 22682, 100
2026/08/04 20:15:22.614, 22682, 100
2026/08/04 20:15:23.616, 22682, 100
2026/08/04 20:15:24.620, 22682, 100
2026/08/04 20:15:25.623, 22682, 100
2026/08/04 20:15:26.625, 22682, 100
2026/08/04 20:15:27.627, 22682, 84
2026/08/04 20:15:28.630, 22682, 100
2026/08/04 20:15:29.632, 22682, 100
2026/08/04 20:15:30.635, 22682, 100
2026/08/04 20:15:31.637, 22682, 100
2026/08/04 20:15:32.638, 22682, 100
2026/08/04 20:15:33.640, 22682, 100
2026/08/04 20:15:34.642, 22682, 100
2026/08/04 20:15:35.643, 22682, 100
2026/08/04 20:15:36.645, 22682, 84
2026/08/04 20:15:37.647, 22682, 100
2026/08/04 20:15:38.648, 22682, 100
2026/08/04 20:15:39.650, 22682, 100
2026/08/04 20:15:40.651, 22682, 100
2026/08/04 20:15:41.652, 22682, 100
2026/08/04 20:15:42.654, 22682, 100
2026/08/04 20:15:43.655, 22682, 100
2026/08/04 20:15:44.657, 22682, 100
2026/08/04 20:15:45.658, 22682, 100
2026/08/04 20:15:46.660, 22682, 100
2026/08/04 20:15:47.661, 22682, 100
2026/08/04 20:15:48.663, 22682, 78
2026/08/04 20:15:49.665, 22682, 100
2026/08/04 20:15:50.666, 22682, 100
2026/08/04 20:15:51.667, 22682, 100
2026/08/04 20:15:52.669, 22682, 100
2026/08/04 20:15:53.670, 22682, 100
2026/08/04 20:15:54.671, 22682, 100
2026/08/04 20:15:55.673, 22682, 100
2026/08/04 20:15:56.674, 22682, 100
2026/08/04 20:15:57.675, 22682, 100
2026/08/04 20:15:58.677, 22682, 100
2026/08/04 20:15:59.678, 22682, 99
2026/08/04 20:16:00.679, 22682, 84
2026/08/04 20:16:01.681, 22682, 100
2026/08/04 20:16:02.682, 22682, 100
2026/08/04 20:16:03.684, 22682, 100
2026/08/04 20:16:04.685, 22682, 100
2026/08/04 20:16:05.686, 22682, 100
2026/08/04 20:16:06.688, 22682, 100
2026/08/04 20:16:07.689, 22682, 100
2026/08/04 20:16:08.690, 22682, 100
2026/08/04 20:16:09.692, 22682, 100
2026/08/04 20:16:10.694, 22682, 100
2026/08/04 20:16:11.695, 22682, 100
2026/08/04 20:16:12.696, 22682, 100
2026/08/04 20:16:13.698, 22682, 93
2026/08/04 20:16:14.699, 22682, 85
2026/08/04 20:16:15.700, 22682, 100
2026/08/04 20:16:16.702, 22682, 84
2026/08/04 20:16:17.703, 22682, 100
2026/08/04 20:16:18.705, 22682, 100
2026/08/04 20:16:19.706, 22682, 82
2026/08/04 20:16:20.707, 22682, 84
2026/08/04 20:16:21.709, 22682, 74
2026/08/04 20:16:22.709, 22682, 100
2026/08/04 20:16:23.709, 22682, 100
2026/08/04 20:16:24.710, 22682, 100
2026/08/04 20:16:25.710, 22682, 100
2026/08/04 20:16:26.711, 22682, 100
2026/08/04 20:16:27.711, 22682, 100
2026/08/04 20:16:28.711, 22682, 83
2026/08/04 20:16:29.711, 22682, 100
2026/08/04 20:16:30.712, 22682, 82
2026/08/04 20:16:31.712, 22682, 100
2026/08/04 20:16:32.712, 22682, 100
2026/08/04 20:16:33.712, 22682, 100
2026/08/04 20:16:34.713, 22682, 99
2026/08/04 20:16:35.713, 22682, 100
2026/08/04 20:16:36.713, 22682, 85
2026/08/04 20:16:37.714, 22682, 100
2026/08/04 20:16:38.714, 22682, 100
2026/08/04 20:16:39.714, 22682, 100
2026/08/04 20:16:40.715, 22682, 100
2026/08/04 20:16:41.715, 22682, 100
2026/08/04 20:16:42.715, 22682, 83
2026/08/04 20:16:43.715, 22682, 100
2026/08/04 20:16:44.716, 22682, 100
2026/08/04 20:16:45.716, 22682, 100
2026/08/04 20:16:46.716, 22682, 100
2026/08/04 20:16:47.716, 22682, 84
2026/08/04 20:16:48.717, 22682, 100
2026/08/04 20:16:49.717, 22682, 100
2026/08/04 20:16:50.717, 22682, 81
2026/08/04 20:16:51.718, 22682, 85
2026/08/04 20:16:52.718, 22682, 100
2026/08/04 20:16:53.718, 22682, 100
2026/08/04 20:16:54.718, 22682, 100
2026/08/04 20:16:55.719, 22682, 100
2026/08/04 20:16:56.719, 22682, 100
2026/08/04 20:16:57.719, 22682, 100
2026/08/04 20:16:58.750, 22682, 100
2026/08/04 20:16:59.750, 22682, 100
2026/08/04 20:17:00.751, 22682, 100
2026/08/04 20:17:01.751, 22682, 100
2026/08/04 20:17:02.751, 22682, 100
2026/08/04 20:17:03.751, 22682, 100
2026/08/04 20:17:04.752, 22682, 100
2026/08/04 20:17:05.752, 22682, 100
2026/08/04 20:17:06.752, 22682, 100
2026/08/04 20:17:07.752, 22682, 100
2026/08/04 20:17:08.753, 22682, 100
2026/08/04 20:17:09.753, 22682, 100
2026/08/04 20:17:10.753, 22682, 100
2026/08/04 20:17:11.754, 22682, 100
2026/08/04 20:17:12.754, 22682, 84
2026/08/04 20:17:13.754, 22682, 100
2026/08/04 20:17:14.755, 22682, 100
2026/08/04 20:17:15.755, 22682, 100
2026/08/04 20:17:16.755, 22682, 100
2026/08/04 20:17:17.756, 22682, 100
2026/08/04 20:17:18.756, 22682, 100
2026/08/04 20:17:19.756, 22682, 100
2026/08/04 20:17:20.756, 22682, 100
2026/08/04 20:17:21.757, 22682, 100
2026/08/04 20:17:22.757, 22682, 87
2026/08/04 20:17:23.757, 22682, 100
2026/08/04 20:17:24.758, 22682, 100
2026/08/04 20:17:25.758, 22682, 92
2026/08/04 20:17:26.758, 22682, 100
2026/08/04 20:17:27.759, 22682, 100
2026/08/04 20:17:28.759, 22682, 100
2026/08/04 20:17:29.759, 22682, 100
2026/08/04 20:17:30.760, 22682, 100
2026/08/04 20:17:31.760, 22682, 100
2026/08/04 20:17:32.760, 22682, 83
2026/08/04 20:17:33.760, 22682, 100
2026/08/04 20:17:34.760, 22682, 100
2026/08/04 20:17:35.761, 22682, 100
2026/08/04 20:17:36.761, 22682, 100
2026/08/04 20:17:37.761, 22682, 100
2026/08/04 20:17:38.762, 22682, 100
2026/08/04 20:17:39.762, 22682, 100
2026/08/04 20:17:40.762, 22682, 100
2026/08/04 20:17:41.762, 22682, 100
2026/08/04 20:17:42.763, 22682, 100
2026/08/04 20:17:43.763, 22682, 100
2026/08/04 20:17:44.763, 22682, 100
2026/08/04 20:17:45.764, 22682, 100
2026/08/04 20:17:46.764, 22682, 100
2026/08/04 20:17:47.765, 22682, 100
2026/08/04 20:17:48.765, 22682, 73
2026/08/04 20:17:49.765, 22682, 86
2026/08/04 20:17:50.765, 22682, 100
2026/08/04 20:17:51.766, 22682, 100
2026/08/04 20:17:52.766, 22682, 85
2026/08/04 20:17:53.767, 22682, 84
2026/08/04 20:17:54.767, 22682, 100
2026/08/04 20:17:55.767, 22682, 100
2026/08/04 20:17:56.767, 22682, 100
2026/08/04 20:17:57.768, 22682, 100
2026/08/04 20:17:58.768, 22682, 100
2026/08/04 20:17:59.768, 22682, 87
2026/08/04 20:18:00.769, 22682, 100
2026/08/04 20:18:01.769, 22682, 97
2026/08/04 20:18:02.769, 22682, 100
2026/08/04 20:18:03.770, 22682, 100
2026/08/04 20:18:04.770, 22682, 100
2026/08/04 20:18:05.770, 22682, 100
2026/08/04 20:18:06.771, 22682, 100
2026/08/04 20:18:07.771, 22682, 100
2026/08/04 20:18:08.771, 22682, 100
2026/08/04 20:18:09.771, 22682, 100
2026/08/04 20:18:10.772, 22682, 100
2026/08/04 20:18:11.772, 22682, 100
2026/08/04 20:18:12.772, 22682, 100
2026/08/04 20:18:13.772, 22682, 100
2026/08/04 20:18:14.773, 22682, 100
2026/08/04 20:18:15.773, 22682, 100
2026/08/04 20:18:16.773, 22682, 100
2026/08/04 20:18:17.773, 22682, 100
2026/08/04 20:18:18.774, 22682, 100
2026/08/04 20:18:19.774, 22682, 100
2026/08/04 20:18:20.774, 22682, 100
2026/08/04 20:18:21.775, 22682, 100
2026/08/04 20:18:22.775, 22682, 100
2026/08/04 20:18:23.775, 22682, 100
2026/08/04 20:18:24.775, 22682, 100
2026/08/04 20:18:25.775, 22682, 100
2026/08/04 20:18:26.776, 22682, 83
2026/08/04 20:18:27.776, 22682, 100
2026/08/04 20:18:28.776, 22682, 100
2026/08/04 20:18:29.776, 22682, 100
2026/08/04 20:18:30.776, 22682, 100
2026/08/04 20:18:31.777, 22682, 100
2026/08/04 20:18:32.777, 22682, 100
2026/08/04 20:18:33.777, 22682, 100
2026/08/04 20:18:34.777, 22682, 83
2026/08/04 20:18:35.777, 22682, 100
2026/08/04 20:18:36.778, 22682, 100
2026/08/04 20:18:37.778, 22682, 100
2026/08/04 20:18:38.778, 22682, 100
2026/08/04 20:18:39.778, 22682, 100
2026/08/04 20:18:40.779, 22682, 100
2026/08/04 20:18:41.779, 22682, 100
2026/08/04 20:18:42.779, 22682, 100
2026/08/04 20:18:43.779, 22682, 100
2026/08/04 20:18:44.780, 22682, 100
2026/08/04 20:18:45.780, 22682, 100
2026/08/04 20:18:46.780, 22682, 81
2026/08/04 20:18:47.780, 22682, 100
2026/08/04 20:18:48.780, 22682, 100
2026/08/04 20:18:49.780, 22682, 100
2026/08/04 20:18:50.781, 22682, 81
2026/08/04 20:18:51.781, 22682, 100
2026/08/04 20:18:52.781, 22682, 100
2026/08/04 20:18:53.781, 22682, 100
2026/08/04 20:18:54.782, 22682, 100
2026/08/04 20:18:55.782, 22682, 100
2026/08/04 20:18:56.782, 22682, 100
2026/08/04 20:18:57.782, 22682, 100
2026/08/04 20:18:58.783, 22682, 100
2026/08/04 20:18:59.783, 22682, 100
2026/08/04 20:19:00.783, 22682, 100
2026/08/04 20:19:01.783, 22682, 100
2026/08/04 20:19:02.784, 22682, 100
2026/08/04 20:19:03.784, 22682, 100
2026/08/04 20:19:04.784, 22682, 100
2026/08/04 20:19:05.785, 22682, 100
2026/08/04 20:19:06.785, 22682, 100
2026/08/04 20:19:07.785, 22682, 100
2026/08/04 20:19:08.786, 22682, 100
2026/08/04 20:19:09.786, 22682, 100
2026/08/04 20:19:10.786, 22682, 100
2026/08/04 20:19:11.786, 22682, 100
2026/08/04 20:19:12.787, 22682, 100
2026/08/04 20:19:13.787, 22682, 100
2026/08/04 20:19:14.787, 22682, 79
2026/08/04 20:19:15.787, 22682, 100
2026/08/04 20:19:16.787, 22682, 100
2026/08/04 20:19:17.788, 22682, 100
2026/08/04 20:19:18.788, 22682, 100
2026/08/04 20:19:19.788, 22682, 100
2026/08/04 20:19:20.788, 22682, 100
2026/08/04 20:19:21.789, 22682, 100
2026/08/04 20:19:22.789, 22682, 100
2026/08/04 20:19:23.789, 22682, 100
2026/08/04 20:19:24.789, 22682, 100
2026/08/04 20:19:25.790, 22682, 100
2026/08/04 20:19:26.790, 22682, 100
2026/08/04 20:19:27.790, 22682, 100
2026/08/04 20:19:28.791, 22682, 100
2026/08/04 20:19:29.791, 22682, 79
2026/08/04 20:19:30.791, 22682, 100
2026/08/04 20:19:31.791, 22682, 100
2026/08/04 20:19:32.792, 22682, 100
2026/08/04 20:19:33.792, 22682, 100
2026/08/04 20:19:34.792, 22682, 100
2026/08/04 20:19:35.793, 22682, 100
2026/08/04 20:19:36.825, 22682, 100
2026/08/04 20:19:37.861, 22682, 94
2026/08/04 20:19:38.893, 22682, 83
2026/08/04 20:19:39.921, 22682, 100
2026/08/04 20:19:40.945, 22682, 100
2026/08/04 20:19:41.966, 22682, 100
2026/08/04 20:19:42.985, 22682, 100
2026/08/04 20:19:44.002, 22682, 100
2026/08/04 20:19:45.017, 22682, 100
2026/08/04 20:19:46.030, 22682, 100
2026/08/04 20:19:47.041, 22682, 100
2026/08/04 20:19:48.052, 22682, 83
2026/08/04 20:19:49.061, 22682, 100
2026/08/04 20:19:50.070, 22682, 100
2026/08/04 20:19:51.078, 22682, 100
2026/08/04 20:19:52.085, 22682, 100
2026/08/04 20:19:53.090, 22682, 100
2026/08/04 20:19:54.096, 22682, 100
2026/08/04 20:19:55.101, 22682, 100
2026/08/04 20:19:56.107, 22682, 100
2026/08/04 20:19:57.112, 22682, 66
2026/08/04 20:19:58.115, 22682, 100
2026/08/04 20:19:59.118, 22682, 100
2026/08/04 20:20:00.122, 22682, 100
2026/08/04 20:20:01.124, 22682, 100
2026/08/04 20:20:02.127, 22682, 100
2026/08/04 20:20:03.129, 22682, 100
2026/08/04 20:20:04.131, 22682, 100
2026/08/04 20:20:05.134, 22682, 100
2026/08/04 20:20:06.136, 22682, 100
2026/08/04 20:20:07.138, 22682, 100
2026/08/04 20:20:08.140, 22682, 100
2026/08/04 20:20:09.140, 22682, 97
2026/08/04 20:20:10.140, 22682, 100
2026/08/04 20:20:11.141, 22682, 84
2026/08/04 20:20:12.141, 22682, 100
2026/08/04 20:20:13.141, 22682, 100
2026/08/04 20:20:14.142, 22682, 85
2026/08/04 20:20:15.142, 22682, 100
2026/08/04 20:20:16.142, 22682, 83
2026/08/04 20:20:17.142, 22682, 100
2026/08/04 20:20:18.143, 22682, 100
2026/08/04 20:20:19.143, 22682, 100
2026/08/04 20:20:20.143, 22682, 100
2026/08/04 20:20:21.144, 22682, 100
2026/08/04 20:20:22.144, 22682, 100
2026/08/04 20:20:23.144, 22682, 100
2026/08/04 20:20:24.145, 22682, 100
2026/08/04 20:20:25.145, 22682, 84
2026/08/04 20:20:26.145, 22682, 100
2026/08/04 20:20:27.146, 22682, 100
2026/08/04 20:20:28.146, 22682, 100
2026/08/04 20:20:29.146, 22682, 100
2026/08/04 20:20:30.147, 22682, 100
2026/08/04 20:20:31.147, 22682, 100
2026/08/04 20:20:32.147, 22682, 100
2026/08/04 20:20:33.148, 22682, 100
2026/08/04 20:20:34.148, 22682, 100
2026/08/04 20:20:35.148, 22682, 100
2026/08/04 20:20:36.148, 22682, 88
2026/08/04 20:20:37.149, 22682, 100
2026/08/04 20:20:38.149, 22682, 100
2026/08/04 20:20:39.149, 22682, 84
2026/08/04 20:20:40.150, 22682, 84
2026/08/04 20:20:41.150, 22682, 100
2026/08/04 20:20:42.150, 22682, 100
2026/08/04 20:20:43.151, 22682, 83
2026/08/04 20:20:44.151, 22682, 100
2026/08/04 20:20:45.151, 22682, 100
2026/08/04 20:20:46.152, 22682, 100
2026/08/04 20:20:47.152, 22682, 100
2026/08/04 20:20:48.152, 22682, 100
2026/08/04 20:20:49.153, 22682, 78
2026/08/04 20:20:50.275, 22682, 100
2026/08/04 20:20:51.276, 22682, 100
2026/08/04 20:20:52.276, 22682, 100
2026/08/04 20:20:53.276, 22682, 100
2026/08/04 20:20:54.277, 22682, 100
2026/08/04 20:20:55.277, 22682, 100
2026/08/04 20:20:56.277, 22682, 100
2026/08/04 20:20:57.277, 22682, 100
2026/08/04 20:20:58.278, 22682, 100
2026/08/04 20:20:59.278, 22682, 84
2026/08/04 20:21:00.278, 22682, 100
2026/08/04 20:21:01.279, 22682, 100
2026/08/04 20:21:02.279, 22682, 100
2026/08/04 20:21:03.279, 22682, 100
2026/08/04 20:21:04.280, 22682, 100
2026/08/04 20:21:05.280, 22682, 100
2026/08/04 20:21:06.280, 22682, 100
2026/08/04 20:21:07.281, 22682, 100
2026/08/04 20:21:08.281, 22682, 100
2026/08/04 20:21:09.281, 22682, 84
2026/08/04 20:21:10.281, 22682, 84
2026/08/04 20:21:11.282, 22682, 100
2026/08/04 20:21:12.282, 22682, 100
2026/08/04 20:21:13.282, 22682, 100
2026/08/04 20:21:14.289, 22682, 85
2026/08/04 20:21:15.311, 22682, 100
2026/08/04 20:21:16.331, 22682, 100
2026/08/04 20:21:17.348, 22682, 100
2026/08/04 20:21:18.364, 22682, 100
2026/08/04 20:21:19.377, 22682, 85
2026/08/04 20:21:20.390, 22682, 100
2026/08/04 20:21:21.400, 22682, 100
2026/08/04 20:21:22.412, 22682, 100
2026/08/04 20:21:23.421, 22682, 100
2026/08/04 20:21:24.429, 22682, 100
2026/08/04 20:21:25.435, 22682, 100
2026/08/04 20:21:26.441, 22682, 98
2026/08/04 20:21:27.447, 22682, 100
2026/08/04 20:21:28.451, 22682, 100
2026/08/04 20:21:29.455, 22682, 100
2026/08/04 20:21:30.460, 22682, 100
2026/08/04 20:21:31.463, 22682, 100
2026/08/04 20:21:32.466, 22682, 100
2026/08/04 20:21:33.470, 22682, 85
2026/08/04 20:21:34.473, 22682, 85
2026/08/04 20:21:35.476, 22682, 100
2026/08/04 20:21:36.478, 22682, 100
2026/08/04 20:21:37.481, 22682, 100
2026/08/04 20:21:38.483, 22682, 100
2026/08/04 20:21:39.486, 22682, 100
2026/08/04 20:21:40.488, 22682, 100
2026/08/04 20:21:41.490, 22682, 100
2026/08/04 20:21:42.491, 22682, 100
2026/08/04 20:21:43.493, 22682, 100
2026/08/04 20:21:44.494, 22682, 72
2026/08/04 20:21:45.496, 22682, 100
2026/08/04 20:21:46.497, 22682, 100
2026/08/04 20:21:47.498, 22682, 100
2026/08/04 20:21:48.498, 22682, 100
2026/08/04 20:21:49.498, 22682, 100
2026/08/04 20:21:50.498, 22682, 100
2026/08/04 20:21:51.499, 22682, 100
2026/08/04 20:21:52.499, 22682, 100
2026/08/04 20:21:53.499, 22682, 100
2026/08/04 20:21:54.499, 22682, 100
2026/08/04 20:21:55.500, 22682, 73
2026/08/04 20:21:56.500, 22682, 100
2026/08/04 20:21:57.500, 22682, 100
2026/08/04 20:21:58.500, 22682, 100
2026/08/04 20:21:59.501, 22682, 100
2026/08/04 20:22:00.501, 22682, 100
2026/08/04 20:22:01.501, 22682, 100
2026/08/04 20:22:02.501, 22682, 100
2026/08/04 20:22:03.502, 22682, 100
2026/08/04 20:22:04.502, 22682, 100
2026/08/04 20:22:05.502, 22682, 100
2026/08/04 20:22:06.502, 22682, 100
2026/08/04 20:22:07.503, 22682, 100
2026/08/04 20:22:08.503, 22682, 100
2026/08/04 20:22:09.503, 22682, 100
2026/08/04 20:22:10.504, 22682, 100
2026/08/04 20:22:11.504, 22682, 100
2026/08/04 20:22:12.504, 22682, 100
2026/08/04 20:22:13.504, 22682, 100
2026/08/04 20:22:14.505, 22682, 100
2026/08/04 20:22:15.505, 22682, 85
2026/08/04 20:22:16.505, 22682, 100
2026/08/04 20:22:17.505, 22682, 100
2026/08/04 20:22:18.506, 22682, 100
2026/08/04 20:22:19.517, 22682, 100
2026/08/04 20:22:20.537, 22682, 100
2026/08/04 20:22:21.553, 22682, 100
2026/08/04 20:22:22.570, 22682, 100
2026/08/04 20:22:23.583, 22682, 92
2026/08/04 20:22:24.595, 22682, 100
2026/08/04 20:22:25.605, 22682, 73
2026/08/04 20:22:26.615, 22682, 100
2026/08/04 20:22:27.622, 22682, 100
2026/08/04 20:22:28.630, 22682, 100
2026/08/04 20:22:29.636, 22682, 100
2026/08/04 20:22:30.642, 22682, 100
2026/08/04 20:22:31.648, 22682, 100
2026/08/04 20:22:32.652, 22682, 100
2026/08/04 20:22:33.657, 22682, 86
2026/08/04 20:22:34.661, 22682, 100
2026/08/04 20:22:35.665, 22682, 100
2026/08/04 20:22:36.668, 22682, 100
2026/08/04 20:22:37.672, 22682, 100
2026/08/04 20:22:38.674, 22682, 100
2026/08/04 20:22:39.677, 22682, 100
2026/08/04 20:22:40.679, 22682, 100
2026/08/04 20:22:41.681, 22682, 100
2026/08/04 20:22:42.683, 22682, 100
2026/08/04 20:22:43.685, 22682, 100
2026/08/04 20:22:44.687, 22682, 100
2026/08/04 20:22:45.688, 22682, 100
2026/08/04 20:22:46.690, 22682, 100
2026/08/04 20:22:47.692, 22682, 100
2026/08/04 20:22:48.693, 22682, 100
2026/08/04 20:22:49.694, 22682, 100
2026/08/04 20:22:50.696, 22682, 100
2026/08/04 20:22:51.697, 22682, 100
2026/08/04 20:22:52.697, 22682, 84
2026/08/04 20:22:53.697, 22682, 100
2026/08/04 20:22:54.698, 22682, 92
2026/08/04 20:22:55.698, 22682, 100
2026/08/04 20:22:56.698, 22682, 100
2026/08/04 20:22:57.698, 22682, 100
2026/08/04 20:22:58.698, 22682, 100
2026/08/04 20:22:59.699, 22682, 100
2026/08/04 20:23:00.699, 22682, 100
2026/08/04 20:23:01.699, 22682, 100
2026/08/04 20:23:02.699, 22682, 100
2026/08/04 20:23:03.699, 22682, 100
2026/08/04 20:23:04.700, 22682, 85
2026/08/04 20:23:05.700, 22682, 84
2026/08/04 20:23:06.700, 22682, 85
2026/08/04 20:23:07.700, 22682, 100
2026/08/04 20:23:08.701, 22682, 100
2026/08/04 20:23:09.701, 22682, 94
2026/08/04 20:23:10.701, 22682, 100
2026/08/04 20:23:11.702, 22682, 100
2026/08/04 20:23:12.702, 22682, 92
2026/08/04 20:23:13.702, 22682, 100
2026/08/04 20:23:14.702, 22682, 100
2026/08/04 20:23:15.702, 22682, 100
2026/08/04 20:23:16.703, 22682, 100
2026/08/04 20:23:17.703, 22682, 100
2026/08/04 20:23:18.703, 22682, 100
2026/08/04 20:23:19.703, 22682, 100
2026/08/04 20:23:20.703, 22682, 83
2026/08/04 20:23:21.704, 22682, 100
2026/08/04 20:23:22.704, 22682, 85
2026/08/04 20:23:23.704, 22682, 100
2026/08/04 20:23:24.712, 22682, 98
2026/08/04 20:23:25.721, 22682, 100
2026/08/04 20:23:26.730, 22682, 100
2026/08/04 20:23:27.737, 22682, 100
2026/08/04 20:23:28.745, 22682, 100
2026/08/04 20:23:29.751, 22682, 100
2026/08/04 20:23:30.757, 22682, 100
2026/08/04 20:23:31.762, 22682, 100
2026/08/04 20:23:32.767, 22682, 100
2026/08/04 20:23:33.771, 22682, 100
2026/08/04 20:23:34.775, 22682, 100
2026/08/04 20:23:35.778, 22682, 100
2026/08/04 20:23:36.782, 22682, 91
2026/08/04 20:23:37.785, 22682, 86
2026/08/04 20:23:38.787, 22682, 100
2026/08/04 20:23:39.790, 22682, 100
2026/08/04 20:23:40.792, 22682, 100
2026/08/04 20:23:41.795, 22682, 70
2026/08/04 20:23:42.796, 22682, 100
2026/08/04 20:23:43.798, 22682, 100
2026/08/04 20:23:44.801, 22682, 100
2026/08/04 20:23:45.802, 22682, 84
2026/08/04 20:23:46.804, 22682, 100
2026/08/04 20:23:47.805, 22682, 85
2026/08/04 20:23:48.807, 22682, 100
2026/08/04 20:23:49.808, 22682, 100
2026/08/04 20:23:50.809, 22682, 26
2026/08/04 20:23:51.811, 22682, 100
2026/08/04 20:23:52.812, 22682, 100
2026/08/04 20:23:53.814, 22682, 0
2026/08/04 20:23:54.815, 22682, 9
2026/08/04 20:23:55.817, 22682, 6
2026/08/04 20:23:56.818, 22682, 100
2026/08/04 20:23:57.818, 22682, 100
2026/08/04 20:23:58.818, 22682, 100
2026/08/04 20:23:59.819, 22682, 100
2026/08/04 20:24:00.819, 22682, 100
2026/08/04 20:24:01.819, 22682, 100
2026/08/04 20:24:02.820, 22682, 100
2026/08/04 20:24:03.820, 22682, 100
2026/08/04 20:24:04.820, 22682, 100
2026/08/04 20:24:05.820, 22682, 100
2026/08/04 20:24:06.821, 22682, 100
2026/08/04 20:24:07.821, 22682, 100
2026/08/04 20:24:08.821, 22682, 100
2026/08/04 20:24:09.822, 22682, 100
2026/08/04 20:24:10.822, 22682, 100
2026/08/04 20:24:11.822, 22682, 100
2026/08/04 20:24:12.823, 22682, 100
2026/08/04 20:24:13.823, 22682, 100
2026/08/04 20:24:14.823, 22682, 100
2026/08/04 20:24:15.823, 22682, 100
2026/08/04 20:24:16.824, 22682, 100
2026/08/04 20:24:17.824, 22682, 100
2026/08/04 20:24:18.824, 22682, 100
2026/08/04 20:24:19.824, 22682, 100
2026/08/04 20:24:20.825, 22682, 96
2026/08/04 20:24:21.825, 22682, 100
2026/08/04 20:24:22.825, 22682, 100
2026/08/04 20:24:23.826, 22682, 100
2026/08/04 20:24:24.826, 22682, 100
2026/08/04 20:24:25.826, 22682, 100
2026/08/04 20:24:26.827, 22682, 72
2026/08/04 20:24:27.827, 22682, 100
2026/08/04 20:24:28.827, 22682, 85
2026/08/04 20:24:29.829, 22682, 84
2026/08/04 20:24:30.836, 22682, 100
2026/08/04 20:24:31.844, 22682, 100
2026/08/04 20:24:32.850, 22682, 100
2026/08/04 20:24:33.857, 22682, 100
2026/08/04 20:24:34.862, 22682, 100
2026/08/04 20:24:35.867, 22682, 88
2026/08/04 20:24:36.872, 22682, 100
2026/08/04 20:24:37.876, 22682, 100
2026/08/04 20:24:38.880, 22682, 100
2026/08/04 20:24:39.883, 22682, 100
2026/08/04 20:24:40.886, 22682, 87
2026/08/04 20:24:41.889, 22682, 82
2026/08/04 20:24:42.891, 22682, 100
2026/08/04 20:24:43.894, 22682, 100
2026/08/04 20:24:44.896, 22682, 100
2026/08/04 20:24:45.898, 22682, 100
2026/08/04 20:24:46.901, 22682, 100
2026/08/04 20:24:47.903, 22682, 100
2026/08/04 20:24:48.905, 22682, 100
2026/08/04 20:24:49.907, 22682, 100
2026/08/04 20:24:50.928, 22682, 85
2026/08/04 20:24:51.929, 22682, 84
2026/08/04 20:24:52.930, 22682, 100
2026/08/04 20:24:53.932, 22682, 100
2026/08/04 20:24:54.933, 22682, 90
2026/08/04 20:24:55.935, 22682, 100
2026/08/04 20:24:56.936, 22682, 86
2026/08/04 20:24:57.937, 22682, 100
2026/08/04 20:24:58.939, 22682, 100
2026/08/04 20:24:59.940, 22682, 86
2026/08/04 20:25:00.942, 22682, 100
2026/08/04 20:25:01.943, 22682, 100
2026/08/04 20:25:02.945, 22682, 100
2026/08/04 20:25:03.972, 22682, 85
2026/08/04 20:25:04.998, 22682, 85
2026/08/04 20:25:06.020, 22682, 100
2026/08/04 20:25:07.040, 22682, 100
2026/08/04 20:25:08.057, 22682, 100
2026/08/04 20:25:09.073, 22682, 100
2026/08/04 20:25:10.087, 22682, 100
2026/08/04 20:25:11.098, 22682, 89
2026/08/04 20:25:12.109, 22682, 100
2026/08/04 20:25:13.119, 22682, 100
2026/08/04 20:25:14.127, 22682, 100
2026/08/04 20:25:15.134, 22682, 100
2026/08/04 20:25:16.141, 22682, 100
2026/08/04 20:25:17.147, 22682, 100
2026/08/04 20:25:18.153, 22682, 100
2026/08/04 20:25:19.157, 22682, 69
2026/08/04 20:25:20.161, 22682, 100
2026/08/04 20:25:21.166, 22682, 100
2026/08/04 20:25:22.169, 22682, 100
2026/08/04 20:25:23.173, 22682, 100
2026/08/04 20:25:24.176, 22682, 100
2026/08/04 20:25:25.179, 22682, 100
2026/08/04 20:25:26.181, 22682, 100
2026/08/04 20:25:27.184, 22682, 78
2026/08/04 20:25:28.186, 22682, 100
2026/08/04 20:25:29.189, 22682, 100
2026/08/04 20:25:30.192, 22682, 100
2026/08/04 20:25:31.195, 22682, 100
2026/08/04 20:25:32.198, 22682, 100
2026/08/04 20:25:33.199, 22682, 100
2026/08/04 20:25:34.201, 22682, 100
2026/08/04 20:25:35.202, 22682, 100
2026/08/04 20:25:36.202, 22682, 100
2026/08/04 20:25:37.202, 22682, 92
2026/08/04 20:25:38.203, 22682, 100
2026/08/04 20:25:39.203, 22682, 100
2026/08/04 20:25:40.203, 22682, 100
2026/08/04 20:25:41.204, 22682, 100
2026/08/04 20:25:42.204, 22682, 100
2026/08/04 20:25:43.204, 22682, 100
2026/08/04 20:25:44.204, 22682, 100
2026/08/04 20:25:45.205, 22682, 100
2026/08/04 20:25:46.205, 22682, 100
2026/08/04 20:25:47.205, 22682, 100
2026/08/04 20:25:48.205, 22682, 100
2026/08/04 20:25:49.206, 22682, 100
2026/08/04 20:25:50.206, 22682, 100
2026/08/04 20:25:51.206, 22682, 100
2026/08/04 20:25:52.206, 22682, 100
2026/08/04 20:25:53.207, 22682, 100
2026/08/04 20:25:54.207, 22682, 100
2026/08/04 20:25:55.207, 22682, 100
2026/08/04 20:25:56.208, 22682, 100
2026/08/04 20:25:57.208, 22682, 100
2026/08/04 20:25:58.208, 22682, 100
2026/08/04 20:25:59.209, 22682, 100
2026/08/04 20:26:00.209, 22682, 100
2026/08/04 20:26:01.209, 22682, 100
2026/08/04 20:26:02.210, 22682, 100
2026/08/04 20:26:03.210, 22682, 100
2026/08/04 20:26:04.210, 22682, 100
2026/08/04 20:26:05.211, 22682, 100
2026/08/04 20:26:06.211, 22682, 100
2026/08/04 20:26:07.211, 22682, 100
2026/08/04 20:26:08.212, 22682, 100
2026/08/04 20:26:09.212, 22682, 100
2026/08/04 20:26:10.213, 22682, 100
2026/08/04 20:26:11.213, 22682, 100
2026/08/04 20:26:12.213, 22682, 100
2026/08/04 20:26:13.214, 22682, 100
2026/08/04 20:26:14.214, 22682, 100
2026/08/04 20:26:15.214, 22682, 100
2026/08/04 20:26:16.215, 22682, 100
2026/08/04 20:26:17.243, 22682, 72
2026/08/04 20:26:18.243, 22682, 84
2026/08/04 20:26:19.243, 22682, 100
2026/08/04 20:26:20.244, 22682, 100
2026/08/04 20:26:21.244, 22682, 100
2026/08/04 20:26:22.244, 22682, 100
2026/08/04 20:26:23.245, 22682, 84
2026/08/04 20:26:24.245, 22682, 100
2026/08/04 20:26:25.245, 22682, 100
2026/08/04 20:26:26.246, 22682, 100
2026/08/04 20:26:27.246, 22682, 100
2026/08/04 20:26:28.246, 22682, 100
2026/08/04 20:26:29.247, 22682, 100
2026/08/04 20:26:30.247, 22682, 100
2026/08/04 20:26:31.247, 22682, 100
2026/08/04 20:26:32.248, 22682, 100
2026/08/04 20:26:33.248, 22682, 100
2026/08/04 20:26:34.248, 22682, 100
2026/08/04 20:26:35.249, 22682, 100
2026/08/04 20:26:36.249, 22682, 100
2026/08/04 20:26:37.249, 22682, 100
2026/08/04 20:26:38.250, 22682, 100
2026/08/04 20:26:39.250, 22682, 100
2026/08/04 20:26:40.250, 22682, 100
2026/08/04 20:26:41.259, 22682, 100
2026/08/04 20:26:42.291, 22682, 100
2026/08/04 20:26:43.320, 22682, 100
2026/08/04 20:26:44.345, 22682, 84
2026/08/04 20:26:45.367, 22682, 100
2026/08/04 20:26:46.387, 22682, 100
2026/08/04 20:26:47.403, 22682, 100
2026/08/04 20:26:48.418, 22682, 100
2026/08/04 20:26:49.431, 22682, 100
2026/08/04 20:26:50.443, 22682, 100
2026/08/04 20:26:51.454, 22682, 100
2026/08/04 20:26:52.463, 22682, 100
2026/08/04 20:26:53.471, 22682, 100
2026/08/04 20:26:54.479, 22682, 100
2026/08/04 20:26:55.485, 22682, 100
2026/08/04 20:26:56.490, 22682, 100
2026/08/04 20:26:57.496, 22682, 71
2026/08/04 20:26:58.500, 22682, 85
2026/08/04 20:26:59.505, 22682, 100
2026/08/04 20:27:00.510, 22682, 100
2026/08/04 20:27:01.513, 22682, 85
2026/08/04 20:27:02.516, 22682, 100
2026/08/04 20:27:03.519, 22682, 100
2026/08/04 20:27:04.522, 22682, 100
2026/08/04 20:27:05.524, 22682, 100
2026/08/04 20:27:06.527, 22682, 100
2026/08/04 20:27:07.528, 22682, 100
2026/08/04 20:27:08.531, 22682, 85
2026/08/04 20:27:09.533, 22682, 100
2026/08/04 20:27:10.535, 22682, 100
2026/08/04 20:27:11.537, 22682, 100
2026/08/04 20:27:12.538, 22682, 72
2026/08/04 20:27:13.539, 22682, 100
2026/08/04 20:27:14.540, 22682, 100
2026/08/04 20:27:15.540, 22682, 100
2026/08/04 20:27:16.540, 22682, 100
2026/08/04 20:27:17.540, 22682, 85
2026/08/04 20:27:18.540, 22682, 100
2026/08/04 20:27:19.541, 22682, 100
2026/08/04 20:27:20.541, 22682, 100
2026/08/04 20:27:21.541, 22682, 100
2026/08/04 20:27:22.542, 22682, 100
2026/08/04 20:27:23.542, 22682, 84
2026/08/04 20:27:24.542, 22682, 100
2026/08/04 20:27:25.542, 22682, 100
2026/08/04 20:27:26.543, 22682, 100
2026/08/04 20:27:27.543, 22682, 82
2026/08/04 20:27:28.543, 22682, 100
2026/08/04 20:27:29.543, 22682, 100
2026/08/04 20:27:30.544, 22682, 100
2026/08/04 20:27:31.544, 22682, 87
2026/08/04 20:27:32.545, 22682, 84
2026/08/04 20:27:33.545, 22682, 100
2026/08/04 20:27:34.545, 22682, 100
2026/08/04 20:27:35.545, 22682, 100
2026/08/04 20:27:36.546, 22682, 100
2026/08/04 20:27:37.546, 22682, 100
2026/08/04 20:27:38.546, 22682, 100
2026/08/04 20:27:39.546, 22682, 100
2026/08/04 20:27:40.547, 22682, 100
2026/08/04 20:27:41.547, 22682, 100
2026/08/04 20:27:42.547, 22682, 100
2026/08/04 20:27:43.547, 22682, 100
2026/08/04 20:27:44.548, 22682, 100
2026/08/04 20:27:45.548, 22682, 100
2026/08/04 20:27:46.548, 22682, 100
2026/08/04 20:27:47.549, 22682, 87
2026/08/04 20:27:48.549, 22682, 100
2026/08/04 20:27:49.549, 22682, 86
2026/08/04 20:27:50.549, 22682, 100
2026/08/04 20:27:51.550, 22682, 100
2026/08/04 20:27:52.550, 22682, 100
2026/08/04 20:27:53.550, 22682, 100
2026/08/04 20:27:54.551, 22682, 84
2026/08/04 20:27:55.551, 22682, 100
2026/08/04 20:27:56.551, 22682, 100
2026/08/04 20:27:57.551, 22682, 85
2026/08/04 20:27:58.552, 22682, 100
2026/08/04 20:27:59.552, 22682, 100
2026/08/04 20:28:00.552, 22682, 100
2026/08/04 20:28:01.552, 22682, 100
2026/08/04 20:28:02.553, 22682, 100
2026/08/04 20:28:03.553, 22682, 85
2026/08/04 20:28:04.553, 22682, 84
2026/08/04 20:28:05.554, 22682, 100
2026/08/04 20:28:06.554, 22682, 100
2026/08/04 20:28:07.554, 22682, 100
2026/08/04 20:28:08.554, 22682, 100
2026/08/04 20:28:09.555, 22682, 100
2026/08/04 20:28:10.555, 22682, 100
2026/08/04 20:28:11.555, 22682, 100
2026/08/04 20:28:12.555, 22682, 100
2026/08/04 20:28:13.556, 22682, 100
2026/08/04 20:28:14.556, 22682, 100
2026/08/04 20:28:15.556, 22682, 100
2026/08/04 20:28:16.556, 22682, 100
2026/08/04 20:28:17.557, 22682, 100
2026/08/04 20:28:18.557, 22682, 100
2026/08/04 20:28:19.557, 22682, 100
2026/08/04 20:28:20.557, 22682, 100
2026/08/04 20:28:21.558, 22682, 100
2026/08/04 20:28:22.558, 22682, 100
2026/08/04 20:28:23.558, 22682, 100
2026/08/04 20:28:24.558, 22682, 100
2026/08/04 20:28:25.559, 22682, 100
2026/08/04 20:28:26.559, 22682, 100
2026/08/04 20:28:27.559, 22682, 100
2026/08/04 20:28:28.560, 22682, 100
2026/08/04 20:28:29.560, 22682, 100
2026/08/04 20:28:30.560, 22682, 100
2026/08/04 20:28:31.560, 22682, 100
2026/08/04 20:28:32.560, 22682, 86
2026/08/04 20:28:33.561, 22682, 100
2026/08/04 20:28:34.561, 22682, 100
2026/08/04 20:28:35.561, 22682, 69
2026/08/04 20:28:36.562, 22682, 100
2026/08/04 20:28:37.562, 22682, 82
2026/08/04 20:28:38.562, 22682, 100
2026/08/04 20:28:39.563, 22682, 100
2026/08/04 20:28:40.563, 22682, 100
2026/08/04 20:28:41.563, 22682, 82
2026/08/04 20:28:42.563, 22682, 100
2026/08/04 20:28:43.564, 22682, 100
2026/08/04 20:28:44.564, 22682, 100
2026/08/04 20:28:45.564, 22682, 100
2026/08/04 20:28:46.564, 22682, 100
2026/08/04 20:28:47.565, 22682, 100
2026/08/04 20:28:48.565, 22682, 100
2026/08/04 20:28:49.565, 22682, 100
2026/08/04 20:28:50.569, 22682, 100
2026/08/04 20:28:51.577, 22682, 100
2026/08/04 20:28:52.584, 22682, 100
2026/08/04 20:28:53.591, 22682, 100
2026/08/04 20:28:54.598, 22682, 100
2026/08/04 20:28:55.604, 22682, 100
2026/08/04 20:28:56.610, 22682, 100
2026/08/04 20:28:57.615, 22682, 69
2026/08/04 20:28:58.620, 22682, 100
2026/08/04 20:28:59.625, 22682, 100
2026/08/04 20:29:00.632, 22682, 100
2026/08/04 20:29:01.637, 22682, 100
2026/08/04 20:29:02.641, 22682, 100
2026/08/04 20:29:03.645, 22682, 83
2026/08/04 20:29:04.648, 22682, 100
2026/08/04 20:29:05.654, 22682, 100
2026/08/04 20:29:06.658, 22682, 100
2026/08/04 20:29:07.661, 22682, 100
2026/08/04 20:29:08.665, 22682, 100
2026/08/04 20:29:09.668, 22682, 71
2026/08/04 20:29:10.671, 22682, 100
2026/08/04 20:29:11.674, 22682, 88
2026/08/04 20:29:12.676, 22682, 100
2026/08/04 20:29:13.679, 22682, 100
2026/08/04 20:29:14.681, 22682, 100
2026/08/04 20:29:15.684, 22682, 100
2026/08/04 20:29:16.686, 22682, 100
2026/08/04 20:29:17.689, 22682, 100
2026/08/04 20:29:18.691, 22682, 100
2026/08/04 20:29:19.693, 22682, 100
2026/08/04 20:29:20.695, 22682, 100
2026/08/04 20:29:21.697, 22682, 100
2026/08/04 20:29:22.699, 22682, 100
2026/08/04 20:29:23.701, 22682, 100
2026/08/04 20:29:24.703, 22682, 100
2026/08/04 20:29:25.704, 22682, 100
2026/08/04 20:29:26.706, 22682, 100
2026/08/04 20:29:27.707, 22682, 100
2026/08/04 20:29:28.708, 22682, 100
2026/08/04 20:29:29.710, 22682, 100
2026/08/04 20:29:30.712, 22682, 100
2026/08/04 20:29:31.713, 22682, 100
2026/08/04 20:29:32.714, 22682, 72
2026/08/04 20:29:33.716, 22682, 100
2026/08/04 20:29:34.717, 22682, 100
2026/08/04 20:29:35.719, 22682, 100
2026/08/04 20:29:36.720, 22682, 100
2026/08/04 20:29:37.721, 22682, 100
2026/08/04 20:29:38.723, 22682, 71
2026/08/04 20:29:39.724, 22682, 100
2026/08/04 20:29:40.726, 22682, 100
2026/08/04 20:29:41.727, 22682, 82
2026/08/04 20:29:42.729, 22682, 100
2026/08/04 20:29:43.730, 22682, 100
2026/08/04 20:29:44.732, 22682, 100
2026/08/04 20:29:45.733, 22682, 82
2026/08/04 20:29:46.734, 22682, 100
2026/08/04 20:29:47.736, 22682, 100
2026/08/04 20:29:48.737, 22682, 100
2026/08/04 20:29:49.739, 22682, 100
2026/08/04 20:29:50.740, 22682, 100
2026/08/04 20:29:51.741, 22682, 100
2026/08/04 20:29:52.743, 22682, 100
2026/08/04 20:29:53.744, 22682, 100
2026/08/04 20:29:54.794, 22682, 100
2026/08/04 20:29:55.794, 22682, 86
2026/08/04 20:29:56.794, 22682, 100
2026/08/04 20:29:57.794, 22682, 100
2026/08/04 20:29:58.794, 22682, 100
2026/08/04 20:29:59.795, 22682, 100
2026/08/04 20:30:00.795, 22682, 100
2026/08/04 20:30:01.795, 22682, 100
2026/08/04 20:30:02.795, 22682, 100
2026/08/04 20:30:03.796, 22682, 100
2026/08/04 20:30:04.796, 22682, 100
2026/08/04 20:30:05.796, 22682, 100
2026/08/04 20:30:06.796, 22682, 76
2026/08/04 20:30:07.797, 22682, 82
2026/08/04 20:30:08.797, 22682, 100
2026/08/04 20:30:09.797, 22682, 100
2026/08/04 20:30:10.797, 22682, 100
2026/08/04 20:30:11.797, 22682, 100
2026/08/04 20:30:12.798, 22682, 100
2026/08/04 20:30:13.798, 22682, 100
2026/08/04 20:30:14.798, 22682, 100
2026/08/04 20:30:15.798, 22682, 100
2026/08/04 20:30:16.798, 22682, 100
2026/08/04 20:30:17.799, 22682, 100
2026/08/04 20:30:18.799, 22682, 100
2026/08/04 20:30:19.799, 22682, 100
2026/08/04 20:30:20.799, 22682, 100
2026/08/04 20:30:21.800, 22682, 82
2026/08/04 20:30:22.800, 22682, 100
2026/08/04 20:30:23.800, 22682, 100
2026/08/04 20:30:24.800, 22682, 100
2026/08/04 20:30:25.801, 22682, 100
2026/08/04 20:30:26.801, 22682, 100
2026/08/04 20:30:27.801, 22682, 100
2026/08/04 20:30:28.801, 22682, 100
2026/08/04 20:30:29.802, 22682, 100
2026/08/04 20:30:30.802, 22682, 77
2026/08/04 20:30:31.802, 22682, 87
2026/08/04 20:30:32.803, 22682, 93
2026/08/04 20:30:33.803, 22682, 100
2026/08/04 20:30:34.803, 22682, 100
2026/08/04 20:30:35.803, 22682, 100
2026/08/04 20:30:36.804, 22682, 95
2026/08/04 20:30:37.804, 22682, 100
2026/08/04 20:30:38.804, 22682, 71
2026/08/04 20:30:39.805, 22682, 100
2026/08/04 20:30:40.805, 22682, 100
2026/08/04 20:30:41.805, 22682, 100
2026/08/04 20:30:42.806, 22682, 100
2026/08/04 20:30:43.806, 22682, 100
2026/08/04 20:30:44.806, 22682, 100
2026/08/04 20:30:45.807, 22682, 100
2026/08/04 20:30:46.807, 22682, 100
2026/08/04 20:30:47.807, 22682, 81
2026/08/04 20:30:48.809, 22682, 100
2026/08/04 20:30:49.810, 22682, 100
2026/08/04 20:30:50.811, 22682, 100
2026/08/04 20:30:51.813, 22682, 100
2026/08/04 20:30:52.814, 22682, 100
2026/08/04 20:30:53.815, 22682, 100
2026/08/04 20:30:54.816, 22682, 100
2026/08/04 20:30:55.817, 22682, 100
2026/08/04 20:30:56.819, 22682, 100
2026/08/04 20:30:57.820, 22682, 100
2026/08/04 20:30:58.821, 22682, 100
2026/08/04 20:30:59.823, 22682, 100
2026/08/04 20:31:00.823, 22682, 87
2026/08/04 20:31:01.825, 22682, 83
2026/08/04 20:31:02.826, 22682, 100
2026/08/04 20:31:03.827, 22682, 100
2026/08/04 20:31:04.829, 22682, 100
2026/08/04 20:31:05.830, 22682, 100
2026/08/04 20:31:06.831, 22682, 100
2026/08/04 20:31:07.831, 22682, 100
2026/08/04 20:31:08.832, 22682, 100
2026/08/04 20:31:09.834, 22682, 100
2026/08/04 20:31:10.835, 22682, 100
2026/08/04 20:31:11.836, 22682, 100
2026/08/04 20:31:12.838, 22682, 100
2026/08/04 20:31:13.839, 22682, 100
2026/08/04 20:31:14.840, 22682, 100
2026/08/04 20:31:15.842, 22682, 100
2026/08/04 20:31:16.843, 22682, 100
2026/08/04 20:31:17.845, 22682, 100
2026/08/04 20:31:18.846, 22682, 92
2026/08/04 20:31:19.848, 22682, 100
2026/08/04 20:31:20.849, 22682, 81
2026/08/04 20:31:21.850, 22682, 83
2026/08/04 20:31:22.851, 22682, 100
2026/08/04 20:31:23.853, 22682, 100
2026/08/04 20:31:24.854, 22682, 100
2026/08/04 20:31:25.855, 22682, 69
2026/08/04 20:31:26.857, 22682, 100
2026/08/04 20:31:27.858, 22682, 100
2026/08/04 20:31:28.859, 22682, 100
2026/08/04 20:31:29.861, 22682, 100
2026/08/04 20:31:30.862, 22682, 98
2026/08/04 20:31:31.863, 22682, 100
2026/08/04 20:31:32.865, 22682, 100
2026/08/04 20:31:33.866, 22682, 70
2026/08/04 20:31:34.867, 22682, 84
2026/08/04 20:31:35.869, 22682, 72
2026/08/04 20:31:36.870, 22682, 100
2026/08/04 20:31:37.872, 22682, 100
2026/08/04 20:31:38.873, 22682, 100
2026/08/04 20:31:39.874, 22682, 85
2026/08/04 20:31:40.876, 22682, 100
2026/08/04 20:31:41.877, 22682, 100
2026/08/04 20:31:42.879, 22682, 100
2026/08/04 20:31:43.880, 22682, 97
2026/08/04 20:31:44.881, 22682, 86
2026/08/04 20:31:45.883, 22682, 100
2026/08/04 20:31:46.884, 22682, 100
2026/08/04 20:31:47.885, 22682, 100
2026/08/04 20:31:48.887, 22682, 100
2026/08/04 20:31:49.888, 22682, 100
2026/08/04 20:31:50.889, 22682, 85
2026/08/04 20:31:51.891, 22682, 100
2026/08/04 20:31:52.892, 22682, 100
2026/08/04 20:31:53.893, 22682, 100
2026/08/04 20:31:54.894, 22682, 100
2026/08/04 20:31:55.896, 22682, 96
2026/08/04 20:31:56.897, 22682, 100
2026/08/04 20:31:57.898, 22682, 100
2026/08/04 20:31:58.900, 22682, 100
2026/08/04 20:31:59.901, 22682, 100
2026/08/04 20:32:00.903, 22682, 72
2026/08/04 20:32:01.903, 22682, 100
2026/08/04 20:32:02.904, 22682, 100
2026/08/04 20:32:03.905, 22682, 100
2026/08/04 20:32:04.905, 22682, 100
2026/08/04 20:32:05.905, 22682, 100
2026/08/04 20:32:06.905, 22682, 100
2026/08/04 20:32:07.906, 22682, 100
2026/08/04 20:32:08.906, 22682, 100
2026/08/04 20:32:09.906, 22682, 100
2026/08/04 20:32:10.907, 22682, 100
2026/08/04 20:32:11.907, 22682, 100
2026/08/04 20:32:12.907, 22682, 100
2026/08/04 20:32:13.908, 22682, 100
2026/08/04 20:32:14.908, 22682, 100
2026/08/04 20:32:15.908, 22682, 100
2026/08/04 20:32:16.909, 22682, 100
2026/08/04 20:32:17.909, 22682, 100
2026/08/04 20:32:18.910, 22682, 100
2026/08/04 20:32:19.910, 22682, 100
2026/08/04 20:32:20.910, 22682, 100
2026/08/04 20:32:21.911, 22682, 100
2026/08/04 20:32:22.911, 22682, 100
2026/08/04 20:32:23.911, 22682, 100
2026/08/04 20:32:24.912, 22682, 68
2026/08/04 20:32:25.912, 22682, 100
2026/08/04 20:32:26.912, 22682, 81
2026/08/04 20:32:27.913, 22682, 99
2026/08/04 20:32:28.913, 22682, 87
2026/08/04 20:32:29.913, 22682, 100
2026/08/04 20:32:30.914, 22682, 100
2026/08/04 20:32:31.914, 22682, 100
2026/08/04 20:32:32.915, 22682, 100
2026/08/04 20:32:33.915, 22682, 100
2026/08/04 20:32:34.915, 22682, 100
2026/08/04 20:32:35.916, 22682, 100
2026/08/04 20:32:36.916, 22682, 100
2026/08/04 20:32:37.916, 22682, 100
2026/08/04 20:32:38.917, 22682, 100
2026/08/04 20:32:39.917, 22682, 100
2026/08/04 20:32:40.917, 22682, 100
2026/08/04 20:32:41.917, 22682, 100
2026/08/04 20:32:42.917, 22682, 100
2026/08/04 20:32:43.918, 22682, 86
2026/08/04 20:32:44.918, 22682, 100
2026/08/04 20:32:45.918, 22682, 100
2026/08/04 20:32:46.919, 22682, 100
2026/08/04 20:32:47.919, 22682, 98
2026/08/04 20:32:48.919, 22682, 100
2026/08/04 20:32:49.919, 22682, 100
2026/08/04 20:32:50.920, 22682, 85
2026/08/04 20:32:51.920, 22682, 100
2026/08/04 20:32:52.920, 22682, 100
2026/08/04 20:32:53.920, 22682, 100
2026/08/04 20:32:54.921, 22682, 100
2026/08/04 20:32:55.921, 22682, 100
2026/08/04 20:32:56.921, 22682, 100
2026/08/04 20:32:57.922, 22682, 100
2026/08/04 20:32:58.922, 22682, 100
2026/08/04 20:32:59.922, 22682, 100
2026/08/04 20:33:00.922, 22682, 100
2026/08/04 20:33:01.923, 22682, 100
2026/08/04 20:33:02.923, 22682, 86
2026/08/04 20:33:03.923, 22682, 100
2026/08/04 20:33:04.923, 22682, 100
2026/08/04 20:33:05.924, 22682, 100
2026/08/04 20:33:06.924, 22682, 84
2026/08/04 20:33:07.924, 22682, 100
2026/08/04 20:33:08.924, 22682, 100
2026/08/04 20:33:09.924, 22682, 100
2026/08/04 20:33:10.925, 22682, 83
2026/08/04 20:33:11.925, 22682, 100
2026/08/04 20:33:12.925, 22682, 86
2026/08/04 20:33:13.925, 22682, 100
2026/08/04 20:33:14.925, 22682, 100
2026/08/04 20:33:15.926, 22682, 100
2026/08/04 20:33:16.926, 22682, 100
2026/08/04 20:33:17.926, 22682, 100
2026/08/04 20:33:18.926, 22682, 100
2026/08/04 20:33:19.927, 22682, 100
2026/08/04 20:33:20.927, 22682, 100
2026/08/04 20:33:21.927, 22682, 100
2026/08/04 20:33:22.927, 22682, 100
2026/08/04 20:33:23.928, 22682, 100
2026/08/04 20:33:24.928, 22682, 100
2026/08/04 20:33:25.928, 22682, 100
2026/08/04 20:33:26.928, 22682, 100
2026/08/04 20:33:27.929, 22682, 100
2026/08/04 20:33:28.929, 22682, 100
2026/08/04 20:33:29.929, 22682, 100
2026/08/04 20:33:30.929, 22682, 81
2026/08/04 20:33:31.930, 22682, 84
2026/08/04 20:33:32.930, 22682, 100
2026/08/04 20:33:33.930, 22682, 100
2026/08/04 20:33:34.931, 22682, 100
2026/08/04 20:33:35.931, 22682, 100
2026/08/04 20:33:36.931, 22682, 100
2026/08/04 20:33:37.931, 22682, 97
2026/08/04 20:33:38.932, 22682, 100
2026/08/04 20:33:39.932, 22682, 73
2026/08/04 20:33:40.932, 22682, 100
2026/08/04 20:33:41.933, 22682, 100
2026/08/04 20:33:42.933, 22682, 75
2026/08/04 20:33:43.933, 22682, 100
2026/08/04 20:33:44.933, 22682, 100
2026/08/04 20:33:45.934, 22682, 100
2026/08/04 20:33:46.934, 22682, 100
2026/08/04 20:33:47.934, 22682, 100
2026/08/04 20:33:48.934, 22682, 83
2026/08/04 20:33:49.934, 22682, 100
2026/08/04 20:33:50.935, 22682, 100
2026/08/04 20:33:51.935, 22682, 100
2026/08/04 20:33:52.935, 22682, 100
2026/08/04 20:33:53.935, 22682, 100
2026/08/04 20:33:54.936, 22682, 100
2026/08/04 20:33:55.936, 22682, 100
2026/08/04 20:33:56.937, 22682, 100
2026/08/04 20:33:57.937, 22682, 100
2026/08/04 20:33:58.937, 22682, 100
2026/08/04 20:33:59.937, 22682, 76
2026/08/04 20:34:00.938, 22682, 100
2026/08/04 20:34:01.938, 22682, 97
2026/08/04 20:34:02.938, 22682, 100
2026/08/04 20:34:03.938, 22682, 100
2026/08/04 20:34:04.939, 22682, 100
2026/08/04 20:34:05.939, 22682, 98
2026/08/04 20:34:06.939, 22682, 100
2026/08/04 20:34:07.939, 22682, 100
2026/08/04 20:34:08.939, 22682, 80
2026/08/04 20:34:09.940, 22682, 100
2026/08/04 20:34:10.940, 22682, 100
2026/08/04 20:34:11.940, 22682, 100
2026/08/04 20:34:12.941, 22682, 100
2026/08/04 20:34:13.941, 22682, 68
2026/08/04 20:34:14.941, 22682, 100
2026/08/04 20:34:15.942, 22682, 100
2026/08/04 20:34:16.942, 22682, 100
2026/08/04 20:34:17.942, 22682, 100
2026/08/04 20:34:18.942, 22682, 81
2026/08/04 20:34:19.943, 22682, 100
2026/08/04 20:34:20.943, 22682, 100
2026/08/04 20:34:21.943, 22682, 100
2026/08/04 20:34:22.944, 22682, 100
2026/08/04 20:34:23.944, 22682, 100
2026/08/04 20:34:24.944, 22682, 100
2026/08/04 20:34:25.945, 22682, 100
2026/08/04 20:34:26.945, 22682, 100
2026/08/04 20:34:27.945, 22682, 100
2026/08/04 20:34:28.945, 22682, 100
2026/08/04 20:34:29.946, 22682, 100
2026/08/04 20:34:30.946, 22682, 86
2026/08/04 20:34:31.946, 22682, 99
2026/08/04 20:34:32.946, 22682, 84
2026/08/04 20:34:33.947, 22682, 100
2026/08/04 20:34:34.947, 22682, 100
2026/08/04 20:34:35.947, 22682, 100
2026/08/04 20:34:36.948, 22682, 100
2026/08/04 20:34:37.948, 22682, 100
2026/08/04 20:34:38.948, 22682, 91
2026/08/04 20:34:39.948, 22682, 100
2026/08/04 20:34:40.949, 22682, 100
2026/08/04 20:34:41.949, 22682, 100
2026/08/04 20:34:42.949, 22682, 100
2026/08/04 20:34:43.949, 22682, 100
2026/08/04 20:34:44.949, 22682, 88
2026/08/04 20:34:45.950, 22682, 100
2026/08/04 20:34:46.950, 22682, 100
2026/08/04 20:34:47.950, 22682, 73
2026/08/04 20:34:48.951, 22682, 100
2026/08/04 20:34:49.951, 22682, 100
2026/08/04 20:34:50.951, 22682, 100
2026/08/04 20:34:51.952, 22682, 85
2026/08/04 20:34:52.952, 22682, 100
2026/08/04 20:34:53.952, 22682, 100
2026/08/04 20:34:54.952, 22682, 84
2026/08/04 20:34:55.952, 22682, 100
2026/08/04 20:34:56.953, 22682, 100
2026/08/04 20:34:57.953, 22682, 100
2026/08/04 20:34:58.953, 22682, 84
2026/08/04 20:34:59.954, 22682, 100
2026/08/04 20:35:00.954, 22682, 100
2026/08/04 20:35:01.954, 22682, 100
2026/08/04 20:35:02.954, 22682, 100
2026/08/04 20:35:03.955, 22682, 100
2026/08/04 20:35:04.955, 22682, 85
2026/08/04 20:35:05.955, 22682, 100
2026/08/04 20:35:06.956, 22682, 100
2026/08/04 20:35:07.956, 22682, 100
2026/08/04 20:35:08.956, 22682, 100
2026/08/04 20:35:09.956, 22682, 100
2026/08/04 20:35:10.957, 22682, 80
2026/08/04 20:35:11.957, 22682, 72
2026/08/04 20:35:12.957, 22682, 100
2026/08/04 20:35:13.957, 22682, 100
2026/08/04 20:35:14.958, 22682, 100
2026/08/04 20:35:15.958, 22682, 100
2026/08/04 20:35:16.958, 22682, 85
2026/08/04 20:35:17.958, 22682, 84
2026/08/04 20:35:18.959, 22682, 100
2026/08/04 20:35:19.959, 22682, 89
2026/08/04 20:35:20.959, 22682, 85
2026/08/04 20:35:21.960, 22682, 81
2026/08/04 20:35:22.960, 22682, 100
2026/08/04 20:35:23.960, 22682, 100
2026/08/04 20:35:24.960, 22682, 100
2026/08/04 20:35:25.961, 22682, 100
2026/08/04 20:35:26.961, 22682, 100
2026/08/04 20:35:27.961, 22682, 100
2026/08/04 20:35:28.962, 22682, 85
2026/08/04 20:35:29.962, 22682, 100
2026/08/04 20:35:30.962, 22682, 100
2026/08/04 20:35:31.963, 22682, 99
2026/08/04 20:35:32.963, 22682, 100
2026/08/04 20:35:33.963, 22682, 100
2026/08/04 20:35:34.963, 22682, 100
2026/08/04 20:35:35.964, 22682, 100
2026/08/04 20:35:36.964, 22682, 100
2026/08/04 20:35:37.964, 22682, 100
2026/08/04 20:35:38.964, 22682, 100
2026/08/04 20:35:39.965, 22682, 80
2026/08/04 20:35:40.965, 22682, 100
2026/08/04 20:35:41.965, 22682, 100
2026/08/04 20:35:42.966, 22682, 100
2026/08/04 20:35:43.966, 22682, 100
2026/08/04 20:35:44.966, 22682, 100
2026/08/04 20:35:45.966, 22682, 100
2026/08/04 20:35:46.967, 22682, 100
2026/08/04 20:35:47.967, 22682, 100
2026/08/04 20:35:48.967, 22682, 92
2026/08/04 20:35:49.968, 22682, 100
2026/08/04 20:35:50.968, 22682, 100
2026/08/04 20:35:51.968, 22682, 100
2026/08/04 20:35:52.968, 22682, 100
2026/08/04 20:35:53.969, 22682, 100
2026/08/04 20:35:54.969, 22682, 100
2026/08/04 20:35:55.969, 22682, 100
2026/08/04 20:35:56.970, 22682, 100
2026/08/04 20:35:57.970, 22682, 100
2026/08/04 20:35:58.970, 22682, 100
2026/08/04 20:35:59.971, 22682, 100
2026/08/04 20:36:00.971, 22682, 100
2026/08/04 20:36:01.971, 22682, 100
2026/08/04 20:36:02.972, 22682, 100
2026/08/04 20:36:03.972, 22682, 100
2026/08/04 20:36:04.972, 22682, 83
2026/08/04 20:36:05.973, 22682, 81
2026/08/04 20:36:06.973, 22682, 100
2026/08/04 20:36:07.973, 22682, 100
2026/08/04 20:36:08.974, 22682, 100
2026/08/04 20:36:09.974, 22682, 100
2026/08/04 20:36:10.974, 22682, 100
2026/08/04 20:36:11.975, 22682, 100
2026/08/04 20:36:12.975, 22682, 100
2026/08/04 20:36:13.975, 22682, 100
2026/08/04 20:36:14.975, 22682, 100
2026/08/04 20:36:15.976, 22682, 100
2026/08/04 20:36:16.976, 22682, 100
2026/08/04 20:36:17.976, 22682, 100
2026/08/04 20:36:18.977, 22682, 100
2026/08/04 20:36:19.977, 22682, 100
2026/08/04 20:36:20.977, 22682, 81
2026/08/04 20:36:21.978, 22682, 100
2026/08/04 20:36:22.978, 22682, 100
2026/08/04 20:36:23.978, 22682, 100
2026/08/04 20:36:24.978, 22682, 100
2026/08/04 20:36:25.979, 22682, 100
2026/08/04 20:36:26.979, 22682, 100
2026/08/04 20:36:27.979, 22682, 100
2026/08/04 20:36:28.980, 22682, 86
2026/08/04 20:36:29.980, 22682, 77
2026/08/04 20:36:30.980, 22682, 87
2026/08/04 20:36:31.981, 22682, 100
2026/08/04 20:36:32.981, 22682, 100
2026/08/04 20:36:33.981, 22682, 100
2026/08/04 20:36:34.981, 22682, 100
2026/08/04 20:36:35.982, 22682, 100
2026/08/04 20:36:36.982, 22682, 100
2026/08/04 20:36:37.982, 22682, 100
2026/08/04 20:36:38.982, 22682, 100
2026/08/04 20:36:39.983, 22682, 100
2026/08/04 20:36:40.983, 22682, 100
2026/08/04 20:36:41.983, 22682, 100
2026/08/04 20:36:42.984, 22682, 100
2026/08/04 20:36:43.984, 22682, 100
2026/08/04 20:36:44.984, 22682, 100
2026/08/04 20:36:45.985, 22682, 100
2026/08/04 20:36:46.985, 22682, 84
2026/08/04 20:36:47.985, 22682, 87
2026/08/04 20:36:48.985, 22682, 72
2026/08/04 20:36:49.986, 22682, 100
2026/08/04 20:36:50.986, 22682, 100
2026/08/04 20:36:51.986, 22682, 83
2026/08/04 20:36:52.987, 22682, 100
2026/08/04 20:36:53.987, 22682, 100
2026/08/04 20:36:54.987, 22682, 100
2026/08/04 20:36:55.987, 22682, 82
2026/08/04 20:36:56.988, 22682, 100
2026/08/04 20:36:57.988, 22682, 100
2026/08/04 20:36:58.988, 22682, 100
2026/08/04 20:36:59.989, 22682, 81
2026/08/04 20:37:00.989, 22682, 81
2026/08/04 20:37:01.989, 22682, 100
2026/08/04 20:37:02.990, 22682, 100
2026/08/04 20:37:03.990, 22682, 100
2026/08/04 20:37:04.990, 22682, 100
2026/08/04 20:37:05.990, 22682, 100
2026/08/04 20:37:06.991, 22682, 100
2026/08/04 20:37:07.991, 22682, 100
2026/08/04 20:37:08.991, 22682, 100
2026/08/04 20:37:09.992, 22682, 100
2026/08/04 20:37:10.992, 22682, 100
2026/08/04 20:37:11.992, 22682, 100
2026/08/04 20:37:12.993, 22682, 100
2026/08/04 20:37:13.993, 22682, 100
2026/08/04 20:37:14.993, 22682, 100
2026/08/04 20:37:15.994, 22682, 100
2026/08/04 20:37:16.994, 22682, 100
2026/08/04 20:37:17.994, 22682, 100
2026/08/04 20:37:18.994, 22682, 100
2026/08/04 20:37:19.995, 22682, 100
2026/08/04 20:37:20.995, 22682, 100
2026/08/04 20:37:21.995, 22682, 100
2026/08/04 20:37:22.996, 22682, 82
2026/08/04 20:37:23.996, 22682, 100
2026/08/04 20:37:24.996, 22682, 81
2026/08/04 20:37:25.996, 22682, 100
2026/08/04 20:37:26.997, 22682, 100
2026/08/04 20:37:27.997, 22682, 100
2026/08/04 20:37:28.997, 22682, 100
2026/08/04 20:37:29.998, 22682, 100
2026/08/04 20:37:30.998, 22682, 100
2026/08/04 20:37:31.998, 22682, 100
2026/08/04 20:37:32.999, 22682, 100
2026/08/04 20:37:33.999, 22682, 100
2026/08/04 20:37:34.999, 22682, 100
2026/08/04 20:37:36.000, 22682, 100
2026/08/04 20:37:37.000, 22682, 100
2026/08/04 20:37:38.000, 22682, 100
2026/08/04 20:37:39.000, 22682, 100
2026/08/04 20:37:40.001, 22682, 100
2026/08/04 20:37:41.001, 22682, 100
2026/08/04 20:37:42.001, 22682, 100
2026/08/04 20:37:43.002, 22682, 100
2026/08/04 20:37:44.002, 22682, 83
2026/08/04 20:37:45.002, 22682, 100
2026/08/04 20:37:46.002, 22682, 100
2026/08/04 20:37:47.003, 22682, 100
2026/08/04 20:37:48.003, 22682, 100
2026/08/04 20:37:49.003, 22682, 100
2026/08/04 20:37:50.004, 22682, 82
2026/08/04 20:37:51.004, 22682, 100
2026/08/04 20:37:52.004, 22682, 100
2026/08/04 20:37:53.005, 22682, 100
2026/08/04 20:37:54.005, 22682, 100
2026/08/04 20:37:55.005, 22682, 100
2026/08/04 20:37:56.006, 22682, 100
2026/08/04 20:37:57.006, 22682, 100
2026/08/04 20:37:58.006, 22682, 100
2026/08/04 20:37:59.007, 22682, 86
2026/08/04 20:38:00.007, 22682, 100
2026/08/04 20:38:01.007, 22682, 100
2026/08/04 20:38:02.007, 22682, 100
2026/08/04 20:38:03.008, 22682, 100
2026/08/04 20:38:04.008, 22682, 72
2026/08/04 20:38:05.008, 22682, 100
2026/08/04 20:38:06.009, 22682, 100
2026/08/04 20:38:07.009, 22682, 83
2026/08/04 20:38:08.009, 22682, 100
2026/08/04 20:38:09.010, 22682, 100
2026/08/04 20:38:10.010, 22682, 100
2026/08/04 20:38:11.010, 22682, 100
2026/08/04 20:38:12.011, 22682, 100
2026/08/04 20:38:13.011, 22682, 100
2026/08/04 20:38:14.011, 22682, 100
2026/08/04 20:38:15.011, 22682, 100
2026/08/04 20:38:16.012, 22682, 100
2026/08/04 20:38:17.012, 22682, 100
2026/08/04 20:38:18.012, 22682, 85
2026/08/04 20:38:19.013, 22682, 100
2026/08/04 20:38:20.013, 22682, 100
2026/08/04 20:38:21.013, 22682, 100
2026/08/04 20:38:22.014, 22682, 89
2026/08/04 20:38:23.014, 22682, 100
2026/08/04 20:38:24.014, 22682, 100
2026/08/04 20:38:25.015, 22682, 100
2026/08/04 20:38:26.015, 22682, 100
2026/08/04 20:38:27.015, 22682, 100
2026/08/04 20:38:28.016, 22682, 100
2026/08/04 20:38:29.016, 22682, 100
2026/08/04 20:38:30.016, 22682, 100
2026/08/04 20:38:31.017, 22682, 100
2026/08/04 20:38:32.017, 22682, 100
2026/08/04 20:38:33.017, 22682, 100
2026/08/04 20:38:34.018, 22682, 100
2026/08/04 20:38:35.018, 22682, 100
2026/08/04 20:38:36.018, 22682, 100
2026/08/04 20:38:37.018, 22682, 100
2026/08/04 20:38:38.019, 22682, 100
2026/08/04 20:38:39.019, 22682, 100
2026/08/04 20:38:40.019, 22682, 81
2026/08/04 20:38:41.020, 22682, 100
2026/08/04 20:38:42.020, 22682, 85
2026/08/04 20:38:43.020, 22682, 100
2026/08/04 20:38:44.021, 22682, 100
2026/08/04 20:38:45.021, 22682, 100
2026/08/04 20:38:46.021, 22682, 100
2026/08/04 20:38:47.022, 22682, 100
2026/08/04 20:38:48.022, 22682, 100
2026/08/04 20:38:49.022, 22682, 85
2026/08/04 20:38:50.023, 22682, 100
2026/08/04 20:38:51.023, 22682, 100
2026/08/04 20:38:52.023, 22682, 100
2026/08/04 20:38:53.023, 22682, 100
2026/08/04 20:38:54.024, 22682, 100
2026/08/04 20:38:55.024, 22682, 82
2026/08/04 20:38:56.024, 22682, 100
2026/08/04 20:38:57.024, 22682, 100
2026/08/04 20:38:58.025, 22682, 84
2026/08/04 20:38:59.025, 22682, 100
2026/08/04 20:39:00.025, 22682, 100
2026/08/04 20:39:01.026, 22682, 100
2026/08/04 20:39:02.026, 22682, 100
2026/08/04 20:39:03.026, 22682, 100
2026/08/04 20:39:04.027, 22682, 100
2026/08/04 20:39:05.027, 22682, 100
2026/08/04 20:39:06.027, 22682, 100
2026/08/04 20:39:07.027, 22682, 100
2026/08/04 20:39:08.028, 22682, 100
2026/08/04 20:39:09.028, 22682, 68
2026/08/04 20:39:10.028, 22682, 100
2026/08/04 20:39:11.029, 22682, 100
2026/08/04 20:39:12.029, 22682, 100
2026/08/04 20:39:13.029, 22682, 100
2026/08/04 20:39:14.030, 22682, 82
2026/08/04 20:39:15.030, 22682, 100
2026/08/04 20:39:16.030, 22682, 100
2026/08/04 20:39:17.030, 22682, 100
2026/08/04 20:39:18.031, 22682, 85
2026/08/04 20:39:19.031, 22682, 100
2026/08/04 20:39:20.031, 22682, 100
2026/08/04 20:39:21.032, 22682, 100
2026/08/04 20:39:22.032, 22682, 100
2026/08/04 20:39:23.032, 22682, 100
2026/08/04 20:39:24.033, 22682, 84
2026/08/04 20:39:25.033, 22682, 100
2026/08/04 20:39:26.033, 22682, 100
2026/08/04 20:39:27.033, 22682, 100
2026/08/04 20:39:28.034, 22682, 100
2026/08/04 20:39:29.034, 22682, 100
2026/08/04 20:39:30.034, 22682, 99
2026/08/04 20:39:31.035, 22682, 100
2026/08/04 20:39:32.035, 22682, 100
2026/08/04 20:39:33.035, 22682, 100
2026/08/04 20:39:34.035, 22682, 100
2026/08/04 20:39:35.036, 22682, 100
2026/08/04 20:39:36.036, 22682, 84
2026/08/04 20:39:37.037, 22682, 100
2026/08/04 20:39:38.037, 22682, 100
2026/08/04 20:39:39.037, 22682, 71
2026/08/04 20:39:40.037, 22682, 100
2026/08/04 20:39:41.038, 22682, 100
2026/08/04 20:39:42.038, 22682, 100
2026/08/04 20:39:43.038, 22682, 85
2026/08/04 20:39:44.039, 22682, 100
2026/08/04 20:39:45.039, 22682, 100
2026/08/04 20:39:46.039, 22682, 100
2026/08/04 20:39:47.040, 22682, 100
2026/08/04 20:39:48.040, 22682, 86
2026/08/04 20:39:49.040, 22682, 100
2026/08/04 20:39:50.041, 22682, 100
2026/08/04 20:39:51.041, 22682, 100
2026/08/04 20:39:52.041, 22682, 100
2026/08/04 20:39:53.041, 22682, 100
2026/08/04 20:39:54.042, 22682, 100
2026/08/04 20:39:55.042, 22682, 83
2026/08/04 20:39:56.042, 22682, 83
2026/08/04 20:39:57.042, 22682, 100
2026/08/04 20:39:58.043, 22682, 100
2026/08/04 20:39:59.043, 22682, 100
2026/08/04 20:40:00.043, 22682, 100
2026/08/04 20:40:01.044, 22682, 100
2026/08/04 20:40:02.044, 22682, 100
2026/08/04 20:40:03.044, 22682, 100
2026/08/04 20:40:04.045, 22682, 97
2026/08/04 20:40:05.045, 22682, 84
2026/08/04 20:40:06.045, 22682, 100
2026/08/04 20:40:07.045, 22682, 100
2026/08/04 20:40:08.046, 22682, 100
2026/08/04 20:40:09.046, 22682, 100
2026/08/04 20:40:10.046, 22682, 100
2026/08/04 20:40:11.047, 22682, 100
2026/08/04 20:40:12.047, 22682, 100
2026/08/04 20:40:13.047, 22682, 79
2026/08/04 20:40:14.048, 22682, 100
2026/08/04 20:40:15.048, 22682, 100
2026/08/04 20:40:16.048, 22682, 100
2026/08/04 20:40:17.049, 22682, 100
2026/08/04 20:40:18.049, 22682, 100
2026/08/04 20:40:19.049, 22682, 100
2026/08/04 20:40:20.049, 22682, 100
2026/08/04 20:40:21.050, 22682, 100
2026/08/04 20:40:22.051, 22682, 100
2026/08/04 20:40:23.051, 22682, 100
2026/08/04 20:40:24.051, 22682, 100
2026/08/04 20:40:25.051, 22682, 80
2026/08/04 20:40:26.052, 22682, 100
2026/08/04 20:40:27.052, 22682, 100
2026/08/04 20:40:28.052, 22682, 100
2026/08/04 20:40:29.053, 22682, 100
2026/08/04 20:40:30.053, 22682, 100
2026/08/04 20:40:31.054, 22682, 100
2026/08/04 20:40:32.054, 22682, 100
2026/08/04 20:40:33.054, 22682, 100
2026/08/04 20:40:34.054, 22682, 93
2026/08/04 20:40:35.055, 22682, 100
2026/08/04 20:40:36.055, 22682, 97
2026/08/04 20:40:37.055, 22682, 100
2026/08/04 20:40:38.058, 22682, 100
2026/08/04 20:40:39.094, 22682, 100
2026/08/04 20:40:40.127, 22682, 83
2026/08/04 20:40:41.155, 22682, 83
2026/08/04 20:40:42.179, 22682, 100
2026/08/04 20:40:43.201, 22682, 100
2026/08/04 20:40:44.220, 22682, 100
2026/08/04 20:40:45.237, 22682, 100
2026/08/04 20:40:46.252, 22682, 100
2026/08/04 20:40:47.265, 22682, 95
2026/08/04 20:40:48.277, 22682, 100
2026/08/04 20:40:49.287, 22682, 100
2026/08/04 20:40:50.297, 22682, 85
2026/08/04 20:40:51.305, 22682, 100
2026/08/04 20:40:52.313, 22682, 100
2026/08/04 20:40:53.319, 22682, 81
2026/08/04 20:40:54.326, 22682, 85
2026/08/04 20:40:55.331, 22682, 100
2026/08/04 20:40:56.336, 22682, 100
2026/08/04 20:40:57.340, 22682, 100
2026/08/04 20:40:58.345, 22682, 100
2026/08/04 20:40:59.348, 22682, 100
2026/08/04 20:41:00.352, 22682, 100
2026/08/04 20:41:01.355, 22682, 83
2026/08/04 20:41:02.358, 22682, 100
2026/08/04 20:41:03.361, 22682, 100
2026/08/04 20:41:04.363, 22682, 100
2026/08/04 20:41:05.366, 22682, 100
2026/08/04 20:41:06.369, 22682, 100
2026/08/04 20:41:07.371, 22682, 100
2026/08/04 20:41:08.372, 22682, 82
2026/08/04 20:41:09.374, 22682, 100
2026/08/04 20:41:10.376, 22682, 100
2026/08/04 20:41:11.376, 22682, 85
2026/08/04 20:41:12.376, 22682, 100
2026/08/04 20:41:13.376, 22682, 83
2026/08/04 20:41:14.377, 22682, 100
2026/08/04 20:41:15.377, 22682, 83
2026/08/04 20:41:16.377, 22682, 100
2026/08/04 20:41:17.378, 22682, 100
2026/08/04 20:41:18.378, 22682, 100
2026/08/04 20:41:19.378, 22682, 100
2026/08/04 20:41:20.378, 22682, 100
2026/08/04 20:41:21.379, 22682, 80
2026/08/04 20:41:22.380, 22682, 84
2026/08/04 20:41:23.381, 22682, 100
2026/08/04 20:41:24.381, 22682, 100
2026/08/04 20:41:25.381, 22682, 100
2026/08/04 20:41:26.382, 22682, 99
2026/08/04 20:41:27.382, 22682, 100
2026/08/04 20:41:28.382, 22682, 100
2026/08/04 20:41:29.383, 22682, 83
2026/08/04 20:41:30.383, 22682, 100
2026/08/04 20:41:31.383, 22682, 100
2026/08/04 20:41:32.384, 22682, 100
2026/08/04 20:41:33.384, 22682, 100
2026/08/04 20:41:34.384, 22682, 100
2026/08/04 20:41:35.384, 22682, 100
2026/08/04 20:41:36.385, 22682, 100
2026/08/04 20:41:37.385, 22682, 100
2026/08/04 20:41:38.385, 22682, 100
2026/08/04 20:41:39.386, 22682, 100
2026/08/04 20:41:40.386, 22682, 100
2026/08/04 20:41:41.386, 22682, 97
2026/08/04 20:41:42.386, 22682, 100
2026/08/04 20:41:43.387, 22682, 100
2026/08/04 20:41:44.395, 22682, 100
2026/08/04 20:41:45.413, 22682, 100
2026/08/04 20:41:46.429, 22682, 100
2026/08/04 20:41:47.443, 22682, 100
2026/08/04 20:41:48.455, 22682, 100
2026/08/04 20:41:49.467, 22682, 100
2026/08/04 20:41:50.477, 22682, 100
2026/08/04 20:41:51.486, 22682, 100
2026/08/04 20:41:52.493, 22682, 84
2026/08/04 20:41:53.501, 22682, 100
2026/08/04 20:41:54.507, 22682, 100
2026/08/04 20:41:55.512, 22682, 100
2026/08/04 20:41:56.517, 22682, 100
2026/08/04 20:41:57.522, 22682, 100
2026/08/04 20:41:58.526, 22682, 100
2026/08/04 20:41:59.530, 22682, 100
2026/08/04 20:42:00.534, 22682, 100
2026/08/04 20:42:01.537, 22682, 82
2026/08/04 20:42:02.540, 22682, 85
2026/08/04 20:42:03.542, 22682, 100
2026/08/04 20:42:04.545, 22682, 100
2026/08/04 20:42:05.547, 22682, 100
2026/08/04 20:42:06.550, 22682, 100
2026/08/04 20:42:07.552, 22682, 69
2026/08/04 20:42:08.554, 22682, 100
2026/08/04 20:42:09.557, 22682, 67
2026/08/04 20:42:10.559, 22682, 100
2026/08/04 20:42:11.561, 22682, 100
2026/08/04 20:42:12.562, 22682, 100
2026/08/04 20:42:13.563, 22682, 100
2026/08/04 20:42:14.565, 22682, 100
2026/08/04 20:42:15.566, 22682, 83
2026/08/04 20:42:16.568, 22682, 100
2026/08/04 20:42:17.577, 22682, 100
2026/08/04 20:42:18.593, 22682, 86
2026/08/04 20:42:19.607, 22682, 100
2026/08/04 20:42:20.618, 22682, 100
2026/08/04 20:42:21.629, 22682, 100
2026/08/04 20:42:22.639, 22682, 100
2026/08/04 20:42:23.647, 22682, 100
2026/08/04 20:42:24.655, 22682, 100
2026/08/04 20:42:25.662, 22682, 100
2026/08/04 20:42:26.668, 22682, 84
2026/08/04 20:42:27.673, 22682, 100
2026/08/04 20:42:28.678, 22682, 100
2026/08/04 20:42:29.683, 22682, 100
2026/08/04 20:42:30.687, 22682, 83
2026/08/04 20:42:31.690, 22682, 100
2026/08/04 20:42:32.694, 22682, 100
2026/08/04 20:42:33.697, 22682, 100
2026/08/04 20:42:34.701, 22682, 100
2026/08/04 20:42:35.703, 22682, 100
2026/08/04 20:42:36.705, 22682, 79
2026/08/04 20:42:37.708, 22682, 100
2026/08/04 20:42:38.710, 22682, 100
2026/08/04 20:42:39.713, 22682, 100
2026/08/04 20:42:40.715, 22682, 100
2026/08/04 20:42:41.718, 22682, 100
2026/08/04 20:42:42.719, 22682, 100
2026/08/04 20:42:43.720, 22682, 84
2026/08/04 20:42:44.722, 22682, 100
2026/08/04 20:42:45.723, 22682, 100
2026/08/04 20:42:46.724, 22682, 100
2026/08/04 20:42:47.726, 22682, 88
2026/08/04 20:42:48.727, 22682, 100
2026/08/04 20:42:49.728, 22682, 100
2026/08/04 20:42:50.728, 22682, 100
2026/08/04 20:42:51.728, 22682, 80
2026/08/04 20:42:52.728, 22682, 100
2026/08/04 20:42:53.729, 22682, 100
2026/08/04 20:42:54.729, 22682, 100
2026/08/04 20:42:55.729, 22682, 100
2026/08/04 20:42:56.730, 22682, 84
2026/08/04 20:42:57.730, 22682, 69
2026/08/04 20:42:58.730, 22682, 100
2026/08/04 20:42:59.730, 22682, 100
2026/08/04 20:43:00.731, 22682, 100
2026/08/04 20:43:01.731, 22682, 100
2026/08/04 20:43:02.731, 22682, 100
2026/08/04 20:43:03.731, 22682, 100
2026/08/04 20:43:04.732, 22682, 100
2026/08/04 20:43:05.732, 22682, 100
2026/08/04 20:43:06.732, 22682, 71
2026/08/04 20:43:07.733, 22682, 100
2026/08/04 20:43:08.733, 22682, 54
2026/08/04 20:43:09.733, 22682, 100
2026/08/04 20:43:10.733, 22682, 81
2026/08/04 20:43:11.734, 22682, 85
2026/08/04 20:43:12.734, 22682, 100
2026/08/04 20:43:13.734, 22682, 100
2026/08/04 20:43:14.734, 22682, 100
2026/08/04 20:43:15.735, 22682, 83
2026/08/04 20:43:16.735, 22682, 100
2026/08/04 20:43:17.735, 22682, 100
2026/08/04 20:43:18.736, 22682, 100
2026/08/04 20:43:19.736, 22682, 93
2026/08/04 20:43:20.736, 22682, 100
2026/08/04 20:43:21.737, 22682, 100
2026/08/04 20:43:22.744, 22682, 99
2026/08/04 20:43:23.752, 22682, 100
2026/08/04 20:43:24.759, 22682, 100
2026/08/04 20:43:25.765, 22682, 100
2026/08/04 20:43:26.770, 22682, 100
2026/08/04 20:43:27.776, 22682, 100
2026/08/04 20:43:28.780, 22682, 92
2026/08/04 20:43:29.784, 22682, 100
2026/08/04 20:43:30.788, 22682, 100
2026/08/04 20:43:31.791, 22682, 100
2026/08/04 20:43:32.795, 22682, 83
2026/08/04 20:43:33.798, 22682, 100
2026/08/04 20:43:34.800, 22682, 100
2026/08/04 20:43:35.803, 22682, 100
2026/08/04 20:43:36.805, 22682, 100
2026/08/04 20:43:37.808, 22682, 100
2026/08/04 20:43:38.810, 22682, 100
2026/08/04 20:43:39.811, 22682, 100
2026/08/04 20:43:40.813, 22682, 100
2026/08/04 20:43:41.814, 22682, 81
2026/08/04 20:43:42.816, 22682, 100
2026/08/04 20:43:43.817, 22682, 100
2026/08/04 20:43:44.819, 22682, 100
2026/08/04 20:43:45.820, 22682, 100
2026/08/04 20:43:46.822, 22682, 100
2026/08/04 20:43:47.823, 22682, 100
2026/08/04 20:43:48.824, 22682, 84
2026/08/04 20:43:49.825, 22682, 100
2026/08/04 20:43:50.827, 22682, 100
2026/08/04 20:43:51.828, 22682, 100
2026/08/04 20:43:52.829, 22682, 100
2026/08/04 20:43:53.831, 22682, 100
2026/08/04 20:43:54.833, 22682, 100
2026/08/04 20:43:55.836, 22682, 83
2026/08/04 20:43:56.838, 22682, 90
2026/08/04 20:43:57.840, 22682, 100
2026/08/04 20:43:58.843, 22682, 84
2026/08/04 20:43:59.845, 22682, 100
2026/08/04 20:44:00.848, 22682, 100
2026/08/04 20:44:01.850, 22682, 100
2026/08/04 20:44:02.853, 22682, 100
2026/08/04 20:44:03.855, 22682, 100
2026/08/04 20:44:04.857, 22682, 100
2026/08/04 20:44:05.860, 22682, 100
2026/08/04 20:44:06.862, 22682, 100
2026/08/04 20:44:07.864, 22682, 100
2026/08/04 20:44:08.865, 22682, 100
2026/08/04 20:44:09.866, 22682, 100
2026/08/04 20:44:10.868, 22682, 100
2026/08/04 20:44:11.869, 22682, 84
2026/08/04 20:44:12.870, 22682, 84
2026/08/04 20:44:13.872, 22682, 85
2026/08/04 20:44:14.873, 22682, 100
2026/08/04 20:44:15.875, 22682, 100
2026/08/04 20:44:16.876, 22682, 100
2026/08/04 20:44:17.877, 22682, 100
2026/08/04 20:44:18.879, 22682, 100
2026/08/04 20:44:19.880, 22682, 85
2026/08/04 20:44:20.882, 22682, 100
2026/08/04 20:44:21.883, 22682, 100
2026/08/04 20:44:22.885, 22682, 96
2026/08/04 20:44:23.886, 22682, 100
2026/08/04 20:44:24.888, 22682, 100
2026/08/04 20:44:25.889, 22682, 100
2026/08/04 20:44:26.891, 22682, 100
2026/08/04 20:44:27.892, 22682, 100
2026/08/04 20:44:28.893, 22682, 100
2026/08/04 20:44:29.895, 22682, 100
2026/08/04 20:44:30.896, 22682, 100
2026/08/04 20:44:31.898, 22682, 100
2026/08/04 20:44:32.899, 22682, 100
2026/08/04 20:44:33.901, 22682, 100
2026/08/04 20:44:34.902, 22682, 100
2026/08/04 20:44:35.904, 22682, 100
2026/08/04 20:44:36.905, 22682, 73
2026/08/04 20:44:37.907, 22682, 100
2026/08/04 20:44:38.908, 22682, 84
2026/08/04 20:44:39.910, 22682, 85
2026/08/04 20:44:40.911, 22682, 98
2026/08/04 20:44:41.913, 22682, 100
2026/08/04 20:44:42.914, 22682, 100
2026/08/04 20:44:43.916, 22682, 100
2026/08/04 20:44:44.917, 22682, 81
2026/08/04 20:44:45.918, 22682, 92
2026/08/04 20:44:46.920, 22682, 100
2026/08/04 20:44:47.921, 22682, 100
2026/08/04 20:44:48.922, 22682, 85
2026/08/04 20:44:49.924, 22682, 100
2026/08/04 20:44:50.925, 22682, 100
2026/08/04 20:44:51.927, 22682, 100
2026/08/04 20:44:52.928, 22682, 100
2026/08/04 20:44:53.929, 22682, 100
2026/08/04 20:44:54.931, 22682, 100
2026/08/04 20:44:55.932, 22682, 100
2026/08/04 20:44:56.934, 22682, 100
2026/08/04 20:44:57.935, 22682, 100
2026/08/04 20:44:58.936, 22682, 100
2026/08/04 20:44:59.943, 22682, 100
2026/08/04 20:45:00.950, 22682, 82
2026/08/04 20:45:01.956, 22682, 100
2026/08/04 20:45:02.963, 22682, 100
2026/08/04 20:45:03.968, 22682, 95
2026/08/04 20:45:04.973, 22682, 84
2026/08/04 20:45:05.979, 22682, 100
2026/08/04 20:45:06.984, 22682, 100
2026/08/04 20:45:07.989, 22682, 100
2026/08/04 20:45:08.993, 22682, 100
2026/08/04 20:45:09.998, 22682, 100
2026/08/04 20:45:11.002, 22682, 85
2026/08/04 20:45:12.006, 22682, 100
2026/08/04 20:45:13.009, 22682, 100
2026/08/04 20:45:14.012, 22682, 100
2026/08/04 20:45:15.016, 22682, 100
2026/08/04 20:45:16.019, 22682, 100
2026/08/04 20:45:17.023, 22682, 84
2026/08/04 20:45:18.026, 22682, 100
2026/08/04 20:45:19.030, 22682, 100
2026/08/04 20:45:20.032, 22682, 100
2026/08/04 20:45:21.035, 22682, 100
2026/08/04 20:45:22.037, 22682, 100
2026/08/04 20:45:23.040, 22682, 100
2026/08/04 20:45:24.042, 22682, 100
2026/08/04 20:45:25.045, 22682, 100
2026/08/04 20:45:26.047, 22682, 100
2026/08/04 20:45:27.050, 22682, 100
2026/08/04 20:45:28.052, 22682, 100
2026/08/04 20:45:29.054, 22682, 100
2026/08/04 20:45:30.057, 22682, 84
2026/08/04 20:45:31.059, 22682, 100
2026/08/04 20:45:32.062, 22682, 100
2026/08/04 20:45:33.063, 22682, 100
2026/08/04 20:45:34.065, 22682, 100
2026/08/04 20:45:35.067, 22682, 89
2026/08/04 20:45:36.069, 22682, 100
2026/08/04 20:45:37.070, 22682, 100
2026/08/04 20:45:38.071, 22682, 100
2026/08/04 20:45:39.073, 22682, 100
2026/08/04 20:45:40.075, 22682, 100
2026/08/04 20:45:41.077, 22682, 100
2026/08/04 20:45:42.079, 22682, 100
2026/08/04 20:45:43.080, 22682, 100
2026/08/04 20:45:44.082, 22682, 100
2026/08/04 20:45:45.083, 22682, 100
2026/08/04 20:45:46.084, 22682, 100
2026/08/04 20:45:47.086, 22682, 100
2026/08/04 20:45:48.087, 22682, 100
2026/08/04 20:45:49.089, 22682, 84
2026/08/04 20:45:50.090, 22682, 100
2026/08/04 20:45:51.092, 22682, 100
2026/08/04 20:45:52.094, 22682, 100
2026/08/04 20:45:53.095, 22682, 100
2026/08/04 20:45:54.097, 22682, 100
2026/08/04 20:45:55.098, 22682, 100
2026/08/04 20:45:56.100, 22682, 100
2026/08/04 20:45:57.101, 22682, 100
2026/08/04 20:45:58.103, 22682, 100
2026/08/04 20:45:59.104, 22682, 100
2026/08/04 20:46:00.106, 22682, 100
2026/08/04 20:46:01.108, 22682, 100
2026/08/04 20:46:02.110, 22682, 100
2026/08/04 20:46:03.111, 22682, 100
2026/08/04 20:46:04.111, 22682, 100
2026/08/04 20:46:05.112, 22682, 85
2026/08/04 20:46:06.112, 22682, 100
2026/08/04 20:46:07.112, 22682, 100
2026/08/04 20:46:08.113, 22682, 100
2026/08/04 20:46:09.113, 22682, 100
2026/08/04 20:46:10.113, 22682, 87
2026/08/04 20:46:11.114, 22682, 100
2026/08/04 20:46:12.114, 22682, 100
2026/08/04 20:46:13.114, 22682, 84
2026/08/04 20:46:14.114, 22682, 100
2026/08/04 20:46:15.115, 22682, 100
2026/08/04 20:46:16.115, 22682, 100
2026/08/04 20:46:17.115, 22682, 100
2026/08/04 20:46:18.116, 22682, 100
2026/08/04 20:46:19.116, 22682, 100
2026/08/04 20:46:20.116, 22682, 100
2026/08/04 20:46:21.152, 22682, 100
2026/08/04 20:46:22.153, 22682, 100
2026/08/04 20:46:23.153, 22682, 80
2026/08/04 20:46:24.153, 22682, 100
2026/08/04 20:46:25.154, 22682, 100
2026/08/04 20:46:26.154, 22682, 100
2026/08/04 20:46:27.154, 22682, 84
2026/08/04 20:46:28.155, 22682, 100
2026/08/04 20:46:29.155, 22682, 100
2026/08/04 20:46:30.155, 22682, 100
2026/08/04 20:46:31.156, 22682, 100
2026/08/04 20:46:32.156, 22682, 100
2026/08/04 20:46:33.156, 22682, 100
2026/08/04 20:46:34.157, 22682, 100
2026/08/04 20:46:35.157, 22682, 100
2026/08/04 20:46:36.157, 22682, 100
2026/08/04 20:46:37.160, 22682, 100
2026/08/04 20:46:38.168, 22682, 84
2026/08/04 20:46:39.176, 22682, 100
2026/08/04 20:46:40.182, 22682, 100
2026/08/04 20:46:41.188, 22682, 91
2026/08/04 20:46:42.193, 22682, 100
2026/08/04 20:46:43.198, 22682, 100
2026/08/04 20:46:44.202, 22682, 100
2026/08/04 20:46:45.205, 22682, 100
2026/08/04 20:46:46.209, 22682, 100
2026/08/04 20:46:47.212, 22682, 100
2026/08/04 20:46:48.216, 22682, 100
2026/08/04 20:46:49.218, 22682, 100
2026/08/04 20:46:50.221, 22682, 83
2026/08/04 20:46:51.223, 22682, 100
2026/08/04 20:46:52.225, 22682, 100
2026/08/04 20:46:53.228, 22682, 100
2026/08/04 20:46:54.230, 22682, 100
2026/08/04 20:46:55.232, 22682, 100
2026/08/04 20:46:56.233, 22682, 100
2026/08/04 20:46:57.234, 22682, 100
2026/08/04 20:46:58.236, 22682, 100
2026/08/04 20:46:59.238, 22682, 100
2026/08/04 20:47:00.239, 22682, 100
2026/08/04 20:47:01.241, 22682, 100
2026/08/04 20:47:02.242, 22682, 100
2026/08/04 20:47:03.244, 22682, 100
2026/08/04 20:47:04.245, 22682, 84
2026/08/04 20:47:05.247, 22682, 100
2026/08/04 20:47:06.248, 22682, 82
2026/08/04 20:47:07.250, 22682, 100
2026/08/04 20:47:08.252, 22682, 100
2026/08/04 20:47:09.252, 22682, 100
2026/08/04 20:47:10.252, 22682, 100
2026/08/04 20:47:11.252, 22682, 100
2026/08/04 20:47:12.253, 22682, 100
2026/08/04 20:47:13.253, 22682, 100
2026/08/04 20:47:14.253, 22682, 100
2026/08/04 20:47:15.254, 22682, 100
2026/08/04 20:47:16.254, 22682, 69
2026/08/04 20:47:17.254, 22682, 94
2026/08/04 20:47:18.255, 22682, 96
2026/08/04 20:47:19.255, 22682, 96
2026/08/04 20:47:20.255, 22682, 100
2026/08/04 20:47:21.256, 22682, 100
2026/08/04 20:47:22.256, 22682, 100
2026/08/04 20:47:23.256, 22682, 100
2026/08/04 20:47:24.257, 22682, 100
2026/08/04 20:47:25.257, 22682, 100
2026/08/04 20:47:26.257, 22682, 100
2026/08/04 20:47:27.258, 22682, 84
2026/08/04 20:47:28.258, 22682, 100
2026/08/04 20:47:29.258, 22682, 100
2026/08/04 20:47:30.259, 22682, 86
2026/08/04 20:47:31.259, 22682, 100
2026/08/04 20:47:32.259, 22682, 100
2026/08/04 20:47:33.260, 22682, 100
2026/08/04 20:47:34.260, 22682, 100
2026/08/04 20:47:35.260, 22682, 100
2026/08/04 20:47:36.260, 22682, 100
2026/08/04 20:47:37.261, 22682, 100
2026/08/04 20:47:38.261, 22682, 100
2026/08/04 20:47:39.261, 22682, 100
2026/08/04 20:47:40.262, 22682, 91
2026/08/04 20:47:41.262, 22682, 100
2026/08/04 20:47:42.269, 22682, 100
2026/08/04 20:47:43.291, 22682, 100
2026/08/04 20:47:44.309, 22682, 100
2026/08/04 20:47:45.326, 22682, 100
2026/08/04 20:47:46.340, 22682, 69
2026/08/04 20:47:47.353, 22682, 100
2026/08/04 20:47:48.365, 22682, 100
2026/08/04 20:47:49.375, 22682, 100
2026/08/04 20:47:50.384, 22682, 100
2026/08/04 20:47:51.392, 22682, 100
2026/08/04 20:47:52.400, 22682, 100
2026/08/04 20:47:53.407, 22682, 100
2026/08/04 20:47:54.412, 22682, 100
2026/08/04 20:47:55.418, 22682, 100
2026/08/04 20:47:56.422, 22682, 93
2026/08/04 20:47:57.427, 22682, 100
2026/08/04 20:47:58.431, 22682, 100
2026/08/04 20:47:59.434, 22682, 100
2026/08/04 20:48:00.437, 22682, 100
2026/08/04 20:48:01.441, 22682, 100
2026/08/04 20:48:02.443, 22682, 100
2026/08/04 20:48:03.446, 22682, 100
2026/08/04 20:48:04.448, 22682, 100
2026/08/04 20:48:05.451, 22682, 86
2026/08/04 20:48:06.454, 22682, 100
2026/08/04 20:48:07.455, 22682, 100
2026/08/04 20:48:08.458, 22682, 100
2026/08/04 20:48:09.460, 22682, 85
2026/08/04 20:48:10.461, 22682, 100
2026/08/04 20:48:11.463, 22682, 100
2026/08/04 20:48:12.464, 22682, 100
2026/08/04 20:48:13.466, 22682, 100
2026/08/04 20:48:14.466, 22682, 100
2026/08/04 20:48:15.466, 22682, 88
2026/08/04 20:48:16.467, 22682, 100
2026/08/04 20:48:17.467, 22682, 75
2026/08/04 20:48:18.467, 22682, 100
2026/08/04 20:48:19.467, 22682, 89
2026/08/04 20:48:20.468, 22682, 100
2026/08/04 20:48:21.468, 22682, 100
2026/08/04 20:48:22.468, 22682, 100
2026/08/04 20:48:23.469, 22682, 100
2026/08/04 20:48:24.469, 22682, 84
2026/08/04 20:48:25.469, 22682, 100
2026/08/04 20:48:26.470, 22682, 100
2026/08/04 20:48:27.470, 22682, 100
2026/08/04 20:48:28.470, 22682, 100
2026/08/04 20:48:29.471, 22682, 94
2026/08/04 20:48:30.471, 22682, 100
2026/08/04 20:48:31.471, 22682, 100
2026/08/04 20:48:32.471, 22682, 100
2026/08/04 20:48:33.472, 22682, 100
2026/08/04 20:48:34.474, 22682, 100
2026/08/04 20:48:35.474, 22682, 100
2026/08/04 20:48:36.475, 22682, 84
2026/08/04 20:48:37.475, 22682, 100
2026/08/04 20:48:38.475, 22682, 100
2026/08/04 20:48:39.475, 22682, 100
2026/08/04 20:48:40.476, 22682, 97
2026/08/04 20:48:41.476, 22682, 99
2026/08/04 20:48:42.476, 22682, 100
2026/08/04 20:48:43.477, 22682, 100
2026/08/04 20:48:44.477, 22682, 100
2026/08/04 20:48:45.477, 22682, 100
2026/08/04 20:48:46.477, 22682, 100
2026/08/04 20:48:47.487, 22682, 100
2026/08/04 20:48:48.505, 22682, 100
2026/08/04 20:48:49.520, 22682, 100
2026/08/04 20:48:50.534, 22682, 100
2026/08/04 20:48:51.546, 22682, 86
2026/08/04 20:48:52.556, 22682, 100
2026/08/04 20:48:53.566, 22682, 100
2026/08/04 20:48:54.575, 22682, 100
2026/08/04 20:48:55.583, 22682, 100
2026/08/04 20:48:56.590, 22682, 100
2026/08/04 20:48:57.596, 22682, 100
2026/08/04 20:48:58.602, 22682, 100
2026/08/04 20:48:59.607, 22682, 100
2026/08/04 20:49:00.613, 22682, 100
2026/08/04 20:49:01.617, 22682, 100
2026/08/04 20:49:02.621, 22682, 100
2026/08/04 20:49:03.624, 22682, 100
2026/08/04 20:49:04.627, 22682, 100
2026/08/04 20:49:05.631, 22682, 100
2026/08/04 20:49:06.633, 22682, 100
2026/08/04 20:49:07.635, 22682, 100
2026/08/04 20:49:08.638, 22682, 100
2026/08/04 20:49:09.640, 22682, 86
2026/08/04 20:49:10.642, 22682, 100
2026/08/04 20:49:11.644, 22682, 84
2026/08/04 20:49:12.647, 22682, 100
2026/08/04 20:49:13.648, 22682, 100
2026/08/04 20:49:14.650, 22682, 100
2026/08/04 20:49:15.652, 22682, 100
2026/08/04 20:49:16.653, 22682, 100
2026/08/04 20:49:17.655, 22682, 100
2026/08/04 20:49:18.656, 22682, 0
2026/08/04 20:49:19.657, 22682, 10
2026/08/04 20:49:20.659, 22682, 1
2026/08/04 20:49:21.659, 22682, 100
2026/08/04 20:49:22.660, 22682, 100
2026/08/04 20:49:23.660, 22682, 100
2026/08/04 20:49:24.660, 22682, 100
2026/08/04 20:49:25.661, 22682, 100
2026/08/04 20:49:26.661, 22682, 69
2026/08/04 20:49:27.661, 22682, 100
2026/08/04 20:49:28.662, 22682, 100
2026/08/04 20:49:29.662, 22682, 68
2026/08/04 20:49:30.662, 22682, 100
2026/08/04 20:49:31.663, 22682, 100
2026/08/04 20:49:32.663, 22682, 100
2026/08/04 20:49:33.663, 22682, 100
2026/08/04 20:49:34.664, 22682, 100
2026/08/04 20:49:35.664, 22682, 100
2026/08/04 20:49:36.664, 22682, 100
2026/08/04 20:49:37.664, 22682, 95
2026/08/04 20:49:38.665, 22682, 100
2026/08/04 20:49:39.665, 22682, 100
2026/08/04 20:49:40.665, 22682, 100
2026/08/04 20:49:41.666, 22682, 100
2026/08/04 20:49:42.666, 22682, 100
2026/08/04 20:49:43.666, 22682, 100
2026/08/04 20:49:44.666, 22682, 100
2026/08/04 20:49:45.667, 22682, 100
2026/08/04 20:49:46.667, 22682, 100
2026/08/04 20:49:47.667, 22682, 100
2026/08/04 20:49:48.668, 22682, 100
2026/08/04 20:49:49.668, 22682, 100
2026/08/04 20:49:50.668, 22682, 100
2026/08/04 20:49:51.669, 22682, 100
2026/08/04 20:49:52.683, 22682, 82
2026/08/04 20:49:53.703, 22682, 100
2026/08/04 20:49:54.721, 22682, 83
2026/08/04 20:49:55.737, 22682, 100
2026/08/04 20:49:56.751, 22682, 100
2026/08/04 20:49:57.763, 22682, 100
2026/08/04 20:49:58.774, 22682, 100
2026/08/04 20:49:59.784, 22682, 100
2026/08/04 20:50:00.792, 22682, 97
2026/08/04 20:50:01.800, 22682, 100
2026/08/04 20:50:02.806, 22682, 100
2026/08/04 20:50:03.812, 22682, 100
2026/08/04 20:50:04.817, 22682, 100
2026/08/04 20:50:05.822, 22682, 100
2026/08/04 20:50:06.827, 22682, 100
2026/08/04 20:50:07.831, 22682, 100
2026/08/04 20:50:08.834, 22682, 68
2026/08/04 20:50:09.837, 22682, 84
2026/08/04 20:50:10.840, 22682, 100
2026/08/04 20:50:11.843, 22682, 100
2026/08/04 20:50:12.845, 22682, 81
2026/08/04 20:50:13.847, 22682, 82
2026/08/04 20:50:14.850, 22682, 100
2026/08/04 20:50:15.853, 22682, 100
2026/08/04 20:50:16.855, 22682, 100
2026/08/04 20:50:17.857, 22682, 100
2026/08/04 20:50:18.859, 22682, 100
2026/08/04 20:50:19.861, 22682, 100
2026/08/04 20:50:20.863, 22682, 100
2026/08/04 20:50:21.864, 22682, 82
2026/08/04 20:50:22.866, 22682, 100
2026/08/04 20:50:23.868, 22682, 100
2026/08/04 20:50:24.868, 22682, 100
2026/08/04 20:50:25.868, 22682, 100
2026/08/04 20:50:26.868, 22682, 100
2026/08/04 20:50:27.868, 22682, 100
2026/08/04 20:50:28.869, 22682, 100
2026/08/04 20:50:29.869, 22682, 100
2026/08/04 20:50:30.869, 22682, 100
2026/08/04 20:50:31.869, 22682, 100
2026/08/04 20:50:32.870, 22682, 100
2026/08/04 20:50:33.870, 22682, 100
2026/08/04 20:50:34.870, 22682, 98
2026/08/04 20:50:35.870, 22682, 100
2026/08/04 20:50:36.871, 22682, 100
2026/08/04 20:50:37.871, 22682, 100
2026/08/04 20:50:38.871, 22682, 100
2026/08/04 20:50:39.871, 22682, 100
2026/08/04 20:50:40.872, 22682, 100
2026/08/04 20:50:41.872, 22682, 93
2026/08/04 20:50:42.872, 22682, 100
2026/08/04 20:50:43.872, 22682, 100
2026/08/04 20:50:44.872, 22682, 100
2026/08/04 20:50:45.873, 22682, 100
2026/08/04 20:50:46.873, 22682, 100
2026/08/04 20:50:47.873, 22682, 100
2026/08/04 20:50:48.873, 22682, 100
2026/08/04 20:50:49.873, 22682, 100
2026/08/04 20:50:50.874, 22682, 100
2026/08/04 20:50:51.874, 22682, 100
2026/08/04 20:50:52.874, 22682, 100
2026/08/04 20:50:53.874, 22682, 74
2026/08/04 20:50:54.875, 22682, 100
2026/08/04 20:50:55.875, 22682, 100
2026/08/04 20:50:56.875, 22682, 100
2026/08/04 20:50:57.884, 22682, 100
2026/08/04 20:50:58.894, 22682, 100
2026/08/04 20:50:59.902, 22682, 100
2026/08/04 20:51:00.910, 22682, 100
2026/08/04 20:51:01.917, 22682, 100
2026/08/04 20:51:02.923, 22682, 100
2026/08/04 20:51:03.928, 22682, 100
2026/08/04 20:51:04.932, 22682, 100
2026/08/04 20:51:05.937, 22682, 100
2026/08/04 20:51:06.942, 22682, 81
2026/08/04 20:51:07.946, 22682, 100
2026/08/04 20:51:08.949, 22682, 100
2026/08/04 20:51:09.952, 22682, 81
2026/08/04 20:51:10.955, 22682, 100
2026/08/04 20:51:11.958, 22682, 100
2026/08/04 20:51:12.960, 22682, 100
2026/08/04 20:51:13.963, 22682, 100
2026/08/04 20:51:14.965, 22682, 100
2026/08/04 20:51:15.967, 22682, 81
2026/08/04 20:51:16.970, 22682, 100
2026/08/04 20:51:17.972, 22682, 100
2026/08/04 20:51:18.973, 22682, 100
2026/08/04 20:51:19.975, 22682, 100
2026/08/04 20:51:20.976, 22682, 100
2026/08/04 20:51:21.978, 22682, 100
2026/08/04 20:51:22.979, 22682, 85
2026/08/04 20:51:23.981, 22682, 100
2026/08/04 20:51:24.982, 22682, 82
2026/08/04 20:51:25.984, 22682, 100
2026/08/04 20:51:26.985, 22682, 100
2026/08/04 20:51:27.986, 22682, 100
2026/08/04 20:51:28.988, 22682, 100
2026/08/04 20:51:29.989, 22682, 100
2026/08/04 20:51:31.007, 22682, 100
2026/08/04 20:51:32.022, 22682, 100
2026/08/04 20:51:33.036, 22682, 100
2026/08/04 20:51:34.048, 22682, 100
2026/08/04 20:51:35.059, 22682, 83
2026/08/04 20:51:36.068, 22682, 100
2026/08/04 20:51:37.077, 22682, 100
2026/08/04 20:51:38.084, 22682, 100
2026/08/04 20:51:39.091, 22682, 100
2026/08/04 20:51:40.097, 22682, 100
2026/08/04 20:51:41.103, 22682, 84
2026/08/04 20:51:42.108, 22682, 100
2026/08/04 20:51:43.113, 22682, 100
2026/08/04 20:51:44.117, 22682, 100
2026/08/04 20:51:45.120, 22682, 100
2026/08/04 20:51:46.124, 22682, 100
2026/08/04 20:51:47.127, 22682, 98
2026/08/04 20:51:48.131, 22682, 84
2026/08/04 20:51:49.133, 22682, 100
2026/08/04 20:51:50.136, 22682, 100
2026/08/04 20:51:51.138, 22682, 100
2026/08/04 20:51:52.141, 22682, 100
2026/08/04 20:51:53.143, 22682, 100
2026/08/04 20:51:54.145, 22682, 100
2026/08/04 20:51:55.147, 22682, 100
2026/08/04 20:51:56.149, 22682, 100
2026/08/04 20:51:57.150, 22682, 100
2026/08/04 20:51:58.151, 22682, 100
2026/08/04 20:51:59.153, 22682, 100
2026/08/04 20:52:00.154, 22682, 100
2026/08/04 20:52:01.156, 22682, 100
2026/08/04 20:52:02.156, 22682, 82
2026/08/04 20:52:03.156, 22682, 100
2026/08/04 20:52:04.156, 22682, 100
2026/08/04 20:52:05.157, 22682, 100
2026/08/04 20:52:06.157, 22682, 100
2026/08/04 20:52:07.157, 22682, 100
2026/08/04 20:52:08.158, 22682, 100
2026/08/04 20:52:09.158, 22682, 84
2026/08/04 20:52:10.158, 22682, 100
2026/08/04 20:52:11.158, 22682, 84
2026/08/04 20:52:12.159, 22682, 100
2026/08/04 20:52:13.159, 22682, 82
2026/08/04 20:52:14.159, 22682, 100
2026/08/04 20:52:15.160, 22682, 100
2026/08/04 20:52:16.160, 22682, 100
2026/08/04 20:52:17.160, 22682, 100
2026/08/04 20:52:18.161, 22682, 100
2026/08/04 20:52:19.161, 22682, 100
2026/08/04 20:52:20.161, 22682, 100
2026/08/04 20:52:21.162, 22682, 100
2026/08/04 20:52:22.162, 22682, 100
2026/08/04 20:52:23.162, 22682, 100
2026/08/04 20:52:24.162, 22682, 91
2026/08/04 20:52:25.163, 22682, 70
2026/08/04 20:52:26.163, 22682, 83
2026/08/04 20:52:27.163, 22682, 100
2026/08/04 20:52:28.164, 22682, 92
2026/08/04 20:52:29.164, 22682, 100
2026/08/04 20:52:30.164, 22682, 100
2026/08/04 20:52:31.165, 22682, 100
2026/08/04 20:52:32.165, 22682, 100
2026/08/04 20:52:33.165, 22682, 100
2026/08/04 20:52:34.166, 22682, 83
2026/08/04 20:52:35.169, 22682, 100
2026/08/04 20:52:36.190, 22682, 84
2026/08/04 20:52:37.208, 22682, 99
2026/08/04 20:52:38.225, 22682, 83
2026/08/04 20:52:39.239, 22682, 100
2026/08/04 20:52:40.252, 22682, 100
2026/08/04 20:52:41.263, 22682, 100
2026/08/04 20:52:42.274, 22682, 99
2026/08/04 20:52:43.283, 22682, 86
2026/08/04 20:52:44.291, 22682, 84
2026/08/04 20:52:45.299, 22682, 100
2026/08/04 20:52:46.305, 22682, 100
2026/08/04 20:52:47.311, 22682, 100
2026/08/04 20:52:48.316, 22682, 100
2026/08/04 20:52:49.320, 22682, 100
2026/08/04 20:52:50.325, 22682, 100
2026/08/04 20:52:51.328, 22682, 100
2026/08/04 20:52:52.332, 22682, 100
2026/08/04 20:52:53.335, 22682, 100
2026/08/04 20:52:54.338, 22682, 100
2026/08/04 20:52:55.340, 22682, 90
2026/08/04 20:52:56.342, 22682, 100
2026/08/04 20:52:57.345, 22682, 100
2026/08/04 20:52:58.347, 22682, 100
2026/08/04 20:52:59.349, 22682, 100
2026/08/04 20:53:00.351, 22682, 100
2026/08/04 20:53:01.353, 22682, 100
2026/08/04 20:53:02.355, 22682, 100
2026/08/04 20:53:03.356, 22682, 100
2026/08/04 20:53:04.358, 22682, 100
2026/08/04 20:53:05.359, 22682, 100
2026/08/04 20:53:06.361, 22682, 100
2026/08/04 20:53:07.363, 22682, 73
2026/08/04 20:53:08.363, 22682, 100
2026/08/04 20:53:09.363, 22682, 88
2026/08/04 20:53:10.364, 22682, 100
2026/08/04 20:53:11.364, 22682, 100
2026/08/04 20:53:12.364, 22682, 100
2026/08/04 20:53:13.365, 22682, 100
2026/08/04 20:53:14.365, 22682, 100
2026/08/04 20:53:15.365, 22682, 100
2026/08/04 20:53:16.365, 22682, 100
2026/08/04 20:53:17.366, 22682, 96
2026/08/04 20:53:18.366, 22682, 100
2026/08/04 20:53:19.366, 22682, 100
2026/08/04 20:53:20.367, 22682, 100
2026/08/04 20:53:21.367, 22682, 65
2026/08/04 20:53:22.367, 22682, 100
2026/08/04 20:53:23.368, 22682, 84
2026/08/04 20:53:24.368, 22682, 100
2026/08/04 20:53:25.368, 22682, 100
2026/08/04 20:53:26.368, 22682, 100
2026/08/04 20:53:27.369, 22682, 84
2026/08/04 20:53:28.369, 22682, 100
2026/08/04 20:53:29.369, 22682, 87
2026/08/04 20:53:30.370, 22682, 100
2026/08/04 20:53:31.370, 22682, 100
2026/08/04 20:53:32.370, 22682, 100
2026/08/04 20:53:33.371, 22682, 100
2026/08/04 20:53:34.371, 22682, 100
2026/08/04 20:53:35.371, 22682, 100
2026/08/04 20:53:36.372, 22682, 100
2026/08/04 20:53:37.372, 22682, 100
2026/08/04 20:53:38.372, 22682, 100
2026/08/04 20:53:39.373, 22682, 100
2026/08/04 20:53:40.373, 22682, 100
2026/08/04 20:53:41.380, 22682, 100
2026/08/04 20:53:42.395, 22682, 100
2026/08/04 20:53:43.407, 22682, 100
2026/08/04 20:53:44.419, 22682, 100
2026/08/04 20:53:45.430, 22682, 86
2026/08/04 20:53:46.438, 22682, 100
2026/08/04 20:53:47.447, 22682, 100
2026/08/04 20:53:48.454, 22682, 88
2026/08/04 20:53:49.460, 22682, 100
2026/08/04 20:53:50.467, 22682, 85
2026/08/04 20:53:51.472, 22682, 100
2026/08/04 20:53:52.476, 22682, 100
2026/08/04 20:53:53.480, 22682, 100
2026/08/04 20:53:54.484, 22682, 100
2026/08/04 20:53:55.488, 22682, 100
2026/08/04 20:53:56.491, 22682, 100
2026/08/04 20:53:57.494, 22682, 100
2026/08/04 20:53:58.497, 22682, 100
2026/08/04 20:53:59.500, 22682, 100
2026/08/04 20:54:00.503, 22682, 100
2026/08/04 20:54:01.505, 22682, 100
2026/08/04 20:54:02.507, 22682, 100
2026/08/04 20:54:03.509, 22682, 100
2026/08/04 20:54:04.513, 22682, 84
2026/08/04 20:54:05.514, 22682, 100
2026/08/04 20:54:06.516, 22682, 100
2026/08/04 20:54:07.517, 22682, 100
2026/08/04 20:54:08.519, 22682, 84
2026/08/04 20:54:09.520, 22682, 100
2026/08/04 20:54:10.522, 22682, 100
2026/08/04 20:54:11.523, 22682, 100
2026/08/04 20:54:12.525, 22682, 100
2026/08/04 20:54:13.525, 22682, 87
2026/08/04 20:54:14.525, 22682, 100
2026/08/04 20:54:15.525, 22682, 100
2026/08/04 20:54:16.526, 22682, 100
2026/08/04 20:54:17.526, 22682, 100
2026/08/04 20:54:18.526, 22682, 100
2026/08/04 20:54:19.527, 22682, 70
2026/08/04 20:54:20.527, 22682, 100
2026/08/04 20:54:21.527, 22682, 100
2026/08/04 20:54:22.528, 22682, 100
2026/08/04 20:54:23.528, 22682, 84
2026/08/04 20:54:24.528, 22682, 76
2026/08/04 20:54:25.529, 22682, 100
2026/08/04 20:54:26.529, 22682, 100
2026/08/04 20:54:27.529, 22682, 100
2026/08/04 20:54:28.530, 22682, 100
2026/08/04 20:54:29.530, 22682, 100
2026/08/04 20:54:30.530, 22682, 100
2026/08/04 20:54:31.530, 22682, 100
2026/08/04 20:54:32.531, 22682, 84
2026/08/04 20:54:33.531, 22682, 100
2026/08/04 20:54:34.531, 22682, 100
2026/08/04 20:54:35.532, 22682, 100
2026/08/04 20:54:36.532, 22682, 100
2026/08/04 20:54:37.532, 22682, 100
2026/08/04 20:54:38.533, 22682, 100
2026/08/04 20:54:39.533, 22682, 100
2026/08/04 20:54:40.533, 22682, 100
2026/08/04 20:54:41.533, 22682, 100
2026/08/04 20:54:42.534, 22682, 100
2026/08/04 20:54:43.534, 22682, 100
2026/08/04 20:54:44.535, 22682, 100
2026/08/04 20:54:45.535, 22682, 100
2026/08/04 20:54:46.535, 22682, 100
2026/08/04 20:54:47.535, 22682, 100
2026/08/04 20:54:48.536, 22682, 100
2026/08/04 20:54:49.536, 22682, 100
2026/08/04 20:54:50.536, 22682, 100
2026/08/04 20:54:51.537, 22682, 100
2026/08/04 20:54:52.537, 22682, 100
2026/08/04 20:54:53.537, 22682, 100
2026/08/04 20:54:54.538, 22682, 100
2026/08/04 20:54:55.538, 22682, 100
2026/08/04 20:54:56.538, 22682, 100
2026/08/04 20:54:57.539, 22682, 100
2026/08/04 20:54:58.539, 22682, 100
2026/08/04 20:54:59.539, 22682, 100
2026/08/04 20:55:00.539, 22682, 100
2026/08/04 20:55:01.540, 22682, 100
2026/08/04 20:55:02.540, 22682, 69
2026/08/04 20:55:03.540, 22682, 100
2026/08/04 20:55:04.541, 22682, 100
2026/08/04 20:55:05.541, 22682, 100
2026/08/04 20:55:06.541, 22682, 84
2026/08/04 20:55:07.541, 22682, 100
2026/08/04 20:55:08.542, 22682, 100
2026/08/04 20:55:09.542, 22682, 100
2026/08/04 20:55:10.542, 22682, 100
2026/08/04 20:55:11.543, 22682, 100
2026/08/04 20:55:12.543, 22682, 100
2026/08/04 20:55:13.543, 22682, 100
2026/08/04 20:55:14.544, 22682, 100
2026/08/04 20:55:15.544, 22682, 100
2026/08/04 20:55:16.544, 22682, 100
2026/08/04 20:55:17.544, 22682, 100
2026/08/04 20:55:18.550, 22682, 100
2026/08/04 20:55:19.561, 22682, 100
2026/08/04 20:55:20.571, 22682, 100
2026/08/04 20:55:21.579, 22682, 100
2026/08/04 20:55:22.587, 22682, 82
2026/08/04 20:55:23.593, 22682, 100
2026/08/04 20:55:24.600, 22682, 86
2026/08/04 20:55:25.605, 22682, 100
2026/08/04 20:55:26.610, 22682, 100
2026/08/04 20:55:27.615, 22682, 100
2026/08/04 20:55:28.619, 22682, 100
2026/08/04 20:55:29.623, 22682, 100
2026/08/04 20:55:30.626, 22682, 100
2026/08/04 20:55:31.630, 22682, 100
2026/08/04 20:55:32.633, 22682, 100
2026/08/04 20:55:33.635, 22682, 100
2026/08/04 20:55:34.638, 22682, 100
2026/08/04 20:55:35.641, 22682, 100
2026/08/04 20:55:36.644, 22682, 100
2026/08/04 20:55:37.646, 22682, 100
2026/08/04 20:55:38.648, 22682, 100
2026/08/04 20:55:39.650, 22682, 100
2026/08/04 20:55:40.652, 22682, 100
2026/08/04 20:55:41.654, 22682, 100
2026/08/04 20:55:42.655, 22682, 100
2026/08/04 20:55:43.657, 22682, 100
2026/08/04 20:55:44.659, 22682, 81
2026/08/04 20:55:45.661, 22682, 100
2026/08/04 20:55:46.662, 22682, 100
2026/08/04 20:55:47.664, 22682, 100
2026/08/04 20:55:48.665, 22682, 100
2026/08/04 20:55:49.667, 22682, 100
2026/08/04 20:55:50.668, 22682, 100
2026/08/04 20:55:51.669, 22682, 100
2026/08/04 20:55:52.671, 22682, 100
2026/08/04 20:55:53.672, 22682, 84
2026/08/04 20:55:54.674, 22682, 75
2026/08/04 20:55:55.675, 22682, 100
2026/08/04 20:55:56.677, 22682, 100
2026/08/04 20:55:57.678, 22682, 100
2026/08/04 20:55:58.680, 22682, 93
2026/08/04 20:55:59.681, 22682, 100
2026/08/04 20:56:00.683, 22682, 100
2026/08/04 20:56:01.684, 22682, 100
2026/08/04 20:56:02.686, 22682, 100
2026/08/04 20:56:03.687, 22682, 100
2026/08/04 20:56:04.689, 22682, 100
2026/08/04 20:56:05.690, 22682, 100
2026/08/04 20:56:06.692, 22682, 100
2026/08/04 20:56:07.693, 22682, 100
2026/08/04 20:56:08.694, 22682, 100
2026/08/04 20:56:09.696, 22682, 100
2026/08/04 20:56:10.696, 22682, 100
2026/08/04 20:56:11.698, 22682, 100
2026/08/04 20:56:12.699, 22682, 100
2026/08/04 20:56:13.699, 22682, 100
2026/08/04 20:56:14.701, 22682, 100
2026/08/04 20:56:15.702, 22682, 100
2026/08/04 20:56:16.703, 22682, 100
2026/08/04 20:56:17.705, 22682, 100
2026/08/04 20:56:18.705, 22682, 100
2026/08/04 20:56:19.707, 22682, 100
2026/08/04 20:56:20.708, 22682, 100
2026/08/04 20:56:21.710, 22682, 100
2026/08/04 20:56:22.711, 22682, 84
2026/08/04 20:56:23.713, 22682, 83
2026/08/04 20:56:24.714, 22682, 100
2026/08/04 20:56:25.716, 22682, 100
2026/08/04 20:56:26.717, 22682, 93
2026/08/04 20:56:27.719, 22682, 100
2026/08/04 20:56:28.720, 22682, 77
2026/08/04 20:56:29.722, 22682, 100
2026/08/04 20:56:30.722, 22682, 84
2026/08/04 20:56:31.723, 22682, 100
2026/08/04 20:56:32.725, 22682, 100
2026/08/04 20:56:33.726, 22682, 100
2026/08/04 20:56:34.727, 22682, 84
2026/08/04 20:56:35.729, 22682, 100
2026/08/04 20:56:36.729, 22682, 100
2026/08/04 20:56:37.731, 22682, 100
2026/08/04 20:56:38.733, 22682, 100
2026/08/04 20:56:39.734, 22682, 100
2026/08/04 20:56:40.734, 22682, 71
2026/08/04 20:56:41.736, 22682, 100
2026/08/04 20:56:42.738, 22682, 100
2026/08/04 20:56:43.739, 22682, 100
2026/08/04 20:56:44.740, 22682, 100
2026/08/04 20:56:45.742, 22682, 100
2026/08/04 20:56:46.743, 22682, 100
2026/08/04 20:56:47.745, 22682, 100
2026/08/04 20:56:48.746, 22682, 100
2026/08/04 20:56:49.748, 22682, 100
2026/08/04 20:56:50.749, 22682, 82
2026/08/04 20:56:51.750, 22682, 100
2026/08/04 20:56:52.752, 22682, 71
2026/08/04 20:56:53.753, 22682, 100
2026/08/04 20:56:54.755, 22682, 100
2026/08/04 20:56:55.756, 22682, 100
2026/08/04 20:56:56.762, 22682, 100
2026/08/04 20:56:57.770, 22682, 84
2026/08/04 20:56:58.776, 22682, 100
2026/08/04 20:56:59.783, 22682, 100
2026/08/04 20:57:00.789, 22682, 100
2026/08/04 20:57:01.795, 22682, 100
2026/08/04 20:57:02.801, 22682, 100
2026/08/04 20:57:03.806, 22682, 100
2026/08/04 20:57:04.811, 22682, 82
2026/08/04 20:57:05.816, 22682, 100
2026/08/04 20:57:06.821, 22682, 100
2026/08/04 20:57:07.824, 22682, 82
2026/08/04 20:57:08.828, 22682, 100
2026/08/04 20:57:09.833, 22682, 100
2026/08/04 20:57:10.837, 22682, 100
2026/08/04 20:57:11.840, 22682, 100
2026/08/04 20:57:12.844, 22682, 84
2026/08/04 20:57:13.847, 22682, 100
2026/08/04 20:57:14.850, 22682, 100
2026/08/04 20:57:15.854, 22682, 100
2026/08/04 20:57:16.857, 22682, 100
2026/08/04 20:57:17.860, 22682, 100
2026/08/04 20:57:18.862, 22682, 100
2026/08/04 20:57:19.865, 22682, 100
2026/08/04 20:57:20.867, 22682, 100
2026/08/04 20:57:21.870, 22682, 100
2026/08/04 20:57:22.873, 22682, 100
2026/08/04 20:57:23.875, 22682, 100
2026/08/04 20:57:24.878, 22682, 100
2026/08/04 20:57:25.880, 22682, 100
2026/08/04 20:57:26.882, 22682, 100
2026/08/04 20:57:27.884, 22682, 100
2026/08/04 20:57:28.886, 22682, 100
2026/08/04 20:57:29.889, 22682, 100
2026/08/04 20:57:30.891, 22682, 100
2026/08/04 20:57:31.893, 22682, 100
2026/08/04 20:57:32.896, 22682, 92
2026/08/04 20:57:33.898, 22682, 100
2026/08/04 20:57:34.900, 22682, 100
2026/08/04 20:57:35.901, 22682, 100
2026/08/04 20:57:36.902, 22682, 100
2026/08/04 20:57:37.904, 22682, 100
2026/08/04 20:57:38.905, 22682, 100
2026/08/04 20:57:39.906, 22682, 100
2026/08/04 20:57:40.908, 22682, 100
2026/08/04 20:57:41.909, 22682, 98
2026/08/04 20:57:42.911, 22682, 100
2026/08/04 20:57:43.912, 22682, 100
2026/08/04 20:57:44.914, 22682, 100
2026/08/04 20:57:45.915, 22682, 100
2026/08/04 20:57:46.917, 22682, 100
2026/08/04 20:57:47.918, 22682, 100
2026/08/04 20:57:48.920, 22682, 84
2026/08/04 20:57:49.921, 22682, 100
2026/08/04 20:57:50.923, 22682, 100
2026/08/04 20:57:51.925, 22682, 100
2026/08/04 20:57:52.926, 22682, 100
2026/08/04 20:57:53.927, 22682, 100
2026/08/04 20:57:54.929, 22682, 100
2026/08/04 20:57:55.930, 22682, 100
2026/08/04 20:57:56.931, 22682, 100
2026/08/04 20:57:57.933, 22682, 100
2026/08/04 20:57:58.934, 22682, 100
2026/08/04 20:57:59.936, 22682, 100
2026/08/04 20:58:00.936, 22682, 100
2026/08/04 20:58:01.936, 22682, 100
2026/08/04 20:58:02.937, 22682, 100
2026/08/04 20:58:03.937, 22682, 100
2026/08/04 20:58:04.937, 22682, 100
2026/08/04 20:58:05.938, 22682, 100
2026/08/04 20:58:06.938, 22682, 100
2026/08/04 20:58:07.938, 22682, 95
2026/08/04 20:58:08.939, 22682, 100
2026/08/04 20:58:09.939, 22682, 100
2026/08/04 20:58:10.939, 22682, 100
2026/08/04 20:58:11.940, 22682, 100
2026/08/04 20:58:12.940, 22682, 100
2026/08/04 20:58:13.940, 22682, 100
2026/08/04 20:58:14.941, 22682, 67
2026/08/04 20:58:15.941, 22682, 86
2026/08/04 20:58:16.941, 22682, 100
2026/08/04 20:58:17.942, 22682, 100
2026/08/04 20:58:18.942, 22682, 100
2026/08/04 20:58:19.942, 22682, 82
2026/08/04 20:58:20.943, 22682, 100
2026/08/04 20:58:21.943, 22682, 100
2026/08/04 20:58:22.943, 22682, 100
2026/08/04 20:58:23.943, 22682, 100
2026/08/04 20:58:24.944, 22682, 100
2026/08/04 20:58:25.944, 22682, 100
2026/08/04 20:58:26.944, 22682, 100
2026/08/04 20:58:27.945, 22682, 100
2026/08/04 20:58:28.945, 22682, 100
2026/08/04 20:58:29.945, 22682, 100
2026/08/04 20:58:30.946, 22682, 100
2026/08/04 20:58:31.946, 22682, 100
2026/08/04 20:58:32.946, 22682, 100
2026/08/04 20:58:33.962, 22682, 82
2026/08/04 20:58:34.978, 22682, 100
2026/08/04 20:58:35.992, 22682, 100
2026/08/04 20:58:37.003, 22682, 100
2026/08/04 20:58:38.014, 22682, 71
2026/08/04 20:58:39.023, 22682, 100
2026/08/04 20:58:40.032, 22682, 100
2026/08/04 20:58:41.039, 22682, 100
2026/08/04 20:58:42.046, 22682, 100
2026/08/04 20:58:43.052, 22682, 100
2026/08/04 20:58:44.058, 22682, 100
2026/08/04 20:58:45.063, 22682, 100
2026/08/04 20:58:46.068, 22682, 100
2026/08/04 20:58:47.072, 22682, 100
2026/08/04 20:58:48.075, 22682, 100
2026/08/04 20:58:49.079, 22682, 100
2026/08/04 20:58:50.082, 22682, 100
2026/08/04 20:58:51.086, 22682, 100
2026/08/04 20:58:52.088, 22682, 100
2026/08/04 20:58:53.090, 22682, 84
2026/08/04 20:58:54.093, 22682, 100
2026/08/04 20:58:55.095, 22682, 100
2026/08/04 20:58:56.098, 22682, 100
2026/08/04 20:58:57.100, 22682, 100
2026/08/04 20:58:58.102, 22682, 100
2026/08/04 20:58:59.103, 22682, 100
2026/08/04 20:59:00.105, 22682, 100
2026/08/04 20:59:01.106, 22682, 100
2026/08/04 20:59:02.107, 22682, 100
2026/08/04 20:59:03.109, 22682, 100
2026/08/04 20:59:04.110, 22682, 100
2026/08/04 20:59:05.112, 22682, 100
2026/08/04 20:59:06.115, 22682, 94
2026/08/04 20:59:07.134, 22682, 100
2026/08/04 20:59:08.150, 22682, 100
2026/08/04 20:59:09.165, 22682, 100
2026/08/04 20:59:10.177, 22682, 100
2026/08/04 20:59:11.188, 22682, 100
2026/08/04 20:59:12.198, 22682, 100
2026/08/04 20:59:13.207, 22682, 100
2026/08/04 20:59:14.214, 22682, 100
2026/08/04 20:59:15.222, 22682, 100
2026/08/04 20:59:16.228, 22682, 84
2026/08/04 20:59:17.234, 22682, 100
2026/08/04 20:59:18.239, 22682, 100
2026/08/04 20:59:19.244, 22682, 100
2026/08/04 20:59:20.248, 22682, 100
2026/08/04 20:59:21.252, 22682, 100
2026/08/04 20:59:22.256, 22682, 100
2026/08/04 20:59:23.259, 22682, 100
2026/08/04 20:59:24.263, 22682, 100
2026/08/04 20:59:25.266, 22682, 100
2026/08/04 20:59:26.268, 22682, 100
2026/08/04 20:59:27.271, 22682, 100
2026/08/04 20:59:28.273, 22682, 100
2026/08/04 20:59:29.276, 22682, 100
2026/08/04 20:59:30.278, 22682, 100
2026/08/04 20:59:31.280, 22682, 100
2026/08/04 20:59:32.282, 22682, 100
2026/08/04 20:59:33.283, 22682, 100
2026/08/04 20:59:34.285, 22682, 100
2026/08/04 20:59:35.286, 22682, 100
2026/08/04 20:59:36.288, 22682, 100
2026/08/04 20:59:37.289, 22682, 100
2026/08/04 20:59:38.290, 22682, 100
2026/08/04 20:59:39.290, 22682, 100
2026/08/04 20:59:40.290, 22682, 100
2026/08/04 20:59:41.290, 22682, 100
2026/08/04 20:59:42.290, 22682, 100
2026/08/04 20:59:43.291, 22682, 100
2026/08/04 20:59:44.291, 22682, 100
2026/08/04 20:59:45.291, 22682, 100
2026/08/04 20:59:46.291, 22682, 100
2026/08/04 20:59:47.292, 22682, 100
2026/08/04 20:59:48.292, 22682, 100
2026/08/04 20:59:49.292, 22682, 100
2026/08/04 20:59:50.292, 22682, 100
2026/08/04 20:59:51.293, 22682, 84
2026/08/04 20:59:52.293, 22682, 100
2026/08/04 20:59:53.293, 22682, 100
2026/08/04 20:59:54.294, 22682, 100
2026/08/04 20:59:55.294, 22682, 100
2026/08/04 20:59:56.294, 22682, 100
2026/08/04 20:59:57.295, 22682, 100
2026/08/04 20:59:58.295, 22682, 100
2026/08/04 20:59:59.295, 22682, 100
2026/08/04 21:00:00.296, 22682, 100
2026/08/04 21:00:01.296, 22682, 74
2026/08/04 21:00:02.296, 22682, 100
2026/08/04 21:00:03.296, 22682, 100
2026/08/04 21:00:04.297, 22682, 100
2026/08/04 21:00:05.297, 22682, 78
2026/08/04 21:00:06.297, 22682, 85
2026/08/04 21:00:07.298, 22682, 100
2026/08/04 21:00:08.298, 22682, 100
2026/08/04 21:00:09.298, 22682, 100
2026/08/04 21:00:10.299, 22682, 100
2026/08/04 21:00:11.303, 22682, 100
2026/08/04 21:00:12.318, 22682, 100
2026/08/04 21:00:13.332, 22682, 72
2026/08/04 21:00:14.344, 22682, 100
2026/08/04 21:00:15.354, 22682, 100
2026/08/04 21:00:16.363, 22682, 100
2026/08/04 21:00:17.371, 22682, 100
2026/08/04 21:00:18.379, 22682, 100
2026/08/04 21:00:19.385, 22682, 100
2026/08/04 21:00:20.391, 22682, 100
2026/08/04 21:00:21.396, 22682, 85
2026/08/04 21:00:22.401, 22682, 100
2026/08/04 21:00:23.405, 22682, 83
2026/08/04 21:00:24.408, 22682, 82
2026/08/04 21:00:25.412, 22682, 100
2026/08/04 21:00:26.415, 22682, 100
2026/08/04 21:00:27.418, 22682, 100
2026/08/04 21:00:28.420, 22682, 100
2026/08/04 21:00:29.423, 22682, 100
2026/08/04 21:00:30.424, 22682, 99
2026/08/04 21:00:31.427, 22682, 100
2026/08/04 21:00:32.428, 22682, 100
2026/08/04 21:00:33.429, 22682, 100
2026/08/04 21:00:34.431, 22682, 100
2026/08/04 21:00:35.432, 22682, 100
2026/08/04 21:00:36.433, 22682, 100
2026/08/04 21:00:37.435, 22682, 100
2026/08/04 21:00:38.436, 22682, 100
2026/08/04 21:00:39.438, 22682, 100
2026/08/04 21:00:40.439, 22682, 100
2026/08/04 21:00:41.441, 22682, 100
2026/08/04 21:00:42.442, 22682, 100
2026/08/04 21:00:43.444, 22682, 100
2026/08/04 21:00:44.445, 22682, 100
2026/08/04 21:00:45.447, 22682, 100
2026/08/04 21:00:46.449, 22682, 100
2026/08/04 21:00:47.452, 22682, 100
2026/08/04 21:00:48.454, 22682, 100
2026/08/04 21:00:49.457, 22682, 100
2026/08/04 21:00:50.459, 22682, 100
2026/08/04 21:00:51.462, 22682, 99
2026/08/04 21:00:52.463, 22682, 100
2026/08/04 21:00:53.465, 22682, 100
2026/08/04 21:00:54.466, 22682, 100
2026/08/04 21:00:55.468, 22682, 100
2026/08/04 21:00:56.469, 22682, 100
2026/08/04 21:00:57.471, 22682, 100
2026/08/04 21:00:58.472, 22682, 100
2026/08/04 21:00:59.474, 22682, 100
2026/08/04 21:01:00.475, 22682, 83
2026/08/04 21:01:01.476, 22682, 86
2026/08/04 21:01:02.478, 22682, 100
2026/08/04 21:01:03.479, 22682, 72
2026/08/04 21:01:04.480, 22682, 85
2026/08/04 21:01:05.482, 22682, 100
2026/08/04 21:01:06.483, 22682, 100
2026/08/04 21:01:07.484, 22682, 84
2026/08/04 21:01:08.486, 22682, 100
2026/08/04 21:01:09.487, 22682, 85
2026/08/04 21:01:10.488, 22682, 100
2026/08/04 21:01:11.489, 22682, 100
2026/08/04 21:01:12.491, 22682, 88
2026/08/04 21:01:13.492, 22682, 100
2026/08/04 21:01:14.494, 22682, 100
2026/08/04 21:01:15.495, 22682, 100
2026/08/04 21:01:16.496, 22682, 86
2026/08/04 21:01:17.497, 22682, 100
2026/08/04 21:01:18.498, 22682, 100
2026/08/04 21:01:19.499, 22682, 88
2026/08/04 21:01:20.501, 22682, 100
2026/08/04 21:01:21.502, 22682, 100
2026/08/04 21:01:22.503, 22682, 100
2026/08/04 21:01:23.503, 22682, 100
2026/08/04 21:01:24.505, 22682, 100
2026/08/04 21:01:25.506, 22682, 97
2026/08/04 21:01:26.507, 22682, 100
2026/08/04 21:01:27.509, 22682, 100
2026/08/04 21:01:28.510, 22682, 84
2026/08/04 21:01:29.511, 22682, 100
2026/08/04 21:01:30.511, 22682, 100
2026/08/04 21:01:31.511, 22682, 100
2026/08/04 21:01:32.512, 22682, 100
2026/08/04 21:01:33.512, 22682, 100
2026/08/04 21:01:34.512, 22682, 100
2026/08/04 21:01:35.513, 22682, 100
2026/08/04 21:01:36.513, 22682, 100
2026/08/04 21:01:37.513, 22682, 100
2026/08/04 21:01:38.514, 22682, 100
2026/08/04 21:01:39.514, 22682, 82
2026/08/04 21:01:40.514, 22682, 100
2026/08/04 21:01:41.515, 22682, 100
2026/08/04 21:01:42.515, 22682, 100
2026/08/04 21:01:43.515, 22682, 84
2026/08/04 21:01:44.516, 22682, 89
2026/08/04 21:01:45.517, 22682, 100
2026/08/04 21:01:46.517, 22682, 100
2026/08/04 21:01:47.517, 22682, 100
2026/08/04 21:01:48.518, 22682, 100
2026/08/04 21:01:49.518, 22682, 72
2026/08/04 21:01:50.518, 22682, 100
2026/08/04 21:01:51.519, 22682, 74
2026/08/04 21:01:52.519, 22682, 100
2026/08/04 21:01:53.519, 22682, 100
2026/08/04 21:01:54.520, 22682, 100
2026/08/04 21:01:55.520, 22682, 95
2026/08/04 21:01:56.520, 22682, 88
2026/08/04 21:01:57.520, 22682, 74
2026/08/04 21:01:58.521, 22682, 100
2026/08/04 21:01:59.521, 22682, 100
2026/08/04 21:02:00.521, 22682, 84
2026/08/04 21:02:01.522, 22682, 69
2026/08/04 21:02:02.522, 22682, 84
2026/08/04 21:02:03.522, 22682, 87
2026/08/04 21:02:04.523, 22682, 100
2026/08/04 21:02:05.523, 22682, 100
2026/08/04 21:02:06.523, 22682, 100
2026/08/04 21:02:07.524, 22682, 100
2026/08/04 21:02:08.524, 22682, 100
2026/08/04 21:02:09.524, 22682, 100
2026/08/04 21:02:10.526, 22682, 88
2026/08/04 21:02:11.526, 22682, 100
2026/08/04 21:02:12.527, 22682, 84
2026/08/04 21:02:13.527, 22682, 100
2026/08/04 21:02:14.527, 22682, 100
2026/08/04 21:02:15.528, 22682, 100
2026/08/04 21:02:16.528, 22682, 84
2026/08/04 21:02:17.528, 22682, 100
2026/08/04 21:02:18.529, 22682, 100
2026/08/04 21:02:19.529, 22682, 100
2026/08/04 21:02:20.529, 22682, 100
2026/08/04 21:02:21.529, 22682, 100
2026/08/04 21:02:22.536, 22682, 100
2026/08/04 21:02:23.547, 22682, 85
2026/08/04 21:02:24.557, 22682, 100
2026/08/04 21:02:25.565, 22682, 100
2026/08/04 21:02:26.573, 22682, 100
2026/08/04 21:02:27.579, 22682, 100
2026/08/04 21:02:28.585, 22682, 100
2026/08/04 21:02:29.590, 22682, 100
2026/08/04 21:02:30.595, 22682, 100
2026/08/04 21:02:31.599, 22682, 100
2026/08/04 21:02:32.603, 22682, 70
2026/08/04 21:02:33.606, 22682, 84
2026/08/04 21:02:34.610, 22682, 100
2026/08/04 21:02:35.614, 22682, 100
2026/08/04 21:02:36.616, 22682, 83
2026/08/04 21:02:37.619, 22682, 100
2026/08/04 21:02:38.621, 22682, 100
2026/08/04 21:02:39.624, 22682, 85
2026/08/04 21:02:40.625, 22682, 100
2026/08/04 21:02:41.627, 22682, 100
2026/08/04 21:02:42.628, 22682, 100
2026/08/04 21:02:43.629, 22682, 100
2026/08/04 21:02:44.631, 22682, 100
2026/08/04 21:02:45.633, 22682, 100
2026/08/04 21:02:46.634, 22682, 100
2026/08/04 21:02:47.635, 22682, 100
2026/08/04 21:02:48.637, 22682, 100
2026/08/04 21:02:49.638, 22682, 100
2026/08/04 21:02:50.640, 22682, 100
2026/08/04 21:02:51.641, 22682, 100
2026/08/04 21:02:52.642, 22682, 87
2026/08/04 21:02:53.644, 22682, 88
2026/08/04 21:02:54.656, 22682, 100
2026/08/04 21:02:55.674, 22682, 100
2026/08/04 21:02:56.690, 22682, 87
2026/08/04 21:02:57.703, 22682, 100
2026/08/04 21:02:58.716, 22682, 100
2026/08/04 21:02:59.727, 22682, 69
2026/08/04 21:03:00.736, 22682, 100
2026/08/04 21:03:01.744, 22682, 100
2026/08/04 21:03:02.752, 22682, 95
2026/08/04 21:03:03.758, 22682, 90
2026/08/04 21:03:04.764, 22682, 85
2026/08/04 21:03:05.769, 22682, 100
2026/08/04 21:03:06.774, 22682, 100
2026/08/04 21:03:07.778, 22682, 100
2026/08/04 21:03:08.781, 22682, 100
2026/08/04 21:03:09.785, 22682, 100
2026/08/04 21:03:10.788, 22682, 100
2026/08/04 21:03:11.791, 22682, 100
2026/08/04 21:03:12.793, 22682, 100
2026/08/04 21:03:13.796, 22682, 83
2026/08/04 21:03:14.799, 22682, 100
2026/08/04 21:03:15.800, 22682, 100
2026/08/04 21:03:16.802, 22682, 100
2026/08/04 21:03:17.803, 22682, 91
2026/08/04 21:03:18.805, 22682, 100
2026/08/04 21:03:19.806, 22682, 100
2026/08/04 21:03:20.808, 22682, 100
2026/08/04 21:03:21.809, 22682, 100
2026/08/04 21:03:22.811, 22682, 100
2026/08/04 21:03:23.812, 22682, 86
2026/08/04 21:03:24.814, 22682, 100
2026/08/04 21:03:25.815, 22682, 100
2026/08/04 21:03:26.817, 22682, 100
2026/08/04 21:03:27.818, 22682, 84
2026/08/04 21:03:28.820, 22682, 100
2026/08/04 21:03:29.821, 22682, 100
2026/08/04 21:03:30.822, 22682, 100
2026/08/04 21:03:31.824, 22682, 100
2026/08/04 21:03:32.825, 22682, 100
2026/08/04 21:03:33.827, 22682, 81
2026/08/04 21:03:34.828, 22682, 100
2026/08/04 21:03:35.830, 22682, 100
2026/08/04 21:03:36.831, 22682, 100
2026/08/04 21:03:37.832, 22682, 100
2026/08/04 21:03:38.834, 22682, 100
2026/08/04 21:03:39.835, 22682, 100
2026/08/04 21:03:40.837, 22682, 100
2026/08/04 21:03:41.838, 22682, 83
2026/08/04 21:03:42.839, 22682, 100
2026/08/04 21:03:43.841, 22682, 100
2026/08/04 21:03:44.842, 22682, 100
2026/08/04 21:03:45.844, 22682, 100
2026/08/04 21:03:46.845, 22682, 86
2026/08/04 21:03:47.846, 22682, 100
2026/08/04 21:03:48.847, 22682, 100
2026/08/04 21:03:49.847, 22682, 100
2026/08/04 21:03:50.847, 22682, 100
2026/08/04 21:03:51.848, 22682, 100
2026/08/04 21:03:52.848, 22682, 100
2026/08/04 21:03:53.849, 22682, 100
2026/08/04 21:03:54.849, 22682, 100
2026/08/04 21:03:55.849, 22682, 100
2026/08/04 21:03:56.850, 22682, 100
2026/08/04 21:03:57.850, 22682, 100
2026/08/04 21:03:58.850, 22682, 100
2026/08/04 21:03:59.851, 22682, 100
2026/08/04 21:04:00.851, 22682, 100
2026/08/04 21:04:01.851, 22682, 94
2026/08/04 21:04:02.852, 22682, 100
2026/08/04 21:04:03.852, 22682, 100
2026/08/04 21:04:04.852, 22682, 100
2026/08/04 21:04:05.853, 22682, 100
2026/08/04 21:04:06.853, 22682, 100
2026/08/04 21:04:07.853, 22682, 100
2026/08/04 21:04:08.854, 22682, 100
2026/08/04 21:04:09.854, 22682, 81
2026/08/04 21:04:10.854, 22682, 100
2026/08/04 21:04:11.855, 22682, 100
2026/08/04 21:04:12.855, 22682, 100
2026/08/04 21:04:13.855, 22682, 100
2026/08/04 21:04:14.856, 22682, 82
2026/08/04 21:04:15.856, 22682, 100
2026/08/04 21:04:16.856, 22682, 100
2026/08/04 21:04:17.857, 22682, 100
2026/08/04 21:04:18.857, 22682, 100
2026/08/04 21:04:19.857, 22682, 85
2026/08/04 21:04:20.858, 22682, 100
2026/08/04 21:04:21.858, 22682, 100
2026/08/04 21:04:22.858, 22682, 71
2026/08/04 21:04:23.859, 22682, 100
2026/08/04 21:04:24.859, 22682, 100
2026/08/04 21:04:25.859, 22682, 100
2026/08/04 21:04:26.860, 22682, 100
2026/08/04 21:04:27.860, 22682, 100
2026/08/04 21:04:28.860, 22682, 82
2026/08/04 21:04:29.861, 22682, 100
2026/08/04 21:04:30.861, 22682, 100
2026/08/04 21:04:31.861, 22682, 100
2026/08/04 21:04:32.862, 22682, 100
2026/08/04 21:04:33.862, 22682, 100
2026/08/04 21:04:34.862, 22682, 84
2026/08/04 21:04:35.863, 22682, 100
2026/08/04 21:04:36.863, 22682, 100
2026/08/04 21:04:37.863, 22682, 100
2026/08/04 21:04:38.864, 22682, 100
2026/08/04 21:04:39.864, 22682, 100
2026/08/04 21:04:40.864, 22682, 100
2026/08/04 21:04:41.864, 22682, 85
2026/08/04 21:04:42.865, 22682, 83
2026/08/04 21:04:43.865, 22682, 71
2026/08/04 21:04:44.865, 22682, 100
2026/08/04 21:04:45.866, 22682, 100
2026/08/04 21:04:46.866, 22682, 100
2026/08/04 21:04:47.866, 22682, 100
2026/08/04 21:04:48.867, 22682, 100
2026/08/04 21:04:49.867, 22682, 100
2026/08/04 21:04:50.867, 22682, 94
2026/08/04 21:04:51.867, 22682, 100
2026/08/04 21:04:52.868, 22682, 81
2026/08/04 21:04:53.868, 22682, 57
2026/08/04 21:04:54.868, 22682, 100
2026/08/04 21:04:55.869, 22682, 100
2026/08/04 21:04:56.869, 22682, 100
2026/08/04 21:04:57.869, 22682, 80
2026/08/04 21:04:58.870, 22682, 77
2026/08/04 21:04:59.870, 22682, 100
2026/08/04 21:05:00.870, 22682, 100
2026/08/04 21:05:01.871, 22682, 83
2026/08/04 21:05:02.871, 22682, 100
2026/08/04 21:05:03.871, 22682, 100
2026/08/04 21:05:04.872, 22682, 100
2026/08/04 21:05:05.872, 22682, 100
2026/08/04 21:05:06.872, 22682, 80
2026/08/04 21:05:07.872, 22682, 100
2026/08/04 21:05:08.873, 22682, 100
2026/08/04 21:05:09.873, 22682, 100
2026/08/04 21:05:10.874, 22682, 100
2026/08/04 21:05:11.874, 22682, 100
2026/08/04 21:05:12.874, 22682, 100
2026/08/04 21:05:13.875, 22682, 100
2026/08/04 21:05:14.875, 22682, 100
2026/08/04 21:05:15.875, 22682, 100
2026/08/04 21:05:16.875, 22682, 100
2026/08/04 21:05:17.876, 22682, 100
2026/08/04 21:05:18.876, 22682, 100
2026/08/04 21:05:19.876, 22682, 100
2026/08/04 21:05:20.877, 22682, 100
2026/08/04 21:05:21.877, 22682, 77
2026/08/04 21:05:22.877, 22682, 100
2026/08/04 21:05:23.878, 22682, 100
2026/08/04 21:05:24.878, 22682, 100
2026/08/04 21:05:25.878, 22682, 100
2026/08/04 21:05:26.879, 22682, 100
2026/08/04 21:05:27.879, 22682, 84
2026/08/04 21:05:28.879, 22682, 84
2026/08/04 21:05:29.880, 22682, 100
2026/08/04 21:05:30.880, 22682, 100
2026/08/04 21:05:31.880, 22682, 100
2026/08/04 21:05:32.881, 22682, 100
2026/08/04 21:05:33.881, 22682, 100
2026/08/04 21:05:34.881, 22682, 100
2026/08/04 21:05:35.882, 22682, 100
2026/08/04 21:05:36.882, 22682, 100
2026/08/04 21:05:37.882, 22682, 100
2026/08/04 21:05:38.883, 22682, 100
2026/08/04 21:05:39.883, 22682, 100
2026/08/04 21:05:40.883, 22682, 83
2026/08/04 21:05:41.883, 22682, 84
2026/08/04 21:05:42.884, 22682, 100
2026/08/04 21:05:43.884, 22682, 100
2026/08/04 21:05:44.884, 22682, 100
2026/08/04 21:05:45.885, 22682, 100
2026/08/04 21:05:46.885, 22682, 100
2026/08/04 21:05:47.885, 22682, 100
2026/08/04 21:05:48.886, 22682, 100
2026/08/04 21:05:49.886, 22682, 100
2026/08/04 21:05:50.886, 22682, 100
2026/08/04 21:05:51.886, 22682, 83
2026/08/04 21:05:52.887, 22682, 100
2026/08/04 21:05:53.887, 22682, 100
2026/08/04 21:05:54.887, 22682, 100
2026/08/04 21:05:55.888, 22682, 100
2026/08/04 21:05:56.888, 22682, 81
2026/08/04 21:05:57.888, 22682, 100
2026/08/04 21:05:58.889, 22682, 100
2026/08/04 21:05:59.889, 22682, 100
2026/08/04 21:06:00.889, 22682, 100
2026/08/04 21:06:01.889, 22682, 100
2026/08/04 21:06:02.890, 22682, 100
2026/08/04 21:06:03.890, 22682, 100
2026/08/04 21:06:04.890, 22682, 100
2026/08/04 21:06:05.891, 22682, 100
2026/08/04 21:06:06.891, 22682, 98
2026/08/04 21:06:07.891, 22682, 100
2026/08/04 21:06:08.892, 22682, 100
2026/08/04 21:06:09.892, 22682, 100
2026/08/04 21:06:10.892, 22682, 84
2026/08/04 21:06:11.893, 22682, 100
2026/08/04 21:06:12.893, 22682, 73
2026/08/04 21:06:13.893, 22682, 100
2026/08/04 21:06:14.893, 22682, 100
2026/08/04 21:06:15.894, 22682, 100
2026/08/04 21:06:16.894, 22682, 100
2026/08/04 21:06:17.894, 22682, 100
2026/08/04 21:06:18.895, 22682, 100
2026/08/04 21:06:19.895, 22682, 100
2026/08/04 21:06:20.895, 22682, 100
2026/08/04 21:06:21.895, 22682, 73
2026/08/04 21:06:22.896, 22682, 100
2026/08/04 21:06:23.896, 22682, 100
2026/08/04 21:06:24.896, 22682, 100
2026/08/04 21:06:25.896, 22682, 100
2026/08/04 21:06:26.897, 22682, 100
2026/08/04 21:06:27.897, 22682, 84
2026/08/04 21:06:28.897, 22682, 100
2026/08/04 21:06:29.898, 22682, 100
2026/08/04 21:06:30.898, 22682, 100
2026/08/04 21:06:31.898, 22682, 100
2026/08/04 21:06:32.899, 22682, 100
2026/08/04 21:06:33.899, 22682, 100
2026/08/04 21:06:34.899, 22682, 100
2026/08/04 21:06:35.900, 22682, 100
2026/08/04 21:06:36.900, 22682, 100
2026/08/04 21:06:37.900, 22682, 100
2026/08/04 21:06:38.900, 22682, 69
2026/08/04 21:06:39.901, 22682, 100
2026/08/04 21:06:40.901, 22682, 100
2026/08/04 21:06:41.901, 22682, 100
2026/08/04 21:06:42.902, 22682, 100
2026/08/04 21:06:43.902, 22682, 100
2026/08/04 21:06:44.902, 22682, 100
2026/08/04 21:06:45.903, 22682, 100
2026/08/04 21:06:46.903, 22682, 100
2026/08/04 21:06:47.903, 22682, 100
2026/08/04 21:06:48.904, 22682, 100
2026/08/04 21:06:49.904, 22682, 100
2026/08/04 21:06:50.904, 22682, 100
2026/08/04 21:06:51.904, 22682, 100
2026/08/04 21:06:52.905, 22682, 100
2026/08/04 21:06:53.905, 22682, 100
2026/08/04 21:06:54.905, 22682, 100
2026/08/04 21:06:55.906, 22682, 84
2026/08/04 21:06:56.906, 22682, 100
2026/08/04 21:06:57.906, 22682, 84
2026/08/04 21:06:58.907, 22682, 88
2026/08/04 21:06:59.907, 22682, 100
2026/08/04 21:07:00.907, 22682, 100
2026/08/04 21:07:01.908, 22682, 100
2026/08/04 21:07:02.908, 22682, 100
2026/08/04 21:07:03.908, 22682, 100
2026/08/04 21:07:04.909, 22682, 100
2026/08/04 21:07:05.909, 22682, 100
2026/08/04 21:07:06.909, 22682, 100
2026/08/04 21:07:07.910, 22682, 100
2026/08/04 21:07:08.910, 22682, 100
2026/08/04 21:07:09.910, 22682, 86
2026/08/04 21:07:10.910, 22682, 100
2026/08/04 21:07:11.911, 22682, 100
2026/08/04 21:07:12.911, 22682, 100
2026/08/04 21:07:13.911, 22682, 100
2026/08/04 21:07:14.912, 22682, 100
2026/08/04 21:07:15.912, 22682, 100
2026/08/04 21:07:16.912, 22682, 100
2026/08/04 21:07:17.912, 22682, 100
2026/08/04 21:07:18.913, 22682, 100
2026/08/04 21:07:19.913, 22682, 100
2026/08/04 21:07:20.913, 22682, 100
2026/08/04 21:07:21.914, 22682, 100
2026/08/04 21:07:22.914, 22682, 100
2026/08/04 21:07:23.915, 22682, 100
2026/08/04 21:07:24.915, 22682, 100
2026/08/04 21:07:25.915, 22682, 100
2026/08/04 21:07:26.916, 22682, 89
2026/08/04 21:07:27.916, 22682, 100
2026/08/04 21:07:28.916, 22682, 100
2026/08/04 21:07:29.916, 22682, 100
2026/08/04 21:07:30.917, 22682, 100
2026/08/04 21:07:31.917, 22682, 76
2026/08/04 21:07:32.917, 22682, 100
2026/08/04 21:07:33.918, 22682, 100
2026/08/04 21:07:34.918, 22682, 100
2026/08/04 21:07:35.918, 22682, 88
2026/08/04 21:07:36.919, 22682, 100
2026/08/04 21:07:37.919, 22682, 100
2026/08/04 21:07:38.919, 22682, 100
2026/08/04 21:07:39.919, 22682, 100
2026/08/04 21:07:40.920, 22682, 86
2026/08/04 21:07:41.920, 22682, 100
2026/08/04 21:07:42.920, 22682, 100
2026/08/04 21:07:43.921, 22682, 100
2026/08/04 21:07:44.921, 22682, 100
2026/08/04 21:07:45.925, 22682, 100
2026/08/04 21:07:46.928, 22682, 100
2026/08/04 21:07:47.932, 22682, 88
2026/08/04 21:07:48.936, 22682, 100
2026/08/04 21:07:49.940, 22682, 100
2026/08/04 21:07:50.943, 22682, 100
2026/08/04 21:07:51.946, 22682, 100
2026/08/04 21:07:52.949, 22682, 100
2026/08/04 21:07:53.952, 22682, 100
2026/08/04 21:07:54.955, 22682, 100
2026/08/04 21:07:55.958, 22682, 100
2026/08/04 21:07:56.960, 22682, 100
2026/08/04 21:07:57.963, 22682, 100
2026/08/04 21:07:58.966, 22682, 90
2026/08/04 21:07:59.969, 22682, 100
2026/08/04 21:08:00.972, 22682, 100
2026/08/04 21:08:01.975, 22682, 100
2026/08/04 21:08:02.977, 22682, 100
2026/08/04 21:08:03.979, 22682, 100
2026/08/04 21:08:04.982, 22682, 100
2026/08/04 21:08:05.984, 22682, 88
2026/08/04 21:08:06.986, 22682, 100
2026/08/04 21:08:07.988, 22682, 100
2026/08/04 21:08:08.990, 22682, 100
2026/08/04 21:08:09.993, 22682, 100
2026/08/04 21:08:10.995, 22682, 84
2026/08/04 21:08:11.997, 22682, 100
2026/08/04 21:08:12.999, 22682, 100
2026/08/04 21:08:14.000, 22682, 100
2026/08/04 21:08:15.002, 22682, 100
2026/08/04 21:08:16.004, 22682, 100
2026/08/04 21:08:17.005, 22682, 100
2026/08/04 21:08:18.007, 22682, 100
2026/08/04 21:08:19.009, 22682, 100
2026/08/04 21:08:20.011, 22682, 100
2026/08/04 21:08:21.012, 22682, 100
2026/08/04 21:08:22.014, 22682, 100
2026/08/04 21:08:23.015, 22682, 100
2026/08/04 21:08:24.017, 22682, 100
2026/08/04 21:08:25.019, 22682, 100
2026/08/04 21:08:26.020, 22682, 100
2026/08/04 21:08:27.022, 22682, 85
2026/08/04 21:08:28.024, 22682, 100
2026/08/04 21:08:29.025, 22682, 100
2026/08/04 21:08:30.027, 22682, 100
2026/08/04 21:08:31.028, 22682, 100
2026/08/04 21:08:32.030, 22682, 100
2026/08/04 21:08:33.032, 22682, 100
2026/08/04 21:08:34.033, 22682, 100
2026/08/04 21:08:35.035, 22682, 100
2026/08/04 21:08:36.036, 22682, 100
2026/08/04 21:08:37.038, 22682, 100
2026/08/04 21:08:38.039, 22682, 100
2026/08/04 21:08:39.041, 22682, 100
2026/08/04 21:08:40.042, 22682, 100
2026/08/04 21:08:41.044, 22682, 100
2026/08/04 21:08:42.045, 22682, 100
2026/08/04 21:08:43.046, 22682, 100
2026/08/04 21:08:44.048, 22682, 100
2026/08/04 21:08:45.049, 22682, 100
2026/08/04 21:08:46.050, 22682, 100
2026/08/04 21:08:47.051, 22682, 100
2026/08/04 21:08:48.053, 22682, 100
2026/08/04 21:08:49.054, 22682, 100
2026/08/04 21:08:50.055, 22682, 100
2026/08/04 21:08:51.057, 22682, 100
2026/08/04 21:08:52.058, 22682, 87
2026/08/04 21:08:53.060, 22682, 100
2026/08/04 21:08:54.061, 22682, 100
2026/08/04 21:08:55.063, 22682, 100
2026/08/04 21:08:56.064, 22682, 100
2026/08/04 21:08:57.066, 22682, 100
2026/08/04 21:08:58.067, 22682, 84
2026/08/04 21:08:59.069, 22682, 84
2026/08/04 21:09:00.070, 22682, 99
2026/08/04 21:09:01.073, 22682, 100
2026/08/04 21:09:02.074, 22682, 100
2026/08/04 21:09:03.076, 22682, 100
2026/08/04 21:09:04.077, 22682, 100
2026/08/04 21:09:05.078, 22682, 100
2026/08/04 21:09:06.080, 22682, 100
2026/08/04 21:09:07.081, 22682, 100
2026/08/04 21:09:08.082, 22682, 100
2026/08/04 21:09:09.082, 22682, 85
2026/08/04 21:09:10.082, 22682, 100
2026/08/04 21:09:11.083, 22682, 100
2026/08/04 21:09:12.083, 22682, 93
2026/08/04 21:09:13.083, 22682, 100
2026/08/04 21:09:14.084, 22682, 100
2026/08/04 21:09:15.084, 22682, 100
2026/08/04 21:09:16.084, 22682, 100
2026/08/04 21:09:17.085, 22682, 100
2026/08/04 21:09:18.085, 22682, 100
2026/08/04 21:09:19.085, 22682, 100
2026/08/04 21:09:20.086, 22682, 100
2026/08/04 21:09:21.086, 22682, 100
2026/08/04 21:09:22.086, 22682, 100
2026/08/04 21:09:23.086, 22682, 100
2026/08/04 21:09:24.087, 22682, 84
2026/08/04 21:09:25.087, 22682, 100
2026/08/04 21:09:26.087, 22682, 100
2026/08/04 21:09:27.088, 22682, 100
2026/08/04 21:09:28.088, 22682, 100
2026/08/04 21:09:29.088, 22682, 96
2026/08/04 21:09:30.089, 22682, 86
2026/08/04 21:09:31.090, 22682, 100
2026/08/04 21:09:32.090, 22682, 82
2026/08/04 21:09:33.090, 22682, 100
2026/08/04 21:09:34.091, 22682, 88
2026/08/04 21:09:35.091, 22682, 100
2026/08/04 21:09:36.091, 22682, 100
2026/08/04 21:09:37.092, 22682, 100
2026/08/04 21:09:38.092, 22682, 100
2026/08/04 21:09:39.092, 22682, 83
2026/08/04 21:09:40.093, 22682, 100
2026/08/04 21:09:41.093, 22682, 100
2026/08/04 21:09:42.093, 22682, 100
2026/08/04 21:09:43.094, 22682, 100
2026/08/04 21:09:44.094, 22682, 100
2026/08/04 21:09:45.094, 22682, 100
2026/08/04 21:09:46.095, 22682, 100
2026/08/04 21:09:47.095, 22682, 85
2026/08/04 21:09:48.095, 22682, 100
2026/08/04 21:09:49.096, 22682, 100
2026/08/04 21:09:50.096, 22682, 100
2026/08/04 21:09:51.096, 22682, 100
2026/08/04 21:09:52.097, 22682, 100
2026/08/04 21:09:53.097, 22682, 100
2026/08/04 21:09:54.101, 22682, 100
2026/08/04 21:09:55.104, 22682, 82
2026/08/04 21:09:56.107, 22682, 100
2026/08/04 21:09:57.110, 22682, 100
2026/08/04 21:09:58.113, 22682, 100
2026/08/04 21:09:59.115, 22682, 100
2026/08/04 21:10:00.118, 22682, 100
2026/08/04 21:10:01.121, 22682, 100
2026/08/04 21:10:02.123, 22682, 100
2026/08/04 21:10:03.126, 22682, 100
2026/08/04 21:10:04.129, 22682, 100
2026/08/04 21:10:05.131, 22682, 100
2026/08/04 21:10:06.134, 22682, 100
2026/08/04 21:10:07.136, 22682, 100
2026/08/04 21:10:08.139, 22682, 100
2026/08/04 21:10:09.141, 22682, 84
2026/08/04 21:10:10.144, 22682, 100
2026/08/04 21:10:11.146, 22682, 68
2026/08/04 21:10:12.148, 22682, 100
2026/08/04 21:10:13.151, 22682, 81
2026/08/04 21:10:14.153, 22682, 100
2026/08/04 21:10:15.155, 22682, 100
2026/08/04 21:10:16.158, 22682, 100
2026/08/04 21:10:17.160, 22682, 100
2026/08/04 21:10:18.163, 22682, 100
2026/08/04 21:10:19.165, 22682, 100
2026/08/04 21:10:20.167, 22682, 100
2026/08/04 21:10:21.168, 22682, 100
2026/08/04 21:10:22.170, 22682, 100
2026/08/04 21:10:23.171, 22682, 82
2026/08/04 21:10:24.173, 22682, 88
2026/08/04 21:10:25.174, 22682, 100
2026/08/04 21:10:26.176, 22682, 100
2026/08/04 21:10:27.177, 22682, 100
2026/08/04 21:10:28.179, 22682, 89
2026/08/04 21:10:29.180, 22682, 100
2026/08/04 21:10:30.182, 22682, 100
2026/08/04 21:10:31.183, 22682, 100
2026/08/04 21:10:32.184, 22682, 100
2026/08/04 21:10:33.186, 22682, 100
2026/08/04 21:10:34.187, 22682, 100
2026/08/04 21:10:35.189, 22682, 100
2026/08/04 21:10:36.190, 22682, 100
2026/08/04 21:10:37.191, 22682, 100
2026/08/04 21:10:38.193, 22682, 100
2026/08/04 21:10:39.194, 22682, 100
2026/08/04 21:10:40.196, 22682, 100
2026/08/04 21:10:41.197, 22682, 100
2026/08/04 21:10:42.199, 22682, 100
2026/08/04 21:10:43.200, 22682, 100
2026/08/04 21:10:44.201, 22682, 100
2026/08/04 21:10:45.203, 22682, 100
2026/08/04 21:10:46.204, 22682, 99
2026/08/04 21:10:47.206, 22682, 100
2026/08/04 21:10:48.207, 22682, 100
2026/08/04 21:10:49.209, 22682, 100
2026/08/04 21:10:50.210, 22682, 100
2026/08/04 21:10:51.212, 22682, 100
2026/08/04 21:10:52.213, 22682, 100
2026/08/04 21:10:53.214, 22682, 100
2026/08/04 21:10:54.216, 22682, 100
2026/08/04 21:10:55.217, 22682, 100
2026/08/04 21:10:56.218, 22682, 100
2026/08/04 21:10:57.220, 22682, 100
2026/08/04 21:10:58.221, 22682, 100
2026/08/04 21:10:59.223, 22682, 100
2026/08/04 21:11:00.224, 22682, 100
2026/08/04 21:11:01.225, 22682, 100
2026/08/04 21:11:02.227, 22682, 100
2026/08/04 21:11:03.228, 22682, 100
2026/08/04 21:11:04.230, 22682, 100
2026/08/04 21:11:05.231, 22682, 100
2026/08/04 21:11:06.232, 22682, 100
2026/08/04 21:11:07.233, 22682, 100
2026/08/04 21:11:08.235, 22682, 83
2026/08/04 21:11:09.236, 22682, 100
2026/08/04 21:11:10.237, 22682, 82
2026/08/04 21:11:11.239, 22682, 100
2026/08/04 21:11:12.240, 22682, 100
2026/08/04 21:11:13.242, 22682, 80
2026/08/04 21:11:14.243, 22682, 79
2026/08/04 21:11:15.244, 22682, 100
2026/08/04 21:11:16.246, 22682, 100
2026/08/04 21:11:17.247, 22682, 100
2026/08/04 21:11:18.249, 22682, 100
2026/08/04 21:11:19.250, 22682, 92
2026/08/04 21:11:20.251, 22682, 89
2026/08/04 21:11:21.253, 22682, 100
2026/08/04 21:11:22.254, 22682, 100
2026/08/04 21:11:23.256, 22682, 100
2026/08/04 21:11:24.257, 22682, 100
2026/08/04 21:11:25.258, 22682, 100
2026/08/04 21:11:26.260, 22682, 100
2026/08/04 21:11:27.261, 22682, 100
2026/08/04 21:11:28.263, 22682, 100
2026/08/04 21:11:29.264, 22682, 100
2026/08/04 21:11:30.265, 22682, 100
2026/08/04 21:11:31.267, 22682, 67
2026/08/04 21:11:32.268, 22682, 100
2026/08/04 21:11:33.269, 22682, 100
2026/08/04 21:11:34.271, 22682, 82
2026/08/04 21:11:35.272, 22682, 87
2026/08/04 21:11:36.274, 22682, 100
2026/08/04 21:11:37.275, 22682, 100
2026/08/04 21:11:38.276, 22682, 100
2026/08/04 21:11:39.278, 22682, 100
2026/08/04 21:11:40.279, 22682, 100
2026/08/04 21:11:41.281, 22682, 100
2026/08/04 21:11:42.282, 22682, 100
2026/08/04 21:11:43.283, 22682, 100
2026/08/04 21:11:44.285, 22682, 100
2026/08/04 21:11:45.286, 22682, 100
2026/08/04 21:11:46.288, 22682, 100
2026/08/04 21:11:47.289, 22682, 100
2026/08/04 21:11:48.290, 22682, 100
2026/08/04 21:11:49.292, 22682, 100
2026/08/04 21:11:50.293, 22682, 100
2026/08/04 21:11:51.294, 22682, 100
2026/08/04 21:11:52.296, 22682, 100
2026/08/04 21:11:53.297, 22682, 100
2026/08/04 21:11:54.299, 22682, 100
2026/08/04 21:11:55.300, 22682, 100
2026/08/04 21:11:56.301, 22682, 100
2026/08/04 21:11:57.303, 22682, 100
2026/08/04 21:11:58.304, 22682, 84
2026/08/04 21:11:59.305, 22682, 100
2026/08/04 21:12:00.305, 22682, 100
2026/08/04 21:12:01.307, 22682, 95
2026/08/04 21:12:02.316, 22682, 100
2026/08/04 21:12:03.344, 22682, 100
2026/08/04 21:12:04.368, 22682, 100
2026/08/04 21:12:05.388, 22682, 100
2026/08/04 21:12:06.407, 22682, 100
2026/08/04 21:12:07.424, 22682, 100
2026/08/04 21:12:08.439, 22682, 100
2026/08/04 21:12:09.451, 22682, 100
2026/08/04 21:12:10.463, 22682, 100
2026/08/04 21:12:11.473, 22682, 100
2026/08/04 21:12:12.482, 22682, 100
2026/08/04 21:12:13.490, 22682, 100
2026/08/04 21:12:14.497, 22682, 100
2026/08/04 21:12:15.504, 22682, 100
2026/08/04 21:12:16.509, 22682, 100
2026/08/04 21:12:17.514, 22682, 100
2026/08/04 21:12:18.519, 22682, 100
2026/08/04 21:12:19.524, 22682, 100
2026/08/04 21:12:20.528, 22682, 100
2026/08/04 21:12:21.531, 22682, 100
2026/08/04 21:12:22.534, 22682, 100
2026/08/04 21:12:23.537, 22682, 90
2026/08/04 21:12:24.539, 22682, 84
2026/08/04 21:12:25.542, 22682, 86
2026/08/04 21:12:26.545, 22682, 100
2026/08/04 21:12:27.547, 22682, 100
2026/08/04 21:12:28.549, 22682, 100
2026/08/04 21:12:29.552, 22682, 100
2026/08/04 21:12:30.553, 22682, 100
2026/08/04 21:12:31.555, 22682, 100
2026/08/04 21:12:32.556, 22682, 100
2026/08/04 21:12:33.557, 22682, 100
2026/08/04 21:12:34.559, 22682, 100
2026/08/04 21:12:35.559, 22682, 100
2026/08/04 21:12:36.559, 22682, 100
2026/08/04 21:12:37.559, 22682, 100
2026/08/04 21:12:38.560, 22682, 100
2026/08/04 21:12:39.560, 22682, 100
2026/08/04 21:12:40.560, 22682, 100
2026/08/04 21:12:41.560, 22682, 100
2026/08/04 21:12:42.561, 22682, 86
2026/08/04 21:12:43.561, 22682, 100
2026/08/04 21:12:44.561, 22682, 86
2026/08/04 21:12:45.561, 22682, 100
2026/08/04 21:12:46.562, 22682, 100
2026/08/04 21:12:47.562, 22682, 100
2026/08/04 21:12:48.562, 22682, 100
2026/08/04 21:12:49.563, 22682, 100
2026/08/04 21:12:50.563, 22682, 100
2026/08/04 21:12:51.563, 22682, 100
2026/08/04 21:12:52.564, 22682, 100
2026/08/04 21:12:53.564, 22682, 100
2026/08/04 21:12:54.564, 22682, 100
2026/08/04 21:12:55.564, 22682, 100
2026/08/04 21:12:56.565, 22682, 100
2026/08/04 21:12:57.565, 22682, 75
2026/08/04 21:12:58.565, 22682, 100
2026/08/04 21:12:59.566, 22682, 100
2026/08/04 21:13:00.566, 22682, 80
2026/08/04 21:13:01.566, 22682, 100
2026/08/04 21:13:02.567, 22682, 100
2026/08/04 21:13:03.567, 22682, 100
2026/08/04 21:13:04.567, 22682, 100
2026/08/04 21:13:05.568, 22682, 100
2026/08/04 21:13:06.568, 22682, 71
2026/08/04 21:13:07.568, 22682, 100
2026/08/04 21:13:08.574, 22682, 100
2026/08/04 21:13:09.582, 22682, 100
2026/08/04 21:13:10.589, 22682, 84
2026/08/04 21:13:11.596, 22682, 84
2026/08/04 21:13:12.602, 22682, 100
2026/08/04 21:13:13.607, 22682, 100
2026/08/04 21:13:14.612, 22682, 100
2026/08/04 21:13:15.617, 22682, 100
2026/08/04 21:13:16.622, 22682, 100
2026/08/04 21:13:17.626, 22682, 100
2026/08/04 21:13:18.629, 22682, 100
2026/08/04 21:13:19.633, 22682, 100
2026/08/04 21:13:20.636, 22682, 100
2026/08/04 21:13:21.638, 22682, 100
2026/08/04 21:13:22.641, 22682, 100
2026/08/04 21:13:23.643, 22682, 100
2026/08/04 21:13:24.645, 22682, 100
2026/08/04 21:13:25.647, 22682, 100
2026/08/04 21:13:26.648, 22682, 100
2026/08/04 21:13:27.650, 22682, 84
2026/08/04 21:13:28.651, 22682, 100
2026/08/04 21:13:29.652, 22682, 100
2026/08/04 21:13:30.654, 22682, 100
2026/08/04 21:13:31.655, 22682, 83
2026/08/04 21:13:32.656, 22682, 85
2026/08/04 21:13:33.658, 22682, 85
2026/08/04 21:13:34.660, 22682, 100
2026/08/04 21:13:35.661, 22682, 100
2026/08/04 21:13:36.662, 22682, 86
2026/08/04 21:13:37.664, 22682, 97
2026/08/04 21:13:38.666, 22682, 100
2026/08/04 21:13:39.667, 22682, 100
2026/08/04 21:13:40.668, 22682, 100
2026/08/04 21:13:41.669, 22682, 100
2026/08/04 21:13:42.669, 22682, 100
2026/08/04 21:13:43.669, 22682, 100
2026/08/04 21:13:44.670, 22682, 100
2026/08/04 21:13:45.670, 22682, 100
2026/08/04 21:13:46.670, 22682, 100
2026/08/04 21:13:47.670, 22682, 100
2026/08/04 21:13:48.671, 22682, 100
2026/08/04 21:13:49.671, 22682, 100
2026/08/04 21:13:50.671, 22682, 100
2026/08/04 21:13:51.671, 22682, 100
2026/08/04 21:13:52.672, 22682, 81
2026/08/04 21:13:53.672, 22682, 100
2026/08/04 21:13:54.672, 22682, 100
2026/08/04 21:13:55.673, 22682, 83
2026/08/04 21:13:56.673, 22682, 100
2026/08/04 21:13:57.673, 22682, 83
2026/08/04 21:13:58.674, 22682, 100
2026/08/04 21:13:59.674, 22682, 100
2026/08/04 21:14:00.674, 22682, 100
2026/08/04 21:14:01.674, 22682, 100
2026/08/04 21:14:02.675, 22682, 100
2026/08/04 21:14:03.675, 22682, 100
2026/08/04 21:14:04.675, 22682, 100
2026/08/04 21:14:05.675, 22682, 100
2026/08/04 21:14:06.676, 22682, 100
2026/08/04 21:14:07.676, 22682, 100
2026/08/04 21:14:08.676, 22682, 100
2026/08/04 21:14:09.676, 22682, 100
2026/08/04 21:14:10.676, 22682, 100
2026/08/04 21:14:11.677, 22682, 100
2026/08/04 21:14:12.677, 22682, 100
2026/08/04 21:14:13.687, 22682, 85
2026/08/04 21:14:14.699, 22682, 100
2026/08/04 21:14:15.710, 22682, 100
2026/08/04 21:14:16.720, 22682, 100
2026/08/04 21:14:17.729, 22682, 100
2026/08/04 21:14:18.737, 22682, 82
2026/08/04 21:14:19.744, 22682, 100
2026/08/04 21:14:20.751, 22682, 100
2026/08/04 21:14:21.757, 22682, 100
2026/08/04 21:14:22.762, 22682, 100
2026/08/04 21:14:23.767, 22682, 100
2026/08/04 21:14:24.772, 22682, 79
2026/08/04 21:14:25.776, 22682, 100
2026/08/04 21:14:26.780, 22682, 100
2026/08/04 21:14:27.783, 22682, 100
2026/08/04 21:14:28.786, 22682, 100
2026/08/04 21:14:29.788, 22682, 82
2026/08/04 21:14:30.791, 22682, 84
2026/08/04 21:14:31.793, 22682, 100
2026/08/04 21:14:32.796, 22682, 100
2026/08/04 21:14:33.798, 22682, 100
2026/08/04 21:14:34.799, 22682, 100
2026/08/04 21:14:35.801, 22682, 100
2026/08/04 21:14:36.802, 22682, 84
2026/08/04 21:14:37.805, 22682, 100
2026/08/04 21:14:38.806, 22682, 100
2026/08/04 21:14:39.808, 22682, 88
2026/08/04 21:14:40.809, 22682, 100
2026/08/04 21:14:41.811, 22682, 100
2026/08/04 21:14:42.812, 22682, 100
2026/08/04 21:14:43.814, 22682, 100
2026/08/04 21:14:44.815, 22682, 100
2026/08/04 21:14:45.817, 22682, 100
2026/08/04 21:14:46.817, 22682, 100
2026/08/04 21:14:47.817, 22682, 70
2026/08/04 21:14:48.818, 22682, 100
2026/08/04 21:14:49.818, 22682, 100
2026/08/04 21:14:50.818, 22682, 100
2026/08/04 21:14:51.819, 22682, 100
2026/08/04 21:14:52.819, 22682, 82
2026/08/04 21:14:53.819, 22682, 82
2026/08/04 21:14:54.819, 22682, 100
2026/08/04 21:14:55.820, 22682, 100
2026/08/04 21:14:56.820, 22682, 84
2026/08/04 21:14:57.820, 22682, 100
2026/08/04 21:14:58.821, 22682, 100
2026/08/04 21:14:59.821, 22682, 100
2026/08/04 21:15:00.821, 22682, 84
2026/08/04 21:15:01.822, 22682, 100
2026/08/04 21:15:02.822, 22682, 100
2026/08/04 21:15:03.822, 22682, 86
2026/08/04 21:15:04.822, 22682, 100
2026/08/04 21:15:05.823, 22682, 100
2026/08/04 21:15:06.823, 22682, 100
2026/08/04 21:15:07.823, 22682, 82
2026/08/04 21:15:08.824, 22682, 100
2026/08/04 21:15:09.824, 22682, 100
2026/08/04 21:15:10.824, 22682, 100
2026/08/04 21:15:11.824, 22682, 12
2026/08/04 21:15:12.825, 22682, 0
2026/08/04 21:15:13.825, 22682, 10
2026/08/04 21:15:14.825, 22682, 100
2026/08/04 21:15:15.826, 22682, 100
2026/08/04 21:15:16.826, 22682, 100
2026/08/04 21:15:17.826, 22682, 100
2026/08/04 21:15:18.826, 22682, 90
2026/08/04 21:15:19.828, 22682, 100
2026/08/04 21:15:20.831, 22682, 100
2026/08/04 21:15:21.834, 22682, 100
2026/08/04 21:15:22.836, 22682, 100
2026/08/04 21:15:23.839, 22682, 84
2026/08/04 21:15:24.841, 22682, 100
2026/08/04 21:15:25.843, 22682, 100
2026/08/04 21:15:26.845, 22682, 100
2026/08/04 21:15:27.846, 22682, 100
2026/08/04 21:15:28.848, 22682, 100
2026/08/04 21:15:29.849, 22682, 100
2026/08/04 21:15:30.851, 22682, 100
2026/08/04 21:15:31.853, 22682, 100
2026/08/04 21:15:32.854, 22682, 95
2026/08/04 21:15:33.855, 22682, 100
2026/08/04 21:15:34.857, 22682, 100
2026/08/04 21:15:35.858, 22682, 100
2026/08/04 21:15:36.860, 22682, 100
2026/08/04 21:15:37.861, 22682, 100
2026/08/04 21:15:38.862, 22682, 100
2026/08/04 21:15:39.864, 22682, 100
2026/08/04 21:15:40.865, 22682, 100
2026/08/04 21:15:41.866, 22682, 100
2026/08/04 21:15:42.868, 22682, 96
2026/08/04 21:15:43.868, 22682, 70
2026/08/04 21:15:44.870, 22682, 100
2026/08/04 21:15:45.871, 22682, 100
2026/08/04 21:15:46.873, 22682, 100
2026/08/04 21:15:47.874, 22682, 100
2026/08/04 21:15:48.876, 22682, 100
2026/08/04 21:15:49.877, 22682, 100
2026/08/04 21:15:50.878, 22682, 71
2026/08/04 21:15:51.878, 22682, 100
2026/08/04 21:15:52.879, 22682, 100
2026/08/04 21:15:53.879, 22682, 100
2026/08/04 21:15:54.879, 22682, 100
2026/08/04 21:15:55.880, 22682, 100
2026/08/04 21:15:56.880, 22682, 100
2026/08/04 21:15:57.880, 22682, 100
2026/08/04 21:15:58.881, 22682, 100
2026/08/04 21:15:59.881, 22682, 100
2026/08/04 21:16:00.881, 22682, 100
2026/08/04 21:16:01.882, 22682, 100
2026/08/04 21:16:02.882, 22682, 100
2026/08/04 21:16:03.882, 22682, 100
2026/08/04 21:16:04.883, 22682, 100
2026/08/04 21:16:05.883, 22682, 100
2026/08/04 21:16:06.883, 22682, 100
2026/08/04 21:16:07.883, 22682, 100
2026/08/04 21:16:08.884, 22682, 100
2026/08/04 21:16:09.884, 22682, 100
2026/08/04 21:16:10.884, 22682, 100
2026/08/04 21:16:11.885, 22682, 100
2026/08/04 21:16:12.885, 22682, 100
2026/08/04 21:16:13.885, 22682, 100
2026/08/04 21:16:14.885, 22682, 100
2026/08/04 21:16:15.886, 22682, 84
2026/08/04 21:16:16.886, 22682, 83
2026/08/04 21:16:17.886, 22682, 100
2026/08/04 21:16:18.887, 22682, 100
2026/08/04 21:16:19.887, 22682, 100
2026/08/04 21:16:20.887, 22682, 100
2026/08/04 21:16:21.888, 22682, 100
2026/08/04 21:16:22.888, 22682, 100
2026/08/04 21:16:23.897, 22682, 100
2026/08/04 21:16:24.905, 22682, 100
2026/08/04 21:16:25.914, 22682, 100
2026/08/04 21:16:26.922, 22682, 100
2026/08/04 21:16:27.930, 22682, 100
2026/08/04 21:16:28.937, 22682, 100
2026/08/04 21:16:29.944, 22682, 100
2026/08/04 21:16:30.950, 22682, 100
2026/08/04 21:16:31.956, 22682, 100
2026/08/04 21:16:32.962, 22682, 100
2026/08/04 21:16:33.968, 22682, 100
2026/08/04 21:16:34.973, 22682, 74
2026/08/04 21:16:35.977, 22682, 100
2026/08/04 21:16:36.982, 22682, 100
2026/08/04 21:16:37.987, 22682, 100
2026/08/04 21:16:38.991, 22682, 100
2026/08/04 21:16:39.996, 22682, 100
2026/08/04 21:16:41.000, 22682, 100
2026/08/04 21:16:42.004, 22682, 74
2026/08/04 21:16:43.007, 22682, 100
2026/08/04 21:16:44.010, 22682, 100
2026/08/04 21:16:45.014, 22682, 100
2026/08/04 21:16:46.017, 22682, 85
2026/08/04 21:16:47.020, 22682, 100
2026/08/04 21:16:48.023, 22682, 100
2026/08/04 21:16:49.026, 22682, 100
2026/08/04 21:16:50.028, 22682, 100
2026/08/04 21:16:51.031, 22682, 100
2026/08/04 21:16:52.034, 22682, 99
2026/08/04 21:16:53.036, 22682, 100
2026/08/04 21:16:54.038, 22682, 100
2026/08/04 21:16:55.041, 22682, 100
2026/08/04 21:16:56.043, 22682, 100
2026/08/04 21:16:57.045, 22682, 73
2026/08/04 21:16:58.047, 22682, 100
2026/08/04 21:16:59.049, 22682, 100
2026/08/04 21:17:00.051, 22682, 100
2026/08/04 21:17:01.054, 22682, 100
2026/08/04 21:17:02.055, 22682, 100
2026/08/04 21:17:03.057, 22682, 100
2026/08/04 21:17:04.059, 22682, 100
2026/08/04 21:17:05.061, 22682, 100
2026/08/04 21:17:06.062, 22682, 100
2026/08/04 21:17:07.064, 22682, 100
2026/08/04 21:17:08.066, 22682, 100
2026/08/04 21:17:09.067, 22682, 100
2026/08/04 21:17:10.069, 22682, 100
2026/08/04 21:17:11.071, 22682, 100
2026/08/04 21:17:12.072, 22682, 100
2026/08/04 21:17:13.074, 22682, 89
2026/08/04 21:17:14.076, 22682, 100
2026/08/04 21:17:15.077, 22682, 100
2026/08/04 21:17:16.078, 22682, 100
2026/08/04 21:17:17.080, 22682, 100
2026/08/04 21:17:18.081, 22682, 100
2026/08/04 21:17:19.082, 22682, 96
2026/08/04 21:17:20.084, 22682, 100
2026/08/04 21:17:21.086, 22682, 100
2026/08/04 21:17:22.088, 22682, 100
2026/08/04 21:17:23.090, 22682, 100
2026/08/04 21:17:24.091, 22682, 100
2026/08/04 21:17:25.092, 22682, 100
2026/08/04 21:17:26.094, 22682, 100
2026/08/04 21:17:27.095, 22682, 100
2026/08/04 21:17:28.096, 22682, 100
2026/08/04 21:17:29.097, 22682, 100
2026/08/04 21:17:30.097, 22682, 100
2026/08/04 21:17:31.097, 22682, 100
2026/08/04 21:17:32.098, 22682, 100
2026/08/04 21:17:33.098, 22682, 100
2026/08/04 21:17:34.098, 22682, 100
2026/08/04 21:17:35.099, 22682, 100
2026/08/04 21:17:36.099, 22682, 100
2026/08/04 21:17:37.099, 22682, 100
2026/08/04 21:17:38.099, 22682, 100
2026/08/04 21:17:39.100, 22682, 100
2026/08/04 21:17:40.100, 22682, 100
2026/08/04 21:17:41.100, 22682, 100
2026/08/04 21:17:42.100, 22682, 98
2026/08/04 21:17:43.101, 22682, 100
2026/08/04 21:17:44.101, 22682, 100
2026/08/04 21:17:45.101, 22682, 100
2026/08/04 21:17:46.102, 22682, 100
2026/08/04 21:17:47.102, 22682, 100
2026/08/04 21:17:48.102, 22682, 100
2026/08/04 21:17:49.102, 22682, 100
2026/08/04 21:17:50.103, 22682, 100
2026/08/04 21:17:51.104, 22682, 100
2026/08/04 21:17:52.104, 22682, 100
2026/08/04 21:17:53.104, 22682, 100
2026/08/04 21:17:54.105, 22682, 100
2026/08/04 21:17:55.105, 22682, 100
2026/08/04 21:17:56.105, 22682, 100
2026/08/04 21:17:57.106, 22682, 100
2026/08/04 21:17:58.106, 22682, 100
2026/08/04 21:17:59.108, 22682, 100
2026/08/04 21:18:00.109, 22682, 100
2026/08/04 21:18:01.110, 22682, 100
2026/08/04 21:18:02.112, 22682, 100
2026/08/04 21:18:03.113, 22682, 100
2026/08/04 21:18:04.115, 22682, 100
2026/08/04 21:18:05.116, 22682, 100
2026/08/04 21:18:06.117, 22682, 100
2026/08/04 21:18:07.119, 22682, 85
2026/08/04 21:18:08.119, 22682, 100
2026/08/04 21:18:09.121, 22682, 100
2026/08/04 21:18:10.121, 22682, 100
2026/08/04 21:18:11.123, 22682, 100
2026/08/04 21:18:12.124, 22682, 100
2026/08/04 21:18:13.125, 22682, 100
2026/08/04 21:18:14.127, 22682, 100
2026/08/04 21:18:15.128, 22682, 100
2026/08/04 21:18:16.129, 22682, 100
2026/08/04 21:18:17.131, 22682, 84
2026/08/04 21:18:18.132, 22682, 100
2026/08/04 21:18:19.134, 22682, 100
2026/08/04 21:18:20.135, 22682, 100
2026/08/04 21:18:21.137, 22682, 100
2026/08/04 21:18:22.138, 22682, 100
2026/08/04 21:18:23.140, 22682, 100
2026/08/04 21:18:24.141, 22682, 100
2026/08/04 21:18:25.143, 22682, 100
2026/08/04 21:18:26.144, 22682, 100
2026/08/04 21:18:27.145, 22682, 83
2026/08/04 21:18:28.147, 22682, 100
2026/08/04 21:18:29.148, 22682, 100
2026/08/04 21:18:30.150, 22682, 100
2026/08/04 21:18:31.151, 22682, 84
2026/08/04 21:18:32.153, 22682, 84
2026/08/04 21:18:33.154, 22682, 100
2026/08/04 21:18:34.156, 22682, 100
2026/08/04 21:18:35.157, 22682, 100
2026/08/04 21:18:36.159, 22682, 100
2026/08/04 21:18:37.160, 22682, 100
2026/08/04 21:18:38.162, 22682, 100
2026/08/04 21:18:39.163, 22682, 100
2026/08/04 21:18:40.165, 22682, 100
2026/08/04 21:18:41.166, 22682, 100
2026/08/04 21:18:42.168, 22682, 100
2026/08/04 21:18:43.169, 22682, 87
2026/08/04 21:18:44.170, 22682, 100
2026/08/04 21:18:45.171, 22682, 100
2026/08/04 21:18:46.172, 22682, 100
2026/08/04 21:18:47.173, 22682, 100
2026/08/04 21:18:48.174, 22682, 100
2026/08/04 21:18:49.176, 22682, 100
2026/08/04 21:18:50.177, 22682, 83
2026/08/04 21:18:51.178, 22682, 100
2026/08/04 21:18:52.180, 22682, 100
2026/08/04 21:18:53.181, 22682, 100
2026/08/04 21:18:54.182, 22682, 100
2026/08/04 21:18:55.184, 22682, 100
2026/08/04 21:18:56.185, 22682, 100
2026/08/04 21:18:57.187, 22682, 100
2026/08/04 21:18:58.188, 22682, 100
2026/08/04 21:18:59.190, 22682, 100
2026/08/04 21:19:00.191, 22682, 100
2026/08/04 21:19:01.192, 22682, 83
2026/08/04 21:19:02.193, 22682, 100
2026/08/04 21:19:03.194, 22682, 100
2026/08/04 21:19:04.196, 22682, 100
2026/08/04 21:19:05.197, 22682, 100
2026/08/04 21:19:06.199, 22682, 100
2026/08/04 21:19:07.200, 22682, 100
2026/08/04 21:19:08.201, 22682, 100
2026/08/04 21:19:09.202, 22682, 100
2026/08/04 21:19:10.204, 22682, 100
2026/08/04 21:19:11.205, 22682, 100
2026/08/04 21:19:12.207, 22682, 100
2026/08/04 21:19:13.208, 22682, 72
2026/08/04 21:19:14.209, 22682, 100
2026/08/04 21:19:15.211, 22682, 100
2026/08/04 21:19:16.212, 22682, 83
2026/08/04 21:19:17.214, 22682, 100
2026/08/04 21:19:18.215, 22682, 86
2026/08/04 21:19:19.217, 22682, 100
2026/08/04 21:19:20.218, 22682, 100
2026/08/04 21:19:21.220, 22682, 100
2026/08/04 21:19:22.221, 22682, 100
2026/08/04 21:19:23.222, 22682, 100
2026/08/04 21:19:24.224, 22682, 100
2026/08/04 21:19:25.225, 22682, 100
2026/08/04 21:19:26.227, 22682, 100
2026/08/04 21:19:27.228, 22682, 100
2026/08/04 21:19:28.229, 22682, 84
2026/08/04 21:19:29.231, 22682, 82
2026/08/04 21:19:30.232, 22682, 100
2026/08/04 21:19:31.234, 22682, 100
2026/08/04 21:19:32.235, 22682, 100
2026/08/04 21:19:33.236, 22682, 100
2026/08/04 21:19:34.238, 22682, 84
2026/08/04 21:19:35.239, 22682, 100
2026/08/04 21:19:36.241, 22682, 100
2026/08/04 21:19:37.242, 22682, 100
2026/08/04 21:19:38.243, 22682, 100
2026/08/04 21:19:39.245, 22682, 85
2026/08/04 21:19:40.246, 22682, 100
2026/08/04 21:19:41.248, 22682, 100
2026/08/04 21:19:42.249, 22682, 100
2026/08/04 21:19:43.250, 22682, 100
2026/08/04 21:19:44.252, 22682, 100
2026/08/04 21:19:45.253, 22682, 100
2026/08/04 21:19:46.255, 22682, 100
2026/08/04 21:19:47.256, 22682, 100
2026/08/04 21:19:48.257, 22682, 100
2026/08/04 21:19:49.259, 22682, 100
2026/08/04 21:19:50.260, 22682, 100
2026/08/04 21:19:51.262, 22682, 83
2026/08/04 21:19:52.262, 22682, 91
2026/08/04 21:19:53.262, 22682, 81
2026/08/04 21:19:54.263, 22682, 100
2026/08/04 21:19:55.263, 22682, 100
2026/08/04 21:19:56.263, 22682, 100
2026/08/04 21:19:57.264, 22682, 100
2026/08/04 21:19:58.264, 22682, 100
2026/08/04 21:19:59.264, 22682, 100
2026/08/04 21:20:00.265, 22682, 100
2026/08/04 21:20:01.265, 22682, 84
2026/08/04 21:20:02.265, 22682, 100
2026/08/04 21:20:03.265, 22682, 100
2026/08/04 21:20:04.266, 22682, 100
2026/08/04 21:20:05.266, 22682, 100
2026/08/04 21:20:06.266, 22682, 100
2026/08/04 21:20:07.267, 22682, 100
2026/08/04 21:20:08.267, 22682, 72
2026/08/04 21:20:09.267, 22682, 100
2026/08/04 21:20:10.268, 22682, 100
2026/08/04 21:20:11.268, 22682, 100
2026/08/04 21:20:12.268, 22682, 100
2026/08/04 21:20:13.269, 22682, 100
2026/08/04 21:20:14.269, 22682, 85
2026/08/04 21:20:15.269, 22682, 100
2026/08/04 21:20:16.270, 22682, 100
2026/08/04 21:20:17.270, 22682, 100
2026/08/04 21:20:18.270, 22682, 100
2026/08/04 21:20:19.270, 22682, 100
2026/08/04 21:20:20.271, 22682, 100
2026/08/04 21:20:21.271, 22682, 100
2026/08/04 21:20:22.271, 22682, 100
2026/08/04 21:20:23.272, 22682, 100
2026/08/04 21:20:24.272, 22682, 100
2026/08/04 21:20:25.272, 22682, 83
2026/08/04 21:20:26.273, 22682, 100
2026/08/04 21:20:27.273, 22682, 100
2026/08/04 21:20:28.273, 22682, 100
2026/08/04 21:20:29.274, 22682, 100
2026/08/04 21:20:30.274, 22682, 100
2026/08/04 21:20:31.274, 22682, 100
2026/08/04 21:20:32.275, 22682, 100
2026/08/04 21:20:33.275, 22682, 100
2026/08/04 21:20:34.275, 22682, 100
2026/08/04 21:20:35.276, 22682, 100
2026/08/04 21:20:36.276, 22682, 100
2026/08/04 21:20:37.276, 22682, 100
2026/08/04 21:20:38.276, 22682, 100
2026/08/04 21:20:39.277, 22682, 100
2026/08/04 21:20:40.277, 22682, 100
2026/08/04 21:20:41.277, 22682, 73
2026/08/04 21:20:42.278, 22682, 100
2026/08/04 21:20:43.278, 22682, 100
2026/08/04 21:20:44.278, 22682, 84
2026/08/04 21:20:45.279, 22682, 100
2026/08/04 21:20:46.279, 22682, 100
2026/08/04 21:20:47.279, 22682, 100
2026/08/04 21:20:48.280, 22682, 100
2026/08/04 21:20:49.280, 22682, 100
2026/08/04 21:20:50.280, 22682, 100
2026/08/04 21:20:51.281, 22682, 83
2026/08/04 21:20:52.281, 22682, 100
2026/08/04 21:20:53.281, 22682, 100
2026/08/04 21:20:54.281, 22682, 100
2026/08/04 21:20:55.282, 22682, 100
2026/08/04 21:20:56.282, 22682, 100
2026/08/04 21:20:57.282, 22682, 100
2026/08/04 21:20:58.283, 22682, 100
2026/08/04 21:20:59.283, 22682, 100
2026/08/04 21:21:00.283, 22682, 100
2026/08/04 21:21:01.284, 22682, 100
2026/08/04 21:21:02.284, 22682, 100
2026/08/04 21:21:03.284, 22682, 81
2026/08/04 21:21:04.285, 22682, 100
2026/08/04 21:21:05.285, 22682, 100
2026/08/04 21:21:06.285, 22682, 100
2026/08/04 21:21:07.286, 22682, 100
2026/08/04 21:21:08.286, 22682, 100
2026/08/04 21:21:09.286, 22682, 100
2026/08/04 21:21:10.286, 22682, 100
2026/08/04 21:21:11.287, 22682, 100
2026/08/04 21:21:12.287, 22682, 100
2026/08/04 21:21:13.287, 22682, 100
2026/08/04 21:21:14.288, 22682, 100
2026/08/04 21:21:15.288, 22682, 100
2026/08/04 21:21:16.288, 22682, 100
2026/08/04 21:21:17.288, 22682, 100
2026/08/04 21:21:18.289, 22682, 100
2026/08/04 21:21:19.289, 22682, 100
2026/08/04 21:21:20.289, 22682, 100
2026/08/04 21:21:21.290, 22682, 100
2026/08/04 21:21:22.290, 22682, 100
2026/08/04 21:21:23.290, 22682, 100
2026/08/04 21:21:24.290, 22682, 100
2026/08/04 21:21:25.291, 22682, 83
2026/08/04 21:21:26.291, 22682, 100
2026/08/04 21:21:27.291, 22682, 100
2026/08/04 21:21:28.292, 22682, 100
2026/08/04 21:21:29.292, 22682, 100
2026/08/04 21:21:30.292, 22682, 100
2026/08/04 21:21:31.292, 22682, 100
2026/08/04 21:21:32.293, 22682, 100
2026/08/04 21:21:33.293, 22682, 100
2026/08/04 21:21:34.293, 22682, 100
2026/08/04 21:21:35.294, 22682, 100
2026/08/04 21:21:36.294, 22682, 100
2026/08/04 21:21:37.294, 22682, 83
2026/08/04 21:21:38.294, 22682, 100
2026/08/04 21:21:39.295, 22682, 100
2026/08/04 21:21:40.295, 22682, 100
2026/08/04 21:21:41.295, 22682, 100
2026/08/04 21:21:42.295, 22682, 83
2026/08/04 21:21:43.296, 22682, 100
2026/08/04 21:21:44.296, 22682, 100
2026/08/04 21:21:45.296, 22682, 100
2026/08/04 21:21:46.296, 22682, 100
2026/08/04 21:21:47.296, 22682, 89
2026/08/04 21:21:48.297, 22682, 100
2026/08/04 21:21:49.297, 22682, 100
2026/08/04 21:21:50.297, 22682, 100
2026/08/04 21:21:51.298, 22682, 100
2026/08/04 21:21:52.298, 22682, 100
2026/08/04 21:21:53.299, 22682, 100
2026/08/04 21:21:54.299, 22682, 100
2026/08/04 21:21:55.299, 22682, 100
2026/08/04 21:21:56.299, 22682, 100
2026/08/04 21:21:57.300, 22682, 100
2026/08/04 21:21:58.300, 22682, 100
2026/08/04 21:21:59.301, 22682, 100
2026/08/04 21:22:00.301, 22682, 100
2026/08/04 21:22:01.303, 22682, 100
2026/08/04 21:22:02.307, 22682, 83
2026/08/04 21:22:03.310, 22682, 100
2026/08/04 21:22:04.314, 22682, 100
2026/08/04 21:22:05.317, 22682, 84
2026/08/04 21:22:06.320, 22682, 100
2026/08/04 21:22:07.323, 22682, 100
2026/08/04 21:22:08.326, 22682, 100
2026/08/04 21:22:09.329, 22682, 100
2026/08/04 21:22:10.332, 22682, 84
2026/08/04 21:22:11.335, 22682, 85
2026/08/04 21:22:12.338, 22682, 100
2026/08/04 21:22:13.340, 22682, 100
2026/08/04 21:22:14.343, 22682, 100
2026/08/04 21:22:15.346, 22682, 100
2026/08/04 21:22:16.349, 22682, 100
2026/08/04 21:22:17.352, 22682, 100
2026/08/04 21:22:18.355, 22682, 72
2026/08/04 21:22:19.358, 22682, 100
2026/08/04 21:22:20.360, 22682, 71
2026/08/04 21:22:21.363, 22682, 85
2026/08/04 21:22:22.366, 22682, 100
2026/08/04 21:22:23.368, 22682, 100
2026/08/04 21:22:24.371, 22682, 100
2026/08/04 21:22:25.373, 22682, 100
2026/08/04 21:22:26.375, 22682, 85
2026/08/04 21:22:27.378, 22682, 100
2026/08/04 21:22:28.380, 22682, 100
2026/08/04 21:22:29.383, 22682, 100
2026/08/04 21:22:30.385, 22682, 100
2026/08/04 21:22:31.387, 22682, 100
2026/08/04 21:22:32.390, 22682, 100
2026/08/04 21:22:33.392, 22682, 100
2026/08/04 21:22:34.394, 22682, 100
2026/08/04 21:22:35.397, 22682, 90
2026/08/04 21:22:36.399, 22682, 100
2026/08/04 21:22:37.401, 22682, 100
2026/08/04 21:22:38.404, 22682, 100
2026/08/04 21:22:39.406, 22682, 100
2026/08/04 21:22:40.408, 22682, 100
2026/08/04 21:22:41.411, 22682, 100
2026/08/04 21:22:42.414, 22682, 100
2026/08/04 21:22:43.416, 22682, 72
2026/08/04 21:22:44.418, 22682, 100
2026/08/04 21:22:45.419, 22682, 85
2026/08/04 21:22:46.420, 22682, 100
2026/08/04 21:22:47.422, 22682, 100
2026/08/04 21:22:48.423, 22682, 100
2026/08/04 21:22:49.425, 22682, 100
2026/08/04 21:22:50.426, 22682, 100
2026/08/04 21:22:51.427, 22682, 100
2026/08/04 21:22:52.429, 22682, 100
2026/08/04 21:22:53.430, 22682, 98
2026/08/04 21:22:54.431, 22682, 92
2026/08/04 21:22:55.433, 22682, 100
2026/08/04 21:22:56.434, 22682, 100
2026/08/04 21:22:57.435, 22682, 100
2026/08/04 21:22:58.437, 22682, 82
2026/08/04 21:22:59.438, 22682, 100
2026/08/04 21:23:00.439, 22682, 100
2026/08/04 21:23:01.441, 22682, 83
2026/08/04 21:23:02.442, 22682, 100
2026/08/04 21:23:03.443, 22682, 100
2026/08/04 21:23:04.445, 22682, 100
2026/08/04 21:23:05.446, 22682, 84
2026/08/04 21:23:06.448, 22682, 100
2026/08/04 21:23:07.449, 22682, 100
2026/08/04 21:23:08.451, 22682, 100
2026/08/04 21:23:09.452, 22682, 100
2026/08/04 21:23:10.454, 22682, 100
2026/08/04 21:23:11.455, 22682, 71
2026/08/04 21:23:12.457, 22682, 100
2026/08/04 21:23:13.459, 22682, 100
2026/08/04 21:23:14.460, 22682, 100
2026/08/04 21:23:15.462, 22682, 100
2026/08/04 21:23:16.463, 22682, 69
2026/08/04 21:23:17.464, 22682, 100
2026/08/04 21:23:18.466, 22682, 100
2026/08/04 21:23:19.467, 22682, 100
2026/08/04 21:23:20.468, 22682, 100
2026/08/04 21:23:21.470, 22682, 100
2026/08/04 21:23:22.471, 22682, 100
2026/08/04 21:23:23.472, 22682, 100
2026/08/04 21:23:24.476, 22682, 72
2026/08/04 21:23:25.477, 22682, 100
2026/08/04 21:23:26.479, 22682, 100
2026/08/04 21:23:27.480, 22682, 100
2026/08/04 21:23:28.482, 22682, 100
2026/08/04 21:23:29.483, 22682, 100
2026/08/04 21:23:30.485, 22682, 100
2026/08/04 21:23:31.486, 22682, 100
2026/08/04 21:23:32.487, 22682, 100
2026/08/04 21:23:33.489, 22682, 100
2026/08/04 21:23:34.490, 22682, 100
2026/08/04 21:23:35.491, 22682, 100
2026/08/04 21:23:36.493, 22682, 100
2026/08/04 21:23:37.494, 22682, 100
2026/08/04 21:23:38.496, 22682, 100
2026/08/04 21:23:39.497, 22682, 100
2026/08/04 21:23:40.498, 22682, 100
2026/08/04 21:23:41.500, 22682, 100
2026/08/04 21:23:42.501, 22682, 100
2026/08/04 21:23:43.503, 22682, 85
2026/08/04 21:23:44.504, 22682, 100
2026/08/04 21:23:45.505, 22682, 100
2026/08/04 21:23:46.507, 22682, 84
2026/08/04 21:23:47.508, 22682, 100
2026/08/04 21:23:48.510, 22682, 100
2026/08/04 21:23:49.513, 22682, 100
2026/08/04 21:23:50.515, 22682, 100
2026/08/04 21:23:51.516, 22682, 100
2026/08/04 21:23:52.517, 22682, 100
2026/08/04 21:23:53.518, 22682, 100
2026/08/04 21:23:54.519, 22682, 100
2026/08/04 21:23:55.521, 22682, 100
2026/08/04 21:23:56.522, 22682, 100
2026/08/04 21:23:57.523, 22682, 100
2026/08/04 21:23:58.525, 22682, 100
2026/08/04 21:23:59.526, 22682, 100
2026/08/04 21:24:00.527, 22682, 100
2026/08/04 21:24:01.529, 22682, 100
2026/08/04 21:24:02.530, 22682, 100
2026/08/04 21:24:03.531, 22682, 100
2026/08/04 21:24:04.533, 22682, 69
2026/08/04 21:24:05.534, 22682, 86
2026/08/04 21:24:06.536, 22682, 100
2026/08/04 21:24:07.537, 22682, 100
2026/08/04 21:24:08.538, 22682, 100
2026/08/04 21:24:09.539, 22682, 100
2026/08/04 21:24:10.554, 22682, 100
2026/08/04 21:24:11.579, 22682, 100
2026/08/04 21:24:12.601, 22682, 100
2026/08/04 21:24:13.620, 22682, 100
2026/08/04 21:24:14.637, 22682, 100
2026/08/04 21:24:15.652, 22682, 100
2026/08/04 21:24:16.664, 22682, 100
2026/08/04 21:24:17.676, 22682, 91
2026/08/04 21:24:18.687, 22682, 100
2026/08/04 21:24:19.696, 22682, 100
2026/08/04 21:24:20.705, 22682, 100
2026/08/04 21:24:21.713, 22682, 100
2026/08/04 21:24:22.720, 22682, 100
2026/08/04 21:24:23.726, 22682, 72
2026/08/04 21:24:24.731, 22682, 100
2026/08/04 21:24:25.736, 22682, 100
2026/08/04 21:24:26.740, 22682, 100
2026/08/04 21:24:27.745, 22682, 100
2026/08/04 21:24:28.748, 22682, 99
2026/08/04 21:24:29.752, 22682, 100
2026/08/04 21:24:30.754, 22682, 100
2026/08/04 21:24:31.757, 22682, 100
2026/08/04 21:24:32.759, 22682, 100
2026/08/04 21:24:33.761, 22682, 100
2026/08/04 21:24:34.764, 22682, 100
2026/08/04 21:24:35.765, 22682, 100
2026/08/04 21:24:36.768, 22682, 100
2026/08/04 21:24:37.769, 22682, 84
2026/08/04 21:24:38.771, 22682, 100
2026/08/04 21:24:39.772, 22682, 100
2026/08/04 21:24:40.774, 22682, 100
2026/08/04 21:24:41.776, 22682, 100
2026/08/04 21:24:42.311, 22682, 100
2026/08/04 21:24:43.313, 22682, 100
2026/08/04 21:24:44.314, 22682, 71
2026/08/04 21:24:45.315, 22682, 100
2026/08/04 21:24:46.317, 22682, 100
2026/08/04 21:24:47.318, 22682, 100
2026/08/04 21:24:48.320, 22682, 100
2026/08/04 21:24:49.321, 22682, 81
2026/08/04 21:24:50.323, 22682, 83
2026/08/04 21:24:51.324, 22682, 100
2026/08/04 21:24:52.325, 22682, 100
2026/08/04 21:24:53.327, 22682, 100
2026/08/04 21:24:54.328, 22682, 100
2026/08/04 21:24:55.330, 22682, 100
2026/08/04 21:24:56.331, 22682, 100
2026/08/04 21:24:57.333, 22682, 100
2026/08/04 21:24:58.334, 22682, 100
2026/08/04 21:24:59.336, 22682, 100
2026/08/04 21:25:00.337, 22682, 100
2026/08/04 21:25:01.338, 22682, 83
2026/08/04 21:25:02.340, 22682, 100
2026/08/04 21:25:03.341, 22682, 100
2026/08/04 21:25:04.342, 22682, 100
2026/08/04 21:25:05.344, 22682, 83
2026/08/04 21:25:06.346, 22682, 72
2026/08/04 21:25:07.347, 22682, 100
2026/08/04 21:25:08.348, 22682, 100
2026/08/04 21:25:09.350, 22682, 100
2026/08/04 21:25:10.351, 22682, 100
2026/08/04 21:25:11.352, 22682, 100
2026/08/04 21:25:12.354, 22682, 100
2026/08/04 21:25:13.355, 22682, 100
2026/08/04 21:25:14.357, 22682, 100
2026/08/04 21:25:15.367, 22682, 100
2026/08/04 21:25:16.392, 22682, 100
2026/08/04 21:25:17.414, 22682, 100
2026/08/04 21:25:18.434, 22682, 100
2026/08/04 21:25:19.451, 22682, 100
2026/08/04 21:25:20.465, 22682, 81
2026/08/04 21:25:21.479, 22682, 100
2026/08/04 21:25:22.490, 22682, 83
2026/08/04 21:25:23.501, 22682, 100
2026/08/04 21:25:24.510, 22682, 100
2026/08/04 21:25:25.519, 22682, 82
2026/08/04 21:25:26.526, 22682, 100
2026/08/04 21:25:27.533, 22682, 95
2026/08/04 21:25:28.539, 22682, 100
2026/08/04 21:25:29.544, 22682, 100
2026/08/04 21:25:30.549, 22682, 100
2026/08/04 21:25:31.553, 22682, 100
2026/08/04 21:25:32.557, 22682, 100
2026/08/04 21:25:33.561, 22682, 100
2026/08/04 21:25:34.565, 22682, 96
2026/08/04 21:25:35.568, 22682, 86
2026/08/04 21:25:36.570, 22682, 100
2026/08/04 21:25:37.573, 22682, 100
2026/08/04 21:25:38.575, 22682, 85
2026/08/04 21:25:39.578, 22682, 100
2026/08/04 21:25:40.580, 22682, 100
2026/08/04 21:25:41.582, 22682, 100
2026/08/04 21:25:42.584, 22682, 100
2026/08/04 21:25:43.585, 22682, 100
2026/08/04 21:25:44.587, 22682, 100
2026/08/04 21:25:45.588, 22682, 100
2026/08/04 21:25:46.590, 22682, 100
2026/08/04 21:25:47.592, 22682, 100
2026/08/04 21:25:48.597, 22682, 100
2026/08/04 21:25:49.606, 22682, 100
2026/08/04 21:25:50.613, 22682, 100
2026/08/04 21:25:51.619, 22682, 100
2026/08/04 21:25:52.625, 22682, 100
2026/08/04 21:25:53.630, 22682, 85
2026/08/04 21:25:54.635, 22682, 100
2026/08/04 21:25:55.639, 22682, 100
2026/08/04 21:25:56.643, 22682, 87
2026/08/04 21:25:57.646, 22682, 100
2026/08/04 21:25:58.650, 22682, 100
2026/08/04 21:25:59.653, 22682, 84
2026/08/04 21:26:00.656, 22682, 83
2026/08/04 21:26:01.658, 22682, 84
2026/08/04 21:26:02.661, 22682, 100
2026/08/04 21:26:03.663, 22682, 100
2026/08/04 21:26:04.666, 22682, 100
2026/08/04 21:26:05.667, 22682, 100
2026/08/04 21:26:06.669, 22682, 85
2026/08/04 21:26:07.671, 22682, 100
2026/08/04 21:26:08.673, 22682, 81
2026/08/04 21:26:09.674, 22682, 100
2026/08/04 21:26:10.676, 22682, 100
2026/08/04 21:26:11.678, 22682, 100
2026/08/04 21:26:12.679, 22682, 75
2026/08/04 21:26:13.681, 22682, 100
2026/08/04 21:26:14.683, 22682, 100
2026/08/04 21:26:15.684, 22682, 100
2026/08/04 21:26:16.686, 22682, 100
2026/08/04 21:26:17.687, 22682, 100
2026/08/04 21:26:18.689, 22682, 100
2026/08/04 21:26:19.690, 22682, 100
2026/08/04 21:26:20.691, 22682, 100
2026/08/04 21:26:21.692, 22682, 79
2026/08/04 21:26:22.692, 22682, 100
2026/08/04 21:26:23.692, 22682, 100
2026/08/04 21:26:24.693, 22682, 100
2026/08/04 21:26:25.693, 22682, 100
2026/08/04 21:26:26.693, 22682, 100
2026/08/04 21:26:27.694, 22682, 100
2026/08/04 21:26:28.694, 22682, 100
2026/08/04 21:26:29.694, 22682, 100
2026/08/04 21:26:30.694, 22682, 100
2026/08/04 21:26:31.694, 22682, 100
2026/08/04 21:26:32.695, 22682, 100
2026/08/04 21:26:33.695, 22682, 100
2026/08/04 21:26:34.695, 22682, 100
2026/08/04 21:26:35.696, 22682, 100
2026/08/04 21:26:36.696, 22682, 100
2026/08/04 21:26:37.696, 22682, 100
2026/08/04 21:26:38.696, 22682, 100
2026/08/04 21:26:39.697, 22682, 100
2026/08/04 21:26:40.697, 22682, 100
2026/08/04 21:26:41.697, 22682, 100
2026/08/04 21:26:42.698, 22682, 100
2026/08/04 21:26:43.698, 22682, 100
2026/08/04 21:26:44.698, 22682, 100
2026/08/04 21:26:45.698, 22682, 100
2026/08/04 21:26:46.698, 22682, 88
2026/08/04 21:26:47.699, 22682, 100
2026/08/04 21:26:48.699, 22682, 100
2026/08/04 21:26:49.699, 22682, 100
2026/08/04 21:26:50.700, 22682, 100
2026/08/04 21:26:51.700, 22682, 100
2026/08/04 21:26:52.700, 22682, 84
2026/08/04 21:26:53.702, 22682, 100
2026/08/04 21:26:54.704, 22682, 100
2026/08/04 21:26:55.706, 22682, 100
2026/08/04 21:26:56.708, 22682, 100
2026/08/04 21:26:57.711, 22682, 100
2026/08/04 21:26:58.714, 22682, 100
2026/08/04 21:26:59.715, 22682, 100
2026/08/04 21:27:00.717, 22682, 100
2026/08/04 21:27:01.719, 22682, 100
2026/08/04 21:27:02.720, 22682, 100
2026/08/04 21:27:03.722, 22682, 100
2026/08/04 21:27:04.723, 22682, 100
2026/08/04 21:27:05.725, 22682, 100
2026/08/04 21:27:06.726, 22682, 100
2026/08/04 21:27:07.728, 22682, 100
2026/08/04 21:27:08.729, 22682, 100
2026/08/04 21:27:09.731, 22682, 100
2026/08/04 21:27:10.732, 22682, 100
2026/08/04 21:27:11.734, 22682, 100
2026/08/04 21:27:12.735, 22682, 100
2026/08/04 21:27:13.736, 22682, 100
2026/08/04 21:27:14.738, 22682, 100
2026/08/04 21:27:15.739, 22682, 100
2026/08/04 21:27:16.741, 22682, 100
2026/08/04 21:27:17.742, 22682, 100
2026/08/04 21:27:18.744, 22682, 69
2026/08/04 21:27:19.745, 22682, 82
2026/08/04 21:27:20.747, 22682, 87
2026/08/04 21:27:21.748, 22682, 83
2026/08/04 21:27:22.748, 22682, 100
2026/08/04 21:27:23.749, 22682, 100
2026/08/04 21:27:24.749, 22682, 85
2026/08/04 21:27:25.749, 22682, 100
2026/08/04 21:27:26.750, 22682, 100
2026/08/04 21:27:27.750, 22682, 100
2026/08/04 21:27:28.750, 22682, 84
2026/08/04 21:27:29.750, 22682, 100
2026/08/04 21:27:30.751, 22682, 100
2026/08/04 21:27:31.751, 22682, 100
2026/08/04 21:27:32.751, 22682, 100
2026/08/04 21:27:33.752, 22682, 91
2026/08/04 21:27:34.752, 22682, 100
2026/08/04 21:27:35.752, 22682, 100
2026/08/04 21:27:36.753, 22682, 100
2026/08/04 21:27:37.753, 22682, 100
2026/08/04 21:27:38.753, 22682, 100
2026/08/04 21:27:39.753, 22682, 100
2026/08/04 21:27:40.754, 22682, 83
2026/08/04 21:27:41.754, 22682, 100
2026/08/04 21:27:42.754, 22682, 100
2026/08/04 21:27:43.754, 22682, 100
2026/08/04 21:27:44.755, 22682, 100
2026/08/04 21:27:45.755, 22682, 100
2026/08/04 21:27:46.755, 22682, 100
2026/08/04 21:27:47.755, 22682, 100
2026/08/04 21:27:48.756, 22682, 100
2026/08/04 21:27:49.756, 22682, 86
2026/08/04 21:27:50.756, 22682, 97
2026/08/04 21:27:51.756, 22682, 83
2026/08/04 21:27:52.757, 22682, 100
2026/08/04 21:27:53.757, 22682, 100
2026/08/04 21:27:54.757, 22682, 100
2026/08/04 21:27:55.757, 22682, 100
2026/08/04 21:27:56.758, 22682, 100
2026/08/04 21:27:57.758, 22682, 100
2026/08/04 21:27:58.791, 22682, 100
2026/08/04 21:27:59.830, 22682, 100
2026/08/04 21:28:00.863, 22682, 100
2026/08/04 21:28:01.892, 22682, 85
2026/08/04 21:28:02.919, 22682, 100
2026/08/04 21:28:03.941, 22682, 100
2026/08/04 21:28:04.961, 22682, 100
2026/08/04 21:28:05.978, 22682, 85
2026/08/04 21:28:06.994, 22682, 100
2026/08/04 21:28:08.007, 22682, 100
2026/08/04 21:28:09.020, 22682, 100
2026/08/04 21:28:10.031, 22682, 86
2026/08/04 21:28:11.040, 22682, 100
2026/08/04 21:28:12.049, 22682, 84
2026/08/04 21:28:13.056, 22682, 100
2026/08/04 21:28:14.064, 22682, 100
2026/08/04 21:28:15.071, 22682, 100
2026/08/04 21:28:16.076, 22682, 100
2026/08/04 21:28:17.081, 22682, 89
2026/08/04 21:28:18.086, 22682, 100
2026/08/04 21:28:19.090, 22682, 100
2026/08/04 21:28:20.094, 22682, 100
2026/08/04 21:28:21.097, 22682, 100
2026/08/04 21:28:22.101, 22682, 84
2026/08/04 21:28:23.104, 22682, 100
2026/08/04 21:28:24.107, 22682, 100
2026/08/04 21:28:25.109, 22682, 100
2026/08/04 21:28:26.112, 22682, 16
2026/08/04 21:28:27.114, 22682, 10
2026/08/04 21:28:28.117, 22682, 11
2026/08/04 21:28:29.119, 22682, 15
2026/08/04 21:28:30.121, 22682, 0
2026/08/04 21:28:31.121, 22682, 0
2026/08/04 21:28:32.121, 22682, 0
