2026/08/05 07:04:34.674, 1, 0
2026/08/05 07:04:35.683, 1, 0
2026/08/05 07:04:36.684, 1, 0
2026/08/05 07:04:37.686, 1, 0
2026/08/05 07:04:38.687, 1, 0
2026/08/05 07:04:39.689, 4, 0
2026/08/05 07:04:40.689, 4, 0
2026/08/05 07:04:41.702, 4, 0
2026/08/05 07:04:42.718, 4, 0
2026/08/05 07:04:43.732, 4, 0
2026/08/05 07:04:44.745, 4, 0
2026/08/05 07:04:45.757, 4, 0
2026/08/05 07:04:46.766, 4, 0
2026/08/05 07:04:47.774, 4, 0
2026/08/05 07:04:48.782, 4, 0
2026/08/05 07:04:49.789, 4, 0
2026/08/05 07:04:50.795, 4, 0
2026/08/05 07:04:51.800, 4, 0
2026/08/05 07:04:52.805, 1306, 0
2026/08/05 07:04:53.809, 2550, 24
2026/08/05 07:04:54.812, 3606, 26
2026/08/05 07:04:55.816, 5528, 0
2026/08/05 07:04:56.819, 5880, 1
2026/08/05 07:04:57.821, 6802, 0
2026/08/05 07:04:58.824, 8400, 100
2026/08/05 07:04:59.826, 8476, 100
2026/08/05 07:05:00.829, 8640, 100
2026/08/05 07:05:01.830, 8640, 100
2026/08/05 07:05:02.832, 8640, 86
2026/08/05 07:05:03.834, 11160, 100
2026/08/05 07:05:04.835, 11160, 100
2026/08/05 07:05:05.837, 11160, 100
2026/08/05 07:05:06.838, 11162, 100
2026/08/05 07:05:07.840, 11162, 84
2026/08/05 07:05:08.840, 11164, 100
2026/08/05 07:05:09.841, 11164, 100
2026/08/05 07:05:10.842, 11164, 100
2026/08/05 07:05:11.843, 11164, 100
2026/08/05 07:05:12.844, 11164, 100
2026/08/05 07:05:13.845, 11164, 91
2026/08/05 07:05:14.846, 11164, 100
2026/08/05 07:05:15.847, 11164, 100
2026/08/05 07:05:16.848, 11164, 86
2026/08/05 07:05:17.848, 14074, 100
2026/08/05 07:05:18.849, 14074, 100
2026/08/05 07:05:19.850, 14074, 100
2026/08/05 07:05:20.850, 14074, 100
2026/08/05 07:05:21.851, 14074, 100
2026/08/05 07:05:22.851, 17530, 100
2026/08/05 07:05:23.851, 17530, 100
2026/08/05 07:05:24.851, 17530, 100
2026/08/05 07:05:25.852, 17530, 100
2026/08/05 07:05:26.852, 17530, 100
2026/08/05 07:05:27.853, 17530, 100
2026/08/05 07:05:28.853, 17530, 100
2026/08/05 07:05:29.853, 17530, 100
2026/08/05 07:05:30.853, 17530, 100
2026/08/05 07:05:31.854, 17530, 100
2026/08/05 07:05:32.854, 17530, 100
2026/08/05 07:05:33.854, 17530, 66
2026/08/05 07:05:34.854, 17530, 100
2026/08/05 07:05:35.855, 17530, 100
2026/08/05 07:05:36.855, 17530, 85
2026/08/05 07:05:37.855, 17530, 100
2026/08/05 07:05:38.855, 17530, 100
2026/08/05 07:05:39.856, 17530, 100
2026/08/05 07:05:40.856, 17530, 100
2026/08/05 07:05:41.856, 17530, 84
2026/08/05 07:05:42.856, 17530, 85
2026/08/05 07:05:43.857, 17530, 100
2026/08/05 07:05:44.857, 17530, 100
2026/08/05 07:05:45.857, 17530, 100
2026/08/05 07:05:46.857, 17530, 100
2026/08/05 07:05:47.858, 17530, 100
2026/08/05 07:05:48.858, 17530, 100
2026/08/05 07:05:49.858, 17530, 100
2026/08/05 07:05:50.858, 17530, 100
2026/08/05 07:05:51.859, 17530, 84
2026/08/05 07:05:52.859, 17530, 100
2026/08/05 07:05:53.859, 17530, 100
2026/08/05 07:05:54.859, 17530, 100
2026/08/05 07:05:55.859, 17530, 100
2026/08/05 07:05:56.859, 17530, 100
2026/08/05 07:05:57.860, 17530, 100
2026/08/05 07:05:58.860, 17530, 100
2026/08/05 07:05:59.860, 17530, 100
2026/08/05 07:06:00.860, 17530, 100
2026/08/05 07:06:01.861, 17530, 100
2026/08/05 07:06:02.861, 17530, 100
2026/08/05 07:06:03.861, 17530, 100
2026/08/05 07:06:04.861, 17530, 100
2026/08/05 07:06:05.862, 17530, 100
2026/08/05 07:06:06.862, 17530, 100
2026/08/05 07:06:07.862, 17530, 100
2026/08/05 07:06:08.862, 17530, 100
2026/08/05 07:06:09.863, 17530, 100
2026/08/05 07:06:10.863, 17530, 100
2026/08/05 07:06:11.863, 17530, 100
2026/08/05 07:06:12.863, 17530, 100
2026/08/05 07:06:13.864, 17530, 100
2026/08/05 07:06:14.864, 17530, 100
2026/08/05 07:06:15.864, 21094, 100
2026/08/05 07:06:16.864, 21094, 100
2026/08/05 07:06:17.865, 21094, 100
2026/08/05 07:06:18.865, 21094, 100
2026/08/05 07:06:19.866, 21094, 100
2026/08/05 07:06:20.866, 21094, 86
2026/08/05 07:06:21.866, 21094, 100
2026/08/05 07:06:22.866, 21094, 95
2026/08/05 07:06:23.866, 21094, 100
2026/08/05 07:06:24.867, 21094, 100
2026/08/05 07:06:25.867, 21094, 100
2026/08/05 07:06:26.867, 21094, 85
2026/08/05 07:06:27.867, 21094, 100
2026/08/05 07:06:28.868, 21094, 100
2026/08/05 07:06:29.868, 21094, 100
2026/08/05 07:06:30.868, 21094, 100
2026/08/05 07:06:31.869, 21094, 100
2026/08/05 07:06:32.869, 21094, 100
2026/08/05 07:06:33.869, 21094, 100
2026/08/05 07:06:34.869, 21094, 100
2026/08/05 07:06:35.870, 21094, 87
2026/08/05 07:06:36.870, 21094, 100
2026/08/05 07:06:37.870, 21094, 100
2026/08/05 07:06:38.871, 21094, 100
2026/08/05 07:06:39.871, 21094, 100
2026/08/05 07:06:40.871, 21094, 100
2026/08/05 07:06:41.871, 21094, 100
2026/08/05 07:06:42.872, 21094, 100
2026/08/05 07:06:43.872, 21094, 85
2026/08/05 07:06:44.872, 21094, 100
2026/08/05 07:06:45.873, 21094, 100
2026/08/05 07:06:46.873, 21094, 85
2026/08/05 07:06:47.873, 21094, 100
2026/08/05 07:06:48.874, 21094, 100
2026/08/05 07:06:49.874, 21094, 100
2026/08/05 07:06:50.874, 21094, 100
2026/08/05 07:06:51.874, 21094, 100
2026/08/05 07:06:52.875, 21094, 97
2026/08/05 07:06:53.875, 21094, 100
2026/08/05 07:06:54.875, 21094, 100
2026/08/05 07:06:55.875, 21094, 100
2026/08/05 07:06:56.876, 21094, 100
2026/08/05 07:06:57.876, 21094, 100
2026/08/05 07:06:58.876, 21094, 100
2026/08/05 07:06:59.876, 21094, 100
2026/08/05 07:07:00.876, 21094, 100
2026/08/05 07:07:01.877, 21094, 100
2026/08/05 07:07:02.877, 21094, 100
2026/08/05 07:07:03.877, 21094, 100
2026/08/05 07:07:04.877, 21094, 100
2026/08/05 07:07:05.878, 21094, 100
2026/08/05 07:07:06.878, 21094, 100
2026/08/05 07:07:07.878, 21094, 85
2026/08/05 07:07:08.879, 21094, 100
2026/08/05 07:07:09.879, 21094, 100
2026/08/05 07:07:10.879, 21094, 100
2026/08/05 07:07:11.879, 21094, 100
2026/08/05 07:07:12.880, 21094, 100
2026/08/05 07:07:13.880, 21094, 100
2026/08/05 07:07:14.880, 21094, 100
2026/08/05 07:07:15.880, 21094, 100
2026/08/05 07:07:16.881, 21094, 100
2026/08/05 07:07:17.881, 21094, 100
2026/08/05 07:07:18.881, 21094, 100
2026/08/05 07:07:19.881, 21094, 100
2026/08/05 07:07:20.882, 21094, 100
2026/08/05 07:07:21.882, 21094, 100
2026/08/05 07:07:22.882, 21094, 100
2026/08/05 07:07:23.883, 21094, 100
2026/08/05 07:07:24.911, 21094, 100
2026/08/05 07:07:25.939, 21094, 100
2026/08/05 07:07:26.964, 21094, 100
2026/08/05 07:07:27.986, 21094, 100
2026/08/05 07:07:29.005, 21094, 100
2026/08/05 07:07:30.022, 21094, 79
2026/08/05 07:07:31.038, 21094, 100
2026/08/05 07:07:32.051, 21094, 64
2026/08/05 07:07:33.062, 21094, 84
2026/08/05 07:07:34.073, 21094, 100
2026/08/05 07:07:35.082, 21094, 100
2026/08/05 07:07:36.090, 21094, 100
2026/08/05 07:07:37.097, 21094, 82
2026/08/05 07:07:38.104, 21094, 100
2026/08/05 07:07:39.110, 21094, 100
2026/08/05 07:07:40.115, 21094, 100
2026/08/05 07:07:41.120, 21094, 100
2026/08/05 07:07:42.124, 21094, 100
2026/08/05 07:07:43.128, 21094, 100
2026/08/05 07:07:44.132, 21094, 100
2026/08/05 07:07:45.135, 21094, 100
2026/08/05 07:07:46.139, 21094, 100
2026/08/05 07:07:47.142, 21094, 100
2026/08/05 07:07:48.144, 21094, 100
2026/08/05 07:07:49.146, 21094, 100
2026/08/05 07:07:50.151, 21094, 100
2026/08/05 07:07:51.153, 21094, 100
2026/08/05 07:07:52.155, 21094, 100
2026/08/05 07:07:53.157, 21094, 100
2026/08/05 07:07:54.158, 21094, 100
2026/08/05 07:07:55.160, 21094, 100
2026/08/05 07:07:56.161, 21094, 65
2026/08/05 07:07:57.161, 21094, 100
2026/08/05 07:07:58.161, 21094, 100
2026/08/05 07:07:59.162, 21094, 100
2026/08/05 07:08:00.162, 21094, 100
2026/08/05 07:08:01.162, 21094, 100
2026/08/05 07:08:02.162, 21094, 100
2026/08/05 07:08:03.163, 21094, 100
2026/08/05 07:08:04.163, 21094, 100
2026/08/05 07:08:05.163, 21094, 100
2026/08/05 07:08:06.163, 21094, 100
2026/08/05 07:08:07.164, 21094, 86
2026/08/05 07:08:08.164, 21094, 100
2026/08/05 07:08:09.164, 21094, 100
2026/08/05 07:08:10.165, 21094, 96
2026/08/05 07:08:11.165, 21094, 100
2026/08/05 07:08:12.165, 21094, 100
2026/08/05 07:08:13.165, 21094, 100
2026/08/05 07:08:14.166, 21094, 100
2026/08/05 07:08:15.166, 21094, 100
2026/08/05 07:08:16.166, 21094, 100
2026/08/05 07:08:17.166, 21094, 100
2026/08/05 07:08:18.167, 21094, 100
2026/08/05 07:08:19.167, 21094, 100
2026/08/05 07:08:20.169, 21094, 100
2026/08/05 07:08:21.169, 21094, 100
2026/08/05 07:08:22.169, 21094, 100
2026/08/05 07:08:23.169, 21094, 100
2026/08/05 07:08:24.169, 21094, 84
2026/08/05 07:08:25.170, 21094, 100
2026/08/05 07:08:26.170, 21094, 100
2026/08/05 07:08:27.170, 21094, 100
2026/08/05 07:08:28.170, 21094, 100
2026/08/05 07:08:29.171, 21094, 100
2026/08/05 07:08:30.171, 21094, 100
2026/08/05 07:08:31.171, 21094, 100
2026/08/05 07:08:32.171, 21094, 100
2026/08/05 07:08:33.171, 21094, 100
2026/08/05 07:08:34.172, 21094, 100
2026/08/05 07:08:35.172, 21094, 100
2026/08/05 07:08:36.172, 21094, 94
2026/08/05 07:08:37.172, 21094, 84
2026/08/05 07:08:38.172, 21094, 100
2026/08/05 07:08:39.173, 21094, 100
2026/08/05 07:08:40.173, 21094, 100
2026/08/05 07:08:41.173, 21094, 100
2026/08/05 07:08:42.173, 21094, 100
2026/08/05 07:08:43.173, 21094, 83
2026/08/05 07:08:44.174, 21094, 100
2026/08/05 07:08:45.174, 21094, 100
2026/08/05 07:08:46.174, 21094, 100
2026/08/05 07:08:47.175, 21094, 100
2026/08/05 07:08:48.175, 21094, 85
2026/08/05 07:08:49.175, 21094, 100
2026/08/05 07:08:50.176, 21094, 100
2026/08/05 07:08:51.176, 21094, 100
2026/08/05 07:08:52.176, 21094, 100
2026/08/05 07:08:53.176, 21094, 82
2026/08/05 07:08:54.177, 21094, 100
2026/08/05 07:08:55.177, 21094, 100
2026/08/05 07:08:56.177, 21094, 100
2026/08/05 07:08:57.177, 21094, 100
2026/08/05 07:08:58.178, 21094, 100
2026/08/05 07:08:59.178, 21094, 100
2026/08/05 07:09:00.179, 21094, 100
2026/08/05 07:09:01.179, 21094, 100
2026/08/05 07:09:02.179, 21094, 100
2026/08/05 07:09:03.179, 21094, 100
2026/08/05 07:09:04.179, 21094, 100
2026/08/05 07:09:05.180, 21094, 100
2026/08/05 07:09:06.180, 21094, 100
2026/08/05 07:09:07.180, 21094, 100
2026/08/05 07:09:08.180, 21094, 100
2026/08/05 07:09:09.181, 21094, 100
2026/08/05 07:09:10.181, 21094, 100
2026/08/05 07:09:11.181, 21094, 100
2026/08/05 07:09:12.181, 21094, 100
2026/08/05 07:09:13.181, 21094, 100
2026/08/05 07:09:14.182, 21094, 100
2026/08/05 07:09:15.182, 21094, 100
2026/08/05 07:09:16.182, 21094, 100
2026/08/05 07:09:17.182, 21094, 85
2026/08/05 07:09:18.183, 21094, 100
2026/08/05 07:09:19.183, 21094, 100
2026/08/05 07:09:20.183, 21094, 81
2026/08/05 07:09:21.184, 21094, 85
2026/08/05 07:09:22.184, 21094, 85
2026/08/05 07:09:23.184, 21094, 100
2026/08/05 07:09:24.184, 21094, 100
2026/08/05 07:09:25.185, 21094, 100
2026/08/05 07:09:26.185, 21094, 100
2026/08/05 07:09:27.185, 21094, 100
2026/08/05 07:09:28.185, 21094, 100
2026/08/05 07:09:29.186, 21094, 100
2026/08/05 07:09:30.186, 21094, 100
2026/08/05 07:09:31.186, 21094, 100
2026/08/05 07:09:32.187, 21094, 100
2026/08/05 07:09:33.187, 21094, 100
2026/08/05 07:09:34.187, 21094, 100
2026/08/05 07:09:35.188, 21094, 100
2026/08/05 07:09:36.188, 21094, 100
2026/08/05 07:09:37.188, 21094, 100
2026/08/05 07:09:38.189, 21094, 100
2026/08/05 07:09:39.189, 21094, 100
2026/08/05 07:09:40.189, 21094, 100
2026/08/05 07:09:41.189, 21094, 100
2026/08/05 07:09:42.190, 21094, 100
2026/08/05 07:09:43.190, 21094, 100
2026/08/05 07:09:44.190, 21094, 100
2026/08/05 07:09:45.191, 21094, 100
2026/08/05 07:09:46.191, 21094, 100
2026/08/05 07:09:47.191, 21094, 100
2026/08/05 07:09:48.191, 21094, 89
2026/08/05 07:09:49.192, 21094, 100
2026/08/05 07:09:50.192, 21094, 100
2026/08/05 07:09:51.192, 21094, 85
2026/08/05 07:09:52.193, 21094, 100
2026/08/05 07:09:53.193, 21094, 100
2026/08/05 07:09:54.193, 21094, 100
2026/08/05 07:09:55.193, 21094, 100
2026/08/05 07:09:56.193, 21094, 85
2026/08/05 07:09:57.194, 21094, 100
2026/08/05 07:09:58.194, 21094, 98
2026/08/05 07:09:59.194, 21094, 100
2026/08/05 07:10:00.194, 21094, 100
2026/08/05 07:10:01.195, 21094, 84
2026/08/05 07:10:02.195, 21094, 68
2026/08/05 07:10:03.195, 21094, 100
2026/08/05 07:10:04.196, 21094, 100
2026/08/05 07:10:05.196, 21094, 100
2026/08/05 07:10:06.196, 21094, 100
2026/08/05 07:10:07.196, 21094, 100
2026/08/05 07:10:08.197, 21094, 100
2026/08/05 07:10:09.197, 21094, 84
2026/08/05 07:10:10.197, 21094, 84
2026/08/05 07:10:11.197, 21094, 100
2026/08/05 07:10:12.197, 21094, 100
2026/08/05 07:10:13.198, 21094, 100
2026/08/05 07:10:14.198, 21094, 100
2026/08/05 07:10:15.198, 21094, 83
2026/08/05 07:10:16.198, 21094, 100
2026/08/05 07:10:17.199, 21094, 100
2026/08/05 07:10:18.199, 21094, 100
2026/08/05 07:10:19.199, 21094, 100
2026/08/05 07:10:20.199, 21094, 100
2026/08/05 07:10:21.199, 21094, 86
2026/08/05 07:10:22.200, 21094, 73
2026/08/05 07:10:23.200, 21094, 85
2026/08/05 07:10:24.200, 21094, 100
2026/08/05 07:10:25.200, 21094, 96
2026/08/05 07:10:26.201, 21094, 100
2026/08/05 07:10:27.201, 21094, 100
2026/08/05 07:10:28.201, 21094, 100
2026/08/05 07:10:29.201, 21094, 100
2026/08/05 07:10:30.202, 21094, 100
2026/08/05 07:10:31.202, 21094, 100
2026/08/05 07:10:32.202, 21094, 100
2026/08/05 07:10:33.202, 21094, 100
2026/08/05 07:10:34.203, 21094, 65
2026/08/05 07:10:35.203, 21094, 84
2026/08/05 07:10:36.203, 21094, 100
2026/08/05 07:10:37.203, 21094, 100
2026/08/05 07:10:38.205, 21094, 63
2026/08/05 07:10:39.211, 21094, 100
2026/08/05 07:10:40.217, 21094, 100
2026/08/05 07:10:41.224, 21094, 100
2026/08/05 07:10:42.230, 21094, 100
2026/08/05 07:10:43.236, 21094, 100
2026/08/05 07:10:44.241, 21094, 100
2026/08/05 07:10:45.246, 21094, 100
2026/08/05 07:10:46.251, 21094, 100
2026/08/05 07:10:47.255, 21094, 82
2026/08/05 07:10:48.259, 21094, 100
2026/08/05 07:10:49.263, 21094, 100
2026/08/05 07:10:50.267, 21094, 100
2026/08/05 07:10:51.270, 21094, 100
2026/08/05 07:10:52.274, 21094, 100
2026/08/05 07:10:53.277, 21094, 100
2026/08/05 07:10:54.281, 21094, 100
2026/08/05 07:10:55.284, 21094, 100
2026/08/05 07:10:56.287, 21094, 100
2026/08/05 07:10:57.290, 21094, 100
2026/08/05 07:10:58.292, 21094, 100
2026/08/05 07:10:59.294, 21094, 100
2026/08/05 07:11:00.297, 21094, 63
2026/08/05 07:11:01.299, 21094, 100
2026/08/05 07:11:02.302, 21094, 100
2026/08/05 07:11:03.304, 21094, 100
2026/08/05 07:11:04.307, 21094, 100
2026/08/05 07:11:05.309, 21094, 100
2026/08/05 07:11:06.311, 21094, 100
2026/08/05 07:11:07.313, 21094, 100
2026/08/05 07:11:08.315, 21094, 100
2026/08/05 07:11:09.317, 21094, 86
2026/08/05 07:11:10.318, 21094, 100
2026/08/05 07:11:11.319, 21094, 100
2026/08/05 07:11:12.321, 21094, 100
2026/08/05 07:11:13.322, 21094, 100
2026/08/05 07:11:14.324, 21094, 100
2026/08/05 07:11:15.325, 21094, 100
2026/08/05 07:11:16.326, 21094, 100
2026/08/05 07:11:17.327, 21094, 84
2026/08/05 07:11:18.329, 21094, 82
2026/08/05 07:11:19.331, 21094, 100
2026/08/05 07:11:20.332, 21094, 100
2026/08/05 07:11:21.333, 21094, 100
2026/08/05 07:11:22.335, 21094, 100
2026/08/05 07:11:23.336, 21094, 100
2026/08/05 07:11:24.337, 21094, 100
2026/08/05 07:11:25.339, 21094, 100
2026/08/05 07:11:26.340, 21094, 100
2026/08/05 07:11:27.342, 21094, 100
2026/08/05 07:11:28.343, 21094, 100
2026/08/05 07:11:29.344, 21094, 100
2026/08/05 07:11:30.346, 21094, 100
2026/08/05 07:11:31.347, 21094, 100
2026/08/05 07:11:32.348, 21094, 100
2026/08/05 07:11:33.350, 21094, 100
2026/08/05 07:11:34.351, 21094, 85
2026/08/05 07:11:35.352, 21094, 87
2026/08/05 07:11:36.354, 21094, 100
2026/08/05 07:11:37.355, 21094, 100
2026/08/05 07:11:38.357, 21094, 100
2026/08/05 07:11:39.358, 21094, 100
2026/08/05 07:11:40.359, 21094, 100
2026/08/05 07:11:41.361, 21094, 100
2026/08/05 07:11:42.362, 21094, 100
2026/08/05 07:11:43.363, 21094, 100
2026/08/05 07:11:44.365, 21094, 100
2026/08/05 07:11:45.366, 21094, 100
2026/08/05 07:11:46.368, 21094, 100
2026/08/05 07:11:47.369, 21094, 100
2026/08/05 07:11:48.371, 21094, 100
2026/08/05 07:11:49.372, 21094, 100
2026/08/05 07:11:50.373, 21094, 85
2026/08/05 07:11:51.375, 21094, 100
2026/08/05 07:11:52.376, 21094, 84
2026/08/05 07:11:53.378, 21096, 91
2026/08/05 07:11:54.379, 21096, 100
2026/08/05 07:11:55.380, 21096, 100
2026/08/05 07:11:56.382, 21096, 100
2026/08/05 07:11:57.383, 21096, 100
2026/08/05 07:11:58.385, 21096, 100
2026/08/05 07:11:59.386, 21096, 88
2026/08/05 07:12:00.387, 21096, 90
2026/08/05 07:12:01.389, 21096, 84
2026/08/05 07:12:02.391, 21096, 100
2026/08/05 07:12:03.392, 21096, 100
2026/08/05 07:12:04.394, 21096, 100
2026/08/05 07:12:05.395, 21096, 100
2026/08/05 07:12:06.396, 21096, 100
2026/08/05 07:12:07.398, 21096, 100
2026/08/05 07:12:08.399, 21096, 82
2026/08/05 07:12:09.401, 21096, 100
2026/08/05 07:12:10.402, 21096, 100
2026/08/05 07:12:11.404, 21096, 100
2026/08/05 07:12:12.405, 21096, 100
2026/08/05 07:12:13.407, 21096, 100
2026/08/05 07:12:14.408, 21096, 84
2026/08/05 07:12:15.409, 21096, 100
2026/08/05 07:12:16.410, 21096, 100
2026/08/05 07:12:17.412, 21096, 100
2026/08/05 07:12:18.413, 21096, 100
2026/08/05 07:12:19.415, 21096, 100
2026/08/05 07:12:20.416, 21096, 100
2026/08/05 07:12:21.417, 21096, 100
2026/08/05 07:12:22.419, 21096, 100
2026/08/05 07:12:23.420, 21096, 100
2026/08/05 07:12:24.422, 21096, 100
2026/08/05 07:12:25.423, 21096, 100
2026/08/05 07:12:26.424, 21096, 100
2026/08/05 07:12:27.425, 21096, 85
2026/08/05 07:12:28.427, 21096, 100
2026/08/05 07:12:29.428, 21096, 100
2026/08/05 07:12:30.430, 21096, 100
2026/08/05 07:12:31.431, 21096, 100
2026/08/05 07:12:32.433, 21096, 100
2026/08/05 07:12:33.433, 21096, 100
2026/08/05 07:12:34.434, 21096, 100
2026/08/05 07:12:35.435, 21096, 100
2026/08/05 07:12:36.436, 21096, 100
2026/08/05 07:12:37.438, 21096, 100
2026/08/05 07:12:38.439, 21096, 100
2026/08/05 07:12:39.440, 21096, 100
2026/08/05 07:12:40.442, 21096, 66
2026/08/05 07:12:41.443, 21096, 100
2026/08/05 07:12:42.444, 21096, 100
2026/08/05 07:12:43.446, 21096, 100
2026/08/05 07:12:44.447, 21096, 100
2026/08/05 07:12:45.449, 21096, 100
2026/08/05 07:12:46.451, 21096, 100
2026/08/05 07:12:47.451, 21096, 100
2026/08/05 07:12:48.452, 21096, 100
2026/08/05 07:12:49.452, 21096, 70
2026/08/05 07:12:50.454, 21096, 100
2026/08/05 07:12:51.455, 21096, 100
2026/08/05 07:12:52.456, 21096, 100
2026/08/05 07:12:53.457, 21096, 100
2026/08/05 07:12:54.458, 21096, 100
2026/08/05 07:12:55.459, 21096, 100
2026/08/05 07:12:56.461, 21096, 100
2026/08/05 07:12:57.462, 21096, 100
2026/08/05 07:12:58.463, 21096, 100
2026/08/05 07:12:59.464, 21096, 100
2026/08/05 07:13:00.464, 21096, 100
2026/08/05 07:13:01.465, 21096, 100
2026/08/05 07:13:02.465, 21096, 100
2026/08/05 07:13:03.466, 21096, 100
2026/08/05 07:13:04.466, 21096, 85
2026/08/05 07:13:05.467, 21096, 100
2026/08/05 07:13:06.468, 21096, 100
2026/08/05 07:13:07.469, 21096, 100
2026/08/05 07:13:08.470, 21096, 100
2026/08/05 07:13:09.471, 21096, 100
2026/08/05 07:13:10.472, 21096, 100
2026/08/05 07:13:11.474, 21096, 100
2026/08/05 07:13:12.474, 21096, 100
2026/08/05 07:13:13.476, 21096, 100
2026/08/05 07:13:14.477, 21096, 100
2026/08/05 07:13:15.479, 21096, 66
2026/08/05 07:13:16.480, 21096, 100
2026/08/05 07:13:17.481, 21096, 100
2026/08/05 07:13:18.481, 21096, 100
2026/08/05 07:13:19.483, 21096, 100
2026/08/05 07:13:20.483, 21096, 100
2026/08/05 07:13:21.484, 21096, 100
2026/08/05 07:13:22.484, 21096, 87
2026/08/05 07:13:23.485, 21096, 100
2026/08/05 07:13:24.485, 21096, 100
2026/08/05 07:13:25.486, 21096, 100
2026/08/05 07:13:26.487, 21096, 100
2026/08/05 07:13:27.488, 21096, 100
2026/08/05 07:13:28.489, 21096, 87
2026/08/05 07:13:29.490, 21096, 100
2026/08/05 07:13:30.491, 21096, 100
2026/08/05 07:13:31.492, 21096, 85
2026/08/05 07:13:32.494, 21096, 100
2026/08/05 07:13:33.495, 21096, 100
2026/08/05 07:13:34.496, 21096, 100
2026/08/05 07:13:35.498, 21096, 100
2026/08/05 07:13:36.499, 21096, 100
2026/08/05 07:13:37.500, 21096, 100
2026/08/05 07:13:38.502, 21096, 100
2026/08/05 07:13:39.503, 21096, 100
2026/08/05 07:13:40.504, 21096, 100
2026/08/05 07:13:41.506, 21096, 100
2026/08/05 07:13:42.507, 21096, 100
2026/08/05 07:13:43.509, 21096, 100
2026/08/05 07:13:44.510, 21096, 64
2026/08/05 07:13:45.512, 21096, 84
2026/08/05 07:13:46.512, 21096, 83
2026/08/05 07:13:47.513, 21096, 100
2026/08/05 07:13:48.514, 21096, 100
2026/08/05 07:13:49.515, 21096, 100
2026/08/05 07:13:50.516, 21096, 100
2026/08/05 07:13:51.518, 21096, 100
2026/08/05 07:13:52.520, 21096, 100
2026/08/05 07:13:53.524, 21096, 100
2026/08/05 07:13:54.527, 21096, 100
2026/08/05 07:13:55.530, 21096, 100
2026/08/05 07:13:56.533, 21096, 100
2026/08/05 07:13:57.536, 21096, 100
2026/08/05 07:13:58.539, 21096, 100
2026/08/05 07:13:59.541, 21096, 100
2026/08/05 07:14:00.544, 21096, 100
2026/08/05 07:14:01.547, 21096, 100
2026/08/05 07:14:02.549, 21096, 100
2026/08/05 07:14:03.553, 21096, 100
2026/08/05 07:14:04.556, 21096, 86
2026/08/05 07:14:05.558, 21096, 100
2026/08/05 07:14:06.560, 21096, 100
2026/08/05 07:14:07.563, 21096, 100
2026/08/05 07:14:08.565, 21096, 100
2026/08/05 07:14:09.568, 21096, 82
2026/08/05 07:14:10.571, 21096, 100
2026/08/05 07:14:11.573, 21096, 100
2026/08/05 07:14:12.576, 21096, 100
2026/08/05 07:14:13.580, 21096, 100
2026/08/05 07:14:14.583, 21096, 100
2026/08/05 07:14:15.585, 21096, 100
2026/08/05 07:14:16.587, 21096, 84
2026/08/05 07:14:17.589, 21096, 100
2026/08/05 07:14:18.590, 21096, 100
2026/08/05 07:14:19.593, 21096, 82
2026/08/05 07:14:20.595, 21096, 100
2026/08/05 07:14:21.597, 21096, 84
2026/08/05 07:14:22.599, 21096, 100
2026/08/05 07:14:23.601, 21096, 100
2026/08/05 07:14:24.603, 21096, 100
2026/08/05 07:14:25.605, 21096, 63
2026/08/05 07:14:26.606, 21096, 100
2026/08/05 07:14:27.608, 21096, 100
2026/08/05 07:14:28.609, 21096, 100
2026/08/05 07:14:29.612, 21096, 100
2026/08/05 07:14:30.614, 21096, 100
2026/08/05 07:14:31.615, 21096, 100
2026/08/05 07:14:32.617, 21096, 100
2026/08/05 07:14:33.618, 21096, 100
2026/08/05 07:14:34.620, 21096, 84
2026/08/05 07:14:35.621, 21096, 100
2026/08/05 07:14:36.623, 21096, 100
2026/08/05 07:14:37.624, 21096, 63
2026/08/05 07:14:38.626, 21096, 100
2026/08/05 07:14:39.628, 21096, 100
2026/08/05 07:14:40.629, 21096, 100
2026/08/05 07:14:41.631, 21096, 100
2026/08/05 07:14:42.633, 21096, 98
2026/08/05 07:14:43.634, 21096, 100
2026/08/05 07:14:44.636, 21096, 100
2026/08/05 07:14:45.637, 21096, 83
2026/08/05 07:14:46.638, 21096, 100
2026/08/05 07:14:47.639, 21096, 100
2026/08/05 07:14:48.641, 21096, 100
2026/08/05 07:14:49.642, 21096, 100
2026/08/05 07:14:50.643, 21096, 100
2026/08/05 07:14:51.645, 21096, 100
2026/08/05 07:14:52.646, 21096, 100
2026/08/05 07:14:53.648, 21096, 100
2026/08/05 07:14:54.650, 21096, 100
2026/08/05 07:14:55.652, 21096, 100
2026/08/05 07:14:56.653, 21096, 100
2026/08/05 07:14:57.654, 21096, 100
2026/08/05 07:14:58.656, 21096, 100
2026/08/05 07:14:59.657, 21096, 100
2026/08/05 07:15:00.658, 21096, 100
2026/08/05 07:15:01.660, 21096, 100
2026/08/05 07:15:02.661, 21096, 100
2026/08/05 07:15:03.663, 21096, 100
2026/08/05 07:15:04.664, 21096, 100
2026/08/05 07:15:05.666, 21096, 100
2026/08/05 07:15:06.667, 21096, 100
2026/08/05 07:15:07.668, 21096, 100
2026/08/05 07:15:08.670, 21096, 100
2026/08/05 07:15:09.671, 21096, 100
2026/08/05 07:15:10.673, 21096, 100
2026/08/05 07:15:11.674, 21096, 100
2026/08/05 07:15:12.676, 21096, 100
2026/08/05 07:15:13.677, 21096, 100
2026/08/05 07:15:14.680, 21096, 100
2026/08/05 07:15:15.681, 21096, 100
2026/08/05 07:15:16.682, 21096, 100
2026/08/05 07:15:17.684, 21096, 100
2026/08/05 07:15:18.685, 21096, 100
2026/08/05 07:15:19.687, 21096, 82
2026/08/05 07:15:20.687, 21096, 100
2026/08/05 07:15:21.689, 21096, 100
2026/08/05 07:15:22.690, 21096, 100
2026/08/05 07:15:23.691, 21096, 100
2026/08/05 07:15:24.694, 21096, 100
2026/08/05 07:15:25.695, 21096, 100
2026/08/05 07:15:26.697, 21096, 100
2026/08/05 07:15:27.698, 21096, 84
2026/08/05 07:15:28.699, 21096, 100
2026/08/05 07:15:29.699, 21096, 100
2026/08/05 07:15:30.700, 21096, 100
2026/08/05 07:15:31.701, 21096, 100
2026/08/05 07:15:32.702, 21096, 100
2026/08/05 07:15:33.703, 21096, 100
2026/08/05 07:15:34.704, 21096, 100
2026/08/05 07:15:35.705, 21096, 100
2026/08/05 07:15:36.707, 21096, 100
2026/08/05 07:15:37.708, 21096, 100
2026/08/05 07:15:38.710, 21096, 100
2026/08/05 07:15:39.711, 21096, 100
2026/08/05 07:15:40.712, 21096, 100
2026/08/05 07:15:41.714, 21096, 100
2026/08/05 07:15:42.715, 21096, 100
2026/08/05 07:15:43.716, 21096, 100
2026/08/05 07:15:44.718, 21096, 100
2026/08/05 07:15:45.719, 21096, 100
2026/08/05 07:15:46.720, 21096, 100
2026/08/05 07:15:47.722, 21096, 100
2026/08/05 07:15:48.723, 21096, 100
2026/08/05 07:15:49.725, 21096, 100
2026/08/05 07:15:50.726, 21096, 100
2026/08/05 07:15:51.728, 21096, 85
2026/08/05 07:15:52.730, 21096, 100
2026/08/05 07:15:53.731, 21096, 100
2026/08/05 07:15:54.733, 21096, 100
2026/08/05 07:15:55.734, 21096, 100
2026/08/05 07:15:56.735, 21096, 100
2026/08/05 07:15:57.736, 21096, 100
2026/08/05 07:15:58.738, 21096, 100
2026/08/05 07:15:59.739, 21096, 100
2026/08/05 07:16:00.739, 21096, 100
2026/08/05 07:16:01.740, 21096, 95
2026/08/05 07:16:02.740, 21096, 100
2026/08/05 07:16:03.740, 21096, 100
2026/08/05 07:16:04.740, 21096, 86
2026/08/05 07:16:05.740, 21096, 100
2026/08/05 07:16:06.741, 21096, 100
2026/08/05 07:16:07.741, 21096, 100
2026/08/05 07:16:08.741, 21096, 100
2026/08/05 07:16:09.741, 21096, 84
2026/08/05 07:16:10.741, 21096, 85
2026/08/05 07:16:11.742, 21096, 88
2026/08/05 07:16:12.742, 21096, 100
2026/08/05 07:16:13.742, 21096, 100
2026/08/05 07:16:14.742, 21096, 100
2026/08/05 07:16:15.743, 21096, 100
2026/08/05 07:16:16.743, 21096, 100
2026/08/05 07:16:17.743, 21096, 88
2026/08/05 07:16:18.743, 21096, 100
2026/08/05 07:16:19.743, 21096, 100
2026/08/05 07:16:20.744, 21096, 97
2026/08/05 07:16:21.744, 21096, 100
2026/08/05 07:16:22.744, 21096, 64
2026/08/05 07:16:23.745, 21096, 83
2026/08/05 07:16:24.745, 21096, 100
2026/08/05 07:16:25.745, 21096, 100
2026/08/05 07:16:26.745, 21096, 62
2026/08/05 07:16:27.746, 21096, 84
2026/08/05 07:16:28.746, 21096, 100
2026/08/05 07:16:29.746, 21096, 85
2026/08/05 07:16:30.746, 21096, 100
2026/08/05 07:16:31.746, 21096, 100
2026/08/05 07:16:32.747, 21096, 83
2026/08/05 07:16:33.747, 21096, 100
2026/08/05 07:16:34.747, 21096, 100
2026/08/05 07:16:35.748, 21096, 97
2026/08/05 07:16:36.748, 21096, 100
2026/08/05 07:16:37.748, 21096, 76
2026/08/05 07:16:38.748, 21096, 100
2026/08/05 07:16:39.748, 21096, 100
2026/08/05 07:16:40.749, 21096, 95
2026/08/05 07:16:41.749, 21096, 82
2026/08/05 07:16:42.749, 21096, 100
2026/08/05 07:16:43.749, 21096, 100
2026/08/05 07:16:44.750, 21096, 100
2026/08/05 07:16:45.750, 21096, 84
2026/08/05 07:16:46.750, 21096, 100
2026/08/05 07:16:47.750, 21096, 100
2026/08/05 07:16:48.750, 21096, 100
2026/08/05 07:16:49.751, 21096, 100
2026/08/05 07:16:50.751, 21096, 100
2026/08/05 07:16:51.751, 21096, 100
2026/08/05 07:16:52.751, 21096, 84
2026/08/05 07:16:53.752, 21096, 100
2026/08/05 07:16:54.752, 21096, 100
2026/08/05 07:16:55.752, 21096, 100
2026/08/05 07:16:56.752, 21096, 87
2026/08/05 07:16:57.753, 21096, 100
2026/08/05 07:16:58.753, 21096, 100
2026/08/05 07:16:59.753, 21096, 100
2026/08/05 07:17:00.753, 21096, 100
2026/08/05 07:17:01.754, 21096, 100
2026/08/05 07:17:02.754, 21096, 84
2026/08/05 07:17:03.754, 21096, 86
2026/08/05 07:17:04.754, 21096, 100
2026/08/05 07:17:05.755, 21096, 100
2026/08/05 07:17:06.782, 21096, 100
2026/08/05 07:17:07.815, 21096, 100
2026/08/05 07:17:08.844, 21096, 100
2026/08/05 07:17:09.869, 21096, 100
2026/08/05 07:17:10.892, 21096, 100
2026/08/05 07:17:11.911, 21096, 100
2026/08/05 07:17:12.928, 21096, 100
2026/08/05 07:17:13.943, 21096, 99
2026/08/05 07:17:14.957, 21096, 100
2026/08/05 07:17:15.969, 21096, 100
2026/08/05 07:17:16.979, 21096, 100
2026/08/05 07:17:17.989, 21096, 100
2026/08/05 07:17:18.997, 21096, 100
2026/08/05 07:17:20.004, 21096, 100
2026/08/05 07:17:21.011, 21096, 84
2026/08/05 07:17:22.017, 21096, 100
2026/08/05 07:17:23.022, 21096, 100
2026/08/05 07:17:24.026, 21096, 100
2026/08/05 07:17:25.031, 21096, 100
2026/08/05 07:17:26.035, 21096, 100
2026/08/05 07:17:27.038, 21096, 82
2026/08/05 07:17:28.041, 21096, 85
2026/08/05 07:17:29.044, 21096, 100
2026/08/05 07:17:30.047, 21096, 83
2026/08/05 07:17:31.049, 21096, 100
2026/08/05 07:17:32.052, 21096, 83
2026/08/05 07:17:33.055, 21096, 69
2026/08/05 07:17:34.056, 21096, 100
2026/08/05 07:17:35.059, 21096, 100
2026/08/05 07:17:36.060, 21096, 100
2026/08/05 07:17:37.062, 21096, 100
2026/08/05 07:17:38.064, 21096, 100
2026/08/05 07:17:39.064, 21096, 100
2026/08/05 07:17:40.064, 21096, 100
2026/08/05 07:17:41.064, 21096, 100
2026/08/05 07:17:42.065, 21096, 100
2026/08/05 07:17:43.065, 21096, 100
2026/08/05 07:17:44.065, 21096, 100
2026/08/05 07:17:45.065, 21096, 100
2026/08/05 07:17:46.065, 21096, 100
2026/08/05 07:17:47.066, 21096, 68
2026/08/05 07:17:48.066, 21096, 100
2026/08/05 07:17:49.066, 21096, 100
2026/08/05 07:17:50.066, 21096, 100
2026/08/05 07:17:51.066, 21096, 100
2026/08/05 07:17:52.067, 21096, 100
2026/08/05 07:17:53.067, 21096, 100
2026/08/05 07:17:54.067, 21096, 100
2026/08/05 07:17:55.067, 21096, 100
2026/08/05 07:17:56.068, 21096, 100
2026/08/05 07:17:57.068, 21096, 100
2026/08/05 07:17:58.068, 21096, 100
2026/08/05 07:17:59.068, 21096, 100
2026/08/05 07:18:00.069, 21096, 100
2026/08/05 07:18:01.069, 21096, 100
2026/08/05 07:18:02.069, 21096, 100
2026/08/05 07:18:03.069, 21096, 100
2026/08/05 07:18:04.070, 21096, 66
2026/08/05 07:18:05.070, 21096, 100
2026/08/05 07:18:06.070, 21096, 84
2026/08/05 07:18:07.070, 21096, 100
2026/08/05 07:18:08.070, 21096, 100
2026/08/05 07:18:09.071, 21096, 100
2026/08/05 07:18:10.071, 21096, 100
2026/08/05 07:18:11.071, 21096, 100
2026/08/05 07:18:12.081, 21096, 100
2026/08/05 07:18:13.091, 21096, 100
2026/08/05 07:18:14.098, 21096, 64
2026/08/05 07:18:15.105, 21096, 100
2026/08/05 07:18:16.111, 21096, 83
2026/08/05 07:18:17.116, 21096, 100
2026/08/05 07:18:18.121, 21096, 100
2026/08/05 07:18:19.125, 21096, 100
2026/08/05 07:18:20.130, 21096, 100
2026/08/05 07:18:21.133, 21096, 100
2026/08/05 07:18:22.136, 21096, 100
2026/08/05 07:18:23.139, 21096, 100
2026/08/05 07:18:24.142, 21096, 100
2026/08/05 07:18:25.145, 21096, 100
2026/08/05 07:18:26.147, 21096, 86
2026/08/05 07:18:27.149, 21096, 100
2026/08/05 07:18:28.151, 21096, 100
2026/08/05 07:18:29.153, 21096, 100
2026/08/05 07:18:30.154, 21096, 100
2026/08/05 07:18:31.156, 21096, 100
2026/08/05 07:18:32.157, 21096, 100
2026/08/05 07:18:33.159, 21096, 100
2026/08/05 07:18:34.161, 21096, 100
2026/08/05 07:18:35.162, 21096, 100
2026/08/05 07:18:36.163, 21096, 100
2026/08/05 07:18:37.165, 21096, 100
2026/08/05 07:18:38.166, 21096, 100
2026/08/05 07:18:39.167, 21096, 100
2026/08/05 07:18:40.169, 21096, 100
2026/08/05 07:18:41.169, 21096, 100
2026/08/05 07:18:42.171, 21096, 100
2026/08/05 07:18:43.172, 21096, 100
2026/08/05 07:18:44.172, 21096, 100
2026/08/05 07:18:45.172, 21096, 100
2026/08/05 07:18:46.172, 21096, 100
2026/08/05 07:18:47.172, 21096, 100
2026/08/05 07:18:48.173, 21096, 100
2026/08/05 07:18:49.173, 21096, 100
2026/08/05 07:18:50.173, 21096, 100
2026/08/05 07:18:51.173, 21096, 100
2026/08/05 07:18:52.173, 21096, 100
2026/08/05 07:18:53.174, 21096, 100
2026/08/05 07:18:54.174, 21096, 100
2026/08/05 07:18:55.174, 21096, 100
2026/08/05 07:18:56.174, 21096, 100
2026/08/05 07:18:57.175, 21096, 100
2026/08/05 07:18:58.175, 21096, 100
2026/08/05 07:18:59.175, 21096, 100
2026/08/05 07:19:00.175, 21096, 100
2026/08/05 07:19:01.175, 21096, 100
2026/08/05 07:19:02.176, 21096, 100
2026/08/05 07:19:03.176, 21096, 100
2026/08/05 07:19:04.176, 21096, 100
2026/08/05 07:19:05.176, 21096, 100
2026/08/05 07:19:06.177, 21096, 84
2026/08/05 07:19:07.177, 21096, 100
2026/08/05 07:19:08.177, 21096, 100
2026/08/05 07:19:09.177, 21096, 100
2026/08/05 07:19:10.177, 21096, 100
2026/08/05 07:19:11.178, 21096, 100
2026/08/05 07:19:12.178, 21096, 100
2026/08/05 07:19:13.178, 21096, 100
2026/08/05 07:19:14.178, 21096, 100
2026/08/05 07:19:15.178, 21096, 100
2026/08/05 07:19:16.180, 21096, 100
2026/08/05 07:19:17.188, 21096, 91
2026/08/05 07:19:18.194, 21096, 100
2026/08/05 07:19:19.201, 21096, 100
2026/08/05 07:19:20.206, 21096, 91
2026/08/05 07:19:21.211, 21096, 100
2026/08/05 07:19:22.216, 21096, 100
2026/08/05 07:19:23.220, 21096, 100
2026/08/05 07:19:24.224, 21096, 100
2026/08/05 07:19:25.227, 21096, 84
2026/08/05 07:19:26.230, 21096, 100
2026/08/05 07:19:27.233, 21096, 100
2026/08/05 07:19:28.236, 21096, 100
2026/08/05 07:19:29.238, 21096, 100
2026/08/05 07:19:30.241, 21096, 100
2026/08/05 07:19:31.243, 21096, 100
2026/08/05 07:19:32.244, 21096, 100
2026/08/05 07:19:33.246, 21096, 100
2026/08/05 07:19:34.248, 21096, 100
2026/08/05 07:19:35.249, 21096, 100
2026/08/05 07:19:36.250, 21096, 100
2026/08/05 07:19:37.251, 21096, 100
2026/08/05 07:19:38.252, 21096, 100
2026/08/05 07:19:39.253, 21096, 100
2026/08/05 07:19:40.255, 21096, 100
2026/08/05 07:19:41.256, 21096, 63
2026/08/05 07:19:42.258, 21096, 100
2026/08/05 07:19:43.259, 21096, 85
2026/08/05 07:19:44.260, 21096, 100
2026/08/05 07:19:45.262, 21096, 100
2026/08/05 07:19:46.263, 21096, 100
2026/08/05 07:19:47.264, 21096, 100
2026/08/05 07:19:48.266, 21096, 100
2026/08/05 07:19:49.266, 21096, 100
2026/08/05 07:19:50.266, 21096, 100
2026/08/05 07:19:51.266, 21096, 100
2026/08/05 07:19:52.266, 21096, 100
2026/08/05 07:19:53.267, 21096, 100
2026/08/05 07:19:54.267, 21096, 100
2026/08/05 07:19:55.267, 21096, 100
2026/08/05 07:19:56.267, 21096, 100
2026/08/05 07:19:57.267, 21096, 100
2026/08/05 07:19:58.268, 21096, 100
2026/08/05 07:19:59.268, 21096, 100
2026/08/05 07:20:00.268, 21096, 100
2026/08/05 07:20:01.268, 21096, 100
2026/08/05 07:20:02.268, 21096, 100
2026/08/05 07:20:03.268, 21096, 100
2026/08/05 07:20:04.269, 21096, 100
2026/08/05 07:20:05.269, 21096, 100
2026/08/05 07:20:06.270, 21096, 85
2026/08/05 07:20:07.270, 21096, 73
2026/08/05 07:20:08.270, 21096, 100
2026/08/05 07:20:09.271, 21096, 64
2026/08/05 07:20:10.271, 21096, 100
2026/08/05 07:20:11.271, 21096, 100
2026/08/05 07:20:12.271, 21096, 100
2026/08/05 07:20:13.272, 21096, 100
2026/08/05 07:20:14.272, 21096, 100
2026/08/05 07:20:15.272, 21096, 100
2026/08/05 07:20:16.272, 21096, 100
2026/08/05 07:20:17.273, 21096, 100
2026/08/05 07:20:18.273, 21096, 100
2026/08/05 07:20:19.273, 21096, 86
2026/08/05 07:20:20.273, 21096, 100
2026/08/05 07:20:21.280, 21096, 100
2026/08/05 07:20:22.305, 21096, 100
2026/08/05 07:20:23.328, 21096, 100
2026/08/05 07:20:24.348, 21096, 84
2026/08/05 07:20:25.366, 21096, 100
2026/08/05 07:20:26.381, 21096, 100
2026/08/05 07:20:27.394, 21096, 100
2026/08/05 07:20:28.406, 21096, 100
2026/08/05 07:20:29.416, 21096, 100
2026/08/05 07:20:30.425, 21096, 100
2026/08/05 07:20:31.433, 21096, 83
2026/08/05 07:20:32.441, 21096, 99
2026/08/05 07:20:33.448, 21096, 100
2026/08/05 07:20:34.453, 21096, 100
2026/08/05 07:20:35.459, 21096, 100
2026/08/05 07:20:36.464, 21096, 100
2026/08/05 07:20:37.468, 21096, 100
2026/08/05 07:20:38.472, 21096, 100
2026/08/05 07:20:39.476, 21096, 100
2026/08/05 07:20:40.479, 21096, 100
2026/08/05 07:20:41.482, 21096, 100
2026/08/05 07:20:42.486, 21096, 100
2026/08/05 07:20:43.488, 21096, 100
2026/08/05 07:20:44.490, 21096, 84
2026/08/05 07:20:45.492, 21096, 85
2026/08/05 07:20:46.495, 21096, 100
2026/08/05 07:20:47.496, 21096, 100
2026/08/05 07:20:48.498, 21096, 100
2026/08/05 07:20:49.500, 21096, 100
2026/08/05 07:20:50.501, 21096, 100
2026/08/05 07:20:51.502, 21096, 100
2026/08/05 07:20:52.503, 21096, 100
2026/08/05 07:20:53.504, 21096, 100
2026/08/05 07:20:54.504, 21096, 100
2026/08/05 07:20:55.505, 21096, 100
2026/08/05 07:20:56.505, 21096, 100
2026/08/05 07:20:57.505, 21096, 100
2026/08/05 07:20:58.505, 21096, 100
2026/08/05 07:20:59.505, 21096, 100
2026/08/05 07:21:00.506, 21096, 63
2026/08/05 07:21:01.506, 21096, 100
2026/08/05 07:21:02.506, 21096, 100
2026/08/05 07:21:03.506, 21096, 100
2026/08/05 07:21:04.506, 21096, 100
2026/08/05 07:21:05.506, 21096, 83
2026/08/05 07:21:06.507, 21096, 100
2026/08/05 07:21:07.507, 21096, 100
2026/08/05 07:21:08.507, 21096, 100
2026/08/05 07:21:09.507, 21096, 100
2026/08/05 07:21:10.507, 21096, 100
2026/08/05 07:21:11.508, 21096, 100
2026/08/05 07:21:12.508, 21096, 100
2026/08/05 07:21:13.508, 21096, 100
2026/08/05 07:21:14.508, 21096, 100
2026/08/05 07:21:15.509, 21096, 100
2026/08/05 07:21:16.509, 21096, 100
2026/08/05 07:21:17.509, 21096, 100
2026/08/05 07:21:18.509, 21096, 100
2026/08/05 07:21:19.509, 21096, 100
2026/08/05 07:21:20.510, 21096, 100
2026/08/05 07:21:21.510, 21096, 100
2026/08/05 07:21:22.510, 21096, 100
2026/08/05 07:21:23.510, 21096, 100
2026/08/05 07:21:24.510, 21096, 100
2026/08/05 07:21:25.511, 21096, 100
2026/08/05 07:21:26.517, 21096, 100
2026/08/05 07:21:27.529, 21096, 100
2026/08/05 07:21:28.540, 21096, 73
2026/08/05 07:21:29.550, 21096, 100
2026/08/05 07:21:30.559, 21096, 100
2026/08/05 07:21:31.566, 21096, 84
2026/08/05 07:21:32.573, 21096, 100
2026/08/05 07:21:33.579, 21096, 100
2026/08/05 07:21:34.585, 21096, 100
2026/08/05 07:21:35.590, 21096, 64
2026/08/05 07:21:36.594, 21096, 100
2026/08/05 07:21:37.598, 21096, 100
2026/08/05 07:21:38.602, 21096, 100
2026/08/05 07:21:39.605, 21096, 82
2026/08/05 07:21:40.608, 21096, 100
2026/08/05 07:21:41.612, 21096, 100
2026/08/05 07:21:42.614, 21096, 100
2026/08/05 07:21:43.616, 21096, 88
2026/08/05 07:21:44.619, 21096, 100
2026/08/05 07:21:45.620, 21096, 100
2026/08/05 07:21:46.622, 21096, 100
2026/08/05 07:21:47.624, 21096, 100
2026/08/05 07:21:48.627, 21096, 100
2026/08/05 07:21:49.628, 21096, 100
2026/08/05 07:21:50.629, 21096, 100
2026/08/05 07:21:51.631, 21096, 100
2026/08/05 07:21:52.632, 21096, 100
2026/08/05 07:21:53.634, 21096, 100
2026/08/05 07:21:54.636, 21096, 63
2026/08/05 07:21:55.637, 21096, 100
2026/08/05 07:21:56.639, 21096, 89
2026/08/05 07:21:57.640, 21096, 100
2026/08/05 07:21:58.641, 21096, 100
2026/08/05 07:21:59.652, 21096, 100
2026/08/05 07:22:00.668, 21096, 100
2026/08/05 07:22:01.681, 21096, 65
2026/08/05 07:22:02.693, 21096, 100
2026/08/05 07:22:03.704, 21096, 65
2026/08/05 07:22:04.713, 21096, 100
2026/08/05 07:22:05.722, 21096, 100
2026/08/05 07:22:06.729, 21096, 100
2026/08/05 07:22:07.735, 21096, 100
2026/08/05 07:22:08.741, 21096, 100
2026/08/05 07:22:09.746, 21096, 64
2026/08/05 07:22:10.752, 21096, 100
2026/08/05 07:22:11.756, 21096, 100
2026/08/05 07:22:12.760, 21096, 100
2026/08/05 07:22:13.764, 21096, 100
2026/08/05 07:22:14.767, 21096, 85
2026/08/05 07:22:15.770, 21096, 83
2026/08/05 07:22:16.773, 21096, 100
2026/08/05 07:22:17.775, 21096, 100
2026/08/05 07:22:18.777, 21096, 100
2026/08/05 07:22:19.780, 21096, 100
2026/08/05 07:22:20.782, 21096, 100
2026/08/05 07:22:21.785, 21096, 100
2026/08/05 07:22:22.787, 21096, 86
2026/08/05 07:22:23.789, 21096, 100
2026/08/05 07:22:24.791, 21096, 100
2026/08/05 07:22:25.792, 21096, 100
2026/08/05 07:22:26.794, 21096, 100
2026/08/05 07:22:27.795, 21096, 100
2026/08/05 07:22:28.797, 21096, 100
2026/08/05 07:22:29.798, 21096, 100
2026/08/05 07:22:30.800, 21096, 100
2026/08/05 07:22:31.801, 21096, 100
2026/08/05 07:22:32.802, 21096, 100
2026/08/05 07:22:33.802, 21096, 100
2026/08/05 07:22:34.802, 21096, 100
2026/08/05 07:22:35.802, 21096, 100
2026/08/05 07:22:36.803, 21096, 100
2026/08/05 07:22:37.803, 21096, 100
2026/08/05 07:22:38.803, 21096, 100
2026/08/05 07:22:39.803, 21096, 65
2026/08/05 07:22:40.804, 21096, 100
2026/08/05 07:22:41.804, 21096, 100
2026/08/05 07:22:42.804, 21096, 100
2026/08/05 07:22:43.804, 21096, 98
2026/08/05 07:22:44.805, 21096, 100
2026/08/05 07:22:45.805, 21096, 100
2026/08/05 07:22:46.805, 21096, 100
2026/08/05 07:22:47.805, 21096, 100
2026/08/05 07:22:48.806, 21096, 100
2026/08/05 07:22:49.806, 21096, 100
2026/08/05 07:22:50.806, 21096, 100
2026/08/05 07:22:51.806, 21096, 100
2026/08/05 07:22:52.807, 21096, 60
2026/08/05 07:22:53.807, 21096, 100
2026/08/05 07:22:54.807, 21096, 100
2026/08/05 07:22:55.807, 21096, 100
2026/08/05 07:22:56.808, 21096, 100
2026/08/05 07:22:57.808, 21096, 100
2026/08/05 07:22:58.808, 21096, 100
2026/08/05 07:22:59.808, 21096, 100
2026/08/05 07:23:00.809, 21096, 100
2026/08/05 07:23:01.809, 21096, 100
2026/08/05 07:23:02.809, 21096, 100
2026/08/05 07:23:03.809, 21096, 100
2026/08/05 07:23:04.810, 21096, 100
2026/08/05 07:23:05.810, 21096, 100
2026/08/05 07:23:06.810, 21096, 81
2026/08/05 07:23:07.810, 21096, 100
2026/08/05 07:23:08.811, 21096, 100
2026/08/05 07:23:09.811, 21096, 100
2026/08/05 07:23:10.811, 21096, 100
2026/08/05 07:23:11.811, 21096, 85
2026/08/05 07:23:12.812, 21096, 100
2026/08/05 07:23:13.812, 21096, 100
2026/08/05 07:23:14.812, 21096, 100
2026/08/05 07:23:15.812, 21096, 100
2026/08/05 07:23:16.813, 21096, 100
2026/08/05 07:23:17.813, 21096, 100
2026/08/05 07:23:18.813, 21096, 100
2026/08/05 07:23:19.813, 21096, 100
2026/08/05 07:23:20.813, 21096, 100
2026/08/05 07:23:21.814, 21096, 100
2026/08/05 07:23:22.814, 21096, 95
2026/08/05 07:23:23.814, 21096, 100
2026/08/05 07:23:24.814, 21096, 100
2026/08/05 07:23:25.814, 21096, 100
2026/08/05 07:23:26.815, 21096, 100
2026/08/05 07:23:27.815, 21096, 100
2026/08/05 07:23:28.815, 21096, 100
2026/08/05 07:23:29.815, 21096, 100
2026/08/05 07:23:30.816, 21096, 83
2026/08/05 07:23:31.816, 21096, 63
2026/08/05 07:23:32.816, 21096, 100
2026/08/05 07:23:33.816, 21096, 100
2026/08/05 07:23:34.816, 21096, 100
2026/08/05 07:23:35.817, 21096, 64
2026/08/05 07:23:36.817, 21096, 84
2026/08/05 07:23:37.817, 21096, 100
2026/08/05 07:23:38.817, 21096, 100
2026/08/05 07:23:39.817, 21096, 100
2026/08/05 07:23:40.818, 21096, 100
2026/08/05 07:23:41.818, 21096, 100
2026/08/05 07:23:42.818, 21096, 100
2026/08/05 07:23:43.818, 21096, 100
2026/08/05 07:23:44.819, 21096, 73
2026/08/05 07:23:45.819, 21096, 100
2026/08/05 07:23:46.819, 21096, 100
2026/08/05 07:23:47.819, 21096, 100
2026/08/05 07:23:48.819, 21096, 100
2026/08/05 07:23:49.820, 21096, 74
2026/08/05 07:23:50.820, 21096, 100
2026/08/05 07:23:51.820, 21096, 100
2026/08/05 07:23:52.820, 21096, 100
2026/08/05 07:23:53.821, 21096, 100
2026/08/05 07:23:54.821, 21096, 100
2026/08/05 07:23:55.821, 21096, 100
2026/08/05 07:23:56.821, 21096, 100
2026/08/05 07:23:57.821, 21096, 100
2026/08/05 07:23:58.822, 21096, 100
2026/08/05 07:23:59.822, 21096, 100
2026/08/05 07:24:00.822, 21096, 100
2026/08/05 07:24:01.822, 21096, 100
2026/08/05 07:24:02.823, 21096, 100
2026/08/05 07:24:03.823, 21096, 100
2026/08/05 07:24:04.823, 21096, 100
2026/08/05 07:24:05.823, 21096, 100
2026/08/05 07:24:06.823, 21096, 100
2026/08/05 07:24:07.823, 21096, 100
2026/08/05 07:24:08.824, 21096, 100
2026/08/05 07:24:09.824, 21096, 100
2026/08/05 07:24:10.824, 21096, 100
2026/08/05 07:24:11.848, 21096, 95
2026/08/05 07:24:12.875, 21096, 100
2026/08/05 07:24:13.897, 21096, 100
2026/08/05 07:24:14.918, 21096, 100
2026/08/05 07:24:15.935, 21096, 100
2026/08/05 07:24:16.950, 21096, 100
2026/08/05 07:24:17.964, 21096, 100
2026/08/05 07:24:18.976, 21096, 100
2026/08/05 07:24:19.986, 21096, 100
2026/08/05 07:24:20.996, 21096, 100
2026/08/05 07:24:22.004, 21096, 87
2026/08/05 07:24:23.012, 21096, 100
2026/08/05 07:24:24.018, 21096, 100
2026/08/05 07:24:25.025, 21096, 100
2026/08/05 07:24:26.030, 21096, 100
2026/08/05 07:24:27.036, 21096, 100
2026/08/05 07:24:28.040, 21096, 100
2026/08/05 07:24:29.044, 21096, 100
2026/08/05 07:24:30.048, 21096, 100
2026/08/05 07:24:31.052, 21096, 100
2026/08/05 07:24:32.055, 21096, 100
2026/08/05 07:24:33.058, 21096, 100
2026/08/05 07:24:34.060, 21096, 100
2026/08/05 07:24:35.063, 21096, 100
2026/08/05 07:24:36.065, 21096, 100
2026/08/05 07:24:37.066, 21096, 100
2026/08/05 07:24:38.068, 21096, 100
2026/08/05 07:24:39.070, 21096, 100
2026/08/05 07:24:40.071, 21096, 100
2026/08/05 07:24:41.073, 21096, 100
2026/08/05 07:24:42.074, 21096, 100
2026/08/05 07:24:43.074, 21096, 100
2026/08/05 07:24:44.075, 21096, 100
2026/08/05 07:24:45.075, 21096, 100
2026/08/05 07:24:46.075, 21096, 100
2026/08/05 07:24:47.076, 21096, 100
2026/08/05 07:24:48.076, 21096, 84
2026/08/05 07:24:49.076, 21096, 100
2026/08/05 07:24:50.076, 21096, 100
2026/08/05 07:24:51.077, 21096, 100
2026/08/05 07:24:52.077, 21096, 100
2026/08/05 07:24:53.077, 21096, 100
2026/08/05 07:24:54.078, 21096, 93
2026/08/05 07:24:55.078, 21096, 93
2026/08/05 07:24:56.078, 21096, 100
2026/08/05 07:24:57.078, 21096, 100
2026/08/05 07:24:58.078, 21096, 100
2026/08/05 07:24:59.079, 21096, 100
2026/08/05 07:25:00.079, 21096, 87
2026/08/05 07:25:01.079, 21096, 100
2026/08/05 07:25:02.080, 21096, 94
2026/08/05 07:25:03.080, 21096, 100
2026/08/05 07:25:04.080, 21096, 96
2026/08/05 07:25:05.080, 21096, 100
2026/08/05 07:25:06.081, 21096, 100
2026/08/05 07:25:07.081, 21096, 100
2026/08/05 07:25:08.081, 21096, 100
2026/08/05 07:25:09.081, 21096, 100
2026/08/05 07:25:10.082, 21096, 100
2026/08/05 07:25:11.082, 21096, 100
2026/08/05 07:25:12.082, 21096, 100
2026/08/05 07:25:13.083, 21096, 100
2026/08/05 07:25:14.083, 21096, 100
2026/08/05 07:25:15.083, 21096, 100
2026/08/05 07:25:16.085, 21096, 65
2026/08/05 07:25:17.109, 21096, 86
2026/08/05 07:25:18.129, 21096, 100
2026/08/05 07:25:19.147, 21096, 66
2026/08/05 07:25:20.162, 21096, 85
2026/08/05 07:25:21.176, 21096, 100
2026/08/05 07:25:22.188, 21096, 84
2026/08/05 07:25:23.200, 21096, 100
2026/08/05 07:25:24.209, 21096, 100
2026/08/05 07:25:25.218, 21096, 100
2026/08/05 07:25:26.225, 21096, 100
2026/08/05 07:25:27.232, 21096, 100
2026/08/05 07:25:28.238, 21096, 100
2026/08/05 07:25:29.243, 21096, 100
2026/08/05 07:25:30.249, 21096, 100
2026/08/05 07:25:31.254, 21096, 100
2026/08/05 07:25:32.258, 21096, 85
2026/08/05 07:25:33.261, 21096, 100
2026/08/05 07:25:34.265, 21096, 100
2026/08/05 07:25:35.268, 21096, 100
2026/08/05 07:25:36.272, 21096, 92
2026/08/05 07:25:37.274, 21096, 100
2026/08/05 07:25:38.277, 21096, 91
2026/08/05 07:25:39.279, 21096, 100
2026/08/05 07:25:40.281, 21096, 85
2026/08/05 07:25:41.284, 21096, 78
2026/08/05 07:25:42.285, 21096, 100
2026/08/05 07:25:43.288, 21096, 100
2026/08/05 07:25:44.289, 21096, 100
2026/08/05 07:25:45.291, 21096, 100
2026/08/05 07:25:46.292, 21096, 70
2026/08/05 07:25:47.293, 21096, 100
2026/08/05 07:25:48.295, 21096, 100
2026/08/05 07:25:49.295, 21096, 100
2026/08/05 07:25:50.295, 21096, 100
2026/08/05 07:25:51.295, 21096, 84
2026/08/05 07:25:52.296, 21096, 95
2026/08/05 07:25:53.296, 21096, 85
2026/08/05 07:25:54.296, 21096, 100
2026/08/05 07:25:55.296, 21096, 100
2026/08/05 07:25:56.297, 21096, 100
2026/08/05 07:25:57.297, 21096, 100
2026/08/05 07:25:58.297, 21096, 100
2026/08/05 07:25:59.297, 21096, 100
2026/08/05 07:26:00.298, 21096, 100
2026/08/05 07:26:01.298, 21096, 100
2026/08/05 07:26:02.298, 21096, 100
2026/08/05 07:26:03.298, 21096, 100
2026/08/05 07:26:04.299, 21096, 100
2026/08/05 07:26:05.299, 21096, 100
2026/08/05 07:26:06.299, 21096, 100
2026/08/05 07:26:07.299, 21096, 91
2026/08/05 07:26:08.300, 21096, 100
2026/08/05 07:26:09.300, 21096, 100
2026/08/05 07:26:10.300, 21096, 87
2026/08/05 07:26:11.301, 21096, 100
2026/08/05 07:26:12.301, 21096, 100
2026/08/05 07:26:13.301, 21096, 100
2026/08/05 07:26:14.301, 21096, 100
2026/08/05 07:26:15.302, 21096, 100
2026/08/05 07:26:16.302, 21096, 100
2026/08/05 07:26:17.302, 21096, 66
2026/08/05 07:26:18.302, 21096, 100
2026/08/05 07:26:19.303, 21096, 100
2026/08/05 07:26:20.303, 21096, 100
2026/08/05 07:26:21.303, 21096, 100
2026/08/05 07:26:22.304, 21096, 100
2026/08/05 07:26:23.304, 21096, 100
2026/08/05 07:26:24.304, 21096, 100
2026/08/05 07:26:25.305, 21096, 100
2026/08/05 07:26:26.305, 21096, 100
2026/08/05 07:26:27.305, 21096, 100
2026/08/05 07:26:28.305, 21096, 93
2026/08/05 07:26:29.306, 21096, 100
2026/08/05 07:26:30.306, 21096, 85
2026/08/05 07:26:31.306, 21096, 100
2026/08/05 07:26:32.307, 21096, 100
2026/08/05 07:26:33.307, 21096, 100
2026/08/05 07:26:34.307, 21096, 100
2026/08/05 07:26:35.307, 21096, 100
2026/08/05 07:26:36.308, 21096, 100
2026/08/05 07:26:37.308, 21096, 85
2026/08/05 07:26:38.308, 21096, 100
2026/08/05 07:26:39.309, 21096, 100
2026/08/05 07:26:40.309, 21096, 97
2026/08/05 07:26:41.309, 21096, 100
2026/08/05 07:26:42.309, 21096, 100
2026/08/05 07:26:43.310, 21096, 77
2026/08/05 07:26:44.310, 21096, 100
2026/08/05 07:26:45.310, 21096, 100
2026/08/05 07:26:46.311, 21096, 100
2026/08/05 07:26:47.311, 21096, 100
2026/08/05 07:26:48.311, 21096, 100
2026/08/05 07:26:49.311, 21096, 100
2026/08/05 07:26:50.312, 21096, 100
2026/08/05 07:26:51.312, 21096, 100
2026/08/05 07:26:52.312, 21096, 100
2026/08/05 07:26:53.312, 21096, 100
2026/08/05 07:26:54.313, 21096, 100
2026/08/05 07:26:55.313, 21096, 64
2026/08/05 07:26:56.313, 21096, 100
2026/08/05 07:26:57.314, 21096, 82
2026/08/05 07:26:58.314, 21096, 100
2026/08/05 07:26:59.314, 21096, 100
2026/08/05 07:27:00.314, 21096, 100
2026/08/05 07:27:01.315, 21096, 100
2026/08/05 07:27:02.315, 21096, 84
2026/08/05 07:27:03.315, 21096, 100
2026/08/05 07:27:04.316, 21096, 100
2026/08/05 07:27:05.316, 21096, 100
2026/08/05 07:27:06.316, 21096, 100
2026/08/05 07:27:07.316, 21096, 100
2026/08/05 07:27:08.317, 21096, 100
2026/08/05 07:27:09.317, 21096, 100
2026/08/05 07:27:10.317, 21096, 100
2026/08/05 07:27:11.318, 21096, 100
2026/08/05 07:27:12.318, 21096, 100
2026/08/05 07:27:13.318, 21096, 87
2026/08/05 07:27:14.319, 21096, 85
2026/08/05 07:27:15.319, 21096, 100
2026/08/05 07:27:16.320, 21096, 95
2026/08/05 07:27:17.320, 21096, 100
2026/08/05 07:27:18.320, 21096, 100
2026/08/05 07:27:19.320, 21096, 100
2026/08/05 07:27:20.321, 21096, 100
2026/08/05 07:27:21.321, 21096, 100
2026/08/05 07:27:22.321, 21096, 100
2026/08/05 07:27:23.322, 21096, 100
2026/08/05 07:27:24.322, 21096, 100
2026/08/05 07:27:25.322, 21096, 100
2026/08/05 07:27:26.330, 21096, 93
2026/08/05 07:27:27.354, 21096, 85
2026/08/05 07:27:28.375, 21096, 100
2026/08/05 07:27:29.393, 21096, 97
2026/08/05 07:27:30.410, 21096, 100
2026/08/05 07:27:31.424, 21096, 100
2026/08/05 07:27:32.437, 21096, 100
2026/08/05 07:27:33.448, 21096, 100
2026/08/05 07:27:34.457, 21096, 100
2026/08/05 07:27:35.466, 21096, 100
2026/08/05 07:27:36.473, 21096, 100
2026/08/05 07:27:37.481, 21096, 100
2026/08/05 07:27:38.487, 21096, 100
2026/08/05 07:27:39.493, 21096, 88
2026/08/05 07:27:40.498, 21096, 100
2026/08/05 07:27:41.502, 21096, 100
2026/08/05 07:27:42.507, 21096, 100
2026/08/05 07:27:43.511, 21096, 100
2026/08/05 07:27:44.514, 21096, 100
2026/08/05 07:27:45.517, 21096, 100
2026/08/05 07:27:46.520, 21096, 100
2026/08/05 07:27:47.523, 21096, 100
2026/08/05 07:27:48.525, 21096, 100
2026/08/05 07:27:49.528, 21096, 83
2026/08/05 07:27:50.530, 21096, 100
2026/08/05 07:27:51.532, 21096, 100
2026/08/05 07:27:52.535, 21096, 100
2026/08/05 07:27:53.536, 21096, 100
2026/08/05 07:27:54.538, 21096, 100
2026/08/05 07:27:55.540, 21096, 100
2026/08/05 07:27:56.542, 21096, 100
2026/08/05 07:27:57.543, 21096, 100
2026/08/05 07:27:58.543, 21096, 100
2026/08/05 07:27:59.544, 21096, 100
2026/08/05 07:28:00.544, 21096, 100
2026/08/05 07:28:01.545, 21096, 100
2026/08/05 07:28:02.545, 21096, 100
2026/08/05 07:28:03.545, 21096, 100
2026/08/05 07:28:04.545, 21096, 68
2026/08/05 07:28:05.546, 21096, 100
2026/08/05 07:28:06.546, 21096, 100
2026/08/05 07:28:07.546, 21096, 100
2026/08/05 07:28:08.547, 21096, 100
2026/08/05 07:28:09.547, 21096, 100
2026/08/05 07:28:10.548, 21096, 100
2026/08/05 07:28:11.548, 21096, 100
2026/08/05 07:28:12.548, 21096, 100
2026/08/05 07:28:13.548, 21096, 100
2026/08/05 07:28:14.549, 21096, 89
2026/08/05 07:28:15.549, 21096, 100
2026/08/05 07:28:16.550, 21096, 86
2026/08/05 07:28:17.550, 21096, 100
2026/08/05 07:28:18.550, 21096, 100
2026/08/05 07:28:19.551, 21096, 100
2026/08/05 07:28:20.551, 21096, 100
2026/08/05 07:28:21.551, 21096, 100
2026/08/05 07:28:22.552, 21096, 69
2026/08/05 07:28:23.552, 21096, 100
2026/08/05 07:28:24.552, 21096, 85
2026/08/05 07:28:25.553, 21096, 100
2026/08/05 07:28:26.553, 21096, 100
2026/08/05 07:28:27.553, 21096, 85
2026/08/05 07:28:28.554, 21096, 100
2026/08/05 07:28:29.554, 21096, 100
2026/08/05 07:28:30.554, 21096, 100
2026/08/05 07:28:31.554, 21096, 100
2026/08/05 07:28:32.554, 21096, 100
2026/08/05 07:28:33.555, 21096, 100
2026/08/05 07:28:34.555, 21096, 66
2026/08/05 07:28:35.555, 21096, 85
2026/08/05 07:28:36.555, 21096, 86
2026/08/05 07:28:37.555, 21096, 100
2026/08/05 07:28:38.556, 21096, 100
2026/08/05 07:28:39.556, 21096, 100
2026/08/05 07:28:40.556, 21096, 91
2026/08/05 07:28:41.556, 21096, 100
2026/08/05 07:28:42.556, 21096, 100
2026/08/05 07:28:43.557, 21096, 100
2026/08/05 07:28:44.557, 21096, 100
2026/08/05 07:28:45.557, 21096, 100
2026/08/05 07:28:46.557, 21096, 100
2026/08/05 07:28:47.557, 21096, 100
2026/08/05 07:28:48.558, 21096, 100
2026/08/05 07:28:49.558, 21096, 100
2026/08/05 07:28:50.558, 21096, 100
2026/08/05 07:28:51.558, 21096, 100
2026/08/05 07:28:52.558, 21096, 100
2026/08/05 07:28:53.559, 21096, 100
2026/08/05 07:28:54.559, 21096, 86
2026/08/05 07:28:55.559, 21096, 85
2026/08/05 07:28:56.559, 21096, 100
2026/08/05 07:28:57.559, 21096, 100
2026/08/05 07:28:58.560, 21096, 100
2026/08/05 07:28:59.560, 21096, 100
2026/08/05 07:29:00.560, 21096, 100
2026/08/05 07:29:01.561, 21096, 100
2026/08/05 07:29:02.561, 21096, 100
2026/08/05 07:29:03.561, 21096, 100
2026/08/05 07:29:04.561, 21096, 100
2026/08/05 07:29:05.561, 21096, 100
2026/08/05 07:29:06.562, 21096, 100
2026/08/05 07:29:07.562, 21096, 100
2026/08/05 07:29:08.562, 21096, 100
2026/08/05 07:29:09.562, 21096, 100
2026/08/05 07:29:10.562, 21096, 100
2026/08/05 07:29:11.563, 21096, 78
2026/08/05 07:29:12.563, 21096, 100
2026/08/05 07:29:13.563, 21096, 100
2026/08/05 07:29:14.563, 21096, 100
2026/08/05 07:29:15.564, 21096, 100
2026/08/05 07:29:16.564, 21096, 100
2026/08/05 07:29:17.564, 21096, 100
2026/08/05 07:29:18.564, 21096, 100
2026/08/05 07:29:19.565, 21096, 86
2026/08/05 07:29:20.565, 21096, 100
2026/08/05 07:29:21.565, 21096, 100
2026/08/05 07:29:22.565, 21096, 100
2026/08/05 07:29:23.565, 21096, 100
2026/08/05 07:29:24.565, 21096, 84
2026/08/05 07:29:25.566, 21096, 85
2026/08/05 07:29:26.566, 21096, 86
2026/08/05 07:29:27.566, 21096, 100
2026/08/05 07:29:28.567, 21096, 100
2026/08/05 07:29:29.567, 21096, 100
2026/08/05 07:29:30.567, 21096, 100
2026/08/05 07:29:31.567, 21096, 100
2026/08/05 07:29:32.568, 21096, 100
2026/08/05 07:29:33.568, 21096, 85
2026/08/05 07:29:34.568, 21096, 100
2026/08/05 07:29:35.568, 21096, 100
2026/08/05 07:29:36.568, 21096, 100
2026/08/05 07:29:37.569, 21096, 100
2026/08/05 07:29:38.569, 21096, 100
2026/08/05 07:29:39.569, 21096, 100
2026/08/05 07:29:40.569, 21096, 100
2026/08/05 07:29:41.569, 21096, 100
2026/08/05 07:29:42.570, 21096, 100
2026/08/05 07:29:43.570, 21096, 100
2026/08/05 07:29:44.570, 21096, 100
2026/08/05 07:29:45.571, 21096, 100
2026/08/05 07:29:46.571, 21096, 100
2026/08/05 07:29:47.571, 21096, 100
2026/08/05 07:29:48.572, 21096, 100
2026/08/05 07:29:49.572, 21096, 100
2026/08/05 07:29:50.572, 21096, 100
2026/08/05 07:29:51.573, 21096, 100
2026/08/05 07:29:52.573, 21096, 100
2026/08/05 07:29:53.573, 21096, 100
2026/08/05 07:29:54.574, 21096, 100
2026/08/05 07:29:55.574, 21096, 100
2026/08/05 07:29:56.574, 21096, 100
2026/08/05 07:29:57.575, 21096, 100
2026/08/05 07:29:58.578, 21096, 100
2026/08/05 07:29:59.578, 21096, 100
2026/08/05 07:30:00.578, 21096, 100
2026/08/05 07:30:01.578, 21096, 100
2026/08/05 07:30:02.579, 21096, 100
2026/08/05 07:30:03.579, 21096, 100
2026/08/05 07:30:04.580, 21096, 100
2026/08/05 07:30:05.580, 21096, 100
2026/08/05 07:30:06.580, 21096, 86
2026/08/05 07:30:07.580, 21096, 100
2026/08/05 07:30:08.581, 21096, 100
2026/08/05 07:30:09.581, 21096, 82
2026/08/05 07:30:10.581, 21096, 100
2026/08/05 07:30:11.581, 21096, 100
2026/08/05 07:30:12.581, 21096, 100
2026/08/05 07:30:13.582, 21096, 100
2026/08/05 07:30:14.582, 21096, 100
2026/08/05 07:30:15.583, 21096, 100
2026/08/05 07:30:16.583, 21096, 100
2026/08/05 07:30:17.583, 21096, 100
2026/08/05 07:30:18.583, 21096, 100
2026/08/05 07:30:19.584, 21096, 100
2026/08/05 07:30:20.584, 21096, 100
2026/08/05 07:30:21.584, 21096, 100
2026/08/05 07:30:22.584, 21096, 100
2026/08/05 07:30:23.585, 21096, 93
2026/08/05 07:30:24.585, 21096, 100
2026/08/05 07:30:25.585, 21096, 100
2026/08/05 07:30:26.585, 21096, 100
2026/08/05 07:30:27.585, 21096, 100
2026/08/05 07:30:28.586, 21096, 100
2026/08/05 07:30:29.586, 21096, 100
2026/08/05 07:30:30.586, 21096, 89
2026/08/05 07:30:31.587, 21096, 100
2026/08/05 07:30:32.587, 21096, 100
2026/08/05 07:30:33.587, 21096, 100
2026/08/05 07:30:34.588, 21096, 100
2026/08/05 07:30:35.588, 21096, 100
2026/08/05 07:30:36.588, 21096, 100
2026/08/05 07:30:37.589, 21096, 100
2026/08/05 07:30:38.589, 21096, 100
2026/08/05 07:30:39.589, 21096, 100
2026/08/05 07:30:40.589, 21096, 100
2026/08/05 07:30:41.590, 21096, 100
2026/08/05 07:30:42.590, 21096, 100
2026/08/05 07:30:43.590, 21096, 100
2026/08/05 07:30:44.591, 21096, 100
2026/08/05 07:30:45.591, 21096, 100
2026/08/05 07:30:46.591, 21096, 100
2026/08/05 07:30:47.592, 21096, 100
2026/08/05 07:30:48.592, 21096, 84
2026/08/05 07:30:49.592, 21096, 75
2026/08/05 07:30:50.592, 21096, 100
2026/08/05 07:30:51.593, 21096, 95
2026/08/05 07:30:52.593, 21096, 100
2026/08/05 07:30:53.593, 21096, 100
2026/08/05 07:30:54.593, 21096, 100
2026/08/05 07:30:55.594, 21096, 100
2026/08/05 07:30:56.594, 21096, 83
2026/08/05 07:30:57.594, 21096, 84
2026/08/05 07:30:58.594, 21096, 100
2026/08/05 07:30:59.595, 21096, 100
2026/08/05 07:31:00.595, 21096, 100
2026/08/05 07:31:01.595, 21096, 100
2026/08/05 07:31:02.595, 21096, 100
2026/08/05 07:31:03.595, 21096, 83
2026/08/05 07:31:04.595, 21096, 83
2026/08/05 07:31:05.596, 21096, 100
2026/08/05 07:31:06.596, 21096, 100
2026/08/05 07:31:07.596, 21096, 100
2026/08/05 07:31:08.596, 21096, 100
2026/08/05 07:31:09.596, 21096, 100
2026/08/05 07:31:10.597, 21096, 80
2026/08/05 07:31:11.597, 21096, 100
2026/08/05 07:31:12.597, 21096, 93
2026/08/05 07:31:13.597, 21096, 60
2026/08/05 07:31:14.597, 21096, 100
2026/08/05 07:31:15.606, 21096, 100
2026/08/05 07:31:16.619, 21096, 94
2026/08/05 07:31:17.631, 21096, 84
2026/08/05 07:31:18.641, 21096, 65
2026/08/05 07:31:19.650, 21096, 100
2026/08/05 07:31:20.658, 21096, 63
2026/08/05 07:31:21.666, 21096, 84
2026/08/05 07:31:22.672, 21096, 100
2026/08/05 07:31:23.677, 21096, 100
2026/08/05 07:31:24.683, 21096, 100
2026/08/05 07:31:25.688, 21096, 100
2026/08/05 07:31:26.692, 21096, 85
2026/08/05 07:31:27.697, 21096, 100
2026/08/05 07:31:28.701, 21096, 100
2026/08/05 07:31:29.704, 21096, 100
2026/08/05 07:31:30.706, 21096, 85
2026/08/05 07:31:31.709, 21096, 100
2026/08/05 07:31:32.711, 21096, 100
2026/08/05 07:31:33.713, 21096, 82
2026/08/05 07:31:34.716, 21096, 84
2026/08/05 07:31:35.718, 21096, 86
2026/08/05 07:31:36.721, 21096, 100
2026/08/05 07:31:37.723, 21096, 100
2026/08/05 07:31:38.726, 21096, 100
2026/08/05 07:31:39.727, 21096, 100
2026/08/05 07:31:40.728, 21096, 100
2026/08/05 07:31:41.730, 21096, 100
2026/08/05 07:31:42.732, 21096, 71
2026/08/05 07:31:43.733, 21096, 84
2026/08/05 07:31:44.735, 21096, 100
2026/08/05 07:31:45.736, 21096, 84
2026/08/05 07:31:46.738, 21096, 100
2026/08/05 07:31:47.739, 21096, 100
2026/08/05 07:31:48.739, 21096, 100
2026/08/05 07:31:49.739, 21096, 100
2026/08/05 07:31:50.739, 21096, 100
2026/08/05 07:31:51.740, 21096, 100
2026/08/05 07:31:52.740, 21096, 86
2026/08/05 07:31:53.740, 21096, 100
2026/08/05 07:31:54.740, 21096, 100
2026/08/05 07:31:55.740, 21096, 100
2026/08/05 07:31:56.741, 21096, 100
2026/08/05 07:31:57.741, 21096, 100
2026/08/05 07:31:58.741, 21096, 100
2026/08/05 07:31:59.741, 21096, 100
2026/08/05 07:32:00.741, 21096, 100
2026/08/05 07:32:01.742, 21096, 100
2026/08/05 07:32:02.742, 21096, 100
2026/08/05 07:32:03.742, 21096, 100
2026/08/05 07:32:04.742, 21096, 100
2026/08/05 07:32:05.743, 21096, 100
2026/08/05 07:32:06.743, 21096, 100
2026/08/05 07:32:07.743, 21096, 81
2026/08/05 07:32:08.743, 21096, 100
2026/08/05 07:32:09.744, 21096, 100
2026/08/05 07:32:10.744, 21096, 100
2026/08/05 07:32:11.744, 21096, 100
2026/08/05 07:32:12.745, 21096, 100
2026/08/05 07:32:13.746, 21096, 100
2026/08/05 07:32:14.746, 21096, 100
2026/08/05 07:32:15.748, 21096, 100
2026/08/05 07:32:16.749, 21096, 100
2026/08/05 07:32:17.749, 21096, 100
2026/08/05 07:32:18.751, 21096, 87
2026/08/05 07:32:19.752, 21096, 100
2026/08/05 07:32:20.753, 21096, 100
2026/08/05 07:32:21.754, 21096, 100
2026/08/05 07:32:22.755, 21096, 100
2026/08/05 07:32:23.757, 21096, 100
2026/08/05 07:32:24.757, 21096, 100
2026/08/05 07:32:25.759, 21096, 100
2026/08/05 07:32:26.760, 21096, 93
2026/08/05 07:32:27.761, 21096, 100
2026/08/05 07:32:28.762, 21096, 100
2026/08/05 07:32:29.762, 21096, 63
2026/08/05 07:32:30.764, 21096, 100
2026/08/05 07:32:31.765, 21096, 100
2026/08/05 07:32:32.766, 21096, 85
2026/08/05 07:32:33.768, 21096, 100
2026/08/05 07:32:34.769, 21096, 100
2026/08/05 07:32:35.770, 21096, 100
2026/08/05 07:32:36.772, 21096, 100
2026/08/05 07:32:37.773, 21096, 64
2026/08/05 07:32:38.774, 21096, 100
2026/08/05 07:32:39.776, 21096, 100
2026/08/05 07:32:40.777, 21096, 100
2026/08/05 07:32:41.778, 21096, 100
2026/08/05 07:32:42.780, 21096, 100
2026/08/05 07:32:43.781, 21096, 85
2026/08/05 07:32:44.783, 21096, 100
2026/08/05 07:32:45.784, 21096, 100
2026/08/05 07:32:46.785, 21096, 100
2026/08/05 07:32:47.787, 21096, 100
2026/08/05 07:32:48.788, 21096, 100
2026/08/05 07:32:49.790, 21096, 100
2026/08/05 07:32:50.791, 21096, 100
2026/08/05 07:32:51.793, 21096, 100
2026/08/05 07:32:52.793, 21096, 100
2026/08/05 07:32:53.795, 21096, 64
2026/08/05 07:32:54.795, 21096, 85
2026/08/05 07:32:55.797, 21096, 100
2026/08/05 07:32:56.797, 21096, 100
2026/08/05 07:32:57.799, 21096, 100
2026/08/05 07:32:58.800, 21096, 100
2026/08/05 07:32:59.801, 21096, 100
2026/08/05 07:33:00.803, 21096, 100
2026/08/05 07:33:01.804, 21096, 100
2026/08/05 07:33:02.805, 21096, 100
2026/08/05 07:33:03.806, 21096, 100
2026/08/05 07:33:04.807, 21096, 100
2026/08/05 07:33:05.808, 21096, 100
2026/08/05 07:33:06.809, 21096, 63
2026/08/05 07:33:07.810, 21096, 100
2026/08/05 07:33:08.811, 21096, 100
2026/08/05 07:33:09.812, 21096, 100
2026/08/05 07:33:10.813, 21096, 100
2026/08/05 07:33:11.814, 21096, 100
2026/08/05 07:33:12.815, 21096, 100
2026/08/05 07:33:13.817, 21096, 83
2026/08/05 07:33:14.818, 21096, 100
2026/08/05 07:33:15.819, 21096, 100
2026/08/05 07:33:16.819, 21096, 100
2026/08/05 07:33:17.820, 21096, 100
2026/08/05 07:33:18.822, 21096, 100
2026/08/05 07:33:19.823, 21096, 100
2026/08/05 07:33:20.825, 21096, 100
2026/08/05 07:33:21.826, 21096, 100
2026/08/05 07:33:22.827, 21096, 77
2026/08/05 07:33:23.829, 21096, 100
2026/08/05 07:33:24.830, 21096, 84
2026/08/05 07:33:25.838, 21096, 100
2026/08/05 07:33:26.846, 21096, 100
2026/08/05 07:33:27.853, 21096, 100
2026/08/05 07:33:28.860, 21096, 100
2026/08/05 07:33:29.866, 21096, 100
2026/08/05 07:33:30.871, 21096, 100
2026/08/05 07:33:31.876, 21096, 100
2026/08/05 07:33:32.880, 21096, 100
2026/08/05 07:33:33.885, 21096, 100
2026/08/05 07:33:34.888, 21096, 100
2026/08/05 07:33:35.892, 21096, 100
2026/08/05 07:33:36.894, 21096, 100
2026/08/05 07:33:37.897, 21096, 100
2026/08/05 07:33:38.900, 21096, 100
2026/08/05 07:33:39.902, 21096, 100
2026/08/05 07:33:40.905, 21096, 90
2026/08/05 07:33:41.907, 21096, 83
2026/08/05 07:33:42.909, 21096, 100
2026/08/05 07:33:43.911, 21096, 100
2026/08/05 07:33:44.913, 21096, 100
2026/08/05 07:33:45.915, 21096, 100
2026/08/05 07:33:46.916, 21096, 100
2026/08/05 07:33:47.918, 21096, 88
2026/08/05 07:33:48.919, 21096, 100
2026/08/05 07:33:49.921, 21096, 100
2026/08/05 07:33:50.922, 21096, 100
2026/08/05 07:33:51.924, 21096, 100
2026/08/05 07:33:52.926, 21096, 100
2026/08/05 07:33:53.927, 21096, 100
2026/08/05 07:33:54.928, 21096, 100
2026/08/05 07:33:55.929, 21096, 100
2026/08/05 07:33:56.931, 21096, 100
2026/08/05 07:33:57.932, 21096, 100
2026/08/05 07:33:58.934, 21096, 100
2026/08/05 07:33:59.936, 21096, 100
2026/08/05 07:34:00.937, 21096, 100
2026/08/05 07:34:01.938, 21096, 100
2026/08/05 07:34:02.939, 21096, 100
2026/08/05 07:34:03.941, 21096, 100
2026/08/05 07:34:04.942, 21096, 100
2026/08/05 07:34:05.944, 21096, 100
2026/08/05 07:34:06.945, 21096, 100
2026/08/05 07:34:07.947, 21096, 84
2026/08/05 07:34:08.948, 21096, 100
2026/08/05 07:34:09.950, 21096, 66
2026/08/05 07:34:10.951, 21096, 100
2026/08/05 07:34:11.952, 21096, 100
2026/08/05 07:34:12.953, 21096, 100
2026/08/05 07:34:13.954, 21096, 92
2026/08/05 07:34:14.956, 21096, 100
2026/08/05 07:34:15.957, 21096, 100
2026/08/05 07:34:16.958, 21096, 100
2026/08/05 07:34:17.959, 21096, 100
2026/08/05 07:34:18.961, 21096, 65
2026/08/05 07:34:19.962, 21096, 84
2026/08/05 07:34:20.964, 21096, 100
2026/08/05 07:34:21.964, 21096, 100
2026/08/05 07:34:22.966, 21096, 100
2026/08/05 07:34:23.968, 21096, 100
2026/08/05 07:34:24.969, 21096, 100
2026/08/05 07:34:25.970, 21096, 100
2026/08/05 07:34:26.971, 21096, 100
2026/08/05 07:34:27.973, 21096, 100
2026/08/05 07:34:28.974, 21096, 100
2026/08/05 07:34:29.975, 21096, 100
2026/08/05 07:34:30.976, 21096, 68
2026/08/05 07:34:31.977, 21096, 100
2026/08/05 07:34:32.978, 21096, 100
2026/08/05 07:34:33.980, 21096, 100
2026/08/05 07:34:34.981, 21096, 85
2026/08/05 07:34:35.983, 21096, 100
2026/08/05 07:34:36.984, 21096, 65
2026/08/05 07:34:37.985, 21096, 100
2026/08/05 07:34:38.987, 21096, 68
2026/08/05 07:34:39.988, 21096, 100
2026/08/05 07:34:40.988, 21096, 95
2026/08/05 07:34:41.990, 21096, 100
2026/08/05 07:34:42.992, 21096, 100
2026/08/05 07:34:43.993, 21096, 100
2026/08/05 07:34:44.994, 21096, 100
2026/08/05 07:34:45.995, 21096, 100
2026/08/05 07:34:46.997, 21096, 100
2026/08/05 07:34:47.997, 21096, 85
2026/08/05 07:34:48.999, 21096, 100
2026/08/05 07:34:50.000, 21096, 100
2026/08/05 07:34:51.001, 21096, 100
2026/08/05 07:34:52.002, 21096, 100
2026/08/05 07:34:53.002, 21096, 100
2026/08/05 07:34:54.004, 21096, 100
2026/08/05 07:34:55.004, 21096, 100
2026/08/05 07:34:56.006, 21096, 100
2026/08/05 07:34:57.007, 21096, 100
2026/08/05 07:34:58.009, 21096, 100
2026/08/05 07:34:59.010, 21096, 100
2026/08/05 07:35:00.012, 21096, 100
2026/08/05 07:35:01.013, 21096, 65
2026/08/05 07:35:02.014, 21096, 100
2026/08/05 07:35:03.015, 21096, 100
2026/08/05 07:35:04.020, 21096, 100
2026/08/05 07:35:05.025, 21096, 100
2026/08/05 07:35:06.029, 21096, 100
2026/08/05 07:35:07.033, 21096, 94
2026/08/05 07:35:08.038, 21096, 100
2026/08/05 07:35:09.042, 21096, 100
2026/08/05 07:35:10.045, 21096, 84
2026/08/05 07:35:11.049, 21096, 100
2026/08/05 07:35:12.052, 21096, 100
2026/08/05 07:35:13.056, 21096, 100
2026/08/05 07:35:14.059, 21096, 86
2026/08/05 07:35:15.062, 21096, 100
2026/08/05 07:35:16.064, 21096, 100
2026/08/05 07:35:17.067, 21096, 100
2026/08/05 07:35:18.070, 21096, 100
2026/08/05 07:35:19.072, 21096, 85
2026/08/05 07:35:20.075, 21096, 100
2026/08/05 07:35:21.077, 21096, 100
2026/08/05 07:35:22.079, 21096, 100
2026/08/05 07:35:23.081, 21096, 100
2026/08/05 07:35:24.083, 21096, 100
2026/08/05 07:35:25.086, 21096, 63
2026/08/05 07:35:26.089, 21096, 100
2026/08/05 07:35:27.090, 21096, 100
2026/08/05 07:35:28.092, 21096, 100
2026/08/05 07:35:29.094, 21096, 100
2026/08/05 07:35:30.097, 21096, 100
2026/08/05 07:35:31.099, 21096, 100
2026/08/05 07:35:32.100, 21096, 100
2026/08/05 07:35:33.102, 21096, 100
2026/08/05 07:35:34.104, 21096, 100
2026/08/05 07:35:35.105, 21096, 100
2026/08/05 07:35:36.107, 21096, 100
2026/08/05 07:35:37.108, 21096, 100
2026/08/05 07:35:38.109, 21096, 100
2026/08/05 07:35:39.111, 21096, 100
2026/08/05 07:35:40.112, 21096, 100
2026/08/05 07:35:41.114, 21096, 100
2026/08/05 07:35:42.116, 21096, 100
2026/08/05 07:35:43.117, 21096, 100
2026/08/05 07:35:44.119, 21096, 100
2026/08/05 07:35:45.120, 21096, 100
2026/08/05 07:35:46.121, 21096, 100
2026/08/05 07:35:47.123, 21096, 84
2026/08/05 07:35:48.124, 21096, 87
2026/08/05 07:35:49.126, 21096, 100
2026/08/05 07:35:50.127, 21096, 100
2026/08/05 07:35:51.129, 21096, 100
2026/08/05 07:35:52.130, 21096, 100
2026/08/05 07:35:53.132, 21096, 100
2026/08/05 07:35:54.133, 21096, 100
2026/08/05 07:35:55.134, 21096, 100
2026/08/05 07:35:56.136, 21096, 100
2026/08/05 07:35:57.138, 21096, 64
2026/08/05 07:35:58.139, 21096, 100
2026/08/05 07:35:59.141, 21096, 100
2026/08/05 07:36:00.143, 21096, 100
2026/08/05 07:36:01.144, 21096, 100
2026/08/05 07:36:02.146, 21096, 100
2026/08/05 07:36:03.147, 21096, 100
2026/08/05 07:36:04.148, 21096, 100
2026/08/05 07:36:05.150, 21096, 100
2026/08/05 07:36:06.151, 21096, 100
2026/08/05 07:36:07.152, 21096, 100
2026/08/05 07:36:08.153, 21096, 86
2026/08/05 07:36:09.153, 21096, 100
2026/08/05 07:36:10.153, 21096, 100
2026/08/05 07:36:11.153, 21096, 100
2026/08/05 07:36:12.154, 21096, 100
2026/08/05 07:36:13.154, 21096, 100
2026/08/05 07:36:14.154, 21096, 100
2026/08/05 07:36:15.154, 21096, 100
2026/08/05 07:36:16.155, 21096, 100
2026/08/05 07:36:17.155, 21096, 94
2026/08/05 07:36:18.155, 21096, 100
2026/08/05 07:36:19.155, 21096, 100
2026/08/05 07:36:20.156, 21096, 100
2026/08/05 07:36:21.156, 21096, 100
2026/08/05 07:36:22.156, 21096, 100
2026/08/05 07:36:23.157, 21096, 94
2026/08/05 07:36:24.157, 21096, 100
2026/08/05 07:36:25.157, 21096, 100
2026/08/05 07:36:26.157, 21096, 100
2026/08/05 07:36:27.157, 21096, 100
2026/08/05 07:36:28.158, 21096, 100
2026/08/05 07:36:29.158, 21096, 100
2026/08/05 07:36:30.158, 21096, 100
2026/08/05 07:36:31.158, 21096, 100
2026/08/05 07:36:32.158, 21096, 100
2026/08/05 07:36:33.159, 21096, 100
2026/08/05 07:36:34.159, 21096, 100
2026/08/05 07:36:35.159, 21096, 93
2026/08/05 07:36:36.159, 21096, 100
2026/08/05 07:36:37.160, 21096, 100
2026/08/05 07:36:38.160, 21096, 65
2026/08/05 07:36:39.160, 21096, 84
2026/08/05 07:36:40.160, 21096, 99
2026/08/05 07:36:41.161, 21096, 100
2026/08/05 07:36:42.161, 21096, 100
2026/08/05 07:36:43.161, 21096, 100
2026/08/05 07:36:44.161, 21096, 100
2026/08/05 07:36:45.161, 21096, 85
2026/08/05 07:36:46.162, 21096, 100
2026/08/05 07:36:47.162, 21096, 92
2026/08/05 07:36:48.162, 21096, 100
2026/08/05 07:36:49.162, 21096, 100
2026/08/05 07:36:50.162, 21096, 100
2026/08/05 07:36:51.163, 21096, 100
2026/08/05 07:36:52.163, 21096, 100
2026/08/05 07:36:53.163, 21096, 100
2026/08/05 07:36:54.163, 21096, 86
2026/08/05 07:36:55.163, 21096, 100
2026/08/05 07:36:56.164, 21096, 100
2026/08/05 07:36:57.164, 21096, 100
2026/08/05 07:36:58.164, 21096, 100
2026/08/05 07:36:59.165, 21096, 100
2026/08/05 07:37:00.165, 21096, 100
2026/08/05 07:37:01.165, 21096, 100
2026/08/05 07:37:02.165, 21096, 84
2026/08/05 07:37:03.165, 21096, 64
2026/08/05 07:37:04.166, 21096, 100
2026/08/05 07:37:05.166, 21096, 100
2026/08/05 07:37:06.166, 21096, 100
2026/08/05 07:37:07.166, 21096, 100
2026/08/05 07:37:08.166, 21096, 100
2026/08/05 07:37:09.167, 21096, 87
2026/08/05 07:37:10.167, 21096, 84
2026/08/05 07:37:11.167, 21096, 100
2026/08/05 07:37:12.167, 21096, 83
2026/08/05 07:37:13.169, 21096, 84
2026/08/05 07:37:14.180, 21096, 100
2026/08/05 07:37:15.189, 21096, 100
2026/08/05 07:37:16.198, 21096, 100
2026/08/05 07:37:17.205, 21096, 100
2026/08/05 07:37:18.212, 21096, 100
2026/08/05 07:37:19.217, 21096, 100
2026/08/05 07:37:20.223, 21096, 100
2026/08/05 07:37:21.228, 21096, 100
2026/08/05 07:37:22.232, 21096, 100
2026/08/05 07:37:23.237, 21096, 100
2026/08/05 07:37:24.240, 21096, 100
2026/08/05 07:37:25.243, 21096, 100
2026/08/05 07:37:26.246, 21096, 100
2026/08/05 07:37:27.249, 21096, 100
2026/08/05 07:37:28.251, 21096, 100
2026/08/05 07:37:29.254, 21096, 100
2026/08/05 07:37:30.256, 21096, 100
2026/08/05 07:37:31.258, 21096, 89
2026/08/05 07:37:32.260, 21096, 100
2026/08/05 07:37:33.263, 21096, 100
2026/08/05 07:37:34.265, 21096, 100
2026/08/05 07:37:35.266, 21096, 99
2026/08/05 07:37:36.268, 21096, 100
2026/08/05 07:37:37.270, 21096, 86
2026/08/05 07:37:38.271, 21096, 100
2026/08/05 07:37:39.272, 21096, 100
2026/08/05 07:37:40.274, 21096, 100
2026/08/05 07:37:41.275, 21096, 100
2026/08/05 07:37:42.277, 21096, 100
2026/08/05 07:37:43.278, 21096, 84
2026/08/05 07:37:44.280, 21096, 84
2026/08/05 07:37:45.280, 21096, 100
2026/08/05 07:37:46.280, 21096, 100
2026/08/05 07:37:47.281, 21096, 100
2026/08/05 07:37:48.281, 21096, 100
2026/08/05 07:37:49.281, 21096, 100
2026/08/05 07:37:50.281, 21096, 100
2026/08/05 07:37:51.281, 21096, 95
2026/08/05 07:37:52.282, 21096, 100
2026/08/05 07:37:53.282, 21096, 100
2026/08/05 07:37:54.282, 21096, 100
2026/08/05 07:37:55.282, 21096, 100
2026/08/05 07:37:56.282, 21096, 100
2026/08/05 07:37:57.283, 21096, 100
2026/08/05 07:37:58.283, 21096, 100
2026/08/05 07:37:59.283, 21096, 69
2026/08/05 07:38:00.283, 21096, 84
2026/08/05 07:38:01.284, 21096, 100
2026/08/05 07:38:02.284, 21096, 100
2026/08/05 07:38:03.284, 21096, 100
2026/08/05 07:38:04.285, 21096, 80
2026/08/05 07:38:05.285, 21096, 100
2026/08/05 07:38:06.285, 21096, 77
2026/08/05 07:38:07.285, 21096, 100
2026/08/05 07:38:08.285, 21096, 100
2026/08/05 07:38:09.286, 21096, 100
2026/08/05 07:38:10.286, 21096, 100
2026/08/05 07:38:11.286, 21096, 100
2026/08/05 07:38:12.286, 21096, 81
2026/08/05 07:38:13.286, 21096, 84
2026/08/05 07:38:14.287, 21096, 100
2026/08/05 07:38:15.287, 21096, 100
2026/08/05 07:38:16.287, 21096, 100
2026/08/05 07:38:17.287, 21096, 100
2026/08/05 07:38:18.287, 21096, 100
2026/08/05 07:38:19.288, 21096, 100
2026/08/05 07:38:20.288, 21096, 84
2026/08/05 07:38:21.288, 21096, 87
2026/08/05 07:38:22.288, 21096, 100
2026/08/05 07:38:23.289, 21096, 100
2026/08/05 07:38:24.289, 21096, 100
2026/08/05 07:38:25.289, 21096, 100
2026/08/05 07:38:26.289, 21096, 100
2026/08/05 07:38:27.290, 21096, 100
2026/08/05 07:38:28.290, 21096, 100
2026/08/05 07:38:29.290, 21096, 100
2026/08/05 07:38:30.290, 21096, 100
2026/08/05 07:38:31.290, 21096, 100
2026/08/05 07:38:32.291, 21096, 100
2026/08/05 07:38:33.291, 21096, 100
2026/08/05 07:38:34.291, 21096, 100
2026/08/05 07:38:35.292, 21096, 100
2026/08/05 07:38:36.292, 21096, 100
2026/08/05 07:38:37.292, 21096, 100
2026/08/05 07:38:38.292, 21096, 100
2026/08/05 07:38:39.292, 21096, 100
2026/08/05 07:38:40.293, 21096, 100
2026/08/05 07:38:41.293, 21096, 100
2026/08/05 07:38:42.293, 21096, 100
2026/08/05 07:38:43.293, 21096, 100
2026/08/05 07:38:44.294, 21096, 100
2026/08/05 07:38:45.294, 21096, 100
2026/08/05 07:38:46.294, 21096, 100
2026/08/05 07:38:47.294, 21096, 100
2026/08/05 07:38:48.294, 21096, 100
2026/08/05 07:38:49.295, 21096, 100
2026/08/05 07:38:50.295, 21096, 100
2026/08/05 07:38:51.295, 21096, 100
2026/08/05 07:38:52.295, 21096, 100
2026/08/05 07:38:53.295, 21096, 100
2026/08/05 07:38:54.296, 21096, 84
2026/08/05 07:38:55.296, 21096, 100
2026/08/05 07:38:56.296, 21096, 100
2026/08/05 07:38:57.296, 21096, 100
2026/08/05 07:38:58.296, 21096, 100
2026/08/05 07:38:59.297, 21096, 100
2026/08/05 07:39:00.297, 21096, 100
2026/08/05 07:39:01.297, 21096, 93
2026/08/05 07:39:02.297, 21096, 100
2026/08/05 07:39:03.297, 21096, 77
2026/08/05 07:39:04.297, 21096, 100
2026/08/05 07:39:05.298, 21096, 100
2026/08/05 07:39:06.298, 21096, 64
2026/08/05 07:39:07.298, 21096, 100
2026/08/05 07:39:08.298, 21096, 100
2026/08/05 07:39:09.298, 21096, 100
2026/08/05 07:39:10.299, 21096, 100
2026/08/05 07:39:11.299, 21096, 63
2026/08/05 07:39:12.299, 21096, 100
2026/08/05 07:39:13.299, 21096, 100
2026/08/05 07:39:14.299, 21096, 100
2026/08/05 07:39:15.300, 21096, 100
2026/08/05 07:39:16.300, 21096, 100
2026/08/05 07:39:17.300, 21096, 100
2026/08/05 07:39:18.300, 21096, 100
2026/08/05 07:39:19.301, 21096, 100
2026/08/05 07:39:20.301, 21096, 100
2026/08/05 07:39:21.302, 21096, 100
2026/08/05 07:39:22.305, 21096, 83
2026/08/05 07:39:23.315, 21096, 90
2026/08/05 07:39:24.324, 21096, 100
2026/08/05 07:39:25.333, 21096, 100
2026/08/05 07:39:26.341, 21096, 100
2026/08/05 07:39:27.348, 21096, 100
2026/08/05 07:39:28.356, 21096, 100
2026/08/05 07:39:29.362, 21096, 100
2026/08/05 07:39:30.369, 21096, 100
2026/08/05 07:39:31.375, 21096, 100
2026/08/05 07:39:32.380, 21096, 100
2026/08/05 07:39:33.385, 21096, 100
2026/08/05 07:39:34.391, 21096, 85
2026/08/05 07:39:35.396, 21096, 100
2026/08/05 07:39:36.400, 21096, 100
2026/08/05 07:39:37.405, 21096, 100
2026/08/05 07:39:38.409, 21096, 100
2026/08/05 07:39:39.413, 21096, 100
2026/08/05 07:39:40.417, 21096, 100
2026/08/05 07:39:41.420, 21096, 100
2026/08/05 07:39:42.424, 21096, 100
2026/08/05 07:39:43.427, 21096, 90
2026/08/05 07:39:44.431, 21096, 100
2026/08/05 07:39:45.434, 21096, 100
2026/08/05 07:39:46.437, 21096, 100
2026/08/05 07:39:47.441, 21096, 100
2026/08/05 07:39:48.444, 21096, 85
2026/08/05 07:39:49.446, 21096, 100
2026/08/05 07:39:50.449, 21096, 100
2026/08/05 07:39:51.451, 21096, 100
2026/08/05 07:39:52.453, 21096, 100
2026/08/05 07:39:53.456, 21096, 100
2026/08/05 07:39:54.458, 21096, 100
2026/08/05 07:39:55.460, 21096, 100
2026/08/05 07:39:56.462, 21096, 100
2026/08/05 07:39:57.465, 21096, 100
2026/08/05 07:39:58.466, 21096, 100
2026/08/05 07:39:59.468, 21096, 100
2026/08/05 07:40:00.470, 21096, 90
2026/08/05 07:40:01.472, 21096, 100
2026/08/05 07:40:02.473, 21096, 100
2026/08/05 07:40:03.475, 21096, 100
2026/08/05 07:40:04.476, 21096, 100
2026/08/05 07:40:05.477, 21096, 100
2026/08/05 07:40:06.479, 21096, 100
2026/08/05 07:40:07.480, 21096, 83
2026/08/05 07:40:08.482, 21096, 86
2026/08/05 07:40:09.483, 21096, 100
2026/08/05 07:40:10.485, 21096, 100
2026/08/05 07:40:11.486, 21096, 100
2026/08/05 07:40:12.488, 21096, 100
2026/08/05 07:40:13.489, 21096, 100
2026/08/05 07:40:14.491, 21096, 100
2026/08/05 07:40:15.492, 21096, 100
2026/08/05 07:40:16.494, 21096, 100
2026/08/05 07:40:17.495, 21096, 100
2026/08/05 07:40:18.496, 21096, 100
2026/08/05 07:40:19.498, 21096, 100
2026/08/05 07:40:20.499, 21096, 100
2026/08/05 07:40:21.501, 21096, 100
2026/08/05 07:40:22.502, 21096, 100
2026/08/05 07:40:23.503, 21096, 100
2026/08/05 07:40:24.504, 21096, 100
2026/08/05 07:40:25.505, 21096, 100
2026/08/05 07:40:26.505, 21096, 100
2026/08/05 07:40:27.511, 21096, 84
2026/08/05 07:40:28.521, 21096, 100
2026/08/05 07:40:29.531, 21096, 84
2026/08/05 07:40:30.541, 21096, 100
2026/08/05 07:40:31.549, 21096, 100
2026/08/05 07:40:32.558, 21096, 100
2026/08/05 07:40:33.565, 21096, 100
2026/08/05 07:40:34.573, 21096, 100
2026/08/05 07:40:35.579, 21096, 100
2026/08/05 07:40:36.586, 21096, 84
2026/08/05 07:40:37.592, 21096, 100
2026/08/05 07:40:38.597, 21096, 100
2026/08/05 07:40:39.602, 21096, 100
2026/08/05 07:40:40.608, 21096, 95
2026/08/05 07:40:41.613, 21096, 100
2026/08/05 07:40:42.618, 21096, 100
2026/08/05 07:40:43.622, 21096, 100
2026/08/05 07:40:44.627, 21096, 100
2026/08/05 07:40:45.631, 21096, 100
2026/08/05 07:40:46.635, 21096, 100
2026/08/05 07:40:47.639, 21096, 100
2026/08/05 07:40:48.643, 21096, 100
2026/08/05 07:40:49.647, 21096, 100
2026/08/05 07:40:50.650, 21096, 100
2026/08/05 07:40:51.653, 21096, 100
2026/08/05 07:40:52.656, 21096, 100
2026/08/05 07:40:53.659, 21096, 100
2026/08/05 07:40:54.661, 21096, 93
2026/08/05 07:40:55.664, 21096, 100
2026/08/05 07:40:56.666, 21096, 100
2026/08/05 07:40:57.669, 21096, 100
2026/08/05 07:40:58.671, 21096, 100
2026/08/05 07:40:59.674, 21096, 100
2026/08/05 07:41:00.677, 21096, 100
2026/08/05 07:41:01.679, 21096, 100
2026/08/05 07:41:02.682, 21096, 100
2026/08/05 07:41:03.684, 21096, 100
2026/08/05 07:41:04.686, 21096, 100
2026/08/05 07:41:05.689, 21096, 85
2026/08/05 07:41:06.690, 21096, 100
2026/08/05 07:41:07.692, 21096, 100
2026/08/05 07:41:08.694, 21096, 100
2026/08/05 07:41:09.695, 21096, 100
2026/08/05 07:41:10.697, 21096, 100
2026/08/05 07:41:11.699, 21096, 100
2026/08/05 07:41:12.700, 21096, 100
2026/08/05 07:41:13.702, 21096, 100
2026/08/05 07:41:14.704, 21096, 100
2026/08/05 07:41:15.705, 21096, 100
2026/08/05 07:41:16.706, 21096, 100
2026/08/05 07:41:17.708, 21096, 100
2026/08/05 07:41:18.709, 21096, 100
2026/08/05 07:41:19.711, 21096, 83
2026/08/05 07:41:20.712, 21096, 100
2026/08/05 07:41:21.713, 21096, 100
2026/08/05 07:41:22.715, 21096, 100
2026/08/05 07:41:23.716, 21096, 100
2026/08/05 07:41:24.717, 21096, 84
2026/08/05 07:41:25.719, 21096, 100
2026/08/05 07:41:26.720, 21096, 82
2026/08/05 07:41:27.721, 21096, 100
2026/08/05 07:41:28.723, 21096, 100
2026/08/05 07:41:29.724, 21096, 100
2026/08/05 07:41:30.726, 21096, 100
2026/08/05 07:41:31.727, 21096, 100
2026/08/05 07:41:32.728, 21096, 79
2026/08/05 07:41:33.730, 21096, 100
2026/08/05 07:41:34.731, 21096, 83
2026/08/05 07:41:35.732, 21096, 100
2026/08/05 07:41:36.733, 21096, 100
2026/08/05 07:41:37.735, 21096, 84
2026/08/05 07:41:38.735, 21096, 100
2026/08/05 07:41:39.737, 21096, 100
2026/08/05 07:41:40.739, 21096, 100
2026/08/05 07:41:41.741, 21096, 100
2026/08/05 07:41:42.741, 21096, 100
2026/08/05 07:41:43.743, 21096, 100
2026/08/05 07:41:44.744, 21096, 100
2026/08/05 07:41:45.745, 21096, 100
2026/08/05 07:41:46.746, 21096, 85
2026/08/05 07:41:47.748, 21096, 100
2026/08/05 07:41:48.749, 21096, 100
2026/08/05 07:41:49.751, 21096, 100
2026/08/05 07:41:50.752, 21096, 100
2026/08/05 07:41:51.753, 21096, 84
2026/08/05 07:41:52.754, 21096, 81
2026/08/05 07:41:53.756, 21096, 89
2026/08/05 07:41:54.757, 21096, 100
2026/08/05 07:41:55.758, 21096, 64
2026/08/05 07:41:56.760, 21096, 100
2026/08/05 07:41:57.761, 21096, 100
2026/08/05 07:41:58.762, 21096, 100
2026/08/05 07:41:59.763, 21096, 100
2026/08/05 07:42:00.765, 21096, 100
2026/08/05 07:42:01.767, 21096, 100
2026/08/05 07:42:02.768, 21096, 100
2026/08/05 07:42:03.769, 21096, 100
2026/08/05 07:42:04.769, 21096, 100
2026/08/05 07:42:05.769, 21096, 100
2026/08/05 07:42:06.770, 21096, 100
2026/08/05 07:42:07.770, 21096, 63
2026/08/05 07:42:08.770, 21096, 100
2026/08/05 07:42:09.770, 21096, 100
2026/08/05 07:42:10.770, 21096, 99
2026/08/05 07:42:11.771, 21096, 100
2026/08/05 07:42:12.771, 21096, 100
2026/08/05 07:42:13.771, 21096, 100
2026/08/05 07:42:14.771, 21096, 100
2026/08/05 07:42:15.771, 21096, 85
2026/08/05 07:42:16.772, 21096, 100
2026/08/05 07:42:17.772, 21096, 100
2026/08/05 07:42:18.772, 21096, 100
2026/08/05 07:42:19.772, 21096, 100
2026/08/05 07:42:20.772, 21096, 100
2026/08/05 07:42:21.773, 21096, 100
2026/08/05 07:42:22.773, 21096, 100
2026/08/05 07:42:23.773, 21096, 100
2026/08/05 07:42:24.773, 21096, 100
2026/08/05 07:42:25.774, 21096, 100
2026/08/05 07:42:26.774, 21096, 100
2026/08/05 07:42:27.774, 21096, 100
2026/08/05 07:42:28.774, 21096, 100
2026/08/05 07:42:29.775, 21096, 86
2026/08/05 07:42:30.775, 21096, 100
2026/08/05 07:42:31.775, 21096, 84
2026/08/05 07:42:32.775, 21096, 100
2026/08/05 07:42:33.776, 21096, 100
2026/08/05 07:42:34.776, 21096, 100
2026/08/05 07:42:35.776, 21096, 100
2026/08/05 07:42:36.776, 21096, 100
2026/08/05 07:42:37.776, 21096, 100
2026/08/05 07:42:38.777, 21096, 100
2026/08/05 07:42:39.777, 21096, 100
2026/08/05 07:42:40.777, 21096, 100
2026/08/05 07:42:41.778, 21096, 100
2026/08/05 07:42:42.778, 21096, 100
2026/08/05 07:42:43.778, 21096, 65
2026/08/05 07:42:44.778, 21096, 100
2026/08/05 07:42:45.779, 21096, 100
2026/08/05 07:42:46.779, 21096, 100
2026/08/05 07:42:47.779, 21096, 100
2026/08/05 07:42:48.780, 21096, 100
2026/08/05 07:42:49.780, 21096, 100
2026/08/05 07:42:50.780, 21096, 100
2026/08/05 07:42:51.780, 21096, 100
2026/08/05 07:42:52.781, 21096, 100
2026/08/05 07:42:53.781, 21096, 100
2026/08/05 07:42:54.781, 21096, 100
2026/08/05 07:42:55.782, 21096, 100
2026/08/05 07:42:56.782, 21096, 100
2026/08/05 07:42:57.783, 21096, 84
2026/08/05 07:42:58.783, 21096, 84
2026/08/05 07:42:59.783, 21096, 85
2026/08/05 07:43:00.784, 21096, 100
2026/08/05 07:43:01.784, 21096, 100
2026/08/05 07:43:02.784, 21096, 100
2026/08/05 07:43:03.784, 21096, 100
2026/08/05 07:43:04.785, 21096, 86
2026/08/05 07:43:05.785, 21096, 100
2026/08/05 07:43:06.785, 21096, 100
2026/08/05 07:43:07.786, 21096, 100
2026/08/05 07:43:08.786, 21096, 100
2026/08/05 07:43:09.786, 21096, 82
2026/08/05 07:43:10.819, 21096, 100
2026/08/05 07:43:11.856, 21096, 100
2026/08/05 07:43:12.888, 21096, 69
2026/08/05 07:43:13.917, 21096, 100
2026/08/05 07:43:14.942, 21096, 100
2026/08/05 07:43:15.964, 21096, 100
2026/08/05 07:43:16.983, 21096, 82
2026/08/05 07:43:18.000, 21096, 100
2026/08/05 07:43:19.015, 21096, 83
2026/08/05 07:43:20.028, 21096, 100
2026/08/05 07:43:21.040, 21096, 100
2026/08/05 07:43:22.050, 21096, 100
2026/08/05 07:43:23.059, 21096, 98
2026/08/05 07:43:24.068, 21096, 84
2026/08/05 07:43:25.075, 21096, 84
2026/08/05 07:43:26.081, 21096, 100
2026/08/05 07:43:27.087, 21096, 100
2026/08/05 07:43:28.092, 21096, 98
2026/08/05 07:43:29.097, 21096, 100
2026/08/05 07:43:30.101, 21096, 100
2026/08/05 07:43:31.106, 21096, 100
2026/08/05 07:43:32.109, 21096, 100
2026/08/05 07:43:33.113, 21096, 100
2026/08/05 07:43:34.116, 21096, 100
2026/08/05 07:43:35.119, 21096, 100
2026/08/05 07:43:36.121, 21096, 100
2026/08/05 07:43:37.123, 21096, 100
2026/08/05 07:43:38.126, 21096, 100
2026/08/05 07:43:39.129, 21096, 100
2026/08/05 07:43:40.132, 21096, 100
2026/08/05 07:43:41.134, 21096, 100
2026/08/05 07:43:42.135, 21096, 100
2026/08/05 07:43:43.136, 21096, 100
2026/08/05 07:43:44.136, 21096, 62
2026/08/05 07:43:45.137, 21096, 100
2026/08/05 07:43:46.137, 21096, 100
2026/08/05 07:43:47.137, 21096, 100
2026/08/05 07:43:48.137, 21096, 100
2026/08/05 07:43:49.138, 21096, 84
2026/08/05 07:43:50.138, 21096, 100
2026/08/05 07:43:51.138, 21096, 100
2026/08/05 07:43:52.138, 21096, 100
2026/08/05 07:43:53.139, 21096, 100
2026/08/05 07:43:54.139, 21096, 100
2026/08/05 07:43:55.139, 21096, 82
2026/08/05 07:43:56.139, 21096, 100
2026/08/05 07:43:57.139, 21096, 100
2026/08/05 07:43:58.140, 21096, 100
2026/08/05 07:43:59.140, 21096, 100
2026/08/05 07:44:00.140, 21096, 100
2026/08/05 07:44:01.141, 21096, 100
2026/08/05 07:44:02.141, 21096, 85
2026/08/05 07:44:03.141, 21096, 85
2026/08/05 07:44:04.141, 21096, 100
2026/08/05 07:44:05.142, 21096, 100
2026/08/05 07:44:06.142, 21096, 100
2026/08/05 07:44:07.142, 21096, 100
2026/08/05 07:44:08.142, 21096, 100
2026/08/05 07:44:09.142, 21096, 100
2026/08/05 07:44:10.145, 21096, 100
2026/08/05 07:44:11.145, 21096, 100
2026/08/05 07:44:12.145, 21096, 100
2026/08/05 07:44:13.146, 21096, 100
2026/08/05 07:44:14.146, 21096, 100
2026/08/05 07:44:15.146, 21096, 100
2026/08/05 07:44:16.146, 21096, 100
2026/08/05 07:44:17.147, 21096, 100
2026/08/05 07:44:18.147, 21096, 100
2026/08/05 07:44:19.147, 21096, 84
2026/08/05 07:44:20.147, 21096, 86
2026/08/05 07:44:21.147, 21096, 100
2026/08/05 07:44:22.148, 21096, 100
2026/08/05 07:44:23.148, 21096, 100
2026/08/05 07:44:24.148, 21096, 100
2026/08/05 07:44:25.148, 21096, 86
2026/08/05 07:44:26.149, 21096, 100
2026/08/05 07:44:27.149, 21096, 100
2026/08/05 07:44:28.149, 21096, 100
2026/08/05 07:44:29.149, 21096, 100
2026/08/05 07:44:30.149, 21096, 100
2026/08/05 07:44:31.150, 21096, 100
2026/08/05 07:44:32.150, 21096, 82
2026/08/05 07:44:33.150, 21096, 100
2026/08/05 07:44:34.150, 21096, 100
2026/08/05 07:44:35.151, 21096, 100
2026/08/05 07:44:36.151, 21096, 100
2026/08/05 07:44:37.151, 21096, 100
2026/08/05 07:44:38.151, 21096, 65
2026/08/05 07:44:39.151, 21096, 91
2026/08/05 07:44:40.152, 21096, 100
2026/08/05 07:44:41.152, 21096, 100
2026/08/05 07:44:42.152, 21096, 85
2026/08/05 07:44:43.152, 21096, 100
2026/08/05 07:44:44.152, 21096, 100
2026/08/05 07:44:45.153, 21096, 100
2026/08/05 07:44:46.153, 21096, 100
2026/08/05 07:44:47.153, 21096, 100
2026/08/05 07:44:48.153, 21096, 100
2026/08/05 07:44:49.154, 21096, 84
2026/08/05 07:44:50.154, 21096, 100
2026/08/05 07:44:51.154, 21096, 84
2026/08/05 07:44:52.154, 21096, 100
2026/08/05 07:44:53.154, 21096, 100
2026/08/05 07:44:54.155, 21096, 100
2026/08/05 07:44:55.155, 21096, 66
2026/08/05 07:44:56.155, 21096, 100
2026/08/05 07:44:57.155, 21096, 100
2026/08/05 07:44:58.156, 21096, 51
2026/08/05 07:44:59.156, 21096, 100
2026/08/05 07:45:00.156, 21096, 100
2026/08/05 07:45:01.156, 21096, 100
2026/08/05 07:45:02.156, 21096, 100
2026/08/05 07:45:03.157, 21096, 100
2026/08/05 07:45:04.157, 21096, 100
2026/08/05 07:45:05.157, 21096, 100
2026/08/05 07:45:06.158, 21096, 100
2026/08/05 07:45:07.158, 21096, 100
2026/08/05 07:45:08.158, 21096, 100
2026/08/05 07:45:09.158, 21096, 100
2026/08/05 07:45:10.159, 21096, 100
2026/08/05 07:45:11.159, 21096, 100
2026/08/05 07:45:12.159, 21096, 87
2026/08/05 07:45:13.159, 21096, 100
2026/08/05 07:45:14.159, 21096, 100
2026/08/05 07:45:15.160, 21096, 100
2026/08/05 07:45:16.160, 21096, 84
2026/08/05 07:45:17.160, 21096, 100
2026/08/05 07:45:18.160, 21096, 100
2026/08/05 07:45:19.160, 21096, 100
2026/08/05 07:45:20.162, 21096, 100
2026/08/05 07:45:21.172, 21096, 100
2026/08/05 07:45:22.181, 21096, 100
2026/08/05 07:45:23.190, 21096, 100
2026/08/05 07:45:24.199, 21096, 100
2026/08/05 07:45:25.206, 21096, 100
2026/08/05 07:45:26.213, 21096, 100
2026/08/05 07:45:27.220, 21096, 100
2026/08/05 07:45:28.226, 21096, 100
2026/08/05 07:45:29.233, 21096, 100
2026/08/05 07:45:30.239, 21096, 100
2026/08/05 07:45:31.245, 21096, 100
2026/08/05 07:45:32.250, 21096, 100
2026/08/05 07:45:33.256, 21096, 100
2026/08/05 07:45:34.260, 21096, 100
2026/08/05 07:45:35.265, 21096, 100
2026/08/05 07:45:36.269, 21096, 100
2026/08/05 07:45:37.273, 21096, 100
2026/08/05 07:45:38.277, 21096, 100
2026/08/05 07:45:39.281, 21096, 100
2026/08/05 07:45:40.285, 21096, 98
2026/08/05 07:45:41.289, 21096, 100
2026/08/05 07:45:42.292, 21096, 100
2026/08/05 07:45:43.295, 21096, 100
2026/08/05 07:45:44.299, 21096, 100
2026/08/05 07:45:45.302, 21096, 100
2026/08/05 07:45:46.305, 21096, 100
2026/08/05 07:45:47.307, 21096, 100
2026/08/05 07:45:48.309, 21096, 100
2026/08/05 07:45:49.311, 21096, 100
2026/08/05 07:45:50.314, 21096, 100
2026/08/05 07:45:51.316, 21096, 100
2026/08/05 07:45:52.318, 21096, 100
2026/08/05 07:45:53.321, 21096, 100
2026/08/05 07:45:54.324, 21096, 100
2026/08/05 07:45:55.326, 21096, 100
2026/08/05 07:45:56.328, 21096, 86
2026/08/05 07:45:57.330, 21096, 100
2026/08/05 07:45:58.332, 21096, 100
2026/08/05 07:45:59.334, 21096, 100
2026/08/05 07:46:00.336, 21096, 100
2026/08/05 07:46:01.337, 21096, 100
2026/08/05 07:46:02.339, 21096, 82
2026/08/05 07:46:03.340, 21096, 100
2026/08/05 07:46:04.341, 21096, 100
2026/08/05 07:46:05.343, 21096, 100
2026/08/05 07:46:06.344, 21096, 82
2026/08/05 07:46:07.346, 21096, 100
2026/08/05 07:46:08.347, 21096, 100
2026/08/05 07:46:09.349, 21096, 100
2026/08/05 07:46:10.350, 21096, 87
2026/08/05 07:46:11.352, 21096, 100
2026/08/05 07:46:12.353, 21096, 100
2026/08/05 07:46:13.355, 21096, 100
2026/08/05 07:46:14.356, 21096, 100
2026/08/05 07:46:15.358, 21096, 100
2026/08/05 07:46:16.359, 21096, 100
2026/08/05 07:46:17.361, 21096, 100
2026/08/05 07:46:18.362, 21096, 100
2026/08/05 07:46:19.363, 21096, 100
2026/08/05 07:46:20.365, 21096, 100
2026/08/05 07:46:21.367, 21096, 100
2026/08/05 07:46:22.368, 21096, 100
2026/08/05 07:46:23.370, 21096, 100
2026/08/05 07:46:24.371, 21096, 100
2026/08/05 07:46:25.371, 21096, 100
2026/08/05 07:46:26.371, 21096, 100
2026/08/05 07:46:27.372, 21096, 100
2026/08/05 07:46:28.372, 21096, 100
2026/08/05 07:46:29.372, 21096, 100
2026/08/05 07:46:30.372, 21096, 100
2026/08/05 07:46:31.373, 21096, 100
2026/08/05 07:46:32.373, 21096, 100
2026/08/05 07:46:33.373, 21096, 100
2026/08/05 07:46:34.373, 21096, 100
2026/08/05 07:46:35.374, 21096, 100
2026/08/05 07:46:36.374, 21096, 100
2026/08/05 07:46:37.374, 21096, 100
2026/08/05 07:46:38.374, 21096, 100
2026/08/05 07:46:39.375, 21096, 100
2026/08/05 07:46:40.375, 21096, 100
2026/08/05 07:46:41.375, 21096, 86
2026/08/05 07:46:42.375, 21096, 100
2026/08/05 07:46:43.376, 21096, 100
2026/08/05 07:46:44.376, 21096, 100
2026/08/05 07:46:45.376, 21096, 100
2026/08/05 07:46:46.377, 21096, 100
2026/08/05 07:46:47.377, 21096, 100
2026/08/05 07:46:48.377, 21096, 87
2026/08/05 07:46:49.378, 21096, 89
2026/08/05 07:46:50.378, 21096, 100
2026/08/05 07:46:51.378, 21096, 81
2026/08/05 07:46:52.378, 21096, 100
2026/08/05 07:46:53.379, 21096, 100
2026/08/05 07:46:54.379, 21096, 100
2026/08/05 07:46:55.379, 21096, 100
2026/08/05 07:46:56.379, 21096, 100
2026/08/05 07:46:57.380, 21096, 83
2026/08/05 07:46:58.380, 21096, 100
2026/08/05 07:46:59.380, 21096, 100
2026/08/05 07:47:00.380, 21096, 100
2026/08/05 07:47:01.380, 21096, 100
2026/08/05 07:47:02.381, 21096, 100
2026/08/05 07:47:03.381, 21096, 100
2026/08/05 07:47:04.381, 21096, 86
2026/08/05 07:47:05.382, 21096, 100
2026/08/05 07:47:06.382, 21096, 100
2026/08/05 07:47:07.382, 21096, 100
2026/08/05 07:47:08.382, 21096, 100
2026/08/05 07:47:09.382, 21096, 100
2026/08/05 07:47:10.383, 21096, 100
2026/08/05 07:47:11.383, 21096, 100
2026/08/05 07:47:12.383, 21096, 100
2026/08/05 07:47:13.383, 21096, 100
2026/08/05 07:47:14.383, 21096, 100
2026/08/05 07:47:15.384, 21096, 100
2026/08/05 07:47:16.384, 21096, 100
2026/08/05 07:47:17.384, 21096, 100
2026/08/05 07:47:18.384, 21096, 100
2026/08/05 07:47:19.384, 21096, 100
2026/08/05 07:47:20.385, 21096, 100
2026/08/05 07:47:21.385, 21096, 100
2026/08/05 07:47:22.385, 21096, 100
2026/08/05 07:47:23.385, 21096, 84
2026/08/05 07:47:24.385, 21096, 100
2026/08/05 07:47:25.386, 21096, 100
2026/08/05 07:47:26.386, 21096, 100
2026/08/05 07:47:27.386, 21096, 100
2026/08/05 07:47:28.386, 21096, 100
2026/08/05 07:47:29.386, 21096, 100
2026/08/05 07:47:30.386, 21096, 100
2026/08/05 07:47:31.387, 21096, 100
2026/08/05 07:47:32.387, 21096, 100
2026/08/05 07:47:33.387, 21096, 100
2026/08/05 07:47:34.387, 21096, 100
2026/08/05 07:47:35.388, 21096, 100
2026/08/05 07:47:36.388, 21096, 100
2026/08/05 07:47:37.388, 21096, 100
2026/08/05 07:47:38.388, 21096, 100
2026/08/05 07:47:39.389, 21096, 100
2026/08/05 07:47:40.389, 21096, 100
2026/08/05 07:47:41.389, 21096, 100
2026/08/05 07:47:42.389, 21096, 100
2026/08/05 07:47:43.389, 21096, 100
2026/08/05 07:47:44.390, 21096, 95
2026/08/05 07:47:45.390, 21096, 100
2026/08/05 07:47:46.390, 21096, 100
2026/08/05 07:47:47.390, 21096, 100
2026/08/05 07:47:48.390, 21096, 100
2026/08/05 07:47:49.391, 21096, 100
2026/08/05 07:47:50.391, 21096, 100
2026/08/05 07:47:51.391, 21096, 100
2026/08/05 07:47:52.391, 21096, 100
2026/08/05 07:47:53.391, 21096, 100
2026/08/05 07:47:54.392, 21096, 100
2026/08/05 07:47:55.392, 21096, 100
2026/08/05 07:47:56.392, 21096, 100
2026/08/05 07:47:57.392, 21096, 100
2026/08/05 07:47:58.393, 21096, 100
2026/08/05 07:47:59.393, 21096, 100
2026/08/05 07:48:00.393, 21096, 86
2026/08/05 07:48:01.393, 21096, 84
2026/08/05 07:48:02.394, 21096, 100
2026/08/05 07:48:03.394, 21096, 100
2026/08/05 07:48:04.394, 21096, 84
2026/08/05 07:48:05.394, 21096, 99
2026/08/05 07:48:06.394, 21096, 84
2026/08/05 07:48:07.395, 21096, 100
2026/08/05 07:48:08.395, 21096, 69
2026/08/05 07:48:09.395, 21096, 100
2026/08/05 07:48:10.395, 21096, 100
2026/08/05 07:48:11.395, 21096, 100
2026/08/05 07:48:12.396, 21096, 100
2026/08/05 07:48:13.396, 21096, 83
2026/08/05 07:48:14.396, 21096, 100
2026/08/05 07:48:15.397, 21096, 100
2026/08/05 07:48:16.397, 21096, 100
2026/08/05 07:48:17.397, 21096, 84
2026/08/05 07:48:18.397, 21096, 100
2026/08/05 07:48:19.398, 21096, 84
2026/08/05 07:48:20.398, 21096, 100
2026/08/05 07:48:21.398, 21096, 100
2026/08/05 07:48:22.398, 21096, 100
2026/08/05 07:48:23.399, 21096, 100
2026/08/05 07:48:24.399, 21096, 100
2026/08/05 07:48:25.399, 21096, 100
2026/08/05 07:48:26.400, 21096, 100
2026/08/05 07:48:27.400, 21096, 100
2026/08/05 07:48:28.400, 21096, 100
2026/08/05 07:48:29.400, 21096, 100
2026/08/05 07:48:30.401, 21096, 100
2026/08/05 07:48:31.401, 21096, 100
2026/08/05 07:48:32.401, 21096, 98
2026/08/05 07:48:33.401, 21096, 100
2026/08/05 07:48:34.412, 21096, 100
2026/08/05 07:48:35.438, 21096, 84
2026/08/05 07:48:36.460, 21096, 100
2026/08/05 07:48:37.480, 21096, 52
2026/08/05 07:48:38.497, 21096, 94
2026/08/05 07:48:39.513, 21096, 100
2026/08/05 07:48:40.526, 21096, 100
2026/08/05 07:48:41.538, 21096, 85
2026/08/05 07:48:42.548, 21096, 100
2026/08/05 07:48:43.557, 21096, 100
2026/08/05 07:48:44.566, 21096, 100
2026/08/05 07:48:45.574, 21096, 100
2026/08/05 07:48:46.581, 21096, 100
2026/08/05 07:48:47.587, 21096, 100
2026/08/05 07:48:48.593, 21096, 100
2026/08/05 07:48:49.598, 21096, 83
2026/08/05 07:48:50.603, 21096, 100
2026/08/05 07:48:51.607, 21096, 80
2026/08/05 07:48:52.611, 21096, 100
2026/08/05 07:48:53.615, 21096, 100
2026/08/05 07:48:54.617, 21096, 100
2026/08/05 07:48:55.620, 21096, 100
2026/08/05 07:48:56.623, 21096, 100
2026/08/05 07:48:57.625, 21096, 100
2026/08/05 07:48:58.628, 21096, 100
2026/08/05 07:48:59.630, 21096, 100
2026/08/05 07:49:00.633, 21096, 100
2026/08/05 07:49:01.635, 21096, 84
2026/08/05 07:49:02.637, 21096, 84
2026/08/05 07:49:03.638, 21096, 100
2026/08/05 07:49:04.640, 21096, 100
2026/08/05 07:49:05.641, 21096, 100
2026/08/05 07:49:06.641, 21096, 100
2026/08/05 07:49:07.642, 21096, 100
2026/08/05 07:49:08.642, 21096, 100
2026/08/05 07:49:09.642, 21096, 81
2026/08/05 07:49:10.642, 21096, 100
2026/08/05 07:49:11.643, 21096, 100
2026/08/05 07:49:12.643, 21096, 100
2026/08/05 07:49:13.643, 21096, 100
2026/08/05 07:49:14.643, 21096, 100
2026/08/05 07:49:15.644, 21096, 100
2026/08/05 07:49:16.644, 21096, 100
2026/08/05 07:49:17.644, 21096, 100
2026/08/05 07:49:18.645, 21096, 100
2026/08/05 07:49:19.645, 21096, 100
2026/08/05 07:49:20.645, 21096, 86
2026/08/05 07:49:21.645, 21096, 100
2026/08/05 07:49:22.645, 21096, 100
2026/08/05 07:49:23.646, 21096, 100
2026/08/05 07:49:24.646, 21096, 100
2026/08/05 07:49:25.646, 21096, 100
2026/08/05 07:49:26.647, 21096, 69
2026/08/05 07:49:27.647, 21096, 100
2026/08/05 07:49:28.647, 21096, 100
2026/08/05 07:49:29.648, 21096, 100
2026/08/05 07:49:30.648, 21096, 100
2026/08/05 07:49:31.648, 21096, 100
2026/08/05 07:49:32.649, 21096, 100
2026/08/05 07:49:33.649, 21096, 100
2026/08/05 07:49:34.649, 21096, 100
2026/08/05 07:49:35.649, 21096, 100
2026/08/05 07:49:36.649, 21096, 100
2026/08/05 07:49:37.650, 21096, 100
2026/08/05 07:49:38.650, 21096, 100
2026/08/05 07:49:39.650, 21096, 100
2026/08/05 07:49:40.650, 21096, 84
2026/08/05 07:49:41.650, 21096, 100
2026/08/05 07:49:42.651, 21096, 100
2026/08/05 07:49:43.651, 21096, 100
2026/08/05 07:49:44.651, 21096, 100
2026/08/05 07:49:45.651, 21096, 100
2026/08/05 07:49:46.652, 21096, 100
2026/08/05 07:49:47.652, 21096, 100
2026/08/05 07:49:48.652, 21096, 100
2026/08/05 07:49:49.652, 21096, 100
2026/08/05 07:49:50.653, 21096, 100
2026/08/05 07:49:51.653, 21096, 100
2026/08/05 07:49:52.653, 21096, 100
2026/08/05 07:49:53.653, 21096, 100
2026/08/05 07:49:54.653, 21096, 85
2026/08/05 07:49:55.654, 21096, 100
2026/08/05 07:49:56.654, 21096, 100
2026/08/05 07:49:57.654, 21096, 100
2026/08/05 07:49:58.654, 21096, 100
2026/08/05 07:49:59.654, 21096, 80
2026/08/05 07:50:00.655, 21096, 100
2026/08/05 07:50:01.655, 21096, 100
2026/08/05 07:50:02.655, 21096, 85
2026/08/05 07:50:03.655, 21096, 84
2026/08/05 07:50:04.656, 21096, 84
2026/08/05 07:50:05.656, 21096, 100
2026/08/05 07:50:06.656, 21096, 63
2026/08/05 07:50:07.656, 21096, 100
2026/08/05 07:50:08.657, 21096, 64
2026/08/05 07:50:09.657, 21096, 100
2026/08/05 07:50:10.657, 21096, 100
2026/08/05 07:50:11.657, 21096, 100
2026/08/05 07:50:12.667, 21096, 100
2026/08/05 07:50:13.681, 21096, 100
2026/08/05 07:50:14.694, 21096, 100
2026/08/05 07:50:15.705, 21096, 100
2026/08/05 07:50:16.715, 21096, 100
2026/08/05 07:50:17.724, 21096, 100
2026/08/05 07:50:18.732, 21096, 100
2026/08/05 07:50:19.739, 21096, 100
2026/08/05 07:50:20.746, 21096, 100
2026/08/05 07:50:21.751, 21096, 100
2026/08/05 07:50:22.756, 21096, 100
2026/08/05 07:50:23.761, 21096, 100
2026/08/05 07:50:24.765, 21096, 100
2026/08/05 07:50:25.768, 21096, 100
2026/08/05 07:50:26.772, 21096, 85
2026/08/05 07:50:27.776, 21096, 100
2026/08/05 07:50:28.779, 21096, 100
2026/08/05 07:50:29.781, 21096, 100
2026/08/05 07:50:30.784, 21096, 100
2026/08/05 07:50:31.786, 21096, 100
2026/08/05 07:50:32.789, 21096, 100
2026/08/05 07:50:33.791, 21096, 100
2026/08/05 07:50:34.792, 21096, 100
2026/08/05 07:50:35.794, 21096, 100
2026/08/05 07:50:36.796, 21096, 100
2026/08/05 07:50:37.797, 21096, 87
2026/08/05 07:50:38.798, 21096, 100
2026/08/05 07:50:39.800, 21096, 100
2026/08/05 07:50:40.802, 21096, 100
2026/08/05 07:50:41.803, 21096, 84
2026/08/05 07:50:42.805, 21096, 63
2026/08/05 07:50:43.806, 21096, 100
2026/08/05 07:50:44.806, 21096, 84
2026/08/05 07:50:45.806, 21096, 100
2026/08/05 07:50:46.807, 21096, 100
2026/08/05 07:50:47.807, 21096, 100
2026/08/05 07:50:48.807, 21096, 100
2026/08/05 07:50:49.807, 21096, 82
2026/08/05 07:50:50.807, 21096, 100
2026/08/05 07:50:51.808, 21096, 85
2026/08/05 07:50:52.808, 21096, 100
2026/08/05 07:50:53.808, 21096, 100
2026/08/05 07:50:54.809, 21096, 100
2026/08/05 07:50:55.809, 21096, 100
2026/08/05 07:50:56.809, 21096, 100
2026/08/05 07:50:57.809, 21096, 100
2026/08/05 07:50:58.810, 21096, 100
2026/08/05 07:50:59.810, 21096, 100
2026/08/05 07:51:00.810, 21096, 100
2026/08/05 07:51:01.811, 21096, 100
2026/08/05 07:51:02.811, 21096, 100
2026/08/05 07:51:03.811, 21096, 100
2026/08/05 07:51:04.812, 21096, 100
2026/08/05 07:51:05.812, 21096, 100
2026/08/05 07:51:06.812, 21096, 100
2026/08/05 07:51:07.812, 21096, 100
2026/08/05 07:51:08.813, 21096, 100
2026/08/05 07:51:09.813, 21096, 100
2026/08/05 07:51:10.813, 21096, 100
2026/08/05 07:51:11.813, 21096, 85
2026/08/05 07:51:12.814, 21096, 100
2026/08/05 07:51:13.814, 21096, 100
2026/08/05 07:51:14.814, 21096, 100
2026/08/05 07:51:15.814, 21096, 100
2026/08/05 07:51:16.814, 21096, 100
2026/08/05 07:51:17.814, 21096, 100
2026/08/05 07:51:18.815, 21096, 100
2026/08/05 07:51:19.815, 21096, 100
2026/08/05 07:51:20.815, 21096, 100
2026/08/05 07:51:21.815, 21096, 100
2026/08/05 07:51:22.816, 21096, 100
2026/08/05 07:51:23.816, 21096, 100
2026/08/05 07:51:24.817, 21096, 63
2026/08/05 07:51:25.817, 21096, 100
2026/08/05 07:51:26.817, 21096, 100
2026/08/05 07:51:27.817, 21096, 100
2026/08/05 07:51:28.818, 21096, 100
2026/08/05 07:51:29.818, 21096, 100
2026/08/05 07:51:30.818, 21096, 93
2026/08/05 07:51:31.818, 21096, 100
2026/08/05 07:51:32.819, 21096, 100
2026/08/05 07:51:33.819, 21096, 100
2026/08/05 07:51:34.819, 21096, 100
2026/08/05 07:51:35.820, 21096, 100
2026/08/05 07:51:36.820, 21096, 83
2026/08/05 07:51:37.820, 21096, 100
2026/08/05 07:51:38.820, 21096, 96
2026/08/05 07:51:39.821, 21096, 100
2026/08/05 07:51:40.821, 21096, 90
2026/08/05 07:51:41.821, 21096, 100
2026/08/05 07:51:42.821, 21096, 100
2026/08/05 07:51:43.822, 21096, 100
2026/08/05 07:51:44.822, 21096, 100
2026/08/05 07:51:45.822, 21096, 100
2026/08/05 07:51:46.822, 21096, 100
2026/08/05 07:51:47.823, 21096, 100
2026/08/05 07:51:48.824, 21096, 95
2026/08/05 07:51:49.831, 21096, 99
2026/08/05 07:51:50.839, 21096, 100
2026/08/05 07:51:51.846, 21096, 100
2026/08/05 07:51:52.852, 21096, 89
2026/08/05 07:51:53.859, 21096, 100
2026/08/05 07:51:54.865, 21096, 62
2026/08/05 07:51:55.870, 21096, 100
2026/08/05 07:51:56.876, 21096, 100
2026/08/05 07:51:57.881, 21096, 100
2026/08/05 07:51:58.886, 21096, 83
2026/08/05 07:51:59.891, 21096, 86
2026/08/05 07:52:00.895, 21096, 100
2026/08/05 07:52:01.899, 21096, 100
2026/08/05 07:52:02.903, 21096, 100
2026/08/05 07:52:03.907, 21096, 100
2026/08/05 07:52:04.910, 21096, 100
2026/08/05 07:52:05.913, 21096, 100
2026/08/05 07:52:06.917, 21096, 83
2026/08/05 07:52:07.919, 21096, 84
2026/08/05 07:52:08.922, 21096, 100
2026/08/05 07:52:09.925, 21096, 100
2026/08/05 07:52:10.928, 21096, 100
2026/08/05 07:52:11.931, 21096, 100
2026/08/05 07:52:12.934, 21096, 100
2026/08/05 07:52:13.936, 21096, 100
2026/08/05 07:52:14.939, 21096, 100
2026/08/05 07:52:15.941, 21096, 100
2026/08/05 07:52:16.943, 21096, 100
2026/08/05 07:52:17.945, 21096, 100
2026/08/05 07:52:18.947, 21096, 100
2026/08/05 07:52:19.949, 21096, 100
2026/08/05 07:52:20.951, 21096, 100
2026/08/05 07:52:21.952, 21096, 96
2026/08/05 07:52:22.954, 21096, 100
2026/08/05 07:52:23.956, 21096, 100
2026/08/05 07:52:24.957, 21096, 100
2026/08/05 07:52:25.959, 21096, 100
2026/08/05 07:52:26.960, 21096, 100
2026/08/05 07:52:27.962, 21096, 100
2026/08/05 07:52:28.963, 21096, 100
2026/08/05 07:52:29.965, 21096, 100
2026/08/05 07:52:30.966, 21096, 100
2026/08/05 07:52:31.968, 21096, 100
2026/08/05 07:52:32.969, 21096, 100
2026/08/05 07:52:33.971, 21096, 86
2026/08/05 07:52:34.972, 21096, 100
2026/08/05 07:52:35.974, 21096, 100
2026/08/05 07:52:36.976, 21096, 100
2026/08/05 07:52:37.977, 21096, 100
2026/08/05 07:52:38.978, 21096, 100
2026/08/05 07:52:39.980, 21096, 100
2026/08/05 07:52:40.982, 21096, 100
2026/08/05 07:52:41.983, 21096, 97
2026/08/05 07:52:42.984, 21096, 100
2026/08/05 07:52:43.985, 21096, 100
2026/08/05 07:52:44.986, 21096, 94
2026/08/05 07:52:45.987, 21096, 100
2026/08/05 07:52:46.990, 21096, 100
2026/08/05 07:52:47.992, 21096, 100
2026/08/05 07:52:48.993, 21096, 100
2026/08/05 07:52:49.994, 21096, 100
2026/08/05 07:52:50.996, 21096, 100
2026/08/05 07:52:51.997, 21096, 100
2026/08/05 07:52:52.998, 21096, 100
2026/08/05 07:52:53.998, 21096, 100
2026/08/05 07:52:54.998, 21096, 100
2026/08/05 07:52:55.999, 21096, 100
2026/08/05 07:52:56.999, 21096, 100
2026/08/05 07:52:57.999, 21096, 100
2026/08/05 07:52:58.999, 21096, 100
2026/08/05 07:52:59.999, 21096, 100
2026/08/05 07:53:01.000, 21096, 100
2026/08/05 07:53:02.000, 21096, 100
2026/08/05 07:53:03.000, 21096, 100
2026/08/05 07:53:04.000, 21096, 100
2026/08/05 07:53:05.001, 21096, 100
2026/08/05 07:53:06.001, 21096, 100
2026/08/05 07:53:07.001, 21096, 100
2026/08/05 07:53:08.001, 21096, 100
2026/08/05 07:53:09.001, 21096, 100
2026/08/05 07:53:10.002, 21096, 100
2026/08/05 07:53:11.002, 21096, 84
2026/08/05 07:53:12.002, 21096, 81
2026/08/05 07:53:13.002, 21096, 64
2026/08/05 07:53:14.003, 21096, 100
2026/08/05 07:53:15.003, 21096, 83
2026/08/05 07:53:16.003, 21096, 100
2026/08/05 07:53:17.003, 21096, 100
2026/08/05 07:53:18.003, 21096, 84
2026/08/05 07:53:19.004, 21096, 100
2026/08/05 07:53:20.004, 21096, 100
2026/08/05 07:53:21.004, 21096, 100
2026/08/05 07:53:22.004, 21096, 100
2026/08/05 07:53:23.005, 21096, 100
2026/08/05 07:53:24.005, 21096, 100
2026/08/05 07:53:25.005, 21096, 100
2026/08/05 07:53:26.005, 21096, 100
2026/08/05 07:53:27.006, 21096, 100
2026/08/05 07:53:28.006, 21096, 86
2026/08/05 07:53:29.006, 21096, 100
2026/08/05 07:53:30.006, 21096, 100
2026/08/05 07:53:31.006, 21096, 100
2026/08/05 07:53:32.007, 21096, 100
2026/08/05 07:53:33.007, 21096, 100
2026/08/05 07:53:34.007, 21096, 100
2026/08/05 07:53:35.008, 21096, 100
2026/08/05 07:53:36.008, 21096, 100
2026/08/05 07:53:37.008, 21096, 100
2026/08/05 07:53:38.008, 21096, 100
2026/08/05 07:53:39.009, 21096, 100
2026/08/05 07:53:40.009, 21096, 100
2026/08/05 07:53:41.009, 21096, 100
2026/08/05 07:53:42.009, 21096, 100
2026/08/05 07:53:43.010, 21096, 100
2026/08/05 07:53:44.010, 21096, 100
2026/08/05 07:53:45.010, 21096, 100
2026/08/05 07:53:46.010, 21096, 100
2026/08/05 07:53:47.011, 21096, 100
2026/08/05 07:53:48.011, 21096, 100
2026/08/05 07:53:49.011, 21096, 100
2026/08/05 07:53:50.011, 21096, 100
2026/08/05 07:53:51.011, 21096, 100
2026/08/05 07:53:52.012, 21096, 100
2026/08/05 07:53:53.012, 21096, 100
2026/08/05 07:53:54.012, 21096, 82
2026/08/05 07:53:55.012, 21096, 100
2026/08/05 07:53:56.013, 21096, 100
2026/08/05 07:53:57.013, 21096, 91
2026/08/05 07:53:58.013, 21096, 100
2026/08/05 07:53:59.014, 21096, 100
2026/08/05 07:54:00.014, 21096, 100
2026/08/05 07:54:01.014, 21096, 100
2026/08/05 07:54:02.014, 21096, 100
2026/08/05 07:54:03.015, 21096, 100
2026/08/05 07:54:04.015, 21096, 100
2026/08/05 07:54:05.015, 21096, 100
2026/08/05 07:54:06.015, 21096, 100
2026/08/05 07:54:07.016, 21096, 100
2026/08/05 07:54:08.016, 21096, 100
2026/08/05 07:54:09.016, 21096, 100
2026/08/05 07:54:10.016, 21096, 63
2026/08/05 07:54:11.017, 21096, 100
2026/08/05 07:54:12.017, 21096, 82
2026/08/05 07:54:13.017, 21096, 83
2026/08/05 07:54:14.017, 21096, 100
2026/08/05 07:54:15.018, 21096, 100
2026/08/05 07:54:16.018, 21096, 100
2026/08/05 07:54:17.018, 21096, 100
2026/08/05 07:54:18.019, 21096, 96
2026/08/05 07:54:19.019, 21096, 100
2026/08/05 07:54:20.019, 21096, 100
2026/08/05 07:54:21.019, 21096, 100
2026/08/05 07:54:22.020, 21096, 100
2026/08/05 07:54:23.020, 21096, 100
2026/08/05 07:54:24.020, 21096, 100
2026/08/05 07:54:25.020, 21096, 100
2026/08/05 07:54:26.021, 21096, 82
2026/08/05 07:54:27.021, 21096, 100
2026/08/05 07:54:28.021, 21096, 100
2026/08/05 07:54:29.021, 21096, 100
2026/08/05 07:54:30.022, 21096, 100
2026/08/05 07:54:31.022, 21096, 100
2026/08/05 07:54:32.022, 21096, 100
2026/08/05 07:54:33.022, 21096, 100
2026/08/05 07:54:34.022, 21096, 100
2026/08/05 07:54:35.023, 21096, 100
2026/08/05 07:54:36.023, 21096, 91
2026/08/05 07:54:37.023, 21096, 100
2026/08/05 07:54:38.023, 21096, 100
2026/08/05 07:54:39.024, 21096, 85
2026/08/05 07:54:40.024, 21096, 85
2026/08/05 07:54:41.024, 21096, 100
2026/08/05 07:54:42.025, 21096, 100
2026/08/05 07:54:43.025, 21096, 100
2026/08/05 07:54:44.025, 21096, 100
2026/08/05 07:54:45.025, 21096, 100
2026/08/05 07:54:46.025, 21096, 83
2026/08/05 07:54:47.026, 21096, 100
2026/08/05 07:54:48.026, 21096, 100
2026/08/05 07:54:49.026, 21096, 86
2026/08/05 07:54:50.026, 21096, 84
2026/08/05 07:54:51.027, 21096, 100
2026/08/05 07:54:52.027, 21096, 89
2026/08/05 07:54:53.027, 21096, 83
2026/08/05 07:54:54.028, 21096, 100
2026/08/05 07:54:55.028, 21096, 100
2026/08/05 07:54:56.028, 21096, 100
2026/08/05 07:54:57.028, 21096, 100
2026/08/05 07:54:58.028, 21096, 100
2026/08/05 07:54:59.029, 21096, 100
2026/08/05 07:55:00.029, 21096, 83
2026/08/05 07:55:01.029, 21096, 100
2026/08/05 07:55:02.029, 21096, 100
2026/08/05 07:55:03.029, 21096, 100
2026/08/05 07:55:04.030, 21096, 100
2026/08/05 07:55:05.030, 21096, 100
2026/08/05 07:55:06.030, 21096, 100
2026/08/05 07:55:07.030, 21096, 100
2026/08/05 07:55:08.031, 21096, 100
2026/08/05 07:55:09.031, 21096, 100
2026/08/05 07:55:10.031, 21096, 100
2026/08/05 07:55:11.031, 21096, 100
2026/08/05 07:55:12.032, 21096, 100
2026/08/05 07:55:13.032, 21096, 100
2026/08/05 07:55:14.032, 21096, 100
2026/08/05 07:55:15.032, 21096, 64
2026/08/05 07:55:16.032, 21096, 100
2026/08/05 07:55:17.033, 21096, 100
2026/08/05 07:55:18.033, 21096, 100
2026/08/05 07:55:19.033, 21096, 100
2026/08/05 07:55:20.033, 21096, 84
2026/08/05 07:55:21.033, 21096, 80
2026/08/05 07:55:22.034, 21096, 100
2026/08/05 07:55:23.034, 21096, 83
2026/08/05 07:55:24.034, 21096, 63
2026/08/05 07:55:25.034, 21096, 100
2026/08/05 07:55:26.034, 21096, 100
2026/08/05 07:55:27.035, 21096, 100
2026/08/05 07:55:28.035, 21096, 100
2026/08/05 07:55:29.035, 21096, 100
2026/08/05 07:55:30.035, 21096, 100
2026/08/05 07:55:31.035, 21096, 100
2026/08/05 07:55:32.036, 21096, 100
2026/08/05 07:55:33.036, 21096, 100
2026/08/05 07:55:34.036, 21096, 100
2026/08/05 07:55:35.036, 21096, 100
2026/08/05 07:55:36.037, 21096, 100
2026/08/05 07:55:37.037, 21096, 63
2026/08/05 07:55:38.037, 21096, 100
2026/08/05 07:55:39.037, 21096, 64
2026/08/05 07:55:40.038, 21096, 84
2026/08/05 07:55:41.038, 21096, 93
2026/08/05 07:55:42.038, 21096, 100
2026/08/05 07:55:43.038, 21096, 100
2026/08/05 07:55:44.039, 21096, 100
2026/08/05 07:55:45.039, 21096, 100
2026/08/05 07:55:46.039, 21096, 100
2026/08/05 07:55:47.039, 21096, 100
2026/08/05 07:55:48.040, 21096, 100
2026/08/05 07:55:49.040, 21096, 93
2026/08/05 07:55:50.040, 21096, 100
2026/08/05 07:55:51.040, 21096, 100
2026/08/05 07:55:52.041, 21096, 100
2026/08/05 07:55:53.041, 21096, 100
2026/08/05 07:55:54.041, 21096, 100
2026/08/05 07:55:55.041, 21096, 100
2026/08/05 07:55:56.042, 21096, 100
2026/08/05 07:55:57.042, 21096, 100
2026/08/05 07:55:58.042, 21096, 100
2026/08/05 07:55:59.042, 21096, 100
2026/08/05 07:56:00.042, 21096, 100
2026/08/05 07:56:01.043, 21096, 100
2026/08/05 07:56:02.043, 21096, 100
2026/08/05 07:56:03.043, 21096, 0
2026/08/05 07:56:04.043, 21096, 100
2026/08/05 07:56:05.043, 21096, 100
2026/08/05 07:56:06.044, 21096, 83
2026/08/05 07:56:07.044, 21096, 100
2026/08/05 07:56:08.044, 21096, 100
2026/08/05 07:56:09.044, 21096, 100
2026/08/05 07:56:10.044, 21096, 100
2026/08/05 07:56:11.045, 21096, 100
2026/08/05 07:56:12.045, 21096, 100
2026/08/05 07:56:13.045, 21096, 100
2026/08/05 07:56:14.045, 21096, 100
2026/08/05 07:56:15.046, 21096, 100
2026/08/05 07:56:16.046, 21096, 100
2026/08/05 07:56:17.046, 21096, 100
2026/08/05 07:56:18.047, 21096, 100
2026/08/05 07:56:19.047, 21096, 100
2026/08/05 07:56:20.047, 21096, 100
2026/08/05 07:56:21.047, 21096, 100
2026/08/05 07:56:22.047, 21096, 100
2026/08/05 07:56:23.048, 21096, 100
2026/08/05 07:56:24.048, 21096, 100
2026/08/05 07:56:25.048, 21096, 100
2026/08/05 07:56:26.048, 21096, 100
2026/08/05 07:56:27.048, 21096, 100
2026/08/05 07:56:28.049, 21096, 83
2026/08/05 07:56:29.049, 21096, 100
2026/08/05 07:56:30.049, 21096, 100
2026/08/05 07:56:31.049, 21096, 100
2026/08/05 07:56:32.050, 21096, 99
2026/08/05 07:56:33.050, 21096, 100
2026/08/05 07:56:34.050, 21096, 100
2026/08/05 07:56:35.050, 21096, 100
2026/08/05 07:56:36.051, 21096, 100
2026/08/05 07:56:37.051, 21096, 100
2026/08/05 07:56:38.051, 21096, 100
2026/08/05 07:56:39.051, 21096, 100
2026/08/05 07:56:40.051, 21096, 100
2026/08/05 07:56:41.052, 21096, 100
2026/08/05 07:56:42.052, 21096, 100
2026/08/05 07:56:43.052, 21096, 99
2026/08/05 07:56:44.052, 21096, 84
2026/08/05 07:56:45.052, 21096, 100
2026/08/05 07:56:46.053, 21096, 100
2026/08/05 07:56:47.053, 21096, 100
2026/08/05 07:56:48.053, 21096, 100
2026/08/05 07:56:49.053, 21096, 100
2026/08/05 07:56:50.053, 21096, 84
2026/08/05 07:56:51.054, 21096, 100
2026/08/05 07:56:52.054, 21096, 100
2026/08/05 07:56:53.054, 21096, 100
2026/08/05 07:56:54.054, 21096, 100
2026/08/05 07:56:55.054, 21096, 100
2026/08/05 07:56:56.055, 21096, 100
2026/08/05 07:56:57.055, 21096, 100
2026/08/05 07:56:58.055, 21096, 100
2026/08/05 07:56:59.055, 21096, 100
2026/08/05 07:57:00.056, 21096, 100
2026/08/05 07:57:01.056, 21096, 100
2026/08/05 07:57:02.056, 21096, 100
2026/08/05 07:57:03.056, 21096, 100
2026/08/05 07:57:04.056, 21096, 100
2026/08/05 07:57:05.057, 21096, 100
2026/08/05 07:57:06.057, 21096, 100
2026/08/05 07:57:07.057, 21096, 100
2026/08/05 07:57:08.057, 21096, 100
2026/08/05 07:57:09.058, 21096, 100
2026/08/05 07:57:10.058, 21096, 85
2026/08/05 07:57:11.058, 21096, 100
2026/08/05 07:57:12.061, 21096, 100
2026/08/05 07:57:13.085, 21096, 75
2026/08/05 07:57:14.107, 21096, 100
2026/08/05 07:57:15.126, 21096, 84
2026/08/05 07:57:16.143, 21096, 100
2026/08/05 07:57:17.158, 21096, 100
2026/08/05 07:57:18.171, 21096, 100
2026/08/05 07:57:19.183, 21096, 100
2026/08/05 07:57:20.193, 21096, 100
2026/08/05 07:57:21.202, 21096, 100
2026/08/05 07:57:22.211, 21096, 100
2026/08/05 07:57:23.218, 21096, 96
2026/08/05 07:57:24.224, 21096, 100
2026/08/05 07:57:25.231, 21096, 100
2026/08/05 07:57:26.236, 21096, 100
2026/08/05 07:57:27.240, 21096, 100
2026/08/05 07:57:28.245, 21096, 100
2026/08/05 07:57:29.249, 21096, 100
2026/08/05 07:57:30.253, 21096, 100
2026/08/05 07:57:31.256, 21096, 100
2026/08/05 07:57:32.259, 21096, 85
2026/08/05 07:57:33.261, 21096, 100
2026/08/05 07:57:34.264, 21096, 100
2026/08/05 07:57:35.266, 21096, 83
2026/08/05 07:57:36.268, 21096, 100
2026/08/05 07:57:37.271, 21096, 100
2026/08/05 07:57:38.273, 21096, 100
2026/08/05 07:57:39.275, 21096, 100
2026/08/05 07:57:40.278, 21096, 92
2026/08/05 07:57:41.279, 21096, 89
2026/08/05 07:57:42.280, 21096, 100
2026/08/05 07:57:43.282, 21096, 100
2026/08/05 07:57:44.283, 21096, 100
2026/08/05 07:57:45.290, 21096, 100
2026/08/05 07:57:46.313, 21096, 100
2026/08/05 07:57:47.333, 21096, 100
2026/08/05 07:57:48.350, 21096, 100
2026/08/05 07:57:49.366, 21096, 100
2026/08/05 07:57:50.379, 21096, 100
2026/08/05 07:57:51.391, 21096, 64
2026/08/05 07:57:52.401, 21096, 86
2026/08/05 07:57:53.411, 21096, 100
2026/08/05 07:57:54.419, 21096, 100
2026/08/05 07:57:55.426, 21096, 100
2026/08/05 07:57:56.432, 21096, 100
2026/08/05 07:57:57.439, 21096, 100
2026/08/05 07:57:58.444, 21096, 100
2026/08/05 07:57:59.449, 21096, 84
2026/08/05 07:58:00.454, 21096, 100
2026/08/05 07:58:01.458, 21096, 100
2026/08/05 07:58:02.462, 21096, 84
2026/08/05 07:58:03.465, 21096, 85
2026/08/05 07:58:04.468, 21096, 100
2026/08/05 07:58:05.471, 21096, 100
2026/08/05 07:58:06.474, 21096, 100
2026/08/05 07:58:07.477, 21096, 64
2026/08/05 07:58:08.479, 21096, 100
2026/08/05 07:58:09.481, 21096, 66
2026/08/05 07:58:10.483, 21096, 100
2026/08/05 07:58:11.486, 21096, 86
2026/08/05 07:58:12.488, 21096, 100
2026/08/05 07:58:13.489, 21096, 78
2026/08/05 07:58:14.490, 21096, 100
2026/08/05 07:58:15.492, 21096, 100
2026/08/05 07:58:16.493, 21096, 100
2026/08/05 07:58:17.493, 21096, 100
2026/08/05 07:58:18.493, 21096, 100
2026/08/05 07:58:19.494, 21096, 87
2026/08/05 07:58:20.494, 21096, 100
2026/08/05 07:58:21.494, 21096, 100
2026/08/05 07:58:22.494, 21096, 100
2026/08/05 07:58:23.494, 21096, 100
2026/08/05 07:58:24.495, 21096, 100
2026/08/05 07:58:25.495, 21096, 85
2026/08/05 07:58:26.495, 21096, 87
2026/08/05 07:58:27.495, 21096, 100
2026/08/05 07:58:28.495, 21096, 100
2026/08/05 07:58:29.496, 21096, 85
2026/08/05 07:58:30.496, 21096, 91
2026/08/05 07:58:31.496, 21096, 80
2026/08/05 07:58:32.496, 21096, 100
2026/08/05 07:58:33.496, 21096, 100
2026/08/05 07:58:34.496, 21096, 100
2026/08/05 07:58:35.497, 21096, 100
2026/08/05 07:58:36.497, 21096, 100
2026/08/05 07:58:37.497, 21096, 100
2026/08/05 07:58:38.497, 21096, 100
2026/08/05 07:58:39.497, 21096, 100
2026/08/05 07:58:40.498, 21096, 100
2026/08/05 07:58:41.498, 21096, 100
2026/08/05 07:58:42.498, 21096, 100
2026/08/05 07:58:43.498, 21096, 88
2026/08/05 07:58:44.498, 21096, 100
2026/08/05 07:58:45.499, 21096, 100
2026/08/05 07:58:46.499, 21096, 100
2026/08/05 07:58:47.499, 21096, 65
2026/08/05 07:58:48.499, 21096, 100
2026/08/05 07:58:49.500, 21096, 100
2026/08/05 07:58:50.514, 21096, 100
2026/08/05 07:58:51.541, 21096, 84
2026/08/05 07:58:52.565, 21096, 100
2026/08/05 07:58:53.587, 21096, 100
2026/08/05 07:58:54.605, 21096, 85
2026/08/05 07:58:55.622, 21096, 65
2026/08/05 07:58:56.636, 21096, 85
2026/08/05 07:58:57.649, 21096, 65
2026/08/05 07:58:58.660, 21096, 97
2026/08/05 07:58:59.671, 21096, 100
2026/08/05 07:59:00.680, 21096, 100
2026/08/05 07:59:01.689, 21096, 100
2026/08/05 07:59:02.696, 21096, 100
2026/08/05 07:59:03.703, 21096, 100
2026/08/05 07:59:04.708, 21096, 100
2026/08/05 07:59:05.713, 21096, 100
2026/08/05 07:59:06.718, 21096, 85
2026/08/05 07:59:07.722, 21096, 100
2026/08/05 07:59:08.726, 21096, 100
2026/08/05 07:59:09.729, 21096, 100
2026/08/05 07:59:10.732, 21096, 100
2026/08/05 07:59:11.736, 21096, 85
2026/08/05 07:59:12.738, 21096, 100
2026/08/05 07:59:13.741, 21096, 100
2026/08/05 07:59:14.743, 21096, 100
2026/08/05 07:59:15.745, 21096, 84
2026/08/05 07:59:16.748, 21096, 100
2026/08/05 07:59:17.750, 21096, 100
2026/08/05 07:59:18.752, 21096, 100
2026/08/05 07:59:19.754, 21096, 100
2026/08/05 07:59:20.755, 21096, 100
2026/08/05 07:59:21.757, 21096, 100
2026/08/05 07:59:22.758, 21096, 100
2026/08/05 07:59:23.758, 21096, 100
2026/08/05 07:59:24.758, 21096, 100
2026/08/05 07:59:25.759, 21096, 85
2026/08/05 07:59:26.759, 21096, 100
2026/08/05 07:59:27.759, 21096, 100
2026/08/05 07:59:28.759, 21096, 100
2026/08/05 07:59:29.759, 21096, 100
2026/08/05 07:59:30.760, 21096, 86
2026/08/05 07:59:31.760, 21096, 85
2026/08/05 07:59:32.760, 21096, 100
2026/08/05 07:59:33.760, 21096, 100
2026/08/05 07:59:34.761, 21096, 100
2026/08/05 07:59:35.761, 21096, 100
2026/08/05 07:59:36.761, 21096, 100
2026/08/05 07:59:37.762, 21096, 100
2026/08/05 07:59:38.762, 21096, 85
2026/08/05 07:59:39.762, 21096, 100
2026/08/05 07:59:40.762, 21096, 100
2026/08/05 07:59:41.763, 21096, 100
2026/08/05 07:59:42.763, 21096, 100
2026/08/05 07:59:43.763, 21096, 100
2026/08/05 07:59:44.763, 21096, 100
2026/08/05 07:59:45.764, 21096, 100
2026/08/05 07:59:46.764, 21096, 100
2026/08/05 07:59:47.764, 21096, 100
2026/08/05 07:59:48.764, 21096, 100
2026/08/05 07:59:49.764, 21096, 100
2026/08/05 07:59:50.765, 21096, 100
2026/08/05 07:59:51.765, 21096, 100
2026/08/05 07:59:52.765, 21096, 100
2026/08/05 07:59:53.765, 21096, 100
2026/08/05 07:59:54.766, 21096, 100
2026/08/05 07:59:55.773, 21096, 100
2026/08/05 07:59:56.782, 21096, 100
2026/08/05 07:59:57.789, 21096, 100
2026/08/05 07:59:58.797, 21096, 100
2026/08/05 07:59:59.803, 21096, 100
2026/08/05 08:00:00.808, 21096, 100
2026/08/05 08:00:01.814, 21096, 100
2026/08/05 08:00:02.818, 21096, 100
2026/08/05 08:00:03.823, 21096, 100
2026/08/05 08:00:04.826, 21096, 100
2026/08/05 08:00:05.830, 21096, 100
2026/08/05 08:00:06.833, 21096, 100
2026/08/05 08:00:07.836, 21096, 64
2026/08/05 08:00:08.838, 21096, 100
2026/08/05 08:00:09.842, 21096, 100
2026/08/05 08:00:10.845, 21096, 100
2026/08/05 08:00:11.847, 21096, 100
2026/08/05 08:00:12.850, 21096, 100
2026/08/05 08:00:13.852, 21096, 100
2026/08/05 08:00:14.854, 21096, 85
2026/08/05 08:00:15.857, 21096, 57
2026/08/05 08:00:16.859, 21096, 100
2026/08/05 08:00:17.861, 21096, 100
2026/08/05 08:00:18.864, 21096, 100
2026/08/05 08:00:19.866, 21096, 100
2026/08/05 08:00:20.868, 21096, 100
2026/08/05 08:00:21.870, 21096, 100
2026/08/05 08:00:22.872, 21096, 85
2026/08/05 08:00:23.875, 21096, 100
2026/08/05 08:00:24.877, 21096, 100
2026/08/05 08:00:25.878, 21096, 85
2026/08/05 08:00:26.881, 21096, 100
2026/08/05 08:00:27.881, 21096, 100
2026/08/05 08:00:28.881, 21096, 100
2026/08/05 08:00:29.881, 21096, 100
2026/08/05 08:00:30.881, 21096, 100
2026/08/05 08:00:31.882, 21096, 100
2026/08/05 08:00:32.882, 21096, 100
2026/08/05 08:00:33.882, 21096, 90
2026/08/05 08:00:34.882, 21096, 100
2026/08/05 08:00:35.882, 21096, 85
2026/08/05 08:00:36.883, 21096, 100
2026/08/05 08:00:37.883, 21096, 100
2026/08/05 08:00:38.883, 21096, 100
2026/08/05 08:00:39.883, 21096, 100
2026/08/05 08:00:40.884, 21096, 76
2026/08/05 08:00:41.884, 21096, 100
2026/08/05 08:00:42.884, 21096, 79
2026/08/05 08:00:43.885, 21096, 100
2026/08/05 08:00:44.885, 21096, 100
2026/08/05 08:00:45.885, 21096, 100
2026/08/05 08:00:46.886, 21096, 100
2026/08/05 08:00:47.886, 21096, 100
2026/08/05 08:00:48.886, 21096, 100
2026/08/05 08:00:49.886, 21096, 100
2026/08/05 08:00:50.886, 21096, 100
2026/08/05 08:00:51.887, 21096, 100
2026/08/05 08:00:52.887, 21096, 100
2026/08/05 08:00:53.887, 21096, 100
2026/08/05 08:00:54.887, 21096, 100
2026/08/05 08:00:55.888, 21096, 85
2026/08/05 08:00:56.888, 21096, 100
2026/08/05 08:00:57.888, 21096, 100
2026/08/05 08:00:58.888, 21096, 100
2026/08/05 08:00:59.888, 21096, 100
2026/08/05 08:01:00.911, 21096, 82
2026/08/05 08:01:01.933, 21096, 85
2026/08/05 08:01:02.953, 21096, 100
2026/08/05 08:01:03.971, 21096, 93
2026/08/05 08:01:04.986, 21096, 100
2026/08/05 08:01:05.999, 21096, 100
2026/08/05 08:01:07.012, 21096, 100
2026/08/05 08:01:08.023, 21096, 100
2026/08/05 08:01:09.032, 21096, 86
2026/08/05 08:01:10.041, 21096, 100
2026/08/05 08:01:11.048, 21096, 100
2026/08/05 08:01:12.055, 21096, 100
2026/08/05 08:01:13.061, 21096, 100
2026/08/05 08:01:14.067, 21096, 100
2026/08/05 08:01:15.072, 21096, 100
2026/08/05 08:01:16.076, 21096, 100
2026/08/05 08:01:17.080, 21096, 100
2026/08/05 08:01:18.084, 21096, 100
2026/08/05 08:01:19.087, 21096, 100
2026/08/05 08:01:20.090, 21096, 100
2026/08/05 08:01:21.093, 21096, 100
2026/08/05 08:01:22.095, 21096, 100
2026/08/05 08:01:23.098, 21096, 100
2026/08/05 08:01:24.100, 21096, 100
2026/08/05 08:01:25.102, 21096, 100
2026/08/05 08:01:26.105, 21096, 100
2026/08/05 08:01:27.107, 21096, 100
2026/08/05 08:01:28.110, 21096, 100
2026/08/05 08:01:29.111, 21096, 100
2026/08/05 08:01:30.112, 21096, 100
2026/08/05 08:01:31.114, 21096, 100
2026/08/05 08:01:32.115, 21096, 100
2026/08/05 08:01:33.116, 21096, 100
2026/08/05 08:01:34.118, 21096, 100
2026/08/05 08:01:35.119, 21096, 100
2026/08/05 08:01:36.120, 21096, 84
2026/08/05 08:01:37.122, 21096, 100
2026/08/05 08:01:38.123, 21096, 100
2026/08/05 08:01:39.124, 21096, 100
2026/08/05 08:01:40.126, 21096, 100
2026/08/05 08:01:41.127, 21096, 100
2026/08/05 08:01:42.128, 21096, 100
2026/08/05 08:01:43.130, 21096, 100
2026/08/05 08:01:44.131, 21096, 100
2026/08/05 08:01:45.135, 21096, 100
2026/08/05 08:01:46.136, 21096, 100
2026/08/05 08:01:47.137, 21096, 84
2026/08/05 08:01:48.138, 21096, 85
2026/08/05 08:01:49.140, 21096, 100
2026/08/05 08:01:50.141, 21096, 100
2026/08/05 08:01:51.143, 21096, 85
2026/08/05 08:01:52.144, 21096, 100
2026/08/05 08:01:53.145, 21096, 100
2026/08/05 08:01:54.147, 21096, 100
2026/08/05 08:01:55.149, 21096, 79
2026/08/05 08:01:56.151, 21096, 79
2026/08/05 08:01:57.152, 21096, 100
2026/08/05 08:01:58.153, 21096, 100
2026/08/05 08:01:59.155, 21096, 100
2026/08/05 08:02:00.156, 21096, 100
2026/08/05 08:02:01.157, 21096, 100
2026/08/05 08:02:02.159, 21096, 84
2026/08/05 08:02:03.161, 21096, 84
2026/08/05 08:02:04.162, 21096, 84
2026/08/05 08:02:05.162, 21096, 100
2026/08/05 08:02:06.163, 21096, 100
2026/08/05 08:02:07.163, 21096, 100
2026/08/05 08:02:08.163, 21096, 100
2026/08/05 08:02:09.163, 21096, 100
2026/08/05 08:02:10.164, 21096, 100
2026/08/05 08:02:11.164, 21096, 85
2026/08/05 08:02:12.164, 21096, 100
2026/08/05 08:02:13.165, 21096, 100
2026/08/05 08:02:14.165, 21096, 100
2026/08/05 08:02:15.165, 21096, 100
2026/08/05 08:02:16.165, 21096, 100
2026/08/05 08:02:17.166, 21096, 100
2026/08/05 08:02:18.166, 21096, 100
2026/08/05 08:02:19.166, 21096, 100
2026/08/05 08:02:20.166, 21096, 100
2026/08/05 08:02:21.167, 21096, 100
2026/08/05 08:02:22.167, 21096, 65
2026/08/05 08:02:23.167, 21096, 100
2026/08/05 08:02:24.167, 21096, 100
2026/08/05 08:02:25.168, 21096, 100
2026/08/05 08:02:26.168, 21096, 100
2026/08/05 08:02:27.168, 21096, 100
2026/08/05 08:02:28.168, 21096, 100
2026/08/05 08:02:29.168, 21096, 100
2026/08/05 08:02:30.169, 21096, 100
2026/08/05 08:02:31.169, 21096, 100
2026/08/05 08:02:32.169, 21096, 100
2026/08/05 08:02:33.169, 21096, 100
2026/08/05 08:02:34.169, 21096, 100
2026/08/05 08:02:35.170, 21096, 100
2026/08/05 08:02:36.170, 21096, 100
2026/08/05 08:02:37.170, 21096, 83
2026/08/05 08:02:38.170, 21096, 100
2026/08/05 08:02:39.171, 21096, 92
2026/08/05 08:02:40.171, 21096, 84
2026/08/05 08:02:41.171, 21096, 100
2026/08/05 08:02:42.172, 21096, 100
2026/08/05 08:02:43.172, 21096, 100
2026/08/05 08:02:44.172, 21096, 100
2026/08/05 08:02:45.172, 21096, 100
2026/08/05 08:02:46.172, 21096, 76
2026/08/05 08:02:47.173, 21096, 100
2026/08/05 08:02:48.173, 21096, 100
2026/08/05 08:02:49.173, 21096, 100
2026/08/05 08:02:50.173, 21096, 100
2026/08/05 08:02:51.173, 21096, 100
2026/08/05 08:02:52.174, 21096, 100
2026/08/05 08:02:53.174, 21096, 69
2026/08/05 08:02:54.174, 21096, 100
2026/08/05 08:02:55.174, 21096, 100
2026/08/05 08:02:56.174, 21096, 100
2026/08/05 08:02:57.175, 21096, 100
2026/08/05 08:02:58.175, 21096, 100
2026/08/05 08:02:59.175, 21096, 100
2026/08/05 08:03:00.175, 21096, 100
2026/08/05 08:03:01.176, 21096, 100
2026/08/05 08:03:02.176, 21096, 100
2026/08/05 08:03:03.176, 21096, 100
2026/08/05 08:03:04.176, 21096, 100
2026/08/05 08:03:05.176, 21096, 100
2026/08/05 08:03:06.177, 21096, 100
2026/08/05 08:03:07.177, 21096, 100
2026/08/05 08:03:08.177, 21096, 100
2026/08/05 08:03:09.177, 21096, 100
2026/08/05 08:03:10.177, 21096, 100
2026/08/05 08:03:11.177, 21096, 81
2026/08/05 08:03:12.178, 21096, 100
2026/08/05 08:03:13.178, 21096, 100
2026/08/05 08:03:14.178, 21096, 100
2026/08/05 08:03:15.178, 21096, 100
2026/08/05 08:03:16.178, 21096, 100
2026/08/05 08:03:17.179, 21096, 100
2026/08/05 08:03:18.179, 21096, 100
2026/08/05 08:03:19.179, 21096, 100
2026/08/05 08:03:20.179, 21096, 100
2026/08/05 08:03:21.179, 21096, 100
2026/08/05 08:03:22.180, 21096, 100
2026/08/05 08:03:23.180, 21096, 100
2026/08/05 08:03:24.180, 21096, 85
2026/08/05 08:03:25.180, 21096, 100
2026/08/05 08:03:26.180, 21096, 100
2026/08/05 08:03:27.181, 21096, 100
2026/08/05 08:03:28.181, 21096, 100
2026/08/05 08:03:29.181, 21096, 100
2026/08/05 08:03:30.181, 21096, 100
2026/08/05 08:03:31.182, 21096, 100
2026/08/05 08:03:32.182, 21096, 100
2026/08/05 08:03:33.182, 21096, 100
2026/08/05 08:03:34.182, 21096, 100
2026/08/05 08:03:35.182, 21096, 100
2026/08/05 08:03:36.183, 21096, 100
2026/08/05 08:03:37.183, 21096, 100
2026/08/05 08:03:38.183, 21096, 100
2026/08/05 08:03:39.183, 21096, 100
2026/08/05 08:03:40.183, 21096, 100
2026/08/05 08:03:41.184, 21096, 100
2026/08/05 08:03:42.184, 21096, 100
2026/08/05 08:03:43.184, 21096, 71
2026/08/05 08:03:44.184, 21096, 85
2026/08/05 08:03:45.184, 21096, 65
2026/08/05 08:03:46.184, 21096, 100
2026/08/05 08:03:47.185, 21096, 84
2026/08/05 08:03:48.185, 21096, 100
2026/08/05 08:03:49.185, 21096, 100
2026/08/05 08:03:50.186, 21096, 100
2026/08/05 08:03:51.186, 21096, 100
2026/08/05 08:03:52.186, 21096, 100
2026/08/05 08:03:53.186, 21096, 100
2026/08/05 08:03:54.186, 21096, 100
2026/08/05 08:03:55.187, 21096, 100
2026/08/05 08:03:56.187, 21096, 100
2026/08/05 08:03:57.187, 21096, 100
2026/08/05 08:03:58.187, 21096, 100
2026/08/05 08:03:59.187, 21096, 100
2026/08/05 08:04:00.187, 21096, 83
2026/08/05 08:04:01.188, 21096, 100
2026/08/05 08:04:02.188, 21096, 99
2026/08/05 08:04:03.188, 21096, 85
2026/08/05 08:04:04.189, 21096, 100
2026/08/05 08:04:05.189, 21096, 100
2026/08/05 08:04:06.189, 21096, 100
2026/08/05 08:04:07.189, 21096, 100
2026/08/05 08:04:08.190, 21096, 100
2026/08/05 08:04:09.190, 21096, 100
2026/08/05 08:04:10.190, 21096, 100
2026/08/05 08:04:11.190, 21096, 100
2026/08/05 08:04:12.191, 21096, 84
2026/08/05 08:04:13.191, 21096, 100
2026/08/05 08:04:14.191, 21096, 100
2026/08/05 08:04:15.194, 21096, 100
2026/08/05 08:04:16.205, 21096, 100
2026/08/05 08:04:17.216, 21096, 93
2026/08/05 08:04:18.225, 21096, 100
2026/08/05 08:04:19.234, 21096, 63
2026/08/05 08:04:20.241, 21096, 100
2026/08/05 08:04:21.248, 21096, 100
2026/08/05 08:04:22.254, 21096, 100
2026/08/05 08:04:23.259, 21096, 100
2026/08/05 08:04:24.264, 21096, 100
2026/08/05 08:04:25.268, 21096, 100
2026/08/05 08:04:26.272, 21096, 100
2026/08/05 08:04:27.276, 21096, 100
2026/08/05 08:04:28.279, 21096, 100
2026/08/05 08:04:29.282, 21096, 82
2026/08/05 08:04:30.285, 21096, 86
2026/08/05 08:04:31.287, 21096, 100
2026/08/05 08:04:32.290, 21096, 100
2026/08/05 08:04:33.291, 21096, 96
2026/08/05 08:04:34.293, 21096, 100
2026/08/05 08:04:35.296, 21096, 93
2026/08/05 08:04:36.298, 21096, 100
2026/08/05 08:04:37.299, 21096, 100
2026/08/05 08:04:38.301, 21096, 100
2026/08/05 08:04:39.302, 21096, 100
2026/08/05 08:04:40.303, 21096, 100
2026/08/05 08:04:41.304, 21096, 100
2026/08/05 08:04:42.306, 21096, 100
2026/08/05 08:04:43.307, 21096, 100
2026/08/05 08:04:44.308, 21096, 100
2026/08/05 08:04:45.310, 21096, 100
2026/08/05 08:04:46.311, 21096, 100
2026/08/05 08:04:47.313, 21096, 100
2026/08/05 08:04:48.314, 21096, 100
2026/08/05 08:04:49.317, 21096, 100
2026/08/05 08:04:50.320, 21096, 85
2026/08/05 08:04:51.323, 21096, 100
2026/08/05 08:04:52.325, 21096, 100
2026/08/05 08:04:53.327, 21096, 100
2026/08/05 08:04:54.330, 21096, 100
2026/08/05 08:04:55.332, 21096, 100
2026/08/05 08:04:56.334, 21096, 100
2026/08/05 08:04:57.336, 21096, 100
2026/08/05 08:04:58.339, 21096, 84
2026/08/05 08:04:59.341, 21096, 100
2026/08/05 08:05:00.342, 21096, 100
2026/08/05 08:05:01.345, 21096, 93
2026/08/05 08:05:02.347, 21096, 80
2026/08/05 08:05:03.349, 21096, 100
2026/08/05 08:05:04.350, 21096, 100
2026/08/05 08:05:05.352, 21096, 100
2026/08/05 08:05:06.353, 21096, 100
2026/08/05 08:05:07.356, 21096, 100
2026/08/05 08:05:08.358, 21096, 100
2026/08/05 08:05:09.359, 21096, 100
2026/08/05 08:05:10.361, 21096, 100
2026/08/05 08:05:11.362, 21096, 100
2026/08/05 08:05:12.363, 21096, 100
2026/08/05 08:05:13.365, 21096, 100
2026/08/05 08:05:14.366, 21096, 100
2026/08/05 08:05:15.367, 21096, 100
2026/08/05 08:05:16.369, 21096, 85
2026/08/05 08:05:17.370, 21096, 100
2026/08/05 08:05:18.371, 21096, 100
2026/08/05 08:05:19.372, 21096, 86
2026/08/05 08:05:20.374, 21096, 100
2026/08/05 08:05:21.375, 21096, 58
2026/08/05 08:05:22.377, 21096, 100
2026/08/05 08:05:23.378, 21096, 100
2026/08/05 08:05:24.380, 21096, 100
2026/08/05 08:05:25.381, 21096, 100
2026/08/05 08:05:26.382, 21096, 100
2026/08/05 08:05:27.384, 21096, 82
2026/08/05 08:05:28.385, 21096, 100
2026/08/05 08:05:29.387, 21096, 100
2026/08/05 08:05:30.388, 21096, 84
2026/08/05 08:05:31.389, 21096, 100
2026/08/05 08:05:32.391, 21096, 100
2026/08/05 08:05:33.392, 21096, 84
2026/08/05 08:05:34.394, 21096, 100
2026/08/05 08:05:35.395, 21096, 89
2026/08/05 08:05:36.396, 21096, 100
2026/08/05 08:05:37.398, 21096, 100
2026/08/05 08:05:38.399, 21096, 100
2026/08/05 08:05:39.400, 21096, 100
2026/08/05 08:05:40.401, 21096, 100
2026/08/05 08:05:41.403, 21096, 100
2026/08/05 08:05:42.404, 21096, 100
2026/08/05 08:05:43.406, 21096, 100
2026/08/05 08:05:44.407, 21096, 100
2026/08/05 08:05:45.408, 21096, 100
2026/08/05 08:05:46.410, 21096, 100
2026/08/05 08:05:47.411, 21096, 100
2026/08/05 08:05:48.412, 21096, 100
2026/08/05 08:05:49.414, 21096, 100
2026/08/05 08:05:50.415, 21096, 100
2026/08/05 08:05:51.416, 21096, 100
2026/08/05 08:05:52.418, 21096, 100
2026/08/05 08:05:53.418, 21096, 100
2026/08/05 08:05:54.418, 21096, 100
2026/08/05 08:05:55.418, 21096, 100
2026/08/05 08:05:56.419, 21096, 100
2026/08/05 08:05:57.419, 21096, 100
2026/08/05 08:05:58.419, 21096, 100
2026/08/05 08:05:59.419, 21096, 75
2026/08/05 08:06:00.420, 21096, 100
2026/08/05 08:06:01.420, 21096, 69
2026/08/05 08:06:02.420, 21096, 100
2026/08/05 08:06:03.420, 21096, 100
2026/08/05 08:06:04.420, 21096, 100
2026/08/05 08:06:05.420, 21096, 86
2026/08/05 08:06:06.421, 21096, 100
2026/08/05 08:06:07.421, 21096, 100
2026/08/05 08:06:08.421, 21096, 100
2026/08/05 08:06:09.421, 21096, 100
2026/08/05 08:06:10.422, 21096, 100
2026/08/05 08:06:11.422, 21096, 100
2026/08/05 08:06:12.422, 21096, 100
2026/08/05 08:06:13.422, 21096, 100
2026/08/05 08:06:14.423, 21096, 100
2026/08/05 08:06:15.423, 21096, 100
2026/08/05 08:06:16.423, 21096, 100
2026/08/05 08:06:17.423, 21096, 100
2026/08/05 08:06:18.424, 21096, 100
2026/08/05 08:06:19.424, 21096, 100
2026/08/05 08:06:20.424, 21096, 100
2026/08/05 08:06:21.424, 21096, 100
2026/08/05 08:06:22.425, 21096, 100
2026/08/05 08:06:23.425, 21096, 84
2026/08/05 08:06:24.425, 21096, 100
2026/08/05 08:06:25.425, 21096, 100
2026/08/05 08:06:26.426, 21096, 100
2026/08/05 08:06:27.426, 21096, 100
2026/08/05 08:06:28.426, 21096, 100
2026/08/05 08:06:29.426, 21096, 100
2026/08/05 08:06:30.426, 21096, 100
2026/08/05 08:06:31.427, 21096, 100
2026/08/05 08:06:32.427, 21096, 100
2026/08/05 08:06:33.427, 21096, 100
2026/08/05 08:06:34.427, 21096, 100
2026/08/05 08:06:35.428, 21096, 100
2026/08/05 08:06:36.428, 21096, 100
2026/08/05 08:06:37.428, 21096, 100
2026/08/05 08:06:38.428, 21096, 85
2026/08/05 08:06:39.428, 21096, 100
2026/08/05 08:06:40.429, 21096, 100
2026/08/05 08:06:41.430, 21096, 100
2026/08/05 08:06:42.430, 21096, 100
2026/08/05 08:06:43.431, 21096, 100
2026/08/05 08:06:44.431, 21096, 100
2026/08/05 08:06:45.431, 21096, 100
2026/08/05 08:06:46.431, 21096, 100
2026/08/05 08:06:47.432, 21096, 100
2026/08/05 08:06:48.432, 21096, 100
2026/08/05 08:06:49.432, 21096, 86
2026/08/05 08:06:50.433, 21096, 100
2026/08/05 08:06:51.434, 21096, 100
2026/08/05 08:06:52.434, 21096, 85
2026/08/05 08:06:53.434, 21096, 85
2026/08/05 08:06:54.434, 21096, 86
2026/08/05 08:06:55.435, 21096, 100
2026/08/05 08:06:56.435, 21096, 100
2026/08/05 08:06:57.439, 21096, 85
2026/08/05 08:06:58.446, 21096, 100
2026/08/05 08:06:59.453, 21096, 100
2026/08/05 08:07:00.459, 21096, 82
2026/08/05 08:07:01.466, 21096, 100
2026/08/05 08:07:02.471, 21096, 87
2026/08/05 08:07:03.477, 21096, 88
2026/08/05 08:07:04.482, 21096, 86
2026/08/05 08:07:05.487, 21096, 100
2026/08/05 08:07:06.492, 21096, 100
2026/08/05 08:07:07.496, 21096, 100
2026/08/05 08:07:08.500, 21096, 100
2026/08/05 08:07:09.505, 21096, 100
2026/08/05 08:07:10.509, 21096, 80
2026/08/05 08:07:11.512, 21096, 100
2026/08/05 08:07:12.516, 21096, 100
2026/08/05 08:07:13.520, 21096, 100
2026/08/05 08:07:14.523, 21096, 100
2026/08/05 08:07:15.526, 21096, 100
2026/08/05 08:07:16.529, 21096, 100
2026/08/05 08:07:17.533, 21096, 84
2026/08/05 08:07:18.535, 21096, 100
2026/08/05 08:07:19.537, 21096, 100
2026/08/05 08:07:20.540, 21096, 100
2026/08/05 08:07:21.542, 21096, 100
2026/08/05 08:07:22.545, 21096, 80
2026/08/05 08:07:23.548, 21096, 77
2026/08/05 08:07:24.551, 21096, 100
2026/08/05 08:07:25.553, 21096, 100
2026/08/05 08:07:26.555, 21096, 100
2026/08/05 08:07:27.558, 21096, 100
2026/08/05 08:07:28.560, 21096, 100
2026/08/05 08:07:29.562, 21096, 100
2026/08/05 08:07:30.563, 21096, 100
2026/08/05 08:07:31.565, 21096, 100
2026/08/05 08:07:32.567, 21096, 100
2026/08/05 08:07:33.568, 21096, 81
2026/08/05 08:07:34.569, 21096, 100
2026/08/05 08:07:35.571, 21096, 100
2026/08/05 08:07:36.572, 21096, 100
2026/08/05 08:07:37.573, 21096, 100
2026/08/05 08:07:38.575, 21096, 100
2026/08/05 08:07:39.576, 21096, 93
2026/08/05 08:07:40.578, 21096, 100
2026/08/05 08:07:41.579, 21096, 100
2026/08/05 08:07:42.581, 21096, 100
2026/08/05 08:07:43.582, 21096, 100
2026/08/05 08:07:44.583, 21096, 84
2026/08/05 08:07:45.585, 21096, 83
2026/08/05 08:07:46.586, 21096, 100
2026/08/05 08:07:47.588, 21096, 100
2026/08/05 08:07:48.589, 21096, 100
2026/08/05 08:07:49.590, 21096, 84
2026/08/05 08:07:50.592, 21096, 100
2026/08/05 08:07:51.593, 21096, 100
2026/08/05 08:07:52.595, 21096, 80
2026/08/05 08:07:53.596, 21096, 100
2026/08/05 08:07:54.598, 21096, 100
2026/08/05 08:07:55.599, 21096, 100
2026/08/05 08:07:56.600, 21096, 100
2026/08/05 08:07:57.602, 21096, 100
2026/08/05 08:07:58.603, 21096, 82
2026/08/05 08:07:59.605, 21096, 100
2026/08/05 08:08:00.606, 21096, 100
2026/08/05 08:08:01.606, 21096, 100
2026/08/05 08:08:02.606, 21096, 100
2026/08/05 08:08:03.607, 21096, 100
2026/08/05 08:08:04.607, 21096, 63
2026/08/05 08:08:05.607, 21096, 93
2026/08/05 08:08:06.608, 21096, 98
2026/08/05 08:08:07.608, 21096, 100
2026/08/05 08:08:08.608, 21096, 81
2026/08/05 08:08:09.608, 21096, 100
2026/08/05 08:08:10.608, 21096, 100
2026/08/05 08:08:11.608, 21096, 100
2026/08/05 08:08:12.609, 21096, 100
2026/08/05 08:08:13.609, 21096, 100
2026/08/05 08:08:14.609, 21096, 86
2026/08/05 08:08:15.609, 21096, 100
2026/08/05 08:08:16.610, 21096, 100
2026/08/05 08:08:17.610, 21096, 80
2026/08/05 08:08:18.610, 21096, 100
2026/08/05 08:08:19.610, 21096, 83
2026/08/05 08:08:20.611, 21096, 100
2026/08/05 08:08:21.611, 21096, 100
2026/08/05 08:08:22.611, 21096, 100
2026/08/05 08:08:23.611, 21096, 100
2026/08/05 08:08:24.612, 21096, 100
2026/08/05 08:08:25.612, 21096, 100
2026/08/05 08:08:26.612, 21096, 100
2026/08/05 08:08:27.612, 21096, 100
2026/08/05 08:08:28.613, 21096, 100
2026/08/05 08:08:29.613, 21096, 100
2026/08/05 08:08:30.613, 21096, 100
2026/08/05 08:08:31.613, 21096, 100
2026/08/05 08:08:32.613, 21096, 100
2026/08/05 08:08:33.614, 21096, 83
2026/08/05 08:08:34.621, 21096, 100
2026/08/05 08:08:35.630, 21096, 100
2026/08/05 08:08:36.638, 21096, 100
2026/08/05 08:08:37.645, 21096, 100
2026/08/05 08:08:38.651, 21096, 100
2026/08/05 08:08:39.657, 21096, 100
2026/08/05 08:08:40.662, 21096, 100
2026/08/05 08:08:41.666, 21096, 100
2026/08/05 08:08:42.671, 21096, 100
2026/08/05 08:08:43.675, 21096, 100
2026/08/05 08:08:44.678, 21096, 56
2026/08/05 08:08:45.681, 21096, 100
2026/08/05 08:08:46.684, 21096, 85
2026/08/05 08:08:47.686, 21096, 100
2026/08/05 08:08:48.689, 21096, 64
2026/08/05 08:08:49.691, 21096, 100
2026/08/05 08:08:50.694, 21096, 82
2026/08/05 08:08:51.696, 21096, 100
2026/08/05 08:08:52.698, 21096, 100
2026/08/05 08:08:53.700, 21096, 100
2026/08/05 08:08:54.702, 21096, 100
2026/08/05 08:08:55.704, 21096, 100
2026/08/05 08:08:56.706, 21096, 100
2026/08/05 08:08:57.707, 21096, 100
2026/08/05 08:08:58.709, 21096, 100
2026/08/05 08:08:59.711, 21096, 100
2026/08/05 08:09:00.712, 21096, 100
2026/08/05 08:09:01.713, 21096, 100
2026/08/05 08:09:02.715, 21096, 100
2026/08/05 08:09:03.716, 21096, 100
2026/08/05 08:09:04.717, 21096, 100
2026/08/05 08:09:05.719, 21096, 100
2026/08/05 08:09:06.719, 21096, 82
2026/08/05 08:09:07.732, 21096, 100
2026/08/05 08:09:08.748, 21096, 100
2026/08/05 08:09:09.762, 21096, 100
2026/08/05 08:09:10.774, 21096, 100
2026/08/05 08:09:11.785, 21096, 100
2026/08/05 08:09:12.794, 21096, 87
2026/08/05 08:09:13.802, 21096, 97
2026/08/05 08:09:14.810, 21096, 100
2026/08/05 08:09:15.817, 21096, 100
2026/08/05 08:09:16.823, 21096, 100
2026/08/05 08:09:17.830, 21096, 100
2026/08/05 08:09:18.835, 21096, 100
2026/08/05 08:09:19.839, 21096, 100
2026/08/05 08:09:20.843, 21096, 100
2026/08/05 08:09:21.847, 21096, 100
2026/08/05 08:09:22.851, 21096, 100
2026/08/05 08:09:23.855, 21096, 100
2026/08/05 08:09:24.858, 21096, 100
2026/08/05 08:09:25.861, 21096, 100
2026/08/05 08:09:26.864, 21096, 100
2026/08/05 08:09:27.866, 21096, 100
2026/08/05 08:09:28.869, 21096, 100
2026/08/05 08:09:29.871, 21096, 100
2026/08/05 08:09:30.873, 21096, 100
2026/08/05 08:09:31.875, 21096, 100
2026/08/05 08:09:32.877, 21096, 100
2026/08/05 08:09:33.878, 21096, 100
2026/08/05 08:09:34.880, 21096, 100
2026/08/05 08:09:35.881, 21096, 100
2026/08/05 08:09:36.883, 21096, 100
2026/08/05 08:09:37.884, 21096, 100
2026/08/05 08:09:38.886, 21096, 100
2026/08/05 08:09:39.886, 21096, 100
2026/08/05 08:09:40.886, 21096, 100
2026/08/05 08:09:41.887, 21096, 100
2026/08/05 08:09:42.887, 21096, 100
2026/08/05 08:09:43.887, 21096, 100
2026/08/05 08:09:44.887, 21096, 85
2026/08/05 08:09:45.888, 21096, 100
2026/08/05 08:09:46.888, 21096, 100
2026/08/05 08:09:47.888, 21096, 100
2026/08/05 08:09:48.889, 21096, 100
2026/08/05 08:09:49.889, 21096, 100
2026/08/05 08:09:50.889, 21096, 81
2026/08/05 08:09:51.889, 21096, 90
2026/08/05 08:09:52.889, 21096, 100
2026/08/05 08:09:53.890, 21096, 100
2026/08/05 08:09:54.890, 21096, 95
2026/08/05 08:09:55.890, 21096, 100
2026/08/05 08:09:56.890, 21096, 100
2026/08/05 08:09:57.891, 21096, 100
2026/08/05 08:09:58.891, 21096, 100
2026/08/05 08:09:59.891, 21096, 100
2026/08/05 08:10:00.891, 21096, 100
2026/08/05 08:10:01.891, 21096, 100
2026/08/05 08:10:02.892, 21096, 100
2026/08/05 08:10:03.892, 21096, 100
2026/08/05 08:10:04.892, 21096, 100
2026/08/05 08:10:05.893, 21096, 100
2026/08/05 08:10:06.893, 21096, 100
2026/08/05 08:10:07.893, 21096, 100
2026/08/05 08:10:08.893, 21096, 100
2026/08/05 08:10:09.894, 21096, 100
2026/08/05 08:10:10.894, 21096, 100
2026/08/05 08:10:11.894, 21096, 100
2026/08/05 08:10:12.894, 21096, 100
2026/08/05 08:10:13.895, 21096, 100
2026/08/05 08:10:14.895, 21096, 100
2026/08/05 08:10:15.895, 21096, 100
2026/08/05 08:10:16.895, 21096, 87
2026/08/05 08:10:17.896, 21096, 100
2026/08/05 08:10:18.896, 21096, 86
2026/08/05 08:10:19.896, 21096, 100
2026/08/05 08:10:20.896, 21096, 70
2026/08/05 08:10:21.897, 21096, 100
2026/08/05 08:10:22.897, 21096, 100
2026/08/05 08:10:23.897, 21096, 100
2026/08/05 08:10:24.897, 21096, 100
2026/08/05 08:10:25.897, 21096, 100
2026/08/05 08:10:26.898, 21096, 100
2026/08/05 08:10:27.898, 21096, 100
2026/08/05 08:10:28.898, 21096, 84
2026/08/05 08:10:29.898, 21096, 84
2026/08/05 08:10:30.899, 21096, 100
2026/08/05 08:10:31.899, 21096, 100
2026/08/05 08:10:32.899, 21096, 100
2026/08/05 08:10:33.900, 21096, 100
2026/08/05 08:10:34.900, 21096, 100
2026/08/05 08:10:35.900, 21096, 100
2026/08/05 08:10:36.900, 21096, 100
2026/08/05 08:10:37.901, 21096, 100
2026/08/05 08:10:38.901, 21096, 100
2026/08/05 08:10:39.901, 21096, 100
2026/08/05 08:10:40.901, 21096, 100
2026/08/05 08:10:41.902, 21096, 100
2026/08/05 08:10:42.902, 21096, 100
2026/08/05 08:10:43.902, 21096, 100
2026/08/05 08:10:44.902, 21096, 100
2026/08/05 08:10:45.903, 21096, 100
2026/08/05 08:10:46.903, 21096, 90
2026/08/05 08:10:47.903, 21096, 100
2026/08/05 08:10:48.903, 21096, 100
2026/08/05 08:10:49.903, 21096, 100
2026/08/05 08:10:50.904, 21096, 100
2026/08/05 08:10:51.904, 21096, 100
2026/08/05 08:10:52.904, 21096, 100
2026/08/05 08:10:53.904, 21096, 100
2026/08/05 08:10:54.905, 21096, 100
2026/08/05 08:10:55.905, 21096, 100
2026/08/05 08:10:56.905, 21096, 100
2026/08/05 08:10:57.905, 21096, 92
2026/08/05 08:10:58.906, 21096, 100
2026/08/05 08:10:59.906, 21096, 100
2026/08/05 08:11:00.906, 21096, 100
2026/08/05 08:11:01.906, 21096, 100
2026/08/05 08:11:02.906, 21096, 100
2026/08/05 08:11:03.907, 21096, 100
2026/08/05 08:11:04.907, 21096, 100
2026/08/05 08:11:05.908, 21096, 100
2026/08/05 08:11:06.908, 21096, 84
2026/08/05 08:11:07.908, 21096, 85
2026/08/05 08:11:08.908, 21096, 100
2026/08/05 08:11:09.908, 21096, 100
2026/08/05 08:11:10.909, 21096, 100
2026/08/05 08:11:11.909, 21096, 100
2026/08/05 08:11:12.909, 21096, 100
2026/08/05 08:11:13.909, 21096, 100
2026/08/05 08:11:14.910, 21096, 100
2026/08/05 08:11:15.910, 21096, 91
2026/08/05 08:11:16.910, 21096, 90
2026/08/05 08:11:17.910, 21096, 100
2026/08/05 08:11:18.911, 21096, 100
2026/08/05 08:11:19.911, 21096, 100
2026/08/05 08:11:20.911, 21096, 100
2026/08/05 08:11:21.911, 21096, 100
2026/08/05 08:11:22.911, 21096, 100
2026/08/05 08:11:23.912, 21096, 100
2026/08/05 08:11:24.912, 21096, 100
2026/08/05 08:11:25.912, 21096, 84
2026/08/05 08:11:26.912, 21096, 100
2026/08/05 08:11:27.913, 21096, 100
2026/08/05 08:11:28.913, 21096, 100
2026/08/05 08:11:29.913, 21096, 100
2026/08/05 08:11:30.913, 21096, 100
2026/08/05 08:11:31.914, 21096, 100
2026/08/05 08:11:32.914, 21096, 100
2026/08/05 08:11:33.914, 21096, 100
2026/08/05 08:11:34.914, 21096, 100
2026/08/05 08:11:35.914, 21096, 84
2026/08/05 08:11:36.915, 21096, 100
2026/08/05 08:11:37.915, 21096, 100
2026/08/05 08:11:38.915, 21096, 100
2026/08/05 08:11:39.916, 21096, 100
2026/08/05 08:11:40.916, 21096, 100
2026/08/05 08:11:41.916, 21096, 100
2026/08/05 08:11:42.917, 21096, 100
2026/08/05 08:11:43.917, 21096, 64
2026/08/05 08:11:44.917, 21096, 100
2026/08/05 08:11:45.917, 21096, 100
2026/08/05 08:11:46.917, 21096, 100
2026/08/05 08:11:47.918, 21096, 100
2026/08/05 08:11:48.918, 21096, 100
2026/08/05 08:11:49.918, 21096, 86
2026/08/05 08:11:50.918, 21096, 100
2026/08/05 08:11:51.918, 21096, 100
2026/08/05 08:11:52.919, 21096, 100
2026/08/05 08:11:53.919, 21096, 100
2026/08/05 08:11:54.919, 21096, 100
2026/08/05 08:11:55.919, 21096, 100
2026/08/05 08:11:56.920, 21096, 100
2026/08/05 08:11:57.920, 21096, 100
2026/08/05 08:11:58.920, 21096, 100
2026/08/05 08:11:59.920, 21096, 100
2026/08/05 08:12:00.921, 21096, 100
2026/08/05 08:12:01.921, 21096, 100
2026/08/05 08:12:02.921, 21096, 100
2026/08/05 08:12:03.921, 21096, 100
2026/08/05 08:12:04.921, 21096, 100
2026/08/05 08:12:05.922, 21096, 100
2026/08/05 08:12:06.922, 21096, 100
2026/08/05 08:12:07.922, 21096, 93
2026/08/05 08:12:08.922, 21096, 84
2026/08/05 08:12:09.923, 21096, 100
2026/08/05 08:12:10.923, 21096, 100
2026/08/05 08:12:11.923, 21096, 91
2026/08/05 08:12:12.924, 21096, 100
2026/08/05 08:12:13.924, 21096, 100
2026/08/05 08:12:14.924, 21096, 100
2026/08/05 08:12:15.925, 21096, 100
2026/08/05 08:12:16.925, 21096, 100
2026/08/05 08:12:17.925, 21096, 100
2026/08/05 08:12:18.925, 21096, 100
2026/08/05 08:12:19.925, 21096, 100
2026/08/05 08:12:20.926, 21096, 100
2026/08/05 08:12:21.926, 21096, 100
2026/08/05 08:12:22.926, 21096, 100
2026/08/05 08:12:23.926, 21096, 100
2026/08/05 08:12:24.926, 21096, 100
2026/08/05 08:12:25.926, 21096, 100
2026/08/05 08:12:26.927, 21096, 100
2026/08/05 08:12:27.927, 21096, 100
2026/08/05 08:12:28.927, 21096, 100
2026/08/05 08:12:29.928, 21096, 100
2026/08/05 08:12:30.928, 21096, 100
2026/08/05 08:12:31.928, 21096, 77
2026/08/05 08:12:32.928, 21096, 100
2026/08/05 08:12:33.929, 21096, 100
2026/08/05 08:12:34.929, 21096, 100
2026/08/05 08:12:35.929, 21096, 100
2026/08/05 08:12:36.929, 21096, 100
2026/08/05 08:12:37.930, 21096, 100
2026/08/05 08:12:38.930, 21096, 100
2026/08/05 08:12:39.930, 21096, 97
2026/08/05 08:12:40.930, 21096, 100
2026/08/05 08:12:41.931, 21096, 100
2026/08/05 08:12:42.931, 21096, 100
2026/08/05 08:12:43.931, 21096, 100
2026/08/05 08:12:44.931, 21096, 100
2026/08/05 08:12:45.931, 21096, 100
2026/08/05 08:12:46.932, 21096, 100
2026/08/05 08:12:47.932, 21096, 100
2026/08/05 08:12:48.933, 21096, 100
2026/08/05 08:12:49.933, 21096, 100
2026/08/05 08:12:50.933, 21096, 80
2026/08/05 08:12:51.933, 21096, 84
2026/08/05 08:12:52.933, 21096, 100
2026/08/05 08:12:53.934, 21096, 100
2026/08/05 08:12:54.934, 21096, 100
2026/08/05 08:12:55.934, 21096, 100
2026/08/05 08:12:56.934, 21096, 100
2026/08/05 08:12:57.935, 21096, 100
2026/08/05 08:12:58.935, 21096, 100
2026/08/05 08:12:59.935, 21096, 87
2026/08/05 08:13:00.935, 21096, 100
2026/08/05 08:13:01.936, 21096, 85
2026/08/05 08:13:02.936, 21096, 100
2026/08/05 08:13:03.936, 21096, 100
2026/08/05 08:13:04.936, 21096, 100
2026/08/05 08:13:05.937, 21096, 100
2026/08/05 08:13:06.937, 21096, 100
2026/08/05 08:13:07.937, 21096, 100
2026/08/05 08:13:08.937, 21096, 100
2026/08/05 08:13:09.937, 21096, 100
2026/08/05 08:13:10.938, 21096, 100
2026/08/05 08:13:11.938, 21096, 100
2026/08/05 08:13:12.938, 21096, 100
2026/08/05 08:13:13.938, 21096, 100
2026/08/05 08:13:14.938, 21096, 100
2026/08/05 08:13:15.939, 21096, 100
2026/08/05 08:13:16.939, 21096, 100
2026/08/05 08:13:17.939, 21096, 100
2026/08/05 08:13:18.939, 21096, 100
2026/08/05 08:13:19.940, 21096, 100
2026/08/05 08:13:20.940, 21096, 100
2026/08/05 08:13:21.940, 21096, 100
2026/08/05 08:13:22.941, 21096, 100
2026/08/05 08:13:23.941, 21096, 85
2026/08/05 08:13:24.941, 21096, 100
2026/08/05 08:13:25.942, 21096, 100
2026/08/05 08:13:26.967, 21096, 100
2026/08/05 08:13:27.990, 21096, 100
2026/08/05 08:13:29.011, 21096, 78
2026/08/05 08:13:30.029, 21096, 85
2026/08/05 08:13:31.046, 21096, 100
2026/08/05 08:13:32.060, 21096, 100
2026/08/05 08:13:33.072, 21096, 100
2026/08/05 08:13:34.084, 21096, 100
2026/08/05 08:13:35.093, 21096, 100
2026/08/05 08:13:36.102, 21096, 100
2026/08/05 08:13:37.109, 21096, 100
2026/08/05 08:13:38.117, 21096, 100
2026/08/05 08:13:39.123, 21096, 100
2026/08/05 08:13:40.129, 21096, 100
2026/08/05 08:13:41.134, 21096, 85
2026/08/05 08:13:42.138, 21096, 100
2026/08/05 08:13:43.143, 21096, 100
2026/08/05 08:13:44.146, 21096, 100
2026/08/05 08:13:45.150, 21096, 100
2026/08/05 08:13:46.154, 21096, 100
2026/08/05 08:13:47.157, 21096, 100
2026/08/05 08:13:48.159, 21096, 100
2026/08/05 08:13:49.161, 21096, 83
2026/08/05 08:13:50.164, 21096, 95
2026/08/05 08:13:51.166, 21096, 100
2026/08/05 08:13:52.168, 21096, 84
2026/08/05 08:13:53.171, 21096, 100
2026/08/05 08:13:54.173, 21096, 89
2026/08/05 08:13:55.175, 21096, 100
2026/08/05 08:13:56.176, 21096, 100
2026/08/05 08:13:57.177, 21096, 100
2026/08/05 08:13:58.178, 21096, 100
2026/08/05 08:13:59.178, 21096, 100
2026/08/05 08:14:00.178, 21096, 100
2026/08/05 08:14:01.178, 21096, 100
2026/08/05 08:14:02.178, 21096, 100
2026/08/05 08:14:03.179, 21096, 100
2026/08/05 08:14:04.179, 21096, 100
2026/08/05 08:14:05.179, 21096, 100
2026/08/05 08:14:06.179, 21096, 100
2026/08/05 08:14:07.180, 21096, 100
2026/08/05 08:14:08.180, 21096, 100
2026/08/05 08:14:09.180, 21096, 100
2026/08/05 08:14:10.180, 21096, 100
2026/08/05 08:14:11.180, 21096, 100
2026/08/05 08:14:12.181, 21096, 100
2026/08/05 08:14:13.181, 21096, 100
2026/08/05 08:14:14.181, 21096, 100
2026/08/05 08:14:15.181, 21096, 84
2026/08/05 08:14:16.181, 21096, 100
2026/08/05 08:14:17.182, 21096, 100
2026/08/05 08:14:18.182, 21096, 100
2026/08/05 08:14:19.182, 21096, 100
2026/08/05 08:14:20.182, 21096, 100
2026/08/05 08:14:21.183, 21096, 100
2026/08/05 08:14:22.183, 21096, 100
2026/08/05 08:14:23.183, 21096, 100
2026/08/05 08:14:24.183, 21096, 100
2026/08/05 08:14:25.183, 21096, 100
2026/08/05 08:14:26.184, 21096, 100
2026/08/05 08:14:27.184, 21096, 100
2026/08/05 08:14:28.184, 21096, 100
2026/08/05 08:14:29.184, 21096, 100
2026/08/05 08:14:30.185, 21096, 83
2026/08/05 08:14:31.190, 21096, 100
2026/08/05 08:14:32.220, 21096, 84
2026/08/05 08:14:33.245, 21096, 100
2026/08/05 08:14:34.268, 21096, 100
2026/08/05 08:14:35.287, 21096, 100
2026/08/05 08:14:36.305, 21096, 62
2026/08/05 08:14:37.321, 21096, 84
2026/08/05 08:14:38.334, 21096, 64
2026/08/05 08:14:39.346, 21096, 100
2026/08/05 08:14:40.357, 21096, 100
2026/08/05 08:14:41.367, 21096, 83
2026/08/05 08:14:42.375, 21096, 100
2026/08/05 08:14:43.382, 21096, 100
2026/08/05 08:14:44.389, 21096, 100
2026/08/05 08:14:45.395, 21096, 82
2026/08/05 08:14:46.401, 21096, 100
2026/08/05 08:14:47.406, 21096, 83
2026/08/05 08:14:48.411, 21096, 100
2026/08/05 08:14:49.415, 21096, 84
2026/08/05 08:14:50.418, 21096, 100
2026/08/05 08:14:51.421, 21096, 100
2026/08/05 08:14:52.425, 21096, 100
2026/08/05 08:14:53.428, 21096, 100
2026/08/05 08:14:54.431, 21096, 100
2026/08/05 08:14:55.433, 21096, 100
2026/08/05 08:14:56.437, 21096, 84
2026/08/05 08:14:57.439, 21096, 100
2026/08/05 08:14:58.442, 21096, 100
2026/08/05 08:14:59.444, 21096, 85
2026/08/05 08:15:00.446, 21096, 69
2026/08/05 08:15:01.448, 21096, 100
2026/08/05 08:15:02.450, 21096, 100
2026/08/05 08:15:03.450, 21096, 100
2026/08/05 08:15:04.450, 21096, 100
2026/08/05 08:15:05.450, 21096, 100
2026/08/05 08:15:06.453, 21096, 84
2026/08/05 08:15:07.453, 21096, 100
2026/08/05 08:15:08.453, 21096, 100
2026/08/05 08:15:09.454, 21096, 100
2026/08/05 08:15:10.454, 21096, 100
2026/08/05 08:15:11.454, 21096, 100
2026/08/05 08:15:12.454, 21096, 100
2026/08/05 08:15:13.455, 21096, 100
2026/08/05 08:15:14.455, 21096, 100
2026/08/05 08:15:15.455, 21096, 100
2026/08/05 08:15:16.455, 21096, 100
2026/08/05 08:15:17.456, 21096, 84
2026/08/05 08:15:18.456, 21096, 100
2026/08/05 08:15:19.456, 21096, 100
2026/08/05 08:15:20.456, 21096, 97
2026/08/05 08:15:21.457, 21096, 100
2026/08/05 08:15:22.457, 21096, 100
2026/08/05 08:15:23.457, 21096, 100
2026/08/05 08:15:24.457, 21096, 100
2026/08/05 08:15:25.458, 21096, 74
2026/08/05 08:15:26.458, 21096, 100
2026/08/05 08:15:27.458, 21096, 100
2026/08/05 08:15:28.458, 21096, 100
2026/08/05 08:15:29.459, 21096, 100
2026/08/05 08:15:30.459, 21096, 100
2026/08/05 08:15:31.459, 21096, 100
2026/08/05 08:15:32.460, 21096, 100
2026/08/05 08:15:33.460, 21096, 100
2026/08/05 08:15:34.460, 21096, 100
2026/08/05 08:15:35.460, 21096, 100
2026/08/05 08:15:36.461, 21096, 100
2026/08/05 08:15:37.461, 21096, 100
2026/08/05 08:15:38.461, 21096, 100
2026/08/05 08:15:39.462, 21096, 100
2026/08/05 08:15:40.462, 21096, 100
2026/08/05 08:15:41.462, 21096, 100
2026/08/05 08:15:42.462, 21096, 84
2026/08/05 08:15:43.462, 21096, 100
2026/08/05 08:15:44.463, 21096, 91
2026/08/05 08:15:45.463, 21096, 100
2026/08/05 08:15:46.466, 21096, 100
2026/08/05 08:15:47.466, 21096, 100
2026/08/05 08:15:48.467, 21096, 100
2026/08/05 08:15:49.467, 21096, 100
2026/08/05 08:15:50.467, 21096, 100
2026/08/05 08:15:51.467, 21096, 100
2026/08/05 08:15:52.467, 21096, 95
2026/08/05 08:15:53.468, 21096, 99
2026/08/05 08:15:54.468, 21096, 100
2026/08/05 08:15:55.468, 21096, 100
2026/08/05 08:15:56.471, 21096, 100
2026/08/05 08:15:57.471, 21096, 100
2026/08/05 08:15:58.471, 21096, 100
2026/08/05 08:15:59.472, 21096, 100
2026/08/05 08:16:00.472, 21096, 100
2026/08/05 08:16:01.472, 21096, 100
2026/08/05 08:16:02.472, 21096, 100
2026/08/05 08:16:03.473, 21096, 100
2026/08/05 08:16:04.473, 21096, 100
2026/08/05 08:16:05.473, 21096, 100
2026/08/05 08:16:06.473, 21096, 100
2026/08/05 08:16:07.473, 21096, 100
2026/08/05 08:16:08.474, 21096, 100
2026/08/05 08:16:09.474, 21096, 100
2026/08/05 08:16:10.474, 21096, 100
2026/08/05 08:16:11.474, 21096, 100
2026/08/05 08:16:12.475, 21096, 100
2026/08/05 08:16:13.475, 21096, 100
2026/08/05 08:16:14.475, 21096, 100
2026/08/05 08:16:15.475, 21096, 100
2026/08/05 08:16:16.475, 21096, 100
2026/08/05 08:16:17.476, 21096, 84
2026/08/05 08:16:18.476, 21096, 100
2026/08/05 08:16:19.476, 21096, 100
2026/08/05 08:16:20.476, 21096, 100
2026/08/05 08:16:21.477, 21096, 100
2026/08/05 08:16:22.477, 21096, 100
2026/08/05 08:16:23.477, 21096, 100
2026/08/05 08:16:24.477, 21096, 100
2026/08/05 08:16:25.477, 21096, 100
2026/08/05 08:16:26.478, 21096, 100
2026/08/05 08:16:27.478, 21096, 100
2026/08/05 08:16:28.478, 21096, 100
2026/08/05 08:16:29.478, 21096, 100
2026/08/05 08:16:30.479, 21096, 87
2026/08/05 08:16:31.479, 21096, 93
2026/08/05 08:16:32.479, 21096, 86
2026/08/05 08:16:33.479, 21096, 100
2026/08/05 08:16:34.479, 21096, 100
2026/08/05 08:16:35.480, 21096, 100
2026/08/05 08:16:36.480, 21096, 100
2026/08/05 08:16:37.480, 21096, 100
2026/08/05 08:16:38.480, 21096, 100
2026/08/05 08:16:39.481, 21096, 100
2026/08/05 08:16:40.481, 21096, 100
2026/08/05 08:16:41.481, 21096, 100
2026/08/05 08:16:42.481, 21096, 99
2026/08/05 08:16:43.481, 21096, 84
2026/08/05 08:16:44.482, 21096, 82
2026/08/05 08:16:45.482, 21096, 100
2026/08/05 08:16:46.482, 21096, 100
2026/08/05 08:16:47.482, 21096, 100
2026/08/05 08:16:48.483, 21096, 100
2026/08/05 08:16:49.483, 21096, 100
2026/08/05 08:16:50.483, 21096, 100
2026/08/05 08:16:51.483, 21096, 100
2026/08/05 08:16:52.484, 21096, 100
2026/08/05 08:16:53.484, 21096, 100
2026/08/05 08:16:54.484, 21096, 100
2026/08/05 08:16:55.485, 21096, 100
2026/08/05 08:16:56.485, 21096, 100
2026/08/05 08:16:57.485, 21096, 100
2026/08/05 08:16:58.485, 21096, 100
2026/08/05 08:16:59.485, 21096, 100
2026/08/05 08:17:00.486, 21096, 100
2026/08/05 08:17:01.486, 21096, 91
2026/08/05 08:17:02.486, 21096, 100
2026/08/05 08:17:03.486, 21096, 100
2026/08/05 08:17:04.486, 21096, 100
2026/08/05 08:17:05.487, 21096, 100
2026/08/05 08:17:06.487, 21096, 100
2026/08/05 08:17:07.487, 21096, 100
2026/08/05 08:17:08.487, 21096, 100
2026/08/05 08:17:09.488, 21096, 100
2026/08/05 08:17:10.488, 21096, 100
2026/08/05 08:17:11.488, 21096, 100
2026/08/05 08:17:12.488, 21096, 100
2026/08/05 08:17:13.488, 21096, 100
2026/08/05 08:17:14.489, 21096, 100
2026/08/05 08:17:15.489, 21096, 100
2026/08/05 08:17:16.489, 21096, 100
2026/08/05 08:17:17.489, 21096, 100
2026/08/05 08:17:18.490, 21096, 100
2026/08/05 08:17:19.490, 21096, 84
2026/08/05 08:17:20.490, 21096, 100
2026/08/05 08:17:21.491, 21096, 85
2026/08/05 08:17:22.491, 21096, 83
2026/08/05 08:17:23.491, 21096, 100
2026/08/05 08:17:24.492, 21096, 100
2026/08/05 08:17:25.492, 21096, 100
2026/08/05 08:17:26.492, 21096, 100
2026/08/05 08:17:27.492, 21096, 100
2026/08/05 08:17:28.493, 21096, 100
2026/08/05 08:17:29.493, 21096, 100
2026/08/05 08:17:30.493, 21096, 100
2026/08/05 08:17:31.493, 21096, 100
2026/08/05 08:17:32.493, 21096, 100
2026/08/05 08:17:33.494, 21096, 100
2026/08/05 08:17:34.494, 21096, 100
2026/08/05 08:17:35.494, 21096, 87
2026/08/05 08:17:36.494, 21096, 100
2026/08/05 08:17:37.494, 21096, 100
2026/08/05 08:17:38.495, 21096, 100
2026/08/05 08:17:39.495, 21096, 89
2026/08/05 08:17:40.495, 21096, 100
2026/08/05 08:17:41.495, 21096, 100
2026/08/05 08:17:42.496, 21096, 100
2026/08/05 08:17:43.496, 21096, 100
2026/08/05 08:17:44.496, 21096, 100
2026/08/05 08:17:45.496, 21096, 100
2026/08/05 08:17:46.496, 21096, 100
2026/08/05 08:17:47.497, 21096, 100
2026/08/05 08:17:48.497, 21096, 100
2026/08/05 08:17:49.497, 21096, 100
2026/08/05 08:17:50.497, 21096, 100
2026/08/05 08:17:51.498, 21096, 100
2026/08/05 08:17:52.498, 21096, 100
2026/08/05 08:17:53.498, 21096, 100
2026/08/05 08:17:54.499, 21096, 82
2026/08/05 08:17:55.499, 21096, 100
2026/08/05 08:17:56.499, 21096, 100
2026/08/05 08:17:57.499, 21096, 100
2026/08/05 08:17:58.500, 21096, 100
2026/08/05 08:17:59.500, 21096, 100
2026/08/05 08:18:00.500, 21096, 87
2026/08/05 08:18:01.500, 21096, 100
2026/08/05 08:18:02.501, 21096, 100
2026/08/05 08:18:03.501, 21096, 100
2026/08/05 08:18:04.501, 21096, 100
2026/08/05 08:18:05.501, 21096, 86
2026/08/05 08:18:06.502, 21096, 100
2026/08/05 08:18:07.502, 21096, 100
2026/08/05 08:18:08.502, 21096, 100
2026/08/05 08:18:09.502, 21096, 100
2026/08/05 08:18:10.503, 21096, 100
2026/08/05 08:18:11.503, 21096, 100
2026/08/05 08:18:12.503, 21096, 100
2026/08/05 08:18:13.503, 21096, 100
2026/08/05 08:18:14.504, 21096, 100
2026/08/05 08:18:15.504, 21096, 100
2026/08/05 08:18:16.504, 21096, 100
2026/08/05 08:18:17.504, 21096, 100
2026/08/05 08:18:18.505, 21096, 100
2026/08/05 08:18:19.505, 21096, 100
2026/08/05 08:18:20.505, 21096, 74
2026/08/05 08:18:21.505, 21096, 91
2026/08/05 08:18:22.506, 21096, 66
2026/08/05 08:18:23.506, 21096, 83
2026/08/05 08:18:24.506, 21096, 100
2026/08/05 08:18:25.507, 21096, 100
2026/08/05 08:18:26.507, 21096, 100
2026/08/05 08:18:27.507, 21096, 100
2026/08/05 08:18:28.507, 21096, 91
2026/08/05 08:18:29.507, 21096, 100
2026/08/05 08:18:30.508, 21096, 100
2026/08/05 08:18:31.508, 21096, 86
2026/08/05 08:18:32.508, 21096, 100
2026/08/05 08:18:33.508, 21096, 100
2026/08/05 08:18:34.509, 21096, 100
2026/08/05 08:18:35.509, 21096, 100
2026/08/05 08:18:36.509, 21096, 100
2026/08/05 08:18:37.509, 21096, 100
2026/08/05 08:18:38.510, 21096, 100
2026/08/05 08:18:39.510, 21096, 100
2026/08/05 08:18:40.510, 21096, 100
2026/08/05 08:18:41.510, 21096, 100
2026/08/05 08:18:42.511, 21096, 100
2026/08/05 08:18:43.511, 21096, 100
2026/08/05 08:18:44.511, 21096, 100
2026/08/05 08:18:45.511, 21096, 100
2026/08/05 08:18:46.511, 21096, 100
2026/08/05 08:18:47.512, 21096, 100
2026/08/05 08:18:48.512, 21096, 100
2026/08/05 08:18:49.512, 21096, 100
2026/08/05 08:18:50.512, 21096, 100
2026/08/05 08:18:51.512, 21096, 100
2026/08/05 08:18:52.513, 21096, 100
2026/08/05 08:18:53.513, 21096, 100
2026/08/05 08:18:54.513, 21096, 67
2026/08/05 08:18:55.513, 21096, 100
2026/08/05 08:18:56.514, 21096, 100
2026/08/05 08:18:57.514, 21096, 86
2026/08/05 08:18:58.514, 21096, 100
2026/08/05 08:18:59.514, 21096, 100
2026/08/05 08:19:00.515, 21096, 100
2026/08/05 08:19:01.515, 21096, 100
2026/08/05 08:19:02.515, 21096, 100
2026/08/05 08:19:03.515, 21096, 100
2026/08/05 08:19:04.516, 21096, 100
2026/08/05 08:19:05.516, 21096, 82
2026/08/05 08:19:06.516, 21096, 100
2026/08/05 08:19:07.516, 21096, 100
2026/08/05 08:19:08.516, 21096, 100
2026/08/05 08:19:09.517, 21096, 100
2026/08/05 08:19:10.517, 21096, 100
2026/08/05 08:19:11.517, 21096, 100
2026/08/05 08:19:12.517, 21096, 100
2026/08/05 08:19:13.517, 21096, 100
2026/08/05 08:19:14.518, 21096, 100
2026/08/05 08:19:15.518, 21096, 100
2026/08/05 08:19:16.518, 21096, 100
2026/08/05 08:19:17.518, 21096, 100
2026/08/05 08:19:18.519, 21096, 100
2026/08/05 08:19:19.519, 21096, 100
2026/08/05 08:19:20.519, 21096, 100
2026/08/05 08:19:21.519, 21096, 83
2026/08/05 08:19:22.519, 21096, 84
2026/08/05 08:19:23.520, 21096, 100
2026/08/05 08:19:24.520, 21096, 100
2026/08/05 08:19:25.520, 21096, 100
2026/08/05 08:19:26.520, 21096, 100
2026/08/05 08:19:27.520, 21096, 100
2026/08/05 08:19:28.521, 21096, 100
2026/08/05 08:19:29.521, 21096, 100
2026/08/05 08:19:30.521, 21096, 100
2026/08/05 08:19:31.521, 21096, 100
2026/08/05 08:19:32.521, 21096, 100
2026/08/05 08:19:33.522, 21096, 100
2026/08/05 08:19:34.522, 21096, 100
2026/08/05 08:19:35.522, 21096, 100
2026/08/05 08:19:36.522, 21096, 100
2026/08/05 08:19:37.522, 21096, 100
2026/08/05 08:19:38.523, 21096, 100
2026/08/05 08:19:39.523, 21096, 100
2026/08/05 08:19:40.523, 21096, 100
2026/08/05 08:19:41.523, 21096, 100
2026/08/05 08:19:42.524, 21096, 100
2026/08/05 08:19:43.524, 21096, 100
2026/08/05 08:19:44.524, 21096, 100
2026/08/05 08:19:45.524, 21096, 100
2026/08/05 08:19:46.525, 21096, 86
2026/08/05 08:19:47.525, 21096, 100
2026/08/05 08:19:48.525, 21096, 100
2026/08/05 08:19:49.525, 21096, 100
2026/08/05 08:19:50.525, 21096, 100
2026/08/05 08:19:51.526, 21096, 84
2026/08/05 08:19:52.526, 21096, 100
2026/08/05 08:19:53.526, 21096, 100
2026/08/05 08:19:54.526, 21096, 100
2026/08/05 08:19:55.526, 21096, 100
2026/08/05 08:19:56.527, 21096, 84
2026/08/05 08:19:57.527, 21096, 100
2026/08/05 08:19:58.527, 21096, 89
2026/08/05 08:19:59.528, 21096, 84
2026/08/05 08:20:00.528, 21096, 100
2026/08/05 08:20:01.528, 21096, 84
2026/08/05 08:20:02.528, 21096, 100
2026/08/05 08:20:03.529, 21096, 100
2026/08/05 08:20:04.529, 21096, 100
2026/08/05 08:20:05.530, 21096, 100
2026/08/05 08:20:06.530, 21096, 100
2026/08/05 08:20:07.530, 21096, 100
2026/08/05 08:20:08.531, 21096, 100
2026/08/05 08:20:09.531, 21096, 100
2026/08/05 08:20:10.531, 21096, 100
2026/08/05 08:20:11.532, 21096, 100
2026/08/05 08:20:12.532, 21096, 97
2026/08/05 08:20:13.532, 21096, 100
2026/08/05 08:20:14.533, 21096, 100
2026/08/05 08:20:15.533, 21096, 100
2026/08/05 08:20:16.533, 21096, 100
2026/08/05 08:20:17.534, 21096, 100
2026/08/05 08:20:18.534, 21096, 100
2026/08/05 08:20:19.534, 21096, 100
2026/08/05 08:20:20.534, 21096, 100
2026/08/05 08:20:21.535, 21096, 100
2026/08/05 08:20:22.535, 21096, 75
2026/08/05 08:20:23.536, 21096, 84
2026/08/05 08:20:24.536, 21096, 100
2026/08/05 08:20:25.536, 21096, 100
2026/08/05 08:20:26.537, 21096, 100
2026/08/05 08:20:27.544, 21096, 85
2026/08/05 08:20:28.555, 21096, 100
2026/08/05 08:20:29.564, 21096, 86
2026/08/05 08:20:30.573, 21096, 100
2026/08/05 08:20:31.580, 21096, 100
2026/08/05 08:20:32.587, 21096, 100
2026/08/05 08:20:33.593, 21096, 100
2026/08/05 08:20:34.598, 21096, 100
2026/08/05 08:20:35.602, 21096, 100
2026/08/05 08:20:36.607, 21096, 100
2026/08/05 08:20:37.611, 21096, 100
2026/08/05 08:20:38.615, 21096, 100
2026/08/05 08:20:39.618, 21096, 100
2026/08/05 08:20:40.622, 21096, 100
2026/08/05 08:20:41.625, 21096, 100
2026/08/05 08:20:42.627, 21096, 85
2026/08/05 08:20:43.630, 21096, 100
2026/08/05 08:20:44.632, 21096, 100
2026/08/05 08:20:45.635, 21096, 100
2026/08/05 08:20:46.637, 21096, 100
2026/08/05 08:20:47.639, 21096, 100
2026/08/05 08:20:48.640, 21096, 100
2026/08/05 08:20:49.642, 21096, 85
2026/08/05 08:20:50.643, 21096, 100
2026/08/05 08:20:51.644, 21096, 100
2026/08/05 08:20:52.646, 21096, 86
2026/08/05 08:20:53.647, 21096, 100
2026/08/05 08:20:54.649, 21096, 86
2026/08/05 08:20:55.650, 21096, 100
2026/08/05 08:20:56.652, 21096, 100
2026/08/05 08:20:57.653, 21096, 100
2026/08/05 08:20:58.654, 21096, 70
2026/08/05 08:20:59.656, 21096, 100
2026/08/05 08:21:00.675, 21096, 100
2026/08/05 08:21:01.701, 21096, 100
2026/08/05 08:21:02.724, 21096, 100
2026/08/05 08:21:03.744, 21096, 85
2026/08/05 08:21:04.762, 21096, 100
2026/08/05 08:21:05.777, 21096, 100
2026/08/05 08:21:06.790, 21096, 100
2026/08/05 08:21:07.802, 21096, 100
2026/08/05 08:21:08.814, 21096, 100
2026/08/05 08:21:09.823, 21096, 100
2026/08/05 08:21:10.832, 21096, 100
2026/08/05 08:21:11.840, 21096, 100
2026/08/05 08:21:12.847, 21096, 100
2026/08/05 08:21:13.852, 21096, 100
2026/08/05 08:21:14.858, 21096, 100
2026/08/05 08:21:15.863, 21096, 100
2026/08/05 08:21:16.867, 21096, 100
2026/08/05 08:21:17.871, 21096, 94
2026/08/05 08:21:18.875, 21096, 98
2026/08/05 08:21:19.878, 21096, 100
2026/08/05 08:21:20.882, 21096, 100
2026/08/05 08:21:21.885, 21096, 100
2026/08/05 08:21:22.888, 21096, 100
2026/08/05 08:21:23.890, 21096, 100
2026/08/05 08:21:24.893, 21096, 3
2026/08/05 08:21:25.895, 21096, 100
2026/08/05 08:21:26.897, 21096, 86
2026/08/05 08:21:27.900, 21096, 100
2026/08/05 08:21:28.902, 21096, 100
2026/08/05 08:21:29.904, 21096, 100
2026/08/05 08:21:30.905, 21096, 100
2026/08/05 08:21:31.906, 21096, 100
2026/08/05 08:21:32.907, 21096, 100
2026/08/05 08:21:33.907, 21096, 100
2026/08/05 08:21:34.907, 21096, 100
2026/08/05 08:21:35.907, 21096, 100
2026/08/05 08:21:36.908, 21096, 100
2026/08/05 08:21:37.908, 21096, 100
2026/08/05 08:21:38.908, 21096, 100
2026/08/05 08:21:39.909, 21096, 100
2026/08/05 08:21:40.909, 21096, 100
2026/08/05 08:21:41.909, 21096, 89
2026/08/05 08:21:42.909, 21096, 100
2026/08/05 08:21:43.910, 21096, 100
2026/08/05 08:21:44.910, 21096, 100
2026/08/05 08:21:45.910, 21096, 100
2026/08/05 08:21:46.910, 21096, 100
2026/08/05 08:21:47.911, 21096, 70
2026/08/05 08:21:48.911, 21096, 100
2026/08/05 08:21:49.911, 21096, 100
2026/08/05 08:21:50.912, 21096, 100
2026/08/05 08:21:51.912, 21096, 100
2026/08/05 08:21:52.912, 21096, 100
2026/08/05 08:21:53.912, 21096, 100
2026/08/05 08:21:54.913, 21096, 100
2026/08/05 08:21:55.913, 21096, 62
2026/08/05 08:21:56.913, 21096, 85
2026/08/05 08:21:57.913, 21096, 100
2026/08/05 08:21:58.913, 21096, 100
2026/08/05 08:21:59.914, 21096, 100
2026/08/05 08:22:00.914, 21096, 98
2026/08/05 08:22:01.914, 21096, 100
2026/08/05 08:22:02.914, 21096, 100
2026/08/05 08:22:03.915, 21096, 100
2026/08/05 08:22:04.915, 21096, 100
2026/08/05 08:22:05.915, 21096, 100
2026/08/05 08:22:06.915, 21096, 100
2026/08/05 08:22:07.916, 21096, 63
2026/08/05 08:22:08.916, 21096, 84
2026/08/05 08:22:09.916, 21096, 100
2026/08/05 08:22:10.916, 21096, 100
2026/08/05 08:22:11.916, 21096, 100
2026/08/05 08:22:12.916, 21096, 100
2026/08/05 08:22:13.917, 21096, 100
2026/08/05 08:22:14.917, 21096, 100
2026/08/05 08:22:15.917, 21096, 100
2026/08/05 08:22:16.917, 21096, 100
2026/08/05 08:22:17.918, 21096, 100
2026/08/05 08:22:18.918, 21096, 100
2026/08/05 08:22:19.918, 21096, 100
2026/08/05 08:22:20.919, 21096, 95
2026/08/05 08:22:21.919, 21096, 100
2026/08/05 08:22:22.919, 21096, 100
2026/08/05 08:22:23.919, 21096, 100
2026/08/05 08:22:24.920, 21096, 100
2026/08/05 08:22:25.920, 21096, 100
2026/08/05 08:22:26.920, 21096, 85
2026/08/05 08:22:27.920, 21096, 63
2026/08/05 08:22:28.920, 21096, 87
2026/08/05 08:22:29.921, 21096, 100
2026/08/05 08:22:30.921, 21096, 100
2026/08/05 08:22:31.921, 21096, 93
2026/08/05 08:22:32.921, 21096, 100
2026/08/05 08:22:33.921, 21096, 100
2026/08/05 08:22:34.922, 21096, 100
2026/08/05 08:22:35.922, 21096, 100
2026/08/05 08:22:36.922, 21096, 62
2026/08/05 08:22:37.922, 21096, 100
2026/08/05 08:22:38.946, 21096, 100
2026/08/05 08:22:39.969, 21096, 83
2026/08/05 08:22:40.989, 21096, 85
2026/08/05 08:22:42.007, 21096, 100
2026/08/05 08:22:43.023, 21096, 100
2026/08/05 08:22:44.037, 21096, 100
2026/08/05 08:22:45.049, 21096, 100
2026/08/05 08:22:46.060, 21096, 100
2026/08/05 08:22:47.070, 21096, 100
2026/08/05 08:22:48.078, 21096, 100
2026/08/05 08:22:49.085, 21096, 100
2026/08/05 08:22:50.092, 21096, 100
2026/08/05 08:22:51.099, 21096, 81
2026/08/05 08:22:52.104, 21096, 100
2026/08/05 08:22:53.109, 21096, 100
2026/08/05 08:22:54.114, 21096, 100
2026/08/05 08:22:55.118, 21096, 100
2026/08/05 08:22:56.122, 21096, 100
2026/08/05 08:22:57.125, 21096, 100
2026/08/05 08:22:58.129, 21096, 100
2026/08/05 08:22:59.132, 21096, 63
2026/08/05 08:23:00.137, 21096, 83
2026/08/05 08:23:01.140, 21096, 100
2026/08/05 08:23:02.142, 21096, 100
2026/08/05 08:23:03.144, 21096, 100
2026/08/05 08:23:04.146, 21096, 100
2026/08/05 08:23:05.148, 21096, 97
2026/08/05 08:23:06.150, 21096, 100
2026/08/05 08:23:07.152, 21096, 100
2026/08/05 08:23:08.153, 21096, 100
2026/08/05 08:23:09.154, 21096, 100
2026/08/05 08:23:10.156, 21096, 100
2026/08/05 08:23:11.160, 21096, 100
2026/08/05 08:23:12.177, 21096, 100
2026/08/05 08:23:13.191, 21096, 100
2026/08/05 08:23:14.204, 21096, 100
2026/08/05 08:23:15.215, 21096, 84
2026/08/05 08:23:16.226, 21096, 86
2026/08/05 08:23:17.234, 21096, 100
2026/08/05 08:23:18.242, 21096, 100
2026/08/05 08:23:19.250, 21096, 100
2026/08/05 08:23:20.256, 21096, 100
2026/08/05 08:23:21.261, 21096, 100
2026/08/05 08:23:22.267, 21096, 100
2026/08/05 08:23:23.271, 21096, 100
2026/08/05 08:23:24.276, 21096, 100
2026/08/05 08:23:25.279, 21096, 100
2026/08/05 08:23:26.282, 21096, 100
2026/08/05 08:23:27.286, 21096, 100
2026/08/05 08:23:28.289, 21096, 100
2026/08/05 08:23:29.291, 21096, 100
2026/08/05 08:23:30.293, 21096, 100
2026/08/05 08:23:31.296, 21096, 100
2026/08/05 08:23:32.298, 21096, 100
2026/08/05 08:23:33.300, 21096, 97
2026/08/05 08:23:34.303, 21096, 100
2026/08/05 08:23:35.305, 21096, 100
2026/08/05 08:23:36.308, 21096, 100
2026/08/05 08:23:37.309, 21096, 100
2026/08/05 08:23:38.310, 21096, 100
2026/08/05 08:23:39.312, 21096, 100
2026/08/05 08:23:40.313, 21096, 100
2026/08/05 08:23:41.314, 21096, 100
2026/08/05 08:23:42.316, 21096, 100
2026/08/05 08:23:43.316, 21096, 100
2026/08/05 08:23:44.316, 21096, 84
2026/08/05 08:23:45.316, 21096, 100
2026/08/05 08:23:46.317, 21096, 99
2026/08/05 08:23:47.317, 21096, 100
2026/08/05 08:23:48.317, 21096, 100
2026/08/05 08:23:49.317, 21096, 100
2026/08/05 08:23:50.317, 21096, 100
2026/08/05 08:23:51.318, 21096, 100
2026/08/05 08:23:52.318, 21096, 100
2026/08/05 08:23:53.318, 21096, 84
2026/08/05 08:23:54.318, 21096, 100
2026/08/05 08:23:55.319, 21096, 100
2026/08/05 08:23:56.319, 21096, 100
2026/08/05 08:23:57.319, 21096, 100
2026/08/05 08:23:58.319, 21096, 63
2026/08/05 08:23:59.319, 21096, 84
2026/08/05 08:24:00.320, 21096, 100
2026/08/05 08:24:01.320, 21096, 100
2026/08/05 08:24:02.320, 21096, 100
2026/08/05 08:24:03.320, 21096, 85
2026/08/05 08:24:04.320, 21096, 100
2026/08/05 08:24:05.320, 21096, 100
2026/08/05 08:24:06.321, 21096, 83
2026/08/05 08:24:07.321, 21096, 100
2026/08/05 08:24:08.321, 21096, 100
2026/08/05 08:24:09.321, 21096, 100
2026/08/05 08:24:10.322, 21096, 100
2026/08/05 08:24:11.322, 21096, 100
2026/08/05 08:24:12.322, 21096, 100
2026/08/05 08:24:13.322, 21096, 100
2026/08/05 08:24:14.322, 21096, 100
2026/08/05 08:24:15.323, 21096, 100
2026/08/05 08:24:16.323, 21096, 100
2026/08/05 08:24:17.324, 21096, 100
2026/08/05 08:24:18.325, 21096, 100
2026/08/05 08:24:19.327, 21096, 100
2026/08/05 08:24:20.328, 21096, 100
2026/08/05 08:24:21.330, 21096, 100
2026/08/05 08:24:22.331, 21096, 100
2026/08/05 08:24:23.332, 21096, 84
2026/08/05 08:24:24.334, 21096, 100
2026/08/05 08:24:25.335, 21096, 100
2026/08/05 08:24:26.336, 21096, 100
2026/08/05 08:24:27.338, 21096, 100
2026/08/05 08:24:28.338, 21096, 100
2026/08/05 08:24:29.339, 21096, 100
2026/08/05 08:24:30.340, 21096, 84
2026/08/05 08:24:31.340, 21096, 100
2026/08/05 08:24:32.340, 21096, 100
2026/08/05 08:24:33.340, 21096, 100
2026/08/05 08:24:34.340, 21096, 100
2026/08/05 08:24:35.341, 21096, 100
2026/08/05 08:24:36.341, 21096, 100
2026/08/05 08:24:37.341, 21096, 100
2026/08/05 08:24:38.341, 21096, 100
2026/08/05 08:24:39.342, 21096, 100
2026/08/05 08:24:40.342, 21096, 100
2026/08/05 08:24:41.342, 21096, 100
2026/08/05 08:24:42.342, 21096, 100
2026/08/05 08:24:43.343, 21096, 100
2026/08/05 08:24:44.343, 21096, 100
2026/08/05 08:24:45.343, 21096, 100
2026/08/05 08:24:46.343, 21096, 100
2026/08/05 08:24:47.344, 21096, 100
2026/08/05 08:24:48.344, 21096, 100
2026/08/05 08:24:49.344, 21096, 92
2026/08/05 08:24:50.344, 21096, 100
2026/08/05 08:24:51.344, 21096, 100
2026/08/05 08:24:52.345, 21096, 100
2026/08/05 08:24:53.345, 21096, 100
2026/08/05 08:24:54.345, 21096, 100
2026/08/05 08:24:55.345, 21096, 89
2026/08/05 08:24:56.346, 21096, 100
2026/08/05 08:24:57.346, 21096, 100
2026/08/05 08:24:58.346, 21096, 63
2026/08/05 08:24:59.346, 21096, 100
2026/08/05 08:25:00.347, 21096, 100
2026/08/05 08:25:01.347, 21096, 100
2026/08/05 08:25:02.347, 21096, 96
2026/08/05 08:25:03.347, 21096, 85
2026/08/05 08:25:04.348, 21096, 100
2026/08/05 08:25:05.348, 21096, 100
2026/08/05 08:25:06.349, 21096, 100
2026/08/05 08:25:07.349, 21096, 100
2026/08/05 08:25:08.349, 21096, 100
2026/08/05 08:25:09.349, 21096, 86
2026/08/05 08:25:10.349, 21096, 100
2026/08/05 08:25:11.350, 21096, 100
2026/08/05 08:25:12.350, 21096, 100
2026/08/05 08:25:13.350, 21096, 100
2026/08/05 08:25:14.350, 21096, 100
2026/08/05 08:25:15.351, 21096, 100
2026/08/05 08:25:16.351, 21096, 70
2026/08/05 08:25:17.351, 21096, 100
2026/08/05 08:25:18.351, 21096, 100
2026/08/05 08:25:19.352, 21096, 86
2026/08/05 08:25:20.352, 21096, 100
2026/08/05 08:25:21.354, 21096, 100
2026/08/05 08:25:22.357, 21096, 100
2026/08/05 08:25:23.361, 21096, 100
2026/08/05 08:25:24.365, 21096, 100
2026/08/05 08:25:25.368, 21096, 85
2026/08/05 08:25:26.372, 21096, 100
2026/08/05 08:25:27.375, 21096, 100
2026/08/05 08:25:28.379, 21096, 100
2026/08/05 08:25:29.381, 21096, 100
2026/08/05 08:25:30.384, 21096, 100
2026/08/05 08:25:31.386, 21096, 100
2026/08/05 08:25:32.389, 21096, 100
2026/08/05 08:25:33.392, 21096, 100
2026/08/05 08:25:34.394, 21096, 100
2026/08/05 08:25:35.396, 21096, 85
2026/08/05 08:25:36.399, 21096, 100
2026/08/05 08:25:37.400, 21096, 100
2026/08/05 08:25:38.402, 21096, 100
2026/08/05 08:25:39.404, 21096, 100
2026/08/05 08:25:40.405, 21096, 100
2026/08/05 08:25:41.406, 21096, 100
2026/08/05 08:25:42.408, 21096, 100
2026/08/05 08:25:43.410, 21096, 100
2026/08/05 08:25:44.411, 21096, 83
2026/08/05 08:25:45.412, 21096, 100
2026/08/05 08:25:46.413, 21096, 100
2026/08/05 08:25:47.415, 21096, 84
2026/08/05 08:25:48.416, 21096, 100
2026/08/05 08:25:49.418, 21096, 84
2026/08/05 08:25:50.419, 21096, 100
2026/08/05 08:25:51.421, 21096, 100
2026/08/05 08:25:52.422, 21096, 100
2026/08/05 08:25:53.423, 21096, 100
2026/08/05 08:25:54.425, 21096, 100
2026/08/05 08:25:55.426, 21096, 100
2026/08/05 08:25:56.428, 21096, 100
2026/08/05 08:25:57.429, 21096, 100
2026/08/05 08:25:58.431, 21096, 100
2026/08/05 08:25:59.431, 21096, 100
2026/08/05 08:26:00.433, 21096, 100
2026/08/05 08:26:01.434, 21096, 100
2026/08/05 08:26:02.436, 21096, 100
2026/08/05 08:26:03.437, 21096, 100
2026/08/05 08:26:04.438, 21096, 100
2026/08/05 08:26:05.440, 21096, 84
2026/08/05 08:26:06.441, 21096, 100
2026/08/05 08:26:07.442, 21096, 100
2026/08/05 08:26:08.444, 21096, 100
2026/08/05 08:26:09.445, 21096, 100
2026/08/05 08:26:10.447, 21096, 100
2026/08/05 08:26:11.448, 21096, 100
2026/08/05 08:26:12.449, 21096, 100
2026/08/05 08:26:13.451, 21096, 100
2026/08/05 08:26:14.452, 21096, 100
2026/08/05 08:26:15.454, 21096, 100
2026/08/05 08:26:16.455, 21096, 100
2026/08/05 08:26:17.456, 21096, 100
2026/08/05 08:26:18.457, 21096, 100
2026/08/05 08:26:19.458, 21096, 84
2026/08/05 08:26:20.460, 21096, 100
2026/08/05 08:26:21.460, 21096, 100
2026/08/05 08:26:22.461, 21096, 100
2026/08/05 08:26:23.461, 21096, 100
2026/08/05 08:26:24.461, 21096, 100
2026/08/05 08:26:25.463, 21096, 100
2026/08/05 08:26:26.466, 21096, 100
2026/08/05 08:26:27.471, 21096, 100
2026/08/05 08:26:28.477, 21096, 100
2026/08/05 08:26:29.483, 21096, 100
2026/08/05 08:26:30.488, 21096, 100
2026/08/05 08:26:31.493, 21096, 100
2026/08/05 08:26:32.498, 21096, 100
2026/08/05 08:26:33.502, 21096, 100
2026/08/05 08:26:34.506, 21096, 84
2026/08/05 08:26:35.510, 21096, 100
2026/08/05 08:26:36.514, 21096, 100
2026/08/05 08:26:37.518, 21096, 100
2026/08/05 08:26:38.521, 21096, 84
2026/08/05 08:26:39.524, 21096, 100
2026/08/05 08:26:40.528, 21096, 100
2026/08/05 08:26:41.531, 21096, 100
2026/08/05 08:26:42.535, 21096, 100
2026/08/05 08:26:43.539, 21096, 100
2026/08/05 08:26:44.541, 21096, 100
2026/08/05 08:26:45.543, 21096, 100
2026/08/05 08:26:46.546, 21096, 100
2026/08/05 08:26:47.548, 21096, 100
2026/08/05 08:26:48.550, 21096, 100
2026/08/05 08:26:49.553, 21096, 93
2026/08/05 08:26:50.555, 21096, 100
2026/08/05 08:26:51.557, 21096, 82
2026/08/05 08:26:52.560, 21096, 100
2026/08/05 08:26:53.565, 21096, 100
2026/08/05 08:26:54.567, 21096, 100
2026/08/05 08:26:55.569, 21096, 100
2026/08/05 08:26:56.572, 21096, 100
2026/08/05 08:26:57.574, 21096, 84
2026/08/05 08:26:58.576, 21096, 100
2026/08/05 08:26:59.577, 21096, 100
2026/08/05 08:27:00.578, 21096, 100
2026/08/05 08:27:01.580, 21096, 100
2026/08/05 08:27:02.581, 21096, 100
2026/08/05 08:27:03.582, 21096, 100
2026/08/05 08:27:04.584, 21096, 100
2026/08/05 08:27:05.585, 21096, 83
2026/08/05 08:27:06.586, 21096, 84
2026/08/05 08:27:07.588, 21096, 100
2026/08/05 08:27:08.589, 21096, 83
2026/08/05 08:27:09.591, 21096, 100
2026/08/05 08:27:10.592, 21096, 100
2026/08/05 08:27:11.593, 21096, 100
2026/08/05 08:27:12.595, 21096, 100
2026/08/05 08:27:13.596, 21096, 100
2026/08/05 08:27:14.597, 21096, 100
2026/08/05 08:27:15.599, 21096, 100
2026/08/05 08:27:16.600, 21096, 100
2026/08/05 08:27:17.602, 21096, 100
2026/08/05 08:27:18.603, 21096, 100
2026/08/05 08:27:19.604, 21096, 100
2026/08/05 08:27:20.606, 21096, 100
2026/08/05 08:27:21.607, 21096, 100
2026/08/05 08:27:22.609, 21096, 100
2026/08/05 08:27:23.610, 21096, 100
2026/08/05 08:27:24.612, 21096, 100
2026/08/05 08:27:25.613, 21096, 100
2026/08/05 08:27:26.614, 21096, 100
2026/08/05 08:27:27.616, 21096, 100
2026/08/05 08:27:28.617, 21096, 100
2026/08/05 08:27:29.618, 21096, 100
2026/08/05 08:27:30.618, 21096, 63
2026/08/05 08:27:31.619, 21096, 100
2026/08/05 08:27:32.619, 21096, 89
2026/08/05 08:27:33.619, 21096, 100
2026/08/05 08:27:34.619, 21096, 100
2026/08/05 08:27:35.619, 21096, 100
2026/08/05 08:27:36.620, 21096, 100
2026/08/05 08:27:37.620, 21096, 100
2026/08/05 08:27:38.620, 21096, 100
2026/08/05 08:27:39.620, 21096, 82
2026/08/05 08:27:40.621, 21096, 100
2026/08/05 08:27:41.621, 21096, 100
2026/08/05 08:27:42.621, 21096, 100
2026/08/05 08:27:43.621, 21096, 100
2026/08/05 08:27:44.621, 21096, 100
2026/08/05 08:27:45.622, 21096, 100
2026/08/05 08:27:46.622, 21096, 100
2026/08/05 08:27:47.622, 21096, 100
2026/08/05 08:27:48.623, 21096, 100
2026/08/05 08:27:49.623, 21096, 100
2026/08/05 08:27:50.623, 21096, 100
2026/08/05 08:27:51.623, 21096, 62
2026/08/05 08:27:52.623, 21096, 100
2026/08/05 08:27:53.624, 21096, 100
2026/08/05 08:27:54.624, 21096, 100
2026/08/05 08:27:55.624, 21096, 100
2026/08/05 08:27:56.625, 21096, 100
2026/08/05 08:27:57.625, 21096, 100
2026/08/05 08:27:58.625, 21096, 100
2026/08/05 08:27:59.625, 21096, 100
2026/08/05 08:28:00.626, 21096, 100
2026/08/05 08:28:01.626, 21096, 100
2026/08/05 08:28:02.626, 21096, 84
2026/08/05 08:28:03.627, 21096, 100
2026/08/05 08:28:04.627, 21096, 81
2026/08/05 08:28:05.627, 21096, 100
2026/08/05 08:28:06.628, 21096, 100
2026/08/05 08:28:07.628, 21096, 80
2026/08/05 08:28:08.628, 21096, 100
2026/08/05 08:28:09.628, 21096, 100
2026/08/05 08:28:10.628, 21096, 100
2026/08/05 08:28:11.629, 21096, 82
2026/08/05 08:28:12.629, 21096, 100
2026/08/05 08:28:13.629, 21096, 100
2026/08/05 08:28:14.629, 21096, 100
2026/08/05 08:28:15.630, 21096, 100
2026/08/05 08:28:16.630, 21096, 81
2026/08/05 08:28:17.630, 21096, 100
2026/08/05 08:28:18.630, 21096, 100
2026/08/05 08:28:19.631, 21096, 100
2026/08/05 08:28:20.631, 21096, 100
2026/08/05 08:28:21.631, 21096, 100
2026/08/05 08:28:22.631, 21096, 100
2026/08/05 08:28:23.632, 21096, 100
2026/08/05 08:28:24.632, 21096, 100
2026/08/05 08:28:25.632, 21096, 100
2026/08/05 08:28:26.633, 21096, 100
2026/08/05 08:28:27.633, 21096, 100
2026/08/05 08:28:28.633, 21096, 100
2026/08/05 08:28:29.633, 21096, 100
2026/08/05 08:28:30.633, 21096, 100
2026/08/05 08:28:31.634, 21096, 100
2026/08/05 08:28:32.634, 21096, 100
2026/08/05 08:28:33.634, 21096, 100
2026/08/05 08:28:34.634, 21096, 100
2026/08/05 08:28:35.635, 21096, 100
2026/08/05 08:28:36.635, 21096, 100
2026/08/05 08:28:37.635, 21096, 100
2026/08/05 08:28:38.635, 21096, 100
2026/08/05 08:28:39.636, 21096, 100
2026/08/05 08:28:40.636, 21096, 100
2026/08/05 08:28:41.636, 21096, 100
2026/08/05 08:28:42.636, 21096, 100
2026/08/05 08:28:43.637, 21096, 100
2026/08/05 08:28:44.637, 21096, 100
2026/08/05 08:28:45.637, 21096, 100
2026/08/05 08:28:46.637, 21096, 100
2026/08/05 08:28:47.638, 21096, 100
2026/08/05 08:28:48.638, 21096, 100
2026/08/05 08:28:49.638, 21096, 84
2026/08/05 08:28:50.639, 21096, 100
2026/08/05 08:28:51.639, 21096, 100
2026/08/05 08:28:52.639, 21096, 100
2026/08/05 08:28:53.639, 21096, 100
2026/08/05 08:28:54.640, 21096, 100
2026/08/05 08:28:55.640, 21096, 85
2026/08/05 08:28:56.640, 21096, 100
2026/08/05 08:28:57.641, 21096, 100
2026/08/05 08:28:58.641, 21096, 96
2026/08/05 08:28:59.641, 21096, 100
2026/08/05 08:29:00.641, 21096, 100
2026/08/05 08:29:01.641, 21096, 100
2026/08/05 08:29:02.642, 21096, 100
2026/08/05 08:29:03.642, 21096, 100
2026/08/05 08:29:04.642, 21096, 100
2026/08/05 08:29:05.643, 21096, 68
2026/08/05 08:29:06.643, 21096, 100
2026/08/05 08:29:07.643, 21096, 100
2026/08/05 08:29:08.643, 21096, 84
2026/08/05 08:29:09.644, 21096, 100
2026/08/05 08:29:10.644, 21096, 100
2026/08/05 08:29:11.644, 21096, 100
2026/08/05 08:29:12.645, 21096, 100
2026/08/05 08:29:13.645, 21096, 100
2026/08/05 08:29:14.645, 21096, 83
2026/08/05 08:29:15.645, 21096, 100
2026/08/05 08:29:16.646, 21096, 100
2026/08/05 08:29:17.646, 21096, 100
2026/08/05 08:29:18.647, 21096, 100
2026/08/05 08:29:19.647, 21096, 86
2026/08/05 08:29:20.647, 21096, 88
2026/08/05 08:29:21.647, 21096, 64
2026/08/05 08:29:22.648, 21096, 100
2026/08/05 08:29:23.648, 21096, 100
2026/08/05 08:29:24.648, 21096, 100
2026/08/05 08:29:25.648, 21096, 82
2026/08/05 08:29:26.649, 21096, 99
2026/08/05 08:29:27.649, 21096, 100
2026/08/05 08:29:28.649, 21096, 100
2026/08/05 08:29:29.649, 21096, 100
2026/08/05 08:29:30.650, 21096, 100
2026/08/05 08:29:31.650, 21096, 100
2026/08/05 08:29:32.650, 21096, 85
2026/08/05 08:29:33.651, 21096, 100
2026/08/05 08:29:34.651, 21096, 84
2026/08/05 08:29:35.651, 21096, 100
2026/08/05 08:29:36.651, 21096, 100
2026/08/05 08:29:37.652, 21096, 100
2026/08/05 08:29:38.652, 21096, 86
2026/08/05 08:29:39.652, 21096, 100
2026/08/05 08:29:40.652, 21096, 100
2026/08/05 08:29:41.652, 21096, 100
2026/08/05 08:29:42.653, 21096, 100
2026/08/05 08:29:43.653, 21096, 84
2026/08/05 08:29:44.653, 21096, 100
2026/08/05 08:29:45.654, 21096, 100
2026/08/05 08:29:46.654, 21096, 100
2026/08/05 08:29:47.654, 21096, 100
2026/08/05 08:29:48.654, 21096, 100
2026/08/05 08:29:49.655, 21096, 100
2026/08/05 08:29:50.655, 21096, 100
2026/08/05 08:29:51.655, 21096, 100
2026/08/05 08:29:52.655, 21096, 100
2026/08/05 08:29:53.656, 21096, 100
2026/08/05 08:29:54.656, 21096, 100
2026/08/05 08:29:55.656, 21096, 100
2026/08/05 08:29:56.656, 21096, 84
2026/08/05 08:29:57.657, 21096, 100
2026/08/05 08:29:58.657, 21096, 100
2026/08/05 08:29:59.657, 21096, 100
2026/08/05 08:30:00.658, 21096, 100
2026/08/05 08:30:01.658, 21096, 100
2026/08/05 08:30:02.658, 21096, 100
2026/08/05 08:30:03.658, 21096, 100
2026/08/05 08:30:04.659, 21096, 100
2026/08/05 08:30:05.659, 21096, 100
2026/08/05 08:30:06.659, 21096, 100
2026/08/05 08:30:07.659, 21096, 83
2026/08/05 08:30:08.660, 21096, 85
2026/08/05 08:30:09.660, 21096, 100
2026/08/05 08:30:10.660, 21096, 100
2026/08/05 08:30:11.661, 21096, 100
2026/08/05 08:30:12.661, 21096, 100
2026/08/05 08:30:13.661, 21096, 100
2026/08/05 08:30:14.662, 21096, 100
2026/08/05 08:30:15.662, 21096, 100
2026/08/05 08:30:16.662, 21096, 100
2026/08/05 08:30:17.662, 21096, 84
2026/08/05 08:30:18.663, 21096, 68
2026/08/05 08:30:19.663, 21096, 100
2026/08/05 08:30:20.663, 21096, 100
2026/08/05 08:30:21.663, 21096, 100
2026/08/05 08:30:22.664, 21096, 100
2026/08/05 08:30:23.664, 21096, 100
2026/08/05 08:30:24.664, 21096, 100
2026/08/05 08:30:25.665, 21096, 83
2026/08/05 08:30:26.665, 21096, 100
2026/08/05 08:30:27.665, 21096, 100
2026/08/05 08:30:28.665, 21096, 100
2026/08/05 08:30:29.666, 21096, 100
2026/08/05 08:30:30.666, 21096, 100
2026/08/05 08:30:31.667, 21096, 100
2026/08/05 08:30:32.667, 21096, 94
2026/08/05 08:30:33.667, 21096, 100
2026/08/05 08:30:34.667, 21096, 100
2026/08/05 08:30:35.668, 21096, 100
2026/08/05 08:30:36.668, 21096, 100
2026/08/05 08:30:37.668, 21096, 100
2026/08/05 08:30:38.669, 21096, 98
2026/08/05 08:30:39.669, 21096, 100
2026/08/05 08:30:40.669, 21096, 100
2026/08/05 08:30:41.669, 21096, 100
2026/08/05 08:30:42.670, 21096, 100
2026/08/05 08:30:43.672, 21096, 100
2026/08/05 08:30:44.676, 21096, 100
2026/08/05 08:30:45.679, 21096, 100
2026/08/05 08:30:46.683, 21096, 100
2026/08/05 08:30:47.685, 21096, 100
2026/08/05 08:30:48.688, 21096, 100
2026/08/05 08:30:49.692, 21096, 100
2026/08/05 08:30:50.695, 21096, 94
2026/08/05 08:30:51.698, 21096, 100
2026/08/05 08:30:52.701, 21096, 100
2026/08/05 08:30:53.703, 21096, 100
2026/08/05 08:30:54.705, 21096, 100
2026/08/05 08:30:55.708, 21096, 82
2026/08/05 08:30:56.710, 21096, 83
2026/08/05 08:30:57.713, 21096, 100
2026/08/05 08:30:58.715, 21096, 100
2026/08/05 08:30:59.717, 21096, 89
2026/08/05 08:31:00.719, 21096, 100
2026/08/05 08:31:01.721, 21096, 100
2026/08/05 08:31:02.723, 21096, 100
2026/08/05 08:31:03.725, 21096, 100
2026/08/05 08:31:04.728, 21096, 100
2026/08/05 08:31:05.729, 21096, 100
2026/08/05 08:31:06.731, 21096, 100
2026/08/05 08:31:07.733, 21096, 100
2026/08/05 08:31:08.734, 21096, 100
2026/08/05 08:31:09.737, 21096, 100
2026/08/05 08:31:10.739, 21096, 100
2026/08/05 08:31:11.740, 21096, 92
2026/08/05 08:31:12.742, 21096, 100
2026/08/05 08:31:13.744, 21096, 100
2026/08/05 08:31:14.745, 21096, 84
2026/08/05 08:31:15.746, 21096, 100
2026/08/05 08:31:16.747, 21096, 100
2026/08/05 08:31:17.749, 21096, 100
2026/08/05 08:31:18.750, 21096, 82
2026/08/05 08:31:19.752, 21096, 100
2026/08/05 08:31:20.754, 21096, 100
2026/08/05 08:31:21.755, 21096, 100
2026/08/05 08:31:22.757, 21096, 100
2026/08/05 08:31:23.758, 21096, 100
2026/08/05 08:31:24.760, 21096, 100
2026/08/05 08:31:25.761, 21096, 100
2026/08/05 08:31:26.763, 21096, 100
2026/08/05 08:31:27.764, 21096, 100
2026/08/05 08:31:28.766, 21096, 100
2026/08/05 08:31:29.767, 21096, 54
2026/08/05 08:31:30.769, 21096, 100
2026/08/05 08:31:31.770, 21096, 100
2026/08/05 08:31:32.772, 21096, 100
2026/08/05 08:31:33.773, 21096, 100
2026/08/05 08:31:34.775, 21096, 100
2026/08/05 08:31:35.776, 21096, 100
2026/08/05 08:31:36.778, 21096, 100
2026/08/05 08:31:37.779, 21096, 81
2026/08/05 08:31:38.780, 21096, 100
2026/08/05 08:31:39.781, 21096, 100
2026/08/05 08:31:40.782, 21096, 100
2026/08/05 08:31:41.784, 21096, 100
2026/08/05 08:31:42.785, 21096, 84
2026/08/05 08:31:43.786, 21096, 100
2026/08/05 08:31:44.788, 21096, 100
2026/08/05 08:31:45.789, 21096, 100
2026/08/05 08:31:46.791, 21096, 100
2026/08/05 08:31:47.792, 21096, 100
2026/08/05 08:31:48.793, 21096, 100
2026/08/05 08:31:49.794, 21096, 100
2026/08/05 08:31:50.795, 21096, 100
2026/08/05 08:31:51.796, 21096, 100
2026/08/05 08:31:52.797, 21096, 100
2026/08/05 08:31:53.799, 21096, 100
2026/08/05 08:31:54.800, 21096, 100
2026/08/05 08:31:55.801, 21096, 100
2026/08/05 08:31:56.803, 21096, 100
2026/08/05 08:31:57.803, 21096, 100
2026/08/05 08:31:58.804, 21096, 100
2026/08/05 08:31:59.806, 21096, 100
2026/08/05 08:32:00.806, 21096, 100
2026/08/05 08:32:01.806, 21096, 100
2026/08/05 08:32:02.807, 21096, 91
2026/08/05 08:32:03.807, 21096, 100
2026/08/05 08:32:04.807, 21096, 83
2026/08/05 08:32:05.807, 21096, 100
2026/08/05 08:32:06.808, 21096, 100
2026/08/05 08:32:07.808, 21096, 100
2026/08/05 08:32:08.808, 21096, 84
2026/08/05 08:32:09.808, 21096, 100
2026/08/05 08:32:10.809, 21096, 100
2026/08/05 08:32:11.809, 21096, 100
2026/08/05 08:32:12.809, 21096, 100
2026/08/05 08:32:13.810, 21096, 100
2026/08/05 08:32:14.810, 21096, 100
2026/08/05 08:32:15.810, 21096, 100
2026/08/05 08:32:16.811, 21096, 100
2026/08/05 08:32:17.811, 21096, 100
2026/08/05 08:32:18.811, 21096, 100
2026/08/05 08:32:19.811, 21096, 100
2026/08/05 08:32:20.812, 21096, 84
2026/08/05 08:32:21.812, 21096, 100
2026/08/05 08:32:22.812, 21096, 100
2026/08/05 08:32:23.812, 21096, 100
2026/08/05 08:32:24.813, 21096, 100
2026/08/05 08:32:25.813, 21096, 100
2026/08/05 08:32:26.813, 21096, 100
2026/08/05 08:32:27.813, 21096, 100
2026/08/05 08:32:28.813, 21096, 100
2026/08/05 08:32:29.814, 21096, 100
2026/08/05 08:32:30.814, 21096, 100
2026/08/05 08:32:31.814, 21096, 84
2026/08/05 08:32:32.814, 21096, 100
2026/08/05 08:32:33.814, 21096, 84
2026/08/05 08:32:34.815, 21096, 100
2026/08/05 08:32:35.815, 21096, 63
2026/08/05 08:32:36.815, 21096, 100
2026/08/05 08:32:37.815, 21096, 100
2026/08/05 08:32:38.816, 21096, 100
2026/08/05 08:32:39.816, 21096, 100
2026/08/05 08:32:40.816, 21096, 100
2026/08/05 08:32:41.816, 21096, 100
2026/08/05 08:32:42.816, 21096, 100
2026/08/05 08:32:43.817, 21096, 100
2026/08/05 08:32:44.817, 21096, 100
2026/08/05 08:32:45.817, 21096, 100
2026/08/05 08:32:46.817, 21096, 100
2026/08/05 08:32:47.817, 21096, 100
2026/08/05 08:32:48.818, 21096, 100
2026/08/05 08:32:49.818, 21096, 100
2026/08/05 08:32:50.818, 21096, 100
2026/08/05 08:32:51.818, 21096, 100
2026/08/05 08:32:52.820, 21096, 85
2026/08/05 08:32:53.821, 21096, 100
2026/08/05 08:32:54.822, 21096, 100
2026/08/05 08:32:55.824, 21096, 100
2026/08/05 08:32:56.824, 21096, 100
2026/08/05 08:32:57.826, 21096, 100
2026/08/05 08:32:58.827, 21096, 100
2026/08/05 08:32:59.828, 21096, 100
2026/08/05 08:33:00.829, 21096, 100
2026/08/05 08:33:01.829, 21096, 100
2026/08/05 08:33:02.831, 21096, 100
2026/08/05 08:33:03.832, 21096, 100
2026/08/05 08:33:04.833, 21096, 100
2026/08/05 08:33:05.834, 21096, 100
2026/08/05 08:33:06.834, 21096, 100
2026/08/05 08:33:07.835, 21096, 100
2026/08/05 08:33:08.837, 21096, 100
2026/08/05 08:33:09.838, 21096, 100
2026/08/05 08:33:10.838, 21096, 100
2026/08/05 08:33:11.839, 21096, 100
2026/08/05 08:33:12.840, 21096, 99
2026/08/05 08:33:13.841, 21096, 100
2026/08/05 08:33:14.842, 21096, 100
2026/08/05 08:33:15.844, 21096, 100
2026/08/05 08:33:16.845, 21096, 100
2026/08/05 08:33:17.846, 21096, 100
2026/08/05 08:33:18.847, 21096, 100
2026/08/05 08:33:19.848, 21096, 100
2026/08/05 08:33:20.850, 21096, 100
2026/08/05 08:33:21.850, 21096, 100
2026/08/05 08:33:22.850, 21096, 100
2026/08/05 08:33:23.852, 21096, 84
2026/08/05 08:33:24.852, 21096, 100
2026/08/05 08:33:25.852, 21096, 100
2026/08/05 08:33:26.853, 21096, 100
2026/08/05 08:33:27.853, 21096, 100
2026/08/05 08:33:28.853, 21096, 100
2026/08/05 08:33:29.854, 21096, 100
2026/08/05 08:33:30.855, 21096, 100
2026/08/05 08:33:31.855, 21096, 100
2026/08/05 08:33:32.856, 21096, 100
2026/08/05 08:33:33.858, 21096, 100
2026/08/05 08:33:34.858, 21096, 100
2026/08/05 08:33:35.858, 21096, 100
2026/08/05 08:33:36.858, 21096, 100
2026/08/05 08:33:37.858, 21096, 100
2026/08/05 08:33:38.859, 21096, 100
2026/08/05 08:33:39.859, 21096, 100
2026/08/05 08:33:40.859, 21096, 100
2026/08/05 08:33:41.860, 21096, 100
2026/08/05 08:33:42.860, 21096, 84
2026/08/05 08:33:43.860, 21096, 100
2026/08/05 08:33:44.860, 21096, 100
2026/08/05 08:33:45.861, 21096, 100
2026/08/05 08:33:46.861, 21096, 100
2026/08/05 08:33:47.861, 21096, 100
2026/08/05 08:33:48.862, 21096, 100
2026/08/05 08:33:49.862, 21096, 85
2026/08/05 08:33:50.862, 21096, 100
2026/08/05 08:33:51.863, 21096, 100
2026/08/05 08:33:52.864, 21096, 97
2026/08/05 08:33:53.864, 21096, 100
2026/08/05 08:33:54.864, 21096, 100
2026/08/05 08:33:55.864, 21096, 100
2026/08/05 08:33:56.865, 21096, 100
2026/08/05 08:33:57.865, 21096, 100
2026/08/05 08:33:58.865, 21096, 100
2026/08/05 08:33:59.866, 21096, 100
2026/08/05 08:34:00.866, 21096, 100
2026/08/05 08:34:01.866, 21096, 100
2026/08/05 08:34:02.866, 21096, 100
2026/08/05 08:34:03.867, 21096, 100
2026/08/05 08:34:04.867, 21096, 100
2026/08/05 08:34:05.867, 21096, 100
2026/08/05 08:34:06.867, 21096, 100
2026/08/05 08:34:07.867, 21096, 100
2026/08/05 08:34:08.868, 21096, 100
2026/08/05 08:34:09.868, 21096, 100
2026/08/05 08:34:10.868, 21096, 83
2026/08/05 08:34:11.868, 21096, 100
2026/08/05 08:34:12.869, 21096, 100
2026/08/05 08:34:13.869, 21096, 100
2026/08/05 08:34:14.869, 21096, 84
2026/08/05 08:34:15.869, 21096, 86
2026/08/05 08:34:16.870, 21096, 100
2026/08/05 08:34:17.870, 21096, 100
2026/08/05 08:34:18.870, 21096, 89
2026/08/05 08:34:19.871, 21096, 100
2026/08/05 08:34:20.871, 21096, 100
2026/08/05 08:34:21.871, 21096, 100
2026/08/05 08:34:22.872, 21096, 100
2026/08/05 08:34:23.872, 21096, 100
2026/08/05 08:34:24.872, 21096, 100
2026/08/05 08:34:25.872, 21096, 100
2026/08/05 08:34:26.872, 21096, 100
2026/08/05 08:34:27.873, 21096, 100
2026/08/05 08:34:28.873, 21096, 100
2026/08/05 08:34:29.873, 21096, 100
2026/08/05 08:34:30.873, 21096, 100
2026/08/05 08:34:31.874, 21096, 100
2026/08/05 08:34:32.875, 21096, 96
2026/08/05 08:34:33.875, 21096, 100
2026/08/05 08:34:34.875, 21096, 100
2026/08/05 08:34:35.875, 21096, 100
2026/08/05 08:34:36.876, 21096, 100
2026/08/05 08:34:37.876, 21096, 100
2026/08/05 08:34:38.876, 21096, 100
2026/08/05 08:34:39.877, 21096, 100
2026/08/05 08:34:40.877, 21096, 100
2026/08/05 08:34:41.877, 21096, 100
2026/08/05 08:34:42.877, 21096, 100
2026/08/05 08:34:43.878, 21096, 100
2026/08/05 08:34:44.878, 21096, 100
2026/08/05 08:34:45.878, 21096, 83
2026/08/05 08:34:46.878, 21096, 92
2026/08/05 08:34:47.878, 21096, 85
2026/08/05 08:34:48.879, 21096, 100
2026/08/05 08:34:49.879, 21096, 100
2026/08/05 08:34:50.879, 21096, 100
2026/08/05 08:34:51.879, 21096, 100
2026/08/05 08:34:52.880, 21096, 100
2026/08/05 08:34:53.880, 21096, 100
2026/08/05 08:34:54.880, 21096, 100
2026/08/05 08:34:55.880, 21096, 100
2026/08/05 08:34:56.881, 21096, 100
2026/08/05 08:34:57.881, 21096, 100
2026/08/05 08:34:58.881, 21096, 100
2026/08/05 08:34:59.882, 21096, 100
2026/08/05 08:35:00.882, 21096, 83
2026/08/05 08:35:01.882, 21096, 100
2026/08/05 08:35:02.882, 21096, 100
2026/08/05 08:35:03.883, 21096, 100
2026/08/05 08:35:04.883, 21096, 100
2026/08/05 08:35:05.883, 21096, 100
2026/08/05 08:35:06.884, 21096, 100
2026/08/05 08:35:07.884, 21096, 100
2026/08/05 08:35:08.884, 21096, 100
2026/08/05 08:35:09.884, 21096, 100
2026/08/05 08:35:10.885, 21096, 100
2026/08/05 08:35:11.885, 21096, 100
2026/08/05 08:35:12.885, 21096, 100
2026/08/05 08:35:13.885, 21096, 76
2026/08/05 08:35:14.886, 21096, 100
2026/08/05 08:35:15.886, 21096, 100
2026/08/05 08:35:16.886, 21096, 85
2026/08/05 08:35:17.886, 21096, 100
2026/08/05 08:35:18.887, 21096, 100
2026/08/05 08:35:19.887, 21096, 100
2026/08/05 08:35:20.887, 21096, 94
2026/08/05 08:35:21.887, 21096, 84
2026/08/05 08:35:22.888, 21096, 100
2026/08/05 08:35:23.888, 21096, 100
2026/08/05 08:35:24.888, 21096, 100
2026/08/05 08:35:25.888, 21096, 100
2026/08/05 08:35:26.889, 21096, 100
2026/08/05 08:35:27.889, 21096, 91
2026/08/05 08:35:28.889, 21096, 84
2026/08/05 08:35:29.889, 21096, 85
2026/08/05 08:35:30.890, 21096, 100
2026/08/05 08:35:31.890, 21096, 100
2026/08/05 08:35:32.890, 21096, 100
2026/08/05 08:35:33.890, 21096, 100
2026/08/05 08:35:34.891, 21096, 100
2026/08/05 08:35:35.891, 21096, 100
2026/08/05 08:35:36.891, 21096, 100
2026/08/05 08:35:37.891, 21096, 100
2026/08/05 08:35:38.892, 21096, 100
2026/08/05 08:35:39.892, 21096, 100
2026/08/05 08:35:40.892, 21096, 100
2026/08/05 08:35:41.892, 21096, 100
2026/08/05 08:35:42.893, 21096, 100
2026/08/05 08:35:43.893, 21096, 100
2026/08/05 08:35:44.893, 21096, 100
2026/08/05 08:35:45.893, 21096, 100
2026/08/05 08:35:46.893, 21096, 100
2026/08/05 08:35:47.894, 21096, 100
2026/08/05 08:35:48.894, 21096, 100
2026/08/05 08:35:49.894, 21096, 100
2026/08/05 08:35:50.894, 21096, 100
2026/08/05 08:35:51.895, 21096, 100
2026/08/05 08:35:52.895, 21096, 100
2026/08/05 08:35:53.895, 21096, 98
2026/08/05 08:35:54.895, 21096, 100
2026/08/05 08:35:55.895, 21096, 100
2026/08/05 08:35:56.896, 21096, 100
2026/08/05 08:35:57.896, 21096, 100
2026/08/05 08:35:58.896, 21096, 100
2026/08/05 08:35:59.896, 21096, 100
2026/08/05 08:36:00.896, 21096, 100
2026/08/05 08:36:01.897, 21096, 100
2026/08/05 08:36:02.897, 21096, 100
2026/08/05 08:36:03.897, 21096, 100
2026/08/05 08:36:04.897, 21096, 84
2026/08/05 08:36:05.898, 21096, 100
2026/08/05 08:36:06.898, 21096, 100
2026/08/05 08:36:07.898, 21096, 100
2026/08/05 08:36:08.899, 21096, 100
2026/08/05 08:36:09.899, 21096, 100
2026/08/05 08:36:10.899, 21096, 100
2026/08/05 08:36:11.899, 21096, 100
2026/08/05 08:36:12.899, 21096, 100
2026/08/05 08:36:13.900, 21096, 100
2026/08/05 08:36:14.900, 21096, 100
2026/08/05 08:36:15.900, 21096, 100
2026/08/05 08:36:16.901, 21096, 100
2026/08/05 08:36:17.901, 21096, 84
2026/08/05 08:36:18.901, 21096, 100
2026/08/05 08:36:19.901, 21096, 100
2026/08/05 08:36:20.902, 21096, 100
2026/08/05 08:36:21.902, 21096, 100
2026/08/05 08:36:22.902, 21096, 100
2026/08/05 08:36:23.903, 21096, 100
2026/08/05 08:36:24.903, 21096, 100
2026/08/05 08:36:25.903, 21096, 100
2026/08/05 08:36:26.904, 21096, 93
2026/08/05 08:36:27.904, 21096, 100
2026/08/05 08:36:28.904, 21096, 100
2026/08/05 08:36:29.904, 21096, 89
2026/08/05 08:36:30.905, 21096, 100
2026/08/05 08:36:31.905, 21096, 84
2026/08/05 08:36:32.905, 21096, 100
2026/08/05 08:36:33.906, 21096, 100
2026/08/05 08:36:34.906, 21096, 100
2026/08/05 08:36:35.906, 21096, 100
2026/08/05 08:36:36.906, 21096, 100
2026/08/05 08:36:37.906, 21096, 100
2026/08/05 08:36:38.907, 21096, 100
2026/08/05 08:36:39.907, 21096, 100
2026/08/05 08:36:40.907, 21096, 100
2026/08/05 08:36:41.907, 21096, 100
2026/08/05 08:36:42.907, 21096, 100
2026/08/05 08:36:43.908, 21096, 100
2026/08/05 08:36:44.908, 21096, 96
2026/08/05 08:36:45.908, 21096, 100
2026/08/05 08:36:46.908, 21096, 65
2026/08/05 08:36:47.909, 21096, 100
2026/08/05 08:36:48.909, 21096, 100
2026/08/05 08:36:49.909, 21096, 100
2026/08/05 08:36:50.910, 21096, 100
2026/08/05 08:36:51.910, 21096, 100
2026/08/05 08:36:52.910, 21096, 100
2026/08/05 08:36:53.910, 21096, 100
2026/08/05 08:36:54.911, 21096, 100
2026/08/05 08:36:55.911, 21096, 100
2026/08/05 08:36:56.911, 21096, 100
2026/08/05 08:36:57.912, 21096, 100
2026/08/05 08:36:58.912, 21096, 100
2026/08/05 08:36:59.912, 21096, 56
2026/08/05 08:37:00.913, 21096, 100
2026/08/05 08:37:01.913, 21096, 100
2026/08/05 08:37:02.913, 21096, 100
2026/08/05 08:37:03.914, 21096, 100
2026/08/05 08:37:04.914, 21096, 99
2026/08/05 08:37:05.914, 21096, 100
2026/08/05 08:37:06.914, 21096, 100
2026/08/05 08:37:07.915, 21096, 100
2026/08/05 08:37:08.916, 21096, 98
2026/08/05 08:37:09.956, 21096, 100
2026/08/05 08:37:10.996, 21096, 100
2026/08/05 08:37:12.029, 21096, 100
2026/08/05 08:37:13.059, 21096, 100
2026/08/05 08:37:14.085, 21096, 100
2026/08/05 08:37:15.108, 21096, 100
2026/08/05 08:37:16.128, 21096, 100
2026/08/05 08:37:17.146, 21096, 100
2026/08/05 08:37:18.162, 21096, 100
2026/08/05 08:37:19.176, 21096, 100
2026/08/05 08:37:20.189, 21096, 100
2026/08/05 08:37:21.199, 21096, 64
2026/08/05 08:37:22.209, 21096, 100
2026/08/05 08:37:23.217, 21096, 100
2026/08/05 08:37:24.225, 21096, 100
2026/08/05 08:37:25.231, 21096, 100
2026/08/05 08:37:26.238, 21096, 100
2026/08/05 08:37:27.243, 21096, 100
2026/08/05 08:37:28.249, 21096, 100
2026/08/05 08:37:29.253, 21096, 100
2026/08/05 08:37:30.257, 21096, 100
2026/08/05 08:37:31.260, 21096, 100
2026/08/05 08:37:32.264, 21096, 96
2026/08/05 08:37:33.267, 21096, 100
2026/08/05 08:37:34.270, 21096, 85
2026/08/05 08:37:35.272, 21096, 100
2026/08/05 08:37:36.274, 21096, 100
2026/08/05 08:37:37.277, 21096, 100
2026/08/05 08:37:38.279, 21096, 100
2026/08/05 08:37:39.282, 21096, 100
2026/08/05 08:37:40.284, 21096, 100
2026/08/05 08:37:41.286, 21096, 100
2026/08/05 08:37:42.288, 21096, 100
2026/08/05 08:37:43.290, 21096, 64
2026/08/05 08:37:44.292, 21096, 100
2026/08/05 08:37:45.293, 21096, 100
2026/08/05 08:37:46.294, 21096, 100
2026/08/05 08:37:47.296, 21096, 100
2026/08/05 08:37:48.298, 21096, 100
2026/08/05 08:37:49.300, 21096, 100
2026/08/05 08:37:50.301, 21096, 100
2026/08/05 08:37:51.302, 21096, 99
2026/08/05 08:37:52.304, 21096, 83
2026/08/05 08:37:53.305, 21096, 66
2026/08/05 08:37:54.306, 21096, 100
2026/08/05 08:37:55.307, 21096, 100
2026/08/05 08:37:56.308, 21096, 100
2026/08/05 08:37:57.310, 21096, 100
2026/08/05 08:37:58.310, 21096, 100
2026/08/05 08:37:59.312, 21096, 100
2026/08/05 08:38:00.313, 21096, 100
2026/08/05 08:38:01.314, 21096, 94
2026/08/05 08:38:02.315, 21096, 100
2026/08/05 08:38:03.316, 21096, 100
2026/08/05 08:38:04.318, 21096, 100
2026/08/05 08:38:05.318, 21096, 100
2026/08/05 08:38:06.319, 21096, 100
2026/08/05 08:38:07.320, 21096, 100
2026/08/05 08:38:08.321, 21096, 100
2026/08/05 08:38:09.323, 21096, 100
2026/08/05 08:38:10.324, 21096, 100
2026/08/05 08:38:11.325, 21096, 100
2026/08/05 08:38:12.327, 21096, 100
2026/08/05 08:38:13.328, 21096, 100
2026/08/05 08:38:14.328, 21096, 100
2026/08/05 08:38:15.329, 21096, 100
2026/08/05 08:38:16.329, 21096, 84
2026/08/05 08:38:17.329, 21096, 100
2026/08/05 08:38:18.329, 21096, 100
2026/08/05 08:38:19.330, 21096, 100
2026/08/05 08:38:20.330, 21096, 84
2026/08/05 08:38:21.330, 21096, 100
2026/08/05 08:38:22.330, 21096, 100
2026/08/05 08:38:23.331, 21096, 100
2026/08/05 08:38:24.331, 21096, 100
2026/08/05 08:38:25.331, 21096, 100
2026/08/05 08:38:26.331, 21096, 100
2026/08/05 08:38:27.331, 21096, 100
2026/08/05 08:38:28.332, 21096, 100
2026/08/05 08:38:29.332, 21096, 100
2026/08/05 08:38:30.332, 21096, 100
2026/08/05 08:38:31.332, 21096, 100
2026/08/05 08:38:32.333, 21096, 100
2026/08/05 08:38:33.333, 21096, 100
2026/08/05 08:38:34.333, 21096, 100
2026/08/05 08:38:35.333, 21096, 100
2026/08/05 08:38:36.333, 21096, 100
2026/08/05 08:38:37.334, 21096, 100
2026/08/05 08:38:38.334, 21096, 100
2026/08/05 08:38:39.334, 21096, 100
2026/08/05 08:38:40.335, 21096, 100
2026/08/05 08:38:41.335, 21096, 100
2026/08/05 08:38:42.335, 21096, 100
2026/08/05 08:38:43.335, 21096, 100
2026/08/05 08:38:44.335, 21096, 86
2026/08/05 08:38:45.336, 21096, 100
2026/08/05 08:38:46.338, 21096, 100
2026/08/05 08:38:47.348, 21096, 100
2026/08/05 08:38:48.356, 21096, 100
2026/08/05 08:38:49.364, 21096, 100
2026/08/05 08:38:50.370, 21096, 100
2026/08/05 08:38:51.375, 21096, 85
2026/08/05 08:38:52.381, 21096, 100
2026/08/05 08:38:53.386, 21096, 100
2026/08/05 08:38:54.391, 21096, 100
2026/08/05 08:38:55.394, 21096, 100
2026/08/05 08:38:56.398, 21096, 100
2026/08/05 08:38:57.401, 21096, 100
2026/08/05 08:38:58.404, 21096, 100
2026/08/05 08:38:59.407, 21096, 100
2026/08/05 08:39:00.409, 21096, 100
2026/08/05 08:39:01.412, 21096, 100
2026/08/05 08:39:02.414, 21096, 85
2026/08/05 08:39:03.417, 21096, 100
2026/08/05 08:39:04.419, 21096, 100
2026/08/05 08:39:05.421, 21096, 100
2026/08/05 08:39:06.423, 21096, 100
2026/08/05 08:39:07.425, 21096, 84
2026/08/05 08:39:08.426, 21096, 100
2026/08/05 08:39:09.427, 21096, 100
2026/08/05 08:39:10.429, 21096, 100
2026/08/05 08:39:11.430, 21096, 100
2026/08/05 08:39:12.431, 21096, 100
2026/08/05 08:39:13.433, 21096, 100
2026/08/05 08:39:14.434, 21096, 100
2026/08/05 08:39:15.435, 21096, 100
2026/08/05 08:39:16.437, 21096, 100
2026/08/05 08:39:17.438, 21096, 86
2026/08/05 08:39:18.439, 21096, 89
2026/08/05 08:39:19.440, 21096, 100
2026/08/05 08:39:20.440, 21096, 100
2026/08/05 08:39:21.440, 21096, 100
2026/08/05 08:39:22.440, 21096, 100
2026/08/05 08:39:23.441, 21096, 100
2026/08/05 08:39:24.441, 21096, 100
2026/08/05 08:39:25.441, 21096, 100
2026/08/05 08:39:26.441, 21096, 100
2026/08/05 08:39:27.441, 21096, 89
2026/08/05 08:39:28.442, 21096, 100
2026/08/05 08:39:29.442, 21096, 100
2026/08/05 08:39:30.442, 21096, 100
2026/08/05 08:39:31.443, 21096, 100
2026/08/05 08:39:32.443, 21096, 100
2026/08/05 08:39:33.443, 21096, 100
2026/08/05 08:39:34.443, 21096, 100
2026/08/05 08:39:35.444, 21096, 100
2026/08/05 08:39:36.446, 21096, 100
2026/08/05 08:39:37.446, 21096, 100
2026/08/05 08:39:38.446, 21096, 100
2026/08/05 08:39:39.446, 21096, 100
2026/08/05 08:39:40.447, 21096, 100
2026/08/05 08:39:41.450, 21096, 59
2026/08/05 08:39:42.451, 21096, 84
2026/08/05 08:39:43.451, 21096, 91
2026/08/05 08:39:44.451, 21096, 100
2026/08/05 08:39:45.451, 21096, 100
2026/08/05 08:39:46.452, 21096, 100
2026/08/05 08:39:47.452, 21096, 100
2026/08/05 08:39:48.452, 21096, 100
2026/08/05 08:39:49.453, 21096, 100
2026/08/05 08:39:50.453, 21096, 100
2026/08/05 08:39:51.454, 21096, 100
2026/08/05 08:39:52.454, 21096, 100
2026/08/05 08:39:53.455, 21096, 100
2026/08/05 08:39:54.455, 21096, 100
2026/08/05 08:39:55.455, 21096, 100
2026/08/05 08:39:56.455, 21096, 82
2026/08/05 08:39:57.456, 21096, 100
2026/08/05 08:39:58.456, 21096, 100
2026/08/05 08:39:59.456, 21096, 100
2026/08/05 08:40:00.456, 21096, 100
2026/08/05 08:40:01.457, 21096, 100
2026/08/05 08:40:02.457, 21096, 100
2026/08/05 08:40:03.457, 21096, 100
2026/08/05 08:40:04.458, 21096, 84
2026/08/05 08:40:05.458, 21096, 67
2026/08/05 08:40:06.458, 21096, 100
2026/08/05 08:40:07.459, 21096, 100
2026/08/05 08:40:08.459, 21096, 100
2026/08/05 08:40:09.459, 21096, 100
2026/08/05 08:40:10.459, 21096, 80
2026/08/05 08:40:11.460, 21096, 100
2026/08/05 08:40:12.460, 21096, 100
2026/08/05 08:40:13.460, 21096, 100
2026/08/05 08:40:14.461, 21096, 100
2026/08/05 08:40:15.461, 21096, 100
2026/08/05 08:40:16.461, 21096, 100
2026/08/05 08:40:17.461, 21096, 100
2026/08/05 08:40:18.462, 21096, 100
2026/08/05 08:40:19.462, 21096, 85
2026/08/05 08:40:20.462, 21096, 100
2026/08/05 08:40:21.462, 21096, 100
2026/08/05 08:40:22.463, 21096, 100
2026/08/05 08:40:23.463, 21096, 84
2026/08/05 08:40:24.464, 21096, 85
2026/08/05 08:40:25.466, 21096, 100
2026/08/05 08:40:26.468, 21096, 100
2026/08/05 08:40:27.470, 21096, 100
2026/08/05 08:40:28.471, 21096, 100
2026/08/05 08:40:29.472, 21096, 100
2026/08/05 08:40:30.474, 21096, 100
2026/08/05 08:40:31.476, 21096, 86
2026/08/05 08:40:32.477, 21096, 100
2026/08/05 08:40:33.479, 21096, 100
2026/08/05 08:40:34.480, 21096, 100
2026/08/05 08:40:35.482, 21096, 100
2026/08/05 08:40:36.483, 21096, 100
2026/08/05 08:40:37.485, 21096, 100
2026/08/05 08:40:38.486, 21096, 84
2026/08/05 08:40:39.488, 21096, 100
2026/08/05 08:40:40.489, 21096, 84
2026/08/05 08:40:41.490, 21096, 100
2026/08/05 08:40:42.492, 21096, 100
2026/08/05 08:40:43.493, 21096, 100
2026/08/05 08:40:44.495, 21096, 100
2026/08/05 08:40:45.496, 21096, 100
2026/08/05 08:40:46.498, 21096, 100
2026/08/05 08:40:47.499, 21096, 100
2026/08/05 08:40:48.501, 21096, 100
2026/08/05 08:40:49.502, 21096, 100
2026/08/05 08:40:50.504, 21096, 100
2026/08/05 08:40:51.506, 21096, 88
2026/08/05 08:40:52.507, 21096, 100
2026/08/05 08:40:53.508, 21096, 100
2026/08/05 08:40:54.510, 21096, 100
2026/08/05 08:40:55.511, 21096, 100
2026/08/05 08:40:56.513, 21096, 100
2026/08/05 08:40:57.514, 21096, 100
2026/08/05 08:40:58.515, 21096, 100
2026/08/05 08:40:59.517, 21096, 93
2026/08/05 08:41:00.518, 21096, 100
2026/08/05 08:41:01.520, 21096, 100
2026/08/05 08:41:02.521, 21096, 100
2026/08/05 08:41:03.523, 21096, 100
2026/08/05 08:41:04.524, 21096, 100
2026/08/05 08:41:05.526, 21096, 100
2026/08/05 08:41:06.527, 21096, 100
2026/08/05 08:41:07.529, 21096, 100
2026/08/05 08:41:08.530, 21096, 100
2026/08/05 08:41:09.531, 21096, 100
2026/08/05 08:41:10.532, 21096, 100
2026/08/05 08:41:11.534, 21096, 100
2026/08/05 08:41:12.535, 21096, 100
2026/08/05 08:41:13.537, 21096, 100
2026/08/05 08:41:14.537, 21096, 83
2026/08/05 08:41:15.539, 21096, 100
2026/08/05 08:41:16.540, 21096, 100
2026/08/05 08:41:17.542, 21096, 100
2026/08/05 08:41:18.543, 21096, 100
2026/08/05 08:41:19.544, 21096, 87
2026/08/05 08:41:20.546, 21096, 100
2026/08/05 08:41:21.547, 21096, 100
2026/08/05 08:41:22.549, 21096, 100
2026/08/05 08:41:23.550, 21096, 100
2026/08/05 08:41:24.552, 21096, 100
2026/08/05 08:41:25.553, 21096, 100
2026/08/05 08:41:26.554, 21096, 100
2026/08/05 08:41:27.556, 21096, 100
2026/08/05 08:41:28.557, 21096, 100
2026/08/05 08:41:29.559, 21096, 85
2026/08/05 08:41:30.560, 21096, 100
2026/08/05 08:41:31.561, 21096, 84
2026/08/05 08:41:32.563, 21096, 100
2026/08/05 08:41:33.564, 21096, 91
2026/08/05 08:41:34.566, 21096, 100
2026/08/05 08:41:35.567, 21096, 100
2026/08/05 08:41:36.568, 21096, 100
2026/08/05 08:41:37.570, 21096, 100
2026/08/05 08:41:38.571, 21096, 85
2026/08/05 08:41:39.573, 21096, 65
2026/08/05 08:41:40.574, 21096, 96
2026/08/05 08:41:41.575, 21096, 100
2026/08/05 08:41:42.577, 21096, 81
2026/08/05 08:41:43.577, 21096, 100
2026/08/05 08:41:44.579, 21096, 100
2026/08/05 08:41:45.580, 21096, 100
2026/08/05 08:41:46.581, 21096, 100
2026/08/05 08:41:47.583, 21096, 100
2026/08/05 08:41:48.584, 21096, 100
2026/08/05 08:41:49.586, 21096, 100
2026/08/05 08:41:50.587, 21096, 100
2026/08/05 08:41:51.588, 21096, 100
2026/08/05 08:41:52.590, 21096, 100
2026/08/05 08:41:53.591, 21096, 100
2026/08/05 08:41:54.593, 21096, 100
2026/08/05 08:41:55.594, 21096, 100
2026/08/05 08:41:56.596, 21096, 100
2026/08/05 08:41:57.597, 21096, 100
2026/08/05 08:41:58.598, 21096, 83
2026/08/05 08:41:59.599, 21096, 63
2026/08/05 08:42:00.599, 21096, 84
2026/08/05 08:42:01.600, 21096, 100
2026/08/05 08:42:02.600, 21096, 100
2026/08/05 08:42:03.601, 21096, 100
2026/08/05 08:42:04.602, 21096, 100
2026/08/05 08:42:05.603, 21096, 100
2026/08/05 08:42:06.604, 21096, 99
2026/08/05 08:42:07.605, 21096, 100
2026/08/05 08:42:08.606, 21096, 100
2026/08/05 08:42:09.606, 21096, 100
2026/08/05 08:42:10.608, 21096, 100
2026/08/05 08:42:11.609, 21096, 100
2026/08/05 08:42:12.610, 21096, 100
2026/08/05 08:42:13.610, 21096, 100
2026/08/05 08:42:14.612, 21096, 100
2026/08/05 08:42:15.613, 21096, 100
2026/08/05 08:42:16.614, 21096, 81
2026/08/05 08:42:17.615, 21096, 100
2026/08/05 08:42:18.616, 21096, 100
2026/08/05 08:42:19.618, 21096, 100
2026/08/05 08:42:20.619, 21096, 100
2026/08/05 08:42:21.621, 21096, 100
2026/08/05 08:42:22.622, 21096, 81
2026/08/05 08:42:23.623, 21096, 100
2026/08/05 08:42:24.625, 21096, 100
2026/08/05 08:42:25.626, 21096, 83
2026/08/05 08:42:26.627, 21096, 100
2026/08/05 08:42:27.629, 21096, 92
2026/08/05 08:42:28.630, 21096, 100
2026/08/05 08:42:29.631, 21096, 100
2026/08/05 08:42:30.633, 21096, 100
2026/08/05 08:42:31.634, 21096, 100
2026/08/05 08:42:32.635, 21096, 100
2026/08/05 08:42:33.637, 21096, 83
2026/08/05 08:42:34.638, 21096, 100
2026/08/05 08:42:35.639, 21096, 84
2026/08/05 08:42:36.640, 21096, 100
2026/08/05 08:42:37.641, 21096, 100
2026/08/05 08:42:38.643, 21096, 100
2026/08/05 08:42:39.644, 21096, 100
2026/08/05 08:42:40.645, 21096, 100
2026/08/05 08:42:41.647, 21096, 100
2026/08/05 08:42:42.648, 21096, 100
2026/08/05 08:42:43.649, 21096, 100
2026/08/05 08:42:44.651, 21096, 100
2026/08/05 08:42:45.652, 21096, 100
2026/08/05 08:42:46.654, 21096, 100
2026/08/05 08:42:47.655, 21096, 100
2026/08/05 08:42:48.656, 21096, 100
2026/08/05 08:42:49.658, 21096, 100
2026/08/05 08:42:50.659, 21096, 100
2026/08/05 08:42:51.660, 21096, 100
2026/08/05 08:42:52.662, 21096, 100
2026/08/05 08:42:53.663, 21096, 93
2026/08/05 08:42:54.664, 21096, 100
2026/08/05 08:42:55.666, 21096, 98
2026/08/05 08:42:56.667, 21096, 100
2026/08/05 08:42:57.668, 21096, 100
2026/08/05 08:42:58.670, 21096, 100
2026/08/05 08:42:59.671, 21096, 100
2026/08/05 08:43:00.672, 21096, 58
2026/08/05 08:43:01.674, 21096, 84
2026/08/05 08:43:02.675, 21096, 100
2026/08/05 08:43:03.677, 21096, 100
2026/08/05 08:43:04.678, 21096, 100
2026/08/05 08:43:05.679, 21096, 49
2026/08/05 08:43:06.680, 21096, 99
2026/08/05 08:43:07.680, 21096, 100
2026/08/05 08:43:08.681, 21096, 100
2026/08/05 08:43:09.682, 21096, 100
2026/08/05 08:43:10.683, 21096, 100
2026/08/05 08:43:11.684, 21096, 80
2026/08/05 08:43:12.686, 21096, 100
2026/08/05 08:43:13.686, 21096, 100
2026/08/05 08:43:14.687, 21096, 83
2026/08/05 08:43:15.688, 21096, 86
2026/08/05 08:43:16.689, 21096, 100
2026/08/05 08:43:17.690, 21096, 89
2026/08/05 08:43:18.691, 21096, 100
2026/08/05 08:43:19.693, 21096, 100
2026/08/05 08:43:20.695, 21096, 85
2026/08/05 08:43:21.696, 21096, 100
2026/08/05 08:43:22.696, 21096, 100
2026/08/05 08:43:23.698, 21096, 100
2026/08/05 08:43:24.698, 21096, 100
2026/08/05 08:43:25.699, 21096, 97
2026/08/05 08:43:26.701, 21096, 100
2026/08/05 08:43:27.701, 21096, 100
2026/08/05 08:43:28.701, 21096, 100
2026/08/05 08:43:29.702, 21096, 100
2026/08/05 08:43:30.704, 21096, 100
2026/08/05 08:43:31.705, 21096, 100
2026/08/05 08:43:32.705, 21096, 100
2026/08/05 08:43:33.706, 21096, 100
2026/08/05 08:43:34.707, 21096, 82
2026/08/05 08:43:35.708, 21096, 100
2026/08/05 08:43:36.710, 21096, 77
2026/08/05 08:43:37.711, 21096, 100
2026/08/05 08:43:38.711, 21096, 100
2026/08/05 08:43:39.711, 21096, 100
2026/08/05 08:43:40.713, 21096, 100
2026/08/05 08:43:41.713, 21096, 100
2026/08/05 08:43:42.713, 21096, 100
2026/08/05 08:43:43.714, 21096, 100
2026/08/05 08:43:44.715, 21096, 100
2026/08/05 08:43:45.716, 21096, 84
2026/08/05 08:43:46.717, 21096, 100
2026/08/05 08:43:47.718, 21096, 100
2026/08/05 08:43:48.719, 21096, 100
2026/08/05 08:43:49.720, 21096, 100
2026/08/05 08:43:50.721, 21096, 100
2026/08/05 08:43:51.722, 21096, 100
2026/08/05 08:43:52.724, 21096, 100
2026/08/05 08:43:53.725, 21096, 100
2026/08/05 08:43:54.725, 21096, 100
2026/08/05 08:43:55.727, 21096, 80
2026/08/05 08:43:56.727, 21096, 100
2026/08/05 08:43:57.727, 21096, 88
2026/08/05 08:43:58.729, 21096, 77
2026/08/05 08:43:59.729, 21096, 86
2026/08/05 08:44:00.731, 21096, 100
2026/08/05 08:44:01.732, 21096, 100
2026/08/05 08:44:02.733, 21096, 100
2026/08/05 08:44:03.734, 21096, 100
2026/08/05 08:44:04.736, 21096, 100
2026/08/05 08:44:05.737, 21096, 100
2026/08/05 08:44:06.738, 21096, 100
2026/08/05 08:44:07.740, 21096, 100
2026/08/05 08:44:08.741, 21096, 82
2026/08/05 08:44:09.742, 21096, 100
2026/08/05 08:44:10.744, 21096, 100
2026/08/05 08:44:11.745, 21096, 100
2026/08/05 08:44:12.745, 21096, 100
2026/08/05 08:44:13.746, 21096, 100
2026/08/05 08:44:14.746, 21096, 100
2026/08/05 08:44:15.748, 21096, 100
2026/08/05 08:44:16.748, 21096, 100
2026/08/05 08:44:17.748, 21096, 100
2026/08/05 08:44:18.750, 21096, 100
2026/08/05 08:44:19.750, 21096, 66
2026/08/05 08:44:20.750, 21096, 100
2026/08/05 08:44:21.751, 21096, 100
2026/08/05 08:44:22.752, 21096, 100
2026/08/05 08:44:23.753, 21096, 100
2026/08/05 08:44:24.754, 21096, 100
2026/08/05 08:44:25.755, 21096, 100
2026/08/05 08:44:26.757, 21096, 100
2026/08/05 08:44:27.758, 21096, 100
2026/08/05 08:44:28.759, 21096, 100
2026/08/05 08:44:29.761, 21096, 100
2026/08/05 08:44:30.762, 21096, 100
2026/08/05 08:44:31.763, 21096, 100
2026/08/05 08:44:32.765, 21096, 100
2026/08/05 08:44:33.766, 21096, 100
2026/08/05 08:44:34.767, 21096, 100
2026/08/05 08:44:35.768, 21096, 100
2026/08/05 08:44:36.768, 21096, 100
2026/08/05 08:44:37.769, 21096, 100
2026/08/05 08:44:38.770, 21096, 100
2026/08/05 08:44:39.771, 21096, 100
2026/08/05 08:44:40.773, 21096, 98
2026/08/05 08:44:41.773, 21096, 100
2026/08/05 08:44:42.774, 21096, 100
2026/08/05 08:44:43.776, 21096, 100
2026/08/05 08:44:44.777, 21096, 100
2026/08/05 08:44:45.778, 21096, 100
2026/08/05 08:44:46.779, 21096, 100
2026/08/05 08:44:47.781, 21096, 100
2026/08/05 08:44:48.782, 21096, 100
2026/08/05 08:44:49.783, 21096, 100
2026/08/05 08:44:50.785, 21096, 100
2026/08/05 08:44:51.786, 21096, 100
2026/08/05 08:44:52.787, 21096, 100
2026/08/05 08:44:53.789, 21096, 86
2026/08/05 08:44:54.790, 21096, 100
2026/08/05 08:44:55.791, 21096, 100
2026/08/05 08:44:56.793, 21096, 100
2026/08/05 08:44:57.794, 21096, 100
2026/08/05 08:44:58.795, 21096, 100
2026/08/05 08:44:59.797, 21096, 100
2026/08/05 08:45:00.798, 21096, 100
2026/08/05 08:45:01.799, 21096, 100
2026/08/05 08:45:02.800, 21096, 100
2026/08/05 08:45:03.800, 21096, 100
2026/08/05 08:45:04.802, 21096, 100
2026/08/05 08:45:05.803, 21096, 100
2026/08/05 08:45:06.804, 21096, 100
2026/08/05 08:45:07.806, 21096, 100
2026/08/05 08:45:08.807, 21096, 100
2026/08/05 08:45:09.808, 21096, 100
2026/08/05 08:45:10.809, 21096, 81
2026/08/05 08:45:11.810, 21096, 100
2026/08/05 08:45:12.812, 21096, 100
2026/08/05 08:45:13.813, 21096, 100
2026/08/05 08:45:14.814, 21096, 100
2026/08/05 08:45:15.816, 21096, 100
2026/08/05 08:45:16.817, 21096, 100
2026/08/05 08:45:17.818, 21096, 100
2026/08/05 08:45:18.819, 21096, 100
2026/08/05 08:45:19.820, 21096, 100
2026/08/05 08:45:20.822, 21096, 100
2026/08/05 08:45:21.823, 21096, 85
2026/08/05 08:45:22.824, 21096, 100
2026/08/05 08:45:23.826, 21096, 100
2026/08/05 08:45:24.827, 21096, 100
2026/08/05 08:45:25.828, 21096, 100
2026/08/05 08:45:26.830, 21096, 100
2026/08/05 08:45:27.831, 21096, 100
2026/08/05 08:45:28.832, 21096, 100
2026/08/05 08:45:29.834, 21096, 100
2026/08/05 08:45:30.835, 21096, 100
2026/08/05 08:45:31.836, 21096, 100
2026/08/05 08:45:32.837, 21096, 100
2026/08/05 08:45:33.838, 21096, 100
2026/08/05 08:45:34.839, 21096, 83
2026/08/05 08:45:35.839, 21096, 100
2026/08/05 08:45:36.839, 21096, 100
2026/08/05 08:45:37.840, 21096, 100
2026/08/05 08:45:38.841, 21096, 100
2026/08/05 08:45:39.841, 21096, 100
2026/08/05 08:45:40.842, 21096, 100
2026/08/05 08:45:41.842, 21096, 100
2026/08/05 08:45:42.843, 21096, 100
2026/08/05 08:45:43.844, 21096, 100
2026/08/05 08:45:44.845, 21096, 100
2026/08/05 08:45:45.846, 21096, 68
2026/08/05 08:45:46.848, 21096, 100
2026/08/05 08:45:47.849, 21096, 100
2026/08/05 08:45:48.850, 21096, 100
2026/08/05 08:45:49.851, 21096, 100
2026/08/05 08:45:50.851, 21096, 100
2026/08/05 08:45:51.852, 21096, 91
2026/08/05 08:45:52.853, 21096, 84
2026/08/05 08:45:53.853, 21096, 85
2026/08/05 08:45:54.854, 21096, 100
2026/08/05 08:45:55.856, 21096, 100
2026/08/05 08:45:56.856, 21096, 100
2026/08/05 08:45:57.857, 21096, 100
2026/08/05 08:45:58.857, 21096, 84
2026/08/05 08:45:59.858, 21096, 100
2026/08/05 08:46:00.858, 21096, 100
2026/08/05 08:46:01.859, 21096, 100
2026/08/05 08:46:02.859, 21096, 100
2026/08/05 08:46:03.860, 21096, 83
2026/08/05 08:46:04.861, 21096, 100
2026/08/05 08:46:05.863, 21096, 100
2026/08/05 08:46:06.863, 21096, 100
2026/08/05 08:46:07.865, 21096, 100
2026/08/05 08:46:08.865, 21096, 100
2026/08/05 08:46:09.866, 21096, 79
2026/08/05 08:46:10.867, 21096, 100
2026/08/05 08:46:11.868, 21096, 83
2026/08/05 08:46:12.868, 21096, 100
2026/08/05 08:46:13.869, 21096, 100
2026/08/05 08:46:14.869, 21096, 100
2026/08/05 08:46:15.870, 21096, 84
2026/08/05 08:46:16.871, 21096, 62
2026/08/05 08:46:17.872, 21096, 100
2026/08/05 08:46:18.873, 21096, 100
2026/08/05 08:46:19.874, 21096, 100
2026/08/05 08:46:20.875, 21096, 100
2026/08/05 08:46:21.875, 21096, 100
2026/08/05 08:46:22.876, 21096, 100
2026/08/05 08:46:23.877, 21096, 100
2026/08/05 08:46:24.877, 21096, 100
2026/08/05 08:46:25.879, 21096, 86
2026/08/05 08:46:26.880, 21096, 100
2026/08/05 08:46:27.881, 21096, 100
2026/08/05 08:46:28.881, 21096, 83
2026/08/05 08:46:29.882, 21096, 84
2026/08/05 08:46:30.882, 21096, 100
2026/08/05 08:46:31.884, 21096, 100
2026/08/05 08:46:32.884, 21096, 100
2026/08/05 08:46:33.884, 21096, 100
2026/08/05 08:46:34.885, 21096, 100
2026/08/05 08:46:35.885, 21096, 100
2026/08/05 08:46:36.887, 21096, 100
2026/08/05 08:46:37.888, 21096, 84
2026/08/05 08:46:38.889, 21096, 100
2026/08/05 08:46:39.890, 21096, 100
2026/08/05 08:46:40.892, 21096, 100
2026/08/05 08:46:41.893, 21096, 100
2026/08/05 08:46:42.893, 21096, 100
2026/08/05 08:46:43.895, 21096, 100
2026/08/05 08:46:44.895, 21096, 100
2026/08/05 08:46:45.897, 21096, 100
2026/08/05 08:46:46.898, 21096, 100
2026/08/05 08:46:47.899, 21096, 100
2026/08/05 08:46:48.900, 21096, 67
2026/08/05 08:46:49.900, 21096, 100
2026/08/05 08:46:50.901, 21096, 100
2026/08/05 08:46:51.901, 21096, 100
2026/08/05 08:46:52.901, 21096, 100
2026/08/05 08:46:53.902, 21096, 100
2026/08/05 08:46:54.902, 21096, 100
2026/08/05 08:46:55.902, 21096, 100
2026/08/05 08:46:56.902, 21096, 100
2026/08/05 08:46:57.903, 21096, 100
2026/08/05 08:46:58.903, 21096, 100
2026/08/05 08:46:59.903, 21096, 100
2026/08/05 08:47:00.904, 21096, 100
2026/08/05 08:47:01.904, 21096, 100
2026/08/05 08:47:02.904, 21096, 100
2026/08/05 08:47:03.904, 21096, 100
2026/08/05 08:47:04.905, 21096, 100
2026/08/05 08:47:05.905, 21096, 100
2026/08/05 08:47:06.905, 21096, 100
2026/08/05 08:47:07.905, 21096, 100
2026/08/05 08:47:08.906, 21096, 100
2026/08/05 08:47:09.906, 21096, 100
2026/08/05 08:47:10.907, 21096, 100
2026/08/05 08:47:11.907, 21096, 100
2026/08/05 08:47:12.907, 21096, 100
2026/08/05 08:47:13.907, 21096, 100
2026/08/05 08:47:14.908, 21096, 100
2026/08/05 08:47:15.908, 21096, 100
2026/08/05 08:47:16.908, 21096, 83
2026/08/05 08:47:17.909, 21096, 100
2026/08/05 08:47:18.909, 21096, 100
2026/08/05 08:47:19.909, 21096, 100
2026/08/05 08:47:20.910, 21096, 100
2026/08/05 08:47:21.910, 21096, 100
2026/08/05 08:47:22.910, 21096, 100
2026/08/05 08:47:23.911, 21096, 100
2026/08/05 08:47:24.911, 21096, 100
2026/08/05 08:47:25.911, 21096, 100
2026/08/05 08:47:26.912, 21096, 100
2026/08/05 08:47:27.912, 21096, 100
2026/08/05 08:47:28.912, 21096, 100
2026/08/05 08:47:29.913, 21096, 100
2026/08/05 08:47:30.913, 21096, 100
2026/08/05 08:47:31.913, 21096, 82
2026/08/05 08:47:32.914, 21096, 100
2026/08/05 08:47:33.914, 21096, 100
2026/08/05 08:47:34.914, 21096, 100
2026/08/05 08:47:35.915, 21096, 82
2026/08/05 08:47:36.915, 21096, 100
2026/08/05 08:47:37.915, 21096, 100
2026/08/05 08:47:38.915, 21096, 100
2026/08/05 08:47:39.916, 21096, 100
2026/08/05 08:47:40.916, 21096, 100
2026/08/05 08:47:41.916, 21096, 100
2026/08/05 08:47:42.916, 21096, 100
2026/08/05 08:47:43.917, 21096, 100
2026/08/05 08:47:44.917, 21096, 100
2026/08/05 08:47:45.917, 21096, 100
2026/08/05 08:47:46.917, 21096, 100
2026/08/05 08:47:47.918, 21096, 100
2026/08/05 08:47:48.918, 21096, 100
2026/08/05 08:47:49.918, 21096, 100
2026/08/05 08:47:50.918, 21096, 100
2026/08/05 08:47:51.919, 21096, 100
2026/08/05 08:47:52.919, 21096, 84
2026/08/05 08:47:53.919, 21096, 100
2026/08/05 08:47:54.919, 21096, 100
2026/08/05 08:47:55.919, 21096, 100
2026/08/05 08:47:56.919, 21096, 83
2026/08/05 08:47:57.920, 21096, 100
2026/08/05 08:47:58.920, 21096, 100
2026/08/05 08:47:59.920, 21096, 100
2026/08/05 08:48:00.920, 21096, 100
2026/08/05 08:48:01.920, 21096, 100
2026/08/05 08:48:02.921, 21096, 100
2026/08/05 08:48:03.921, 21096, 61
2026/08/05 08:48:04.921, 21096, 100
2026/08/05 08:48:05.921, 21096, 100
2026/08/05 08:48:06.921, 21096, 83
2026/08/05 08:48:07.922, 21096, 100
2026/08/05 08:48:08.922, 21096, 100
2026/08/05 08:48:09.922, 21096, 100
2026/08/05 08:48:10.922, 21096, 100
2026/08/05 08:48:11.922, 21096, 100
2026/08/05 08:48:12.923, 21096, 100
2026/08/05 08:48:13.923, 21096, 100
2026/08/05 08:48:14.923, 21096, 100
2026/08/05 08:48:15.923, 21096, 100
2026/08/05 08:48:16.923, 21096, 100
2026/08/05 08:48:17.924, 21096, 100
2026/08/05 08:48:18.924, 21096, 100
2026/08/05 08:48:19.924, 21096, 82
2026/08/05 08:48:20.924, 21096, 100
2026/08/05 08:48:21.925, 21096, 100
2026/08/05 08:48:22.925, 21096, 100
2026/08/05 08:48:23.925, 21096, 100
2026/08/05 08:48:24.925, 21096, 100
2026/08/05 08:48:25.926, 21096, 82
2026/08/05 08:48:26.926, 21096, 100
2026/08/05 08:48:27.926, 21096, 100
2026/08/05 08:48:28.926, 21096, 100
2026/08/05 08:48:29.926, 21096, 100
2026/08/05 08:48:30.927, 21096, 100
2026/08/05 08:48:31.927, 21096, 100
2026/08/05 08:48:32.927, 21096, 100
2026/08/05 08:48:33.927, 21096, 81
2026/08/05 08:48:34.928, 21096, 100
2026/08/05 08:48:35.928, 21096, 100
2026/08/05 08:48:36.928, 21096, 100
2026/08/05 08:48:37.928, 21096, 100
2026/08/05 08:48:38.928, 21096, 100
2026/08/05 08:48:39.929, 21096, 83
2026/08/05 08:48:40.929, 21096, 100
2026/08/05 08:48:41.929, 21096, 87
2026/08/05 08:48:42.929, 21096, 100
2026/08/05 08:48:43.929, 21096, 100
2026/08/05 08:48:44.930, 21096, 100
2026/08/05 08:48:45.930, 21096, 100
2026/08/05 08:48:46.930, 21096, 100
2026/08/05 08:48:47.930, 21096, 100
2026/08/05 08:48:48.930, 21096, 100
2026/08/05 08:48:49.931, 21096, 100
2026/08/05 08:48:50.931, 21096, 84
2026/08/05 08:48:51.931, 21096, 100
2026/08/05 08:48:52.931, 21096, 100
2026/08/05 08:48:53.931, 21096, 100
2026/08/05 08:48:54.932, 21096, 100
2026/08/05 08:48:55.932, 21096, 84
2026/08/05 08:48:56.932, 21096, 100
2026/08/05 08:48:57.932, 21096, 100
2026/08/05 08:48:58.932, 21096, 100
2026/08/05 08:48:59.933, 21096, 83
2026/08/05 08:49:00.933, 21096, 100
2026/08/05 08:49:01.933, 21096, 82
2026/08/05 08:49:02.933, 21096, 100
2026/08/05 08:49:03.933, 21096, 100
2026/08/05 08:49:04.934, 21096, 100
2026/08/05 08:49:05.934, 21096, 100
2026/08/05 08:49:06.934, 21096, 100
2026/08/05 08:49:07.935, 21096, 100
2026/08/05 08:49:08.935, 21096, 100
2026/08/05 08:49:09.935, 21096, 100
2026/08/05 08:49:10.935, 21096, 100
2026/08/05 08:49:11.935, 21096, 63
2026/08/05 08:49:12.936, 21096, 100
2026/08/05 08:49:13.936, 21096, 100
2026/08/05 08:49:14.936, 21096, 100
2026/08/05 08:49:15.936, 21096, 100
2026/08/05 08:49:16.936, 21096, 100
2026/08/05 08:49:17.937, 21096, 100
2026/08/05 08:49:18.937, 21096, 100
2026/08/05 08:49:19.937, 21096, 84
2026/08/05 08:49:20.937, 21096, 100
2026/08/05 08:49:21.937, 21096, 100
2026/08/05 08:49:22.938, 21096, 100
2026/08/05 08:49:23.938, 21096, 100
2026/08/05 08:49:24.938, 21096, 65
2026/08/05 08:49:25.938, 21096, 100
2026/08/05 08:49:26.939, 21096, 100
2026/08/05 08:49:27.939, 21096, 100
2026/08/05 08:49:28.939, 21096, 100
2026/08/05 08:49:29.939, 21096, 100
2026/08/05 08:49:30.939, 21096, 100
2026/08/05 08:49:31.940, 21096, 100
2026/08/05 08:49:32.940, 21096, 100
2026/08/05 08:49:33.940, 21096, 100
2026/08/05 08:49:34.940, 21096, 100
2026/08/05 08:49:35.940, 21096, 95
2026/08/05 08:49:36.941, 21096, 100
2026/08/05 08:49:37.941, 21096, 100
2026/08/05 08:49:38.941, 21096, 86
2026/08/05 08:49:39.941, 21096, 100
2026/08/05 08:49:40.941, 21096, 100
2026/08/05 08:49:41.942, 21096, 100
2026/08/05 08:49:42.942, 21096, 100
2026/08/05 08:49:43.942, 21096, 100
2026/08/05 08:49:44.942, 21096, 100
2026/08/05 08:49:45.942, 21096, 100
2026/08/05 08:49:46.942, 21096, 100
2026/08/05 08:49:47.943, 21096, 100
2026/08/05 08:49:48.943, 21096, 86
2026/08/05 08:49:49.943, 21096, 100
2026/08/05 08:49:50.943, 21096, 100
2026/08/05 08:49:51.943, 21096, 100
2026/08/05 08:49:52.944, 21096, 100
2026/08/05 08:49:53.944, 21096, 100
2026/08/05 08:49:54.944, 21096, 80
2026/08/05 08:49:55.944, 21096, 100
2026/08/05 08:49:56.944, 21096, 100
2026/08/05 08:49:57.944, 21096, 100
2026/08/05 08:49:58.945, 21096, 100
2026/08/05 08:49:59.945, 21096, 100
2026/08/05 08:50:00.945, 21096, 84
2026/08/05 08:50:01.945, 21096, 100
2026/08/05 08:50:02.946, 21096, 100
2026/08/05 08:50:03.946, 21096, 100
2026/08/05 08:50:04.946, 21096, 100
2026/08/05 08:50:05.947, 21096, 93
2026/08/05 08:50:06.947, 21096, 100
2026/08/05 08:50:07.947, 21096, 100
2026/08/05 08:50:08.947, 21096, 100
2026/08/05 08:50:09.948, 21096, 100
2026/08/05 08:50:10.948, 21096, 82
2026/08/05 08:50:11.948, 21096, 100
2026/08/05 08:50:12.948, 21096, 100
2026/08/05 08:50:13.948, 21096, 100
2026/08/05 08:50:14.949, 21096, 84
2026/08/05 08:50:15.949, 21096, 86
2026/08/05 08:50:16.949, 21096, 100
2026/08/05 08:50:17.949, 21096, 100
2026/08/05 08:50:18.950, 21096, 100
2026/08/05 08:50:19.950, 21096, 94
2026/08/05 08:50:20.950, 21096, 100
2026/08/05 08:50:21.951, 21096, 100
2026/08/05 08:50:22.951, 21096, 100
2026/08/05 08:50:23.951, 21096, 100
2026/08/05 08:50:24.952, 21096, 100
2026/08/05 08:50:25.952, 21096, 84
2026/08/05 08:50:26.952, 21096, 85
2026/08/05 08:50:27.952, 21096, 100
2026/08/05 08:50:28.952, 21096, 100
2026/08/05 08:50:29.953, 21096, 100
2026/08/05 08:50:30.953, 21096, 100
2026/08/05 08:50:31.953, 21096, 100
2026/08/05 08:50:32.954, 21096, 100
2026/08/05 08:50:33.954, 21096, 100
2026/08/05 08:50:34.954, 21096, 84
2026/08/05 08:50:35.955, 21096, 100
2026/08/05 08:50:36.955, 21096, 100
2026/08/05 08:50:37.955, 21096, 100
2026/08/05 08:50:38.956, 21096, 100
2026/08/05 08:50:39.956, 21096, 100
2026/08/05 08:50:40.956, 21096, 84
2026/08/05 08:50:41.957, 21096, 84
2026/08/05 08:50:42.957, 21096, 100
2026/08/05 08:50:43.957, 21096, 100
2026/08/05 08:50:44.957, 21096, 93
2026/08/05 08:50:45.958, 21096, 61
2026/08/05 08:50:46.958, 21096, 100
2026/08/05 08:50:47.958, 21096, 100
2026/08/05 08:50:48.958, 21096, 100
2026/08/05 08:50:49.959, 21096, 100
2026/08/05 08:50:50.959, 21096, 100
2026/08/05 08:50:51.959, 21096, 100
2026/08/05 08:50:52.959, 21096, 100
2026/08/05 08:50:53.959, 21096, 82
2026/08/05 08:50:54.960, 21096, 100
2026/08/05 08:50:55.960, 21096, 82
2026/08/05 08:50:56.960, 21096, 100
2026/08/05 08:50:57.961, 21096, 100
2026/08/05 08:50:58.961, 21096, 100
2026/08/05 08:50:59.961, 21096, 100
2026/08/05 08:51:00.962, 21096, 100
2026/08/05 08:51:01.962, 21096, 100
2026/08/05 08:51:02.962, 21096, 100
2026/08/05 08:51:03.962, 21096, 64
2026/08/05 08:51:04.963, 21096, 100
2026/08/05 08:51:05.964, 21096, 100
2026/08/05 08:51:06.966, 21096, 100
2026/08/05 08:51:07.967, 21096, 100
2026/08/05 08:51:08.968, 21096, 100
2026/08/05 08:51:09.970, 21096, 100
2026/08/05 08:51:10.971, 21096, 100
2026/08/05 08:51:11.972, 21096, 100
2026/08/05 08:51:12.973, 21096, 100
2026/08/05 08:51:13.973, 21096, 100
2026/08/05 08:51:14.975, 21096, 100
2026/08/05 08:51:15.975, 21096, 100
2026/08/05 08:51:16.977, 21096, 100
2026/08/05 08:51:17.978, 21096, 100
2026/08/05 08:51:18.979, 21096, 100
2026/08/05 08:51:19.981, 21096, 100
2026/08/05 08:51:20.982, 21096, 100
2026/08/05 08:51:21.983, 21096, 100
2026/08/05 08:51:22.983, 21096, 100
2026/08/05 08:51:23.984, 21096, 100
2026/08/05 08:51:24.986, 21096, 100
2026/08/05 08:51:25.987, 21096, 100
2026/08/05 08:51:26.989, 21096, 100
2026/08/05 08:51:27.990, 21096, 100
2026/08/05 08:51:28.991, 21096, 100
2026/08/05 08:51:29.993, 21096, 100
2026/08/05 08:51:30.993, 21096, 100
2026/08/05 08:51:31.994, 21096, 100
2026/08/05 08:51:32.994, 21096, 100
2026/08/05 08:51:33.994, 21096, 90
2026/08/05 08:51:34.995, 21096, 100
2026/08/05 08:51:35.996, 21096, 100
2026/08/05 08:51:36.998, 21096, 100
2026/08/05 08:51:37.999, 21096, 100
2026/08/05 08:51:38.999, 21096, 100
2026/08/05 08:51:40.001, 21096, 100
2026/08/05 08:51:41.002, 21096, 100
2026/08/05 08:51:42.002, 21096, 100
2026/08/05 08:51:43.004, 21096, 92
2026/08/05 08:51:44.005, 21096, 85
2026/08/05 08:51:45.005, 21096, 100
2026/08/05 08:51:46.007, 21096, 100
2026/08/05 08:51:47.008, 21096, 78
2026/08/05 08:51:48.009, 21096, 100
2026/08/05 08:51:49.011, 21096, 100
2026/08/05 08:51:50.012, 21096, 100
2026/08/05 08:51:51.013, 21096, 100
2026/08/05 08:51:52.015, 21096, 100
2026/08/05 08:51:53.016, 21096, 72
2026/08/05 08:51:54.016, 21096, 100
2026/08/05 08:51:55.018, 21096, 100
2026/08/05 08:51:56.019, 21096, 100
2026/08/05 08:51:57.021, 21096, 100
2026/08/05 08:51:58.022, 21096, 100
2026/08/05 08:51:59.023, 21096, 100
2026/08/05 08:52:00.024, 21096, 100
2026/08/05 08:52:01.026, 21096, 83
2026/08/05 08:52:02.027, 21096, 55
2026/08/05 08:52:03.028, 21096, 100
2026/08/05 08:52:04.030, 21096, 100
2026/08/05 08:52:05.030, 21096, 100
2026/08/05 08:52:06.031, 21096, 100
2026/08/05 08:52:07.032, 21096, 100
2026/08/05 08:52:08.034, 21096, 100
2026/08/05 08:52:09.035, 21096, 100
2026/08/05 08:52:10.036, 21096, 66
2026/08/05 08:52:11.038, 21096, 100
2026/08/05 08:52:12.038, 21096, 100
2026/08/05 08:52:13.039, 21096, 100
2026/08/05 08:52:14.041, 21096, 100
2026/08/05 08:52:15.042, 21096, 100
2026/08/05 08:52:16.044, 21096, 100
2026/08/05 08:52:17.045, 21096, 83
2026/08/05 08:52:18.045, 21096, 100
2026/08/05 08:52:19.046, 21096, 100
2026/08/05 08:52:20.047, 21096, 100
2026/08/05 08:52:21.048, 21096, 100
2026/08/05 08:52:22.049, 21096, 100
2026/08/05 08:52:23.050, 21096, 100
2026/08/05 08:52:24.052, 21096, 100
2026/08/05 08:52:25.052, 21096, 76
2026/08/05 08:52:26.052, 21096, 89
2026/08/05 08:52:27.054, 21096, 100
2026/08/05 08:52:28.054, 21096, 100
2026/08/05 08:52:29.055, 21096, 100
2026/08/05 08:52:30.057, 21096, 100
2026/08/05 08:52:31.058, 21096, 100
2026/08/05 08:52:32.060, 21096, 100
2026/08/05 08:52:33.061, 21096, 100
2026/08/05 08:52:34.062, 21096, 100
2026/08/05 08:52:35.063, 21096, 100
2026/08/05 08:52:36.067, 21096, 100
2026/08/05 08:52:37.067, 21096, 89
2026/08/05 08:52:38.068, 21096, 82
2026/08/05 08:52:39.068, 21096, 100
2026/08/05 08:52:40.069, 21096, 100
2026/08/05 08:52:41.071, 21096, 82
2026/08/05 08:52:42.071, 21096, 100
2026/08/05 08:52:43.072, 21096, 100
2026/08/05 08:52:44.074, 21096, 100
2026/08/05 08:52:45.075, 21096, 100
2026/08/05 08:52:46.078, 21096, 100
2026/08/05 08:52:47.079, 21096, 100
2026/08/05 08:52:48.081, 21096, 66
2026/08/05 08:52:49.082, 21096, 100
2026/08/05 08:52:50.084, 21096, 100
2026/08/05 08:52:51.085, 21096, 71
2026/08/05 08:52:52.086, 21096, 100
2026/08/05 08:52:53.088, 21096, 100
2026/08/05 08:52:54.089, 21096, 100
2026/08/05 08:52:55.090, 21096, 100
2026/08/05 08:52:56.092, 21096, 100
2026/08/05 08:52:57.093, 21096, 100
2026/08/05 08:52:58.094, 21096, 100
2026/08/05 08:52:59.096, 21096, 100
2026/08/05 08:53:00.097, 21096, 84
2026/08/05 08:53:01.099, 21096, 100
2026/08/05 08:53:02.100, 21096, 100
2026/08/05 08:53:03.101, 21096, 100
2026/08/05 08:53:04.103, 21096, 100
2026/08/05 08:53:05.104, 21096, 100
2026/08/05 08:53:06.106, 21096, 100
2026/08/05 08:53:07.107, 21096, 94
2026/08/05 08:53:08.108, 21096, 96
2026/08/05 08:53:09.110, 21096, 100
2026/08/05 08:53:10.111, 21096, 100
2026/08/05 08:53:11.112, 21096, 100
2026/08/05 08:53:12.114, 21096, 100
2026/08/05 08:53:13.115, 21096, 100
2026/08/05 08:53:14.117, 21096, 100
2026/08/05 08:53:15.118, 21096, 100
2026/08/05 08:53:16.119, 21096, 100
2026/08/05 08:53:17.121, 21096, 100
2026/08/05 08:53:18.122, 21096, 100
2026/08/05 08:53:19.123, 21096, 100
2026/08/05 08:53:20.125, 21096, 100
2026/08/05 08:53:21.126, 21096, 100
2026/08/05 08:53:22.127, 21096, 100
2026/08/05 08:53:23.129, 21096, 100
2026/08/05 08:53:24.130, 21096, 100
2026/08/05 08:53:25.132, 21096, 100
2026/08/05 08:53:26.133, 21096, 100
2026/08/05 08:53:27.134, 21096, 100
2026/08/05 08:53:28.136, 21096, 100
2026/08/05 08:53:29.137, 21096, 100
2026/08/05 08:53:30.138, 21096, 100
2026/08/05 08:53:31.140, 21096, 100
2026/08/05 08:53:32.141, 21096, 100
2026/08/05 08:53:33.142, 21096, 100
2026/08/05 08:53:34.144, 21096, 100
2026/08/05 08:53:35.147, 21096, 87
2026/08/05 08:53:36.148, 21096, 100
2026/08/05 08:53:37.150, 21096, 100
2026/08/05 08:53:38.150, 21096, 100
2026/08/05 08:53:39.151, 21096, 100
2026/08/05 08:53:40.152, 21096, 88
2026/08/05 08:53:41.152, 21096, 100
2026/08/05 08:53:42.154, 21096, 100
2026/08/05 08:53:43.154, 21096, 100
2026/08/05 08:53:44.155, 21096, 100
2026/08/05 08:53:45.157, 21096, 100
2026/08/05 08:53:46.158, 21096, 100
2026/08/05 08:53:47.158, 21096, 100
2026/08/05 08:53:48.160, 21096, 100
2026/08/05 08:53:49.161, 21096, 84
2026/08/05 08:53:50.162, 21096, 100
2026/08/05 08:53:51.164, 21096, 100
2026/08/05 08:53:52.164, 21096, 100
2026/08/05 08:53:53.165, 21096, 100
2026/08/05 08:53:54.166, 21096, 100
2026/08/05 08:53:55.167, 21096, 100
2026/08/05 08:53:56.168, 21096, 100
2026/08/05 08:53:57.169, 21096, 68
2026/08/05 08:53:58.170, 21096, 100
2026/08/05 08:53:59.172, 21096, 100
2026/08/05 08:54:00.173, 21096, 100
2026/08/05 08:54:01.174, 21096, 100
2026/08/05 08:54:02.176, 21096, 60
2026/08/05 08:54:03.177, 21096, 100
2026/08/05 08:54:04.177, 21096, 100
2026/08/05 08:54:05.177, 21096, 100
2026/08/05 08:54:06.178, 21096, 100
2026/08/05 08:54:07.178, 21096, 100
2026/08/05 08:54:08.178, 21096, 100
2026/08/05 08:54:09.179, 21096, 100
2026/08/05 08:54:10.179, 21096, 100
2026/08/05 08:54:11.179, 21096, 100
2026/08/05 08:54:12.181, 21096, 100
2026/08/05 08:54:13.181, 21096, 100
2026/08/05 08:54:14.181, 21096, 82
2026/08/05 08:54:15.182, 21096, 83
2026/08/05 08:54:16.182, 21096, 100
2026/08/05 08:54:17.183, 21096, 100
2026/08/05 08:54:18.183, 21096, 100
2026/08/05 08:54:19.183, 21096, 83
2026/08/05 08:54:20.184, 21096, 100
2026/08/05 08:54:21.184, 21096, 100
2026/08/05 08:54:22.184, 21096, 100
2026/08/05 08:54:23.184, 21096, 100
2026/08/05 08:54:24.185, 21096, 73
2026/08/05 08:54:25.185, 21096, 85
2026/08/05 08:54:26.185, 21096, 100
2026/08/05 08:54:27.186, 21096, 82
2026/08/05 08:54:28.186, 21096, 77
2026/08/05 08:54:29.186, 21096, 100
2026/08/05 08:54:30.187, 21096, 100
2026/08/05 08:54:31.187, 21096, 100
2026/08/05 08:54:32.187, 21096, 100
2026/08/05 08:54:33.187, 21096, 99
2026/08/05 08:54:34.188, 21096, 100
2026/08/05 08:54:35.188, 21096, 100
2026/08/05 08:54:36.188, 21096, 100
2026/08/05 08:54:37.188, 21096, 100
2026/08/05 08:54:38.189, 21096, 100
2026/08/05 08:54:39.189, 21096, 100
2026/08/05 08:54:40.189, 21096, 100
2026/08/05 08:54:41.190, 21096, 100
2026/08/05 08:54:42.190, 21096, 100
2026/08/05 08:54:43.190, 21096, 100
2026/08/05 08:54:44.190, 21096, 100
2026/08/05 08:54:45.191, 21096, 100
2026/08/05 08:54:46.191, 21096, 100
2026/08/05 08:54:47.191, 21096, 100
2026/08/05 08:54:48.191, 21096, 81
2026/08/05 08:54:49.192, 21096, 100
2026/08/05 08:54:50.192, 21096, 100
2026/08/05 08:54:51.192, 21096, 100
2026/08/05 08:54:52.192, 21096, 100
2026/08/05 08:54:53.193, 21096, 100
2026/08/05 08:54:54.193, 21096, 100
2026/08/05 08:54:55.193, 21096, 100
2026/08/05 08:54:56.193, 21096, 100
2026/08/05 08:54:57.194, 21096, 100
2026/08/05 08:54:58.194, 21096, 100
2026/08/05 08:54:59.194, 21096, 100
2026/08/05 08:55:00.194, 21096, 100
2026/08/05 08:55:01.195, 21096, 100
2026/08/05 08:55:02.195, 21096, 100
2026/08/05 08:55:03.195, 21096, 100
2026/08/05 08:55:04.195, 21096, 100
2026/08/05 08:55:05.196, 21096, 100
2026/08/05 08:55:06.196, 21096, 80
2026/08/05 08:55:07.196, 21096, 90
2026/08/05 08:55:08.197, 21096, 100
2026/08/05 08:55:09.197, 21096, 82
2026/08/05 08:55:10.197, 21096, 100
2026/08/05 08:55:11.198, 21096, 86
2026/08/05 08:55:12.198, 21096, 100
2026/08/05 08:55:13.198, 21096, 99
2026/08/05 08:55:14.198, 21096, 89
2026/08/05 08:55:15.199, 21096, 100
2026/08/05 08:55:16.199, 21096, 100
2026/08/05 08:55:17.199, 21096, 100
2026/08/05 08:55:18.199, 21096, 100
2026/08/05 08:55:19.200, 21096, 100
2026/08/05 08:55:20.202, 21096, 100
2026/08/05 08:55:21.202, 21096, 100
2026/08/05 08:55:22.202, 21096, 100
2026/08/05 08:55:23.203, 21096, 100
2026/08/05 08:55:24.203, 21096, 100
2026/08/05 08:55:25.203, 21096, 100
2026/08/05 08:55:26.204, 21096, 100
2026/08/05 08:55:27.204, 21096, 100
2026/08/05 08:55:28.204, 21096, 100
2026/08/05 08:55:29.205, 21096, 100
2026/08/05 08:55:30.205, 21096, 100
2026/08/05 08:55:31.205, 21096, 100
2026/08/05 08:55:32.205, 21096, 100
2026/08/05 08:55:33.206, 21096, 100
2026/08/05 08:55:34.206, 21096, 100
2026/08/05 08:55:35.206, 21096, 100
2026/08/05 08:55:36.207, 21096, 100
2026/08/05 08:55:37.207, 21096, 100
2026/08/05 08:55:38.207, 21096, 100
2026/08/05 08:55:39.208, 21096, 63
2026/08/05 08:55:40.208, 21096, 100
2026/08/05 08:55:41.209, 21096, 79
2026/08/05 08:55:42.209, 21096, 100
2026/08/05 08:55:43.209, 21096, 100
2026/08/05 08:55:44.210, 21096, 100
2026/08/05 08:55:45.210, 21096, 100
2026/08/05 08:55:46.210, 21096, 100
2026/08/05 08:55:47.211, 21096, 100
2026/08/05 08:55:48.211, 21096, 100
2026/08/05 08:55:49.211, 21096, 100
2026/08/05 08:55:50.212, 21096, 89
2026/08/05 08:55:51.212, 21096, 100
2026/08/05 08:55:52.212, 21096, 100
2026/08/05 08:55:53.213, 21096, 94
2026/08/05 08:55:54.213, 21096, 100
2026/08/05 08:55:55.213, 21096, 100
2026/08/05 08:55:56.214, 21096, 100
2026/08/05 08:55:57.214, 21096, 100
2026/08/05 08:55:58.214, 21096, 100
2026/08/05 08:55:59.215, 21096, 100
2026/08/05 08:56:00.215, 21096, 100
2026/08/05 08:56:01.216, 21096, 100
2026/08/05 08:56:02.216, 21096, 100
2026/08/05 08:56:03.216, 21096, 100
2026/08/05 08:56:04.217, 21096, 100
2026/08/05 08:56:05.217, 21096, 100
2026/08/05 08:56:06.217, 21096, 100
2026/08/05 08:56:07.217, 21096, 100
2026/08/05 08:56:08.218, 21096, 100
2026/08/05 08:56:09.218, 21096, 100
2026/08/05 08:56:10.218, 21096, 100
2026/08/05 08:56:11.219, 21096, 100
2026/08/05 08:56:12.219, 21096, 100
2026/08/05 08:56:13.219, 21096, 100
2026/08/05 08:56:14.219, 21096, 83
2026/08/05 08:56:15.219, 21096, 85
2026/08/05 08:56:16.220, 21096, 100
2026/08/05 08:56:17.220, 21096, 100
2026/08/05 08:56:18.220, 21096, 100
2026/08/05 08:56:19.220, 21096, 100
2026/08/05 08:56:20.220, 21096, 100
2026/08/05 08:56:21.221, 21096, 100
2026/08/05 08:56:22.221, 21096, 83
2026/08/05 08:56:23.221, 21096, 100
2026/08/05 08:56:24.222, 21096, 100
2026/08/05 08:56:25.222, 21096, 100
2026/08/05 08:56:26.222, 21096, 97
2026/08/05 08:56:27.223, 21096, 84
2026/08/05 08:56:28.223, 21096, 100
2026/08/05 08:56:29.223, 21096, 65
2026/08/05 08:56:30.223, 21096, 100
2026/08/05 08:56:31.224, 21096, 100
2026/08/05 08:56:32.224, 21096, 100
2026/08/05 08:56:33.224, 21096, 99
2026/08/05 08:56:34.225, 21096, 84
2026/08/05 08:56:35.225, 21096, 100
2026/08/05 08:56:36.225, 21096, 84
2026/08/05 08:56:37.226, 21096, 100
2026/08/05 08:56:38.226, 21096, 100
2026/08/05 08:56:39.226, 21096, 100
2026/08/05 08:56:40.226, 21096, 100
2026/08/05 08:56:41.227, 21096, 100
2026/08/05 08:56:42.227, 21096, 62
2026/08/05 08:56:43.227, 21096, 100
2026/08/05 08:56:44.228, 21096, 82
2026/08/05 08:56:45.228, 21096, 100
2026/08/05 08:56:46.228, 21096, 80
2026/08/05 08:56:47.229, 21096, 84
2026/08/05 08:56:48.229, 21096, 100
2026/08/05 08:56:49.229, 21096, 100
2026/08/05 08:56:50.229, 21096, 100
2026/08/05 08:56:51.230, 21096, 100
2026/08/05 08:56:52.230, 21096, 100
2026/08/05 08:56:53.231, 21096, 100
2026/08/05 08:56:54.231, 21096, 100
2026/08/05 08:56:55.231, 21096, 100
2026/08/05 08:56:56.231, 21096, 100
2026/08/05 08:56:57.232, 21096, 100
2026/08/05 08:56:58.232, 21096, 100
2026/08/05 08:56:59.232, 21096, 64
2026/08/05 08:57:00.233, 21096, 100
2026/08/05 08:57:01.233, 21096, 100
2026/08/05 08:57:02.233, 21096, 100
2026/08/05 08:57:03.234, 21096, 81
2026/08/05 08:57:04.234, 21096, 100
2026/08/05 08:57:05.234, 21096, 100
2026/08/05 08:57:06.234, 21096, 75
2026/08/05 08:57:07.235, 21096, 100
2026/08/05 08:57:08.235, 21096, 100
2026/08/05 08:57:09.235, 21096, 84
2026/08/05 08:57:10.235, 21096, 100
2026/08/05 08:57:11.236, 21096, 100
2026/08/05 08:57:12.236, 21096, 100
2026/08/05 08:57:13.236, 21096, 100
2026/08/05 08:57:14.237, 21096, 100
2026/08/05 08:57:15.237, 21096, 100
2026/08/05 08:57:16.237, 21096, 100
2026/08/05 08:57:17.237, 21096, 100
2026/08/05 08:57:18.238, 21096, 100
2026/08/05 08:57:19.238, 21096, 100
2026/08/05 08:57:20.238, 21096, 100
2026/08/05 08:57:21.238, 21096, 100
2026/08/05 08:57:22.239, 21096, 100
2026/08/05 08:57:23.239, 21096, 100
2026/08/05 08:57:24.239, 21096, 100
2026/08/05 08:57:25.239, 21096, 100
2026/08/05 08:57:26.239, 21096, 100
2026/08/05 08:57:27.240, 21096, 100
2026/08/05 08:57:28.240, 21096, 90
2026/08/05 08:57:29.240, 21096, 100
2026/08/05 08:57:30.240, 21096, 100
2026/08/05 08:57:31.240, 21096, 100
2026/08/05 08:57:32.241, 21096, 100
2026/08/05 08:57:33.241, 21096, 100
2026/08/05 08:57:34.241, 21096, 100
2026/08/05 08:57:35.241, 21096, 100
2026/08/05 08:57:36.242, 21096, 100
2026/08/05 08:57:37.242, 21096, 100
2026/08/05 08:57:38.242, 21096, 100
2026/08/05 08:57:39.242, 21096, 100
2026/08/05 08:57:40.243, 21096, 100
2026/08/05 08:57:41.243, 21096, 100
2026/08/05 08:57:42.243, 21096, 58
2026/08/05 08:57:43.243, 21096, 85
2026/08/05 08:57:44.243, 21096, 100
2026/08/05 08:57:45.244, 21096, 100
2026/08/05 08:57:46.244, 21096, 100
2026/08/05 08:57:47.244, 21096, 100
2026/08/05 08:57:48.244, 21096, 100
2026/08/05 08:57:49.245, 21096, 100
2026/08/05 08:57:50.245, 21096, 100
2026/08/05 08:57:51.245, 21096, 100
2026/08/05 08:57:52.246, 21096, 100
2026/08/05 08:57:53.246, 21096, 100
2026/08/05 08:57:54.246, 21096, 100
2026/08/05 08:57:55.246, 21096, 100
2026/08/05 08:57:56.247, 21096, 92
2026/08/05 08:57:57.247, 21096, 83
2026/08/05 08:57:58.247, 21096, 100
2026/08/05 08:57:59.247, 21096, 100
2026/08/05 08:58:00.247, 21096, 100
2026/08/05 08:58:01.248, 21096, 84
2026/08/05 08:58:02.248, 21096, 100
2026/08/05 08:58:03.248, 21096, 62
2026/08/05 08:58:04.248, 21096, 100
2026/08/05 08:58:05.249, 21096, 100
2026/08/05 08:58:06.249, 21096, 100
2026/08/05 08:58:07.249, 21096, 100
2026/08/05 08:58:08.250, 21096, 84
2026/08/05 08:58:09.250, 21096, 100
2026/08/05 08:58:10.250, 21096, 97
2026/08/05 08:58:11.250, 21096, 100
2026/08/05 08:58:12.250, 21096, 100
2026/08/05 08:58:13.251, 21096, 75
2026/08/05 08:58:14.251, 21096, 92
2026/08/05 08:58:15.251, 21096, 84
2026/08/05 08:58:16.251, 21096, 100
2026/08/05 08:58:17.252, 21096, 57
2026/08/05 08:58:18.252, 21096, 100
2026/08/05 08:58:19.252, 21096, 100
2026/08/05 08:58:20.253, 21096, 100
2026/08/05 08:58:21.253, 21096, 78
2026/08/05 08:58:22.253, 21096, 90
2026/08/05 08:58:23.253, 21096, 100
2026/08/05 08:58:24.254, 21096, 100
2026/08/05 08:58:25.254, 21096, 100
2026/08/05 08:58:26.254, 21096, 100
2026/08/05 08:58:27.255, 21096, 100
2026/08/05 08:58:28.255, 21096, 100
2026/08/05 08:58:29.255, 21096, 100
2026/08/05 08:58:30.255, 21096, 100
2026/08/05 08:58:31.256, 21096, 100
2026/08/05 08:58:32.256, 21096, 100
2026/08/05 08:58:33.256, 21096, 100
2026/08/05 08:58:34.256, 21096, 100
2026/08/05 08:58:35.257, 21096, 100
2026/08/05 08:58:36.257, 21096, 100
2026/08/05 08:58:37.257, 21096, 100
2026/08/05 08:58:38.257, 21096, 100
2026/08/05 08:58:39.258, 21096, 100
2026/08/05 08:58:40.258, 21096, 100
2026/08/05 08:58:41.258, 21096, 100
2026/08/05 08:58:42.258, 21096, 100
2026/08/05 08:58:43.259, 21096, 100
2026/08/05 08:58:44.259, 21096, 100
2026/08/05 08:58:45.259, 21096, 100
2026/08/05 08:58:46.260, 21096, 100
2026/08/05 08:58:47.260, 21096, 100
2026/08/05 08:58:48.260, 21096, 100
2026/08/05 08:58:49.261, 21096, 85
2026/08/05 08:58:50.261, 21096, 100
2026/08/05 08:58:51.261, 21096, 100
2026/08/05 08:58:52.261, 21096, 100
2026/08/05 08:58:53.262, 21096, 100
2026/08/05 08:58:54.262, 21096, 100
2026/08/05 08:58:55.262, 21096, 100
2026/08/05 08:58:56.262, 21096, 83
2026/08/05 08:58:57.263, 21096, 100
2026/08/05 08:58:58.263, 21096, 100
2026/08/05 08:58:59.263, 21096, 100
2026/08/05 08:59:00.263, 21096, 100
2026/08/05 08:59:01.264, 21096, 100
2026/08/05 08:59:02.264, 21096, 100
2026/08/05 08:59:03.264, 21096, 100
2026/08/05 08:59:04.264, 21096, 100
2026/08/05 08:59:05.265, 21096, 100
2026/08/05 08:59:06.265, 21096, 100
2026/08/05 08:59:07.265, 21096, 100
2026/08/05 08:59:08.265, 21096, 100
2026/08/05 08:59:09.266, 21096, 100
2026/08/05 08:59:10.266, 21096, 80
2026/08/05 08:59:11.266, 21096, 100
2026/08/05 08:59:12.266, 21096, 100
2026/08/05 08:59:13.267, 21096, 100
2026/08/05 08:59:14.267, 21096, 100
2026/08/05 08:59:15.267, 21096, 100
2026/08/05 08:59:16.267, 21096, 100
2026/08/05 08:59:17.268, 21096, 100
2026/08/05 08:59:18.268, 21096, 100
2026/08/05 08:59:19.268, 21096, 100
2026/08/05 08:59:20.268, 21096, 100
2026/08/05 08:59:21.269, 21096, 83
2026/08/05 08:59:22.269, 21096, 100
2026/08/05 08:59:23.269, 21096, 100
2026/08/05 08:59:24.269, 21096, 100
2026/08/05 08:59:25.270, 21096, 100
2026/08/05 08:59:26.270, 21096, 100
2026/08/05 08:59:27.270, 21096, 86
2026/08/05 08:59:28.270, 21096, 100
2026/08/05 08:59:29.271, 21096, 100
2026/08/05 08:59:30.271, 21096, 100
2026/08/05 08:59:31.271, 21096, 100
2026/08/05 08:59:32.271, 21096, 100
2026/08/05 08:59:33.272, 21096, 100
2026/08/05 08:59:34.272, 21096, 100
2026/08/05 08:59:35.272, 21096, 100
2026/08/05 08:59:36.272, 21096, 90
2026/08/05 08:59:37.273, 21096, 100
2026/08/05 08:59:38.274, 21096, 100
2026/08/05 08:59:39.276, 21096, 100
2026/08/05 08:59:40.277, 21096, 83
2026/08/05 08:59:41.279, 21096, 68
2026/08/05 08:59:42.280, 21096, 100
2026/08/05 08:59:43.281, 21096, 100
2026/08/05 08:59:44.283, 21096, 100
2026/08/05 08:59:45.285, 21096, 84
2026/08/05 08:59:46.286, 21096, 100
2026/08/05 08:59:47.287, 21096, 100
2026/08/05 08:59:48.289, 21096, 100
2026/08/05 08:59:49.290, 21096, 100
2026/08/05 08:59:50.292, 21096, 100
2026/08/05 08:59:51.293, 21096, 100
2026/08/05 08:59:52.294, 21096, 100
2026/08/05 08:59:53.295, 21096, 82
2026/08/05 08:59:54.297, 21096, 86
2026/08/05 08:59:55.299, 21096, 100
2026/08/05 08:59:56.300, 21096, 100
2026/08/05 08:59:57.302, 21096, 100
2026/08/05 08:59:58.303, 21096, 64
2026/08/05 08:59:59.305, 21096, 100
2026/08/05 09:00:00.306, 21096, 64
2026/08/05 09:00:01.308, 21096, 100
2026/08/05 09:00:02.309, 21096, 84
2026/08/05 09:00:03.311, 21096, 100
2026/08/05 09:00:04.312, 21096, 100
2026/08/05 09:00:05.313, 21096, 100
2026/08/05 09:00:06.315, 21096, 100
2026/08/05 09:00:07.317, 21096, 100
2026/08/05 09:00:08.319, 21096, 100
2026/08/05 09:00:09.320, 21096, 100
2026/08/05 09:00:10.321, 21096, 59
2026/08/05 09:00:11.322, 21096, 100
2026/08/05 09:00:12.322, 21096, 100
2026/08/05 09:00:13.323, 21096, 100
2026/08/05 09:00:14.324, 21096, 100
2026/08/05 09:00:15.325, 21096, 100
2026/08/05 09:00:16.326, 21096, 100
2026/08/05 09:00:17.327, 21096, 100
2026/08/05 09:00:18.329, 21096, 100
2026/08/05 09:00:19.330, 21096, 87
2026/08/05 09:00:20.331, 21096, 85
2026/08/05 09:00:21.332, 21096, 100
2026/08/05 09:00:22.332, 21096, 100
2026/08/05 09:00:23.333, 21096, 100
2026/08/05 09:00:24.334, 21096, 100
2026/08/05 09:00:25.336, 21096, 65
2026/08/05 09:00:26.337, 21096, 84
2026/08/05 09:00:27.338, 21096, 100
2026/08/05 09:00:28.340, 21096, 100
2026/08/05 09:00:29.341, 21096, 100
2026/08/05 09:00:30.342, 21096, 100
2026/08/05 09:00:31.344, 21096, 57
2026/08/05 09:00:32.345, 21096, 85
2026/08/05 09:00:33.346, 21096, 100
2026/08/05 09:00:34.348, 21096, 90
2026/08/05 09:00:35.349, 21096, 100
2026/08/05 09:00:36.350, 21096, 65
2026/08/05 09:00:37.352, 21096, 100
2026/08/05 09:00:38.352, 21096, 100
2026/08/05 09:00:39.354, 21096, 100
2026/08/05 09:00:40.355, 21096, 100
2026/08/05 09:00:41.356, 21096, 100
2026/08/05 09:00:42.358, 21096, 100
2026/08/05 09:00:43.359, 21096, 100
2026/08/05 09:00:44.360, 21096, 100
2026/08/05 09:00:45.361, 21096, 100
2026/08/05 09:00:46.362, 21096, 100
2026/08/05 09:00:47.364, 21096, 100
2026/08/05 09:00:48.364, 21096, 100
2026/08/05 09:00:49.365, 21096, 100
2026/08/05 09:00:50.367, 21096, 100
2026/08/05 09:00:51.368, 21096, 84
2026/08/05 09:00:52.369, 21096, 100
2026/08/05 09:00:53.370, 21096, 100
2026/08/05 09:00:54.372, 21096, 100
2026/08/05 09:00:55.373, 21096, 100
2026/08/05 09:00:56.374, 21096, 100
2026/08/05 09:00:57.376, 21096, 100
2026/08/05 09:00:58.377, 21096, 100
2026/08/05 09:00:59.377, 21096, 100
2026/08/05 09:01:00.379, 21096, 100
2026/08/05 09:01:01.380, 21096, 100
2026/08/05 09:01:02.380, 21096, 100
2026/08/05 09:01:03.381, 21096, 100
2026/08/05 09:01:04.381, 21096, 100
2026/08/05 09:01:05.381, 21096, 100
2026/08/05 09:01:06.382, 21096, 100
2026/08/05 09:01:07.382, 21096, 100
2026/08/05 09:01:08.382, 21096, 100
2026/08/05 09:01:09.383, 21096, 100
2026/08/05 09:01:10.383, 21096, 100
2026/08/05 09:01:11.383, 21096, 84
2026/08/05 09:01:12.384, 21096, 100
2026/08/05 09:01:13.384, 21096, 100
2026/08/05 09:01:14.385, 21096, 100
2026/08/05 09:01:15.385, 21096, 100
2026/08/05 09:01:16.385, 21096, 100
2026/08/05 09:01:17.386, 21096, 100
2026/08/05 09:01:18.387, 21096, 100
2026/08/05 09:01:19.387, 21096, 100
2026/08/05 09:01:20.388, 21096, 100
2026/08/05 09:01:21.388, 21096, 100
2026/08/05 09:01:22.388, 21096, 100
2026/08/05 09:01:23.389, 21096, 100
2026/08/05 09:01:24.389, 21096, 100
2026/08/05 09:01:25.389, 21096, 100
2026/08/05 09:01:26.389, 21096, 100
2026/08/05 09:01:27.390, 21096, 100
2026/08/05 09:01:28.390, 21096, 100
2026/08/05 09:01:29.390, 21096, 100
2026/08/05 09:01:30.391, 21096, 100
2026/08/05 09:01:31.391, 21096, 100
2026/08/05 09:01:32.391, 21096, 100
2026/08/05 09:01:33.391, 21096, 100
2026/08/05 09:01:34.392, 21096, 100
2026/08/05 09:01:35.392, 21096, 100
2026/08/05 09:01:36.392, 21096, 100
2026/08/05 09:01:37.393, 21096, 84
2026/08/05 09:01:38.393, 21096, 100
2026/08/05 09:01:39.393, 21096, 100
2026/08/05 09:01:40.393, 21096, 100
2026/08/05 09:01:41.394, 21096, 100
2026/08/05 09:01:42.394, 21096, 86
2026/08/05 09:01:43.394, 21096, 100
2026/08/05 09:01:44.394, 21096, 100
2026/08/05 09:01:45.394, 21096, 100
2026/08/05 09:01:46.395, 21096, 100
2026/08/05 09:01:47.395, 21096, 100
2026/08/05 09:01:48.396, 21096, 100
2026/08/05 09:01:49.396, 21096, 100
2026/08/05 09:01:50.396, 21096, 99
2026/08/05 09:01:51.396, 21096, 100
2026/08/05 09:01:52.397, 21096, 94
2026/08/05 09:01:53.397, 21096, 100
2026/08/05 09:01:54.397, 21096, 100
2026/08/05 09:01:55.397, 21096, 100
2026/08/05 09:01:56.398, 21096, 100
2026/08/05 09:01:57.398, 21096, 100
2026/08/05 09:01:58.398, 21096, 84
2026/08/05 09:01:59.398, 21096, 100
2026/08/05 09:02:00.399, 21096, 85
2026/08/05 09:02:01.399, 21096, 100
2026/08/05 09:02:02.399, 21096, 91
2026/08/05 09:02:03.400, 21096, 100
2026/08/05 09:02:04.400, 21096, 100
2026/08/05 09:02:05.401, 21096, 100
2026/08/05 09:02:06.401, 21096, 82
2026/08/05 09:02:07.401, 21096, 63
2026/08/05 09:02:08.402, 21096, 100
2026/08/05 09:02:09.402, 21096, 63
2026/08/05 09:02:10.402, 21096, 100
2026/08/05 09:02:11.403, 21096, 51
2026/08/05 09:02:12.403, 21096, 100
2026/08/05 09:02:13.403, 21096, 66
2026/08/05 09:02:14.403, 21096, 100
2026/08/05 09:02:15.404, 21096, 100
2026/08/05 09:02:16.404, 21096, 100
2026/08/05 09:02:17.404, 21096, 100
2026/08/05 09:02:18.405, 21096, 100
2026/08/05 09:02:19.405, 21096, 100
2026/08/05 09:02:20.405, 21096, 100
2026/08/05 09:02:21.405, 21096, 100
2026/08/05 09:02:22.405, 21096, 100
2026/08/05 09:02:23.406, 21096, 100
2026/08/05 09:02:24.406, 21096, 100
2026/08/05 09:02:25.406, 21096, 100
2026/08/05 09:02:26.407, 21096, 100
2026/08/05 09:02:27.407, 21096, 100
2026/08/05 09:02:28.407, 21096, 100
2026/08/05 09:02:29.408, 21096, 84
2026/08/05 09:02:30.408, 21096, 100
2026/08/05 09:02:31.408, 21096, 100
2026/08/05 09:02:32.409, 21096, 100
2026/08/05 09:02:33.409, 21096, 100
2026/08/05 09:02:34.409, 21096, 100
2026/08/05 09:02:35.410, 21096, 100
2026/08/05 09:02:36.410, 21096, 100
2026/08/05 09:02:37.410, 21096, 100
2026/08/05 09:02:38.411, 21096, 100
2026/08/05 09:02:39.411, 21096, 100
2026/08/05 09:02:40.411, 21096, 87
2026/08/05 09:02:41.412, 21096, 100
2026/08/05 09:02:42.412, 21096, 100
2026/08/05 09:02:43.412, 21096, 100
2026/08/05 09:02:44.412, 21096, 89
2026/08/05 09:02:45.413, 21096, 81
2026/08/05 09:02:46.413, 21096, 100
2026/08/05 09:02:47.413, 21096, 100
2026/08/05 09:02:48.414, 21096, 83
2026/08/05 09:02:49.414, 21096, 100
2026/08/05 09:02:50.414, 21096, 83
2026/08/05 09:02:51.414, 21096, 62
2026/08/05 09:02:52.415, 21096, 100
2026/08/05 09:02:53.415, 21096, 100
2026/08/05 09:02:54.415, 21096, 100
2026/08/05 09:02:55.415, 21096, 100
2026/08/05 09:02:56.416, 21096, 100
2026/08/05 09:02:57.416, 21096, 85
2026/08/05 09:02:58.416, 21096, 100
2026/08/05 09:02:59.416, 21096, 100
2026/08/05 09:03:00.416, 21096, 100
2026/08/05 09:03:01.417, 21096, 86
2026/08/05 09:03:02.417, 21096, 100
2026/08/05 09:03:03.417, 21096, 100
2026/08/05 09:03:04.417, 21096, 100
2026/08/05 09:03:05.418, 21096, 83
2026/08/05 09:03:06.418, 21096, 64
2026/08/05 09:03:07.418, 21096, 100
2026/08/05 09:03:08.418, 21096, 100
2026/08/05 09:03:09.419, 21096, 100
2026/08/05 09:03:10.419, 21096, 83
2026/08/05 09:03:11.419, 21096, 100
2026/08/05 09:03:12.419, 21096, 100
2026/08/05 09:03:13.420, 21096, 100
2026/08/05 09:03:14.420, 21096, 92
2026/08/05 09:03:15.420, 21096, 100
2026/08/05 09:03:16.420, 21096, 100
2026/08/05 09:03:17.421, 21096, 100
2026/08/05 09:03:18.421, 21096, 100
2026/08/05 09:03:19.421, 21096, 100
2026/08/05 09:03:20.421, 21096, 100
2026/08/05 09:03:21.421, 21096, 100
2026/08/05 09:03:22.422, 21096, 100
2026/08/05 09:03:23.422, 21096, 82
2026/08/05 09:03:24.422, 21096, 83
2026/08/05 09:03:25.423, 21096, 100
2026/08/05 09:03:26.423, 21096, 100
2026/08/05 09:03:27.423, 21096, 100
2026/08/05 09:03:28.423, 21096, 100
2026/08/05 09:03:29.423, 21096, 94
2026/08/05 09:03:30.424, 21096, 81
2026/08/05 09:03:31.424, 21096, 78
2026/08/05 09:03:32.424, 21096, 81
2026/08/05 09:03:33.424, 21096, 100
2026/08/05 09:03:34.425, 21096, 100
2026/08/05 09:03:35.425, 21096, 100
2026/08/05 09:03:36.425, 21096, 84
2026/08/05 09:03:37.425, 21096, 100
2026/08/05 09:03:38.425, 21096, 100
2026/08/05 09:03:39.426, 21096, 100
2026/08/05 09:03:40.426, 21096, 100
2026/08/05 09:03:41.426, 21096, 100
2026/08/05 09:03:42.427, 21096, 100
2026/08/05 09:03:43.427, 21096, 100
2026/08/05 09:03:44.427, 21096, 100
2026/08/05 09:03:45.428, 21096, 68
2026/08/05 09:03:46.428, 21096, 100
2026/08/05 09:03:47.428, 21096, 100
2026/08/05 09:03:48.428, 21096, 85
2026/08/05 09:03:49.429, 21096, 100
2026/08/05 09:03:50.429, 21096, 100
2026/08/05 09:03:51.429, 21096, 84
2026/08/05 09:03:52.430, 21096, 63
2026/08/05 09:03:53.430, 21096, 100
2026/08/05 09:03:54.431, 21096, 85
2026/08/05 09:03:55.431, 21096, 84
2026/08/05 09:03:56.431, 21096, 85
2026/08/05 09:03:57.431, 21096, 100
2026/08/05 09:03:58.432, 21096, 100
2026/08/05 09:03:59.432, 21096, 100
2026/08/05 09:04:00.432, 21096, 80
2026/08/05 09:04:01.433, 21096, 100
2026/08/05 09:04:02.433, 21096, 100
2026/08/05 09:04:03.433, 21096, 100
2026/08/05 09:04:04.433, 21096, 100
2026/08/05 09:04:05.434, 21096, 86
2026/08/05 09:04:06.434, 21096, 94
2026/08/05 09:04:07.434, 21096, 100
2026/08/05 09:04:08.434, 21096, 100
2026/08/05 09:04:09.435, 21096, 100
2026/08/05 09:04:10.435, 21096, 100
2026/08/05 09:04:11.435, 21096, 100
2026/08/05 09:04:12.436, 21096, 100
2026/08/05 09:04:13.436, 21096, 100
2026/08/05 09:04:14.436, 21096, 84
2026/08/05 09:04:15.437, 21096, 100
2026/08/05 09:04:16.437, 21096, 81
2026/08/05 09:04:17.437, 21096, 100
2026/08/05 09:04:18.438, 21096, 100
2026/08/05 09:04:19.438, 21096, 63
2026/08/05 09:04:20.438, 21096, 100
2026/08/05 09:04:21.439, 21096, 100
2026/08/05 09:04:22.439, 21096, 100
2026/08/05 09:04:23.439, 21096, 63
2026/08/05 09:04:24.440, 21096, 100
2026/08/05 09:04:25.440, 21096, 60
2026/08/05 09:04:26.440, 21096, 100
2026/08/05 09:04:27.440, 21096, 100
2026/08/05 09:04:28.441, 21096, 100
2026/08/05 09:04:29.441, 21096, 100
2026/08/05 09:04:30.441, 21096, 100
2026/08/05 09:04:31.441, 21096, 100
2026/08/05 09:04:32.442, 21096, 84
2026/08/05 09:04:33.442, 21096, 84
2026/08/05 09:04:34.442, 21096, 73
2026/08/05 09:04:35.443, 21096, 100
2026/08/05 09:04:36.443, 21096, 100
2026/08/05 09:04:37.443, 21096, 100
2026/08/05 09:04:38.444, 21096, 97
2026/08/05 09:04:39.444, 21096, 81
2026/08/05 09:04:40.444, 21096, 100
2026/08/05 09:04:41.445, 21096, 83
2026/08/05 09:04:42.445, 21096, 100
2026/08/05 09:04:43.445, 21096, 100
2026/08/05 09:04:44.445, 21096, 100
2026/08/05 09:04:45.446, 21096, 100
2026/08/05 09:04:46.447, 21096, 100
2026/08/05 09:04:47.447, 21096, 100
2026/08/05 09:04:48.448, 21096, 100
2026/08/05 09:04:49.448, 21096, 100
2026/08/05 09:04:50.448, 21096, 100
2026/08/05 09:04:51.449, 21096, 83
2026/08/05 09:04:52.449, 21096, 98
2026/08/05 09:04:53.449, 21096, 100
2026/08/05 09:04:54.449, 21096, 100
2026/08/05 09:04:55.450, 21096, 100
2026/08/05 09:04:56.450, 21096, 100
2026/08/05 09:04:57.450, 21096, 100
2026/08/05 09:04:58.450, 21096, 83
2026/08/05 09:04:59.451, 21096, 100
2026/08/05 09:05:00.451, 21096, 100
2026/08/05 09:05:01.453, 21096, 100
2026/08/05 09:05:02.453, 21096, 100
2026/08/05 09:05:03.454, 21096, 100
2026/08/05 09:05:04.454, 21096, 100
2026/08/05 09:05:05.454, 21096, 100
2026/08/05 09:05:06.455, 21096, 70
2026/08/05 09:05:07.455, 21096, 100
2026/08/05 09:05:08.455, 21096, 100
2026/08/05 09:05:09.455, 21096, 100
2026/08/05 09:05:10.456, 21096, 100
2026/08/05 09:05:11.456, 21096, 84
2026/08/05 09:05:12.456, 21096, 100
2026/08/05 09:05:13.457, 21096, 100
2026/08/05 09:05:14.457, 21096, 100
2026/08/05 09:05:15.457, 21096, 81
2026/08/05 09:05:16.458, 21096, 84
2026/08/05 09:05:17.458, 21096, 100
2026/08/05 09:05:18.458, 21096, 100
2026/08/05 09:05:19.458, 21096, 100
2026/08/05 09:05:20.459, 21096, 100
2026/08/05 09:05:21.459, 21096, 100
2026/08/05 09:05:22.459, 21096, 100
2026/08/05 09:05:23.460, 21096, 100
2026/08/05 09:05:24.461, 21096, 100
2026/08/05 09:05:25.463, 21096, 100
2026/08/05 09:05:26.464, 21096, 100
2026/08/05 09:05:27.466, 21096, 100
2026/08/05 09:05:28.466, 21096, 100
2026/08/05 09:05:29.467, 21096, 100
2026/08/05 09:05:30.468, 21096, 100
2026/08/05 09:05:31.468, 21096, 100
2026/08/05 09:05:32.470, 21096, 100
2026/08/05 09:05:33.470, 21096, 100
2026/08/05 09:05:34.472, 21096, 100
2026/08/05 09:05:35.473, 21096, 100
2026/08/05 09:05:36.475, 21096, 100
2026/08/05 09:05:37.476, 21096, 100
2026/08/05 09:05:38.478, 21096, 100
2026/08/05 09:05:39.479, 21096, 100
2026/08/05 09:05:40.480, 21096, 100
2026/08/05 09:05:41.482, 21096, 100
2026/08/05 09:05:42.483, 21096, 100
2026/08/05 09:05:43.485, 21096, 100
2026/08/05 09:05:44.486, 21096, 100
2026/08/05 09:05:45.486, 21096, 100
2026/08/05 09:05:46.488, 21096, 100
2026/08/05 09:05:47.489, 21096, 100
2026/08/05 09:05:48.491, 21096, 100
2026/08/05 09:05:49.492, 21096, 78
2026/08/05 09:05:50.493, 21096, 100
2026/08/05 09:05:51.495, 21096, 100
2026/08/05 09:05:52.496, 21096, 100
2026/08/05 09:05:53.498, 21096, 100
2026/08/05 09:05:54.499, 21096, 100
2026/08/05 09:05:55.499, 21096, 100
2026/08/05 09:05:56.501, 21096, 100
2026/08/05 09:05:57.501, 21096, 100
2026/08/05 09:05:58.502, 21096, 100
2026/08/05 09:05:59.503, 21096, 100
2026/08/05 09:06:00.504, 21096, 100
2026/08/05 09:06:01.505, 21096, 100
2026/08/05 09:06:02.507, 21096, 100
2026/08/05 09:06:03.508, 21096, 81
2026/08/05 09:06:04.510, 21096, 100
2026/08/05 09:06:05.511, 21096, 83
2026/08/05 09:06:06.513, 21096, 100
2026/08/05 09:06:07.514, 21096, 100
2026/08/05 09:06:08.515, 21096, 100
2026/08/05 09:06:09.517, 21096, 100
2026/08/05 09:06:10.518, 21096, 100
2026/08/05 09:06:11.519, 21096, 100
2026/08/05 09:06:12.520, 21096, 100
2026/08/05 09:06:13.521, 21096, 100
2026/08/05 09:06:14.523, 21096, 82
2026/08/05 09:06:15.524, 21096, 100
2026/08/05 09:06:16.525, 21096, 100
2026/08/05 09:06:17.526, 21096, 100
2026/08/05 09:06:18.528, 21096, 100
2026/08/05 09:06:19.528, 21096, 100
2026/08/05 09:06:20.529, 21096, 100
2026/08/05 09:06:21.531, 21096, 100
2026/08/05 09:06:22.532, 21096, 100
2026/08/05 09:06:23.533, 21096, 100
2026/08/05 09:06:24.535, 21096, 100
2026/08/05 09:06:25.536, 21096, 62
2026/08/05 09:06:26.538, 21096, 85
2026/08/05 09:06:27.539, 21096, 100
2026/08/05 09:06:28.540, 21096, 100
2026/08/05 09:06:29.542, 21096, 84
2026/08/05 09:06:30.543, 21096, 100
2026/08/05 09:06:31.544, 21096, 100
2026/08/05 09:06:32.546, 21096, 100
2026/08/05 09:06:33.547, 21096, 84
2026/08/05 09:06:34.548, 21096, 100
2026/08/05 09:06:35.550, 21096, 85
2026/08/05 09:06:36.551, 21096, 100
2026/08/05 09:06:37.552, 21096, 90
2026/08/05 09:06:38.553, 21096, 100
2026/08/05 09:06:39.555, 21096, 100
2026/08/05 09:06:40.556, 21096, 100
2026/08/05 09:06:41.557, 21096, 100
2026/08/05 09:06:42.559, 21096, 100
2026/08/05 09:06:43.560, 21096, 82
2026/08/05 09:06:44.561, 21096, 100
2026/08/05 09:06:45.563, 21096, 100
2026/08/05 09:06:46.564, 21096, 100
2026/08/05 09:06:47.564, 21096, 100
2026/08/05 09:06:48.565, 21096, 100
2026/08/05 09:06:49.565, 21096, 100
2026/08/05 09:06:50.565, 21096, 84
2026/08/05 09:06:51.566, 21096, 100
2026/08/05 09:06:52.566, 21096, 100
2026/08/05 09:06:53.567, 21096, 89
2026/08/05 09:06:54.568, 21096, 100
2026/08/05 09:06:55.569, 21096, 100
2026/08/05 09:06:56.570, 21096, 83
2026/08/05 09:06:57.571, 21096, 100
2026/08/05 09:06:58.572, 21096, 100
2026/08/05 09:06:59.572, 21096, 100
2026/08/05 09:07:00.573, 21096, 100
2026/08/05 09:07:01.573, 21096, 100
2026/08/05 09:07:02.573, 21096, 100
2026/08/05 09:07:03.576, 21096, 100
2026/08/05 09:07:04.577, 21096, 100
2026/08/05 09:07:05.579, 21096, 100
2026/08/05 09:07:06.580, 21096, 100
2026/08/05 09:07:07.581, 21096, 100
2026/08/05 09:07:08.583, 21096, 100
2026/08/05 09:07:09.584, 21096, 100
2026/08/05 09:07:10.585, 21096, 100
2026/08/05 09:07:11.587, 21096, 100
2026/08/05 09:07:12.588, 21096, 100
2026/08/05 09:07:13.589, 21096, 100
2026/08/05 09:07:14.591, 21096, 100
2026/08/05 09:07:15.592, 21096, 100
2026/08/05 09:07:16.593, 21096, 100
2026/08/05 09:07:17.594, 21096, 100
2026/08/05 09:07:18.596, 21096, 96
2026/08/05 09:07:19.597, 21096, 83
2026/08/05 09:07:20.598, 21096, 100
2026/08/05 09:07:21.600, 21096, 100
2026/08/05 09:07:22.601, 21096, 100
2026/08/05 09:07:23.602, 21096, 100
2026/08/05 09:07:24.603, 21096, 100
2026/08/05 09:07:25.605, 21096, 100
2026/08/05 09:07:26.606, 21096, 100
2026/08/05 09:07:27.607, 21096, 100
2026/08/05 09:07:28.609, 21096, 100
2026/08/05 09:07:29.610, 21096, 100
2026/08/05 09:07:30.611, 21096, 100
2026/08/05 09:07:31.613, 21096, 100
2026/08/05 09:07:32.614, 21096, 100
2026/08/05 09:07:33.615, 21096, 100
2026/08/05 09:07:34.617, 21096, 100
2026/08/05 09:07:35.618, 21096, 81
2026/08/05 09:07:36.619, 21096, 100
2026/08/05 09:07:37.621, 21096, 100
2026/08/05 09:07:38.622, 21096, 100
2026/08/05 09:07:39.624, 21096, 100
2026/08/05 09:07:40.625, 21096, 100
2026/08/05 09:07:41.626, 21096, 100
2026/08/05 09:07:42.628, 21096, 100
2026/08/05 09:07:43.629, 21096, 100
2026/08/05 09:07:44.630, 21096, 100
2026/08/05 09:07:45.632, 21096, 100
2026/08/05 09:07:46.633, 21096, 100
2026/08/05 09:07:47.634, 21096, 100
2026/08/05 09:07:48.636, 21096, 100
2026/08/05 09:07:49.637, 21096, 100
2026/08/05 09:07:50.638, 21096, 100
2026/08/05 09:07:51.640, 21096, 100
2026/08/05 09:07:52.641, 21096, 100
2026/08/05 09:07:53.643, 21096, 100
2026/08/05 09:07:54.644, 21096, 83
2026/08/05 09:07:55.645, 21096, 100
2026/08/05 09:07:56.647, 21096, 100
2026/08/05 09:07:57.648, 21096, 100
2026/08/05 09:07:58.650, 21096, 85
2026/08/05 09:07:59.651, 21096, 100
2026/08/05 09:08:00.652, 21096, 90
2026/08/05 09:08:01.654, 21096, 100
2026/08/05 09:08:02.655, 21096, 100
2026/08/05 09:08:03.656, 21096, 100
2026/08/05 09:08:04.658, 21096, 100
2026/08/05 09:08:05.659, 21096, 100
2026/08/05 09:08:06.660, 21096, 100
2026/08/05 09:08:07.662, 21096, 100
2026/08/05 09:08:08.663, 21096, 100
2026/08/05 09:08:09.664, 21096, 100
2026/08/05 09:08:10.665, 21096, 100
2026/08/05 09:08:11.667, 21096, 100
2026/08/05 09:08:12.668, 21096, 100
2026/08/05 09:08:13.669, 21096, 100
2026/08/05 09:08:14.671, 21096, 100
2026/08/05 09:08:15.672, 21096, 100
2026/08/05 09:08:16.673, 21096, 100
2026/08/05 09:08:17.675, 21096, 100
2026/08/05 09:08:18.676, 21096, 100
2026/08/05 09:08:19.678, 21096, 100
2026/08/05 09:08:20.679, 21096, 100
2026/08/05 09:08:21.681, 21096, 100
2026/08/05 09:08:22.682, 21096, 100
2026/08/05 09:08:23.684, 21096, 100
2026/08/05 09:08:24.685, 21096, 100
2026/08/05 09:08:25.686, 21096, 100
2026/08/05 09:08:26.688, 21096, 100
2026/08/05 09:08:27.689, 21096, 100
2026/08/05 09:08:28.690, 21096, 100
2026/08/05 09:08:29.692, 21096, 100
2026/08/05 09:08:30.693, 21096, 81
2026/08/05 09:08:31.694, 21096, 100
2026/08/05 09:08:32.696, 21096, 100
2026/08/05 09:08:33.697, 21096, 100
2026/08/05 09:08:34.698, 21096, 100
2026/08/05 09:08:35.700, 21096, 84
2026/08/05 09:08:36.701, 21096, 100
2026/08/05 09:08:37.702, 21096, 100
2026/08/05 09:08:38.703, 21096, 100
2026/08/05 09:08:39.705, 21096, 84
2026/08/05 09:08:40.706, 21096, 100
2026/08/05 09:08:41.708, 21096, 100
2026/08/05 09:08:42.709, 21096, 100
2026/08/05 09:08:43.710, 21096, 75
2026/08/05 09:08:44.711, 21096, 100
2026/08/05 09:08:45.713, 21096, 100
2026/08/05 09:08:46.714, 21096, 64
2026/08/05 09:08:47.715, 21096, 100
2026/08/05 09:08:48.716, 21096, 100
2026/08/05 09:08:49.718, 21096, 100
2026/08/05 09:08:50.718, 21096, 100
2026/08/05 09:08:51.720, 21096, 83
2026/08/05 09:08:52.720, 21096, 88
2026/08/05 09:08:53.721, 21096, 100
2026/08/05 09:08:54.723, 21096, 84
2026/08/05 09:08:55.724, 21096, 82
2026/08/05 09:08:56.725, 21096, 84
2026/08/05 09:08:57.727, 21096, 100
2026/08/05 09:08:58.728, 21096, 100
2026/08/05 09:08:59.729, 21096, 100
2026/08/05 09:09:00.731, 21096, 100
2026/08/05 09:09:01.732, 21096, 100
2026/08/05 09:09:02.733, 21096, 100
2026/08/05 09:09:03.735, 21096, 100
2026/08/05 09:09:04.736, 21096, 100
2026/08/05 09:09:05.737, 21096, 100
2026/08/05 09:09:06.739, 21096, 100
2026/08/05 09:09:09.051, 21096, 100
2026/08/05 09:09:10.053, 21096, 100
2026/08/05 09:09:11.054, 21096, 100
2026/08/05 09:09:12.055, 21096, 100
2026/08/05 09:09:13.056, 21096, 100
2026/08/05 09:09:14.058, 21096, 100
2026/08/05 09:09:15.059, 21096, 100
2026/08/05 09:09:16.063, 21096, 100
2026/08/05 09:09:17.064, 21096, 100
2026/08/05 09:09:18.065, 21096, 93
2026/08/05 09:09:19.066, 21096, 100
2026/08/05 09:09:20.067, 21096, 100
2026/08/05 09:09:21.068, 21096, 71
2026/08/05 09:09:22.070, 21096, 100
2026/08/05 09:09:23.071, 21096, 100
2026/08/05 09:09:24.071, 21096, 100
2026/08/05 09:09:25.073, 21096, 100
2026/08/05 09:09:26.073, 21096, 100
2026/08/05 09:09:27.075, 21096, 78
2026/08/05 09:09:28.075, 21096, 100
2026/08/05 09:09:29.076, 21096, 100
2026/08/05 09:09:30.078, 21096, 100
2026/08/05 09:09:31.079, 21096, 100
2026/08/05 09:09:32.080, 21096, 100
2026/08/05 09:09:33.082, 21096, 100
2026/08/05 09:09:34.083, 21096, 100
2026/08/05 09:09:35.084, 21096, 84
2026/08/05 09:09:36.085, 21096, 100
2026/08/05 09:09:37.086, 21096, 78
2026/08/05 09:09:38.087, 21096, 100
2026/08/05 09:09:39.088, 21096, 62
2026/08/05 09:09:40.088, 21096, 83
2026/08/05 09:09:41.090, 21096, 63
2026/08/05 09:09:42.091, 21096, 100
2026/08/05 09:09:43.092, 21096, 100
2026/08/05 09:09:44.094, 21096, 100
2026/08/05 09:09:45.095, 21096, 100
2026/08/05 09:09:46.096, 21096, 100
2026/08/05 09:09:47.097, 21096, 100
2026/08/05 09:09:48.098, 21096, 100
2026/08/05 09:09:49.099, 21096, 100
2026/08/05 09:09:50.099, 21096, 100
2026/08/05 09:09:51.100, 21096, 100
2026/08/05 09:09:52.101, 21096, 100
2026/08/05 09:09:53.102, 21096, 84
2026/08/05 09:09:54.102, 21096, 100
2026/08/05 09:09:55.103, 21096, 100
2026/08/05 09:09:56.104, 21096, 100
2026/08/05 09:09:57.106, 21096, 100
2026/08/05 09:09:58.107, 21096, 100
2026/08/05 09:09:59.108, 21096, 100
2026/08/05 09:10:00.110, 21096, 92
2026/08/05 09:10:01.112, 21096, 84
2026/08/05 09:10:02.113, 21096, 100
2026/08/05 09:10:03.114, 21096, 100
2026/08/05 09:10:04.116, 21096, 100
2026/08/05 09:10:05.117, 21096, 100
2026/08/05 09:10:06.118, 21096, 100
2026/08/05 09:10:07.120, 21096, 100
2026/08/05 09:10:08.122, 21096, 100
2026/08/05 09:10:09.123, 21096, 100
2026/08/05 09:10:10.126, 21096, 100
2026/08/05 09:10:11.128, 21096, 84
2026/08/05 09:10:12.129, 21096, 100
2026/08/05 09:10:13.130, 21096, 100
2026/08/05 09:10:14.132, 21096, 100
2026/08/05 09:10:15.134, 21096, 100
2026/08/05 09:10:16.135, 21096, 85
2026/08/05 09:10:17.137, 21096, 100
2026/08/05 09:10:18.138, 21096, 100
2026/08/05 09:10:19.140, 21096, 100
2026/08/05 09:10:20.144, 21096, 100
2026/08/05 09:10:21.145, 21096, 100
2026/08/05 09:10:22.146, 21096, 100
2026/08/05 09:10:23.148, 21096, 100
2026/08/05 09:10:24.149, 21096, 100
2026/08/05 09:10:25.150, 21096, 100
2026/08/05 09:10:26.152, 21096, 100
2026/08/05 09:10:27.153, 21096, 100
2026/08/05 09:10:28.155, 21096, 100
2026/08/05 09:10:29.156, 21096, 81
2026/08/05 09:10:30.158, 21096, 100
2026/08/05 09:10:31.159, 21096, 100
2026/08/05 09:10:32.160, 21096, 100
2026/08/05 09:10:33.162, 21096, 100
2026/08/05 09:10:34.163, 21096, 100
2026/08/05 09:10:35.165, 21096, 100
2026/08/05 09:10:36.166, 21096, 100
2026/08/05 09:10:37.167, 21096, 100
2026/08/05 09:10:38.169, 21096, 100
2026/08/05 09:10:39.170, 21096, 100
2026/08/05 09:10:40.172, 21096, 100
2026/08/05 09:10:41.174, 21096, 100
2026/08/05 09:10:42.175, 21096, 100
2026/08/05 09:10:43.176, 21096, 100
2026/08/05 09:10:44.178, 21096, 100
2026/08/05 09:10:45.179, 21096, 100
2026/08/05 09:10:46.180, 21096, 100
2026/08/05 09:10:47.181, 21096, 100
2026/08/05 09:10:48.183, 21096, 100
2026/08/05 09:10:49.184, 21096, 100
2026/08/05 09:10:50.186, 21096, 100
2026/08/05 09:10:51.186, 21096, 100
2026/08/05 09:10:52.188, 21096, 62
2026/08/05 09:10:53.189, 21096, 100
2026/08/05 09:10:54.190, 21096, 100
2026/08/05 09:10:55.192, 21096, 100
2026/08/05 09:10:56.193, 21096, 100
2026/08/05 09:10:57.194, 21096, 100
2026/08/05 09:10:58.195, 21096, 100
2026/08/05 09:10:59.195, 21096, 100
2026/08/05 09:11:00.197, 21096, 100
2026/08/05 09:11:01.197, 21096, 100
2026/08/05 09:11:02.198, 21096, 100
2026/08/05 09:11:03.198, 21096, 100
2026/08/05 09:11:04.199, 21096, 100
2026/08/05 09:11:05.200, 21096, 100
2026/08/05 09:11:06.201, 21096, 86
2026/08/05 09:11:07.202, 21096, 100
2026/08/05 09:11:08.204, 21096, 100
2026/08/05 09:11:09.205, 21096, 100
2026/08/05 09:11:10.206, 21096, 100
2026/08/05 09:11:11.208, 21096, 100
2026/08/05 09:11:12.209, 21096, 100
2026/08/05 09:11:13.209, 21096, 84
2026/08/05 09:11:14.211, 21096, 89
2026/08/05 09:11:15.212, 21096, 100
2026/08/05 09:11:16.212, 21096, 100
2026/08/05 09:11:17.213, 21096, 63
2026/08/05 09:11:18.213, 21096, 84
2026/08/05 09:11:19.215, 21096, 100
2026/08/05 09:11:20.216, 21096, 100
2026/08/05 09:11:21.217, 21096, 100
2026/08/05 09:11:22.218, 21096, 100
2026/08/05 09:11:23.219, 21096, 100
2026/08/05 09:11:24.220, 21096, 100
2026/08/05 09:11:25.222, 21096, 100
2026/08/05 09:11:26.223, 21096, 100
2026/08/05 09:11:27.224, 21096, 100
2026/08/05 09:11:28.226, 21096, 100
2026/08/05 09:11:29.227, 21096, 100
2026/08/05 09:11:30.229, 21096, 100
2026/08/05 09:11:31.229, 21096, 100
2026/08/05 09:11:32.231, 21096, 100
2026/08/05 09:11:33.231, 21096, 100
2026/08/05 09:11:34.231, 21096, 95
2026/08/05 09:11:35.233, 21096, 100
2026/08/05 09:11:36.234, 21096, 100
2026/08/05 09:11:37.234, 21096, 100
2026/08/05 09:11:38.236, 21096, 100
2026/08/05 09:11:39.237, 21096, 100
2026/08/05 09:11:40.238, 21096, 100
2026/08/05 09:11:41.239, 21096, 83
2026/08/05 09:11:42.240, 21096, 100
2026/08/05 09:11:43.241, 21096, 100
2026/08/05 09:11:44.243, 21096, 100
2026/08/05 09:11:45.244, 21096, 64
2026/08/05 09:11:46.245, 21096, 100
2026/08/05 09:11:47.246, 21096, 100
2026/08/05 09:11:48.246, 21096, 98
2026/08/05 09:11:49.247, 21096, 100
2026/08/05 09:11:50.248, 21096, 100
2026/08/05 09:11:51.249, 21096, 100
2026/08/05 09:11:52.250, 21096, 100
2026/08/05 09:11:53.251, 21096, 100
2026/08/05 09:11:54.251, 21096, 100
2026/08/05 09:11:55.252, 21096, 85
2026/08/05 09:11:56.253, 21096, 100
2026/08/05 09:11:57.253, 21096, 100
2026/08/05 09:11:58.255, 21096, 100
2026/08/05 09:11:59.256, 21096, 100
2026/08/05 09:12:00.257, 21096, 100
2026/08/05 09:12:01.259, 21096, 65
2026/08/05 09:12:02.259, 21096, 100
2026/08/05 09:12:03.261, 21096, 100
2026/08/05 09:12:04.261, 21096, 100
2026/08/05 09:12:05.263, 21096, 65
2026/08/05 09:12:06.263, 21096, 79
2026/08/05 09:12:07.263, 21096, 100
2026/08/05 09:12:08.265, 21096, 100
2026/08/05 09:12:09.265, 21096, 100
2026/08/05 09:12:10.266, 21096, 100
2026/08/05 09:12:11.267, 21096, 100
2026/08/05 09:12:12.268, 21096, 100
2026/08/05 09:12:13.269, 21096, 100
2026/08/05 09:12:14.270, 21096, 100
2026/08/05 09:12:15.270, 21096, 100
2026/08/05 09:12:16.271, 21096, 86
2026/08/05 09:12:17.272, 21096, 100
2026/08/05 09:12:18.272, 21096, 81
2026/08/05 09:12:19.274, 21096, 100
2026/08/05 09:12:20.274, 21096, 100
2026/08/05 09:12:21.274, 21096, 0
2026/08/05 09:12:22.275, 21096, 0
2026/08/05 09:12:23.275, 21096, 0
