2026/08/04 15:01:20.062, 1, 0
2026/08/04 15:01:21.071, 1, 0
2026/08/04 15:01:22.088, 1, 0
2026/08/04 15:01:23.103, 1, 0
2026/08/04 15:01:24.116, 1, 0
2026/08/04 15:01:25.127, 4, 0
2026/08/04 15:01:26.138, 4, 0
2026/08/04 15:01:27.148, 4, 0
2026/08/04 15:01:28.156, 4, 0
2026/08/04 15:01:29.164, 4, 0
2026/08/04 15:01:30.171, 4, 0
2026/08/04 15:01:31.177, 4, 0
2026/08/04 15:01:32.183, 4, 0
2026/08/04 15:01:33.188, 4, 0
2026/08/04 15:01:34.193, 4, 0
2026/08/04 15:01:35.197, 4, 0
2026/08/04 15:01:36.202, 4, 0
2026/08/04 15:01:37.205, 4, 0
2026/08/04 15:01:38.209, 1306, 0
2026/08/04 15:01:39.211, 1672, 9
2026/08/04 15:01:40.214, 2208, 10
2026/08/04 15:01:41.217, 2550, 10
2026/08/04 15:01:42.219, 2926, 10
2026/08/04 15:01:43.222, 3266, 11
2026/08/04 15:01:44.225, 3710, 10
2026/08/04 15:01:45.227, 4184, 10
2026/08/04 15:01:46.229, 5258, 9
2026/08/04 15:01:47.231, 5732, 10
2026/08/04 15:01:48.234, 5838, 1
2026/08/04 15:01:49.236, 5988, 0
2026/08/04 15:01:50.238, 8882, 100
2026/08/04 15:01:51.241, 9002, 100
2026/08/04 15:01:52.243, 9036, 100
2026/08/04 15:01:53.246, 9342, 35
2026/08/04 15:01:54.247, 9342, 100
2026/08/04 15:01:55.250, 9362, 100
2026/08/04 15:01:56.253, 11882, 100
2026/08/04 15:01:57.255, 11882, 100
2026/08/04 15:01:58.258, 11882, 100
2026/08/04 15:01:59.260, 11882, 65
2026/08/04 15:02:00.262, 11882, 82
2026/08/04 15:02:01.265, 11884, 100
2026/08/04 15:02:02.267, 11884, 100
2026/08/04 15:02:03.269, 11884, 100
2026/08/04 15:02:04.272, 11884, 100
2026/08/04 15:02:05.274, 11884, 100
2026/08/04 15:02:06.277, 11884, 100
2026/08/04 15:02:07.279, 11884, 100
2026/08/04 15:02:08.282, 11884, 100
2026/08/04 15:02:09.284, 11884, 100
2026/08/04 15:02:10.286, 14794, 100
2026/08/04 15:02:11.289, 14794, 100
2026/08/04 15:02:12.291, 14794, 82
2026/08/04 15:02:13.293, 14804, 100
2026/08/04 15:02:14.297, 14804, 84
2026/08/04 15:02:15.300, 18260, 100
2026/08/04 15:02:16.302, 18260, 100
2026/08/04 15:02:17.304, 18260, 100
2026/08/04 15:02:18.307, 18260, 100
2026/08/04 15:02:19.309, 18260, 100
2026/08/04 15:02:20.312, 18260, 100
2026/08/04 15:02:21.313, 18260, 100
2026/08/04 15:02:22.315, 18260, 100
2026/08/04 15:02:23.318, 18260, 100
2026/08/04 15:02:24.320, 18260, 83
2026/08/04 15:02:25.321, 18260, 85
2026/08/04 15:02:26.323, 18260, 100
2026/08/04 15:02:27.325, 18260, 85
2026/08/04 15:02:28.327, 18260, 100
2026/08/04 15:02:29.330, 18260, 100
2026/08/04 15:02:30.331, 18260, 84
2026/08/04 15:02:31.333, 18266, 100
2026/08/04 15:02:32.335, 18266, 100
2026/08/04 15:02:33.336, 18266, 100
2026/08/04 15:02:34.338, 18266, 100
2026/08/04 15:02:35.339, 18266, 100
2026/08/04 15:02:36.340, 18266, 100
2026/08/04 15:02:37.342, 18266, 100
2026/08/04 15:02:38.343, 18266, 100
2026/08/04 15:02:39.345, 18266, 100
2026/08/04 15:02:40.346, 18266, 100
2026/08/04 15:02:41.347, 18266, 100
2026/08/04 15:02:42.349, 18266, 100
2026/08/04 15:02:43.350, 18266, 100
2026/08/04 15:02:44.352, 18266, 82
2026/08/04 15:02:45.353, 18268, 100
2026/08/04 15:02:46.354, 18268, 100
2026/08/04 15:02:47.356, 18268, 100
2026/08/04 15:02:48.357, 18268, 100
2026/08/04 15:02:49.359, 18268, 100
2026/08/04 15:02:50.360, 18268, 100
2026/08/04 15:02:51.362, 18268, 100
2026/08/04 15:02:52.363, 18268, 100
2026/08/04 15:02:53.364, 18268, 100
2026/08/04 15:02:54.366, 18268, 100
2026/08/04 15:02:55.367, 18268, 100
2026/08/04 15:02:56.369, 18268, 100
2026/08/04 15:02:57.370, 18268, 100
2026/08/04 15:02:58.371, 18268, 100
2026/08/04 15:02:59.372, 18268, 100
2026/08/04 15:03:00.372, 18268, 100
2026/08/04 15:03:01.372, 18268, 100
2026/08/04 15:03:02.373, 18268, 100
2026/08/04 15:03:03.373, 18268, 100
2026/08/04 15:03:04.373, 18268, 100
2026/08/04 15:03:05.373, 18268, 100
2026/08/04 15:03:06.374, 18268, 100
2026/08/04 15:03:07.374, 18268, 100
2026/08/04 15:03:08.374, 21832, 100
2026/08/04 15:03:09.374, 21832, 100
2026/08/04 15:03:10.375, 21832, 100
2026/08/04 15:03:11.375, 21832, 100
2026/08/04 15:03:12.375, 21832, 100
2026/08/04 15:03:13.376, 21832, 100
2026/08/04 15:03:14.376, 21832, 100
2026/08/04 15:03:15.376, 21832, 100
2026/08/04 15:03:16.376, 21832, 100
2026/08/04 15:03:17.377, 21832, 100
2026/08/04 15:03:18.377, 21832, 84
2026/08/04 15:03:19.377, 21832, 100
2026/08/04 15:03:20.378, 21832, 100
2026/08/04 15:03:21.378, 21832, 100
2026/08/04 15:03:22.378, 21832, 84
2026/08/04 15:03:23.378, 21832, 100
2026/08/04 15:03:24.379, 21832, 100
2026/08/04 15:03:25.379, 21832, 100
2026/08/04 15:03:26.379, 21832, 83
2026/08/04 15:03:27.380, 21832, 100
2026/08/04 15:03:28.380, 21832, 77
2026/08/04 15:03:29.380, 21832, 100
2026/08/04 15:03:30.381, 21832, 100
2026/08/04 15:03:31.381, 21832, 100
2026/08/04 15:03:32.381, 21832, 100
2026/08/04 15:03:33.382, 21832, 100
2026/08/04 15:03:34.382, 21832, 100
2026/08/04 15:03:35.382, 21832, 100
2026/08/04 15:03:36.383, 21832, 100
2026/08/04 15:03:37.383, 21832, 100
2026/08/04 15:03:38.383, 21832, 100
2026/08/04 15:03:39.383, 21832, 100
2026/08/04 15:03:40.384, 21832, 100
2026/08/04 15:03:41.384, 21832, 100
2026/08/04 15:03:42.384, 21832, 100
2026/08/04 15:03:43.385, 21832, 100
2026/08/04 15:03:44.385, 21832, 100
2026/08/04 15:03:45.385, 21832, 100
2026/08/04 15:03:46.385, 21832, 100
2026/08/04 15:03:47.386, 21832, 100
2026/08/04 15:03:48.386, 21832, 100
2026/08/04 15:03:49.386, 21832, 100
2026/08/04 15:03:50.386, 21832, 100
2026/08/04 15:03:51.387, 21832, 100
2026/08/04 15:03:52.387, 21832, 100
2026/08/04 15:03:53.387, 21832, 100
2026/08/04 15:03:54.388, 21832, 100
2026/08/04 15:03:55.388, 21832, 82
2026/08/04 15:03:56.388, 21832, 100
2026/08/04 15:03:57.389, 21832, 100
2026/08/04 15:03:58.389, 21832, 100
2026/08/04 15:03:59.389, 21832, 100
2026/08/04 15:04:00.389, 21832, 100
2026/08/04 15:04:01.390, 21832, 100
2026/08/04 15:04:02.390, 21832, 100
2026/08/04 15:04:03.391, 21832, 100
2026/08/04 15:04:04.391, 21832, 84
2026/08/04 15:04:05.391, 21832, 100
2026/08/04 15:04:06.392, 21832, 69
2026/08/04 15:04:07.392, 21832, 100
2026/08/04 15:04:08.392, 21832, 100
2026/08/04 15:04:09.393, 21832, 100
2026/08/04 15:04:10.394, 21832, 100
2026/08/04 15:04:11.394, 21832, 100
2026/08/04 15:04:12.394, 21832, 100
2026/08/04 15:04:13.395, 21832, 100
2026/08/04 15:04:14.395, 21832, 100
2026/08/04 15:04:15.395, 21832, 100
2026/08/04 15:04:16.395, 21832, 100
2026/08/04 15:04:17.399, 21832, 100
2026/08/04 15:04:18.399, 21832, 100
2026/08/04 15:04:19.399, 21832, 100
2026/08/04 15:04:20.399, 21832, 100
2026/08/04 15:04:21.400, 21832, 82
2026/08/04 15:04:22.400, 21832, 100
2026/08/04 15:04:23.400, 21832, 100
2026/08/04 15:04:24.400, 21832, 100
2026/08/04 15:04:25.401, 21832, 100
2026/08/04 15:04:26.401, 21832, 100
2026/08/04 15:04:27.405, 21832, 100
2026/08/04 15:04:28.405, 21832, 100
2026/08/04 15:04:29.405, 21836, 100
2026/08/04 15:04:30.406, 21836, 100
2026/08/04 15:04:31.406, 21836, 100
2026/08/04 15:04:32.406, 21836, 100
2026/08/04 15:04:33.406, 21836, 100
2026/08/04 15:04:34.407, 21836, 100
2026/08/04 15:04:35.407, 21836, 100
2026/08/04 15:04:36.407, 21836, 100
2026/08/04 15:04:37.407, 21836, 100
2026/08/04 15:04:38.408, 21836, 100
2026/08/04 15:04:39.408, 21836, 58
2026/08/04 15:04:40.408, 21836, 100
2026/08/04 15:04:41.408, 21836, 100
2026/08/04 15:04:42.409, 21836, 100
2026/08/04 15:04:43.409, 21836, 100
2026/08/04 15:04:44.409, 21836, 100
2026/08/04 15:04:45.410, 21836, 100
2026/08/04 15:04:46.410, 21836, 100
2026/08/04 15:04:47.410, 21836, 100
2026/08/04 15:04:48.410, 21836, 100
2026/08/04 15:04:49.411, 21836, 100
2026/08/04 15:04:50.411, 21836, 100
2026/08/04 15:04:51.411, 21836, 100
2026/08/04 15:04:52.411, 21836, 89
2026/08/04 15:04:53.412, 21836, 100
2026/08/04 15:04:54.412, 21836, 85
2026/08/04 15:04:55.412, 21836, 100
2026/08/04 15:04:56.412, 21836, 100
2026/08/04 15:04:57.413, 21836, 100
2026/08/04 15:04:58.413, 21836, 87
2026/08/04 15:04:59.413, 21836, 86
2026/08/04 15:05:00.413, 21836, 100
2026/08/04 15:05:01.413, 21836, 100
2026/08/04 15:05:02.414, 21836, 100
2026/08/04 15:05:03.414, 21836, 100
2026/08/04 15:05:04.414, 21836, 100
2026/08/04 15:05:05.414, 21836, 85
2026/08/04 15:05:06.415, 21836, 100
2026/08/04 15:05:07.415, 21836, 100
2026/08/04 15:05:08.415, 21836, 85
2026/08/04 15:05:09.416, 21836, 100
2026/08/04 15:05:10.416, 21836, 100
2026/08/04 15:05:11.416, 21836, 100
2026/08/04 15:05:12.417, 21836, 100
2026/08/04 15:05:13.417, 21836, 99
2026/08/04 15:05:14.417, 21836, 100
2026/08/04 15:05:15.417, 21836, 100
2026/08/04 15:05:16.418, 21836, 100
2026/08/04 15:05:17.418, 21836, 100
2026/08/04 15:05:18.418, 21836, 100
2026/08/04 15:05:19.419, 21836, 84
2026/08/04 15:05:20.419, 21836, 100
2026/08/04 15:05:21.432, 21836, 100
2026/08/04 15:05:22.432, 21836, 100
2026/08/04 15:05:23.432, 21836, 100
2026/08/04 15:05:24.433, 21836, 100
2026/08/04 15:05:25.433, 21836, 100
2026/08/04 15:05:26.433, 21836, 100
2026/08/04 15:05:27.434, 21836, 100
2026/08/04 15:05:28.434, 21836, 100
2026/08/04 15:05:29.434, 21836, 83
2026/08/04 15:05:30.434, 21836, 100
2026/08/04 15:05:31.435, 21836, 100
2026/08/04 15:05:32.435, 21836, 100
2026/08/04 15:05:33.435, 21836, 100
2026/08/04 15:05:34.436, 21836, 100
2026/08/04 15:05:35.436, 21836, 100
2026/08/04 15:05:36.436, 21836, 84
2026/08/04 15:05:37.437, 21836, 100
2026/08/04 15:05:38.437, 21836, 100
2026/08/04 15:05:39.437, 21836, 100
2026/08/04 15:05:40.438, 21836, 100
2026/08/04 15:05:41.438, 21836, 91
2026/08/04 15:05:42.438, 21836, 100
2026/08/04 15:05:43.438, 21836, 100
2026/08/04 15:05:44.439, 21836, 100
2026/08/04 15:05:45.439, 21836, 100
2026/08/04 15:05:46.439, 21836, 85
2026/08/04 15:05:47.440, 21836, 100
2026/08/04 15:05:48.440, 21836, 100
2026/08/04 15:05:49.440, 21836, 100
2026/08/04 15:05:50.441, 21836, 100
2026/08/04 15:05:51.441, 21836, 100
2026/08/04 15:05:52.441, 21836, 100
2026/08/04 15:05:53.442, 21836, 100
2026/08/04 15:05:54.442, 21836, 100
2026/08/04 15:05:55.442, 21836, 100
2026/08/04 15:05:56.443, 21836, 100
2026/08/04 15:05:57.443, 21836, 100
2026/08/04 15:05:58.443, 21836, 82
2026/08/04 15:05:59.443, 21836, 100
2026/08/04 15:06:00.444, 21836, 100
2026/08/04 15:06:01.444, 21836, 100
2026/08/04 15:06:02.444, 21836, 100
2026/08/04 15:06:03.445, 21836, 100
2026/08/04 15:06:04.445, 21836, 100
2026/08/04 15:06:05.445, 21836, 100
2026/08/04 15:06:06.446, 21836, 100
2026/08/04 15:06:07.446, 21836, 69
2026/08/04 15:06:08.446, 21836, 100
2026/08/04 15:06:09.447, 21836, 100
2026/08/04 15:06:10.447, 21836, 100
2026/08/04 15:06:11.447, 21836, 100
2026/08/04 15:06:12.448, 21836, 84
2026/08/04 15:06:13.448, 21836, 100
2026/08/04 15:06:14.448, 21836, 100
2026/08/04 15:06:15.448, 21836, 100
2026/08/04 15:06:16.449, 21836, 100
2026/08/04 15:06:17.449, 21836, 67
2026/08/04 15:06:18.449, 21836, 84
2026/08/04 15:06:19.450, 21836, 100
2026/08/04 15:06:20.450, 21836, 100
2026/08/04 15:06:21.450, 21836, 83
2026/08/04 15:06:22.450, 21836, 69
2026/08/04 15:06:23.451, 21836, 100
2026/08/04 15:06:24.451, 21836, 100
2026/08/04 15:06:25.451, 21836, 100
2026/08/04 15:06:26.452, 21836, 100
2026/08/04 15:06:27.452, 21836, 100
2026/08/04 15:06:28.452, 21836, 100
2026/08/04 15:06:29.452, 21836, 100
2026/08/04 15:06:30.453, 21836, 100
2026/08/04 15:06:31.453, 21836, 100
2026/08/04 15:06:32.453, 21836, 100
2026/08/04 15:06:33.454, 21836, 100
2026/08/04 15:06:34.454, 21836, 100
2026/08/04 15:06:35.454, 21836, 100
2026/08/04 15:06:36.455, 21836, 100
2026/08/04 15:06:37.455, 21836, 92
2026/08/04 15:06:38.455, 21836, 100
2026/08/04 15:06:39.456, 21836, 100
2026/08/04 15:06:40.456, 21836, 100
2026/08/04 15:06:41.456, 21836, 100
2026/08/04 15:06:42.457, 21836, 100
2026/08/04 15:06:43.457, 21836, 100
2026/08/04 15:06:44.457, 21836, 100
2026/08/04 15:06:45.457, 21836, 100
2026/08/04 15:06:46.458, 21836, 67
2026/08/04 15:06:47.458, 21836, 80
2026/08/04 15:06:48.458, 21836, 100
2026/08/04 15:06:49.459, 21836, 85
2026/08/04 15:06:50.459, 21836, 100
2026/08/04 15:06:51.459, 21836, 100
2026/08/04 15:06:52.459, 21836, 100
2026/08/04 15:06:53.460, 21836, 100
2026/08/04 15:06:54.460, 21836, 100
2026/08/04 15:06:55.460, 21836, 100
2026/08/04 15:06:56.460, 21836, 100
2026/08/04 15:06:57.461, 21836, 100
2026/08/04 15:06:58.461, 21836, 100
2026/08/04 15:06:59.461, 21836, 100
2026/08/04 15:07:00.461, 21836, 100
2026/08/04 15:07:01.462, 21836, 100
2026/08/04 15:07:02.462, 21836, 100
2026/08/04 15:07:03.462, 21836, 100
2026/08/04 15:07:04.462, 21836, 100
2026/08/04 15:07:05.463, 21836, 100
2026/08/04 15:07:06.463, 21836, 100
2026/08/04 15:07:07.463, 21836, 100
2026/08/04 15:07:08.463, 21836, 100
2026/08/04 15:07:09.464, 21836, 100
2026/08/04 15:07:10.464, 21836, 86
2026/08/04 15:07:11.464, 21836, 100
2026/08/04 15:07:12.465, 21836, 100
2026/08/04 15:07:13.465, 21836, 100
2026/08/04 15:07:14.465, 21836, 100
2026/08/04 15:07:15.466, 21836, 85
2026/08/04 15:07:16.466, 21836, 72
2026/08/04 15:07:17.466, 21836, 99
2026/08/04 15:07:18.466, 21836, 100
2026/08/04 15:07:19.467, 21836, 100
2026/08/04 15:07:20.467, 21836, 100
2026/08/04 15:07:21.467, 21836, 100
2026/08/04 15:07:22.468, 21836, 100
2026/08/04 15:07:23.468, 21836, 100
2026/08/04 15:07:24.468, 21836, 100
2026/08/04 15:07:25.469, 21836, 100
2026/08/04 15:07:26.469, 21836, 100
2026/08/04 15:07:27.469, 21836, 100
2026/08/04 15:07:28.469, 21836, 72
2026/08/04 15:07:29.470, 21836, 84
2026/08/04 15:07:30.470, 21836, 80
2026/08/04 15:07:31.470, 21836, 84
2026/08/04 15:07:32.471, 21836, 100
2026/08/04 15:07:33.471, 21836, 79
2026/08/04 15:07:34.471, 21836, 100
2026/08/04 15:07:35.472, 21836, 100
2026/08/04 15:07:36.472, 21836, 100
2026/08/04 15:07:37.472, 21836, 100
2026/08/04 15:07:38.472, 21836, 76
2026/08/04 15:07:39.473, 21836, 100
2026/08/04 15:07:40.473, 21836, 100
2026/08/04 15:07:41.473, 21836, 100
2026/08/04 15:07:42.474, 21836, 100
2026/08/04 15:07:43.474, 21836, 100
2026/08/04 15:07:44.474, 21836, 100
2026/08/04 15:07:45.474, 21836, 100
2026/08/04 15:07:46.475, 21836, 100
2026/08/04 15:07:47.475, 21836, 83
2026/08/04 15:07:48.475, 21836, 69
2026/08/04 15:07:49.476, 21836, 100
2026/08/04 15:07:50.476, 21836, 82
2026/08/04 15:07:51.476, 21836, 83
2026/08/04 15:07:52.477, 21836, 100
2026/08/04 15:07:53.477, 21836, 100
2026/08/04 15:07:54.477, 21836, 100
2026/08/04 15:07:55.477, 21836, 100
2026/08/04 15:07:56.478, 21836, 100
2026/08/04 15:07:57.478, 21836, 100
2026/08/04 15:07:58.478, 21836, 100
2026/08/04 15:07:59.480, 21836, 100
2026/08/04 15:08:00.480, 21836, 100
2026/08/04 15:08:01.480, 21836, 100
2026/08/04 15:08:02.481, 21836, 100
2026/08/04 15:08:03.481, 21836, 100
2026/08/04 15:08:04.481, 21836, 100
2026/08/04 15:08:05.482, 21836, 100
2026/08/04 15:08:06.482, 21836, 100
2026/08/04 15:08:07.482, 21836, 95
2026/08/04 15:08:08.483, 21836, 100
2026/08/04 15:08:09.483, 21836, 100
2026/08/04 15:08:10.483, 21836, 100
2026/08/04 15:08:11.484, 21836, 100
2026/08/04 15:08:12.484, 21836, 100
2026/08/04 15:08:13.484, 21836, 100
2026/08/04 15:08:14.485, 21836, 100
2026/08/04 15:08:15.485, 21836, 100
2026/08/04 15:08:16.485, 21836, 100
2026/08/04 15:08:17.485, 21836, 100
2026/08/04 15:08:18.486, 21836, 100
2026/08/04 15:08:19.486, 21836, 100
2026/08/04 15:08:20.486, 21836, 100
2026/08/04 15:08:21.486, 21836, 100
2026/08/04 15:08:22.487, 21836, 100
2026/08/04 15:08:23.487, 21836, 100
2026/08/04 15:08:24.487, 21836, 100
2026/08/04 15:08:25.488, 21836, 100
2026/08/04 15:08:26.488, 21836, 100
2026/08/04 15:08:27.488, 21836, 100
2026/08/04 15:08:28.488, 21836, 100
2026/08/04 15:08:29.489, 21836, 100
2026/08/04 15:08:30.489, 21836, 100
2026/08/04 15:08:31.489, 21836, 100
2026/08/04 15:08:32.490, 21836, 100
2026/08/04 15:08:33.490, 21836, 100
2026/08/04 15:08:34.491, 21836, 100
2026/08/04 15:08:35.491, 21836, 100
2026/08/04 15:08:36.491, 21836, 100
2026/08/04 15:08:37.492, 21836, 100
2026/08/04 15:08:38.492, 21836, 100
2026/08/04 15:08:39.492, 21836, 100
2026/08/04 15:08:40.492, 21836, 100
2026/08/04 15:08:41.493, 21836, 100
2026/08/04 15:08:42.493, 21836, 100
2026/08/04 15:08:43.493, 21836, 100
2026/08/04 15:08:44.494, 21836, 100
2026/08/04 15:08:45.494, 21836, 100
2026/08/04 15:08:46.494, 21836, 100
2026/08/04 15:08:47.495, 21836, 100
2026/08/04 15:08:48.495, 21836, 97
2026/08/04 15:08:49.495, 21836, 100
2026/08/04 15:08:50.496, 21836, 100
2026/08/04 15:08:51.496, 21836, 100
2026/08/04 15:08:52.496, 21836, 83
2026/08/04 15:08:53.496, 21836, 69
2026/08/04 15:08:54.497, 21836, 100
2026/08/04 15:08:55.497, 21836, 100
2026/08/04 15:08:56.497, 21836, 100
2026/08/04 15:08:57.497, 21836, 100
2026/08/04 15:08:58.498, 21836, 100
2026/08/04 15:08:59.498, 21836, 100
2026/08/04 15:09:00.498, 21836, 84
2026/08/04 15:09:01.499, 21836, 100
2026/08/04 15:09:02.499, 21836, 100
2026/08/04 15:09:03.499, 21836, 100
2026/08/04 15:09:04.500, 21836, 95
2026/08/04 15:09:05.500, 21836, 100
2026/08/04 15:09:06.500, 21836, 100
2026/08/04 15:09:07.501, 21836, 83
2026/08/04 15:09:08.501, 21836, 84
2026/08/04 15:09:09.502, 21836, 100
2026/08/04 15:09:10.503, 21836, 100
2026/08/04 15:09:11.503, 21836, 100
2026/08/04 15:09:12.503, 21836, 100
2026/08/04 15:09:13.503, 21836, 100
2026/08/04 15:09:14.504, 21836, 100
2026/08/04 15:09:15.504, 21836, 94
2026/08/04 15:09:16.504, 21836, 100
2026/08/04 15:09:17.504, 21836, 100
2026/08/04 15:09:18.505, 21836, 100
2026/08/04 15:09:19.505, 21836, 100
2026/08/04 15:09:20.505, 21836, 100
2026/08/04 15:09:21.506, 21836, 100
2026/08/04 15:09:22.506, 21836, 100
2026/08/04 15:09:23.506, 21836, 100
2026/08/04 15:09:24.507, 21836, 100
2026/08/04 15:09:25.507, 21836, 100
2026/08/04 15:09:26.507, 21836, 87
2026/08/04 15:09:27.508, 21836, 100
2026/08/04 15:09:28.508, 21836, 100
2026/08/04 15:09:29.508, 21836, 100
2026/08/04 15:09:30.508, 21836, 78
2026/08/04 15:09:31.509, 21836, 100
2026/08/04 15:09:32.509, 21836, 100
2026/08/04 15:09:33.509, 21836, 100
2026/08/04 15:09:34.509, 21836, 100
2026/08/04 15:09:35.510, 21836, 100
2026/08/04 15:09:36.510, 21836, 100
2026/08/04 15:09:37.510, 21836, 71
2026/08/04 15:09:38.510, 21836, 100
2026/08/04 15:09:39.511, 21836, 100
2026/08/04 15:09:40.511, 21836, 85
2026/08/04 15:09:41.511, 21836, 100
2026/08/04 15:09:42.511, 21836, 100
2026/08/04 15:09:43.512, 21836, 100
2026/08/04 15:09:44.514, 21836, 100
2026/08/04 15:09:45.514, 21836, 81
2026/08/04 15:09:46.514, 21836, 85
2026/08/04 15:09:47.515, 21836, 100
2026/08/04 15:09:48.515, 21836, 100
2026/08/04 15:09:49.515, 21836, 100
2026/08/04 15:09:50.515, 21836, 100
2026/08/04 15:09:51.516, 21836, 100
2026/08/04 15:09:52.516, 21836, 100
2026/08/04 15:09:53.516, 21836, 100
2026/08/04 15:09:54.516, 21836, 100
2026/08/04 15:09:55.517, 21836, 100
2026/08/04 15:09:56.517, 21836, 100
2026/08/04 15:09:57.517, 21836, 100
2026/08/04 15:09:58.518, 21836, 100
2026/08/04 15:09:59.518, 21836, 100
2026/08/04 15:10:00.518, 21836, 100
2026/08/04 15:10:01.518, 21836, 100
2026/08/04 15:10:02.519, 21836, 100
2026/08/04 15:10:03.519, 21836, 100
2026/08/04 15:10:04.519, 21836, 100
2026/08/04 15:10:05.520, 21836, 100
2026/08/04 15:10:06.520, 21836, 100
2026/08/04 15:10:07.520, 21836, 100
2026/08/04 15:10:08.520, 21836, 100
2026/08/04 15:10:09.521, 21836, 100
2026/08/04 15:10:10.522, 21836, 68
2026/08/04 15:10:11.522, 21836, 100
2026/08/04 15:10:12.522, 21836, 100
2026/08/04 15:10:13.522, 21836, 100
2026/08/04 15:10:14.523, 21836, 100
2026/08/04 15:10:15.523, 21836, 100
2026/08/04 15:10:16.523, 21836, 100
2026/08/04 15:10:17.523, 21836, 84
2026/08/04 15:10:18.524, 21836, 100
2026/08/04 15:10:19.524, 21836, 100
2026/08/04 15:10:20.524, 21836, 100
2026/08/04 15:10:21.525, 21836, 100
2026/08/04 15:10:22.525, 21836, 100
2026/08/04 15:10:23.525, 21836, 100
2026/08/04 15:10:24.526, 21836, 100
2026/08/04 15:10:25.526, 21836, 100
2026/08/04 15:10:26.526, 21836, 100
2026/08/04 15:10:27.527, 21836, 100
2026/08/04 15:10:28.527, 21836, 84
2026/08/04 15:10:29.541, 21836, 100
2026/08/04 15:10:30.566, 21836, 100
2026/08/04 15:10:31.588, 21836, 82
2026/08/04 15:10:32.607, 21836, 83
2026/08/04 15:10:33.623, 21836, 68
2026/08/04 15:10:34.638, 21836, 100
2026/08/04 15:10:35.651, 21836, 100
2026/08/04 15:10:36.663, 21836, 100
2026/08/04 15:10:37.673, 21836, 100
2026/08/04 15:10:38.683, 21836, 100
2026/08/04 15:10:39.691, 21836, 100
2026/08/04 15:10:40.698, 21836, 100
2026/08/04 15:10:41.705, 21836, 100
2026/08/04 15:10:42.711, 21836, 100
2026/08/04 15:10:43.717, 21836, 100
2026/08/04 15:10:44.721, 21836, 100
2026/08/04 15:10:45.726, 21836, 100
2026/08/04 15:10:46.730, 21836, 84
2026/08/04 15:10:47.733, 21836, 100
2026/08/04 15:10:48.737, 21836, 90
2026/08/04 15:10:49.740, 21836, 100
2026/08/04 15:10:50.742, 21836, 100
2026/08/04 15:10:51.745, 21836, 100
2026/08/04 15:10:52.748, 21836, 100
2026/08/04 15:10:53.750, 21836, 100
2026/08/04 15:10:54.753, 21836, 100
2026/08/04 15:10:55.755, 21836, 100
2026/08/04 15:10:56.758, 21836, 100
2026/08/04 15:10:57.759, 21836, 100
2026/08/04 15:10:58.761, 21836, 100
2026/08/04 15:10:59.762, 21836, 100
2026/08/04 15:11:00.764, 21836, 100
2026/08/04 15:11:01.766, 21836, 100
2026/08/04 15:11:02.769, 21836, 100
2026/08/04 15:11:03.771, 21836, 100
2026/08/04 15:11:04.774, 21836, 100
2026/08/04 15:11:05.776, 21836, 100
2026/08/04 15:11:06.779, 21836, 100
2026/08/04 15:11:07.781, 21836, 100
2026/08/04 15:11:08.783, 21836, 100
2026/08/04 15:11:09.785, 21836, 100
2026/08/04 15:11:10.787, 21836, 100
2026/08/04 15:11:11.789, 21836, 100
2026/08/04 15:11:12.790, 21836, 100
2026/08/04 15:11:13.792, 21836, 100
2026/08/04 15:11:14.794, 21836, 100
2026/08/04 15:11:15.795, 21836, 100
2026/08/04 15:11:16.797, 21836, 100
2026/08/04 15:11:17.798, 21836, 86
2026/08/04 15:11:18.800, 21836, 100
2026/08/04 15:11:19.801, 21836, 100
2026/08/04 15:11:20.803, 21836, 100
2026/08/04 15:11:21.804, 21836, 100
2026/08/04 15:11:22.806, 21836, 100
2026/08/04 15:11:23.807, 21836, 100
2026/08/04 15:11:24.809, 21836, 100
2026/08/04 15:11:25.810, 21836, 100
2026/08/04 15:11:26.812, 21836, 100
2026/08/04 15:11:27.813, 21836, 100
2026/08/04 15:11:28.815, 21836, 84
2026/08/04 15:11:29.816, 21836, 96
2026/08/04 15:11:30.818, 21836, 100
2026/08/04 15:11:31.819, 21836, 100
2026/08/04 15:11:32.821, 21836, 100
2026/08/04 15:11:33.823, 21836, 83
2026/08/04 15:11:34.824, 21836, 100
2026/08/04 15:11:35.826, 21836, 100
2026/08/04 15:11:36.828, 21836, 100
2026/08/04 15:11:37.829, 21836, 100
2026/08/04 15:11:38.830, 21836, 100
2026/08/04 15:11:39.832, 21836, 100
2026/08/04 15:11:40.833, 21836, 100
2026/08/04 15:11:41.835, 21836, 100
2026/08/04 15:11:42.836, 21836, 100
2026/08/04 15:11:43.837, 21836, 100
2026/08/04 15:11:44.838, 21836, 100
2026/08/04 15:11:45.840, 21836, 100
2026/08/04 15:11:46.841, 21836, 92
2026/08/04 15:11:47.843, 21836, 100
2026/08/04 15:11:48.844, 21836, 100
2026/08/04 15:11:49.846, 21836, 100
2026/08/04 15:11:50.847, 21836, 100
2026/08/04 15:11:51.849, 21836, 100
2026/08/04 15:11:52.850, 21836, 100
2026/08/04 15:11:53.852, 21836, 100
2026/08/04 15:11:54.853, 21836, 100
2026/08/04 15:11:55.854, 21836, 100
2026/08/04 15:11:56.856, 21836, 84
2026/08/04 15:11:57.858, 21836, 100
2026/08/04 15:11:58.859, 21836, 84
2026/08/04 15:11:59.860, 21836, 100
2026/08/04 15:12:00.862, 21836, 100
2026/08/04 15:12:01.863, 21836, 100
2026/08/04 15:12:02.865, 21836, 100
2026/08/04 15:12:03.866, 21836, 83
2026/08/04 15:12:04.867, 21836, 100
2026/08/04 15:12:05.868, 21836, 100
2026/08/04 15:12:06.868, 21836, 100
2026/08/04 15:12:07.868, 21836, 89
2026/08/04 15:12:08.868, 21836, 100
2026/08/04 15:12:09.868, 21836, 100
2026/08/04 15:12:10.869, 21836, 100
2026/08/04 15:12:11.869, 21836, 100
2026/08/04 15:12:12.869, 21836, 100
2026/08/04 15:12:13.869, 21836, 100
2026/08/04 15:12:14.870, 21836, 100
2026/08/04 15:12:15.870, 21836, 100
2026/08/04 15:12:16.870, 21836, 100
2026/08/04 15:12:17.870, 21836, 100
2026/08/04 15:12:18.870, 21836, 100
2026/08/04 15:12:19.871, 21836, 100
2026/08/04 15:12:20.871, 21836, 100
2026/08/04 15:12:21.871, 21836, 100
2026/08/04 15:12:22.872, 21836, 100
2026/08/04 15:12:23.872, 21836, 100
2026/08/04 15:12:24.872, 21836, 100
2026/08/04 15:12:25.872, 21836, 100
2026/08/04 15:12:26.873, 21836, 67
2026/08/04 15:12:27.873, 21836, 100
2026/08/04 15:12:28.873, 21836, 94
2026/08/04 15:12:29.873, 21836, 83
2026/08/04 15:12:30.874, 21836, 85
2026/08/04 15:12:31.874, 21836, 84
2026/08/04 15:12:32.874, 21836, 100
2026/08/04 15:12:33.875, 21836, 100
2026/08/04 15:12:34.875, 21836, 100
2026/08/04 15:12:35.875, 21836, 100
2026/08/04 15:12:36.876, 21836, 100
2026/08/04 15:12:37.876, 21836, 100
2026/08/04 15:12:38.876, 21836, 100
2026/08/04 15:12:39.876, 21836, 100
2026/08/04 15:12:40.877, 21836, 100
2026/08/04 15:12:41.877, 21836, 100
2026/08/04 15:12:42.877, 21836, 100
2026/08/04 15:12:43.877, 21836, 99
2026/08/04 15:12:44.878, 21836, 80
2026/08/04 15:12:45.878, 21836, 100
2026/08/04 15:12:46.878, 21836, 100
2026/08/04 15:12:47.879, 21836, 100
2026/08/04 15:12:48.879, 21836, 100
2026/08/04 15:12:49.879, 21836, 94
2026/08/04 15:12:50.880, 21836, 100
2026/08/04 15:12:51.880, 21836, 100
2026/08/04 15:12:52.880, 21836, 100
2026/08/04 15:12:53.880, 21836, 71
2026/08/04 15:12:54.881, 21836, 100
2026/08/04 15:12:55.881, 21836, 100
2026/08/04 15:12:56.881, 21836, 100
2026/08/04 15:12:57.881, 21836, 100
2026/08/04 15:12:58.882, 21836, 100
2026/08/04 15:12:59.882, 21836, 97
2026/08/04 15:13:00.882, 21836, 100
2026/08/04 15:13:01.883, 21836, 100
2026/08/04 15:13:02.883, 21836, 100
2026/08/04 15:13:03.883, 21836, 100
2026/08/04 15:13:04.884, 21836, 100
2026/08/04 15:13:05.884, 21836, 100
2026/08/04 15:13:06.884, 21836, 100
2026/08/04 15:13:07.884, 21836, 100
2026/08/04 15:13:08.885, 21836, 100
2026/08/04 15:13:09.885, 21836, 100
2026/08/04 15:13:10.886, 21836, 100
2026/08/04 15:13:11.888, 21836, 85
2026/08/04 15:13:12.889, 21836, 81
2026/08/04 15:13:13.891, 21836, 68
2026/08/04 15:13:14.893, 21836, 100
2026/08/04 15:13:15.894, 21836, 100
2026/08/04 15:13:16.896, 21836, 83
2026/08/04 15:13:17.897, 21836, 100
2026/08/04 15:13:18.899, 21836, 69
2026/08/04 15:13:19.900, 21836, 82
2026/08/04 15:13:20.902, 21836, 100
2026/08/04 15:13:21.903, 21836, 100
2026/08/04 15:13:22.905, 21836, 83
2026/08/04 15:13:23.906, 21836, 83
2026/08/04 15:13:24.908, 21836, 100
2026/08/04 15:13:25.909, 21836, 80
2026/08/04 15:13:26.911, 21836, 100
2026/08/04 15:13:27.912, 21836, 100
2026/08/04 15:13:28.913, 21836, 95
2026/08/04 15:13:29.914, 21836, 97
2026/08/04 15:13:30.916, 21836, 100
2026/08/04 15:13:31.917, 21836, 82
2026/08/04 15:13:32.919, 21836, 100
2026/08/04 15:13:33.920, 21836, 100
2026/08/04 15:13:34.922, 21836, 100
2026/08/04 15:13:35.923, 21836, 100
2026/08/04 15:13:36.924, 21836, 69
2026/08/04 15:13:37.926, 21836, 78
2026/08/04 15:13:38.927, 21836, 100
2026/08/04 15:13:39.928, 21836, 100
2026/08/04 15:13:40.930, 21836, 100
2026/08/04 15:13:41.931, 21836, 85
2026/08/04 15:13:42.932, 21836, 100
2026/08/04 15:13:43.934, 21836, 100
2026/08/04 15:13:44.935, 21836, 100
2026/08/04 15:13:45.936, 21836, 100
2026/08/04 15:13:46.938, 21836, 100
2026/08/04 15:13:47.939, 21836, 100
2026/08/04 15:13:48.940, 21836, 95
2026/08/04 15:13:49.942, 21836, 100
2026/08/04 15:13:50.943, 21836, 100
2026/08/04 15:13:51.945, 21836, 100
2026/08/04 15:13:52.945, 21836, 100
2026/08/04 15:13:53.946, 21836, 100
2026/08/04 15:13:54.948, 21836, 100
2026/08/04 15:13:55.948, 21836, 100
2026/08/04 15:13:56.948, 21836, 100
2026/08/04 15:13:57.948, 21836, 84
2026/08/04 15:13:58.949, 21836, 100
2026/08/04 15:13:59.949, 21836, 100
2026/08/04 15:14:00.949, 21836, 85
2026/08/04 15:14:01.950, 21836, 84
2026/08/04 15:14:02.950, 21836, 100
2026/08/04 15:14:03.950, 21836, 100
2026/08/04 15:14:04.951, 21836, 100
2026/08/04 15:14:05.951, 21836, 100
2026/08/04 15:14:06.951, 21836, 100
2026/08/04 15:14:07.952, 21836, 100
2026/08/04 15:14:08.952, 21836, 100
2026/08/04 15:14:09.952, 21836, 100
2026/08/04 15:14:10.953, 21836, 100
2026/08/04 15:14:11.953, 21836, 92
2026/08/04 15:14:12.953, 21836, 95
2026/08/04 15:14:13.953, 21836, 100
2026/08/04 15:14:14.953, 21836, 100
2026/08/04 15:14:15.954, 21836, 100
2026/08/04 15:14:16.954, 21836, 100
2026/08/04 15:14:17.954, 21836, 100
2026/08/04 15:14:18.955, 21836, 100
2026/08/04 15:14:19.955, 21836, 100
2026/08/04 15:14:20.955, 21836, 100
2026/08/04 15:14:21.956, 21836, 100
2026/08/04 15:14:22.956, 21836, 100
2026/08/04 15:14:23.956, 21836, 100
2026/08/04 15:14:24.956, 21836, 100
2026/08/04 15:14:25.957, 21836, 100
2026/08/04 15:14:26.957, 21836, 100
2026/08/04 15:14:27.957, 21836, 100
2026/08/04 15:14:28.957, 21836, 100
2026/08/04 15:14:29.958, 21836, 100
2026/08/04 15:14:30.958, 21836, 100
2026/08/04 15:14:31.958, 21836, 100
2026/08/04 15:14:32.958, 21836, 91
2026/08/04 15:14:33.958, 21836, 100
2026/08/04 15:14:34.959, 21836, 100
2026/08/04 15:14:35.959, 21836, 70
2026/08/04 15:14:36.959, 21836, 100
2026/08/04 15:14:37.959, 21836, 100
2026/08/04 15:14:38.960, 21836, 100
2026/08/04 15:14:39.960, 21836, 83
2026/08/04 15:14:40.960, 21836, 100
2026/08/04 15:14:41.961, 21836, 100
2026/08/04 15:14:42.961, 21836, 100
2026/08/04 15:14:43.961, 21836, 100
2026/08/04 15:14:44.961, 21836, 100
2026/08/04 15:14:45.962, 21836, 100
2026/08/04 15:14:46.962, 21836, 100
2026/08/04 15:14:47.962, 21836, 100
2026/08/04 15:14:48.962, 21836, 100
2026/08/04 15:14:49.962, 21836, 100
2026/08/04 15:14:50.963, 21836, 100
2026/08/04 15:14:51.963, 21836, 70
2026/08/04 15:14:52.963, 21836, 100
2026/08/04 15:14:53.963, 21836, 100
2026/08/04 15:14:54.963, 21836, 100
2026/08/04 15:14:55.964, 21836, 70
2026/08/04 15:14:56.964, 21836, 100
2026/08/04 15:14:57.964, 21836, 100
2026/08/04 15:14:58.964, 21836, 100
2026/08/04 15:14:59.965, 21836, 100
2026/08/04 15:15:00.965, 21836, 100
2026/08/04 15:15:01.965, 21836, 100
2026/08/04 15:15:02.966, 21836, 90
2026/08/04 15:15:03.966, 21836, 100
2026/08/04 15:15:04.966, 21836, 100
2026/08/04 15:15:05.966, 21836, 100
2026/08/04 15:15:06.967, 21836, 100
2026/08/04 15:15:07.967, 21836, 86
2026/08/04 15:15:08.967, 21836, 100
2026/08/04 15:15:09.967, 21836, 100
2026/08/04 15:15:10.967, 21836, 100
2026/08/04 15:15:11.968, 21836, 100
2026/08/04 15:15:12.968, 21836, 100
2026/08/04 15:15:13.968, 21836, 100
2026/08/04 15:15:14.968, 21836, 100
2026/08/04 15:15:15.969, 21836, 100
2026/08/04 15:15:16.969, 21836, 96
2026/08/04 15:15:17.969, 21836, 100
2026/08/04 15:15:18.969, 21836, 100
2026/08/04 15:15:19.973, 21836, 99
2026/08/04 15:15:20.976, 21836, 100
2026/08/04 15:15:21.980, 21836, 100
2026/08/04 15:15:22.983, 21836, 100
2026/08/04 15:15:23.987, 21836, 100
2026/08/04 15:15:24.990, 21836, 100
2026/08/04 15:15:25.993, 21836, 100
2026/08/04 15:15:26.996, 21836, 100
2026/08/04 15:15:28.000, 21836, 100
2026/08/04 15:15:29.003, 21836, 85
2026/08/04 15:15:30.006, 21836, 100
2026/08/04 15:15:31.009, 21836, 100
2026/08/04 15:15:32.011, 21836, 100
2026/08/04 15:15:33.014, 21836, 100
2026/08/04 15:15:34.016, 21836, 100
2026/08/04 15:15:35.019, 21836, 100
2026/08/04 15:15:36.021, 21836, 100
2026/08/04 15:15:37.024, 21836, 85
2026/08/04 15:15:38.026, 21836, 100
2026/08/04 15:15:39.029, 21836, 100
2026/08/04 15:15:40.031, 21836, 100
2026/08/04 15:15:41.034, 21836, 99
2026/08/04 15:15:42.036, 21836, 100
2026/08/04 15:15:43.039, 21836, 100
2026/08/04 15:15:44.041, 21836, 100
2026/08/04 15:15:45.044, 21836, 100
2026/08/04 15:15:46.046, 21836, 100
2026/08/04 15:15:47.048, 21836, 100
2026/08/04 15:15:48.050, 21836, 100
2026/08/04 15:15:49.052, 21836, 100
2026/08/04 15:15:50.054, 21836, 100
2026/08/04 15:15:51.057, 21836, 100
2026/08/04 15:15:52.058, 21836, 100
2026/08/04 15:15:53.060, 21836, 100
2026/08/04 15:15:54.061, 21836, 100
2026/08/04 15:15:55.063, 21836, 100
2026/08/04 15:15:56.064, 21836, 100
2026/08/04 15:15:57.065, 21836, 100
2026/08/04 15:15:58.067, 21836, 100
2026/08/04 15:15:59.068, 21836, 100
2026/08/04 15:16:00.070, 21836, 100
2026/08/04 15:16:01.071, 21836, 100
2026/08/04 15:16:02.072, 21836, 100
2026/08/04 15:16:03.074, 21836, 90
2026/08/04 15:16:04.075, 21836, 100
2026/08/04 15:16:05.077, 21836, 100
2026/08/04 15:16:06.078, 21836, 100
2026/08/04 15:16:07.080, 21836, 100
2026/08/04 15:16:08.082, 21836, 100
2026/08/04 15:16:09.083, 21836, 100
2026/08/04 15:16:10.085, 21836, 100
2026/08/04 15:16:11.086, 21836, 100
2026/08/04 15:16:12.088, 21836, 100
2026/08/04 15:16:13.089, 21836, 100
2026/08/04 15:16:14.091, 21836, 100
2026/08/04 15:16:15.092, 21836, 100
2026/08/04 15:16:16.094, 21836, 98
2026/08/04 15:16:17.095, 21836, 100
2026/08/04 15:16:18.096, 21836, 98
2026/08/04 15:16:19.098, 21836, 100
2026/08/04 15:16:20.099, 21836, 100
2026/08/04 15:16:21.101, 21836, 100
2026/08/04 15:16:22.102, 21836, 100
2026/08/04 15:16:23.104, 21836, 81
2026/08/04 15:16:24.105, 21836, 100
2026/08/04 15:16:25.106, 21836, 100
2026/08/04 15:16:26.108, 21836, 81
2026/08/04 15:16:27.109, 21836, 84
2026/08/04 15:16:28.111, 21836, 100
2026/08/04 15:16:29.112, 21836, 100
2026/08/04 15:16:30.113, 21836, 100
2026/08/04 15:16:31.115, 21836, 100
2026/08/04 15:16:32.116, 21836, 100
2026/08/04 15:16:33.118, 21836, 100
2026/08/04 15:16:34.119, 21836, 100
2026/08/04 15:16:35.120, 21836, 100
2026/08/04 15:16:36.122, 21836, 100
2026/08/04 15:16:37.123, 21836, 100
2026/08/04 15:16:38.124, 21836, 100
2026/08/04 15:16:39.126, 21836, 100
2026/08/04 15:16:40.127, 21836, 100
2026/08/04 15:16:41.128, 21836, 100
2026/08/04 15:16:42.129, 21836, 100
2026/08/04 15:16:43.131, 21836, 100
2026/08/04 15:16:44.131, 21836, 93
2026/08/04 15:16:45.133, 21836, 100
2026/08/04 15:16:46.133, 21836, 100
2026/08/04 15:16:47.135, 21836, 100
2026/08/04 15:16:48.136, 21836, 100
2026/08/04 15:16:49.137, 21836, 100
2026/08/04 15:16:50.138, 21836, 100
2026/08/04 15:16:51.139, 21836, 100
2026/08/04 15:16:52.140, 21836, 100
2026/08/04 15:16:53.142, 21836, 100
2026/08/04 15:16:54.143, 21836, 100
2026/08/04 15:16:55.145, 21836, 100
2026/08/04 15:16:56.146, 21836, 97
2026/08/04 15:16:57.148, 21836, 100
2026/08/04 15:16:58.149, 21836, 83
2026/08/04 15:16:59.150, 21836, 100
2026/08/04 15:17:00.152, 21836, 100
2026/08/04 15:17:01.153, 21836, 100
2026/08/04 15:17:02.154, 21836, 100
2026/08/04 15:17:03.155, 21836, 84
2026/08/04 15:17:04.156, 21836, 100
2026/08/04 15:17:05.156, 21836, 100
2026/08/04 15:17:06.157, 21836, 100
2026/08/04 15:17:07.158, 21836, 84
2026/08/04 15:17:08.159, 21836, 100
2026/08/04 15:17:09.160, 21836, 100
2026/08/04 15:17:10.160, 21836, 63
2026/08/04 15:17:11.161, 21836, 85
2026/08/04 15:17:12.161, 21836, 100
2026/08/04 15:17:13.163, 21836, 100
2026/08/04 15:17:14.164, 21836, 100
2026/08/04 15:17:15.165, 21836, 100
2026/08/04 15:17:16.167, 21836, 100
2026/08/04 15:17:17.168, 21836, 100
2026/08/04 15:17:18.169, 21836, 100
2026/08/04 15:17:19.170, 21836, 100
2026/08/04 15:17:20.171, 21836, 100
2026/08/04 15:17:21.171, 21836, 100
2026/08/04 15:17:22.172, 21836, 100
2026/08/04 15:17:23.172, 21836, 100
2026/08/04 15:17:24.173, 21836, 100
2026/08/04 15:17:25.174, 21836, 97
2026/08/04 15:17:26.174, 21836, 100
2026/08/04 15:17:27.174, 21836, 100
2026/08/04 15:17:28.174, 21836, 100
2026/08/04 15:17:29.175, 21836, 100
2026/08/04 15:17:30.175, 21836, 84
2026/08/04 15:17:31.175, 21836, 79
2026/08/04 15:17:32.175, 21836, 100
2026/08/04 15:17:33.175, 21836, 100
2026/08/04 15:17:34.176, 21836, 100
2026/08/04 15:17:35.176, 21836, 100
2026/08/04 15:17:36.176, 21836, 100
2026/08/04 15:17:37.177, 21836, 100
2026/08/04 15:17:38.177, 21836, 100
2026/08/04 15:17:39.177, 21836, 100
2026/08/04 15:17:40.177, 21836, 100
2026/08/04 15:17:41.178, 21836, 100
2026/08/04 15:17:42.178, 21836, 100
2026/08/04 15:17:43.178, 21836, 100
2026/08/04 15:17:44.178, 21836, 100
2026/08/04 15:17:45.179, 21836, 100
2026/08/04 15:17:46.179, 21836, 100
2026/08/04 15:17:47.179, 21836, 100
2026/08/04 15:17:48.179, 21836, 100
2026/08/04 15:17:49.180, 21836, 100
2026/08/04 15:17:50.180, 21836, 100
2026/08/04 15:17:51.180, 21836, 100
2026/08/04 15:17:52.180, 21836, 100
2026/08/04 15:17:53.181, 21836, 100
2026/08/04 15:17:54.181, 21836, 100
2026/08/04 15:17:55.181, 21836, 100
2026/08/04 15:17:56.182, 21836, 84
2026/08/04 15:17:57.182, 21836, 100
2026/08/04 15:17:58.182, 21836, 100
2026/08/04 15:17:59.183, 21836, 100
2026/08/04 15:18:00.183, 21836, 100
2026/08/04 15:18:01.183, 21836, 100
2026/08/04 15:18:02.184, 21836, 100
2026/08/04 15:18:03.184, 21836, 100
2026/08/04 15:18:04.184, 21836, 100
2026/08/04 15:18:05.184, 21836, 100
2026/08/04 15:18:06.184, 21836, 100
2026/08/04 15:18:07.185, 21836, 100
2026/08/04 15:18:08.185, 21836, 100
2026/08/04 15:18:09.185, 21836, 90
2026/08/04 15:18:10.186, 21836, 100
2026/08/04 15:18:11.186, 21836, 100
2026/08/04 15:18:12.186, 21836, 100
2026/08/04 15:18:13.186, 21836, 80
2026/08/04 15:18:14.186, 21836, 100
2026/08/04 15:18:15.187, 21836, 96
2026/08/04 15:18:16.187, 21836, 100
2026/08/04 15:18:17.188, 21836, 100
2026/08/04 15:18:18.188, 21836, 100
2026/08/04 15:18:19.188, 21836, 100
2026/08/04 15:18:20.189, 21836, 100
2026/08/04 15:18:21.189, 21836, 100
2026/08/04 15:18:22.189, 21836, 100
2026/08/04 15:18:23.189, 21836, 100
2026/08/04 15:18:24.190, 21836, 100
2026/08/04 15:18:25.190, 21836, 100
2026/08/04 15:18:26.190, 21836, 67
2026/08/04 15:18:27.191, 21836, 100
2026/08/04 15:18:28.191, 21836, 100
2026/08/04 15:18:29.191, 21836, 100
2026/08/04 15:18:30.191, 21836, 100
2026/08/04 15:18:31.192, 21836, 100
2026/08/04 15:18:32.192, 21836, 100
2026/08/04 15:18:33.192, 21836, 69
2026/08/04 15:18:34.192, 21836, 100
2026/08/04 15:18:35.193, 21836, 100
2026/08/04 15:18:36.193, 21836, 100
2026/08/04 15:18:37.193, 21836, 83
2026/08/04 15:18:38.193, 21836, 100
2026/08/04 15:18:39.194, 21836, 100
2026/08/04 15:18:40.194, 21836, 100
2026/08/04 15:18:41.194, 21836, 74
2026/08/04 15:18:42.195, 21836, 100
2026/08/04 15:18:43.195, 21836, 100
2026/08/04 15:18:44.195, 21836, 100
2026/08/04 15:18:45.195, 21836, 100
2026/08/04 15:18:46.196, 21836, 100
2026/08/04 15:18:47.196, 21836, 100
2026/08/04 15:18:48.196, 21836, 100
2026/08/04 15:18:49.196, 21836, 100
2026/08/04 15:18:50.197, 21836, 100
2026/08/04 15:18:51.197, 21836, 84
2026/08/04 15:18:52.197, 21836, 100
2026/08/04 15:18:53.197, 21836, 84
2026/08/04 15:18:54.198, 21836, 100
2026/08/04 15:18:55.198, 21836, 100
2026/08/04 15:18:56.198, 21836, 91
2026/08/04 15:18:57.198, 21836, 100
2026/08/04 15:18:58.199, 21836, 100
2026/08/04 15:18:59.199, 21836, 100
2026/08/04 15:19:00.199, 21836, 100
2026/08/04 15:19:01.199, 21836, 100
2026/08/04 15:19:02.199, 21836, 100
2026/08/04 15:19:03.200, 21836, 100
2026/08/04 15:19:04.200, 21836, 100
2026/08/04 15:19:05.200, 21836, 100
2026/08/04 15:19:06.201, 21836, 100
2026/08/04 15:19:07.201, 21836, 100
2026/08/04 15:19:08.201, 21836, 100
2026/08/04 15:19:09.201, 21836, 100
2026/08/04 15:19:10.202, 21836, 100
2026/08/04 15:19:11.202, 21836, 100
2026/08/04 15:19:12.202, 21836, 100
2026/08/04 15:19:13.203, 21836, 100
2026/08/04 15:19:14.203, 21836, 100
2026/08/04 15:19:15.203, 21836, 100
2026/08/04 15:19:16.203, 21836, 100
2026/08/04 15:19:17.204, 21836, 100
2026/08/04 15:19:18.204, 21836, 100
2026/08/04 15:19:19.204, 21836, 100
2026/08/04 15:19:20.204, 21836, 100
2026/08/04 15:19:21.205, 21836, 100
2026/08/04 15:19:22.205, 21836, 100
2026/08/04 15:19:23.205, 21836, 81
2026/08/04 15:19:24.206, 21836, 100
2026/08/04 15:19:25.206, 21836, 100
2026/08/04 15:19:26.206, 21836, 100
2026/08/04 15:19:27.207, 21836, 100
2026/08/04 15:19:28.207, 21836, 100
2026/08/04 15:19:29.207, 21836, 100
2026/08/04 15:19:30.207, 21836, 100
2026/08/04 15:19:31.208, 21836, 100
2026/08/04 15:19:32.208, 21836, 100
2026/08/04 15:19:33.208, 21836, 100
2026/08/04 15:19:34.209, 21836, 100
2026/08/04 15:19:35.209, 21836, 99
2026/08/04 15:19:36.210, 21836, 100
2026/08/04 15:19:37.213, 21836, 100
2026/08/04 15:19:38.216, 21836, 100
2026/08/04 15:19:39.219, 21836, 100
2026/08/04 15:19:40.223, 21836, 100
2026/08/04 15:19:41.225, 21836, 100
2026/08/04 15:19:42.227, 21836, 100
2026/08/04 15:19:43.230, 21836, 100
2026/08/04 15:19:44.232, 21836, 100
2026/08/04 15:19:45.235, 21836, 100
2026/08/04 15:19:46.237, 21836, 100
2026/08/04 15:19:47.240, 21836, 100
2026/08/04 15:19:48.242, 21836, 100
2026/08/04 15:19:49.245, 21836, 86
2026/08/04 15:19:50.248, 21836, 100
2026/08/04 15:19:51.251, 21836, 86
2026/08/04 15:19:52.253, 21836, 100
2026/08/04 15:19:53.255, 21836, 100
2026/08/04 15:19:54.257, 21836, 100
2026/08/04 15:19:55.258, 21836, 100
2026/08/04 15:19:56.260, 21836, 100
2026/08/04 15:19:57.262, 21836, 100
2026/08/04 15:19:58.263, 21836, 100
2026/08/04 15:19:59.265, 21836, 100
2026/08/04 15:20:00.266, 21836, 100
2026/08/04 15:20:01.268, 21836, 85
2026/08/04 15:20:02.269, 21836, 100
2026/08/04 15:20:03.271, 21836, 100
2026/08/04 15:20:04.272, 21836, 100
2026/08/04 15:20:05.274, 21836, 93
2026/08/04 15:20:06.275, 21836, 100
2026/08/04 15:20:07.276, 21836, 100
2026/08/04 15:20:08.278, 21836, 100
2026/08/04 15:20:09.279, 21836, 100
2026/08/04 15:20:10.280, 21836, 100
2026/08/04 15:20:11.282, 21836, 100
2026/08/04 15:20:12.283, 21836, 100
2026/08/04 15:20:13.285, 21836, 100
2026/08/04 15:20:14.286, 21836, 100
2026/08/04 15:20:15.287, 21836, 100
2026/08/04 15:20:16.289, 21836, 100
2026/08/04 15:20:17.290, 21836, 100
2026/08/04 15:20:18.292, 21836, 100
2026/08/04 15:20:19.293, 21836, 83
2026/08/04 15:20:20.295, 21836, 100
2026/08/04 15:20:21.297, 21836, 87
2026/08/04 15:20:22.298, 21836, 100
2026/08/04 15:20:23.300, 21836, 100
2026/08/04 15:20:24.302, 21836, 100
2026/08/04 15:20:25.303, 21836, 85
2026/08/04 15:20:26.305, 21836, 100
2026/08/04 15:20:27.306, 21836, 76
2026/08/04 15:20:28.308, 21836, 100
2026/08/04 15:20:29.309, 21836, 100
2026/08/04 15:20:30.310, 21836, 100
2026/08/04 15:20:31.312, 21836, 100
2026/08/04 15:20:32.313, 21836, 100
2026/08/04 15:20:33.315, 21836, 100
2026/08/04 15:20:34.316, 21836, 100
2026/08/04 15:20:35.317, 21836, 100
2026/08/04 15:20:36.319, 21836, 100
2026/08/04 15:20:37.319, 21836, 100
2026/08/04 15:20:38.321, 21836, 100
2026/08/04 15:20:39.321, 21836, 100
2026/08/04 15:20:40.323, 21836, 100
2026/08/04 15:20:41.324, 21836, 86
2026/08/04 15:20:42.325, 21836, 100
2026/08/04 15:20:43.327, 21836, 100
2026/08/04 15:20:44.328, 21836, 85
2026/08/04 15:20:45.329, 21836, 100
2026/08/04 15:20:46.330, 21836, 100
2026/08/04 15:20:47.330, 21836, 100
2026/08/04 15:20:48.332, 21836, 100
2026/08/04 15:20:49.332, 21836, 84
2026/08/04 15:20:50.333, 21836, 100
2026/08/04 15:20:51.334, 21836, 84
2026/08/04 15:20:52.335, 21836, 63
2026/08/04 15:20:53.336, 21836, 100
2026/08/04 15:20:54.337, 21836, 100
2026/08/04 15:20:55.337, 21836, 93
2026/08/04 15:20:56.338, 21836, 100
2026/08/04 15:20:57.338, 21836, 84
2026/08/04 15:20:58.339, 21836, 100
2026/08/04 15:20:59.339, 21836, 100
2026/08/04 15:21:00.339, 21836, 100
2026/08/04 15:21:01.340, 21836, 100
2026/08/04 15:21:02.340, 21836, 84
2026/08/04 15:21:03.340, 21836, 87
2026/08/04 15:21:04.341, 21836, 85
2026/08/04 15:21:05.341, 21836, 100
2026/08/04 15:21:06.341, 21836, 84
2026/08/04 15:21:07.341, 21836, 81
2026/08/04 15:21:08.342, 21836, 100
2026/08/04 15:21:09.342, 21836, 100
2026/08/04 15:21:10.342, 21836, 100
2026/08/04 15:21:11.343, 21836, 100
2026/08/04 15:21:12.343, 21836, 100
2026/08/04 15:21:13.343, 21836, 100
2026/08/04 15:21:14.344, 21836, 100
2026/08/04 15:21:15.344, 21836, 100
2026/08/04 15:21:16.344, 21836, 91
2026/08/04 15:21:17.345, 21836, 100
2026/08/04 15:21:18.345, 21836, 100
2026/08/04 15:21:19.345, 21836, 100
2026/08/04 15:21:20.345, 21836, 100
2026/08/04 15:21:21.346, 21836, 100
2026/08/04 15:21:22.346, 21836, 79
2026/08/04 15:21:23.346, 21836, 100
2026/08/04 15:21:24.347, 21836, 88
2026/08/04 15:21:25.347, 21836, 100
2026/08/04 15:21:26.347, 21836, 100
2026/08/04 15:21:27.348, 21836, 100
2026/08/04 15:21:28.348, 21836, 100
2026/08/04 15:21:29.348, 21836, 65
2026/08/04 15:21:30.349, 21836, 100
2026/08/04 15:21:31.349, 21836, 100
2026/08/04 15:21:32.350, 21836, 100
2026/08/04 15:21:33.350, 21836, 100
2026/08/04 15:21:34.350, 21836, 95
2026/08/04 15:21:35.351, 21836, 85
2026/08/04 15:21:36.351, 21836, 100
2026/08/04 15:21:37.351, 21836, 100
2026/08/04 15:21:38.352, 21836, 100
2026/08/04 15:21:39.352, 21836, 100
2026/08/04 15:21:40.352, 21836, 100
2026/08/04 15:21:41.353, 21836, 100
2026/08/04 15:21:42.353, 21836, 86
2026/08/04 15:21:43.353, 21836, 100
2026/08/04 15:21:44.354, 21836, 100
2026/08/04 15:21:45.354, 21836, 100
2026/08/04 15:21:46.354, 21836, 100
2026/08/04 15:21:47.355, 21836, 100
2026/08/04 15:21:48.355, 21836, 100
2026/08/04 15:21:49.355, 21836, 100
2026/08/04 15:21:50.356, 21836, 100
2026/08/04 15:21:51.356, 21836, 100
2026/08/04 15:21:52.356, 21836, 100
2026/08/04 15:21:53.357, 21836, 83
2026/08/04 15:21:54.357, 21836, 100
2026/08/04 15:21:55.357, 21836, 100
2026/08/04 15:21:56.357, 21836, 100
2026/08/04 15:21:57.358, 21836, 100
2026/08/04 15:21:58.358, 21836, 100
2026/08/04 15:21:59.358, 21836, 100
2026/08/04 15:22:00.359, 21836, 100
2026/08/04 15:22:01.359, 21836, 100
2026/08/04 15:22:02.359, 21836, 100
2026/08/04 15:22:03.360, 21836, 100
2026/08/04 15:22:04.360, 21836, 100
2026/08/04 15:22:05.360, 21836, 100
2026/08/04 15:22:06.361, 21836, 100
2026/08/04 15:22:07.361, 21836, 100
2026/08/04 15:22:08.361, 21836, 100
2026/08/04 15:22:09.362, 21836, 100
2026/08/04 15:22:10.362, 21836, 100
2026/08/04 15:22:11.362, 21836, 100
2026/08/04 15:22:12.363, 21836, 100
2026/08/04 15:22:13.363, 21836, 97
2026/08/04 15:22:14.363, 21836, 68
2026/08/04 15:22:15.364, 21836, 100
2026/08/04 15:22:16.364, 21836, 100
2026/08/04 15:22:17.364, 21836, 89
2026/08/04 15:22:18.364, 21836, 100
2026/08/04 15:22:19.365, 21836, 100
2026/08/04 15:22:20.365, 21836, 100
2026/08/04 15:22:21.365, 21836, 100
2026/08/04 15:22:22.367, 21836, 100
2026/08/04 15:22:23.367, 21836, 100
2026/08/04 15:22:24.367, 21836, 100
2026/08/04 15:22:25.368, 21836, 100
2026/08/04 15:22:26.368, 21836, 100
2026/08/04 15:22:27.368, 21836, 100
2026/08/04 15:22:28.368, 21836, 100
2026/08/04 15:22:29.369, 21836, 100
2026/08/04 15:22:30.369, 21836, 100
2026/08/04 15:22:31.369, 21836, 82
2026/08/04 15:22:32.369, 21836, 69
2026/08/04 15:22:33.370, 21836, 100
2026/08/04 15:22:34.370, 21836, 100
2026/08/04 15:22:35.370, 21836, 100
2026/08/04 15:22:36.371, 21836, 100
2026/08/04 15:22:37.371, 21836, 100
2026/08/04 15:22:38.371, 21836, 100
2026/08/04 15:22:39.372, 21836, 100
2026/08/04 15:22:40.372, 21836, 100
2026/08/04 15:22:41.372, 21836, 100
2026/08/04 15:22:42.373, 21836, 100
2026/08/04 15:22:43.373, 21836, 81
2026/08/04 15:22:44.373, 21836, 100
2026/08/04 15:22:45.373, 21836, 100
2026/08/04 15:22:46.374, 21836, 100
2026/08/04 15:22:47.374, 21836, 100
2026/08/04 15:22:48.374, 21836, 100
2026/08/04 15:22:49.375, 21836, 100
2026/08/04 15:22:50.375, 21836, 100
2026/08/04 15:22:51.375, 21836, 100
2026/08/04 15:22:52.375, 21836, 100
2026/08/04 15:22:53.376, 21836, 100
2026/08/04 15:22:54.376, 21836, 100
2026/08/04 15:22:55.376, 21836, 100
2026/08/04 15:22:56.377, 21836, 100
2026/08/04 15:22:57.377, 21836, 100
2026/08/04 15:22:58.377, 21836, 100
2026/08/04 15:22:59.377, 21836, 100
2026/08/04 15:23:00.378, 21836, 100
2026/08/04 15:23:01.378, 21836, 100
2026/08/04 15:23:02.378, 21836, 100
2026/08/04 15:23:03.378, 21836, 100
2026/08/04 15:23:04.379, 21836, 71
2026/08/04 15:23:05.379, 21836, 100
2026/08/04 15:23:06.379, 21836, 100
2026/08/04 15:23:07.379, 21836, 100
2026/08/04 15:23:08.380, 21836, 100
2026/08/04 15:23:09.380, 21836, 100
2026/08/04 15:23:10.380, 21836, 100
2026/08/04 15:23:11.381, 21836, 100
2026/08/04 15:23:12.381, 21836, 100
2026/08/04 15:23:13.381, 21836, 100
2026/08/04 15:23:14.381, 21836, 100
2026/08/04 15:23:15.382, 21836, 100
2026/08/04 15:23:16.382, 21836, 99
2026/08/04 15:23:17.382, 21836, 100
2026/08/04 15:23:18.382, 21836, 82
2026/08/04 15:23:19.383, 21836, 100
2026/08/04 15:23:20.383, 21836, 100
2026/08/04 15:23:21.383, 21836, 100
2026/08/04 15:23:22.385, 21836, 100
2026/08/04 15:23:23.385, 21836, 100
2026/08/04 15:23:24.385, 21836, 100
2026/08/04 15:23:25.386, 21836, 100
2026/08/04 15:23:26.386, 21836, 100
2026/08/04 15:23:27.386, 21836, 100
2026/08/04 15:23:28.387, 21836, 100
2026/08/04 15:23:29.387, 21836, 100
2026/08/04 15:23:30.387, 21836, 100
2026/08/04 15:23:31.388, 21836, 100
2026/08/04 15:23:32.388, 21836, 100
2026/08/04 15:23:33.389, 21836, 100
2026/08/04 15:23:34.389, 21836, 100
2026/08/04 15:23:35.389, 21836, 79
2026/08/04 15:23:36.389, 21836, 100
2026/08/04 15:23:37.390, 21836, 100
2026/08/04 15:23:38.390, 21836, 100
2026/08/04 15:23:39.390, 21836, 100
2026/08/04 15:23:40.390, 21836, 100
2026/08/04 15:23:41.391, 21836, 100
2026/08/04 15:23:42.391, 21836, 100
2026/08/04 15:23:43.391, 21836, 100
2026/08/04 15:23:44.391, 21836, 100
2026/08/04 15:23:45.392, 21836, 100
2026/08/04 15:23:46.392, 21836, 100
2026/08/04 15:23:47.392, 21836, 83
2026/08/04 15:23:48.392, 21836, 72
2026/08/04 15:23:49.393, 21836, 100
2026/08/04 15:23:50.393, 21836, 100
2026/08/04 15:23:51.393, 21836, 100
2026/08/04 15:23:52.393, 21836, 100
2026/08/04 15:23:53.394, 21836, 100
2026/08/04 15:23:54.394, 21836, 100
2026/08/04 15:23:55.394, 21836, 100
2026/08/04 15:23:56.394, 21836, 100
2026/08/04 15:23:57.395, 21836, 100
2026/08/04 15:23:58.395, 21836, 100
2026/08/04 15:23:59.395, 21836, 100
2026/08/04 15:24:00.395, 21836, 100
2026/08/04 15:24:01.396, 21836, 100
2026/08/04 15:24:02.396, 21836, 100
2026/08/04 15:24:03.396, 21836, 100
2026/08/04 15:24:04.396, 21836, 100
2026/08/04 15:24:05.397, 21836, 100
2026/08/04 15:24:06.397, 21836, 100
2026/08/04 15:24:07.400, 21836, 100
2026/08/04 15:24:08.400, 21836, 100
2026/08/04 15:24:09.401, 21836, 84
2026/08/04 15:24:10.401, 21836, 100
2026/08/04 15:24:11.401, 21836, 100
2026/08/04 15:24:12.403, 21836, 100
2026/08/04 15:24:13.404, 21836, 100
2026/08/04 15:24:14.404, 21836, 85
2026/08/04 15:24:15.404, 21836, 100
2026/08/04 15:24:16.405, 21836, 81
2026/08/04 15:24:17.405, 21836, 67
2026/08/04 15:24:18.405, 21836, 100
2026/08/04 15:24:19.405, 21836, 100
2026/08/04 15:24:20.406, 21836, 100
2026/08/04 15:24:21.406, 21836, 100
2026/08/04 15:24:22.408, 21836, 81
2026/08/04 15:24:23.409, 21836, 86
2026/08/04 15:24:24.409, 21836, 85
2026/08/04 15:24:25.409, 21836, 100
2026/08/04 15:24:26.410, 21836, 100
2026/08/04 15:24:27.410, 21836, 100
2026/08/04 15:24:28.410, 21836, 82
2026/08/04 15:24:29.411, 21836, 100
2026/08/04 15:24:30.411, 21836, 100
2026/08/04 15:24:31.411, 21836, 100
2026/08/04 15:24:32.412, 21836, 100
2026/08/04 15:24:33.412, 21836, 100
2026/08/04 15:24:34.412, 21836, 100
2026/08/04 15:24:35.412, 21836, 100
2026/08/04 15:24:36.413, 21836, 82
2026/08/04 15:24:37.413, 21836, 100
2026/08/04 15:24:38.413, 21836, 100
2026/08/04 15:24:39.414, 21836, 100
2026/08/04 15:24:40.414, 21836, 100
2026/08/04 15:24:41.414, 21836, 100
2026/08/04 15:24:42.414, 21836, 100
2026/08/04 15:24:43.415, 21836, 100
2026/08/04 15:24:44.415, 21836, 100
2026/08/04 15:24:45.415, 21836, 99
2026/08/04 15:24:46.416, 21836, 100
2026/08/04 15:24:47.416, 21836, 100
2026/08/04 15:24:48.416, 21836, 100
2026/08/04 15:24:49.417, 21836, 100
2026/08/04 15:24:50.417, 21836, 100
2026/08/04 15:24:51.417, 21836, 100
2026/08/04 15:24:52.418, 21836, 100
2026/08/04 15:24:53.418, 21836, 100
2026/08/04 15:24:54.418, 21836, 100
2026/08/04 15:24:55.418, 21836, 100
2026/08/04 15:24:56.419, 21836, 100
2026/08/04 15:24:57.419, 21836, 100
2026/08/04 15:24:58.419, 21836, 100
2026/08/04 15:24:59.420, 21836, 100
2026/08/04 15:25:00.420, 21836, 84
2026/08/04 15:25:01.420, 21836, 85
2026/08/04 15:25:02.421, 21836, 100
2026/08/04 15:25:03.421, 21836, 100
2026/08/04 15:25:04.421, 21836, 100
2026/08/04 15:25:05.422, 21836, 100
2026/08/04 15:25:06.422, 21836, 100
2026/08/04 15:25:07.422, 21836, 100
2026/08/04 15:25:08.423, 21836, 100
2026/08/04 15:25:09.423, 21836, 100
2026/08/04 15:25:10.423, 21836, 100
2026/08/04 15:25:11.424, 21836, 100
2026/08/04 15:25:12.424, 21836, 100
2026/08/04 15:25:13.424, 21836, 100
2026/08/04 15:25:14.424, 21836, 100
2026/08/04 15:25:15.425, 21836, 100
2026/08/04 15:25:16.425, 21836, 100
2026/08/04 15:25:17.425, 21836, 100
2026/08/04 15:25:18.425, 21836, 97
2026/08/04 15:25:19.426, 21836, 100
2026/08/04 15:25:20.426, 21836, 81
2026/08/04 15:25:21.426, 21836, 100
2026/08/04 15:25:22.427, 21836, 100
2026/08/04 15:25:23.427, 21836, 100
2026/08/04 15:25:24.427, 21836, 100
2026/08/04 15:25:25.427, 21836, 84
2026/08/04 15:25:26.428, 21836, 100
2026/08/04 15:25:27.428, 21836, 100
2026/08/04 15:25:28.428, 21836, 100
2026/08/04 15:25:29.428, 21836, 100
2026/08/04 15:25:30.429, 21836, 100
2026/08/04 15:25:31.429, 21836, 100
2026/08/04 15:25:32.429, 21836, 100
2026/08/04 15:25:33.430, 21836, 100
2026/08/04 15:25:34.430, 21836, 100
2026/08/04 15:25:35.430, 21836, 100
2026/08/04 15:25:36.430, 21836, 100
2026/08/04 15:25:37.430, 21836, 100
2026/08/04 15:25:38.431, 21836, 100
2026/08/04 15:25:39.431, 21836, 100
2026/08/04 15:25:40.431, 21836, 100
2026/08/04 15:25:41.432, 21836, 100
2026/08/04 15:25:42.432, 21836, 100
2026/08/04 15:25:43.432, 21836, 100
2026/08/04 15:25:44.433, 21836, 94
2026/08/04 15:25:45.433, 21836, 87
2026/08/04 15:25:46.433, 21836, 100
2026/08/04 15:25:47.433, 21836, 100
2026/08/04 15:25:48.434, 21836, 100
2026/08/04 15:25:49.434, 21836, 100
2026/08/04 15:25:50.434, 21836, 86
2026/08/04 15:25:51.435, 21836, 100
2026/08/04 15:25:52.435, 21836, 100
2026/08/04 15:25:53.435, 21836, 100
2026/08/04 15:25:54.436, 21836, 100
2026/08/04 15:25:55.436, 21836, 100
2026/08/04 15:25:56.436, 21836, 100
2026/08/04 15:25:57.437, 21836, 100
2026/08/04 15:25:58.437, 21836, 100
2026/08/04 15:25:59.437, 21836, 100
2026/08/04 15:26:00.438, 21836, 100
2026/08/04 15:26:01.438, 21836, 100
2026/08/04 15:26:02.438, 21836, 100
2026/08/04 15:26:03.439, 21836, 100
2026/08/04 15:26:04.439, 21836, 100
2026/08/04 15:26:05.439, 21836, 100
2026/08/04 15:26:06.440, 21836, 100
2026/08/04 15:26:07.440, 21836, 100
2026/08/04 15:26:08.440, 21836, 100
2026/08/04 15:26:09.441, 21836, 100
2026/08/04 15:26:10.441, 21836, 100
2026/08/04 15:26:11.441, 21836, 76
2026/08/04 15:26:12.442, 21836, 100
2026/08/04 15:26:13.442, 21836, 100
2026/08/04 15:26:14.442, 21836, 100
2026/08/04 15:26:15.443, 21836, 100
2026/08/04 15:26:16.443, 21836, 100
2026/08/04 15:26:17.443, 21836, 100
2026/08/04 15:26:18.444, 21836, 100
2026/08/04 15:26:19.444, 21836, 100
2026/08/04 15:26:20.444, 21836, 100
2026/08/04 15:26:21.445, 21836, 100
2026/08/04 15:26:22.445, 21836, 100
2026/08/04 15:26:23.445, 21836, 100
2026/08/04 15:26:24.446, 21836, 100
2026/08/04 15:26:25.446, 21836, 100
2026/08/04 15:26:26.446, 21836, 100
2026/08/04 15:26:27.446, 21836, 100
2026/08/04 15:26:28.447, 21836, 100
2026/08/04 15:26:29.447, 21836, 100
2026/08/04 15:26:30.447, 21836, 100
2026/08/04 15:26:31.448, 21836, 92
2026/08/04 15:26:32.448, 21836, 100
2026/08/04 15:26:33.448, 21836, 100
2026/08/04 15:26:34.449, 21836, 100
2026/08/04 15:26:35.449, 21836, 100
2026/08/04 15:26:36.449, 21836, 100
2026/08/04 15:26:37.450, 21836, 85
2026/08/04 15:26:38.450, 21836, 100
2026/08/04 15:26:39.450, 21836, 99
2026/08/04 15:26:40.451, 21836, 100
2026/08/04 15:26:41.451, 21836, 100
2026/08/04 15:26:42.451, 21836, 100
2026/08/04 15:26:43.451, 21836, 100
2026/08/04 15:26:44.452, 21836, 100
2026/08/04 15:26:45.452, 21836, 100
2026/08/04 15:26:46.452, 21836, 96
2026/08/04 15:26:47.453, 21836, 100
2026/08/04 15:26:48.453, 21836, 85
2026/08/04 15:26:49.453, 21836, 100
2026/08/04 15:26:50.454, 21836, 100
2026/08/04 15:26:51.454, 21836, 98
2026/08/04 15:26:52.454, 21836, 100
2026/08/04 15:26:53.455, 21836, 100
2026/08/04 15:26:54.455, 21836, 100
2026/08/04 15:26:55.455, 21836, 100
2026/08/04 15:26:56.456, 21836, 100
2026/08/04 15:26:57.456, 21836, 100
2026/08/04 15:26:58.456, 21836, 100
2026/08/04 15:26:59.457, 21836, 100
2026/08/04 15:27:00.457, 21836, 100
2026/08/04 15:27:01.457, 21836, 100
2026/08/04 15:27:02.458, 21836, 100
2026/08/04 15:27:03.458, 21836, 100
2026/08/04 15:27:04.458, 21836, 100
2026/08/04 15:27:05.458, 21836, 100
2026/08/04 15:27:06.459, 21836, 100
2026/08/04 15:27:07.459, 21836, 100
2026/08/04 15:27:08.459, 21836, 100
2026/08/04 15:27:09.460, 21836, 100
2026/08/04 15:27:10.460, 21836, 100
2026/08/04 15:27:11.460, 21836, 83
2026/08/04 15:27:12.461, 21836, 100
2026/08/04 15:27:13.461, 21836, 100
2026/08/04 15:27:14.461, 21836, 100
2026/08/04 15:27:15.461, 21836, 84
2026/08/04 15:27:16.462, 21836, 100
2026/08/04 15:27:17.462, 21836, 100
2026/08/04 15:27:18.462, 21836, 100
2026/08/04 15:27:19.463, 21836, 100
2026/08/04 15:27:20.463, 21836, 100
2026/08/04 15:27:21.463, 21836, 99
2026/08/04 15:27:22.464, 21836, 83
2026/08/04 15:27:23.464, 21836, 84
2026/08/04 15:27:24.465, 21836, 100
2026/08/04 15:27:25.465, 21836, 100
2026/08/04 15:27:26.465, 21836, 0
2026/08/04 15:27:27.466, 21836, 5
2026/08/04 15:27:28.466, 21836, 81
2026/08/04 15:27:29.466, 21836, 78
2026/08/04 15:27:30.467, 21836, 100
2026/08/04 15:27:31.467, 21836, 100
2026/08/04 15:27:32.467, 21836, 100
2026/08/04 15:27:33.468, 21836, 100
2026/08/04 15:27:34.468, 21836, 85
2026/08/04 15:27:35.468, 21836, 100
2026/08/04 15:27:36.468, 21836, 100
2026/08/04 15:27:37.469, 21836, 100
2026/08/04 15:27:38.469, 21836, 100
2026/08/04 15:27:39.469, 21836, 100
2026/08/04 15:27:40.470, 21836, 100
2026/08/04 15:27:41.470, 21836, 100
2026/08/04 15:27:42.470, 21836, 93
2026/08/04 15:27:43.471, 21836, 85
2026/08/04 15:27:44.471, 21836, 82
2026/08/04 15:27:45.471, 21836, 100
2026/08/04 15:27:46.472, 21836, 100
2026/08/04 15:27:47.472, 21836, 100
2026/08/04 15:27:48.472, 21836, 100
2026/08/04 15:27:49.474, 21836, 100
2026/08/04 15:27:50.474, 21836, 100
2026/08/04 15:27:51.475, 21836, 100
2026/08/04 15:27:52.475, 21836, 100
2026/08/04 15:27:53.475, 21836, 100
2026/08/04 15:27:54.475, 21836, 100
2026/08/04 15:27:55.476, 21836, 100
2026/08/04 15:27:56.476, 21836, 100
2026/08/04 15:27:57.476, 21836, 100
2026/08/04 15:27:58.477, 21836, 100
2026/08/04 15:27:59.477, 21836, 100
2026/08/04 15:28:00.477, 21836, 84
2026/08/04 15:28:01.478, 21836, 93
2026/08/04 15:28:02.478, 21836, 100
2026/08/04 15:28:03.478, 21836, 100
2026/08/04 15:28:04.479, 21836, 100
2026/08/04 15:28:05.479, 21836, 100
2026/08/04 15:28:06.479, 21836, 81
2026/08/04 15:28:07.480, 21836, 100
2026/08/04 15:28:08.480, 21836, 100
2026/08/04 15:28:09.480, 21836, 100
2026/08/04 15:28:10.481, 21836, 100
2026/08/04 15:28:11.481, 21836, 100
2026/08/04 15:28:12.481, 21836, 100
2026/08/04 15:28:13.482, 21836, 100
2026/08/04 15:28:14.482, 21836, 100
2026/08/04 15:28:15.482, 21836, 100
2026/08/04 15:28:16.483, 21836, 100
2026/08/04 15:28:17.483, 21836, 100
2026/08/04 15:28:18.483, 21836, 100
2026/08/04 15:28:19.484, 21836, 100
2026/08/04 15:28:20.484, 21836, 83
2026/08/04 15:28:21.484, 21836, 83
2026/08/04 15:28:22.485, 21836, 100
2026/08/04 15:28:23.485, 21836, 100
2026/08/04 15:28:24.485, 21836, 100
2026/08/04 15:28:25.485, 21836, 100
2026/08/04 15:28:26.486, 21836, 100
2026/08/04 15:28:27.486, 21836, 100
2026/08/04 15:28:28.486, 21836, 100
2026/08/04 15:28:29.487, 21836, 100
2026/08/04 15:28:30.487, 21836, 100
2026/08/04 15:28:31.487, 21836, 100
2026/08/04 15:28:32.488, 21836, 83
2026/08/04 15:28:33.488, 21836, 100
2026/08/04 15:28:34.492, 21836, 100
2026/08/04 15:28:35.492, 21836, 87
2026/08/04 15:28:36.492, 21836, 84
2026/08/04 15:28:37.493, 21836, 84
2026/08/04 15:28:38.493, 21836, 100
2026/08/04 15:28:39.493, 21836, 100
2026/08/04 15:28:40.494, 21836, 100
2026/08/04 15:28:41.494, 21836, 100
2026/08/04 15:28:42.494, 21836, 100
2026/08/04 15:28:43.495, 21836, 100
2026/08/04 15:28:44.495, 21836, 69
2026/08/04 15:28:45.495, 21836, 84
2026/08/04 15:28:46.496, 21836, 100
2026/08/04 15:28:47.496, 21836, 100
2026/08/04 15:28:48.496, 21836, 100
2026/08/04 15:28:49.497, 21836, 100
2026/08/04 15:28:50.497, 21836, 100
2026/08/04 15:28:51.497, 21836, 97
2026/08/04 15:28:52.498, 21836, 100
2026/08/04 15:28:53.498, 21836, 100
2026/08/04 15:28:54.499, 21836, 100
2026/08/04 15:28:55.499, 21836, 100
2026/08/04 15:28:56.500, 21836, 100
2026/08/04 15:28:57.500, 21836, 100
2026/08/04 15:28:58.500, 21836, 100
2026/08/04 15:28:59.501, 21836, 100
2026/08/04 15:29:00.501, 21836, 100
2026/08/04 15:29:01.501, 21836, 82
2026/08/04 15:29:02.502, 21836, 100
2026/08/04 15:29:03.502, 21836, 100
2026/08/04 15:29:04.502, 21836, 100
2026/08/04 15:29:05.503, 21836, 100
2026/08/04 15:29:06.503, 21836, 100
2026/08/04 15:29:07.503, 21836, 100
2026/08/04 15:29:08.504, 21836, 100
2026/08/04 15:29:09.504, 21836, 100
2026/08/04 15:29:10.504, 21836, 100
2026/08/04 15:29:11.504, 21836, 100
2026/08/04 15:29:12.505, 21836, 100
2026/08/04 15:29:13.505, 21836, 100
2026/08/04 15:29:14.505, 21836, 83
2026/08/04 15:29:15.506, 21836, 86
2026/08/04 15:29:16.506, 21836, 100
2026/08/04 15:29:17.506, 21836, 100
2026/08/04 15:29:18.507, 21836, 84
2026/08/04 15:29:19.508, 21836, 79
2026/08/04 15:29:20.508, 21836, 100
2026/08/04 15:29:21.508, 21836, 100
2026/08/04 15:29:22.508, 21836, 100
2026/08/04 15:29:23.509, 21836, 100
2026/08/04 15:29:24.510, 21836, 100
2026/08/04 15:29:25.511, 21836, 100
2026/08/04 15:29:26.511, 21836, 100
2026/08/04 15:29:27.511, 21836, 100
2026/08/04 15:29:28.511, 21836, 100
2026/08/04 15:29:29.512, 21836, 100
2026/08/04 15:29:30.512, 21836, 82
2026/08/04 15:29:31.512, 21836, 100
2026/08/04 15:29:32.513, 21836, 86
2026/08/04 15:29:33.513, 21836, 100
2026/08/04 15:29:34.513, 21836, 100
2026/08/04 15:29:35.514, 21836, 86
2026/08/04 15:29:36.514, 21836, 100
2026/08/04 15:29:37.514, 21836, 100
2026/08/04 15:29:38.514, 21836, 100
2026/08/04 15:29:39.515, 21836, 100
2026/08/04 15:29:40.515, 21836, 100
2026/08/04 15:29:41.516, 21836, 100
2026/08/04 15:29:42.516, 21836, 100
2026/08/04 15:29:43.517, 21836, 100
2026/08/04 15:29:44.517, 21836, 100
2026/08/04 15:29:45.518, 21836, 100
2026/08/04 15:29:46.518, 21836, 100
2026/08/04 15:29:47.518, 21836, 100
2026/08/04 15:29:48.519, 21836, 91
2026/08/04 15:29:49.519, 21836, 86
2026/08/04 15:29:50.519, 21836, 100
2026/08/04 15:29:51.519, 21836, 100
2026/08/04 15:29:52.520, 21836, 100
2026/08/04 15:29:53.520, 21836, 61
2026/08/04 15:29:54.520, 21836, 100
2026/08/04 15:29:55.520, 21836, 100
2026/08/04 15:29:56.521, 21836, 100
2026/08/04 15:29:57.521, 21836, 100
2026/08/04 15:29:58.521, 21836, 100
2026/08/04 15:29:59.522, 21836, 100
2026/08/04 15:30:00.522, 21836, 100
2026/08/04 15:30:01.522, 21836, 100
2026/08/04 15:30:02.523, 21836, 100
2026/08/04 15:30:03.523, 21836, 100
2026/08/04 15:30:04.523, 21836, 100
2026/08/04 15:30:05.523, 21836, 100
2026/08/04 15:30:06.524, 21836, 97
2026/08/04 15:30:07.524, 21836, 100
2026/08/04 15:30:08.524, 21836, 100
2026/08/04 15:30:09.524, 21836, 83
2026/08/04 15:30:10.525, 21836, 100
2026/08/04 15:30:11.525, 21836, 100
2026/08/04 15:30:12.525, 21836, 100
2026/08/04 15:30:13.526, 21836, 100
2026/08/04 15:30:14.526, 21836, 100
2026/08/04 15:30:15.526, 21836, 100
2026/08/04 15:30:16.527, 21836, 100
2026/08/04 15:30:17.527, 21836, 100
2026/08/04 15:30:18.527, 21836, 100
2026/08/04 15:30:19.527, 21836, 100
2026/08/04 15:30:20.528, 21836, 100
2026/08/04 15:30:21.528, 21836, 95
2026/08/04 15:30:22.528, 21836, 97
2026/08/04 15:30:23.528, 21836, 81
2026/08/04 15:30:24.529, 21836, 100
2026/08/04 15:30:25.529, 21836, 100
2026/08/04 15:30:26.529, 21836, 100
2026/08/04 15:30:27.530, 21836, 87
2026/08/04 15:30:28.530, 21836, 100
2026/08/04 15:30:29.530, 21836, 100
2026/08/04 15:30:30.531, 21836, 100
2026/08/04 15:30:31.531, 21836, 100
2026/08/04 15:30:32.531, 21836, 100
2026/08/04 15:30:33.532, 21836, 100
2026/08/04 15:30:34.532, 21836, 84
2026/08/04 15:30:35.532, 21836, 83
2026/08/04 15:30:36.532, 21836, 100
2026/08/04 15:30:37.533, 21836, 85
2026/08/04 15:30:38.533, 21836, 85
2026/08/04 15:30:39.533, 21836, 88
2026/08/04 15:30:40.534, 21836, 100
2026/08/04 15:30:41.534, 21836, 84
2026/08/04 15:30:42.534, 21836, 100
2026/08/04 15:30:43.535, 21836, 100
2026/08/04 15:30:44.535, 21836, 100
2026/08/04 15:30:45.535, 21836, 100
2026/08/04 15:30:46.536, 21836, 99
2026/08/04 15:30:47.536, 21836, 100
2026/08/04 15:30:48.536, 21836, 100
2026/08/04 15:30:49.536, 21836, 100
2026/08/04 15:30:50.537, 21836, 71
2026/08/04 15:30:51.537, 21836, 100
2026/08/04 15:30:52.537, 21836, 100
2026/08/04 15:30:53.538, 21836, 100
2026/08/04 15:30:54.538, 21836, 100
2026/08/04 15:30:55.539, 21836, 100
2026/08/04 15:30:56.539, 21836, 100
2026/08/04 15:30:57.539, 21836, 100
2026/08/04 15:30:58.539, 21836, 100
2026/08/04 15:30:59.540, 21836, 100
2026/08/04 15:31:00.540, 21836, 100
2026/08/04 15:31:01.540, 21836, 83
2026/08/04 15:31:02.541, 21836, 100
2026/08/04 15:31:03.541, 21836, 100
2026/08/04 15:31:04.541, 21836, 100
2026/08/04 15:31:05.542, 21836, 100
2026/08/04 15:31:06.542, 21836, 100
2026/08/04 15:31:07.542, 21836, 100
2026/08/04 15:31:08.543, 21836, 82
2026/08/04 15:31:09.543, 21836, 100
2026/08/04 15:31:10.543, 21836, 100
2026/08/04 15:31:11.544, 21836, 84
2026/08/04 15:31:12.544, 21836, 100
2026/08/04 15:31:13.544, 21836, 100
2026/08/04 15:31:14.545, 21836, 100
2026/08/04 15:31:15.545, 21836, 100
2026/08/04 15:31:16.545, 21836, 100
2026/08/04 15:31:17.546, 21836, 82
2026/08/04 15:31:18.546, 21836, 100
2026/08/04 15:31:19.546, 21836, 100
2026/08/04 15:31:20.546, 21836, 100
2026/08/04 15:31:21.547, 21836, 100
2026/08/04 15:31:22.547, 21836, 100
2026/08/04 15:31:23.547, 21836, 100
2026/08/04 15:31:24.548, 21836, 100
2026/08/04 15:31:25.548, 21836, 100
2026/08/04 15:31:26.548, 21836, 100
2026/08/04 15:31:27.549, 21836, 100
2026/08/04 15:31:28.549, 21836, 100
2026/08/04 15:31:29.549, 21836, 100
2026/08/04 15:31:30.550, 21836, 100
2026/08/04 15:31:31.550, 21836, 100
2026/08/04 15:31:32.550, 21836, 100
2026/08/04 15:31:33.551, 21836, 100
2026/08/04 15:31:34.551, 21836, 100
2026/08/04 15:31:35.551, 21836, 100
2026/08/04 15:31:36.552, 21836, 100
2026/08/04 15:31:37.552, 21836, 100
2026/08/04 15:31:38.552, 21836, 100
2026/08/04 15:31:39.553, 21836, 100
2026/08/04 15:31:40.553, 21836, 100
2026/08/04 15:31:41.553, 21836, 100
2026/08/04 15:31:42.554, 21836, 100
2026/08/04 15:31:43.554, 21836, 80
2026/08/04 15:31:44.554, 21836, 100
2026/08/04 15:31:45.555, 21836, 100
2026/08/04 15:31:46.555, 21836, 100
2026/08/04 15:31:47.555, 21836, 100
2026/08/04 15:31:48.556, 21836, 100
2026/08/04 15:31:49.556, 21836, 100
2026/08/04 15:31:50.556, 21836, 81
2026/08/04 15:31:51.557, 21836, 100
2026/08/04 15:31:52.557, 21836, 100
2026/08/04 15:31:53.557, 21836, 100
2026/08/04 15:31:54.558, 21836, 100
2026/08/04 15:31:55.558, 21836, 100
2026/08/04 15:31:56.558, 21836, 100
2026/08/04 15:31:57.559, 21836, 100
2026/08/04 15:31:58.559, 21836, 100
2026/08/04 15:31:59.559, 21836, 100
2026/08/04 15:32:00.560, 21836, 100
2026/08/04 15:32:01.560, 21836, 100
2026/08/04 15:32:02.560, 21836, 100
2026/08/04 15:32:03.561, 21836, 100
2026/08/04 15:32:04.561, 21836, 84
2026/08/04 15:32:05.561, 21836, 81
2026/08/04 15:32:06.562, 21836, 100
2026/08/04 15:32:07.562, 21836, 100
2026/08/04 15:32:08.562, 21836, 100
2026/08/04 15:32:09.563, 21836, 100
2026/08/04 15:32:10.563, 21836, 100
2026/08/04 15:32:11.563, 21836, 100
2026/08/04 15:32:12.564, 21836, 100
2026/08/04 15:32:13.564, 21836, 100
2026/08/04 15:32:14.564, 21836, 83
2026/08/04 15:32:15.564, 21836, 100
2026/08/04 15:32:16.565, 21836, 100
2026/08/04 15:32:17.565, 21836, 100
2026/08/04 15:32:18.565, 21836, 100
2026/08/04 15:32:19.566, 21836, 100
2026/08/04 15:32:20.566, 21836, 69
2026/08/04 15:32:21.566, 21836, 100
2026/08/04 15:32:22.567, 21836, 100
2026/08/04 15:32:23.567, 21836, 100
2026/08/04 15:32:24.567, 21836, 100
2026/08/04 15:32:25.568, 21836, 100
2026/08/04 15:32:26.568, 21836, 100
2026/08/04 15:32:27.568, 21836, 100
2026/08/04 15:32:28.569, 21836, 100
2026/08/04 15:32:29.569, 21836, 100
2026/08/04 15:32:30.569, 21836, 83
2026/08/04 15:32:31.570, 21836, 100
2026/08/04 15:32:32.570, 21836, 100
2026/08/04 15:32:33.570, 21836, 100
2026/08/04 15:32:34.570, 21836, 100
2026/08/04 15:32:35.571, 21836, 100
2026/08/04 15:32:36.571, 21836, 100
2026/08/04 15:32:37.571, 21836, 100
2026/08/04 15:32:38.572, 21836, 100
2026/08/04 15:32:39.572, 21836, 100
2026/08/04 15:32:40.572, 21836, 100
2026/08/04 15:32:41.573, 21836, 100
2026/08/04 15:32:42.573, 21836, 100
2026/08/04 15:32:43.573, 21836, 100
2026/08/04 15:32:44.574, 21836, 100
2026/08/04 15:32:45.574, 21836, 83
2026/08/04 15:32:46.574, 21836, 100
2026/08/04 15:32:47.575, 21836, 100
2026/08/04 15:32:48.575, 21836, 100
2026/08/04 15:32:49.575, 21836, 100
2026/08/04 15:32:50.576, 21836, 100
2026/08/04 15:32:51.576, 21836, 100
2026/08/04 15:32:52.576, 21836, 100
2026/08/04 15:32:53.576, 21836, 100
2026/08/04 15:32:54.577, 21836, 100
2026/08/04 15:32:55.577, 21836, 100
2026/08/04 15:32:56.577, 21836, 100
2026/08/04 15:32:57.578, 21836, 100
2026/08/04 15:32:58.578, 21836, 82
2026/08/04 15:32:59.578, 21836, 100
2026/08/04 15:33:00.579, 21836, 100
2026/08/04 15:33:01.579, 21836, 100
2026/08/04 15:33:02.579, 21836, 100
2026/08/04 15:33:03.580, 21836, 100
2026/08/04 15:33:04.580, 21836, 100
2026/08/04 15:33:05.580, 21836, 83
2026/08/04 15:33:06.581, 21836, 96
2026/08/04 15:33:07.581, 21836, 100
2026/08/04 15:33:08.581, 21836, 100
2026/08/04 15:33:09.582, 21836, 100
2026/08/04 15:33:10.582, 21836, 79
2026/08/04 15:33:11.582, 21836, 100
2026/08/04 15:33:12.583, 21836, 100
2026/08/04 15:33:13.583, 21836, 100
2026/08/04 15:33:14.583, 21836, 100
2026/08/04 15:33:15.584, 21836, 100
2026/08/04 15:33:16.584, 21836, 100
2026/08/04 15:33:17.584, 21836, 100
2026/08/04 15:33:18.585, 21836, 100
2026/08/04 15:33:19.585, 21836, 100
2026/08/04 15:33:20.585, 21836, 100
2026/08/04 15:33:21.586, 21836, 100
2026/08/04 15:33:22.586, 21836, 100
2026/08/04 15:33:23.586, 21836, 100
2026/08/04 15:33:24.587, 21836, 100
2026/08/04 15:33:25.587, 21836, 100
2026/08/04 15:33:26.587, 21836, 100
2026/08/04 15:33:27.587, 21836, 100
2026/08/04 15:33:28.588, 21836, 100
2026/08/04 15:33:29.588, 21836, 83
2026/08/04 15:33:30.588, 21836, 68
2026/08/04 15:33:31.589, 21836, 82
2026/08/04 15:33:32.589, 21836, 100
2026/08/04 15:33:33.589, 21836, 100
2026/08/04 15:33:34.590, 21836, 100
2026/08/04 15:33:35.590, 21836, 100
2026/08/04 15:33:36.590, 21836, 100
2026/08/04 15:33:37.591, 21836, 100
2026/08/04 15:33:38.591, 21836, 100
2026/08/04 15:33:39.591, 21836, 100
2026/08/04 15:33:40.592, 21836, 83
2026/08/04 15:33:41.592, 21836, 100
2026/08/04 15:33:42.592, 21836, 100
2026/08/04 15:33:43.593, 21836, 100
2026/08/04 15:33:44.593, 21836, 100
2026/08/04 15:33:45.593, 21836, 100
2026/08/04 15:33:46.594, 21836, 82
2026/08/04 15:33:47.594, 21836, 73
2026/08/04 15:33:48.594, 21836, 100
2026/08/04 15:33:49.595, 21836, 100
2026/08/04 15:33:50.595, 21836, 100
2026/08/04 15:33:51.595, 21836, 100
2026/08/04 15:33:52.596, 21836, 100
2026/08/04 15:33:53.596, 21836, 100
2026/08/04 15:33:54.596, 21836, 84
2026/08/04 15:33:55.597, 21836, 100
2026/08/04 15:33:56.597, 21836, 100
2026/08/04 15:33:57.597, 21836, 100
2026/08/04 15:33:58.598, 21836, 100
2026/08/04 15:33:59.598, 21836, 100
2026/08/04 15:34:00.598, 21836, 100
2026/08/04 15:34:01.599, 21836, 100
2026/08/04 15:34:02.599, 21836, 100
2026/08/04 15:34:03.599, 21836, 100
2026/08/04 15:34:04.599, 21836, 100
2026/08/04 15:34:05.600, 21836, 100
2026/08/04 15:34:06.600, 21836, 100
2026/08/04 15:34:07.600, 21836, 100
2026/08/04 15:34:08.601, 21836, 94
2026/08/04 15:34:09.601, 21836, 98
2026/08/04 15:34:10.601, 21836, 100
2026/08/04 15:34:11.602, 21836, 100
2026/08/04 15:34:12.602, 21836, 100
2026/08/04 15:34:13.602, 21836, 100
2026/08/04 15:34:14.603, 21836, 100
2026/08/04 15:34:15.603, 21836, 100
2026/08/04 15:34:16.604, 21836, 100
2026/08/04 15:34:17.604, 21836, 100
2026/08/04 15:34:18.604, 21836, 100
2026/08/04 15:34:19.605, 21836, 100
2026/08/04 15:34:20.605, 21836, 96
2026/08/04 15:34:21.605, 21836, 100
2026/08/04 15:34:22.606, 21836, 100
2026/08/04 15:34:23.606, 21836, 100
2026/08/04 15:34:24.606, 21836, 100
2026/08/04 15:34:25.607, 21836, 100
2026/08/04 15:34:26.607, 21836, 84
2026/08/04 15:34:27.607, 21836, 100
2026/08/04 15:34:28.608, 21836, 100
2026/08/04 15:34:29.608, 21836, 100
2026/08/04 15:34:30.608, 21836, 84
2026/08/04 15:34:31.609, 21836, 100
2026/08/04 15:34:32.609, 21836, 100
2026/08/04 15:34:33.609, 21836, 100
2026/08/04 15:34:34.610, 21836, 100
2026/08/04 15:34:35.610, 21836, 100
2026/08/04 15:34:36.611, 21836, 100
2026/08/04 15:34:37.611, 21836, 85
2026/08/04 15:34:38.611, 21836, 100
2026/08/04 15:34:39.612, 21836, 100
2026/08/04 15:34:40.612, 21836, 100
2026/08/04 15:34:41.612, 21836, 100
2026/08/04 15:34:42.613, 21836, 100
2026/08/04 15:34:43.613, 21836, 100
2026/08/04 15:34:44.613, 21836, 100
2026/08/04 15:34:45.614, 21836, 100
2026/08/04 15:34:46.614, 21836, 100
2026/08/04 15:34:47.614, 21836, 100
2026/08/04 15:34:48.615, 21836, 100
2026/08/04 15:34:49.615, 21836, 78
2026/08/04 15:34:50.616, 21836, 85
2026/08/04 15:34:51.616, 21836, 100
2026/08/04 15:34:52.616, 21836, 100
2026/08/04 15:34:53.617, 21836, 100
2026/08/04 15:34:54.617, 21836, 94
2026/08/04 15:34:55.619, 21836, 97
2026/08/04 15:34:56.619, 21836, 100
2026/08/04 15:34:57.619, 21836, 100
2026/08/04 15:34:58.619, 21836, 100
2026/08/04 15:34:59.621, 21836, 100
2026/08/04 15:35:00.621, 21836, 100
2026/08/04 15:35:01.622, 21836, 100
2026/08/04 15:35:02.622, 21836, 100
2026/08/04 15:35:03.622, 21836, 100
2026/08/04 15:35:04.623, 21836, 100
2026/08/04 15:35:05.624, 21836, 100
2026/08/04 15:35:06.624, 21836, 91
2026/08/04 15:35:07.625, 21836, 100
2026/08/04 15:35:08.625, 21836, 100
2026/08/04 15:35:09.625, 21836, 100
2026/08/04 15:35:10.625, 21836, 83
2026/08/04 15:35:11.626, 21836, 100
2026/08/04 15:35:12.626, 21836, 100
2026/08/04 15:35:13.627, 21836, 100
2026/08/04 15:35:14.627, 21836, 100
2026/08/04 15:35:15.631, 21836, 100
2026/08/04 15:35:16.631, 21836, 100
2026/08/04 15:35:17.632, 21836, 100
2026/08/04 15:35:18.632, 21836, 100
2026/08/04 15:35:19.632, 21836, 100
2026/08/04 15:35:20.633, 21836, 83
2026/08/04 15:35:21.633, 21836, 100
2026/08/04 15:35:22.633, 21836, 100
2026/08/04 15:35:23.634, 21836, 98
2026/08/04 15:35:24.634, 21836, 100
2026/08/04 15:35:25.635, 21836, 100
2026/08/04 15:35:26.635, 21836, 100
2026/08/04 15:35:27.635, 21836, 100
2026/08/04 15:35:28.636, 21836, 100
2026/08/04 15:35:29.636, 21836, 100
2026/08/04 15:35:30.636, 21836, 100
2026/08/04 15:35:31.636, 21836, 100
2026/08/04 15:35:32.637, 21836, 100
2026/08/04 15:35:33.637, 21836, 100
2026/08/04 15:35:34.637, 21836, 100
2026/08/04 15:35:35.638, 21836, 100
2026/08/04 15:35:36.638, 21836, 100
2026/08/04 15:35:37.639, 21836, 100
2026/08/04 15:35:38.639, 21836, 100
2026/08/04 15:35:39.639, 21836, 100
2026/08/04 15:35:40.640, 21836, 100
2026/08/04 15:35:41.640, 21836, 100
2026/08/04 15:35:42.640, 21836, 100
2026/08/04 15:35:43.641, 21836, 100
2026/08/04 15:35:44.641, 21836, 100
2026/08/04 15:35:45.641, 21836, 100
2026/08/04 15:35:46.642, 21836, 100
2026/08/04 15:35:47.642, 21836, 100
2026/08/04 15:35:48.642, 21836, 83
2026/08/04 15:35:49.643, 21836, 100
2026/08/04 15:35:50.644, 21836, 100
2026/08/04 15:35:51.645, 21836, 100
2026/08/04 15:35:52.645, 21836, 100
2026/08/04 15:35:53.645, 21836, 97
2026/08/04 15:35:54.646, 21836, 100
2026/08/04 15:35:55.646, 21836, 100
2026/08/04 15:35:56.646, 21836, 100
2026/08/04 15:35:57.647, 21836, 100
2026/08/04 15:35:58.647, 21836, 99
2026/08/04 15:35:59.647, 21836, 100
2026/08/04 15:36:00.648, 21836, 100
2026/08/04 15:36:01.648, 21836, 100
2026/08/04 15:36:02.648, 21836, 100
2026/08/04 15:36:03.649, 21836, 100
2026/08/04 15:36:04.649, 21836, 100
2026/08/04 15:36:05.649, 21836, 100
2026/08/04 15:36:06.650, 21836, 100
2026/08/04 15:36:07.650, 21836, 86
2026/08/04 15:36:08.650, 21836, 100
2026/08/04 15:36:09.651, 21836, 100
2026/08/04 15:36:10.651, 21836, 100
2026/08/04 15:36:11.651, 21836, 95
2026/08/04 15:36:12.652, 21836, 100
2026/08/04 15:36:13.652, 21836, 100
2026/08/04 15:36:14.652, 21836, 84
2026/08/04 15:36:15.653, 21836, 86
2026/08/04 15:36:16.653, 21836, 100
2026/08/04 15:36:17.653, 21836, 100
2026/08/04 15:36:18.654, 21836, 100
2026/08/04 15:36:19.654, 21836, 100
2026/08/04 15:36:20.654, 21836, 100
2026/08/04 15:36:21.655, 21836, 83
2026/08/04 15:36:22.655, 21836, 100
2026/08/04 15:36:23.655, 21836, 100
2026/08/04 15:36:24.656, 21836, 100
2026/08/04 15:36:25.656, 21836, 100
2026/08/04 15:36:26.657, 21836, 100
2026/08/04 15:36:27.657, 21836, 100
2026/08/04 15:36:28.657, 21836, 100
2026/08/04 15:36:29.658, 21836, 100
2026/08/04 15:36:30.658, 21836, 100
2026/08/04 15:36:31.658, 21836, 100
2026/08/04 15:36:32.658, 21836, 82
2026/08/04 15:36:33.659, 21836, 84
2026/08/04 15:36:34.659, 21836, 85
2026/08/04 15:36:35.661, 21836, 100
2026/08/04 15:36:36.661, 21836, 100
2026/08/04 15:36:37.661, 21836, 100
2026/08/04 15:36:38.662, 21836, 100
2026/08/04 15:36:39.662, 21836, 100
2026/08/04 15:36:40.662, 21836, 94
2026/08/04 15:36:41.663, 21836, 81
2026/08/04 15:36:42.663, 21836, 100
2026/08/04 15:36:43.663, 21836, 100
2026/08/04 15:36:44.664, 21836, 100
2026/08/04 15:36:45.664, 21836, 100
2026/08/04 15:36:46.664, 21836, 69
2026/08/04 15:36:47.665, 21836, 100
2026/08/04 15:36:48.665, 21836, 100
2026/08/04 15:36:49.665, 21836, 83
2026/08/04 15:36:50.666, 21836, 100
2026/08/04 15:36:51.666, 21836, 100
2026/08/04 15:36:52.666, 21836, 100
2026/08/04 15:36:53.667, 21836, 85
2026/08/04 15:36:54.667, 21836, 100
2026/08/04 15:36:55.667, 21836, 100
2026/08/04 15:36:56.668, 21836, 100
2026/08/04 15:36:57.668, 21836, 100
2026/08/04 15:36:58.668, 21836, 100
2026/08/04 15:36:59.669, 21836, 68
2026/08/04 15:37:00.669, 21836, 100
2026/08/04 15:37:01.669, 21836, 83
2026/08/04 15:37:02.669, 21836, 100
2026/08/04 15:37:03.670, 21836, 100
2026/08/04 15:37:04.670, 21836, 100
2026/08/04 15:37:05.670, 21836, 96
2026/08/04 15:37:06.671, 21836, 100
2026/08/04 15:37:07.671, 21836, 100
2026/08/04 15:37:08.671, 21836, 100
2026/08/04 15:37:09.672, 21836, 82
2026/08/04 15:37:10.672, 21836, 100
2026/08/04 15:37:11.672, 21836, 100
2026/08/04 15:37:12.672, 21836, 100
2026/08/04 15:37:13.673, 21836, 100
2026/08/04 15:37:14.673, 21836, 100
2026/08/04 15:37:15.673, 21836, 100
2026/08/04 15:37:16.674, 21836, 100
2026/08/04 15:37:17.674, 21836, 85
2026/08/04 15:37:18.674, 21836, 100
2026/08/04 15:37:19.675, 21836, 100
2026/08/04 15:37:20.675, 21836, 100
2026/08/04 15:37:21.675, 21836, 100
2026/08/04 15:37:22.676, 21836, 100
2026/08/04 15:37:23.676, 21836, 100
2026/08/04 15:37:24.676, 21836, 100
2026/08/04 15:37:25.677, 21836, 100
2026/08/04 15:37:26.677, 21836, 100
2026/08/04 15:37:27.677, 21836, 100
2026/08/04 15:37:28.678, 21836, 100
2026/08/04 15:37:29.678, 21836, 100
2026/08/04 15:37:30.678, 21836, 100
2026/08/04 15:37:31.679, 21836, 85
2026/08/04 15:37:32.679, 21836, 100
2026/08/04 15:37:33.680, 21836, 100
2026/08/04 15:37:34.680, 21836, 82
2026/08/04 15:37:35.680, 21836, 100
2026/08/04 15:37:36.681, 21836, 85
2026/08/04 15:37:37.681, 21836, 100
2026/08/04 15:37:38.682, 21836, 100
2026/08/04 15:37:39.682, 21836, 100
2026/08/04 15:37:40.683, 21836, 100
2026/08/04 15:37:41.683, 21836, 84
2026/08/04 15:37:42.683, 21836, 100
2026/08/04 15:37:43.684, 21836, 100
2026/08/04 15:37:44.684, 21836, 100
2026/08/04 15:37:45.684, 21836, 81
2026/08/04 15:37:46.685, 21836, 100
2026/08/04 15:37:47.685, 21836, 100
2026/08/04 15:37:48.685, 21836, 100
2026/08/04 15:37:49.686, 21836, 100
2026/08/04 15:37:50.686, 21836, 100
2026/08/04 15:37:51.686, 21836, 100
2026/08/04 15:37:52.686, 21836, 100
2026/08/04 15:37:53.687, 21836, 100
2026/08/04 15:37:54.687, 21836, 100
2026/08/04 15:37:55.687, 21836, 100
2026/08/04 15:37:56.688, 21836, 100
2026/08/04 15:37:57.688, 21836, 100
2026/08/04 15:37:58.688, 21836, 100
2026/08/04 15:37:59.689, 21836, 100
2026/08/04 15:38:00.689, 21836, 100
2026/08/04 15:38:01.689, 21836, 100
2026/08/04 15:38:02.689, 21836, 100
2026/08/04 15:38:03.690, 21836, 100
2026/08/04 15:38:04.690, 21836, 100
2026/08/04 15:38:05.690, 21836, 100
2026/08/04 15:38:06.691, 21836, 100
2026/08/04 15:38:07.691, 21836, 100
2026/08/04 15:38:08.691, 21836, 100
2026/08/04 15:38:09.691, 21836, 100
2026/08/04 15:38:10.692, 21836, 100
2026/08/04 15:38:11.692, 21836, 100
2026/08/04 15:38:12.692, 21836, 100
2026/08/04 15:38:13.693, 21836, 100
2026/08/04 15:38:14.693, 21836, 100
2026/08/04 15:38:15.693, 21836, 100
2026/08/04 15:38:16.694, 21836, 100
2026/08/04 15:38:17.694, 21836, 100
2026/08/04 15:38:18.694, 21836, 100
2026/08/04 15:38:19.694, 21836, 100
2026/08/04 15:38:20.695, 21836, 100
2026/08/04 15:38:21.695, 21836, 84
2026/08/04 15:38:22.695, 21836, 100
2026/08/04 15:38:23.695, 21836, 100
2026/08/04 15:38:24.695, 21836, 100
2026/08/04 15:38:25.696, 21836, 84
2026/08/04 15:38:26.696, 21836, 80
2026/08/04 15:38:27.696, 21836, 100
2026/08/04 15:38:28.696, 21836, 100
2026/08/04 15:38:29.697, 21836, 100
2026/08/04 15:38:30.697, 21836, 100
2026/08/04 15:38:31.697, 21836, 100
2026/08/04 15:38:32.697, 21836, 100
2026/08/04 15:38:33.698, 21836, 85
2026/08/04 15:38:34.698, 21836, 84
2026/08/04 15:38:35.698, 21836, 100
2026/08/04 15:38:36.698, 21836, 100
2026/08/04 15:38:37.699, 21836, 100
2026/08/04 15:38:38.699, 21836, 100
2026/08/04 15:38:39.699, 21836, 100
2026/08/04 15:38:40.699, 21836, 90
2026/08/04 15:38:41.700, 21836, 100
2026/08/04 15:38:42.700, 21836, 77
2026/08/04 15:38:43.700, 21836, 100
2026/08/04 15:38:44.701, 21836, 100
2026/08/04 15:38:45.701, 21836, 100
2026/08/04 15:38:46.701, 21836, 100
2026/08/04 15:38:47.702, 21836, 100
2026/08/04 15:38:48.702, 21836, 100
2026/08/04 15:38:49.702, 21836, 82
2026/08/04 15:38:50.702, 21836, 100
2026/08/04 15:38:51.703, 21836, 84
2026/08/04 15:38:52.703, 21836, 81
2026/08/04 15:38:53.703, 21836, 100
2026/08/04 15:38:54.704, 21836, 100
2026/08/04 15:38:55.704, 21836, 100
2026/08/04 15:38:56.704, 21836, 100
2026/08/04 15:38:57.704, 21836, 100
2026/08/04 15:38:58.705, 21836, 100
2026/08/04 15:38:59.705, 21836, 100
2026/08/04 15:39:00.705, 21836, 100
2026/08/04 15:39:01.706, 21836, 85
2026/08/04 15:39:02.706, 21836, 71
2026/08/04 15:39:03.706, 21836, 85
2026/08/04 15:39:04.706, 21836, 71
2026/08/04 15:39:05.707, 21836, 100
2026/08/04 15:39:06.707, 21836, 100
2026/08/04 15:39:07.707, 21836, 100
2026/08/04 15:39:08.708, 21836, 100
2026/08/04 15:39:09.708, 21836, 100
2026/08/04 15:39:10.708, 21836, 100
2026/08/04 15:39:11.709, 21836, 100
2026/08/04 15:39:12.709, 21836, 85
2026/08/04 15:39:13.709, 21836, 100
2026/08/04 15:39:14.710, 21836, 100
2026/08/04 15:39:15.710, 21836, 100
2026/08/04 15:39:16.710, 21836, 100
2026/08/04 15:39:17.710, 21836, 100
2026/08/04 15:39:18.711, 21836, 100
2026/08/04 15:39:19.711, 21836, 100
2026/08/04 15:39:20.712, 21836, 100
2026/08/04 15:39:21.712, 21836, 100
2026/08/04 15:39:22.712, 21836, 100
2026/08/04 15:39:23.712, 21836, 97
2026/08/04 15:39:24.713, 21836, 100
2026/08/04 15:39:25.713, 21836, 100
2026/08/04 15:39:26.714, 21836, 100
2026/08/04 15:39:27.714, 21836, 98
2026/08/04 15:39:28.714, 21836, 100
2026/08/04 15:39:29.714, 21836, 100
2026/08/04 15:39:30.715, 21836, 100
2026/08/04 15:39:31.715, 21836, 100
2026/08/04 15:39:32.715, 21836, 100
2026/08/04 15:39:33.716, 21836, 100
2026/08/04 15:39:34.716, 21836, 85
2026/08/04 15:39:35.716, 21836, 100
2026/08/04 15:39:36.716, 21836, 82
2026/08/04 15:39:37.717, 21836, 100
2026/08/04 15:39:38.717, 21836, 93
2026/08/04 15:39:39.717, 21836, 83
2026/08/04 15:39:40.717, 21836, 95
2026/08/04 15:39:41.718, 21836, 100
2026/08/04 15:39:42.718, 21836, 100
2026/08/04 15:39:43.718, 21836, 100
2026/08/04 15:39:44.718, 21836, 100
2026/08/04 15:39:45.719, 21836, 100
2026/08/04 15:39:46.719, 21836, 76
2026/08/04 15:39:47.719, 21836, 96
2026/08/04 15:39:48.720, 21836, 100
2026/08/04 15:39:49.720, 21836, 100
2026/08/04 15:39:50.720, 21836, 100
2026/08/04 15:39:51.720, 21836, 70
2026/08/04 15:39:52.721, 21836, 100
2026/08/04 15:39:53.721, 21836, 100
2026/08/04 15:39:54.721, 21836, 100
2026/08/04 15:39:55.722, 21836, 93
2026/08/04 15:39:56.722, 21836, 85
2026/08/04 15:39:57.723, 21836, 100
2026/08/04 15:39:58.723, 21836, 100
2026/08/04 15:39:59.723, 21836, 100
2026/08/04 15:40:00.724, 21836, 100
2026/08/04 15:40:01.724, 21836, 100
2026/08/04 15:40:02.724, 21836, 100
2026/08/04 15:40:03.724, 21836, 100
2026/08/04 15:40:04.725, 21836, 100
2026/08/04 15:40:05.725, 21836, 100
2026/08/04 15:40:06.725, 21836, 100
2026/08/04 15:40:07.726, 21836, 100
2026/08/04 15:40:08.726, 21836, 100
2026/08/04 15:40:09.726, 21836, 100
2026/08/04 15:40:10.726, 21836, 100
2026/08/04 15:40:11.727, 21836, 100
2026/08/04 15:40:12.727, 21836, 100
2026/08/04 15:40:13.727, 21836, 100
2026/08/04 15:40:14.727, 21836, 100
2026/08/04 15:40:15.728, 21836, 100
2026/08/04 15:40:16.728, 21836, 100
2026/08/04 15:40:17.728, 21836, 100
2026/08/04 15:40:18.728, 21836, 100
2026/08/04 15:40:19.729, 21836, 100
2026/08/04 15:40:20.729, 21836, 83
2026/08/04 15:40:21.729, 21836, 100
2026/08/04 15:40:22.729, 21836, 100
2026/08/04 15:40:23.729, 21836, 100
2026/08/04 15:40:24.730, 21836, 100
2026/08/04 15:40:25.730, 21836, 100
2026/08/04 15:40:26.730, 21836, 100
2026/08/04 15:40:27.730, 21836, 100
2026/08/04 15:40:28.731, 21836, 72
2026/08/04 15:40:29.731, 21836, 100
2026/08/04 15:40:30.731, 21836, 69
2026/08/04 15:40:31.731, 21836, 100
2026/08/04 15:40:32.732, 21836, 100
2026/08/04 15:40:33.732, 21836, 100
2026/08/04 15:40:34.732, 21836, 100
2026/08/04 15:40:35.733, 21836, 100
2026/08/04 15:40:36.733, 21836, 100
2026/08/04 15:40:37.734, 21836, 100
2026/08/04 15:40:38.735, 21836, 100
2026/08/04 15:40:39.735, 21836, 94
2026/08/04 15:40:40.736, 21836, 100
2026/08/04 15:40:41.736, 21836, 100
2026/08/04 15:40:42.736, 21836, 100
2026/08/04 15:40:43.737, 21836, 100
2026/08/04 15:40:44.737, 21836, 100
2026/08/04 15:40:45.737, 21836, 100
2026/08/04 15:40:46.738, 21836, 100
2026/08/04 15:40:47.738, 21836, 100
2026/08/04 15:40:48.738, 21836, 83
2026/08/04 15:40:49.739, 21836, 81
2026/08/04 15:40:50.739, 21836, 100
2026/08/04 15:40:51.739, 21836, 100
2026/08/04 15:40:52.739, 21836, 100
2026/08/04 15:40:53.740, 21836, 83
2026/08/04 15:40:54.740, 21836, 100
2026/08/04 15:40:55.740, 21836, 100
2026/08/04 15:40:56.741, 21836, 100
2026/08/04 15:40:57.741, 21836, 100
2026/08/04 15:40:58.741, 21836, 100
2026/08/04 15:40:59.742, 21836, 100
2026/08/04 15:41:00.742, 21836, 100
2026/08/04 15:41:01.742, 21836, 100
2026/08/04 15:41:02.743, 21836, 100
2026/08/04 15:41:03.743, 21836, 100
2026/08/04 15:41:04.743, 21836, 100
2026/08/04 15:41:05.743, 21836, 100
2026/08/04 15:41:06.744, 21836, 100
2026/08/04 15:41:07.744, 21836, 100
2026/08/04 15:41:08.744, 21836, 100
2026/08/04 15:41:09.745, 21836, 100
2026/08/04 15:41:10.745, 21836, 79
2026/08/04 15:41:11.745, 21836, 84
2026/08/04 15:41:12.746, 21836, 100
2026/08/04 15:41:13.746, 21836, 66
2026/08/04 15:41:14.746, 21836, 100
2026/08/04 15:41:15.747, 21836, 100
2026/08/04 15:41:16.747, 21836, 100
2026/08/04 15:41:17.747, 21836, 100
2026/08/04 15:41:18.747, 21836, 100
2026/08/04 15:41:19.748, 21836, 100
2026/08/04 15:41:20.748, 21836, 100
2026/08/04 15:41:21.748, 21836, 100
2026/08/04 15:41:22.749, 21836, 100
2026/08/04 15:41:23.749, 21836, 100
2026/08/04 15:41:24.749, 21836, 100
2026/08/04 15:41:25.750, 21836, 100
2026/08/04 15:41:26.750, 21836, 100
2026/08/04 15:41:27.750, 21836, 100
2026/08/04 15:41:28.751, 21836, 100
2026/08/04 15:41:29.751, 21836, 100
2026/08/04 15:41:30.751, 21836, 100
2026/08/04 15:41:31.751, 21836, 100
2026/08/04 15:41:32.752, 21836, 100
2026/08/04 15:41:33.752, 21836, 100
2026/08/04 15:41:34.752, 21836, 100
2026/08/04 15:41:35.753, 21836, 100
2026/08/04 15:41:36.753, 21836, 100
2026/08/04 15:41:37.753, 21836, 100
2026/08/04 15:41:38.754, 21836, 100
2026/08/04 15:41:39.754, 21836, 100
2026/08/04 15:41:40.754, 21836, 100
2026/08/04 15:41:41.755, 21836, 100
2026/08/04 15:41:42.755, 21836, 100
2026/08/04 15:41:43.755, 21836, 100
2026/08/04 15:41:44.756, 21836, 83
2026/08/04 15:41:45.756, 21836, 100
2026/08/04 15:41:46.756, 21836, 100
2026/08/04 15:41:47.756, 21836, 77
2026/08/04 15:41:48.757, 21836, 100
2026/08/04 15:41:49.757, 21836, 100
2026/08/04 15:41:50.757, 21836, 100
2026/08/04 15:41:51.758, 21836, 100
2026/08/04 15:41:52.758, 21836, 100
2026/08/04 15:41:53.758, 21836, 100
2026/08/04 15:41:54.759, 21836, 83
2026/08/04 15:41:55.759, 21836, 100
2026/08/04 15:41:56.759, 21836, 100
2026/08/04 15:41:57.760, 21836, 100
2026/08/04 15:41:58.760, 21836, 100
2026/08/04 15:41:59.760, 21836, 100
2026/08/04 15:42:00.760, 21836, 72
2026/08/04 15:42:01.761, 21836, 100
2026/08/04 15:42:02.761, 21836, 83
2026/08/04 15:42:03.761, 21836, 83
2026/08/04 15:42:04.762, 21836, 100
2026/08/04 15:42:05.762, 21836, 100
2026/08/04 15:42:06.762, 21836, 100
2026/08/04 15:42:07.763, 21836, 100
2026/08/04 15:42:08.763, 21836, 100
2026/08/04 15:42:09.763, 21836, 100
2026/08/04 15:42:10.764, 21836, 100
2026/08/04 15:42:11.764, 21836, 100
2026/08/04 15:42:12.764, 21836, 100
2026/08/04 15:42:13.765, 21836, 100
2026/08/04 15:42:14.765, 21836, 100
2026/08/04 15:42:15.765, 21836, 100
2026/08/04 15:42:16.765, 21836, 100
2026/08/04 15:42:17.766, 21836, 100
2026/08/04 15:42:18.766, 21836, 100
2026/08/04 15:42:19.766, 21836, 100
2026/08/04 15:42:20.767, 21836, 100
2026/08/04 15:42:21.767, 21836, 100
2026/08/04 15:42:22.767, 21836, 100
2026/08/04 15:42:23.768, 21836, 100
2026/08/04 15:42:24.768, 21836, 100
2026/08/04 15:42:25.768, 21836, 100
2026/08/04 15:42:26.768, 21836, 100
2026/08/04 15:42:27.769, 21836, 100
2026/08/04 15:42:28.769, 21836, 100
2026/08/04 15:42:29.769, 21836, 100
2026/08/04 15:42:30.770, 21836, 100
2026/08/04 15:42:31.770, 21836, 100
2026/08/04 15:42:32.770, 21836, 100
2026/08/04 15:42:33.770, 21836, 100
2026/08/04 15:42:34.771, 21836, 100
2026/08/04 15:42:35.771, 21836, 70
2026/08/04 15:42:36.771, 21836, 100
2026/08/04 15:42:37.772, 21836, 84
2026/08/04 15:42:38.772, 21836, 100
2026/08/04 15:42:39.772, 21836, 100
2026/08/04 15:42:40.773, 21836, 100
2026/08/04 15:42:41.773, 21836, 100
2026/08/04 15:42:42.773, 21836, 100
2026/08/04 15:42:43.773, 21836, 100
2026/08/04 15:42:44.774, 21836, 100
2026/08/04 15:42:45.774, 21836, 100
2026/08/04 15:42:46.774, 21836, 100
2026/08/04 15:42:47.774, 21836, 100
2026/08/04 15:42:48.775, 21836, 100
2026/08/04 15:42:49.775, 21836, 100
2026/08/04 15:42:50.775, 21836, 88
2026/08/04 15:42:51.776, 21836, 100
2026/08/04 15:42:52.776, 21836, 100
2026/08/04 15:42:53.776, 21836, 100
2026/08/04 15:42:54.777, 21836, 100
2026/08/04 15:42:55.777, 21836, 81
2026/08/04 15:42:56.777, 21836, 85
2026/08/04 15:42:57.777, 21836, 100
2026/08/04 15:42:58.778, 21836, 100
2026/08/04 15:42:59.778, 21836, 100
2026/08/04 15:43:00.778, 21836, 100
2026/08/04 15:43:01.779, 21836, 100
2026/08/04 15:43:02.779, 21836, 100
2026/08/04 15:43:03.779, 21836, 94
2026/08/04 15:43:04.780, 21836, 100
2026/08/04 15:43:05.780, 21836, 100
2026/08/04 15:43:06.780, 21836, 83
2026/08/04 15:43:07.780, 21836, 100
2026/08/04 15:43:08.781, 21836, 100
2026/08/04 15:43:09.781, 21836, 100
2026/08/04 15:43:10.781, 21836, 100
2026/08/04 15:43:11.782, 21836, 100
2026/08/04 15:43:12.782, 21836, 100
2026/08/04 15:43:13.782, 21836, 85
2026/08/04 15:43:14.783, 21836, 100
2026/08/04 15:43:15.783, 21836, 100
2026/08/04 15:43:16.783, 21836, 100
2026/08/04 15:43:17.784, 21836, 100
2026/08/04 15:43:18.784, 21836, 100
2026/08/04 15:43:19.784, 21836, 100
2026/08/04 15:43:20.785, 21836, 84
2026/08/04 15:43:21.785, 21836, 96
2026/08/04 15:43:22.785, 21836, 100
2026/08/04 15:43:23.786, 21836, 100
2026/08/04 15:43:24.786, 21836, 100
2026/08/04 15:43:25.786, 21836, 100
2026/08/04 15:43:26.787, 21836, 100
2026/08/04 15:43:27.787, 21836, 100
2026/08/04 15:43:28.787, 21836, 100
2026/08/04 15:43:29.788, 21836, 100
2026/08/04 15:43:30.788, 21836, 100
2026/08/04 15:43:31.788, 21836, 100
2026/08/04 15:43:32.789, 21836, 100
2026/08/04 15:43:33.789, 21836, 100
2026/08/04 15:43:34.789, 21836, 100
2026/08/04 15:43:35.790, 21836, 100
2026/08/04 15:43:36.790, 21836, 100
2026/08/04 15:43:37.790, 21836, 100
2026/08/04 15:43:38.791, 21836, 100
2026/08/04 15:43:39.791, 21836, 100
2026/08/04 15:43:40.791, 21836, 100
2026/08/04 15:43:41.792, 21836, 100
2026/08/04 15:43:42.792, 21836, 100
2026/08/04 15:43:43.792, 21836, 100
2026/08/04 15:43:44.793, 21836, 100
2026/08/04 15:43:45.793, 21836, 100
2026/08/04 15:43:46.793, 21836, 96
2026/08/04 15:43:47.793, 21836, 100
2026/08/04 15:43:48.794, 21836, 100
2026/08/04 15:43:49.794, 21836, 83
2026/08/04 15:43:50.795, 21836, 100
2026/08/04 15:43:51.795, 21836, 100
2026/08/04 15:43:52.795, 21836, 90
2026/08/04 15:43:53.796, 21836, 100
2026/08/04 15:43:54.796, 21836, 99
2026/08/04 15:43:55.797, 21836, 100
2026/08/04 15:43:56.797, 21836, 100
2026/08/04 15:43:57.797, 21836, 100
2026/08/04 15:43:58.798, 21836, 100
2026/08/04 15:43:59.798, 21836, 100
2026/08/04 15:44:00.798, 21836, 100
2026/08/04 15:44:01.799, 21836, 100
2026/08/04 15:44:02.799, 21836, 100
2026/08/04 15:44:03.799, 21836, 90
2026/08/04 15:44:04.800, 21836, 100
2026/08/04 15:44:05.800, 21836, 100
2026/08/04 15:44:06.800, 21836, 100
2026/08/04 15:44:07.801, 21836, 100
2026/08/04 15:44:08.801, 21836, 100
2026/08/04 15:44:09.801, 21836, 100
2026/08/04 15:44:10.801, 21836, 84
2026/08/04 15:44:11.802, 21836, 100
2026/08/04 15:44:12.802, 21836, 100
2026/08/04 15:44:13.802, 21836, 100
2026/08/04 15:44:14.803, 21836, 100
2026/08/04 15:44:15.803, 21836, 100
2026/08/04 15:44:16.803, 21836, 100
2026/08/04 15:44:17.804, 21836, 100
2026/08/04 15:44:18.804, 21836, 100
2026/08/04 15:44:19.804, 21836, 100
2026/08/04 15:44:20.805, 21836, 100
2026/08/04 15:44:21.805, 21836, 100
2026/08/04 15:44:22.805, 21836, 100
2026/08/04 15:44:23.806, 21836, 100
2026/08/04 15:44:24.806, 21836, 94
2026/08/04 15:44:25.806, 21836, 100
2026/08/04 15:44:26.807, 21836, 100
2026/08/04 15:44:27.807, 21836, 100
2026/08/04 15:44:28.807, 21836, 88
2026/08/04 15:44:29.807, 21836, 100
2026/08/04 15:44:30.808, 21836, 100
2026/08/04 15:44:31.808, 21836, 100
2026/08/04 15:44:32.808, 21836, 100
2026/08/04 15:44:33.809, 21836, 100
2026/08/04 15:44:34.809, 21836, 100
2026/08/04 15:44:35.809, 21836, 84
2026/08/04 15:44:36.810, 21836, 79
2026/08/04 15:44:37.810, 21836, 100
2026/08/04 15:44:38.810, 21836, 100
2026/08/04 15:44:39.811, 21836, 100
2026/08/04 15:44:40.811, 21836, 81
2026/08/04 15:44:41.811, 21836, 100
2026/08/04 15:44:42.811, 21836, 100
2026/08/04 15:44:43.812, 21836, 100
2026/08/04 15:44:44.812, 21836, 100
2026/08/04 15:44:45.812, 21836, 100
2026/08/04 15:44:46.813, 21836, 100
2026/08/04 15:44:47.813, 21836, 100
2026/08/04 15:44:48.813, 21836, 100
2026/08/04 15:44:49.814, 21836, 100
2026/08/04 15:44:50.814, 21836, 100
2026/08/04 15:44:51.814, 21836, 100
2026/08/04 15:44:52.814, 21836, 100
2026/08/04 15:44:53.815, 21836, 100
2026/08/04 15:44:54.815, 21836, 100
2026/08/04 15:44:55.815, 21836, 70
2026/08/04 15:44:56.816, 21836, 100
2026/08/04 15:44:57.816, 21836, 100
2026/08/04 15:44:58.816, 21836, 100
2026/08/04 15:44:59.817, 21836, 100
2026/08/04 15:45:00.817, 21836, 100
2026/08/04 15:45:01.817, 21836, 100
2026/08/04 15:45:02.818, 21836, 100
2026/08/04 15:45:03.818, 21836, 93
2026/08/04 15:45:04.818, 21836, 100
2026/08/04 15:45:05.818, 21836, 100
2026/08/04 15:45:06.819, 21836, 100
2026/08/04 15:45:07.819, 21836, 100
2026/08/04 15:45:08.819, 21836, 100
2026/08/04 15:45:09.820, 21836, 100
2026/08/04 15:45:10.820, 21836, 100
2026/08/04 15:45:11.820, 21836, 100
2026/08/04 15:45:12.821, 21836, 100
2026/08/04 15:45:13.821, 21836, 100
2026/08/04 15:45:14.821, 21836, 100
2026/08/04 15:45:15.821, 21836, 84
2026/08/04 15:45:16.822, 21836, 100
2026/08/04 15:45:17.822, 21836, 100
2026/08/04 15:45:18.822, 21836, 100
2026/08/04 15:45:19.823, 21836, 100
2026/08/04 15:45:20.823, 21836, 100
2026/08/04 15:45:21.823, 21836, 100
2026/08/04 15:45:22.824, 21836, 86
2026/08/04 15:45:23.824, 21836, 84
2026/08/04 15:45:24.824, 21836, 97
2026/08/04 15:45:25.824, 21836, 84
2026/08/04 15:45:26.825, 21836, 100
2026/08/04 15:45:27.825, 21836, 100
2026/08/04 15:45:28.825, 21836, 100
2026/08/04 15:45:29.826, 21836, 71
2026/08/04 15:45:30.826, 21836, 100
2026/08/04 15:45:31.826, 21836, 100
2026/08/04 15:45:32.827, 21836, 100
2026/08/04 15:45:33.827, 21836, 83
2026/08/04 15:45:34.827, 21836, 100
2026/08/04 15:45:35.827, 21836, 100
2026/08/04 15:45:36.827, 21836, 100
2026/08/04 15:45:37.828, 21836, 100
2026/08/04 15:45:38.828, 21836, 100
2026/08/04 15:45:39.828, 21836, 100
2026/08/04 15:45:40.828, 21836, 100
2026/08/04 15:45:41.829, 21836, 83
2026/08/04 15:45:42.829, 21836, 100
2026/08/04 15:45:43.829, 21836, 100
2026/08/04 15:45:44.829, 21836, 100
2026/08/04 15:45:45.830, 21836, 100
2026/08/04 15:45:46.830, 21836, 81
2026/08/04 15:45:47.830, 21836, 83
2026/08/04 15:45:48.830, 21836, 100
2026/08/04 15:45:49.831, 21836, 100
2026/08/04 15:45:50.831, 21836, 100
2026/08/04 15:45:51.831, 21836, 100
2026/08/04 15:45:52.832, 21836, 100
2026/08/04 15:45:53.832, 21836, 100
2026/08/04 15:45:54.832, 21836, 100
2026/08/04 15:45:55.833, 21836, 100
2026/08/04 15:45:56.833, 21836, 100
2026/08/04 15:45:57.833, 21836, 100
2026/08/04 15:45:58.833, 21836, 100
2026/08/04 15:45:59.834, 21836, 100
2026/08/04 15:46:00.834, 21836, 94
2026/08/04 15:46:01.834, 21836, 100
2026/08/04 15:46:02.834, 21836, 100
2026/08/04 15:46:03.835, 21836, 100
2026/08/04 15:46:04.835, 21836, 100
2026/08/04 15:46:05.835, 21836, 100
2026/08/04 15:46:06.835, 21836, 100
2026/08/04 15:46:07.836, 21836, 100
2026/08/04 15:46:08.836, 21836, 100
2026/08/04 15:46:09.836, 21836, 100
2026/08/04 15:46:10.837, 21836, 100
2026/08/04 15:46:11.837, 21836, 100
2026/08/04 15:46:12.837, 21836, 100
2026/08/04 15:46:13.837, 21836, 100
2026/08/04 15:46:14.837, 21836, 100
2026/08/04 15:46:15.838, 21836, 100
2026/08/04 15:46:16.838, 21836, 100
2026/08/04 15:46:17.838, 21836, 100
2026/08/04 15:46:18.838, 21836, 72
2026/08/04 15:46:19.838, 21836, 85
2026/08/04 15:46:20.839, 21836, 100
2026/08/04 15:46:21.839, 21836, 100
2026/08/04 15:46:22.839, 21836, 100
2026/08/04 15:46:23.839, 21836, 100
2026/08/04 15:46:24.839, 21836, 100
2026/08/04 15:46:25.840, 21836, 100
2026/08/04 15:46:26.840, 21836, 100
2026/08/04 15:46:27.840, 21836, 100
2026/08/04 15:46:28.840, 21836, 100
2026/08/04 15:46:29.840, 21836, 100
2026/08/04 15:46:30.841, 21836, 100
2026/08/04 15:46:31.841, 21836, 100
2026/08/04 15:46:32.841, 21836, 100
2026/08/04 15:46:33.841, 21836, 100
2026/08/04 15:46:34.842, 21836, 100
2026/08/04 15:46:35.842, 21836, 100
2026/08/04 15:46:36.842, 21836, 67
2026/08/04 15:46:37.842, 21836, 98
2026/08/04 15:46:38.842, 21836, 100
2026/08/04 15:46:39.843, 21836, 100
2026/08/04 15:46:40.843, 21836, 83
2026/08/04 15:46:41.843, 21836, 100
2026/08/04 15:46:42.843, 21836, 100
2026/08/04 15:46:43.844, 21836, 100
2026/08/04 15:46:44.844, 21836, 100
2026/08/04 15:46:45.844, 21836, 100
2026/08/04 15:46:46.845, 21836, 100
2026/08/04 15:46:47.845, 21836, 100
2026/08/04 15:46:48.845, 21836, 100
2026/08/04 15:46:49.845, 21836, 100
2026/08/04 15:46:50.846, 21836, 100
2026/08/04 15:46:51.846, 21836, 100
2026/08/04 15:46:52.846, 21836, 100
2026/08/04 15:46:53.846, 21836, 100
2026/08/04 15:46:54.846, 21836, 82
2026/08/04 15:46:55.847, 21836, 100
2026/08/04 15:46:56.847, 21836, 100
2026/08/04 15:46:57.847, 21836, 100
2026/08/04 15:46:58.848, 21836, 100
2026/08/04 15:46:59.848, 21836, 82
2026/08/04 15:47:00.848, 21836, 100
2026/08/04 15:47:01.848, 21836, 100
2026/08/04 15:47:02.849, 21836, 82
2026/08/04 15:47:03.849, 21836, 95
2026/08/04 15:47:04.849, 21836, 100
2026/08/04 15:47:05.850, 21836, 100
2026/08/04 15:47:06.850, 21836, 100
2026/08/04 15:47:07.850, 21836, 66
2026/08/04 15:47:08.851, 21836, 100
2026/08/04 15:47:09.851, 21836, 100
2026/08/04 15:47:10.851, 21836, 100
2026/08/04 15:47:11.851, 21836, 100
2026/08/04 15:47:12.851, 21836, 100
2026/08/04 15:47:13.852, 21836, 100
2026/08/04 15:47:14.852, 21836, 100
2026/08/04 15:47:15.852, 21836, 100
2026/08/04 15:47:16.852, 21836, 100
2026/08/04 15:47:17.853, 21836, 100
2026/08/04 15:47:18.853, 21836, 100
2026/08/04 15:47:19.853, 21836, 100
2026/08/04 15:47:20.853, 21836, 100
2026/08/04 15:47:21.853, 21836, 100
2026/08/04 15:47:22.854, 21836, 100
2026/08/04 15:47:23.854, 21836, 100
2026/08/04 15:47:24.854, 21836, 100
2026/08/04 15:47:25.855, 21836, 87
2026/08/04 15:47:26.855, 21836, 100
2026/08/04 15:47:27.855, 21836, 100
2026/08/04 15:47:28.856, 21836, 100
2026/08/04 15:47:29.856, 21836, 100
2026/08/04 15:47:30.856, 21836, 87
2026/08/04 15:47:31.856, 21836, 100
2026/08/04 15:47:32.857, 21836, 100
2026/08/04 15:47:33.857, 21836, 100
2026/08/04 15:47:34.857, 21836, 100
2026/08/04 15:47:35.857, 21836, 100
2026/08/04 15:47:36.857, 21836, 100
2026/08/04 15:47:37.858, 21836, 83
2026/08/04 15:47:38.858, 21836, 82
2026/08/04 15:47:39.858, 21836, 81
2026/08/04 15:47:40.858, 21836, 100
2026/08/04 15:47:41.859, 21836, 100
2026/08/04 15:47:42.859, 21836, 100
2026/08/04 15:47:43.859, 21836, 100
2026/08/04 15:47:44.859, 21836, 100
2026/08/04 15:47:45.860, 21836, 100
2026/08/04 15:47:46.860, 21836, 100
2026/08/04 15:47:47.860, 21836, 100
2026/08/04 15:47:48.861, 21836, 100
2026/08/04 15:47:49.861, 21836, 100
2026/08/04 15:47:50.861, 21836, 87
2026/08/04 15:47:51.862, 21836, 81
2026/08/04 15:47:52.862, 21836, 100
2026/08/04 15:47:53.862, 21836, 71
2026/08/04 15:47:54.863, 21836, 100
2026/08/04 15:47:55.863, 21836, 100
2026/08/04 15:47:56.863, 21836, 81
2026/08/04 15:47:57.864, 21836, 100
2026/08/04 15:47:58.864, 21836, 100
2026/08/04 15:47:59.864, 21836, 100
2026/08/04 15:48:00.865, 21836, 100
2026/08/04 15:48:01.865, 21836, 100
2026/08/04 15:48:02.865, 21836, 100
2026/08/04 15:48:03.865, 21836, 100
2026/08/04 15:48:04.866, 21836, 99
2026/08/04 15:48:05.866, 21836, 100
2026/08/04 15:48:06.866, 21836, 100
2026/08/04 15:48:07.867, 21836, 100
2026/08/04 15:48:08.867, 21836, 100
2026/08/04 15:48:09.867, 21836, 100
2026/08/04 15:48:10.868, 21836, 100
2026/08/04 15:48:11.868, 21836, 100
2026/08/04 15:48:12.868, 21836, 100
2026/08/04 15:48:13.869, 21836, 100
2026/08/04 15:48:14.869, 21836, 100
2026/08/04 15:48:15.869, 21836, 100
2026/08/04 15:48:16.870, 21836, 100
2026/08/04 15:48:17.870, 21836, 70
2026/08/04 15:48:18.870, 21836, 100
2026/08/04 15:48:19.871, 21836, 77
2026/08/04 15:48:20.871, 21836, 100
2026/08/04 15:48:21.871, 21836, 100
2026/08/04 15:48:22.872, 21836, 100
2026/08/04 15:48:23.872, 21836, 100
2026/08/04 15:48:24.872, 21836, 100
2026/08/04 15:48:25.873, 21836, 100
2026/08/04 15:48:26.873, 21836, 100
2026/08/04 15:48:27.873, 21836, 100
2026/08/04 15:48:28.873, 21836, 100
2026/08/04 15:48:29.874, 21836, 100
2026/08/04 15:48:30.874, 21836, 100
2026/08/04 15:48:31.874, 21836, 100
2026/08/04 15:48:32.875, 21836, 100
2026/08/04 15:48:33.875, 21836, 100
2026/08/04 15:48:34.875, 21836, 100
2026/08/04 15:48:35.876, 21836, 100
2026/08/04 15:48:36.876, 21836, 100
2026/08/04 15:48:37.876, 21836, 100
2026/08/04 15:48:38.877, 21836, 100
2026/08/04 15:48:39.877, 21836, 100
2026/08/04 15:48:40.877, 21836, 100
2026/08/04 15:48:41.878, 21836, 100
2026/08/04 15:48:42.878, 21836, 100
2026/08/04 15:48:43.878, 21836, 100
2026/08/04 15:48:44.879, 21836, 100
2026/08/04 15:48:45.879, 21836, 100
2026/08/04 15:48:46.879, 21836, 100
2026/08/04 15:48:47.880, 21836, 100
2026/08/04 15:48:48.880, 21836, 100
2026/08/04 15:48:49.880, 21836, 100
2026/08/04 15:48:50.880, 21836, 82
2026/08/04 15:48:51.881, 21836, 83
2026/08/04 15:48:52.881, 21836, 100
2026/08/04 15:48:53.881, 21836, 100
2026/08/04 15:48:54.882, 21836, 100
2026/08/04 15:48:55.882, 21836, 100
2026/08/04 15:48:56.882, 21836, 100
2026/08/04 15:48:57.883, 21836, 100
2026/08/04 15:48:58.883, 21836, 77
2026/08/04 15:48:59.883, 21836, 100
2026/08/04 15:49:00.884, 21836, 100
2026/08/04 15:49:01.884, 21836, 100
2026/08/04 15:49:02.884, 21836, 84
2026/08/04 15:49:03.885, 21836, 83
2026/08/04 15:49:04.885, 21836, 100
2026/08/04 15:49:05.885, 21836, 100
2026/08/04 15:49:06.886, 21836, 100
2026/08/04 15:49:07.886, 21836, 100
2026/08/04 15:49:08.886, 21836, 100
2026/08/04 15:49:09.887, 21836, 100
2026/08/04 15:49:10.887, 21836, 100
2026/08/04 15:49:11.887, 21836, 85
2026/08/04 15:49:12.888, 21836, 100
2026/08/04 15:49:13.888, 21836, 100
2026/08/04 15:49:14.888, 21836, 100
2026/08/04 15:49:15.888, 21836, 100
2026/08/04 15:49:16.889, 21836, 100
2026/08/04 15:49:17.889, 21836, 100
2026/08/04 15:49:18.889, 21836, 100
2026/08/04 15:49:19.890, 21836, 100
2026/08/04 15:49:20.890, 21836, 100
2026/08/04 15:49:21.890, 21836, 100
2026/08/04 15:49:22.891, 21836, 100
2026/08/04 15:49:23.891, 21836, 100
2026/08/04 15:49:24.891, 21836, 72
2026/08/04 15:49:25.892, 21836, 100
2026/08/04 15:49:26.892, 21836, 100
2026/08/04 15:49:27.892, 21836, 100
2026/08/04 15:49:28.893, 21836, 100
2026/08/04 15:49:29.893, 21836, 100
2026/08/04 15:49:30.893, 21836, 100
2026/08/04 15:49:31.894, 21836, 100
2026/08/04 15:49:32.894, 21836, 100
2026/08/04 15:49:33.894, 21836, 84
2026/08/04 15:49:34.895, 21836, 100
2026/08/04 15:49:35.895, 21836, 100
2026/08/04 15:49:36.895, 21836, 100
2026/08/04 15:49:37.895, 21836, 100
2026/08/04 15:49:38.896, 21836, 100
2026/08/04 15:49:39.896, 21836, 100
2026/08/04 15:49:40.896, 21836, 84
2026/08/04 15:49:41.897, 21836, 100
2026/08/04 15:49:42.897, 21836, 100
2026/08/04 15:49:43.897, 21836, 100
2026/08/04 15:49:44.898, 21836, 100
2026/08/04 15:49:45.898, 21836, 100
2026/08/04 15:49:46.898, 21836, 100
2026/08/04 15:49:47.899, 21836, 100
2026/08/04 15:49:48.899, 21836, 100
2026/08/04 15:49:49.899, 21836, 100
2026/08/04 15:49:50.899, 21836, 100
2026/08/04 15:49:51.900, 21836, 94
2026/08/04 15:49:52.900, 21836, 100
2026/08/04 15:49:53.900, 21836, 100
2026/08/04 15:49:54.901, 21836, 82
2026/08/04 15:49:55.901, 21836, 100
2026/08/04 15:49:56.901, 21836, 100
2026/08/04 15:49:57.902, 21836, 100
2026/08/04 15:49:58.902, 21836, 100
2026/08/04 15:49:59.902, 21836, 83
2026/08/04 15:50:00.902, 21836, 100
2026/08/04 15:50:01.903, 21836, 100
2026/08/04 15:50:02.903, 21836, 100
2026/08/04 15:50:03.903, 21836, 98
2026/08/04 15:50:04.903, 21836, 100
2026/08/04 15:50:05.904, 21836, 100
2026/08/04 15:50:06.904, 21836, 100
2026/08/04 15:50:07.904, 21836, 100
2026/08/04 15:50:08.904, 21836, 84
2026/08/04 15:50:09.905, 21836, 100
2026/08/04 15:50:10.905, 21836, 100
2026/08/04 15:50:11.905, 21836, 100
2026/08/04 15:50:12.906, 21836, 100
2026/08/04 15:50:13.906, 21836, 100
2026/08/04 15:50:14.906, 21836, 100
2026/08/04 15:50:15.906, 21836, 84
2026/08/04 15:50:16.907, 21836, 100
2026/08/04 15:50:17.907, 21836, 100
2026/08/04 15:50:18.907, 21836, 92
2026/08/04 15:50:19.908, 21836, 100
2026/08/04 15:50:20.908, 21836, 100
2026/08/04 15:50:21.908, 21836, 100
2026/08/04 15:50:22.909, 21836, 99
2026/08/04 15:50:23.909, 21836, 100
2026/08/04 15:50:24.909, 21836, 100
2026/08/04 15:50:25.909, 21836, 100
2026/08/04 15:50:26.910, 21836, 100
2026/08/04 15:50:27.910, 21836, 100
2026/08/04 15:50:28.910, 21836, 100
2026/08/04 15:50:29.911, 21836, 83
2026/08/04 15:50:30.911, 21836, 90
2026/08/04 15:50:31.911, 21836, 100
2026/08/04 15:50:32.912, 21836, 100
2026/08/04 15:50:33.912, 21836, 100
2026/08/04 15:50:34.912, 21836, 67
2026/08/04 15:50:35.913, 21836, 100
2026/08/04 15:50:36.913, 21836, 100
2026/08/04 15:50:37.913, 21836, 100
2026/08/04 15:50:38.914, 21836, 100
2026/08/04 15:50:39.914, 21836, 84
2026/08/04 15:50:40.914, 21836, 100
2026/08/04 15:50:41.914, 21836, 100
2026/08/04 15:50:42.915, 21836, 88
2026/08/04 15:50:43.915, 21836, 100
2026/08/04 15:50:44.915, 21836, 100
2026/08/04 15:50:45.916, 21836, 100
2026/08/04 15:50:46.916, 21836, 100
2026/08/04 15:50:47.916, 21836, 100
2026/08/04 15:50:48.917, 21836, 100
2026/08/04 15:50:49.917, 21836, 100
2026/08/04 15:50:50.917, 21836, 100
2026/08/04 15:50:51.917, 21836, 100
2026/08/04 15:50:52.918, 21836, 84
2026/08/04 15:50:53.918, 21836, 100
2026/08/04 15:50:54.918, 21836, 100
2026/08/04 15:50:55.919, 21836, 70
2026/08/04 15:50:56.919, 21836, 84
2026/08/04 15:50:57.919, 21836, 100
2026/08/04 15:50:58.920, 21836, 100
2026/08/04 15:50:59.920, 21836, 100
2026/08/04 15:51:00.920, 21836, 100
2026/08/04 15:51:01.920, 21836, 100
2026/08/04 15:51:02.921, 21836, 100
2026/08/04 15:51:03.921, 21836, 100
2026/08/04 15:51:04.921, 21836, 100
2026/08/04 15:51:05.922, 21836, 100
2026/08/04 15:51:06.922, 21836, 100
2026/08/04 15:51:07.922, 21836, 100
2026/08/04 15:51:08.923, 21836, 100
2026/08/04 15:51:09.923, 21836, 100
2026/08/04 15:51:10.923, 21836, 100
2026/08/04 15:51:11.923, 21836, 100
2026/08/04 15:51:12.924, 21836, 73
2026/08/04 15:51:13.924, 21836, 100
2026/08/04 15:51:14.924, 21836, 100
2026/08/04 15:51:15.925, 21836, 100
2026/08/04 15:51:16.925, 21836, 100
2026/08/04 15:51:17.925, 21836, 100
2026/08/04 15:51:18.926, 21836, 82
2026/08/04 15:51:19.926, 21836, 82
2026/08/04 15:51:20.926, 21836, 100
2026/08/04 15:51:21.926, 21836, 100
2026/08/04 15:51:22.927, 21836, 83
2026/08/04 15:51:23.927, 21836, 100
2026/08/04 15:51:24.927, 21836, 100
2026/08/04 15:51:25.928, 21836, 84
2026/08/04 15:51:26.928, 21836, 70
2026/08/04 15:51:27.928, 21836, 100
2026/08/04 15:51:28.929, 21836, 100
2026/08/04 15:51:29.929, 21836, 100
2026/08/04 15:51:30.929, 21836, 100
2026/08/04 15:51:31.929, 21836, 100
2026/08/04 15:51:32.930, 21836, 100
2026/08/04 15:51:33.930, 21836, 86
2026/08/04 15:51:34.930, 21836, 100
2026/08/04 15:51:35.931, 21836, 100
2026/08/04 15:51:36.931, 21836, 100
2026/08/04 15:51:37.931, 21836, 100
2026/08/04 15:51:38.933, 21836, 100
2026/08/04 15:51:39.934, 21836, 100
2026/08/04 15:51:40.936, 21836, 100
2026/08/04 15:51:41.937, 21836, 100
2026/08/04 15:51:42.938, 21836, 100
2026/08/04 15:51:43.939, 21836, 70
2026/08/04 15:51:44.940, 21836, 100
2026/08/04 15:51:45.942, 21836, 100
2026/08/04 15:51:46.943, 21836, 100
2026/08/04 15:51:47.945, 21836, 85
2026/08/04 15:51:48.946, 21836, 100
2026/08/04 15:51:49.948, 21836, 100
2026/08/04 15:51:50.948, 21836, 100
2026/08/04 15:51:51.950, 21836, 100
2026/08/04 15:51:52.951, 21836, 100
2026/08/04 15:51:53.953, 21836, 100
2026/08/04 15:51:54.953, 21836, 100
2026/08/04 15:51:55.955, 21836, 92
2026/08/04 15:51:56.956, 21836, 86
2026/08/04 15:51:57.958, 21836, 100
2026/08/04 15:51:58.959, 21836, 100
2026/08/04 15:51:59.961, 21836, 100
2026/08/04 15:52:00.962, 21836, 100
2026/08/04 15:52:01.964, 21836, 100
2026/08/04 15:52:02.965, 21836, 100
2026/08/04 15:52:03.967, 21836, 100
2026/08/04 15:52:04.968, 21836, 100
2026/08/04 15:52:05.970, 21836, 99
2026/08/04 15:52:06.971, 21836, 73
2026/08/04 15:52:07.972, 21836, 100
2026/08/04 15:52:08.974, 21836, 100
2026/08/04 15:52:09.974, 21836, 100
2026/08/04 15:52:10.976, 21836, 100
2026/08/04 15:52:11.977, 21836, 84
2026/08/04 15:52:12.979, 21836, 100
2026/08/04 15:52:13.980, 21836, 100
2026/08/04 15:52:14.982, 21836, 100
2026/08/04 15:52:15.983, 21836, 100
2026/08/04 15:52:16.984, 21836, 100
2026/08/04 15:52:17.986, 21836, 100
2026/08/04 15:52:18.987, 21836, 86
2026/08/04 15:52:19.988, 21836, 85
2026/08/04 15:52:20.990, 21836, 100
2026/08/04 15:52:21.991, 21836, 100
2026/08/04 15:52:22.992, 21836, 100
2026/08/04 15:52:23.994, 21836, 100
2026/08/04 15:52:24.995, 21836, 83
2026/08/04 15:52:25.997, 21836, 100
2026/08/04 15:52:26.998, 21836, 85
2026/08/04 15:52:27.999, 21836, 100
2026/08/04 15:52:29.000, 21836, 100
2026/08/04 15:52:30.001, 21836, 100
2026/08/04 15:52:31.003, 21836, 100
2026/08/04 15:52:32.004, 21836, 100
2026/08/04 15:52:33.005, 21836, 100
2026/08/04 15:52:34.007, 21836, 100
2026/08/04 15:52:35.008, 21836, 100
2026/08/04 15:52:36.009, 21836, 97
2026/08/04 15:52:37.011, 21836, 100
2026/08/04 15:52:38.012, 21836, 100
2026/08/04 15:52:39.014, 21836, 76
2026/08/04 15:52:40.015, 21836, 100
2026/08/04 15:52:41.016, 21836, 100
2026/08/04 15:52:42.018, 21836, 100
2026/08/04 15:52:43.019, 21836, 100
2026/08/04 15:52:44.021, 21836, 100
2026/08/04 15:52:45.022, 21836, 100
2026/08/04 15:52:46.023, 21836, 100
2026/08/04 15:52:47.023, 21836, 100
2026/08/04 15:52:48.025, 21836, 100
2026/08/04 15:52:49.026, 21836, 100
2026/08/04 15:52:50.026, 21836, 100
2026/08/04 15:52:51.028, 21836, 80
2026/08/04 15:52:52.029, 21836, 100
2026/08/04 15:52:53.031, 21836, 83
2026/08/04 15:52:54.032, 21836, 100
2026/08/04 15:52:55.033, 21836, 100
2026/08/04 15:52:56.035, 21836, 100
2026/08/04 15:52:57.036, 21836, 100
2026/08/04 15:52:58.038, 21836, 100
2026/08/04 15:52:59.039, 21836, 100
2026/08/04 15:53:00.041, 21836, 100
2026/08/04 15:53:01.042, 21836, 87
2026/08/04 15:53:02.043, 21836, 94
2026/08/04 15:53:03.045, 21836, 100
2026/08/04 15:53:04.046, 21836, 100
2026/08/04 15:53:05.048, 21836, 100
2026/08/04 15:53:06.049, 21836, 100
2026/08/04 15:53:07.050, 21836, 85
2026/08/04 15:53:08.052, 21836, 97
2026/08/04 15:53:09.053, 21836, 100
2026/08/04 15:53:10.055, 21836, 100
2026/08/04 15:53:11.056, 21836, 34
2026/08/04 15:53:12.057, 21836, 6
2026/08/04 15:53:13.059, 21836, 83
2026/08/04 15:53:14.060, 21836, 85
2026/08/04 15:53:15.062, 21836, 100
2026/08/04 15:53:16.063, 21836, 100
2026/08/04 15:53:17.064, 21836, 100
2026/08/04 15:53:18.065, 21836, 100
2026/08/04 15:53:19.066, 21836, 100
2026/08/04 15:53:20.068, 21836, 100
2026/08/04 15:53:21.069, 21836, 100
2026/08/04 15:53:22.071, 21836, 100
2026/08/04 15:53:23.072, 21836, 100
2026/08/04 15:53:24.073, 21836, 100
2026/08/04 15:53:25.075, 21836, 100
2026/08/04 15:53:26.076, 21836, 100
2026/08/04 15:53:27.078, 21836, 100
2026/08/04 15:53:28.079, 21836, 100
2026/08/04 15:53:29.080, 21836, 100
2026/08/04 15:53:30.082, 21836, 100
2026/08/04 15:53:31.083, 21836, 100
2026/08/04 15:53:32.085, 21836, 100
2026/08/04 15:53:33.086, 21836, 100
2026/08/04 15:53:34.087, 21836, 87
2026/08/04 15:53:35.089, 21836, 100
2026/08/04 15:53:36.090, 21836, 100
2026/08/04 15:53:37.092, 21836, 100
2026/08/04 15:53:38.093, 21836, 100
2026/08/04 15:53:39.094, 21836, 100
2026/08/04 15:53:40.096, 21836, 86
2026/08/04 15:53:41.097, 21836, 100
2026/08/04 15:53:42.098, 21836, 100
2026/08/04 15:53:43.100, 21836, 100
2026/08/04 15:53:44.101, 21836, 100
2026/08/04 15:53:45.103, 21836, 100
2026/08/04 15:53:46.104, 21836, 100
2026/08/04 15:53:47.105, 21836, 100
2026/08/04 15:53:48.107, 21836, 100
2026/08/04 15:53:49.108, 21836, 100
2026/08/04 15:53:50.110, 21836, 100
2026/08/04 15:53:51.111, 21836, 82
2026/08/04 15:53:52.112, 21836, 100
2026/08/04 15:53:53.114, 21836, 100
2026/08/04 15:53:54.115, 21836, 100
2026/08/04 15:53:55.117, 21836, 100
2026/08/04 15:53:56.118, 21836, 100
2026/08/04 15:53:57.119, 21836, 85
2026/08/04 15:53:58.121, 21836, 93
2026/08/04 15:53:59.122, 21836, 100
2026/08/04 15:54:00.124, 21836, 97
2026/08/04 15:54:01.125, 21836, 100
2026/08/04 15:54:02.125, 21836, 84
2026/08/04 15:54:03.126, 21836, 100
2026/08/04 15:54:04.126, 21836, 100
2026/08/04 15:54:05.127, 21836, 100
2026/08/04 15:54:06.127, 21836, 100
2026/08/04 15:54:07.128, 21836, 92
2026/08/04 15:54:08.128, 21836, 100
2026/08/04 15:54:09.130, 21836, 71
2026/08/04 15:54:10.131, 21836, 100
2026/08/04 15:54:11.132, 21836, 100
2026/08/04 15:54:12.133, 21836, 100
2026/08/04 15:54:13.134, 21836, 69
2026/08/04 15:54:14.136, 21836, 100
2026/08/04 15:54:15.137, 21836, 100
2026/08/04 15:54:16.138, 21836, 100
2026/08/04 15:54:17.140, 21836, 85
2026/08/04 15:54:18.141, 21836, 100
2026/08/04 15:54:19.142, 21836, 100
2026/08/04 15:54:20.144, 21836, 100
2026/08/04 15:54:21.145, 21836, 100
2026/08/04 15:54:22.147, 21836, 100
2026/08/04 15:54:23.148, 21836, 100
2026/08/04 15:54:24.149, 21836, 100
2026/08/04 15:54:25.151, 21836, 100
2026/08/04 15:54:26.152, 21836, 100
2026/08/04 15:54:27.153, 21836, 83
2026/08/04 15:54:28.155, 21836, 100
2026/08/04 15:54:29.156, 21836, 100
2026/08/04 15:54:30.157, 21836, 100
2026/08/04 15:54:31.159, 21836, 100
2026/08/04 15:54:32.160, 21836, 100
2026/08/04 15:54:33.162, 21836, 100
2026/08/04 15:54:34.163, 21836, 100
2026/08/04 15:54:35.165, 21836, 100
2026/08/04 15:54:36.166, 21836, 100
2026/08/04 15:54:37.167, 21836, 82
2026/08/04 15:54:38.169, 21836, 100
2026/08/04 15:54:39.170, 21836, 100
2026/08/04 15:54:40.171, 21836, 100
2026/08/04 15:54:41.173, 21836, 100
2026/08/04 15:54:42.174, 21836, 100
2026/08/04 15:54:43.175, 21836, 100
2026/08/04 15:54:44.177, 21836, 100
2026/08/04 15:54:45.178, 21836, 100
2026/08/04 15:54:46.180, 21836, 100
2026/08/04 15:54:47.181, 21836, 100
2026/08/04 15:54:48.182, 21836, 100
2026/08/04 15:54:49.184, 21836, 100
2026/08/04 15:54:50.184, 21836, 82
2026/08/04 15:54:51.185, 21836, 100
2026/08/04 15:54:52.186, 21836, 100
2026/08/04 15:54:53.187, 21836, 100
2026/08/04 15:54:54.189, 21836, 100
2026/08/04 15:54:55.190, 21836, 100
2026/08/04 15:54:56.192, 21836, 100
2026/08/04 15:54:57.192, 21836, 100
2026/08/04 15:54:58.192, 21836, 100
2026/08/04 15:54:59.194, 21836, 83
2026/08/04 15:55:00.195, 21836, 100
2026/08/04 15:55:01.197, 21836, 100
2026/08/04 15:55:02.198, 21836, 100
2026/08/04 15:55:03.199, 21836, 100
2026/08/04 15:55:04.201, 21836, 100
2026/08/04 15:55:05.202, 21836, 100
2026/08/04 15:55:06.204, 21836, 84
2026/08/04 15:55:07.204, 21836, 71
2026/08/04 15:55:08.205, 21836, 100
2026/08/04 15:55:09.207, 21836, 100
2026/08/04 15:55:10.208, 21836, 100
2026/08/04 15:55:11.209, 21836, 100
2026/08/04 15:55:12.211, 21836, 100
2026/08/04 15:55:13.212, 21836, 100
2026/08/04 15:55:14.213, 21836, 100
2026/08/04 15:55:15.215, 21836, 100
2026/08/04 15:55:16.216, 21836, 82
2026/08/04 15:55:17.218, 21836, 100
2026/08/04 15:55:18.219, 21836, 88
2026/08/04 15:55:19.220, 21836, 100
2026/08/04 15:55:20.222, 21836, 100
2026/08/04 15:55:21.223, 21836, 100
2026/08/04 15:55:22.224, 21836, 100
2026/08/04 15:55:23.226, 21836, 100
2026/08/04 15:55:24.227, 21836, 100
2026/08/04 15:55:25.229, 21836, 100
2026/08/04 15:55:26.230, 21836, 100
2026/08/04 15:55:27.231, 21836, 100
2026/08/04 15:55:28.233, 21836, 96
2026/08/04 15:55:29.234, 21836, 100
2026/08/04 15:55:30.235, 21836, 100
2026/08/04 15:55:31.237, 21836, 100
2026/08/04 15:55:32.238, 21836, 83
2026/08/04 15:55:33.240, 21836, 100
2026/08/04 15:55:34.241, 21836, 100
2026/08/04 15:55:35.242, 21836, 100
2026/08/04 15:55:36.244, 21836, 100
2026/08/04 15:55:37.245, 21836, 100
2026/08/04 15:55:38.246, 21836, 100
2026/08/04 15:55:39.248, 21836, 100
2026/08/04 15:55:40.249, 21836, 82
2026/08/04 15:55:41.250, 21836, 100
2026/08/04 15:55:42.252, 21836, 100
2026/08/04 15:55:43.254, 21836, 100
2026/08/04 15:55:44.254, 21836, 100
2026/08/04 15:55:45.255, 21836, 100
2026/08/04 15:55:46.257, 21836, 100
2026/08/04 15:55:47.258, 21836, 100
2026/08/04 15:55:48.259, 21836, 100
2026/08/04 15:55:49.260, 21836, 100
2026/08/04 15:55:50.261, 21836, 100
2026/08/04 15:55:51.262, 21836, 100
2026/08/04 15:55:52.264, 21836, 100
2026/08/04 15:55:53.264, 21836, 66
2026/08/04 15:55:54.264, 21836, 84
2026/08/04 15:55:55.266, 21836, 100
2026/08/04 15:55:56.266, 21836, 100
2026/08/04 15:55:57.269, 21836, 100
2026/08/04 15:55:58.269, 21836, 100
2026/08/04 15:55:59.271, 21836, 100
2026/08/04 15:56:00.272, 21836, 100
2026/08/04 15:56:01.273, 21836, 100
2026/08/04 15:56:02.275, 21836, 79
2026/08/04 15:56:03.276, 21836, 80
2026/08/04 15:56:04.277, 21836, 100
2026/08/04 15:56:05.279, 21836, 100
2026/08/04 15:56:06.280, 21836, 100
2026/08/04 15:56:07.283, 21836, 100
2026/08/04 15:56:08.284, 21836, 100
2026/08/04 15:56:09.286, 21836, 100
2026/08/04 15:56:10.287, 21836, 100
2026/08/04 15:56:11.287, 21836, 100
2026/08/04 15:56:12.289, 21836, 100
2026/08/04 15:56:13.290, 21836, 100
2026/08/04 15:56:14.291, 21836, 100
2026/08/04 15:56:15.293, 21836, 100
2026/08/04 15:56:16.294, 21836, 100
2026/08/04 15:56:17.295, 21836, 100
2026/08/04 15:56:18.296, 21836, 96
2026/08/04 15:56:19.298, 21836, 100
2026/08/04 15:56:20.299, 21836, 100
2026/08/04 15:56:21.301, 21836, 100
2026/08/04 15:56:22.302, 21836, 100
2026/08/04 15:56:23.303, 21836, 100
2026/08/04 15:56:24.304, 21836, 100
2026/08/04 15:56:25.305, 21836, 100
2026/08/04 15:56:26.306, 21836, 100
2026/08/04 15:56:27.308, 21836, 100
2026/08/04 15:56:28.308, 21836, 100
2026/08/04 15:56:29.309, 21836, 100
2026/08/04 15:56:30.310, 21836, 100
2026/08/04 15:56:31.310, 21836, 100
2026/08/04 15:56:32.311, 21836, 100
2026/08/04 15:56:33.313, 21836, 100
2026/08/04 15:56:34.314, 21836, 100
2026/08/04 15:56:35.316, 21836, 71
2026/08/04 15:56:36.316, 21836, 84
2026/08/04 15:56:37.317, 21836, 100
2026/08/04 15:56:38.319, 21836, 100
2026/08/04 15:56:39.320, 21836, 100
2026/08/04 15:56:40.321, 21836, 100
2026/08/04 15:56:41.323, 21836, 84
2026/08/04 15:56:42.324, 21836, 100
2026/08/04 15:56:43.324, 21836, 100
2026/08/04 15:56:44.326, 21836, 100
2026/08/04 15:56:45.327, 21836, 100
2026/08/04 15:56:46.328, 21836, 100
2026/08/04 15:56:47.330, 21836, 100
2026/08/04 15:56:48.331, 21836, 100
2026/08/04 15:56:49.331, 21836, 83
2026/08/04 15:56:50.333, 21836, 100
2026/08/04 15:56:51.334, 21836, 100
2026/08/04 15:56:52.336, 21836, 100
2026/08/04 15:56:53.336, 21836, 100
2026/08/04 15:56:54.338, 21836, 100
2026/08/04 15:56:55.340, 21836, 100
2026/08/04 15:56:56.341, 21836, 100
2026/08/04 15:56:57.342, 21836, 83
2026/08/04 15:56:58.343, 21836, 100
2026/08/04 15:56:59.344, 21836, 100
2026/08/04 15:57:00.344, 21836, 100
2026/08/04 15:57:01.345, 21836, 84
2026/08/04 15:57:02.345, 21836, 100
2026/08/04 15:57:03.345, 21836, 100
2026/08/04 15:57:04.346, 21836, 100
2026/08/04 15:57:05.346, 21836, 100
2026/08/04 15:57:06.346, 21836, 100
2026/08/04 15:57:07.347, 21836, 100
2026/08/04 15:57:08.347, 21836, 100
2026/08/04 15:57:09.348, 21836, 97
2026/08/04 15:57:10.348, 21836, 62
2026/08/04 15:57:11.350, 21836, 100
2026/08/04 15:57:12.350, 21836, 100
2026/08/04 15:57:13.350, 21836, 66
2026/08/04 15:57:14.351, 21836, 84
2026/08/04 15:57:15.351, 21836, 100
2026/08/04 15:57:16.351, 21836, 100
2026/08/04 15:57:17.352, 21836, 100
2026/08/04 15:57:18.352, 21836, 100
2026/08/04 15:57:19.352, 21836, 100
2026/08/04 15:57:20.353, 21836, 100
2026/08/04 15:57:21.353, 21836, 100
2026/08/04 15:57:22.353, 21836, 100
2026/08/04 15:57:23.354, 21836, 100
2026/08/04 15:57:24.354, 21836, 100
2026/08/04 15:57:25.355, 21836, 100
2026/08/04 15:57:26.356, 21836, 100
2026/08/04 15:57:27.356, 21836, 100
2026/08/04 15:57:28.357, 21836, 100
2026/08/04 15:57:29.357, 21836, 100
2026/08/04 15:57:30.357, 21836, 100
2026/08/04 15:57:31.358, 21836, 100
2026/08/04 15:57:32.358, 21836, 100
2026/08/04 15:57:33.358, 21836, 100
2026/08/04 15:57:34.359, 21836, 100
2026/08/04 15:57:35.359, 21836, 95
2026/08/04 15:57:36.359, 21836, 83
2026/08/04 15:57:37.360, 21836, 72
2026/08/04 15:57:38.360, 21836, 100
2026/08/04 15:57:39.360, 21836, 100
2026/08/04 15:57:40.360, 21836, 100
2026/08/04 15:57:41.361, 21836, 100
2026/08/04 15:57:42.361, 21836, 100
2026/08/04 15:57:43.361, 21836, 100
2026/08/04 15:57:44.362, 21836, 100
2026/08/04 15:57:45.362, 21836, 69
2026/08/04 15:57:46.362, 21836, 100
2026/08/04 15:57:47.363, 21836, 85
2026/08/04 15:57:48.363, 21836, 100
2026/08/04 15:57:49.363, 21836, 100
2026/08/04 15:57:50.364, 21836, 89
2026/08/04 15:57:51.364, 21836, 100
2026/08/04 15:57:52.366, 21836, 100
2026/08/04 15:57:53.366, 21836, 100
2026/08/04 15:57:54.366, 21836, 100
2026/08/04 15:57:55.367, 21836, 100
2026/08/04 15:57:56.367, 21836, 100
2026/08/04 15:57:57.368, 21836, 100
2026/08/04 15:57:58.369, 21836, 100
2026/08/04 15:57:59.369, 21836, 100
2026/08/04 15:58:00.369, 21836, 100
2026/08/04 15:58:01.370, 21836, 100
2026/08/04 15:58:02.370, 21836, 100
2026/08/04 15:58:03.370, 21836, 100
2026/08/04 15:58:04.371, 21836, 100
2026/08/04 15:58:05.371, 21836, 100
2026/08/04 15:58:06.371, 21836, 100
2026/08/04 15:58:07.372, 21836, 83
2026/08/04 15:58:08.372, 21836, 100
2026/08/04 15:58:09.373, 21836, 84
2026/08/04 15:58:10.373, 21836, 100
2026/08/04 15:58:11.373, 21836, 100
2026/08/04 15:58:12.374, 21836, 100
2026/08/04 15:58:13.374, 21836, 97
2026/08/04 15:58:14.374, 21836, 100
2026/08/04 15:58:15.375, 21836, 70
2026/08/04 15:58:16.375, 21836, 78
2026/08/04 15:58:17.375, 21836, 100
2026/08/04 15:58:18.376, 21836, 100
2026/08/04 15:58:19.376, 21836, 100
2026/08/04 15:58:20.376, 21836, 100
2026/08/04 15:58:21.377, 21836, 100
2026/08/04 15:58:22.377, 21836, 100
2026/08/04 15:58:23.377, 21836, 100
2026/08/04 15:58:24.378, 21836, 100
2026/08/04 15:58:25.378, 21836, 71
2026/08/04 15:58:26.378, 21836, 100
2026/08/04 15:58:27.379, 21836, 100
2026/08/04 15:58:28.379, 21836, 100
2026/08/04 15:58:29.379, 21836, 100
2026/08/04 15:58:30.380, 21836, 86
2026/08/04 15:58:31.380, 21836, 100
2026/08/04 15:58:32.380, 21836, 100
2026/08/04 15:58:33.381, 21836, 100
2026/08/04 15:58:34.381, 21836, 84
2026/08/04 15:58:35.381, 21836, 99
2026/08/04 15:58:36.382, 21836, 100
2026/08/04 15:58:37.382, 21836, 100
2026/08/04 15:58:38.382, 21836, 84
2026/08/04 15:58:39.383, 21836, 100
2026/08/04 15:58:40.383, 21836, 86
2026/08/04 15:58:41.383, 21836, 100
2026/08/04 15:58:42.384, 21836, 100
2026/08/04 15:58:43.384, 21836, 100
2026/08/04 15:58:44.384, 21836, 100
2026/08/04 15:58:45.385, 21836, 100
2026/08/04 15:58:46.385, 21836, 100
2026/08/04 15:58:47.385, 21836, 100
2026/08/04 15:58:48.386, 21836, 100
2026/08/04 15:58:49.386, 21836, 100
2026/08/04 15:58:50.386, 21836, 100
2026/08/04 15:58:51.387, 21836, 100
2026/08/04 15:58:52.388, 21836, 100
2026/08/04 15:58:53.388, 21836, 100
2026/08/04 15:58:54.388, 21836, 100
2026/08/04 15:58:55.389, 21836, 83
2026/08/04 15:58:56.389, 21836, 100
2026/08/04 15:58:57.389, 21836, 100
2026/08/04 15:58:58.390, 21836, 100
2026/08/04 15:58:59.390, 21836, 100
2026/08/04 15:59:00.390, 21836, 100
2026/08/04 15:59:01.391, 21836, 100
2026/08/04 15:59:02.391, 21836, 83
2026/08/04 15:59:03.391, 21836, 100
2026/08/04 15:59:04.391, 21836, 100
2026/08/04 15:59:05.392, 21836, 100
2026/08/04 15:59:06.392, 21836, 100
2026/08/04 15:59:07.392, 21836, 85
2026/08/04 15:59:08.393, 21836, 100
2026/08/04 15:59:09.393, 21836, 85
2026/08/04 15:59:10.393, 21836, 100
2026/08/04 15:59:11.394, 21836, 100
2026/08/04 15:59:12.394, 21836, 99
2026/08/04 15:59:13.394, 21836, 100
2026/08/04 15:59:14.395, 21836, 100
2026/08/04 15:59:15.395, 21836, 100
2026/08/04 15:59:16.395, 21836, 100
2026/08/04 15:59:17.396, 21836, 100
2026/08/04 15:59:18.396, 21836, 100
2026/08/04 15:59:19.396, 21836, 100
2026/08/04 15:59:20.397, 21836, 100
2026/08/04 15:59:21.397, 21836, 100
2026/08/04 15:59:22.397, 21836, 100
2026/08/04 15:59:23.397, 21836, 100
2026/08/04 15:59:24.398, 21836, 99
2026/08/04 15:59:25.398, 21836, 100
2026/08/04 15:59:26.398, 21836, 100
2026/08/04 15:59:27.399, 21836, 100
2026/08/04 15:59:28.399, 21836, 100
2026/08/04 15:59:29.399, 21836, 100
2026/08/04 15:59:30.400, 21836, 100
2026/08/04 15:59:31.400, 21836, 100
2026/08/04 15:59:32.400, 21836, 100
2026/08/04 15:59:33.401, 21836, 100
2026/08/04 15:59:34.401, 21836, 100
2026/08/04 15:59:35.401, 21836, 100
2026/08/04 15:59:36.402, 21836, 100
2026/08/04 15:59:37.404, 21836, 100
2026/08/04 15:59:38.404, 21836, 100
2026/08/04 15:59:39.405, 21836, 100
2026/08/04 15:59:40.405, 21836, 100
2026/08/04 15:59:41.405, 21836, 100
2026/08/04 15:59:42.405, 21836, 83
2026/08/04 15:59:43.406, 21836, 100
2026/08/04 15:59:44.406, 21836, 100
2026/08/04 15:59:45.406, 21836, 100
2026/08/04 15:59:46.407, 21836, 69
2026/08/04 15:59:47.409, 21836, 82
2026/08/04 15:59:48.410, 21836, 71
2026/08/04 15:59:49.410, 21836, 100
2026/08/04 15:59:50.410, 21836, 55
2026/08/04 15:59:51.411, 21836, 81
2026/08/04 15:59:52.411, 21836, 71
2026/08/04 15:59:53.411, 21836, 100
2026/08/04 15:59:54.411, 21836, 100
2026/08/04 15:59:55.412, 21836, 100
2026/08/04 15:59:56.412, 21836, 100
2026/08/04 15:59:57.412, 21836, 83
2026/08/04 15:59:58.413, 21836, 100
2026/08/04 15:59:59.413, 21836, 100
2026/08/04 16:00:00.413, 21836, 100
2026/08/04 16:00:01.414, 21836, 100
2026/08/04 16:00:02.414, 21836, 100
2026/08/04 16:00:03.414, 21836, 100
2026/08/04 16:00:04.415, 21836, 100
2026/08/04 16:00:05.415, 21836, 100
2026/08/04 16:00:06.415, 21836, 100
2026/08/04 16:00:07.415, 21836, 100
2026/08/04 16:00:08.416, 21836, 100
2026/08/04 16:00:09.416, 21836, 100
2026/08/04 16:00:10.416, 21836, 70
2026/08/04 16:00:11.416, 21836, 100
2026/08/04 16:00:12.417, 21836, 100
2026/08/04 16:00:13.417, 21836, 100
2026/08/04 16:00:14.417, 21836, 100
2026/08/04 16:00:15.417, 21836, 100
2026/08/04 16:00:16.418, 21836, 100
2026/08/04 16:00:17.418, 21836, 100
2026/08/04 16:00:18.418, 21836, 100
2026/08/04 16:00:19.418, 21836, 86
2026/08/04 16:00:20.419, 21836, 100
2026/08/04 16:00:21.419, 21836, 100
2026/08/04 16:00:22.419, 21836, 100
2026/08/04 16:00:23.420, 21836, 100
2026/08/04 16:00:24.420, 21836, 100
2026/08/04 16:00:25.420, 21836, 100
2026/08/04 16:00:26.420, 21836, 84
2026/08/04 16:00:27.421, 21836, 96
2026/08/04 16:00:28.421, 21836, 100
2026/08/04 16:00:29.421, 21836, 100
2026/08/04 16:00:30.422, 21836, 100
2026/08/04 16:00:31.422, 21836, 100
2026/08/04 16:00:32.422, 21836, 100
2026/08/04 16:00:33.423, 21836, 100
2026/08/04 16:00:34.423, 21836, 97
2026/08/04 16:00:35.423, 21836, 100
2026/08/04 16:00:36.424, 21836, 100
2026/08/04 16:00:37.424, 21836, 100
2026/08/04 16:00:38.424, 21836, 100
2026/08/04 16:00:39.425, 21836, 100
2026/08/04 16:00:40.425, 21836, 100
2026/08/04 16:00:41.425, 21836, 100
2026/08/04 16:00:42.426, 21836, 94
2026/08/04 16:00:43.426, 21836, 100
2026/08/04 16:00:44.426, 21836, 100
2026/08/04 16:00:45.426, 21836, 100
2026/08/04 16:00:46.427, 21836, 100
2026/08/04 16:00:47.427, 21836, 100
2026/08/04 16:00:48.427, 21836, 100
2026/08/04 16:00:49.427, 21836, 100
2026/08/04 16:00:50.428, 21836, 100
2026/08/04 16:00:51.428, 21836, 98
2026/08/04 16:00:52.428, 21836, 100
2026/08/04 16:00:53.429, 21836, 100
2026/08/04 16:00:54.429, 21836, 100
2026/08/04 16:00:55.429, 21836, 100
2026/08/04 16:00:56.430, 21836, 100
2026/08/04 16:00:57.430, 21836, 100
2026/08/04 16:00:58.430, 21836, 100
2026/08/04 16:00:59.430, 21836, 100
2026/08/04 16:01:00.431, 21836, 100
2026/08/04 16:01:01.431, 21836, 100
2026/08/04 16:01:02.431, 21836, 100
2026/08/04 16:01:03.432, 21836, 100
2026/08/04 16:01:04.432, 21836, 100
2026/08/04 16:01:05.432, 21836, 83
2026/08/04 16:01:06.432, 21836, 91
2026/08/04 16:01:07.433, 21836, 100
2026/08/04 16:01:08.433, 21836, 84
2026/08/04 16:01:09.433, 21836, 85
2026/08/04 16:01:10.433, 21836, 100
2026/08/04 16:01:11.434, 21836, 100
2026/08/04 16:01:12.434, 21836, 100
2026/08/04 16:01:13.434, 21836, 100
2026/08/04 16:01:14.434, 21836, 100
2026/08/04 16:01:15.434, 21836, 100
2026/08/04 16:01:16.435, 21836, 100
2026/08/04 16:01:17.435, 21836, 100
2026/08/04 16:01:18.435, 21836, 100
2026/08/04 16:01:19.435, 21836, 100
2026/08/04 16:01:20.435, 21836, 100
2026/08/04 16:01:21.436, 21836, 85
2026/08/04 16:01:22.436, 21836, 100
2026/08/04 16:01:23.436, 21836, 86
2026/08/04 16:01:24.437, 21836, 100
2026/08/04 16:01:25.437, 21836, 83
2026/08/04 16:01:26.437, 21836, 100
2026/08/04 16:01:27.437, 21836, 100
2026/08/04 16:01:28.438, 21836, 67
2026/08/04 16:01:29.438, 21836, 100
2026/08/04 16:01:30.438, 21836, 100
2026/08/04 16:01:31.439, 21836, 100
2026/08/04 16:01:32.439, 21836, 100
2026/08/04 16:01:33.439, 21836, 100
2026/08/04 16:01:34.439, 21836, 100
2026/08/04 16:01:35.440, 21836, 100
2026/08/04 16:01:36.440, 21836, 100
2026/08/04 16:01:37.440, 21836, 100
2026/08/04 16:01:38.441, 21836, 86
2026/08/04 16:01:39.441, 21836, 100
2026/08/04 16:01:40.441, 21836, 100
2026/08/04 16:01:41.442, 21836, 100
2026/08/04 16:01:42.442, 21836, 100
2026/08/04 16:01:43.442, 21836, 100
2026/08/04 16:01:44.442, 21836, 100
2026/08/04 16:01:45.443, 21836, 100
2026/08/04 16:01:46.443, 21836, 100
2026/08/04 16:01:47.443, 21836, 99
2026/08/04 16:01:48.444, 21836, 100
2026/08/04 16:01:49.444, 21836, 100
2026/08/04 16:01:50.444, 21836, 100
2026/08/04 16:01:51.445, 21836, 100
2026/08/04 16:01:52.445, 21836, 100
2026/08/04 16:01:53.445, 21836, 100
2026/08/04 16:01:54.446, 21836, 100
2026/08/04 16:01:55.446, 21836, 100
2026/08/04 16:01:56.446, 21836, 100
2026/08/04 16:01:57.446, 21836, 87
2026/08/04 16:01:58.447, 21836, 100
2026/08/04 16:01:59.447, 21836, 100
2026/08/04 16:02:00.447, 21836, 100
2026/08/04 16:02:01.448, 21836, 100
2026/08/04 16:02:02.448, 21836, 85
2026/08/04 16:02:03.448, 21836, 100
2026/08/04 16:02:04.448, 21836, 100
2026/08/04 16:02:05.449, 21836, 100
2026/08/04 16:02:06.449, 21836, 100
2026/08/04 16:02:07.449, 21836, 100
2026/08/04 16:02:08.450, 21836, 100
2026/08/04 16:02:09.450, 21836, 99
2026/08/04 16:02:10.450, 21836, 82
2026/08/04 16:02:11.451, 21836, 100
2026/08/04 16:02:12.451, 21836, 100
2026/08/04 16:02:13.451, 21836, 100
2026/08/04 16:02:14.451, 21836, 100
2026/08/04 16:02:15.452, 21836, 100
2026/08/04 16:02:16.452, 21836, 100
2026/08/04 16:02:17.452, 21836, 100
2026/08/04 16:02:18.452, 21836, 100
2026/08/04 16:02:19.453, 21836, 100
2026/08/04 16:02:20.453, 21836, 100
2026/08/04 16:02:21.453, 21836, 100
2026/08/04 16:02:22.453, 21836, 100
2026/08/04 16:02:23.454, 21836, 100
2026/08/04 16:02:24.454, 21836, 100
2026/08/04 16:02:25.454, 21836, 100
2026/08/04 16:02:26.454, 21836, 100
2026/08/04 16:02:27.455, 21836, 85
2026/08/04 16:02:28.455, 21836, 82
2026/08/04 16:02:29.455, 21836, 100
2026/08/04 16:02:30.455, 21836, 100
2026/08/04 16:02:31.455, 21836, 100
2026/08/04 16:02:32.456, 21836, 91
2026/08/04 16:02:33.456, 21836, 100
2026/08/04 16:02:34.456, 21836, 100
2026/08/04 16:02:35.457, 21836, 100
2026/08/04 16:02:36.457, 21836, 100
2026/08/04 16:02:37.457, 21836, 97
2026/08/04 16:02:38.457, 21836, 100
2026/08/04 16:02:39.457, 21836, 100
2026/08/04 16:02:40.458, 21836, 100
2026/08/04 16:02:41.458, 21836, 100
2026/08/04 16:02:42.458, 21836, 100
2026/08/04 16:02:43.458, 21836, 100
2026/08/04 16:02:44.459, 21836, 100
2026/08/04 16:02:45.459, 21836, 100
2026/08/04 16:02:46.459, 21836, 100
2026/08/04 16:02:47.460, 21836, 100
2026/08/04 16:02:48.460, 21836, 100
2026/08/04 16:02:49.460, 21836, 100
2026/08/04 16:02:50.460, 21836, 100
2026/08/04 16:02:51.461, 21836, 100
2026/08/04 16:02:52.461, 21836, 85
2026/08/04 16:02:53.461, 21836, 84
2026/08/04 16:02:54.461, 21836, 100
2026/08/04 16:02:55.462, 21836, 100
2026/08/04 16:02:56.462, 21836, 100
2026/08/04 16:02:57.462, 21836, 85
2026/08/04 16:02:58.463, 21836, 100
2026/08/04 16:02:59.463, 21836, 88
2026/08/04 16:03:00.463, 21836, 100
2026/08/04 16:03:01.464, 21836, 85
2026/08/04 16:03:02.464, 21836, 84
2026/08/04 16:03:03.464, 21836, 87
2026/08/04 16:03:04.464, 21836, 100
2026/08/04 16:03:05.465, 21836, 100
2026/08/04 16:03:06.465, 21836, 85
2026/08/04 16:03:07.465, 21836, 81
2026/08/04 16:03:08.466, 21836, 94
2026/08/04 16:03:09.466, 21836, 100
2026/08/04 16:03:10.466, 21836, 100
2026/08/04 16:03:11.467, 21836, 100
2026/08/04 16:03:12.467, 21836, 100
2026/08/04 16:03:13.467, 21836, 100
2026/08/04 16:03:14.467, 21836, 100
2026/08/04 16:03:15.468, 21836, 86
2026/08/04 16:03:16.468, 21836, 100
2026/08/04 16:03:17.468, 21836, 100
2026/08/04 16:03:18.469, 21836, 99
2026/08/04 16:03:19.469, 21836, 100
2026/08/04 16:03:20.469, 21836, 100
2026/08/04 16:03:21.470, 21836, 100
2026/08/04 16:03:22.470, 21836, 100
2026/08/04 16:03:23.470, 21836, 100
2026/08/04 16:03:24.470, 21836, 100
2026/08/04 16:03:25.471, 21836, 100
2026/08/04 16:03:26.471, 21836, 100
2026/08/04 16:03:27.471, 21836, 100
2026/08/04 16:03:28.472, 21836, 100
2026/08/04 16:03:29.472, 21836, 100
2026/08/04 16:03:30.472, 21836, 100
2026/08/04 16:03:31.473, 21836, 100
2026/08/04 16:03:32.473, 21836, 100
2026/08/04 16:03:33.473, 21836, 88
2026/08/04 16:03:34.473, 21836, 100
2026/08/04 16:03:35.474, 21836, 68
2026/08/04 16:03:36.474, 21836, 100
2026/08/04 16:03:37.474, 21836, 100
2026/08/04 16:03:38.475, 21836, 100
2026/08/04 16:03:39.475, 21836, 100
2026/08/04 16:03:40.475, 21836, 100
2026/08/04 16:03:41.475, 21836, 100
2026/08/04 16:03:42.476, 21836, 100
2026/08/04 16:03:43.476, 21836, 100
2026/08/04 16:03:44.477, 21836, 100
2026/08/04 16:03:45.478, 21836, 100
2026/08/04 16:03:46.478, 21836, 100
2026/08/04 16:03:47.478, 21836, 100
2026/08/04 16:03:48.479, 21836, 98
2026/08/04 16:03:49.479, 21836, 100
2026/08/04 16:03:50.479, 21836, 100
2026/08/04 16:03:51.480, 21836, 100
2026/08/04 16:03:52.480, 21836, 100
2026/08/04 16:03:53.480, 21836, 100
2026/08/04 16:03:54.481, 21836, 100
2026/08/04 16:03:55.481, 21836, 67
2026/08/04 16:03:56.481, 21836, 82
2026/08/04 16:03:57.481, 21836, 100
2026/08/04 16:03:58.482, 21836, 100
2026/08/04 16:03:59.482, 21836, 100
2026/08/04 16:04:00.482, 21836, 100
2026/08/04 16:04:01.483, 21836, 100
2026/08/04 16:04:02.483, 21836, 100
2026/08/04 16:04:03.483, 21836, 100
2026/08/04 16:04:04.484, 21836, 100
2026/08/04 16:04:05.484, 21836, 100
2026/08/04 16:04:06.484, 21836, 100
2026/08/04 16:04:07.484, 21836, 100
2026/08/04 16:04:08.485, 21836, 100
2026/08/04 16:04:09.487, 21836, 90
2026/08/04 16:04:10.488, 21836, 100
2026/08/04 16:04:11.488, 21836, 100
2026/08/04 16:04:12.488, 21836, 100
2026/08/04 16:04:13.488, 21836, 100
2026/08/04 16:04:14.491, 21836, 100
2026/08/04 16:04:15.491, 21836, 100
2026/08/04 16:04:16.492, 21836, 100
2026/08/04 16:04:17.492, 21836, 100
2026/08/04 16:04:18.492, 21836, 100
2026/08/04 16:04:19.493, 21836, 100
2026/08/04 16:04:20.493, 21836, 100
2026/08/04 16:04:21.493, 21836, 100
2026/08/04 16:04:22.494, 21836, 100
2026/08/04 16:04:23.494, 21836, 100
2026/08/04 16:04:24.494, 21836, 78
2026/08/04 16:04:25.494, 21836, 100
2026/08/04 16:04:26.495, 21836, 73
2026/08/04 16:04:27.495, 21836, 100
2026/08/04 16:04:28.495, 21836, 100
2026/08/04 16:04:29.496, 21836, 100
2026/08/04 16:04:30.496, 21836, 100
2026/08/04 16:04:31.496, 21836, 100
2026/08/04 16:04:32.497, 21836, 100
2026/08/04 16:04:33.497, 21836, 100
2026/08/04 16:04:34.497, 21836, 100
2026/08/04 16:04:35.498, 21836, 100
2026/08/04 16:04:36.498, 21836, 100
2026/08/04 16:04:37.498, 21836, 100
2026/08/04 16:04:38.498, 21836, 100
2026/08/04 16:04:39.499, 21836, 100
2026/08/04 16:04:40.499, 21836, 100
2026/08/04 16:04:41.500, 21836, 84
2026/08/04 16:04:42.500, 21836, 100
2026/08/04 16:04:43.500, 21836, 100
2026/08/04 16:04:44.501, 21836, 61
2026/08/04 16:04:45.501, 21836, 100
2026/08/04 16:04:46.501, 21836, 100
2026/08/04 16:04:47.501, 21836, 100
2026/08/04 16:04:48.502, 21836, 100
2026/08/04 16:04:49.502, 21836, 83
2026/08/04 16:04:50.502, 21836, 100
2026/08/04 16:04:51.503, 21836, 100
2026/08/04 16:04:52.503, 21836, 100
2026/08/04 16:04:53.503, 21836, 100
2026/08/04 16:04:54.504, 21836, 92
2026/08/04 16:04:55.504, 21836, 100
2026/08/04 16:04:56.504, 21836, 100
2026/08/04 16:04:57.505, 21836, 100
2026/08/04 16:04:58.505, 21836, 100
2026/08/04 16:04:59.505, 21836, 100
2026/08/04 16:05:00.505, 21836, 100
2026/08/04 16:05:01.506, 21836, 100
2026/08/04 16:05:02.506, 21836, 100
2026/08/04 16:05:03.506, 21836, 100
2026/08/04 16:05:04.507, 21836, 100
2026/08/04 16:05:05.507, 21836, 100
2026/08/04 16:05:06.507, 21836, 100
2026/08/04 16:05:07.507, 21836, 100
2026/08/04 16:05:08.508, 21836, 100
2026/08/04 16:05:09.508, 21836, 100
2026/08/04 16:05:10.508, 21836, 100
2026/08/04 16:05:11.509, 21836, 100
2026/08/04 16:05:12.509, 21836, 100
2026/08/04 16:05:13.509, 21836, 100
2026/08/04 16:05:14.512, 21836, 100
2026/08/04 16:05:15.512, 21836, 100
2026/08/04 16:05:16.512, 21836, 100
2026/08/04 16:05:17.513, 21836, 100
2026/08/04 16:05:18.513, 21836, 100
2026/08/04 16:05:19.513, 21836, 100
2026/08/04 16:05:20.514, 21836, 100
2026/08/04 16:05:21.514, 21836, 100
2026/08/04 16:05:22.514, 21836, 97
2026/08/04 16:05:23.515, 21836, 100
2026/08/04 16:05:24.517, 21836, 100
2026/08/04 16:05:25.517, 21836, 100
2026/08/04 16:05:26.517, 21836, 100
2026/08/04 16:05:27.517, 21836, 100
2026/08/04 16:05:28.518, 21836, 100
2026/08/04 16:05:29.518, 21836, 66
2026/08/04 16:05:30.519, 21836, 100
2026/08/04 16:05:31.519, 21836, 100
2026/08/04 16:05:32.519, 21836, 100
2026/08/04 16:05:33.519, 21836, 100
2026/08/04 16:05:34.520, 21836, 100
2026/08/04 16:05:35.520, 21836, 100
2026/08/04 16:05:36.520, 21836, 100
2026/08/04 16:05:37.520, 21836, 100
2026/08/04 16:05:38.521, 21836, 71
2026/08/04 16:05:39.521, 21836, 85
2026/08/04 16:05:40.521, 21836, 100
2026/08/04 16:05:41.521, 21836, 100
2026/08/04 16:05:42.522, 21836, 100
2026/08/04 16:05:43.522, 21836, 100
2026/08/04 16:05:44.522, 21836, 100
2026/08/04 16:05:45.523, 21836, 70
2026/08/04 16:05:46.523, 21836, 100
2026/08/04 16:05:47.523, 21836, 100
2026/08/04 16:05:48.523, 21836, 67
2026/08/04 16:05:49.524, 21836, 84
2026/08/04 16:05:50.524, 21836, 100
2026/08/04 16:05:51.524, 21836, 100
2026/08/04 16:05:52.525, 21836, 100
2026/08/04 16:05:53.525, 21836, 100
2026/08/04 16:05:54.525, 21836, 100
2026/08/04 16:05:55.525, 21836, 100
2026/08/04 16:05:56.526, 21836, 100
2026/08/04 16:05:57.526, 21836, 100
2026/08/04 16:05:58.526, 21836, 100
2026/08/04 16:05:59.527, 21836, 100
2026/08/04 16:06:00.527, 21836, 85
2026/08/04 16:06:01.527, 21836, 100
2026/08/04 16:06:02.527, 21836, 100
2026/08/04 16:06:03.528, 21836, 100
2026/08/04 16:06:04.528, 21836, 100
2026/08/04 16:06:05.528, 21836, 100
2026/08/04 16:06:06.528, 21836, 100
2026/08/04 16:06:07.529, 21836, 100
2026/08/04 16:06:08.529, 21836, 100
2026/08/04 16:06:09.529, 21836, 94
2026/08/04 16:06:10.530, 21836, 100
2026/08/04 16:06:11.530, 21836, 100
2026/08/04 16:06:12.530, 21836, 100
2026/08/04 16:06:13.531, 21836, 100
2026/08/04 16:06:14.531, 21836, 100
2026/08/04 16:06:15.531, 21836, 100
2026/08/04 16:06:16.531, 21836, 100
2026/08/04 16:06:17.532, 21836, 100
2026/08/04 16:06:18.532, 21836, 85
2026/08/04 16:06:19.532, 21836, 100
2026/08/04 16:06:20.533, 21836, 100
2026/08/04 16:06:21.533, 21836, 100
2026/08/04 16:06:22.533, 21836, 100
2026/08/04 16:06:23.534, 21836, 84
2026/08/04 16:06:24.534, 21836, 100
2026/08/04 16:06:25.534, 21836, 100
2026/08/04 16:06:26.535, 21836, 100
2026/08/04 16:06:27.535, 21836, 100
2026/08/04 16:06:28.535, 21836, 100
2026/08/04 16:06:29.536, 21836, 100
2026/08/04 16:06:30.536, 21836, 72
2026/08/04 16:06:31.536, 21836, 100
2026/08/04 16:06:32.536, 21836, 100
2026/08/04 16:06:33.537, 21836, 100
2026/08/04 16:06:34.537, 21836, 100
2026/08/04 16:06:35.537, 21836, 100
2026/08/04 16:06:36.538, 21836, 84
2026/08/04 16:06:37.538, 21836, 100
2026/08/04 16:06:38.538, 21836, 100
2026/08/04 16:06:39.539, 21836, 100
2026/08/04 16:06:40.539, 21836, 100
2026/08/04 16:06:41.539, 21836, 87
2026/08/04 16:06:42.539, 21836, 100
2026/08/04 16:06:43.540, 21836, 100
2026/08/04 16:06:44.540, 21836, 100
2026/08/04 16:06:45.540, 21836, 100
2026/08/04 16:06:46.541, 21836, 100
2026/08/04 16:06:47.541, 21836, 100
2026/08/04 16:06:48.541, 21836, 86
2026/08/04 16:06:49.542, 21836, 100
2026/08/04 16:06:50.542, 21836, 100
2026/08/04 16:06:51.542, 21836, 100
2026/08/04 16:06:52.542, 21836, 100
2026/08/04 16:06:53.543, 21836, 100
2026/08/04 16:06:54.543, 21836, 100
2026/08/04 16:06:55.543, 21836, 100
2026/08/04 16:06:56.543, 21836, 100
2026/08/04 16:06:57.544, 21836, 84
2026/08/04 16:06:58.544, 21836, 100
2026/08/04 16:06:59.544, 21836, 100
2026/08/04 16:07:00.545, 21836, 100
2026/08/04 16:07:01.545, 21836, 100
2026/08/04 16:07:02.545, 21836, 100
2026/08/04 16:07:03.545, 21836, 73
2026/08/04 16:07:04.546, 21836, 86
2026/08/04 16:07:05.546, 21836, 100
2026/08/04 16:07:06.546, 21836, 100
2026/08/04 16:07:07.546, 21836, 89
2026/08/04 16:07:08.546, 21836, 100
2026/08/04 16:07:09.547, 21836, 100
2026/08/04 16:07:10.547, 21836, 100
2026/08/04 16:07:11.547, 21836, 91
2026/08/04 16:07:12.547, 21836, 100
2026/08/04 16:07:13.548, 21836, 100
2026/08/04 16:07:14.548, 21836, 100
2026/08/04 16:07:15.548, 21836, 100
2026/08/04 16:07:16.548, 21836, 100
2026/08/04 16:07:17.549, 21836, 100
2026/08/04 16:07:18.549, 21836, 100
2026/08/04 16:07:19.549, 21836, 100
2026/08/04 16:07:20.550, 21836, 100
2026/08/04 16:07:21.550, 21836, 100
2026/08/04 16:07:22.550, 21836, 100
2026/08/04 16:07:23.550, 21836, 100
2026/08/04 16:07:24.580, 21836, 100
2026/08/04 16:07:25.610, 21836, 94
2026/08/04 16:07:26.610, 21836, 100
2026/08/04 16:07:27.611, 21836, 100
2026/08/04 16:07:28.611, 21836, 100
2026/08/04 16:07:29.611, 21836, 85
2026/08/04 16:07:30.611, 21836, 100
2026/08/04 16:07:31.612, 21836, 86
2026/08/04 16:07:32.612, 21836, 100
2026/08/04 16:07:33.612, 21836, 89
2026/08/04 16:07:34.613, 21836, 100
2026/08/04 16:07:35.613, 21836, 100
2026/08/04 16:07:36.613, 21836, 100
2026/08/04 16:07:37.613, 21836, 100
2026/08/04 16:07:38.614, 21836, 100
2026/08/04 16:07:39.614, 21836, 100
2026/08/04 16:07:40.614, 21836, 100
2026/08/04 16:07:41.615, 21836, 100
2026/08/04 16:07:42.615, 21836, 100
2026/08/04 16:07:43.615, 21836, 100
2026/08/04 16:07:44.615, 21836, 100
2026/08/04 16:07:45.617, 21836, 100
2026/08/04 16:07:46.617, 21836, 100
2026/08/04 16:07:47.617, 21836, 100
2026/08/04 16:07:48.618, 21836, 100
2026/08/04 16:07:49.618, 21836, 94
2026/08/04 16:07:50.619, 21836, 81
2026/08/04 16:07:51.619, 21836, 82
2026/08/04 16:07:52.619, 21836, 100
2026/08/04 16:07:53.620, 21836, 83
2026/08/04 16:07:54.620, 21836, 80
2026/08/04 16:07:55.623, 21836, 100
2026/08/04 16:07:56.623, 21836, 100
2026/08/04 16:07:57.623, 21836, 100
2026/08/04 16:07:58.624, 21836, 83
2026/08/04 16:07:59.624, 21836, 100
2026/08/04 16:08:00.624, 21836, 100
2026/08/04 16:08:01.625, 21836, 77
2026/08/04 16:08:02.625, 21836, 100
2026/08/04 16:08:03.625, 21836, 100
2026/08/04 16:08:04.625, 21836, 100
2026/08/04 16:08:05.626, 21836, 100
2026/08/04 16:08:06.626, 21836, 100
2026/08/04 16:08:07.626, 21836, 100
2026/08/04 16:08:08.626, 21836, 100
2026/08/04 16:08:09.627, 21836, 100
2026/08/04 16:08:10.627, 21836, 100
2026/08/04 16:08:11.627, 21836, 100
2026/08/04 16:08:12.628, 21836, 100
2026/08/04 16:08:13.628, 21836, 100
2026/08/04 16:08:14.628, 21836, 100
2026/08/04 16:08:15.628, 21836, 100
2026/08/04 16:08:16.629, 21836, 83
2026/08/04 16:08:17.629, 21836, 83
2026/08/04 16:08:18.629, 21836, 100
2026/08/04 16:08:19.630, 21836, 100
2026/08/04 16:08:20.630, 21836, 100
2026/08/04 16:08:21.630, 21836, 69
2026/08/04 16:08:22.630, 21836, 100
2026/08/04 16:08:23.631, 21836, 100
2026/08/04 16:08:24.631, 21836, 100
2026/08/04 16:08:25.631, 21836, 100
2026/08/04 16:08:26.632, 21836, 100
2026/08/04 16:08:27.632, 21836, 100
2026/08/04 16:08:28.632, 21836, 68
2026/08/04 16:08:29.632, 21836, 100
2026/08/04 16:08:30.633, 21836, 100
2026/08/04 16:08:31.633, 21836, 100
2026/08/04 16:08:32.633, 21836, 100
2026/08/04 16:08:33.634, 21836, 100
2026/08/04 16:08:34.634, 21836, 100
2026/08/04 16:08:35.634, 21836, 100
2026/08/04 16:08:36.635, 21836, 100
2026/08/04 16:08:37.635, 21836, 100
2026/08/04 16:08:38.635, 21836, 79
2026/08/04 16:08:39.635, 21836, 100
2026/08/04 16:08:40.636, 21836, 100
2026/08/04 16:08:41.636, 21836, 100
2026/08/04 16:08:42.636, 21836, 100
2026/08/04 16:08:43.637, 21836, 100
2026/08/04 16:08:44.637, 21836, 100
2026/08/04 16:08:45.637, 21836, 99
2026/08/04 16:08:46.638, 21836, 84
2026/08/04 16:08:47.638, 21836, 100
2026/08/04 16:08:48.638, 21836, 100
2026/08/04 16:08:49.638, 21836, 85
2026/08/04 16:08:50.640, 21836, 100
2026/08/04 16:08:51.640, 21836, 100
2026/08/04 16:08:52.640, 21836, 100
2026/08/04 16:08:53.641, 21836, 100
2026/08/04 16:08:54.641, 21836, 100
2026/08/04 16:08:55.642, 21836, 96
2026/08/04 16:08:56.642, 21836, 100
2026/08/04 16:08:57.643, 21836, 90
2026/08/04 16:08:58.643, 21836, 100
2026/08/04 16:08:59.643, 21836, 100
2026/08/04 16:09:00.644, 21836, 100
2026/08/04 16:09:01.644, 21836, 100
2026/08/04 16:09:02.644, 21836, 100
2026/08/04 16:09:03.645, 21836, 100
2026/08/04 16:09:04.645, 21836, 100
2026/08/04 16:09:05.645, 21836, 100
2026/08/04 16:09:06.645, 21836, 100
2026/08/04 16:09:07.646, 21836, 100
2026/08/04 16:09:08.646, 21836, 100
2026/08/04 16:09:09.647, 21836, 100
2026/08/04 16:09:10.651, 21836, 100
2026/08/04 16:09:11.651, 21836, 81
2026/08/04 16:09:12.652, 21836, 100
2026/08/04 16:09:13.652, 21836, 100
2026/08/04 16:09:14.652, 21836, 100
2026/08/04 16:09:15.653, 21836, 83
2026/08/04 16:09:16.653, 21836, 100
2026/08/04 16:09:17.653, 21836, 100
2026/08/04 16:09:18.654, 21836, 100
2026/08/04 16:09:19.654, 21836, 100
2026/08/04 16:09:20.654, 21836, 100
2026/08/04 16:09:21.655, 21836, 100
2026/08/04 16:09:22.655, 21836, 100
2026/08/04 16:09:23.656, 21836, 100
2026/08/04 16:09:24.656, 21836, 100
2026/08/04 16:09:25.657, 21836, 100
2026/08/04 16:09:26.657, 21836, 95
2026/08/04 16:09:27.657, 21836, 100
2026/08/04 16:09:28.658, 21836, 100
2026/08/04 16:09:29.658, 21836, 100
2026/08/04 16:09:30.658, 21836, 100
2026/08/04 16:09:31.659, 21836, 100
2026/08/04 16:09:32.659, 21836, 100
2026/08/04 16:09:33.659, 21836, 83
2026/08/04 16:09:34.659, 21836, 100
2026/08/04 16:09:35.660, 21836, 100
2026/08/04 16:09:36.660, 21836, 95
2026/08/04 16:09:37.660, 21836, 100
2026/08/04 16:09:38.661, 21836, 100
2026/08/04 16:09:39.661, 21836, 100
2026/08/04 16:09:40.661, 21836, 100
2026/08/04 16:09:41.661, 21836, 100
2026/08/04 16:09:42.662, 21836, 100
2026/08/04 16:09:43.662, 21836, 100
2026/08/04 16:09:44.662, 21836, 100
2026/08/04 16:09:45.663, 21836, 100
2026/08/04 16:09:46.663, 21836, 100
2026/08/04 16:09:47.663, 21836, 100
2026/08/04 16:09:48.664, 21836, 100
2026/08/04 16:09:49.664, 21836, 100
2026/08/04 16:09:50.664, 21836, 100
2026/08/04 16:09:51.664, 21836, 65
2026/08/04 16:09:52.665, 21836, 100
2026/08/04 16:09:53.665, 21836, 77
2026/08/04 16:09:54.665, 21836, 100
2026/08/04 16:09:55.666, 21836, 100
2026/08/04 16:09:56.666, 21836, 100
2026/08/04 16:09:57.666, 21836, 100
2026/08/04 16:09:58.667, 21836, 100
2026/08/04 16:09:59.667, 21836, 100
2026/08/04 16:10:00.669, 21836, 100
2026/08/04 16:10:01.669, 21836, 100
2026/08/04 16:10:02.669, 21836, 100
2026/08/04 16:10:03.669, 21836, 100
2026/08/04 16:10:04.670, 21836, 100
2026/08/04 16:10:05.670, 21836, 100
2026/08/04 16:10:06.670, 21836, 100
2026/08/04 16:10:07.670, 21836, 100
2026/08/04 16:10:08.671, 21836, 100
2026/08/04 16:10:09.671, 21836, 100
2026/08/04 16:10:10.671, 21836, 100
2026/08/04 16:10:11.672, 21836, 100
2026/08/04 16:10:12.672, 21836, 100
2026/08/04 16:10:13.672, 21836, 100
2026/08/04 16:10:14.672, 21836, 100
2026/08/04 16:10:15.673, 21836, 67
2026/08/04 16:10:16.673, 21836, 100
2026/08/04 16:10:17.673, 21836, 100
2026/08/04 16:10:18.674, 21836, 100
2026/08/04 16:10:19.674, 21836, 100
2026/08/04 16:10:20.674, 21836, 100
2026/08/04 16:10:21.674, 21836, 100
2026/08/04 16:10:22.675, 21836, 100
2026/08/04 16:10:23.675, 21836, 100
2026/08/04 16:10:24.675, 21836, 100
2026/08/04 16:10:25.676, 21836, 100
2026/08/04 16:10:26.676, 21836, 100
2026/08/04 16:10:27.676, 21836, 100
2026/08/04 16:10:28.676, 21836, 100
2026/08/04 16:10:29.677, 21836, 100
2026/08/04 16:10:30.677, 21836, 100
2026/08/04 16:10:31.678, 21836, 100
2026/08/04 16:10:32.678, 21836, 100
2026/08/04 16:10:33.678, 21836, 100
2026/08/04 16:10:34.678, 21836, 81
2026/08/04 16:10:35.679, 21836, 100
2026/08/04 16:10:36.679, 21836, 67
2026/08/04 16:10:37.679, 21836, 100
2026/08/04 16:10:38.680, 21836, 100
2026/08/04 16:10:39.680, 21836, 100
2026/08/04 16:10:40.680, 21836, 83
2026/08/04 16:10:41.681, 21836, 81
2026/08/04 16:10:42.681, 21836, 100
2026/08/04 16:10:43.681, 21836, 100
2026/08/04 16:10:44.682, 21836, 100
2026/08/04 16:10:45.682, 21836, 100
2026/08/04 16:10:46.682, 21836, 100
2026/08/04 16:10:47.682, 21836, 100
2026/08/04 16:10:48.683, 21836, 100
2026/08/04 16:10:49.683, 21836, 71
2026/08/04 16:10:50.683, 21836, 100
2026/08/04 16:10:51.684, 21836, 100
2026/08/04 16:10:52.684, 21836, 100
2026/08/04 16:10:53.684, 21836, 100
2026/08/04 16:10:54.685, 21836, 100
2026/08/04 16:10:55.685, 21836, 59
2026/08/04 16:10:56.685, 21836, 100
2026/08/04 16:10:57.685, 21836, 100
2026/08/04 16:10:58.686, 21836, 100
2026/08/04 16:10:59.686, 21836, 100
2026/08/04 16:11:00.686, 21836, 100
2026/08/04 16:11:01.687, 21836, 100
2026/08/04 16:11:02.687, 21836, 100
2026/08/04 16:11:03.687, 21836, 82
2026/08/04 16:11:04.688, 21836, 83
2026/08/04 16:11:05.688, 21836, 100
2026/08/04 16:11:06.688, 21836, 82
2026/08/04 16:11:07.688, 21836, 100
2026/08/04 16:11:08.689, 21836, 87
2026/08/04 16:11:09.689, 21836, 100
2026/08/04 16:11:10.689, 21836, 100
2026/08/04 16:11:11.690, 21836, 100
2026/08/04 16:11:12.690, 21836, 100
2026/08/04 16:11:13.690, 21836, 100
2026/08/04 16:11:14.691, 21836, 100
2026/08/04 16:11:15.691, 21836, 100
2026/08/04 16:11:16.691, 21836, 100
2026/08/04 16:11:17.691, 21836, 100
2026/08/04 16:11:18.692, 21836, 100
2026/08/04 16:11:19.692, 21836, 100
2026/08/04 16:11:20.692, 21836, 100
2026/08/04 16:11:21.693, 21836, 100
2026/08/04 16:11:22.693, 21836, 74
2026/08/04 16:11:23.693, 21836, 100
2026/08/04 16:11:24.694, 21836, 100
2026/08/04 16:11:25.694, 21836, 100
2026/08/04 16:11:26.694, 21836, 100
2026/08/04 16:11:27.694, 21836, 100
2026/08/04 16:11:28.695, 21836, 72
2026/08/04 16:11:29.695, 21836, 100
2026/08/04 16:11:30.695, 21836, 72
2026/08/04 16:11:31.696, 21836, 100
2026/08/04 16:11:32.696, 21836, 100
2026/08/04 16:11:33.696, 21836, 100
2026/08/04 16:11:34.697, 21836, 100
2026/08/04 16:11:35.697, 21836, 100
2026/08/04 16:11:36.697, 21836, 83
2026/08/04 16:11:37.697, 21836, 100
2026/08/04 16:11:38.698, 21836, 81
2026/08/04 16:11:39.698, 21836, 100
2026/08/04 16:11:40.698, 21836, 100
2026/08/04 16:11:41.699, 21836, 89
2026/08/04 16:11:42.699, 21836, 74
2026/08/04 16:11:43.699, 21836, 100
2026/08/04 16:11:44.700, 21836, 100
2026/08/04 16:11:45.700, 21836, 100
2026/08/04 16:11:46.700, 21836, 100
2026/08/04 16:11:47.700, 21836, 84
2026/08/04 16:11:48.701, 21836, 100
2026/08/04 16:11:49.701, 21836, 100
2026/08/04 16:11:50.701, 21836, 100
2026/08/04 16:11:51.701, 21836, 100
2026/08/04 16:11:52.702, 21836, 100
2026/08/04 16:11:53.702, 21836, 100
2026/08/04 16:11:54.702, 21836, 100
2026/08/04 16:11:55.703, 21836, 100
2026/08/04 16:11:56.703, 21836, 100
2026/08/04 16:11:57.703, 21836, 100
2026/08/04 16:11:58.704, 21836, 100
2026/08/04 16:11:59.704, 21836, 100
2026/08/04 16:12:00.704, 21836, 100
2026/08/04 16:12:01.704, 21836, 100
2026/08/04 16:12:02.705, 21836, 88
2026/08/04 16:12:03.705, 21836, 100
2026/08/04 16:12:04.705, 21836, 100
2026/08/04 16:12:05.706, 21836, 100
2026/08/04 16:12:06.706, 21836, 73
2026/08/04 16:12:07.706, 21836, 89
2026/08/04 16:12:08.707, 21836, 94
2026/08/04 16:12:09.707, 21836, 82
2026/08/04 16:12:10.707, 21836, 100
2026/08/04 16:12:11.708, 21836, 100
2026/08/04 16:12:12.708, 21836, 100
2026/08/04 16:12:13.708, 21836, 100
2026/08/04 16:12:14.708, 21836, 100
2026/08/04 16:12:15.709, 21836, 100
2026/08/04 16:12:16.709, 21836, 100
2026/08/04 16:12:17.709, 21836, 100
2026/08/04 16:12:18.710, 21836, 83
2026/08/04 16:12:19.710, 21836, 82
2026/08/04 16:12:20.710, 21836, 81
2026/08/04 16:12:21.711, 21836, 100
2026/08/04 16:12:22.711, 21836, 100
2026/08/04 16:12:23.711, 21836, 100
2026/08/04 16:12:24.711, 21836, 100
2026/08/04 16:12:25.712, 21836, 79
2026/08/04 16:12:26.712, 21836, 100
2026/08/04 16:12:27.713, 21836, 73
2026/08/04 16:12:28.713, 21836, 100
2026/08/04 16:12:29.713, 21836, 100
2026/08/04 16:12:30.713, 21836, 100
2026/08/04 16:12:31.714, 21836, 100
2026/08/04 16:12:32.714, 21836, 82
2026/08/04 16:12:33.714, 21836, 100
2026/08/04 16:12:34.715, 21836, 100
2026/08/04 16:12:35.715, 21836, 100
2026/08/04 16:12:36.715, 21836, 100
2026/08/04 16:12:37.715, 21836, 100
2026/08/04 16:12:38.716, 21836, 83
2026/08/04 16:12:39.716, 21836, 82
2026/08/04 16:12:40.716, 21836, 100
2026/08/04 16:12:41.717, 21836, 100
2026/08/04 16:12:42.717, 21836, 100
2026/08/04 16:12:43.717, 21836, 100
2026/08/04 16:12:44.718, 21836, 100
2026/08/04 16:12:45.718, 21836, 100
2026/08/04 16:12:46.718, 21836, 100
2026/08/04 16:12:47.719, 21836, 100
2026/08/04 16:12:48.719, 21836, 100
2026/08/04 16:12:49.719, 21836, 100
2026/08/04 16:12:50.720, 21836, 100
2026/08/04 16:12:51.720, 21836, 100
2026/08/04 16:12:52.720, 21836, 100
2026/08/04 16:12:53.721, 21836, 100
2026/08/04 16:12:54.721, 21836, 100
2026/08/04 16:12:55.721, 21836, 100
2026/08/04 16:12:56.722, 21836, 100
2026/08/04 16:12:57.722, 21836, 95
2026/08/04 16:12:58.722, 21836, 100
2026/08/04 16:12:59.722, 21836, 100
2026/08/04 16:13:00.722, 21836, 100
2026/08/04 16:13:01.723, 21836, 100
2026/08/04 16:13:02.723, 21836, 100
2026/08/04 16:13:03.723, 21836, 100
2026/08/04 16:13:04.724, 21836, 100
2026/08/04 16:13:05.724, 21836, 100
2026/08/04 16:13:06.724, 21836, 100
2026/08/04 16:13:07.725, 21836, 95
2026/08/04 16:13:08.725, 21836, 100
2026/08/04 16:13:09.725, 21836, 100
2026/08/04 16:13:10.726, 21836, 100
2026/08/04 16:13:11.726, 21836, 100
2026/08/04 16:13:12.726, 21836, 100
2026/08/04 16:13:13.727, 21836, 100
2026/08/04 16:13:14.727, 21836, 100
2026/08/04 16:13:15.727, 21836, 100
2026/08/04 16:13:16.727, 21836, 100
2026/08/04 16:13:17.728, 21836, 100
2026/08/04 16:13:18.728, 21836, 100
2026/08/04 16:13:19.728, 21836, 100
2026/08/04 16:13:20.729, 21836, 100
2026/08/04 16:13:21.729, 21836, 100
2026/08/04 16:13:22.729, 21836, 100
2026/08/04 16:13:23.729, 21836, 100
2026/08/04 16:13:24.730, 21836, 100
2026/08/04 16:13:25.730, 21836, 100
2026/08/04 16:13:26.730, 21836, 100
2026/08/04 16:13:27.731, 21836, 100
2026/08/04 16:13:28.731, 21836, 85
2026/08/04 16:13:29.731, 21836, 100
2026/08/04 16:13:30.731, 21836, 100
2026/08/04 16:13:31.732, 21836, 100
2026/08/04 16:13:32.732, 21836, 100
2026/08/04 16:13:33.732, 21836, 72
2026/08/04 16:13:34.733, 21836, 84
2026/08/04 16:13:35.733, 21836, 100
2026/08/04 16:13:36.733, 21836, 90
2026/08/04 16:13:37.734, 21836, 99
2026/08/04 16:13:38.734, 21836, 100
2026/08/04 16:13:39.734, 21836, 100
2026/08/04 16:13:40.735, 21836, 100
2026/08/04 16:13:41.735, 21836, 100
2026/08/04 16:13:42.735, 21836, 100
2026/08/04 16:13:43.735, 21836, 100
2026/08/04 16:13:44.736, 21836, 100
2026/08/04 16:13:45.736, 21836, 100
2026/08/04 16:13:46.736, 21836, 100
2026/08/04 16:13:47.737, 21836, 100
2026/08/04 16:13:48.737, 21836, 85
2026/08/04 16:13:49.737, 21836, 83
2026/08/04 16:13:50.738, 21836, 100
2026/08/04 16:13:51.738, 21836, 100
2026/08/04 16:13:52.738, 21836, 100
2026/08/04 16:13:53.739, 21836, 100
2026/08/04 16:13:54.739, 21836, 84
2026/08/04 16:13:55.739, 21836, 100
2026/08/04 16:13:56.739, 21836, 100
2026/08/04 16:13:57.740, 21836, 100
2026/08/04 16:13:58.740, 21836, 100
2026/08/04 16:13:59.740, 21836, 100
2026/08/04 16:14:00.741, 21836, 100
2026/08/04 16:14:01.741, 21836, 100
2026/08/04 16:14:02.741, 21836, 100
2026/08/04 16:14:03.742, 21836, 100
2026/08/04 16:14:04.742, 21836, 100
2026/08/04 16:14:05.742, 21836, 100
2026/08/04 16:14:06.743, 21836, 100
2026/08/04 16:14:07.743, 21836, 100
2026/08/04 16:14:08.743, 21836, 100
2026/08/04 16:14:09.744, 21836, 82
2026/08/04 16:14:10.744, 21836, 84
2026/08/04 16:14:11.744, 21836, 68
2026/08/04 16:14:12.744, 21836, 100
2026/08/04 16:14:13.745, 21836, 85
2026/08/04 16:14:14.745, 21836, 100
2026/08/04 16:14:15.745, 21836, 100
2026/08/04 16:14:16.746, 21836, 100
2026/08/04 16:14:17.746, 21836, 100
2026/08/04 16:14:18.746, 21836, 93
2026/08/04 16:14:19.747, 21836, 100
2026/08/04 16:14:20.747, 21836, 100
2026/08/04 16:14:21.747, 21836, 100
2026/08/04 16:14:22.747, 21836, 100
2026/08/04 16:14:23.748, 21836, 100
2026/08/04 16:14:24.748, 21836, 100
2026/08/04 16:14:25.748, 21836, 100
2026/08/04 16:14:26.749, 21836, 100
2026/08/04 16:14:27.749, 21836, 90
2026/08/04 16:14:28.749, 21836, 78
2026/08/04 16:14:29.750, 21836, 100
2026/08/04 16:14:30.750, 21836, 100
2026/08/04 16:14:31.750, 21836, 100
2026/08/04 16:14:32.751, 21836, 100
2026/08/04 16:14:33.751, 21836, 100
2026/08/04 16:14:34.751, 21836, 100
2026/08/04 16:14:35.751, 21836, 100
2026/08/04 16:14:36.752, 21836, 100
2026/08/04 16:14:37.752, 21836, 100
2026/08/04 16:14:38.752, 21836, 100
2026/08/04 16:14:39.753, 21836, 100
2026/08/04 16:14:40.753, 21836, 93
2026/08/04 16:14:41.753, 21836, 100
2026/08/04 16:14:42.754, 21836, 100
2026/08/04 16:14:43.754, 21836, 100
2026/08/04 16:14:44.754, 21836, 100
2026/08/04 16:14:45.754, 21836, 100
2026/08/04 16:14:46.755, 21836, 85
2026/08/04 16:14:47.755, 21836, 100
2026/08/04 16:14:48.755, 21836, 100
2026/08/04 16:14:49.756, 21836, 100
2026/08/04 16:14:50.756, 21836, 100
2026/08/04 16:14:51.756, 21836, 100
2026/08/04 16:14:52.757, 21836, 100
2026/08/04 16:14:53.757, 21836, 100
2026/08/04 16:14:54.757, 21836, 97
2026/08/04 16:14:55.757, 21836, 100
2026/08/04 16:14:56.758, 21836, 100
2026/08/04 16:14:57.758, 21836, 99
2026/08/04 16:14:58.758, 21836, 100
2026/08/04 16:14:59.759, 21836, 100
2026/08/04 16:15:00.759, 21836, 100
2026/08/04 16:15:01.759, 21836, 82
2026/08/04 16:15:02.760, 21836, 100
2026/08/04 16:15:03.760, 21836, 100
2026/08/04 16:15:04.760, 21836, 84
2026/08/04 16:15:05.760, 21836, 74
2026/08/04 16:15:06.761, 21836, 100
2026/08/04 16:15:07.761, 21836, 83
2026/08/04 16:15:08.761, 21836, 100
2026/08/04 16:15:09.762, 21836, 100
2026/08/04 16:15:10.762, 21836, 100
2026/08/04 16:15:11.762, 21836, 100
2026/08/04 16:15:12.762, 21836, 100
2026/08/04 16:15:13.763, 21836, 100
2026/08/04 16:15:14.763, 21836, 100
2026/08/04 16:15:15.763, 21836, 100
2026/08/04 16:15:16.764, 21836, 100
2026/08/04 16:15:17.764, 21836, 100
2026/08/04 16:15:18.764, 21836, 100
2026/08/04 16:15:19.764, 21836, 100
2026/08/04 16:15:20.765, 21836, 82
2026/08/04 16:15:21.765, 21836, 100
2026/08/04 16:15:22.765, 21836, 100
2026/08/04 16:15:23.766, 21836, 100
2026/08/04 16:15:24.766, 21836, 100
2026/08/04 16:15:25.766, 21836, 100
2026/08/04 16:15:26.767, 21836, 100
2026/08/04 16:15:27.767, 21836, 100
2026/08/04 16:15:28.767, 21836, 100
2026/08/04 16:15:29.767, 21836, 83
2026/08/04 16:15:30.768, 21836, 100
2026/08/04 16:15:31.768, 21836, 100
2026/08/04 16:15:32.768, 21836, 82
2026/08/04 16:15:33.769, 21836, 100
2026/08/04 16:15:34.769, 21836, 93
2026/08/04 16:15:35.769, 21836, 100
2026/08/04 16:15:36.770, 21836, 100
2026/08/04 16:15:37.770, 21836, 100
2026/08/04 16:15:38.770, 21836, 100
2026/08/04 16:15:39.770, 21836, 100
2026/08/04 16:15:40.771, 21836, 100
2026/08/04 16:15:41.771, 21836, 83
2026/08/04 16:15:42.771, 21836, 85
2026/08/04 16:15:43.772, 21836, 100
2026/08/04 16:15:44.772, 21836, 100
2026/08/04 16:15:45.772, 21836, 100
2026/08/04 16:15:46.773, 21836, 100
2026/08/04 16:15:47.773, 21836, 100
2026/08/04 16:15:48.773, 21836, 100
2026/08/04 16:15:49.773, 21836, 100
2026/08/04 16:15:50.774, 21836, 100
2026/08/04 16:15:51.774, 21836, 100
2026/08/04 16:15:52.774, 21836, 100
2026/08/04 16:15:53.775, 21836, 100
2026/08/04 16:15:54.775, 21836, 100
2026/08/04 16:15:55.776, 21836, 100
2026/08/04 16:15:56.776, 21836, 100
2026/08/04 16:15:57.776, 21836, 100
2026/08/04 16:15:58.776, 21836, 100
2026/08/04 16:15:59.777, 21836, 100
2026/08/04 16:16:00.777, 21836, 100
2026/08/04 16:16:01.777, 21836, 100
2026/08/04 16:16:02.778, 21836, 100
2026/08/04 16:16:03.778, 21836, 100
2026/08/04 16:16:04.778, 21836, 100
2026/08/04 16:16:05.779, 21836, 100
2026/08/04 16:16:06.779, 21836, 100
2026/08/04 16:16:07.779, 21836, 100
2026/08/04 16:16:08.780, 21836, 100
2026/08/04 16:16:09.780, 21836, 100
2026/08/04 16:16:10.780, 21836, 100
2026/08/04 16:16:11.780, 21836, 100
2026/08/04 16:16:12.781, 21836, 100
2026/08/04 16:16:13.781, 21836, 85
2026/08/04 16:16:14.781, 21836, 100
2026/08/04 16:16:15.782, 21836, 100
2026/08/04 16:16:16.782, 21836, 100
2026/08/04 16:16:17.782, 21836, 100
2026/08/04 16:16:18.783, 21836, 100
2026/08/04 16:16:19.783, 21836, 100
2026/08/04 16:16:20.783, 21836, 91
2026/08/04 16:16:21.783, 21836, 100
2026/08/04 16:16:22.784, 21836, 100
2026/08/04 16:16:23.784, 21836, 100
2026/08/04 16:16:24.784, 21836, 100
2026/08/04 16:16:25.784, 21836, 100
2026/08/04 16:16:26.785, 21836, 82
2026/08/04 16:16:27.785, 21836, 83
2026/08/04 16:16:28.785, 21836, 100
2026/08/04 16:16:29.786, 21836, 100
2026/08/04 16:16:30.786, 21836, 100
2026/08/04 16:16:31.786, 21836, 100
2026/08/04 16:16:32.786, 21836, 100
2026/08/04 16:16:33.787, 21836, 100
2026/08/04 16:16:34.787, 21836, 86
2026/08/04 16:16:35.787, 21836, 100
2026/08/04 16:16:36.788, 21836, 85
2026/08/04 16:16:37.788, 21836, 100
2026/08/04 16:16:38.788, 21836, 100
2026/08/04 16:16:39.789, 21836, 100
2026/08/04 16:16:40.789, 21836, 100
2026/08/04 16:16:41.789, 21836, 100
2026/08/04 16:16:42.790, 21836, 100
2026/08/04 16:16:43.790, 21836, 100
2026/08/04 16:16:44.790, 21836, 100
2026/08/04 16:16:45.791, 21836, 100
2026/08/04 16:16:46.791, 21836, 93
2026/08/04 16:16:47.791, 21836, 80
2026/08/04 16:16:48.792, 21836, 84
2026/08/04 16:16:49.792, 21836, 85
2026/08/04 16:16:50.792, 21836, 100
2026/08/04 16:16:51.792, 21836, 100
2026/08/04 16:16:52.793, 21836, 100
2026/08/04 16:16:53.793, 21836, 100
2026/08/04 16:16:54.793, 21836, 100
2026/08/04 16:16:55.794, 21836, 100
2026/08/04 16:16:56.794, 21836, 99
2026/08/04 16:16:57.794, 21836, 100
2026/08/04 16:16:58.794, 21836, 100
2026/08/04 16:16:59.795, 21836, 100
2026/08/04 16:17:00.795, 21836, 100
2026/08/04 16:17:01.795, 21836, 83
2026/08/04 16:17:02.796, 21836, 100
2026/08/04 16:17:03.796, 21836, 100
2026/08/04 16:17:04.796, 21836, 100
2026/08/04 16:17:05.797, 21836, 100
2026/08/04 16:17:06.797, 21836, 100
2026/08/04 16:17:07.797, 21836, 100
2026/08/04 16:17:08.798, 21836, 100
2026/08/04 16:17:09.798, 21836, 100
2026/08/04 16:17:10.798, 21836, 100
2026/08/04 16:17:11.799, 21836, 100
2026/08/04 16:17:12.799, 21836, 100
2026/08/04 16:17:13.799, 21836, 100
2026/08/04 16:17:14.799, 21836, 100
2026/08/04 16:17:15.800, 21836, 100
2026/08/04 16:17:16.800, 21836, 100
2026/08/04 16:17:17.800, 21836, 100
2026/08/04 16:17:18.801, 21836, 83
2026/08/04 16:17:19.801, 21836, 79
2026/08/04 16:17:20.801, 21836, 81
2026/08/04 16:17:21.802, 21836, 100
2026/08/04 16:17:22.802, 21836, 100
2026/08/04 16:17:23.802, 21836, 93
2026/08/04 16:17:24.803, 21836, 100
2026/08/04 16:17:25.803, 21836, 100
2026/08/04 16:17:26.803, 21836, 100
2026/08/04 16:17:27.803, 21836, 100
2026/08/04 16:17:28.804, 21836, 100
2026/08/04 16:17:29.804, 21836, 100
2026/08/04 16:17:30.804, 21836, 100
2026/08/04 16:17:31.805, 21836, 100
2026/08/04 16:17:32.805, 21836, 100
2026/08/04 16:17:33.805, 21836, 100
2026/08/04 16:17:34.805, 21836, 100
2026/08/04 16:17:35.806, 21836, 100
2026/08/04 16:17:36.806, 21836, 100
2026/08/04 16:17:37.806, 21836, 100
2026/08/04 16:17:38.807, 21836, 100
2026/08/04 16:17:39.807, 21836, 100
2026/08/04 16:17:40.807, 21836, 100
2026/08/04 16:17:41.808, 21836, 100
2026/08/04 16:17:42.808, 21836, 100
2026/08/04 16:17:43.808, 21836, 100
2026/08/04 16:17:44.808, 21836, 100
2026/08/04 16:17:45.809, 21836, 100
2026/08/04 16:17:46.809, 21836, 100
2026/08/04 16:17:47.809, 21836, 100
2026/08/04 16:17:48.810, 21836, 100
2026/08/04 16:17:49.810, 21836, 100
2026/08/04 16:17:50.810, 21836, 100
2026/08/04 16:17:51.810, 21836, 100
2026/08/04 16:17:52.811, 21836, 100
2026/08/04 16:17:53.811, 21836, 100
2026/08/04 16:17:54.811, 21836, 100
2026/08/04 16:17:55.812, 21836, 100
2026/08/04 16:17:56.812, 21836, 100
2026/08/04 16:17:57.812, 21836, 100
2026/08/04 16:17:58.812, 21836, 100
2026/08/04 16:17:59.813, 21836, 100
2026/08/04 16:18:00.813, 21836, 100
2026/08/04 16:18:01.813, 21836, 100
2026/08/04 16:18:02.814, 21836, 100
2026/08/04 16:18:03.814, 21836, 100
2026/08/04 16:18:04.814, 21836, 100
2026/08/04 16:18:05.815, 21836, 100
2026/08/04 16:18:06.815, 21836, 100
2026/08/04 16:18:07.815, 21836, 100
2026/08/04 16:18:08.816, 21836, 100
2026/08/04 16:18:09.816, 21836, 100
2026/08/04 16:18:10.816, 21836, 100
2026/08/04 16:18:11.816, 21836, 100
2026/08/04 16:18:12.817, 21836, 100
2026/08/04 16:18:13.817, 21836, 100
2026/08/04 16:18:14.817, 21836, 100
2026/08/04 16:18:15.818, 21836, 100
2026/08/04 16:18:16.818, 21836, 100
2026/08/04 16:18:17.818, 21836, 90
2026/08/04 16:18:18.819, 21836, 100
2026/08/04 16:18:19.819, 21836, 100
2026/08/04 16:18:20.819, 21836, 100
2026/08/04 16:18:21.820, 21836, 100
2026/08/04 16:18:22.820, 21836, 82
2026/08/04 16:18:23.820, 21836, 100
2026/08/04 16:18:24.820, 21836, 100
2026/08/04 16:18:25.821, 21836, 100
2026/08/04 16:18:26.821, 21836, 100
2026/08/04 16:18:27.821, 21836, 100
2026/08/04 16:18:28.821, 21836, 100
2026/08/04 16:18:29.822, 21836, 100
2026/08/04 16:18:30.822, 21836, 100
2026/08/04 16:18:31.822, 21836, 100
2026/08/04 16:18:32.823, 21836, 100
2026/08/04 16:18:33.823, 21836, 100
2026/08/04 16:18:34.823, 21836, 100
2026/08/04 16:18:35.823, 21836, 100
2026/08/04 16:18:36.824, 21836, 100
2026/08/04 16:18:37.824, 21836, 100
2026/08/04 16:18:38.824, 21836, 100
2026/08/04 16:18:39.824, 21836, 100
2026/08/04 16:18:40.825, 21836, 100
2026/08/04 16:18:41.825, 21836, 8
2026/08/04 16:18:42.825, 21836, 6
2026/08/04 16:18:43.825, 21836, 100
2026/08/04 16:18:44.826, 21836, 100
2026/08/04 16:18:45.826, 21836, 100
2026/08/04 16:18:46.826, 21836, 100
2026/08/04 16:18:47.827, 21836, 100
2026/08/04 16:18:48.827, 21836, 100
2026/08/04 16:18:49.827, 21836, 100
2026/08/04 16:18:50.828, 21836, 100
2026/08/04 16:18:51.828, 21836, 73
2026/08/04 16:18:52.828, 21836, 100
2026/08/04 16:18:53.828, 21836, 100
2026/08/04 16:18:54.829, 21836, 100
2026/08/04 16:18:55.829, 21836, 100
2026/08/04 16:18:56.829, 21836, 100
2026/08/04 16:18:57.830, 21836, 95
2026/08/04 16:18:58.830, 21836, 87
2026/08/04 16:18:59.830, 21836, 100
2026/08/04 16:19:00.830, 21836, 85
2026/08/04 16:19:01.831, 21836, 84
2026/08/04 16:19:02.831, 21836, 70
2026/08/04 16:19:03.831, 21836, 83
2026/08/04 16:19:04.832, 21836, 100
2026/08/04 16:19:05.832, 21836, 100
2026/08/04 16:19:06.832, 21836, 100
2026/08/04 16:19:07.832, 21836, 100
2026/08/04 16:19:08.833, 21836, 100
2026/08/04 16:19:09.833, 21836, 100
2026/08/04 16:19:10.833, 21836, 100
2026/08/04 16:19:11.834, 21836, 100
2026/08/04 16:19:12.834, 21836, 100
2026/08/04 16:19:13.834, 21836, 100
2026/08/04 16:19:14.834, 21836, 100
2026/08/04 16:19:15.835, 21836, 100
2026/08/04 16:19:16.835, 21836, 100
2026/08/04 16:19:17.835, 21836, 100
2026/08/04 16:19:18.836, 21836, 100
2026/08/04 16:19:19.836, 21836, 100
2026/08/04 16:19:20.836, 21836, 100
2026/08/04 16:19:21.837, 21836, 100
2026/08/04 16:19:22.837, 21836, 100
2026/08/04 16:19:23.837, 21836, 100
2026/08/04 16:19:24.837, 21836, 100
2026/08/04 16:19:25.838, 21836, 73
2026/08/04 16:19:26.838, 21836, 84
2026/08/04 16:19:27.838, 21836, 100
2026/08/04 16:19:28.838, 21836, 100
2026/08/04 16:19:29.839, 21836, 100
2026/08/04 16:19:30.839, 21836, 100
2026/08/04 16:19:31.839, 21836, 100
2026/08/04 16:19:32.840, 21836, 100
2026/08/04 16:19:33.840, 21836, 100
2026/08/04 16:19:34.840, 21836, 100
2026/08/04 16:19:35.841, 21836, 100
2026/08/04 16:19:36.842, 21836, 100
2026/08/04 16:19:37.842, 21836, 100
2026/08/04 16:19:38.842, 21836, 70
2026/08/04 16:19:39.842, 21836, 100
2026/08/04 16:19:40.843, 21836, 100
2026/08/04 16:19:41.843, 21836, 100
2026/08/04 16:19:42.843, 21836, 100
2026/08/04 16:19:43.844, 21836, 100
2026/08/04 16:19:44.844, 21836, 87
2026/08/04 16:19:45.844, 21836, 85
2026/08/04 16:19:46.845, 21836, 100
2026/08/04 16:19:47.845, 21836, 100
2026/08/04 16:19:48.845, 21836, 100
2026/08/04 16:19:49.845, 21836, 100
2026/08/04 16:19:50.846, 21836, 100
2026/08/04 16:19:51.846, 21836, 100
2026/08/04 16:19:52.846, 21836, 100
2026/08/04 16:19:53.847, 21836, 90
2026/08/04 16:19:54.847, 21836, 100
2026/08/04 16:19:55.847, 21836, 100
2026/08/04 16:19:56.848, 21836, 100
2026/08/04 16:19:57.848, 21836, 100
2026/08/04 16:19:58.848, 21836, 100
2026/08/04 16:19:59.848, 21836, 100
2026/08/04 16:20:00.849, 21836, 100
2026/08/04 16:20:01.849, 21836, 100
2026/08/04 16:20:02.849, 21836, 100
2026/08/04 16:20:03.850, 21836, 100
2026/08/04 16:20:04.850, 21836, 100
2026/08/04 16:20:05.850, 21836, 100
2026/08/04 16:20:06.850, 21836, 100
2026/08/04 16:20:07.851, 21836, 100
2026/08/04 16:20:08.851, 21836, 100
2026/08/04 16:20:09.851, 21836, 100
2026/08/04 16:20:10.851, 21836, 100
2026/08/04 16:20:11.852, 21836, 100
2026/08/04 16:20:12.852, 21836, 100
2026/08/04 16:20:13.852, 21836, 100
2026/08/04 16:20:14.853, 21836, 100
2026/08/04 16:20:15.853, 21836, 100
2026/08/04 16:20:16.853, 21836, 100
2026/08/04 16:20:17.853, 21836, 100
2026/08/04 16:20:18.854, 21836, 100
2026/08/04 16:20:19.854, 21836, 100
2026/08/04 16:20:20.854, 21836, 100
2026/08/04 16:20:21.854, 21836, 100
2026/08/04 16:20:22.855, 21836, 100
2026/08/04 16:20:23.855, 21836, 82
2026/08/04 16:20:24.855, 21836, 100
2026/08/04 16:20:25.856, 21836, 100
2026/08/04 16:20:26.856, 21836, 100
2026/08/04 16:20:27.856, 21836, 95
2026/08/04 16:20:28.856, 21836, 100
2026/08/04 16:20:29.857, 21836, 100
2026/08/04 16:20:30.857, 21836, 100
2026/08/04 16:20:31.857, 21836, 100
2026/08/04 16:20:32.858, 21836, 100
2026/08/04 16:20:33.858, 21836, 100
2026/08/04 16:20:34.858, 21836, 100
2026/08/04 16:20:35.858, 21836, 100
2026/08/04 16:20:36.859, 21836, 100
2026/08/04 16:20:37.859, 21836, 100
2026/08/04 16:20:38.859, 21836, 100
2026/08/04 16:20:39.860, 21836, 100
2026/08/04 16:20:40.860, 21836, 100
2026/08/04 16:20:41.861, 21836, 100
2026/08/04 16:20:42.862, 21836, 100
2026/08/04 16:20:43.862, 21836, 100
2026/08/04 16:20:44.862, 21836, 100
2026/08/04 16:20:45.862, 21836, 100
2026/08/04 16:20:46.863, 21836, 100
2026/08/04 16:20:47.863, 21836, 100
2026/08/04 16:20:48.863, 21836, 100
2026/08/04 16:20:49.863, 21836, 100
2026/08/04 16:20:50.864, 21836, 100
2026/08/04 16:20:51.864, 21836, 83
2026/08/04 16:20:52.864, 21836, 100
2026/08/04 16:20:53.865, 21836, 100
2026/08/04 16:20:54.865, 21836, 100
2026/08/04 16:20:55.865, 21836, 95
2026/08/04 16:20:56.865, 21836, 100
2026/08/04 16:20:57.866, 21836, 100
2026/08/04 16:20:58.866, 21836, 100
2026/08/04 16:20:59.866, 21836, 100
2026/08/04 16:21:00.867, 21836, 100
2026/08/04 16:21:01.867, 21836, 100
2026/08/04 16:21:02.867, 21836, 100
2026/08/04 16:21:03.867, 21836, 100
2026/08/04 16:21:04.868, 21836, 100
2026/08/04 16:21:05.868, 21836, 100
2026/08/04 16:21:06.868, 21836, 100
2026/08/04 16:21:07.869, 21836, 100
2026/08/04 16:21:08.869, 21836, 100
2026/08/04 16:21:09.869, 21836, 100
2026/08/04 16:21:10.869, 21836, 100
2026/08/04 16:21:11.870, 21836, 100
2026/08/04 16:21:12.870, 21836, 100
2026/08/04 16:21:13.870, 21836, 100
2026/08/04 16:21:14.871, 21836, 97
2026/08/04 16:21:15.871, 21836, 100
2026/08/04 16:21:16.871, 21836, 96
2026/08/04 16:21:17.871, 21836, 100
2026/08/04 16:21:18.872, 21836, 100
2026/08/04 16:21:19.872, 21836, 100
2026/08/04 16:21:20.872, 21836, 100
2026/08/04 16:21:21.873, 21836, 100
2026/08/04 16:21:22.873, 21836, 100
2026/08/04 16:21:23.873, 21836, 70
2026/08/04 16:21:24.874, 21836, 100
2026/08/04 16:21:25.874, 21836, 100
2026/08/04 16:21:26.874, 21836, 100
2026/08/04 16:21:27.874, 21836, 100
2026/08/04 16:21:28.875, 21836, 100
2026/08/04 16:21:29.875, 21836, 100
2026/08/04 16:21:30.875, 21836, 100
2026/08/04 16:21:31.875, 21836, 100
2026/08/04 16:21:32.876, 21836, 100
2026/08/04 16:21:33.876, 21836, 89
2026/08/04 16:21:34.876, 21836, 84
2026/08/04 16:21:35.877, 21836, 100
2026/08/04 16:21:36.877, 21836, 100
2026/08/04 16:21:37.877, 21836, 100
2026/08/04 16:21:38.878, 21836, 100
2026/08/04 16:21:39.878, 21836, 100
2026/08/04 16:21:40.878, 21836, 85
2026/08/04 16:21:41.878, 21836, 100
2026/08/04 16:21:42.879, 21836, 86
2026/08/04 16:21:43.879, 21836, 100
2026/08/04 16:21:44.879, 21836, 94
2026/08/04 16:21:45.880, 21836, 100
2026/08/04 16:21:46.880, 21836, 100
2026/08/04 16:21:47.880, 21836, 100
2026/08/04 16:21:48.881, 21836, 100
2026/08/04 16:21:49.881, 21836, 100
2026/08/04 16:21:50.881, 21836, 100
2026/08/04 16:21:51.881, 21836, 100
2026/08/04 16:21:52.882, 21836, 100
2026/08/04 16:21:53.882, 21836, 100
2026/08/04 16:21:54.882, 21836, 100
2026/08/04 16:21:55.883, 21836, 100
2026/08/04 16:21:56.883, 21836, 100
2026/08/04 16:21:57.883, 21836, 77
2026/08/04 16:21:58.884, 21836, 100
2026/08/04 16:21:59.884, 21836, 98
2026/08/04 16:22:00.884, 21836, 100
2026/08/04 16:22:01.884, 21836, 90
2026/08/04 16:22:02.885, 21836, 91
2026/08/04 16:22:03.885, 21836, 100
2026/08/04 16:22:04.885, 21836, 100
2026/08/04 16:22:05.886, 21836, 100
2026/08/04 16:22:06.886, 21836, 73
2026/08/04 16:22:07.886, 21836, 100
2026/08/04 16:22:08.886, 21836, 100
2026/08/04 16:22:09.887, 21836, 97
2026/08/04 16:22:10.887, 21836, 100
2026/08/04 16:22:11.887, 21836, 100
2026/08/04 16:22:12.888, 21836, 100
2026/08/04 16:22:13.888, 21836, 100
2026/08/04 16:22:14.888, 21836, 100
2026/08/04 16:22:15.888, 21836, 100
2026/08/04 16:22:16.889, 21836, 100
2026/08/04 16:22:17.889, 21836, 100
2026/08/04 16:22:18.889, 21836, 100
2026/08/04 16:22:19.890, 21836, 100
2026/08/04 16:22:20.890, 21836, 100
2026/08/04 16:22:21.890, 21836, 100
2026/08/04 16:22:22.891, 21836, 84
2026/08/04 16:22:23.891, 21836, 100
2026/08/04 16:22:24.891, 21836, 100
2026/08/04 16:22:25.892, 21836, 100
2026/08/04 16:22:26.892, 21836, 100
2026/08/04 16:22:27.892, 21836, 100
2026/08/04 16:22:28.893, 21836, 100
2026/08/04 16:22:29.893, 21836, 100
2026/08/04 16:22:30.893, 21836, 100
2026/08/04 16:22:31.894, 21836, 100
2026/08/04 16:22:32.894, 21836, 81
2026/08/04 16:22:33.894, 21836, 100
2026/08/04 16:22:34.894, 21836, 83
2026/08/04 16:22:35.895, 21836, 91
2026/08/04 16:22:36.895, 21836, 76
2026/08/04 16:22:37.895, 21836, 81
2026/08/04 16:22:38.896, 21836, 84
2026/08/04 16:22:39.896, 21836, 100
2026/08/04 16:22:40.896, 21836, 100
2026/08/04 16:22:41.897, 21836, 89
2026/08/04 16:22:42.897, 21836, 100
2026/08/04 16:22:43.897, 21836, 84
2026/08/04 16:22:44.897, 21836, 100
2026/08/04 16:22:45.898, 21836, 100
2026/08/04 16:22:46.898, 21836, 70
2026/08/04 16:22:47.898, 21836, 84
2026/08/04 16:22:48.899, 21836, 100
2026/08/04 16:22:49.899, 21836, 100
2026/08/04 16:22:50.899, 21836, 100
2026/08/04 16:22:51.900, 21836, 100
2026/08/04 16:22:52.900, 21836, 100
2026/08/04 16:22:53.900, 21836, 100
2026/08/04 16:22:54.901, 21836, 100
2026/08/04 16:22:55.901, 21836, 100
2026/08/04 16:22:56.901, 21836, 86
2026/08/04 16:22:57.901, 21836, 100
2026/08/04 16:22:58.902, 21836, 100
2026/08/04 16:22:59.902, 21836, 100
2026/08/04 16:23:00.902, 21836, 100
2026/08/04 16:23:01.903, 21836, 100
2026/08/04 16:23:02.903, 21836, 100
2026/08/04 16:23:03.903, 21836, 100
2026/08/04 16:23:04.904, 21836, 100
2026/08/04 16:23:05.904, 21836, 100
2026/08/04 16:23:06.904, 21836, 100
2026/08/04 16:23:07.904, 21836, 85
2026/08/04 16:23:08.905, 21836, 100
2026/08/04 16:23:09.905, 21836, 100
2026/08/04 16:23:10.905, 21836, 85
2026/08/04 16:23:11.906, 21836, 100
2026/08/04 16:23:12.906, 21836, 100
2026/08/04 16:23:13.906, 21836, 100
2026/08/04 16:23:14.906, 21836, 100
2026/08/04 16:23:15.907, 21836, 100
2026/08/04 16:23:16.907, 21836, 83
2026/08/04 16:23:17.907, 21836, 83
2026/08/04 16:23:18.908, 21836, 84
2026/08/04 16:23:19.908, 21836, 100
2026/08/04 16:23:20.908, 21836, 100
2026/08/04 16:23:21.908, 21836, 100
2026/08/04 16:23:22.909, 21836, 100
2026/08/04 16:23:23.909, 21836, 85
2026/08/04 16:23:24.909, 21836, 71
2026/08/04 16:23:25.910, 21836, 98
2026/08/04 16:23:26.910, 21836, 100
2026/08/04 16:23:27.910, 21836, 100
2026/08/04 16:23:28.911, 21836, 100
2026/08/04 16:23:29.911, 21836, 100
2026/08/04 16:23:30.911, 21836, 100
2026/08/04 16:23:31.911, 21836, 100
2026/08/04 16:23:32.912, 21836, 100
2026/08/04 16:23:33.912, 21836, 100
2026/08/04 16:23:34.912, 21836, 100
2026/08/04 16:23:35.913, 21836, 100
2026/08/04 16:23:36.913, 21836, 100
2026/08/04 16:23:37.913, 21836, 85
2026/08/04 16:23:38.913, 21836, 100
2026/08/04 16:23:39.914, 21836, 100
2026/08/04 16:23:40.914, 21836, 100
2026/08/04 16:23:41.914, 21836, 100
2026/08/04 16:23:42.915, 21836, 100
2026/08/04 16:23:43.915, 21836, 100
2026/08/04 16:23:44.915, 21836, 100
2026/08/04 16:23:45.916, 21836, 100
2026/08/04 16:23:46.916, 21836, 100
2026/08/04 16:23:47.916, 21836, 100
2026/08/04 16:23:48.916, 21836, 100
2026/08/04 16:23:49.917, 21836, 100
2026/08/04 16:23:50.917, 21836, 100
2026/08/04 16:23:51.917, 21836, 100
2026/08/04 16:23:52.918, 21836, 100
2026/08/04 16:23:53.918, 21836, 100
2026/08/04 16:23:54.918, 21836, 100
2026/08/04 16:23:55.918, 21836, 100
2026/08/04 16:23:56.919, 21836, 100
2026/08/04 16:23:57.919, 21836, 100
2026/08/04 16:23:58.919, 21836, 100
2026/08/04 16:23:59.920, 21836, 100
2026/08/04 16:24:00.920, 21836, 100
2026/08/04 16:24:01.920, 21836, 100
2026/08/04 16:24:02.920, 21836, 98
2026/08/04 16:24:03.921, 21836, 100
2026/08/04 16:24:04.921, 21836, 100
2026/08/04 16:24:05.921, 21836, 100
2026/08/04 16:24:06.922, 21836, 93
2026/08/04 16:24:07.922, 21836, 100
2026/08/04 16:24:08.922, 21836, 100
2026/08/04 16:24:09.923, 21836, 100
2026/08/04 16:24:10.923, 21836, 100
2026/08/04 16:24:11.923, 21836, 100
2026/08/04 16:24:12.923, 21836, 100
2026/08/04 16:24:13.924, 21836, 100
2026/08/04 16:24:14.924, 21836, 77
2026/08/04 16:24:15.924, 21836, 100
2026/08/04 16:24:16.925, 21836, 100
2026/08/04 16:24:17.925, 21836, 100
2026/08/04 16:24:18.925, 21836, 100
2026/08/04 16:24:19.925, 21836, 100
2026/08/04 16:24:20.926, 21836, 100
2026/08/04 16:24:21.926, 21836, 100
2026/08/04 16:24:22.926, 21836, 100
2026/08/04 16:24:23.927, 21836, 100
2026/08/04 16:24:24.927, 21836, 100
2026/08/04 16:24:25.927, 21836, 100
2026/08/04 16:24:26.927, 21836, 87
2026/08/04 16:24:27.928, 21836, 100
2026/08/04 16:24:28.928, 21836, 82
2026/08/04 16:24:29.928, 21836, 100
2026/08/04 16:24:30.929, 21836, 100
2026/08/04 16:24:31.929, 21836, 100
2026/08/04 16:24:32.929, 21836, 83
2026/08/04 16:24:33.930, 21836, 100
2026/08/04 16:24:34.930, 21836, 100
2026/08/04 16:24:35.930, 21836, 100
2026/08/04 16:24:36.930, 21836, 100
2026/08/04 16:24:37.931, 21836, 100
2026/08/04 16:24:38.931, 21836, 100
2026/08/04 16:24:39.931, 21836, 100
2026/08/04 16:24:40.931, 21836, 100
2026/08/04 16:24:41.932, 21836, 100
2026/08/04 16:24:42.932, 21836, 100
2026/08/04 16:24:43.932, 21836, 72
2026/08/04 16:24:44.933, 21836, 100
2026/08/04 16:24:45.933, 21836, 100
2026/08/04 16:24:46.933, 21836, 100
2026/08/04 16:24:47.934, 21836, 100
2026/08/04 16:24:48.934, 21836, 100
2026/08/04 16:24:49.934, 21836, 66
2026/08/04 16:24:50.935, 21836, 100
2026/08/04 16:24:51.935, 21836, 84
2026/08/04 16:24:52.935, 21836, 100
2026/08/04 16:24:53.935, 21836, 100
2026/08/04 16:24:54.936, 21836, 100
2026/08/04 16:24:55.936, 21836, 100
2026/08/04 16:24:56.936, 21836, 96
2026/08/04 16:24:57.937, 21836, 100
2026/08/04 16:24:58.937, 21836, 100
2026/08/04 16:24:59.937, 21836, 100
2026/08/04 16:25:00.938, 21836, 100
2026/08/04 16:25:01.938, 21836, 100
2026/08/04 16:25:02.938, 21836, 100
2026/08/04 16:25:03.938, 21836, 100
2026/08/04 16:25:04.939, 21836, 100
2026/08/04 16:25:05.939, 21836, 100
2026/08/04 16:25:06.939, 21836, 100
2026/08/04 16:25:07.940, 21836, 100
2026/08/04 16:25:08.940, 21836, 100
2026/08/04 16:25:09.940, 21836, 100
2026/08/04 16:25:10.941, 21836, 100
2026/08/04 16:25:11.941, 21836, 100
2026/08/04 16:25:12.941, 21836, 100
2026/08/04 16:25:13.942, 21836, 100
2026/08/04 16:25:14.942, 21836, 92
2026/08/04 16:25:15.942, 21836, 100
2026/08/04 16:25:16.942, 21836, 100
2026/08/04 16:25:17.943, 21836, 100
2026/08/04 16:25:18.943, 21836, 80
2026/08/04 16:25:19.943, 21836, 82
2026/08/04 16:25:20.944, 21836, 82
2026/08/04 16:25:21.944, 21836, 100
2026/08/04 16:25:22.944, 21836, 100
2026/08/04 16:25:23.945, 21836, 100
2026/08/04 16:25:24.945, 21836, 100
2026/08/04 16:25:25.945, 21836, 100
2026/08/04 16:25:26.945, 21836, 100
2026/08/04 16:25:27.946, 21836, 100
2026/08/04 16:25:28.946, 21836, 100
2026/08/04 16:25:29.946, 21836, 100
2026/08/04 16:25:30.947, 21836, 100
2026/08/04 16:25:31.947, 21836, 100
2026/08/04 16:25:32.947, 21836, 100
2026/08/04 16:25:33.948, 21836, 84
2026/08/04 16:25:34.948, 21836, 100
2026/08/04 16:25:35.948, 21836, 100
2026/08/04 16:25:36.948, 21836, 100
2026/08/04 16:25:37.949, 21836, 100
2026/08/04 16:25:38.949, 21836, 100
2026/08/04 16:25:39.949, 21836, 93
2026/08/04 16:25:40.950, 21836, 84
2026/08/04 16:25:41.950, 21836, 100
2026/08/04 16:25:42.950, 21836, 100
2026/08/04 16:25:43.951, 21836, 100
2026/08/04 16:25:44.951, 21836, 100
2026/08/04 16:25:45.951, 21836, 100
2026/08/04 16:25:46.951, 21836, 100
2026/08/04 16:25:47.952, 21836, 82
2026/08/04 16:25:48.952, 21836, 100
2026/08/04 16:25:49.952, 21836, 100
2026/08/04 16:25:50.953, 21836, 100
2026/08/04 16:25:51.953, 21836, 100
2026/08/04 16:25:52.953, 21836, 100
2026/08/04 16:25:53.954, 21836, 100
2026/08/04 16:25:54.954, 21836, 100
2026/08/04 16:25:55.954, 21836, 69
2026/08/04 16:25:56.955, 21836, 83
2026/08/04 16:25:57.955, 21836, 100
2026/08/04 16:25:58.955, 21836, 100
2026/08/04 16:25:59.956, 21836, 100
2026/08/04 16:26:00.956, 21836, 100
2026/08/04 16:26:01.956, 21836, 100
2026/08/04 16:26:02.956, 21836, 100
2026/08/04 16:26:03.957, 21836, 71
2026/08/04 16:26:04.957, 21836, 82
2026/08/04 16:26:05.957, 21836, 100
2026/08/04 16:26:06.958, 21836, 100
2026/08/04 16:26:07.958, 21836, 100
2026/08/04 16:26:08.958, 21836, 100
2026/08/04 16:26:09.959, 21836, 100
2026/08/04 16:26:10.959, 21836, 100
2026/08/04 16:26:11.959, 21836, 91
2026/08/04 16:26:12.959, 21836, 100
2026/08/04 16:26:13.960, 21836, 100
2026/08/04 16:26:14.960, 21836, 100
2026/08/04 16:26:15.960, 21836, 100
2026/08/04 16:26:16.961, 21836, 100
2026/08/04 16:26:17.961, 21836, 100
2026/08/04 16:26:18.961, 21836, 100
2026/08/04 16:26:19.962, 21836, 100
2026/08/04 16:26:20.962, 21836, 98
2026/08/04 16:26:21.962, 21836, 100
2026/08/04 16:26:22.963, 21836, 100
2026/08/04 16:26:23.963, 21836, 76
2026/08/04 16:26:24.963, 21836, 85
2026/08/04 16:26:25.964, 21836, 100
2026/08/04 16:26:26.964, 21836, 100
2026/08/04 16:26:27.964, 21836, 100
2026/08/04 16:26:28.965, 21836, 100
2026/08/04 16:26:29.965, 21836, 100
2026/08/04 16:26:30.965, 21836, 85
2026/08/04 16:26:31.965, 21836, 100
2026/08/04 16:26:32.966, 21836, 100
2026/08/04 16:26:33.966, 21836, 100
2026/08/04 16:26:34.966, 21836, 100
2026/08/04 16:26:35.966, 21836, 97
2026/08/04 16:26:36.967, 21836, 100
2026/08/04 16:26:37.967, 21836, 100
2026/08/04 16:26:38.967, 21836, 85
2026/08/04 16:26:39.968, 21836, 100
2026/08/04 16:26:40.968, 21836, 100
2026/08/04 16:26:41.968, 21836, 100
2026/08/04 16:26:42.968, 21836, 100
2026/08/04 16:26:43.969, 21836, 100
2026/08/04 16:26:44.969, 21836, 72
2026/08/04 16:26:45.969, 21836, 100
2026/08/04 16:26:46.970, 21836, 100
2026/08/04 16:26:47.970, 21836, 100
2026/08/04 16:26:48.970, 21836, 100
2026/08/04 16:26:49.970, 21836, 100
2026/08/04 16:26:50.971, 21836, 100
2026/08/04 16:26:51.971, 21836, 100
2026/08/04 16:26:52.971, 21836, 97
2026/08/04 16:26:53.972, 21836, 85
2026/08/04 16:26:54.972, 21836, 100
2026/08/04 16:26:55.972, 21836, 100
2026/08/04 16:26:56.973, 21836, 100
2026/08/04 16:26:57.973, 21836, 100
2026/08/04 16:26:58.973, 21836, 83
2026/08/04 16:26:59.974, 21836, 100
2026/08/04 16:27:00.974, 21836, 90
2026/08/04 16:27:01.974, 21836, 100
2026/08/04 16:27:02.974, 21836, 100
2026/08/04 16:27:03.975, 21836, 83
2026/08/04 16:27:04.975, 21836, 100
2026/08/04 16:27:05.975, 21836, 100
2026/08/04 16:27:06.976, 21836, 100
2026/08/04 16:27:07.976, 21836, 82
2026/08/04 16:27:08.976, 21836, 85
2026/08/04 16:27:09.977, 21836, 100
2026/08/04 16:27:10.977, 21836, 100
2026/08/04 16:27:11.977, 21836, 100
2026/08/04 16:27:12.977, 21836, 100
2026/08/04 16:27:13.978, 21836, 100
2026/08/04 16:27:14.978, 21836, 100
2026/08/04 16:27:15.978, 21836, 74
2026/08/04 16:27:16.979, 21836, 100
2026/08/04 16:27:17.979, 21836, 100
2026/08/04 16:27:18.979, 21836, 100
2026/08/04 16:27:19.979, 21836, 100
2026/08/04 16:27:20.980, 21836, 100
2026/08/04 16:27:21.980, 21836, 100
2026/08/04 16:27:22.980, 21836, 100
2026/08/04 16:27:23.981, 21836, 100
2026/08/04 16:27:24.981, 21836, 83
2026/08/04 16:27:25.981, 21836, 100
2026/08/04 16:27:26.982, 21836, 100
2026/08/04 16:27:27.982, 21836, 100
2026/08/04 16:27:28.982, 21836, 100
2026/08/04 16:27:29.983, 21836, 100
2026/08/04 16:27:30.983, 21836, 100
2026/08/04 16:27:31.983, 21836, 100
2026/08/04 16:27:32.984, 21836, 100
2026/08/04 16:27:33.984, 21836, 100
2026/08/04 16:27:34.984, 21836, 100
2026/08/04 16:27:35.984, 21836, 100
2026/08/04 16:27:36.985, 21836, 100
2026/08/04 16:27:37.985, 21836, 100
2026/08/04 16:27:38.985, 21836, 100
2026/08/04 16:27:39.986, 21836, 100
2026/08/04 16:27:40.986, 21836, 81
2026/08/04 16:27:41.986, 21836, 100
2026/08/04 16:27:42.986, 21836, 91
2026/08/04 16:27:43.987, 21836, 100
2026/08/04 16:27:44.987, 21836, 100
2026/08/04 16:27:45.987, 21836, 100
2026/08/04 16:27:46.988, 21836, 100
2026/08/04 16:27:47.988, 21836, 77
2026/08/04 16:27:48.988, 21836, 100
2026/08/04 16:27:49.989, 21836, 88
2026/08/04 16:27:50.989, 21836, 76
2026/08/04 16:27:51.989, 21836, 100
2026/08/04 16:27:52.989, 21836, 100
2026/08/04 16:27:53.990, 21836, 77
2026/08/04 16:27:54.990, 21836, 94
2026/08/04 16:27:55.990, 21836, 100
2026/08/04 16:27:56.991, 21836, 100
2026/08/04 16:27:57.991, 21836, 100
2026/08/04 16:27:58.991, 21836, 100
2026/08/04 16:27:59.992, 21836, 100
2026/08/04 16:28:00.992, 21836, 100
2026/08/04 16:28:01.992, 21836, 100
2026/08/04 16:28:02.993, 21836, 99
2026/08/04 16:28:03.993, 21836, 82
2026/08/04 16:28:04.993, 21836, 100
2026/08/04 16:28:05.994, 21836, 100
2026/08/04 16:28:06.994, 21836, 100
2026/08/04 16:28:07.994, 21836, 83
2026/08/04 16:28:08.994, 21836, 100
2026/08/04 16:28:09.995, 21836, 79
2026/08/04 16:28:10.995, 21836, 77
2026/08/04 16:28:11.995, 21836, 91
2026/08/04 16:28:12.996, 21836, 100
2026/08/04 16:28:13.996, 21836, 100
2026/08/04 16:28:14.996, 21836, 100
2026/08/04 16:28:15.997, 21836, 100
2026/08/04 16:28:16.997, 21836, 100
2026/08/04 16:28:17.997, 21836, 100
2026/08/04 16:28:18.998, 21836, 100
2026/08/04 16:28:19.998, 21836, 100
2026/08/04 16:28:20.998, 21836, 100
2026/08/04 16:28:21.999, 21836, 100
2026/08/04 16:28:22.999, 21836, 82
2026/08/04 16:28:23.999, 21836, 100
2026/08/04 16:28:25.000, 21836, 100
2026/08/04 16:28:26.000, 21836, 61
2026/08/04 16:28:27.000, 21836, 100
2026/08/04 16:28:28.001, 21836, 100
2026/08/04 16:28:29.001, 21836, 100
2026/08/04 16:28:30.001, 21836, 100
2026/08/04 16:28:31.001, 21836, 100
2026/08/04 16:28:32.002, 21836, 71
2026/08/04 16:28:33.002, 21836, 84
2026/08/04 16:28:34.003, 21836, 100
2026/08/04 16:28:35.003, 21836, 100
2026/08/04 16:28:36.003, 21836, 100
2026/08/04 16:28:37.004, 21836, 100
2026/08/04 16:28:38.004, 21836, 100
2026/08/04 16:28:39.004, 21836, 100
2026/08/04 16:28:40.004, 21836, 86
2026/08/04 16:28:41.005, 21836, 100
2026/08/04 16:28:42.005, 21836, 100
2026/08/04 16:28:43.005, 21836, 100
2026/08/04 16:28:44.006, 21836, 100
2026/08/04 16:28:45.006, 21836, 91
2026/08/04 16:28:46.006, 21836, 100
2026/08/04 16:28:47.007, 21836, 100
2026/08/04 16:28:48.007, 21836, 100
2026/08/04 16:28:49.007, 21836, 100
2026/08/04 16:28:50.007, 21836, 100
2026/08/04 16:28:51.008, 21836, 83
2026/08/04 16:28:52.008, 21836, 100
2026/08/04 16:28:53.008, 21836, 100
2026/08/04 16:28:54.009, 21836, 100
2026/08/04 16:28:55.009, 21836, 100
2026/08/04 16:28:56.009, 21836, 100
2026/08/04 16:28:57.010, 21836, 100
2026/08/04 16:28:58.010, 21836, 100
2026/08/04 16:28:59.010, 21836, 100
2026/08/04 16:29:00.010, 21836, 100
2026/08/04 16:29:01.011, 21836, 100
2026/08/04 16:29:02.011, 21836, 100
2026/08/04 16:29:03.011, 21836, 100
2026/08/04 16:29:04.012, 21836, 100
2026/08/04 16:29:05.012, 21836, 100
2026/08/04 16:29:06.012, 21836, 100
2026/08/04 16:29:07.013, 21836, 100
2026/08/04 16:29:08.013, 21836, 91
2026/08/04 16:29:09.013, 21836, 100
2026/08/04 16:29:10.014, 21836, 100
2026/08/04 16:29:11.014, 21836, 100
2026/08/04 16:29:12.014, 21836, 100
2026/08/04 16:29:13.015, 21836, 100
2026/08/04 16:29:14.015, 21836, 100
2026/08/04 16:29:15.015, 21836, 83
2026/08/04 16:29:16.016, 21836, 100
2026/08/04 16:29:17.016, 21836, 100
2026/08/04 16:29:18.016, 21836, 100
2026/08/04 16:29:19.016, 21836, 100
2026/08/04 16:29:20.017, 21836, 100
2026/08/04 16:29:21.017, 21836, 100
2026/08/04 16:29:22.017, 21836, 78
2026/08/04 16:29:23.018, 21836, 100
2026/08/04 16:29:24.018, 21836, 100
2026/08/04 16:29:25.018, 21836, 100
2026/08/04 16:29:26.018, 21836, 100
2026/08/04 16:29:27.019, 21836, 100
2026/08/04 16:29:28.019, 21836, 100
2026/08/04 16:29:29.019, 21836, 100
2026/08/04 16:29:30.019, 21836, 100
2026/08/04 16:29:31.020, 21836, 100
2026/08/04 16:29:32.020, 21836, 100
2026/08/04 16:29:33.020, 21836, 100
2026/08/04 16:29:34.021, 21836, 100
2026/08/04 16:29:35.021, 21836, 100
2026/08/04 16:29:36.021, 21836, 100
2026/08/04 16:29:37.021, 21836, 100
2026/08/04 16:29:38.022, 21836, 85
2026/08/04 16:29:39.022, 21836, 100
2026/08/04 16:29:40.023, 21836, 100
2026/08/04 16:29:41.023, 21836, 100
2026/08/04 16:29:42.023, 21836, 100
2026/08/04 16:29:43.024, 21836, 100
2026/08/04 16:29:44.024, 21836, 100
2026/08/04 16:29:45.024, 21836, 100
2026/08/04 16:29:46.024, 21836, 100
2026/08/04 16:29:47.025, 21836, 100
2026/08/04 16:29:48.025, 21836, 82
2026/08/04 16:29:49.025, 21836, 100
2026/08/04 16:29:50.026, 21836, 95
2026/08/04 16:29:51.026, 21836, 100
2026/08/04 16:29:52.026, 21836, 100
2026/08/04 16:29:53.027, 21836, 100
2026/08/04 16:29:54.027, 21836, 100
2026/08/04 16:29:55.027, 21836, 100
2026/08/04 16:29:56.027, 21836, 100
2026/08/04 16:29:57.028, 21836, 100
2026/08/04 16:29:58.028, 21836, 80
2026/08/04 16:29:59.028, 21836, 100
2026/08/04 16:30:00.029, 21836, 100
2026/08/04 16:30:01.029, 21836, 100
2026/08/04 16:30:02.029, 21836, 100
2026/08/04 16:30:03.030, 21836, 100
2026/08/04 16:30:04.030, 21836, 100
2026/08/04 16:30:05.030, 21836, 100
2026/08/04 16:30:06.031, 21836, 100
2026/08/04 16:30:07.031, 21836, 100
2026/08/04 16:30:08.032, 21836, 100
2026/08/04 16:30:09.032, 21836, 100
2026/08/04 16:30:10.032, 21836, 100
2026/08/04 16:30:11.033, 21836, 100
2026/08/04 16:30:12.033, 21836, 100
2026/08/04 16:30:13.033, 21836, 100
2026/08/04 16:30:14.033, 21836, 100
2026/08/04 16:30:15.034, 21836, 97
2026/08/04 16:30:16.034, 21836, 100
2026/08/04 16:30:17.034, 21836, 100
2026/08/04 16:30:18.035, 21836, 100
2026/08/04 16:30:19.035, 21836, 100
2026/08/04 16:30:20.035, 21836, 100
2026/08/04 16:30:21.036, 21836, 82
2026/08/04 16:30:22.036, 21836, 100
2026/08/04 16:30:23.036, 21836, 100
2026/08/04 16:30:24.037, 21836, 100
2026/08/04 16:30:25.037, 21836, 100
2026/08/04 16:30:26.037, 21836, 100
2026/08/04 16:30:27.038, 21836, 100
2026/08/04 16:30:28.038, 21836, 100
2026/08/04 16:30:29.038, 21836, 73
2026/08/04 16:30:30.039, 21836, 100
2026/08/04 16:30:31.039, 21836, 100
2026/08/04 16:30:32.039, 21836, 100
2026/08/04 16:30:33.040, 21836, 100
2026/08/04 16:30:34.040, 21836, 100
2026/08/04 16:30:35.040, 21836, 100
2026/08/04 16:30:36.041, 21836, 100
2026/08/04 16:30:37.041, 21836, 100
2026/08/04 16:30:38.041, 21836, 100
2026/08/04 16:30:39.042, 21836, 100
2026/08/04 16:30:40.042, 21836, 100
2026/08/04 16:30:41.042, 21836, 100
2026/08/04 16:30:42.043, 21836, 100
2026/08/04 16:30:43.043, 21836, 100
2026/08/04 16:30:44.043, 21836, 100
2026/08/04 16:30:45.044, 21836, 74
2026/08/04 16:30:46.044, 21836, 100
2026/08/04 16:30:47.044, 21836, 100
2026/08/04 16:30:48.044, 21836, 100
2026/08/04 16:30:49.045, 21836, 100
2026/08/04 16:30:50.045, 21836, 100
2026/08/04 16:30:51.045, 21836, 100
2026/08/04 16:30:52.046, 21836, 100
2026/08/04 16:30:53.046, 21836, 100
2026/08/04 16:30:54.047, 21836, 100
2026/08/04 16:30:55.047, 21836, 100
2026/08/04 16:30:56.047, 21836, 100
2026/08/04 16:30:57.048, 21836, 86
2026/08/04 16:30:58.048, 21836, 100
2026/08/04 16:30:59.048, 21836, 100
2026/08/04 16:31:00.048, 21836, 100
2026/08/04 16:31:01.049, 21836, 100
2026/08/04 16:31:02.049, 21836, 84
2026/08/04 16:31:03.049, 21836, 100
2026/08/04 16:31:04.050, 21836, 100
2026/08/04 16:31:05.050, 21836, 100
2026/08/04 16:31:06.050, 21836, 100
2026/08/04 16:31:07.051, 21836, 100
2026/08/04 16:31:08.051, 21836, 100
2026/08/04 16:31:09.051, 21836, 100
2026/08/04 16:31:10.052, 21836, 100
2026/08/04 16:31:11.052, 21836, 100
2026/08/04 16:31:12.052, 21836, 100
2026/08/04 16:31:13.053, 21836, 100
2026/08/04 16:31:14.053, 21836, 100
2026/08/04 16:31:15.053, 21836, 100
2026/08/04 16:31:16.053, 21836, 100
2026/08/04 16:31:17.054, 21836, 84
2026/08/04 16:31:18.054, 21836, 69
2026/08/04 16:31:19.054, 21836, 100
2026/08/04 16:31:20.055, 21836, 100
2026/08/04 16:31:21.055, 21836, 100
2026/08/04 16:31:22.055, 21836, 100
2026/08/04 16:31:23.055, 21836, 85
2026/08/04 16:31:24.056, 21836, 83
2026/08/04 16:31:25.056, 21836, 100
2026/08/04 16:31:26.056, 21836, 100
2026/08/04 16:31:27.057, 21836, 100
2026/08/04 16:31:28.057, 21836, 85
2026/08/04 16:31:29.057, 21836, 100
2026/08/04 16:31:30.058, 21836, 100
2026/08/04 16:31:31.058, 21836, 100
2026/08/04 16:31:32.058, 21836, 100
2026/08/04 16:31:33.058, 21836, 100
2026/08/04 16:31:34.059, 21836, 84
2026/08/04 16:31:35.059, 21836, 100
2026/08/04 16:31:36.059, 21836, 100
2026/08/04 16:31:37.060, 21836, 100
2026/08/04 16:31:38.060, 21836, 100
2026/08/04 16:31:39.060, 21836, 100
2026/08/04 16:31:40.061, 21836, 100
2026/08/04 16:31:41.061, 21836, 100
2026/08/04 16:31:42.061, 21836, 100
2026/08/04 16:31:43.062, 21836, 100
2026/08/04 16:31:44.062, 21836, 100
2026/08/04 16:31:45.062, 21836, 100
2026/08/04 16:31:46.064, 21836, 100
2026/08/04 16:31:47.064, 21836, 100
2026/08/04 16:31:48.064, 21836, 100
2026/08/04 16:31:49.065, 21836, 100
2026/08/04 16:31:50.065, 21836, 84
2026/08/04 16:31:51.065, 21836, 69
2026/08/04 16:31:52.066, 21836, 85
2026/08/04 16:31:53.066, 21836, 100
2026/08/04 16:31:54.066, 21836, 100
2026/08/04 16:31:55.067, 21836, 100
2026/08/04 16:31:56.067, 21836, 100
2026/08/04 16:31:57.067, 21836, 100
2026/08/04 16:31:58.068, 21836, 73
2026/08/04 16:31:59.068, 21836, 100
2026/08/04 16:32:00.069, 21836, 100
2026/08/04 16:32:01.069, 21836, 100
2026/08/04 16:32:02.069, 21836, 100
2026/08/04 16:32:03.069, 21836, 84
2026/08/04 16:32:04.070, 21836, 94
2026/08/04 16:32:05.070, 21836, 100
2026/08/04 16:32:06.070, 21836, 100
2026/08/04 16:32:07.071, 21836, 100
2026/08/04 16:32:08.071, 21836, 83
2026/08/04 16:32:09.071, 21836, 100
2026/08/04 16:32:10.072, 21836, 100
2026/08/04 16:32:11.072, 21836, 84
2026/08/04 16:32:12.072, 21836, 85
2026/08/04 16:32:13.073, 21836, 100
2026/08/04 16:32:14.073, 21836, 100
2026/08/04 16:32:15.073, 21836, 100
2026/08/04 16:32:16.077, 21836, 100
2026/08/04 16:32:17.077, 21836, 100
2026/08/04 16:32:18.078, 21836, 100
2026/08/04 16:32:19.078, 21836, 100
2026/08/04 16:32:20.078, 21836, 100
2026/08/04 16:32:21.079, 21836, 100
2026/08/04 16:32:22.079, 21836, 84
2026/08/04 16:32:23.079, 21836, 100
2026/08/04 16:32:24.079, 21836, 100
2026/08/04 16:32:25.080, 21836, 100
2026/08/04 16:32:26.080, 21836, 100
2026/08/04 16:32:27.080, 21836, 100
2026/08/04 16:32:28.081, 21836, 100
2026/08/04 16:32:29.081, 21836, 100
2026/08/04 16:32:30.081, 21836, 100
2026/08/04 16:32:31.082, 21836, 100
2026/08/04 16:32:32.082, 21836, 100
2026/08/04 16:32:33.082, 21836, 100
2026/08/04 16:32:34.083, 21836, 99
2026/08/04 16:32:35.083, 21836, 76
2026/08/04 16:32:36.083, 21836, 100
2026/08/04 16:32:37.083, 21836, 100
2026/08/04 16:32:38.084, 21836, 84
2026/08/04 16:32:39.084, 21836, 100
2026/08/04 16:32:40.084, 21836, 100
2026/08/04 16:32:41.085, 21836, 100
2026/08/04 16:32:42.086, 21836, 95
2026/08/04 16:32:43.086, 21836, 81
2026/08/04 16:32:44.086, 21836, 100
2026/08/04 16:32:45.087, 21836, 100
2026/08/04 16:32:46.087, 21836, 100
2026/08/04 16:32:47.087, 21836, 100
2026/08/04 16:32:48.087, 21836, 100
2026/08/04 16:32:49.088, 21836, 100
2026/08/04 16:32:50.088, 21836, 83
2026/08/04 16:32:51.088, 21836, 80
2026/08/04 16:32:52.089, 21836, 100
2026/08/04 16:32:53.089, 21836, 100
2026/08/04 16:32:54.089, 21836, 100
2026/08/04 16:32:55.090, 21836, 100
2026/08/04 16:32:56.090, 21836, 100
2026/08/04 16:32:57.090, 21836, 100
2026/08/04 16:32:58.091, 21836, 100
2026/08/04 16:32:59.091, 21836, 100
2026/08/04 16:33:00.091, 21836, 100
2026/08/04 16:33:01.093, 21836, 83
2026/08/04 16:33:02.093, 21836, 100
2026/08/04 16:33:03.094, 21836, 100
2026/08/04 16:33:04.094, 21836, 100
2026/08/04 16:33:05.094, 21836, 100
2026/08/04 16:33:06.095, 21836, 100
2026/08/04 16:33:07.095, 21836, 100
2026/08/04 16:33:08.095, 21836, 82
2026/08/04 16:33:09.096, 21836, 84
2026/08/04 16:33:10.096, 21836, 100
2026/08/04 16:33:11.096, 21836, 100
2026/08/04 16:33:12.097, 21836, 100
2026/08/04 16:33:13.097, 21836, 100
2026/08/04 16:33:14.097, 21836, 85
2026/08/04 16:33:15.098, 21836, 100
2026/08/04 16:33:16.098, 21836, 100
2026/08/04 16:33:17.098, 21836, 100
2026/08/04 16:33:18.098, 21836, 100
2026/08/04 16:33:19.099, 21836, 82
2026/08/04 16:33:20.099, 21836, 100
2026/08/04 16:33:21.099, 21836, 100
2026/08/04 16:33:22.100, 21836, 100
2026/08/04 16:33:23.100, 21836, 100
2026/08/04 16:33:24.101, 21836, 85
2026/08/04 16:33:25.101, 21836, 100
2026/08/04 16:33:26.101, 21836, 100
2026/08/04 16:33:27.101, 21836, 100
2026/08/04 16:33:28.102, 21836, 100
2026/08/04 16:33:29.102, 21836, 100
2026/08/04 16:33:30.102, 21836, 100
2026/08/04 16:33:31.103, 21836, 100
2026/08/04 16:33:32.103, 21836, 100
2026/08/04 16:33:33.103, 21836, 100
2026/08/04 16:33:34.104, 21836, 100
2026/08/04 16:33:35.104, 21836, 100
2026/08/04 16:33:36.104, 21836, 100
2026/08/04 16:33:37.104, 21836, 100
2026/08/04 16:33:38.105, 21836, 100
2026/08/04 16:33:39.105, 21836, 83
2026/08/04 16:33:40.106, 21836, 100
2026/08/04 16:33:41.106, 21836, 100
2026/08/04 16:33:42.106, 21836, 100
2026/08/04 16:33:43.106, 21836, 100
2026/08/04 16:33:44.107, 21836, 100
2026/08/04 16:33:45.107, 21836, 85
2026/08/04 16:33:46.107, 21836, 100
2026/08/04 16:33:47.108, 21836, 100
2026/08/04 16:33:48.108, 21836, 100
2026/08/04 16:33:49.108, 21836, 100
2026/08/04 16:33:50.109, 21836, 100
2026/08/04 16:33:51.109, 21836, 100
2026/08/04 16:33:52.109, 21836, 62
2026/08/04 16:33:53.110, 21836, 90
2026/08/04 16:33:54.110, 21836, 100
2026/08/04 16:33:55.110, 21836, 100
2026/08/04 16:33:56.110, 21836, 100
2026/08/04 16:33:57.111, 21836, 81
2026/08/04 16:33:58.111, 21836, 84
2026/08/04 16:33:59.111, 21836, 99
2026/08/04 16:34:00.112, 21836, 100
2026/08/04 16:34:01.112, 21836, 99
2026/08/04 16:34:02.112, 21836, 82
2026/08/04 16:34:03.113, 21836, 100
2026/08/04 16:34:04.113, 21836, 100
2026/08/04 16:34:05.113, 21836, 100
2026/08/04 16:34:06.114, 21836, 100
2026/08/04 16:34:07.114, 21836, 100
2026/08/04 16:34:08.114, 21836, 83
2026/08/04 16:34:09.115, 21836, 94
2026/08/04 16:34:10.115, 21836, 100
2026/08/04 16:34:11.115, 21836, 100
2026/08/04 16:34:12.115, 21836, 100
2026/08/04 16:34:13.116, 21836, 100
2026/08/04 16:34:14.116, 21836, 100
2026/08/04 16:34:15.116, 21836, 100
2026/08/04 16:34:16.117, 21836, 100
2026/08/04 16:34:17.117, 21836, 100
2026/08/04 16:34:18.117, 21836, 100
2026/08/04 16:34:19.118, 21836, 100
2026/08/04 16:34:20.118, 21836, 100
2026/08/04 16:34:21.118, 21836, 100
2026/08/04 16:34:22.119, 21836, 100
2026/08/04 16:34:23.119, 21836, 100
2026/08/04 16:34:24.119, 21836, 100
2026/08/04 16:34:25.119, 21836, 84
2026/08/04 16:34:26.120, 21836, 84
2026/08/04 16:34:27.120, 21836, 100
2026/08/04 16:34:28.120, 21836, 86
2026/08/04 16:34:29.121, 21836, 100
2026/08/04 16:34:30.121, 21836, 81
2026/08/04 16:34:31.121, 21836, 83
2026/08/04 16:34:32.122, 21836, 100
2026/08/04 16:34:33.122, 21836, 100
2026/08/04 16:34:34.122, 21836, 100
2026/08/04 16:34:35.123, 21836, 100
2026/08/04 16:34:36.123, 21836, 90
2026/08/04 16:34:37.123, 21836, 100
2026/08/04 16:34:38.124, 21836, 100
2026/08/04 16:34:39.124, 21836, 100
2026/08/04 16:34:40.124, 21836, 100
2026/08/04 16:34:41.124, 21836, 100
2026/08/04 16:34:42.125, 21836, 100
2026/08/04 16:34:43.125, 21836, 100
2026/08/04 16:34:44.125, 21836, 79
2026/08/04 16:34:45.126, 21836, 100
2026/08/04 16:34:46.126, 21836, 100
2026/08/04 16:34:47.126, 21836, 84
2026/08/04 16:34:48.127, 21836, 100
2026/08/04 16:34:49.127, 21836, 100
2026/08/04 16:34:50.127, 21836, 83
2026/08/04 16:34:51.128, 21836, 100
2026/08/04 16:34:52.128, 21836, 100
2026/08/04 16:34:53.128, 21836, 100
2026/08/04 16:34:54.129, 21836, 100
2026/08/04 16:34:55.129, 21836, 85
2026/08/04 16:34:56.129, 21836, 100
2026/08/04 16:34:57.129, 21836, 100
2026/08/04 16:34:58.130, 21836, 100
2026/08/04 16:34:59.130, 21836, 100
2026/08/04 16:35:00.130, 21836, 100
2026/08/04 16:35:01.131, 21836, 100
2026/08/04 16:35:02.131, 21836, 100
2026/08/04 16:35:03.131, 21836, 83
2026/08/04 16:35:04.132, 21836, 100
2026/08/04 16:35:05.132, 21836, 100
2026/08/04 16:35:06.132, 21836, 100
2026/08/04 16:35:07.133, 21836, 100
2026/08/04 16:35:08.133, 21836, 100
2026/08/04 16:35:09.133, 21836, 100
2026/08/04 16:35:10.134, 21836, 100
2026/08/04 16:35:11.134, 21836, 100
2026/08/04 16:35:12.134, 21836, 100
2026/08/04 16:35:13.134, 21836, 83
2026/08/04 16:35:14.135, 21836, 100
2026/08/04 16:35:15.135, 21836, 100
2026/08/04 16:35:16.135, 21836, 100
2026/08/04 16:35:17.136, 21836, 100
2026/08/04 16:35:18.136, 21836, 100
2026/08/04 16:35:19.136, 21836, 100
2026/08/04 16:35:20.137, 21836, 100
2026/08/04 16:35:21.137, 21836, 100
2026/08/04 16:35:22.137, 21836, 100
2026/08/04 16:35:23.137, 21836, 83
2026/08/04 16:35:24.138, 21836, 85
2026/08/04 16:35:25.138, 21836, 100
2026/08/04 16:35:26.138, 21836, 100
2026/08/04 16:35:27.139, 21836, 100
2026/08/04 16:35:28.139, 21836, 100
2026/08/04 16:35:29.139, 21836, 100
2026/08/04 16:35:30.140, 21836, 100
2026/08/04 16:35:31.140, 21836, 100
2026/08/04 16:35:32.140, 21836, 100
2026/08/04 16:35:33.140, 21836, 100
2026/08/04 16:35:34.141, 21836, 100
2026/08/04 16:35:35.141, 21836, 100
2026/08/04 16:35:36.141, 21836, 100
2026/08/04 16:35:37.142, 21836, 100
2026/08/04 16:35:38.142, 21836, 86
2026/08/04 16:35:39.142, 21836, 100
2026/08/04 16:35:40.143, 21836, 89
2026/08/04 16:35:41.143, 21836, 100
2026/08/04 16:35:42.143, 21836, 100
2026/08/04 16:35:43.143, 21836, 83
2026/08/04 16:35:44.144, 21836, 100
2026/08/04 16:35:45.144, 21836, 100
2026/08/04 16:35:46.145, 21836, 100
2026/08/04 16:35:47.145, 21836, 100
2026/08/04 16:35:48.145, 21836, 100
2026/08/04 16:35:49.146, 21836, 100
2026/08/04 16:35:50.146, 21836, 100
2026/08/04 16:35:51.146, 21836, 100
2026/08/04 16:35:52.146, 21836, 100
2026/08/04 16:35:53.146, 21836, 100
2026/08/04 16:35:54.147, 21836, 100
2026/08/04 16:35:55.147, 21836, 100
2026/08/04 16:35:56.147, 21836, 100
2026/08/04 16:35:57.147, 21836, 100
2026/08/04 16:35:58.148, 21836, 100
2026/08/04 16:35:59.148, 21836, 100
2026/08/04 16:36:00.148, 21836, 100
2026/08/04 16:36:01.149, 21836, 100
2026/08/04 16:36:02.149, 21836, 96
2026/08/04 16:36:03.149, 21836, 100
2026/08/04 16:36:04.149, 21836, 100
2026/08/04 16:36:05.150, 21836, 100
2026/08/04 16:36:06.150, 21836, 100
2026/08/04 16:36:07.150, 21836, 100
2026/08/04 16:36:08.151, 21836, 83
2026/08/04 16:36:09.151, 21836, 100
2026/08/04 16:36:10.151, 21836, 100
2026/08/04 16:36:11.152, 21836, 100
2026/08/04 16:36:12.152, 21836, 100
2026/08/04 16:36:13.152, 21836, 100
2026/08/04 16:36:14.153, 21836, 100
2026/08/04 16:36:15.153, 21836, 100
2026/08/04 16:36:16.153, 21836, 100
2026/08/04 16:36:17.153, 21836, 100
2026/08/04 16:36:18.154, 21836, 100
2026/08/04 16:36:19.154, 21836, 100
2026/08/04 16:36:20.154, 21836, 100
2026/08/04 16:36:21.155, 21836, 100
2026/08/04 16:36:22.155, 21836, 100
2026/08/04 16:36:23.155, 21836, 100
2026/08/04 16:36:24.156, 21836, 100
2026/08/04 16:36:25.156, 21836, 100
2026/08/04 16:36:26.156, 21836, 85
2026/08/04 16:36:27.157, 21836, 84
2026/08/04 16:36:28.157, 21836, 100
2026/08/04 16:36:29.157, 21836, 100
2026/08/04 16:36:30.158, 21836, 94
2026/08/04 16:36:31.158, 21836, 100
2026/08/04 16:36:32.158, 21836, 100
2026/08/04 16:36:33.159, 21836, 100
2026/08/04 16:36:34.159, 21836, 100
2026/08/04 16:36:35.159, 21836, 100
2026/08/04 16:36:36.159, 21836, 100
2026/08/04 16:36:37.160, 21836, 100
2026/08/04 16:36:38.160, 21836, 100
2026/08/04 16:36:39.160, 21836, 100
2026/08/04 16:36:40.161, 21836, 85
2026/08/04 16:36:41.161, 21836, 95
2026/08/04 16:36:42.161, 21836, 100
2026/08/04 16:36:43.162, 21836, 100
2026/08/04 16:36:44.162, 21836, 100
2026/08/04 16:36:45.162, 21836, 86
2026/08/04 16:36:46.163, 21836, 100
2026/08/04 16:36:47.163, 21836, 100
2026/08/04 16:36:48.163, 21836, 100
2026/08/04 16:36:49.163, 21836, 100
2026/08/04 16:36:50.164, 21836, 84
2026/08/04 16:36:51.164, 21836, 100
2026/08/04 16:36:52.164, 21836, 100
2026/08/04 16:36:53.164, 21836, 100
2026/08/04 16:36:54.165, 21836, 100
2026/08/04 16:36:55.165, 21836, 100
2026/08/04 16:36:56.165, 21836, 100
2026/08/04 16:36:57.166, 21836, 100
2026/08/04 16:36:58.166, 21836, 100
2026/08/04 16:36:59.166, 21836, 83
2026/08/04 16:37:00.167, 21836, 100
2026/08/04 16:37:01.167, 21836, 84
2026/08/04 16:37:02.167, 21836, 100
2026/08/04 16:37:03.167, 21836, 100
2026/08/04 16:37:04.168, 21836, 100
2026/08/04 16:37:05.168, 21836, 100
2026/08/04 16:37:06.168, 21836, 85
2026/08/04 16:37:07.169, 21836, 100
2026/08/04 16:37:08.169, 21836, 100
2026/08/04 16:37:09.169, 21836, 100
2026/08/04 16:37:10.169, 21836, 100
2026/08/04 16:37:11.170, 21836, 100
2026/08/04 16:37:12.170, 21836, 100
2026/08/04 16:37:13.170, 21836, 100
2026/08/04 16:37:14.171, 21836, 84
2026/08/04 16:37:15.171, 21836, 84
2026/08/04 16:37:16.171, 21836, 100
2026/08/04 16:37:17.172, 21836, 100
2026/08/04 16:37:18.172, 21836, 100
2026/08/04 16:37:19.172, 21836, 100
2026/08/04 16:37:20.172, 21836, 62
2026/08/04 16:37:21.173, 21836, 100
2026/08/04 16:37:22.173, 21836, 100
2026/08/04 16:37:23.173, 21836, 100
2026/08/04 16:37:24.174, 21836, 100
2026/08/04 16:37:25.174, 21836, 100
2026/08/04 16:37:26.174, 21836, 100
2026/08/04 16:37:27.174, 21836, 100
2026/08/04 16:37:28.175, 21836, 100
2026/08/04 16:37:29.175, 21836, 100
2026/08/04 16:37:30.175, 21836, 100
2026/08/04 16:37:31.176, 21836, 81
2026/08/04 16:37:32.176, 21836, 100
2026/08/04 16:37:33.176, 21836, 100
2026/08/04 16:37:34.177, 21836, 100
2026/08/04 16:37:35.177, 21836, 100
2026/08/04 16:37:36.177, 21836, 100
2026/08/04 16:37:37.177, 21836, 100
2026/08/04 16:37:38.178, 21836, 100
2026/08/04 16:37:39.178, 21836, 85
2026/08/04 16:37:40.178, 21836, 100
2026/08/04 16:37:41.179, 21836, 100
2026/08/04 16:37:42.179, 21836, 100
2026/08/04 16:37:43.179, 21836, 100
2026/08/04 16:37:44.179, 21836, 100
2026/08/04 16:37:45.180, 21836, 86
2026/08/04 16:37:46.180, 21836, 100
2026/08/04 16:37:47.180, 21836, 100
2026/08/04 16:37:48.181, 21836, 82
2026/08/04 16:37:49.181, 21836, 100
2026/08/04 16:37:50.181, 21836, 73
2026/08/04 16:37:51.181, 21836, 100
2026/08/04 16:37:52.182, 21836, 100
2026/08/04 16:37:53.182, 21836, 100
2026/08/04 16:37:54.182, 21836, 100
2026/08/04 16:37:55.183, 21836, 100
2026/08/04 16:37:56.183, 21836, 85
2026/08/04 16:37:57.183, 21836, 100
2026/08/04 16:37:58.184, 21836, 100
2026/08/04 16:37:59.184, 21836, 70
2026/08/04 16:38:00.184, 21836, 100
2026/08/04 16:38:01.185, 21836, 100
2026/08/04 16:38:02.185, 21836, 87
2026/08/04 16:38:03.185, 21836, 84
2026/08/04 16:38:04.186, 21836, 71
2026/08/04 16:38:05.186, 21836, 100
2026/08/04 16:38:06.186, 21836, 100
2026/08/04 16:38:07.186, 21836, 100
2026/08/04 16:38:08.187, 21836, 100
2026/08/04 16:38:09.187, 21836, 100
2026/08/04 16:38:10.187, 21836, 100
2026/08/04 16:38:11.188, 21836, 100
2026/08/04 16:38:12.188, 21836, 85
2026/08/04 16:38:13.188, 21836, 100
2026/08/04 16:38:14.189, 21836, 100
2026/08/04 16:38:15.189, 21836, 100
2026/08/04 16:38:16.189, 21836, 100
2026/08/04 16:38:17.189, 21836, 100
2026/08/04 16:38:18.190, 21836, 100
2026/08/04 16:38:19.190, 21836, 100
2026/08/04 16:38:20.190, 21836, 100
2026/08/04 16:38:21.191, 21836, 100
2026/08/04 16:38:22.191, 21836, 100
2026/08/04 16:38:23.191, 21836, 100
2026/08/04 16:38:24.191, 21836, 98
2026/08/04 16:38:25.192, 21836, 100
2026/08/04 16:38:26.192, 21836, 100
2026/08/04 16:38:27.192, 21836, 100
2026/08/04 16:38:28.193, 21836, 100
2026/08/04 16:38:29.193, 21836, 100
2026/08/04 16:38:30.193, 21836, 100
2026/08/04 16:38:31.194, 21836, 100
2026/08/04 16:38:32.194, 21836, 100
2026/08/04 16:38:33.194, 21836, 100
2026/08/04 16:38:34.194, 21836, 100
2026/08/04 16:38:35.195, 21836, 100
2026/08/04 16:38:36.195, 21836, 100
2026/08/04 16:38:37.195, 21836, 100
2026/08/04 16:38:38.196, 21836, 89
2026/08/04 16:38:39.196, 21836, 100
2026/08/04 16:38:40.196, 21836, 100
2026/08/04 16:38:41.196, 21836, 100
2026/08/04 16:38:42.197, 21836, 100
2026/08/04 16:38:43.197, 21836, 100
2026/08/04 16:38:44.197, 21836, 100
2026/08/04 16:38:45.198, 21836, 100
2026/08/04 16:38:46.198, 21836, 100
2026/08/04 16:38:47.198, 21836, 100
2026/08/04 16:38:48.198, 21836, 100
2026/08/04 16:38:49.199, 21836, 100
2026/08/04 16:38:50.199, 21836, 100
2026/08/04 16:38:51.199, 21836, 100
2026/08/04 16:38:52.200, 21836, 78
2026/08/04 16:38:53.200, 21836, 100
2026/08/04 16:38:54.200, 21836, 100
2026/08/04 16:38:55.201, 21836, 100
2026/08/04 16:38:56.201, 21836, 100
2026/08/04 16:38:57.201, 21836, 80
2026/08/04 16:38:58.201, 21836, 100
2026/08/04 16:38:59.202, 21836, 100
2026/08/04 16:39:00.202, 21836, 100
2026/08/04 16:39:01.202, 21836, 100
2026/08/04 16:39:02.203, 21836, 100
2026/08/04 16:39:03.203, 21836, 100
2026/08/04 16:39:04.203, 21836, 82
2026/08/04 16:39:05.204, 21836, 100
2026/08/04 16:39:06.204, 21836, 100
2026/08/04 16:39:07.204, 21836, 100
2026/08/04 16:39:08.205, 21836, 100
2026/08/04 16:39:09.205, 21836, 100
2026/08/04 16:39:10.205, 21836, 100
2026/08/04 16:39:11.206, 21836, 100
2026/08/04 16:39:12.206, 21836, 100
2026/08/04 16:39:13.206, 21836, 100
2026/08/04 16:39:14.206, 21836, 100
2026/08/04 16:39:15.207, 21836, 100
2026/08/04 16:39:16.207, 21836, 100
2026/08/04 16:39:17.207, 21836, 100
2026/08/04 16:39:18.208, 21836, 100
2026/08/04 16:39:19.208, 21836, 84
2026/08/04 16:39:20.208, 21836, 100
2026/08/04 16:39:21.209, 21836, 100
2026/08/04 16:39:22.209, 21836, 100
2026/08/04 16:39:23.209, 21836, 100
2026/08/04 16:39:24.209, 21836, 100
2026/08/04 16:39:25.210, 21836, 78
2026/08/04 16:39:26.210, 21836, 84
2026/08/04 16:39:27.210, 21836, 100
2026/08/04 16:39:28.211, 21836, 100
2026/08/04 16:39:29.211, 21836, 68
2026/08/04 16:39:30.211, 21836, 100
2026/08/04 16:39:31.211, 21836, 99
2026/08/04 16:39:32.212, 21836, 84
2026/08/04 16:39:33.212, 21836, 100
2026/08/04 16:39:34.212, 21836, 100
2026/08/04 16:39:35.213, 21836, 100
2026/08/04 16:39:36.213, 21836, 100
2026/08/04 16:39:37.213, 21836, 100
2026/08/04 16:39:38.214, 21836, 100
2026/08/04 16:39:39.214, 21836, 100
2026/08/04 16:39:40.214, 21836, 100
2026/08/04 16:39:41.214, 21836, 100
2026/08/04 16:39:42.215, 21836, 100
2026/08/04 16:39:43.215, 21836, 100
2026/08/04 16:39:44.215, 21836, 86
2026/08/04 16:39:45.216, 21836, 100
2026/08/04 16:39:46.216, 21836, 100
2026/08/04 16:39:47.216, 21836, 100
2026/08/04 16:39:48.217, 21836, 72
2026/08/04 16:39:49.217, 21836, 100
2026/08/04 16:39:50.217, 21836, 100
2026/08/04 16:39:51.218, 21836, 100
2026/08/04 16:39:52.218, 21836, 83
2026/08/04 16:39:53.218, 21836, 100
2026/08/04 16:39:54.219, 21836, 84
2026/08/04 16:39:55.219, 21836, 100
2026/08/04 16:39:56.219, 21836, 100
2026/08/04 16:39:57.219, 21836, 100
2026/08/04 16:39:58.220, 21836, 100
2026/08/04 16:39:59.220, 21836, 100
2026/08/04 16:40:00.220, 21836, 100
2026/08/04 16:40:01.221, 21836, 84
2026/08/04 16:40:02.221, 21836, 100
2026/08/04 16:40:03.221, 21836, 100
2026/08/04 16:40:04.222, 21836, 85
2026/08/04 16:40:05.222, 21836, 100
2026/08/04 16:40:06.222, 21836, 83
2026/08/04 16:40:07.222, 21836, 84
2026/08/04 16:40:08.223, 21836, 100
2026/08/04 16:40:09.223, 21836, 100
2026/08/04 16:40:10.223, 21836, 100
2026/08/04 16:40:11.224, 21836, 82
2026/08/04 16:40:12.224, 21836, 100
2026/08/04 16:40:13.224, 21836, 100
2026/08/04 16:40:14.224, 21836, 100
2026/08/04 16:40:15.225, 21836, 100
2026/08/04 16:40:16.225, 21836, 100
2026/08/04 16:40:17.225, 21836, 100
2026/08/04 16:40:18.226, 21836, 100
2026/08/04 16:40:19.226, 21836, 100
2026/08/04 16:40:20.226, 21836, 100
2026/08/04 16:40:21.226, 21836, 100
2026/08/04 16:40:22.227, 21836, 100
2026/08/04 16:40:23.227, 21836, 100
2026/08/04 16:40:24.227, 21836, 100
2026/08/04 16:40:25.228, 21836, 100
2026/08/04 16:40:26.228, 21836, 100
2026/08/04 16:40:27.228, 21836, 100
2026/08/04 16:40:28.228, 21836, 100
2026/08/04 16:40:29.229, 21836, 100
2026/08/04 16:40:30.229, 21836, 100
2026/08/04 16:40:31.229, 21836, 100
2026/08/04 16:40:32.230, 21836, 100
2026/08/04 16:40:33.230, 21836, 100
2026/08/04 16:40:34.230, 21836, 100
2026/08/04 16:40:35.231, 21836, 100
2026/08/04 16:40:36.231, 21836, 100
2026/08/04 16:40:37.231, 21836, 100
2026/08/04 16:40:38.232, 21836, 100
2026/08/04 16:40:39.232, 21836, 100
2026/08/04 16:40:40.232, 21836, 100
2026/08/04 16:40:41.232, 21836, 100
2026/08/04 16:40:42.233, 21836, 100
2026/08/04 16:40:43.233, 21836, 100
2026/08/04 16:40:44.233, 21836, 100
2026/08/04 16:40:45.233, 21836, 100
2026/08/04 16:40:46.234, 21836, 100
2026/08/04 16:40:47.234, 21836, 100
2026/08/04 16:40:48.234, 21836, 100
2026/08/04 16:40:49.235, 21836, 100
2026/08/04 16:40:50.235, 21836, 100
2026/08/04 16:40:51.235, 21836, 100
2026/08/04 16:40:52.236, 21836, 100
2026/08/04 16:40:53.236, 21836, 100
2026/08/04 16:40:54.236, 21836, 100
2026/08/04 16:40:55.237, 21836, 100
2026/08/04 16:40:56.237, 21836, 100
2026/08/04 16:40:57.237, 21836, 100
2026/08/04 16:40:58.237, 21836, 100
2026/08/04 16:40:59.238, 21836, 85
2026/08/04 16:41:00.238, 21836, 100
2026/08/04 16:41:01.238, 21836, 100
2026/08/04 16:41:02.239, 21836, 83
2026/08/04 16:41:03.239, 21836, 100
2026/08/04 16:41:04.239, 21836, 100
2026/08/04 16:41:05.239, 21836, 100
2026/08/04 16:41:06.240, 21836, 100
2026/08/04 16:41:07.240, 21836, 100
2026/08/04 16:41:08.240, 21836, 100
2026/08/04 16:41:09.240, 21836, 100
2026/08/04 16:41:10.241, 21836, 100
2026/08/04 16:41:11.241, 21836, 100
2026/08/04 16:41:12.241, 21836, 100
2026/08/04 16:41:13.242, 21836, 100
2026/08/04 16:41:14.242, 21836, 89
2026/08/04 16:41:15.242, 21836, 100
2026/08/04 16:41:16.243, 21836, 100
2026/08/04 16:41:17.243, 21836, 100
2026/08/04 16:41:18.243, 21836, 100
2026/08/04 16:41:19.243, 21836, 81
2026/08/04 16:41:20.244, 21836, 100
2026/08/04 16:41:21.244, 21836, 92
2026/08/04 16:41:22.244, 21836, 100
2026/08/04 16:41:23.245, 21836, 84
2026/08/04 16:41:24.245, 21836, 100
2026/08/04 16:41:25.245, 21836, 92
2026/08/04 16:41:26.245, 21836, 100
2026/08/04 16:41:27.246, 21836, 100
2026/08/04 16:41:28.246, 21836, 100
2026/08/04 16:41:29.246, 21836, 100
2026/08/04 16:41:30.247, 21836, 100
2026/08/04 16:41:31.247, 21836, 100
2026/08/04 16:41:32.247, 21836, 89
2026/08/04 16:41:33.247, 21836, 100
2026/08/04 16:41:34.248, 21836, 100
2026/08/04 16:41:35.248, 21836, 100
2026/08/04 16:41:36.248, 21836, 83
2026/08/04 16:41:37.249, 21836, 100
2026/08/04 16:41:38.249, 21836, 100
2026/08/04 16:41:39.249, 21836, 100
2026/08/04 16:41:40.250, 21836, 100
2026/08/04 16:41:41.250, 21836, 100
2026/08/04 16:41:42.252, 21836, 100
2026/08/04 16:41:43.253, 21836, 100
2026/08/04 16:41:44.253, 21836, 84
2026/08/04 16:41:45.253, 21836, 100
2026/08/04 16:41:46.254, 21836, 100
2026/08/04 16:41:47.254, 21836, 100
2026/08/04 16:41:48.254, 21836, 100
2026/08/04 16:41:49.254, 21836, 100
2026/08/04 16:41:50.255, 21836, 77
2026/08/04 16:41:51.255, 21836, 85
2026/08/04 16:41:52.256, 21836, 94
2026/08/04 16:41:53.256, 21836, 100
2026/08/04 16:41:54.256, 21836, 100
2026/08/04 16:41:55.257, 21836, 100
2026/08/04 16:41:56.257, 21836, 100
2026/08/04 16:41:57.257, 21836, 100
2026/08/04 16:41:58.258, 21836, 100
2026/08/04 16:41:59.258, 21836, 100
2026/08/04 16:42:00.258, 21836, 84
2026/08/04 16:42:01.259, 21836, 84
2026/08/04 16:42:02.259, 21836, 100
2026/08/04 16:42:03.259, 21836, 100
2026/08/04 16:42:04.259, 21836, 70
2026/08/04 16:42:05.260, 21836, 80
2026/08/04 16:42:06.260, 21836, 100
2026/08/04 16:42:07.260, 21836, 100
2026/08/04 16:42:08.261, 21836, 100
2026/08/04 16:42:09.261, 21836, 100
2026/08/04 16:42:10.261, 21836, 100
2026/08/04 16:42:11.262, 21836, 100
2026/08/04 16:42:12.262, 21836, 99
2026/08/04 16:42:13.262, 21836, 100
2026/08/04 16:42:14.262, 21836, 100
2026/08/04 16:42:15.263, 21836, 100
2026/08/04 16:42:16.263, 21836, 89
2026/08/04 16:42:17.263, 21836, 97
2026/08/04 16:42:18.264, 21836, 100
2026/08/04 16:42:19.264, 21836, 100
2026/08/04 16:42:20.264, 21836, 100
2026/08/04 16:42:21.264, 21836, 100
2026/08/04 16:42:22.265, 21836, 100
2026/08/04 16:42:23.265, 21836, 100
2026/08/04 16:42:24.265, 21836, 100
2026/08/04 16:42:25.266, 21836, 100
2026/08/04 16:42:26.266, 21836, 100
2026/08/04 16:42:27.266, 21836, 90
2026/08/04 16:42:28.267, 21836, 100
2026/08/04 16:42:29.267, 21836, 100
2026/08/04 16:42:30.267, 21836, 100
2026/08/04 16:42:31.267, 21836, 100
2026/08/04 16:42:32.268, 21836, 100
2026/08/04 16:42:33.268, 21836, 100
2026/08/04 16:42:34.268, 21836, 100
2026/08/04 16:42:35.268, 21836, 100
2026/08/04 16:42:36.269, 21836, 100
2026/08/04 16:42:37.269, 21836, 82
2026/08/04 16:42:38.269, 21836, 86
2026/08/04 16:42:39.270, 21836, 100
2026/08/04 16:42:40.270, 21836, 82
2026/08/04 16:42:41.270, 21836, 100
2026/08/04 16:42:42.271, 21836, 100
2026/08/04 16:42:43.271, 21836, 100
2026/08/04 16:42:44.272, 21836, 100
2026/08/04 16:42:45.272, 21836, 100
2026/08/04 16:42:46.272, 21836, 100
2026/08/04 16:42:47.276, 21836, 100
2026/08/04 16:42:48.276, 21836, 100
2026/08/04 16:42:49.276, 21836, 100
2026/08/04 16:42:50.276, 21836, 100
2026/08/04 16:42:51.277, 21836, 100
2026/08/04 16:42:52.279, 21836, 100
2026/08/04 16:42:53.279, 21836, 100
2026/08/04 16:42:54.280, 21836, 100
2026/08/04 16:42:55.281, 21836, 93
2026/08/04 16:42:56.283, 21836, 100
2026/08/04 16:42:57.284, 21836, 100
2026/08/04 16:42:58.285, 21836, 100
2026/08/04 16:42:59.287, 21836, 100
2026/08/04 16:43:00.288, 21836, 100
2026/08/04 16:43:01.290, 21836, 100
2026/08/04 16:43:02.291, 21836, 100
2026/08/04 16:43:03.291, 21836, 100
2026/08/04 16:43:04.292, 21836, 99
2026/08/04 16:43:05.293, 21836, 94
2026/08/04 16:43:06.294, 21836, 100
2026/08/04 16:43:07.296, 21836, 100
2026/08/04 16:43:08.297, 21836, 100
2026/08/04 16:43:09.298, 21836, 100
2026/08/04 16:43:10.300, 21836, 65
2026/08/04 16:43:11.301, 21836, 100
2026/08/04 16:43:12.303, 21836, 100
2026/08/04 16:43:13.304, 21836, 100
2026/08/04 16:43:14.305, 21836, 100
2026/08/04 16:43:15.307, 21836, 100
2026/08/04 16:43:16.308, 21836, 87
2026/08/04 16:43:17.308, 21836, 74
2026/08/04 16:43:18.309, 21836, 100
2026/08/04 16:43:19.310, 21836, 100
2026/08/04 16:43:20.312, 21836, 100
2026/08/04 16:43:21.312, 21836, 100
2026/08/04 16:43:22.312, 21836, 100
2026/08/04 16:43:23.313, 21836, 82
2026/08/04 16:43:24.314, 21836, 100
2026/08/04 16:43:25.315, 21836, 84
2026/08/04 16:43:26.317, 21836, 84
2026/08/04 16:43:27.318, 21836, 91
2026/08/04 16:43:28.319, 21836, 83
2026/08/04 16:43:29.321, 21836, 100
2026/08/04 16:43:30.322, 21836, 100
2026/08/04 16:43:31.324, 21836, 100
2026/08/04 16:43:32.325, 21836, 100
2026/08/04 16:43:33.326, 21836, 100
2026/08/04 16:43:34.328, 21836, 99
2026/08/04 16:43:35.329, 21836, 100
2026/08/04 16:43:36.330, 21836, 100
2026/08/04 16:43:37.332, 21836, 84
2026/08/04 16:43:38.333, 21836, 100
2026/08/04 16:43:39.335, 21836, 100
2026/08/04 16:43:40.336, 21836, 100
2026/08/04 16:43:41.337, 21836, 100
2026/08/04 16:43:42.338, 21836, 100
2026/08/04 16:43:43.339, 21836, 100
2026/08/04 16:43:44.340, 21836, 100
2026/08/04 16:43:45.342, 21836, 100
2026/08/04 16:43:46.343, 21836, 100
2026/08/04 16:43:47.344, 21836, 100
2026/08/04 16:43:48.346, 21836, 100
2026/08/04 16:43:49.346, 21836, 100
2026/08/04 16:43:50.347, 21836, 100
2026/08/04 16:43:51.347, 21836, 98
2026/08/04 16:43:52.347, 21836, 100
2026/08/04 16:43:53.348, 21836, 100
2026/08/04 16:43:54.349, 21836, 100
2026/08/04 16:43:55.350, 21836, 100
2026/08/04 16:43:56.352, 21836, 100
2026/08/04 16:43:57.353, 21836, 100
2026/08/04 16:43:58.354, 21836, 99
2026/08/04 16:43:59.356, 21836, 100
2026/08/04 16:44:00.357, 21836, 100
2026/08/04 16:44:01.358, 21836, 81
2026/08/04 16:44:02.360, 21836, 100
2026/08/04 16:44:03.361, 21836, 100
2026/08/04 16:44:04.363, 21836, 73
2026/08/04 16:44:05.364, 21836, 100
2026/08/04 16:44:06.365, 21836, 100
2026/08/04 16:44:07.366, 21836, 81
2026/08/04 16:44:08.366, 21836, 100
2026/08/04 16:44:09.366, 21836, 100
2026/08/04 16:44:10.368, 21836, 100
2026/08/04 16:44:11.369, 21836, 100
2026/08/04 16:44:12.370, 21836, 100
2026/08/04 16:44:13.372, 21836, 0
2026/08/04 16:44:14.373, 21836, 6
2026/08/04 16:44:15.374, 21836, 100
2026/08/04 16:44:16.376, 21836, 100
2026/08/04 16:44:17.377, 21836, 100
2026/08/04 16:44:18.377, 21836, 92
2026/08/04 16:44:19.378, 21836, 100
2026/08/04 16:44:20.378, 21836, 100
2026/08/04 16:44:21.378, 21836, 100
2026/08/04 16:44:22.379, 21836, 100
2026/08/04 16:44:23.380, 21836, 77
2026/08/04 16:44:24.380, 21836, 84
2026/08/04 16:44:25.381, 21836, 100
2026/08/04 16:44:26.381, 21836, 100
2026/08/04 16:44:27.381, 21836, 100
2026/08/04 16:44:28.382, 21836, 100
2026/08/04 16:44:29.382, 21836, 100
2026/08/04 16:44:30.382, 21836, 74
2026/08/04 16:44:31.384, 21836, 92
2026/08/04 16:44:32.384, 21836, 100
2026/08/04 16:44:33.385, 21836, 100
2026/08/04 16:44:34.386, 21836, 100
2026/08/04 16:44:35.386, 21836, 100
2026/08/04 16:44:36.386, 21836, 100
2026/08/04 16:44:37.388, 21836, 100
2026/08/04 16:44:38.389, 21836, 100
2026/08/04 16:44:39.389, 21836, 100
2026/08/04 16:44:40.391, 21836, 100
2026/08/04 16:44:41.392, 21836, 100
2026/08/04 16:44:42.392, 21836, 100
2026/08/04 16:44:43.394, 21836, 70
2026/08/04 16:44:44.394, 21836, 100
2026/08/04 16:44:45.394, 21836, 100
2026/08/04 16:44:46.395, 21836, 100
2026/08/04 16:44:47.395, 21836, 100
2026/08/04 16:44:48.396, 21836, 100
2026/08/04 16:44:49.398, 21836, 100
2026/08/04 16:44:50.399, 21836, 100
2026/08/04 16:44:51.400, 21836, 100
2026/08/04 16:44:52.406, 21836, 100
2026/08/04 16:44:53.406, 21836, 100
2026/08/04 16:44:54.406, 21836, 100
2026/08/04 16:44:55.408, 21836, 100
2026/08/04 16:44:56.408, 21836, 100
2026/08/04 16:44:57.409, 21836, 71
2026/08/04 16:44:58.410, 21836, 100
2026/08/04 16:44:59.410, 21836, 100
2026/08/04 16:45:00.411, 21836, 100
2026/08/04 16:45:01.412, 21836, 100
2026/08/04 16:45:02.413, 21836, 100
2026/08/04 16:45:03.415, 21836, 100
2026/08/04 16:45:04.416, 21836, 100
2026/08/04 16:45:05.417, 21836, 100
2026/08/04 16:45:06.418, 21836, 100
2026/08/04 16:45:07.418, 21836, 97
2026/08/04 16:45:08.419, 21836, 100
2026/08/04 16:45:09.420, 21836, 100
2026/08/04 16:45:10.421, 21836, 99
2026/08/04 16:45:11.422, 21836, 100
2026/08/04 16:45:12.424, 21836, 100
2026/08/04 16:45:13.424, 21836, 100
2026/08/04 16:45:14.424, 21836, 100
2026/08/04 16:45:15.426, 21836, 100
2026/08/04 16:45:16.426, 21836, 100
2026/08/04 16:45:17.426, 21836, 68
2026/08/04 16:45:18.428, 21836, 100
2026/08/04 16:45:19.428, 21836, 80
2026/08/04 16:45:20.429, 21836, 100
2026/08/04 16:45:21.431, 21836, 100
2026/08/04 16:45:22.432, 21836, 100
2026/08/04 16:45:23.433, 21836, 77
2026/08/04 16:45:24.435, 21836, 100
2026/08/04 16:45:25.436, 21836, 100
2026/08/04 16:45:26.437, 21836, 100
2026/08/04 16:45:27.439, 21836, 100
2026/08/04 16:45:28.440, 21836, 100
2026/08/04 16:45:29.442, 21836, 100
2026/08/04 16:45:30.443, 21836, 100
2026/08/04 16:45:31.444, 21836, 100
2026/08/04 16:45:32.446, 21836, 100
2026/08/04 16:45:33.447, 21836, 100
2026/08/04 16:45:34.447, 21836, 83
2026/08/04 16:45:35.449, 21836, 100
2026/08/04 16:45:36.450, 21836, 100
2026/08/04 16:45:37.451, 21836, 100
2026/08/04 16:45:38.453, 21836, 100
2026/08/04 16:45:39.454, 21836, 100
2026/08/04 16:45:40.454, 21836, 100
2026/08/04 16:45:41.456, 21836, 100
2026/08/04 16:45:42.457, 21836, 100
2026/08/04 16:45:43.458, 21836, 100
2026/08/04 16:45:44.460, 21836, 100
2026/08/04 16:45:45.461, 21836, 70
2026/08/04 16:45:46.463, 21836, 100
2026/08/04 16:45:47.463, 21836, 100
2026/08/04 16:45:48.464, 21836, 100
2026/08/04 16:45:49.464, 21836, 100
2026/08/04 16:45:50.465, 21836, 84
2026/08/04 16:45:51.465, 21836, 69
2026/08/04 16:45:52.466, 21836, 100
2026/08/04 16:45:53.467, 21836, 100
2026/08/04 16:45:54.468, 21836, 100
2026/08/04 16:45:55.468, 21836, 100
2026/08/04 16:45:56.470, 21836, 100
2026/08/04 16:45:57.470, 21836, 100
2026/08/04 16:45:58.471, 21836, 100
2026/08/04 16:45:59.471, 21836, 100
2026/08/04 16:46:00.471, 21836, 100
2026/08/04 16:46:01.473, 21836, 100
2026/08/04 16:46:02.473, 21836, 100
2026/08/04 16:46:03.473, 21836, 100
2026/08/04 16:46:04.473, 21836, 100
2026/08/04 16:46:05.474, 21836, 100
2026/08/04 16:46:06.474, 21836, 90
2026/08/04 16:46:07.474, 21836, 100
2026/08/04 16:46:08.475, 21836, 76
2026/08/04 16:46:09.475, 21836, 100
2026/08/04 16:46:10.475, 21836, 100
2026/08/04 16:46:11.476, 21836, 100
2026/08/04 16:46:12.477, 21836, 100
2026/08/04 16:46:13.478, 21836, 100
2026/08/04 16:46:14.480, 21836, 100
2026/08/04 16:46:15.481, 21836, 100
2026/08/04 16:46:16.481, 21836, 100
2026/08/04 16:46:17.482, 21836, 100
2026/08/04 16:46:18.483, 21836, 100
2026/08/04 16:46:19.484, 21836, 83
2026/08/04 16:46:20.485, 21836, 100
2026/08/04 16:46:21.485, 21836, 100
2026/08/04 16:46:22.486, 21836, 100
2026/08/04 16:46:23.486, 21836, 100
2026/08/04 16:46:24.487, 21836, 100
2026/08/04 16:46:25.487, 21836, 100
2026/08/04 16:46:26.487, 21836, 100
2026/08/04 16:46:27.488, 21836, 70
2026/08/04 16:46:28.488, 21836, 100
2026/08/04 16:46:29.488, 21836, 100
2026/08/04 16:46:30.489, 21836, 100
2026/08/04 16:46:31.489, 21836, 100
2026/08/04 16:46:32.489, 21836, 100
2026/08/04 16:46:33.490, 21836, 100
2026/08/04 16:46:34.490, 21836, 100
2026/08/04 16:46:35.490, 21836, 70
2026/08/04 16:46:36.491, 21836, 83
2026/08/04 16:46:37.492, 21836, 100
2026/08/04 16:46:38.492, 21836, 100
2026/08/04 16:46:39.492, 21836, 100
2026/08/04 16:46:40.493, 21836, 100
2026/08/04 16:46:41.493, 21836, 100
2026/08/04 16:46:42.493, 21836, 100
2026/08/04 16:46:43.494, 21836, 100
2026/08/04 16:46:44.494, 21836, 100
2026/08/04 16:46:45.494, 21836, 100
2026/08/04 16:46:46.495, 21836, 100
2026/08/04 16:46:47.495, 21836, 100
2026/08/04 16:46:48.495, 21836, 100
2026/08/04 16:46:49.495, 21836, 100
2026/08/04 16:46:50.496, 21836, 100
2026/08/04 16:46:51.496, 21836, 100
2026/08/04 16:46:52.496, 21836, 97
2026/08/04 16:46:53.497, 21836, 100
2026/08/04 16:46:54.497, 21836, 100
2026/08/04 16:46:55.497, 21836, 100
2026/08/04 16:46:56.498, 21836, 100
2026/08/04 16:46:57.498, 21836, 100
2026/08/04 16:46:58.499, 21836, 100
2026/08/04 16:46:59.500, 21836, 82
2026/08/04 16:47:00.500, 21836, 100
2026/08/04 16:47:01.500, 21836, 81
2026/08/04 16:47:02.500, 21836, 100
2026/08/04 16:47:03.501, 21836, 100
2026/08/04 16:47:04.501, 21836, 100
2026/08/04 16:47:05.501, 21836, 79
2026/08/04 16:47:06.502, 21836, 100
2026/08/04 16:47:07.502, 21836, 100
2026/08/04 16:47:08.502, 21836, 100
2026/08/04 16:47:09.503, 21836, 100
2026/08/04 16:47:10.503, 21836, 84
2026/08/04 16:47:11.503, 21836, 100
2026/08/04 16:47:12.503, 21836, 100
2026/08/04 16:47:13.504, 21836, 100
2026/08/04 16:47:14.504, 21836, 100
2026/08/04 16:47:15.504, 21836, 99
2026/08/04 16:47:16.505, 21836, 100
2026/08/04 16:47:17.505, 21836, 100
2026/08/04 16:47:18.505, 21836, 100
2026/08/04 16:47:19.507, 21836, 100
2026/08/04 16:47:20.507, 21836, 100
2026/08/04 16:47:21.507, 21836, 80
2026/08/04 16:47:22.508, 21836, 100
2026/08/04 16:47:23.508, 21836, 100
2026/08/04 16:47:24.508, 21836, 100
2026/08/04 16:47:25.509, 21836, 100
2026/08/04 16:47:26.509, 21836, 100
2026/08/04 16:47:27.509, 21836, 96
2026/08/04 16:47:28.509, 21836, 100
2026/08/04 16:47:29.511, 21836, 100
2026/08/04 16:47:30.512, 21836, 100
2026/08/04 16:47:31.512, 21836, 100
2026/08/04 16:47:32.512, 21836, 100
2026/08/04 16:47:33.512, 21836, 100
2026/08/04 16:47:34.514, 21836, 75
2026/08/04 16:47:35.515, 21836, 84
2026/08/04 16:47:36.515, 21836, 100
2026/08/04 16:47:37.515, 21836, 100
2026/08/04 16:47:38.515, 21836, 100
2026/08/04 16:47:39.516, 21836, 100
2026/08/04 16:47:40.516, 21836, 86
2026/08/04 16:47:41.516, 21836, 100
2026/08/04 16:47:42.517, 21836, 100
2026/08/04 16:47:43.517, 21836, 100
2026/08/04 16:47:44.519, 21836, 100
2026/08/04 16:47:45.519, 21836, 100
2026/08/04 16:47:46.520, 21836, 100
2026/08/04 16:47:47.520, 21836, 100
2026/08/04 16:47:48.520, 21836, 100
2026/08/04 16:47:49.521, 21836, 100
2026/08/04 16:47:50.521, 21836, 84
2026/08/04 16:47:51.521, 21836, 100
2026/08/04 16:47:52.522, 21836, 100
2026/08/04 16:47:53.522, 21836, 100
2026/08/04 16:47:54.522, 21836, 100
2026/08/04 16:47:55.523, 21836, 100
2026/08/04 16:47:56.523, 21836, 100
2026/08/04 16:47:57.523, 21836, 100
2026/08/04 16:47:58.524, 21836, 58
2026/08/04 16:47:59.524, 21836, 100
2026/08/04 16:48:00.524, 21836, 100
2026/08/04 16:48:01.525, 21836, 100
2026/08/04 16:48:02.525, 21836, 100
2026/08/04 16:48:03.525, 21836, 100
2026/08/04 16:48:04.525, 21836, 100
2026/08/04 16:48:05.526, 21836, 100
2026/08/04 16:48:06.526, 21836, 100
2026/08/04 16:48:07.526, 21836, 100
2026/08/04 16:48:08.527, 21836, 100
2026/08/04 16:48:09.527, 21836, 100
2026/08/04 16:48:10.527, 21836, 100
2026/08/04 16:48:11.528, 21836, 100
2026/08/04 16:48:12.528, 21836, 100
2026/08/04 16:48:13.528, 21836, 100
2026/08/04 16:48:14.529, 21836, 76
2026/08/04 16:48:15.529, 21836, 100
2026/08/04 16:48:16.529, 21836, 100
2026/08/04 16:48:17.530, 21836, 100
2026/08/04 16:48:18.530, 21836, 100
2026/08/04 16:48:19.530, 21836, 100
2026/08/04 16:48:20.531, 21836, 100
2026/08/04 16:48:21.531, 21836, 92
2026/08/04 16:48:22.531, 21836, 100
2026/08/04 16:48:23.532, 21836, 100
2026/08/04 16:48:24.532, 21836, 100
2026/08/04 16:48:25.532, 21836, 100
2026/08/04 16:48:26.533, 21836, 98
2026/08/04 16:48:27.533, 21836, 100
2026/08/04 16:48:28.533, 21836, 100
2026/08/04 16:48:29.533, 21836, 98
2026/08/04 16:48:30.534, 21836, 100
2026/08/04 16:48:31.534, 21836, 100
2026/08/04 16:48:32.534, 21836, 80
2026/08/04 16:48:33.535, 21836, 100
2026/08/04 16:48:34.535, 21836, 100
2026/08/04 16:48:35.535, 21836, 92
2026/08/04 16:48:36.536, 21836, 100
2026/08/04 16:48:37.536, 21836, 96
2026/08/04 16:48:38.536, 21836, 100
2026/08/04 16:48:39.537, 21836, 100
2026/08/04 16:48:40.537, 21836, 100
2026/08/04 16:48:41.537, 21836, 100
2026/08/04 16:48:42.537, 21836, 78
2026/08/04 16:48:43.538, 21836, 100
2026/08/04 16:48:44.538, 21836, 100
2026/08/04 16:48:45.538, 21836, 100
2026/08/04 16:48:46.539, 21836, 87
2026/08/04 16:48:47.539, 21836, 100
2026/08/04 16:48:48.539, 21836, 100
2026/08/04 16:48:49.540, 21836, 100
2026/08/04 16:48:50.540, 21836, 85
2026/08/04 16:48:51.540, 21836, 100
2026/08/04 16:48:52.540, 21836, 90
2026/08/04 16:48:53.541, 21836, 100
2026/08/04 16:48:54.541, 21836, 98
2026/08/04 16:48:55.541, 21836, 100
2026/08/04 16:48:56.542, 21836, 100
2026/08/04 16:48:57.542, 21836, 100
2026/08/04 16:48:58.542, 21836, 100
2026/08/04 16:48:59.543, 21836, 100
2026/08/04 16:49:00.543, 21836, 100
2026/08/04 16:49:01.543, 21836, 100
2026/08/04 16:49:02.543, 21836, 100
2026/08/04 16:49:03.544, 21836, 100
2026/08/04 16:49:04.544, 21836, 100
2026/08/04 16:49:05.544, 21836, 99
2026/08/04 16:49:06.545, 21836, 100
2026/08/04 16:49:07.545, 21836, 100
2026/08/04 16:49:08.545, 21836, 100
2026/08/04 16:49:09.546, 21836, 100
2026/08/04 16:49:10.546, 21836, 100
2026/08/04 16:49:11.546, 21836, 85
2026/08/04 16:49:12.547, 21836, 84
2026/08/04 16:49:13.547, 21836, 100
2026/08/04 16:49:14.547, 21836, 90
2026/08/04 16:49:15.548, 21836, 100
2026/08/04 16:49:16.548, 21836, 100
2026/08/04 16:49:17.548, 21836, 100
2026/08/04 16:49:18.548, 21836, 100
2026/08/04 16:49:19.549, 21836, 100
2026/08/04 16:49:20.549, 21836, 86
2026/08/04 16:49:21.549, 21836, 100
2026/08/04 16:49:22.550, 21836, 100
2026/08/04 16:49:23.550, 21836, 100
2026/08/04 16:49:24.550, 21836, 100
2026/08/04 16:49:25.550, 21836, 100
2026/08/04 16:49:26.551, 21836, 100
2026/08/04 16:49:27.551, 21836, 100
2026/08/04 16:49:28.551, 21836, 94
2026/08/04 16:49:29.552, 21836, 100
2026/08/04 16:49:30.552, 21836, 100
2026/08/04 16:49:31.552, 21836, 100
2026/08/04 16:49:32.553, 21836, 85
2026/08/04 16:49:33.553, 21836, 82
2026/08/04 16:49:34.553, 21836, 100
2026/08/04 16:49:35.553, 21836, 100
2026/08/04 16:49:36.554, 21836, 100
2026/08/04 16:49:37.554, 21836, 100
2026/08/04 16:49:38.554, 21836, 100
2026/08/04 16:49:39.555, 21836, 100
2026/08/04 16:49:40.555, 21836, 100
2026/08/04 16:49:41.555, 21836, 100
2026/08/04 16:49:42.555, 21836, 100
2026/08/04 16:49:43.556, 21836, 100
2026/08/04 16:49:44.556, 21836, 87
2026/08/04 16:49:45.556, 21836, 100
2026/08/04 16:49:46.557, 21836, 100
2026/08/04 16:49:47.557, 21836, 100
2026/08/04 16:49:48.557, 21836, 100
2026/08/04 16:49:49.558, 21836, 100
2026/08/04 16:49:50.558, 21836, 85
2026/08/04 16:49:51.558, 21836, 100
2026/08/04 16:49:52.559, 21836, 100
2026/08/04 16:49:53.559, 21836, 100
2026/08/04 16:49:54.559, 21836, 100
2026/08/04 16:49:55.560, 21836, 100
2026/08/04 16:49:56.560, 21836, 100
2026/08/04 16:49:57.560, 21836, 100
2026/08/04 16:49:58.561, 21836, 100
2026/08/04 16:49:59.561, 21836, 100
2026/08/04 16:50:00.561, 21836, 100
2026/08/04 16:50:01.561, 21836, 100
2026/08/04 16:50:02.562, 21836, 100
2026/08/04 16:50:03.562, 21836, 100
2026/08/04 16:50:04.562, 21836, 100
2026/08/04 16:50:05.563, 21836, 100
2026/08/04 16:50:06.563, 21836, 100
2026/08/04 16:50:07.563, 21836, 100
2026/08/04 16:50:08.564, 21836, 100
2026/08/04 16:50:09.564, 21836, 100
2026/08/04 16:50:10.564, 21836, 100
2026/08/04 16:50:11.565, 21836, 100
2026/08/04 16:50:12.565, 21836, 100
2026/08/04 16:50:13.565, 21836, 83
2026/08/04 16:50:14.566, 21836, 100
2026/08/04 16:50:15.566, 21836, 100
2026/08/04 16:50:16.566, 21836, 100
2026/08/04 16:50:17.567, 21836, 100
2026/08/04 16:50:18.567, 21836, 100
2026/08/04 16:50:19.567, 21836, 100
2026/08/04 16:50:20.568, 21836, 83
2026/08/04 16:50:21.568, 21836, 100
2026/08/04 16:50:22.568, 21836, 84
2026/08/04 16:50:23.568, 21836, 100
2026/08/04 16:50:24.569, 21836, 84
2026/08/04 16:50:25.569, 21836, 84
2026/08/04 16:50:26.569, 21836, 100
2026/08/04 16:50:27.570, 21836, 100
2026/08/04 16:50:28.570, 21836, 100
2026/08/04 16:50:29.570, 21836, 85
2026/08/04 16:50:30.571, 21836, 100
2026/08/04 16:50:31.571, 21836, 100
2026/08/04 16:50:32.572, 21836, 100
2026/08/04 16:50:33.572, 21836, 100
2026/08/04 16:50:34.572, 21836, 100
2026/08/04 16:50:35.573, 21836, 100
2026/08/04 16:50:36.573, 21836, 100
2026/08/04 16:50:37.574, 21836, 100
2026/08/04 16:50:38.574, 21836, 100
2026/08/04 16:50:39.574, 21836, 100
2026/08/04 16:50:40.574, 21836, 100
2026/08/04 16:50:41.575, 21836, 100
2026/08/04 16:50:42.575, 21836, 100
2026/08/04 16:50:43.575, 21836, 100
2026/08/04 16:50:44.576, 21836, 100
2026/08/04 16:50:45.576, 21836, 99
2026/08/04 16:50:46.576, 21836, 100
2026/08/04 16:50:47.577, 21836, 100
2026/08/04 16:50:48.577, 21836, 100
2026/08/04 16:50:49.577, 21836, 100
2026/08/04 16:50:50.577, 21836, 100
2026/08/04 16:50:51.578, 21836, 100
2026/08/04 16:50:52.578, 21836, 100
2026/08/04 16:50:53.578, 21836, 100
2026/08/04 16:50:54.579, 21836, 100
2026/08/04 16:50:55.579, 21836, 100
2026/08/04 16:50:56.579, 21836, 100
2026/08/04 16:50:57.580, 21836, 100
2026/08/04 16:50:58.580, 21836, 100
2026/08/04 16:50:59.580, 21836, 100
2026/08/04 16:51:00.580, 21836, 100
2026/08/04 16:51:01.581, 21836, 100
2026/08/04 16:51:02.581, 21836, 100
2026/08/04 16:51:03.581, 21836, 100
2026/08/04 16:51:04.582, 21836, 100
2026/08/04 16:51:05.582, 21836, 71
2026/08/04 16:51:06.582, 21836, 100
2026/08/04 16:51:07.583, 21836, 100
2026/08/04 16:51:08.583, 21836, 100
2026/08/04 16:51:09.583, 21836, 82
2026/08/04 16:51:10.584, 21836, 100
2026/08/04 16:51:11.584, 21836, 100
2026/08/04 16:51:12.584, 21836, 86
2026/08/04 16:51:13.584, 21836, 82
2026/08/04 16:51:14.585, 21836, 100
2026/08/04 16:51:15.585, 21836, 76
2026/08/04 16:51:16.585, 21836, 100
2026/08/04 16:51:17.586, 21836, 100
2026/08/04 16:51:18.586, 21836, 100
2026/08/04 16:51:19.586, 21836, 100
2026/08/04 16:51:20.587, 21836, 100
2026/08/04 16:51:21.587, 21836, 100
2026/08/04 16:51:22.587, 21836, 100
2026/08/04 16:51:23.587, 21836, 83
2026/08/04 16:51:24.588, 21836, 100
2026/08/04 16:51:25.588, 21836, 100
2026/08/04 16:51:26.589, 21836, 100
2026/08/04 16:51:27.589, 21836, 84
2026/08/04 16:51:28.589, 21836, 100
2026/08/04 16:51:29.590, 21836, 100
2026/08/04 16:51:30.590, 21836, 100
2026/08/04 16:51:31.590, 21836, 100
2026/08/04 16:51:32.590, 21836, 100
2026/08/04 16:51:33.591, 21836, 100
2026/08/04 16:51:34.591, 21836, 100
2026/08/04 16:51:35.593, 21836, 100
2026/08/04 16:51:36.593, 21836, 100
2026/08/04 16:51:37.594, 21836, 100
2026/08/04 16:51:38.594, 21836, 100
2026/08/04 16:51:39.594, 21836, 100
2026/08/04 16:51:40.595, 21836, 100
2026/08/04 16:51:41.595, 21836, 100
2026/08/04 16:51:42.595, 21836, 100
2026/08/04 16:51:43.595, 21836, 100
2026/08/04 16:51:44.596, 21836, 100
2026/08/04 16:51:45.598, 21836, 100
2026/08/04 16:51:46.598, 21836, 100
2026/08/04 16:51:47.598, 21836, 100
2026/08/04 16:51:48.599, 21836, 100
2026/08/04 16:51:49.599, 21836, 85
2026/08/04 16:51:50.600, 21836, 100
2026/08/04 16:51:51.600, 21836, 100
2026/08/04 16:51:52.600, 21836, 100
2026/08/04 16:51:53.600, 21836, 71
2026/08/04 16:51:54.601, 21836, 100
2026/08/04 16:51:55.602, 21836, 100
2026/08/04 16:51:56.602, 21836, 100
2026/08/04 16:51:57.602, 21836, 84
2026/08/04 16:51:58.603, 21836, 85
2026/08/04 16:51:59.603, 21836, 100
2026/08/04 16:52:00.603, 21836, 100
2026/08/04 16:52:01.604, 21836, 100
2026/08/04 16:52:02.604, 21836, 100
2026/08/04 16:52:03.604, 21836, 86
2026/08/04 16:52:04.605, 21836, 100
2026/08/04 16:52:05.605, 21836, 86
2026/08/04 16:52:06.605, 21836, 100
2026/08/04 16:52:07.606, 21836, 100
2026/08/04 16:52:08.606, 21836, 100
2026/08/04 16:52:09.606, 21836, 100
2026/08/04 16:52:10.608, 21836, 85
2026/08/04 16:52:11.608, 21836, 87
2026/08/04 16:52:12.609, 21836, 100
2026/08/04 16:52:13.609, 21836, 100
2026/08/04 16:52:14.609, 21836, 100
2026/08/04 16:52:15.610, 21836, 100
2026/08/04 16:52:16.610, 21836, 100
2026/08/04 16:52:17.610, 21836, 100
2026/08/04 16:52:18.610, 21836, 100
2026/08/04 16:52:19.611, 21836, 100
2026/08/04 16:52:20.611, 21836, 100
2026/08/04 16:52:21.612, 21836, 100
2026/08/04 16:52:22.612, 21836, 100
2026/08/04 16:52:23.612, 21836, 91
2026/08/04 16:52:24.613, 21836, 100
2026/08/04 16:52:25.615, 21836, 100
2026/08/04 16:52:26.615, 21836, 100
2026/08/04 16:52:27.616, 21836, 85
2026/08/04 16:52:28.616, 21836, 100
2026/08/04 16:52:29.616, 21836, 100
2026/08/04 16:52:30.617, 21836, 100
2026/08/04 16:52:31.617, 21836, 100
2026/08/04 16:52:32.617, 21836, 100
2026/08/04 16:52:33.618, 21836, 100
2026/08/04 16:52:34.618, 21836, 85
2026/08/04 16:52:35.618, 21836, 89
2026/08/04 16:52:36.619, 21836, 100
2026/08/04 16:52:37.619, 21836, 100
2026/08/04 16:52:38.619, 21836, 96
2026/08/04 16:52:39.620, 21836, 100
2026/08/04 16:52:40.620, 21836, 84
2026/08/04 16:52:41.620, 21836, 85
2026/08/04 16:52:42.621, 21836, 100
2026/08/04 16:52:43.621, 21836, 80
2026/08/04 16:52:44.621, 21836, 100
2026/08/04 16:52:45.622, 21836, 100
2026/08/04 16:52:46.622, 21836, 100
2026/08/04 16:52:47.622, 21836, 100
2026/08/04 16:52:48.622, 21836, 100
2026/08/04 16:52:49.623, 21836, 100
2026/08/04 16:52:50.623, 21836, 100
2026/08/04 16:52:51.623, 21836, 100
2026/08/04 16:52:52.624, 21836, 100
2026/08/04 16:52:53.624, 21836, 100
2026/08/04 16:52:54.624, 21836, 100
2026/08/04 16:52:55.625, 21836, 100
2026/08/04 16:52:56.625, 21836, 100
2026/08/04 16:52:57.626, 21836, 100
2026/08/04 16:52:58.626, 21836, 100
2026/08/04 16:52:59.626, 21836, 100
2026/08/04 16:53:00.627, 21836, 100
2026/08/04 16:53:01.627, 21836, 100
2026/08/04 16:53:02.627, 21836, 100
2026/08/04 16:53:03.628, 21836, 100
2026/08/04 16:53:04.628, 21836, 100
2026/08/04 16:53:05.628, 21836, 100
2026/08/04 16:53:06.629, 21836, 100
2026/08/04 16:53:07.629, 21836, 81
2026/08/04 16:53:08.629, 21836, 100
2026/08/04 16:53:09.629, 21836, 100
2026/08/04 16:53:10.630, 21836, 100
2026/08/04 16:53:11.630, 21836, 100
2026/08/04 16:53:12.630, 21836, 100
2026/08/04 16:53:13.631, 21836, 98
2026/08/04 16:53:14.631, 21836, 100
2026/08/04 16:53:15.631, 21836, 100
2026/08/04 16:53:16.632, 21836, 83
2026/08/04 16:53:17.632, 21836, 100
2026/08/04 16:53:18.632, 21836, 78
2026/08/04 16:53:19.633, 21836, 84
2026/08/04 16:53:20.633, 21836, 84
2026/08/04 16:53:21.633, 21836, 100
2026/08/04 16:53:22.634, 21836, 100
2026/08/04 16:53:23.634, 21836, 100
2026/08/04 16:53:24.634, 21836, 100
2026/08/04 16:53:25.635, 21836, 100
2026/08/04 16:53:26.635, 21836, 100
2026/08/04 16:53:27.635, 21836, 100
2026/08/04 16:53:28.635, 21836, 100
2026/08/04 16:53:29.636, 21836, 100
2026/08/04 16:53:30.636, 21836, 100
2026/08/04 16:53:31.637, 21836, 84
2026/08/04 16:53:32.637, 21836, 100
2026/08/04 16:53:33.637, 21836, 85
2026/08/04 16:53:34.638, 21836, 100
2026/08/04 16:53:35.639, 21836, 84
2026/08/04 16:53:36.639, 21836, 100
2026/08/04 16:53:37.640, 21836, 100
2026/08/04 16:53:38.640, 21836, 100
2026/08/04 16:53:39.640, 21836, 100
2026/08/04 16:53:40.641, 21836, 83
2026/08/04 16:53:41.641, 21836, 64
2026/08/04 16:53:42.642, 21836, 100
2026/08/04 16:53:43.642, 21836, 100
2026/08/04 16:53:44.642, 21836, 100
2026/08/04 16:53:45.643, 21836, 100
2026/08/04 16:53:46.643, 21836, 83
2026/08/04 16:53:47.643, 21836, 100
2026/08/04 16:53:48.644, 21836, 83
2026/08/04 16:53:49.644, 21836, 100
2026/08/04 16:53:50.644, 21836, 100
2026/08/04 16:53:51.645, 21836, 85
2026/08/04 16:53:52.645, 21836, 100
2026/08/04 16:53:53.645, 21836, 100
2026/08/04 16:53:54.646, 21836, 100
2026/08/04 16:53:55.646, 21836, 100
2026/08/04 16:53:56.646, 21836, 100
2026/08/04 16:53:57.647, 21836, 99
2026/08/04 16:53:58.647, 21836, 82
2026/08/04 16:53:59.647, 21836, 100
2026/08/04 16:54:00.648, 21836, 100
2026/08/04 16:54:01.648, 21836, 100
2026/08/04 16:54:02.648, 21836, 100
2026/08/04 16:54:03.649, 21836, 100
2026/08/04 16:54:04.649, 21836, 69
2026/08/04 16:54:05.649, 21836, 100
2026/08/04 16:54:06.650, 21836, 100
2026/08/04 16:54:07.650, 21836, 100
2026/08/04 16:54:08.650, 21836, 100
2026/08/04 16:54:09.650, 21836, 100
2026/08/04 16:54:10.651, 21836, 86
2026/08/04 16:54:11.651, 21836, 100
2026/08/04 16:54:12.651, 21836, 100
2026/08/04 16:54:13.652, 21836, 86
2026/08/04 16:54:14.652, 21836, 100
2026/08/04 16:54:15.652, 21836, 84
2026/08/04 16:54:16.653, 21836, 100
2026/08/04 16:54:17.653, 21836, 100
2026/08/04 16:54:18.653, 21836, 100
2026/08/04 16:54:19.654, 21836, 100
2026/08/04 16:54:20.654, 21836, 100
2026/08/04 16:54:21.654, 21836, 100
2026/08/04 16:54:22.654, 21836, 100
2026/08/04 16:54:23.655, 21836, 100
2026/08/04 16:54:24.655, 21836, 100
2026/08/04 16:54:25.655, 21836, 100
2026/08/04 16:54:26.656, 21836, 83
2026/08/04 16:54:27.656, 21836, 73
2026/08/04 16:54:28.656, 21836, 82
2026/08/04 16:54:29.656, 21836, 100
2026/08/04 16:54:30.657, 21836, 100
2026/08/04 16:54:31.657, 21836, 82
2026/08/04 16:54:32.657, 21836, 100
2026/08/04 16:54:33.658, 21836, 100
2026/08/04 16:54:34.658, 21836, 76
2026/08/04 16:54:35.658, 21836, 100
2026/08/04 16:54:36.659, 21836, 100
2026/08/04 16:54:37.659, 21836, 98
2026/08/04 16:54:38.659, 21836, 100
2026/08/04 16:54:39.660, 21836, 99
2026/08/04 16:54:40.660, 21836, 99
2026/08/04 16:54:41.660, 21836, 100
2026/08/04 16:54:42.661, 21836, 100
2026/08/04 16:54:43.661, 21836, 100
2026/08/04 16:54:44.661, 21836, 100
2026/08/04 16:54:45.661, 21836, 100
2026/08/04 16:54:46.662, 21836, 100
2026/08/04 16:54:47.662, 21836, 100
2026/08/04 16:54:48.662, 21836, 100
2026/08/04 16:54:49.663, 21836, 77
2026/08/04 16:54:50.663, 21836, 100
2026/08/04 16:54:51.663, 21836, 100
2026/08/04 16:54:52.664, 21836, 82
2026/08/04 16:54:53.664, 21836, 100
2026/08/04 16:54:54.664, 21836, 100
2026/08/04 16:54:55.665, 21836, 100
2026/08/04 16:54:56.665, 21836, 100
2026/08/04 16:54:57.665, 21836, 100
2026/08/04 16:54:58.665, 21836, 100
2026/08/04 16:54:59.666, 21836, 100
2026/08/04 16:55:00.666, 21836, 100
2026/08/04 16:55:01.666, 21836, 100
2026/08/04 16:55:02.667, 21836, 100
2026/08/04 16:55:03.667, 21836, 100
2026/08/04 16:55:04.667, 21836, 100
2026/08/04 16:55:05.668, 21836, 100
2026/08/04 16:55:06.668, 21836, 100
2026/08/04 16:55:07.668, 21836, 81
2026/08/04 16:55:08.669, 21836, 100
2026/08/04 16:55:09.669, 21836, 95
2026/08/04 16:55:10.669, 21836, 100
2026/08/04 16:55:11.669, 21836, 100
2026/08/04 16:55:12.670, 21836, 100
2026/08/04 16:55:13.670, 21836, 100
2026/08/04 16:55:14.670, 21836, 100
2026/08/04 16:55:15.671, 21836, 100
2026/08/04 16:55:16.671, 21836, 100
2026/08/04 16:55:17.671, 21836, 100
2026/08/04 16:55:18.672, 21836, 100
2026/08/04 16:55:19.672, 21836, 100
2026/08/04 16:55:20.672, 21836, 84
2026/08/04 16:55:21.673, 21836, 100
2026/08/04 16:55:22.673, 21836, 100
2026/08/04 16:55:23.673, 21836, 100
2026/08/04 16:55:24.673, 21836, 100
2026/08/04 16:55:25.674, 21836, 100
2026/08/04 16:55:26.674, 21836, 89
2026/08/04 16:55:27.674, 21836, 100
2026/08/04 16:55:28.675, 21836, 100
2026/08/04 16:55:29.675, 21836, 100
2026/08/04 16:55:30.675, 21836, 100
2026/08/04 16:55:31.676, 21836, 100
2026/08/04 16:55:32.676, 21836, 82
2026/08/04 16:55:33.676, 21836, 100
2026/08/04 16:55:34.676, 21836, 62
2026/08/04 16:55:35.677, 21836, 100
2026/08/04 16:55:36.677, 21836, 100
2026/08/04 16:55:37.677, 21836, 100
2026/08/04 16:55:38.678, 21836, 100
2026/08/04 16:55:39.678, 21836, 100
2026/08/04 16:55:40.678, 21836, 84
2026/08/04 16:55:41.679, 21836, 100
2026/08/04 16:55:42.679, 21836, 100
2026/08/04 16:55:43.679, 21836, 100
2026/08/04 16:55:44.680, 21836, 100
2026/08/04 16:55:45.680, 21836, 100
2026/08/04 16:55:46.680, 21836, 100
2026/08/04 16:55:47.680, 21836, 100
2026/08/04 16:55:48.681, 21836, 100
2026/08/04 16:55:49.681, 21836, 100
2026/08/04 16:55:50.681, 21836, 100
2026/08/04 16:55:51.682, 21836, 100
2026/08/04 16:55:52.682, 21836, 100
2026/08/04 16:55:53.682, 21836, 100
2026/08/04 16:55:54.683, 21836, 85
2026/08/04 16:55:55.683, 21836, 100
2026/08/04 16:55:56.683, 21836, 94
2026/08/04 16:55:57.683, 21836, 100
2026/08/04 16:55:58.684, 21836, 100
2026/08/04 16:55:59.684, 21836, 100
2026/08/04 16:56:00.684, 21836, 100
2026/08/04 16:56:01.685, 21836, 100
2026/08/04 16:56:02.685, 21836, 72
2026/08/04 16:56:03.685, 21836, 100
2026/08/04 16:56:04.685, 21836, 100
2026/08/04 16:56:05.686, 21836, 100
2026/08/04 16:56:06.686, 21836, 100
2026/08/04 16:56:07.686, 21836, 100
2026/08/04 16:56:08.687, 21836, 100
2026/08/04 16:56:09.687, 21836, 100
2026/08/04 16:56:10.687, 21836, 100
2026/08/04 16:56:11.688, 21836, 100
2026/08/04 16:56:12.688, 21836, 100
2026/08/04 16:56:13.688, 21836, 70
2026/08/04 16:56:14.688, 21836, 100
2026/08/04 16:56:15.689, 21836, 100
2026/08/04 16:56:16.689, 21836, 100
2026/08/04 16:56:17.689, 21836, 100
2026/08/04 16:56:18.690, 21836, 100
2026/08/04 16:56:19.690, 21836, 100
2026/08/04 16:56:20.690, 21836, 100
2026/08/04 16:56:21.691, 21836, 100
2026/08/04 16:56:22.691, 21836, 100
2026/08/04 16:56:23.691, 21836, 100
2026/08/04 16:56:24.691, 21836, 100
2026/08/04 16:56:25.692, 21836, 100
2026/08/04 16:56:26.692, 21836, 100
2026/08/04 16:56:27.692, 21836, 100
2026/08/04 16:56:28.693, 21836, 100
2026/08/04 16:56:29.693, 21836, 100
2026/08/04 16:56:30.693, 21836, 100
2026/08/04 16:56:31.694, 21836, 88
2026/08/04 16:56:32.694, 21836, 100
2026/08/04 16:56:33.694, 21836, 100
2026/08/04 16:56:34.694, 21836, 100
2026/08/04 16:56:35.695, 21836, 100
2026/08/04 16:56:36.695, 21836, 100
2026/08/04 16:56:37.696, 21836, 100
2026/08/04 16:56:38.696, 21836, 100
2026/08/04 16:56:39.696, 21836, 86
2026/08/04 16:56:40.697, 21836, 100
2026/08/04 16:56:41.697, 21836, 71
2026/08/04 16:56:42.697, 21836, 87
2026/08/04 16:56:43.698, 21836, 100
2026/08/04 16:56:44.698, 21836, 100
2026/08/04 16:56:45.698, 21836, 100
2026/08/04 16:56:46.698, 21836, 100
2026/08/04 16:56:47.699, 21836, 100
2026/08/04 16:56:48.699, 21836, 100
2026/08/04 16:56:49.699, 21836, 100
2026/08/04 16:56:50.700, 21836, 73
2026/08/04 16:56:51.700, 21836, 100
2026/08/04 16:56:52.700, 21836, 86
2026/08/04 16:56:53.701, 21836, 78
2026/08/04 16:56:54.701, 21836, 95
2026/08/04 16:56:55.701, 21836, 71
2026/08/04 16:56:56.702, 21836, 100
2026/08/04 16:56:57.702, 21836, 100
2026/08/04 16:56:58.702, 21836, 100
2026/08/04 16:56:59.703, 21836, 100
2026/08/04 16:57:00.703, 21836, 86
2026/08/04 16:57:01.703, 21836, 100
2026/08/04 16:57:02.703, 21836, 100
2026/08/04 16:57:03.704, 21836, 100
2026/08/04 16:57:04.704, 21836, 74
2026/08/04 16:57:05.704, 21836, 100
2026/08/04 16:57:06.705, 21836, 100
2026/08/04 16:57:07.705, 21836, 100
2026/08/04 16:57:08.705, 21836, 100
2026/08/04 16:57:09.706, 21836, 83
2026/08/04 16:57:10.706, 21836, 100
2026/08/04 16:57:11.706, 21836, 100
2026/08/04 16:57:12.707, 21836, 100
2026/08/04 16:57:13.707, 21836, 70
2026/08/04 16:57:14.707, 21836, 100
2026/08/04 16:57:15.708, 21836, 100
2026/08/04 16:57:16.708, 21836, 100
2026/08/04 16:57:17.708, 21836, 83
2026/08/04 16:57:18.709, 21836, 100
2026/08/04 16:57:19.709, 21836, 82
2026/08/04 16:57:20.709, 21836, 100
2026/08/04 16:57:21.710, 21836, 100
2026/08/04 16:57:22.710, 21836, 84
2026/08/04 16:57:23.710, 21836, 100
2026/08/04 16:57:24.711, 21836, 100
2026/08/04 16:57:25.711, 21836, 100
2026/08/04 16:57:26.711, 21836, 100
2026/08/04 16:57:27.711, 21836, 83
2026/08/04 16:57:28.712, 21836, 84
2026/08/04 16:57:29.712, 21836, 100
2026/08/04 16:57:30.712, 21836, 92
2026/08/04 16:57:31.713, 21836, 100
2026/08/04 16:57:32.713, 21836, 100
2026/08/04 16:57:33.713, 21836, 100
2026/08/04 16:57:34.714, 21836, 100
2026/08/04 16:57:35.714, 21836, 100
2026/08/04 16:57:36.714, 21836, 100
2026/08/04 16:57:37.715, 21836, 100
2026/08/04 16:57:38.715, 21836, 100
2026/08/04 16:57:39.715, 21836, 100
2026/08/04 16:57:40.716, 21836, 100
2026/08/04 16:57:41.716, 21836, 100
2026/08/04 16:57:42.716, 21836, 86
2026/08/04 16:57:43.717, 21836, 100
2026/08/04 16:57:44.717, 21836, 100
2026/08/04 16:57:45.717, 21836, 100
2026/08/04 16:57:46.717, 21836, 100
2026/08/04 16:57:47.718, 21836, 73
2026/08/04 16:57:48.718, 21836, 100
2026/08/04 16:57:49.718, 21836, 100
2026/08/04 16:57:50.719, 21836, 100
2026/08/04 16:57:51.719, 21836, 100
2026/08/04 16:57:52.720, 21836, 100
2026/08/04 16:57:53.720, 21836, 100
2026/08/04 16:57:54.720, 21836, 100
2026/08/04 16:57:55.721, 21836, 100
2026/08/04 16:57:56.721, 21836, 100
2026/08/04 16:57:57.721, 21836, 100
2026/08/04 16:57:58.722, 21836, 100
2026/08/04 16:57:59.722, 21836, 100
2026/08/04 16:58:00.722, 21836, 100
2026/08/04 16:58:01.723, 21836, 100
2026/08/04 16:58:02.723, 21836, 100
2026/08/04 16:58:03.723, 21836, 83
2026/08/04 16:58:04.724, 21836, 100
2026/08/04 16:58:05.724, 21836, 100
2026/08/04 16:58:06.724, 21836, 100
2026/08/04 16:58:07.725, 21836, 100
2026/08/04 16:58:08.725, 21836, 88
2026/08/04 16:58:09.725, 21836, 100
2026/08/04 16:58:10.726, 21836, 100
2026/08/04 16:58:11.726, 21836, 100
2026/08/04 16:58:12.726, 21836, 100
2026/08/04 16:58:13.727, 21836, 100
2026/08/04 16:58:14.727, 21836, 100
2026/08/04 16:58:15.727, 21836, 100
2026/08/04 16:58:16.727, 21836, 85
2026/08/04 16:58:17.728, 21836, 85
2026/08/04 16:58:18.728, 21836, 100
2026/08/04 16:58:19.728, 21836, 100
2026/08/04 16:58:20.729, 21836, 84
2026/08/04 16:58:21.729, 21836, 100
2026/08/04 16:58:22.729, 21836, 100
2026/08/04 16:58:23.730, 21836, 100
2026/08/04 16:58:24.730, 21836, 100
2026/08/04 16:58:25.730, 21836, 100
2026/08/04 16:58:26.731, 21836, 100
2026/08/04 16:58:27.731, 21836, 83
2026/08/04 16:58:28.731, 21836, 81
2026/08/04 16:58:29.732, 21836, 100
2026/08/04 16:58:30.732, 21836, 100
2026/08/04 16:58:31.732, 21836, 84
2026/08/04 16:58:32.733, 21836, 98
2026/08/04 16:58:33.733, 21836, 81
2026/08/04 16:58:34.733, 21836, 100
2026/08/04 16:58:35.733, 21836, 100
2026/08/04 16:58:36.734, 21836, 100
2026/08/04 16:58:37.734, 21836, 100
2026/08/04 16:58:38.734, 21836, 100
2026/08/04 16:58:39.734, 21836, 100
2026/08/04 16:58:40.735, 21836, 100
2026/08/04 16:58:41.735, 21836, 100
2026/08/04 16:58:42.735, 21836, 100
2026/08/04 16:58:43.736, 21836, 100
2026/08/04 16:58:44.736, 21836, 100
2026/08/04 16:58:45.736, 21836, 100
2026/08/04 16:58:46.737, 21836, 100
2026/08/04 16:58:47.737, 21836, 71
2026/08/04 16:58:48.737, 21836, 100
2026/08/04 16:58:49.737, 21836, 72
2026/08/04 16:58:50.738, 21836, 85
2026/08/04 16:58:51.738, 21836, 92
2026/08/04 16:58:52.738, 21836, 100
2026/08/04 16:58:53.739, 21836, 85
2026/08/04 16:58:54.739, 21836, 100
2026/08/04 16:58:55.739, 21836, 100
2026/08/04 16:58:56.739, 21836, 100
2026/08/04 16:58:57.740, 21836, 86
2026/08/04 16:58:58.740, 21836, 100
2026/08/04 16:58:59.740, 21836, 100
2026/08/04 16:59:00.741, 21836, 72
2026/08/04 16:59:01.741, 21836, 86
2026/08/04 16:59:02.741, 21836, 100
2026/08/04 16:59:03.742, 21836, 100
2026/08/04 16:59:04.742, 21836, 82
2026/08/04 16:59:05.742, 21836, 100
2026/08/04 16:59:06.742, 21836, 100
2026/08/04 16:59:07.743, 21836, 100
2026/08/04 16:59:08.743, 21836, 100
2026/08/04 16:59:09.743, 21836, 93
2026/08/04 16:59:10.744, 21836, 100
2026/08/04 16:59:11.744, 21836, 100
2026/08/04 16:59:12.744, 21836, 100
2026/08/04 16:59:13.745, 21836, 100
2026/08/04 16:59:14.745, 21836, 100
2026/08/04 16:59:15.745, 21836, 100
2026/08/04 16:59:16.746, 21836, 100
2026/08/04 16:59:17.746, 21836, 100
2026/08/04 16:59:18.746, 21836, 84
2026/08/04 16:59:19.747, 21836, 100
2026/08/04 16:59:20.747, 21836, 80
2026/08/04 16:59:21.747, 21836, 100
2026/08/04 16:59:22.747, 21836, 100
2026/08/04 16:59:23.748, 21836, 100
2026/08/04 16:59:24.748, 21836, 90
2026/08/04 16:59:25.748, 21836, 100
2026/08/04 16:59:26.749, 21836, 85
2026/08/04 16:59:27.749, 21836, 100
2026/08/04 16:59:28.749, 21836, 100
2026/08/04 16:59:29.750, 21836, 100
2026/08/04 16:59:30.750, 21836, 85
2026/08/04 16:59:31.750, 21836, 86
2026/08/04 16:59:32.750, 21836, 100
2026/08/04 16:59:33.751, 21836, 100
2026/08/04 16:59:34.751, 21836, 100
2026/08/04 16:59:35.751, 21836, 84
2026/08/04 16:59:36.751, 21836, 97
2026/08/04 16:59:37.752, 21836, 100
2026/08/04 16:59:38.752, 21836, 86
2026/08/04 16:59:39.752, 21836, 83
2026/08/04 16:59:40.753, 21836, 100
2026/08/04 16:59:41.753, 21836, 100
2026/08/04 16:59:42.753, 21836, 100
2026/08/04 16:59:43.754, 21836, 100
2026/08/04 16:59:44.754, 21836, 100
2026/08/04 16:59:45.754, 21836, 84
2026/08/04 16:59:46.755, 21836, 100
2026/08/04 16:59:47.755, 21836, 96
2026/08/04 16:59:48.755, 21836, 100
2026/08/04 16:59:49.755, 21836, 100
2026/08/04 16:59:50.756, 21836, 87
2026/08/04 16:59:51.756, 21836, 100
2026/08/04 16:59:52.756, 21836, 100
2026/08/04 16:59:53.757, 21836, 100
2026/08/04 16:59:54.757, 21836, 100
2026/08/04 16:59:55.757, 21836, 100
2026/08/04 16:59:56.757, 21836, 100
2026/08/04 16:59:57.758, 21836, 100
2026/08/04 16:59:58.758, 21836, 100
2026/08/04 16:59:59.758, 21836, 100
2026/08/04 17:00:00.759, 21836, 85
2026/08/04 17:00:01.759, 21836, 84
2026/08/04 17:00:02.759, 21836, 100
2026/08/04 17:00:03.760, 21836, 100
2026/08/04 17:00:04.760, 21836, 100
2026/08/04 17:00:05.760, 21836, 100
2026/08/04 17:00:06.761, 21836, 100
2026/08/04 17:00:07.761, 21836, 100
2026/08/04 17:00:08.761, 21836, 100
2026/08/04 17:00:09.762, 21836, 100
2026/08/04 17:00:10.762, 21836, 100
2026/08/04 17:00:11.762, 21836, 100
2026/08/04 17:00:12.762, 21836, 100
2026/08/04 17:00:13.763, 21836, 100
2026/08/04 17:00:14.763, 21836, 100
2026/08/04 17:00:15.763, 21836, 100
2026/08/04 17:00:16.764, 21836, 100
2026/08/04 17:00:17.764, 21836, 100
2026/08/04 17:00:18.764, 21836, 100
2026/08/04 17:00:19.764, 21836, 100
2026/08/04 17:00:20.765, 21836, 100
2026/08/04 17:00:21.765, 21836, 86
2026/08/04 17:00:22.765, 21836, 72
2026/08/04 17:00:23.766, 21836, 100
2026/08/04 17:00:24.766, 21836, 100
2026/08/04 17:00:25.766, 21836, 100
2026/08/04 17:00:26.767, 21836, 100
2026/08/04 17:00:27.767, 21836, 100
2026/08/04 17:00:28.767, 21836, 100
2026/08/04 17:00:29.768, 21836, 96
2026/08/04 17:00:30.768, 21836, 96
2026/08/04 17:00:31.768, 21836, 100
2026/08/04 17:00:32.769, 21836, 100
2026/08/04 17:00:33.769, 21836, 100
2026/08/04 17:00:34.769, 21836, 100
2026/08/04 17:00:35.769, 21836, 86
2026/08/04 17:00:36.770, 21836, 100
2026/08/04 17:00:37.770, 21836, 100
2026/08/04 17:00:38.770, 21836, 100
2026/08/04 17:00:39.771, 21836, 100
2026/08/04 17:00:40.771, 21836, 100
2026/08/04 17:00:41.771, 21836, 96
2026/08/04 17:00:42.771, 21836, 100
2026/08/04 17:00:43.772, 21836, 100
2026/08/04 17:00:44.772, 21836, 86
2026/08/04 17:00:45.772, 21836, 100
2026/08/04 17:00:46.773, 21836, 100
2026/08/04 17:00:47.773, 21836, 100
2026/08/04 17:00:48.773, 21836, 100
2026/08/04 17:00:49.773, 21836, 100
2026/08/04 17:00:50.774, 21836, 100
2026/08/04 17:00:51.774, 21836, 100
2026/08/04 17:00:52.774, 21836, 97
2026/08/04 17:00:53.775, 21836, 100
2026/08/04 17:00:54.775, 21836, 100
2026/08/04 17:00:55.775, 21836, 81
2026/08/04 17:00:56.775, 21836, 100
2026/08/04 17:00:57.776, 21836, 100
2026/08/04 17:00:58.776, 21836, 84
2026/08/04 17:00:59.776, 21836, 100
2026/08/04 17:01:00.777, 21836, 100
2026/08/04 17:01:01.777, 21836, 100
2026/08/04 17:01:02.777, 21836, 100
2026/08/04 17:01:03.778, 21836, 100
2026/08/04 17:01:04.778, 21836, 100
2026/08/04 17:01:05.778, 21836, 100
2026/08/04 17:01:06.779, 21836, 100
2026/08/04 17:01:07.779, 21836, 100
2026/08/04 17:01:08.779, 21836, 100
2026/08/04 17:01:09.779, 21836, 85
2026/08/04 17:01:10.780, 21836, 86
2026/08/04 17:01:11.780, 21836, 100
2026/08/04 17:01:12.780, 21836, 100
2026/08/04 17:01:13.781, 21836, 100
2026/08/04 17:01:14.781, 21836, 100
2026/08/04 17:01:15.781, 21836, 100
2026/08/04 17:01:16.782, 21836, 100
2026/08/04 17:01:17.782, 21836, 100
2026/08/04 17:01:18.782, 21836, 100
2026/08/04 17:01:19.782, 21836, 100
2026/08/04 17:01:20.783, 21836, 100
2026/08/04 17:01:21.783, 21836, 100
2026/08/04 17:01:22.783, 21836, 100
2026/08/04 17:01:23.784, 21836, 82
2026/08/04 17:01:24.784, 21836, 84
2026/08/04 17:01:25.784, 21836, 100
2026/08/04 17:01:26.784, 21836, 100
2026/08/04 17:01:27.785, 21836, 85
2026/08/04 17:01:28.785, 21836, 100
2026/08/04 17:01:29.785, 21836, 100
2026/08/04 17:01:30.786, 21836, 100
2026/08/04 17:01:31.786, 21836, 100
2026/08/04 17:01:32.786, 21836, 100
2026/08/04 17:01:33.786, 21836, 83
2026/08/04 17:01:34.787, 21836, 100
2026/08/04 17:01:35.787, 21836, 100
2026/08/04 17:01:36.787, 21836, 100
2026/08/04 17:01:37.788, 21836, 96
2026/08/04 17:01:38.788, 21836, 100
2026/08/04 17:01:39.788, 21836, 100
2026/08/04 17:01:40.789, 21836, 90
2026/08/04 17:01:41.789, 21836, 100
2026/08/04 17:01:42.789, 21836, 100
2026/08/04 17:01:43.789, 21836, 100
2026/08/04 17:01:44.790, 21836, 100
2026/08/04 17:01:45.790, 21836, 100
2026/08/04 17:01:46.790, 21836, 100
2026/08/04 17:01:47.791, 21836, 100
2026/08/04 17:01:48.791, 21836, 100
2026/08/04 17:01:49.791, 21836, 100
2026/08/04 17:01:50.792, 21836, 84
2026/08/04 17:01:51.792, 21836, 100
2026/08/04 17:01:52.792, 21836, 100
2026/08/04 17:01:53.793, 21836, 100
2026/08/04 17:01:54.793, 21836, 100
2026/08/04 17:01:55.793, 21836, 100
2026/08/04 17:01:56.793, 21836, 71
2026/08/04 17:01:57.794, 21836, 100
2026/08/04 17:01:58.794, 21836, 100
2026/08/04 17:01:59.794, 21836, 99
2026/08/04 17:02:00.795, 21836, 98
2026/08/04 17:02:01.795, 21836, 99
2026/08/04 17:02:02.795, 21836, 100
2026/08/04 17:02:03.796, 21836, 100
2026/08/04 17:02:04.796, 21836, 100
2026/08/04 17:02:05.796, 21836, 100
2026/08/04 17:02:06.796, 21836, 100
2026/08/04 17:02:07.797, 21836, 100
2026/08/04 17:02:08.797, 21836, 100
2026/08/04 17:02:09.797, 21836, 100
2026/08/04 17:02:10.798, 21836, 84
2026/08/04 17:02:11.798, 21836, 100
2026/08/04 17:02:12.798, 21836, 100
2026/08/04 17:02:13.799, 21836, 100
2026/08/04 17:02:14.799, 21836, 100
2026/08/04 17:02:15.799, 21836, 100
2026/08/04 17:02:16.800, 21836, 94
2026/08/04 17:02:17.800, 21836, 100
2026/08/04 17:02:18.800, 21836, 100
2026/08/04 17:02:19.801, 21836, 100
2026/08/04 17:02:20.801, 21836, 84
2026/08/04 17:02:21.801, 21836, 100
2026/08/04 17:02:22.802, 21836, 84
2026/08/04 17:02:23.802, 21836, 100
2026/08/04 17:02:24.802, 21836, 100
2026/08/04 17:02:25.803, 21836, 70
2026/08/04 17:02:26.803, 21836, 94
2026/08/04 17:02:27.803, 21836, 80
2026/08/04 17:02:28.803, 21836, 100
2026/08/04 17:02:29.804, 21836, 100
2026/08/04 17:02:30.804, 21836, 100
2026/08/04 17:02:31.804, 21836, 100
2026/08/04 17:02:32.805, 21836, 86
2026/08/04 17:02:33.805, 21836, 100
2026/08/04 17:02:34.805, 21836, 100
2026/08/04 17:02:35.805, 21836, 72
2026/08/04 17:02:36.806, 21836, 100
2026/08/04 17:02:37.806, 21836, 100
2026/08/04 17:02:38.806, 21836, 100
2026/08/04 17:02:39.807, 21836, 93
2026/08/04 17:02:40.807, 21836, 99
2026/08/04 17:02:41.807, 21836, 70
2026/08/04 17:02:42.808, 21836, 100
2026/08/04 17:02:43.808, 21836, 93
2026/08/04 17:02:44.808, 21836, 100
2026/08/04 17:02:45.809, 21836, 100
2026/08/04 17:02:46.809, 21836, 100
2026/08/04 17:02:47.809, 21836, 100
2026/08/04 17:02:48.809, 21836, 100
2026/08/04 17:02:49.810, 21836, 100
2026/08/04 17:02:50.810, 21836, 100
2026/08/04 17:02:51.810, 21836, 100
2026/08/04 17:02:52.811, 21836, 84
2026/08/04 17:02:53.811, 21836, 100
2026/08/04 17:02:54.811, 21836, 100
2026/08/04 17:02:55.812, 21836, 100
2026/08/04 17:02:56.812, 21836, 100
2026/08/04 17:02:57.812, 21836, 100
2026/08/04 17:02:58.812, 21836, 100
2026/08/04 17:02:59.813, 21836, 100
2026/08/04 17:03:00.813, 21836, 100
2026/08/04 17:03:01.813, 21836, 100
2026/08/04 17:03:02.814, 21836, 100
2026/08/04 17:03:03.814, 21836, 100
2026/08/04 17:03:04.814, 21836, 100
2026/08/04 17:03:05.815, 21836, 100
2026/08/04 17:03:06.815, 21836, 100
2026/08/04 17:03:07.815, 21836, 100
2026/08/04 17:03:08.816, 21836, 100
2026/08/04 17:03:09.816, 21836, 100
2026/08/04 17:03:10.816, 21836, 100
2026/08/04 17:03:11.817, 21836, 100
2026/08/04 17:03:12.817, 21836, 100
2026/08/04 17:03:13.817, 21836, 100
2026/08/04 17:03:14.818, 21836, 100
2026/08/04 17:03:15.818, 21836, 100
2026/08/04 17:03:16.818, 21836, 100
2026/08/04 17:03:17.819, 21836, 100
2026/08/04 17:03:18.819, 21836, 100
2026/08/04 17:03:19.819, 21836, 100
2026/08/04 17:03:20.820, 21836, 100
2026/08/04 17:03:21.820, 21836, 100
2026/08/04 17:03:22.820, 21836, 100
2026/08/04 17:03:23.821, 21836, 100
2026/08/04 17:03:24.821, 21836, 86
2026/08/04 17:03:25.821, 21836, 100
2026/08/04 17:03:26.822, 21836, 100
2026/08/04 17:03:27.822, 21836, 100
2026/08/04 17:03:28.822, 21836, 100
2026/08/04 17:03:29.823, 21836, 100
2026/08/04 17:03:30.823, 21836, 100
2026/08/04 17:03:31.823, 21836, 100
2026/08/04 17:03:32.823, 21836, 100
2026/08/04 17:03:33.824, 21836, 100
2026/08/04 17:03:34.824, 21836, 100
2026/08/04 17:03:35.824, 21836, 100
2026/08/04 17:03:36.825, 21836, 84
2026/08/04 17:03:37.825, 21836, 100
2026/08/04 17:03:38.825, 21836, 83
2026/08/04 17:03:39.826, 21836, 98
2026/08/04 17:03:40.826, 21836, 100
2026/08/04 17:03:41.826, 21836, 100
2026/08/04 17:03:42.827, 21836, 100
2026/08/04 17:03:43.827, 21836, 100
2026/08/04 17:03:44.827, 21836, 100
2026/08/04 17:03:45.828, 21836, 100
2026/08/04 17:03:46.828, 21836, 100
2026/08/04 17:03:47.828, 21836, 100
2026/08/04 17:03:48.829, 21836, 100
2026/08/04 17:03:49.829, 21836, 100
2026/08/04 17:03:50.829, 21836, 100
2026/08/04 17:03:51.829, 21836, 100
2026/08/04 17:03:52.830, 21836, 100
2026/08/04 17:03:53.830, 21836, 100
2026/08/04 17:03:54.830, 21836, 80
2026/08/04 17:03:55.831, 21836, 82
2026/08/04 17:03:56.831, 21836, 100
2026/08/04 17:03:57.831, 21836, 100
2026/08/04 17:03:58.832, 21836, 97
2026/08/04 17:03:59.832, 21836, 100
2026/08/04 17:04:00.832, 21836, 100
2026/08/04 17:04:01.833, 21836, 100
2026/08/04 17:04:02.833, 21836, 100
2026/08/04 17:04:03.833, 21836, 100
2026/08/04 17:04:04.834, 21836, 100
2026/08/04 17:04:05.834, 21836, 100
2026/08/04 17:04:06.834, 21836, 82
2026/08/04 17:04:07.835, 21836, 100
2026/08/04 17:04:08.835, 21836, 83
2026/08/04 17:04:09.835, 21836, 100
2026/08/04 17:04:10.836, 21836, 100
2026/08/04 17:04:11.836, 21836, 100
2026/08/04 17:04:12.836, 21836, 85
2026/08/04 17:04:13.836, 21836, 100
2026/08/04 17:04:14.837, 21836, 100
2026/08/04 17:04:15.837, 21836, 100
2026/08/04 17:04:16.837, 21836, 100
2026/08/04 17:04:17.838, 21836, 100
2026/08/04 17:04:18.838, 21836, 100
2026/08/04 17:04:19.838, 21836, 98
2026/08/04 17:04:20.839, 21836, 100
2026/08/04 17:04:21.839, 21836, 100
2026/08/04 17:04:22.839, 21836, 100
2026/08/04 17:04:23.839, 21836, 100
2026/08/04 17:04:24.840, 21836, 100
2026/08/04 17:04:25.840, 21836, 84
2026/08/04 17:04:26.840, 21836, 100
2026/08/04 17:04:27.841, 21836, 100
2026/08/04 17:04:28.841, 21836, 100
2026/08/04 17:04:29.841, 21836, 100
2026/08/04 17:04:30.842, 21836, 100
2026/08/04 17:04:31.842, 21836, 100
2026/08/04 17:04:32.842, 21836, 100
2026/08/04 17:04:33.843, 21836, 100
2026/08/04 17:04:34.843, 21836, 100
2026/08/04 17:04:35.843, 21836, 100
2026/08/04 17:04:36.843, 21836, 100
2026/08/04 17:04:37.844, 21836, 100
2026/08/04 17:04:38.844, 21836, 100
2026/08/04 17:04:39.844, 21836, 100
2026/08/04 17:04:40.845, 21836, 100
2026/08/04 17:04:41.845, 21836, 100
2026/08/04 17:04:42.845, 21836, 100
2026/08/04 17:04:43.846, 21836, 100
2026/08/04 17:04:44.846, 21836, 100
2026/08/04 17:04:45.846, 21836, 100
2026/08/04 17:04:46.847, 21836, 100
2026/08/04 17:04:47.847, 21836, 83
2026/08/04 17:04:48.847, 21836, 94
2026/08/04 17:04:49.848, 21836, 100
2026/08/04 17:04:50.848, 21836, 100
2026/08/04 17:04:51.848, 21836, 100
2026/08/04 17:04:52.849, 21836, 93
2026/08/04 17:04:53.849, 21836, 100
2026/08/04 17:04:54.849, 21836, 100
2026/08/04 17:04:55.850, 21836, 100
2026/08/04 17:04:56.850, 21836, 100
2026/08/04 17:04:57.850, 21836, 83
2026/08/04 17:04:58.851, 21836, 100
2026/08/04 17:04:59.851, 21836, 100
2026/08/04 17:05:00.851, 21836, 100
2026/08/04 17:05:01.851, 21836, 100
2026/08/04 17:05:02.852, 21836, 100
2026/08/04 17:05:03.852, 21836, 83
2026/08/04 17:05:04.853, 21836, 100
2026/08/04 17:05:05.853, 21836, 100
2026/08/04 17:05:06.853, 21836, 100
2026/08/04 17:05:07.854, 21836, 100
2026/08/04 17:05:08.854, 21836, 100
2026/08/04 17:05:09.855, 21836, 82
2026/08/04 17:05:10.855, 21836, 100
2026/08/04 17:05:11.855, 21836, 100
2026/08/04 17:05:12.855, 21836, 100
2026/08/04 17:05:13.856, 21836, 100
2026/08/04 17:05:14.856, 21836, 100
2026/08/04 17:05:15.856, 21836, 100
2026/08/04 17:05:16.857, 21836, 100
2026/08/04 17:05:17.857, 21836, 100
2026/08/04 17:05:18.857, 21836, 100
2026/08/04 17:05:19.858, 21836, 81
2026/08/04 17:05:20.858, 21836, 100
2026/08/04 17:05:21.858, 21836, 100
2026/08/04 17:05:22.859, 21836, 100
2026/08/04 17:05:23.859, 21836, 100
2026/08/04 17:05:24.859, 21836, 100
2026/08/04 17:05:25.860, 21836, 95
2026/08/04 17:05:26.860, 21836, 100
2026/08/04 17:05:27.860, 21836, 100
2026/08/04 17:05:28.861, 21836, 100
2026/08/04 17:05:29.861, 21836, 100
2026/08/04 17:05:30.861, 21836, 100
2026/08/04 17:05:31.862, 21836, 100
2026/08/04 17:05:32.862, 21836, 100
2026/08/04 17:05:33.862, 21836, 100
2026/08/04 17:05:34.862, 21836, 100
2026/08/04 17:05:35.863, 21836, 100
2026/08/04 17:05:36.863, 21836, 100
2026/08/04 17:05:37.863, 21836, 100
2026/08/04 17:05:38.864, 21836, 100
2026/08/04 17:05:39.864, 21836, 100
2026/08/04 17:05:40.864, 21836, 100
2026/08/04 17:05:41.865, 21836, 81
2026/08/04 17:05:42.865, 21836, 100
2026/08/04 17:05:43.865, 21836, 100
2026/08/04 17:05:44.865, 21836, 81
2026/08/04 17:05:45.866, 21836, 100
2026/08/04 17:05:46.866, 21836, 88
2026/08/04 17:05:47.866, 21836, 100
2026/08/04 17:05:48.867, 21836, 100
2026/08/04 17:05:49.867, 21836, 100
2026/08/04 17:05:50.867, 21836, 100
2026/08/04 17:05:51.868, 21836, 72
2026/08/04 17:05:52.868, 21836, 96
2026/08/04 17:05:53.868, 21836, 100
2026/08/04 17:05:54.869, 21836, 100
2026/08/04 17:05:55.869, 21836, 84
2026/08/04 17:05:56.869, 21836, 92
2026/08/04 17:05:57.869, 21836, 100
2026/08/04 17:05:58.870, 21836, 100
2026/08/04 17:05:59.870, 21836, 100
2026/08/04 17:06:00.870, 21836, 100
2026/08/04 17:06:01.871, 21836, 100
2026/08/04 17:06:02.871, 21836, 85
2026/08/04 17:06:03.871, 21836, 100
2026/08/04 17:06:04.872, 21836, 100
2026/08/04 17:06:05.872, 21836, 100
2026/08/04 17:06:06.872, 21836, 84
2026/08/04 17:06:07.872, 21836, 100
2026/08/04 17:06:08.873, 21836, 100
2026/08/04 17:06:09.873, 21836, 100
2026/08/04 17:06:10.873, 21836, 96
2026/08/04 17:06:11.874, 21836, 96
2026/08/04 17:06:12.874, 21836, 100
2026/08/04 17:06:13.875, 21836, 90
2026/08/04 17:06:14.875, 21836, 100
2026/08/04 17:06:15.875, 21836, 100
2026/08/04 17:06:16.876, 21836, 100
2026/08/04 17:06:17.876, 21836, 100
2026/08/04 17:06:18.876, 21836, 100
2026/08/04 17:06:19.877, 21836, 100
2026/08/04 17:06:20.877, 21836, 100
2026/08/04 17:06:21.877, 21836, 100
2026/08/04 17:06:22.878, 21836, 100
2026/08/04 17:06:23.878, 21836, 78
2026/08/04 17:06:24.878, 21836, 100
2026/08/04 17:06:25.878, 21836, 100
2026/08/04 17:06:26.879, 21836, 100
2026/08/04 17:06:27.879, 21836, 86
2026/08/04 17:06:28.879, 21836, 100
2026/08/04 17:06:29.880, 21836, 100
2026/08/04 17:06:30.880, 21836, 100
2026/08/04 17:06:31.880, 21836, 100
2026/08/04 17:06:32.881, 21836, 100
2026/08/04 17:06:33.881, 21836, 100
2026/08/04 17:06:34.881, 21836, 100
2026/08/04 17:06:35.881, 21836, 100
2026/08/04 17:06:36.882, 21836, 100
2026/08/04 17:06:37.882, 21836, 100
2026/08/04 17:06:38.882, 21836, 100
2026/08/04 17:06:39.883, 21836, 100
2026/08/04 17:06:40.883, 21836, 100
2026/08/04 17:06:41.883, 21836, 100
2026/08/04 17:06:42.884, 21836, 100
2026/08/04 17:06:43.884, 21836, 96
2026/08/04 17:06:44.884, 21836, 100
2026/08/04 17:06:45.884, 21836, 100
2026/08/04 17:06:46.885, 21836, 100
2026/08/04 17:06:47.885, 21836, 84
2026/08/04 17:06:48.885, 21836, 100
2026/08/04 17:06:49.886, 21836, 100
2026/08/04 17:06:50.886, 21836, 100
2026/08/04 17:06:51.886, 21836, 100
2026/08/04 17:06:52.887, 21836, 100
2026/08/04 17:06:53.887, 21836, 100
2026/08/04 17:06:54.887, 21836, 100
2026/08/04 17:06:55.888, 21836, 100
2026/08/04 17:06:56.888, 21836, 89
2026/08/04 17:06:57.888, 21836, 100
2026/08/04 17:06:58.888, 21836, 100
2026/08/04 17:06:59.889, 21836, 100
2026/08/04 17:07:00.889, 21836, 100
2026/08/04 17:07:01.889, 21836, 100
2026/08/04 17:07:02.890, 21836, 100
2026/08/04 17:07:03.890, 21836, 100
2026/08/04 17:07:04.890, 21836, 100
2026/08/04 17:07:05.891, 21836, 100
2026/08/04 17:07:06.891, 21836, 72
2026/08/04 17:07:07.891, 21836, 100
2026/08/04 17:07:08.892, 21836, 86
2026/08/04 17:07:09.892, 21836, 100
2026/08/04 17:07:10.892, 21836, 100
2026/08/04 17:07:11.893, 21836, 100
2026/08/04 17:07:12.893, 21836, 100
2026/08/04 17:07:13.893, 21836, 100
2026/08/04 17:07:14.893, 21836, 100
2026/08/04 17:07:15.894, 21836, 70
2026/08/04 17:07:16.894, 21836, 92
2026/08/04 17:07:17.894, 21836, 100
2026/08/04 17:07:18.895, 21836, 100
2026/08/04 17:07:19.895, 21836, 100
2026/08/04 17:07:20.895, 21836, 100
2026/08/04 17:07:21.895, 21836, 100
2026/08/04 17:07:22.896, 21836, 100
2026/08/04 17:07:23.896, 21836, 100
2026/08/04 17:07:24.896, 21836, 84
2026/08/04 17:07:25.897, 21836, 100
2026/08/04 17:07:26.897, 21836, 100
2026/08/04 17:07:27.897, 21836, 100
2026/08/04 17:07:28.898, 21836, 100
2026/08/04 17:07:29.898, 21836, 100
2026/08/04 17:07:30.898, 21836, 100
2026/08/04 17:07:31.898, 21836, 100
2026/08/04 17:07:32.899, 21836, 100
2026/08/04 17:07:33.899, 21836, 100
2026/08/04 17:07:34.899, 21836, 100
2026/08/04 17:07:35.900, 21836, 100
2026/08/04 17:07:36.900, 21836, 100
2026/08/04 17:07:37.900, 21836, 100
2026/08/04 17:07:38.901, 21836, 100
2026/08/04 17:07:39.901, 21836, 100
2026/08/04 17:07:40.901, 21836, 100
2026/08/04 17:07:41.902, 21836, 100
2026/08/04 17:07:42.902, 21836, 100
2026/08/04 17:07:43.902, 21836, 100
2026/08/04 17:07:44.902, 21836, 100
2026/08/04 17:07:45.903, 21836, 100
2026/08/04 17:07:46.903, 21836, 100
2026/08/04 17:07:47.903, 21836, 74
2026/08/04 17:07:48.904, 21836, 100
2026/08/04 17:07:49.904, 21836, 100
2026/08/04 17:07:50.904, 21836, 100
2026/08/04 17:07:51.905, 21836, 100
2026/08/04 17:07:52.905, 21836, 100
2026/08/04 17:07:53.905, 21836, 100
2026/08/04 17:07:54.905, 21836, 100
2026/08/04 17:07:55.906, 21836, 70
2026/08/04 17:07:56.906, 21836, 83
2026/08/04 17:07:57.906, 21836, 100
2026/08/04 17:07:58.907, 21836, 100
2026/08/04 17:07:59.907, 21836, 100
2026/08/04 17:08:00.907, 21836, 100
2026/08/04 17:08:01.908, 21836, 100
2026/08/04 17:08:02.908, 21836, 100
2026/08/04 17:08:03.908, 21836, 100
2026/08/04 17:08:04.909, 21836, 100
2026/08/04 17:08:05.909, 21836, 100
2026/08/04 17:08:06.909, 21836, 100
2026/08/04 17:08:07.909, 21836, 100
2026/08/04 17:08:08.910, 21836, 100
2026/08/04 17:08:09.910, 21836, 100
2026/08/04 17:08:10.910, 21836, 100
2026/08/04 17:08:11.911, 21836, 100
2026/08/04 17:08:12.911, 21836, 100
2026/08/04 17:08:13.911, 21836, 100
2026/08/04 17:08:14.912, 21836, 100
2026/08/04 17:08:15.912, 21836, 100
2026/08/04 17:08:16.912, 21836, 83
2026/08/04 17:08:17.912, 21836, 100
2026/08/04 17:08:18.913, 21836, 100
2026/08/04 17:08:19.913, 21836, 100
2026/08/04 17:08:20.913, 21836, 83
2026/08/04 17:08:21.914, 21836, 83
2026/08/04 17:08:22.914, 21836, 100
2026/08/04 17:08:23.914, 21836, 100
2026/08/04 17:08:24.914, 21836, 100
2026/08/04 17:08:25.915, 21836, 100
2026/08/04 17:08:26.915, 21836, 100
2026/08/04 17:08:27.915, 21836, 100
2026/08/04 17:08:28.915, 21836, 100
2026/08/04 17:08:29.916, 21836, 100
2026/08/04 17:08:30.916, 21836, 100
2026/08/04 17:08:31.916, 21836, 100
2026/08/04 17:08:32.917, 21836, 84
2026/08/04 17:08:33.917, 21836, 100
2026/08/04 17:08:34.917, 21836, 100
2026/08/04 17:08:35.918, 21836, 100
2026/08/04 17:08:36.918, 21836, 100
2026/08/04 17:08:37.918, 21836, 100
2026/08/04 17:08:38.919, 21836, 98
2026/08/04 17:08:39.919, 21836, 100
2026/08/04 17:08:40.919, 21836, 100
2026/08/04 17:08:41.919, 21836, 100
2026/08/04 17:08:42.920, 21836, 100
2026/08/04 17:08:43.920, 21836, 100
2026/08/04 17:08:44.920, 21836, 100
2026/08/04 17:08:45.921, 21836, 100
2026/08/04 17:08:46.921, 21836, 84
2026/08/04 17:08:47.921, 21836, 100
2026/08/04 17:08:48.922, 21836, 82
2026/08/04 17:08:49.922, 21836, 100
2026/08/04 17:08:50.922, 21836, 100
2026/08/04 17:08:51.922, 21836, 100
2026/08/04 17:08:52.923, 21836, 100
2026/08/04 17:08:53.923, 21836, 100
2026/08/04 17:08:54.923, 21836, 100
2026/08/04 17:08:55.924, 21836, 75
2026/08/04 17:08:56.924, 21836, 100
2026/08/04 17:08:57.924, 21836, 100
2026/08/04 17:08:58.925, 21836, 82
2026/08/04 17:08:59.925, 21836, 100
2026/08/04 17:09:00.925, 21836, 100
2026/08/04 17:09:01.925, 21836, 82
2026/08/04 17:09:02.926, 21836, 100
2026/08/04 17:09:03.926, 21836, 100
2026/08/04 17:09:04.926, 21836, 85
2026/08/04 17:09:05.927, 21836, 100
2026/08/04 17:09:06.927, 21836, 100
2026/08/04 17:09:07.927, 21836, 100
2026/08/04 17:09:08.928, 21836, 100
2026/08/04 17:09:09.928, 21836, 100
2026/08/04 17:09:10.928, 21836, 100
2026/08/04 17:09:11.929, 21836, 100
2026/08/04 17:09:12.929, 21836, 100
2026/08/04 17:09:13.929, 21836, 100
2026/08/04 17:09:14.929, 21836, 100
2026/08/04 17:09:15.930, 21836, 100
2026/08/04 17:09:16.930, 21836, 85
2026/08/04 17:09:17.930, 21836, 89
2026/08/04 17:09:18.931, 21836, 100
2026/08/04 17:09:19.931, 21836, 100
2026/08/04 17:09:20.931, 21836, 100
2026/08/04 17:09:21.931, 21836, 100
2026/08/04 17:09:22.932, 21836, 100
2026/08/04 17:09:23.932, 21836, 100
2026/08/04 17:09:24.932, 21836, 100
2026/08/04 17:09:25.933, 21836, 100
2026/08/04 17:09:26.933, 21836, 100
2026/08/04 17:09:27.934, 21836, 100
2026/08/04 17:09:28.935, 21836, 100
2026/08/04 17:09:29.935, 21836, 90
2026/08/04 17:09:30.935, 21836, 100
2026/08/04 17:09:31.936, 21836, 100
2026/08/04 17:09:32.936, 21836, 100
2026/08/04 17:09:33.936, 21836, 100
2026/08/04 17:09:34.936, 21836, 100
2026/08/04 17:09:35.937, 21836, 100
2026/08/04 17:09:36.937, 21836, 100
2026/08/04 17:09:37.937, 21836, 100
2026/08/04 17:09:38.938, 21836, 85
2026/08/04 17:09:39.938, 21836, 100
2026/08/04 17:09:40.938, 21836, 100
2026/08/04 17:09:41.938, 21836, 100
2026/08/04 17:09:42.939, 21836, 100
2026/08/04 17:09:43.939, 21836, 100
2026/08/04 17:09:44.939, 21836, 100
2026/08/04 17:09:45.939, 21836, 100
2026/08/04 17:09:46.940, 21836, 100
2026/08/04 17:09:47.940, 21836, 83
2026/08/04 17:09:48.940, 21836, 90
2026/08/04 17:09:49.940, 21836, 82
2026/08/04 17:09:50.941, 21836, 100
2026/08/04 17:09:51.941, 21836, 100
2026/08/04 17:09:52.941, 21836, 100
2026/08/04 17:09:53.942, 21836, 100
2026/08/04 17:09:54.942, 21836, 100
2026/08/04 17:09:55.942, 21836, 9
2026/08/04 17:09:56.943, 21836, 5
2026/08/04 17:09:57.943, 21836, 100
2026/08/04 17:09:58.943, 21836, 100
2026/08/04 17:09:59.943, 21836, 100
2026/08/04 17:10:00.944, 21836, 100
2026/08/04 17:10:01.944, 21836, 82
2026/08/04 17:10:02.944, 21836, 100
2026/08/04 17:10:03.945, 21836, 100
2026/08/04 17:10:04.945, 21836, 100
2026/08/04 17:10:05.945, 21836, 100
2026/08/04 17:10:06.945, 21836, 100
2026/08/04 17:10:07.946, 21836, 100
2026/08/04 17:10:08.946, 21836, 100
2026/08/04 17:10:09.946, 21836, 78
2026/08/04 17:10:10.947, 21836, 100
2026/08/04 17:10:11.947, 21836, 100
2026/08/04 17:10:12.947, 21836, 100
2026/08/04 17:10:13.948, 21836, 100
2026/08/04 17:10:14.948, 21836, 100
2026/08/04 17:10:15.948, 21836, 100
2026/08/04 17:10:16.949, 21836, 88
2026/08/04 17:10:17.949, 21836, 100
2026/08/04 17:10:18.949, 21836, 100
2026/08/04 17:10:19.949, 21836, 100
2026/08/04 17:10:20.950, 21836, 100
2026/08/04 17:10:21.950, 21836, 100
2026/08/04 17:10:22.950, 21836, 81
2026/08/04 17:10:23.951, 21836, 85
2026/08/04 17:10:24.951, 21836, 100
2026/08/04 17:10:25.951, 21836, 100
2026/08/04 17:10:26.952, 21836, 100
2026/08/04 17:10:27.952, 21836, 100
2026/08/04 17:10:28.952, 21836, 100
2026/08/04 17:10:29.953, 21836, 100
2026/08/04 17:10:30.953, 21836, 100
2026/08/04 17:10:31.953, 21836, 100
2026/08/04 17:10:32.953, 21836, 82
2026/08/04 17:10:33.954, 21836, 100
2026/08/04 17:10:34.954, 21836, 100
2026/08/04 17:10:35.954, 21836, 100
2026/08/04 17:10:36.955, 21836, 100
2026/08/04 17:10:37.955, 21836, 84
2026/08/04 17:10:38.955, 21836, 100
2026/08/04 17:10:39.956, 21836, 100
2026/08/04 17:10:40.956, 21836, 100
2026/08/04 17:10:41.956, 21836, 77
2026/08/04 17:10:42.957, 21836, 100
2026/08/04 17:10:43.957, 21836, 82
2026/08/04 17:10:44.957, 21836, 100
2026/08/04 17:10:45.957, 21836, 100
2026/08/04 17:10:46.958, 21836, 100
2026/08/04 17:10:47.958, 21836, 100
2026/08/04 17:10:48.958, 21836, 100
2026/08/04 17:10:49.959, 21836, 91
2026/08/04 17:10:50.959, 21836, 88
2026/08/04 17:10:51.959, 21836, 100
2026/08/04 17:10:52.960, 21836, 80
2026/08/04 17:10:53.960, 21836, 95
2026/08/04 17:10:54.960, 21836, 100
2026/08/04 17:10:55.960, 21836, 85
2026/08/04 17:10:56.961, 21836, 78
2026/08/04 17:10:57.961, 21836, 100
2026/08/04 17:10:58.961, 21836, 100
2026/08/04 17:10:59.962, 21836, 100
2026/08/04 17:11:00.962, 21836, 100
2026/08/04 17:11:01.962, 21836, 100
2026/08/04 17:11:02.962, 21836, 100
2026/08/04 17:11:03.963, 21836, 91
2026/08/04 17:11:04.967, 21836, 84
2026/08/04 17:11:05.968, 21836, 83
2026/08/04 17:11:06.968, 21836, 100
2026/08/04 17:11:07.968, 21836, 100
2026/08/04 17:11:08.969, 21836, 100
2026/08/04 17:11:09.969, 21836, 100
2026/08/04 17:11:10.969, 21836, 77
2026/08/04 17:11:11.969, 21836, 84
2026/08/04 17:11:12.970, 21836, 100
2026/08/04 17:11:13.970, 21836, 100
2026/08/04 17:11:14.970, 21836, 100
2026/08/04 17:11:15.971, 21836, 100
2026/08/04 17:11:16.971, 21836, 100
2026/08/04 17:11:17.971, 21836, 87
2026/08/04 17:11:18.972, 21836, 100
2026/08/04 17:11:19.972, 21836, 100
2026/08/04 17:11:20.972, 21836, 82
2026/08/04 17:11:21.973, 21836, 100
2026/08/04 17:11:22.973, 21836, 100
2026/08/04 17:11:23.973, 21836, 100
2026/08/04 17:11:24.973, 21836, 100
2026/08/04 17:11:25.974, 21836, 83
2026/08/04 17:11:26.974, 21836, 100
2026/08/04 17:11:27.975, 21836, 100
2026/08/04 17:11:28.975, 21836, 100
2026/08/04 17:11:29.975, 21836, 100
2026/08/04 17:11:30.975, 21836, 100
2026/08/04 17:11:31.976, 21836, 74
2026/08/04 17:11:32.976, 21836, 100
2026/08/04 17:11:33.976, 21836, 100
2026/08/04 17:11:34.977, 21836, 100
2026/08/04 17:11:35.977, 21836, 100
2026/08/04 17:11:36.977, 21836, 82
2026/08/04 17:11:37.978, 21836, 100
2026/08/04 17:11:38.978, 21836, 100
2026/08/04 17:11:39.978, 21836, 100
2026/08/04 17:11:40.978, 21836, 84
2026/08/04 17:11:41.979, 21836, 82
2026/08/04 17:11:42.979, 21836, 82
2026/08/04 17:11:43.979, 21836, 83
2026/08/04 17:11:44.980, 21836, 82
2026/08/04 17:11:45.980, 21836, 83
2026/08/04 17:11:46.980, 21836, 100
2026/08/04 17:11:47.981, 21836, 100
2026/08/04 17:11:48.981, 21836, 100
2026/08/04 17:11:49.981, 21836, 100
2026/08/04 17:11:50.981, 21836, 100
2026/08/04 17:11:51.982, 21836, 100
2026/08/04 17:11:52.982, 21836, 100
2026/08/04 17:11:53.982, 21836, 100
2026/08/04 17:11:54.983, 21836, 100
2026/08/04 17:11:55.983, 21836, 100
2026/08/04 17:11:56.983, 21836, 100
2026/08/04 17:11:57.984, 21836, 100
2026/08/04 17:11:58.984, 21836, 100
2026/08/04 17:11:59.984, 21836, 100
2026/08/04 17:12:00.985, 21836, 100
2026/08/04 17:12:01.985, 21836, 100
2026/08/04 17:12:02.985, 21836, 81
2026/08/04 17:12:03.986, 21836, 71
2026/08/04 17:12:04.986, 21836, 83
2026/08/04 17:12:05.988, 21836, 100
2026/08/04 17:12:06.988, 21836, 100
2026/08/04 17:12:07.988, 21836, 100
2026/08/04 17:12:08.989, 21836, 100
2026/08/04 17:12:09.989, 21836, 100
2026/08/04 17:12:10.989, 21836, 100
2026/08/04 17:12:11.990, 21836, 100
2026/08/04 17:12:12.990, 21836, 100
2026/08/04 17:12:13.990, 21836, 100
2026/08/04 17:12:14.991, 21836, 100
2026/08/04 17:12:15.991, 21836, 100
2026/08/04 17:12:16.991, 21836, 100
2026/08/04 17:12:17.992, 21836, 100
2026/08/04 17:12:18.992, 21836, 72
2026/08/04 17:12:19.992, 21836, 100
2026/08/04 17:12:20.992, 21836, 75
2026/08/04 17:12:21.993, 21836, 100
2026/08/04 17:12:22.993, 21836, 100
2026/08/04 17:12:23.993, 21836, 100
2026/08/04 17:12:24.994, 21836, 100
2026/08/04 17:12:25.994, 21836, 100
2026/08/04 17:12:26.994, 21836, 100
2026/08/04 17:12:27.995, 21836, 100
2026/08/04 17:12:28.995, 21836, 100
2026/08/04 17:12:29.995, 21836, 91
2026/08/04 17:12:30.995, 21836, 100
2026/08/04 17:12:31.996, 21836, 100
2026/08/04 17:12:32.996, 21836, 100
2026/08/04 17:12:33.996, 21836, 100
2026/08/04 17:12:34.996, 21836, 100
2026/08/04 17:12:35.997, 21836, 100
2026/08/04 17:12:36.997, 21836, 100
2026/08/04 17:12:37.997, 21836, 75
2026/08/04 17:12:38.998, 21836, 100
2026/08/04 17:12:39.998, 21836, 100
2026/08/04 17:12:40.998, 21836, 100
2026/08/04 17:12:41.999, 21836, 100
2026/08/04 17:12:42.999, 21836, 100
2026/08/04 17:12:43.999, 21836, 100
2026/08/04 17:12:45.000, 21836, 100
2026/08/04 17:12:46.000, 21836, 100
2026/08/04 17:12:47.000, 21836, 100
2026/08/04 17:12:48.000, 21836, 100
2026/08/04 17:12:49.001, 21836, 84
2026/08/04 17:12:50.001, 21836, 100
2026/08/04 17:12:51.001, 21836, 87
2026/08/04 17:12:52.002, 21836, 84
2026/08/04 17:12:53.002, 21836, 100
2026/08/04 17:12:54.002, 21836, 100
2026/08/04 17:12:55.003, 21836, 100
2026/08/04 17:12:56.003, 21836, 100
2026/08/04 17:12:57.003, 21836, 100
2026/08/04 17:12:58.004, 21836, 100
2026/08/04 17:12:59.004, 21836, 100
2026/08/04 17:13:00.004, 21836, 100
2026/08/04 17:13:01.005, 21836, 100
2026/08/04 17:13:02.005, 21836, 100
2026/08/04 17:13:03.005, 21836, 100
2026/08/04 17:13:04.005, 21836, 82
2026/08/04 17:13:05.006, 21836, 100
2026/08/04 17:13:06.006, 21836, 100
2026/08/04 17:13:07.006, 21836, 100
2026/08/04 17:13:08.007, 21836, 94
2026/08/04 17:13:09.007, 21836, 100
2026/08/04 17:13:10.007, 21836, 100
2026/08/04 17:13:11.008, 21836, 100
2026/08/04 17:13:12.008, 21836, 74
2026/08/04 17:13:13.008, 21836, 100
2026/08/04 17:13:14.008, 21836, 100
2026/08/04 17:13:15.009, 21836, 100
2026/08/04 17:13:16.009, 21836, 100
2026/08/04 17:13:17.009, 21836, 72
2026/08/04 17:13:18.010, 21836, 100
2026/08/04 17:13:19.010, 21836, 100
2026/08/04 17:13:20.010, 21836, 100
2026/08/04 17:13:21.011, 21836, 100
2026/08/04 17:13:22.011, 21836, 100
2026/08/04 17:13:23.011, 21836, 84
2026/08/04 17:13:24.012, 21836, 100
2026/08/04 17:13:25.012, 21836, 100
2026/08/04 17:13:26.012, 21836, 100
2026/08/04 17:13:27.012, 21836, 100
2026/08/04 17:13:28.013, 21836, 100
2026/08/04 17:13:29.013, 21836, 100
2026/08/04 17:13:30.013, 21836, 100
2026/08/04 17:13:31.014, 21836, 100
2026/08/04 17:13:32.014, 21836, 100
2026/08/04 17:13:33.014, 21836, 100
2026/08/04 17:13:34.015, 21836, 100
2026/08/04 17:13:35.015, 21836, 71
2026/08/04 17:13:36.015, 21836, 100
2026/08/04 17:13:37.015, 21836, 100
2026/08/04 17:13:38.016, 21836, 100
2026/08/04 17:13:39.016, 21836, 100
2026/08/04 17:13:40.016, 21836, 100
2026/08/04 17:13:41.017, 21836, 100
2026/08/04 17:13:42.017, 21836, 83
2026/08/04 17:13:43.017, 21836, 100
2026/08/04 17:13:44.017, 21836, 100
2026/08/04 17:13:45.018, 21836, 100
2026/08/04 17:13:46.018, 21836, 79
2026/08/04 17:13:47.018, 21836, 100
2026/08/04 17:13:48.018, 21836, 100
2026/08/04 17:13:49.019, 21836, 100
2026/08/04 17:13:50.019, 21836, 83
2026/08/04 17:13:51.019, 21836, 72
2026/08/04 17:13:52.020, 21836, 99
2026/08/04 17:13:53.020, 21836, 100
2026/08/04 17:13:54.020, 21836, 95
2026/08/04 17:13:55.020, 21836, 100
2026/08/04 17:13:56.021, 21836, 100
2026/08/04 17:13:57.021, 21836, 100
2026/08/04 17:13:58.021, 21836, 99
2026/08/04 17:13:59.022, 21836, 100
2026/08/04 17:14:00.022, 21836, 100
2026/08/04 17:14:01.022, 21836, 100
2026/08/04 17:14:02.023, 21836, 100
2026/08/04 17:14:03.023, 21836, 100
2026/08/04 17:14:04.023, 21836, 99
2026/08/04 17:14:05.024, 21836, 100
2026/08/04 17:14:06.024, 21836, 100
2026/08/04 17:14:07.024, 21836, 84
2026/08/04 17:14:08.024, 21836, 100
2026/08/04 17:14:09.025, 21836, 100
2026/08/04 17:14:10.025, 21836, 100
2026/08/04 17:14:11.025, 21836, 100
2026/08/04 17:14:12.026, 21836, 100
2026/08/04 17:14:13.026, 21836, 100
2026/08/04 17:14:14.026, 21836, 100
2026/08/04 17:14:15.026, 21836, 100
2026/08/04 17:14:16.027, 21836, 100
2026/08/04 17:14:17.027, 21836, 100
2026/08/04 17:14:18.027, 21836, 100
2026/08/04 17:14:19.028, 21836, 100
2026/08/04 17:14:20.028, 21836, 100
2026/08/04 17:14:21.028, 21836, 100
2026/08/04 17:14:22.029, 21836, 100
2026/08/04 17:14:23.029, 21836, 100
2026/08/04 17:14:24.029, 21836, 100
2026/08/04 17:14:25.030, 21836, 100
2026/08/04 17:14:26.030, 21836, 100
2026/08/04 17:14:27.030, 21836, 100
2026/08/04 17:14:28.030, 21836, 84
2026/08/04 17:14:29.031, 21836, 100
2026/08/04 17:14:30.031, 21836, 100
2026/08/04 17:14:31.031, 21836, 100
2026/08/04 17:14:32.032, 21836, 100
2026/08/04 17:14:33.032, 21836, 100
2026/08/04 17:14:34.032, 21836, 100
2026/08/04 17:14:35.032, 21836, 100
2026/08/04 17:14:36.033, 21836, 100
2026/08/04 17:14:37.033, 21836, 100
2026/08/04 17:14:38.033, 21836, 100
2026/08/04 17:14:39.034, 21836, 100
2026/08/04 17:14:40.034, 21836, 100
2026/08/04 17:14:41.034, 21836, 100
2026/08/04 17:14:42.035, 21836, 100
2026/08/04 17:14:43.035, 21836, 100
2026/08/04 17:14:44.035, 21836, 100
2026/08/04 17:14:45.036, 21836, 100
2026/08/04 17:14:46.036, 21836, 100
2026/08/04 17:14:47.036, 21836, 100
2026/08/04 17:14:48.037, 21836, 71
2026/08/04 17:14:49.037, 21836, 100
2026/08/04 17:14:50.037, 21836, 100
2026/08/04 17:14:51.038, 21836, 100
2026/08/04 17:14:52.038, 21836, 100
2026/08/04 17:14:53.038, 21836, 100
2026/08/04 17:14:54.038, 21836, 100
2026/08/04 17:14:55.039, 21836, 100
2026/08/04 17:14:56.039, 21836, 100
2026/08/04 17:14:57.039, 21836, 100
2026/08/04 17:14:58.040, 21836, 100
2026/08/04 17:14:59.040, 21836, 100
2026/08/04 17:15:00.040, 21836, 83
2026/08/04 17:15:01.041, 21836, 100
2026/08/04 17:15:02.041, 21836, 100
2026/08/04 17:15:03.041, 21836, 100
2026/08/04 17:15:04.042, 21836, 100
2026/08/04 17:15:05.042, 21836, 100
2026/08/04 17:15:06.042, 21836, 100
2026/08/04 17:15:07.043, 21836, 100
2026/08/04 17:15:08.043, 21836, 69
2026/08/04 17:15:09.043, 21836, 100
2026/08/04 17:15:10.043, 21836, 84
2026/08/04 17:15:11.044, 21836, 100
2026/08/04 17:15:12.044, 21836, 100
2026/08/04 17:15:13.044, 21836, 100
2026/08/04 17:15:14.045, 21836, 100
2026/08/04 17:15:15.045, 21836, 100
2026/08/04 17:15:16.045, 21836, 100
2026/08/04 17:15:17.046, 21836, 100
2026/08/04 17:15:18.046, 21836, 100
2026/08/04 17:15:19.046, 21836, 100
2026/08/04 17:15:20.047, 21836, 100
2026/08/04 17:15:21.047, 21836, 100
2026/08/04 17:15:22.047, 21836, 100
2026/08/04 17:15:23.048, 21836, 100
2026/08/04 17:15:24.048, 21836, 100
2026/08/04 17:15:25.048, 21836, 100
2026/08/04 17:15:26.049, 21836, 100
2026/08/04 17:15:27.049, 21836, 100
2026/08/04 17:15:28.049, 21836, 100
2026/08/04 17:15:29.049, 21836, 100
2026/08/04 17:15:30.050, 21836, 100
2026/08/04 17:15:31.050, 21836, 100
2026/08/04 17:15:32.050, 21836, 100
2026/08/04 17:15:33.051, 21836, 100
2026/08/04 17:15:34.051, 21836, 84
2026/08/04 17:15:35.051, 21836, 100
2026/08/04 17:15:36.052, 21836, 97
2026/08/04 17:15:37.052, 21836, 100
2026/08/04 17:15:38.052, 21836, 100
2026/08/04 17:15:39.053, 21836, 100
2026/08/04 17:15:40.053, 21836, 98
2026/08/04 17:15:41.053, 21836, 100
2026/08/04 17:15:42.054, 21836, 100
2026/08/04 17:15:43.054, 21836, 100
2026/08/04 17:15:44.054, 21836, 100
2026/08/04 17:15:45.054, 21836, 100
2026/08/04 17:15:46.055, 21836, 100
2026/08/04 17:15:47.055, 21836, 100
2026/08/04 17:15:48.055, 21836, 100
2026/08/04 17:15:49.056, 21836, 83
2026/08/04 17:15:50.056, 21836, 100
2026/08/04 17:15:51.056, 21836, 100
2026/08/04 17:15:52.057, 21836, 63
2026/08/04 17:15:53.057, 21836, 83
2026/08/04 17:15:54.057, 21836, 100
2026/08/04 17:15:55.057, 21836, 91
2026/08/04 17:15:56.058, 21836, 100
2026/08/04 17:15:57.058, 21836, 100
2026/08/04 17:15:58.058, 21836, 72
2026/08/04 17:15:59.059, 21836, 100
2026/08/04 17:16:00.059, 21836, 100
2026/08/04 17:16:01.059, 21836, 92
2026/08/04 17:16:02.059, 21836, 100
2026/08/04 17:16:03.060, 21836, 100
2026/08/04 17:16:04.060, 21836, 100
2026/08/04 17:16:05.060, 21836, 100
2026/08/04 17:16:06.061, 21836, 100
2026/08/04 17:16:07.061, 21836, 83
2026/08/04 17:16:08.061, 21836, 82
2026/08/04 17:16:09.062, 21836, 100
2026/08/04 17:16:10.062, 21836, 100
2026/08/04 17:16:11.062, 21836, 100
2026/08/04 17:16:12.063, 21836, 100
2026/08/04 17:16:13.063, 21836, 100
2026/08/04 17:16:14.063, 21836, 100
2026/08/04 17:16:15.063, 21836, 100
2026/08/04 17:16:16.064, 21836, 100
2026/08/04 17:16:17.064, 21836, 100
2026/08/04 17:16:18.064, 21836, 100
2026/08/04 17:16:19.065, 21836, 100
2026/08/04 17:16:20.065, 21836, 100
2026/08/04 17:16:21.065, 21836, 100
2026/08/04 17:16:22.066, 21836, 100
2026/08/04 17:16:23.066, 21836, 100
2026/08/04 17:16:24.066, 21836, 100
2026/08/04 17:16:25.067, 21836, 100
2026/08/04 17:16:26.067, 21836, 100
2026/08/04 17:16:27.067, 21836, 100
2026/08/04 17:16:28.067, 21836, 100
2026/08/04 17:16:29.068, 21836, 83
2026/08/04 17:16:30.068, 21836, 100
2026/08/04 17:16:31.068, 21836, 100
2026/08/04 17:16:32.069, 21836, 100
2026/08/04 17:16:33.069, 21836, 100
2026/08/04 17:16:34.069, 21836, 100
2026/08/04 17:16:35.069, 21836, 100
2026/08/04 17:16:36.070, 21836, 99
2026/08/04 17:16:37.071, 21836, 100
2026/08/04 17:16:38.071, 21836, 100
2026/08/04 17:16:39.071, 21836, 100
2026/08/04 17:16:40.071, 21836, 100
2026/08/04 17:16:41.072, 21836, 100
2026/08/04 17:16:42.072, 21836, 100
2026/08/04 17:16:43.072, 21836, 100
2026/08/04 17:16:44.072, 21836, 100
2026/08/04 17:16:45.073, 21836, 100
2026/08/04 17:16:46.073, 21836, 100
2026/08/04 17:16:47.073, 21836, 100
2026/08/04 17:16:48.074, 21836, 100
2026/08/04 17:16:49.074, 21836, 85
2026/08/04 17:16:50.074, 21836, 100
2026/08/04 17:16:51.075, 21836, 100
2026/08/04 17:16:52.075, 21836, 100
2026/08/04 17:16:53.075, 21836, 87
2026/08/04 17:16:54.076, 21836, 100
2026/08/04 17:16:55.076, 21836, 90
2026/08/04 17:16:56.076, 21836, 86
2026/08/04 17:16:57.077, 21836, 100
2026/08/04 17:16:58.077, 21836, 100
2026/08/04 17:16:59.077, 21836, 100
2026/08/04 17:17:00.078, 21836, 100
2026/08/04 17:17:01.078, 21836, 100
2026/08/04 17:17:02.078, 21836, 100
2026/08/04 17:17:03.079, 21836, 100
2026/08/04 17:17:04.079, 21836, 100
2026/08/04 17:17:05.079, 21836, 100
2026/08/04 17:17:06.079, 21836, 100
2026/08/04 17:17:07.080, 21836, 100
2026/08/04 17:17:08.080, 21836, 100
2026/08/04 17:17:09.080, 21836, 100
2026/08/04 17:17:10.081, 21836, 100
2026/08/04 17:17:11.082, 21836, 100
2026/08/04 17:17:12.082, 21836, 100
2026/08/04 17:17:13.083, 21836, 100
2026/08/04 17:17:14.083, 21836, 100
2026/08/04 17:17:15.083, 21836, 100
2026/08/04 17:17:16.084, 21836, 86
2026/08/04 17:17:17.084, 21836, 100
2026/08/04 17:17:18.084, 21836, 100
2026/08/04 17:17:19.085, 21836, 68
2026/08/04 17:17:20.085, 21836, 100
2026/08/04 17:17:21.085, 21836, 100
2026/08/04 17:17:22.086, 21836, 100
2026/08/04 17:17:23.086, 21836, 100
2026/08/04 17:17:24.086, 21836, 100
2026/08/04 17:17:25.086, 21836, 81
2026/08/04 17:17:26.087, 21836, 84
2026/08/04 17:17:27.087, 21836, 100
2026/08/04 17:17:28.087, 21836, 100
2026/08/04 17:17:29.088, 21836, 100
2026/08/04 17:17:30.088, 21836, 91
2026/08/04 17:17:31.088, 21836, 83
2026/08/04 17:17:32.089, 21836, 100
2026/08/04 17:17:33.089, 21836, 87
2026/08/04 17:17:34.089, 21836, 100
2026/08/04 17:17:35.089, 21836, 100
2026/08/04 17:17:36.090, 21836, 100
2026/08/04 17:17:37.090, 21836, 100
2026/08/04 17:17:38.090, 21836, 100
2026/08/04 17:17:39.091, 21836, 100
2026/08/04 17:17:40.091, 21836, 100
2026/08/04 17:17:41.092, 21836, 100
2026/08/04 17:17:42.092, 21836, 100
2026/08/04 17:17:43.092, 21836, 100
2026/08/04 17:17:44.093, 21836, 100
2026/08/04 17:17:45.093, 21836, 100
2026/08/04 17:17:46.093, 21836, 100
2026/08/04 17:17:47.093, 21836, 100
2026/08/04 17:17:48.094, 21836, 100
2026/08/04 17:17:49.094, 21836, 100
2026/08/04 17:17:50.094, 21836, 100
2026/08/04 17:17:51.094, 21836, 100
2026/08/04 17:17:52.095, 21836, 81
2026/08/04 17:17:53.095, 21836, 100
2026/08/04 17:17:54.095, 21836, 100
2026/08/04 17:17:55.096, 21836, 100
2026/08/04 17:17:56.097, 21836, 100
2026/08/04 17:17:57.097, 21836, 100
2026/08/04 17:17:58.098, 21836, 100
2026/08/04 17:17:59.098, 21836, 100
2026/08/04 17:18:00.098, 21836, 100
2026/08/04 17:18:01.099, 21836, 100
2026/08/04 17:18:02.099, 21836, 100
2026/08/04 17:18:03.099, 21836, 98
2026/08/04 17:18:04.099, 21836, 97
2026/08/04 17:18:05.100, 21836, 95
2026/08/04 17:18:06.101, 21836, 93
2026/08/04 17:18:07.101, 21836, 84
2026/08/04 17:18:08.101, 21836, 83
2026/08/04 17:18:09.102, 21836, 100
2026/08/04 17:18:10.102, 21836, 57
2026/08/04 17:18:11.102, 21836, 100
2026/08/04 17:18:12.102, 21836, 100
2026/08/04 17:18:13.103, 21836, 100
2026/08/04 17:18:14.103, 21836, 100
2026/08/04 17:18:15.103, 21836, 100
2026/08/04 17:18:16.104, 21836, 100
2026/08/04 17:18:17.104, 21836, 85
2026/08/04 17:18:18.104, 21836, 100
2026/08/04 17:18:19.105, 21836, 100
2026/08/04 17:18:20.105, 21836, 100
2026/08/04 17:18:21.105, 21836, 100
2026/08/04 17:18:22.105, 21836, 100
2026/08/04 17:18:23.106, 21836, 100
2026/08/04 17:18:24.106, 21836, 86
2026/08/04 17:18:25.106, 21836, 100
2026/08/04 17:18:26.107, 21836, 90
2026/08/04 17:18:27.107, 21836, 100
2026/08/04 17:18:28.107, 21836, 100
2026/08/04 17:18:29.108, 21836, 100
2026/08/04 17:18:30.108, 21836, 100
2026/08/04 17:18:31.108, 21836, 100
2026/08/04 17:18:32.108, 21836, 100
2026/08/04 17:18:33.109, 21836, 100
2026/08/04 17:18:34.109, 21836, 100
2026/08/04 17:18:35.109, 21836, 100
2026/08/04 17:18:36.110, 21836, 100
2026/08/04 17:18:37.110, 21836, 100
2026/08/04 17:18:38.110, 21836, 100
2026/08/04 17:18:39.111, 21836, 100
2026/08/04 17:18:40.111, 21836, 100
2026/08/04 17:18:41.111, 21836, 100
2026/08/04 17:18:42.112, 21836, 100
2026/08/04 17:18:43.112, 21836, 100
2026/08/04 17:18:44.112, 21836, 100
2026/08/04 17:18:45.113, 21836, 100
2026/08/04 17:18:46.113, 21836, 100
2026/08/04 17:18:47.113, 21836, 100
2026/08/04 17:18:48.113, 21836, 100
2026/08/04 17:18:49.114, 21836, 100
2026/08/04 17:18:50.114, 21836, 83
2026/08/04 17:18:51.114, 21836, 100
2026/08/04 17:18:52.115, 21836, 100
2026/08/04 17:18:53.115, 21836, 86
2026/08/04 17:18:54.115, 21836, 100
2026/08/04 17:18:55.116, 21836, 100
2026/08/04 17:18:56.116, 21836, 100
2026/08/04 17:18:57.116, 21836, 100
2026/08/04 17:18:58.117, 21836, 100
2026/08/04 17:18:59.117, 21836, 86
2026/08/04 17:19:00.117, 21836, 100
2026/08/04 17:19:01.118, 21836, 100
2026/08/04 17:19:02.118, 21836, 100
2026/08/04 17:19:03.118, 21836, 100
2026/08/04 17:19:04.118, 21836, 100
2026/08/04 17:19:05.119, 21836, 100
2026/08/04 17:19:06.119, 21836, 100
2026/08/04 17:19:07.120, 21836, 83
2026/08/04 17:19:08.120, 21836, 83
2026/08/04 17:19:09.120, 21836, 100
2026/08/04 17:19:10.121, 21836, 100
2026/08/04 17:19:11.121, 21836, 100
2026/08/04 17:19:12.121, 21836, 100
2026/08/04 17:19:13.121, 21836, 100
2026/08/04 17:19:14.122, 21836, 100
2026/08/04 17:19:15.122, 21836, 62
2026/08/04 17:19:16.122, 21836, 100
2026/08/04 17:19:17.123, 21836, 100
2026/08/04 17:19:18.123, 21836, 100
2026/08/04 17:19:19.123, 21836, 100
2026/08/04 17:19:20.123, 21836, 100
2026/08/04 17:19:21.124, 21836, 100
2026/08/04 17:19:22.124, 21836, 100
2026/08/04 17:19:23.124, 21836, 100
2026/08/04 17:19:24.125, 21836, 100
2026/08/04 17:19:25.125, 21836, 100
2026/08/04 17:19:26.125, 21836, 100
2026/08/04 17:19:27.126, 21836, 100
2026/08/04 17:19:28.126, 21836, 84
2026/08/04 17:19:29.126, 21836, 100
2026/08/04 17:19:30.127, 21836, 100
2026/08/04 17:19:31.127, 21836, 100
2026/08/04 17:19:32.127, 21836, 100
2026/08/04 17:19:33.127, 21836, 100
2026/08/04 17:19:34.128, 21836, 100
2026/08/04 17:19:35.128, 21836, 96
2026/08/04 17:19:36.128, 21836, 97
2026/08/04 17:19:37.129, 21836, 100
2026/08/04 17:19:38.129, 21836, 100
2026/08/04 17:19:39.129, 21836, 100
2026/08/04 17:19:40.130, 21836, 100
2026/08/04 17:19:41.130, 21836, 82
2026/08/04 17:19:42.130, 21836, 100
2026/08/04 17:19:43.130, 21836, 90
2026/08/04 17:19:44.131, 21836, 100
2026/08/04 17:19:45.131, 21836, 100
2026/08/04 17:19:46.131, 21836, 100
2026/08/04 17:19:47.132, 21836, 100
2026/08/04 17:19:48.132, 21836, 100
2026/08/04 17:19:49.132, 21836, 100
2026/08/04 17:19:50.133, 21836, 100
2026/08/04 17:19:51.133, 21836, 100
2026/08/04 17:19:52.133, 21836, 100
2026/08/04 17:19:53.134, 21836, 100
2026/08/04 17:19:54.134, 21836, 97
2026/08/04 17:19:55.134, 21836, 100
2026/08/04 17:19:56.135, 21836, 100
2026/08/04 17:19:57.135, 21836, 100
2026/08/04 17:19:58.135, 21836, 100
2026/08/04 17:19:59.135, 21836, 100
2026/08/04 17:20:00.136, 21836, 100
2026/08/04 17:20:01.136, 21836, 100
2026/08/04 17:20:02.136, 21836, 100
2026/08/04 17:20:03.137, 21836, 100
2026/08/04 17:20:04.137, 21836, 100
2026/08/04 17:20:05.137, 21836, 100
2026/08/04 17:20:06.138, 21836, 100
2026/08/04 17:20:07.138, 21836, 100
2026/08/04 17:20:08.138, 21836, 100
2026/08/04 17:20:09.139, 21836, 100
2026/08/04 17:20:10.139, 21836, 100
2026/08/04 17:20:11.139, 21836, 100
2026/08/04 17:20:12.139, 21836, 100
2026/08/04 17:20:13.140, 21836, 100
2026/08/04 17:20:14.140, 21836, 100
2026/08/04 17:20:15.140, 21836, 100
2026/08/04 17:20:16.141, 21836, 100
2026/08/04 17:20:17.141, 21836, 100
2026/08/04 17:20:18.141, 21836, 100
2026/08/04 17:20:19.142, 21836, 100
2026/08/04 17:20:20.142, 21836, 70
2026/08/04 17:20:21.142, 21836, 100
2026/08/04 17:20:22.142, 21836, 85
2026/08/04 17:20:23.143, 21836, 100
2026/08/04 17:20:24.143, 21836, 100
2026/08/04 17:20:25.143, 21836, 84
2026/08/04 17:20:26.144, 21836, 100
2026/08/04 17:20:27.144, 21836, 85
2026/08/04 17:20:28.144, 21836, 100
2026/08/04 17:20:29.145, 21836, 84
2026/08/04 17:20:30.145, 21836, 100
2026/08/04 17:20:31.145, 21836, 100
2026/08/04 17:20:32.145, 21836, 100
2026/08/04 17:20:33.146, 21836, 100
2026/08/04 17:20:34.146, 21836, 82
2026/08/04 17:20:35.146, 21836, 80
2026/08/04 17:20:36.147, 21836, 83
2026/08/04 17:20:37.147, 21836, 100
2026/08/04 17:20:38.147, 21836, 100
2026/08/04 17:20:39.148, 21836, 100
2026/08/04 17:20:40.148, 21836, 100
2026/08/04 17:20:41.148, 21836, 100
2026/08/04 17:20:42.148, 21836, 100
2026/08/04 17:20:43.149, 21836, 100
2026/08/04 17:20:44.149, 21836, 100
2026/08/04 17:20:45.149, 21836, 100
2026/08/04 17:20:46.150, 21836, 100
2026/08/04 17:20:47.150, 21836, 98
2026/08/04 17:20:48.150, 21836, 100
2026/08/04 17:20:49.151, 21836, 85
2026/08/04 17:20:50.151, 21836, 100
2026/08/04 17:20:51.151, 21836, 100
2026/08/04 17:20:52.151, 21836, 100
2026/08/04 17:20:53.152, 21836, 100
2026/08/04 17:20:54.152, 21836, 100
2026/08/04 17:20:55.152, 21836, 100
2026/08/04 17:20:56.153, 21836, 100
2026/08/04 17:20:57.153, 21836, 100
2026/08/04 17:20:58.153, 21836, 84
2026/08/04 17:20:59.154, 21836, 100
2026/08/04 17:21:00.154, 21836, 100
2026/08/04 17:21:01.154, 21836, 100
2026/08/04 17:21:02.155, 21836, 100
2026/08/04 17:21:03.155, 21836, 100
2026/08/04 17:21:04.155, 21836, 100
2026/08/04 17:21:05.156, 21836, 100
2026/08/04 17:21:06.156, 21836, 100
2026/08/04 17:21:07.156, 21836, 100
2026/08/04 17:21:08.156, 21836, 100
2026/08/04 17:21:09.157, 21836, 100
2026/08/04 17:21:10.157, 21836, 100
2026/08/04 17:21:11.157, 21836, 100
2026/08/04 17:21:12.158, 21836, 100
2026/08/04 17:21:13.158, 21836, 100
2026/08/04 17:21:14.158, 21836, 71
2026/08/04 17:21:15.159, 21836, 100
2026/08/04 17:21:16.159, 21836, 83
2026/08/04 17:21:17.159, 21836, 100
2026/08/04 17:21:18.160, 21836, 70
2026/08/04 17:21:19.160, 21836, 100
2026/08/04 17:21:20.160, 21836, 100
2026/08/04 17:21:21.161, 21836, 100
2026/08/04 17:21:22.161, 21836, 100
2026/08/04 17:21:23.161, 21836, 100
2026/08/04 17:21:24.162, 21836, 100
2026/08/04 17:21:25.162, 21836, 100
2026/08/04 17:21:26.162, 21836, 100
2026/08/04 17:21:27.163, 21836, 82
2026/08/04 17:21:28.163, 21836, 100
2026/08/04 17:21:29.163, 21836, 100
2026/08/04 17:21:30.164, 21836, 100
2026/08/04 17:21:31.164, 21836, 100
2026/08/04 17:21:32.164, 21836, 100
2026/08/04 17:21:33.165, 21836, 66
2026/08/04 17:21:34.165, 21836, 100
2026/08/04 17:21:35.165, 21836, 100
2026/08/04 17:21:36.166, 21836, 100
2026/08/04 17:21:37.166, 21836, 90
2026/08/04 17:21:38.166, 21836, 100
2026/08/04 17:21:39.167, 21836, 100
2026/08/04 17:21:40.167, 21836, 100
2026/08/04 17:21:41.167, 21836, 100
2026/08/04 17:21:42.167, 21836, 100
2026/08/04 17:21:43.168, 21836, 100
2026/08/04 17:21:44.168, 21836, 100
2026/08/04 17:21:45.168, 21836, 100
2026/08/04 17:21:46.169, 21836, 100
2026/08/04 17:21:47.169, 21836, 100
2026/08/04 17:21:48.169, 21836, 70
2026/08/04 17:21:49.170, 21836, 95
2026/08/04 17:21:50.170, 21836, 100
2026/08/04 17:21:51.170, 21836, 86
2026/08/04 17:21:52.171, 21836, 100
2026/08/04 17:21:53.171, 21836, 100
2026/08/04 17:21:54.171, 21836, 100
2026/08/04 17:21:55.172, 21836, 91
2026/08/04 17:21:56.172, 21836, 100
2026/08/04 17:21:57.172, 21836, 100
2026/08/04 17:21:58.173, 21836, 100
2026/08/04 17:21:59.173, 21836, 100
2026/08/04 17:22:00.173, 21836, 99
2026/08/04 17:22:01.173, 21836, 100
2026/08/04 17:22:02.174, 21836, 100
2026/08/04 17:22:03.174, 21836, 100
2026/08/04 17:22:04.174, 21836, 100
2026/08/04 17:22:05.175, 21836, 100
2026/08/04 17:22:06.175, 21836, 100
2026/08/04 17:22:07.175, 21836, 100
2026/08/04 17:22:08.176, 21836, 83
2026/08/04 17:22:09.176, 21836, 100
2026/08/04 17:22:10.176, 21836, 100
2026/08/04 17:22:11.176, 21836, 100
2026/08/04 17:22:12.177, 21836, 83
2026/08/04 17:22:13.177, 21836, 59
2026/08/04 17:22:14.177, 21836, 100
2026/08/04 17:22:15.177, 21836, 100
2026/08/04 17:22:16.178, 21836, 100
2026/08/04 17:22:17.178, 21836, 100
2026/08/04 17:22:18.178, 21836, 100
2026/08/04 17:22:19.179, 21836, 100
2026/08/04 17:22:20.179, 21836, 100
2026/08/04 17:22:21.179, 21836, 74
2026/08/04 17:22:22.180, 21836, 96
2026/08/04 17:22:23.180, 21836, 100
2026/08/04 17:22:24.180, 21836, 100
2026/08/04 17:22:25.180, 21836, 86
2026/08/04 17:22:26.181, 21836, 89
2026/08/04 17:22:27.181, 21836, 100
2026/08/04 17:22:28.181, 21836, 100
2026/08/04 17:22:29.182, 21836, 100
2026/08/04 17:22:30.182, 21836, 100
2026/08/04 17:22:31.182, 21836, 100
2026/08/04 17:22:32.183, 21836, 100
2026/08/04 17:22:33.183, 21836, 100
2026/08/04 17:22:34.183, 21836, 100
2026/08/04 17:22:35.183, 21836, 100
2026/08/04 17:22:36.184, 21836, 100
2026/08/04 17:22:37.184, 21836, 82
2026/08/04 17:22:38.184, 21836, 100
2026/08/04 17:22:39.184, 21836, 100
2026/08/04 17:22:40.185, 21836, 100
2026/08/04 17:22:41.185, 21836, 100
2026/08/04 17:22:42.185, 21836, 100
2026/08/04 17:22:43.186, 21836, 100
2026/08/04 17:22:44.186, 21836, 100
2026/08/04 17:22:45.186, 21836, 100
2026/08/04 17:22:46.186, 21836, 100
2026/08/04 17:22:47.187, 21836, 100
2026/08/04 17:22:48.187, 21836, 100
2026/08/04 17:22:49.187, 21836, 82
2026/08/04 17:22:50.188, 21836, 100
2026/08/04 17:22:51.188, 21836, 100
2026/08/04 17:22:52.188, 21836, 100
2026/08/04 17:22:53.188, 21836, 100
2026/08/04 17:22:54.189, 21836, 100
2026/08/04 17:22:55.189, 21836, 100
2026/08/04 17:22:56.189, 21836, 100
2026/08/04 17:22:57.189, 21836, 100
2026/08/04 17:22:58.190, 21836, 100
2026/08/04 17:22:59.190, 21836, 100
2026/08/04 17:23:00.190, 21836, 100
2026/08/04 17:23:01.191, 21836, 90
2026/08/04 17:23:02.191, 21836, 100
2026/08/04 17:23:03.191, 21836, 100
2026/08/04 17:23:04.191, 21836, 100
2026/08/04 17:23:05.192, 21836, 88
2026/08/04 17:23:06.192, 21836, 100
2026/08/04 17:23:07.192, 21836, 100
2026/08/04 17:23:08.193, 21836, 100
2026/08/04 17:23:09.193, 21836, 100
2026/08/04 17:23:10.193, 21836, 100
2026/08/04 17:23:11.193, 21836, 100
2026/08/04 17:23:12.194, 21836, 100
2026/08/04 17:23:13.194, 21836, 85
2026/08/04 17:23:14.194, 21836, 100
2026/08/04 17:23:15.195, 21836, 100
2026/08/04 17:23:16.195, 21836, 100
2026/08/04 17:23:17.195, 21836, 100
2026/08/04 17:23:18.196, 21836, 100
2026/08/04 17:23:19.196, 21836, 100
2026/08/04 17:23:20.196, 21836, 100
2026/08/04 17:23:21.196, 21836, 100
2026/08/04 17:23:22.197, 21836, 100
2026/08/04 17:23:23.197, 21836, 100
2026/08/04 17:23:24.197, 21836, 100
2026/08/04 17:23:25.198, 21836, 100
2026/08/04 17:23:26.198, 21836, 100
2026/08/04 17:23:27.198, 21836, 100
2026/08/04 17:23:28.199, 21836, 100
2026/08/04 17:23:29.199, 21836, 100
2026/08/04 17:23:30.199, 21836, 90
2026/08/04 17:23:31.200, 21836, 100
2026/08/04 17:23:32.200, 21836, 100
2026/08/04 17:23:33.200, 21836, 100
2026/08/04 17:23:34.200, 21836, 100
2026/08/04 17:23:35.201, 21836, 100
2026/08/04 17:23:36.201, 21836, 100
2026/08/04 17:23:37.201, 21836, 100
2026/08/04 17:23:38.202, 21836, 100
2026/08/04 17:23:39.202, 21836, 100
2026/08/04 17:23:40.202, 21836, 100
2026/08/04 17:23:41.203, 21836, 100
2026/08/04 17:23:42.203, 21836, 100
2026/08/04 17:23:43.203, 21836, 100
2026/08/04 17:23:44.203, 21836, 96
2026/08/04 17:23:45.204, 21836, 100
2026/08/04 17:23:46.204, 21836, 100
2026/08/04 17:23:47.204, 21836, 98
2026/08/04 17:23:48.205, 21836, 82
2026/08/04 17:23:49.205, 21836, 100
2026/08/04 17:23:50.205, 21836, 100
2026/08/04 17:23:51.205, 21836, 67
2026/08/04 17:23:52.206, 21836, 84
2026/08/04 17:23:53.206, 21836, 100
2026/08/04 17:23:54.206, 21836, 100
2026/08/04 17:23:55.207, 21836, 100
2026/08/04 17:23:56.207, 21836, 100
2026/08/04 17:23:57.207, 21836, 100
2026/08/04 17:23:58.208, 21836, 100
2026/08/04 17:23:59.208, 21836, 81
2026/08/04 17:24:00.208, 21836, 100
2026/08/04 17:24:01.208, 21836, 100
2026/08/04 17:24:02.209, 21836, 100
2026/08/04 17:24:03.209, 21836, 100
2026/08/04 17:24:04.209, 21836, 100
2026/08/04 17:24:05.210, 21836, 100
2026/08/04 17:24:06.210, 21836, 100
2026/08/04 17:24:07.210, 21836, 100
2026/08/04 17:24:08.211, 21836, 100
2026/08/04 17:24:09.211, 21836, 100
2026/08/04 17:24:10.211, 21836, 100
2026/08/04 17:24:11.211, 21836, 100
2026/08/04 17:24:12.212, 21836, 100
2026/08/04 17:24:13.212, 21836, 100
2026/08/04 17:24:14.212, 21836, 67
2026/08/04 17:24:15.213, 21836, 100
2026/08/04 17:24:16.213, 21836, 100
2026/08/04 17:24:17.213, 21836, 100
2026/08/04 17:24:18.214, 21836, 82
2026/08/04 17:24:19.214, 21836, 100
2026/08/04 17:24:20.214, 21836, 100
2026/08/04 17:24:21.214, 21836, 100
2026/08/04 17:24:22.215, 21836, 100
2026/08/04 17:24:23.215, 21836, 100
2026/08/04 17:24:24.215, 21836, 100
2026/08/04 17:24:25.216, 21836, 100
2026/08/04 17:24:26.216, 21836, 100
2026/08/04 17:24:27.216, 21836, 100
2026/08/04 17:24:28.217, 21836, 100
2026/08/04 17:24:29.217, 21836, 100
2026/08/04 17:24:30.218, 21836, 100
2026/08/04 17:24:31.218, 21836, 100
2026/08/04 17:24:32.218, 21836, 83
2026/08/04 17:24:33.218, 21836, 100
2026/08/04 17:24:34.219, 21836, 100
2026/08/04 17:24:35.219, 21836, 100
2026/08/04 17:24:36.219, 21836, 70
2026/08/04 17:24:37.220, 21836, 100
2026/08/04 17:24:38.220, 21836, 100
2026/08/04 17:24:39.220, 21836, 100
2026/08/04 17:24:40.220, 21836, 100
2026/08/04 17:24:41.221, 21836, 100
2026/08/04 17:24:42.221, 21836, 100
2026/08/04 17:24:43.221, 21836, 82
2026/08/04 17:24:44.222, 21836, 100
2026/08/04 17:24:45.222, 21836, 100
2026/08/04 17:24:46.222, 21836, 100
2026/08/04 17:24:47.223, 21836, 100
2026/08/04 17:24:48.223, 21836, 100
2026/08/04 17:24:49.223, 21836, 89
2026/08/04 17:24:50.223, 21836, 100
2026/08/04 17:24:51.224, 21836, 100
2026/08/04 17:24:52.224, 21836, 100
2026/08/04 17:24:53.224, 21836, 100
2026/08/04 17:24:54.225, 21836, 100
2026/08/04 17:24:55.225, 21836, 100
2026/08/04 17:24:56.225, 21836, 100
2026/08/04 17:24:57.226, 21836, 100
2026/08/04 17:24:58.226, 21836, 100
2026/08/04 17:24:59.226, 21836, 100
2026/08/04 17:25:00.226, 21836, 83
2026/08/04 17:25:01.227, 21836, 100
2026/08/04 17:25:02.227, 21836, 90
2026/08/04 17:25:03.227, 21836, 100
2026/08/04 17:25:04.228, 21836, 85
2026/08/04 17:25:05.228, 21836, 100
2026/08/04 17:25:06.228, 21836, 100
2026/08/04 17:25:07.228, 21836, 85
2026/08/04 17:25:08.229, 21836, 100
2026/08/04 17:25:09.229, 21836, 100
2026/08/04 17:25:10.229, 21836, 100
2026/08/04 17:25:11.230, 21836, 100
2026/08/04 17:25:12.230, 21836, 100
2026/08/04 17:25:13.230, 21836, 100
2026/08/04 17:25:14.230, 21836, 100
2026/08/04 17:25:15.231, 21836, 100
2026/08/04 17:25:16.231, 21836, 100
2026/08/04 17:25:17.231, 21836, 100
2026/08/04 17:25:18.232, 21836, 100
2026/08/04 17:25:19.232, 21836, 94
2026/08/04 17:25:20.232, 21836, 100
2026/08/04 17:25:21.233, 21836, 80
2026/08/04 17:25:22.233, 21836, 100
2026/08/04 17:25:23.233, 21836, 100
2026/08/04 17:25:24.234, 21836, 100
2026/08/04 17:25:25.234, 21836, 100
2026/08/04 17:25:26.234, 21836, 100
2026/08/04 17:25:27.234, 21836, 100
2026/08/04 17:25:28.235, 21836, 100
2026/08/04 17:25:29.235, 21836, 100
2026/08/04 17:25:30.235, 21836, 84
2026/08/04 17:25:31.236, 21836, 100
2026/08/04 17:25:32.237, 21836, 100
2026/08/04 17:25:33.238, 21836, 84
2026/08/04 17:25:34.238, 21836, 100
2026/08/04 17:25:35.238, 21836, 100
2026/08/04 17:25:36.239, 21836, 100
2026/08/04 17:25:37.241, 21836, 71
2026/08/04 17:25:38.241, 21836, 100
2026/08/04 17:25:39.242, 21836, 100
2026/08/04 17:25:40.242, 21836, 100
2026/08/04 17:25:41.242, 21836, 80
2026/08/04 17:25:42.242, 21836, 100
2026/08/04 17:25:43.243, 21836, 70
2026/08/04 17:25:44.243, 21836, 100
2026/08/04 17:25:45.243, 21836, 100
2026/08/04 17:25:46.244, 21836, 100
2026/08/04 17:25:47.244, 21836, 100
2026/08/04 17:25:48.244, 21836, 100
2026/08/04 17:25:49.245, 21836, 100
2026/08/04 17:25:50.245, 21836, 100
2026/08/04 17:25:51.245, 21836, 91
2026/08/04 17:25:52.245, 21836, 84
2026/08/04 17:25:53.246, 21836, 100
2026/08/04 17:25:54.246, 21836, 100
2026/08/04 17:25:55.246, 21836, 100
2026/08/04 17:25:56.247, 21836, 100
2026/08/04 17:25:57.247, 21836, 100
2026/08/04 17:25:58.247, 21836, 100
2026/08/04 17:25:59.247, 21836, 100
2026/08/04 17:26:00.248, 21836, 100
2026/08/04 17:26:01.248, 21836, 100
2026/08/04 17:26:02.248, 21836, 100
2026/08/04 17:26:03.249, 21836, 100
2026/08/04 17:26:04.249, 21836, 72
2026/08/04 17:26:05.249, 21836, 100
2026/08/04 17:26:06.249, 21836, 100
2026/08/04 17:26:07.250, 21836, 100
2026/08/04 17:26:08.250, 21836, 100
2026/08/04 17:26:09.250, 21836, 100
2026/08/04 17:26:10.251, 21836, 100
2026/08/04 17:26:11.251, 21836, 100
2026/08/04 17:26:12.251, 21836, 100
2026/08/04 17:26:13.252, 21836, 100
2026/08/04 17:26:14.252, 21836, 100
2026/08/04 17:26:15.252, 21836, 100
2026/08/04 17:26:16.252, 21836, 100
2026/08/04 17:26:17.256, 21836, 100
2026/08/04 17:26:18.256, 21836, 100
2026/08/04 17:26:19.257, 21836, 100
2026/08/04 17:26:20.257, 21836, 100
2026/08/04 17:26:21.257, 21836, 100
2026/08/04 17:26:22.258, 21836, 100
2026/08/04 17:26:23.259, 21836, 100
2026/08/04 17:26:24.259, 21836, 100
2026/08/04 17:26:25.259, 21836, 100
2026/08/04 17:26:26.260, 21836, 100
2026/08/04 17:26:27.261, 21836, 97
2026/08/04 17:26:28.261, 21836, 100
2026/08/04 17:26:29.262, 21836, 99
2026/08/04 17:26:30.262, 21836, 84
2026/08/04 17:26:31.266, 21836, 84
2026/08/04 17:26:32.266, 21836, 100
2026/08/04 17:26:33.266, 21836, 100
2026/08/04 17:26:34.266, 21836, 100
2026/08/04 17:26:35.267, 21836, 100
2026/08/04 17:26:36.267, 21836, 100
2026/08/04 17:26:37.267, 21836, 100
2026/08/04 17:26:38.267, 21836, 100
2026/08/04 17:26:39.268, 21836, 100
2026/08/04 17:26:40.268, 21836, 100
2026/08/04 17:26:41.268, 21836, 85
2026/08/04 17:26:42.269, 21836, 100
2026/08/04 17:26:43.269, 21836, 100
2026/08/04 17:26:44.269, 21836, 100
2026/08/04 17:26:45.270, 21836, 100
2026/08/04 17:26:46.270, 21836, 100
2026/08/04 17:26:47.270, 21836, 100
2026/08/04 17:26:48.271, 21836, 100
2026/08/04 17:26:49.271, 21836, 100
2026/08/04 17:26:50.271, 21836, 100
2026/08/04 17:26:51.272, 21836, 95
2026/08/04 17:26:52.272, 21836, 100
2026/08/04 17:26:53.272, 21836, 100
2026/08/04 17:26:54.273, 21836, 100
2026/08/04 17:26:55.273, 21836, 100
2026/08/04 17:26:56.273, 21836, 100
2026/08/04 17:26:57.276, 21836, 100
2026/08/04 17:26:58.276, 21836, 100
2026/08/04 17:26:59.277, 21836, 100
2026/08/04 17:27:00.277, 21836, 95
2026/08/04 17:27:01.277, 21836, 87
2026/08/04 17:27:02.278, 21836, 83
2026/08/04 17:27:03.278, 21836, 71
2026/08/04 17:27:04.278, 21836, 100
2026/08/04 17:27:05.279, 21836, 100
2026/08/04 17:27:06.279, 21836, 100
2026/08/04 17:27:07.279, 21836, 100
2026/08/04 17:27:08.280, 21836, 100
2026/08/04 17:27:09.280, 21836, 100
2026/08/04 17:27:10.280, 21836, 100
2026/08/04 17:27:11.281, 21836, 86
2026/08/04 17:27:12.281, 21836, 100
2026/08/04 17:27:13.281, 21836, 100
2026/08/04 17:27:14.282, 21836, 98
2026/08/04 17:27:15.282, 21836, 100
2026/08/04 17:27:16.282, 21836, 100
2026/08/04 17:27:17.283, 21836, 100
2026/08/04 17:27:18.283, 21836, 100
2026/08/04 17:27:19.283, 21836, 100
2026/08/04 17:27:20.284, 21836, 100
2026/08/04 17:27:21.284, 21836, 100
2026/08/04 17:27:22.284, 21836, 85
2026/08/04 17:27:23.284, 21836, 86
2026/08/04 17:27:24.285, 21836, 100
2026/08/04 17:27:25.285, 21836, 100
2026/08/04 17:27:26.285, 21836, 100
2026/08/04 17:27:27.286, 21836, 100
2026/08/04 17:27:28.286, 21836, 100
2026/08/04 17:27:29.286, 21836, 71
2026/08/04 17:27:30.287, 21836, 100
2026/08/04 17:27:31.287, 21836, 100
2026/08/04 17:27:32.287, 21836, 100
2026/08/04 17:27:33.288, 21836, 91
2026/08/04 17:27:34.288, 21836, 100
2026/08/04 17:27:35.288, 21836, 100
2026/08/04 17:27:36.289, 21836, 100
2026/08/04 17:27:37.289, 21836, 85
2026/08/04 17:27:38.289, 21836, 86
2026/08/04 17:27:39.289, 21836, 71
2026/08/04 17:27:40.290, 21836, 100
2026/08/04 17:27:41.290, 21836, 100
2026/08/04 17:27:42.290, 21836, 90
2026/08/04 17:27:43.291, 21836, 100
2026/08/04 17:27:44.291, 21836, 84
2026/08/04 17:27:45.291, 21836, 100
2026/08/04 17:27:46.291, 21836, 100
2026/08/04 17:27:47.292, 21836, 100
2026/08/04 17:27:48.292, 21836, 100
2026/08/04 17:27:49.292, 21836, 100
2026/08/04 17:27:50.292, 21836, 100
2026/08/04 17:27:51.293, 21836, 100
2026/08/04 17:27:52.293, 21836, 100
2026/08/04 17:27:53.293, 21836, 100
2026/08/04 17:27:54.294, 21836, 63
2026/08/04 17:27:55.294, 21836, 100
2026/08/04 17:27:56.294, 21836, 100
2026/08/04 17:27:57.295, 21836, 92
2026/08/04 17:27:58.295, 21836, 100
2026/08/04 17:27:59.295, 21836, 91
2026/08/04 17:28:00.296, 21836, 100
2026/08/04 17:28:01.296, 21836, 84
2026/08/04 17:28:02.296, 21836, 100
2026/08/04 17:28:03.297, 21836, 85
2026/08/04 17:28:04.297, 21836, 71
2026/08/04 17:28:05.297, 21836, 100
2026/08/04 17:28:06.297, 21836, 100
2026/08/04 17:28:07.298, 21836, 100
2026/08/04 17:28:08.298, 21836, 100
2026/08/04 17:28:09.298, 21836, 100
2026/08/04 17:28:10.299, 21836, 100
2026/08/04 17:28:11.299, 21836, 100
2026/08/04 17:28:12.299, 21836, 88
2026/08/04 17:28:13.299, 21836, 100
2026/08/04 17:28:14.300, 21836, 93
2026/08/04 17:28:15.300, 21836, 100
2026/08/04 17:28:16.300, 21836, 100
2026/08/04 17:28:17.301, 21836, 100
2026/08/04 17:28:18.301, 21836, 100
2026/08/04 17:28:19.301, 21836, 100
2026/08/04 17:28:20.301, 21836, 100
2026/08/04 17:28:21.302, 21836, 100
2026/08/04 17:28:22.302, 21836, 100
2026/08/04 17:28:23.303, 21836, 100
2026/08/04 17:28:24.303, 21836, 100
2026/08/04 17:28:25.303, 21836, 100
2026/08/04 17:28:26.303, 21836, 100
2026/08/04 17:28:27.304, 21836, 87
2026/08/04 17:28:28.304, 21836, 100
2026/08/04 17:28:29.304, 21836, 100
2026/08/04 17:28:30.305, 21836, 100
2026/08/04 17:28:31.305, 21836, 100
2026/08/04 17:28:32.305, 21836, 100
2026/08/04 17:28:33.305, 21836, 100
2026/08/04 17:28:34.306, 21836, 80
2026/08/04 17:28:35.306, 21836, 100
2026/08/04 17:28:36.306, 21836, 100
2026/08/04 17:28:37.307, 21836, 95
2026/08/04 17:28:38.307, 21836, 100
2026/08/04 17:28:39.307, 21836, 100
2026/08/04 17:28:40.307, 21836, 100
2026/08/04 17:28:41.308, 21836, 84
2026/08/04 17:28:42.308, 21836, 90
2026/08/04 17:28:43.308, 21836, 95
2026/08/04 17:28:44.309, 21836, 100
2026/08/04 17:28:45.309, 21836, 100
2026/08/04 17:28:46.309, 21836, 100
2026/08/04 17:28:47.310, 21836, 100
2026/08/04 17:28:48.310, 21836, 100
2026/08/04 17:28:49.310, 21836, 100
2026/08/04 17:28:50.311, 21836, 100
2026/08/04 17:28:51.311, 21836, 100
2026/08/04 17:28:52.311, 21836, 100
2026/08/04 17:28:53.311, 21836, 98
2026/08/04 17:28:54.312, 21836, 100
2026/08/04 17:28:55.312, 21836, 100
2026/08/04 17:28:56.312, 21836, 100
2026/08/04 17:28:57.313, 21836, 100
2026/08/04 17:28:58.313, 21836, 71
2026/08/04 17:28:59.313, 21836, 100
2026/08/04 17:29:00.314, 21836, 67
2026/08/04 17:29:01.314, 21836, 100
2026/08/04 17:29:02.314, 21836, 100
2026/08/04 17:29:03.315, 21836, 100
2026/08/04 17:29:04.315, 21836, 100
2026/08/04 17:29:05.315, 21836, 100
2026/08/04 17:29:06.316, 21836, 100
2026/08/04 17:29:07.316, 21836, 100
2026/08/04 17:29:08.316, 21836, 100
2026/08/04 17:29:09.316, 21836, 100
2026/08/04 17:29:10.317, 21836, 100
2026/08/04 17:29:11.317, 21836, 100
2026/08/04 17:29:12.317, 21836, 100
2026/08/04 17:29:13.318, 21836, 100
2026/08/04 17:29:14.318, 21836, 100
2026/08/04 17:29:15.318, 21836, 100
2026/08/04 17:29:16.319, 21836, 83
2026/08/04 17:29:17.319, 21836, 80
2026/08/04 17:29:18.319, 21836, 83
2026/08/04 17:29:19.320, 21836, 100
2026/08/04 17:29:20.320, 21836, 100
2026/08/04 17:29:21.320, 21836, 100
2026/08/04 17:29:22.321, 21836, 100
2026/08/04 17:29:23.321, 21836, 100
2026/08/04 17:29:24.321, 21836, 100
2026/08/04 17:29:25.321, 21836, 100
2026/08/04 17:29:26.322, 21836, 93
2026/08/04 17:29:27.322, 21836, 100
2026/08/04 17:29:28.322, 21836, 100
2026/08/04 17:29:29.323, 21836, 100
2026/08/04 17:29:30.323, 21836, 100
2026/08/04 17:29:31.323, 21836, 100
2026/08/04 17:29:32.323, 21836, 100
2026/08/04 17:29:33.324, 21836, 100
2026/08/04 17:29:34.324, 21836, 100
2026/08/04 17:29:35.324, 21836, 100
2026/08/04 17:29:36.324, 21836, 100
2026/08/04 17:29:37.325, 21836, 100
2026/08/04 17:29:38.325, 21836, 82
2026/08/04 17:29:39.325, 21836, 100
2026/08/04 17:29:40.326, 21836, 100
2026/08/04 17:29:41.326, 21836, 100
2026/08/04 17:29:42.326, 21836, 100
2026/08/04 17:29:43.326, 21836, 100
2026/08/04 17:29:44.327, 21836, 100
2026/08/04 17:29:45.327, 21836, 100
2026/08/04 17:29:46.327, 21836, 94
2026/08/04 17:29:47.328, 21836, 100
2026/08/04 17:29:48.328, 21836, 100
2026/08/04 17:29:49.328, 21836, 100
2026/08/04 17:29:50.328, 21836, 100
2026/08/04 17:29:51.329, 21836, 100
2026/08/04 17:29:52.329, 21836, 100
2026/08/04 17:29:53.329, 21836, 84
2026/08/04 17:29:54.330, 21836, 100
2026/08/04 17:29:55.330, 21836, 100
2026/08/04 17:29:56.330, 21836, 100
2026/08/04 17:29:57.331, 21836, 100
2026/08/04 17:29:58.331, 21836, 100
2026/08/04 17:29:59.331, 21836, 100
2026/08/04 17:30:00.332, 21836, 100
2026/08/04 17:30:01.332, 21836, 100
2026/08/04 17:30:02.332, 21836, 77
2026/08/04 17:30:03.332, 21836, 83
2026/08/04 17:30:04.333, 21836, 100
2026/08/04 17:30:05.333, 21836, 100
2026/08/04 17:30:06.333, 21836, 100
2026/08/04 17:30:07.334, 21836, 100
2026/08/04 17:30:08.334, 21836, 100
2026/08/04 17:30:09.334, 21836, 100
2026/08/04 17:30:10.335, 21836, 100
2026/08/04 17:30:11.335, 21836, 100
2026/08/04 17:30:12.335, 21836, 100
2026/08/04 17:30:13.336, 21836, 68
2026/08/04 17:30:14.336, 21836, 100
2026/08/04 17:30:15.336, 21836, 100
2026/08/04 17:30:16.336, 21836, 85
2026/08/04 17:30:17.337, 21836, 100
2026/08/04 17:30:18.337, 21836, 100
2026/08/04 17:30:19.337, 21836, 100
2026/08/04 17:30:20.338, 21836, 100
2026/08/04 17:30:21.338, 21836, 100
2026/08/04 17:30:22.338, 21836, 71
2026/08/04 17:30:23.339, 21836, 100
2026/08/04 17:30:24.339, 21836, 100
2026/08/04 17:30:25.339, 21836, 100
2026/08/04 17:30:26.339, 21836, 100
2026/08/04 17:30:27.340, 21836, 100
2026/08/04 17:30:28.340, 21836, 100
2026/08/04 17:30:29.340, 21836, 100
2026/08/04 17:30:30.341, 21836, 100
2026/08/04 17:30:31.341, 21836, 100
2026/08/04 17:30:32.341, 21836, 100
2026/08/04 17:30:33.342, 21836, 99
2026/08/04 17:30:34.342, 21836, 100
2026/08/04 17:30:35.342, 21836, 100
2026/08/04 17:30:36.343, 21836, 100
2026/08/04 17:30:37.343, 21836, 100
2026/08/04 17:30:38.343, 21836, 71
2026/08/04 17:30:39.343, 21836, 100
2026/08/04 17:30:40.344, 21836, 78
2026/08/04 17:30:41.344, 21836, 100
2026/08/04 17:30:42.344, 21836, 100
2026/08/04 17:30:43.345, 21836, 84
2026/08/04 17:30:44.345, 21836, 77
2026/08/04 17:30:45.345, 21836, 100
2026/08/04 17:30:46.346, 21836, 100
2026/08/04 17:30:47.346, 21836, 100
2026/08/04 17:30:48.346, 21836, 100
2026/08/04 17:30:49.346, 21836, 100
2026/08/04 17:30:50.347, 21836, 100
2026/08/04 17:30:51.347, 21836, 98
2026/08/04 17:30:52.347, 21836, 81
2026/08/04 17:30:53.348, 21836, 100
2026/08/04 17:30:54.348, 21836, 81
2026/08/04 17:30:55.348, 21836, 100
2026/08/04 17:30:56.348, 21836, 100
2026/08/04 17:30:57.349, 21836, 100
2026/08/04 17:30:58.349, 21836, 100
2026/08/04 17:30:59.350, 21836, 100
2026/08/04 17:31:00.350, 21836, 100
2026/08/04 17:31:01.350, 21836, 100
2026/08/04 17:31:02.351, 21836, 100
2026/08/04 17:31:03.351, 21836, 100
2026/08/04 17:31:04.351, 21836, 100
2026/08/04 17:31:05.352, 21836, 100
2026/08/04 17:31:06.352, 21836, 100
2026/08/04 17:31:07.352, 21836, 83
2026/08/04 17:31:08.352, 21836, 100
2026/08/04 17:31:09.353, 21836, 100
2026/08/04 17:31:10.353, 21836, 100
2026/08/04 17:31:11.353, 21836, 100
2026/08/04 17:31:12.353, 21836, 100
2026/08/04 17:31:13.354, 21836, 100
2026/08/04 17:31:14.354, 21836, 100
2026/08/04 17:31:15.354, 21836, 100
2026/08/04 17:31:16.355, 21836, 99
2026/08/04 17:31:17.355, 21836, 100
2026/08/04 17:31:18.355, 21836, 100
2026/08/04 17:31:19.356, 21836, 100
2026/08/04 17:31:20.356, 21836, 100
2026/08/04 17:31:21.356, 21836, 100
2026/08/04 17:31:22.357, 21836, 100
2026/08/04 17:31:23.357, 21836, 100
2026/08/04 17:31:24.357, 21836, 100
2026/08/04 17:31:25.357, 21836, 100
2026/08/04 17:31:26.358, 21836, 100
2026/08/04 17:31:27.358, 21836, 100
2026/08/04 17:31:28.358, 21836, 100
2026/08/04 17:31:29.359, 21836, 83
2026/08/04 17:31:30.359, 21836, 100
2026/08/04 17:31:31.359, 21836, 100
2026/08/04 17:31:32.360, 21836, 83
2026/08/04 17:31:33.360, 21836, 83
2026/08/04 17:31:34.360, 21836, 100
2026/08/04 17:31:35.361, 21836, 100
2026/08/04 17:31:36.361, 21836, 100
2026/08/04 17:31:37.361, 21836, 83
2026/08/04 17:31:38.361, 21836, 100
2026/08/04 17:31:39.362, 21836, 100
2026/08/04 17:31:40.362, 21836, 64
2026/08/04 17:31:41.362, 21836, 100
2026/08/04 17:31:42.363, 21836, 47
2026/08/04 17:31:43.363, 21836, 96
2026/08/04 17:31:44.363, 21836, 100
2026/08/04 17:31:45.363, 21836, 100
2026/08/04 17:31:46.364, 21836, 100
2026/08/04 17:31:47.364, 21836, 84
2026/08/04 17:31:48.364, 21836, 100
2026/08/04 17:31:49.365, 21836, 94
2026/08/04 17:31:50.365, 21836, 87
2026/08/04 17:31:51.365, 21836, 100
2026/08/04 17:31:52.366, 21836, 100
2026/08/04 17:31:53.366, 21836, 83
2026/08/04 17:31:54.366, 21836, 100
2026/08/04 17:31:55.366, 21836, 100
2026/08/04 17:31:56.367, 21836, 73
2026/08/04 17:31:57.367, 21836, 100
2026/08/04 17:31:58.367, 21836, 100
2026/08/04 17:31:59.368, 21836, 94
2026/08/04 17:32:00.368, 21836, 100
2026/08/04 17:32:01.368, 21836, 100
2026/08/04 17:32:02.369, 21836, 100
2026/08/04 17:32:03.369, 21836, 100
2026/08/04 17:32:04.369, 21836, 100
2026/08/04 17:32:05.369, 21836, 100
2026/08/04 17:32:06.370, 21836, 100
2026/08/04 17:32:07.370, 21836, 83
2026/08/04 17:32:08.370, 21836, 100
2026/08/04 17:32:09.371, 21836, 82
2026/08/04 17:32:10.371, 21836, 100
2026/08/04 17:32:11.371, 21836, 100
2026/08/04 17:32:12.371, 21836, 100
2026/08/04 17:32:13.372, 21836, 100
2026/08/04 17:32:14.372, 21836, 100
2026/08/04 17:32:15.372, 21836, 100
2026/08/04 17:32:16.373, 21836, 100
2026/08/04 17:32:17.373, 21836, 100
2026/08/04 17:32:18.373, 21836, 100
2026/08/04 17:32:19.373, 21836, 100
2026/08/04 17:32:20.374, 21836, 100
2026/08/04 17:32:21.374, 21836, 100
2026/08/04 17:32:22.374, 21836, 100
2026/08/04 17:32:23.375, 21836, 100
2026/08/04 17:32:24.375, 21836, 100
2026/08/04 17:32:25.376, 21836, 71
2026/08/04 17:32:26.376, 21836, 100
2026/08/04 17:32:27.376, 21836, 100
2026/08/04 17:32:28.376, 21836, 100
2026/08/04 17:32:29.377, 21836, 100
2026/08/04 17:32:30.377, 21836, 100
2026/08/04 17:32:31.377, 21836, 100
2026/08/04 17:32:32.378, 21836, 100
2026/08/04 17:32:33.378, 21836, 100
2026/08/04 17:32:34.378, 21836, 100
2026/08/04 17:32:35.379, 21836, 100
2026/08/04 17:32:36.379, 21836, 100
2026/08/04 17:32:37.379, 21836, 100
2026/08/04 17:32:38.379, 21836, 100
2026/08/04 17:32:39.380, 21836, 81
2026/08/04 17:32:40.380, 21836, 81
2026/08/04 17:32:41.380, 21836, 100
2026/08/04 17:32:42.381, 21836, 100
2026/08/04 17:32:43.381, 21836, 100
2026/08/04 17:32:44.381, 21836, 83
2026/08/04 17:32:45.381, 21836, 100
2026/08/04 17:32:46.382, 21836, 100
2026/08/04 17:32:47.382, 21836, 100
2026/08/04 17:32:48.382, 21836, 100
2026/08/04 17:32:49.383, 21836, 100
2026/08/04 17:32:50.383, 21836, 100
2026/08/04 17:32:51.383, 21836, 100
2026/08/04 17:32:52.384, 21836, 100
2026/08/04 17:32:53.384, 21836, 100
2026/08/04 17:32:54.384, 21836, 81
2026/08/04 17:32:55.385, 21836, 100
2026/08/04 17:32:56.385, 21836, 85
2026/08/04 17:32:57.385, 21836, 100
2026/08/04 17:32:58.385, 21836, 100
2026/08/04 17:32:59.386, 21836, 100
2026/08/04 17:33:00.386, 21836, 100
2026/08/04 17:33:01.386, 21836, 100
2026/08/04 17:33:02.388, 21836, 82
2026/08/04 17:33:03.389, 21836, 100
2026/08/04 17:33:04.389, 21836, 100
2026/08/04 17:33:05.389, 21836, 100
2026/08/04 17:33:06.390, 21836, 100
2026/08/04 17:33:07.390, 21836, 100
2026/08/04 17:33:08.390, 21836, 100
2026/08/04 17:33:09.390, 21836, 100
2026/08/04 17:33:10.391, 21836, 100
2026/08/04 17:33:11.391, 21836, 100
2026/08/04 17:33:12.391, 21836, 100
2026/08/04 17:33:13.392, 21836, 100
2026/08/04 17:33:14.392, 21836, 100
2026/08/04 17:33:15.392, 21836, 100
2026/08/04 17:33:16.393, 21836, 82
2026/08/04 17:33:17.393, 21836, 100
2026/08/04 17:33:18.393, 21836, 100
2026/08/04 17:33:19.393, 21836, 82
2026/08/04 17:33:20.394, 21836, 100
2026/08/04 17:33:21.394, 21836, 100
2026/08/04 17:33:22.394, 21836, 100
2026/08/04 17:33:23.395, 21836, 100
2026/08/04 17:33:24.395, 21836, 82
2026/08/04 17:33:25.395, 21836, 100
2026/08/04 17:33:26.396, 21836, 100
2026/08/04 17:33:27.396, 21836, 100
2026/08/04 17:33:28.396, 21836, 100
2026/08/04 17:33:29.397, 21836, 82
2026/08/04 17:33:30.397, 21836, 100
2026/08/04 17:33:31.397, 21836, 100
2026/08/04 17:33:32.398, 21836, 100
2026/08/04 17:33:33.398, 21836, 100
2026/08/04 17:33:34.398, 21836, 83
2026/08/04 17:33:35.399, 21836, 100
2026/08/04 17:33:36.399, 21836, 100
2026/08/04 17:33:37.399, 21836, 100
2026/08/04 17:33:38.400, 21836, 100
2026/08/04 17:33:39.400, 21836, 100
2026/08/04 17:33:40.400, 21836, 100
2026/08/04 17:33:41.400, 21836, 100
2026/08/04 17:33:42.403, 21836, 100
2026/08/04 17:33:43.404, 21836, 100
2026/08/04 17:33:44.404, 21836, 100
2026/08/04 17:33:45.404, 21836, 100
2026/08/04 17:33:46.404, 21836, 100
2026/08/04 17:33:47.405, 21836, 90
2026/08/04 17:33:48.405, 21836, 100
2026/08/04 17:33:49.405, 21836, 100
2026/08/04 17:33:50.406, 21836, 100
2026/08/04 17:33:51.406, 21836, 100
2026/08/04 17:33:52.407, 21836, 100
2026/08/04 17:33:53.407, 21836, 82
2026/08/04 17:33:54.407, 21836, 100
2026/08/04 17:33:55.408, 21836, 100
2026/08/04 17:33:56.408, 21836, 100
2026/08/04 17:33:57.408, 21836, 100
2026/08/04 17:33:58.408, 21836, 100
2026/08/04 17:33:59.409, 21836, 100
2026/08/04 17:34:00.409, 21836, 100
2026/08/04 17:34:01.409, 21836, 100
2026/08/04 17:34:02.410, 21836, 100
2026/08/04 17:34:03.410, 21836, 100
2026/08/04 17:34:04.410, 21836, 100
2026/08/04 17:34:05.412, 21836, 100
2026/08/04 17:34:06.413, 21836, 100
2026/08/04 17:34:07.414, 21836, 81
2026/08/04 17:34:08.416, 21836, 100
2026/08/04 17:34:09.417, 21836, 100
2026/08/04 17:34:10.418, 21836, 100
2026/08/04 17:34:11.420, 21836, 100
2026/08/04 17:34:12.421, 21836, 100
2026/08/04 17:34:13.423, 21836, 100
2026/08/04 17:34:14.424, 21836, 100
2026/08/04 17:34:15.425, 21836, 100
2026/08/04 17:34:16.427, 21836, 100
2026/08/04 17:34:17.428, 21836, 100
2026/08/04 17:34:18.429, 21836, 100
2026/08/04 17:34:19.431, 21836, 100
2026/08/04 17:34:20.432, 21836, 100
2026/08/04 17:34:21.434, 21836, 100
2026/08/04 17:34:22.435, 21836, 100
2026/08/04 17:34:23.436, 21836, 100
2026/08/04 17:34:24.438, 21836, 100
2026/08/04 17:34:25.439, 21836, 100
2026/08/04 17:34:26.440, 21836, 100
2026/08/04 17:34:27.442, 21836, 100
2026/08/04 17:34:28.443, 21836, 100
2026/08/04 17:34:29.445, 21836, 99
2026/08/04 17:34:30.446, 21836, 100
2026/08/04 17:34:31.447, 21836, 100
2026/08/04 17:34:32.449, 21836, 100
2026/08/04 17:34:33.450, 21836, 100
2026/08/04 17:34:34.451, 21836, 100
2026/08/04 17:34:35.453, 21836, 100
2026/08/04 17:34:36.454, 21836, 100
2026/08/04 17:34:37.456, 21836, 100
2026/08/04 17:34:38.457, 21836, 100
2026/08/04 17:34:39.458, 21836, 81
2026/08/04 17:34:40.460, 21836, 100
2026/08/04 17:34:41.461, 21836, 100
2026/08/04 17:34:42.463, 21836, 100
2026/08/04 17:34:43.464, 21836, 91
2026/08/04 17:34:44.465, 21836, 100
2026/08/04 17:34:45.467, 21836, 100
2026/08/04 17:34:46.468, 21836, 100
2026/08/04 17:34:47.469, 21836, 100
2026/08/04 17:34:48.471, 21836, 100
2026/08/04 17:34:49.472, 21836, 100
2026/08/04 17:34:50.473, 21836, 100
2026/08/04 17:34:51.475, 21836, 100
2026/08/04 17:34:52.476, 21836, 100
2026/08/04 17:34:53.478, 21836, 100
2026/08/04 17:34:54.479, 21836, 100
2026/08/04 17:34:55.480, 21836, 100
2026/08/04 17:34:56.482, 21836, 82
2026/08/04 17:34:57.483, 21836, 100
2026/08/04 17:34:58.484, 21836, 100
2026/08/04 17:34:59.486, 21836, 100
2026/08/04 17:35:00.487, 21836, 100
2026/08/04 17:35:01.489, 21836, 100
2026/08/04 17:35:02.490, 21836, 100
2026/08/04 17:35:03.491, 21836, 82
2026/08/04 17:35:04.493, 21836, 100
2026/08/04 17:35:05.495, 21836, 100
2026/08/04 17:35:06.496, 21836, 100
2026/08/04 17:35:07.498, 21836, 0
2026/08/04 17:35:08.499, 21836, 6
2026/08/04 17:35:09.501, 21836, 100
2026/08/04 17:35:10.503, 21836, 100
2026/08/04 17:35:11.504, 21836, 100
2026/08/04 17:35:12.505, 21836, 100
2026/08/04 17:35:13.507, 21836, 100
2026/08/04 17:35:14.508, 21836, 100
2026/08/04 17:35:15.509, 21836, 100
2026/08/04 17:35:16.511, 21836, 100
2026/08/04 17:35:17.512, 21836, 100
2026/08/04 17:35:18.514, 21836, 100
2026/08/04 17:35:19.515, 21836, 100
2026/08/04 17:35:20.516, 21836, 100
2026/08/04 17:35:21.518, 21836, 100
2026/08/04 17:35:22.519, 21836, 100
2026/08/04 17:35:23.520, 21836, 100
2026/08/04 17:35:24.523, 21836, 100
2026/08/04 17:35:25.524, 21836, 100
2026/08/04 17:35:26.525, 21836, 100
2026/08/04 17:35:27.527, 21836, 100
2026/08/04 17:35:28.528, 21836, 66
2026/08/04 17:35:29.530, 21836, 82
2026/08/04 17:35:30.531, 21836, 100
2026/08/04 17:35:31.532, 21836, 100
2026/08/04 17:35:32.534, 21836, 100
2026/08/04 17:35:33.535, 21836, 100
2026/08/04 17:35:34.536, 21836, 81
2026/08/04 17:35:35.538, 21836, 71
2026/08/04 17:35:36.539, 21836, 100
2026/08/04 17:35:37.540, 21836, 100
2026/08/04 17:35:38.542, 21836, 100
2026/08/04 17:35:39.543, 21836, 100
2026/08/04 17:35:40.545, 21836, 100
2026/08/04 17:35:41.546, 21836, 100
2026/08/04 17:35:42.547, 21836, 100
2026/08/04 17:35:43.549, 21836, 100
2026/08/04 17:35:44.550, 21836, 77
2026/08/04 17:35:45.551, 21836, 100
2026/08/04 17:35:46.553, 21836, 100
2026/08/04 17:35:47.554, 21836, 100
2026/08/04 17:35:48.556, 21836, 100
2026/08/04 17:35:49.557, 21836, 100
2026/08/04 17:35:50.558, 21836, 100
2026/08/04 17:35:51.560, 21836, 100
2026/08/04 17:35:52.561, 21836, 100
2026/08/04 17:35:53.562, 21836, 100
2026/08/04 17:35:54.564, 21836, 100
2026/08/04 17:35:55.565, 21836, 100
2026/08/04 17:35:56.567, 21836, 100
2026/08/04 17:35:57.568, 21836, 100
2026/08/04 17:35:58.569, 21836, 100
2026/08/04 17:35:59.571, 21836, 100
2026/08/04 17:36:00.572, 21836, 100
2026/08/04 17:36:01.573, 21836, 100
2026/08/04 17:36:02.575, 21836, 100
2026/08/04 17:36:03.576, 21836, 100
2026/08/04 17:36:04.577, 21836, 100
2026/08/04 17:36:05.579, 21836, 100
2026/08/04 17:36:06.580, 21836, 100
2026/08/04 17:36:07.582, 21836, 100
2026/08/04 17:36:08.583, 21836, 100
2026/08/04 17:36:09.584, 21836, 100
2026/08/04 17:36:10.586, 21836, 100
2026/08/04 17:36:11.587, 21836, 100
2026/08/04 17:36:12.588, 21836, 82
2026/08/04 17:36:13.590, 21836, 100
2026/08/04 17:36:14.591, 21836, 81
2026/08/04 17:36:15.592, 21836, 100
2026/08/04 17:36:16.594, 21836, 100
2026/08/04 17:36:17.595, 21836, 100
2026/08/04 17:36:18.596, 21836, 100
2026/08/04 17:36:19.598, 21836, 100
2026/08/04 17:36:20.599, 21836, 100
2026/08/04 17:36:21.601, 21836, 100
2026/08/04 17:36:22.602, 21836, 95
2026/08/04 17:36:23.603, 21836, 100
2026/08/04 17:36:24.605, 21836, 100
2026/08/04 17:36:25.607, 21836, 100
2026/08/04 17:36:26.608, 21836, 100
2026/08/04 17:36:27.609, 21836, 100
2026/08/04 17:36:28.611, 21836, 100
2026/08/04 17:36:29.612, 21836, 81
2026/08/04 17:36:30.613, 21836, 90
2026/08/04 17:36:31.615, 21836, 100
2026/08/04 17:36:32.616, 21836, 100
2026/08/04 17:36:33.618, 21836, 100
2026/08/04 17:36:34.619, 21836, 100
2026/08/04 17:36:35.621, 21836, 94
2026/08/04 17:36:36.623, 21836, 100
2026/08/04 17:36:37.624, 21836, 100
2026/08/04 17:36:38.625, 21836, 100
2026/08/04 17:36:39.627, 21836, 84
2026/08/04 17:36:40.628, 21836, 100
2026/08/04 17:36:41.630, 21836, 100
2026/08/04 17:36:42.631, 21836, 100
2026/08/04 17:36:43.632, 21836, 100
2026/08/04 17:36:44.634, 21836, 100
2026/08/04 17:36:45.638, 21836, 100
2026/08/04 17:36:46.640, 21836, 100
2026/08/04 17:36:47.642, 21836, 17
2026/08/04 17:36:48.643, 21836, 100
2026/08/04 17:36:49.644, 21836, 81
2026/08/04 17:36:50.646, 21836, 100
2026/08/04 17:36:51.647, 21836, 100
2026/08/04 17:36:52.649, 21836, 100
2026/08/04 17:36:53.650, 21836, 100
2026/08/04 17:36:54.651, 21836, 100
2026/08/04 17:36:55.653, 21836, 97
2026/08/04 17:36:56.654, 21836, 100
2026/08/04 17:36:57.656, 21836, 100
2026/08/04 17:36:58.657, 21836, 100
2026/08/04 17:36:59.658, 21836, 82
2026/08/04 17:37:00.660, 21836, 100
2026/08/04 17:37:01.661, 21836, 100
2026/08/04 17:37:02.662, 21836, 100
2026/08/04 17:37:03.664, 21836, 100
2026/08/04 17:37:04.665, 21836, 100
2026/08/04 17:37:05.666, 21836, 100
2026/08/04 17:37:06.668, 21836, 100
2026/08/04 17:37:07.669, 21836, 94
2026/08/04 17:37:08.670, 21836, 100
2026/08/04 17:37:09.672, 21836, 93
2026/08/04 17:37:10.673, 21836, 100
2026/08/04 17:37:11.675, 21836, 100
2026/08/04 17:37:12.676, 21836, 100
2026/08/04 17:37:13.677, 21836, 100
2026/08/04 17:37:14.679, 21836, 100
2026/08/04 17:37:15.680, 21836, 100
2026/08/04 17:37:16.681, 21836, 100
2026/08/04 17:37:17.683, 21836, 100
2026/08/04 17:37:18.684, 21836, 100
2026/08/04 17:37:19.686, 21836, 100
2026/08/04 17:37:20.687, 21836, 100
2026/08/04 17:37:21.688, 21836, 100
2026/08/04 17:37:22.690, 21836, 100
2026/08/04 17:37:23.691, 21836, 100
2026/08/04 17:37:24.692, 21836, 100
2026/08/04 17:37:25.694, 21836, 100
2026/08/04 17:37:26.695, 21836, 81
2026/08/04 17:37:27.697, 21836, 90
2026/08/04 17:37:28.698, 21836, 100
2026/08/04 17:37:29.699, 21836, 100
2026/08/04 17:37:30.701, 21836, 100
2026/08/04 17:37:31.702, 21836, 100
2026/08/04 17:37:32.704, 21836, 100
2026/08/04 17:37:33.705, 21836, 100
2026/08/04 17:37:34.706, 21836, 81
2026/08/04 17:37:35.708, 21836, 100
2026/08/04 17:37:36.709, 21836, 100
2026/08/04 17:37:37.710, 21836, 95
2026/08/04 17:37:38.712, 21836, 100
2026/08/04 17:37:39.713, 21836, 100
2026/08/04 17:37:40.714, 21836, 100
2026/08/04 17:37:41.716, 21836, 100
2026/08/04 17:37:42.717, 21836, 100
2026/08/04 17:37:43.719, 21836, 100
2026/08/04 17:37:44.720, 21836, 100
2026/08/04 17:37:45.721, 21836, 100
2026/08/04 17:37:46.723, 21836, 100
2026/08/04 17:37:47.724, 21836, 100
2026/08/04 17:37:48.725, 21836, 100
2026/08/04 17:37:49.727, 21836, 67
2026/08/04 17:37:50.728, 21836, 100
2026/08/04 17:37:51.730, 21836, 100
2026/08/04 17:37:52.731, 21836, 100
2026/08/04 17:37:53.732, 21836, 82
2026/08/04 17:37:54.734, 21836, 100
2026/08/04 17:37:55.735, 21836, 100
2026/08/04 17:37:56.737, 21836, 100
2026/08/04 17:37:57.738, 21836, 100
2026/08/04 17:37:58.739, 21836, 100
2026/08/04 17:37:59.741, 21836, 100
2026/08/04 17:38:00.742, 21836, 68
2026/08/04 17:38:01.743, 21836, 100
2026/08/04 17:38:02.745, 21836, 100
2026/08/04 17:38:03.746, 21836, 100
2026/08/04 17:38:04.747, 21836, 100
2026/08/04 17:38:05.749, 21836, 100
2026/08/04 17:38:06.750, 21836, 100
2026/08/04 17:38:07.752, 21836, 100
2026/08/04 17:38:08.753, 21836, 100
2026/08/04 17:38:09.754, 21836, 85
2026/08/04 17:38:10.756, 21836, 100
2026/08/04 17:38:11.757, 21836, 100
2026/08/04 17:38:12.758, 21836, 100
2026/08/04 17:38:13.760, 21836, 100
2026/08/04 17:38:14.763, 21836, 100
2026/08/04 17:38:15.764, 21836, 97
2026/08/04 17:38:16.766, 21836, 100
2026/08/04 17:38:17.767, 21836, 100
2026/08/04 17:38:18.768, 21836, 81
2026/08/04 17:38:19.770, 21836, 68
2026/08/04 17:38:20.771, 21836, 100
2026/08/04 17:38:21.772, 21836, 100
2026/08/04 17:38:22.774, 21836, 100
2026/08/04 17:38:23.775, 21836, 100
2026/08/04 17:38:24.777, 21836, 100
2026/08/04 17:38:25.778, 21836, 100
2026/08/04 17:38:26.779, 21836, 80
2026/08/04 17:38:27.781, 21836, 100
2026/08/04 17:38:28.782, 21836, 100
2026/08/04 17:38:29.784, 21836, 100
2026/08/04 17:38:30.787, 21836, 100
2026/08/04 17:38:31.789, 21836, 91
2026/08/04 17:38:32.790, 21836, 99
2026/08/04 17:38:33.792, 21836, 100
2026/08/04 17:38:34.793, 21836, 100
2026/08/04 17:38:35.795, 21836, 100
2026/08/04 17:38:36.796, 21836, 100
2026/08/04 17:38:37.797, 21836, 100
2026/08/04 17:38:38.799, 21836, 100
2026/08/04 17:38:39.800, 21836, 100
2026/08/04 17:38:40.801, 21836, 100
2026/08/04 17:38:41.803, 21836, 100
2026/08/04 17:38:42.804, 21836, 100
2026/08/04 17:38:43.806, 21836, 100
2026/08/04 17:38:44.807, 21836, 100
2026/08/04 17:38:45.808, 21836, 100
2026/08/04 17:38:46.810, 21836, 100
2026/08/04 17:38:47.811, 21836, 100
2026/08/04 17:38:48.812, 21836, 100
2026/08/04 17:38:49.814, 21836, 100
2026/08/04 17:38:50.815, 21836, 100
2026/08/04 17:38:51.817, 21836, 81
2026/08/04 17:38:52.818, 21836, 100
2026/08/04 17:38:53.819, 21836, 76
2026/08/04 17:38:54.821, 21836, 100
2026/08/04 17:38:55.822, 21836, 100
2026/08/04 17:38:56.824, 21836, 100
2026/08/04 17:38:57.825, 21836, 100
2026/08/04 17:38:58.826, 21836, 100
2026/08/04 17:38:59.828, 21836, 100
2026/08/04 17:39:00.829, 21836, 100
2026/08/04 17:39:01.830, 21836, 100
2026/08/04 17:39:02.832, 21836, 100
2026/08/04 17:39:03.833, 21836, 89
2026/08/04 17:39:04.834, 21836, 100
2026/08/04 17:39:05.836, 21836, 100
2026/08/04 17:39:06.837, 21836, 100
2026/08/04 17:39:07.839, 21836, 58
2026/08/04 17:39:08.840, 21836, 100
2026/08/04 17:39:09.841, 21836, 82
2026/08/04 17:39:10.843, 21836, 100
2026/08/04 17:39:11.844, 21836, 100
2026/08/04 17:39:12.845, 21836, 100
2026/08/04 17:39:13.847, 21836, 81
2026/08/04 17:39:14.848, 21836, 82
2026/08/04 17:39:15.850, 21836, 72
2026/08/04 17:39:16.851, 21836, 100
2026/08/04 17:39:17.852, 21836, 100
2026/08/04 17:39:18.854, 21836, 100
2026/08/04 17:39:19.855, 21836, 100
2026/08/04 17:39:20.856, 21836, 100
2026/08/04 17:39:21.858, 21836, 100
2026/08/04 17:39:22.859, 21836, 100
2026/08/04 17:39:23.861, 21836, 100
2026/08/04 17:39:24.862, 21836, 100
2026/08/04 17:39:25.869, 21836, 100
2026/08/04 17:39:26.871, 21836, 100
2026/08/04 17:39:27.872, 21836, 100
2026/08/04 17:39:28.873, 21836, 89
2026/08/04 17:39:29.875, 21836, 100
2026/08/04 17:39:30.876, 21836, 100
2026/08/04 17:39:31.877, 21836, 100
2026/08/04 17:39:32.879, 21836, 100
2026/08/04 17:39:33.880, 21836, 95
2026/08/04 17:39:34.882, 21836, 56
2026/08/04 17:39:35.883, 21836, 100
2026/08/04 17:39:36.884, 21836, 100
2026/08/04 17:39:37.886, 21836, 100
2026/08/04 17:39:38.887, 21836, 100
2026/08/04 17:39:39.888, 21836, 100
2026/08/04 17:39:40.890, 21836, 100
2026/08/04 17:39:41.891, 21836, 68
2026/08/04 17:39:42.892, 21836, 100
2026/08/04 17:39:43.894, 21836, 100
2026/08/04 17:39:44.895, 21836, 100
2026/08/04 17:39:45.897, 21836, 100
2026/08/04 17:39:46.898, 21836, 100
2026/08/04 17:39:47.899, 21836, 100
2026/08/04 17:39:48.901, 21836, 100
2026/08/04 17:39:49.902, 21836, 100
2026/08/04 17:39:50.904, 21836, 100
2026/08/04 17:39:51.905, 21836, 100
2026/08/04 17:39:52.906, 21836, 100
2026/08/04 17:39:53.908, 21836, 81
2026/08/04 17:39:54.944, 21836, 93
2026/08/04 17:39:55.945, 21836, 100
2026/08/04 17:39:56.946, 21836, 100
2026/08/04 17:39:57.948, 21836, 100
2026/08/04 17:39:58.949, 21836, 100
2026/08/04 17:39:59.950, 21836, 76
2026/08/04 17:40:00.952, 21836, 100
2026/08/04 17:40:01.982, 21836, 100
2026/08/04 17:40:02.983, 21836, 100
2026/08/04 17:40:03.985, 21836, 100
2026/08/04 17:40:04.986, 21836, 100
2026/08/04 17:40:05.988, 21836, 100
2026/08/04 17:40:06.989, 21836, 100
2026/08/04 17:40:07.991, 21836, 100
2026/08/04 17:40:08.992, 21836, 100
2026/08/04 17:40:09.993, 21836, 100
2026/08/04 17:40:10.995, 21836, 100
2026/08/04 17:40:11.996, 21836, 100
2026/08/04 17:40:12.997, 21836, 100
2026/08/04 17:40:13.999, 21836, 100
2026/08/04 17:40:15.000, 21836, 84
2026/08/04 17:40:16.002, 21836, 100
2026/08/04 17:40:17.003, 21836, 66
2026/08/04 17:40:18.004, 21836, 100
2026/08/04 17:40:19.006, 21836, 100
2026/08/04 17:40:20.007, 21836, 100
2026/08/04 17:40:21.008, 21836, 100
2026/08/04 17:40:22.010, 21836, 100
2026/08/04 17:40:23.011, 21836, 100
2026/08/04 17:40:24.013, 21836, 100
2026/08/04 17:40:25.014, 21836, 100
2026/08/04 17:40:26.015, 21836, 100
2026/08/04 17:40:27.017, 21836, 100
2026/08/04 17:40:28.018, 21836, 100
2026/08/04 17:40:29.019, 21836, 100
2026/08/04 17:40:30.021, 21836, 100
2026/08/04 17:40:31.022, 21836, 100
2026/08/04 17:40:32.024, 21836, 83
2026/08/04 17:40:33.025, 21836, 73
2026/08/04 17:40:34.026, 21836, 100
2026/08/04 17:40:35.028, 21836, 100
2026/08/04 17:40:36.029, 21836, 100
2026/08/04 17:40:37.030, 21836, 82
2026/08/04 17:40:38.032, 21836, 100
2026/08/04 17:40:39.033, 21836, 67
2026/08/04 17:40:40.035, 21836, 100
2026/08/04 17:40:41.036, 21836, 100
2026/08/04 17:40:42.037, 21836, 83
2026/08/04 17:40:43.039, 21836, 82
2026/08/04 17:40:44.040, 21836, 84
2026/08/04 17:40:45.041, 21836, 100
2026/08/04 17:40:46.043, 21836, 100
2026/08/04 17:40:47.044, 21836, 100
2026/08/04 17:40:48.045, 21836, 82
2026/08/04 17:40:49.046, 21836, 100
2026/08/04 17:40:50.047, 21836, 100
2026/08/04 17:40:51.049, 21836, 100
2026/08/04 17:40:52.050, 21836, 100
2026/08/04 17:40:53.051, 21836, 100
2026/08/04 17:40:54.053, 21836, 100
2026/08/04 17:40:55.054, 21836, 60
2026/08/04 17:40:56.055, 21836, 100
2026/08/04 17:40:57.057, 21836, 100
2026/08/04 17:40:58.058, 21836, 100
2026/08/04 17:40:59.060, 21836, 100
2026/08/04 17:41:00.061, 21836, 100
2026/08/04 17:41:01.062, 21836, 71
2026/08/04 17:41:02.064, 21836, 100
2026/08/04 17:41:03.065, 21836, 100
2026/08/04 17:41:04.066, 21836, 83
2026/08/04 17:41:05.068, 21836, 100
2026/08/04 17:41:06.069, 21836, 100
2026/08/04 17:41:07.070, 21836, 100
2026/08/04 17:41:08.072, 21836, 100
2026/08/04 17:41:09.073, 21836, 69
2026/08/04 17:41:10.075, 21836, 100
2026/08/04 17:41:11.076, 21836, 100
2026/08/04 17:41:12.077, 21836, 100
2026/08/04 17:41:13.079, 21836, 100
2026/08/04 17:41:14.080, 21836, 100
2026/08/04 17:41:15.081, 21836, 100
2026/08/04 17:41:16.083, 21836, 100
2026/08/04 17:41:17.084, 21836, 100
2026/08/04 17:41:18.085, 21836, 100
2026/08/04 17:41:19.087, 21836, 100
2026/08/04 17:41:20.088, 21836, 100
2026/08/04 17:41:21.090, 21836, 100
2026/08/04 17:41:22.091, 21836, 100
2026/08/04 17:41:23.092, 21836, 100
2026/08/04 17:41:24.094, 21836, 100
2026/08/04 17:41:25.095, 21836, 82
2026/08/04 17:41:26.096, 21836, 100
2026/08/04 17:41:27.098, 21836, 100
2026/08/04 17:41:28.099, 21836, 68
2026/08/04 17:41:29.100, 21836, 100
2026/08/04 17:41:30.102, 21836, 100
2026/08/04 17:41:31.103, 21836, 100
2026/08/04 17:41:32.103, 21836, 82
2026/08/04 17:41:33.105, 21836, 100
2026/08/04 17:41:34.105, 21836, 100
2026/08/04 17:41:35.107, 21836, 99
2026/08/04 17:41:36.108, 21836, 84
2026/08/04 17:41:37.108, 21836, 83
2026/08/04 17:41:38.109, 21836, 100
2026/08/04 17:41:39.109, 21836, 82
2026/08/04 17:41:40.110, 21836, 100
2026/08/04 17:41:41.112, 21836, 100
2026/08/04 17:41:42.113, 21836, 100
2026/08/04 17:41:43.114, 21836, 100
2026/08/04 17:41:44.115, 21836, 100
2026/08/04 17:41:45.116, 21836, 83
2026/08/04 17:41:46.117, 21836, 62
2026/08/04 17:41:47.117, 21836, 96
2026/08/04 17:41:48.118, 21836, 100
2026/08/04 17:41:49.120, 21836, 100
2026/08/04 17:41:50.121, 21836, 90
2026/08/04 17:41:51.122, 21836, 100
2026/08/04 17:41:52.124, 21836, 100
2026/08/04 17:41:53.125, 21836, 100
2026/08/04 17:41:54.125, 21836, 100
2026/08/04 17:41:55.127, 21836, 100
2026/08/04 17:41:56.128, 21836, 94
2026/08/04 17:41:57.128, 21836, 78
2026/08/04 17:41:58.129, 21836, 87
2026/08/04 17:41:59.130, 21836, 100
2026/08/04 17:42:00.132, 21836, 100
2026/08/04 17:42:01.133, 21836, 100
2026/08/04 17:42:02.134, 21836, 100
2026/08/04 17:42:03.136, 21836, 100
2026/08/04 17:42:04.137, 21836, 86
2026/08/04 17:42:05.138, 21836, 100
2026/08/04 17:42:06.140, 21836, 100
2026/08/04 17:42:07.141, 21836, 100
2026/08/04 17:42:08.143, 21836, 100
2026/08/04 17:42:09.143, 21836, 100
2026/08/04 17:42:10.144, 21836, 100
2026/08/04 17:42:11.146, 21836, 94
2026/08/04 17:42:12.147, 21836, 100
2026/08/04 17:42:13.148, 21836, 100
2026/08/04 17:42:14.150, 21836, 100
2026/08/04 17:42:15.151, 21836, 100
2026/08/04 17:42:16.152, 21836, 100
2026/08/04 17:42:17.154, 21836, 100
2026/08/04 17:42:18.155, 21836, 100
2026/08/04 17:42:19.156, 21836, 100
2026/08/04 17:42:20.158, 21836, 100
2026/08/04 17:42:21.158, 21836, 100
2026/08/04 17:42:22.158, 21836, 100
2026/08/04 17:42:23.159, 21836, 82
2026/08/04 17:42:24.159, 21836, 100
2026/08/04 17:42:25.159, 21836, 91
2026/08/04 17:42:26.160, 21836, 100
2026/08/04 17:42:27.161, 21836, 100
2026/08/04 17:42:28.161, 21836, 83
2026/08/04 17:42:29.162, 21836, 82
2026/08/04 17:42:30.163, 21836, 100
2026/08/04 17:42:31.164, 21836, 65
2026/08/04 17:42:32.165, 21836, 84
2026/08/04 17:42:33.166, 21836, 100
2026/08/04 17:42:34.167, 21836, 88
2026/08/04 17:42:35.168, 21836, 100
2026/08/04 17:42:36.168, 21836, 100
2026/08/04 17:42:37.169, 21836, 100
2026/08/04 17:42:38.171, 21836, 87
2026/08/04 17:42:39.171, 21836, 100
2026/08/04 17:42:40.171, 21836, 100
2026/08/04 17:42:41.172, 21836, 100
2026/08/04 17:42:42.172, 21836, 100
2026/08/04 17:42:43.172, 21836, 81
2026/08/04 17:42:44.173, 21836, 100
2026/08/04 17:42:45.173, 21836, 100
2026/08/04 17:42:46.174, 21836, 100
2026/08/04 17:42:47.176, 21836, 100
2026/08/04 17:42:48.177, 21836, 100
2026/08/04 17:42:49.178, 21836, 100
2026/08/04 17:42:50.179, 21836, 82
2026/08/04 17:42:51.179, 21836, 100
2026/08/04 17:42:52.181, 21836, 100
2026/08/04 17:42:53.182, 21836, 81
2026/08/04 17:42:54.183, 21836, 100
2026/08/04 17:42:55.185, 21836, 100
2026/08/04 17:42:56.185, 21836, 100
2026/08/04 17:42:57.185, 21836, 78
2026/08/04 17:42:58.186, 21836, 100
2026/08/04 17:42:59.186, 21836, 100
2026/08/04 17:43:00.187, 21836, 100
2026/08/04 17:43:01.189, 21836, 100
2026/08/04 17:43:02.190, 21836, 100
2026/08/04 17:43:03.191, 21836, 100
2026/08/04 17:43:04.193, 21836, 83
2026/08/04 17:43:05.194, 21836, 100
2026/08/04 17:43:06.196, 21836, 100
2026/08/04 17:43:07.197, 21836, 100
2026/08/04 17:43:08.197, 21836, 100
2026/08/04 17:43:09.198, 21836, 100
2026/08/04 17:43:10.199, 21836, 100
2026/08/04 17:43:11.200, 21836, 100
2026/08/04 17:43:12.202, 21836, 87
2026/08/04 17:43:13.202, 21836, 100
2026/08/04 17:43:14.204, 21836, 100
2026/08/04 17:43:15.204, 21836, 100
2026/08/04 17:43:16.205, 21836, 100
2026/08/04 17:43:17.207, 21836, 100
2026/08/04 17:43:18.208, 21836, 100
2026/08/04 17:43:19.209, 21836, 100
2026/08/04 17:43:20.210, 21836, 100
2026/08/04 17:43:21.210, 21836, 100
2026/08/04 17:43:22.210, 21836, 100
2026/08/04 17:43:23.212, 21836, 100
2026/08/04 17:43:24.213, 21836, 100
2026/08/04 17:43:25.213, 21836, 100
2026/08/04 17:43:26.214, 21836, 100
2026/08/04 17:43:27.215, 21836, 100
2026/08/04 17:43:28.215, 21836, 100
2026/08/04 17:43:29.216, 21836, 69
2026/08/04 17:43:30.216, 21836, 100
2026/08/04 17:43:31.216, 21836, 100
2026/08/04 17:43:32.217, 21836, 100
2026/08/04 17:43:33.217, 21836, 100
2026/08/04 17:43:34.217, 21836, 100
2026/08/04 17:43:35.217, 21836, 100
2026/08/04 17:43:36.218, 21836, 100
2026/08/04 17:43:37.219, 21836, 80
2026/08/04 17:43:38.220, 21836, 100
2026/08/04 17:43:39.221, 21836, 100
2026/08/04 17:43:40.222, 21836, 100
2026/08/04 17:43:41.223, 21836, 95
2026/08/04 17:43:42.223, 21836, 100
2026/08/04 17:43:43.223, 21836, 100
2026/08/04 17:43:44.224, 21836, 100
2026/08/04 17:43:45.224, 21836, 100
2026/08/04 17:43:46.224, 21836, 100
2026/08/04 17:43:47.225, 21836, 100
2026/08/04 17:43:48.225, 21836, 100
2026/08/04 17:43:49.225, 21836, 100
2026/08/04 17:43:50.227, 21836, 100
2026/08/04 17:43:51.227, 21836, 100
2026/08/04 17:43:52.227, 21836, 100
2026/08/04 17:43:53.228, 21836, 100
2026/08/04 17:43:54.228, 21836, 100
2026/08/04 17:43:55.228, 21836, 81
2026/08/04 17:43:56.229, 21836, 81
2026/08/04 17:43:57.229, 21836, 100
2026/08/04 17:43:58.229, 21836, 100
2026/08/04 17:43:59.229, 21836, 83
2026/08/04 17:44:00.230, 21836, 100
2026/08/04 17:44:01.230, 21836, 99
2026/08/04 17:44:02.230, 21836, 100
2026/08/04 17:44:03.231, 21836, 70
2026/08/04 17:44:04.231, 21836, 100
2026/08/04 17:44:05.231, 21836, 100
2026/08/04 17:44:06.232, 21836, 100
2026/08/04 17:44:07.232, 21836, 100
2026/08/04 17:44:08.232, 21836, 92
2026/08/04 17:44:09.233, 21836, 100
2026/08/04 17:44:10.234, 21836, 100
2026/08/04 17:44:11.234, 21836, 100
2026/08/04 17:44:12.234, 21836, 100
2026/08/04 17:44:13.235, 21836, 100
2026/08/04 17:44:14.235, 21836, 100
2026/08/04 17:44:15.235, 21836, 100
2026/08/04 17:44:16.236, 21836, 100
2026/08/04 17:44:17.236, 21836, 100
2026/08/04 17:44:18.236, 21836, 100
2026/08/04 17:44:19.237, 21836, 82
2026/08/04 17:44:20.237, 21836, 100
2026/08/04 17:44:21.237, 21836, 100
2026/08/04 17:44:22.238, 21836, 100
2026/08/04 17:44:23.238, 21836, 82
2026/08/04 17:44:24.238, 21836, 100
2026/08/04 17:44:25.239, 21836, 84
2026/08/04 17:44:26.239, 21836, 100
2026/08/04 17:44:27.239, 21836, 100
2026/08/04 17:44:28.239, 21836, 100
2026/08/04 17:44:29.240, 21836, 100
2026/08/04 17:44:30.240, 21836, 100
2026/08/04 17:44:31.241, 21836, 100
2026/08/04 17:44:32.242, 21836, 100
2026/08/04 17:44:33.243, 21836, 100
2026/08/04 17:44:34.243, 21836, 100
2026/08/04 17:44:35.243, 21836, 100
2026/08/04 17:44:36.244, 21836, 100
2026/08/04 17:44:37.244, 21836, 81
2026/08/04 17:44:38.244, 21836, 100
2026/08/04 17:44:39.244, 21836, 100
2026/08/04 17:44:40.245, 21836, 100
2026/08/04 17:44:41.245, 21836, 100
2026/08/04 17:44:42.245, 21836, 81
2026/08/04 17:44:43.246, 21836, 100
2026/08/04 17:44:44.246, 21836, 100
2026/08/04 17:44:45.246, 21836, 85
2026/08/04 17:44:46.247, 21836, 100
2026/08/04 17:44:47.247, 21836, 100
2026/08/04 17:44:48.247, 21836, 100
2026/08/04 17:44:49.249, 21836, 100
2026/08/04 17:44:50.249, 21836, 100
2026/08/04 17:44:51.249, 21836, 100
2026/08/04 17:44:52.250, 21836, 100
2026/08/04 17:44:53.251, 21836, 100
2026/08/04 17:44:54.251, 21836, 82
2026/08/04 17:44:55.251, 21836, 100
2026/08/04 17:44:56.252, 21836, 100
2026/08/04 17:44:57.252, 21836, 100
2026/08/04 17:44:58.252, 21836, 100
2026/08/04 17:44:59.253, 21836, 100
2026/08/04 17:45:00.253, 21836, 100
2026/08/04 17:45:01.253, 21836, 100
2026/08/04 17:45:02.254, 21836, 82
2026/08/04 17:45:03.254, 21836, 98
2026/08/04 17:45:04.254, 21836, 89
2026/08/04 17:45:05.254, 21836, 100
2026/08/04 17:45:06.255, 21836, 82
2026/08/04 17:45:07.256, 21836, 100
2026/08/04 17:45:08.256, 21836, 100
2026/08/04 17:45:09.257, 21836, 100
2026/08/04 17:45:10.257, 21836, 100
2026/08/04 17:45:11.257, 21836, 100
2026/08/04 17:45:12.258, 21836, 83
2026/08/04 17:45:13.258, 21836, 100
2026/08/04 17:45:14.258, 21836, 88
2026/08/04 17:45:15.259, 21836, 100
2026/08/04 17:45:16.259, 21836, 81
2026/08/04 17:45:17.259, 21836, 82
2026/08/04 17:45:18.260, 21836, 100
2026/08/04 17:45:19.260, 21836, 100
2026/08/04 17:45:20.260, 21836, 97
2026/08/04 17:45:21.260, 21836, 84
2026/08/04 17:45:22.261, 21836, 100
2026/08/04 17:45:23.261, 21836, 83
2026/08/04 17:45:24.261, 21836, 100
2026/08/04 17:45:25.262, 21836, 100
2026/08/04 17:45:26.262, 21836, 100
2026/08/04 17:45:27.262, 21836, 82
2026/08/04 17:45:28.263, 21836, 100
2026/08/04 17:45:29.263, 21836, 87
2026/08/04 17:45:30.263, 21836, 91
2026/08/04 17:45:31.264, 21836, 100
2026/08/04 17:45:32.264, 21836, 100
2026/08/04 17:45:33.264, 21836, 84
2026/08/04 17:45:34.265, 21836, 100
2026/08/04 17:45:35.265, 21836, 100
2026/08/04 17:45:36.265, 21836, 100
2026/08/04 17:45:37.266, 21836, 100
2026/08/04 17:45:38.266, 21836, 100
2026/08/04 17:45:39.266, 21836, 83
2026/08/04 17:45:40.266, 21836, 100
2026/08/04 17:45:41.267, 21836, 100
2026/08/04 17:45:42.267, 21836, 100
2026/08/04 17:45:43.267, 21836, 100
2026/08/04 17:45:44.268, 21836, 100
2026/08/04 17:45:45.268, 21836, 100
2026/08/04 17:45:46.268, 21836, 100
2026/08/04 17:45:47.269, 21836, 100
2026/08/04 17:45:48.269, 21836, 100
2026/08/04 17:45:49.269, 21836, 100
2026/08/04 17:45:50.270, 21836, 100
2026/08/04 17:45:51.270, 21836, 100
2026/08/04 17:45:52.271, 21836, 100
2026/08/04 17:45:53.271, 21836, 100
2026/08/04 17:45:54.271, 21836, 100
2026/08/04 17:45:55.272, 21836, 100
2026/08/04 17:45:56.272, 21836, 100
2026/08/04 17:45:57.275, 21836, 100
2026/08/04 17:45:58.275, 21836, 100
2026/08/04 17:45:59.275, 21836, 100
2026/08/04 17:46:00.276, 21836, 100
2026/08/04 17:46:01.276, 21836, 100
2026/08/04 17:46:02.278, 21836, 100
2026/08/04 17:46:03.278, 21836, 66
2026/08/04 17:46:04.279, 21836, 100
2026/08/04 17:46:05.279, 21836, 100
2026/08/04 17:46:06.279, 21836, 100
2026/08/04 17:46:07.280, 21836, 100
2026/08/04 17:46:08.280, 21836, 100
2026/08/04 17:46:09.280, 21836, 84
2026/08/04 17:46:10.281, 21836, 100
2026/08/04 17:46:11.281, 21836, 100
2026/08/04 17:46:12.282, 21836, 100
2026/08/04 17:46:13.282, 21836, 100
2026/08/04 17:46:14.283, 21836, 100
2026/08/04 17:46:15.283, 21836, 100
2026/08/04 17:46:16.283, 21836, 100
2026/08/04 17:46:17.284, 21836, 100
2026/08/04 17:46:18.284, 21836, 100
2026/08/04 17:46:19.284, 21836, 100
2026/08/04 17:46:20.284, 21836, 100
2026/08/04 17:46:21.285, 21836, 100
2026/08/04 17:46:22.285, 21836, 100
2026/08/04 17:46:23.285, 21836, 100
2026/08/04 17:46:24.286, 21836, 100
2026/08/04 17:46:25.286, 21836, 100
2026/08/04 17:46:26.286, 21836, 96
2026/08/04 17:46:27.287, 21836, 100
2026/08/04 17:46:28.287, 21836, 100
2026/08/04 17:46:29.287, 21836, 100
2026/08/04 17:46:30.288, 21836, 100
2026/08/04 17:46:31.288, 21836, 100
2026/08/04 17:46:32.288, 21836, 100
2026/08/04 17:46:33.289, 21836, 100
2026/08/04 17:46:34.289, 21836, 100
2026/08/04 17:46:35.289, 21836, 100
2026/08/04 17:46:36.289, 21836, 100
2026/08/04 17:46:37.290, 21836, 100
2026/08/04 17:46:38.290, 21836, 100
2026/08/04 17:46:39.290, 21836, 100
2026/08/04 17:46:40.291, 21836, 100
2026/08/04 17:46:41.291, 21836, 84
2026/08/04 17:46:42.291, 21836, 100
2026/08/04 17:46:43.292, 21836, 100
2026/08/04 17:46:44.292, 21836, 100
2026/08/04 17:46:45.292, 21836, 100
2026/08/04 17:46:46.292, 21836, 100
2026/08/04 17:46:47.293, 21836, 100
2026/08/04 17:46:48.293, 21836, 100
2026/08/04 17:46:49.293, 21836, 81
2026/08/04 17:46:50.294, 21836, 100
2026/08/04 17:46:51.294, 21836, 100
2026/08/04 17:46:52.294, 21836, 99
2026/08/04 17:46:53.295, 21836, 100
2026/08/04 17:46:54.295, 21836, 100
2026/08/04 17:46:55.295, 21836, 100
2026/08/04 17:46:56.296, 21836, 100
2026/08/04 17:46:57.296, 21836, 100
2026/08/04 17:46:58.296, 21836, 100
2026/08/04 17:46:59.296, 21836, 100
2026/08/04 17:47:00.297, 21836, 100
2026/08/04 17:47:01.297, 21836, 100
2026/08/04 17:47:02.297, 21836, 100
2026/08/04 17:47:03.298, 21836, 100
2026/08/04 17:47:04.298, 21836, 100
2026/08/04 17:47:05.298, 21836, 100
2026/08/04 17:47:06.299, 21836, 100
2026/08/04 17:47:07.299, 21836, 100
2026/08/04 17:47:08.299, 21836, 100
2026/08/04 17:47:09.300, 21836, 100
2026/08/04 17:47:10.300, 21836, 100
2026/08/04 17:47:11.300, 21836, 92
2026/08/04 17:47:12.300, 21836, 100
2026/08/04 17:47:13.301, 21836, 100
2026/08/04 17:47:14.301, 21836, 100
2026/08/04 17:47:15.301, 21836, 100
2026/08/04 17:47:16.302, 21836, 100
2026/08/04 17:47:17.302, 21836, 100
2026/08/04 17:47:18.302, 21836, 100
2026/08/04 17:47:19.303, 21836, 100
2026/08/04 17:47:20.303, 21836, 100
2026/08/04 17:47:21.303, 21836, 85
2026/08/04 17:47:22.304, 21836, 98
2026/08/04 17:47:23.304, 21836, 100
2026/08/04 17:47:24.304, 21836, 100
2026/08/04 17:47:25.305, 21836, 72
2026/08/04 17:47:26.305, 21836, 100
2026/08/04 17:47:27.305, 21836, 100
2026/08/04 17:47:28.305, 21836, 100
2026/08/04 17:47:29.306, 21836, 97
2026/08/04 17:47:30.306, 21836, 100
2026/08/04 17:47:31.306, 21836, 100
2026/08/04 17:47:32.307, 21836, 100
2026/08/04 17:47:33.307, 21836, 100
2026/08/04 17:47:34.307, 21836, 100
2026/08/04 17:47:35.308, 21836, 100
2026/08/04 17:47:36.308, 21836, 100
2026/08/04 17:47:37.308, 21836, 100
2026/08/04 17:47:38.308, 21836, 100
2026/08/04 17:47:39.309, 21836, 69
2026/08/04 17:47:40.309, 21836, 100
2026/08/04 17:47:41.309, 21836, 100
2026/08/04 17:47:42.310, 21836, 100
2026/08/04 17:47:43.310, 21836, 100
2026/08/04 17:47:44.310, 21836, 100
2026/08/04 17:47:45.311, 21836, 100
2026/08/04 17:47:46.311, 21836, 100
2026/08/04 17:47:47.311, 21836, 100
2026/08/04 17:47:48.312, 21836, 100
2026/08/04 17:47:49.312, 21836, 100
2026/08/04 17:47:50.312, 21836, 100
2026/08/04 17:47:51.313, 21836, 85
2026/08/04 17:47:52.313, 21836, 100
2026/08/04 17:47:53.313, 21836, 100
2026/08/04 17:47:54.314, 21836, 100
2026/08/04 17:47:55.314, 21836, 100
2026/08/04 17:47:56.314, 21836, 100
2026/08/04 17:47:57.315, 21836, 100
2026/08/04 17:47:58.315, 21836, 100
2026/08/04 17:47:59.315, 21836, 100
2026/08/04 17:48:00.315, 21836, 100
2026/08/04 17:48:01.316, 21836, 100
2026/08/04 17:48:02.316, 21836, 100
2026/08/04 17:48:03.316, 21836, 100
2026/08/04 17:48:04.317, 21836, 69
2026/08/04 17:48:05.317, 21836, 100
2026/08/04 17:48:06.317, 21836, 100
2026/08/04 17:48:07.318, 21836, 100
2026/08/04 17:48:08.318, 21836, 100
2026/08/04 17:48:09.318, 21836, 100
2026/08/04 17:48:10.319, 21836, 100
2026/08/04 17:48:11.319, 21836, 100
2026/08/04 17:48:12.319, 21836, 100
2026/08/04 17:48:13.319, 21836, 100
2026/08/04 17:48:14.320, 21836, 100
2026/08/04 17:48:15.320, 21836, 100
2026/08/04 17:48:16.320, 21836, 100
2026/08/04 17:48:17.321, 21836, 87
2026/08/04 17:48:18.321, 21836, 98
2026/08/04 17:48:19.321, 21836, 73
2026/08/04 17:48:20.322, 21836, 100
2026/08/04 17:48:21.322, 21836, 100
2026/08/04 17:48:22.322, 21836, 100
2026/08/04 17:48:23.323, 21836, 100
2026/08/04 17:48:24.323, 21836, 100
2026/08/04 17:48:25.323, 21836, 100
2026/08/04 17:48:26.323, 21836, 100
2026/08/04 17:48:27.324, 21836, 100
2026/08/04 17:48:28.324, 21836, 100
2026/08/04 17:48:29.324, 21836, 100
2026/08/04 17:48:30.325, 21836, 68
2026/08/04 17:48:31.325, 21836, 81
2026/08/04 17:48:32.325, 21836, 100
2026/08/04 17:48:33.326, 21836, 100
2026/08/04 17:48:34.326, 21836, 100
2026/08/04 17:48:35.326, 21836, 100
2026/08/04 17:48:36.326, 21836, 100
2026/08/04 17:48:37.327, 21836, 82
2026/08/04 17:48:38.327, 21836, 100
2026/08/04 17:48:39.327, 21836, 100
2026/08/04 17:48:40.328, 21836, 100
2026/08/04 17:48:41.328, 21836, 100
2026/08/04 17:48:42.328, 21836, 100
2026/08/04 17:48:43.329, 21836, 100
2026/08/04 17:48:44.329, 21836, 100
2026/08/04 17:48:45.329, 21836, 100
2026/08/04 17:48:46.330, 21836, 100
2026/08/04 17:48:47.330, 21836, 100
2026/08/04 17:48:48.330, 21836, 100
2026/08/04 17:48:49.331, 21836, 100
2026/08/04 17:48:50.331, 21836, 100
2026/08/04 17:48:51.331, 21836, 100
2026/08/04 17:48:52.331, 21836, 100
2026/08/04 17:48:53.332, 21836, 100
2026/08/04 17:48:54.332, 21836, 100
2026/08/04 17:48:55.332, 21836, 100
2026/08/04 17:48:56.333, 21836, 66
2026/08/04 17:48:57.333, 21836, 98
2026/08/04 17:48:58.333, 21836, 51
2026/08/04 17:48:59.334, 21836, 100
2026/08/04 17:49:00.334, 21836, 100
2026/08/04 17:49:01.334, 21836, 100
2026/08/04 17:49:02.335, 21836, 100
2026/08/04 17:49:03.335, 21836, 100
2026/08/04 17:49:04.335, 21836, 100
2026/08/04 17:49:05.335, 21836, 100
2026/08/04 17:49:06.336, 21836, 100
2026/08/04 17:49:07.336, 21836, 100
2026/08/04 17:49:08.336, 21836, 78
2026/08/04 17:49:09.337, 21836, 100
2026/08/04 17:49:10.337, 21836, 100
2026/08/04 17:49:11.337, 21836, 97
2026/08/04 17:49:12.338, 21836, 100
2026/08/04 17:49:13.338, 21836, 82
2026/08/04 17:49:14.338, 21836, 100
2026/08/04 17:49:15.339, 21836, 100
2026/08/04 17:49:16.339, 21836, 100
2026/08/04 17:49:17.339, 21836, 100
2026/08/04 17:49:18.340, 21836, 100
2026/08/04 17:49:19.340, 21836, 100
2026/08/04 17:49:20.340, 21836, 100
2026/08/04 17:49:21.340, 21836, 100
2026/08/04 17:49:22.341, 21836, 100
2026/08/04 17:49:23.341, 21836, 76
2026/08/04 17:49:24.341, 21836, 83
2026/08/04 17:49:25.342, 21836, 100
2026/08/04 17:49:26.342, 21836, 68
2026/08/04 17:49:27.342, 21836, 100
2026/08/04 17:49:28.343, 21836, 100
2026/08/04 17:49:29.343, 21836, 100
2026/08/04 17:49:30.343, 21836, 100
2026/08/04 17:49:31.344, 21836, 100
2026/08/04 17:49:32.344, 21836, 100
2026/08/04 17:49:33.344, 21836, 100
2026/08/04 17:49:34.345, 21836, 82
2026/08/04 17:49:35.345, 21836, 100
2026/08/04 17:49:36.345, 21836, 100
2026/08/04 17:49:37.345, 21836, 100
2026/08/04 17:49:38.346, 21836, 81
2026/08/04 17:49:39.346, 21836, 82
2026/08/04 17:49:40.346, 21836, 100
2026/08/04 17:49:41.347, 21836, 100
2026/08/04 17:49:42.347, 21836, 100
2026/08/04 17:49:43.347, 21836, 100
2026/08/04 17:49:44.347, 21836, 67
2026/08/04 17:49:45.348, 21836, 100
2026/08/04 17:49:46.348, 21836, 100
2026/08/04 17:49:47.348, 21836, 100
2026/08/04 17:49:48.349, 21836, 100
2026/08/04 17:49:49.349, 21836, 100
2026/08/04 17:49:50.349, 21836, 100
2026/08/04 17:49:51.350, 21836, 100
2026/08/04 17:49:52.350, 21836, 100
2026/08/04 17:49:53.350, 21836, 100
2026/08/04 17:49:54.350, 21836, 100
2026/08/04 17:49:55.351, 21836, 100
2026/08/04 17:49:56.351, 21836, 100
2026/08/04 17:49:57.351, 21836, 100
2026/08/04 17:49:58.352, 21836, 100
2026/08/04 17:49:59.352, 21836, 100
2026/08/04 17:50:00.352, 21836, 100
2026/08/04 17:50:01.353, 21836, 100
2026/08/04 17:50:02.353, 21836, 100
2026/08/04 17:50:03.353, 21836, 100
2026/08/04 17:50:04.354, 21836, 100
2026/08/04 17:50:05.354, 21836, 100
2026/08/04 17:50:06.354, 21836, 100
2026/08/04 17:50:07.355, 21836, 80
2026/08/04 17:50:08.355, 21836, 100
2026/08/04 17:50:09.355, 21836, 100
2026/08/04 17:50:10.356, 21836, 100
2026/08/04 17:50:11.356, 21836, 100
2026/08/04 17:50:12.356, 21836, 97
2026/08/04 17:50:13.357, 21836, 100
2026/08/04 17:50:14.357, 21836, 100
2026/08/04 17:50:15.357, 21836, 100
2026/08/04 17:50:16.357, 21836, 100
2026/08/04 17:50:17.358, 21836, 100
2026/08/04 17:50:18.358, 21836, 100
2026/08/04 17:50:19.358, 21836, 100
2026/08/04 17:50:20.359, 21836, 100
2026/08/04 17:50:21.359, 21836, 100
2026/08/04 17:50:22.359, 21836, 100
2026/08/04 17:50:23.360, 21836, 95
2026/08/04 17:50:24.360, 21836, 100
2026/08/04 17:50:25.360, 21836, 100
2026/08/04 17:50:26.361, 21836, 100
2026/08/04 17:50:27.361, 21836, 100
2026/08/04 17:50:28.361, 21836, 100
2026/08/04 17:50:29.362, 21836, 100
2026/08/04 17:50:30.362, 21836, 68
2026/08/04 17:50:31.362, 21836, 100
2026/08/04 17:50:32.363, 21836, 100
2026/08/04 17:50:33.363, 21836, 100
2026/08/04 17:50:34.363, 21836, 100
2026/08/04 17:50:35.364, 21836, 100
2026/08/04 17:50:36.364, 21836, 100
2026/08/04 17:50:37.364, 21836, 100
2026/08/04 17:50:38.365, 21836, 100
2026/08/04 17:50:39.365, 21836, 100
2026/08/04 17:50:40.365, 21836, 100
2026/08/04 17:50:41.365, 21836, 100
2026/08/04 17:50:42.366, 21836, 100
2026/08/04 17:50:43.366, 21836, 100
2026/08/04 17:50:44.366, 21836, 100
2026/08/04 17:50:45.367, 21836, 100
2026/08/04 17:50:46.367, 21836, 82
2026/08/04 17:50:47.367, 21836, 82
2026/08/04 17:50:48.368, 21836, 93
2026/08/04 17:50:49.368, 21836, 100
2026/08/04 17:50:50.368, 21836, 100
2026/08/04 17:50:51.368, 21836, 100
2026/08/04 17:50:52.369, 21836, 100
2026/08/04 17:50:53.369, 21836, 100
2026/08/04 17:50:54.369, 21836, 100
2026/08/04 17:50:55.370, 21836, 100
2026/08/04 17:50:56.370, 21836, 100
2026/08/04 17:50:57.370, 21836, 100
2026/08/04 17:50:58.371, 21836, 97
2026/08/04 17:50:59.371, 21836, 100
2026/08/04 17:51:00.371, 21836, 100
2026/08/04 17:51:01.372, 21836, 100
2026/08/04 17:51:02.372, 21836, 100
2026/08/04 17:51:03.372, 21836, 80
2026/08/04 17:51:04.373, 21836, 100
2026/08/04 17:51:05.373, 21836, 78
2026/08/04 17:51:06.373, 21836, 100
2026/08/04 17:51:07.373, 21836, 100
2026/08/04 17:51:08.374, 21836, 100
2026/08/04 17:51:09.374, 21836, 100
2026/08/04 17:51:10.374, 21836, 100
2026/08/04 17:51:11.375, 21836, 82
2026/08/04 17:51:12.375, 21836, 82
2026/08/04 17:51:13.375, 21836, 100
2026/08/04 17:51:14.376, 21836, 100
2026/08/04 17:51:15.376, 21836, 100
2026/08/04 17:51:16.376, 21836, 100
2026/08/04 17:51:17.377, 21836, 82
2026/08/04 17:51:18.377, 21836, 100
2026/08/04 17:51:19.377, 21836, 100
2026/08/04 17:51:20.378, 21836, 100
2026/08/04 17:51:21.378, 21836, 100
2026/08/04 17:51:22.378, 21836, 100
2026/08/04 17:51:23.379, 21836, 100
2026/08/04 17:51:24.379, 21836, 100
2026/08/04 17:51:25.379, 21836, 100
2026/08/04 17:51:26.379, 21836, 100
2026/08/04 17:51:27.382, 21836, 100
2026/08/04 17:51:28.382, 21836, 100
2026/08/04 17:51:29.383, 21836, 100
2026/08/04 17:51:30.383, 21836, 100
2026/08/04 17:51:31.383, 21836, 100
2026/08/04 17:51:32.383, 21836, 100
2026/08/04 17:51:33.384, 21836, 85
2026/08/04 17:51:34.384, 21836, 100
2026/08/04 17:51:35.384, 21836, 100
2026/08/04 17:51:36.385, 21836, 100
2026/08/04 17:51:37.385, 21836, 100
2026/08/04 17:51:38.385, 21836, 84
2026/08/04 17:51:39.386, 21836, 100
2026/08/04 17:51:40.386, 21836, 100
2026/08/04 17:51:41.386, 21836, 100
2026/08/04 17:51:42.387, 21836, 100
2026/08/04 17:51:43.387, 21836, 100
2026/08/04 17:51:44.387, 21836, 85
2026/08/04 17:51:45.388, 21836, 100
2026/08/04 17:51:46.388, 21836, 100
2026/08/04 17:51:47.388, 21836, 100
2026/08/04 17:51:48.388, 21836, 100
2026/08/04 17:51:49.389, 21836, 100
2026/08/04 17:51:50.389, 21836, 100
2026/08/04 17:51:51.389, 21836, 100
2026/08/04 17:51:52.390, 21836, 100
2026/08/04 17:51:53.390, 21836, 100
2026/08/04 17:51:54.390, 21836, 100
2026/08/04 17:51:55.391, 21836, 100
2026/08/04 17:51:56.391, 21836, 100
2026/08/04 17:51:57.391, 21836, 100
2026/08/04 17:51:58.391, 21836, 100
2026/08/04 17:51:59.392, 21836, 100
2026/08/04 17:52:00.392, 21836, 100
2026/08/04 17:52:01.392, 21836, 94
2026/08/04 17:52:02.393, 21836, 93
2026/08/04 17:52:03.393, 21836, 100
2026/08/04 17:52:04.393, 21836, 100
2026/08/04 17:52:05.394, 21836, 100
2026/08/04 17:52:06.394, 21836, 100
2026/08/04 17:52:07.394, 21836, 100
2026/08/04 17:52:08.394, 21836, 100
2026/08/04 17:52:09.395, 21836, 100
2026/08/04 17:52:10.395, 21836, 100
2026/08/04 17:52:11.395, 21836, 100
2026/08/04 17:52:12.396, 21836, 100
2026/08/04 17:52:13.396, 21836, 100
2026/08/04 17:52:14.396, 21836, 100
2026/08/04 17:52:15.396, 21836, 100
2026/08/04 17:52:16.397, 21836, 100
2026/08/04 17:52:17.397, 21836, 82
2026/08/04 17:52:18.397, 21836, 100
2026/08/04 17:52:19.398, 21836, 100
2026/08/04 17:52:20.398, 21836, 100
2026/08/04 17:52:21.398, 21836, 82
2026/08/04 17:52:22.399, 21836, 100
2026/08/04 17:52:23.399, 21836, 100
2026/08/04 17:52:24.399, 21836, 100
2026/08/04 17:52:25.399, 21836, 100
2026/08/04 17:52:26.400, 21836, 100
2026/08/04 17:52:27.400, 21836, 100
2026/08/04 17:52:28.400, 21836, 100
2026/08/04 17:52:29.401, 21836, 100
2026/08/04 17:52:30.401, 21836, 100
2026/08/04 17:52:31.402, 21836, 100
2026/08/04 17:52:32.403, 21836, 100
2026/08/04 17:52:33.403, 21836, 100
2026/08/04 17:52:34.404, 21836, 100
2026/08/04 17:52:35.404, 21836, 100
2026/08/04 17:52:36.404, 21836, 100
2026/08/04 17:52:37.405, 21836, 100
2026/08/04 17:52:38.405, 21836, 100
2026/08/04 17:52:39.405, 21836, 82
2026/08/04 17:52:40.406, 21836, 100
2026/08/04 17:52:41.406, 21836, 82
2026/08/04 17:52:42.406, 21836, 72
2026/08/04 17:52:43.407, 21836, 95
2026/08/04 17:52:44.407, 21836, 100
2026/08/04 17:52:45.407, 21836, 100
2026/08/04 17:52:46.407, 21836, 100
2026/08/04 17:52:47.408, 21836, 100
2026/08/04 17:52:48.408, 21836, 100
2026/08/04 17:52:49.408, 21836, 100
2026/08/04 17:52:50.409, 21836, 100
2026/08/04 17:52:51.409, 21836, 100
2026/08/04 17:52:52.409, 21836, 100
2026/08/04 17:52:53.409, 21836, 76
2026/08/04 17:52:54.410, 21836, 100
2026/08/04 17:52:55.410, 21836, 89
2026/08/04 17:52:56.410, 21836, 96
2026/08/04 17:52:57.411, 21836, 100
2026/08/04 17:52:58.411, 21836, 87
2026/08/04 17:52:59.411, 21836, 100
2026/08/04 17:53:00.412, 21836, 100
2026/08/04 17:53:01.412, 21836, 100
2026/08/04 17:53:02.412, 21836, 100
2026/08/04 17:53:03.413, 21836, 100
2026/08/04 17:53:04.413, 21836, 100
2026/08/04 17:53:05.413, 21836, 100
2026/08/04 17:53:06.414, 21836, 100
2026/08/04 17:53:07.414, 21836, 100
2026/08/04 17:53:08.414, 21836, 100
2026/08/04 17:53:09.415, 21836, 100
2026/08/04 17:53:10.415, 21836, 100
2026/08/04 17:53:11.415, 21836, 100
2026/08/04 17:53:12.415, 21836, 100
2026/08/04 17:53:13.416, 21836, 84
2026/08/04 17:53:14.416, 21836, 100
2026/08/04 17:53:15.416, 21836, 100
2026/08/04 17:53:16.417, 21836, 100
2026/08/04 17:53:17.417, 21836, 99
2026/08/04 17:53:18.417, 21836, 81
2026/08/04 17:53:19.417, 21836, 100
2026/08/04 17:53:20.418, 21836, 97
2026/08/04 17:53:21.418, 21836, 69
2026/08/04 17:53:22.418, 21836, 100
2026/08/04 17:53:23.419, 21836, 100
2026/08/04 17:53:24.419, 21836, 100
2026/08/04 17:53:25.419, 21836, 100
2026/08/04 17:53:26.420, 21836, 100
2026/08/04 17:53:27.420, 21836, 100
2026/08/04 17:53:28.420, 21836, 100
2026/08/04 17:53:29.421, 21836, 100
2026/08/04 17:53:30.421, 21836, 82
2026/08/04 17:53:31.421, 21836, 100
2026/08/04 17:53:32.421, 21836, 100
2026/08/04 17:53:33.422, 21836, 100
2026/08/04 17:53:34.422, 21836, 100
2026/08/04 17:53:35.422, 21836, 67
2026/08/04 17:53:36.423, 21836, 79
2026/08/04 17:53:37.423, 21836, 100
2026/08/04 17:53:38.423, 21836, 100
2026/08/04 17:53:39.424, 21836, 80
2026/08/04 17:53:40.424, 21836, 100
2026/08/04 17:53:41.424, 21836, 100
2026/08/04 17:53:42.425, 21836, 100
2026/08/04 17:53:43.425, 21836, 81
2026/08/04 17:53:44.425, 21836, 83
2026/08/04 17:53:45.426, 21836, 100
2026/08/04 17:53:46.426, 21836, 100
2026/08/04 17:53:47.426, 21836, 100
2026/08/04 17:53:48.426, 21836, 100
2026/08/04 17:53:49.427, 21836, 100
2026/08/04 17:53:50.427, 21836, 82
2026/08/04 17:53:51.427, 21836, 100
2026/08/04 17:53:52.428, 21836, 69
2026/08/04 17:53:53.428, 21836, 100
2026/08/04 17:53:54.428, 21836, 100
2026/08/04 17:53:55.429, 21836, 100
2026/08/04 17:53:56.429, 21836, 100
2026/08/04 17:53:57.429, 21836, 100
2026/08/04 17:53:58.429, 21836, 100
2026/08/04 17:53:59.430, 21836, 100
2026/08/04 17:54:00.430, 21836, 100
2026/08/04 17:54:01.430, 21836, 100
2026/08/04 17:54:02.431, 21836, 82
2026/08/04 17:54:03.431, 21836, 100
2026/08/04 17:54:04.431, 21836, 83
2026/08/04 17:54:05.432, 21836, 82
2026/08/04 17:54:06.432, 21836, 82
2026/08/04 17:54:07.432, 21836, 100
2026/08/04 17:54:08.432, 21836, 100
2026/08/04 17:54:09.433, 21836, 100
2026/08/04 17:54:10.433, 21836, 100
2026/08/04 17:54:11.433, 21836, 100
2026/08/04 17:54:12.433, 21836, 100
2026/08/04 17:54:13.434, 21836, 100
2026/08/04 17:54:14.434, 21836, 100
2026/08/04 17:54:15.434, 21836, 100
2026/08/04 17:54:16.435, 21836, 100
2026/08/04 17:54:17.435, 21836, 100
2026/08/04 17:54:18.435, 21836, 100
2026/08/04 17:54:19.435, 21836, 100
2026/08/04 17:54:20.436, 21836, 100
2026/08/04 17:54:21.436, 21836, 100
2026/08/04 17:54:22.436, 21836, 95
2026/08/04 17:54:23.437, 21836, 100
2026/08/04 17:54:24.437, 21836, 100
2026/08/04 17:54:25.437, 21836, 100
2026/08/04 17:54:26.437, 21836, 100
2026/08/04 17:54:27.438, 21836, 100
2026/08/04 17:54:28.438, 21836, 82
2026/08/04 17:54:29.438, 21836, 81
2026/08/04 17:54:30.439, 21836, 100
2026/08/04 17:54:31.439, 21836, 100
2026/08/04 17:54:32.439, 21836, 100
2026/08/04 17:54:33.440, 21836, 100
2026/08/04 17:54:34.440, 21836, 100
2026/08/04 17:54:35.440, 21836, 100
2026/08/04 17:54:36.441, 21836, 100
2026/08/04 17:54:37.441, 21836, 82
2026/08/04 17:54:38.441, 21836, 94
2026/08/04 17:54:39.441, 21836, 100
2026/08/04 17:54:40.442, 21836, 100
2026/08/04 17:54:41.442, 21836, 100
2026/08/04 17:54:42.442, 21836, 100
2026/08/04 17:54:43.443, 21836, 100
2026/08/04 17:54:44.443, 21836, 100
2026/08/04 17:54:45.443, 21836, 100
2026/08/04 17:54:46.444, 21836, 100
2026/08/04 17:54:47.444, 21836, 100
2026/08/04 17:54:48.444, 21836, 100
2026/08/04 17:54:49.444, 21836, 100
2026/08/04 17:54:50.445, 21836, 100
2026/08/04 17:54:51.445, 21836, 82
2026/08/04 17:54:52.445, 21836, 100
2026/08/04 17:54:53.446, 21836, 100
2026/08/04 17:54:54.446, 21836, 100
2026/08/04 17:54:55.446, 21836, 100
2026/08/04 17:54:56.446, 21836, 100
2026/08/04 17:54:57.447, 21836, 100
2026/08/04 17:54:58.447, 21836, 100
2026/08/04 17:54:59.447, 21836, 100
2026/08/04 17:55:00.448, 21836, 100
2026/08/04 17:55:01.448, 21836, 100
2026/08/04 17:55:02.448, 21836, 100
2026/08/04 17:55:03.449, 21836, 100
2026/08/04 17:55:04.449, 21836, 100
2026/08/04 17:55:05.449, 21836, 100
2026/08/04 17:55:06.449, 21836, 69
2026/08/04 17:55:07.450, 21836, 78
2026/08/04 17:55:08.450, 21836, 100
2026/08/04 17:55:09.450, 21836, 100
2026/08/04 17:55:10.451, 21836, 100
2026/08/04 17:55:11.451, 21836, 92
2026/08/04 17:55:12.451, 21836, 100
2026/08/04 17:55:13.452, 21836, 100
2026/08/04 17:55:14.452, 21836, 100
2026/08/04 17:55:15.452, 21836, 83
2026/08/04 17:55:16.452, 21836, 100
2026/08/04 17:55:17.453, 21836, 81
2026/08/04 17:55:18.453, 21836, 100
2026/08/04 17:55:19.453, 21836, 68
2026/08/04 17:55:20.454, 21836, 100
2026/08/04 17:55:21.454, 21836, 100
2026/08/04 17:55:22.454, 21836, 100
2026/08/04 17:55:23.455, 21836, 100
2026/08/04 17:55:24.455, 21836, 100
2026/08/04 17:55:25.455, 21836, 100
2026/08/04 17:55:26.456, 21836, 100
2026/08/04 17:55:27.456, 21836, 100
2026/08/04 17:55:28.456, 21836, 100
2026/08/04 17:55:29.456, 21836, 100
2026/08/04 17:55:30.457, 21836, 83
2026/08/04 17:55:31.457, 21836, 100
2026/08/04 17:55:32.457, 21836, 100
2026/08/04 17:55:33.458, 21836, 100
2026/08/04 17:55:34.458, 21836, 100
2026/08/04 17:55:35.458, 21836, 100
2026/08/04 17:55:36.459, 21836, 100
2026/08/04 17:55:37.459, 21836, 100
2026/08/04 17:55:38.459, 21836, 100
2026/08/04 17:55:39.460, 21836, 100
2026/08/04 17:55:40.460, 21836, 100
2026/08/04 17:55:41.460, 21836, 100
2026/08/04 17:55:42.461, 21836, 100
2026/08/04 17:55:43.461, 21836, 100
2026/08/04 17:55:44.462, 21836, 70
2026/08/04 17:55:45.462, 21836, 100
2026/08/04 17:55:46.462, 21836, 100
2026/08/04 17:55:47.462, 21836, 100
2026/08/04 17:55:48.463, 21836, 100
2026/08/04 17:55:49.463, 21836, 98
2026/08/04 17:55:50.463, 21836, 100
2026/08/04 17:55:51.464, 21836, 100
2026/08/04 17:55:52.464, 21836, 100
2026/08/04 17:55:53.464, 21836, 100
2026/08/04 17:55:54.464, 21836, 100
2026/08/04 17:55:55.465, 21836, 100
2026/08/04 17:55:56.465, 21836, 100
2026/08/04 17:55:57.465, 21836, 100
2026/08/04 17:55:58.466, 21836, 100
2026/08/04 17:55:59.466, 21836, 100
2026/08/04 17:56:00.466, 21836, 100
2026/08/04 17:56:01.466, 21836, 100
2026/08/04 17:56:02.467, 21836, 100
2026/08/04 17:56:03.467, 21836, 100
2026/08/04 17:56:04.467, 21836, 100
2026/08/04 17:56:05.468, 21836, 93
2026/08/04 17:56:06.468, 21836, 58
2026/08/04 17:56:07.468, 21836, 100
2026/08/04 17:56:08.468, 21836, 100
2026/08/04 17:56:09.469, 21836, 100
2026/08/04 17:56:10.469, 21836, 86
2026/08/04 17:56:11.469, 21836, 100
2026/08/04 17:56:12.470, 21836, 100
2026/08/04 17:56:13.470, 21836, 100
2026/08/04 17:56:14.470, 21836, 100
2026/08/04 17:56:15.471, 21836, 100
2026/08/04 17:56:16.471, 21836, 100
2026/08/04 17:56:17.471, 21836, 100
2026/08/04 17:56:18.472, 21836, 100
2026/08/04 17:56:19.472, 21836, 100
2026/08/04 17:56:20.472, 21836, 100
2026/08/04 17:56:21.472, 21836, 100
2026/08/04 17:56:22.473, 21836, 100
2026/08/04 17:56:23.473, 21836, 100
2026/08/04 17:56:24.473, 21836, 100
2026/08/04 17:56:25.474, 21836, 69
2026/08/04 17:56:26.474, 21836, 82
2026/08/04 17:56:27.474, 21836, 100
2026/08/04 17:56:28.475, 21836, 82
2026/08/04 17:56:29.475, 21836, 82
2026/08/04 17:56:30.475, 21836, 100
2026/08/04 17:56:31.476, 21836, 100
2026/08/04 17:56:32.476, 21836, 100
2026/08/04 17:56:33.476, 21836, 100
2026/08/04 17:56:34.476, 21836, 100
2026/08/04 17:56:35.477, 21836, 100
2026/08/04 17:56:36.477, 21836, 100
2026/08/04 17:56:37.477, 21836, 100
2026/08/04 17:56:38.478, 21836, 90
2026/08/04 17:56:39.478, 21836, 100
2026/08/04 17:56:40.478, 21836, 100
2026/08/04 17:56:41.479, 21836, 100
2026/08/04 17:56:42.479, 21836, 100
2026/08/04 17:56:43.479, 21836, 100
2026/08/04 17:56:44.479, 21836, 70
2026/08/04 17:56:45.480, 21836, 100
2026/08/04 17:56:46.480, 21836, 100
2026/08/04 17:56:47.480, 21836, 100
2026/08/04 17:56:48.481, 21836, 100
2026/08/04 17:56:49.481, 21836, 100
2026/08/04 17:56:50.481, 21836, 100
2026/08/04 17:56:51.482, 21836, 100
2026/08/04 17:56:52.482, 21836, 100
2026/08/04 17:56:53.482, 21836, 100
2026/08/04 17:56:54.483, 21836, 100
2026/08/04 17:56:55.483, 21836, 100
2026/08/04 17:56:56.483, 21836, 100
2026/08/04 17:56:57.484, 21836, 100
2026/08/04 17:56:58.484, 21836, 64
2026/08/04 17:56:59.484, 21836, 100
2026/08/04 17:57:00.485, 21836, 100
2026/08/04 17:57:01.485, 21836, 100
2026/08/04 17:57:02.485, 21836, 100
2026/08/04 17:57:03.486, 21836, 100
2026/08/04 17:57:04.486, 21836, 100
2026/08/04 17:57:05.486, 21836, 100
2026/08/04 17:57:06.487, 21836, 100
2026/08/04 17:57:07.487, 21836, 100
2026/08/04 17:57:08.487, 21836, 100
2026/08/04 17:57:09.487, 21836, 80
2026/08/04 17:57:10.488, 21836, 84
2026/08/04 17:57:11.488, 21836, 81
2026/08/04 17:57:12.488, 21836, 100
2026/08/04 17:57:13.489, 21836, 100
2026/08/04 17:57:14.489, 21836, 100
2026/08/04 17:57:15.489, 21836, 100
2026/08/04 17:57:16.490, 21836, 100
2026/08/04 17:57:17.490, 21836, 100
2026/08/04 17:57:18.490, 21836, 100
2026/08/04 17:57:19.491, 21836, 100
2026/08/04 17:57:20.491, 21836, 100
2026/08/04 17:57:21.491, 21836, 100
2026/08/04 17:57:22.492, 21836, 100
2026/08/04 17:57:23.492, 21836, 100
2026/08/04 17:57:24.492, 21836, 100
2026/08/04 17:57:25.493, 21836, 100
2026/08/04 17:57:26.493, 21836, 100
2026/08/04 17:57:27.493, 21836, 100
2026/08/04 17:57:28.494, 21836, 100
2026/08/04 17:57:29.496, 21836, 100
2026/08/04 17:57:30.496, 21836, 100
2026/08/04 17:57:31.496, 21836, 100
2026/08/04 17:57:32.497, 21836, 100
2026/08/04 17:57:33.497, 21836, 100
2026/08/04 17:57:34.497, 21836, 100
2026/08/04 17:57:35.498, 21836, 70
2026/08/04 17:57:36.498, 21836, 100
2026/08/04 17:57:37.498, 21836, 100
2026/08/04 17:57:38.499, 21836, 100
2026/08/04 17:57:39.499, 21836, 100
2026/08/04 17:57:40.499, 21836, 100
2026/08/04 17:57:41.500, 21836, 100
2026/08/04 17:57:42.500, 21836, 100
2026/08/04 17:57:43.500, 21836, 79
2026/08/04 17:57:44.500, 21836, 100
2026/08/04 17:57:45.501, 21836, 100
2026/08/04 17:57:46.501, 21836, 100
2026/08/04 17:57:47.501, 21836, 100
2026/08/04 17:57:48.502, 21836, 100
2026/08/04 17:57:49.502, 21836, 100
2026/08/04 17:57:50.502, 21836, 100
2026/08/04 17:57:51.503, 21836, 100
2026/08/04 17:57:52.503, 21836, 90
2026/08/04 17:57:53.503, 21836, 100
2026/08/04 17:57:54.504, 21836, 100
2026/08/04 17:57:55.504, 21836, 100
2026/08/04 17:57:56.504, 21836, 94
2026/08/04 17:57:57.505, 21836, 100
2026/08/04 17:57:58.505, 21836, 100
2026/08/04 17:57:59.505, 21836, 100
2026/08/04 17:58:00.506, 21836, 83
2026/08/04 17:58:01.506, 21836, 100
2026/08/04 17:58:02.506, 21836, 100
2026/08/04 17:58:03.506, 21836, 100
2026/08/04 17:58:04.507, 21836, 81
2026/08/04 17:58:05.507, 21836, 100
2026/08/04 17:58:06.507, 21836, 97
2026/08/04 17:58:07.508, 21836, 100
2026/08/04 17:58:08.508, 21836, 100
2026/08/04 17:58:09.511, 21836, 100
2026/08/04 17:58:10.511, 21836, 100
2026/08/04 17:58:11.512, 21836, 100
2026/08/04 17:58:12.512, 21836, 100
2026/08/04 17:58:13.512, 21836, 100
2026/08/04 17:58:14.513, 21836, 100
2026/08/04 17:58:15.513, 21836, 100
2026/08/04 17:58:16.513, 21836, 100
2026/08/04 17:58:17.514, 21836, 82
2026/08/04 17:58:18.514, 21836, 100
2026/08/04 17:58:19.514, 21836, 100
2026/08/04 17:58:20.515, 21836, 100
2026/08/04 17:58:21.515, 21836, 100
2026/08/04 17:58:22.515, 21836, 100
2026/08/04 17:58:23.516, 21836, 100
2026/08/04 17:58:24.517, 21836, 100
2026/08/04 17:58:25.517, 21836, 100
2026/08/04 17:58:26.517, 21836, 100
2026/08/04 17:58:27.517, 21836, 100
2026/08/04 17:58:28.518, 21836, 100
2026/08/04 17:58:29.518, 21836, 100
2026/08/04 17:58:30.518, 21836, 100
2026/08/04 17:58:31.519, 21836, 100
2026/08/04 17:58:32.519, 21836, 100
2026/08/04 17:58:33.519, 21836, 79
2026/08/04 17:58:34.520, 21836, 100
2026/08/04 17:58:35.520, 21836, 100
2026/08/04 17:58:36.520, 21836, 100
2026/08/04 17:58:37.521, 21836, 100
2026/08/04 17:58:38.521, 21836, 100
2026/08/04 17:58:39.521, 21836, 100
2026/08/04 17:58:40.522, 21836, 100
2026/08/04 17:58:41.522, 21836, 100
2026/08/04 17:58:42.522, 21836, 82
2026/08/04 17:58:43.523, 21836, 100
2026/08/04 17:58:44.523, 21836, 100
2026/08/04 17:58:45.523, 21836, 100
2026/08/04 17:58:46.524, 21836, 100
2026/08/04 17:58:47.524, 21836, 100
2026/08/04 17:58:48.524, 21836, 100
2026/08/04 17:58:49.525, 21836, 82
2026/08/04 17:58:50.525, 21836, 100
2026/08/04 17:58:51.525, 21836, 100
2026/08/04 17:58:52.525, 21836, 100
2026/08/04 17:58:53.526, 21836, 100
2026/08/04 17:58:54.526, 21836, 89
2026/08/04 17:58:55.527, 21836, 100
2026/08/04 17:58:56.527, 21836, 100
2026/08/04 17:58:57.527, 21836, 100
2026/08/04 17:58:58.528, 21836, 100
2026/08/04 17:58:59.528, 21836, 100
2026/08/04 17:59:00.528, 21836, 79
2026/08/04 17:59:01.528, 21836, 100
2026/08/04 17:59:02.529, 21836, 100
2026/08/04 17:59:03.529, 21836, 100
2026/08/04 17:59:04.529, 21836, 100
2026/08/04 17:59:05.530, 21836, 100
2026/08/04 17:59:06.530, 21836, 100
2026/08/04 17:59:07.530, 21836, 100
2026/08/04 17:59:08.531, 21836, 100
2026/08/04 17:59:09.531, 21836, 100
2026/08/04 17:59:10.531, 21836, 100
2026/08/04 17:59:11.531, 21836, 83
2026/08/04 17:59:12.532, 21836, 100
2026/08/04 17:59:13.532, 21836, 100
2026/08/04 17:59:14.532, 21836, 100
2026/08/04 17:59:15.533, 21836, 70
2026/08/04 17:59:16.533, 21836, 100
2026/08/04 17:59:17.533, 21836, 100
2026/08/04 17:59:18.534, 21836, 100
2026/08/04 17:59:19.534, 21836, 100
2026/08/04 17:59:20.534, 21836, 91
2026/08/04 17:59:21.534, 21836, 100
2026/08/04 17:59:22.535, 21836, 100
2026/08/04 17:59:23.535, 21836, 100
2026/08/04 17:59:24.535, 21836, 71
2026/08/04 17:59:25.536, 21836, 78
2026/08/04 17:59:26.536, 21836, 100
2026/08/04 17:59:27.536, 21836, 100
2026/08/04 17:59:28.537, 21836, 100
2026/08/04 17:59:29.537, 21836, 100
2026/08/04 17:59:30.537, 21836, 93
2026/08/04 17:59:31.537, 21836, 100
2026/08/04 17:59:32.538, 21836, 100
2026/08/04 17:59:33.538, 21836, 100
2026/08/04 17:59:34.538, 21836, 100
2026/08/04 17:59:35.539, 21836, 100
2026/08/04 17:59:36.539, 21836, 100
2026/08/04 17:59:37.539, 21836, 99
2026/08/04 17:59:38.540, 21836, 100
2026/08/04 17:59:39.540, 21836, 100
2026/08/04 17:59:40.540, 21836, 58
2026/08/04 17:59:41.541, 21836, 100
2026/08/04 17:59:42.541, 21836, 100
2026/08/04 17:59:43.541, 21836, 100
2026/08/04 17:59:44.541, 21836, 100
2026/08/04 17:59:45.542, 21836, 100
2026/08/04 17:59:46.542, 21836, 100
2026/08/04 17:59:47.542, 21836, 86
2026/08/04 17:59:48.543, 21836, 100
2026/08/04 17:59:49.543, 21836, 100
2026/08/04 17:59:50.543, 21836, 100
2026/08/04 17:59:51.544, 21836, 71
2026/08/04 17:59:52.544, 21836, 100
2026/08/04 17:59:53.544, 21836, 100
2026/08/04 17:59:54.544, 21836, 100
2026/08/04 17:59:55.545, 21836, 100
2026/08/04 17:59:56.545, 21836, 100
2026/08/04 17:59:57.545, 21836, 100
2026/08/04 17:59:58.546, 21836, 100
2026/08/04 17:59:59.546, 21836, 100
2026/08/04 18:00:00.546, 21836, 98
2026/08/04 18:00:01.547, 21836, 100
2026/08/04 18:00:02.547, 21836, 100
2026/08/04 18:00:03.547, 21836, 100
2026/08/04 18:00:04.548, 21836, 100
2026/08/04 18:00:05.548, 21836, 83
2026/08/04 18:00:06.548, 21836, 100
2026/08/04 18:00:07.549, 21836, 100
2026/08/04 18:00:08.549, 21836, 100
2026/08/04 18:00:09.549, 21836, 100
2026/08/04 18:00:10.549, 21836, 100
2026/08/04 18:00:11.550, 21836, 100
2026/08/04 18:00:12.550, 21836, 100
2026/08/04 18:00:13.550, 21836, 100
2026/08/04 18:00:14.551, 21836, 100
2026/08/04 18:00:15.551, 21836, 100
2026/08/04 18:00:16.551, 21836, 100
2026/08/04 18:00:17.552, 21836, 100
2026/08/04 18:00:18.552, 21836, 100
2026/08/04 18:00:19.552, 21836, 81
2026/08/04 18:00:20.552, 21836, 100
2026/08/04 18:00:21.553, 21836, 100
2026/08/04 18:00:22.553, 21836, 100
2026/08/04 18:00:23.553, 21836, 100
2026/08/04 18:00:24.554, 21836, 100
2026/08/04 18:00:25.554, 21836, 80
2026/08/04 18:00:26.554, 21836, 62
2026/08/04 18:00:27.555, 21836, 100
2026/08/04 18:00:28.555, 21836, 100
2026/08/04 18:00:29.555, 21836, 82
2026/08/04 18:00:30.556, 21836, 83
2026/08/04 18:00:31.556, 21836, 100
2026/08/04 18:00:32.556, 21836, 100
2026/08/04 18:00:33.557, 21836, 100
2026/08/04 18:00:34.557, 21836, 100
2026/08/04 18:00:35.557, 21836, 65
2026/08/04 18:00:36.557, 21836, 81
2026/08/04 18:00:37.558, 21836, 100
2026/08/04 18:00:38.558, 21836, 69
2026/08/04 18:00:39.558, 21836, 100
2026/08/04 18:00:40.559, 21836, 93
2026/08/04 18:00:41.559, 21836, 100
2026/08/04 18:00:42.559, 21836, 86
2026/08/04 18:00:43.560, 21836, 100
2026/08/04 18:00:44.560, 21836, 100
2026/08/04 18:00:45.560, 21836, 100
2026/08/04 18:00:46.560, 21836, 100
2026/08/04 18:00:47.561, 21836, 100
2026/08/04 18:00:48.561, 21836, 100
2026/08/04 18:00:49.561, 21836, 47
2026/08/04 18:00:50.562, 21836, 100
2026/08/04 18:00:51.562, 21836, 100
2026/08/04 18:00:52.562, 21836, 100
2026/08/04 18:00:53.563, 21836, 5
2026/08/04 18:00:54.563, 21836, 100
2026/08/04 18:00:55.563, 21836, 82
2026/08/04 18:00:56.564, 21836, 100
2026/08/04 18:00:57.564, 21836, 100
2026/08/04 18:00:58.564, 21836, 100
2026/08/04 18:00:59.565, 21836, 70
2026/08/04 18:01:00.565, 21836, 82
2026/08/04 18:01:01.565, 21836, 100
2026/08/04 18:01:02.565, 21836, 100
2026/08/04 18:01:03.566, 21836, 100
2026/08/04 18:01:04.566, 21836, 100
2026/08/04 18:01:05.566, 21836, 100
2026/08/04 18:01:06.567, 21836, 100
2026/08/04 18:01:07.567, 21836, 100
2026/08/04 18:01:08.567, 21836, 100
2026/08/04 18:01:09.567, 21836, 82
2026/08/04 18:01:10.568, 21836, 100
2026/08/04 18:01:11.568, 21836, 100
2026/08/04 18:01:12.568, 21836, 100
2026/08/04 18:01:13.569, 21836, 100
2026/08/04 18:01:14.569, 21836, 100
2026/08/04 18:01:15.569, 21836, 100
2026/08/04 18:01:16.569, 21836, 100
2026/08/04 18:01:17.570, 21836, 100
2026/08/04 18:01:18.570, 21836, 100
2026/08/04 18:01:19.570, 21836, 100
2026/08/04 18:01:20.571, 21836, 100
2026/08/04 18:01:21.571, 21836, 100
2026/08/04 18:01:22.571, 21836, 100
2026/08/04 18:01:23.572, 21836, 100
2026/08/04 18:01:24.572, 21836, 100
2026/08/04 18:01:25.572, 21836, 100
2026/08/04 18:01:26.572, 21836, 100
2026/08/04 18:01:27.573, 21836, 100
2026/08/04 18:01:28.573, 21836, 100
2026/08/04 18:01:29.573, 21836, 100
2026/08/04 18:01:30.573, 21836, 100
2026/08/04 18:01:31.574, 21836, 100
2026/08/04 18:01:32.574, 21836, 100
2026/08/04 18:01:33.574, 21836, 100
2026/08/04 18:01:34.575, 21836, 100
2026/08/04 18:01:35.575, 21836, 100
2026/08/04 18:01:36.575, 21836, 100
2026/08/04 18:01:37.576, 21836, 100
2026/08/04 18:01:38.576, 21836, 100
2026/08/04 18:01:39.576, 21836, 100
2026/08/04 18:01:40.576, 21836, 100
2026/08/04 18:01:41.577, 21836, 100
2026/08/04 18:01:42.577, 21836, 100
2026/08/04 18:01:43.577, 21836, 100
2026/08/04 18:01:44.578, 21836, 70
2026/08/04 18:01:45.578, 21836, 85
2026/08/04 18:01:46.578, 21836, 100
2026/08/04 18:01:47.579, 21836, 100
2026/08/04 18:01:48.579, 21836, 87
2026/08/04 18:01:49.579, 21836, 87
2026/08/04 18:01:50.580, 21836, 100
2026/08/04 18:01:51.580, 21836, 100
2026/08/04 18:01:52.580, 21836, 100
2026/08/04 18:01:53.581, 21836, 100
2026/08/04 18:01:54.581, 21836, 100
2026/08/04 18:01:55.581, 21836, 100
2026/08/04 18:01:56.581, 21836, 100
2026/08/04 18:01:57.582, 21836, 100
2026/08/04 18:01:58.582, 21836, 100
2026/08/04 18:01:59.582, 21836, 100
2026/08/04 18:02:00.583, 21836, 100
2026/08/04 18:02:01.583, 21836, 86
2026/08/04 18:02:02.583, 21836, 97
2026/08/04 18:02:03.583, 21836, 100
2026/08/04 18:02:04.584, 21836, 100
2026/08/04 18:02:05.584, 21836, 100
2026/08/04 18:02:06.584, 21836, 100
2026/08/04 18:02:07.584, 21836, 100
2026/08/04 18:02:08.585, 21836, 100
2026/08/04 18:02:09.585, 21836, 100
2026/08/04 18:02:10.585, 21836, 100
2026/08/04 18:02:11.586, 21836, 100
2026/08/04 18:02:12.586, 21836, 100
2026/08/04 18:02:13.586, 21836, 100
2026/08/04 18:02:14.586, 21836, 100
2026/08/04 18:02:15.587, 21836, 100
2026/08/04 18:02:16.587, 21836, 100
2026/08/04 18:02:17.587, 21836, 100
2026/08/04 18:02:18.588, 21836, 100
2026/08/04 18:02:19.588, 21836, 100
2026/08/04 18:02:20.588, 21836, 100
2026/08/04 18:02:21.588, 21836, 100
2026/08/04 18:02:22.589, 21836, 96
2026/08/04 18:02:23.589, 21836, 100
2026/08/04 18:02:24.589, 21836, 100
2026/08/04 18:02:25.592, 21836, 71
2026/08/04 18:02:26.593, 21836, 100
2026/08/04 18:02:27.593, 21836, 100
2026/08/04 18:02:28.593, 21836, 70
2026/08/04 18:02:29.594, 21836, 85
2026/08/04 18:02:30.594, 21836, 100
2026/08/04 18:02:31.594, 21836, 100
2026/08/04 18:02:32.594, 21836, 100
2026/08/04 18:02:33.595, 21836, 100
2026/08/04 18:02:34.595, 21836, 100
2026/08/04 18:02:35.595, 21836, 100
2026/08/04 18:02:36.595, 21836, 82
2026/08/04 18:02:37.596, 21836, 100
2026/08/04 18:02:38.596, 21836, 100
2026/08/04 18:02:39.596, 21836, 100
2026/08/04 18:02:40.597, 21836, 97
2026/08/04 18:02:41.597, 21836, 100
2026/08/04 18:02:42.597, 21836, 100
2026/08/04 18:02:43.598, 21836, 100
2026/08/04 18:02:44.598, 21836, 100
2026/08/04 18:02:45.598, 21836, 86
2026/08/04 18:02:46.598, 21836, 100
2026/08/04 18:02:47.599, 21836, 100
2026/08/04 18:02:48.599, 21836, 100
2026/08/04 18:02:49.599, 21836, 100
2026/08/04 18:02:50.600, 21836, 100
2026/08/04 18:02:51.600, 21836, 100
2026/08/04 18:02:52.600, 21836, 96
2026/08/04 18:02:53.601, 21836, 100
2026/08/04 18:02:54.601, 21836, 100
2026/08/04 18:02:55.601, 21836, 92
2026/08/04 18:02:56.602, 21836, 100
2026/08/04 18:02:57.602, 21836, 100
2026/08/04 18:02:58.602, 21836, 100
2026/08/04 18:02:59.602, 21836, 100
2026/08/04 18:03:00.603, 21836, 100
2026/08/04 18:03:01.603, 21836, 100
2026/08/04 18:03:02.604, 21836, 100
2026/08/04 18:03:03.604, 21836, 100
2026/08/04 18:03:04.604, 21836, 100
2026/08/04 18:03:05.605, 21836, 100
2026/08/04 18:03:06.605, 21836, 79
2026/08/04 18:03:07.605, 21836, 100
2026/08/04 18:03:08.606, 21836, 100
2026/08/04 18:03:09.606, 21836, 90
2026/08/04 18:03:10.606, 21836, 100
2026/08/04 18:03:11.607, 21836, 100
2026/08/04 18:03:12.607, 21836, 100
2026/08/04 18:03:13.607, 21836, 100
2026/08/04 18:03:14.607, 21836, 100
2026/08/04 18:03:15.608, 21836, 100
2026/08/04 18:03:16.609, 21836, 100
2026/08/04 18:03:17.609, 21836, 100
2026/08/04 18:03:18.609, 21836, 100
2026/08/04 18:03:19.610, 21836, 100
2026/08/04 18:03:20.610, 21836, 100
2026/08/04 18:03:21.610, 21836, 100
2026/08/04 18:03:22.610, 21836, 100
2026/08/04 18:03:23.611, 21836, 81
2026/08/04 18:03:24.611, 21836, 100
2026/08/04 18:03:25.612, 21836, 100
2026/08/04 18:03:26.612, 21836, 100
2026/08/04 18:03:27.612, 21836, 100
2026/08/04 18:03:28.613, 21836, 100
2026/08/04 18:03:29.613, 21836, 100
2026/08/04 18:03:30.613, 21836, 100
2026/08/04 18:03:31.614, 21836, 100
2026/08/04 18:03:32.614, 21836, 100
2026/08/04 18:03:33.614, 21836, 100
2026/08/04 18:03:34.615, 21836, 100
2026/08/04 18:03:35.616, 21836, 100
2026/08/04 18:03:36.616, 21836, 100
2026/08/04 18:03:37.616, 21836, 100
2026/08/04 18:03:38.617, 21836, 100
2026/08/04 18:03:39.617, 21836, 100
2026/08/04 18:03:40.619, 21836, 100
2026/08/04 18:03:41.619, 21836, 100
2026/08/04 18:03:42.619, 21836, 100
2026/08/04 18:03:43.620, 21836, 100
2026/08/04 18:03:44.620, 21836, 100
2026/08/04 18:03:45.622, 21836, 100
2026/08/04 18:03:46.622, 21836, 82
2026/08/04 18:03:47.622, 21836, 100
2026/08/04 18:03:48.623, 21836, 100
2026/08/04 18:03:49.623, 21836, 100
2026/08/04 18:03:50.624, 21836, 100
2026/08/04 18:03:51.624, 21836, 100
2026/08/04 18:03:52.624, 21836, 100
2026/08/04 18:03:53.625, 21836, 100
2026/08/04 18:03:54.625, 21836, 100
2026/08/04 18:03:55.625, 21836, 70
2026/08/04 18:03:56.626, 21836, 100
2026/08/04 18:03:57.626, 21836, 100
2026/08/04 18:03:58.626, 21836, 100
2026/08/04 18:03:59.626, 21836, 100
2026/08/04 18:04:00.628, 21836, 100
2026/08/04 18:04:01.628, 21836, 100
2026/08/04 18:04:02.628, 21836, 100
2026/08/04 18:04:03.628, 21836, 100
2026/08/04 18:04:04.629, 21836, 100
2026/08/04 18:04:05.633, 21836, 100
2026/08/04 18:04:06.633, 21836, 100
2026/08/04 18:04:07.633, 21836, 100
2026/08/04 18:04:08.634, 21836, 100
2026/08/04 18:04:09.634, 21836, 100
2026/08/04 18:04:10.634, 21836, 100
2026/08/04 18:04:11.635, 21836, 100
2026/08/04 18:04:12.635, 21836, 100
2026/08/04 18:04:13.635, 21836, 100
2026/08/04 18:04:14.636, 21836, 100
2026/08/04 18:04:15.638, 21836, 100
2026/08/04 18:04:16.638, 21836, 69
2026/08/04 18:04:17.639, 21836, 100
2026/08/04 18:04:18.639, 21836, 100
2026/08/04 18:04:19.639, 21836, 100
2026/08/04 18:04:20.640, 21836, 100
2026/08/04 18:04:21.640, 21836, 84
2026/08/04 18:04:22.640, 21836, 100
2026/08/04 18:04:23.641, 21836, 100
2026/08/04 18:04:24.641, 21836, 100
2026/08/04 18:04:25.642, 21836, 100
2026/08/04 18:04:26.643, 21836, 100
2026/08/04 18:04:27.643, 21836, 90
2026/08/04 18:04:28.643, 21836, 100
2026/08/04 18:04:29.644, 21836, 84
2026/08/04 18:04:30.644, 21836, 100
2026/08/04 18:04:31.644, 21836, 100
2026/08/04 18:04:32.645, 21836, 100
2026/08/04 18:04:33.645, 21836, 100
2026/08/04 18:04:34.645, 21836, 100
2026/08/04 18:04:35.646, 21836, 100
2026/08/04 18:04:36.646, 21836, 100
2026/08/04 18:04:37.646, 21836, 100
2026/08/04 18:04:38.647, 21836, 100
2026/08/04 18:04:39.647, 21836, 100
2026/08/04 18:04:40.648, 21836, 100
2026/08/04 18:04:41.648, 21836, 100
2026/08/04 18:04:42.648, 21836, 100
2026/08/04 18:04:43.648, 21836, 100
2026/08/04 18:04:44.649, 21836, 100
2026/08/04 18:04:45.650, 21836, 85
2026/08/04 18:04:46.650, 21836, 71
2026/08/04 18:04:47.650, 21836, 100
2026/08/04 18:04:48.651, 21836, 100
2026/08/04 18:04:49.651, 21836, 84
2026/08/04 18:04:50.651, 21836, 100
2026/08/04 18:04:51.651, 21836, 100
2026/08/04 18:04:52.652, 21836, 100
2026/08/04 18:04:53.652, 21836, 100
2026/08/04 18:04:54.652, 21836, 100
2026/08/04 18:04:55.653, 21836, 100
2026/08/04 18:04:56.654, 21836, 100
2026/08/04 18:04:57.654, 21836, 100
2026/08/04 18:04:58.654, 21836, 100
2026/08/04 18:04:59.655, 21836, 100
2026/08/04 18:05:00.655, 21836, 100
2026/08/04 18:05:01.655, 21836, 100
2026/08/04 18:05:02.655, 21836, 77
2026/08/04 18:05:03.656, 21836, 100
2026/08/04 18:05:04.656, 21836, 100
2026/08/04 18:05:05.656, 21836, 100
2026/08/04 18:05:06.657, 21836, 100
2026/08/04 18:05:07.657, 21836, 100
2026/08/04 18:05:08.657, 21836, 100
2026/08/04 18:05:09.657, 21836, 100
2026/08/04 18:05:10.658, 21836, 84
2026/08/04 18:05:11.658, 21836, 100
2026/08/04 18:05:12.658, 21836, 100
2026/08/04 18:05:13.659, 21836, 100
2026/08/04 18:05:14.659, 21836, 100
2026/08/04 18:05:15.659, 21836, 100
2026/08/04 18:05:16.660, 21836, 100
2026/08/04 18:05:17.660, 21836, 100
2026/08/04 18:05:18.660, 21836, 85
2026/08/04 18:05:19.660, 21836, 93
2026/08/04 18:05:20.661, 21836, 100
2026/08/04 18:05:21.661, 21836, 100
2026/08/04 18:05:22.661, 21836, 100
2026/08/04 18:05:23.662, 21836, 100
2026/08/04 18:05:24.662, 21836, 100
2026/08/04 18:05:25.662, 21836, 100
2026/08/04 18:05:26.662, 21836, 100
2026/08/04 18:05:27.663, 21836, 100
2026/08/04 18:05:28.663, 21836, 85
2026/08/04 18:05:29.663, 21836, 85
2026/08/04 18:05:30.664, 21836, 86
2026/08/04 18:05:31.664, 21836, 100
2026/08/04 18:05:32.664, 21836, 100
2026/08/04 18:05:33.664, 21836, 100
2026/08/04 18:05:34.665, 21836, 100
2026/08/04 18:05:35.665, 21836, 100
2026/08/04 18:05:36.665, 21836, 100
2026/08/04 18:05:37.666, 21836, 100
2026/08/04 18:05:38.666, 21836, 100
2026/08/04 18:05:39.666, 21836, 100
2026/08/04 18:05:40.667, 21836, 84
2026/08/04 18:05:41.667, 21836, 100
2026/08/04 18:05:42.667, 21836, 100
2026/08/04 18:05:43.667, 21836, 100
2026/08/04 18:05:44.668, 21836, 100
2026/08/04 18:05:45.668, 21836, 100
2026/08/04 18:05:46.668, 21836, 100
2026/08/04 18:05:47.668, 21836, 100
2026/08/04 18:05:48.669, 21836, 100
2026/08/04 18:05:49.669, 21836, 100
2026/08/04 18:05:50.669, 21836, 100
2026/08/04 18:05:51.670, 21836, 100
2026/08/04 18:05:52.670, 21836, 100
2026/08/04 18:05:53.670, 21836, 98
2026/08/04 18:05:54.671, 21836, 100
2026/08/04 18:05:55.671, 21836, 100
2026/08/04 18:05:56.671, 21836, 76
2026/08/04 18:05:57.671, 21836, 100
2026/08/04 18:05:58.672, 21836, 100
2026/08/04 18:05:59.672, 21836, 100
2026/08/04 18:06:00.672, 21836, 87
2026/08/04 18:06:01.672, 21836, 100
2026/08/04 18:06:02.673, 21836, 100
2026/08/04 18:06:03.673, 21836, 85
2026/08/04 18:06:04.673, 21836, 83
2026/08/04 18:06:05.674, 21836, 100
2026/08/04 18:06:06.674, 21836, 100
2026/08/04 18:06:07.674, 21836, 100
2026/08/04 18:06:08.675, 21836, 100
2026/08/04 18:06:09.675, 21836, 100
2026/08/04 18:06:10.675, 21836, 100
2026/08/04 18:06:11.675, 21836, 100
2026/08/04 18:06:12.676, 21836, 100
2026/08/04 18:06:13.676, 21836, 98
2026/08/04 18:06:14.676, 21836, 100
2026/08/04 18:06:15.677, 21836, 100
2026/08/04 18:06:16.677, 21836, 100
2026/08/04 18:06:17.677, 21836, 100
2026/08/04 18:06:18.678, 21836, 84
2026/08/04 18:06:19.678, 21836, 100
2026/08/04 18:06:20.678, 21836, 84
2026/08/04 18:06:21.679, 21836, 100
2026/08/04 18:06:22.679, 21836, 100
2026/08/04 18:06:23.679, 21836, 100
2026/08/04 18:06:24.679, 21836, 100
2026/08/04 18:06:25.680, 21836, 100
2026/08/04 18:06:26.680, 21836, 100
2026/08/04 18:06:27.680, 21836, 67
2026/08/04 18:06:28.681, 21836, 100
2026/08/04 18:06:29.681, 21836, 100
2026/08/04 18:06:30.681, 21836, 82
2026/08/04 18:06:31.681, 21836, 100
2026/08/04 18:06:32.682, 21836, 100
2026/08/04 18:06:33.682, 21836, 85
2026/08/04 18:06:34.682, 21836, 100
2026/08/04 18:06:35.683, 21836, 100
2026/08/04 18:06:36.683, 21836, 100
2026/08/04 18:06:37.683, 21836, 84
2026/08/04 18:06:38.684, 21836, 100
2026/08/04 18:06:39.684, 21836, 100
2026/08/04 18:06:40.684, 21836, 100
2026/08/04 18:06:41.685, 21836, 100
2026/08/04 18:06:42.685, 21836, 100
2026/08/04 18:06:43.685, 21836, 100
2026/08/04 18:06:44.686, 21836, 100
2026/08/04 18:06:45.686, 21836, 100
2026/08/04 18:06:46.686, 21836, 100
2026/08/04 18:06:47.686, 21836, 100
2026/08/04 18:06:48.687, 21836, 100
2026/08/04 18:06:49.687, 21836, 83
2026/08/04 18:06:50.687, 21836, 100
2026/08/04 18:06:51.688, 21836, 100
2026/08/04 18:06:52.688, 21836, 100
2026/08/04 18:06:53.688, 21836, 100
2026/08/04 18:06:54.689, 21836, 93
2026/08/04 18:06:55.689, 21836, 100
2026/08/04 18:06:56.689, 21836, 100
2026/08/04 18:06:57.690, 21836, 100
2026/08/04 18:06:58.690, 21836, 100
2026/08/04 18:06:59.690, 21836, 100
2026/08/04 18:07:00.691, 21836, 100
2026/08/04 18:07:01.691, 21836, 100
2026/08/04 18:07:02.691, 21836, 100
2026/08/04 18:07:03.691, 21836, 100
2026/08/04 18:07:04.692, 21836, 100
2026/08/04 18:07:05.692, 21836, 100
2026/08/04 18:07:06.692, 21836, 100
2026/08/04 18:07:07.693, 21836, 100
2026/08/04 18:07:08.693, 21836, 100
2026/08/04 18:07:09.693, 21836, 93
2026/08/04 18:07:10.694, 21836, 100
2026/08/04 18:07:11.694, 21836, 94
2026/08/04 18:07:12.694, 21836, 100
2026/08/04 18:07:13.694, 21836, 100
2026/08/04 18:07:14.695, 21836, 100
2026/08/04 18:07:15.695, 21836, 85
2026/08/04 18:07:16.695, 21836, 100
2026/08/04 18:07:17.696, 21836, 100
2026/08/04 18:07:18.696, 21836, 100
2026/08/04 18:07:19.696, 21836, 100
2026/08/04 18:07:20.697, 21836, 100
2026/08/04 18:07:21.697, 21836, 100
2026/08/04 18:07:22.697, 21836, 100
2026/08/04 18:07:23.698, 21836, 100
2026/08/04 18:07:24.698, 21836, 100
2026/08/04 18:07:25.698, 21836, 100
2026/08/04 18:07:26.699, 21836, 78
2026/08/04 18:07:27.699, 21836, 100
2026/08/04 18:07:28.699, 21836, 100
2026/08/04 18:07:29.699, 21836, 100
2026/08/04 18:07:30.700, 21836, 100
2026/08/04 18:07:31.700, 21836, 100
2026/08/04 18:07:32.700, 21836, 74
2026/08/04 18:07:33.701, 21836, 100
2026/08/04 18:07:34.701, 21836, 100
2026/08/04 18:07:35.701, 21836, 84
2026/08/04 18:07:36.702, 21836, 100
2026/08/04 18:07:37.702, 21836, 100
2026/08/04 18:07:38.702, 21836, 100
2026/08/04 18:07:39.702, 21836, 70
2026/08/04 18:07:40.703, 21836, 100
2026/08/04 18:07:41.703, 21836, 100
2026/08/04 18:07:42.703, 21836, 69
2026/08/04 18:07:43.704, 21836, 100
2026/08/04 18:07:44.704, 21836, 100
2026/08/04 18:07:45.704, 21836, 100
2026/08/04 18:07:46.704, 21836, 84
2026/08/04 18:07:47.705, 21836, 100
2026/08/04 18:07:48.705, 21836, 100
2026/08/04 18:07:49.705, 21836, 100
2026/08/04 18:07:50.706, 21836, 100
2026/08/04 18:07:51.706, 21836, 100
2026/08/04 18:07:52.706, 21836, 100
2026/08/04 18:07:53.707, 21836, 100
2026/08/04 18:07:54.707, 21836, 93
2026/08/04 18:07:55.707, 21836, 100
2026/08/04 18:07:56.708, 21836, 99
2026/08/04 18:07:57.708, 21836, 100
2026/08/04 18:07:58.708, 21836, 100
2026/08/04 18:07:59.708, 21836, 70
2026/08/04 18:08:00.709, 21836, 100
2026/08/04 18:08:01.709, 21836, 100
2026/08/04 18:08:02.709, 21836, 100
2026/08/04 18:08:03.710, 21836, 100
2026/08/04 18:08:04.710, 21836, 100
2026/08/04 18:08:05.710, 21836, 100
2026/08/04 18:08:06.710, 21836, 75
2026/08/04 18:08:07.711, 21836, 100
2026/08/04 18:08:08.711, 21836, 100
2026/08/04 18:08:09.711, 21836, 100
2026/08/04 18:08:10.712, 21836, 100
2026/08/04 18:08:11.712, 21836, 100
2026/08/04 18:08:12.712, 21836, 100
2026/08/04 18:08:13.712, 21836, 100
2026/08/04 18:08:14.713, 21836, 100
2026/08/04 18:08:15.713, 21836, 100
2026/08/04 18:08:16.713, 21836, 100
2026/08/04 18:08:17.714, 21836, 100
2026/08/04 18:08:18.714, 21836, 79
2026/08/04 18:08:19.714, 21836, 100
2026/08/04 18:08:20.715, 21836, 100
2026/08/04 18:08:21.715, 21836, 100
2026/08/04 18:08:22.715, 21836, 100
2026/08/04 18:08:23.716, 21836, 100
2026/08/04 18:08:24.716, 21836, 84
2026/08/04 18:08:25.716, 21836, 100
2026/08/04 18:08:26.717, 21836, 100
2026/08/04 18:08:27.717, 21836, 100
2026/08/04 18:08:28.717, 21836, 100
2026/08/04 18:08:29.717, 21836, 100
2026/08/04 18:08:30.718, 21836, 100
2026/08/04 18:08:31.718, 21836, 100
2026/08/04 18:08:32.718, 21836, 100
2026/08/04 18:08:33.719, 21836, 100
2026/08/04 18:08:34.719, 21836, 100
2026/08/04 18:08:35.719, 21836, 100
2026/08/04 18:08:36.719, 21836, 85
2026/08/04 18:08:37.720, 21836, 83
2026/08/04 18:08:38.720, 21836, 100
2026/08/04 18:08:39.720, 21836, 100
2026/08/04 18:08:40.721, 21836, 100
2026/08/04 18:08:41.721, 21836, 100
2026/08/04 18:08:42.721, 21836, 100
2026/08/04 18:08:43.721, 21836, 100
2026/08/04 18:08:44.722, 21836, 100
2026/08/04 18:08:45.722, 21836, 100
2026/08/04 18:08:46.722, 21836, 85
2026/08/04 18:08:47.723, 21836, 100
2026/08/04 18:08:48.723, 21836, 100
2026/08/04 18:08:49.723, 21836, 100
2026/08/04 18:08:50.723, 21836, 100
2026/08/04 18:08:51.724, 21836, 100
2026/08/04 18:08:52.724, 21836, 100
2026/08/04 18:08:53.724, 21836, 100
2026/08/04 18:08:54.725, 21836, 100
2026/08/04 18:08:55.725, 21836, 100
2026/08/04 18:08:56.725, 21836, 100
2026/08/04 18:08:57.726, 21836, 100
2026/08/04 18:08:58.726, 21836, 86
2026/08/04 18:08:59.726, 21836, 100
2026/08/04 18:09:00.727, 21836, 100
2026/08/04 18:09:01.727, 21836, 100
2026/08/04 18:09:02.727, 21836, 100
2026/08/04 18:09:03.728, 21836, 100
2026/08/04 18:09:04.728, 21836, 100
2026/08/04 18:09:05.728, 21836, 77
2026/08/04 18:09:06.729, 21836, 86
2026/08/04 18:09:07.729, 21836, 100
2026/08/04 18:09:08.729, 21836, 100
2026/08/04 18:09:09.730, 21836, 100
2026/08/04 18:09:10.730, 21836, 100
2026/08/04 18:09:11.730, 21836, 100
2026/08/04 18:09:12.731, 21836, 100
2026/08/04 18:09:13.731, 21836, 100
2026/08/04 18:09:14.731, 21836, 100
2026/08/04 18:09:15.732, 21836, 100
2026/08/04 18:09:16.732, 21836, 100
2026/08/04 18:09:17.732, 21836, 100
2026/08/04 18:09:18.733, 21836, 100
2026/08/04 18:09:19.733, 21836, 91
2026/08/04 18:09:20.733, 21836, 100
2026/08/04 18:09:21.734, 21836, 100
2026/08/04 18:09:22.734, 21836, 100
2026/08/04 18:09:23.734, 21836, 100
2026/08/04 18:09:24.735, 21836, 100
2026/08/04 18:09:25.735, 21836, 100
2026/08/04 18:09:26.735, 21836, 100
2026/08/04 18:09:27.735, 21836, 100
2026/08/04 18:09:28.736, 21836, 100
2026/08/04 18:09:29.736, 21836, 100
2026/08/04 18:09:30.736, 21836, 100
2026/08/04 18:09:31.737, 21836, 100
2026/08/04 18:09:32.737, 21836, 100
2026/08/04 18:09:33.737, 21836, 100
2026/08/04 18:09:34.737, 21836, 100
2026/08/04 18:09:35.738, 21836, 100
2026/08/04 18:09:36.738, 21836, 100
2026/08/04 18:09:37.738, 21836, 100
2026/08/04 18:09:38.739, 21836, 100
2026/08/04 18:09:39.739, 21836, 83
2026/08/04 18:09:40.739, 21836, 100
2026/08/04 18:09:41.740, 21836, 100
2026/08/04 18:09:42.740, 21836, 100
2026/08/04 18:09:43.740, 21836, 100
2026/08/04 18:09:44.740, 21836, 100
2026/08/04 18:09:45.741, 21836, 100
2026/08/04 18:09:46.741, 21836, 100
2026/08/04 18:09:47.741, 21836, 100
2026/08/04 18:09:48.742, 21836, 100
2026/08/04 18:09:49.742, 21836, 100
2026/08/04 18:09:50.742, 21836, 100
2026/08/04 18:09:51.742, 21836, 100
2026/08/04 18:09:52.743, 21836, 100
2026/08/04 18:09:53.743, 21836, 100
2026/08/04 18:09:54.743, 21836, 100
2026/08/04 18:09:55.744, 21836, 100
2026/08/04 18:09:56.744, 21836, 100
2026/08/04 18:09:57.744, 21836, 100
2026/08/04 18:09:58.745, 21836, 100
2026/08/04 18:09:59.745, 21836, 85
2026/08/04 18:10:00.745, 21836, 100
2026/08/04 18:10:01.745, 21836, 100
2026/08/04 18:10:02.746, 21836, 100
2026/08/04 18:10:03.746, 21836, 100
2026/08/04 18:10:04.746, 21836, 100
2026/08/04 18:10:05.747, 21836, 100
2026/08/04 18:10:06.747, 21836, 100
2026/08/04 18:10:07.747, 21836, 100
2026/08/04 18:10:08.748, 21836, 100
2026/08/04 18:10:09.748, 21836, 100
2026/08/04 18:10:10.748, 21836, 100
2026/08/04 18:10:11.748, 21836, 81
2026/08/04 18:10:12.749, 21836, 100
2026/08/04 18:10:13.749, 21836, 100
2026/08/04 18:10:14.749, 21836, 86
2026/08/04 18:10:15.750, 21836, 100
2026/08/04 18:10:16.750, 21836, 100
2026/08/04 18:10:17.750, 21836, 100
2026/08/04 18:10:18.751, 21836, 100
2026/08/04 18:10:19.751, 21836, 100
2026/08/04 18:10:20.751, 21836, 100
2026/08/04 18:10:21.752, 21836, 100
2026/08/04 18:10:22.752, 21836, 100
2026/08/04 18:10:23.752, 21836, 100
2026/08/04 18:10:24.753, 21836, 92
2026/08/04 18:10:25.753, 21836, 87
2026/08/04 18:10:26.753, 21836, 85
2026/08/04 18:10:27.754, 21836, 100
2026/08/04 18:10:28.754, 21836, 100
2026/08/04 18:10:29.754, 21836, 100
2026/08/04 18:10:30.754, 21836, 100
2026/08/04 18:10:31.755, 21836, 100
2026/08/04 18:10:32.755, 21836, 100
2026/08/04 18:10:33.755, 21836, 99
2026/08/04 18:10:34.756, 21836, 86
2026/08/04 18:10:35.756, 21836, 100
2026/08/04 18:10:36.756, 21836, 100
2026/08/04 18:10:37.757, 21836, 100
2026/08/04 18:10:38.757, 21836, 88
2026/08/04 18:10:39.757, 21836, 100
2026/08/04 18:10:40.758, 21836, 100
2026/08/04 18:10:41.758, 21836, 85
2026/08/04 18:10:42.758, 21836, 100
2026/08/04 18:10:43.759, 21836, 100
2026/08/04 18:10:44.759, 21836, 67
2026/08/04 18:10:45.759, 21836, 100
2026/08/04 18:10:46.760, 21836, 100
2026/08/04 18:10:47.760, 21836, 100
2026/08/04 18:10:48.760, 21836, 87
2026/08/04 18:10:49.761, 21836, 84
2026/08/04 18:10:50.761, 21836, 100
2026/08/04 18:10:51.761, 21836, 100
2026/08/04 18:10:52.761, 21836, 100
2026/08/04 18:10:53.762, 21836, 100
2026/08/04 18:10:54.762, 21836, 100
2026/08/04 18:10:55.762, 21836, 100
2026/08/04 18:10:56.763, 21836, 100
2026/08/04 18:10:57.763, 21836, 100
2026/08/04 18:10:58.763, 21836, 100
2026/08/04 18:10:59.764, 21836, 100
2026/08/04 18:11:00.764, 21836, 100
2026/08/04 18:11:01.764, 21836, 100
2026/08/04 18:11:02.764, 21836, 100
2026/08/04 18:11:03.765, 21836, 100
2026/08/04 18:11:04.765, 21836, 100
2026/08/04 18:11:05.765, 21836, 100
2026/08/04 18:11:06.766, 21836, 100
2026/08/04 18:11:07.766, 21836, 100
2026/08/04 18:11:08.766, 21836, 100
2026/08/04 18:11:09.767, 21836, 100
2026/08/04 18:11:10.767, 21836, 100
2026/08/04 18:11:11.767, 21836, 100
2026/08/04 18:11:12.767, 21836, 100
2026/08/04 18:11:13.768, 21836, 100
2026/08/04 18:11:14.768, 21836, 76
2026/08/04 18:11:15.768, 21836, 100
2026/08/04 18:11:16.769, 21836, 100
2026/08/04 18:11:17.769, 21836, 100
2026/08/04 18:11:18.769, 21836, 100
2026/08/04 18:11:19.770, 21836, 100
2026/08/04 18:11:20.770, 21836, 100
2026/08/04 18:11:21.770, 21836, 100
2026/08/04 18:11:22.770, 21836, 100
2026/08/04 18:11:23.771, 21836, 100
2026/08/04 18:11:24.771, 21836, 100
2026/08/04 18:11:25.771, 21836, 100
2026/08/04 18:11:26.772, 21836, 100
2026/08/04 18:11:27.772, 21836, 100
2026/08/04 18:11:28.772, 21836, 100
2026/08/04 18:11:29.773, 21836, 100
2026/08/04 18:11:30.773, 21836, 100
2026/08/04 18:11:31.773, 21836, 100
2026/08/04 18:11:32.774, 21836, 100
2026/08/04 18:11:33.774, 21836, 100
2026/08/04 18:11:34.774, 21836, 100
2026/08/04 18:11:35.775, 21836, 100
2026/08/04 18:11:36.775, 21836, 100
2026/08/04 18:11:37.775, 21836, 100
2026/08/04 18:11:38.776, 21836, 100
2026/08/04 18:11:39.776, 21836, 100
2026/08/04 18:11:40.776, 21836, 100
2026/08/04 18:11:41.777, 21836, 87
2026/08/04 18:11:42.777, 21836, 100
2026/08/04 18:11:43.777, 21836, 100
2026/08/04 18:11:44.778, 21836, 100
2026/08/04 18:11:45.778, 21836, 100
2026/08/04 18:11:46.778, 21836, 66
2026/08/04 18:11:47.779, 21836, 100
2026/08/04 18:11:48.779, 21836, 91
2026/08/04 18:11:49.779, 21836, 100
2026/08/04 18:11:50.780, 21836, 100
2026/08/04 18:11:51.780, 21836, 100
2026/08/04 18:11:52.780, 21836, 85
2026/08/04 18:11:53.781, 21836, 100
2026/08/04 18:11:54.781, 21836, 98
2026/08/04 18:11:55.781, 21836, 89
2026/08/04 18:11:56.782, 21836, 100
2026/08/04 18:11:57.782, 21836, 100
2026/08/04 18:11:58.782, 21836, 89
2026/08/04 18:11:59.782, 21836, 100
2026/08/04 18:12:00.783, 21836, 100
2026/08/04 18:12:01.783, 21836, 100
2026/08/04 18:12:02.783, 21836, 100
2026/08/04 18:12:03.784, 21836, 100
2026/08/04 18:12:04.784, 21836, 100
2026/08/04 18:12:05.784, 21836, 86
2026/08/04 18:12:06.785, 21836, 100
2026/08/04 18:12:07.785, 21836, 100
2026/08/04 18:12:08.785, 21836, 100
2026/08/04 18:12:09.786, 21836, 100
2026/08/04 18:12:10.786, 21836, 100
2026/08/04 18:12:11.786, 21836, 100
2026/08/04 18:12:12.786, 21836, 100
2026/08/04 18:12:13.787, 21836, 100
2026/08/04 18:12:14.787, 21836, 84
2026/08/04 18:12:15.787, 21836, 100
2026/08/04 18:12:16.788, 21836, 100
2026/08/04 18:12:17.788, 21836, 100
2026/08/04 18:12:18.788, 21836, 100
2026/08/04 18:12:19.788, 21836, 100
2026/08/04 18:12:20.789, 21836, 100
2026/08/04 18:12:21.789, 21836, 100
2026/08/04 18:12:22.789, 21836, 100
2026/08/04 18:12:23.790, 21836, 100
2026/08/04 18:12:24.790, 21836, 95
2026/08/04 18:12:25.790, 21836, 100
2026/08/04 18:12:26.791, 21836, 100
2026/08/04 18:12:27.791, 21836, 100
2026/08/04 18:12:28.791, 21836, 100
2026/08/04 18:12:29.792, 21836, 100
2026/08/04 18:12:30.792, 21836, 100
2026/08/04 18:12:31.792, 21836, 100
2026/08/04 18:12:32.793, 21836, 100
2026/08/04 18:12:33.793, 21836, 100
2026/08/04 18:12:34.793, 21836, 100
2026/08/04 18:12:35.793, 21836, 100
2026/08/04 18:12:36.794, 21836, 100
2026/08/04 18:12:37.794, 21836, 100
2026/08/04 18:12:38.794, 21836, 90
2026/08/04 18:12:39.795, 21836, 100
2026/08/04 18:12:40.795, 21836, 100
2026/08/04 18:12:41.795, 21836, 100
2026/08/04 18:12:42.796, 21836, 100
2026/08/04 18:12:43.796, 21836, 100
2026/08/04 18:12:44.796, 21836, 100
2026/08/04 18:12:45.797, 21836, 100
2026/08/04 18:12:46.797, 21836, 100
2026/08/04 18:12:47.797, 21836, 100
2026/08/04 18:12:48.798, 21836, 100
2026/08/04 18:12:49.798, 21836, 100
2026/08/04 18:12:50.798, 21836, 100
2026/08/04 18:12:51.799, 21836, 100
2026/08/04 18:12:52.799, 21836, 82
2026/08/04 18:12:53.799, 21836, 82
2026/08/04 18:12:54.800, 21836, 100
2026/08/04 18:12:55.800, 21836, 100
2026/08/04 18:12:56.800, 21836, 70
2026/08/04 18:12:57.801, 21836, 100
2026/08/04 18:12:58.801, 21836, 83
2026/08/04 18:12:59.801, 21836, 100
2026/08/04 18:13:00.802, 21836, 100
2026/08/04 18:13:01.802, 21836, 84
2026/08/04 18:13:02.802, 21836, 100
2026/08/04 18:13:03.803, 21836, 100
2026/08/04 18:13:04.803, 21836, 100
2026/08/04 18:13:05.803, 21836, 100
2026/08/04 18:13:06.804, 21836, 69
2026/08/04 18:13:07.804, 21836, 100
2026/08/04 18:13:08.804, 21836, 100
2026/08/04 18:13:09.804, 21836, 100
2026/08/04 18:13:10.805, 21836, 100
2026/08/04 18:13:11.805, 21836, 100
2026/08/04 18:13:12.805, 21836, 100
2026/08/04 18:13:13.806, 21836, 100
2026/08/04 18:13:14.806, 21836, 100
2026/08/04 18:13:15.806, 21836, 100
2026/08/04 18:13:16.807, 21836, 100
2026/08/04 18:13:17.807, 21836, 100
2026/08/04 18:13:18.807, 21836, 100
2026/08/04 18:13:19.808, 21836, 88
2026/08/04 18:13:20.808, 21836, 100
2026/08/04 18:13:21.808, 21836, 100
2026/08/04 18:13:22.809, 21836, 100
2026/08/04 18:13:23.809, 21836, 100
2026/08/04 18:13:24.809, 21836, 93
2026/08/04 18:13:25.809, 21836, 100
2026/08/04 18:13:26.810, 21836, 100
2026/08/04 18:13:27.810, 21836, 100
2026/08/04 18:13:28.810, 21836, 100
2026/08/04 18:13:29.811, 21836, 73
2026/08/04 18:13:30.811, 21836, 100
2026/08/04 18:13:31.811, 21836, 100
2026/08/04 18:13:32.812, 21836, 100
2026/08/04 18:13:33.812, 21836, 100
2026/08/04 18:13:34.812, 21836, 100
2026/08/04 18:13:35.813, 21836, 100
2026/08/04 18:13:36.813, 21836, 100
2026/08/04 18:13:37.813, 21836, 100
2026/08/04 18:13:38.814, 21836, 100
2026/08/04 18:13:39.814, 21836, 100
2026/08/04 18:13:40.814, 21836, 100
2026/08/04 18:13:41.815, 21836, 100
2026/08/04 18:13:42.815, 21836, 100
2026/08/04 18:13:43.815, 21836, 100
2026/08/04 18:13:44.816, 21836, 100
2026/08/04 18:13:45.816, 21836, 100
2026/08/04 18:13:46.816, 21836, 100
2026/08/04 18:13:47.817, 21836, 86
2026/08/04 18:13:48.817, 21836, 100
2026/08/04 18:13:49.817, 21836, 100
2026/08/04 18:13:50.817, 21836, 100
2026/08/04 18:13:51.818, 21836, 100
2026/08/04 18:13:52.818, 21836, 100
2026/08/04 18:13:53.818, 21836, 100
2026/08/04 18:13:54.819, 21836, 100
2026/08/04 18:13:55.819, 21836, 71
2026/08/04 18:13:56.819, 21836, 92
2026/08/04 18:13:57.820, 21836, 100
2026/08/04 18:13:58.820, 21836, 75
2026/08/04 18:13:59.820, 21836, 6
2026/08/04 18:14:00.821, 21836, 9
2026/08/04 18:14:01.821, 21836, 0
2026/08/04 18:14:02.821, 21836, 0
