2026/08/04 21:28:46.681, 1, 0
2026/08/04 21:28:47.689, 1, 0
2026/08/04 21:28:48.689, 1, 0
2026/08/04 21:28:49.690, 1, 0
2026/08/04 21:28:50.690, 1, 0
2026/08/04 21:28:51.690, 4, 1
2026/08/04 21:28:52.690, 4, 0
2026/08/04 21:28:53.691, 4, 0
2026/08/04 21:28:54.691, 4, 0
2026/08/04 21:28:55.691, 4, 0
2026/08/04 21:28:56.692, 4, 0
2026/08/04 21:28:57.692, 4, 0
2026/08/04 21:28:58.692, 4, 0
2026/08/04 21:28:59.693, 4, 0
2026/08/04 21:29:00.693, 4, 0
2026/08/04 21:29:01.693, 4, 0
2026/08/04 21:29:02.694, 4, 0
2026/08/04 21:29:03.694, 4, 0
2026/08/04 21:29:04.694, 4, 0
2026/08/04 21:29:05.695, 2076, 21
2026/08/04 21:29:06.695, 2892, 9
2026/08/04 21:29:07.695, 3842, 0
2026/08/04 21:29:08.696, 5460, 0
2026/08/04 21:29:09.696, 5880, 0
2026/08/04 21:29:10.696, 5872, 3
2026/08/04 21:29:11.697, 8384, 94
2026/08/04 21:29:12.697, 8476, 100
2026/08/04 21:29:13.697, 8476, 100
2026/08/04 21:29:14.697, 8640, 100
2026/08/04 21:29:15.698, 8640, 100
2026/08/04 21:29:16.698, 8640, 100
2026/08/04 21:29:17.698, 11160, 99
2026/08/04 21:29:18.699, 11160, 100
2026/08/04 21:29:19.699, 11160, 100
2026/08/04 21:29:20.699, 11162, 100
2026/08/04 21:29:21.699, 11162, 100
2026/08/04 21:29:22.700, 11164, 100
2026/08/04 21:29:23.700, 11164, 100
2026/08/04 21:29:24.700, 11164, 100
2026/08/04 21:29:25.700, 11164, 100
2026/08/04 21:29:26.701, 11164, 100
2026/08/04 21:29:27.701, 11164, 100
2026/08/04 21:29:28.701, 11164, 100
2026/08/04 21:29:29.701, 11164, 100
2026/08/04 21:29:30.702, 14074, 100
2026/08/04 21:29:31.702, 14074, 100
2026/08/04 21:29:32.702, 14074, 81
2026/08/04 21:29:33.702, 14074, 100
2026/08/04 21:29:34.703, 14074, 100
2026/08/04 21:29:35.703, 17530, 100
2026/08/04 21:29:36.703, 17530, 100
2026/08/04 21:29:37.704, 17530, 100
2026/08/04 21:29:38.704, 17530, 100
2026/08/04 21:29:39.704, 17530, 100
2026/08/04 21:29:40.704, 17530, 100
2026/08/04 21:29:41.704, 17530, 100
2026/08/04 21:29:42.704, 17530, 100
2026/08/04 21:29:43.705, 17530, 85
2026/08/04 21:29:44.705, 17530, 100
2026/08/04 21:29:45.705, 17530, 100
2026/08/04 21:29:46.705, 17530, 100
2026/08/04 21:29:47.706, 17530, 82
2026/08/04 21:29:48.706, 17530, 100
2026/08/04 21:29:49.706, 17530, 100
2026/08/04 21:29:50.706, 17530, 100
2026/08/04 21:29:51.707, 17530, 100
2026/08/04 21:29:52.707, 17530, 84
2026/08/04 21:29:53.707, 17530, 100
2026/08/04 21:29:54.707, 17530, 100
2026/08/04 21:29:55.708, 17530, 100
2026/08/04 21:29:56.708, 17530, 100
2026/08/04 21:29:57.708, 17530, 100
2026/08/04 21:29:58.708, 17530, 100
2026/08/04 21:29:59.709, 17530, 100
2026/08/04 21:30:00.709, 17530, 100
2026/08/04 21:30:01.709, 17530, 100
2026/08/04 21:30:02.710, 17530, 100
2026/08/04 21:30:03.710, 17530, 100
2026/08/04 21:30:04.710, 17530, 100
2026/08/04 21:30:05.710, 17530, 100
2026/08/04 21:30:06.711, 17530, 100
2026/08/04 21:30:07.711, 17530, 100
2026/08/04 21:30:08.716, 17530, 100
2026/08/04 21:30:09.722, 17530, 100
2026/08/04 21:30:10.727, 17530, 99
2026/08/04 21:30:11.732, 17530, 100
2026/08/04 21:30:12.737, 17530, 100
2026/08/04 21:30:13.742, 17530, 100
2026/08/04 21:30:14.746, 17530, 100
2026/08/04 21:30:15.750, 17530, 100
2026/08/04 21:30:16.754, 17530, 100
2026/08/04 21:30:17.758, 17530, 100
2026/08/04 21:30:18.762, 17530, 100
2026/08/04 21:30:19.765, 17530, 100
2026/08/04 21:30:20.768, 17530, 100
2026/08/04 21:30:21.771, 17530, 100
2026/08/04 21:30:22.774, 17530, 84
2026/08/04 21:30:23.777, 17530, 100
2026/08/04 21:30:24.779, 17530, 63
2026/08/04 21:30:25.781, 17530, 100
2026/08/04 21:30:26.784, 17530, 100
2026/08/04 21:30:27.786, 17530, 100
2026/08/04 21:30:28.789, 21094, 100
2026/08/04 21:30:29.791, 21094, 100
2026/08/04 21:30:30.794, 21094, 100
2026/08/04 21:30:31.796, 21094, 100
2026/08/04 21:30:32.798, 21094, 100
2026/08/04 21:30:33.800, 21094, 100
2026/08/04 21:30:34.803, 21094, 100
2026/08/04 21:30:35.804, 21094, 100
2026/08/04 21:30:36.806, 21094, 86
2026/08/04 21:30:37.807, 21094, 100
2026/08/04 21:30:38.808, 21094, 84
2026/08/04 21:30:39.810, 21094, 100
2026/08/04 21:30:40.811, 21094, 100
2026/08/04 21:30:41.812, 21094, 100
2026/08/04 21:30:42.814, 21094, 84
2026/08/04 21:30:43.815, 21094, 100
2026/08/04 21:30:44.817, 21094, 100
2026/08/04 21:30:45.818, 21094, 100
2026/08/04 21:30:46.819, 21094, 100
2026/08/04 21:30:47.821, 21094, 100
2026/08/04 21:30:48.822, 21094, 100
2026/08/04 21:30:49.824, 21094, 100
2026/08/04 21:30:50.825, 21094, 100
2026/08/04 21:30:51.827, 21094, 93
2026/08/04 21:30:52.827, 21094, 100
2026/08/04 21:30:53.829, 21094, 100
2026/08/04 21:30:54.830, 21094, 100
2026/08/04 21:30:55.832, 21094, 100
2026/08/04 21:30:56.833, 21094, 100
2026/08/04 21:30:57.834, 21094, 100
2026/08/04 21:30:58.836, 21094, 83
2026/08/04 21:30:59.837, 21094, 100
2026/08/04 21:31:00.839, 21094, 100
2026/08/04 21:31:01.840, 21094, 100
2026/08/04 21:31:02.841, 21094, 100
2026/08/04 21:31:03.843, 21094, 84
2026/08/04 21:31:04.844, 21094, 100
2026/08/04 21:31:05.846, 21094, 100
2026/08/04 21:31:06.846, 21094, 100
2026/08/04 21:31:07.848, 21094, 100
2026/08/04 21:31:08.849, 21094, 100
2026/08/04 21:31:09.850, 21094, 100
2026/08/04 21:31:10.852, 21094, 100
2026/08/04 21:31:11.853, 21094, 100
2026/08/04 21:31:12.855, 21094, 100
2026/08/04 21:31:13.855, 21094, 100
2026/08/04 21:31:14.855, 21094, 100
2026/08/04 21:31:15.855, 21094, 100
2026/08/04 21:31:16.856, 21094, 100
2026/08/04 21:31:17.856, 21094, 82
2026/08/04 21:31:18.856, 21094, 100
2026/08/04 21:31:19.856, 21094, 94
2026/08/04 21:31:20.856, 21094, 100
2026/08/04 21:31:21.857, 21094, 76
2026/08/04 21:31:22.857, 21094, 95
2026/08/04 21:31:23.857, 21094, 67
2026/08/04 21:31:24.857, 21094, 100
2026/08/04 21:31:25.858, 21094, 100
2026/08/04 21:31:26.859, 21094, 100
2026/08/04 21:31:27.859, 21094, 100
2026/08/04 21:31:28.859, 21094, 100
2026/08/04 21:31:29.860, 21094, 100
2026/08/04 21:31:30.860, 21094, 100
2026/08/04 21:31:31.860, 21094, 84
2026/08/04 21:31:32.860, 21094, 100
2026/08/04 21:31:33.860, 21094, 100
2026/08/04 21:31:34.861, 21094, 100
2026/08/04 21:31:35.861, 21094, 100
2026/08/04 21:31:36.861, 21094, 100
2026/08/04 21:31:37.862, 21094, 87
2026/08/04 21:31:38.862, 21094, 100
2026/08/04 21:31:39.862, 21094, 83
2026/08/04 21:31:40.863, 21094, 100
2026/08/04 21:31:41.863, 21094, 100
2026/08/04 21:31:42.863, 21094, 100
2026/08/04 21:31:43.864, 21094, 100
2026/08/04 21:31:44.864, 21094, 100
2026/08/04 21:31:45.864, 21094, 100
2026/08/04 21:31:46.864, 21094, 100
2026/08/04 21:31:47.865, 21094, 100
2026/08/04 21:31:48.865, 21094, 100
2026/08/04 21:31:49.865, 21094, 100
2026/08/04 21:31:50.866, 21094, 100
2026/08/04 21:31:51.866, 21094, 100
2026/08/04 21:31:52.866, 21094, 100
2026/08/04 21:31:53.867, 21094, 100
2026/08/04 21:31:54.867, 21094, 100
2026/08/04 21:31:55.867, 21094, 100
2026/08/04 21:31:56.867, 21094, 100
2026/08/04 21:31:57.868, 21094, 100
2026/08/04 21:31:58.868, 21094, 100
2026/08/04 21:31:59.868, 21094, 99
2026/08/04 21:32:00.868, 21094, 100
2026/08/04 21:32:01.869, 21094, 100
2026/08/04 21:32:02.869, 21094, 100
2026/08/04 21:32:03.869, 21094, 100
2026/08/04 21:32:04.869, 21094, 100
2026/08/04 21:32:05.870, 21094, 100
2026/08/04 21:32:06.870, 21094, 100
2026/08/04 21:32:07.870, 21094, 100
2026/08/04 21:32:08.870, 21094, 100
2026/08/04 21:32:09.871, 21094, 100
2026/08/04 21:32:10.871, 21094, 100
2026/08/04 21:32:11.871, 21094, 83
2026/08/04 21:32:12.872, 21094, 84
2026/08/04 21:32:13.872, 21094, 90
2026/08/04 21:32:14.872, 21094, 100
2026/08/04 21:32:15.872, 21094, 100
2026/08/04 21:32:16.873, 21094, 100
2026/08/04 21:32:17.873, 21094, 82
2026/08/04 21:32:18.873, 21094, 100
2026/08/04 21:32:19.874, 21094, 100
2026/08/04 21:32:20.874, 21094, 100
2026/08/04 21:32:21.874, 21094, 100
2026/08/04 21:32:22.875, 21094, 100
2026/08/04 21:32:23.875, 21094, 100
2026/08/04 21:32:24.875, 21094, 83
2026/08/04 21:32:25.875, 21094, 100
2026/08/04 21:32:26.875, 21094, 77
2026/08/04 21:32:27.876, 21094, 84
2026/08/04 21:32:28.876, 21094, 100
2026/08/04 21:32:29.876, 21094, 100
2026/08/04 21:32:30.877, 21094, 84
2026/08/04 21:32:31.877, 21094, 100
2026/08/04 21:32:32.877, 21094, 83
2026/08/04 21:32:33.877, 21094, 100
2026/08/04 21:32:34.877, 21094, 100
2026/08/04 21:32:35.878, 21094, 100
2026/08/04 21:32:36.878, 21094, 100
2026/08/04 21:32:37.878, 21094, 100
2026/08/04 21:32:38.879, 21094, 84
2026/08/04 21:32:39.879, 21094, 100
2026/08/04 21:32:40.879, 21094, 100
2026/08/04 21:32:41.879, 21094, 83
2026/08/04 21:32:42.880, 21094, 100
2026/08/04 21:32:43.880, 21094, 100
2026/08/04 21:32:44.880, 21094, 100
2026/08/04 21:32:45.881, 21094, 100
2026/08/04 21:32:46.881, 21094, 93
2026/08/04 21:32:47.881, 21094, 100
2026/08/04 21:32:48.881, 21094, 100
2026/08/04 21:32:49.881, 21094, 100
2026/08/04 21:32:50.882, 21094, 100
2026/08/04 21:32:51.882, 21094, 100
2026/08/04 21:32:52.882, 21094, 100
2026/08/04 21:32:53.883, 21094, 100
2026/08/04 21:32:54.883, 21094, 100
2026/08/04 21:32:55.883, 21094, 100
2026/08/04 21:32:56.884, 21094, 100
2026/08/04 21:32:57.884, 21094, 100
2026/08/04 21:32:58.884, 21094, 100
2026/08/04 21:32:59.884, 21094, 100
2026/08/04 21:33:00.885, 21094, 100
2026/08/04 21:33:01.885, 21094, 100
2026/08/04 21:33:02.885, 21094, 81
2026/08/04 21:33:03.885, 21094, 100
2026/08/04 21:33:04.886, 21094, 100
2026/08/04 21:33:05.886, 21094, 100
2026/08/04 21:33:06.886, 21094, 100
2026/08/04 21:33:07.887, 21094, 65
2026/08/04 21:33:08.887, 21094, 100
2026/08/04 21:33:09.887, 21094, 100
2026/08/04 21:33:10.887, 21094, 83
2026/08/04 21:33:11.887, 21094, 100
2026/08/04 21:33:12.888, 21094, 84
2026/08/04 21:33:13.888, 21094, 100
2026/08/04 21:33:14.888, 21094, 100
2026/08/04 21:33:15.889, 21094, 100
2026/08/04 21:33:16.889, 21094, 100
2026/08/04 21:33:17.889, 21094, 100
2026/08/04 21:33:18.889, 21094, 100
2026/08/04 21:33:19.890, 21094, 100
2026/08/04 21:33:20.890, 21094, 100
2026/08/04 21:33:21.891, 21094, 100
2026/08/04 21:33:22.902, 21094, 100
2026/08/04 21:33:23.913, 21094, 100
2026/08/04 21:33:24.923, 21094, 100
2026/08/04 21:33:25.933, 21094, 100
2026/08/04 21:33:26.942, 21094, 100
2026/08/04 21:33:27.951, 21094, 86
2026/08/04 21:33:28.959, 21094, 85
2026/08/04 21:33:29.967, 21094, 100
2026/08/04 21:33:30.974, 21094, 100
2026/08/04 21:33:31.981, 21094, 100
2026/08/04 21:33:32.988, 21094, 100
2026/08/04 21:33:33.994, 21094, 100
2026/08/04 21:33:35.001, 21094, 98
2026/08/04 21:33:36.006, 21094, 100
2026/08/04 21:33:37.011, 21094, 100
2026/08/04 21:33:38.016, 21094, 100
2026/08/04 21:33:39.021, 21094, 100
2026/08/04 21:33:40.025, 21094, 100
2026/08/04 21:33:41.029, 21094, 100
2026/08/04 21:33:42.033, 21094, 100
2026/08/04 21:33:43.037, 21094, 100
2026/08/04 21:33:44.041, 21094, 100
2026/08/04 21:33:45.045, 21094, 100
2026/08/04 21:33:46.048, 21094, 100
2026/08/04 21:33:47.051, 21094, 100
2026/08/04 21:33:48.054, 21094, 100
2026/08/04 21:33:49.057, 21094, 84
2026/08/04 21:33:50.060, 21094, 100
2026/08/04 21:33:51.063, 21094, 100
2026/08/04 21:33:52.066, 21094, 100
2026/08/04 21:33:53.068, 21094, 62
2026/08/04 21:33:54.071, 21094, 100
2026/08/04 21:33:55.073, 21094, 100
2026/08/04 21:33:56.076, 21094, 100
2026/08/04 21:33:57.079, 21094, 68
2026/08/04 21:33:58.081, 21094, 100
2026/08/04 21:33:59.083, 21094, 100
2026/08/04 21:34:00.086, 21094, 100
2026/08/04 21:34:01.088, 21094, 91
2026/08/04 21:34:02.089, 21094, 100
2026/08/04 21:34:03.091, 21094, 100
2026/08/04 21:34:04.093, 21094, 100
2026/08/04 21:34:05.094, 21094, 100
2026/08/04 21:34:06.096, 21094, 65
2026/08/04 21:34:07.097, 21094, 84
2026/08/04 21:34:08.099, 21094, 100
2026/08/04 21:34:09.101, 21094, 85
2026/08/04 21:34:10.103, 21094, 100
2026/08/04 21:34:11.104, 21094, 100
2026/08/04 21:34:12.106, 21094, 100
2026/08/04 21:34:13.107, 21094, 100
2026/08/04 21:34:14.109, 21094, 100
2026/08/04 21:34:15.111, 21094, 100
2026/08/04 21:34:16.112, 21094, 100
2026/08/04 21:34:17.113, 21094, 85
2026/08/04 21:34:18.115, 21094, 100
2026/08/04 21:34:19.116, 21094, 100
2026/08/04 21:34:20.118, 21094, 85
2026/08/04 21:34:21.119, 21094, 100
2026/08/04 21:34:22.120, 21094, 100
2026/08/04 21:34:23.121, 21094, 100
2026/08/04 21:34:24.123, 21094, 100
2026/08/04 21:34:25.124, 21094, 100
2026/08/04 21:34:26.125, 21094, 100
2026/08/04 21:34:27.125, 21094, 100
2026/08/04 21:34:28.125, 21094, 100
2026/08/04 21:34:29.126, 21094, 100
2026/08/04 21:34:30.126, 21094, 100
2026/08/04 21:34:31.126, 21094, 70
2026/08/04 21:34:32.127, 21094, 100
2026/08/04 21:34:33.127, 21094, 100
2026/08/04 21:34:34.127, 21094, 83
2026/08/04 21:34:35.127, 21094, 100
2026/08/04 21:34:36.127, 21094, 100
2026/08/04 21:34:37.128, 21094, 100
2026/08/04 21:34:38.128, 21094, 100
2026/08/04 21:34:39.128, 21094, 100
2026/08/04 21:34:40.129, 21094, 100
2026/08/04 21:34:41.129, 21094, 100
2026/08/04 21:34:42.129, 21094, 82
2026/08/04 21:34:43.129, 21094, 100
2026/08/04 21:34:44.130, 21094, 100
2026/08/04 21:34:45.130, 21094, 65
2026/08/04 21:34:46.130, 21094, 100
2026/08/04 21:34:47.131, 21094, 100
2026/08/04 21:34:48.131, 21094, 100
2026/08/04 21:34:49.131, 21094, 100
2026/08/04 21:34:50.131, 21094, 100
2026/08/04 21:34:51.132, 21094, 100
2026/08/04 21:34:52.132, 21094, 100
2026/08/04 21:34:53.132, 21094, 100
2026/08/04 21:34:54.132, 21094, 100
2026/08/04 21:34:55.133, 21094, 100
2026/08/04 21:34:56.133, 21094, 100
2026/08/04 21:34:57.133, 21094, 100
2026/08/04 21:34:58.134, 21094, 100
2026/08/04 21:34:59.134, 21094, 100
2026/08/04 21:35:00.134, 21094, 100
2026/08/04 21:35:01.135, 21094, 100
2026/08/04 21:35:02.135, 21094, 99
2026/08/04 21:35:03.135, 21094, 100
2026/08/04 21:35:04.135, 21094, 85
2026/08/04 21:35:05.135, 21094, 100
2026/08/04 21:35:06.136, 21094, 100
2026/08/04 21:35:07.136, 21094, 100
2026/08/04 21:35:08.136, 21094, 89
2026/08/04 21:35:09.137, 21094, 100
2026/08/04 21:35:10.137, 21094, 62
2026/08/04 21:35:11.137, 21094, 100
2026/08/04 21:35:12.138, 21094, 100
2026/08/04 21:35:13.138, 21094, 100
2026/08/04 21:35:14.138, 21094, 100
2026/08/04 21:35:15.139, 21094, 100
2026/08/04 21:35:16.139, 21094, 100
2026/08/04 21:35:17.139, 21094, 83
2026/08/04 21:35:18.140, 21094, 100
2026/08/04 21:35:19.140, 21094, 100
2026/08/04 21:35:20.141, 21094, 62
2026/08/04 21:35:21.142, 21094, 100
2026/08/04 21:35:22.142, 21094, 100
2026/08/04 21:35:23.142, 21094, 100
2026/08/04 21:35:24.142, 21094, 100
2026/08/04 21:35:25.143, 21094, 100
2026/08/04 21:35:26.143, 21094, 83
2026/08/04 21:35:27.143, 21094, 86
2026/08/04 21:35:28.144, 21094, 100
2026/08/04 21:35:29.144, 21094, 100
2026/08/04 21:35:30.144, 21094, 100
2026/08/04 21:35:31.144, 21094, 100
2026/08/04 21:35:32.145, 21094, 100
2026/08/04 21:35:33.145, 21094, 100
2026/08/04 21:35:34.145, 21094, 100
2026/08/04 21:35:35.147, 21094, 100
2026/08/04 21:35:36.148, 21094, 100
2026/08/04 21:35:37.148, 21094, 100
2026/08/04 21:35:38.148, 21094, 100
2026/08/04 21:35:39.149, 21094, 100
2026/08/04 21:35:40.149, 21094, 100
2026/08/04 21:35:41.149, 21094, 100
2026/08/04 21:35:42.149, 21094, 100
2026/08/04 21:35:43.150, 21094, 100
2026/08/04 21:35:44.150, 21094, 100
2026/08/04 21:35:45.152, 21094, 72
2026/08/04 21:35:46.152, 21094, 100
2026/08/04 21:35:47.153, 21094, 100
2026/08/04 21:35:48.153, 21094, 100
2026/08/04 21:35:49.153, 21094, 100
2026/08/04 21:35:50.154, 21094, 100
2026/08/04 21:35:51.154, 21094, 100
2026/08/04 21:35:52.155, 21094, 100
2026/08/04 21:35:53.155, 21094, 85
2026/08/04 21:35:54.155, 21094, 100
2026/08/04 21:35:55.156, 21094, 100
2026/08/04 21:35:56.156, 21094, 100
2026/08/04 21:35:57.156, 21094, 100
2026/08/04 21:35:58.157, 21094, 83
2026/08/04 21:35:59.157, 21094, 100
2026/08/04 21:36:00.157, 21094, 100
2026/08/04 21:36:01.158, 21094, 100
2026/08/04 21:36:02.158, 21094, 100
2026/08/04 21:36:03.158, 21094, 100
2026/08/04 21:36:04.159, 21094, 100
2026/08/04 21:36:05.159, 21094, 100
2026/08/04 21:36:06.159, 21096, 100
2026/08/04 21:36:07.160, 21096, 100
2026/08/04 21:36:08.160, 21096, 100
2026/08/04 21:36:09.160, 21096, 100
2026/08/04 21:36:10.161, 21096, 78
2026/08/04 21:36:11.161, 21096, 100
2026/08/04 21:36:12.161, 21096, 100
2026/08/04 21:36:13.162, 21096, 100
2026/08/04 21:36:14.162, 21096, 100
2026/08/04 21:36:15.164, 21096, 100
2026/08/04 21:36:16.164, 21096, 100
2026/08/04 21:36:17.164, 21096, 100
2026/08/04 21:36:18.165, 21096, 62
2026/08/04 21:36:19.165, 21096, 100
2026/08/04 21:36:20.166, 21096, 66
2026/08/04 21:36:21.166, 21096, 100
2026/08/04 21:36:22.166, 21096, 100
2026/08/04 21:36:23.167, 21096, 100
2026/08/04 21:36:24.167, 21096, 100
2026/08/04 21:36:25.169, 21096, 100
2026/08/04 21:36:26.169, 21096, 100
2026/08/04 21:36:27.169, 21096, 100
2026/08/04 21:36:28.170, 21096, 100
2026/08/04 21:36:29.170, 21096, 100
2026/08/04 21:36:30.171, 21096, 100
2026/08/04 21:36:31.171, 21096, 100
2026/08/04 21:36:32.171, 21096, 100
2026/08/04 21:36:33.171, 21096, 100
2026/08/04 21:36:34.171, 21096, 84
2026/08/04 21:36:35.172, 21096, 100
2026/08/04 21:36:36.172, 21096, 100
2026/08/04 21:36:37.172, 21096, 100
2026/08/04 21:36:38.173, 21096, 100
2026/08/04 21:36:39.173, 21096, 100
2026/08/04 21:36:40.174, 21096, 100
2026/08/04 21:36:41.174, 21096, 100
2026/08/04 21:36:42.174, 21096, 100
2026/08/04 21:36:43.174, 21096, 99
2026/08/04 21:36:44.175, 21096, 100
2026/08/04 21:36:45.175, 21096, 85
2026/08/04 21:36:46.175, 21096, 100
2026/08/04 21:36:47.175, 21096, 100
2026/08/04 21:36:48.176, 21096, 100
2026/08/04 21:36:49.176, 21096, 76
2026/08/04 21:36:50.177, 21096, 100
2026/08/04 21:36:51.177, 21096, 100
2026/08/04 21:36:52.178, 21096, 100
2026/08/04 21:36:53.178, 21096, 100
2026/08/04 21:36:54.178, 21096, 100
2026/08/04 21:36:55.178, 21096, 100
2026/08/04 21:36:56.179, 21096, 64
2026/08/04 21:36:57.179, 21096, 100
2026/08/04 21:36:58.179, 21096, 100
2026/08/04 21:36:59.179, 21096, 98
2026/08/04 21:37:00.180, 21096, 100
2026/08/04 21:37:01.180, 21096, 100
2026/08/04 21:37:02.180, 21096, 100
2026/08/04 21:37:03.180, 21096, 100
2026/08/04 21:37:04.181, 21096, 100
2026/08/04 21:37:05.183, 21096, 87
2026/08/04 21:37:06.183, 21096, 100
2026/08/04 21:37:07.183, 21096, 100
2026/08/04 21:37:08.183, 21096, 86
2026/08/04 21:37:09.184, 21096, 100
2026/08/04 21:37:10.184, 21096, 100
2026/08/04 21:37:11.185, 21096, 83
2026/08/04 21:37:12.185, 21096, 100
2026/08/04 21:37:13.185, 21096, 100
2026/08/04 21:37:14.185, 21096, 100
2026/08/04 21:37:15.186, 21096, 100
2026/08/04 21:37:16.186, 21096, 100
2026/08/04 21:37:17.186, 21096, 100
2026/08/04 21:37:18.186, 21096, 100
2026/08/04 21:37:19.187, 21096, 100
2026/08/04 21:37:20.187, 21096, 100
2026/08/04 21:37:21.187, 21096, 100
2026/08/04 21:37:22.187, 21096, 89
2026/08/04 21:37:23.188, 21096, 85
2026/08/04 21:37:24.188, 21096, 100
2026/08/04 21:37:25.188, 21096, 100
2026/08/04 21:37:26.188, 21096, 100
2026/08/04 21:37:27.188, 21096, 100
2026/08/04 21:37:28.189, 21096, 100
2026/08/04 21:37:29.189, 21096, 100
2026/08/04 21:37:30.189, 21096, 100
2026/08/04 21:37:31.190, 21096, 100
2026/08/04 21:37:32.190, 21096, 100
2026/08/04 21:37:33.190, 21096, 100
2026/08/04 21:37:34.190, 21096, 99
2026/08/04 21:37:35.191, 21096, 100
2026/08/04 21:37:36.191, 21096, 100
2026/08/04 21:37:37.191, 21096, 100
2026/08/04 21:37:38.191, 21096, 84
2026/08/04 21:37:39.191, 21096, 100
2026/08/04 21:37:40.192, 21096, 100
2026/08/04 21:37:41.192, 21096, 100
2026/08/04 21:37:42.192, 21096, 100
2026/08/04 21:37:43.193, 21096, 100
2026/08/04 21:37:44.193, 21096, 100
2026/08/04 21:37:45.193, 21096, 100
2026/08/04 21:37:46.193, 21096, 100
2026/08/04 21:37:47.194, 21096, 100
2026/08/04 21:37:48.194, 21096, 100
2026/08/04 21:37:49.194, 21096, 100
2026/08/04 21:37:50.194, 21096, 100
2026/08/04 21:37:51.194, 21096, 100
2026/08/04 21:37:52.195, 21096, 84
2026/08/04 21:37:53.195, 21096, 100
2026/08/04 21:37:54.195, 21096, 100
2026/08/04 21:37:55.196, 21096, 100
2026/08/04 21:37:56.196, 21096, 100
2026/08/04 21:37:57.196, 21096, 100
2026/08/04 21:37:58.196, 21096, 100
2026/08/04 21:37:59.197, 21096, 100
2026/08/04 21:38:00.197, 21096, 100
2026/08/04 21:38:01.197, 21096, 100
2026/08/04 21:38:02.198, 21096, 100
2026/08/04 21:38:03.198, 21096, 100
2026/08/04 21:38:04.198, 21096, 84
2026/08/04 21:38:05.198, 21096, 100
2026/08/04 21:38:06.199, 21096, 100
2026/08/04 21:38:07.199, 21096, 100
2026/08/04 21:38:08.199, 21096, 100
2026/08/04 21:38:09.199, 21096, 100
2026/08/04 21:38:10.199, 21096, 100
2026/08/04 21:38:11.200, 21096, 100
2026/08/04 21:38:12.200, 21096, 100
2026/08/04 21:38:13.200, 21096, 100
2026/08/04 21:38:14.201, 21096, 100
2026/08/04 21:38:15.201, 21096, 100
2026/08/04 21:38:16.201, 21096, 100
2026/08/04 21:38:17.201, 21096, 100
2026/08/04 21:38:18.202, 21096, 100
2026/08/04 21:38:19.202, 21096, 100
2026/08/04 21:38:20.202, 21096, 62
2026/08/04 21:38:21.202, 21096, 100
2026/08/04 21:38:22.203, 21096, 100
2026/08/04 21:38:23.203, 21096, 95
2026/08/04 21:38:24.203, 21096, 100
2026/08/04 21:38:25.204, 21096, 100
2026/08/04 21:38:26.204, 21096, 100
2026/08/04 21:38:27.204, 21096, 100
2026/08/04 21:38:28.204, 21096, 100
2026/08/04 21:38:29.205, 21096, 100
2026/08/04 21:38:30.205, 21096, 100
2026/08/04 21:38:31.205, 21096, 85
2026/08/04 21:38:32.205, 21096, 100
2026/08/04 21:38:33.206, 21096, 99
2026/08/04 21:38:34.206, 21096, 100
2026/08/04 21:38:35.206, 21096, 100
2026/08/04 21:38:36.206, 21096, 84
2026/08/04 21:38:37.207, 21096, 100
2026/08/04 21:38:38.207, 21096, 100
2026/08/04 21:38:39.207, 21096, 100
2026/08/04 21:38:40.207, 21096, 100
2026/08/04 21:38:41.207, 21096, 100
2026/08/04 21:38:42.208, 21096, 100
2026/08/04 21:38:43.208, 21096, 100
2026/08/04 21:38:44.209, 21096, 100
2026/08/04 21:38:45.213, 21096, 84
2026/08/04 21:38:46.216, 21096, 100
2026/08/04 21:38:47.221, 21096, 100
2026/08/04 21:38:48.225, 21096, 84
2026/08/04 21:38:49.229, 21096, 100
2026/08/04 21:38:50.233, 21096, 100
2026/08/04 21:38:51.237, 21096, 100
2026/08/04 21:38:52.241, 21096, 100
2026/08/04 21:38:53.245, 21096, 100
2026/08/04 21:38:54.248, 21096, 100
2026/08/04 21:38:55.252, 21096, 100
2026/08/04 21:38:56.255, 21096, 100
2026/08/04 21:38:57.258, 21096, 100
2026/08/04 21:38:58.262, 21096, 100
2026/08/04 21:38:59.264, 21096, 100
2026/08/04 21:39:00.268, 21096, 100
2026/08/04 21:39:01.270, 21096, 100
2026/08/04 21:39:02.273, 21096, 100
2026/08/04 21:39:03.275, 21096, 100
2026/08/04 21:39:04.278, 21096, 100
2026/08/04 21:39:05.281, 21096, 100
2026/08/04 21:39:06.284, 21096, 100
2026/08/04 21:39:07.286, 21096, 100
2026/08/04 21:39:08.288, 21096, 100
2026/08/04 21:39:09.290, 21096, 100
2026/08/04 21:39:10.292, 21096, 100
2026/08/04 21:39:11.295, 21096, 84
2026/08/04 21:39:12.298, 21096, 100
2026/08/04 21:39:13.300, 21096, 100
2026/08/04 21:39:14.302, 21096, 100
2026/08/04 21:39:15.305, 21096, 85
2026/08/04 21:39:16.307, 21096, 100
2026/08/04 21:39:17.309, 21096, 100
2026/08/04 21:39:18.311, 21096, 100
2026/08/04 21:39:19.312, 21096, 100
2026/08/04 21:39:20.314, 21096, 97
2026/08/04 21:39:21.316, 21096, 63
2026/08/04 21:39:22.318, 21096, 84
2026/08/04 21:39:23.319, 21096, 100
2026/08/04 21:39:24.321, 21096, 100
2026/08/04 21:39:25.323, 21096, 85
2026/08/04 21:39:26.324, 21096, 100
2026/08/04 21:39:27.326, 21096, 100
2026/08/04 21:39:28.328, 21096, 100
2026/08/04 21:39:29.329, 21096, 100
2026/08/04 21:39:30.331, 21096, 100
2026/08/04 21:39:31.332, 21096, 100
2026/08/04 21:39:32.333, 21096, 100
2026/08/04 21:39:33.335, 21096, 100
2026/08/04 21:39:34.336, 21096, 100
2026/08/04 21:39:35.337, 21096, 100
2026/08/04 21:39:36.339, 21096, 100
2026/08/04 21:39:37.340, 21096, 100
2026/08/04 21:39:38.342, 21096, 100
2026/08/04 21:39:39.343, 21096, 100
2026/08/04 21:39:40.345, 21096, 100
2026/08/04 21:39:41.346, 21096, 100
2026/08/04 21:39:42.347, 21096, 100
2026/08/04 21:39:43.349, 21096, 100
2026/08/04 21:39:44.350, 21096, 64
2026/08/04 21:39:45.351, 21096, 100
2026/08/04 21:39:46.353, 21096, 94
2026/08/04 21:39:47.354, 21096, 81
2026/08/04 21:39:48.355, 21096, 83
2026/08/04 21:39:49.357, 21096, 84
2026/08/04 21:39:50.358, 21096, 100
2026/08/04 21:39:51.359, 21096, 100
2026/08/04 21:39:52.361, 21096, 100
2026/08/04 21:39:53.362, 21096, 100
2026/08/04 21:39:54.363, 21096, 100
2026/08/04 21:39:55.365, 21096, 100
2026/08/04 21:39:56.366, 21096, 100
2026/08/04 21:39:57.368, 21096, 100
2026/08/04 21:39:58.369, 21096, 100
2026/08/04 21:39:59.370, 21096, 100
2026/08/04 21:40:00.372, 21096, 100
2026/08/04 21:40:01.373, 21096, 100
2026/08/04 21:40:02.375, 21096, 100
2026/08/04 21:40:03.376, 21096, 100
2026/08/04 21:40:04.377, 21096, 100
2026/08/04 21:40:05.379, 21096, 100
2026/08/04 21:40:06.380, 21096, 100
2026/08/04 21:40:07.381, 21096, 82
2026/08/04 21:40:08.383, 21096, 100
2026/08/04 21:40:09.384, 21096, 100
2026/08/04 21:40:10.386, 21096, 83
2026/08/04 21:40:11.387, 21096, 100
2026/08/04 21:40:12.388, 21096, 100
2026/08/04 21:40:13.390, 21096, 100
2026/08/04 21:40:14.391, 21096, 100
2026/08/04 21:40:15.392, 21096, 100
2026/08/04 21:40:16.394, 21096, 84
2026/08/04 21:40:17.395, 21096, 100
2026/08/04 21:40:18.397, 21096, 100
2026/08/04 21:40:19.398, 21096, 100
2026/08/04 21:40:20.399, 21096, 100
2026/08/04 21:40:21.401, 21096, 83
2026/08/04 21:40:22.402, 21096, 100
2026/08/04 21:40:23.403, 21096, 100
2026/08/04 21:40:24.405, 21096, 100
2026/08/04 21:40:25.406, 21096, 100
2026/08/04 21:40:26.408, 21096, 100
2026/08/04 21:40:27.409, 21096, 100
2026/08/04 21:40:28.410, 21096, 100
2026/08/04 21:40:29.412, 21096, 100
2026/08/04 21:40:30.412, 21096, 100
2026/08/04 21:40:31.413, 21096, 100
2026/08/04 21:40:32.414, 21096, 85
2026/08/04 21:40:33.414, 21096, 100
2026/08/04 21:40:34.414, 21096, 100
2026/08/04 21:40:35.415, 21096, 100
2026/08/04 21:40:36.415, 21096, 100
2026/08/04 21:40:37.415, 21096, 100
2026/08/04 21:40:38.416, 21096, 100
2026/08/04 21:40:39.416, 21096, 100
2026/08/04 21:40:40.416, 21096, 100
2026/08/04 21:40:41.416, 21096, 100
2026/08/04 21:40:42.417, 21096, 100
2026/08/04 21:40:43.417, 21096, 100
2026/08/04 21:40:44.417, 21096, 100
2026/08/04 21:40:45.418, 21096, 84
2026/08/04 21:40:46.418, 21096, 100
2026/08/04 21:40:47.418, 21096, 97
2026/08/04 21:40:48.419, 21096, 98
2026/08/04 21:40:49.419, 21096, 84
2026/08/04 21:40:50.419, 21096, 100
2026/08/04 21:40:51.420, 21096, 100
2026/08/04 21:40:52.420, 21096, 100
2026/08/04 21:40:53.421, 21096, 100
2026/08/04 21:40:54.423, 21096, 100
2026/08/04 21:40:55.424, 21096, 85
2026/08/04 21:40:56.425, 21096, 100
2026/08/04 21:40:57.427, 21096, 100
2026/08/04 21:40:58.428, 21096, 100
2026/08/04 21:40:59.430, 21096, 100
2026/08/04 21:41:00.431, 21096, 100
2026/08/04 21:41:01.432, 21096, 100
2026/08/04 21:41:02.434, 21096, 86
2026/08/04 21:41:03.435, 21096, 100
2026/08/04 21:41:04.436, 21096, 100
2026/08/04 21:41:05.438, 21096, 100
2026/08/04 21:41:06.439, 21096, 100
2026/08/04 21:41:07.440, 21096, 100
2026/08/04 21:41:08.442, 21096, 100
2026/08/04 21:41:09.443, 21096, 100
2026/08/04 21:41:10.444, 21096, 100
2026/08/04 21:41:11.446, 21096, 100
2026/08/04 21:41:12.447, 21096, 100
2026/08/04 21:41:13.448, 21096, 100
2026/08/04 21:41:14.450, 21096, 66
2026/08/04 21:41:15.451, 21096, 85
2026/08/04 21:41:16.452, 21096, 100
2026/08/04 21:41:17.454, 21096, 100
2026/08/04 21:41:18.455, 21096, 83
2026/08/04 21:41:19.456, 21096, 91
2026/08/04 21:41:20.458, 21096, 100
2026/08/04 21:41:21.459, 21096, 100
2026/08/04 21:41:22.460, 21096, 100
2026/08/04 21:41:23.462, 21096, 100
2026/08/04 21:41:24.463, 21096, 100
2026/08/04 21:41:25.464, 21096, 100
2026/08/04 21:41:26.466, 21096, 100
2026/08/04 21:41:27.467, 21096, 100
2026/08/04 21:41:28.469, 21096, 100
2026/08/04 21:41:29.470, 21096, 100
2026/08/04 21:41:30.471, 21096, 74
2026/08/04 21:41:31.473, 21096, 100
2026/08/04 21:41:32.474, 21096, 100
2026/08/04 21:41:33.476, 21096, 100
2026/08/04 21:41:34.477, 21096, 100
2026/08/04 21:41:35.478, 21096, 100
2026/08/04 21:41:36.480, 21096, 100
2026/08/04 21:41:37.481, 21096, 100
2026/08/04 21:41:38.483, 21096, 100
2026/08/04 21:41:39.484, 21096, 100
2026/08/04 21:41:40.485, 21096, 100
2026/08/04 21:41:41.487, 21096, 100
2026/08/04 21:41:42.488, 21096, 100
2026/08/04 21:41:43.490, 21096, 84
2026/08/04 21:41:44.491, 21096, 100
2026/08/04 21:41:45.492, 21096, 100
2026/08/04 21:41:46.494, 21096, 100
2026/08/04 21:41:47.495, 21096, 100
2026/08/04 21:41:48.496, 21096, 100
2026/08/04 21:41:49.498, 21096, 100
2026/08/04 21:41:50.499, 21096, 62
2026/08/04 21:41:51.500, 21096, 100
2026/08/04 21:41:52.502, 21096, 100
2026/08/04 21:41:53.503, 21096, 84
2026/08/04 21:41:54.505, 21096, 100
2026/08/04 21:41:55.506, 21096, 100
2026/08/04 21:41:56.507, 21096, 100
2026/08/04 21:41:57.509, 21096, 100
2026/08/04 21:41:58.510, 21096, 100
2026/08/04 21:41:59.512, 21096, 100
2026/08/04 21:42:00.512, 21096, 80
2026/08/04 21:42:01.513, 21096, 100
2026/08/04 21:42:02.515, 21096, 100
2026/08/04 21:42:03.516, 21096, 100
2026/08/04 21:42:04.518, 21096, 100
2026/08/04 21:42:05.519, 21096, 100
2026/08/04 21:42:06.520, 21096, 100
2026/08/04 21:42:07.521, 21096, 100
2026/08/04 21:42:08.522, 21096, 100
2026/08/04 21:42:09.523, 21096, 100
2026/08/04 21:42:10.523, 21096, 100
2026/08/04 21:42:11.525, 21096, 100
2026/08/04 21:42:12.527, 21096, 100
2026/08/04 21:42:13.528, 21096, 100
2026/08/04 21:42:14.528, 21096, 100
2026/08/04 21:42:15.530, 21096, 100
2026/08/04 21:42:16.531, 21096, 84
2026/08/04 21:42:17.532, 21096, 100
2026/08/04 21:42:18.532, 21096, 84
2026/08/04 21:42:19.532, 21096, 100
2026/08/04 21:42:20.534, 21096, 100
2026/08/04 21:42:21.534, 21096, 100
2026/08/04 21:42:22.535, 21096, 96
2026/08/04 21:42:23.537, 21096, 100
2026/08/04 21:42:24.538, 21096, 100
2026/08/04 21:42:25.539, 21096, 100
2026/08/04 21:42:26.541, 21096, 100
2026/08/04 21:42:27.542, 21096, 100
2026/08/04 21:42:28.544, 21096, 83
2026/08/04 21:42:29.545, 21096, 57
2026/08/04 21:42:30.546, 21096, 100
2026/08/04 21:42:31.548, 21096, 100
2026/08/04 21:42:32.549, 21096, 100
2026/08/04 21:42:33.551, 21096, 67
2026/08/04 21:42:34.552, 21096, 100
2026/08/04 21:42:35.553, 21096, 100
2026/08/04 21:42:36.554, 21096, 84
2026/08/04 21:42:37.554, 21096, 86
2026/08/04 21:42:38.555, 21096, 100
2026/08/04 21:42:39.556, 21096, 100
2026/08/04 21:42:40.557, 21096, 100
2026/08/04 21:42:41.558, 21096, 99
2026/08/04 21:42:42.560, 21096, 92
2026/08/04 21:42:43.561, 21096, 100
2026/08/04 21:42:44.563, 21096, 100
2026/08/04 21:42:45.564, 21096, 85
2026/08/04 21:42:46.564, 21096, 90
2026/08/04 21:42:47.566, 21096, 100
2026/08/04 21:42:48.566, 21096, 100
2026/08/04 21:42:49.566, 21096, 100
2026/08/04 21:42:50.567, 21096, 100
2026/08/04 21:42:51.567, 21096, 100
2026/08/04 21:42:52.567, 21096, 100
2026/08/04 21:42:53.568, 21096, 85
2026/08/04 21:42:54.568, 21096, 100
2026/08/04 21:42:55.568, 21096, 100
2026/08/04 21:42:56.568, 21096, 100
2026/08/04 21:42:57.569, 21096, 84
2026/08/04 21:42:58.569, 21096, 100
2026/08/04 21:42:59.570, 21096, 100
2026/08/04 21:43:00.572, 21096, 100
2026/08/04 21:43:01.573, 21096, 100
2026/08/04 21:43:02.574, 21096, 100
2026/08/04 21:43:03.576, 21096, 100
2026/08/04 21:43:04.576, 21096, 100
2026/08/04 21:43:05.576, 21096, 100
2026/08/04 21:43:06.577, 21096, 100
2026/08/04 21:43:07.577, 21096, 100
2026/08/04 21:43:08.577, 21096, 100
2026/08/04 21:43:09.578, 21096, 78
2026/08/04 21:43:10.578, 21096, 84
2026/08/04 21:43:11.578, 21096, 100
2026/08/04 21:43:12.579, 21096, 100
2026/08/04 21:43:13.579, 21096, 100
2026/08/04 21:43:14.579, 21096, 100
2026/08/04 21:43:15.580, 21096, 100
2026/08/04 21:43:16.580, 21096, 100
2026/08/04 21:43:17.581, 21096, 100
2026/08/04 21:43:18.581, 21096, 100
2026/08/04 21:43:19.581, 21096, 100
2026/08/04 21:43:20.582, 21096, 100
2026/08/04 21:43:21.582, 21096, 100
2026/08/04 21:43:22.582, 21096, 100
2026/08/04 21:43:23.583, 21096, 100
2026/08/04 21:43:24.583, 21096, 100
2026/08/04 21:43:25.583, 21096, 100
2026/08/04 21:43:26.584, 21096, 100
2026/08/04 21:43:27.584, 21096, 83
2026/08/04 21:43:28.584, 21096, 92
2026/08/04 21:43:29.584, 21096, 84
2026/08/04 21:43:30.585, 21096, 100
2026/08/04 21:43:31.585, 21096, 100
2026/08/04 21:43:32.585, 21096, 100
2026/08/04 21:43:33.586, 21096, 100
2026/08/04 21:43:34.586, 21096, 100
2026/08/04 21:43:35.586, 21096, 86
2026/08/04 21:43:36.586, 21096, 100
2026/08/04 21:43:37.587, 21096, 100
2026/08/04 21:43:38.587, 21096, 100
2026/08/04 21:43:39.587, 21096, 100
2026/08/04 21:43:40.588, 21096, 100
2026/08/04 21:43:41.588, 21096, 100
2026/08/04 21:43:42.588, 21096, 59
2026/08/04 21:43:43.589, 21096, 83
2026/08/04 21:43:44.589, 21096, 100
2026/08/04 21:43:45.589, 21096, 100
2026/08/04 21:43:46.590, 21096, 100
2026/08/04 21:43:47.590, 21096, 100
2026/08/04 21:43:48.590, 21096, 100
2026/08/04 21:43:49.591, 21096, 100
2026/08/04 21:43:50.591, 21096, 100
2026/08/04 21:43:51.591, 21096, 100
2026/08/04 21:43:52.591, 21096, 100
2026/08/04 21:43:53.592, 21096, 100
2026/08/04 21:43:54.592, 21096, 73
2026/08/04 21:43:55.592, 21096, 100
2026/08/04 21:43:56.593, 21096, 82
2026/08/04 21:43:57.593, 21096, 100
2026/08/04 21:43:58.593, 21096, 84
2026/08/04 21:43:59.594, 21096, 100
2026/08/04 21:44:00.594, 21096, 100
2026/08/04 21:44:01.594, 21096, 100
2026/08/04 21:44:02.595, 21096, 100
2026/08/04 21:44:03.595, 21096, 100
2026/08/04 21:44:04.595, 21096, 100
2026/08/04 21:44:05.597, 21096, 100
2026/08/04 21:44:06.597, 21096, 100
2026/08/04 21:44:07.598, 21096, 100
2026/08/04 21:44:08.598, 21096, 100
2026/08/04 21:44:09.598, 21096, 100
2026/08/04 21:44:10.598, 21096, 100
2026/08/04 21:44:11.599, 21096, 100
2026/08/04 21:44:12.599, 21096, 100
2026/08/04 21:44:13.599, 21096, 100
2026/08/04 21:44:14.600, 21096, 90
2026/08/04 21:44:15.600, 21096, 100
2026/08/04 21:44:16.600, 21096, 100
2026/08/04 21:44:17.600, 21096, 100
2026/08/04 21:44:18.601, 21096, 100
2026/08/04 21:44:19.601, 21096, 92
2026/08/04 21:44:20.603, 21096, 89
2026/08/04 21:44:21.603, 21096, 100
2026/08/04 21:44:22.603, 21096, 70
2026/08/04 21:44:23.603, 21096, 100
2026/08/04 21:44:24.604, 21096, 100
2026/08/04 21:44:25.605, 21096, 100
2026/08/04 21:44:26.605, 21096, 100
2026/08/04 21:44:27.605, 21096, 100
2026/08/04 21:44:28.606, 21096, 100
2026/08/04 21:44:29.606, 21096, 100
2026/08/04 21:44:30.606, 21096, 100
2026/08/04 21:44:31.606, 21096, 100
2026/08/04 21:44:32.607, 21096, 90
2026/08/04 21:44:33.607, 21096, 100
2026/08/04 21:44:34.607, 21096, 100
2026/08/04 21:44:35.608, 21096, 100
2026/08/04 21:44:36.608, 21096, 100
2026/08/04 21:44:37.608, 21096, 84
2026/08/04 21:44:38.609, 21096, 100
2026/08/04 21:44:39.609, 21096, 100
2026/08/04 21:44:40.609, 21096, 100
2026/08/04 21:44:41.609, 21096, 100
2026/08/04 21:44:42.610, 21096, 100
2026/08/04 21:44:43.610, 21096, 100
2026/08/04 21:44:44.610, 21096, 83
2026/08/04 21:44:45.610, 21096, 99
2026/08/04 21:44:46.611, 21096, 100
2026/08/04 21:44:47.611, 21096, 100
2026/08/04 21:44:48.611, 21096, 100
2026/08/04 21:44:49.612, 21096, 100
2026/08/04 21:44:50.612, 21096, 100
2026/08/04 21:44:51.612, 21096, 100
2026/08/04 21:44:52.612, 21096, 100
2026/08/04 21:44:53.613, 21096, 100
2026/08/04 21:44:54.613, 21096, 100
2026/08/04 21:44:55.613, 21096, 100
2026/08/04 21:44:56.613, 21096, 100
2026/08/04 21:44:57.614, 21096, 83
2026/08/04 21:44:58.614, 21096, 82
2026/08/04 21:44:59.614, 21096, 100
2026/08/04 21:45:00.615, 21096, 100
2026/08/04 21:45:01.616, 21096, 100
2026/08/04 21:45:02.616, 21096, 100
2026/08/04 21:45:03.616, 21096, 100
2026/08/04 21:45:04.616, 21096, 100
2026/08/04 21:45:05.617, 21096, 100
2026/08/04 21:45:06.617, 21096, 100
2026/08/04 21:45:07.617, 21096, 100
2026/08/04 21:45:08.618, 21096, 100
2026/08/04 21:45:09.619, 21096, 100
2026/08/04 21:45:10.619, 21096, 100
2026/08/04 21:45:11.620, 21096, 100
2026/08/04 21:45:12.620, 21096, 100
2026/08/04 21:45:13.621, 21096, 62
2026/08/04 21:45:14.621, 21096, 100
2026/08/04 21:45:15.621, 21096, 100
2026/08/04 21:45:16.621, 21096, 100
2026/08/04 21:45:17.622, 21096, 100
2026/08/04 21:45:18.622, 21096, 84
2026/08/04 21:45:19.622, 21096, 100
2026/08/04 21:45:20.623, 21096, 100
2026/08/04 21:45:21.624, 21096, 100
2026/08/04 21:45:22.624, 21096, 100
2026/08/04 21:45:23.624, 21096, 100
2026/08/04 21:45:24.624, 21096, 100
2026/08/04 21:45:25.625, 21096, 82
2026/08/04 21:45:26.625, 21096, 100
2026/08/04 21:45:27.626, 21096, 100
2026/08/04 21:45:28.626, 21096, 100
2026/08/04 21:45:29.626, 21096, 100
2026/08/04 21:45:30.628, 21096, 100
2026/08/04 21:45:31.629, 21096, 100
2026/08/04 21:45:32.629, 21096, 100
2026/08/04 21:45:33.629, 21096, 100
2026/08/04 21:45:34.629, 21096, 100
2026/08/04 21:45:35.634, 21096, 100
2026/08/04 21:45:36.634, 21096, 100
2026/08/04 21:45:37.634, 21096, 100
2026/08/04 21:45:38.634, 21096, 100
2026/08/04 21:45:39.635, 21096, 100
2026/08/04 21:45:40.635, 21096, 100
2026/08/04 21:45:41.635, 21096, 83
2026/08/04 21:45:42.635, 21096, 100
2026/08/04 21:45:43.636, 21096, 100
2026/08/04 21:45:44.636, 21096, 100
2026/08/04 21:45:45.637, 21096, 100
2026/08/04 21:45:46.637, 21096, 100
2026/08/04 21:45:47.637, 21096, 85
2026/08/04 21:45:48.637, 21096, 100
2026/08/04 21:45:49.638, 21096, 100
2026/08/04 21:45:50.638, 21096, 100
2026/08/04 21:45:51.638, 21096, 100
2026/08/04 21:45:52.639, 21096, 100
2026/08/04 21:45:53.639, 21096, 100
2026/08/04 21:45:54.639, 21096, 84
2026/08/04 21:45:55.641, 21096, 100
2026/08/04 21:45:56.642, 21096, 100
2026/08/04 21:45:57.642, 21096, 100
2026/08/04 21:45:58.642, 21096, 100
2026/08/04 21:45:59.643, 21096, 100
2026/08/04 21:46:00.643, 21096, 100
2026/08/04 21:46:01.643, 21096, 100
2026/08/04 21:46:02.644, 21096, 81
2026/08/04 21:46:03.644, 21096, 80
2026/08/04 21:46:04.644, 21096, 100
2026/08/04 21:46:05.645, 21096, 100
2026/08/04 21:46:06.645, 21096, 100
2026/08/04 21:46:07.645, 21096, 100
2026/08/04 21:46:08.646, 21096, 100
2026/08/04 21:46:09.646, 21096, 64
2026/08/04 21:46:10.646, 21096, 100
2026/08/04 21:46:11.647, 21096, 100
2026/08/04 21:46:12.647, 21096, 85
2026/08/04 21:46:13.647, 21096, 100
2026/08/04 21:46:14.647, 21096, 99
2026/08/04 21:46:15.648, 21096, 99
2026/08/04 21:46:16.648, 21096, 100
2026/08/04 21:46:17.648, 21096, 100
2026/08/04 21:46:18.648, 21096, 100
2026/08/04 21:46:19.649, 21096, 100
2026/08/04 21:46:20.649, 21096, 100
2026/08/04 21:46:21.650, 21096, 100
2026/08/04 21:46:22.650, 21096, 100
2026/08/04 21:46:23.650, 21096, 100
2026/08/04 21:46:24.651, 21096, 100
2026/08/04 21:46:25.651, 21096, 100
2026/08/04 21:46:26.651, 21096, 100
2026/08/04 21:46:27.652, 21096, 100
2026/08/04 21:46:28.652, 21096, 100
2026/08/04 21:46:29.652, 21096, 84
2026/08/04 21:46:30.653, 21096, 100
2026/08/04 21:46:31.653, 21096, 100
2026/08/04 21:46:32.653, 21096, 100
2026/08/04 21:46:33.653, 21096, 100
2026/08/04 21:46:34.654, 21096, 100
2026/08/04 21:46:35.654, 21096, 100
2026/08/04 21:46:36.654, 21096, 100
2026/08/04 21:46:37.655, 21096, 100
2026/08/04 21:46:38.655, 21096, 100
2026/08/04 21:46:39.655, 21096, 100
2026/08/04 21:46:40.655, 21096, 95
2026/08/04 21:46:41.656, 21096, 100
2026/08/04 21:46:42.656, 21096, 100
2026/08/04 21:46:43.656, 21096, 100
2026/08/04 21:46:44.657, 21096, 100
2026/08/04 21:46:45.657, 21096, 100
2026/08/04 21:46:46.657, 21096, 100
2026/08/04 21:46:47.658, 21096, 100
2026/08/04 21:46:48.658, 21096, 100
2026/08/04 21:46:49.658, 21096, 100
2026/08/04 21:46:50.658, 21096, 100
2026/08/04 21:46:51.659, 21096, 100
2026/08/04 21:46:52.659, 21096, 100
2026/08/04 21:46:53.659, 21096, 100
2026/08/04 21:46:54.660, 21096, 100
2026/08/04 21:46:55.660, 21096, 100
2026/08/04 21:46:56.660, 21096, 100
2026/08/04 21:46:57.661, 21096, 100
2026/08/04 21:46:58.661, 21096, 79
2026/08/04 21:46:59.661, 21096, 100
2026/08/04 21:47:00.661, 21096, 100
2026/08/04 21:47:01.662, 21096, 100
2026/08/04 21:47:02.662, 21096, 100
2026/08/04 21:47:03.662, 21096, 83
2026/08/04 21:47:04.663, 21096, 100
2026/08/04 21:47:05.663, 21096, 100
2026/08/04 21:47:06.663, 21096, 87
2026/08/04 21:47:07.664, 21096, 100
2026/08/04 21:47:08.664, 21096, 100
2026/08/04 21:47:09.664, 21096, 100
2026/08/04 21:47:10.664, 21096, 100
2026/08/04 21:47:11.665, 21096, 100
2026/08/04 21:47:12.665, 21096, 100
2026/08/04 21:47:13.665, 21096, 100
2026/08/04 21:47:14.666, 21096, 100
2026/08/04 21:47:15.666, 21096, 100
2026/08/04 21:47:16.666, 21096, 100
2026/08/04 21:47:17.666, 21096, 100
2026/08/04 21:47:18.667, 21096, 100
2026/08/04 21:47:19.667, 21096, 100
2026/08/04 21:47:20.667, 21096, 100
2026/08/04 21:47:21.667, 21096, 100
2026/08/04 21:47:22.668, 21096, 100
2026/08/04 21:47:23.668, 21096, 100
2026/08/04 21:47:24.668, 21096, 100
2026/08/04 21:47:25.669, 21096, 70
2026/08/04 21:47:26.669, 21096, 100
2026/08/04 21:47:27.669, 21096, 96
2026/08/04 21:47:28.670, 21096, 100
2026/08/04 21:47:29.670, 21096, 100
2026/08/04 21:47:30.670, 21096, 100
2026/08/04 21:47:31.670, 21096, 86
2026/08/04 21:47:32.671, 21096, 100
2026/08/04 21:47:33.671, 21096, 100
2026/08/04 21:47:34.671, 21096, 100
2026/08/04 21:47:35.672, 21096, 100
2026/08/04 21:47:36.672, 21096, 100
2026/08/04 21:47:37.672, 21096, 100
2026/08/04 21:47:38.673, 21096, 100
2026/08/04 21:47:39.673, 21096, 100
2026/08/04 21:47:40.673, 21096, 100
2026/08/04 21:47:41.673, 21096, 100
2026/08/04 21:47:42.674, 21096, 100
2026/08/04 21:47:43.674, 21096, 85
2026/08/04 21:47:44.674, 21096, 100
2026/08/04 21:47:45.675, 21096, 100
2026/08/04 21:47:46.675, 21096, 100
2026/08/04 21:47:47.675, 21096, 100
2026/08/04 21:47:48.676, 21096, 100
2026/08/04 21:47:49.676, 21096, 100
2026/08/04 21:47:50.676, 21096, 100
2026/08/04 21:47:51.676, 21096, 65
2026/08/04 21:47:52.677, 21096, 100
2026/08/04 21:47:53.677, 21096, 85
2026/08/04 21:47:54.677, 21096, 64
2026/08/04 21:47:55.678, 21096, 98
2026/08/04 21:47:56.678, 21096, 100
2026/08/04 21:47:57.678, 21096, 100
2026/08/04 21:47:58.678, 21096, 85
2026/08/04 21:47:59.679, 21096, 100
2026/08/04 21:48:00.679, 21096, 100
2026/08/04 21:48:01.679, 21096, 85
2026/08/04 21:48:02.679, 21096, 100
2026/08/04 21:48:03.680, 21096, 84
2026/08/04 21:48:04.680, 21096, 85
2026/08/04 21:48:05.680, 21096, 100
2026/08/04 21:48:06.680, 21096, 84
2026/08/04 21:48:07.681, 21096, 85
2026/08/04 21:48:08.681, 21096, 100
2026/08/04 21:48:09.681, 21096, 82
2026/08/04 21:48:10.682, 21096, 87
2026/08/04 21:48:11.682, 21096, 100
2026/08/04 21:48:12.682, 21096, 64
2026/08/04 21:48:13.682, 21096, 100
2026/08/04 21:48:14.683, 21096, 99
2026/08/04 21:48:15.683, 21096, 100
2026/08/04 21:48:16.683, 21096, 100
2026/08/04 21:48:17.683, 21096, 100
2026/08/04 21:48:18.684, 21096, 100
2026/08/04 21:48:19.684, 21096, 85
2026/08/04 21:48:20.684, 21096, 100
2026/08/04 21:48:21.685, 21096, 88
2026/08/04 21:48:22.685, 21096, 100
2026/08/04 21:48:23.685, 21096, 100
2026/08/04 21:48:24.685, 21096, 100
2026/08/04 21:48:25.686, 21096, 84
2026/08/04 21:48:26.686, 21096, 85
2026/08/04 21:48:27.686, 21096, 63
2026/08/04 21:48:28.686, 21096, 100
2026/08/04 21:48:29.687, 21096, 100
2026/08/04 21:48:30.687, 21096, 100
2026/08/04 21:48:31.687, 21096, 86
2026/08/04 21:48:32.687, 21096, 100
2026/08/04 21:48:33.688, 21096, 100
2026/08/04 21:48:34.688, 21096, 100
2026/08/04 21:48:35.688, 21096, 100
2026/08/04 21:48:36.688, 21096, 93
2026/08/04 21:48:37.689, 21096, 99
2026/08/04 21:48:38.689, 21096, 84
2026/08/04 21:48:39.689, 21096, 100
2026/08/04 21:48:40.689, 21096, 100
2026/08/04 21:48:41.690, 21096, 100
2026/08/04 21:48:42.690, 21096, 100
2026/08/04 21:48:43.691, 21096, 85
2026/08/04 21:48:44.691, 21096, 100
2026/08/04 21:48:45.691, 21096, 100
2026/08/04 21:48:46.691, 21096, 83
2026/08/04 21:48:47.692, 21096, 85
2026/08/04 21:48:48.692, 21096, 100
2026/08/04 21:48:49.692, 21096, 100
2026/08/04 21:48:50.693, 21096, 64
2026/08/04 21:48:51.693, 21096, 100
2026/08/04 21:48:52.693, 21096, 100
2026/08/04 21:48:53.693, 21096, 100
2026/08/04 21:48:54.694, 21096, 100
2026/08/04 21:48:55.694, 21096, 100
2026/08/04 21:48:56.694, 21096, 100
2026/08/04 21:48:57.694, 21096, 60
2026/08/04 21:48:58.695, 21096, 100
2026/08/04 21:48:59.695, 21096, 100
2026/08/04 21:49:00.695, 21096, 100
2026/08/04 21:49:01.695, 21096, 100
2026/08/04 21:49:02.696, 21096, 100
2026/08/04 21:49:03.696, 21096, 83
2026/08/04 21:49:04.696, 21096, 100
2026/08/04 21:49:05.697, 21096, 100
2026/08/04 21:49:06.697, 21096, 100
2026/08/04 21:49:07.697, 21096, 100
2026/08/04 21:49:08.697, 21096, 100
2026/08/04 21:49:09.698, 21096, 85
2026/08/04 21:49:10.698, 21096, 100
2026/08/04 21:49:11.698, 21096, 82
2026/08/04 21:49:12.699, 21096, 100
2026/08/04 21:49:13.699, 21096, 100
2026/08/04 21:49:14.699, 21096, 100
2026/08/04 21:49:15.700, 21096, 59
2026/08/04 21:49:16.700, 21096, 100
2026/08/04 21:49:17.700, 21096, 100
2026/08/04 21:49:18.701, 21096, 100
2026/08/04 21:49:19.701, 21096, 100
2026/08/04 21:49:20.701, 21096, 100
2026/08/04 21:49:21.702, 21096, 87
2026/08/04 21:49:22.702, 21096, 100
2026/08/04 21:49:23.702, 21096, 100
2026/08/04 21:49:24.703, 21096, 100
2026/08/04 21:49:25.703, 21096, 100
2026/08/04 21:49:26.703, 21096, 100
2026/08/04 21:49:27.704, 21096, 100
2026/08/04 21:49:28.704, 21096, 100
2026/08/04 21:49:29.704, 21096, 100
2026/08/04 21:49:30.705, 21096, 100
2026/08/04 21:49:31.705, 21096, 100
2026/08/04 21:49:32.705, 21096, 100
2026/08/04 21:49:33.706, 21096, 100
2026/08/04 21:49:34.706, 21096, 100
2026/08/04 21:49:35.706, 21096, 100
2026/08/04 21:49:36.707, 21096, 100
2026/08/04 21:49:37.707, 21096, 100
2026/08/04 21:49:38.707, 21096, 100
2026/08/04 21:49:39.708, 21096, 100
2026/08/04 21:49:40.708, 21096, 100
2026/08/04 21:49:41.709, 21096, 85
2026/08/04 21:49:42.709, 21096, 83
2026/08/04 21:49:43.709, 21096, 84
2026/08/04 21:49:44.710, 21096, 100
2026/08/04 21:49:45.710, 21096, 100
2026/08/04 21:49:46.710, 21096, 100
2026/08/04 21:49:47.711, 21096, 100
2026/08/04 21:49:48.711, 21096, 100
2026/08/04 21:49:49.711, 21096, 100
2026/08/04 21:49:50.712, 21096, 100
2026/08/04 21:49:51.712, 21096, 100
2026/08/04 21:49:52.712, 21096, 100
2026/08/04 21:49:53.713, 21096, 100
2026/08/04 21:49:54.713, 21096, 100
2026/08/04 21:49:55.713, 21096, 100
2026/08/04 21:49:56.714, 21096, 100
2026/08/04 21:49:57.714, 21096, 85
2026/08/04 21:49:58.714, 21096, 100
2026/08/04 21:49:59.715, 21096, 100
2026/08/04 21:50:00.715, 21096, 100
2026/08/04 21:50:01.715, 21096, 100
2026/08/04 21:50:02.716, 21096, 100
2026/08/04 21:50:03.716, 21096, 100
2026/08/04 21:50:04.717, 21096, 100
2026/08/04 21:50:05.717, 21096, 100
2026/08/04 21:50:06.717, 21096, 86
2026/08/04 21:50:07.718, 21096, 100
2026/08/04 21:50:08.718, 21096, 100
2026/08/04 21:50:09.718, 21096, 100
2026/08/04 21:50:10.719, 21096, 100
2026/08/04 21:50:11.719, 21096, 100
2026/08/04 21:50:12.719, 21096, 85
2026/08/04 21:50:13.720, 21096, 85
2026/08/04 21:50:14.720, 21096, 85
2026/08/04 21:50:15.720, 21096, 100
2026/08/04 21:50:16.721, 21096, 100
2026/08/04 21:50:17.721, 21096, 100
2026/08/04 21:50:18.721, 21096, 100
2026/08/04 21:50:19.722, 21096, 100
2026/08/04 21:50:20.722, 21096, 100
2026/08/04 21:50:21.722, 21096, 100
2026/08/04 21:50:22.723, 21096, 85
2026/08/04 21:50:23.723, 21096, 100
2026/08/04 21:50:24.723, 21096, 100
2026/08/04 21:50:25.724, 21096, 68
2026/08/04 21:50:26.724, 21096, 100
2026/08/04 21:50:27.724, 21096, 100
2026/08/04 21:50:28.725, 21096, 100
2026/08/04 21:50:29.725, 21096, 100
2026/08/04 21:50:30.725, 21096, 100
2026/08/04 21:50:31.726, 21096, 100
2026/08/04 21:50:32.726, 21096, 100
2026/08/04 21:50:33.726, 21096, 100
2026/08/04 21:50:34.727, 21096, 100
2026/08/04 21:50:35.727, 21096, 100
2026/08/04 21:50:36.727, 21096, 100
2026/08/04 21:50:37.728, 21096, 100
2026/08/04 21:50:38.728, 21096, 100
2026/08/04 21:50:39.728, 21096, 100
2026/08/04 21:50:40.729, 21096, 100
2026/08/04 21:50:41.729, 21096, 100
2026/08/04 21:50:42.729, 21096, 85
2026/08/04 21:50:43.730, 21096, 100
2026/08/04 21:50:44.730, 21096, 100
2026/08/04 21:50:45.730, 21096, 100
2026/08/04 21:50:46.731, 21096, 100
2026/08/04 21:50:47.731, 21096, 100
2026/08/04 21:50:48.731, 21096, 100
2026/08/04 21:50:49.732, 21096, 85
2026/08/04 21:50:50.732, 21096, 100
2026/08/04 21:50:51.732, 21096, 100
2026/08/04 21:50:52.733, 21096, 100
2026/08/04 21:50:53.733, 21096, 100
2026/08/04 21:50:54.733, 21096, 100
2026/08/04 21:50:55.734, 21096, 100
2026/08/04 21:50:56.734, 21096, 85
2026/08/04 21:50:57.734, 21096, 86
2026/08/04 21:50:58.735, 21096, 100
2026/08/04 21:50:59.735, 21096, 100
2026/08/04 21:51:00.735, 21096, 100
2026/08/04 21:51:01.736, 21096, 100
2026/08/04 21:51:02.736, 21096, 100
2026/08/04 21:51:03.736, 21096, 100
2026/08/04 21:51:04.737, 21096, 100
2026/08/04 21:51:05.737, 21096, 100
2026/08/04 21:51:06.737, 21096, 100
2026/08/04 21:51:07.738, 21096, 100
2026/08/04 21:51:08.738, 21096, 100
2026/08/04 21:51:09.738, 21096, 100
2026/08/04 21:51:10.739, 21096, 99
2026/08/04 21:51:11.739, 21096, 100
2026/08/04 21:51:12.739, 21096, 100
2026/08/04 21:51:13.740, 21096, 85
2026/08/04 21:51:14.740, 21096, 100
2026/08/04 21:51:15.740, 21096, 87
2026/08/04 21:51:16.741, 21096, 100
2026/08/04 21:51:17.741, 21096, 86
2026/08/04 21:51:18.741, 21096, 100
2026/08/04 21:51:19.742, 21096, 100
2026/08/04 21:51:20.742, 21096, 100
2026/08/04 21:51:21.743, 21096, 100
2026/08/04 21:51:22.743, 21096, 100
2026/08/04 21:51:23.743, 21096, 100
2026/08/04 21:51:24.744, 21096, 100
2026/08/04 21:51:25.744, 21096, 100
2026/08/04 21:51:26.744, 21096, 100
2026/08/04 21:51:27.745, 21096, 100
2026/08/04 21:51:28.745, 21096, 100
2026/08/04 21:51:29.745, 21096, 100
2026/08/04 21:51:30.746, 21096, 100
2026/08/04 21:51:31.746, 21096, 100
2026/08/04 21:51:32.746, 21096, 100
2026/08/04 21:51:33.747, 21096, 100
2026/08/04 21:51:34.747, 21096, 85
2026/08/04 21:51:35.747, 21096, 100
2026/08/04 21:51:36.748, 21096, 100
2026/08/04 21:51:37.748, 21096, 100
2026/08/04 21:51:38.748, 21096, 85
2026/08/04 21:51:39.749, 21096, 100
2026/08/04 21:51:40.768, 21096, 100
2026/08/04 21:51:41.768, 21096, 100
2026/08/04 21:51:42.768, 21096, 100
2026/08/04 21:51:43.769, 21096, 100
2026/08/04 21:51:44.769, 21096, 100
2026/08/04 21:51:45.769, 21096, 100
2026/08/04 21:51:46.770, 21096, 100
2026/08/04 21:51:47.770, 21096, 100
2026/08/04 21:51:48.770, 21096, 100
2026/08/04 21:51:49.771, 21096, 76
2026/08/04 21:51:50.771, 21096, 100
2026/08/04 21:51:51.771, 21096, 100
2026/08/04 21:51:52.772, 21096, 100
2026/08/04 21:51:53.772, 21096, 100
2026/08/04 21:51:54.772, 21096, 100
2026/08/04 21:51:55.773, 21096, 100
2026/08/04 21:51:56.773, 21096, 100
2026/08/04 21:51:57.773, 21096, 100
2026/08/04 21:51:58.773, 21096, 86
2026/08/04 21:51:59.773, 21096, 100
2026/08/04 21:52:00.774, 21096, 100
2026/08/04 21:52:01.774, 21096, 100
2026/08/04 21:52:02.774, 21096, 92
2026/08/04 21:52:03.775, 21096, 100
2026/08/04 21:52:04.775, 21096, 100
2026/08/04 21:52:05.775, 21096, 85
2026/08/04 21:52:06.775, 21096, 86
2026/08/04 21:52:07.776, 21096, 100
2026/08/04 21:52:08.776, 21096, 100
2026/08/04 21:52:09.776, 21096, 100
2026/08/04 21:52:10.776, 21096, 100
2026/08/04 21:52:11.777, 21096, 100
2026/08/04 21:52:12.777, 21096, 65
2026/08/04 21:52:13.777, 21096, 100
2026/08/04 21:52:14.778, 21096, 100
2026/08/04 21:52:15.778, 21096, 100
2026/08/04 21:52:16.778, 21096, 100
2026/08/04 21:52:17.779, 21096, 100
2026/08/04 21:52:18.779, 21096, 100
2026/08/04 21:52:19.779, 21096, 85
2026/08/04 21:52:20.780, 21096, 100
2026/08/04 21:52:21.780, 21096, 100
2026/08/04 21:52:22.780, 21096, 78
2026/08/04 21:52:23.781, 21096, 100
2026/08/04 21:52:24.781, 21096, 100
2026/08/04 21:52:25.781, 21096, 100
2026/08/04 21:52:26.782, 21096, 100
2026/08/04 21:52:27.782, 21096, 100
2026/08/04 21:52:28.782, 21096, 100
2026/08/04 21:52:29.783, 21096, 100
2026/08/04 21:52:30.783, 21096, 100
2026/08/04 21:52:31.783, 21096, 85
2026/08/04 21:52:32.784, 21096, 100
2026/08/04 21:52:33.784, 21096, 100
2026/08/04 21:52:34.806, 21096, 100
2026/08/04 21:52:35.806, 21096, 100
2026/08/04 21:52:36.807, 21096, 100
2026/08/04 21:52:37.807, 21096, 85
2026/08/04 21:52:38.807, 21096, 61
2026/08/04 21:52:39.808, 21096, 100
2026/08/04 21:52:40.808, 21096, 100
2026/08/04 21:52:41.808, 21096, 100
2026/08/04 21:52:42.808, 21096, 100
2026/08/04 21:52:43.808, 21096, 86
2026/08/04 21:52:44.809, 21096, 100
2026/08/04 21:52:45.809, 21096, 100
2026/08/04 21:52:46.809, 21096, 100
2026/08/04 21:52:47.810, 21096, 100
2026/08/04 21:52:48.810, 21096, 100
2026/08/04 21:52:49.810, 21096, 100
2026/08/04 21:52:50.810, 21096, 100
2026/08/04 21:52:51.811, 21096, 88
2026/08/04 21:52:52.811, 21096, 100
2026/08/04 21:52:53.811, 21096, 96
2026/08/04 21:52:54.812, 21096, 100
2026/08/04 21:52:55.812, 21096, 100
2026/08/04 21:52:56.813, 21096, 100
2026/08/04 21:52:57.813, 21096, 100
2026/08/04 21:52:58.813, 21096, 100
2026/08/04 21:52:59.813, 21096, 85
2026/08/04 21:53:00.814, 21096, 100
2026/08/04 21:53:01.814, 21096, 100
2026/08/04 21:53:02.814, 21096, 97
2026/08/04 21:53:03.815, 21096, 100
2026/08/04 21:53:04.815, 21096, 100
2026/08/04 21:53:05.815, 21096, 100
2026/08/04 21:53:06.816, 21096, 100
2026/08/04 21:53:07.816, 21096, 100
2026/08/04 21:53:08.816, 21096, 100
2026/08/04 21:53:09.816, 21096, 100
2026/08/04 21:53:10.817, 21096, 100
2026/08/04 21:53:11.817, 21096, 100
2026/08/04 21:53:12.817, 21096, 84
2026/08/04 21:53:13.904, 21096, 100
2026/08/04 21:53:14.904, 21096, 100
2026/08/04 21:53:15.905, 21096, 100
2026/08/04 21:53:16.905, 21096, 93
2026/08/04 21:53:17.905, 21096, 100
2026/08/04 21:53:18.905, 21096, 100
2026/08/04 21:53:19.906, 21096, 85
2026/08/04 21:53:20.906, 21096, 96
2026/08/04 21:53:21.906, 21096, 100
2026/08/04 21:53:22.907, 21096, 100
2026/08/04 21:53:23.907, 21096, 100
2026/08/04 21:53:24.907, 21096, 85
2026/08/04 21:53:25.907, 21096, 67
2026/08/04 21:53:26.908, 21096, 100
2026/08/04 21:53:27.908, 21096, 100
2026/08/04 21:53:28.908, 21096, 100
2026/08/04 21:53:29.909, 21096, 97
2026/08/04 21:53:30.909, 21096, 100
2026/08/04 21:53:31.909, 21096, 100
2026/08/04 21:53:32.909, 21096, 100
2026/08/04 21:53:33.910, 21096, 100
2026/08/04 21:53:34.910, 21096, 100
2026/08/04 21:53:35.910, 21096, 81
2026/08/04 21:53:36.910, 21096, 100
2026/08/04 21:53:37.911, 21096, 100
2026/08/04 21:53:38.911, 21096, 100
2026/08/04 21:53:39.911, 21096, 100
2026/08/04 21:53:40.911, 21096, 100
2026/08/04 21:53:41.912, 21096, 100
2026/08/04 21:53:42.912, 21096, 100
2026/08/04 21:53:43.912, 21096, 100
2026/08/04 21:53:44.913, 21096, 100
2026/08/04 21:53:45.913, 21096, 100
2026/08/04 21:53:46.913, 21096, 100
2026/08/04 21:53:47.913, 21096, 100
2026/08/04 21:53:48.914, 21096, 100
2026/08/04 21:53:49.914, 21096, 100
2026/08/04 21:53:50.914, 21096, 100
2026/08/04 21:53:51.915, 21096, 100
2026/08/04 21:53:52.915, 21096, 100
2026/08/04 21:53:53.915, 21096, 100
2026/08/04 21:53:54.916, 21096, 100
2026/08/04 21:53:55.916, 21096, 100
2026/08/04 21:53:56.916, 21096, 100
2026/08/04 21:53:57.916, 21096, 85
2026/08/04 21:53:58.917, 21096, 100
2026/08/04 21:53:59.917, 21096, 85
2026/08/04 21:54:00.917, 21096, 95
2026/08/04 21:54:01.920, 21096, 100
2026/08/04 21:54:02.921, 21096, 100
2026/08/04 21:54:03.921, 21096, 100
2026/08/04 21:54:04.921, 21096, 84
2026/08/04 21:54:05.921, 21096, 82
2026/08/04 21:54:06.922, 21096, 100
2026/08/04 21:54:07.922, 21096, 100
2026/08/04 21:54:08.922, 21096, 84
2026/08/04 21:54:09.923, 21096, 100
2026/08/04 21:54:10.923, 21096, 100
2026/08/04 21:54:11.923, 21096, 100
2026/08/04 21:54:12.923, 21096, 100
2026/08/04 21:54:13.924, 21096, 100
2026/08/04 21:54:14.924, 21096, 100
2026/08/04 21:54:15.924, 21096, 100
2026/08/04 21:54:16.925, 21096, 100
2026/08/04 21:54:17.925, 21096, 100
2026/08/04 21:54:18.925, 21096, 100
2026/08/04 21:54:19.925, 21096, 100
2026/08/04 21:54:20.926, 21096, 100
2026/08/04 21:54:21.926, 21096, 100
2026/08/04 21:54:22.926, 21096, 100
2026/08/04 21:54:23.926, 21096, 68
2026/08/04 21:54:24.926, 21096, 100
2026/08/04 21:54:25.927, 21096, 100
2026/08/04 21:54:26.927, 21096, 89
2026/08/04 21:54:27.927, 21096, 65
2026/08/04 21:54:28.928, 21096, 100
2026/08/04 21:54:29.928, 21096, 100
2026/08/04 21:54:30.928, 21096, 100
2026/08/04 21:54:31.929, 21096, 100
2026/08/04 21:54:32.929, 21096, 85
2026/08/04 21:54:33.929, 21096, 100
2026/08/04 21:54:34.929, 21096, 85
2026/08/04 21:54:35.930, 21096, 100
2026/08/04 21:54:36.930, 21096, 100
2026/08/04 21:54:37.930, 21096, 5
2026/08/04 21:54:38.930, 21096, 84
2026/08/04 21:54:39.930, 21096, 100
2026/08/04 21:54:40.931, 21096, 100
2026/08/04 21:54:41.931, 21096, 100
2026/08/04 21:54:42.931, 21096, 100
2026/08/04 21:54:43.931, 21096, 100
2026/08/04 21:54:44.932, 21096, 100
2026/08/04 21:54:45.932, 21096, 100
2026/08/04 21:54:46.935, 21096, 100
2026/08/04 21:54:47.935, 21096, 100
2026/08/04 21:54:48.936, 21096, 100
2026/08/04 21:54:49.936, 21096, 100
2026/08/04 21:54:50.936, 21096, 100
2026/08/04 21:54:51.937, 21096, 100
2026/08/04 21:54:52.937, 21096, 100
2026/08/04 21:54:53.937, 21096, 100
2026/08/04 21:54:54.937, 21096, 100
2026/08/04 21:54:55.938, 21096, 100
2026/08/04 21:54:56.938, 21096, 100
2026/08/04 21:54:57.938, 21096, 100
2026/08/04 21:54:58.938, 21096, 100
2026/08/04 21:54:59.939, 21096, 94
2026/08/04 21:55:00.939, 21096, 100
2026/08/04 21:55:01.939, 21096, 100
2026/08/04 21:55:02.940, 21096, 100
2026/08/04 21:55:03.940, 21096, 100
2026/08/04 21:55:04.940, 21096, 100
2026/08/04 21:55:05.940, 21096, 100
2026/08/04 21:55:06.941, 21096, 100
2026/08/04 21:55:07.941, 21096, 100
2026/08/04 21:55:08.941, 21096, 100
2026/08/04 21:55:09.941, 21096, 100
2026/08/04 21:55:10.942, 21096, 100
2026/08/04 21:55:11.942, 21096, 100
2026/08/04 21:55:12.942, 21096, 86
2026/08/04 21:55:13.943, 21096, 100
2026/08/04 21:55:14.943, 21096, 100
2026/08/04 21:55:15.943, 21096, 100
2026/08/04 21:55:16.943, 21096, 100
2026/08/04 21:55:17.944, 21096, 100
2026/08/04 21:55:18.944, 21096, 100
2026/08/04 21:55:19.944, 21096, 100
2026/08/04 21:55:20.944, 21096, 100
2026/08/04 21:55:21.945, 21096, 100
2026/08/04 21:55:22.945, 21096, 100
2026/08/04 21:55:23.945, 21096, 100
2026/08/04 21:55:24.945, 21096, 100
2026/08/04 21:55:25.946, 21096, 100
2026/08/04 21:55:26.946, 21096, 100
2026/08/04 21:55:27.946, 21096, 100
2026/08/04 21:55:28.946, 21096, 100
2026/08/04 21:55:29.947, 21096, 85
2026/08/04 21:55:30.947, 21096, 100
2026/08/04 21:55:31.947, 21096, 100
2026/08/04 21:55:32.947, 21096, 85
2026/08/04 21:55:33.948, 21096, 100
2026/08/04 21:55:34.948, 21096, 66
2026/08/04 21:55:35.948, 21096, 100
2026/08/04 21:55:36.948, 21096, 98
2026/08/04 21:55:37.949, 21096, 100
2026/08/04 21:55:38.949, 21096, 66
2026/08/04 21:55:39.949, 21096, 100
2026/08/04 21:55:40.950, 21096, 100
2026/08/04 21:55:41.950, 21096, 100
2026/08/04 21:55:42.950, 21096, 100
2026/08/04 21:55:43.950, 21096, 100
2026/08/04 21:55:44.951, 21096, 100
2026/08/04 21:55:45.951, 21096, 84
2026/08/04 21:55:46.951, 21096, 93
2026/08/04 21:55:47.952, 21096, 86
2026/08/04 21:55:48.952, 21096, 100
2026/08/04 21:55:49.952, 21096, 100
2026/08/04 21:55:50.952, 21096, 100
2026/08/04 21:55:51.953, 21096, 100
2026/08/04 21:55:52.953, 21096, 100
2026/08/04 21:55:53.953, 21096, 100
2026/08/04 21:55:54.954, 21096, 63
2026/08/04 21:55:55.954, 21096, 85
2026/08/04 21:55:56.954, 21096, 100
2026/08/04 21:55:57.955, 21096, 100
2026/08/04 21:55:58.955, 21096, 100
2026/08/04 21:55:59.955, 21096, 100
2026/08/04 21:56:00.955, 21096, 100
2026/08/04 21:56:01.956, 21096, 90
2026/08/04 21:56:02.956, 21096, 100
2026/08/04 21:56:03.956, 21096, 100
2026/08/04 21:56:04.957, 21096, 100
2026/08/04 21:56:05.957, 21096, 100
2026/08/04 21:56:06.957, 21096, 100
2026/08/04 21:56:07.958, 21096, 100
2026/08/04 21:56:08.958, 21096, 100
2026/08/04 21:56:09.958, 21096, 100
2026/08/04 21:56:10.958, 21096, 100
2026/08/04 21:56:11.959, 21096, 84
2026/08/04 21:56:12.959, 21096, 84
2026/08/04 21:56:13.959, 21096, 100
2026/08/04 21:56:14.960, 21096, 81
2026/08/04 21:56:15.960, 21096, 100
2026/08/04 21:56:16.960, 21096, 100
2026/08/04 21:56:17.961, 21096, 100
2026/08/04 21:56:18.961, 21096, 84
2026/08/04 21:56:19.961, 21096, 100
2026/08/04 21:56:20.962, 21096, 100
2026/08/04 21:56:21.962, 21096, 100
2026/08/04 21:56:22.962, 21096, 100
2026/08/04 21:56:23.963, 21096, 100
2026/08/04 21:56:24.963, 21096, 100
2026/08/04 21:56:25.963, 21096, 100
2026/08/04 21:56:26.963, 21096, 85
2026/08/04 21:56:27.964, 21096, 100
2026/08/04 21:56:28.964, 21096, 100
2026/08/04 21:56:29.964, 21096, 100
2026/08/04 21:56:30.965, 21096, 100
2026/08/04 21:56:31.965, 21096, 84
2026/08/04 21:56:32.965, 21096, 100
2026/08/04 21:56:33.966, 21096, 85
2026/08/04 21:56:34.966, 21096, 100
2026/08/04 21:56:35.967, 21096, 100
2026/08/04 21:56:36.967, 21096, 100
2026/08/04 21:56:37.967, 21096, 100
2026/08/04 21:56:38.967, 21096, 99
2026/08/04 21:56:39.968, 21096, 100
2026/08/04 21:56:40.968, 21096, 100
2026/08/04 21:56:41.968, 21096, 64
2026/08/04 21:56:42.968, 21096, 100
2026/08/04 21:56:43.969, 21096, 100
2026/08/04 21:56:44.969, 21096, 87
2026/08/04 21:56:45.969, 21096, 100
2026/08/04 21:56:46.969, 21096, 100
2026/08/04 21:56:47.970, 21096, 100
2026/08/04 21:56:48.970, 21096, 100
2026/08/04 21:56:49.970, 21096, 60
2026/08/04 21:56:50.970, 21096, 100
2026/08/04 21:56:51.971, 21096, 100
2026/08/04 21:56:52.971, 21096, 100
2026/08/04 21:56:53.971, 21096, 100
2026/08/04 21:56:54.972, 21096, 100
2026/08/04 21:56:55.972, 21096, 86
2026/08/04 21:56:56.972, 21096, 100
2026/08/04 21:56:57.972, 21096, 100
2026/08/04 21:56:58.973, 21096, 100
2026/08/04 21:56:59.973, 21096, 100
2026/08/04 21:57:00.973, 21096, 100
2026/08/04 21:57:01.973, 21096, 100
2026/08/04 21:57:02.974, 21096, 100
2026/08/04 21:57:03.974, 21096, 100
2026/08/04 21:57:04.974, 21096, 100
2026/08/04 21:57:05.974, 21096, 64
2026/08/04 21:57:06.975, 21096, 79
2026/08/04 21:57:07.975, 21096, 100
2026/08/04 21:57:08.975, 21096, 100
2026/08/04 21:57:09.975, 21096, 100
2026/08/04 21:57:10.976, 21096, 100
2026/08/04 21:57:11.976, 21096, 100
2026/08/04 21:57:12.976, 21096, 100
2026/08/04 21:57:13.976, 21096, 100
2026/08/04 21:57:14.977, 21096, 100
2026/08/04 21:57:15.977, 21096, 100
2026/08/04 21:57:16.977, 21096, 100
2026/08/04 21:57:17.977, 21096, 100
2026/08/04 21:57:18.978, 21096, 67
2026/08/04 21:57:19.978, 21096, 100
2026/08/04 21:57:20.978, 21096, 100
2026/08/04 21:57:21.979, 21096, 80
2026/08/04 21:57:22.979, 21096, 100
2026/08/04 21:57:23.979, 21096, 100
2026/08/04 21:57:24.979, 21096, 100
2026/08/04 21:57:25.980, 21096, 91
2026/08/04 21:57:26.980, 21096, 100
2026/08/04 21:57:27.980, 21096, 100
2026/08/04 21:57:28.980, 21096, 100
2026/08/04 21:57:29.981, 21096, 100
2026/08/04 21:57:30.981, 21096, 100
2026/08/04 21:57:31.981, 21096, 100
2026/08/04 21:57:32.981, 21096, 100
2026/08/04 21:57:33.982, 21096, 100
2026/08/04 21:57:34.982, 21096, 100
2026/08/04 21:57:35.982, 21096, 100
2026/08/04 21:57:36.982, 21096, 82
2026/08/04 21:57:37.982, 21096, 100
2026/08/04 21:57:38.983, 21096, 100
2026/08/04 21:57:39.983, 21096, 100
2026/08/04 21:57:40.983, 21096, 100
2026/08/04 21:57:41.983, 21096, 100
2026/08/04 21:57:42.984, 21096, 100
2026/08/04 21:57:43.984, 21096, 100
2026/08/04 21:57:44.984, 21096, 100
2026/08/04 21:57:45.984, 21096, 100
2026/08/04 21:57:46.985, 21096, 82
2026/08/04 21:57:47.985, 21096, 100
2026/08/04 21:57:48.985, 21096, 100
2026/08/04 21:57:49.985, 21096, 100
2026/08/04 21:57:50.985, 21096, 100
2026/08/04 21:57:51.986, 21096, 100
2026/08/04 21:57:52.987, 21096, 63
2026/08/04 21:57:53.987, 21096, 84
2026/08/04 21:57:54.987, 21096, 100
2026/08/04 21:57:55.988, 21096, 100
2026/08/04 21:57:56.988, 21096, 84
2026/08/04 21:57:57.989, 21096, 100
2026/08/04 21:57:58.989, 21096, 100
2026/08/04 21:57:59.989, 21096, 100
2026/08/04 21:58:00.990, 21096, 100
2026/08/04 21:58:01.990, 21096, 100
2026/08/04 21:58:02.990, 21096, 100
2026/08/04 21:58:03.990, 21096, 100
2026/08/04 21:58:04.991, 21096, 100
2026/08/04 21:58:05.991, 21096, 100
2026/08/04 21:58:06.991, 21096, 100
2026/08/04 21:58:07.992, 21096, 100
2026/08/04 21:58:08.992, 21096, 100
2026/08/04 21:58:09.992, 21096, 100
2026/08/04 21:58:10.992, 21096, 100
2026/08/04 21:58:11.993, 21096, 100
2026/08/04 21:58:12.993, 21096, 100
2026/08/04 21:58:13.993, 21096, 100
2026/08/04 21:58:14.994, 21096, 100
2026/08/04 21:58:15.994, 21096, 96
2026/08/04 21:58:16.994, 21096, 100
2026/08/04 21:58:17.994, 21096, 100
2026/08/04 21:58:18.995, 21096, 100
2026/08/04 21:58:19.995, 21096, 91
2026/08/04 21:58:20.995, 21096, 100
2026/08/04 21:58:21.995, 21096, 99
2026/08/04 21:58:22.996, 21096, 100
2026/08/04 21:58:23.996, 21096, 100
2026/08/04 21:58:24.996, 21096, 100
2026/08/04 21:58:25.996, 21096, 83
2026/08/04 21:58:26.997, 21096, 100
2026/08/04 21:58:27.997, 21096, 100
2026/08/04 21:58:28.997, 21096, 100
2026/08/04 21:58:29.997, 21096, 100
2026/08/04 21:58:30.998, 21096, 70
2026/08/04 21:58:31.998, 21096, 83
2026/08/04 21:58:32.998, 21096, 100
2026/08/04 21:58:33.998, 21096, 100
2026/08/04 21:58:34.999, 21096, 100
2026/08/04 21:58:35.999, 21096, 100
2026/08/04 21:58:36.999, 21096, 100
2026/08/04 21:58:37.999, 21096, 100
2026/08/04 21:58:39.000, 21096, 100
2026/08/04 21:58:40.000, 21096, 100
2026/08/04 21:58:41.000, 21096, 100
2026/08/04 21:58:42.001, 21096, 100
2026/08/04 21:58:43.001, 21096, 83
2026/08/04 21:58:44.001, 21096, 100
2026/08/04 21:58:45.002, 21096, 100
2026/08/04 21:58:46.002, 21096, 100
2026/08/04 21:58:47.002, 21096, 83
2026/08/04 21:58:48.002, 21096, 100
2026/08/04 21:58:49.003, 21096, 63
2026/08/04 21:58:50.003, 21096, 100
2026/08/04 21:58:51.003, 21096, 78
2026/08/04 21:58:52.003, 21096, 100
2026/08/04 21:58:53.004, 21096, 84
2026/08/04 21:58:54.004, 21096, 100
2026/08/04 21:58:55.004, 21096, 100
2026/08/04 21:58:56.004, 21096, 100
2026/08/04 21:58:57.005, 21096, 100
2026/08/04 21:58:58.005, 21096, 100
2026/08/04 21:58:59.005, 21096, 100
2026/08/04 21:59:00.005, 21096, 85
2026/08/04 21:59:01.006, 21096, 100
2026/08/04 21:59:02.006, 21096, 100
2026/08/04 21:59:03.006, 21096, 100
2026/08/04 21:59:04.007, 21096, 100
2026/08/04 21:59:05.007, 21096, 100
2026/08/04 21:59:06.007, 21096, 100
2026/08/04 21:59:07.008, 21096, 100
2026/08/04 21:59:08.008, 21096, 100
2026/08/04 21:59:09.011, 21096, 100
2026/08/04 21:59:10.012, 21096, 100
2026/08/04 21:59:11.012, 21096, 100
2026/08/04 21:59:12.012, 21096, 100
2026/08/04 21:59:13.013, 21096, 65
2026/08/04 21:59:14.013, 21096, 100
2026/08/04 21:59:15.013, 21096, 100
2026/08/04 21:59:16.014, 21096, 100
2026/08/04 21:59:17.014, 21096, 100
2026/08/04 21:59:18.014, 21096, 100
2026/08/04 21:59:19.015, 21096, 85
2026/08/04 21:59:20.015, 21096, 100
2026/08/04 21:59:21.015, 21096, 100
2026/08/04 21:59:22.016, 21096, 84
2026/08/04 21:59:23.016, 21096, 100
2026/08/04 21:59:24.016, 21096, 100
2026/08/04 21:59:25.016, 21096, 100
2026/08/04 21:59:26.017, 21096, 86
2026/08/04 21:59:27.017, 21096, 100
2026/08/04 21:59:28.017, 21096, 100
2026/08/04 21:59:29.017, 21096, 100
2026/08/04 21:59:30.018, 21096, 100
2026/08/04 21:59:31.018, 21096, 83
2026/08/04 21:59:32.018, 21096, 100
2026/08/04 21:59:33.018, 21096, 100
2026/08/04 21:59:34.019, 21096, 100
2026/08/04 21:59:35.019, 21096, 100
2026/08/04 21:59:36.019, 21096, 100
2026/08/04 21:59:37.019, 21096, 64
2026/08/04 21:59:38.019, 21096, 100
2026/08/04 21:59:39.020, 21096, 100
2026/08/04 21:59:40.020, 21096, 100
2026/08/04 21:59:41.020, 21096, 100
2026/08/04 21:59:42.021, 21096, 100
2026/08/04 21:59:43.021, 21096, 100
2026/08/04 21:59:44.021, 21096, 100
2026/08/04 21:59:45.021, 21096, 100
2026/08/04 21:59:46.022, 21096, 100
2026/08/04 21:59:47.022, 21096, 100
2026/08/04 21:59:48.022, 21096, 100
2026/08/04 21:59:49.022, 21096, 100
2026/08/04 21:59:50.023, 21096, 100
2026/08/04 21:59:51.023, 21096, 100
2026/08/04 21:59:52.024, 21096, 100
2026/08/04 21:59:53.024, 21096, 100
2026/08/04 21:59:54.030, 21096, 100
2026/08/04 21:59:55.030, 21096, 100
2026/08/04 21:59:56.031, 21096, 100
2026/08/04 21:59:57.031, 21096, 100
2026/08/04 21:59:58.032, 21096, 100
2026/08/04 21:59:59.033, 21096, 81
2026/08/04 22:00:00.034, 21096, 85
2026/08/04 22:00:01.034, 21096, 100
2026/08/04 22:00:02.034, 21096, 100
2026/08/04 22:00:03.034, 21096, 100
2026/08/04 22:00:04.035, 21096, 100
2026/08/04 22:00:05.035, 21096, 100
2026/08/04 22:00:06.035, 21096, 100
2026/08/04 22:00:07.036, 21096, 100
2026/08/04 22:00:08.036, 21096, 100
2026/08/04 22:00:09.036, 21096, 70
2026/08/04 22:00:10.037, 21096, 100
2026/08/04 22:00:11.037, 21096, 100
2026/08/04 22:00:12.038, 21096, 100
2026/08/04 22:00:13.040, 21096, 100
2026/08/04 22:00:14.040, 21096, 100
2026/08/04 22:00:15.040, 21096, 100
2026/08/04 22:00:16.041, 21096, 100
2026/08/04 22:00:17.041, 21096, 100
2026/08/04 22:00:18.041, 21096, 100
2026/08/04 22:00:19.041, 21096, 100
2026/08/04 22:00:20.042, 21096, 92
2026/08/04 22:00:21.042, 21096, 100
2026/08/04 22:00:22.042, 21096, 100
2026/08/04 22:00:23.043, 21096, 100
2026/08/04 22:00:24.043, 21096, 100
2026/08/04 22:00:25.043, 21096, 100
2026/08/04 22:00:26.044, 21096, 100
2026/08/04 22:00:27.044, 21096, 100
2026/08/04 22:00:28.044, 21096, 100
2026/08/04 22:00:29.045, 21096, 100
2026/08/04 22:00:30.045, 21096, 100
2026/08/04 22:00:31.045, 21096, 100
2026/08/04 22:00:32.045, 21096, 100
2026/08/04 22:00:33.046, 21096, 98
2026/08/04 22:00:34.046, 21096, 100
2026/08/04 22:00:35.046, 21096, 99
2026/08/04 22:00:36.047, 21096, 100
2026/08/04 22:00:37.047, 21096, 100
2026/08/04 22:00:38.047, 21096, 100
2026/08/04 22:00:39.051, 21096, 100
2026/08/04 22:00:40.051, 21096, 100
2026/08/04 22:00:41.052, 21096, 100
2026/08/04 22:00:42.052, 21096, 100
2026/08/04 22:00:43.052, 21096, 100
2026/08/04 22:00:44.053, 21096, 100
2026/08/04 22:00:45.053, 21096, 100
2026/08/04 22:00:46.053, 21096, 100
2026/08/04 22:00:47.053, 21096, 100
2026/08/04 22:00:48.054, 21096, 100
2026/08/04 22:00:49.054, 21096, 100
2026/08/04 22:00:50.055, 21096, 66
2026/08/04 22:00:51.055, 21096, 85
2026/08/04 22:00:52.055, 21096, 64
2026/08/04 22:00:53.056, 21096, 100
2026/08/04 22:00:54.057, 21096, 65
2026/08/04 22:00:55.057, 21096, 100
2026/08/04 22:00:56.058, 21096, 100
2026/08/04 22:00:57.058, 21096, 100
2026/08/04 22:00:58.059, 21096, 100
2026/08/04 22:00:59.059, 21096, 100
2026/08/04 22:01:00.059, 21096, 100
2026/08/04 22:01:01.059, 21096, 100
2026/08/04 22:01:02.060, 21096, 100
2026/08/04 22:01:03.060, 21096, 100
2026/08/04 22:01:04.060, 21096, 100
2026/08/04 22:01:05.061, 21096, 98
2026/08/04 22:01:06.061, 21096, 100
2026/08/04 22:01:07.061, 21096, 100
2026/08/04 22:01:08.061, 21096, 100
2026/08/04 22:01:09.062, 21096, 100
2026/08/04 22:01:10.062, 21096, 100
2026/08/04 22:01:11.062, 21096, 100
2026/08/04 22:01:12.063, 21096, 86
2026/08/04 22:01:13.063, 21096, 100
2026/08/04 22:01:14.063, 21096, 100
2026/08/04 22:01:15.063, 21096, 100
2026/08/04 22:01:16.063, 21096, 100
2026/08/04 22:01:17.064, 21096, 100
2026/08/04 22:01:18.064, 21096, 74
2026/08/04 22:01:19.064, 21096, 100
2026/08/04 22:01:20.065, 21096, 100
2026/08/04 22:01:21.065, 21096, 100
2026/08/04 22:01:22.065, 21096, 100
2026/08/04 22:01:23.066, 21096, 89
2026/08/04 22:01:24.066, 21096, 100
2026/08/04 22:01:25.066, 21096, 100
2026/08/04 22:01:26.066, 21096, 100
2026/08/04 22:01:27.067, 21096, 100
2026/08/04 22:01:28.067, 21096, 100
2026/08/04 22:01:29.067, 21096, 100
2026/08/04 22:01:30.068, 21096, 100
2026/08/04 22:01:31.068, 21096, 100
2026/08/04 22:01:32.068, 21096, 84
2026/08/04 22:01:33.068, 21096, 100
2026/08/04 22:01:34.069, 21096, 100
2026/08/04 22:01:35.069, 21096, 86
2026/08/04 22:01:36.069, 21096, 100
2026/08/04 22:01:37.069, 21096, 100
2026/08/04 22:01:38.070, 21096, 100
2026/08/04 22:01:39.070, 21096, 99
2026/08/04 22:01:40.070, 21096, 100
2026/08/04 22:01:41.070, 21096, 100
2026/08/04 22:01:42.071, 21096, 100
2026/08/04 22:01:43.071, 21096, 100
2026/08/04 22:01:44.071, 21096, 100
2026/08/04 22:01:45.071, 21096, 100
2026/08/04 22:01:46.071, 21096, 100
2026/08/04 22:01:47.072, 21096, 100
2026/08/04 22:01:48.072, 21096, 100
2026/08/04 22:01:49.072, 21096, 100
2026/08/04 22:01:50.072, 21096, 100
2026/08/04 22:01:51.073, 21096, 100
2026/08/04 22:01:52.073, 21096, 100
2026/08/04 22:01:53.093, 21096, 100
2026/08/04 22:01:54.093, 21096, 100
2026/08/04 22:01:55.094, 21096, 100
2026/08/04 22:01:56.094, 21096, 100
2026/08/04 22:01:57.094, 21096, 95
2026/08/04 22:01:58.094, 21096, 100
2026/08/04 22:01:59.094, 21096, 100
2026/08/04 22:02:00.095, 21096, 100
2026/08/04 22:02:01.095, 21096, 100
2026/08/04 22:02:02.095, 21096, 100
2026/08/04 22:02:03.095, 21096, 100
2026/08/04 22:02:04.096, 21096, 100
2026/08/04 22:02:05.096, 21096, 100
2026/08/04 22:02:06.096, 21096, 100
2026/08/04 22:02:07.096, 21096, 85
2026/08/04 22:02:08.096, 21096, 100
2026/08/04 22:02:09.097, 21096, 100
2026/08/04 22:02:10.097, 21096, 100
2026/08/04 22:02:11.097, 21096, 95
2026/08/04 22:02:12.097, 21096, 100
2026/08/04 22:02:13.098, 21096, 100
2026/08/04 22:02:14.098, 21096, 100
2026/08/04 22:02:15.098, 21096, 100
2026/08/04 22:02:16.098, 21096, 66
2026/08/04 22:02:17.099, 21096, 100
2026/08/04 22:02:18.099, 21096, 67
2026/08/04 22:02:19.099, 21096, 100
2026/08/04 22:02:20.100, 21096, 100
2026/08/04 22:02:21.100, 21096, 100
2026/08/04 22:02:22.100, 21096, 100
2026/08/04 22:02:23.101, 21096, 100
2026/08/04 22:02:24.101, 21096, 100
2026/08/04 22:02:25.101, 21096, 83
2026/08/04 22:02:26.102, 21096, 100
2026/08/04 22:02:27.102, 21096, 100
2026/08/04 22:02:28.102, 21096, 100
2026/08/04 22:02:29.102, 21096, 100
2026/08/04 22:02:30.103, 21096, 100
2026/08/04 22:02:31.103, 21096, 100
2026/08/04 22:02:32.119, 21096, 100
2026/08/04 22:02:33.120, 21096, 69
2026/08/04 22:02:34.120, 21096, 100
2026/08/04 22:02:35.120, 21096, 100
2026/08/04 22:02:36.120, 21096, 100
2026/08/04 22:02:37.121, 21096, 100
2026/08/04 22:02:38.121, 21096, 100
2026/08/04 22:02:39.122, 21096, 100
2026/08/04 22:02:40.122, 21096, 100
2026/08/04 22:02:41.122, 21096, 100
2026/08/04 22:02:42.123, 21096, 100
2026/08/04 22:02:43.123, 21096, 100
2026/08/04 22:02:44.123, 21096, 100
2026/08/04 22:02:45.126, 21096, 100
2026/08/04 22:02:46.127, 21096, 100
2026/08/04 22:02:47.127, 21096, 100
2026/08/04 22:02:48.127, 21096, 100
2026/08/04 22:02:49.128, 21096, 100
2026/08/04 22:02:50.128, 21096, 100
2026/08/04 22:02:51.128, 21096, 100
2026/08/04 22:02:52.129, 21096, 100
2026/08/04 22:02:53.129, 21096, 100
2026/08/04 22:02:54.129, 21096, 100
2026/08/04 22:02:55.130, 21096, 100
2026/08/04 22:02:56.130, 21096, 100
2026/08/04 22:02:57.130, 21096, 100
2026/08/04 22:02:58.131, 21096, 100
2026/08/04 22:02:59.131, 21096, 100
2026/08/04 22:03:00.132, 21096, 100
2026/08/04 22:03:01.132, 21096, 100
2026/08/04 22:03:02.132, 21096, 100
2026/08/04 22:03:03.133, 21096, 100
2026/08/04 22:03:04.133, 21096, 100
2026/08/04 22:03:05.134, 21096, 100
2026/08/04 22:03:06.134, 21096, 90
2026/08/04 22:03:07.134, 21096, 100
2026/08/04 22:03:08.135, 21096, 100
2026/08/04 22:03:09.135, 21096, 100
2026/08/04 22:03:10.135, 21096, 100
2026/08/04 22:03:11.136, 21096, 100
2026/08/04 22:03:12.136, 21096, 100
2026/08/04 22:03:13.136, 21096, 100
2026/08/04 22:03:14.137, 21096, 100
2026/08/04 22:03:15.137, 21096, 67
2026/08/04 22:03:16.137, 21096, 100
2026/08/04 22:03:17.138, 21096, 100
2026/08/04 22:03:18.138, 21096, 77
2026/08/04 22:03:19.138, 21096, 100
2026/08/04 22:03:20.138, 21096, 79
2026/08/04 22:03:21.139, 21096, 100
2026/08/04 22:03:22.139, 21096, 100
2026/08/04 22:03:23.139, 21096, 100
2026/08/04 22:03:24.139, 21096, 100
2026/08/04 22:03:25.142, 21096, 100
2026/08/04 22:03:26.142, 21096, 85
2026/08/04 22:03:27.143, 21096, 100
2026/08/04 22:03:28.143, 21096, 100
2026/08/04 22:03:29.143, 21096, 100
2026/08/04 22:03:30.144, 21096, 100
2026/08/04 22:03:31.145, 21096, 100
2026/08/04 22:03:32.145, 21096, 100
2026/08/04 22:03:33.145, 21096, 100
2026/08/04 22:03:34.145, 21096, 100
2026/08/04 22:03:35.147, 21096, 100
2026/08/04 22:03:36.147, 21096, 100
2026/08/04 22:03:37.147, 21096, 85
2026/08/04 22:03:38.148, 21096, 100
2026/08/04 22:03:39.148, 21096, 100
2026/08/04 22:03:40.149, 21096, 100
2026/08/04 22:03:41.150, 21096, 100
2026/08/04 22:03:42.150, 21096, 100
2026/08/04 22:03:43.150, 21096, 100
2026/08/04 22:03:44.151, 21096, 100
2026/08/04 22:03:45.152, 21096, 100
2026/08/04 22:03:46.152, 21096, 100
2026/08/04 22:03:47.152, 21096, 86
2026/08/04 22:03:48.152, 21096, 100
2026/08/04 22:03:49.153, 21096, 100
2026/08/04 22:03:50.153, 21096, 100
2026/08/04 22:03:51.153, 21096, 100
2026/08/04 22:03:52.154, 21096, 100
2026/08/04 22:03:53.154, 21096, 100
2026/08/04 22:03:54.154, 21096, 100
2026/08/04 22:03:55.154, 21096, 100
2026/08/04 22:03:56.155, 21096, 100
2026/08/04 22:03:57.155, 21096, 100
2026/08/04 22:03:58.155, 21096, 100
2026/08/04 22:03:59.156, 21096, 100
2026/08/04 22:04:00.157, 21096, 100
2026/08/04 22:04:01.157, 21096, 100
2026/08/04 22:04:02.158, 21096, 100
2026/08/04 22:04:03.158, 21096, 86
2026/08/04 22:04:04.158, 21096, 100
2026/08/04 22:04:05.158, 21096, 100
2026/08/04 22:04:06.159, 21096, 100
2026/08/04 22:04:07.159, 21096, 67
2026/08/04 22:04:08.159, 21096, 98
2026/08/04 22:04:09.159, 21096, 69
2026/08/04 22:04:10.164, 21096, 100
2026/08/04 22:04:11.164, 21096, 100
2026/08/04 22:04:12.165, 21096, 100
2026/08/04 22:04:13.165, 21096, 100
2026/08/04 22:04:14.165, 21096, 100
2026/08/04 22:04:15.166, 21096, 100
2026/08/04 22:04:16.166, 21096, 100
2026/08/04 22:04:17.166, 21096, 100
2026/08/04 22:04:18.166, 21096, 85
2026/08/04 22:04:19.167, 21096, 100
2026/08/04 22:04:20.167, 21096, 100
2026/08/04 22:04:21.167, 21096, 100
2026/08/04 22:04:22.168, 21096, 100
2026/08/04 22:04:23.168, 21096, 85
2026/08/04 22:04:24.168, 21096, 85
2026/08/04 22:04:25.169, 21096, 100
2026/08/04 22:04:26.169, 21096, 100
2026/08/04 22:04:27.169, 21096, 66
2026/08/04 22:04:28.169, 21096, 100
2026/08/04 22:04:29.170, 21096, 100
2026/08/04 22:04:30.170, 21096, 100
2026/08/04 22:04:31.170, 21096, 100
2026/08/04 22:04:32.170, 21096, 100
2026/08/04 22:04:33.171, 21096, 85
2026/08/04 22:04:34.171, 21096, 100
2026/08/04 22:04:35.172, 21096, 100
2026/08/04 22:04:36.172, 21096, 100
2026/08/04 22:04:37.172, 21096, 83
2026/08/04 22:04:38.173, 21096, 100
2026/08/04 22:04:39.173, 21096, 100
2026/08/04 22:04:40.174, 21096, 100
2026/08/04 22:04:41.175, 21096, 100
2026/08/04 22:04:42.175, 21096, 100
2026/08/04 22:04:43.175, 21096, 100
2026/08/04 22:04:44.175, 21096, 100
2026/08/04 22:04:45.176, 21096, 100
2026/08/04 22:04:46.176, 21096, 100
2026/08/04 22:04:47.176, 21096, 100
2026/08/04 22:04:48.177, 21096, 100
2026/08/04 22:04:49.177, 21096, 100
2026/08/04 22:04:50.177, 21096, 100
2026/08/04 22:04:51.253, 21096, 100
2026/08/04 22:04:52.254, 21096, 100
2026/08/04 22:04:53.254, 21096, 100
2026/08/04 22:04:54.254, 21096, 100
2026/08/04 22:04:55.255, 21096, 95
2026/08/04 22:04:56.255, 21096, 100
2026/08/04 22:04:57.255, 21096, 100
2026/08/04 22:04:58.255, 21096, 100
2026/08/04 22:04:59.256, 21096, 100
2026/08/04 22:05:00.256, 21096, 83
2026/08/04 22:05:01.256, 21096, 100
2026/08/04 22:05:02.257, 21096, 100
2026/08/04 22:05:03.257, 21096, 89
2026/08/04 22:05:04.257, 21096, 100
2026/08/04 22:05:05.257, 21096, 100
2026/08/04 22:05:06.258, 21096, 94
2026/08/04 22:05:07.258, 21096, 85
2026/08/04 22:05:08.258, 21096, 100
2026/08/04 22:05:09.259, 21096, 100
2026/08/04 22:05:10.259, 21096, 84
2026/08/04 22:05:11.259, 21096, 100
2026/08/04 22:05:12.260, 21096, 100
2026/08/04 22:05:13.260, 21096, 100
2026/08/04 22:05:14.260, 21096, 100
2026/08/04 22:05:15.261, 21096, 100
2026/08/04 22:05:16.261, 21096, 100
2026/08/04 22:05:17.261, 21096, 100
2026/08/04 22:05:18.262, 21096, 100
2026/08/04 22:05:19.262, 21096, 100
2026/08/04 22:05:20.262, 21096, 85
2026/08/04 22:05:21.263, 21096, 100
2026/08/04 22:05:22.263, 21096, 100
2026/08/04 22:05:23.263, 21096, 100
2026/08/04 22:05:24.263, 21096, 100
2026/08/04 22:05:25.264, 21096, 85
2026/08/04 22:05:26.264, 21096, 100
2026/08/04 22:05:27.264, 21096, 100
2026/08/04 22:05:28.265, 21096, 100
2026/08/04 22:05:29.265, 21096, 100
2026/08/04 22:05:30.265, 21096, 100
2026/08/04 22:05:31.265, 21096, 100
2026/08/04 22:05:32.266, 21096, 63
2026/08/04 22:05:33.266, 21096, 100
2026/08/04 22:05:34.266, 21096, 100
2026/08/04 22:05:35.267, 21096, 100
2026/08/04 22:05:36.267, 21096, 100
2026/08/04 22:05:37.267, 21096, 100
2026/08/04 22:05:38.267, 21096, 100
2026/08/04 22:05:39.268, 21096, 100
2026/08/04 22:05:40.268, 21096, 100
2026/08/04 22:05:41.268, 21096, 100
2026/08/04 22:05:42.268, 21096, 72
2026/08/04 22:05:43.269, 21096, 100
2026/08/04 22:05:44.269, 21096, 100
2026/08/04 22:05:45.269, 21096, 100
2026/08/04 22:05:46.270, 21096, 100
2026/08/04 22:05:47.270, 21096, 64
2026/08/04 22:05:48.270, 21096, 100
2026/08/04 22:05:49.271, 21096, 100
2026/08/04 22:05:50.271, 21096, 100
2026/08/04 22:05:51.271, 21096, 100
2026/08/04 22:05:52.272, 21096, 100
2026/08/04 22:05:53.272, 21096, 100
2026/08/04 22:05:54.273, 21096, 100
2026/08/04 22:05:55.273, 21096, 100
2026/08/04 22:05:56.273, 21096, 100
2026/08/04 22:05:57.274, 21096, 100
2026/08/04 22:05:58.274, 21096, 100
2026/08/04 22:05:59.274, 21096, 71
2026/08/04 22:06:00.274, 21096, 83
2026/08/04 22:06:01.275, 21096, 100
2026/08/04 22:06:02.275, 21096, 100
2026/08/04 22:06:03.275, 21096, 100
2026/08/04 22:06:04.276, 21096, 100
2026/08/04 22:06:05.276, 21096, 100
2026/08/04 22:06:06.277, 21096, 100
2026/08/04 22:06:07.277, 21096, 100
2026/08/04 22:06:08.277, 21096, 100
2026/08/04 22:06:09.277, 21096, 100
2026/08/04 22:06:10.278, 21096, 82
2026/08/04 22:06:11.278, 21096, 95
2026/08/04 22:06:12.278, 21096, 100
2026/08/04 22:06:13.279, 21096, 100
2026/08/04 22:06:14.279, 21096, 100
2026/08/04 22:06:15.279, 21096, 100
2026/08/04 22:06:16.280, 21096, 100
2026/08/04 22:06:17.280, 21096, 84
2026/08/04 22:06:18.280, 21096, 100
2026/08/04 22:06:19.281, 21096, 100
2026/08/04 22:06:20.281, 21096, 100
2026/08/04 22:06:21.281, 21096, 100
2026/08/04 22:06:22.282, 21096, 100
2026/08/04 22:06:23.282, 21096, 100
2026/08/04 22:06:24.282, 21096, 100
2026/08/04 22:06:25.283, 21096, 69
2026/08/04 22:06:26.283, 21096, 100
2026/08/04 22:06:27.283, 21096, 100
2026/08/04 22:06:28.284, 21096, 100
2026/08/04 22:06:29.284, 21096, 100
2026/08/04 22:06:30.284, 21096, 100
2026/08/04 22:06:31.285, 21096, 70
2026/08/04 22:06:32.285, 21096, 100
2026/08/04 22:06:33.285, 21096, 100
2026/08/04 22:06:34.286, 21096, 100
2026/08/04 22:06:35.286, 21096, 100
2026/08/04 22:06:36.286, 21096, 100
2026/08/04 22:06:37.287, 21096, 100
2026/08/04 22:06:38.287, 21096, 100
2026/08/04 22:06:39.287, 21096, 100
2026/08/04 22:06:40.288, 21096, 100
2026/08/04 22:06:41.288, 21096, 100
2026/08/04 22:06:42.289, 21096, 100
2026/08/04 22:06:43.289, 21096, 100
2026/08/04 22:06:44.290, 21096, 100
2026/08/04 22:06:45.290, 21096, 100
2026/08/04 22:06:46.290, 21096, 100
2026/08/04 22:06:47.291, 21096, 100
2026/08/04 22:06:48.291, 21096, 84
2026/08/04 22:06:49.291, 21096, 100
2026/08/04 22:06:50.292, 21096, 100
2026/08/04 22:06:51.292, 21096, 100
2026/08/04 22:06:52.292, 21096, 100
2026/08/04 22:06:53.293, 21096, 100
2026/08/04 22:06:54.293, 21096, 100
2026/08/04 22:06:55.293, 21096, 100
2026/08/04 22:06:56.293, 21096, 84
2026/08/04 22:06:57.294, 21096, 100
2026/08/04 22:06:58.294, 21096, 100
2026/08/04 22:06:59.294, 21096, 100
2026/08/04 22:07:00.295, 21096, 100
2026/08/04 22:07:01.295, 21096, 83
2026/08/04 22:07:02.295, 21096, 100
2026/08/04 22:07:03.296, 21096, 86
2026/08/04 22:07:04.296, 21096, 100
2026/08/04 22:07:05.296, 21096, 100
2026/08/04 22:07:06.297, 21096, 100
2026/08/04 22:07:07.297, 21096, 100
2026/08/04 22:07:08.297, 21096, 100
2026/08/04 22:07:09.298, 21096, 100
2026/08/04 22:07:10.298, 21096, 100
2026/08/04 22:07:11.299, 21096, 100
2026/08/04 22:07:12.299, 21096, 100
2026/08/04 22:07:13.299, 21096, 100
2026/08/04 22:07:14.299, 21096, 100
2026/08/04 22:07:15.300, 21096, 100
2026/08/04 22:07:16.300, 21096, 100
2026/08/04 22:07:17.300, 21096, 100
2026/08/04 22:07:18.301, 21096, 100
2026/08/04 22:07:19.301, 21096, 100
2026/08/04 22:07:20.301, 21096, 96
2026/08/04 22:07:21.302, 21096, 100
2026/08/04 22:07:22.302, 21096, 100
2026/08/04 22:07:23.302, 21096, 100
2026/08/04 22:07:24.303, 21096, 100
2026/08/04 22:07:25.303, 21096, 100
2026/08/04 22:07:26.303, 21096, 100
2026/08/04 22:07:27.304, 21096, 100
2026/08/04 22:07:28.304, 21096, 100
2026/08/04 22:07:29.304, 21096, 100
2026/08/04 22:07:30.305, 21096, 100
2026/08/04 22:07:31.305, 21096, 100
2026/08/04 22:07:32.305, 21096, 100
2026/08/04 22:07:33.306, 21096, 84
2026/08/04 22:07:34.306, 21096, 100
2026/08/04 22:07:35.306, 21096, 100
2026/08/04 22:07:36.307, 21096, 100
2026/08/04 22:07:37.326, 21096, 100
2026/08/04 22:07:38.326, 21096, 100
2026/08/04 22:07:39.326, 21096, 100
2026/08/04 22:07:40.327, 21096, 100
2026/08/04 22:07:41.327, 21096, 100
2026/08/04 22:07:42.327, 21096, 100
2026/08/04 22:07:43.328, 21096, 100
2026/08/04 22:07:44.328, 21096, 100
2026/08/04 22:07:45.328, 21096, 100
2026/08/04 22:07:46.328, 21096, 100
2026/08/04 22:07:47.329, 21096, 100
2026/08/04 22:07:48.329, 21096, 100
2026/08/04 22:07:49.329, 21096, 100
2026/08/04 22:07:50.330, 21096, 100
2026/08/04 22:07:51.330, 21096, 82
2026/08/04 22:07:52.330, 21096, 100
2026/08/04 22:07:53.331, 21096, 100
2026/08/04 22:07:54.331, 21096, 100
2026/08/04 22:07:55.331, 21096, 100
2026/08/04 22:07:56.331, 21096, 91
2026/08/04 22:07:57.332, 21096, 100
2026/08/04 22:07:58.332, 21096, 100
2026/08/04 22:07:59.332, 21096, 100
2026/08/04 22:08:00.332, 21096, 100
2026/08/04 22:08:01.333, 21096, 100
2026/08/04 22:08:02.333, 21096, 100
2026/08/04 22:08:03.333, 21096, 100
2026/08/04 22:08:04.333, 21096, 100
2026/08/04 22:08:05.334, 21096, 100
2026/08/04 22:08:06.334, 21096, 100
2026/08/04 22:08:07.334, 21096, 100
2026/08/04 22:08:08.334, 21096, 100
2026/08/04 22:08:09.365, 21096, 100
2026/08/04 22:08:10.365, 21096, 100
2026/08/04 22:08:11.365, 21096, 90
2026/08/04 22:08:12.366, 21096, 100
2026/08/04 22:08:13.366, 21096, 100
2026/08/04 22:08:14.366, 21096, 100
2026/08/04 22:08:15.366, 21096, 100
2026/08/04 22:08:16.367, 21096, 82
2026/08/04 22:08:17.367, 21096, 85
2026/08/04 22:08:18.367, 21096, 100
2026/08/04 22:08:19.367, 21096, 65
2026/08/04 22:08:20.368, 21096, 100
2026/08/04 22:08:21.368, 21096, 100
2026/08/04 22:08:22.368, 21096, 100
2026/08/04 22:08:23.369, 21096, 100
2026/08/04 22:08:24.369, 21096, 100
2026/08/04 22:08:25.369, 21096, 100
2026/08/04 22:08:26.369, 21096, 63
2026/08/04 22:08:27.370, 21096, 100
2026/08/04 22:08:28.370, 21096, 100
2026/08/04 22:08:29.371, 21096, 100
2026/08/04 22:08:30.371, 21096, 84
2026/08/04 22:08:31.371, 21096, 100
2026/08/04 22:08:32.394, 21096, 100
2026/08/04 22:08:33.395, 21096, 100
2026/08/04 22:08:34.395, 21096, 100
2026/08/04 22:08:35.396, 21096, 100
2026/08/04 22:08:36.396, 21096, 100
2026/08/04 22:08:37.396, 21096, 100
2026/08/04 22:08:38.397, 21096, 100
2026/08/04 22:08:39.397, 21096, 100
2026/08/04 22:08:40.397, 21096, 100
2026/08/04 22:08:41.397, 21096, 72
2026/08/04 22:08:42.397, 21096, 100
2026/08/04 22:08:43.398, 21096, 90
2026/08/04 22:08:44.398, 21096, 100
2026/08/04 22:08:45.398, 21096, 100
2026/08/04 22:08:46.399, 21096, 100
2026/08/04 22:08:47.399, 21096, 100
2026/08/04 22:08:48.400, 21096, 100
2026/08/04 22:08:49.400, 21096, 100
2026/08/04 22:08:50.400, 21096, 100
2026/08/04 22:08:51.400, 21096, 100
2026/08/04 22:08:52.400, 21096, 100
2026/08/04 22:08:53.401, 21096, 100
2026/08/04 22:08:54.401, 21096, 100
2026/08/04 22:08:55.401, 21096, 100
2026/08/04 22:08:56.402, 21096, 100
2026/08/04 22:08:57.402, 21096, 85
2026/08/04 22:08:58.402, 21096, 100
2026/08/04 22:08:59.402, 21096, 100
2026/08/04 22:09:00.403, 21096, 100
2026/08/04 22:09:01.403, 21096, 100
2026/08/04 22:09:02.403, 21096, 100
2026/08/04 22:09:03.404, 21096, 84
2026/08/04 22:09:04.404, 21096, 84
2026/08/04 22:09:05.404, 21096, 85
2026/08/04 22:09:06.405, 21096, 100
2026/08/04 22:09:07.405, 21096, 100
2026/08/04 22:09:08.405, 21096, 100
2026/08/04 22:09:09.406, 21096, 100
2026/08/04 22:09:10.406, 21096, 83
2026/08/04 22:09:11.406, 21096, 100
2026/08/04 22:09:12.407, 21096, 100
2026/08/04 22:09:13.407, 21096, 100
2026/08/04 22:09:14.407, 21096, 82
2026/08/04 22:09:15.408, 21096, 100
2026/08/04 22:09:16.408, 21096, 84
2026/08/04 22:09:17.408, 21096, 100
2026/08/04 22:09:18.409, 21096, 86
2026/08/04 22:09:19.409, 21096, 100
2026/08/04 22:09:20.417, 21096, 100
2026/08/04 22:09:21.417, 21096, 100
2026/08/04 22:09:22.417, 21096, 100
2026/08/04 22:09:23.418, 21096, 100
2026/08/04 22:09:24.418, 21096, 84
2026/08/04 22:09:25.418, 21096, 100
2026/08/04 22:09:26.419, 21096, 100
2026/08/04 22:09:27.419, 21096, 100
2026/08/04 22:09:28.419, 21096, 100
2026/08/04 22:09:29.420, 21096, 100
2026/08/04 22:09:30.420, 21096, 100
2026/08/04 22:09:31.420, 21096, 100
2026/08/04 22:09:32.421, 21096, 100
2026/08/04 22:09:33.421, 21096, 100
2026/08/04 22:09:34.421, 21096, 100
2026/08/04 22:09:35.422, 21096, 100
2026/08/04 22:09:36.422, 21096, 100
2026/08/04 22:09:37.422, 21096, 86
2026/08/04 22:09:38.423, 21096, 100
2026/08/04 22:09:39.423, 21096, 100
2026/08/04 22:09:40.423, 21096, 100
2026/08/04 22:09:41.424, 21096, 100
2026/08/04 22:09:42.424, 21096, 100
2026/08/04 22:09:43.424, 21096, 100
2026/08/04 22:09:44.425, 21096, 87
2026/08/04 22:09:45.425, 21096, 100
2026/08/04 22:09:46.425, 21096, 100
2026/08/04 22:09:47.426, 21096, 100
2026/08/04 22:09:48.426, 21096, 100
2026/08/04 22:09:49.426, 21096, 100
2026/08/04 22:09:50.427, 21096, 100
2026/08/04 22:09:51.427, 21096, 100
2026/08/04 22:09:52.427, 21096, 100
2026/08/04 22:09:53.428, 21096, 100
2026/08/04 22:09:54.428, 21096, 100
2026/08/04 22:09:55.428, 21096, 100
2026/08/04 22:09:56.429, 21096, 100
2026/08/04 22:09:57.429, 21096, 100
2026/08/04 22:09:58.429, 21096, 93
2026/08/04 22:09:59.430, 21096, 100
2026/08/04 22:10:00.430, 21096, 100
2026/08/04 22:10:01.430, 21096, 100
2026/08/04 22:10:02.431, 21096, 100
2026/08/04 22:10:03.431, 21096, 100
2026/08/04 22:10:04.431, 21096, 65
2026/08/04 22:10:05.431, 21096, 85
2026/08/04 22:10:06.432, 21096, 86
2026/08/04 22:10:07.432, 21096, 100
2026/08/04 22:10:08.432, 21096, 100
2026/08/04 22:10:09.433, 21096, 85
2026/08/04 22:10:10.433, 21096, 100
2026/08/04 22:10:11.433, 21096, 100
2026/08/04 22:10:12.433, 21096, 100
2026/08/04 22:10:13.434, 21096, 100
2026/08/04 22:10:14.434, 21096, 100
2026/08/04 22:10:15.434, 21096, 100
2026/08/04 22:10:16.434, 21096, 100
2026/08/04 22:10:17.435, 21096, 100
2026/08/04 22:10:18.435, 21096, 100
2026/08/04 22:10:19.435, 21096, 100
2026/08/04 22:10:20.435, 21096, 83
2026/08/04 22:10:21.436, 21096, 78
2026/08/04 22:10:22.436, 21096, 100
2026/08/04 22:10:23.436, 21096, 100
2026/08/04 22:10:24.437, 21096, 100
2026/08/04 22:10:25.437, 21096, 100
2026/08/04 22:10:26.437, 21096, 100
2026/08/04 22:10:27.437, 21096, 100
2026/08/04 22:10:28.438, 21096, 100
2026/08/04 22:10:29.438, 21096, 100
2026/08/04 22:10:30.438, 21096, 100
2026/08/04 22:10:31.439, 21096, 100
2026/08/04 22:10:32.439, 21096, 100
2026/08/04 22:10:33.439, 21096, 100
2026/08/04 22:10:34.439, 21096, 100
2026/08/04 22:10:35.440, 21096, 100
2026/08/04 22:10:36.440, 21096, 100
2026/08/04 22:10:37.440, 21096, 100
2026/08/04 22:10:38.440, 21096, 100
2026/08/04 22:10:39.441, 21096, 100
2026/08/04 22:10:40.441, 21096, 100
2026/08/04 22:10:41.441, 21096, 100
2026/08/04 22:10:42.441, 21096, 100
2026/08/04 22:10:43.442, 21096, 100
2026/08/04 22:10:44.442, 21096, 85
2026/08/04 22:10:45.442, 21096, 100
2026/08/04 22:10:46.442, 21096, 100
2026/08/04 22:10:47.443, 21096, 100
2026/08/04 22:10:48.443, 21096, 100
2026/08/04 22:10:49.443, 21096, 100
2026/08/04 22:10:50.444, 21096, 100
2026/08/04 22:10:51.444, 21096, 73
2026/08/04 22:10:52.444, 21096, 100
2026/08/04 22:10:53.444, 21096, 100
2026/08/04 22:10:54.445, 21096, 83
2026/08/04 22:10:55.445, 21096, 100
2026/08/04 22:10:56.445, 21096, 100
2026/08/04 22:10:57.446, 21096, 100
2026/08/04 22:10:58.446, 21096, 100
2026/08/04 22:10:59.446, 21096, 100
2026/08/04 22:11:00.446, 21096, 100
2026/08/04 22:11:01.447, 21096, 100
2026/08/04 22:11:02.447, 21096, 100
2026/08/04 22:11:03.447, 21096, 100
2026/08/04 22:11:04.447, 21096, 100
2026/08/04 22:11:05.448, 21096, 100
2026/08/04 22:11:06.448, 21096, 100
2026/08/04 22:11:07.448, 21096, 100
2026/08/04 22:11:08.449, 21096, 100
2026/08/04 22:11:09.449, 21096, 100
2026/08/04 22:11:10.449, 21096, 100
2026/08/04 22:11:11.449, 21096, 100
2026/08/04 22:11:12.450, 21096, 100
2026/08/04 22:11:13.450, 21096, 100
2026/08/04 22:11:14.450, 21096, 100
2026/08/04 22:11:15.450, 21096, 100
2026/08/04 22:11:16.451, 21096, 100
2026/08/04 22:11:17.451, 21096, 100
2026/08/04 22:11:18.451, 21096, 100
2026/08/04 22:11:19.451, 21096, 100
2026/08/04 22:11:20.452, 21096, 100
2026/08/04 22:11:21.452, 21096, 86
2026/08/04 22:11:22.452, 21096, 100
2026/08/04 22:11:23.453, 21096, 100
2026/08/04 22:11:24.453, 21096, 100
2026/08/04 22:11:25.453, 21096, 100
2026/08/04 22:11:26.454, 21096, 100
2026/08/04 22:11:27.454, 21096, 100
2026/08/04 22:11:28.454, 21096, 100
2026/08/04 22:11:29.454, 21096, 100
2026/08/04 22:11:30.455, 21096, 85
2026/08/04 22:11:31.455, 21096, 100
2026/08/04 22:11:32.455, 21096, 100
2026/08/04 22:11:33.455, 21096, 100
2026/08/04 22:11:34.456, 21096, 100
2026/08/04 22:11:35.456, 21096, 65
2026/08/04 22:11:36.456, 21096, 100
2026/08/04 22:11:37.456, 21096, 86
2026/08/04 22:11:38.457, 21096, 100
2026/08/04 22:11:39.457, 21096, 100
2026/08/04 22:11:40.457, 21096, 100
2026/08/04 22:11:41.458, 21096, 100
2026/08/04 22:11:42.458, 21096, 100
2026/08/04 22:11:43.458, 21096, 100
2026/08/04 22:11:44.458, 21096, 100
2026/08/04 22:11:45.459, 21096, 100
2026/08/04 22:11:46.459, 21096, 100
2026/08/04 22:11:47.459, 21096, 100
2026/08/04 22:11:48.459, 21096, 100
2026/08/04 22:11:49.460, 21096, 100
2026/08/04 22:11:50.460, 21096, 84
2026/08/04 22:11:51.460, 21096, 100
2026/08/04 22:11:52.461, 21096, 65
2026/08/04 22:11:53.461, 21096, 86
2026/08/04 22:11:54.461, 21096, 100
2026/08/04 22:11:55.462, 21096, 100
2026/08/04 22:11:56.462, 21096, 100
2026/08/04 22:11:57.462, 21096, 100
2026/08/04 22:11:58.462, 21096, 84
2026/08/04 22:11:59.462, 21096, 100
2026/08/04 22:12:00.463, 21096, 100
2026/08/04 22:12:01.463, 21096, 100
2026/08/04 22:12:02.463, 21096, 99
2026/08/04 22:12:03.464, 21096, 82
2026/08/04 22:12:04.464, 21096, 100
2026/08/04 22:12:05.464, 21096, 100
2026/08/04 22:12:06.464, 21096, 100
2026/08/04 22:12:07.465, 21096, 100
2026/08/04 22:12:08.465, 21096, 68
2026/08/04 22:12:09.465, 21096, 100
2026/08/04 22:12:10.465, 21096, 100
2026/08/04 22:12:11.466, 21096, 100
2026/08/04 22:12:12.466, 21096, 100
2026/08/04 22:12:13.466, 21096, 100
2026/08/04 22:12:14.466, 21096, 100
2026/08/04 22:12:15.467, 21096, 100
2026/08/04 22:12:16.467, 21096, 100
2026/08/04 22:12:17.467, 21096, 100
2026/08/04 22:12:18.468, 21096, 100
2026/08/04 22:12:19.468, 21096, 100
2026/08/04 22:12:20.468, 21096, 84
2026/08/04 22:12:21.469, 21096, 68
2026/08/04 22:12:22.469, 21096, 100
2026/08/04 22:12:23.469, 21096, 100
2026/08/04 22:12:24.469, 21096, 100
2026/08/04 22:12:25.470, 21096, 100
2026/08/04 22:12:26.470, 21096, 100
2026/08/04 22:12:27.470, 21096, 100
2026/08/04 22:12:28.470, 21096, 100
2026/08/04 22:12:29.470, 21096, 100
2026/08/04 22:12:30.471, 21096, 100
2026/08/04 22:12:31.471, 21096, 100
2026/08/04 22:12:32.471, 21096, 100
2026/08/04 22:12:33.472, 21096, 100
2026/08/04 22:12:34.472, 21096, 100
2026/08/04 22:12:35.472, 21096, 93
2026/08/04 22:12:36.472, 21096, 100
2026/08/04 22:12:37.472, 21096, 100
2026/08/04 22:12:38.473, 21096, 100
2026/08/04 22:12:39.473, 21096, 100
2026/08/04 22:12:40.473, 21096, 100
2026/08/04 22:12:41.473, 21096, 100
2026/08/04 22:12:42.474, 21096, 100
2026/08/04 22:12:43.474, 21096, 85
2026/08/04 22:12:44.474, 21096, 100
2026/08/04 22:12:45.474, 21096, 100
2026/08/04 22:12:46.475, 21096, 100
2026/08/04 22:12:47.475, 21096, 100
2026/08/04 22:12:48.475, 21096, 100
2026/08/04 22:12:49.476, 21096, 100
2026/08/04 22:12:50.476, 21096, 100
2026/08/04 22:12:51.476, 21096, 100
2026/08/04 22:12:52.476, 21096, 100
2026/08/04 22:12:53.477, 21096, 100
2026/08/04 22:12:54.477, 21096, 62
2026/08/04 22:12:55.477, 21096, 100
2026/08/04 22:12:56.478, 21096, 100
2026/08/04 22:12:57.478, 21096, 100
2026/08/04 22:12:58.478, 21096, 55
2026/08/04 22:12:59.479, 21096, 86
2026/08/04 22:13:00.479, 21096, 100
2026/08/04 22:13:01.479, 21096, 100
2026/08/04 22:13:02.480, 21096, 100
2026/08/04 22:13:03.480, 21096, 100
2026/08/04 22:13:04.480, 21096, 100
2026/08/04 22:13:05.481, 21096, 100
2026/08/04 22:13:06.481, 21096, 100
2026/08/04 22:13:07.481, 21096, 92
2026/08/04 22:13:08.482, 21096, 85
2026/08/04 22:13:09.482, 21096, 100
2026/08/04 22:13:10.482, 21096, 100
2026/08/04 22:13:11.483, 21096, 100
2026/08/04 22:13:12.483, 21096, 100
2026/08/04 22:13:13.483, 21096, 100
2026/08/04 22:13:14.483, 21096, 100
2026/08/04 22:13:15.484, 21096, 100
2026/08/04 22:13:16.484, 21096, 100
2026/08/04 22:13:17.484, 21096, 100
2026/08/04 22:13:18.485, 21096, 100
2026/08/04 22:13:19.485, 21096, 100
2026/08/04 22:13:20.485, 21096, 100
2026/08/04 22:13:21.486, 21096, 100
2026/08/04 22:13:22.486, 21096, 64
2026/08/04 22:13:23.486, 21096, 85
2026/08/04 22:13:24.487, 21096, 100
2026/08/04 22:13:25.487, 21096, 100
2026/08/04 22:13:26.487, 21096, 100
2026/08/04 22:13:27.487, 21096, 100
2026/08/04 22:13:28.488, 21096, 100
2026/08/04 22:13:29.488, 21096, 100
2026/08/04 22:13:30.488, 21096, 83
2026/08/04 22:13:31.488, 21096, 100
2026/08/04 22:13:32.489, 21096, 100
2026/08/04 22:13:33.489, 21096, 100
2026/08/04 22:13:34.489, 21096, 100
2026/08/04 22:13:35.490, 21096, 100
2026/08/04 22:13:36.490, 21096, 100
2026/08/04 22:13:37.490, 21096, 100
2026/08/04 22:13:38.490, 21096, 100
2026/08/04 22:13:39.491, 21096, 89
2026/08/04 22:13:40.491, 21096, 100
2026/08/04 22:13:41.491, 21096, 100
2026/08/04 22:13:42.492, 21096, 100
2026/08/04 22:13:43.492, 21096, 100
2026/08/04 22:13:44.493, 21096, 100
2026/08/04 22:13:45.493, 21096, 100
2026/08/04 22:13:46.493, 21096, 100
2026/08/04 22:13:47.494, 21096, 100
2026/08/04 22:13:48.494, 21096, 84
2026/08/04 22:13:49.494, 21096, 100
2026/08/04 22:13:50.495, 21096, 67
2026/08/04 22:13:51.495, 21096, 100
2026/08/04 22:13:52.495, 21096, 100
2026/08/04 22:13:53.496, 21096, 82
2026/08/04 22:13:54.496, 21096, 100
2026/08/04 22:13:55.496, 21096, 100
2026/08/04 22:13:56.496, 21096, 100
2026/08/04 22:13:57.497, 21096, 100
2026/08/04 22:13:58.497, 21096, 100
2026/08/04 22:13:59.497, 21096, 100
2026/08/04 22:14:00.497, 21096, 100
2026/08/04 22:14:01.498, 21096, 100
2026/08/04 22:14:02.498, 21096, 100
2026/08/04 22:14:03.498, 21096, 100
2026/08/04 22:14:04.499, 21096, 100
2026/08/04 22:14:05.499, 21096, 100
2026/08/04 22:14:06.499, 21096, 100
2026/08/04 22:14:07.499, 21096, 100
2026/08/04 22:14:08.500, 21096, 100
2026/08/04 22:14:09.500, 21096, 100
2026/08/04 22:14:10.500, 21096, 92
2026/08/04 22:14:11.501, 21096, 100
2026/08/04 22:14:12.501, 21096, 100
2026/08/04 22:14:13.501, 21096, 100
2026/08/04 22:14:14.501, 21096, 94
2026/08/04 22:14:15.502, 21096, 100
2026/08/04 22:14:16.502, 21096, 100
2026/08/04 22:14:17.502, 21096, 96
2026/08/04 22:14:18.503, 21096, 89
2026/08/04 22:14:19.503, 21096, 100
2026/08/04 22:14:20.503, 21096, 100
2026/08/04 22:14:21.503, 21096, 65
2026/08/04 22:14:22.504, 21096, 100
2026/08/04 22:14:23.504, 21096, 100
2026/08/04 22:14:24.504, 21096, 100
2026/08/04 22:14:25.504, 21096, 100
2026/08/04 22:14:26.505, 21096, 100
2026/08/04 22:14:27.505, 21096, 95
2026/08/04 22:14:28.505, 21096, 100
2026/08/04 22:14:29.505, 21096, 100
2026/08/04 22:14:30.506, 21096, 100
2026/08/04 22:14:31.506, 21096, 83
2026/08/04 22:14:32.506, 21096, 100
2026/08/04 22:14:33.507, 21096, 100
2026/08/04 22:14:34.507, 21096, 100
2026/08/04 22:14:35.507, 21096, 100
2026/08/04 22:14:36.507, 21096, 100
2026/08/04 22:14:37.508, 21096, 100
2026/08/04 22:14:38.508, 21096, 100
2026/08/04 22:14:39.508, 21096, 100
2026/08/04 22:14:40.508, 21096, 100
2026/08/04 22:14:41.509, 21096, 100
2026/08/04 22:14:42.509, 21096, 86
2026/08/04 22:14:43.509, 21096, 85
2026/08/04 22:14:44.510, 21096, 100
2026/08/04 22:14:45.510, 21096, 100
2026/08/04 22:14:46.510, 21096, 100
2026/08/04 22:14:47.511, 21096, 100
2026/08/04 22:14:48.511, 21096, 100
2026/08/04 22:14:49.511, 21096, 100
2026/08/04 22:14:50.512, 21096, 100
2026/08/04 22:14:51.512, 21096, 100
2026/08/04 22:14:52.512, 21096, 84
2026/08/04 22:14:53.513, 21096, 100
2026/08/04 22:14:54.513, 21096, 100
2026/08/04 22:14:55.513, 21096, 100
2026/08/04 22:14:56.513, 21096, 100
2026/08/04 22:14:57.514, 21096, 97
2026/08/04 22:14:58.514, 21096, 100
2026/08/04 22:14:59.514, 21096, 100
2026/08/04 22:15:00.514, 21096, 100
2026/08/04 22:15:01.515, 21096, 100
2026/08/04 22:15:02.515, 21096, 96
2026/08/04 22:15:03.515, 21096, 100
2026/08/04 22:15:04.515, 21096, 100
2026/08/04 22:15:05.516, 21096, 100
2026/08/04 22:15:06.516, 21096, 100
2026/08/04 22:15:07.516, 21096, 100
2026/08/04 22:15:08.516, 21096, 100
2026/08/04 22:15:09.517, 21096, 100
2026/08/04 22:15:10.517, 21096, 85
2026/08/04 22:15:11.517, 21096, 85
2026/08/04 22:15:12.517, 21096, 100
2026/08/04 22:15:13.518, 21096, 100
2026/08/04 22:15:14.518, 21096, 100
2026/08/04 22:15:15.519, 21096, 100
2026/08/04 22:15:16.519, 21096, 83
2026/08/04 22:15:17.519, 21096, 100
2026/08/04 22:15:18.519, 21096, 100
2026/08/04 22:15:19.520, 21096, 100
2026/08/04 22:15:20.520, 21096, 100
2026/08/04 22:15:21.520, 21096, 100
2026/08/04 22:15:22.521, 21096, 100
2026/08/04 22:15:23.521, 21096, 100
2026/08/04 22:15:24.521, 21096, 100
2026/08/04 22:15:25.521, 21096, 100
2026/08/04 22:15:26.522, 21096, 100
2026/08/04 22:15:27.522, 21096, 100
2026/08/04 22:15:28.522, 21096, 100
2026/08/04 22:15:29.523, 21096, 100
2026/08/04 22:15:30.523, 21096, 62
2026/08/04 22:15:31.523, 21096, 100
2026/08/04 22:15:32.524, 21096, 100
2026/08/04 22:15:33.524, 21096, 100
2026/08/04 22:15:34.524, 21096, 100
2026/08/04 22:15:35.524, 21096, 100
2026/08/04 22:15:36.525, 21096, 98
2026/08/04 22:15:37.525, 21096, 100
2026/08/04 22:15:38.525, 21096, 100
2026/08/04 22:15:39.526, 21096, 100
2026/08/04 22:15:40.526, 21096, 100
2026/08/04 22:15:41.526, 21096, 100
2026/08/04 22:15:42.526, 21096, 100
2026/08/04 22:15:43.527, 21096, 100
2026/08/04 22:15:44.527, 21096, 100
2026/08/04 22:15:45.527, 21096, 100
2026/08/04 22:15:46.527, 21096, 100
2026/08/04 22:15:47.563, 21096, 100
2026/08/04 22:15:48.564, 21096, 83
2026/08/04 22:15:49.564, 21096, 64
2026/08/04 22:15:50.564, 21096, 84
2026/08/04 22:15:51.564, 21096, 68
2026/08/04 22:15:52.565, 21096, 100
2026/08/04 22:15:53.565, 21096, 100
2026/08/04 22:15:54.591, 21096, 100
2026/08/04 22:15:55.592, 21096, 96
2026/08/04 22:15:56.592, 21096, 100
2026/08/04 22:15:57.592, 21096, 100
2026/08/04 22:15:58.593, 21096, 100
2026/08/04 22:15:59.593, 21096, 100
2026/08/04 22:16:00.593, 21096, 100
2026/08/04 22:16:01.593, 21096, 100
2026/08/04 22:16:02.593, 21096, 100
2026/08/04 22:16:03.594, 21096, 100
2026/08/04 22:16:04.594, 21096, 100
2026/08/04 22:16:05.594, 21096, 99
2026/08/04 22:16:06.595, 21096, 84
2026/08/04 22:16:07.595, 21096, 85
2026/08/04 22:16:08.595, 21096, 100
2026/08/04 22:16:09.595, 21096, 85
2026/08/04 22:16:10.596, 21096, 100
2026/08/04 22:16:11.596, 21096, 100
2026/08/04 22:16:12.596, 21096, 84
2026/08/04 22:16:13.597, 21096, 100
2026/08/04 22:16:14.597, 21096, 67
2026/08/04 22:16:15.597, 21096, 100
2026/08/04 22:16:16.597, 21096, 100
2026/08/04 22:16:17.598, 21096, 100
2026/08/04 22:16:18.598, 21096, 100
2026/08/04 22:16:19.598, 21096, 100
2026/08/04 22:16:20.599, 21096, 100
2026/08/04 22:16:21.599, 21096, 100
2026/08/04 22:16:22.599, 21096, 100
2026/08/04 22:16:23.600, 21096, 100
2026/08/04 22:16:24.600, 21096, 100
2026/08/04 22:16:25.600, 21096, 100
2026/08/04 22:16:26.600, 21096, 83
2026/08/04 22:16:27.601, 21096, 100
2026/08/04 22:16:28.601, 21096, 100
2026/08/04 22:16:29.601, 21096, 84
2026/08/04 22:16:30.602, 21096, 100
2026/08/04 22:16:31.602, 21096, 100
2026/08/04 22:16:32.602, 21096, 100
2026/08/04 22:16:33.603, 21096, 100
2026/08/04 22:16:34.603, 21096, 100
2026/08/04 22:16:35.604, 21096, 100
2026/08/04 22:16:36.604, 21096, 63
2026/08/04 22:16:37.604, 21096, 100
2026/08/04 22:16:38.604, 21096, 100
2026/08/04 22:16:39.604, 21096, 100
2026/08/04 22:16:40.605, 21096, 100
2026/08/04 22:16:41.605, 21096, 100
2026/08/04 22:16:42.605, 21096, 100
2026/08/04 22:16:43.605, 21096, 100
2026/08/04 22:16:44.606, 21096, 100
2026/08/04 22:16:45.607, 21096, 100
2026/08/04 22:16:46.608, 21096, 100
2026/08/04 22:16:47.608, 21096, 100
2026/08/04 22:16:48.608, 21096, 100
2026/08/04 22:16:49.609, 21096, 100
2026/08/04 22:16:50.609, 21096, 100
2026/08/04 22:16:51.609, 21096, 100
2026/08/04 22:16:52.609, 21096, 100
2026/08/04 22:16:53.609, 21096, 100
2026/08/04 22:16:54.610, 21096, 100
2026/08/04 22:16:55.610, 21096, 100
2026/08/04 22:16:56.610, 21096, 100
2026/08/04 22:16:57.610, 21096, 100
2026/08/04 22:16:58.611, 21096, 100
2026/08/04 22:16:59.611, 21096, 100
2026/08/04 22:17:00.613, 21096, 62
2026/08/04 22:17:01.614, 21096, 100
2026/08/04 22:17:02.614, 21096, 100
2026/08/04 22:17:03.614, 21096, 100
2026/08/04 22:17:04.614, 21096, 100
2026/08/04 22:17:05.614, 21096, 100
2026/08/04 22:17:06.615, 21096, 100
2026/08/04 22:17:07.615, 21096, 100
2026/08/04 22:17:08.615, 21096, 100
2026/08/04 22:17:09.615, 21096, 85
2026/08/04 22:17:10.616, 21096, 100
2026/08/04 22:17:11.616, 21096, 100
2026/08/04 22:17:12.616, 21096, 100
2026/08/04 22:17:13.616, 21096, 85
2026/08/04 22:17:14.616, 21096, 100
2026/08/04 22:17:15.617, 21096, 100
2026/08/04 22:17:16.617, 21096, 100
2026/08/04 22:17:17.618, 21096, 100
2026/08/04 22:17:18.618, 21096, 100
2026/08/04 22:17:19.618, 21096, 100
2026/08/04 22:17:20.618, 21096, 100
2026/08/04 22:17:21.619, 21096, 100
2026/08/04 22:17:22.619, 21096, 100
2026/08/04 22:17:23.619, 21096, 100
2026/08/04 22:17:24.620, 21096, 100
2026/08/04 22:17:25.620, 21096, 100
2026/08/04 22:17:26.620, 21096, 100
2026/08/04 22:17:27.621, 21096, 100
2026/08/04 22:17:28.621, 21096, 84
2026/08/04 22:17:29.621, 21096, 100
2026/08/04 22:17:30.621, 21096, 85
2026/08/04 22:17:31.621, 21096, 100
2026/08/04 22:17:32.622, 21096, 100
2026/08/04 22:17:33.622, 21096, 100
2026/08/04 22:17:34.622, 21096, 100
2026/08/04 22:17:35.623, 21096, 100
2026/08/04 22:17:36.623, 21096, 100
2026/08/04 22:17:37.623, 21096, 100
2026/08/04 22:17:38.623, 21096, 100
2026/08/04 22:17:39.624, 21096, 100
2026/08/04 22:17:40.624, 21096, 100
2026/08/04 22:17:41.624, 21096, 100
2026/08/04 22:17:42.625, 21096, 100
2026/08/04 22:17:43.625, 21096, 100
2026/08/04 22:17:44.625, 21096, 100
2026/08/04 22:17:45.625, 21096, 100
2026/08/04 22:17:46.626, 21096, 100
2026/08/04 22:17:47.626, 21096, 100
2026/08/04 22:17:48.626, 21096, 100
2026/08/04 22:17:49.626, 21096, 100
2026/08/04 22:17:50.627, 21096, 100
2026/08/04 22:17:51.627, 21096, 100
2026/08/04 22:17:52.627, 21096, 100
2026/08/04 22:17:53.628, 21096, 100
2026/08/04 22:17:54.628, 21096, 100
2026/08/04 22:17:55.628, 21096, 86
2026/08/04 22:17:56.628, 21096, 100
2026/08/04 22:17:57.629, 21096, 100
2026/08/04 22:17:58.629, 21096, 86
2026/08/04 22:17:59.629, 21096, 100
2026/08/04 22:18:00.629, 21096, 100
2026/08/04 22:18:01.630, 21096, 100
2026/08/04 22:18:02.630, 21096, 100
2026/08/04 22:18:03.630, 21096, 84
2026/08/04 22:18:04.630, 21096, 100
2026/08/04 22:18:05.630, 21096, 100
2026/08/04 22:18:06.632, 21096, 95
2026/08/04 22:18:07.632, 21096, 100
2026/08/04 22:18:08.633, 21096, 83
2026/08/04 22:18:09.633, 21096, 100
2026/08/04 22:18:10.633, 21096, 100
2026/08/04 22:18:11.634, 21096, 100
2026/08/04 22:18:12.634, 21096, 85
2026/08/04 22:18:13.634, 21096, 100
2026/08/04 22:18:14.634, 21096, 100
2026/08/04 22:18:15.638, 21096, 100
2026/08/04 22:18:16.638, 21096, 100
2026/08/04 22:18:17.638, 21096, 100
2026/08/04 22:18:18.638, 21096, 100
2026/08/04 22:18:19.639, 21096, 100
2026/08/04 22:18:20.639, 21096, 100
2026/08/04 22:18:21.639, 21096, 100
2026/08/04 22:18:22.640, 21096, 100
2026/08/04 22:18:23.640, 21096, 100
2026/08/04 22:18:24.640, 21096, 100
2026/08/04 22:18:25.640, 21096, 100
2026/08/04 22:18:26.641, 21096, 100
2026/08/04 22:18:27.641, 21096, 100
2026/08/04 22:18:28.641, 21096, 100
2026/08/04 22:18:29.641, 21096, 100
2026/08/04 22:18:30.641, 21096, 96
2026/08/04 22:18:31.642, 21096, 100
2026/08/04 22:18:32.642, 21096, 85
2026/08/04 22:18:33.642, 21096, 100
2026/08/04 22:18:34.642, 21096, 77
2026/08/04 22:18:35.642, 21096, 100
2026/08/04 22:18:36.643, 21096, 100
2026/08/04 22:18:37.643, 21096, 100
2026/08/04 22:18:38.643, 21096, 100
2026/08/04 22:18:39.643, 21096, 100
2026/08/04 22:18:40.643, 21096, 100
2026/08/04 22:18:41.644, 21096, 100
2026/08/04 22:18:42.644, 21096, 100
2026/08/04 22:18:43.644, 21096, 100
2026/08/04 22:18:44.644, 21096, 100
2026/08/04 22:18:45.645, 21096, 100
2026/08/04 22:18:46.645, 21096, 100
2026/08/04 22:18:47.645, 21096, 100
2026/08/04 22:18:48.646, 21096, 100
2026/08/04 22:18:49.646, 21096, 100
2026/08/04 22:18:50.646, 21096, 100
2026/08/04 22:18:51.646, 21096, 100
2026/08/04 22:18:52.647, 21096, 100
2026/08/04 22:18:53.647, 21096, 100
2026/08/04 22:18:54.647, 21096, 100
2026/08/04 22:18:55.648, 21096, 100
2026/08/04 22:18:56.648, 21096, 100
2026/08/04 22:18:57.648, 21096, 100
2026/08/04 22:18:58.648, 21096, 100
2026/08/04 22:18:59.649, 21096, 100
2026/08/04 22:19:00.649, 21096, 100
2026/08/04 22:19:01.649, 21096, 71
2026/08/04 22:19:02.650, 21096, 100
2026/08/04 22:19:03.650, 21096, 100
2026/08/04 22:19:04.650, 21096, 100
2026/08/04 22:19:05.650, 21096, 100
2026/08/04 22:19:06.650, 21096, 100
2026/08/04 22:19:07.651, 21096, 100
2026/08/04 22:19:08.651, 21096, 100
2026/08/04 22:19:09.652, 21096, 100
2026/08/04 22:19:10.652, 21096, 100
2026/08/04 22:19:11.652, 21096, 100
2026/08/04 22:19:12.653, 21096, 100
2026/08/04 22:19:13.653, 21096, 100
2026/08/04 22:19:14.653, 21096, 85
2026/08/04 22:19:15.654, 21096, 100
2026/08/04 22:19:16.654, 21096, 100
2026/08/04 22:19:17.654, 21096, 100
2026/08/04 22:19:18.655, 21096, 100
2026/08/04 22:19:19.655, 21096, 100
2026/08/04 22:19:20.655, 21096, 100
2026/08/04 22:19:21.655, 21096, 100
2026/08/04 22:19:22.656, 21096, 100
2026/08/04 22:19:23.656, 21096, 100
2026/08/04 22:19:24.656, 21096, 100
2026/08/04 22:19:25.657, 21096, 100
2026/08/04 22:19:26.657, 21096, 100
2026/08/04 22:19:27.657, 21096, 100
2026/08/04 22:19:28.657, 21096, 100
2026/08/04 22:19:29.658, 21096, 100
2026/08/04 22:19:30.658, 21096, 100
2026/08/04 22:19:31.658, 21096, 100
2026/08/04 22:19:32.659, 21096, 100
2026/08/04 22:19:33.659, 21096, 90
2026/08/04 22:19:34.659, 21096, 100
2026/08/04 22:19:35.659, 21096, 100
2026/08/04 22:19:36.660, 21096, 94
2026/08/04 22:19:37.660, 21096, 100
2026/08/04 22:19:38.660, 21096, 85
2026/08/04 22:19:39.661, 21096, 100
2026/08/04 22:19:40.661, 21096, 84
2026/08/04 22:19:41.661, 21096, 100
2026/08/04 22:19:42.661, 21096, 84
2026/08/04 22:19:43.662, 21096, 100
2026/08/04 22:19:44.662, 21096, 100
2026/08/04 22:19:45.662, 21096, 100
2026/08/04 22:19:46.663, 21096, 100
2026/08/04 22:19:47.663, 21096, 100
2026/08/04 22:19:48.663, 21096, 100
2026/08/04 22:19:49.664, 21096, 100
2026/08/04 22:19:50.664, 21096, 100
2026/08/04 22:19:51.664, 21096, 84
2026/08/04 22:19:52.664, 21096, 100
2026/08/04 22:19:53.665, 21096, 100
2026/08/04 22:19:54.665, 21096, 100
2026/08/04 22:19:55.665, 21096, 100
2026/08/04 22:19:56.666, 21096, 100
2026/08/04 22:19:57.666, 21096, 82
2026/08/04 22:19:58.666, 21096, 82
2026/08/04 22:19:59.666, 21096, 85
2026/08/04 22:20:00.667, 21096, 100
2026/08/04 22:20:01.667, 21096, 100
2026/08/04 22:20:02.667, 21096, 100
2026/08/04 22:20:03.667, 21096, 100
2026/08/04 22:20:04.668, 21096, 97
2026/08/04 22:20:05.668, 21096, 100
2026/08/04 22:20:06.668, 21096, 100
2026/08/04 22:20:07.669, 21096, 86
2026/08/04 22:20:08.669, 21096, 100
2026/08/04 22:20:09.669, 21096, 83
2026/08/04 22:20:10.669, 21096, 100
2026/08/04 22:20:11.670, 21096, 100
2026/08/04 22:20:12.670, 21096, 100
2026/08/04 22:20:13.670, 21096, 100
2026/08/04 22:20:14.671, 21096, 100
2026/08/04 22:20:15.671, 21096, 62
2026/08/04 22:20:16.671, 21096, 84
2026/08/04 22:20:17.672, 21096, 100
2026/08/04 22:20:18.672, 21096, 100
2026/08/04 22:20:19.672, 21096, 100
2026/08/04 22:20:20.673, 21096, 100
2026/08/04 22:20:21.673, 21096, 100
2026/08/04 22:20:22.673, 21096, 100
2026/08/04 22:20:23.674, 21096, 100
2026/08/04 22:20:24.674, 21096, 100
2026/08/04 22:20:25.674, 21096, 100
2026/08/04 22:20:26.675, 21096, 100
2026/08/04 22:20:27.675, 21096, 100
2026/08/04 22:20:28.675, 21096, 100
2026/08/04 22:20:29.676, 21096, 100
2026/08/04 22:20:30.676, 21096, 100
2026/08/04 22:20:31.676, 21096, 100
2026/08/04 22:20:32.676, 21096, 100
2026/08/04 22:20:33.677, 21096, 100
2026/08/04 22:20:34.677, 21096, 63
2026/08/04 22:20:35.677, 21096, 100
2026/08/04 22:20:36.677, 21096, 100
2026/08/04 22:20:37.678, 21096, 83
2026/08/04 22:20:38.678, 21096, 64
2026/08/04 22:20:39.679, 21096, 100
2026/08/04 22:20:40.679, 21096, 100
2026/08/04 22:20:41.679, 21096, 100
2026/08/04 22:20:42.679, 21096, 100
2026/08/04 22:20:43.680, 21096, 100
2026/08/04 22:20:44.680, 21096, 100
2026/08/04 22:20:45.680, 21096, 100
2026/08/04 22:20:46.680, 21096, 100
2026/08/04 22:20:47.681, 21096, 100
2026/08/04 22:20:48.681, 21096, 100
2026/08/04 22:20:49.681, 21096, 69
2026/08/04 22:20:50.682, 21096, 100
2026/08/04 22:20:51.682, 21096, 100
2026/08/04 22:20:52.682, 21096, 100
2026/08/04 22:20:53.682, 21096, 100
2026/08/04 22:20:54.683, 21096, 100
2026/08/04 22:20:55.683, 21096, 100
2026/08/04 22:20:56.683, 21096, 100
2026/08/04 22:20:57.684, 21096, 100
2026/08/04 22:20:58.684, 21096, 100
2026/08/04 22:20:59.684, 21096, 100
2026/08/04 22:21:00.684, 21096, 83
2026/08/04 22:21:01.685, 21096, 100
2026/08/04 22:21:02.685, 21096, 100
2026/08/04 22:21:03.685, 21096, 100
2026/08/04 22:21:04.686, 21096, 100
2026/08/04 22:21:05.686, 21096, 100
2026/08/04 22:21:06.686, 21096, 100
2026/08/04 22:21:07.686, 21096, 100
2026/08/04 22:21:08.687, 21096, 100
2026/08/04 22:21:09.687, 21096, 100
2026/08/04 22:21:10.687, 21096, 100
2026/08/04 22:21:11.687, 21096, 100
2026/08/04 22:21:12.688, 21096, 100
2026/08/04 22:21:13.688, 21096, 100
2026/08/04 22:21:14.688, 21096, 100
2026/08/04 22:21:15.688, 21096, 100
2026/08/04 22:21:16.689, 21096, 100
2026/08/04 22:21:17.689, 21096, 100
2026/08/04 22:21:18.689, 21096, 100
2026/08/04 22:21:19.689, 21096, 83
2026/08/04 22:21:20.690, 21096, 100
2026/08/04 22:21:21.690, 21096, 100
2026/08/04 22:21:22.690, 21096, 100
2026/08/04 22:21:23.690, 21096, 99
2026/08/04 22:21:24.691, 21096, 100
2026/08/04 22:21:25.691, 21096, 80
2026/08/04 22:21:26.691, 21096, 100
2026/08/04 22:21:27.691, 21096, 100
2026/08/04 22:21:28.692, 21096, 100
2026/08/04 22:21:29.692, 21096, 100
2026/08/04 22:21:30.692, 21096, 100
2026/08/04 22:21:31.693, 21096, 100
2026/08/04 22:21:32.693, 21096, 100
2026/08/04 22:21:33.693, 21096, 100
2026/08/04 22:21:34.693, 21096, 100
2026/08/04 22:21:35.694, 21096, 100
2026/08/04 22:21:36.694, 21096, 100
2026/08/04 22:21:37.694, 21096, 82
2026/08/04 22:21:38.694, 21096, 100
2026/08/04 22:21:39.695, 21096, 100
2026/08/04 22:21:40.695, 21096, 100
2026/08/04 22:21:41.695, 21096, 100
2026/08/04 22:21:42.695, 21096, 100
2026/08/04 22:21:43.696, 21096, 100
2026/08/04 22:21:44.696, 21096, 100
2026/08/04 22:21:45.696, 21096, 100
2026/08/04 22:21:46.697, 21096, 100
2026/08/04 22:21:47.697, 21096, 100
2026/08/04 22:21:48.697, 21096, 100
2026/08/04 22:21:49.698, 21096, 81
2026/08/04 22:21:50.698, 21096, 84
2026/08/04 22:21:51.698, 21096, 100
2026/08/04 22:21:52.699, 21096, 100
2026/08/04 22:21:53.699, 21096, 100
2026/08/04 22:21:54.699, 21096, 100
2026/08/04 22:21:55.700, 21096, 84
2026/08/04 22:21:56.700, 21096, 100
2026/08/04 22:21:57.700, 21096, 85
2026/08/04 22:21:58.701, 21096, 100
2026/08/04 22:21:59.701, 21096, 100
2026/08/04 22:22:00.701, 21096, 100
2026/08/04 22:22:01.701, 21096, 87
2026/08/04 22:22:02.702, 21096, 100
2026/08/04 22:22:03.702, 21096, 100
2026/08/04 22:22:04.702, 21096, 100
2026/08/04 22:22:05.703, 21096, 100
2026/08/04 22:22:06.703, 21096, 100
2026/08/04 22:22:07.703, 21096, 100
2026/08/04 22:22:08.703, 21096, 100
2026/08/04 22:22:09.704, 21096, 83
2026/08/04 22:22:10.704, 21096, 84
2026/08/04 22:22:11.704, 21096, 100
2026/08/04 22:22:12.705, 21096, 100
2026/08/04 22:22:13.705, 21096, 100
2026/08/04 22:22:14.705, 21096, 100
2026/08/04 22:22:15.705, 21096, 100
2026/08/04 22:22:16.706, 21096, 100
2026/08/04 22:22:17.706, 21096, 100
2026/08/04 22:22:18.706, 21096, 100
2026/08/04 22:22:19.706, 21096, 100
2026/08/04 22:22:20.707, 21096, 83
2026/08/04 22:22:21.707, 21096, 100
2026/08/04 22:22:22.707, 21096, 100
2026/08/04 22:22:23.708, 21096, 100
2026/08/04 22:22:24.708, 21096, 100
2026/08/04 22:22:25.708, 21096, 100
2026/08/04 22:22:26.709, 21096, 100
2026/08/04 22:22:27.709, 21096, 100
2026/08/04 22:22:28.709, 21096, 100
2026/08/04 22:22:29.710, 21096, 100
2026/08/04 22:22:30.710, 21096, 100
2026/08/04 22:22:31.710, 21096, 100
2026/08/04 22:22:32.711, 21096, 100
2026/08/04 22:22:33.711, 21096, 100
2026/08/04 22:22:34.711, 21096, 84
2026/08/04 22:22:35.712, 21096, 83
2026/08/04 22:22:36.712, 21096, 84
2026/08/04 22:22:37.712, 21096, 100
2026/08/04 22:22:38.712, 21096, 100
2026/08/04 22:22:39.713, 21096, 86
2026/08/04 22:22:40.713, 21096, 100
2026/08/04 22:22:41.713, 21096, 61
2026/08/04 22:22:42.714, 21096, 83
2026/08/04 22:22:43.714, 21096, 100
2026/08/04 22:22:44.714, 21096, 100
2026/08/04 22:22:45.715, 21096, 100
2026/08/04 22:22:46.715, 21096, 100
2026/08/04 22:22:47.715, 21096, 100
2026/08/04 22:22:48.716, 21096, 100
2026/08/04 22:22:49.716, 21096, 100
2026/08/04 22:22:50.716, 21096, 100
2026/08/04 22:22:51.717, 21096, 83
2026/08/04 22:22:52.717, 21096, 82
2026/08/04 22:22:53.717, 21096, 84
2026/08/04 22:22:54.718, 21096, 100
2026/08/04 22:22:55.718, 21096, 66
2026/08/04 22:22:56.718, 21096, 100
2026/08/04 22:22:57.718, 21096, 100
2026/08/04 22:22:58.719, 21096, 100
2026/08/04 22:22:59.719, 21096, 100
2026/08/04 22:23:00.719, 21096, 100
2026/08/04 22:23:01.719, 21096, 98
2026/08/04 22:23:02.720, 21096, 100
2026/08/04 22:23:03.720, 21096, 100
2026/08/04 22:23:04.720, 21096, 95
2026/08/04 22:23:05.721, 21096, 96
2026/08/04 22:23:06.721, 21096, 100
2026/08/04 22:23:07.721, 21096, 100
2026/08/04 22:23:08.722, 21096, 100
2026/08/04 22:23:09.722, 21096, 100
2026/08/04 22:23:10.722, 21096, 100
2026/08/04 22:23:11.722, 21096, 100
2026/08/04 22:23:12.723, 21096, 100
2026/08/04 22:23:13.723, 21096, 100
2026/08/04 22:23:14.723, 21096, 100
2026/08/04 22:23:15.723, 21096, 100
2026/08/04 22:23:16.724, 21096, 100
2026/08/04 22:23:17.724, 21096, 100
2026/08/04 22:23:18.724, 21096, 100
2026/08/04 22:23:19.724, 21096, 100
2026/08/04 22:23:20.725, 21096, 100
2026/08/04 22:23:21.725, 21096, 100
2026/08/04 22:23:22.725, 21096, 85
2026/08/04 22:23:23.726, 21096, 85
2026/08/04 22:23:24.726, 21096, 100
2026/08/04 22:23:25.726, 21096, 100
2026/08/04 22:23:26.727, 21096, 100
2026/08/04 22:23:27.727, 21096, 100
2026/08/04 22:23:28.727, 21096, 100
2026/08/04 22:23:29.727, 21096, 84
2026/08/04 22:23:30.728, 21096, 84
2026/08/04 22:23:31.728, 21096, 100
2026/08/04 22:23:32.728, 21096, 96
2026/08/04 22:23:33.728, 21096, 83
2026/08/04 22:23:34.729, 21096, 100
2026/08/04 22:23:35.729, 21096, 100
2026/08/04 22:23:36.729, 21096, 100
2026/08/04 22:23:37.729, 21096, 100
2026/08/04 22:23:38.730, 21096, 100
2026/08/04 22:23:39.730, 21096, 100
2026/08/04 22:23:40.730, 21096, 100
2026/08/04 22:23:41.731, 21096, 100
2026/08/04 22:23:42.731, 21096, 100
2026/08/04 22:23:43.731, 21096, 85
2026/08/04 22:23:44.731, 21096, 67
2026/08/04 22:23:45.731, 21096, 82
2026/08/04 22:23:46.732, 21096, 100
2026/08/04 22:23:47.732, 21096, 100
2026/08/04 22:23:48.732, 21096, 100
2026/08/04 22:23:49.733, 21096, 100
2026/08/04 22:23:50.733, 21096, 100
2026/08/04 22:23:51.733, 21096, 100
2026/08/04 22:23:52.734, 21096, 100
2026/08/04 22:23:53.734, 21096, 84
2026/08/04 22:23:54.734, 21096, 83
2026/08/04 22:23:55.735, 21096, 83
2026/08/04 22:23:56.735, 21096, 100
2026/08/04 22:23:57.735, 21096, 88
2026/08/04 22:23:58.736, 21096, 100
2026/08/04 22:23:59.736, 21096, 100
2026/08/04 22:24:00.736, 21096, 100
2026/08/04 22:24:01.737, 21096, 100
2026/08/04 22:24:02.737, 21096, 100
2026/08/04 22:24:03.737, 21096, 100
2026/08/04 22:24:04.737, 21096, 100
2026/08/04 22:24:05.738, 21096, 100
2026/08/04 22:24:06.738, 21096, 100
2026/08/04 22:24:07.738, 21096, 100
2026/08/04 22:24:08.739, 21096, 100
2026/08/04 22:24:09.739, 21096, 65
2026/08/04 22:24:10.739, 21096, 100
2026/08/04 22:24:11.740, 21096, 100
2026/08/04 22:24:12.740, 21096, 64
2026/08/04 22:24:13.740, 21096, 85
2026/08/04 22:24:14.741, 21096, 100
2026/08/04 22:24:15.741, 21096, 100
2026/08/04 22:24:16.741, 21096, 100
2026/08/04 22:24:17.741, 21096, 100
2026/08/04 22:24:18.742, 21096, 100
2026/08/04 22:24:19.742, 21096, 100
2026/08/04 22:24:20.742, 21096, 100
2026/08/04 22:24:21.743, 21096, 100
2026/08/04 22:24:22.743, 21096, 82
2026/08/04 22:24:23.743, 21096, 100
2026/08/04 22:24:24.743, 21096, 100
2026/08/04 22:24:25.744, 21096, 100
2026/08/04 22:24:26.744, 21096, 100
2026/08/04 22:24:27.744, 21096, 85
2026/08/04 22:24:28.744, 21096, 100
2026/08/04 22:24:29.745, 21096, 100
2026/08/04 22:24:30.745, 21096, 100
2026/08/04 22:24:31.745, 21096, 100
2026/08/04 22:24:32.746, 21096, 100
2026/08/04 22:24:33.746, 21096, 100
2026/08/04 22:24:34.746, 21096, 100
2026/08/04 22:24:35.746, 21096, 100
2026/08/04 22:24:36.747, 21096, 100
2026/08/04 22:24:37.747, 21096, 100
2026/08/04 22:24:38.747, 21096, 99
2026/08/04 22:24:39.748, 21096, 100
2026/08/04 22:24:40.748, 21096, 100
2026/08/04 22:24:41.748, 21096, 100
2026/08/04 22:24:42.749, 21096, 98
2026/08/04 22:24:43.749, 21096, 100
2026/08/04 22:24:44.749, 21096, 100
2026/08/04 22:24:45.749, 21096, 100
2026/08/04 22:24:46.750, 21096, 100
2026/08/04 22:24:47.750, 21096, 100
2026/08/04 22:24:48.750, 21096, 100
2026/08/04 22:24:49.750, 21096, 100
2026/08/04 22:24:50.751, 21096, 100
2026/08/04 22:24:51.751, 21096, 100
2026/08/04 22:24:52.751, 21096, 100
2026/08/04 22:24:53.751, 21096, 100
2026/08/04 22:24:54.752, 21096, 100
2026/08/04 22:24:55.752, 21096, 100
2026/08/04 22:24:56.752, 21096, 84
2026/08/04 22:24:57.753, 21096, 84
2026/08/04 22:24:58.753, 21096, 100
2026/08/04 22:24:59.753, 21096, 100
2026/08/04 22:25:00.754, 21096, 100
2026/08/04 22:25:01.754, 21096, 100
2026/08/04 22:25:02.754, 21096, 100
2026/08/04 22:25:03.754, 21096, 82
2026/08/04 22:25:04.755, 21096, 97
2026/08/04 22:25:05.755, 21096, 100
2026/08/04 22:25:06.755, 21096, 100
2026/08/04 22:25:07.755, 21096, 72
2026/08/04 22:25:08.822, 21096, 100
2026/08/04 22:25:09.822, 21096, 100
2026/08/04 22:25:10.822, 21096, 100
2026/08/04 22:25:11.822, 21096, 100
2026/08/04 22:25:12.823, 21096, 100
2026/08/04 22:25:13.823, 21096, 100
2026/08/04 22:25:14.823, 21096, 100
2026/08/04 22:25:15.824, 21096, 100
2026/08/04 22:25:16.824, 21096, 100
2026/08/04 22:25:17.824, 21096, 100
2026/08/04 22:25:18.824, 21096, 100
2026/08/04 22:25:19.825, 21096, 100
2026/08/04 22:25:20.825, 21096, 100
2026/08/04 22:25:21.825, 21096, 100
2026/08/04 22:25:22.825, 21096, 100
2026/08/04 22:25:23.826, 21096, 100
2026/08/04 22:25:24.826, 21096, 100
2026/08/04 22:25:25.826, 21096, 100
2026/08/04 22:25:26.827, 21096, 84
2026/08/04 22:25:27.827, 21096, 100
2026/08/04 22:25:28.827, 21096, 100
2026/08/04 22:25:29.827, 21096, 100
2026/08/04 22:25:30.828, 21096, 100
2026/08/04 22:25:31.828, 21096, 100
2026/08/04 22:25:32.828, 21096, 100
2026/08/04 22:25:33.828, 21096, 93
2026/08/04 22:25:34.829, 21096, 98
2026/08/04 22:25:35.829, 21096, 100
2026/08/04 22:25:36.829, 21096, 96
2026/08/04 22:25:37.830, 21096, 89
2026/08/04 22:25:38.830, 21096, 82
2026/08/04 22:25:39.830, 21096, 100
2026/08/04 22:25:40.830, 21096, 100
2026/08/04 22:25:41.831, 21096, 100
2026/08/04 22:25:42.831, 21096, 100
2026/08/04 22:25:43.831, 21096, 100
2026/08/04 22:25:44.832, 21096, 100
2026/08/04 22:25:45.832, 21096, 100
2026/08/04 22:25:46.832, 21096, 100
2026/08/04 22:25:47.832, 21096, 100
2026/08/04 22:25:48.833, 21096, 100
2026/08/04 22:25:49.833, 21096, 100
2026/08/04 22:25:50.833, 21096, 77
2026/08/04 22:25:51.833, 21096, 100
2026/08/04 22:25:52.834, 21096, 84
2026/08/04 22:25:53.834, 21096, 100
2026/08/04 22:25:54.834, 21096, 100
2026/08/04 22:25:55.867, 21096, 100
2026/08/04 22:25:56.867, 21096, 63
2026/08/04 22:25:57.868, 21096, 100
2026/08/04 22:25:58.868, 21096, 100
2026/08/04 22:25:59.868, 21096, 100
2026/08/04 22:26:00.869, 21096, 100
2026/08/04 22:26:01.869, 21096, 100
2026/08/04 22:26:02.869, 21096, 100
2026/08/04 22:26:03.870, 21096, 100
2026/08/04 22:26:04.870, 21096, 100
2026/08/04 22:26:05.870, 21096, 100
2026/08/04 22:26:06.871, 21096, 100
2026/08/04 22:26:07.871, 21096, 100
2026/08/04 22:26:08.871, 21096, 100
2026/08/04 22:26:09.872, 21096, 88
2026/08/04 22:26:10.872, 21096, 100
2026/08/04 22:26:11.872, 21096, 100
2026/08/04 22:26:12.873, 21096, 100
2026/08/04 22:26:13.873, 21096, 100
2026/08/04 22:26:14.873, 21096, 100
2026/08/04 22:26:15.874, 21096, 85
2026/08/04 22:26:16.874, 21096, 100
2026/08/04 22:26:17.874, 21096, 100
2026/08/04 22:26:18.874, 21096, 100
2026/08/04 22:26:19.875, 21096, 100
2026/08/04 22:26:20.875, 21096, 100
2026/08/04 22:26:21.875, 21096, 100
2026/08/04 22:26:22.876, 21096, 80
2026/08/04 22:26:23.876, 21096, 100
2026/08/04 22:26:24.876, 21096, 100
2026/08/04 22:26:25.877, 21096, 100
2026/08/04 22:26:26.877, 21096, 100
2026/08/04 22:26:27.877, 21096, 100
2026/08/04 22:26:28.878, 21096, 100
2026/08/04 22:26:29.878, 21096, 85
2026/08/04 22:26:30.878, 21096, 100
2026/08/04 22:26:31.879, 21096, 100
2026/08/04 22:26:32.879, 21096, 100
2026/08/04 22:26:33.879, 21096, 100
2026/08/04 22:26:34.880, 21096, 100
2026/08/04 22:26:35.880, 21096, 100
2026/08/04 22:26:36.880, 21096, 100
2026/08/04 22:26:37.881, 21096, 85
2026/08/04 22:26:38.881, 21096, 100
2026/08/04 22:26:39.881, 21096, 100
2026/08/04 22:26:40.882, 21096, 100
2026/08/04 22:26:41.882, 21096, 100
2026/08/04 22:26:42.882, 21096, 100
2026/08/04 22:26:43.882, 21096, 100
2026/08/04 22:26:44.883, 21096, 100
2026/08/04 22:26:45.883, 21096, 100
2026/08/04 22:26:46.883, 21096, 100
2026/08/04 22:26:47.883, 21096, 100
2026/08/04 22:26:48.884, 21096, 100
2026/08/04 22:26:49.884, 21096, 100
2026/08/04 22:26:50.884, 21096, 100
2026/08/04 22:26:51.884, 21096, 100
2026/08/04 22:26:52.885, 21096, 100
2026/08/04 22:26:53.885, 21096, 100
2026/08/04 22:26:54.885, 21096, 100
2026/08/04 22:26:55.886, 21096, 100
2026/08/04 22:26:56.886, 21096, 100
2026/08/04 22:26:57.886, 21096, 100
2026/08/04 22:26:58.887, 21096, 100
2026/08/04 22:26:59.887, 21096, 100
2026/08/04 22:27:00.887, 21096, 85
2026/08/04 22:27:01.887, 21096, 85
2026/08/04 22:27:02.888, 21096, 100
2026/08/04 22:27:03.888, 21096, 100
2026/08/04 22:27:04.888, 21096, 100
2026/08/04 22:27:05.889, 21096, 100
2026/08/04 22:27:06.889, 21096, 100
2026/08/04 22:27:07.889, 21096, 100
2026/08/04 22:27:08.890, 21096, 100
2026/08/04 22:27:09.890, 21096, 100
2026/08/04 22:27:10.890, 21096, 100
2026/08/04 22:27:11.891, 21096, 100
2026/08/04 22:27:12.891, 21096, 100
2026/08/04 22:27:13.891, 21096, 100
2026/08/04 22:27:14.891, 21096, 100
2026/08/04 22:27:15.892, 21096, 100
2026/08/04 22:27:16.892, 21096, 100
2026/08/04 22:27:17.892, 21096, 85
2026/08/04 22:27:18.893, 21096, 100
2026/08/04 22:27:19.893, 21096, 100
2026/08/04 22:27:20.893, 21096, 100
2026/08/04 22:27:21.894, 21096, 100
2026/08/04 22:27:22.894, 21096, 100
2026/08/04 22:27:23.894, 21096, 100
2026/08/04 22:27:24.894, 21096, 92
2026/08/04 22:27:25.895, 21096, 88
2026/08/04 22:27:26.895, 21096, 100
2026/08/04 22:27:27.895, 21096, 100
2026/08/04 22:27:28.896, 21096, 100
2026/08/04 22:27:29.896, 21096, 100
2026/08/04 22:27:30.896, 21096, 100
2026/08/04 22:27:31.897, 21096, 100
2026/08/04 22:27:32.897, 21096, 84
2026/08/04 22:27:33.897, 21096, 100
2026/08/04 22:27:34.898, 21096, 100
2026/08/04 22:27:35.898, 21096, 100
2026/08/04 22:27:36.898, 21096, 100
2026/08/04 22:27:37.899, 21096, 100
2026/08/04 22:27:38.899, 21096, 100
2026/08/04 22:27:39.899, 21096, 100
2026/08/04 22:27:40.900, 21096, 81
2026/08/04 22:27:41.900, 21096, 100
2026/08/04 22:27:42.900, 21096, 100
2026/08/04 22:27:43.901, 21096, 100
2026/08/04 22:27:44.901, 21096, 100
2026/08/04 22:27:45.901, 21096, 100
2026/08/04 22:27:46.902, 21096, 100
2026/08/04 22:27:47.902, 21096, 100
2026/08/04 22:27:48.902, 21096, 100
2026/08/04 22:27:49.902, 21096, 100
2026/08/04 22:27:50.903, 21096, 100
2026/08/04 22:27:51.905, 21096, 84
2026/08/04 22:27:52.905, 21096, 100
2026/08/04 22:27:53.905, 21096, 100
2026/08/04 22:27:54.906, 21096, 100
2026/08/04 22:27:55.906, 21096, 100
2026/08/04 22:27:56.907, 21096, 100
2026/08/04 22:27:57.907, 21096, 100
2026/08/04 22:27:58.907, 21096, 100
2026/08/04 22:27:59.907, 21096, 100
2026/08/04 22:28:00.908, 21096, 100
2026/08/04 22:28:01.908, 21096, 100
2026/08/04 22:28:02.909, 21096, 100
2026/08/04 22:28:03.909, 21096, 100
2026/08/04 22:28:04.909, 21096, 100
2026/08/04 22:28:05.910, 21096, 100
2026/08/04 22:28:06.910, 21096, 100
2026/08/04 22:28:07.910, 21096, 100
2026/08/04 22:28:08.911, 21096, 100
2026/08/04 22:28:09.911, 21096, 64
2026/08/04 22:28:10.911, 21096, 100
2026/08/04 22:28:11.912, 21096, 58
2026/08/04 22:28:12.912, 21096, 100
2026/08/04 22:28:13.912, 21096, 100
2026/08/04 22:28:14.913, 21096, 92
2026/08/04 22:28:15.913, 21096, 100
2026/08/04 22:28:16.913, 21096, 100
2026/08/04 22:28:17.913, 21096, 72
2026/08/04 22:28:18.914, 21096, 100
2026/08/04 22:28:19.914, 21096, 100
2026/08/04 22:28:20.914, 21096, 100
2026/08/04 22:28:21.915, 21096, 100
2026/08/04 22:28:22.915, 21096, 100
2026/08/04 22:28:23.915, 21096, 100
2026/08/04 22:28:24.916, 21096, 100
2026/08/04 22:28:25.916, 21096, 100
2026/08/04 22:28:26.916, 21096, 100
2026/08/04 22:28:27.916, 21096, 88
2026/08/04 22:28:28.917, 21096, 100
2026/08/04 22:28:29.917, 21096, 100
2026/08/04 22:28:30.917, 21096, 100
2026/08/04 22:28:31.918, 21096, 100
2026/08/04 22:28:32.918, 21096, 100
2026/08/04 22:28:33.918, 21096, 85
2026/08/04 22:28:34.919, 21096, 100
2026/08/04 22:28:35.919, 21096, 100
2026/08/04 22:28:36.919, 21096, 100
2026/08/04 22:28:37.920, 21096, 100
2026/08/04 22:28:38.920, 21096, 100
2026/08/04 22:28:39.920, 21096, 100
2026/08/04 22:28:40.921, 21096, 100
2026/08/04 22:28:41.921, 21096, 100
2026/08/04 22:28:42.921, 21096, 100
2026/08/04 22:28:43.921, 21096, 100
2026/08/04 22:28:44.922, 21096, 100
2026/08/04 22:28:45.922, 21096, 100
2026/08/04 22:28:46.922, 21096, 100
2026/08/04 22:28:47.922, 21096, 100
2026/08/04 22:28:48.923, 21096, 68
2026/08/04 22:28:49.923, 21096, 100
2026/08/04 22:28:50.923, 21096, 100
2026/08/04 22:28:51.923, 21096, 100
2026/08/04 22:28:52.924, 21096, 100
2026/08/04 22:28:53.924, 21096, 100
2026/08/04 22:28:54.924, 21096, 63
2026/08/04 22:28:55.925, 21096, 83
2026/08/04 22:28:56.925, 21096, 99
2026/08/04 22:28:57.925, 21096, 100
2026/08/04 22:28:58.926, 21096, 100
2026/08/04 22:28:59.926, 21096, 100
2026/08/04 22:29:00.926, 21096, 100
2026/08/04 22:29:01.927, 21096, 100
2026/08/04 22:29:02.927, 21096, 79
2026/08/04 22:29:03.928, 21096, 100
2026/08/04 22:29:04.928, 21096, 77
2026/08/04 22:29:05.928, 21096, 85
2026/08/04 22:29:06.929, 21096, 100
2026/08/04 22:29:07.929, 21096, 100
2026/08/04 22:29:08.929, 21096, 82
2026/08/04 22:29:09.929, 21096, 85
2026/08/04 22:29:10.930, 21096, 100
2026/08/04 22:29:11.930, 21096, 100
2026/08/04 22:29:12.930, 21096, 100
2026/08/04 22:29:13.931, 21096, 100
2026/08/04 22:29:14.931, 21096, 100
2026/08/04 22:29:15.931, 21096, 82
2026/08/04 22:29:16.935, 21096, 100
2026/08/04 22:29:17.935, 21096, 100
2026/08/04 22:29:18.935, 21096, 100
2026/08/04 22:29:19.936, 21096, 100
2026/08/04 22:29:20.936, 21096, 100
2026/08/04 22:29:21.939, 21096, 100
2026/08/04 22:29:22.939, 21096, 100
2026/08/04 22:29:23.939, 21096, 100
2026/08/04 22:29:24.940, 21096, 100
2026/08/04 22:29:25.940, 21096, 100
2026/08/04 22:29:26.942, 21096, 100
2026/08/04 22:29:27.942, 21096, 100
2026/08/04 22:29:28.942, 21096, 100
2026/08/04 22:29:29.943, 21096, 100
2026/08/04 22:29:30.943, 21096, 100
2026/08/04 22:29:31.943, 21096, 100
2026/08/04 22:29:32.944, 21096, 100
2026/08/04 22:29:33.944, 21096, 100
2026/08/04 22:29:34.944, 21096, 100
2026/08/04 22:29:35.945, 21096, 100
2026/08/04 22:29:36.945, 21096, 100
2026/08/04 22:29:37.945, 21096, 85
2026/08/04 22:29:38.946, 21096, 100
2026/08/04 22:29:39.946, 21096, 100
2026/08/04 22:29:40.946, 21096, 83
2026/08/04 22:29:41.946, 21096, 100
2026/08/04 22:29:42.947, 21096, 100
2026/08/04 22:29:43.947, 21096, 100
2026/08/04 22:29:44.947, 21096, 100
2026/08/04 22:29:45.948, 21096, 100
2026/08/04 22:29:46.948, 21096, 100
2026/08/04 22:29:47.948, 21096, 100
2026/08/04 22:29:48.949, 21096, 100
2026/08/04 22:29:49.949, 21096, 100
2026/08/04 22:29:51.045, 21096, 100
2026/08/04 22:29:52.045, 21096, 100
2026/08/04 22:29:53.045, 21096, 100
2026/08/04 22:29:54.049, 21096, 100
2026/08/04 22:29:55.049, 21096, 94
2026/08/04 22:29:56.049, 21096, 100
2026/08/04 22:29:57.050, 21096, 100
2026/08/04 22:29:58.050, 21096, 100
2026/08/04 22:29:59.051, 21096, 100
2026/08/04 22:30:00.051, 21096, 100
2026/08/04 22:30:01.051, 21096, 100
2026/08/04 22:30:02.052, 21096, 100
2026/08/04 22:30:03.052, 21096, 100
2026/08/04 22:30:04.052, 21096, 77
2026/08/04 22:30:05.052, 21096, 83
2026/08/04 22:30:06.053, 21096, 80
2026/08/04 22:30:07.053, 21096, 100
2026/08/04 22:30:08.053, 21096, 100
2026/08/04 22:30:09.054, 21096, 100
2026/08/04 22:30:10.054, 21096, 99
2026/08/04 22:30:11.054, 21096, 100
2026/08/04 22:30:12.055, 21096, 100
2026/08/04 22:30:13.055, 21096, 97
2026/08/04 22:30:14.055, 21096, 100
2026/08/04 22:30:15.056, 21096, 100
2026/08/04 22:30:16.056, 21096, 100
2026/08/04 22:30:17.056, 21096, 100
2026/08/04 22:30:18.056, 21096, 96
2026/08/04 22:30:19.057, 21096, 100
2026/08/04 22:30:20.057, 21096, 83
2026/08/04 22:30:21.057, 21096, 100
2026/08/04 22:30:22.058, 21096, 100
2026/08/04 22:30:23.058, 21096, 100
2026/08/04 22:30:24.058, 21096, 100
2026/08/04 22:30:25.059, 21096, 100
2026/08/04 22:30:26.059, 21096, 100
2026/08/04 22:30:27.059, 21096, 100
2026/08/04 22:30:28.059, 21096, 100
2026/08/04 22:30:29.060, 21096, 100
2026/08/04 22:30:30.060, 21096, 100
2026/08/04 22:30:31.060, 21096, 100
2026/08/04 22:30:32.061, 21096, 100
2026/08/04 22:30:33.061, 21096, 100
2026/08/04 22:30:34.061, 21096, 100
2026/08/04 22:30:35.062, 21096, 100
2026/08/04 22:30:36.062, 21096, 100
2026/08/04 22:30:37.062, 21096, 100
2026/08/04 22:30:38.062, 21096, 77
2026/08/04 22:30:39.063, 21096, 85
2026/08/04 22:30:40.063, 21096, 100
2026/08/04 22:30:41.063, 21096, 100
2026/08/04 22:30:42.064, 21096, 100
2026/08/04 22:30:43.064, 21096, 85
2026/08/04 22:30:44.064, 21096, 100
2026/08/04 22:30:45.065, 21096, 100
2026/08/04 22:30:46.065, 21096, 98
2026/08/04 22:30:47.065, 21096, 100
2026/08/04 22:30:48.066, 21096, 100
2026/08/04 22:30:49.066, 21096, 100
2026/08/04 22:30:50.066, 21096, 85
2026/08/04 22:30:51.066, 21096, 100
2026/08/04 22:30:52.067, 21096, 100
2026/08/04 22:30:53.067, 21096, 100
2026/08/04 22:30:54.067, 21096, 100
2026/08/04 22:30:55.068, 21096, 100
2026/08/04 22:30:56.068, 21096, 86
2026/08/04 22:30:57.068, 21096, 100
2026/08/04 22:30:58.069, 21096, 100
2026/08/04 22:30:59.069, 21096, 100
2026/08/04 22:31:00.069, 21096, 100
2026/08/04 22:31:01.069, 21096, 100
2026/08/04 22:31:02.070, 21096, 100
2026/08/04 22:31:03.070, 21096, 100
2026/08/04 22:31:04.070, 21096, 100
2026/08/04 22:31:05.070, 21096, 100
2026/08/04 22:31:06.071, 21096, 100
2026/08/04 22:31:07.071, 21096, 97
2026/08/04 22:31:08.071, 21096, 100
2026/08/04 22:31:09.072, 21096, 100
2026/08/04 22:31:10.072, 21096, 100
2026/08/04 22:31:11.072, 21096, 100
2026/08/04 22:31:12.073, 21096, 100
2026/08/04 22:31:13.073, 21096, 100
2026/08/04 22:31:14.073, 21096, 100
2026/08/04 22:31:15.073, 21096, 100
2026/08/04 22:31:16.074, 21096, 100
2026/08/04 22:31:17.074, 21096, 100
2026/08/04 22:31:18.074, 21096, 100
2026/08/04 22:31:19.074, 21096, 100
2026/08/04 22:31:20.075, 21096, 73
2026/08/04 22:31:21.075, 21096, 87
2026/08/04 22:31:22.075, 21096, 100
2026/08/04 22:31:23.075, 21096, 84
2026/08/04 22:31:24.076, 21096, 100
2026/08/04 22:31:25.076, 21096, 84
2026/08/04 22:31:26.076, 21096, 67
2026/08/04 22:31:27.076, 21096, 100
2026/08/04 22:31:28.077, 21096, 100
2026/08/04 22:31:29.077, 21096, 100
2026/08/04 22:31:30.077, 21096, 86
2026/08/04 22:31:31.077, 21096, 100
2026/08/04 22:31:32.077, 21096, 100
2026/08/04 22:31:33.078, 21096, 100
2026/08/04 22:31:34.078, 21096, 96
2026/08/04 22:31:35.078, 21096, 100
2026/08/04 22:31:36.079, 21096, 100
2026/08/04 22:31:37.079, 21096, 100
2026/08/04 22:31:38.079, 21096, 100
2026/08/04 22:31:39.079, 21096, 100
2026/08/04 22:31:40.080, 21096, 83
2026/08/04 22:31:41.080, 21096, 84
2026/08/04 22:31:42.080, 21096, 100
2026/08/04 22:31:43.081, 21096, 100
2026/08/04 22:31:44.081, 21096, 83
2026/08/04 22:31:45.081, 21096, 100
2026/08/04 22:31:46.081, 21096, 100
2026/08/04 22:31:47.082, 21096, 100
2026/08/04 22:31:48.082, 21096, 100
2026/08/04 22:31:49.082, 21096, 81
2026/08/04 22:31:50.082, 21096, 64
2026/08/04 22:31:51.083, 21096, 100
2026/08/04 22:31:52.083, 21096, 100
2026/08/04 22:31:53.083, 21096, 100
2026/08/04 22:31:54.083, 21096, 78
2026/08/04 22:31:55.084, 21096, 100
2026/08/04 22:31:56.084, 21096, 100
2026/08/04 22:31:57.084, 21096, 100
2026/08/04 22:31:58.084, 21096, 100
2026/08/04 22:31:59.085, 21096, 100
2026/08/04 22:32:00.085, 21096, 100
2026/08/04 22:32:01.085, 21096, 100
2026/08/04 22:32:02.085, 21096, 100
2026/08/04 22:32:03.086, 21096, 100
2026/08/04 22:32:04.086, 21096, 84
2026/08/04 22:32:05.086, 21096, 100
2026/08/04 22:32:06.086, 21096, 86
2026/08/04 22:32:07.087, 21096, 100
2026/08/04 22:32:08.087, 21096, 100
2026/08/04 22:32:09.087, 21096, 100
2026/08/04 22:32:10.088, 21096, 68
2026/08/04 22:32:11.088, 21096, 100
2026/08/04 22:32:12.088, 21096, 100
2026/08/04 22:32:13.088, 21096, 100
2026/08/04 22:32:14.089, 21096, 100
2026/08/04 22:32:15.089, 21096, 85
2026/08/04 22:32:16.089, 21096, 87
2026/08/04 22:32:17.089, 21096, 100
2026/08/04 22:32:18.090, 21096, 100
2026/08/04 22:32:19.090, 21096, 100
2026/08/04 22:32:20.091, 21096, 100
2026/08/04 22:32:21.091, 21096, 100
2026/08/04 22:32:22.091, 21096, 100
2026/08/04 22:32:23.092, 21096, 100
2026/08/04 22:32:24.092, 21096, 98
2026/08/04 22:32:25.092, 21096, 100
2026/08/04 22:32:26.092, 21096, 100
2026/08/04 22:32:27.093, 21096, 100
2026/08/04 22:32:28.093, 21096, 100
2026/08/04 22:32:29.093, 21096, 91
2026/08/04 22:32:30.094, 21096, 100
2026/08/04 22:32:31.094, 21096, 100
2026/08/04 22:32:32.094, 21096, 100
2026/08/04 22:32:33.094, 21096, 100
2026/08/04 22:32:34.094, 21096, 100
2026/08/04 22:32:35.095, 21096, 100
2026/08/04 22:32:36.095, 21096, 100
2026/08/04 22:32:37.095, 21096, 100
2026/08/04 22:32:38.095, 21096, 78
2026/08/04 22:32:39.096, 21096, 100
2026/08/04 22:32:40.096, 21096, 100
2026/08/04 22:32:41.096, 21096, 100
2026/08/04 22:32:42.096, 21096, 100
2026/08/04 22:32:43.097, 21096, 82
2026/08/04 22:32:44.097, 21096, 84
2026/08/04 22:32:45.097, 21096, 100
2026/08/04 22:32:46.098, 21096, 100
2026/08/04 22:32:47.098, 21096, 84
2026/08/04 22:32:48.098, 21096, 100
2026/08/04 22:32:49.098, 21096, 100
2026/08/04 22:32:50.099, 21096, 46
2026/08/04 22:32:51.099, 21096, 100
2026/08/04 22:32:52.099, 21096, 100
2026/08/04 22:32:53.099, 21096, 100
2026/08/04 22:32:54.100, 21096, 100
2026/08/04 22:32:55.100, 21096, 100
2026/08/04 22:32:56.100, 21096, 100
2026/08/04 22:32:57.100, 21096, 100
2026/08/04 22:32:58.101, 21096, 89
2026/08/04 22:32:59.101, 21096, 100
2026/08/04 22:33:00.101, 21096, 100
2026/08/04 22:33:01.102, 21096, 69
2026/08/04 22:33:02.102, 21096, 100
2026/08/04 22:33:03.102, 21096, 100
2026/08/04 22:33:04.103, 21096, 100
2026/08/04 22:33:05.103, 21096, 83
2026/08/04 22:33:06.103, 21096, 77
2026/08/04 22:33:07.104, 21096, 100
2026/08/04 22:33:08.104, 21096, 100
2026/08/04 22:33:09.104, 21096, 96
2026/08/04 22:33:10.105, 21096, 57
2026/08/04 22:33:11.105, 21096, 100
2026/08/04 22:33:12.105, 21096, 100
2026/08/04 22:33:13.106, 21096, 100
2026/08/04 22:33:14.106, 21096, 100
2026/08/04 22:33:15.106, 21096, 100
2026/08/04 22:33:16.107, 21096, 100
2026/08/04 22:33:17.107, 21096, 100
2026/08/04 22:33:18.107, 21096, 100
2026/08/04 22:33:19.108, 21096, 100
2026/08/04 22:33:20.108, 21096, 100
2026/08/04 22:33:21.108, 21096, 86
2026/08/04 22:33:22.109, 21096, 100
2026/08/04 22:33:23.109, 21096, 100
2026/08/04 22:33:24.109, 21096, 100
2026/08/04 22:33:25.110, 21096, 100
2026/08/04 22:33:26.110, 21096, 100
2026/08/04 22:33:27.110, 21096, 100
2026/08/04 22:33:28.111, 21096, 100
2026/08/04 22:33:29.111, 21096, 100
2026/08/04 22:33:30.111, 21096, 100
2026/08/04 22:33:31.111, 21096, 100
2026/08/04 22:33:32.111, 21096, 100
2026/08/04 22:33:33.112, 21096, 100
2026/08/04 22:33:34.112, 21096, 100
2026/08/04 22:33:35.112, 21096, 100
2026/08/04 22:33:36.112, 21096, 100
2026/08/04 22:33:37.113, 21096, 100
2026/08/04 22:33:38.113, 21096, 100
2026/08/04 22:33:39.113, 21096, 100
2026/08/04 22:33:40.113, 21096, 100
2026/08/04 22:33:41.113, 21096, 63
2026/08/04 22:33:42.114, 21096, 100
2026/08/04 22:33:43.114, 21096, 100
2026/08/04 22:33:44.114, 21096, 100
2026/08/04 22:33:45.114, 21096, 100
2026/08/04 22:33:46.115, 21096, 100
2026/08/04 22:33:47.115, 21096, 84
2026/08/04 22:33:48.115, 21096, 85
2026/08/04 22:33:49.115, 21096, 100
2026/08/04 22:33:50.118, 21096, 100
2026/08/04 22:33:51.118, 21096, 100
2026/08/04 22:33:52.118, 21096, 100
2026/08/04 22:33:53.118, 21096, 100
2026/08/04 22:33:54.119, 21096, 100
2026/08/04 22:33:55.119, 21096, 100
2026/08/04 22:33:56.119, 21096, 100
2026/08/04 22:33:57.119, 21096, 100
2026/08/04 22:33:58.120, 21096, 100
2026/08/04 22:33:59.120, 21096, 90
2026/08/04 22:34:00.120, 21096, 100
2026/08/04 22:34:01.121, 21096, 83
2026/08/04 22:34:02.121, 21096, 100
2026/08/04 22:34:03.121, 21096, 100
2026/08/04 22:34:04.122, 21096, 100
2026/08/04 22:34:05.122, 21096, 100
2026/08/04 22:34:06.122, 21096, 100
2026/08/04 22:34:07.122, 21096, 100
2026/08/04 22:34:08.122, 21096, 100
2026/08/04 22:34:09.123, 21096, 100
2026/08/04 22:34:10.123, 21096, 100
2026/08/04 22:34:11.123, 21096, 100
2026/08/04 22:34:12.123, 21096, 100
2026/08/04 22:34:13.124, 21096, 100
2026/08/04 22:34:14.144, 21096, 100
2026/08/04 22:34:15.144, 21096, 100
2026/08/04 22:34:16.145, 21096, 100
2026/08/04 22:34:17.145, 21096, 100
2026/08/04 22:34:18.145, 21096, 100
2026/08/04 22:34:19.145, 21096, 100
2026/08/04 22:34:20.148, 21096, 100
2026/08/04 22:34:21.148, 21096, 100
2026/08/04 22:34:22.148, 21096, 100
2026/08/04 22:34:23.149, 21096, 100
2026/08/04 22:34:24.149, 21096, 100
2026/08/04 22:34:25.154, 21096, 100
2026/08/04 22:34:26.154, 21096, 100
2026/08/04 22:34:27.155, 21096, 100
2026/08/04 22:34:28.155, 21096, 100
2026/08/04 22:34:29.155, 21096, 100
2026/08/04 22:34:30.156, 21096, 100
2026/08/04 22:34:31.156, 21096, 100
2026/08/04 22:34:32.156, 21096, 100
2026/08/04 22:34:33.156, 21096, 100
2026/08/04 22:34:34.157, 21096, 100
2026/08/04 22:34:35.157, 21096, 100
2026/08/04 22:34:36.157, 21096, 100
2026/08/04 22:34:37.158, 21096, 100
2026/08/04 22:34:38.158, 21096, 100
2026/08/04 22:34:39.158, 21096, 100
2026/08/04 22:34:40.159, 21096, 100
2026/08/04 22:34:41.159, 21096, 100
2026/08/04 22:34:42.160, 21096, 100
2026/08/04 22:34:43.160, 21096, 100
2026/08/04 22:34:44.160, 21096, 100
2026/08/04 22:34:45.162, 21096, 100
2026/08/04 22:34:46.163, 21096, 100
2026/08/04 22:34:47.163, 21096, 100
2026/08/04 22:34:48.163, 21096, 100
2026/08/04 22:34:49.164, 21096, 100
2026/08/04 22:34:50.167, 21096, 100
2026/08/04 22:34:51.168, 21096, 100
2026/08/04 22:34:52.168, 21096, 100
2026/08/04 22:34:53.168, 21096, 100
2026/08/04 22:34:54.169, 21096, 100
2026/08/04 22:34:55.170, 21096, 100
2026/08/04 22:34:56.171, 21096, 94
2026/08/04 22:34:57.171, 21096, 100
2026/08/04 22:34:58.171, 21096, 100
2026/08/04 22:34:59.172, 21096, 100
2026/08/04 22:35:00.174, 21096, 100
2026/08/04 22:35:01.174, 21096, 100
2026/08/04 22:35:02.174, 21096, 100
2026/08/04 22:35:03.175, 21096, 100
2026/08/04 22:35:04.175, 21096, 100
2026/08/04 22:35:05.175, 21096, 100
2026/08/04 22:35:06.175, 21096, 100
2026/08/04 22:35:07.176, 21096, 85
2026/08/04 22:35:08.176, 21096, 100
2026/08/04 22:35:09.176, 21096, 100
2026/08/04 22:35:10.176, 21096, 100
2026/08/04 22:35:11.177, 21096, 100
2026/08/04 22:35:12.177, 21096, 100
2026/08/04 22:35:13.177, 21096, 100
2026/08/04 22:35:14.177, 21096, 100
2026/08/04 22:35:15.178, 21096, 100
2026/08/04 22:35:16.179, 21096, 100
2026/08/04 22:35:17.179, 21096, 100
2026/08/04 22:35:18.179, 21096, 86
2026/08/04 22:35:19.179, 21096, 100
2026/08/04 22:35:20.180, 21096, 100
2026/08/04 22:35:21.181, 21096, 100
2026/08/04 22:35:22.181, 21096, 100
2026/08/04 22:35:23.181, 21096, 100
2026/08/04 22:35:24.182, 21096, 100
2026/08/04 22:35:25.183, 21096, 64
2026/08/04 22:35:26.184, 21096, 100
2026/08/04 22:35:27.184, 21096, 100
2026/08/04 22:35:28.184, 21096, 100
2026/08/04 22:35:29.185, 21096, 100
2026/08/04 22:35:30.185, 21096, 100
2026/08/04 22:35:31.185, 21096, 100
2026/08/04 22:35:32.185, 21096, 100
2026/08/04 22:35:33.186, 21096, 100
2026/08/04 22:35:34.186, 21096, 100
2026/08/04 22:35:35.186, 21096, 84
2026/08/04 22:35:36.187, 21096, 96
2026/08/04 22:35:37.187, 21096, 100
2026/08/04 22:35:38.187, 21096, 100
2026/08/04 22:35:39.187, 21096, 100
2026/08/04 22:35:40.188, 21096, 100
2026/08/04 22:35:41.188, 21096, 100
2026/08/04 22:35:42.188, 21096, 93
2026/08/04 22:35:43.189, 21096, 100
2026/08/04 22:35:44.189, 21096, 100
2026/08/04 22:35:45.189, 21096, 100
2026/08/04 22:35:46.190, 21096, 100
2026/08/04 22:35:47.190, 21096, 100
2026/08/04 22:35:48.190, 21096, 86
2026/08/04 22:35:49.190, 21096, 85
2026/08/04 22:35:50.191, 21096, 100
2026/08/04 22:35:51.191, 21096, 100
2026/08/04 22:35:52.191, 21096, 100
2026/08/04 22:35:53.192, 21096, 100
2026/08/04 22:35:54.192, 21096, 100
2026/08/04 22:35:55.192, 21096, 100
2026/08/04 22:35:56.192, 21096, 100
2026/08/04 22:35:57.193, 21096, 100
2026/08/04 22:35:58.193, 21096, 100
2026/08/04 22:35:59.193, 21096, 100
2026/08/04 22:36:00.194, 21096, 85
2026/08/04 22:36:01.194, 21096, 100
2026/08/04 22:36:02.194, 21096, 100
2026/08/04 22:36:03.195, 21096, 100
2026/08/04 22:36:04.195, 21096, 100
2026/08/04 22:36:05.195, 21096, 100
2026/08/04 22:36:06.195, 21096, 100
2026/08/04 22:36:07.196, 21096, 100
2026/08/04 22:36:08.196, 21096, 100
2026/08/04 22:36:09.196, 21096, 100
2026/08/04 22:36:10.196, 21096, 88
2026/08/04 22:36:11.196, 21096, 100
2026/08/04 22:36:12.196, 21096, 100
2026/08/04 22:36:13.197, 21096, 100
2026/08/04 22:36:14.197, 21096, 100
2026/08/04 22:36:15.197, 21096, 100
2026/08/04 22:36:16.197, 21096, 100
2026/08/04 22:36:17.197, 21096, 100
2026/08/04 22:36:18.197, 21096, 84
2026/08/04 22:36:19.206, 21096, 79
2026/08/04 22:36:20.206, 21096, 100
2026/08/04 22:36:21.206, 21096, 85
2026/08/04 22:36:22.207, 21096, 100
2026/08/04 22:36:23.207, 21096, 100
2026/08/04 22:36:24.207, 21096, 100
2026/08/04 22:36:25.207, 21096, 100
2026/08/04 22:36:26.207, 21096, 100
2026/08/04 22:36:27.207, 21096, 100
2026/08/04 22:36:28.208, 21096, 100
2026/08/04 22:36:29.208, 21096, 100
2026/08/04 22:36:30.209, 21096, 100
2026/08/04 22:36:31.209, 21096, 100
2026/08/04 22:36:32.209, 21096, 100
2026/08/04 22:36:33.209, 21096, 100
2026/08/04 22:36:34.209, 21096, 100
2026/08/04 22:36:35.210, 21096, 100
2026/08/04 22:36:36.210, 21096, 100
2026/08/04 22:36:37.210, 21096, 100
2026/08/04 22:36:38.211, 21096, 100
2026/08/04 22:36:39.211, 21096, 100
2026/08/04 22:36:40.211, 21096, 100
2026/08/04 22:36:41.211, 21096, 100
2026/08/04 22:36:42.211, 21096, 64
2026/08/04 22:36:43.212, 21096, 100
2026/08/04 22:36:44.212, 21096, 100
2026/08/04 22:36:45.212, 21096, 100
2026/08/04 22:36:46.213, 21096, 100
2026/08/04 22:36:47.213, 21096, 100
2026/08/04 22:36:48.213, 21096, 100
2026/08/04 22:36:49.213, 21096, 100
2026/08/04 22:36:50.214, 21096, 100
2026/08/04 22:36:51.214, 21096, 100
2026/08/04 22:36:52.214, 21096, 100
2026/08/04 22:36:53.214, 21096, 100
2026/08/04 22:36:54.215, 21096, 100
2026/08/04 22:36:55.215, 21096, 100
2026/08/04 22:36:56.215, 21096, 100
2026/08/04 22:36:57.215, 21096, 100
2026/08/04 22:36:58.216, 21096, 100
2026/08/04 22:36:59.216, 21096, 100
2026/08/04 22:37:00.216, 21096, 100
2026/08/04 22:37:01.217, 21096, 99
2026/08/04 22:37:02.217, 21096, 84
2026/08/04 22:37:03.217, 21096, 100
2026/08/04 22:37:04.217, 21096, 100
2026/08/04 22:37:05.218, 21096, 100
2026/08/04 22:37:06.218, 21096, 100
2026/08/04 22:37:07.218, 21096, 100
2026/08/04 22:37:08.218, 21096, 100
2026/08/04 22:37:09.219, 21096, 100
2026/08/04 22:37:10.219, 21096, 100
2026/08/04 22:37:11.219, 21096, 100
2026/08/04 22:37:12.219, 21096, 100
2026/08/04 22:37:13.220, 21096, 100
2026/08/04 22:37:14.220, 21096, 100
2026/08/04 22:37:15.220, 21096, 100
2026/08/04 22:37:16.220, 21096, 100
2026/08/04 22:37:17.221, 21096, 100
2026/08/04 22:37:18.221, 21096, 100
2026/08/04 22:37:19.221, 21096, 100
2026/08/04 22:37:20.221, 21096, 100
2026/08/04 22:37:21.222, 21096, 100
2026/08/04 22:37:22.222, 21096, 100
2026/08/04 22:37:23.222, 21096, 100
2026/08/04 22:37:24.223, 21096, 100
2026/08/04 22:37:25.223, 21096, 100
2026/08/04 22:37:26.223, 21096, 100
2026/08/04 22:37:27.223, 21096, 84
2026/08/04 22:37:28.224, 21096, 100
2026/08/04 22:37:29.224, 21096, 100
2026/08/04 22:37:30.224, 21096, 100
2026/08/04 22:37:31.225, 21096, 100
2026/08/04 22:37:32.225, 21096, 100
2026/08/04 22:37:33.225, 21096, 100
2026/08/04 22:37:34.225, 21096, 100
2026/08/04 22:37:35.226, 21096, 100
2026/08/04 22:37:36.226, 21096, 100
2026/08/04 22:37:37.226, 21096, 100
2026/08/04 22:37:38.227, 21096, 100
2026/08/04 22:37:39.227, 21096, 94
2026/08/04 22:37:40.227, 21096, 88
2026/08/04 22:37:41.227, 21096, 100
2026/08/04 22:37:42.228, 21096, 100
2026/08/04 22:37:43.228, 21096, 100
2026/08/04 22:37:44.228, 21096, 100
2026/08/04 22:37:45.229, 21096, 100
2026/08/04 22:37:46.229, 21096, 100
2026/08/04 22:37:47.229, 21096, 100
2026/08/04 22:37:48.229, 21096, 100
2026/08/04 22:37:49.230, 21096, 100
2026/08/04 22:37:50.230, 21096, 100
2026/08/04 22:37:51.230, 21096, 85
2026/08/04 22:37:52.230, 21096, 100
2026/08/04 22:37:53.231, 21096, 100
2026/08/04 22:37:54.231, 21096, 100
2026/08/04 22:37:55.231, 21096, 100
2026/08/04 22:37:56.231, 21096, 100
2026/08/04 22:37:57.232, 21096, 100
2026/08/04 22:37:58.232, 21096, 100
2026/08/04 22:37:59.232, 21096, 83
2026/08/04 22:38:00.233, 21096, 96
2026/08/04 22:38:01.233, 21096, 100
2026/08/04 22:38:02.233, 21096, 84
2026/08/04 22:38:03.233, 21096, 100
2026/08/04 22:38:04.234, 21096, 84
2026/08/04 22:38:05.234, 21096, 100
2026/08/04 22:38:06.234, 21096, 100
2026/08/04 22:38:07.234, 21096, 100
2026/08/04 22:38:08.235, 21096, 100
2026/08/04 22:38:09.235, 21096, 100
2026/08/04 22:38:10.235, 21096, 100
2026/08/04 22:38:11.235, 21096, 100
2026/08/04 22:38:12.236, 21096, 100
2026/08/04 22:38:13.236, 21096, 100
2026/08/04 22:38:14.236, 21096, 100
2026/08/04 22:38:15.237, 21096, 100
2026/08/04 22:38:16.237, 21096, 100
2026/08/04 22:38:17.237, 21096, 100
2026/08/04 22:38:18.238, 21096, 100
2026/08/04 22:38:19.238, 21096, 100
2026/08/04 22:38:20.238, 21096, 100
2026/08/04 22:38:21.239, 21096, 100
2026/08/04 22:38:22.239, 21096, 100
2026/08/04 22:38:23.239, 21096, 100
2026/08/04 22:38:24.239, 21096, 100
2026/08/04 22:38:25.240, 21096, 83
2026/08/04 22:38:26.240, 21096, 100
2026/08/04 22:38:27.240, 21096, 100
2026/08/04 22:38:28.241, 21096, 100
2026/08/04 22:38:29.241, 21096, 100
2026/08/04 22:38:30.241, 21096, 100
2026/08/04 22:38:31.241, 21096, 100
2026/08/04 22:38:32.242, 21096, 100
2026/08/04 22:38:33.242, 21096, 100
2026/08/04 22:38:34.242, 21096, 100
2026/08/04 22:38:35.242, 21096, 100
2026/08/04 22:38:36.243, 21096, 100
2026/08/04 22:38:37.243, 21096, 100
2026/08/04 22:38:38.243, 21096, 100
2026/08/04 22:38:39.244, 21096, 100
2026/08/04 22:38:40.244, 21096, 82
2026/08/04 22:38:41.244, 21096, 100
2026/08/04 22:38:42.244, 21096, 84
2026/08/04 22:38:43.245, 21096, 100
2026/08/04 22:38:44.245, 21096, 100
2026/08/04 22:38:45.245, 21096, 100
2026/08/04 22:38:46.246, 21096, 61
2026/08/04 22:38:47.246, 21096, 97
2026/08/04 22:38:48.246, 21096, 75
2026/08/04 22:38:49.247, 21096, 100
2026/08/04 22:38:50.247, 21096, 100
2026/08/04 22:38:51.247, 21096, 83
2026/08/04 22:38:52.248, 21096, 90
2026/08/04 22:38:53.248, 21096, 100
2026/08/04 22:38:54.248, 21096, 100
2026/08/04 22:38:55.249, 21096, 100
2026/08/04 22:38:56.249, 21096, 64
2026/08/04 22:38:57.249, 21096, 100
2026/08/04 22:38:58.250, 21096, 100
2026/08/04 22:38:59.250, 21096, 100
2026/08/04 22:39:00.250, 21096, 100
2026/08/04 22:39:01.250, 21096, 100
2026/08/04 22:39:02.251, 21096, 100
2026/08/04 22:39:03.251, 21096, 100
2026/08/04 22:39:04.251, 21096, 100
2026/08/04 22:39:05.252, 21096, 100
2026/08/04 22:39:06.252, 21096, 100
2026/08/04 22:39:07.252, 21096, 100
2026/08/04 22:39:08.253, 21096, 84
2026/08/04 22:39:09.253, 21096, 100
2026/08/04 22:39:10.253, 21096, 100
2026/08/04 22:39:11.254, 21096, 81
2026/08/04 22:39:12.254, 21096, 100
2026/08/04 22:39:13.254, 21096, 100
2026/08/04 22:39:14.255, 21096, 100
2026/08/04 22:39:15.255, 21096, 100
2026/08/04 22:39:16.255, 21096, 100
2026/08/04 22:39:17.256, 21096, 83
2026/08/04 22:39:18.256, 21096, 100
2026/08/04 22:39:19.256, 21096, 100
2026/08/04 22:39:20.257, 21096, 100
2026/08/04 22:39:21.257, 21096, 100
2026/08/04 22:39:22.257, 21096, 100
2026/08/04 22:39:23.258, 21096, 100
2026/08/04 22:39:24.258, 21096, 87
2026/08/04 22:39:25.258, 21096, 100
2026/08/04 22:39:26.259, 21096, 63
2026/08/04 22:39:27.259, 21096, 100
2026/08/04 22:39:28.259, 21096, 100
2026/08/04 22:39:29.260, 21096, 100
2026/08/04 22:39:30.260, 21096, 84
2026/08/04 22:39:31.260, 21096, 100
2026/08/04 22:39:32.261, 21096, 100
2026/08/04 22:39:33.261, 21096, 100
2026/08/04 22:39:34.261, 21096, 100
2026/08/04 22:39:35.262, 21096, 100
2026/08/04 22:39:36.262, 21096, 100
2026/08/04 22:39:37.262, 21096, 100
2026/08/04 22:39:38.262, 21096, 100
2026/08/04 22:39:39.263, 21096, 100
2026/08/04 22:39:40.263, 21096, 100
2026/08/04 22:39:41.263, 21096, 100
2026/08/04 22:39:42.264, 21096, 100
2026/08/04 22:39:43.264, 21096, 100
2026/08/04 22:39:44.264, 21096, 100
2026/08/04 22:39:45.265, 21096, 100
2026/08/04 22:39:46.265, 21096, 100
2026/08/04 22:39:47.265, 21096, 100
2026/08/04 22:39:48.266, 21096, 100
2026/08/04 22:39:49.266, 21096, 100
2026/08/04 22:39:50.266, 21096, 100
2026/08/04 22:39:51.267, 21096, 100
2026/08/04 22:39:52.267, 21096, 85
2026/08/04 22:39:53.267, 21096, 86
2026/08/04 22:39:54.267, 21096, 100
2026/08/04 22:39:55.268, 21096, 100
2026/08/04 22:39:56.268, 21096, 100
2026/08/04 22:39:57.268, 21096, 100
2026/08/04 22:39:58.269, 21096, 100
2026/08/04 22:39:59.269, 21096, 100
2026/08/04 22:40:00.269, 21096, 100
2026/08/04 22:40:01.270, 21096, 100
2026/08/04 22:40:02.270, 21096, 100
2026/08/04 22:40:03.270, 21096, 98
2026/08/04 22:40:04.271, 21096, 100
2026/08/04 22:40:05.271, 21096, 93
2026/08/04 22:40:06.271, 21096, 100
2026/08/04 22:40:07.271, 21096, 100
2026/08/04 22:40:08.272, 21096, 100
2026/08/04 22:40:09.272, 21096, 87
2026/08/04 22:40:10.272, 21096, 100
2026/08/04 22:40:11.273, 21096, 100
2026/08/04 22:40:12.273, 21096, 94
2026/08/04 22:40:13.273, 21096, 100
2026/08/04 22:40:14.274, 21096, 100
2026/08/04 22:40:15.274, 21096, 100
2026/08/04 22:40:16.274, 21096, 100
2026/08/04 22:40:17.275, 21096, 100
2026/08/04 22:40:18.275, 21096, 100
2026/08/04 22:40:19.275, 21096, 100
2026/08/04 22:40:20.276, 21096, 100
2026/08/04 22:40:21.276, 21096, 100
2026/08/04 22:40:22.276, 21096, 100
2026/08/04 22:40:23.276, 21096, 100
2026/08/04 22:40:24.277, 21096, 100
2026/08/04 22:40:25.277, 21096, 100
2026/08/04 22:40:26.277, 21096, 100
2026/08/04 22:40:27.277, 21096, 100
2026/08/04 22:40:28.278, 21096, 100
2026/08/04 22:40:29.278, 21096, 86
2026/08/04 22:40:30.278, 21096, 100
2026/08/04 22:40:31.279, 21096, 100
2026/08/04 22:40:32.279, 21096, 100
2026/08/04 22:40:33.279, 21096, 84
2026/08/04 22:40:34.279, 21096, 100
2026/08/04 22:40:35.280, 21096, 100
2026/08/04 22:40:36.280, 21096, 100
2026/08/04 22:40:37.280, 21096, 100
2026/08/04 22:40:38.281, 21096, 100
2026/08/04 22:40:39.281, 21096, 100
2026/08/04 22:40:40.281, 21096, 100
2026/08/04 22:40:41.282, 21096, 100
2026/08/04 22:40:42.282, 21096, 100
2026/08/04 22:40:43.282, 21096, 100
2026/08/04 22:40:44.283, 21096, 100
2026/08/04 22:40:45.283, 21096, 100
2026/08/04 22:40:46.283, 21096, 100
2026/08/04 22:40:47.284, 21096, 100
2026/08/04 22:40:48.284, 21096, 96
2026/08/04 22:40:49.284, 21096, 100
2026/08/04 22:40:50.284, 21096, 100
2026/08/04 22:40:51.285, 21096, 100
2026/08/04 22:40:52.285, 21096, 100
2026/08/04 22:40:53.285, 21096, 100
2026/08/04 22:40:54.286, 21096, 100
2026/08/04 22:40:55.286, 21096, 100
2026/08/04 22:40:56.286, 21096, 100
2026/08/04 22:40:57.286, 21096, 100
2026/08/04 22:40:58.287, 21096, 100
2026/08/04 22:40:59.287, 21096, 100
2026/08/04 22:41:00.287, 21096, 100
2026/08/04 22:41:01.287, 21096, 100
2026/08/04 22:41:02.288, 21096, 85
2026/08/04 22:41:03.288, 21096, 100
2026/08/04 22:41:04.289, 21096, 100
2026/08/04 22:41:05.290, 21096, 100
2026/08/04 22:41:06.290, 21096, 100
2026/08/04 22:41:07.290, 21096, 100
2026/08/04 22:41:08.291, 21096, 100
2026/08/04 22:41:09.291, 21096, 100
2026/08/04 22:41:10.291, 21096, 100
2026/08/04 22:41:11.291, 21096, 100
2026/08/04 22:41:12.292, 21096, 85
2026/08/04 22:41:13.292, 21096, 100
2026/08/04 22:41:14.292, 21096, 100
2026/08/04 22:41:15.293, 21096, 100
2026/08/04 22:41:16.293, 21096, 100
2026/08/04 22:41:17.293, 21096, 85
2026/08/04 22:41:18.294, 21096, 100
2026/08/04 22:41:19.294, 21096, 85
2026/08/04 22:41:20.294, 21096, 100
2026/08/04 22:41:21.295, 21096, 100
2026/08/04 22:41:22.295, 21096, 100
2026/08/04 22:41:23.295, 21096, 100
2026/08/04 22:41:24.295, 21096, 100
2026/08/04 22:41:25.296, 21096, 100
2026/08/04 22:41:26.296, 21096, 100
2026/08/04 22:41:27.296, 21096, 100
2026/08/04 22:41:28.297, 21096, 100
2026/08/04 22:41:29.297, 21096, 100
2026/08/04 22:41:30.297, 21096, 100
2026/08/04 22:41:31.298, 21096, 100
2026/08/04 22:41:32.298, 21096, 100
2026/08/04 22:41:33.298, 21096, 100
2026/08/04 22:41:34.299, 21096, 100
2026/08/04 22:41:35.299, 21096, 100
2026/08/04 22:41:36.299, 21096, 100
2026/08/04 22:41:37.300, 21096, 100
2026/08/04 22:41:38.300, 21096, 100
2026/08/04 22:41:39.300, 21096, 100
2026/08/04 22:41:40.301, 21096, 84
2026/08/04 22:41:41.301, 21096, 81
2026/08/04 22:41:42.301, 21096, 100
2026/08/04 22:41:43.302, 21096, 100
2026/08/04 22:41:44.302, 21096, 100
2026/08/04 22:41:45.302, 21096, 100
2026/08/04 22:41:46.303, 21096, 100
2026/08/04 22:41:47.303, 21096, 100
2026/08/04 22:41:48.303, 21096, 100
2026/08/04 22:41:49.304, 21096, 100
2026/08/04 22:41:50.304, 21096, 85
2026/08/04 22:41:51.304, 21096, 83
2026/08/04 22:41:52.305, 21096, 83
2026/08/04 22:41:53.305, 21096, 100
2026/08/04 22:41:54.305, 21096, 100
2026/08/04 22:41:55.306, 21096, 82
2026/08/04 22:41:56.306, 21096, 100
2026/08/04 22:41:57.306, 21096, 100
2026/08/04 22:41:58.307, 21096, 100
2026/08/04 22:41:59.307, 21096, 100
2026/08/04 22:42:00.307, 21096, 100
2026/08/04 22:42:01.308, 21096, 100
2026/08/04 22:42:02.308, 21096, 100
2026/08/04 22:42:03.308, 21096, 100
2026/08/04 22:42:04.308, 21096, 100
2026/08/04 22:42:05.309, 21096, 100
2026/08/04 22:42:06.309, 21096, 100
2026/08/04 22:42:07.309, 21096, 100
2026/08/04 22:42:08.310, 21096, 100
2026/08/04 22:42:09.310, 21096, 91
2026/08/04 22:42:10.310, 21096, 100
2026/08/04 22:42:11.310, 21096, 100
2026/08/04 22:42:12.311, 21096, 81
2026/08/04 22:42:13.311, 21096, 100
2026/08/04 22:42:14.311, 21096, 100
2026/08/04 22:42:15.312, 21096, 100
2026/08/04 22:42:16.312, 21096, 100
2026/08/04 22:42:17.312, 21096, 86
2026/08/04 22:42:18.312, 21096, 100
2026/08/04 22:42:19.313, 21096, 100
2026/08/04 22:42:20.313, 21096, 100
2026/08/04 22:42:21.313, 21096, 100
2026/08/04 22:42:22.314, 21096, 100
2026/08/04 22:42:23.314, 21096, 100
2026/08/04 22:42:24.314, 21096, 100
2026/08/04 22:42:25.314, 21096, 92
2026/08/04 22:42:26.314, 21096, 100
2026/08/04 22:42:27.315, 21096, 100
2026/08/04 22:42:28.315, 21096, 84
2026/08/04 22:42:29.315, 21096, 100
2026/08/04 22:42:30.316, 21096, 100
2026/08/04 22:42:31.316, 21096, 84
2026/08/04 22:42:32.316, 21096, 100
2026/08/04 22:42:33.316, 21096, 81
2026/08/04 22:42:34.317, 21096, 100
2026/08/04 22:42:35.317, 21096, 100
2026/08/04 22:42:36.317, 21096, 100
2026/08/04 22:42:37.318, 21096, 100
2026/08/04 22:42:38.318, 21096, 100
2026/08/04 22:42:39.318, 21096, 100
2026/08/04 22:42:40.318, 21096, 100
2026/08/04 22:42:41.319, 21096, 100
2026/08/04 22:42:42.319, 21096, 100
2026/08/04 22:42:43.319, 21096, 100
2026/08/04 22:42:44.320, 21096, 100
2026/08/04 22:42:45.320, 21096, 100
2026/08/04 22:42:46.320, 21096, 100
2026/08/04 22:42:47.320, 21096, 86
2026/08/04 22:42:48.321, 21096, 100
2026/08/04 22:42:49.321, 21096, 100
2026/08/04 22:42:50.321, 21096, 83
2026/08/04 22:42:51.322, 21096, 100
2026/08/04 22:42:52.322, 21096, 91
2026/08/04 22:42:53.322, 21096, 97
2026/08/04 22:42:54.322, 21096, 100
2026/08/04 22:42:55.323, 21096, 100
2026/08/04 22:42:56.323, 21096, 100
2026/08/04 22:42:57.323, 21096, 100
2026/08/04 22:42:58.323, 21096, 100
2026/08/04 22:42:59.324, 21096, 100
2026/08/04 22:43:00.324, 21096, 100
2026/08/04 22:43:01.324, 21096, 100
2026/08/04 22:43:02.324, 21096, 100
2026/08/04 22:43:03.324, 21096, 100
2026/08/04 22:43:04.325, 21096, 100
2026/08/04 22:43:05.325, 21096, 96
2026/08/04 22:43:06.325, 21096, 83
2026/08/04 22:43:07.326, 21096, 63
2026/08/04 22:43:08.326, 21096, 100
2026/08/04 22:43:09.326, 21096, 85
2026/08/04 22:43:10.326, 21096, 100
2026/08/04 22:43:11.327, 21096, 100
2026/08/04 22:43:12.327, 21096, 100
2026/08/04 22:43:13.327, 21096, 100
2026/08/04 22:43:14.328, 21096, 82
2026/08/04 22:43:15.328, 21096, 100
2026/08/04 22:43:16.328, 21096, 82
2026/08/04 22:43:17.328, 21096, 100
2026/08/04 22:43:18.328, 21096, 100
2026/08/04 22:43:19.329, 21096, 100
2026/08/04 22:43:20.329, 21096, 100
2026/08/04 22:43:21.329, 21096, 100
2026/08/04 22:43:22.330, 21096, 100
2026/08/04 22:43:23.330, 21096, 88
2026/08/04 22:43:24.330, 21096, 100
2026/08/04 22:43:25.330, 21096, 100
2026/08/04 22:43:26.330, 21096, 100
2026/08/04 22:43:27.331, 21096, 100
2026/08/04 22:43:28.331, 21096, 100
2026/08/04 22:43:29.331, 21096, 100
2026/08/04 22:43:30.332, 21096, 100
2026/08/04 22:43:31.332, 21096, 66
2026/08/04 22:43:32.332, 21096, 81
2026/08/04 22:43:33.332, 21096, 100
2026/08/04 22:43:34.333, 21096, 100
2026/08/04 22:43:35.333, 21096, 100
2026/08/04 22:43:36.333, 21096, 100
2026/08/04 22:43:37.334, 21096, 85
2026/08/04 22:43:38.334, 21096, 100
2026/08/04 22:43:39.334, 21096, 100
2026/08/04 22:43:40.334, 21096, 100
2026/08/04 22:43:41.335, 21096, 100
2026/08/04 22:43:42.335, 21096, 100
2026/08/04 22:43:43.341, 21096, 100
2026/08/04 22:43:44.341, 21096, 100
2026/08/04 22:43:45.342, 21096, 100
2026/08/04 22:43:46.342, 21096, 64
2026/08/04 22:43:47.342, 21096, 100
2026/08/04 22:43:48.342, 21096, 100
2026/08/04 22:43:49.342, 21096, 82
2026/08/04 22:43:50.343, 21096, 100
2026/08/04 22:43:51.343, 21096, 100
2026/08/04 22:43:52.343, 21096, 100
2026/08/04 22:43:53.344, 21096, 100
2026/08/04 22:43:54.344, 21096, 100
2026/08/04 22:43:55.344, 21096, 100
2026/08/04 22:43:56.344, 21096, 100
2026/08/04 22:43:57.345, 21096, 85
2026/08/04 22:43:58.345, 21096, 100
2026/08/04 22:43:59.345, 21096, 100
2026/08/04 22:44:00.346, 21096, 100
2026/08/04 22:44:01.346, 21096, 97
2026/08/04 22:44:02.346, 21096, 100
2026/08/04 22:44:03.346, 21096, 100
2026/08/04 22:44:04.347, 21096, 100
2026/08/04 22:44:05.347, 21096, 100
2026/08/04 22:44:06.347, 21096, 100
2026/08/04 22:44:07.347, 21096, 85
2026/08/04 22:44:08.348, 21096, 100
2026/08/04 22:44:09.348, 21096, 98
2026/08/04 22:44:10.348, 21096, 100
2026/08/04 22:44:11.348, 21096, 100
2026/08/04 22:44:12.348, 21096, 100
2026/08/04 22:44:13.349, 21096, 100
2026/08/04 22:44:14.349, 21096, 100
2026/08/04 22:44:15.349, 21096, 100
2026/08/04 22:44:16.350, 21096, 100
2026/08/04 22:44:17.350, 21096, 100
2026/08/04 22:44:18.350, 21096, 84
2026/08/04 22:44:19.351, 21096, 100
2026/08/04 22:44:20.351, 21096, 100
2026/08/04 22:44:21.351, 21096, 100
2026/08/04 22:44:22.351, 21096, 100
2026/08/04 22:44:23.352, 21096, 100
2026/08/04 22:44:24.352, 21096, 100
2026/08/04 22:44:25.352, 21096, 100
2026/08/04 22:44:26.353, 21096, 100
2026/08/04 22:44:27.353, 21096, 100
2026/08/04 22:44:28.353, 21096, 100
2026/08/04 22:44:29.354, 21096, 100
2026/08/04 22:44:30.354, 21096, 100
2026/08/04 22:44:31.354, 21096, 100
2026/08/04 22:44:32.354, 21096, 100
2026/08/04 22:44:33.355, 21096, 100
2026/08/04 22:44:34.355, 21096, 100
2026/08/04 22:44:35.355, 21096, 100
2026/08/04 22:44:36.355, 21096, 100
2026/08/04 22:44:37.356, 21096, 83
2026/08/04 22:44:38.356, 21096, 85
2026/08/04 22:44:39.356, 21096, 100
2026/08/04 22:44:40.357, 21096, 100
2026/08/04 22:44:41.357, 21096, 100
2026/08/04 22:44:42.357, 21096, 100
2026/08/04 22:44:43.358, 21096, 100
2026/08/04 22:44:44.358, 21096, 100
2026/08/04 22:44:45.358, 21096, 100
2026/08/04 22:44:46.360, 21096, 100
2026/08/04 22:44:47.360, 21096, 100
2026/08/04 22:44:48.360, 21096, 100
2026/08/04 22:44:49.360, 21096, 100
2026/08/04 22:44:50.361, 21096, 100
2026/08/04 22:44:51.361, 21096, 100
2026/08/04 22:44:52.361, 21096, 83
2026/08/04 22:44:53.362, 21096, 100
2026/08/04 22:44:54.362, 21096, 100
2026/08/04 22:44:55.362, 21096, 100
2026/08/04 22:44:56.363, 21096, 100
2026/08/04 22:44:57.363, 21096, 100
2026/08/04 22:44:58.363, 21096, 100
2026/08/04 22:44:59.363, 21096, 100
2026/08/04 22:45:00.364, 21096, 100
2026/08/04 22:45:01.364, 21096, 100
2026/08/04 22:45:02.365, 21096, 100
2026/08/04 22:45:03.365, 21096, 100
2026/08/04 22:45:04.365, 21096, 100
2026/08/04 22:45:05.366, 21096, 100
2026/08/04 22:45:06.366, 21096, 100
2026/08/04 22:45:07.367, 21096, 100
2026/08/04 22:45:08.367, 21096, 100
2026/08/04 22:45:09.367, 21096, 100
2026/08/04 22:45:10.367, 21096, 100
2026/08/04 22:45:11.368, 21096, 100
2026/08/04 22:45:12.368, 21096, 100
2026/08/04 22:45:13.368, 21096, 100
2026/08/04 22:45:14.369, 21096, 100
2026/08/04 22:45:15.369, 21096, 84
2026/08/04 22:45:16.369, 21096, 100
2026/08/04 22:45:17.369, 21096, 100
2026/08/04 22:45:18.370, 21096, 100
2026/08/04 22:45:19.370, 21096, 100
2026/08/04 22:45:20.370, 21096, 100
2026/08/04 22:45:21.371, 21096, 100
2026/08/04 22:45:22.371, 21096, 100
2026/08/04 22:45:23.371, 21096, 100
2026/08/04 22:45:24.372, 21096, 66
2026/08/04 22:45:25.372, 21096, 100
2026/08/04 22:45:26.372, 21096, 100
2026/08/04 22:45:27.373, 21096, 100
2026/08/04 22:45:28.373, 21096, 91
2026/08/04 22:45:29.373, 21096, 95
2026/08/04 22:45:30.376, 21096, 100
2026/08/04 22:45:31.376, 21096, 100
2026/08/04 22:45:32.377, 21096, 100
2026/08/04 22:45:33.377, 21096, 100
2026/08/04 22:45:34.377, 21096, 100
2026/08/04 22:45:35.377, 21096, 5
2026/08/04 22:45:36.378, 21096, 100
2026/08/04 22:45:37.378, 21096, 100
2026/08/04 22:45:38.378, 21096, 100
2026/08/04 22:45:39.379, 21096, 100
2026/08/04 22:45:40.379, 21096, 100
2026/08/04 22:45:41.379, 21096, 100
2026/08/04 22:45:42.379, 21096, 100
2026/08/04 22:45:43.380, 21096, 100
2026/08/04 22:45:44.380, 21096, 100
2026/08/04 22:45:45.380, 21096, 100
2026/08/04 22:45:46.381, 21096, 100
2026/08/04 22:45:47.381, 21096, 100
2026/08/04 22:45:48.381, 21096, 100
2026/08/04 22:45:49.382, 21096, 100
2026/08/04 22:45:50.382, 21096, 100
2026/08/04 22:45:51.382, 21096, 100
2026/08/04 22:45:52.383, 21096, 100
2026/08/04 22:45:53.383, 21096, 100
2026/08/04 22:45:54.383, 21096, 100
2026/08/04 22:45:55.383, 21096, 100
2026/08/04 22:45:56.384, 21096, 100
2026/08/04 22:45:57.384, 21096, 100
2026/08/04 22:45:58.384, 21096, 83
2026/08/04 22:45:59.385, 21096, 83
2026/08/04 22:46:00.385, 21096, 100
2026/08/04 22:46:01.385, 21096, 100
2026/08/04 22:46:02.385, 21096, 100
2026/08/04 22:46:03.386, 21096, 100
2026/08/04 22:46:04.386, 21096, 100
2026/08/04 22:46:05.389, 21096, 100
2026/08/04 22:46:06.389, 21096, 100
2026/08/04 22:46:07.389, 21096, 100
2026/08/04 22:46:08.390, 21096, 57
2026/08/04 22:46:09.390, 21096, 100
2026/08/04 22:46:10.390, 21096, 100
2026/08/04 22:46:11.391, 21096, 100
2026/08/04 22:46:12.391, 21096, 100
2026/08/04 22:46:13.391, 21096, 100
2026/08/04 22:46:14.392, 21096, 100
2026/08/04 22:46:15.392, 21096, 100
2026/08/04 22:46:16.392, 21096, 100
2026/08/04 22:46:17.393, 21096, 89
2026/08/04 22:46:18.393, 21096, 100
2026/08/04 22:46:19.393, 21096, 82
2026/08/04 22:46:20.393, 21096, 100
2026/08/04 22:46:21.394, 21096, 100
2026/08/04 22:46:22.394, 21096, 63
2026/08/04 22:46:23.394, 21096, 100
2026/08/04 22:46:24.395, 21096, 100
2026/08/04 22:46:25.395, 21096, 100
2026/08/04 22:46:26.395, 21096, 100
2026/08/04 22:46:27.396, 21096, 100
2026/08/04 22:46:28.396, 21096, 100
2026/08/04 22:46:29.396, 21096, 100
2026/08/04 22:46:30.397, 21096, 100
2026/08/04 22:46:31.397, 21096, 100
2026/08/04 22:46:32.397, 21096, 100
2026/08/04 22:46:33.398, 21096, 100
2026/08/04 22:46:34.398, 21096, 100
2026/08/04 22:46:35.398, 21096, 100
2026/08/04 22:46:36.399, 21096, 100
2026/08/04 22:46:37.399, 21096, 100
2026/08/04 22:46:38.399, 21096, 82
2026/08/04 22:46:39.400, 21096, 84
2026/08/04 22:46:40.400, 21096, 100
2026/08/04 22:46:41.400, 21096, 100
2026/08/04 22:46:42.400, 21096, 76
2026/08/04 22:46:43.401, 21096, 100
2026/08/04 22:46:44.401, 21096, 100
2026/08/04 22:46:45.401, 21096, 100
2026/08/04 22:46:46.401, 21096, 86
2026/08/04 22:46:47.402, 21096, 100
2026/08/04 22:46:48.402, 21096, 100
2026/08/04 22:46:49.402, 21096, 100
2026/08/04 22:46:50.403, 21096, 100
2026/08/04 22:46:51.403, 21096, 100
2026/08/04 22:46:52.403, 21096, 100
2026/08/04 22:46:53.404, 21096, 100
2026/08/04 22:46:54.404, 21096, 100
2026/08/04 22:46:55.404, 21096, 100
2026/08/04 22:46:56.405, 21096, 100
2026/08/04 22:46:57.405, 21096, 100
2026/08/04 22:46:58.405, 21096, 100
2026/08/04 22:46:59.405, 21096, 100
2026/08/04 22:47:00.406, 21096, 100
2026/08/04 22:47:01.406, 21096, 83
2026/08/04 22:47:02.406, 21096, 100
2026/08/04 22:47:03.407, 21096, 100
2026/08/04 22:47:04.407, 21096, 100
2026/08/04 22:47:05.408, 21096, 100
2026/08/04 22:47:06.408, 21096, 100
2026/08/04 22:47:07.417, 21096, 100
2026/08/04 22:47:08.417, 21096, 100
2026/08/04 22:47:09.418, 21096, 100
2026/08/04 22:47:10.418, 21096, 100
2026/08/04 22:47:11.418, 21096, 100
2026/08/04 22:47:12.419, 21096, 100
2026/08/04 22:47:13.419, 21096, 100
2026/08/04 22:47:14.419, 21096, 64
2026/08/04 22:47:15.420, 21096, 100
2026/08/04 22:47:16.420, 21096, 83
2026/08/04 22:47:17.425, 21096, 100
2026/08/04 22:47:18.425, 21096, 100
2026/08/04 22:47:19.425, 21096, 84
2026/08/04 22:47:20.426, 21096, 83
2026/08/04 22:47:21.426, 21096, 88
2026/08/04 22:47:22.426, 21096, 82
2026/08/04 22:47:23.427, 21096, 58
2026/08/04 22:47:24.427, 21096, 80
2026/08/04 22:47:25.427, 21096, 72
2026/08/04 22:47:26.427, 21096, 100
2026/08/04 22:47:27.428, 21096, 100
2026/08/04 22:47:28.428, 21096, 100
2026/08/04 22:47:29.428, 21096, 79
2026/08/04 22:47:30.428, 21096, 100
2026/08/04 22:47:31.429, 21096, 100
2026/08/04 22:47:32.429, 21096, 83
2026/08/04 22:47:33.429, 21096, 56
2026/08/04 22:47:34.429, 21096, 95
2026/08/04 22:47:35.430, 21096, 100
2026/08/04 22:47:36.430, 21096, 100
2026/08/04 22:47:37.430, 21096, 100
2026/08/04 22:47:38.431, 21096, 81
2026/08/04 22:47:39.431, 21096, 68
2026/08/04 22:47:40.431, 21096, 100
2026/08/04 22:47:41.431, 21096, 100
2026/08/04 22:47:42.432, 21096, 100
2026/08/04 22:47:43.432, 21096, 100
2026/08/04 22:47:44.432, 21096, 81
2026/08/04 22:47:45.433, 21096, 100
2026/08/04 22:47:46.433, 21096, 100
2026/08/04 22:47:47.433, 21096, 100
2026/08/04 22:47:48.433, 21096, 100
2026/08/04 22:47:49.434, 21096, 100
2026/08/04 22:47:50.434, 21096, 85
2026/08/04 22:47:51.434, 21096, 100
2026/08/04 22:47:52.434, 21096, 100
2026/08/04 22:47:53.435, 21096, 100
2026/08/04 22:47:54.435, 21096, 100
2026/08/04 22:47:55.435, 21096, 100
2026/08/04 22:47:56.435, 21096, 100
2026/08/04 22:47:57.436, 21096, 100
2026/08/04 22:47:58.436, 21096, 65
2026/08/04 22:47:59.436, 21096, 100
2026/08/04 22:48:00.436, 21096, 100
2026/08/04 22:48:01.437, 21096, 100
2026/08/04 22:48:02.437, 21096, 100
2026/08/04 22:48:03.437, 21096, 100
2026/08/04 22:48:04.437, 21096, 100
2026/08/04 22:48:05.438, 21096, 100
2026/08/04 22:48:06.438, 21096, 100
2026/08/04 22:48:07.438, 21096, 83
2026/08/04 22:48:08.439, 21096, 100
2026/08/04 22:48:09.439, 21096, 100
2026/08/04 22:48:10.439, 21096, 100
2026/08/04 22:48:11.439, 21096, 100
2026/08/04 22:48:12.439, 21096, 100
2026/08/04 22:48:13.440, 21096, 100
2026/08/04 22:48:14.440, 21096, 100
2026/08/04 22:48:15.440, 21096, 80
2026/08/04 22:48:16.440, 21096, 100
2026/08/04 22:48:17.441, 21096, 100
2026/08/04 22:48:18.441, 21096, 100
2026/08/04 22:48:19.441, 21096, 100
2026/08/04 22:48:20.441, 21096, 100
2026/08/04 22:48:21.442, 21096, 100
2026/08/04 22:48:22.442, 21096, 100
2026/08/04 22:48:23.442, 21096, 100
2026/08/04 22:48:24.442, 21096, 100
2026/08/04 22:48:25.442, 21096, 86
2026/08/04 22:48:26.443, 21096, 85
2026/08/04 22:48:27.443, 21096, 94
2026/08/04 22:48:28.443, 21096, 100
2026/08/04 22:48:29.443, 21096, 100
2026/08/04 22:48:30.444, 21096, 100
2026/08/04 22:48:31.444, 21096, 100
2026/08/04 22:48:32.444, 21096, 100
2026/08/04 22:48:33.445, 21096, 100
2026/08/04 22:48:34.445, 21096, 100
2026/08/04 22:48:35.445, 21096, 100
2026/08/04 22:48:36.445, 21096, 83
2026/08/04 22:48:37.446, 21096, 100
2026/08/04 22:48:38.446, 21096, 100
2026/08/04 22:48:39.446, 21096, 84
2026/08/04 22:48:40.446, 21096, 100
2026/08/04 22:48:41.447, 21096, 100
2026/08/04 22:48:42.447, 21096, 100
2026/08/04 22:48:43.447, 21096, 100
2026/08/04 22:48:44.448, 21096, 100
2026/08/04 22:48:45.448, 21096, 100
2026/08/04 22:48:46.448, 21096, 100
2026/08/04 22:48:47.448, 21096, 100
2026/08/04 22:48:48.449, 21096, 100
2026/08/04 22:48:49.449, 21096, 100
2026/08/04 22:48:50.449, 21096, 100
2026/08/04 22:48:51.450, 21096, 93
2026/08/04 22:48:52.450, 21096, 65
2026/08/04 22:48:53.450, 21096, 100
2026/08/04 22:48:54.451, 21096, 96
2026/08/04 22:48:55.451, 21096, 86
2026/08/04 22:48:56.451, 21096, 100
2026/08/04 22:48:57.452, 21096, 100
2026/08/04 22:48:58.452, 21096, 100
2026/08/04 22:48:59.452, 21096, 100
2026/08/04 22:49:00.453, 21096, 100
2026/08/04 22:49:01.453, 21096, 100
2026/08/04 22:49:02.453, 21096, 100
2026/08/04 22:49:03.454, 21096, 100
2026/08/04 22:49:04.454, 21096, 100
2026/08/04 22:49:05.454, 21096, 100
2026/08/04 22:49:06.454, 21096, 100
2026/08/04 22:49:07.455, 21096, 100
2026/08/04 22:49:08.455, 21096, 100
2026/08/04 22:49:09.455, 21096, 100
2026/08/04 22:49:10.455, 21096, 100
2026/08/04 22:49:11.456, 21096, 85
2026/08/04 22:49:12.456, 21096, 93
2026/08/04 22:49:13.456, 21096, 100
2026/08/04 22:49:14.457, 21096, 100
2026/08/04 22:49:15.457, 21096, 100
2026/08/04 22:49:16.457, 21096, 100
2026/08/04 22:49:17.458, 21096, 89
2026/08/04 22:49:18.458, 21096, 100
2026/08/04 22:49:19.458, 21096, 96
2026/08/04 22:49:20.459, 21096, 82
2026/08/04 22:49:21.459, 21096, 100
2026/08/04 22:49:22.459, 21096, 100
2026/08/04 22:49:23.459, 21096, 100
2026/08/04 22:49:24.460, 21096, 100
2026/08/04 22:49:25.460, 21096, 100
2026/08/04 22:49:26.460, 21096, 100
2026/08/04 22:49:27.461, 21096, 100
2026/08/04 22:49:28.461, 21096, 100
2026/08/04 22:49:29.461, 21096, 100
2026/08/04 22:49:30.461, 21096, 100
2026/08/04 22:49:31.462, 21096, 100
2026/08/04 22:49:32.462, 21096, 100
2026/08/04 22:49:33.462, 21096, 100
2026/08/04 22:49:34.463, 21096, 100
2026/08/04 22:49:35.463, 21096, 100
2026/08/04 22:49:36.463, 21096, 100
2026/08/04 22:49:37.464, 21096, 100
2026/08/04 22:49:38.464, 21096, 100
2026/08/04 22:49:39.464, 21096, 100
2026/08/04 22:49:40.464, 21096, 100
2026/08/04 22:49:41.465, 21096, 100
2026/08/04 22:49:42.465, 21096, 100
2026/08/04 22:49:43.465, 21096, 100
2026/08/04 22:49:44.465, 21096, 100
2026/08/04 22:49:45.466, 21096, 100
2026/08/04 22:49:46.466, 21096, 100
2026/08/04 22:49:47.466, 21096, 100
2026/08/04 22:49:48.466, 21096, 100
2026/08/04 22:49:49.467, 21096, 100
2026/08/04 22:49:50.467, 21096, 86
2026/08/04 22:49:51.467, 21096, 100
2026/08/04 22:49:52.467, 21096, 100
2026/08/04 22:49:53.468, 21096, 100
2026/08/04 22:49:54.468, 21096, 100
2026/08/04 22:49:55.468, 21096, 100
2026/08/04 22:49:56.468, 21096, 100
2026/08/04 22:49:57.469, 21096, 100
2026/08/04 22:49:58.469, 21096, 100
2026/08/04 22:49:59.469, 21096, 100
2026/08/04 22:50:00.469, 21096, 100
2026/08/04 22:50:01.470, 21096, 84
2026/08/04 22:50:02.470, 21096, 100
2026/08/04 22:50:03.470, 21096, 100
2026/08/04 22:50:04.471, 21096, 100
2026/08/04 22:50:05.471, 21096, 100
2026/08/04 22:50:06.471, 21096, 100
2026/08/04 22:50:07.471, 21096, 100
2026/08/04 22:50:08.472, 21096, 65
2026/08/04 22:50:09.472, 21096, 83
2026/08/04 22:50:10.472, 21096, 66
2026/08/04 22:50:11.473, 21096, 100
2026/08/04 22:50:12.473, 21096, 100
2026/08/04 22:50:13.473, 21096, 100
2026/08/04 22:50:14.473, 21096, 84
2026/08/04 22:50:15.474, 21096, 87
2026/08/04 22:50:16.474, 21096, 100
2026/08/04 22:50:17.474, 21096, 100
2026/08/04 22:50:18.474, 21096, 100
2026/08/04 22:50:19.475, 21096, 100
2026/08/04 22:50:20.475, 21096, 100
2026/08/04 22:50:21.475, 21096, 79
2026/08/04 22:50:22.476, 21096, 100
2026/08/04 22:50:23.476, 21096, 100
2026/08/04 22:50:24.476, 21096, 71
2026/08/04 22:50:25.477, 21096, 93
2026/08/04 22:50:26.477, 21096, 100
2026/08/04 22:50:27.477, 21096, 100
2026/08/04 22:50:28.477, 21096, 100
2026/08/04 22:50:29.478, 21096, 100
2026/08/04 22:50:30.478, 21096, 100
2026/08/04 22:50:31.478, 21096, 100
2026/08/04 22:50:32.479, 21096, 100
2026/08/04 22:50:33.479, 21096, 100
2026/08/04 22:50:34.479, 21096, 100
2026/08/04 22:50:35.479, 21096, 100
2026/08/04 22:50:36.480, 21096, 100
2026/08/04 22:50:37.480, 21096, 100
2026/08/04 22:50:38.480, 21096, 100
2026/08/04 22:50:39.480, 21096, 100
2026/08/04 22:50:40.481, 21096, 100
2026/08/04 22:50:41.481, 21096, 100
2026/08/04 22:50:42.481, 21096, 100
2026/08/04 22:50:43.481, 21096, 63
2026/08/04 22:50:44.482, 21096, 100
2026/08/04 22:50:45.482, 21096, 100
2026/08/04 22:50:46.482, 21096, 100
2026/08/04 22:50:47.482, 21096, 100
2026/08/04 22:50:48.483, 21096, 85
2026/08/04 22:50:49.483, 21096, 100
2026/08/04 22:50:50.483, 21096, 95
2026/08/04 22:50:51.483, 21096, 85
2026/08/04 22:50:52.484, 21096, 100
2026/08/04 22:50:53.484, 21096, 100
2026/08/04 22:50:54.484, 21096, 100
2026/08/04 22:50:55.484, 21096, 100
2026/08/04 22:50:56.485, 21096, 100
2026/08/04 22:50:57.485, 21096, 100
2026/08/04 22:50:58.485, 21096, 100
2026/08/04 22:50:59.485, 21096, 94
2026/08/04 22:51:00.486, 21096, 63
2026/08/04 22:51:01.486, 21096, 100
2026/08/04 22:51:02.486, 21096, 100
2026/08/04 22:51:03.487, 21096, 100
2026/08/04 22:51:04.487, 21096, 100
2026/08/04 22:51:05.487, 21096, 100
2026/08/04 22:51:06.488, 21096, 100
2026/08/04 22:51:07.488, 21096, 82
2026/08/04 22:51:08.488, 21096, 75
2026/08/04 22:51:09.488, 21096, 84
2026/08/04 22:51:10.489, 21096, 100
2026/08/04 22:51:11.489, 21096, 100
2026/08/04 22:51:12.489, 21096, 89
2026/08/04 22:51:13.490, 21096, 100
2026/08/04 22:51:14.490, 21096, 86
2026/08/04 22:51:15.490, 21096, 100
2026/08/04 22:51:16.491, 21096, 100
2026/08/04 22:51:17.491, 21096, 100
2026/08/04 22:51:18.491, 21096, 83
2026/08/04 22:51:19.492, 21096, 100
2026/08/04 22:51:20.492, 21096, 100
2026/08/04 22:51:21.492, 21096, 100
2026/08/04 22:51:22.493, 21096, 100
2026/08/04 22:51:23.493, 21096, 100
2026/08/04 22:51:24.493, 21096, 100
2026/08/04 22:51:25.493, 21096, 100
2026/08/04 22:51:26.494, 21096, 100
2026/08/04 22:51:27.494, 21096, 100
2026/08/04 22:51:28.494, 21096, 100
2026/08/04 22:51:29.494, 21096, 100
2026/08/04 22:51:30.495, 21096, 100
2026/08/04 22:51:31.495, 21096, 100
2026/08/04 22:51:32.496, 21096, 100
2026/08/04 22:51:33.496, 21096, 100
2026/08/04 22:51:34.496, 21096, 100
2026/08/04 22:51:35.497, 21096, 100
2026/08/04 22:51:36.497, 21096, 100
2026/08/04 22:51:37.497, 21096, 100
2026/08/04 22:51:38.498, 21096, 100
2026/08/04 22:51:39.498, 21096, 100
2026/08/04 22:51:40.498, 21096, 100
2026/08/04 22:51:41.499, 21096, 100
2026/08/04 22:51:42.499, 21096, 100
2026/08/04 22:51:43.499, 21096, 100
2026/08/04 22:51:44.499, 21096, 100
2026/08/04 22:51:45.500, 21096, 100
2026/08/04 22:51:46.500, 21096, 100
2026/08/04 22:51:47.500, 21096, 100
2026/08/04 22:51:48.500, 21096, 100
2026/08/04 22:51:49.501, 21096, 100
2026/08/04 22:51:50.501, 21096, 100
2026/08/04 22:51:51.501, 21096, 100
2026/08/04 22:51:52.501, 21096, 100
2026/08/04 22:51:53.502, 21096, 84
2026/08/04 22:51:54.502, 21096, 100
2026/08/04 22:51:55.502, 21096, 100
2026/08/04 22:51:56.503, 21096, 100
2026/08/04 22:51:57.503, 21096, 100
2026/08/04 22:51:58.503, 21096, 100
2026/08/04 22:51:59.503, 21096, 100
2026/08/04 22:52:00.504, 21096, 100
2026/08/04 22:52:01.504, 21096, 100
2026/08/04 22:52:02.504, 21096, 100
2026/08/04 22:52:03.505, 21096, 100
2026/08/04 22:52:04.505, 21096, 100
2026/08/04 22:52:05.505, 21096, 73
2026/08/04 22:52:06.506, 21096, 100
2026/08/04 22:52:07.506, 21096, 83
2026/08/04 22:52:08.506, 21096, 66
2026/08/04 22:52:09.507, 21096, 84
2026/08/04 22:52:10.507, 21096, 100
2026/08/04 22:52:11.507, 21096, 100
2026/08/04 22:52:12.507, 21096, 100
2026/08/04 22:52:13.508, 21096, 100
2026/08/04 22:52:14.508, 21096, 100
2026/08/04 22:52:15.508, 21096, 100
2026/08/04 22:52:16.508, 21096, 100
2026/08/04 22:52:17.509, 21096, 100
2026/08/04 22:52:18.509, 21096, 100
2026/08/04 22:52:19.509, 21096, 100
2026/08/04 22:52:20.510, 21096, 100
2026/08/04 22:52:21.510, 21096, 100
2026/08/04 22:52:22.510, 21096, 100
2026/08/04 22:52:23.511, 21096, 100
2026/08/04 22:52:24.511, 21096, 100
2026/08/04 22:52:25.511, 21096, 100
2026/08/04 22:52:26.511, 21096, 100
2026/08/04 22:52:27.512, 21096, 100
2026/08/04 22:52:28.512, 21096, 100
2026/08/04 22:52:29.512, 21096, 100
2026/08/04 22:52:30.513, 21096, 100
2026/08/04 22:52:31.513, 21096, 100
2026/08/04 22:52:32.513, 21096, 100
2026/08/04 22:52:33.514, 21096, 100
2026/08/04 22:52:34.514, 21096, 65
2026/08/04 22:52:35.514, 21096, 100
2026/08/04 22:52:36.514, 21096, 100
2026/08/04 22:52:37.515, 21096, 100
2026/08/04 22:52:38.515, 21096, 100
2026/08/04 22:52:39.515, 21096, 100
2026/08/04 22:52:40.516, 21096, 100
2026/08/04 22:52:41.516, 21096, 100
2026/08/04 22:52:42.516, 21096, 100
2026/08/04 22:52:43.516, 21096, 100
2026/08/04 22:52:44.517, 21096, 100
2026/08/04 22:52:45.517, 21096, 100
2026/08/04 22:52:46.517, 21096, 100
2026/08/04 22:52:47.518, 21096, 100
2026/08/04 22:52:48.518, 21096, 100
2026/08/04 22:52:49.518, 21096, 100
2026/08/04 22:52:50.519, 21096, 100
2026/08/04 22:52:51.519, 21096, 100
2026/08/04 22:52:52.519, 21096, 100
2026/08/04 22:52:53.520, 21096, 100
2026/08/04 22:52:54.520, 21096, 100
2026/08/04 22:52:55.520, 21096, 100
2026/08/04 22:52:56.521, 21096, 100
2026/08/04 22:52:57.521, 21096, 100
2026/08/04 22:52:58.521, 21096, 100
2026/08/04 22:52:59.522, 21096, 86
2026/08/04 22:53:00.522, 21096, 100
2026/08/04 22:53:01.522, 21096, 100
2026/08/04 22:53:02.523, 21096, 100
2026/08/04 22:53:03.523, 21096, 100
2026/08/04 22:53:04.523, 21096, 100
2026/08/04 22:53:05.524, 21096, 87
2026/08/04 22:53:06.524, 21096, 100
2026/08/04 22:53:07.524, 21096, 100
2026/08/04 22:53:08.525, 21096, 100
2026/08/04 22:53:09.525, 21096, 100
2026/08/04 22:53:10.525, 21096, 100
2026/08/04 22:53:11.525, 21096, 100
2026/08/04 22:53:12.526, 21096, 100
2026/08/04 22:53:13.526, 21096, 100
2026/08/04 22:53:14.526, 21096, 100
2026/08/04 22:53:15.526, 21096, 62
2026/08/04 22:53:16.527, 21096, 100
2026/08/04 22:53:17.527, 21096, 100
2026/08/04 22:53:18.527, 21096, 86
2026/08/04 22:53:19.528, 21096, 100
2026/08/04 22:53:20.528, 21096, 100
2026/08/04 22:53:21.528, 21096, 100
2026/08/04 22:53:22.528, 21096, 100
2026/08/04 22:53:23.529, 21096, 100
2026/08/04 22:53:24.529, 21096, 85
2026/08/04 22:53:25.529, 21096, 100
2026/08/04 22:53:26.529, 21096, 100
2026/08/04 22:53:27.531, 21096, 100
2026/08/04 22:53:28.532, 21096, 100
2026/08/04 22:53:29.534, 21096, 100
2026/08/04 22:53:30.535, 21096, 100
2026/08/04 22:53:31.536, 21096, 100
2026/08/04 22:53:32.538, 21096, 100
2026/08/04 22:53:33.538, 21096, 100
2026/08/04 22:53:34.539, 21096, 100
2026/08/04 22:53:35.540, 21096, 81
2026/08/04 22:53:36.541, 21096, 100
2026/08/04 22:53:37.542, 21096, 100
2026/08/04 22:53:38.543, 21096, 100
2026/08/04 22:53:39.543, 21096, 100
2026/08/04 22:53:40.544, 21096, 100
2026/08/04 22:53:41.544, 21096, 100
2026/08/04 22:53:42.546, 21096, 84
2026/08/04 22:53:43.547, 21096, 84
2026/08/04 22:53:44.549, 21096, 100
2026/08/04 22:53:45.549, 21096, 100
2026/08/04 22:53:46.551, 21096, 100
2026/08/04 22:53:47.552, 21096, 100
2026/08/04 22:53:48.554, 21096, 100
2026/08/04 22:53:49.555, 21096, 100
2026/08/04 22:53:50.556, 21096, 84
2026/08/04 22:53:51.558, 21096, 100
2026/08/04 22:53:52.559, 21096, 100
2026/08/04 22:53:53.560, 21096, 82
2026/08/04 22:53:54.561, 21096, 100
2026/08/04 22:53:55.562, 21096, 100
2026/08/04 22:53:56.563, 21096, 100
2026/08/04 22:53:57.564, 21096, 100
2026/08/04 22:53:58.565, 21096, 100
2026/08/04 22:53:59.566, 21096, 100
2026/08/04 22:54:00.568, 21096, 100
2026/08/04 22:54:01.568, 21096, 100
2026/08/04 22:54:02.569, 21096, 100
2026/08/04 22:54:03.569, 21096, 100
2026/08/04 22:54:04.571, 21096, 100
2026/08/04 22:54:05.572, 21096, 100
2026/08/04 22:54:06.574, 21096, 83
2026/08/04 22:54:07.575, 21096, 100
2026/08/04 22:54:08.576, 21096, 100
2026/08/04 22:54:09.578, 21096, 100
2026/08/04 22:54:10.579, 21096, 100
2026/08/04 22:54:11.581, 21096, 100
2026/08/04 22:54:12.582, 21096, 100
2026/08/04 22:54:13.583, 21096, 100
2026/08/04 22:54:14.585, 21096, 100
2026/08/04 22:54:15.586, 21096, 94
2026/08/04 22:54:16.588, 21096, 100
2026/08/04 22:54:17.589, 21096, 100
2026/08/04 22:54:18.590, 21096, 100
2026/08/04 22:54:19.592, 21096, 100
2026/08/04 22:54:20.593, 21096, 100
2026/08/04 22:54:21.595, 21096, 84
2026/08/04 22:54:22.596, 21096, 100
2026/08/04 22:54:23.597, 21096, 100
2026/08/04 22:54:24.599, 21096, 100
2026/08/04 22:54:25.600, 21096, 100
2026/08/04 22:54:26.602, 21096, 100
2026/08/04 22:54:27.603, 21096, 79
2026/08/04 22:54:28.604, 21096, 99
2026/08/04 22:54:29.605, 21096, 100
2026/08/04 22:54:30.606, 21096, 100
2026/08/04 22:54:31.608, 21096, 85
2026/08/04 22:54:32.609, 21096, 100
2026/08/04 22:54:33.611, 21096, 100
2026/08/04 22:54:34.612, 21096, 100
2026/08/04 22:54:35.614, 21096, 100
2026/08/04 22:54:36.615, 21096, 100
2026/08/04 22:54:37.617, 21096, 98
2026/08/04 22:54:38.618, 21096, 100
2026/08/04 22:54:39.620, 21096, 100
2026/08/04 22:54:40.623, 21096, 85
2026/08/04 22:54:41.624, 21096, 100
2026/08/04 22:54:42.625, 21096, 82
2026/08/04 22:54:43.627, 21096, 100
2026/08/04 22:54:44.628, 21096, 100
2026/08/04 22:54:45.630, 21096, 95
2026/08/04 22:54:46.630, 21096, 100
2026/08/04 22:54:47.632, 21096, 100
2026/08/04 22:54:48.633, 21096, 86
2026/08/04 22:54:49.634, 21096, 100
2026/08/04 22:54:50.636, 21096, 100
2026/08/04 22:54:51.637, 21096, 100
2026/08/04 22:54:52.639, 21096, 100
2026/08/04 22:54:53.639, 21096, 100
2026/08/04 22:54:54.641, 21096, 100
2026/08/04 22:54:55.642, 21096, 100
2026/08/04 22:54:56.643, 21096, 100
2026/08/04 22:54:57.645, 21096, 100
2026/08/04 22:54:58.646, 21096, 100
2026/08/04 22:54:59.647, 21096, 82
2026/08/04 22:55:00.651, 21096, 100
2026/08/04 22:55:01.652, 21096, 100
2026/08/04 22:55:02.654, 21096, 100
2026/08/04 22:55:03.655, 21096, 100
2026/08/04 22:55:04.657, 21096, 100
2026/08/04 22:55:05.658, 21096, 100
2026/08/04 22:55:06.659, 21096, 100
2026/08/04 22:55:07.661, 21096, 100
2026/08/04 22:55:08.662, 21096, 100
2026/08/04 22:55:09.663, 21096, 100
2026/08/04 22:55:10.665, 21096, 100
2026/08/04 22:55:11.666, 21096, 100
2026/08/04 22:55:12.668, 21096, 100
2026/08/04 22:55:13.669, 21096, 100
2026/08/04 22:55:14.670, 21096, 83
2026/08/04 22:55:15.672, 21096, 92
2026/08/04 22:55:16.673, 21096, 100
2026/08/04 22:55:17.674, 21096, 100
2026/08/04 22:55:18.676, 21096, 100
2026/08/04 22:55:19.677, 21096, 100
2026/08/04 22:55:20.679, 21096, 100
2026/08/04 22:55:21.680, 21096, 100
2026/08/04 22:55:22.681, 21096, 100
2026/08/04 22:55:23.683, 21096, 100
2026/08/04 22:55:24.684, 21096, 100
2026/08/04 22:55:25.685, 21096, 100
2026/08/04 22:55:26.686, 21096, 100
2026/08/04 22:55:27.687, 21096, 100
2026/08/04 22:55:28.689, 21096, 100
2026/08/04 22:55:29.690, 21096, 100
2026/08/04 22:55:30.692, 21096, 100
2026/08/04 22:55:31.693, 21096, 79
2026/08/04 22:55:32.695, 21096, 100
2026/08/04 22:55:33.696, 21096, 100
2026/08/04 22:55:34.697, 21096, 100
2026/08/04 22:55:35.699, 21096, 100
2026/08/04 22:55:36.700, 21096, 95
2026/08/04 22:55:37.702, 21096, 98
2026/08/04 22:55:38.703, 21096, 100
2026/08/04 22:55:39.704, 21096, 100
2026/08/04 22:55:40.706, 21096, 100
2026/08/04 22:55:41.707, 21096, 100
2026/08/04 22:55:42.709, 21096, 84
2026/08/04 22:55:43.710, 21096, 100
2026/08/04 22:55:44.711, 21096, 93
2026/08/04 22:55:45.713, 21096, 100
2026/08/04 22:55:46.714, 21096, 100
2026/08/04 22:55:47.715, 21096, 100
2026/08/04 22:55:48.717, 21096, 100
2026/08/04 22:55:49.718, 21096, 100
2026/08/04 22:55:50.720, 21096, 100
2026/08/04 22:55:51.721, 21096, 64
2026/08/04 22:55:52.723, 21096, 100
2026/08/04 22:55:53.724, 21096, 100
2026/08/04 22:55:54.725, 21096, 82
2026/08/04 22:55:55.726, 21096, 85
2026/08/04 22:55:56.727, 21096, 100
2026/08/04 22:55:57.728, 21096, 100
2026/08/04 22:55:58.728, 21096, 100
2026/08/04 22:55:59.729, 21096, 100
2026/08/04 22:56:00.731, 21096, 100
2026/08/04 22:56:01.732, 21096, 100
2026/08/04 22:56:02.734, 21096, 100
2026/08/04 22:56:03.735, 21096, 100
2026/08/04 22:56:04.737, 21096, 100
2026/08/04 22:56:05.738, 21096, 85
2026/08/04 22:56:06.738, 21096, 100
2026/08/04 22:56:07.740, 21096, 100
2026/08/04 22:56:08.741, 21096, 100
2026/08/04 22:56:09.743, 21096, 84
2026/08/04 22:56:10.743, 21096, 75
2026/08/04 22:56:11.744, 21096, 89
2026/08/04 22:56:12.744, 21096, 100
2026/08/04 22:56:13.745, 21096, 100
2026/08/04 22:56:14.747, 21096, 100
2026/08/04 22:56:15.748, 21096, 100
2026/08/04 22:56:16.750, 21096, 100
2026/08/04 22:56:17.751, 21096, 100
2026/08/04 22:56:18.752, 21096, 100
2026/08/04 22:56:19.754, 21096, 100
2026/08/04 22:56:20.755, 21096, 100
2026/08/04 22:56:21.757, 21096, 100
2026/08/04 22:56:22.758, 21096, 100
2026/08/04 22:56:23.759, 21096, 100
2026/08/04 22:56:24.761, 21096, 100
2026/08/04 22:56:25.762, 21096, 100
2026/08/04 22:56:26.764, 21096, 84
2026/08/04 22:56:27.765, 21096, 100
2026/08/04 22:56:28.766, 21096, 100
2026/08/04 22:56:29.768, 21096, 100
2026/08/04 22:56:30.768, 21096, 100
2026/08/04 22:56:31.770, 21096, 100
2026/08/04 22:56:32.771, 21096, 100
2026/08/04 22:56:33.773, 21096, 100
2026/08/04 22:56:34.774, 21096, 100
2026/08/04 22:56:35.776, 21096, 100
2026/08/04 22:56:36.776, 21096, 89
2026/08/04 22:56:37.777, 21096, 100
2026/08/04 22:56:38.777, 21096, 100
2026/08/04 22:56:39.778, 21096, 100
2026/08/04 22:56:40.780, 21096, 100
2026/08/04 22:56:41.780, 21096, 100
2026/08/04 22:56:42.782, 21096, 100
2026/08/04 22:56:43.783, 21096, 100
2026/08/04 22:56:44.785, 21096, 100
2026/08/04 22:56:45.786, 21096, 100
2026/08/04 22:56:46.787, 21096, 100
2026/08/04 22:56:47.788, 21096, 100
2026/08/04 22:56:48.789, 21096, 100
2026/08/04 22:56:49.791, 21096, 82
2026/08/04 22:56:50.791, 21096, 83
2026/08/04 22:56:51.793, 21096, 100
2026/08/04 22:56:52.794, 21096, 100
2026/08/04 22:56:53.795, 21096, 100
2026/08/04 22:56:54.797, 21096, 100
2026/08/04 22:56:55.797, 21096, 100
2026/08/04 22:56:56.799, 21096, 100
2026/08/04 22:56:57.800, 21096, 100
2026/08/04 22:56:58.802, 21096, 100
2026/08/04 22:56:59.803, 21096, 100
2026/08/04 22:57:00.804, 21096, 83
2026/08/04 22:57:01.806, 21096, 65
2026/08/04 22:57:02.807, 21096, 100
2026/08/04 22:57:03.809, 21096, 95
2026/08/04 22:57:04.810, 21096, 85
2026/08/04 22:57:05.811, 21096, 100
2026/08/04 22:57:06.813, 21096, 84
2026/08/04 22:57:07.814, 21096, 100
2026/08/04 22:57:08.816, 21096, 100
2026/08/04 22:57:09.817, 21096, 100
2026/08/04 22:57:10.818, 21096, 100
2026/08/04 22:57:11.820, 21096, 62
2026/08/04 22:57:12.821, 21096, 100
2026/08/04 22:57:13.823, 21096, 100
2026/08/04 22:57:14.824, 21096, 100
2026/08/04 22:57:15.825, 21096, 100
2026/08/04 22:57:16.827, 21096, 100
2026/08/04 22:57:17.828, 21096, 100
2026/08/04 22:57:18.830, 21096, 100
2026/08/04 22:57:19.831, 21096, 100
2026/08/04 22:57:20.832, 21096, 100
2026/08/04 22:57:21.834, 21096, 100
2026/08/04 22:57:22.835, 21096, 100
2026/08/04 22:57:23.836, 21096, 83
2026/08/04 22:57:24.838, 21096, 100
2026/08/04 22:57:25.839, 21096, 100
2026/08/04 22:57:26.840, 21096, 100
2026/08/04 22:57:27.842, 21096, 100
2026/08/04 22:57:28.843, 21096, 100
2026/08/04 22:57:29.844, 21096, 100
2026/08/04 22:57:30.846, 21096, 100
2026/08/04 22:57:31.847, 21096, 100
2026/08/04 22:57:32.849, 21096, 100
2026/08/04 22:57:33.850, 21096, 100
2026/08/04 22:57:34.852, 21096, 100
2026/08/04 22:57:35.853, 21096, 100
2026/08/04 22:57:36.854, 21096, 84
2026/08/04 22:57:37.856, 21096, 100
2026/08/04 22:57:38.857, 21096, 100
2026/08/04 22:57:39.858, 21096, 100
2026/08/04 22:57:40.860, 21096, 100
2026/08/04 22:57:41.861, 21096, 100
2026/08/04 22:57:42.861, 21096, 100
2026/08/04 22:57:43.862, 21096, 100
2026/08/04 22:57:44.863, 21096, 100
2026/08/04 22:57:45.865, 21096, 100
2026/08/04 22:57:46.866, 21096, 66
2026/08/04 22:57:47.868, 21096, 100
2026/08/04 22:57:48.869, 21096, 100
2026/08/04 22:57:49.870, 21096, 100
2026/08/04 22:57:50.872, 21096, 80
2026/08/04 22:57:51.873, 21096, 100
2026/08/04 22:57:52.875, 21096, 100
2026/08/04 22:57:53.875, 21096, 84
2026/08/04 22:57:54.876, 21096, 100
2026/08/04 22:57:55.878, 21096, 100
2026/08/04 22:57:56.878, 21096, 86
2026/08/04 22:57:57.879, 21096, 100
2026/08/04 22:57:58.879, 21096, 100
2026/08/04 22:57:59.880, 21096, 100
2026/08/04 22:58:00.881, 21096, 100
2026/08/04 22:58:01.883, 21096, 99
2026/08/04 22:58:02.884, 21096, 100
2026/08/04 22:58:03.885, 21096, 100
2026/08/04 22:58:04.887, 21096, 100
2026/08/04 22:58:05.888, 21096, 92
2026/08/04 22:58:06.888, 21096, 84
2026/08/04 22:58:07.889, 21096, 100
2026/08/04 22:58:08.890, 21096, 100
2026/08/04 22:58:09.892, 21096, 100
2026/08/04 22:58:10.893, 21096, 100
2026/08/04 22:58:11.895, 21096, 84
2026/08/04 22:58:12.896, 21096, 83
2026/08/04 22:58:13.898, 21096, 100
2026/08/04 22:58:14.899, 21096, 100
2026/08/04 22:58:15.900, 21096, 100
2026/08/04 22:58:16.902, 21096, 74
2026/08/04 22:58:17.903, 21096, 100
2026/08/04 22:58:18.905, 21096, 100
2026/08/04 22:58:19.906, 21096, 100
2026/08/04 22:58:20.907, 21096, 100
2026/08/04 22:58:21.909, 21096, 100
2026/08/04 22:58:22.910, 21096, 84
2026/08/04 22:58:23.912, 21096, 100
2026/08/04 22:58:24.913, 21096, 100
2026/08/04 22:58:25.915, 21096, 100
2026/08/04 22:58:26.916, 21096, 100
2026/08/04 22:58:27.917, 21096, 100
2026/08/04 22:58:28.919, 21096, 100
2026/08/04 22:58:29.920, 21096, 100
2026/08/04 22:58:30.921, 21096, 83
2026/08/04 22:58:31.923, 21096, 100
2026/08/04 22:58:32.924, 21096, 100
2026/08/04 22:58:33.926, 21096, 100
2026/08/04 22:58:34.927, 21096, 100
2026/08/04 22:58:35.928, 21096, 100
2026/08/04 22:58:36.930, 21096, 100
2026/08/04 22:58:37.931, 21096, 100
2026/08/04 22:58:38.933, 21096, 100
2026/08/04 22:58:39.934, 21096, 89
2026/08/04 22:58:40.935, 21096, 100
2026/08/04 22:58:41.937, 21096, 100
2026/08/04 22:58:42.938, 21096, 100
2026/08/04 22:58:43.940, 21096, 100
2026/08/04 22:58:44.941, 21096, 100
2026/08/04 22:58:45.941, 21096, 100
2026/08/04 22:58:46.944, 21096, 100
2026/08/04 22:58:47.944, 21096, 100
2026/08/04 22:58:48.945, 21096, 100
2026/08/04 22:58:49.945, 21096, 100
2026/08/04 22:58:50.945, 21096, 100
2026/08/04 22:58:51.946, 21096, 100
2026/08/04 22:58:52.947, 21096, 100
2026/08/04 22:58:53.949, 21096, 100
2026/08/04 22:58:54.950, 21096, 100
2026/08/04 22:58:55.951, 21096, 100
2026/08/04 22:58:56.953, 21096, 100
2026/08/04 22:58:57.954, 21096, 100
2026/08/04 22:58:58.956, 21096, 100
2026/08/04 22:58:59.957, 21096, 100
2026/08/04 22:59:00.957, 21096, 100
2026/08/04 22:59:01.959, 21096, 86
2026/08/04 22:59:02.960, 21096, 100
2026/08/04 22:59:03.961, 21096, 100
2026/08/04 22:59:04.961, 21096, 100
2026/08/04 22:59:05.963, 21096, 100
2026/08/04 22:59:06.964, 21096, 100
2026/08/04 22:59:07.965, 21096, 100
2026/08/04 22:59:08.967, 21096, 100
2026/08/04 22:59:09.968, 21096, 100
2026/08/04 22:59:10.970, 21096, 100
2026/08/04 22:59:11.971, 21096, 100
2026/08/04 22:59:12.973, 21096, 100
2026/08/04 22:59:13.974, 21096, 96
2026/08/04 22:59:14.975, 21096, 72
2026/08/04 22:59:15.977, 21096, 100
2026/08/04 22:59:16.978, 21096, 100
2026/08/04 22:59:17.979, 21096, 100
2026/08/04 22:59:18.981, 21096, 100
2026/08/04 22:59:19.982, 21096, 100
2026/08/04 22:59:20.984, 21096, 100
2026/08/04 22:59:21.985, 21096, 100
2026/08/04 22:59:22.986, 21096, 100
2026/08/04 22:59:23.988, 21096, 100
2026/08/04 22:59:24.989, 21096, 100
2026/08/04 22:59:25.991, 21096, 100
2026/08/04 22:59:26.991, 21096, 100
2026/08/04 22:59:27.992, 21096, 100
2026/08/04 22:59:28.994, 21096, 100
2026/08/04 22:59:29.995, 21096, 90
2026/08/04 22:59:30.996, 21096, 100
2026/08/04 22:59:31.998, 21096, 100
2026/08/04 22:59:32.999, 21096, 82
2026/08/04 22:59:34.001, 21096, 100
2026/08/04 22:59:35.002, 21096, 100
2026/08/04 22:59:36.003, 21096, 100
2026/08/04 22:59:37.005, 21096, 100
2026/08/04 22:59:38.006, 21096, 100
2026/08/04 22:59:39.007, 21096, 100
2026/08/04 22:59:40.009, 21096, 100
2026/08/04 22:59:41.010, 21096, 100
2026/08/04 22:59:42.010, 21096, 100
2026/08/04 22:59:43.012, 21096, 58
2026/08/04 22:59:44.013, 21096, 84
2026/08/04 22:59:45.015, 21096, 100
2026/08/04 22:59:46.016, 21096, 100
2026/08/04 22:59:47.016, 21096, 100
2026/08/04 22:59:48.018, 21096, 100
2026/08/04 22:59:49.019, 21096, 100
2026/08/04 22:59:50.020, 21096, 100
2026/08/04 22:59:51.022, 21096, 100
2026/08/04 22:59:52.023, 21096, 72
2026/08/04 22:59:53.025, 21096, 89
2026/08/04 22:59:54.026, 21096, 100
2026/08/04 22:59:55.027, 21096, 100
2026/08/04 22:59:56.029, 21096, 85
2026/08/04 22:59:57.030, 21096, 100
2026/08/04 22:59:58.032, 21096, 100
2026/08/04 22:59:59.034, 21096, 100
2026/08/04 23:00:00.035, 21096, 100
2026/08/04 23:00:01.037, 21096, 97
2026/08/04 23:00:02.038, 21096, 100
2026/08/04 23:00:03.039, 21096, 100
2026/08/04 23:00:04.041, 21096, 100
2026/08/04 23:00:05.042, 21096, 100
2026/08/04 23:00:06.044, 21096, 62
2026/08/04 23:00:07.045, 21096, 82
2026/08/04 23:00:08.046, 21096, 100
2026/08/04 23:00:09.048, 21096, 100
2026/08/04 23:00:10.049, 21096, 100
2026/08/04 23:00:11.051, 21096, 100
2026/08/04 23:00:12.052, 21096, 67
2026/08/04 23:00:13.054, 21096, 100
2026/08/04 23:00:14.055, 21096, 100
2026/08/04 23:00:15.056, 21096, 100
2026/08/04 23:00:16.058, 21096, 100
2026/08/04 23:00:17.059, 21096, 100
2026/08/04 23:00:18.061, 21096, 87
2026/08/04 23:00:19.062, 21096, 100
2026/08/04 23:00:20.064, 21096, 100
2026/08/04 23:00:21.065, 21096, 100
2026/08/04 23:00:22.067, 21096, 100
2026/08/04 23:00:23.068, 21096, 100
2026/08/04 23:00:24.069, 21096, 100
2026/08/04 23:00:25.071, 21096, 100
2026/08/04 23:00:26.072, 21096, 100
2026/08/04 23:00:27.074, 21096, 100
2026/08/04 23:00:28.075, 21096, 100
2026/08/04 23:00:29.077, 21096, 100
2026/08/04 23:00:30.078, 21096, 100
2026/08/04 23:00:31.079, 21096, 100
2026/08/04 23:00:32.081, 21096, 100
2026/08/04 23:00:33.082, 21096, 100
2026/08/04 23:00:34.084, 21096, 100
2026/08/04 23:00:35.085, 21096, 100
2026/08/04 23:00:36.087, 21096, 100
2026/08/04 23:00:37.088, 21096, 100
2026/08/04 23:00:38.089, 21096, 100
2026/08/04 23:00:39.091, 21096, 100
2026/08/04 23:00:40.092, 21096, 100
2026/08/04 23:00:41.094, 21096, 100
2026/08/04 23:00:42.095, 21096, 100
2026/08/04 23:00:43.097, 21096, 100
2026/08/04 23:00:44.098, 21096, 100
2026/08/04 23:00:45.099, 21096, 100
2026/08/04 23:00:46.101, 21096, 100
2026/08/04 23:00:47.102, 21096, 100
2026/08/04 23:00:48.102, 21096, 100
2026/08/04 23:00:49.104, 21096, 100
2026/08/04 23:00:50.105, 21096, 100
2026/08/04 23:00:51.107, 21096, 100
2026/08/04 23:00:52.108, 21096, 67
2026/08/04 23:00:53.109, 21096, 100
2026/08/04 23:00:54.111, 21096, 100
2026/08/04 23:00:55.112, 21096, 56
2026/08/04 23:00:56.113, 21096, 100
2026/08/04 23:00:57.115, 21096, 100
2026/08/04 23:00:58.116, 21096, 100
2026/08/04 23:00:59.117, 21096, 100
2026/08/04 23:01:00.119, 21096, 85
2026/08/04 23:01:01.119, 21096, 100
2026/08/04 23:01:02.121, 21096, 84
2026/08/04 23:01:03.122, 21096, 81
2026/08/04 23:01:04.123, 21096, 100
2026/08/04 23:01:05.124, 21096, 82
2026/08/04 23:01:06.126, 21096, 100
2026/08/04 23:01:07.126, 21096, 86
2026/08/04 23:01:08.126, 21096, 100
2026/08/04 23:01:09.128, 21096, 100
2026/08/04 23:01:10.128, 21096, 100
2026/08/04 23:01:11.128, 21096, 100
2026/08/04 23:01:12.130, 21096, 100
2026/08/04 23:01:13.131, 21096, 100
2026/08/04 23:01:14.132, 21096, 100
2026/08/04 23:01:15.134, 21096, 100
2026/08/04 23:01:16.136, 21096, 100
2026/08/04 23:01:17.137, 21096, 82
2026/08/04 23:01:18.138, 21096, 100
2026/08/04 23:01:19.138, 21096, 98
2026/08/04 23:01:20.140, 21096, 99
2026/08/04 23:01:21.141, 21096, 100
2026/08/04 23:01:22.141, 21096, 100
2026/08/04 23:01:23.143, 21096, 84
2026/08/04 23:01:24.143, 21096, 86
2026/08/04 23:01:25.143, 21096, 100
2026/08/04 23:01:26.145, 21096, 100
2026/08/04 23:01:27.146, 21096, 100
2026/08/04 23:01:28.146, 21096, 100
2026/08/04 23:01:29.148, 21096, 85
2026/08/04 23:01:30.150, 21096, 100
2026/08/04 23:01:31.151, 21096, 100
2026/08/04 23:01:32.151, 21096, 97
2026/08/04 23:01:33.151, 21096, 100
2026/08/04 23:01:34.152, 21096, 100
2026/08/04 23:01:35.155, 21096, 100
2026/08/04 23:01:36.155, 21096, 100
2026/08/04 23:01:37.155, 21096, 90
2026/08/04 23:01:38.156, 21096, 100
2026/08/04 23:01:39.156, 21096, 100
2026/08/04 23:01:40.157, 21096, 65
2026/08/04 23:01:41.157, 21096, 100
2026/08/04 23:01:42.158, 21096, 100
2026/08/04 23:01:43.158, 21096, 100
2026/08/04 23:01:44.158, 21096, 100
2026/08/04 23:01:45.160, 21096, 100
2026/08/04 23:01:46.160, 21096, 86
2026/08/04 23:01:47.160, 21096, 100
2026/08/04 23:01:48.162, 21096, 100
2026/08/04 23:01:49.163, 21096, 85
2026/08/04 23:01:50.165, 21096, 100
2026/08/04 23:01:51.166, 21096, 100
2026/08/04 23:01:52.167, 21096, 100
2026/08/04 23:01:53.168, 21096, 100
2026/08/04 23:01:54.168, 21096, 85
2026/08/04 23:01:55.168, 21096, 100
2026/08/04 23:01:56.170, 21096, 100
2026/08/04 23:01:57.170, 21096, 100
2026/08/04 23:01:58.171, 21096, 100
2026/08/04 23:01:59.172, 21096, 81
2026/08/04 23:02:00.174, 21096, 100
2026/08/04 23:02:01.174, 21096, 100
2026/08/04 23:02:02.175, 21096, 100
2026/08/04 23:02:03.175, 21096, 100
2026/08/04 23:02:04.177, 21096, 100
2026/08/04 23:02:05.179, 21096, 100
2026/08/04 23:02:06.179, 21096, 85
2026/08/04 23:02:07.179, 21096, 65
2026/08/04 23:02:08.180, 21096, 85
2026/08/04 23:02:09.181, 21096, 100
2026/08/04 23:02:10.184, 21096, 100
2026/08/04 23:02:11.185, 21096, 100
2026/08/04 23:02:12.185, 21096, 100
2026/08/04 23:02:13.186, 21096, 85
2026/08/04 23:02:14.186, 21096, 56
2026/08/04 23:02:15.186, 21096, 84
2026/08/04 23:02:16.188, 21096, 100
2026/08/04 23:02:17.188, 21096, 100
2026/08/04 23:02:18.188, 21096, 84
2026/08/04 23:02:19.189, 21096, 100
2026/08/04 23:02:20.189, 21096, 83
2026/08/04 23:02:21.189, 21096, 100
2026/08/04 23:02:22.190, 21096, 100
2026/08/04 23:02:23.190, 21096, 100
2026/08/04 23:02:24.190, 21096, 84
2026/08/04 23:02:25.191, 21096, 100
2026/08/04 23:02:26.191, 21096, 100
2026/08/04 23:02:27.191, 21096, 100
2026/08/04 23:02:28.192, 21096, 66
2026/08/04 23:02:29.192, 21096, 100
2026/08/04 23:02:30.192, 21096, 100
2026/08/04 23:02:31.193, 21096, 100
2026/08/04 23:02:32.193, 21096, 84
2026/08/04 23:02:33.193, 21096, 65
2026/08/04 23:02:34.194, 21096, 100
2026/08/04 23:02:35.194, 21096, 100
2026/08/04 23:02:36.196, 21096, 100
2026/08/04 23:02:37.197, 21096, 100
2026/08/04 23:02:38.198, 21096, 83
2026/08/04 23:02:39.199, 21096, 100
2026/08/04 23:02:40.200, 21096, 100
2026/08/04 23:02:41.201, 21096, 100
2026/08/04 23:02:42.202, 21096, 100
2026/08/04 23:02:43.203, 21096, 100
2026/08/04 23:02:44.205, 21096, 100
2026/08/04 23:02:45.206, 21096, 100
2026/08/04 23:02:46.207, 21096, 100
2026/08/04 23:02:47.208, 21096, 100
2026/08/04 23:02:48.208, 21096, 100
2026/08/04 23:02:49.208, 21096, 90
2026/08/04 23:02:50.209, 21096, 100
2026/08/04 23:02:51.209, 21096, 100
2026/08/04 23:02:52.209, 21096, 100
2026/08/04 23:02:53.210, 21096, 100
2026/08/04 23:02:54.210, 21096, 100
2026/08/04 23:02:55.210, 21096, 97
2026/08/04 23:02:56.211, 21096, 100
2026/08/04 23:02:57.211, 21096, 100
2026/08/04 23:02:58.211, 21096, 100
2026/08/04 23:02:59.212, 21096, 100
2026/08/04 23:03:00.212, 21096, 100
2026/08/04 23:03:01.212, 21096, 100
2026/08/04 23:03:02.213, 21096, 100
2026/08/04 23:03:03.213, 21096, 100
2026/08/04 23:03:04.214, 21096, 100
2026/08/04 23:03:05.215, 21096, 100
2026/08/04 23:03:06.215, 21096, 100
2026/08/04 23:03:07.215, 21096, 84
2026/08/04 23:03:08.215, 21096, 100
2026/08/04 23:03:09.216, 21096, 100
2026/08/04 23:03:10.216, 21096, 100
2026/08/04 23:03:11.216, 21096, 100
2026/08/04 23:03:12.217, 21096, 100
2026/08/04 23:03:13.218, 21096, 77
2026/08/04 23:03:14.218, 21096, 85
2026/08/04 23:03:15.220, 21096, 100
2026/08/04 23:03:16.220, 21096, 100
2026/08/04 23:03:17.221, 21096, 100
2026/08/04 23:03:18.221, 21096, 100
2026/08/04 23:03:19.221, 21096, 100
2026/08/04 23:03:20.222, 21096, 100
2026/08/04 23:03:21.223, 21096, 100
2026/08/04 23:03:22.223, 21096, 100
2026/08/04 23:03:23.224, 21096, 98
2026/08/04 23:03:24.224, 21096, 100
2026/08/04 23:03:25.224, 21096, 100
2026/08/04 23:03:26.225, 21096, 100
2026/08/04 23:03:27.225, 21096, 100
2026/08/04 23:03:28.225, 21096, 100
2026/08/04 23:03:29.226, 21096, 100
2026/08/04 23:03:30.226, 21096, 99
2026/08/04 23:03:31.227, 21096, 100
2026/08/04 23:03:32.227, 21096, 100
2026/08/04 23:03:33.228, 21096, 100
2026/08/04 23:03:34.229, 21096, 100
2026/08/04 23:03:35.229, 21096, 100
2026/08/04 23:03:36.229, 21096, 100
2026/08/04 23:03:37.230, 21096, 100
2026/08/04 23:03:38.230, 21096, 100
2026/08/04 23:03:39.230, 21096, 100
2026/08/04 23:03:40.231, 21096, 100
2026/08/04 23:03:41.231, 21096, 100
2026/08/04 23:03:42.231, 21096, 100
2026/08/04 23:03:43.232, 21096, 100
2026/08/04 23:03:44.232, 21096, 100
2026/08/04 23:03:45.232, 21096, 100
2026/08/04 23:03:46.234, 21096, 100
2026/08/04 23:03:47.235, 21096, 100
2026/08/04 23:03:48.235, 21096, 100
2026/08/04 23:03:49.236, 21096, 100
2026/08/04 23:03:50.236, 21096, 82
2026/08/04 23:03:51.236, 21096, 100
2026/08/04 23:03:52.237, 21096, 100
2026/08/04 23:03:53.237, 21096, 100
2026/08/04 23:03:54.237, 21096, 100
2026/08/04 23:03:55.238, 21096, 100
2026/08/04 23:03:56.238, 21096, 100
2026/08/04 23:03:57.238, 21096, 100
2026/08/04 23:03:58.239, 21096, 92
2026/08/04 23:03:59.239, 21096, 65
2026/08/04 23:04:00.288, 21096, 100
2026/08/04 23:04:01.288, 21096, 100
2026/08/04 23:04:02.288, 21096, 100
2026/08/04 23:04:03.289, 21096, 100
2026/08/04 23:04:04.289, 21096, 100
2026/08/04 23:04:05.289, 21096, 100
2026/08/04 23:04:06.290, 21096, 100
2026/08/04 23:04:07.290, 21096, 100
2026/08/04 23:04:08.290, 21096, 100
2026/08/04 23:04:09.291, 21096, 100
2026/08/04 23:04:10.291, 21096, 100
2026/08/04 23:04:11.291, 21096, 100
2026/08/04 23:04:12.292, 21096, 100
2026/08/04 23:04:13.292, 21096, 100
2026/08/04 23:04:14.292, 21096, 100
2026/08/04 23:04:15.292, 21096, 100
2026/08/04 23:04:16.293, 21096, 85
2026/08/04 23:04:17.293, 21096, 100
2026/08/04 23:04:18.293, 21096, 100
2026/08/04 23:04:19.294, 21096, 100
2026/08/04 23:04:20.294, 21096, 92
2026/08/04 23:04:21.294, 21096, 84
2026/08/04 23:04:22.295, 21096, 100
2026/08/04 23:04:23.295, 21096, 84
2026/08/04 23:04:24.295, 21096, 100
2026/08/04 23:04:25.296, 21096, 83
2026/08/04 23:04:26.296, 21096, 100
2026/08/04 23:04:27.296, 21096, 100
2026/08/04 23:04:28.297, 21096, 100
2026/08/04 23:04:29.297, 21096, 100
2026/08/04 23:04:30.297, 21096, 65
2026/08/04 23:04:31.298, 21096, 82
2026/08/04 23:04:32.298, 21096, 64
2026/08/04 23:04:33.298, 21096, 100
2026/08/04 23:04:34.299, 21096, 100
2026/08/04 23:04:35.299, 21096, 83
2026/08/04 23:04:36.299, 21096, 100
2026/08/04 23:04:37.300, 21096, 85
2026/08/04 23:04:38.300, 21096, 100
2026/08/04 23:04:39.300, 21096, 100
2026/08/04 23:04:40.300, 21096, 83
2026/08/04 23:04:41.301, 21096, 84
2026/08/04 23:04:42.301, 21096, 100
2026/08/04 23:04:43.301, 21096, 100
2026/08/04 23:04:44.302, 21096, 100
2026/08/04 23:04:45.302, 21096, 100
2026/08/04 23:04:46.302, 21096, 100
2026/08/04 23:04:47.303, 21096, 100
2026/08/04 23:04:48.303, 21096, 82
2026/08/04 23:04:49.303, 21096, 86
2026/08/04 23:04:50.304, 21096, 100
2026/08/04 23:04:51.304, 21096, 100
2026/08/04 23:04:52.304, 21096, 100
2026/08/04 23:04:53.304, 21096, 100
2026/08/04 23:04:54.305, 21096, 100
2026/08/04 23:04:55.305, 21096, 100
2026/08/04 23:04:56.306, 21096, 100
2026/08/04 23:04:57.306, 21096, 100
2026/08/04 23:04:58.306, 21096, 100
2026/08/04 23:04:59.306, 21096, 100
2026/08/04 23:05:00.307, 21096, 100
2026/08/04 23:05:01.307, 21096, 83
2026/08/04 23:05:02.307, 21096, 100
2026/08/04 23:05:03.308, 21096, 100
2026/08/04 23:05:04.308, 21096, 100
2026/08/04 23:05:05.309, 21096, 100
2026/08/04 23:05:06.309, 21096, 100
2026/08/04 23:05:07.309, 21096, 100
2026/08/04 23:05:08.310, 21096, 100
2026/08/04 23:05:09.310, 21096, 60
2026/08/04 23:05:10.310, 21096, 84
2026/08/04 23:05:11.311, 21096, 64
2026/08/04 23:05:12.311, 21096, 100
2026/08/04 23:05:13.311, 21096, 100
2026/08/04 23:05:14.311, 21096, 100
2026/08/04 23:05:15.312, 21096, 100
2026/08/04 23:05:16.312, 21096, 84
2026/08/04 23:05:17.312, 21096, 100
2026/08/04 23:05:18.313, 21096, 90
2026/08/04 23:05:19.313, 21096, 100
2026/08/04 23:05:20.313, 21096, 84
2026/08/04 23:05:21.314, 21096, 100
2026/08/04 23:05:22.314, 21096, 100
2026/08/04 23:05:23.315, 21096, 100
2026/08/04 23:05:24.316, 21096, 100
2026/08/04 23:05:25.316, 21096, 100
2026/08/04 23:05:26.316, 21096, 100
2026/08/04 23:05:27.317, 21096, 93
2026/08/04 23:05:28.317, 21096, 74
2026/08/04 23:05:29.317, 21096, 100
2026/08/04 23:05:30.363, 21096, 100
2026/08/04 23:05:31.363, 21096, 100
2026/08/04 23:05:32.363, 21096, 100
2026/08/04 23:05:33.364, 21096, 100
2026/08/04 23:05:34.364, 21096, 100
2026/08/04 23:05:35.364, 21096, 100
2026/08/04 23:05:36.365, 21096, 100
2026/08/04 23:05:37.365, 21096, 100
2026/08/04 23:05:38.365, 21096, 100
2026/08/04 23:05:39.366, 21096, 100
2026/08/04 23:05:40.366, 21096, 100
2026/08/04 23:05:41.366, 21096, 100
2026/08/04 23:05:42.367, 21096, 100
2026/08/04 23:05:43.367, 21096, 100
2026/08/04 23:05:44.367, 21096, 100
2026/08/04 23:05:45.368, 21096, 82
2026/08/04 23:05:46.368, 21096, 100
2026/08/04 23:05:47.368, 21096, 100
2026/08/04 23:05:48.369, 21096, 100
2026/08/04 23:05:49.369, 21096, 100
2026/08/04 23:05:50.369, 21096, 100
2026/08/04 23:05:51.370, 21096, 96
2026/08/04 23:05:52.370, 21096, 100
2026/08/04 23:05:53.370, 21096, 100
2026/08/04 23:05:54.371, 21096, 90
2026/08/04 23:05:55.371, 21096, 100
2026/08/04 23:05:56.371, 21096, 60
2026/08/04 23:05:57.371, 21096, 100
2026/08/04 23:05:58.372, 21096, 100
2026/08/04 23:05:59.372, 21096, 82
2026/08/04 23:06:00.372, 21096, 100
2026/08/04 23:06:01.373, 21096, 100
2026/08/04 23:06:02.373, 21096, 90
2026/08/04 23:06:03.373, 21096, 100
2026/08/04 23:06:04.373, 21096, 57
2026/08/04 23:06:05.374, 21096, 100
2026/08/04 23:06:06.374, 21096, 100
2026/08/04 23:06:07.374, 21096, 100
2026/08/04 23:06:08.375, 21096, 100
2026/08/04 23:06:09.375, 21096, 100
2026/08/04 23:06:10.375, 21096, 100
2026/08/04 23:06:11.375, 21096, 53
2026/08/04 23:06:12.376, 21096, 100
2026/08/04 23:06:13.376, 21096, 100
2026/08/04 23:06:14.376, 21096, 100
2026/08/04 23:06:15.377, 21096, 68
2026/08/04 23:06:16.377, 21096, 100
2026/08/04 23:06:17.377, 21096, 82
2026/08/04 23:06:18.378, 21096, 83
2026/08/04 23:06:19.378, 21096, 100
2026/08/04 23:06:20.378, 21096, 100
2026/08/04 23:06:21.379, 21096, 100
2026/08/04 23:06:22.379, 21096, 100
2026/08/04 23:06:23.379, 21096, 100
2026/08/04 23:06:24.380, 21096, 100
2026/08/04 23:06:25.380, 21096, 100
2026/08/04 23:06:26.381, 21096, 100
2026/08/04 23:06:27.381, 21096, 100
2026/08/04 23:06:28.381, 21096, 100
2026/08/04 23:06:29.382, 21096, 100
2026/08/04 23:06:30.382, 21096, 85
2026/08/04 23:06:31.382, 21096, 100
2026/08/04 23:06:32.382, 21096, 100
2026/08/04 23:06:33.383, 21096, 100
2026/08/04 23:06:34.383, 21096, 61
2026/08/04 23:06:35.383, 21096, 100
2026/08/04 23:06:36.384, 21096, 100
2026/08/04 23:06:37.384, 21096, 100
2026/08/04 23:06:38.384, 21096, 83
2026/08/04 23:06:39.385, 21096, 100
2026/08/04 23:06:40.385, 21096, 90
2026/08/04 23:06:41.385, 21096, 100
2026/08/04 23:06:42.386, 21096, 100
2026/08/04 23:06:43.386, 21096, 100
2026/08/04 23:06:44.386, 21096, 100
2026/08/04 23:06:45.386, 21096, 100
2026/08/04 23:06:46.387, 21096, 100
2026/08/04 23:06:47.387, 21096, 96
2026/08/04 23:06:48.387, 21096, 100
2026/08/04 23:06:49.387, 21096, 100
2026/08/04 23:06:50.388, 21096, 83
2026/08/04 23:06:51.388, 21096, 100
2026/08/04 23:06:52.388, 21096, 90
2026/08/04 23:06:53.388, 21096, 100
2026/08/04 23:06:54.389, 21096, 100
2026/08/04 23:06:55.389, 21096, 100
2026/08/04 23:06:56.389, 21096, 100
2026/08/04 23:06:57.390, 21096, 100
2026/08/04 23:06:58.390, 21096, 100
2026/08/04 23:06:59.390, 21096, 60
2026/08/04 23:07:00.390, 21096, 82
2026/08/04 23:07:01.391, 21096, 100
2026/08/04 23:07:02.391, 21096, 100
2026/08/04 23:07:03.391, 21096, 100
2026/08/04 23:07:04.391, 21096, 83
2026/08/04 23:07:05.392, 21096, 100
2026/08/04 23:07:06.392, 21096, 100
2026/08/04 23:07:07.392, 21096, 100
2026/08/04 23:07:08.392, 21096, 71
2026/08/04 23:07:09.393, 21096, 82
2026/08/04 23:07:10.393, 21096, 100
2026/08/04 23:07:11.393, 21096, 100
2026/08/04 23:07:12.394, 21096, 100
2026/08/04 23:07:13.394, 21096, 100
2026/08/04 23:07:14.394, 21096, 84
2026/08/04 23:07:15.394, 21096, 100
2026/08/04 23:07:16.395, 21096, 100
2026/08/04 23:07:17.395, 21096, 100
2026/08/04 23:07:18.395, 21096, 100
2026/08/04 23:07:19.396, 21096, 100
2026/08/04 23:07:20.396, 21096, 82
2026/08/04 23:07:21.396, 21096, 86
2026/08/04 23:07:22.396, 21096, 100
2026/08/04 23:07:23.397, 21096, 100
2026/08/04 23:07:24.397, 21096, 100
2026/08/04 23:07:25.397, 21096, 100
2026/08/04 23:07:26.397, 21096, 100
2026/08/04 23:07:27.398, 21096, 100
2026/08/04 23:07:28.398, 21096, 100
2026/08/04 23:07:29.398, 21096, 100
2026/08/04 23:07:30.398, 21096, 100
2026/08/04 23:07:31.398, 21096, 100
2026/08/04 23:07:32.399, 21096, 71
2026/08/04 23:07:33.399, 21096, 81
2026/08/04 23:07:34.399, 21096, 100
2026/08/04 23:07:35.400, 21096, 64
2026/08/04 23:07:36.400, 21096, 100
2026/08/04 23:07:37.400, 21096, 100
2026/08/04 23:07:38.400, 21096, 100
2026/08/04 23:07:39.401, 21096, 100
2026/08/04 23:07:40.401, 21096, 100
2026/08/04 23:07:41.401, 21096, 83
2026/08/04 23:07:42.401, 21096, 100
2026/08/04 23:07:43.402, 21096, 100
2026/08/04 23:07:44.402, 21096, 84
2026/08/04 23:07:45.402, 21096, 100
2026/08/04 23:07:46.402, 21096, 66
2026/08/04 23:07:47.403, 21096, 100
2026/08/04 23:07:48.403, 21096, 100
2026/08/04 23:07:49.403, 21096, 100
2026/08/04 23:07:50.403, 21096, 100
2026/08/04 23:07:51.404, 21096, 100
2026/08/04 23:07:52.404, 21096, 100
2026/08/04 23:07:53.404, 21096, 100
2026/08/04 23:07:54.405, 21096, 100
2026/08/04 23:07:55.405, 21096, 85
2026/08/04 23:07:56.405, 21096, 100
2026/08/04 23:07:57.405, 21096, 100
2026/08/04 23:07:58.406, 21096, 100
2026/08/04 23:07:59.406, 21096, 100
2026/08/04 23:08:00.406, 21096, 100
2026/08/04 23:08:01.407, 21096, 100
2026/08/04 23:08:02.407, 21096, 78
2026/08/04 23:08:03.407, 21096, 100
2026/08/04 23:08:04.407, 21096, 100
2026/08/04 23:08:05.407, 21096, 84
2026/08/04 23:08:06.408, 21096, 100
2026/08/04 23:08:07.408, 21096, 100
2026/08/04 23:08:08.408, 21096, 65
2026/08/04 23:08:09.408, 21096, 84
2026/08/04 23:08:10.409, 21096, 100
2026/08/04 23:08:11.409, 21096, 100
2026/08/04 23:08:12.409, 21096, 100
2026/08/04 23:08:13.409, 21096, 95
2026/08/04 23:08:14.410, 21096, 100
2026/08/04 23:08:15.410, 21096, 100
2026/08/04 23:08:16.410, 21096, 100
2026/08/04 23:08:17.411, 21096, 100
2026/08/04 23:08:18.411, 21096, 84
2026/08/04 23:08:19.411, 21096, 100
2026/08/04 23:08:20.411, 21096, 100
2026/08/04 23:08:21.412, 21096, 100
2026/08/04 23:08:22.412, 21096, 100
2026/08/04 23:08:23.412, 21096, 100
2026/08/04 23:08:24.413, 21096, 100
2026/08/04 23:08:25.413, 21096, 100
2026/08/04 23:08:26.413, 21096, 100
2026/08/04 23:08:27.414, 21096, 100
2026/08/04 23:08:28.414, 21096, 100
2026/08/04 23:08:29.414, 21096, 65
2026/08/04 23:08:30.415, 21096, 100
2026/08/04 23:08:31.415, 21096, 100
2026/08/04 23:08:32.415, 21096, 100
2026/08/04 23:08:33.416, 21096, 100
2026/08/04 23:08:34.416, 21096, 100
2026/08/04 23:08:35.416, 21096, 100
2026/08/04 23:08:36.417, 21096, 100
2026/08/04 23:08:37.417, 21096, 100
2026/08/04 23:08:38.417, 21096, 100
2026/08/04 23:08:39.418, 21096, 100
2026/08/04 23:08:40.418, 21096, 100
2026/08/04 23:08:41.418, 21096, 100
2026/08/04 23:08:42.418, 21096, 100
2026/08/04 23:08:43.418, 21096, 100
2026/08/04 23:08:44.419, 21096, 100
2026/08/04 23:08:45.419, 21096, 100
2026/08/04 23:08:46.419, 21096, 100
2026/08/04 23:08:47.419, 21096, 100
2026/08/04 23:08:48.420, 21096, 100
2026/08/04 23:08:49.420, 21096, 100
2026/08/04 23:08:50.420, 21096, 97
2026/08/04 23:08:51.420, 21096, 100
2026/08/04 23:08:52.421, 21096, 100
2026/08/04 23:08:53.421, 21096, 100
2026/08/04 23:08:54.421, 21096, 100
2026/08/04 23:08:55.422, 21096, 100
2026/08/04 23:08:56.422, 21096, 100
2026/08/04 23:08:57.422, 21096, 100
2026/08/04 23:08:58.422, 21096, 100
2026/08/04 23:08:59.422, 21096, 100
2026/08/04 23:09:00.423, 21096, 100
2026/08/04 23:09:01.423, 21096, 100
2026/08/04 23:09:02.423, 21096, 100
2026/08/04 23:09:03.424, 21096, 100
2026/08/04 23:09:04.424, 21096, 82
2026/08/04 23:09:05.424, 21096, 100
2026/08/04 23:09:06.424, 21096, 96
2026/08/04 23:09:07.425, 21096, 100
2026/08/04 23:09:08.425, 21096, 100
2026/08/04 23:09:09.425, 21096, 100
2026/08/04 23:09:10.426, 21096, 100
2026/08/04 23:09:11.426, 21096, 100
2026/08/04 23:09:12.426, 21096, 100
2026/08/04 23:09:13.426, 21096, 100
2026/08/04 23:09:14.427, 21096, 100
2026/08/04 23:09:15.427, 21096, 100
2026/08/04 23:09:16.427, 21096, 88
2026/08/04 23:09:17.428, 21096, 100
2026/08/04 23:09:18.428, 21096, 100
2026/08/04 23:09:19.428, 21096, 74
2026/08/04 23:09:20.429, 21096, 100
2026/08/04 23:09:21.429, 21096, 85
2026/08/04 23:09:22.429, 21096, 100
2026/08/04 23:09:23.429, 21096, 100
2026/08/04 23:09:24.430, 21096, 100
2026/08/04 23:09:25.430, 21096, 100
2026/08/04 23:09:26.430, 21096, 100
2026/08/04 23:09:27.431, 21096, 83
2026/08/04 23:09:28.431, 21096, 100
2026/08/04 23:09:29.431, 21096, 100
2026/08/04 23:09:30.431, 21096, 82
2026/08/04 23:09:31.432, 21096, 100
2026/08/04 23:09:32.432, 21096, 100
2026/08/04 23:09:33.432, 21096, 100
2026/08/04 23:09:34.432, 21096, 94
2026/08/04 23:09:35.432, 21096, 100
2026/08/04 23:09:36.433, 21096, 100
2026/08/04 23:09:37.433, 21096, 100
2026/08/04 23:09:38.433, 21096, 100
2026/08/04 23:09:39.433, 21096, 100
2026/08/04 23:09:40.434, 21096, 100
2026/08/04 23:09:41.434, 21096, 100
2026/08/04 23:09:42.434, 21096, 100
2026/08/04 23:09:43.434, 21096, 100
2026/08/04 23:09:44.435, 21096, 83
2026/08/04 23:09:45.435, 21096, 100
2026/08/04 23:09:46.435, 21096, 100
2026/08/04 23:09:47.436, 21096, 100
2026/08/04 23:09:48.436, 21096, 100
2026/08/04 23:09:49.436, 21096, 100
2026/08/04 23:09:50.436, 21096, 100
2026/08/04 23:09:51.437, 21096, 100
2026/08/04 23:09:52.437, 21096, 100
2026/08/04 23:09:53.437, 21096, 100
2026/08/04 23:09:54.438, 21096, 100
2026/08/04 23:09:55.438, 21096, 80
2026/08/04 23:09:56.438, 21096, 100
2026/08/04 23:09:57.438, 21096, 100
2026/08/04 23:09:58.439, 21096, 100
2026/08/04 23:09:59.439, 21096, 100
2026/08/04 23:10:00.439, 21096, 100
2026/08/04 23:10:01.439, 21096, 89
2026/08/04 23:10:02.440, 21096, 82
2026/08/04 23:10:03.440, 21096, 90
2026/08/04 23:10:04.440, 21096, 100
2026/08/04 23:10:05.440, 21096, 100
2026/08/04 23:10:06.441, 21096, 100
2026/08/04 23:10:07.441, 21096, 100
2026/08/04 23:10:08.441, 21096, 83
2026/08/04 23:10:09.442, 21096, 100
2026/08/04 23:10:10.442, 21096, 100
2026/08/04 23:10:11.442, 21096, 100
2026/08/04 23:10:12.442, 21096, 100
2026/08/04 23:10:13.443, 21096, 84
2026/08/04 23:10:14.443, 21096, 100
2026/08/04 23:10:15.443, 21096, 100
2026/08/04 23:10:16.443, 21096, 100
2026/08/04 23:10:17.444, 21096, 100
2026/08/04 23:10:18.444, 21096, 100
2026/08/04 23:10:19.444, 21096, 84
2026/08/04 23:10:20.444, 21096, 100
2026/08/04 23:10:21.445, 21096, 82
2026/08/04 23:10:22.445, 21096, 100
2026/08/04 23:10:23.445, 21096, 100
2026/08/04 23:10:24.445, 21096, 100
2026/08/04 23:10:25.446, 21096, 84
2026/08/04 23:10:26.446, 21096, 66
2026/08/04 23:10:27.446, 21096, 100
2026/08/04 23:10:28.446, 21096, 100
2026/08/04 23:10:29.447, 21096, 100
2026/08/04 23:10:30.447, 21096, 100
2026/08/04 23:10:31.447, 21096, 100
2026/08/04 23:10:32.447, 21096, 100
2026/08/04 23:10:33.448, 21096, 100
2026/08/04 23:10:34.448, 21096, 100
2026/08/04 23:10:35.448, 21096, 85
2026/08/04 23:10:36.449, 21096, 100
2026/08/04 23:10:37.449, 21096, 100
2026/08/04 23:10:38.449, 21096, 84
2026/08/04 23:10:39.449, 21096, 83
2026/08/04 23:10:40.450, 21096, 100
2026/08/04 23:10:41.450, 21096, 100
2026/08/04 23:10:42.450, 21096, 100
2026/08/04 23:10:43.451, 21096, 100
2026/08/04 23:10:44.451, 21096, 100
2026/08/04 23:10:45.451, 21096, 100
2026/08/04 23:10:46.452, 21096, 100
2026/08/04 23:10:47.452, 21096, 84
2026/08/04 23:10:48.452, 21096, 100
2026/08/04 23:10:49.452, 21096, 100
2026/08/04 23:10:50.453, 21096, 100
2026/08/04 23:10:51.453, 21096, 100
2026/08/04 23:10:52.453, 21096, 100
2026/08/04 23:10:53.453, 21096, 100
2026/08/04 23:10:54.454, 21096, 100
2026/08/04 23:10:55.454, 21096, 90
2026/08/04 23:10:56.454, 21096, 100
2026/08/04 23:10:57.455, 21096, 100
2026/08/04 23:10:58.455, 21096, 88
2026/08/04 23:10:59.455, 21096, 100
2026/08/04 23:11:00.455, 21096, 100
2026/08/04 23:11:01.456, 21096, 90
2026/08/04 23:11:02.456, 21096, 100
2026/08/04 23:11:03.456, 21096, 100
2026/08/04 23:11:04.456, 21096, 100
2026/08/04 23:11:05.457, 21096, 100
2026/08/04 23:11:06.457, 21096, 100
2026/08/04 23:11:07.457, 21096, 100
2026/08/04 23:11:08.457, 21096, 100
2026/08/04 23:11:09.458, 21096, 100
2026/08/04 23:11:10.458, 21096, 100
2026/08/04 23:11:11.458, 21096, 100
2026/08/04 23:11:12.459, 21096, 100
2026/08/04 23:11:13.459, 21096, 100
2026/08/04 23:11:14.459, 21096, 100
2026/08/04 23:11:15.459, 21096, 100
2026/08/04 23:11:16.460, 21096, 100
2026/08/04 23:11:17.460, 21096, 88
2026/08/04 23:11:18.460, 21096, 100
2026/08/04 23:11:19.461, 21096, 100
2026/08/04 23:11:20.461, 21096, 100
2026/08/04 23:11:21.461, 21096, 86
2026/08/04 23:11:22.461, 21096, 100
2026/08/04 23:11:23.462, 21096, 100
2026/08/04 23:11:24.462, 21096, 100
2026/08/04 23:11:25.462, 21096, 100
2026/08/04 23:11:26.463, 21096, 100
2026/08/04 23:11:27.463, 21096, 85
2026/08/04 23:11:28.463, 21096, 100
2026/08/04 23:11:29.464, 21096, 100
2026/08/04 23:11:30.464, 21096, 100
2026/08/04 23:11:31.464, 21096, 100
2026/08/04 23:11:32.465, 21096, 100
2026/08/04 23:11:33.465, 21096, 100
2026/08/04 23:11:34.465, 21096, 85
2026/08/04 23:11:35.466, 21096, 100
2026/08/04 23:11:36.466, 21096, 100
2026/08/04 23:11:37.466, 21096, 100
2026/08/04 23:11:38.466, 21096, 100
2026/08/04 23:11:39.467, 21096, 100
2026/08/04 23:11:40.467, 21096, 100
2026/08/04 23:11:41.467, 21096, 100
2026/08/04 23:11:42.468, 21096, 100
2026/08/04 23:11:43.468, 21096, 100
2026/08/04 23:11:44.468, 21096, 100
2026/08/04 23:11:45.468, 21096, 100
2026/08/04 23:11:46.469, 21096, 100
2026/08/04 23:11:47.469, 21096, 100
2026/08/04 23:11:48.469, 21096, 100
2026/08/04 23:11:49.469, 21096, 100
2026/08/04 23:11:50.470, 21096, 100
2026/08/04 23:11:51.470, 21096, 100
2026/08/04 23:11:52.470, 21096, 100
2026/08/04 23:11:53.470, 21096, 100
2026/08/04 23:11:54.471, 21096, 100
2026/08/04 23:11:55.471, 21096, 100
2026/08/04 23:11:56.471, 21096, 100
2026/08/04 23:11:57.472, 21096, 100
2026/08/04 23:11:58.472, 21096, 100
2026/08/04 23:11:59.473, 21096, 100
2026/08/04 23:12:00.473, 21096, 100
2026/08/04 23:12:01.473, 21096, 88
2026/08/04 23:12:02.474, 21096, 100
2026/08/04 23:12:03.474, 21096, 100
2026/08/04 23:12:04.474, 21096, 99
2026/08/04 23:12:05.475, 21096, 100
2026/08/04 23:12:06.475, 21096, 100
2026/08/04 23:12:07.475, 21096, 100
2026/08/04 23:12:08.476, 21096, 100
2026/08/04 23:12:09.476, 21096, 100
2026/08/04 23:12:10.476, 21096, 87
2026/08/04 23:12:11.477, 21096, 100
2026/08/04 23:12:12.477, 21096, 100
2026/08/04 23:12:13.477, 21096, 100
2026/08/04 23:12:14.478, 21096, 100
2026/08/04 23:12:15.478, 21096, 92
2026/08/04 23:12:16.478, 21096, 100
2026/08/04 23:12:17.479, 21096, 100
2026/08/04 23:12:18.479, 21096, 78
2026/08/04 23:12:19.479, 21096, 100
2026/08/04 23:12:20.480, 21096, 100
2026/08/04 23:12:21.480, 21096, 98
2026/08/04 23:12:22.480, 21096, 87
2026/08/04 23:12:23.481, 21096, 85
2026/08/04 23:12:24.481, 21096, 100
2026/08/04 23:12:25.481, 21096, 100
2026/08/04 23:12:26.482, 21096, 100
2026/08/04 23:12:27.482, 21096, 100
2026/08/04 23:12:28.482, 21096, 100
2026/08/04 23:12:29.483, 21096, 86
2026/08/04 23:12:30.483, 21096, 86
2026/08/04 23:12:31.483, 21096, 100
2026/08/04 23:12:32.483, 21096, 100
2026/08/04 23:12:33.484, 21096, 100
2026/08/04 23:12:34.484, 21096, 100
2026/08/04 23:12:35.484, 21096, 100
2026/08/04 23:12:36.485, 21096, 100
2026/08/04 23:12:37.485, 21096, 100
2026/08/04 23:12:38.485, 21096, 100
2026/08/04 23:12:39.486, 21096, 68
2026/08/04 23:12:40.486, 21096, 100
2026/08/04 23:12:41.486, 21096, 100
2026/08/04 23:12:42.486, 21096, 100
2026/08/04 23:12:43.487, 21096, 100
2026/08/04 23:12:44.487, 21096, 100
2026/08/04 23:12:45.487, 21096, 100
2026/08/04 23:12:46.487, 21096, 100
2026/08/04 23:12:47.488, 21096, 100
2026/08/04 23:12:48.488, 21096, 100
2026/08/04 23:12:49.488, 21096, 100
2026/08/04 23:12:50.489, 21096, 100
2026/08/04 23:12:51.489, 21096, 85
2026/08/04 23:12:52.489, 21096, 100
2026/08/04 23:12:53.490, 21096, 85
2026/08/04 23:12:54.490, 21096, 100
2026/08/04 23:12:55.490, 21096, 100
2026/08/04 23:12:56.491, 21096, 100
2026/08/04 23:12:57.491, 21096, 100
2026/08/04 23:12:58.491, 21096, 100
2026/08/04 23:12:59.492, 21096, 100
2026/08/04 23:13:00.492, 21096, 100
2026/08/04 23:13:01.492, 21096, 100
2026/08/04 23:13:02.492, 21096, 100
2026/08/04 23:13:03.493, 21096, 100
2026/08/04 23:13:04.493, 21096, 100
2026/08/04 23:13:05.493, 21096, 100
2026/08/04 23:13:06.494, 21096, 100
2026/08/04 23:13:07.494, 21096, 100
2026/08/04 23:13:08.494, 21096, 100
2026/08/04 23:13:09.495, 21096, 100
2026/08/04 23:13:10.495, 21096, 100
2026/08/04 23:13:11.495, 21096, 86
2026/08/04 23:13:12.496, 21096, 100
2026/08/04 23:13:13.496, 21096, 75
2026/08/04 23:13:14.496, 21096, 100
2026/08/04 23:13:15.496, 21096, 85
2026/08/04 23:13:16.497, 21096, 86
2026/08/04 23:13:17.497, 21096, 100
2026/08/04 23:13:18.497, 21096, 100
2026/08/04 23:13:19.498, 21096, 100
2026/08/04 23:13:20.498, 21096, 100
2026/08/04 23:13:21.498, 21096, 100
2026/08/04 23:13:22.499, 21096, 84
2026/08/04 23:13:23.499, 21096, 100
2026/08/04 23:13:24.499, 21096, 100
2026/08/04 23:13:25.499, 21096, 82
2026/08/04 23:13:26.500, 21096, 100
2026/08/04 23:13:27.500, 21096, 100
2026/08/04 23:13:28.500, 21096, 100
2026/08/04 23:13:29.501, 21096, 100
2026/08/04 23:13:30.501, 21096, 100
2026/08/04 23:13:31.501, 21096, 100
2026/08/04 23:13:32.502, 21096, 100
2026/08/04 23:13:33.502, 21096, 100
2026/08/04 23:13:34.502, 21096, 100
2026/08/04 23:13:35.502, 21096, 100
2026/08/04 23:13:36.503, 21096, 92
2026/08/04 23:13:37.503, 21096, 82
2026/08/04 23:13:38.503, 21096, 100
2026/08/04 23:13:39.504, 21096, 100
2026/08/04 23:13:40.504, 21096, 100
2026/08/04 23:13:41.504, 21096, 100
2026/08/04 23:13:42.505, 21096, 100
2026/08/04 23:13:43.505, 21096, 100
2026/08/04 23:13:44.505, 21096, 100
2026/08/04 23:13:45.505, 21096, 100
2026/08/04 23:13:46.506, 21096, 100
2026/08/04 23:13:47.506, 21096, 84
2026/08/04 23:13:48.506, 21096, 100
2026/08/04 23:13:49.507, 21096, 100
2026/08/04 23:13:50.507, 21096, 100
2026/08/04 23:13:51.507, 21096, 100
2026/08/04 23:13:52.507, 21096, 100
2026/08/04 23:13:53.508, 21096, 100
2026/08/04 23:13:54.508, 21096, 100
2026/08/04 23:13:55.508, 21096, 100
2026/08/04 23:13:56.509, 21096, 100
2026/08/04 23:13:57.509, 21096, 63
2026/08/04 23:13:58.509, 21096, 100
2026/08/04 23:13:59.510, 21096, 100
2026/08/04 23:14:00.510, 21096, 100
2026/08/04 23:14:01.510, 21096, 100
2026/08/04 23:14:02.511, 21096, 100
2026/08/04 23:14:03.511, 21096, 100
2026/08/04 23:14:04.511, 21096, 100
2026/08/04 23:14:05.512, 21096, 100
2026/08/04 23:14:06.512, 21096, 100
2026/08/04 23:14:07.512, 21096, 100
2026/08/04 23:14:08.513, 21096, 100
2026/08/04 23:14:09.513, 21096, 85
2026/08/04 23:14:10.513, 21096, 64
2026/08/04 23:14:11.513, 21096, 86
2026/08/04 23:14:12.514, 21096, 100
2026/08/04 23:14:13.514, 21096, 100
2026/08/04 23:14:14.515, 21096, 100
2026/08/04 23:14:15.515, 21096, 100
2026/08/04 23:14:16.515, 21096, 100
2026/08/04 23:14:17.515, 21096, 100
2026/08/04 23:14:18.516, 21096, 100
2026/08/04 23:14:19.516, 21096, 100
2026/08/04 23:14:20.516, 21096, 100
2026/08/04 23:14:21.517, 21096, 100
2026/08/04 23:14:22.517, 21096, 100
2026/08/04 23:14:23.517, 21096, 100
2026/08/04 23:14:24.517, 21096, 100
2026/08/04 23:14:25.518, 21096, 100
2026/08/04 23:14:26.518, 21096, 100
2026/08/04 23:14:27.518, 21096, 99
2026/08/04 23:14:28.518, 21096, 100
2026/08/04 23:14:29.519, 21096, 96
2026/08/04 23:14:30.519, 21096, 100
2026/08/04 23:14:31.519, 21096, 97
2026/08/04 23:14:32.520, 21096, 100
2026/08/04 23:14:33.520, 21096, 84
2026/08/04 23:14:34.520, 21096, 100
2026/08/04 23:14:35.521, 21096, 83
2026/08/04 23:14:36.521, 21096, 100
2026/08/04 23:14:37.521, 21096, 100
2026/08/04 23:14:38.521, 21096, 100
2026/08/04 23:14:39.522, 21096, 100
2026/08/04 23:14:40.522, 21096, 100
2026/08/04 23:14:41.522, 21096, 100
2026/08/04 23:14:42.523, 21096, 100
2026/08/04 23:14:43.523, 21096, 99
2026/08/04 23:14:44.523, 21096, 100
2026/08/04 23:14:45.524, 21096, 100
2026/08/04 23:14:46.524, 21096, 100
2026/08/04 23:14:47.524, 21096, 100
2026/08/04 23:14:48.524, 21096, 100
2026/08/04 23:14:49.525, 21096, 100
2026/08/04 23:14:50.525, 21096, 63
2026/08/04 23:14:51.525, 21096, 93
2026/08/04 23:14:52.526, 21096, 100
2026/08/04 23:14:53.526, 21096, 100
2026/08/04 23:14:54.526, 21096, 100
2026/08/04 23:14:55.527, 21096, 100
2026/08/04 23:14:56.527, 21096, 100
2026/08/04 23:14:57.527, 21096, 100
2026/08/04 23:14:58.528, 21096, 100
2026/08/04 23:14:59.528, 21096, 100
2026/08/04 23:15:00.528, 21096, 100
2026/08/04 23:15:01.529, 21096, 100
2026/08/04 23:15:02.529, 21096, 100
2026/08/04 23:15:03.529, 21096, 100
2026/08/04 23:15:04.529, 21096, 100
2026/08/04 23:15:05.530, 21096, 100
2026/08/04 23:15:06.530, 21096, 99
2026/08/04 23:15:07.530, 21096, 100
2026/08/04 23:15:08.531, 21096, 100
2026/08/04 23:15:09.531, 21096, 100
2026/08/04 23:15:10.531, 21096, 100
2026/08/04 23:15:11.532, 21096, 100
2026/08/04 23:15:12.532, 21096, 100
2026/08/04 23:15:13.532, 21096, 100
2026/08/04 23:15:14.532, 21096, 100
2026/08/04 23:15:15.533, 21096, 100
2026/08/04 23:15:16.533, 21096, 100
2026/08/04 23:15:17.533, 21096, 100
2026/08/04 23:15:18.534, 21096, 100
2026/08/04 23:15:19.534, 21096, 100
2026/08/04 23:15:20.534, 21096, 100
2026/08/04 23:15:21.535, 21096, 84
2026/08/04 23:15:22.535, 21096, 100
2026/08/04 23:15:23.535, 21096, 100
2026/08/04 23:15:24.536, 21096, 100
2026/08/04 23:15:25.536, 21096, 100
2026/08/04 23:15:26.536, 21096, 100
2026/08/04 23:15:27.536, 21096, 100
2026/08/04 23:15:28.537, 21096, 100
2026/08/04 23:15:29.537, 21096, 100
2026/08/04 23:15:30.537, 21096, 92
2026/08/04 23:15:31.538, 21096, 98
2026/08/04 23:15:32.538, 21096, 100
2026/08/04 23:15:33.538, 21096, 81
2026/08/04 23:15:34.538, 21096, 100
2026/08/04 23:15:35.539, 21096, 100
2026/08/04 23:15:36.539, 21096, 100
2026/08/04 23:15:37.539, 21096, 100
2026/08/04 23:15:38.540, 21096, 100
2026/08/04 23:15:39.540, 21096, 100
2026/08/04 23:15:40.540, 21096, 99
2026/08/04 23:15:41.540, 21096, 100
2026/08/04 23:15:42.541, 21096, 62
2026/08/04 23:15:43.541, 21096, 100
2026/08/04 23:15:44.541, 21096, 100
2026/08/04 23:15:45.542, 21096, 100
2026/08/04 23:15:46.542, 21096, 100
2026/08/04 23:15:47.542, 21096, 100
2026/08/04 23:15:48.542, 21096, 100
2026/08/04 23:15:49.543, 21096, 100
2026/08/04 23:15:50.543, 21096, 100
2026/08/04 23:15:51.544, 21096, 82
2026/08/04 23:15:52.544, 21096, 84
2026/08/04 23:15:53.544, 21096, 100
2026/08/04 23:15:54.545, 21096, 100
2026/08/04 23:15:55.545, 21096, 83
2026/08/04 23:15:56.545, 21096, 100
2026/08/04 23:15:57.546, 21096, 100
2026/08/04 23:15:58.546, 21096, 89
2026/08/04 23:15:59.546, 21096, 100
2026/08/04 23:16:00.547, 21096, 100
2026/08/04 23:16:01.547, 21096, 100
2026/08/04 23:16:02.547, 21096, 100
2026/08/04 23:16:03.548, 21096, 100
2026/08/04 23:16:04.548, 21096, 100
2026/08/04 23:16:05.548, 21096, 100
2026/08/04 23:16:06.548, 21096, 100
2026/08/04 23:16:07.549, 21096, 100
2026/08/04 23:16:08.549, 21096, 100
2026/08/04 23:16:09.549, 21096, 100
2026/08/04 23:16:10.550, 21096, 89
2026/08/04 23:16:11.550, 21096, 100
2026/08/04 23:16:12.550, 21096, 100
2026/08/04 23:16:13.550, 21096, 100
2026/08/04 23:16:14.551, 21096, 92
2026/08/04 23:16:15.551, 21096, 100
2026/08/04 23:16:16.551, 21096, 100
2026/08/04 23:16:17.551, 21096, 100
2026/08/04 23:16:18.552, 21096, 100
2026/08/04 23:16:19.552, 21096, 100
2026/08/04 23:16:20.552, 21096, 100
2026/08/04 23:16:21.552, 21096, 100
2026/08/04 23:16:22.553, 21096, 100
2026/08/04 23:16:23.553, 21096, 100
2026/08/04 23:16:24.553, 21096, 100
2026/08/04 23:16:25.554, 21096, 100
2026/08/04 23:16:26.554, 21096, 83
2026/08/04 23:16:27.554, 21096, 100
2026/08/04 23:16:28.555, 21096, 100
2026/08/04 23:16:29.555, 21096, 100
2026/08/04 23:16:30.555, 21096, 100
2026/08/04 23:16:31.556, 21096, 100
2026/08/04 23:16:32.556, 21096, 83
2026/08/04 23:16:33.556, 21096, 100
2026/08/04 23:16:34.556, 21096, 100
2026/08/04 23:16:35.557, 21096, 100
2026/08/04 23:16:36.557, 21096, 100
2026/08/04 23:16:37.557, 21096, 100
2026/08/04 23:16:38.558, 21096, 100
2026/08/04 23:16:39.558, 21096, 100
2026/08/04 23:16:40.558, 21096, 100
2026/08/04 23:16:41.558, 21096, 100
2026/08/04 23:16:42.559, 21096, 100
2026/08/04 23:16:43.559, 21096, 100
2026/08/04 23:16:44.559, 21096, 100
2026/08/04 23:16:45.560, 21096, 100
2026/08/04 23:16:46.560, 21096, 100
2026/08/04 23:16:47.560, 21096, 100
2026/08/04 23:16:48.560, 21096, 100
2026/08/04 23:16:49.561, 21096, 100
2026/08/04 23:16:50.561, 21096, 61
2026/08/04 23:16:51.561, 21096, 100
2026/08/04 23:16:52.561, 21096, 100
2026/08/04 23:16:53.562, 21096, 100
2026/08/04 23:16:54.562, 21096, 100
2026/08/04 23:16:55.562, 21096, 100
2026/08/04 23:16:56.563, 21096, 100
2026/08/04 23:16:57.563, 21096, 83
2026/08/04 23:16:58.563, 21096, 100
2026/08/04 23:16:59.563, 21096, 90
2026/08/04 23:17:00.564, 21096, 85
2026/08/04 23:17:01.564, 21096, 100
2026/08/04 23:17:02.564, 21096, 100
2026/08/04 23:17:03.564, 21096, 100
2026/08/04 23:17:04.565, 21096, 100
2026/08/04 23:17:05.565, 21096, 100
2026/08/04 23:17:06.565, 21096, 100
2026/08/04 23:17:07.566, 21096, 100
2026/08/04 23:17:08.566, 21096, 100
2026/08/04 23:17:09.566, 21096, 100
2026/08/04 23:17:10.566, 21096, 100
2026/08/04 23:17:11.567, 21096, 100
2026/08/04 23:17:12.567, 21096, 100
2026/08/04 23:17:13.567, 21096, 100
2026/08/04 23:17:14.568, 21096, 100
2026/08/04 23:17:15.568, 21096, 85
2026/08/04 23:17:16.568, 21096, 75
2026/08/04 23:17:17.568, 21096, 100
2026/08/04 23:17:18.569, 21096, 63
2026/08/04 23:17:19.569, 21096, 100
2026/08/04 23:17:20.569, 21096, 100
2026/08/04 23:17:21.569, 21096, 100
2026/08/04 23:17:22.570, 21096, 100
2026/08/04 23:17:23.570, 21096, 100
2026/08/04 23:17:24.570, 21096, 100
2026/08/04 23:17:25.571, 21096, 91
2026/08/04 23:17:26.571, 21096, 84
2026/08/04 23:17:27.571, 21096, 100
2026/08/04 23:17:28.571, 21096, 100
2026/08/04 23:17:29.572, 21096, 100
2026/08/04 23:17:30.572, 21096, 100
2026/08/04 23:17:31.572, 21096, 64
2026/08/04 23:17:32.572, 21096, 100
2026/08/04 23:17:33.573, 21096, 100
2026/08/04 23:17:34.573, 21096, 100
2026/08/04 23:17:35.573, 21096, 100
2026/08/04 23:17:36.574, 21096, 100
2026/08/04 23:17:37.574, 21096, 100
2026/08/04 23:17:38.574, 21096, 100
2026/08/04 23:17:39.575, 21096, 85
2026/08/04 23:17:40.575, 21096, 100
2026/08/04 23:17:41.575, 21096, 100
2026/08/04 23:17:42.576, 21096, 100
2026/08/04 23:17:43.576, 21096, 84
2026/08/04 23:17:44.576, 21096, 86
2026/08/04 23:17:45.577, 21096, 100
2026/08/04 23:17:46.577, 21096, 100
2026/08/04 23:17:47.577, 21096, 100
2026/08/04 23:17:48.578, 21096, 100
2026/08/04 23:17:49.578, 21096, 100
2026/08/04 23:17:50.578, 21096, 100
2026/08/04 23:17:51.579, 21096, 100
2026/08/04 23:17:52.579, 21096, 100
2026/08/04 23:17:53.580, 21096, 100
2026/08/04 23:17:54.580, 21096, 100
2026/08/04 23:17:55.581, 21096, 100
2026/08/04 23:17:56.581, 21096, 84
2026/08/04 23:17:57.581, 21096, 100
2026/08/04 23:17:58.582, 21096, 100
2026/08/04 23:17:59.582, 21096, 100
2026/08/04 23:18:00.582, 21096, 100
2026/08/04 23:18:01.583, 21096, 100
2026/08/04 23:18:02.583, 21096, 100
2026/08/04 23:18:03.583, 21096, 95
2026/08/04 23:18:04.583, 21096, 100
2026/08/04 23:18:05.584, 21096, 95
2026/08/04 23:18:06.584, 21096, 100
2026/08/04 23:18:07.585, 21096, 100
2026/08/04 23:18:08.585, 21096, 100
2026/08/04 23:18:09.585, 21096, 96
2026/08/04 23:18:10.586, 21096, 100
2026/08/04 23:18:11.586, 21096, 100
2026/08/04 23:18:12.586, 21096, 100
2026/08/04 23:18:13.587, 21096, 74
2026/08/04 23:18:14.587, 21096, 100
2026/08/04 23:18:15.587, 21096, 100
2026/08/04 23:18:16.587, 21096, 71
2026/08/04 23:18:17.588, 21096, 100
2026/08/04 23:18:18.588, 21096, 97
2026/08/04 23:18:19.588, 21096, 86
2026/08/04 23:18:20.589, 21096, 100
2026/08/04 23:18:21.589, 21096, 100
2026/08/04 23:18:22.589, 21096, 100
2026/08/04 23:18:23.590, 21096, 100
2026/08/04 23:18:24.590, 21096, 100
2026/08/04 23:18:25.591, 21096, 100
2026/08/04 23:18:26.591, 21096, 90
2026/08/04 23:18:27.591, 21096, 100
2026/08/04 23:18:28.592, 21096, 100
2026/08/04 23:18:29.592, 21096, 100
2026/08/04 23:18:30.595, 21096, 100
2026/08/04 23:18:31.595, 21096, 83
2026/08/04 23:18:32.596, 21096, 100
2026/08/04 23:18:33.596, 21096, 100
2026/08/04 23:18:34.596, 21096, 99
2026/08/04 23:18:35.597, 21096, 92
2026/08/04 23:18:36.597, 21096, 100
2026/08/04 23:18:37.597, 21096, 100
2026/08/04 23:18:38.597, 21096, 100
2026/08/04 23:18:39.598, 21096, 100
2026/08/04 23:18:40.601, 21096, 82
2026/08/04 23:18:41.601, 21096, 82
2026/08/04 23:18:42.601, 21096, 100
2026/08/04 23:18:43.602, 21096, 100
2026/08/04 23:18:44.602, 21096, 100
2026/08/04 23:18:45.602, 21096, 100
2026/08/04 23:18:46.602, 21096, 100
2026/08/04 23:18:47.603, 21096, 100
2026/08/04 23:18:48.603, 21096, 100
2026/08/04 23:18:49.603, 21096, 100
2026/08/04 23:18:50.604, 21096, 100
2026/08/04 23:18:51.604, 21096, 61
2026/08/04 23:18:52.604, 21096, 84
2026/08/04 23:18:53.605, 21096, 100
2026/08/04 23:18:54.605, 21096, 99
2026/08/04 23:18:55.605, 21096, 100
2026/08/04 23:18:56.605, 21096, 100
2026/08/04 23:18:57.606, 21096, 100
2026/08/04 23:18:58.606, 21096, 100
2026/08/04 23:18:59.606, 21096, 70
2026/08/04 23:19:00.607, 21096, 100
2026/08/04 23:19:01.607, 21096, 65
2026/08/04 23:19:02.607, 21096, 96
2026/08/04 23:19:03.608, 21096, 100
2026/08/04 23:19:04.608, 21096, 100
2026/08/04 23:19:05.608, 21096, 64
2026/08/04 23:19:06.609, 21096, 83
2026/08/04 23:19:07.609, 21096, 100
2026/08/04 23:19:08.609, 21096, 100
2026/08/04 23:19:09.610, 21096, 100
2026/08/04 23:19:10.610, 21096, 85
2026/08/04 23:19:11.611, 21096, 100
2026/08/04 23:19:12.611, 21096, 100
2026/08/04 23:19:13.611, 21096, 100
2026/08/04 23:19:14.612, 21096, 100
2026/08/04 23:19:15.612, 21096, 100
2026/08/04 23:19:16.612, 21096, 100
2026/08/04 23:19:17.613, 21096, 100
2026/08/04 23:19:18.613, 21096, 100
2026/08/04 23:19:19.613, 21096, 100
2026/08/04 23:19:20.614, 21096, 100
2026/08/04 23:19:21.614, 21096, 100
2026/08/04 23:19:22.614, 21096, 100
2026/08/04 23:19:23.614, 21096, 100
2026/08/04 23:19:24.615, 21096, 100
2026/08/04 23:19:25.615, 21096, 100
2026/08/04 23:19:26.615, 21096, 85
2026/08/04 23:19:27.615, 21096, 87
2026/08/04 23:19:28.616, 21096, 100
2026/08/04 23:19:29.616, 21096, 100
2026/08/04 23:19:30.617, 21096, 100
2026/08/04 23:19:31.617, 21096, 100
2026/08/04 23:19:32.617, 21096, 100
2026/08/04 23:19:33.617, 21096, 100
2026/08/04 23:19:34.617, 21096, 100
2026/08/04 23:19:35.618, 21096, 100
2026/08/04 23:19:36.618, 21096, 100
2026/08/04 23:19:37.618, 21096, 100
2026/08/04 23:19:38.619, 21096, 100
2026/08/04 23:19:39.619, 21096, 100
2026/08/04 23:19:40.620, 21096, 65
2026/08/04 23:19:41.620, 21096, 84
2026/08/04 23:19:42.620, 21096, 100
2026/08/04 23:19:43.621, 21096, 84
2026/08/04 23:19:44.621, 21096, 99
2026/08/04 23:19:45.621, 21096, 100
2026/08/04 23:19:46.621, 21096, 100
2026/08/04 23:19:47.622, 21096, 100
2026/08/04 23:19:48.622, 21096, 100
2026/08/04 23:19:49.623, 21096, 100
2026/08/04 23:19:50.623, 21096, 100
2026/08/04 23:19:51.623, 21096, 100
2026/08/04 23:19:52.623, 21096, 100
2026/08/04 23:19:53.624, 21096, 100
2026/08/04 23:19:54.624, 21096, 100
2026/08/04 23:19:55.624, 21096, 100
2026/08/04 23:19:56.625, 21096, 100
2026/08/04 23:19:57.625, 21096, 85
2026/08/04 23:19:58.625, 21096, 100
2026/08/04 23:19:59.626, 21096, 86
2026/08/04 23:20:00.626, 21096, 85
2026/08/04 23:20:01.626, 21096, 84
2026/08/04 23:20:02.627, 21096, 87
2026/08/04 23:20:03.627, 21096, 100
2026/08/04 23:20:04.627, 21096, 100
2026/08/04 23:20:05.628, 21096, 100
2026/08/04 23:20:06.628, 21096, 100
2026/08/04 23:20:07.629, 21096, 100
2026/08/04 23:20:08.629, 21096, 100
2026/08/04 23:20:09.629, 21096, 100
2026/08/04 23:20:10.629, 21096, 86
2026/08/04 23:20:11.630, 21096, 100
2026/08/04 23:20:12.630, 21096, 100
2026/08/04 23:20:13.630, 21096, 100
2026/08/04 23:20:14.630, 21096, 100
2026/08/04 23:20:15.631, 21096, 100
2026/08/04 23:20:16.631, 21096, 100
2026/08/04 23:20:17.631, 21096, 100
2026/08/04 23:20:18.631, 21096, 100
2026/08/04 23:20:19.632, 21096, 67
2026/08/04 23:20:20.632, 21096, 85
2026/08/04 23:20:21.632, 21096, 100
2026/08/04 23:20:22.633, 21096, 100
2026/08/04 23:20:23.633, 21096, 96
2026/08/04 23:20:24.633, 21096, 100
2026/08/04 23:20:25.635, 21096, 100
2026/08/04 23:20:26.635, 21096, 100
2026/08/04 23:20:27.635, 21096, 100
2026/08/04 23:20:28.635, 21096, 100
2026/08/04 23:20:29.636, 21096, 100
2026/08/04 23:20:30.636, 21096, 100
2026/08/04 23:20:31.636, 21096, 100
2026/08/04 23:20:32.637, 21096, 100
2026/08/04 23:20:33.637, 21096, 100
2026/08/04 23:20:34.637, 21096, 100
2026/08/04 23:20:35.637, 21096, 66
2026/08/04 23:20:36.638, 21096, 86
2026/08/04 23:20:37.638, 21096, 100
2026/08/04 23:20:38.638, 21096, 83
2026/08/04 23:20:39.638, 21096, 100
2026/08/04 23:20:40.639, 21096, 100
2026/08/04 23:20:41.639, 21096, 100
2026/08/04 23:20:42.639, 21096, 100
2026/08/04 23:20:43.639, 21096, 100
2026/08/04 23:20:44.639, 21096, 100
2026/08/04 23:20:45.640, 21096, 100
2026/08/04 23:20:46.640, 21096, 100
2026/08/04 23:20:47.640, 21096, 100
2026/08/04 23:20:48.641, 21096, 100
2026/08/04 23:20:49.641, 21096, 100
2026/08/04 23:20:50.641, 21096, 100
2026/08/04 23:20:51.641, 21096, 83
2026/08/04 23:20:52.642, 21096, 90
2026/08/04 23:20:53.642, 21096, 100
2026/08/04 23:20:54.643, 21096, 100
2026/08/04 23:20:55.643, 21096, 100
2026/08/04 23:20:56.643, 21096, 100
2026/08/04 23:20:57.643, 21096, 100
2026/08/04 23:20:58.644, 21096, 84
2026/08/04 23:20:59.644, 21096, 100
2026/08/04 23:21:00.644, 21096, 100
2026/08/04 23:21:01.645, 21096, 100
2026/08/04 23:21:02.645, 21096, 100
2026/08/04 23:21:03.645, 21096, 100
2026/08/04 23:21:04.645, 21096, 100
2026/08/04 23:21:05.645, 21096, 100
2026/08/04 23:21:06.646, 21096, 100
2026/08/04 23:21:07.646, 21096, 100
2026/08/04 23:21:08.646, 21096, 100
2026/08/04 23:21:09.647, 21096, 100
2026/08/04 23:21:10.647, 21096, 100
2026/08/04 23:21:11.647, 21096, 100
2026/08/04 23:21:12.648, 21096, 85
2026/08/04 23:21:13.648, 21096, 100
2026/08/04 23:21:14.648, 21096, 83
2026/08/04 23:21:15.649, 21096, 100
2026/08/04 23:21:16.649, 21096, 100
2026/08/04 23:21:17.649, 21096, 100
2026/08/04 23:21:18.650, 21096, 100
2026/08/04 23:21:19.650, 21096, 100
2026/08/04 23:21:20.650, 21096, 100
2026/08/04 23:21:21.650, 21096, 100
2026/08/04 23:21:22.651, 21096, 100
2026/08/04 23:21:23.651, 21096, 100
2026/08/04 23:21:24.651, 21096, 100
2026/08/04 23:21:25.652, 21096, 100
2026/08/04 23:21:26.652, 21096, 100
2026/08/04 23:21:27.652, 21096, 100
2026/08/04 23:21:28.652, 21096, 100
2026/08/04 23:21:29.653, 21096, 83
2026/08/04 23:21:30.653, 21096, 100
2026/08/04 23:21:31.653, 21096, 100
2026/08/04 23:21:32.654, 21096, 100
2026/08/04 23:21:33.654, 21096, 100
2026/08/04 23:21:34.654, 21096, 100
2026/08/04 23:21:35.655, 21096, 100
2026/08/04 23:21:36.655, 21096, 100
2026/08/04 23:21:37.655, 21096, 83
2026/08/04 23:21:38.656, 21096, 100
2026/08/04 23:21:39.656, 21096, 100
2026/08/04 23:21:40.656, 21096, 100
2026/08/04 23:21:41.656, 21096, 86
2026/08/04 23:21:42.657, 21096, 100
2026/08/04 23:21:43.657, 21096, 100
2026/08/04 23:21:44.657, 21096, 100
2026/08/04 23:21:45.658, 21096, 100
2026/08/04 23:21:46.658, 21096, 100
2026/08/04 23:21:47.658, 21096, 100
2026/08/04 23:21:48.659, 21096, 100
2026/08/04 23:21:49.659, 21096, 100
2026/08/04 23:21:50.659, 21096, 100
2026/08/04 23:21:51.659, 21096, 100
2026/08/04 23:21:52.660, 21096, 100
2026/08/04 23:21:53.660, 21096, 100
2026/08/04 23:21:54.660, 21096, 100
2026/08/04 23:21:55.661, 21096, 100
2026/08/04 23:21:56.661, 21096, 86
2026/08/04 23:21:57.661, 21096, 100
2026/08/04 23:21:58.661, 21096, 100
2026/08/04 23:21:59.662, 21096, 100
2026/08/04 23:22:00.662, 21096, 100
2026/08/04 23:22:01.662, 21096, 100
2026/08/04 23:22:02.662, 21096, 100
2026/08/04 23:22:03.663, 21096, 100
2026/08/04 23:22:04.663, 21096, 100
2026/08/04 23:22:05.663, 21096, 100
2026/08/04 23:22:06.663, 21096, 100
2026/08/04 23:22:07.664, 21096, 100
2026/08/04 23:22:08.664, 21096, 100
2026/08/04 23:22:09.665, 21096, 63
2026/08/04 23:22:10.665, 21096, 100
2026/08/04 23:22:11.665, 21096, 83
2026/08/04 23:22:12.665, 21096, 100
2026/08/04 23:22:13.666, 21096, 100
2026/08/04 23:22:14.666, 21096, 100
2026/08/04 23:22:15.666, 21096, 100
2026/08/04 23:22:16.667, 21096, 100
2026/08/04 23:22:17.667, 21096, 100
2026/08/04 23:22:18.667, 21096, 100
2026/08/04 23:22:19.668, 21096, 100
2026/08/04 23:22:20.668, 21096, 100
2026/08/04 23:22:21.668, 21096, 100
2026/08/04 23:22:22.668, 21096, 91
2026/08/04 23:22:23.669, 21096, 100
2026/08/04 23:22:24.669, 21096, 100
2026/08/04 23:22:25.669, 21096, 100
2026/08/04 23:22:26.669, 21096, 84
2026/08/04 23:22:27.670, 21096, 100
2026/08/04 23:22:28.670, 21096, 100
2026/08/04 23:22:29.670, 21096, 84
2026/08/04 23:22:30.670, 21096, 100
2026/08/04 23:22:31.671, 21096, 85
2026/08/04 23:22:32.671, 21096, 100
2026/08/04 23:22:33.671, 21096, 100
2026/08/04 23:22:34.672, 21096, 85
2026/08/04 23:22:35.672, 21096, 100
2026/08/04 23:22:36.672, 21096, 100
2026/08/04 23:22:37.672, 21096, 100
2026/08/04 23:22:38.673, 21096, 100
2026/08/04 23:22:39.673, 21096, 100
2026/08/04 23:22:40.673, 21096, 100
2026/08/04 23:22:41.673, 21096, 100
2026/08/04 23:22:42.674, 21096, 94
2026/08/04 23:22:43.674, 21096, 100
2026/08/04 23:22:44.674, 21096, 100
2026/08/04 23:22:45.674, 21096, 100
2026/08/04 23:22:46.675, 21096, 100
2026/08/04 23:22:47.675, 21096, 100
2026/08/04 23:22:48.675, 21096, 100
2026/08/04 23:22:49.676, 21096, 100
2026/08/04 23:22:50.676, 21096, 100
2026/08/04 23:22:51.676, 21096, 100
2026/08/04 23:22:52.676, 21096, 100
2026/08/04 23:22:53.677, 21096, 64
2026/08/04 23:22:54.677, 21096, 100
2026/08/04 23:22:55.677, 21096, 100
2026/08/04 23:22:56.678, 21096, 100
2026/08/04 23:22:57.678, 21096, 100
2026/08/04 23:22:58.678, 21096, 100
2026/08/04 23:22:59.678, 21096, 96
2026/08/04 23:23:00.679, 21096, 100
2026/08/04 23:23:01.679, 21096, 100
2026/08/04 23:23:02.680, 21096, 100
2026/08/04 23:23:03.680, 21096, 100
2026/08/04 23:23:04.680, 21096, 100
2026/08/04 23:23:05.680, 21096, 100
2026/08/04 23:23:06.681, 21096, 100
2026/08/04 23:23:07.681, 21096, 100
2026/08/04 23:23:08.681, 21096, 100
2026/08/04 23:23:09.681, 21096, 100
2026/08/04 23:23:10.682, 21096, 100
2026/08/04 23:23:11.682, 21096, 100
2026/08/04 23:23:12.682, 21096, 100
2026/08/04 23:23:13.682, 21096, 100
2026/08/04 23:23:14.683, 21096, 100
2026/08/04 23:23:15.683, 21096, 100
2026/08/04 23:23:16.683, 21096, 100
2026/08/04 23:23:17.683, 21096, 100
2026/08/04 23:23:18.684, 21096, 100
2026/08/04 23:23:19.684, 21096, 83
2026/08/04 23:23:20.684, 21096, 100
2026/08/04 23:23:21.685, 21096, 86
2026/08/04 23:23:22.685, 21096, 89
2026/08/04 23:23:23.685, 21096, 100
2026/08/04 23:23:24.686, 21096, 64
2026/08/04 23:23:25.686, 21096, 100
2026/08/04 23:23:26.686, 21096, 100
2026/08/04 23:23:27.687, 21096, 100
2026/08/04 23:23:28.687, 21096, 100
2026/08/04 23:23:29.687, 21096, 100
2026/08/04 23:23:30.688, 21096, 75
2026/08/04 23:23:31.689, 21096, 100
2026/08/04 23:23:32.689, 21096, 89
2026/08/04 23:23:33.689, 21096, 75
2026/08/04 23:23:34.689, 21096, 84
2026/08/04 23:23:35.690, 21096, 100
2026/08/04 23:23:36.690, 21096, 100
2026/08/04 23:23:37.690, 21096, 100
2026/08/04 23:23:38.691, 21096, 100
2026/08/04 23:23:39.691, 21096, 83
2026/08/04 23:23:40.692, 21096, 100
2026/08/04 23:23:41.692, 21096, 100
2026/08/04 23:23:42.692, 21096, 100
2026/08/04 23:23:43.693, 21096, 83
2026/08/04 23:23:44.693, 21096, 98
2026/08/04 23:23:45.693, 21096, 100
2026/08/04 23:23:46.694, 21096, 100
2026/08/04 23:23:47.694, 21096, 100
2026/08/04 23:23:48.694, 21096, 100
2026/08/04 23:23:49.694, 21096, 100
2026/08/04 23:23:50.695, 21096, 100
2026/08/04 23:23:51.695, 21096, 100
2026/08/04 23:23:52.695, 21096, 81
2026/08/04 23:23:53.696, 21096, 100
2026/08/04 23:23:54.696, 21096, 100
2026/08/04 23:23:55.697, 21096, 100
2026/08/04 23:23:56.697, 21096, 82
2026/08/04 23:23:57.698, 21096, 100
2026/08/04 23:23:58.698, 21096, 100
2026/08/04 23:23:59.698, 21096, 100
2026/08/04 23:24:00.699, 21096, 100
2026/08/04 23:24:01.699, 21096, 82
2026/08/04 23:24:02.699, 21096, 100
2026/08/04 23:24:03.699, 21096, 83
2026/08/04 23:24:04.700, 21096, 100
2026/08/04 23:24:05.700, 21096, 100
2026/08/04 23:24:06.700, 21096, 100
2026/08/04 23:24:07.700, 21096, 100
2026/08/04 23:24:08.701, 21096, 100
2026/08/04 23:24:09.701, 21096, 100
2026/08/04 23:24:10.701, 21096, 100
2026/08/04 23:24:11.701, 21096, 100
2026/08/04 23:24:12.702, 21096, 100
2026/08/04 23:24:13.702, 21096, 100
2026/08/04 23:24:14.702, 21096, 100
2026/08/04 23:24:15.702, 21096, 100
2026/08/04 23:24:16.702, 21096, 100
2026/08/04 23:24:17.703, 21096, 100
2026/08/04 23:24:18.703, 21096, 92
2026/08/04 23:24:19.703, 21096, 100
2026/08/04 23:24:20.704, 21096, 100
2026/08/04 23:24:21.704, 21096, 100
2026/08/04 23:24:22.705, 21096, 100
2026/08/04 23:24:23.705, 21096, 100
2026/08/04 23:24:24.705, 21096, 100
2026/08/04 23:24:25.706, 21096, 100
2026/08/04 23:24:26.706, 21096, 100
2026/08/04 23:24:27.706, 21096, 100
2026/08/04 23:24:28.707, 21096, 100
2026/08/04 23:24:29.707, 21096, 100
2026/08/04 23:24:30.707, 21096, 100
2026/08/04 23:24:31.707, 21096, 100
2026/08/04 23:24:32.707, 21096, 100
2026/08/04 23:24:33.708, 21096, 100
2026/08/04 23:24:34.708, 21096, 83
2026/08/04 23:24:35.709, 21096, 100
2026/08/04 23:24:36.709, 21096, 100
2026/08/04 23:24:37.709, 21096, 100
2026/08/04 23:24:38.709, 21096, 100
2026/08/04 23:24:39.710, 21096, 100
2026/08/04 23:24:40.710, 21096, 100
2026/08/04 23:24:41.710, 21096, 100
2026/08/04 23:24:42.711, 21096, 82
2026/08/04 23:24:43.711, 21096, 100
2026/08/04 23:24:44.711, 21096, 100
2026/08/04 23:24:45.712, 21096, 100
2026/08/04 23:24:46.712, 21096, 100
2026/08/04 23:24:47.712, 21096, 100
2026/08/04 23:24:48.713, 21096, 100
2026/08/04 23:24:49.713, 21096, 100
2026/08/04 23:24:50.713, 21096, 100
2026/08/04 23:24:51.714, 21096, 100
2026/08/04 23:24:52.714, 21096, 100
2026/08/04 23:24:53.714, 21096, 63
2026/08/04 23:24:54.715, 21096, 100
2026/08/04 23:24:55.715, 21096, 100
2026/08/04 23:24:56.715, 21096, 100
2026/08/04 23:24:57.716, 21096, 100
2026/08/04 23:24:58.716, 21096, 100
2026/08/04 23:24:59.716, 21096, 100
2026/08/04 23:25:00.717, 21096, 100
2026/08/04 23:25:01.717, 21096, 100
2026/08/04 23:25:02.717, 21096, 100
2026/08/04 23:25:03.717, 21096, 100
2026/08/04 23:25:04.718, 21096, 100
2026/08/04 23:25:05.718, 21096, 100
2026/08/04 23:25:06.718, 21096, 100
2026/08/04 23:25:07.719, 21096, 100
2026/08/04 23:25:08.719, 21096, 100
2026/08/04 23:25:09.719, 21096, 100
2026/08/04 23:25:10.720, 21096, 69
2026/08/04 23:25:11.720, 21096, 100
2026/08/04 23:25:12.721, 21096, 89
2026/08/04 23:25:13.721, 21096, 75
2026/08/04 23:25:14.721, 21096, 84
2026/08/04 23:25:15.721, 21096, 100
2026/08/04 23:25:16.722, 21096, 100
2026/08/04 23:25:17.722, 21096, 100
2026/08/04 23:25:18.722, 21096, 100
2026/08/04 23:25:19.723, 21096, 100
2026/08/04 23:25:20.723, 21096, 100
2026/08/04 23:25:21.723, 21096, 100
2026/08/04 23:25:22.724, 21096, 100
2026/08/04 23:25:23.724, 21096, 100
2026/08/04 23:25:24.724, 21096, 100
2026/08/04 23:25:25.725, 21096, 100
2026/08/04 23:25:26.725, 21096, 100
2026/08/04 23:25:27.725, 21096, 70
2026/08/04 23:25:28.725, 21096, 100
2026/08/04 23:25:29.726, 21096, 62
2026/08/04 23:25:30.726, 21096, 100
2026/08/04 23:25:31.726, 21096, 65
2026/08/04 23:25:32.726, 21096, 97
2026/08/04 23:25:33.727, 21096, 100
2026/08/04 23:25:34.727, 21096, 100
2026/08/04 23:25:35.727, 21096, 100
2026/08/04 23:25:36.728, 21096, 100
2026/08/04 23:25:37.728, 21096, 85
2026/08/04 23:25:38.728, 21096, 100
2026/08/04 23:25:39.729, 21096, 100
2026/08/04 23:25:40.729, 21096, 63
2026/08/04 23:25:41.729, 21096, 85
2026/08/04 23:25:42.730, 21096, 100
2026/08/04 23:25:43.730, 21096, 100
2026/08/04 23:25:44.730, 21096, 74
2026/08/04 23:25:45.730, 21096, 100
2026/08/04 23:25:46.730, 21096, 100
2026/08/04 23:25:47.731, 21096, 100
2026/08/04 23:25:48.731, 21096, 100
2026/08/04 23:25:49.731, 21096, 97
2026/08/04 23:25:50.732, 21096, 100
2026/08/04 23:25:51.732, 21096, 100
2026/08/04 23:25:52.732, 21096, 100
2026/08/04 23:25:53.732, 21096, 98
2026/08/04 23:25:54.733, 21096, 100
2026/08/04 23:25:55.733, 21096, 100
2026/08/04 23:25:56.733, 21096, 100
2026/08/04 23:25:57.734, 21096, 100
2026/08/04 23:25:58.734, 21096, 84
2026/08/04 23:25:59.734, 21096, 99
2026/08/04 23:26:00.735, 21096, 97
2026/08/04 23:26:01.735, 21096, 100
2026/08/04 23:26:02.735, 21096, 100
2026/08/04 23:26:03.735, 21096, 100
2026/08/04 23:26:04.736, 21096, 85
2026/08/04 23:26:05.736, 21096, 65
2026/08/04 23:26:06.736, 21096, 99
2026/08/04 23:26:07.737, 21096, 100
2026/08/04 23:26:08.737, 21096, 100
2026/08/04 23:26:09.737, 21096, 100
2026/08/04 23:26:10.737, 21096, 100
2026/08/04 23:26:11.738, 21096, 100
2026/08/04 23:26:12.738, 21096, 100
2026/08/04 23:26:13.738, 21096, 100
2026/08/04 23:26:14.738, 21096, 100
2026/08/04 23:26:15.739, 21096, 100
2026/08/04 23:26:16.739, 21096, 100
2026/08/04 23:26:17.739, 21096, 100
2026/08/04 23:26:18.740, 21096, 100
2026/08/04 23:26:19.740, 21096, 100
2026/08/04 23:26:20.740, 21096, 100
2026/08/04 23:26:21.740, 21096, 100
2026/08/04 23:26:22.741, 21096, 100
2026/08/04 23:26:23.741, 21096, 85
2026/08/04 23:26:24.741, 21096, 100
2026/08/04 23:26:25.741, 21096, 85
2026/08/04 23:26:26.742, 21096, 94
2026/08/04 23:26:27.742, 21096, 100
2026/08/04 23:26:28.742, 21096, 100
2026/08/04 23:26:29.743, 21096, 87
2026/08/04 23:26:30.743, 21096, 83
2026/08/04 23:26:31.743, 21096, 100
2026/08/04 23:26:32.743, 21096, 100
2026/08/04 23:26:33.744, 21096, 100
2026/08/04 23:26:34.744, 21096, 100
2026/08/04 23:26:35.744, 21096, 100
2026/08/04 23:26:36.745, 21096, 100
2026/08/04 23:26:37.745, 21096, 100
2026/08/04 23:26:38.745, 21096, 100
2026/08/04 23:26:39.746, 21096, 100
2026/08/04 23:26:40.746, 21096, 100
2026/08/04 23:26:41.746, 21096, 99
2026/08/04 23:26:42.746, 21096, 100
2026/08/04 23:26:43.747, 21096, 100
2026/08/04 23:26:44.747, 21096, 100
2026/08/04 23:26:45.747, 21096, 100
2026/08/04 23:26:46.748, 21096, 86
2026/08/04 23:26:47.748, 21096, 100
2026/08/04 23:26:48.748, 21096, 100
2026/08/04 23:26:49.749, 21096, 90
2026/08/04 23:26:50.749, 21096, 85
2026/08/04 23:26:51.749, 21096, 100
2026/08/04 23:26:52.749, 21096, 100
2026/08/04 23:26:53.750, 21096, 100
2026/08/04 23:26:54.750, 21096, 100
2026/08/04 23:26:55.751, 21096, 100
2026/08/04 23:26:56.751, 21096, 100
2026/08/04 23:26:57.751, 21096, 100
2026/08/04 23:26:58.751, 21096, 100
2026/08/04 23:26:59.752, 21096, 100
2026/08/04 23:27:00.752, 21096, 83
2026/08/04 23:27:01.752, 21096, 100
2026/08/04 23:27:02.752, 21096, 100
2026/08/04 23:27:03.753, 21096, 84
2026/08/04 23:27:04.753, 21096, 100
2026/08/04 23:27:05.753, 21096, 100
2026/08/04 23:27:06.754, 21096, 100
2026/08/04 23:27:07.754, 21096, 100
2026/08/04 23:27:08.754, 21096, 100
2026/08/04 23:27:09.754, 21096, 100
2026/08/04 23:27:10.755, 21096, 100
2026/08/04 23:27:11.755, 21096, 100
2026/08/04 23:27:12.755, 21096, 81
2026/08/04 23:27:13.756, 21096, 100
2026/08/04 23:27:14.756, 21096, 100
2026/08/04 23:27:15.756, 21096, 100
2026/08/04 23:27:16.756, 21096, 100
2026/08/04 23:27:17.757, 21096, 100
2026/08/04 23:27:18.757, 21096, 100
2026/08/04 23:27:19.757, 21096, 100
2026/08/04 23:27:20.757, 21096, 100
2026/08/04 23:27:21.758, 21096, 100
2026/08/04 23:27:22.758, 21096, 100
2026/08/04 23:27:23.758, 21096, 100
2026/08/04 23:27:24.758, 21096, 100
2026/08/04 23:27:25.759, 21096, 100
2026/08/04 23:27:26.759, 21096, 100
2026/08/04 23:27:27.759, 21096, 100
2026/08/04 23:27:28.760, 21096, 100
2026/08/04 23:27:29.760, 21096, 100
2026/08/04 23:27:30.760, 21096, 100
2026/08/04 23:27:31.760, 21096, 100
2026/08/04 23:27:32.761, 21096, 100
2026/08/04 23:27:33.761, 21096, 84
2026/08/04 23:27:34.761, 21096, 100
2026/08/04 23:27:35.762, 21096, 100
2026/08/04 23:27:36.762, 21096, 100
2026/08/04 23:27:37.762, 21096, 100
2026/08/04 23:27:38.763, 21096, 100
2026/08/04 23:27:39.763, 21096, 86
2026/08/04 23:27:40.763, 21096, 86
2026/08/04 23:27:41.764, 21096, 100
2026/08/04 23:27:42.764, 21096, 100
2026/08/04 23:27:43.764, 21096, 100
2026/08/04 23:27:44.764, 21096, 90
2026/08/04 23:27:45.765, 21096, 100
2026/08/04 23:27:46.765, 21096, 100
2026/08/04 23:27:47.765, 21096, 100
2026/08/04 23:27:48.765, 21096, 100
2026/08/04 23:27:49.766, 21096, 100
2026/08/04 23:27:50.766, 21096, 100
2026/08/04 23:27:51.766, 21096, 100
2026/08/04 23:27:52.766, 21096, 100
2026/08/04 23:27:53.767, 21096, 62
2026/08/04 23:27:54.767, 21096, 100
2026/08/04 23:27:55.767, 21096, 100
2026/08/04 23:27:56.767, 21096, 100
2026/08/04 23:27:57.768, 21096, 100
2026/08/04 23:27:58.768, 21096, 100
2026/08/04 23:27:59.768, 21096, 85
2026/08/04 23:28:00.768, 21096, 62
2026/08/04 23:28:01.768, 21096, 100
2026/08/04 23:28:02.769, 21096, 85
2026/08/04 23:28:03.769, 21096, 93
2026/08/04 23:28:04.769, 21096, 100
2026/08/04 23:28:05.769, 21096, 100
2026/08/04 23:28:06.770, 21096, 100
2026/08/04 23:28:07.770, 21096, 100
2026/08/04 23:28:08.770, 21096, 86
2026/08/04 23:28:09.770, 21096, 100
2026/08/04 23:28:10.771, 21096, 100
2026/08/04 23:28:11.771, 21096, 100
2026/08/04 23:28:12.771, 21096, 100
2026/08/04 23:28:13.771, 21096, 85
2026/08/04 23:28:14.772, 21096, 100
2026/08/04 23:28:15.772, 21096, 100
2026/08/04 23:28:16.772, 21096, 100
2026/08/04 23:28:17.772, 21096, 100
2026/08/04 23:28:18.773, 21096, 100
2026/08/04 23:28:19.773, 21096, 100
2026/08/04 23:28:20.773, 21096, 100
2026/08/04 23:28:21.774, 21096, 100
2026/08/04 23:28:22.774, 21096, 100
2026/08/04 23:28:23.774, 21096, 100
2026/08/04 23:28:24.774, 21096, 100
2026/08/04 23:28:25.774, 21096, 100
2026/08/04 23:28:26.775, 21096, 100
2026/08/04 23:28:27.775, 21096, 100
2026/08/04 23:28:28.775, 21096, 100
2026/08/04 23:28:29.775, 21096, 100
2026/08/04 23:28:30.776, 21096, 100
2026/08/04 23:28:31.776, 21096, 100
2026/08/04 23:28:32.777, 21096, 84
2026/08/04 23:28:33.777, 21096, 100
2026/08/04 23:28:34.777, 21096, 100
2026/08/04 23:28:35.777, 21096, 84
2026/08/04 23:28:36.778, 21096, 100
2026/08/04 23:28:37.778, 21096, 100
2026/08/04 23:28:38.778, 21096, 100
2026/08/04 23:28:39.778, 21096, 100
2026/08/04 23:28:40.779, 21096, 67
2026/08/04 23:28:41.779, 21096, 100
2026/08/04 23:28:42.779, 21096, 100
2026/08/04 23:28:43.779, 21096, 100
2026/08/04 23:28:44.780, 21096, 100
2026/08/04 23:28:45.780, 21096, 100
2026/08/04 23:28:46.780, 21096, 91
2026/08/04 23:28:47.780, 21096, 100
2026/08/04 23:28:48.781, 21096, 100
2026/08/04 23:28:49.781, 21096, 100
2026/08/04 23:28:50.782, 21096, 86
2026/08/04 23:28:51.782, 21096, 100
2026/08/04 23:28:52.782, 21096, 100
2026/08/04 23:28:53.783, 21096, 100
2026/08/04 23:28:54.783, 21096, 65
2026/08/04 23:28:55.783, 21096, 100
2026/08/04 23:28:56.784, 21096, 100
2026/08/04 23:28:57.784, 21096, 100
2026/08/04 23:28:58.784, 21096, 83
2026/08/04 23:28:59.785, 21096, 100
2026/08/04 23:29:00.785, 21096, 100
2026/08/04 23:29:01.785, 21096, 100
2026/08/04 23:29:02.786, 21096, 100
2026/08/04 23:29:03.786, 21096, 100
2026/08/04 23:29:04.786, 21096, 100
2026/08/04 23:29:05.787, 21096, 100
2026/08/04 23:29:06.787, 21096, 100
2026/08/04 23:29:07.787, 21096, 100
2026/08/04 23:29:08.787, 21096, 100
2026/08/04 23:29:09.787, 21096, 100
2026/08/04 23:29:10.788, 21096, 85
2026/08/04 23:29:11.788, 21096, 100
2026/08/04 23:29:12.788, 21096, 100
2026/08/04 23:29:13.788, 21096, 100
2026/08/04 23:29:14.788, 21096, 100
2026/08/04 23:29:15.789, 21096, 100
2026/08/04 23:29:16.789, 21096, 100
2026/08/04 23:29:17.789, 21096, 100
2026/08/04 23:29:18.790, 21096, 100
2026/08/04 23:29:19.790, 21096, 100
2026/08/04 23:29:20.790, 21096, 100
2026/08/04 23:29:21.791, 21096, 100
2026/08/04 23:29:22.791, 21096, 100
2026/08/04 23:29:23.791, 21096, 100
2026/08/04 23:29:24.791, 21096, 100
2026/08/04 23:29:25.792, 21096, 100
2026/08/04 23:29:26.792, 21096, 100
2026/08/04 23:29:27.793, 21096, 84
2026/08/04 23:29:28.793, 21096, 100
2026/08/04 23:29:29.793, 21096, 100
2026/08/04 23:29:30.794, 21096, 100
2026/08/04 23:29:31.794, 21096, 100
2026/08/04 23:29:32.794, 21096, 100
2026/08/04 23:29:33.795, 21096, 100
2026/08/04 23:29:34.795, 21096, 100
2026/08/04 23:29:35.795, 21096, 84
2026/08/04 23:29:36.795, 21096, 84
2026/08/04 23:29:37.796, 21096, 100
2026/08/04 23:29:38.796, 21096, 100
2026/08/04 23:29:39.796, 21096, 100
2026/08/04 23:29:40.797, 21096, 100
2026/08/04 23:29:41.797, 21096, 100
2026/08/04 23:29:42.797, 21096, 100
2026/08/04 23:29:43.798, 21096, 100
2026/08/04 23:29:44.798, 21096, 100
2026/08/04 23:29:45.798, 21096, 100
2026/08/04 23:29:46.798, 21096, 100
2026/08/04 23:29:47.799, 21096, 100
2026/08/04 23:29:48.799, 21096, 100
2026/08/04 23:29:49.799, 21096, 100
2026/08/04 23:29:50.800, 21096, 100
2026/08/04 23:29:51.800, 21096, 100
2026/08/04 23:29:52.800, 21096, 100
2026/08/04 23:29:53.801, 21096, 83
2026/08/04 23:29:54.801, 21096, 100
2026/08/04 23:29:55.801, 21096, 100
2026/08/04 23:29:56.801, 21096, 100
2026/08/04 23:29:57.802, 21096, 100
2026/08/04 23:29:58.802, 21096, 100
2026/08/04 23:29:59.802, 21096, 100
2026/08/04 23:30:00.803, 21096, 100
2026/08/04 23:30:01.803, 21096, 100
2026/08/04 23:30:02.803, 21096, 100
2026/08/04 23:30:03.803, 21096, 100
2026/08/04 23:30:04.804, 21096, 100
2026/08/04 23:30:05.804, 21096, 100
2026/08/04 23:30:06.804, 21096, 100
2026/08/04 23:30:07.805, 21096, 100
2026/08/04 23:30:08.805, 21096, 100
2026/08/04 23:30:09.805, 21096, 100
2026/08/04 23:30:10.805, 21096, 100
2026/08/04 23:30:11.806, 21096, 100
2026/08/04 23:30:12.806, 21096, 100
2026/08/04 23:30:13.806, 21096, 100
2026/08/04 23:30:14.807, 21096, 100
2026/08/04 23:30:15.807, 21096, 86
2026/08/04 23:30:16.807, 21096, 100
2026/08/04 23:30:17.807, 21096, 84
2026/08/04 23:30:18.808, 21096, 100
2026/08/04 23:30:19.808, 21096, 100
2026/08/04 23:30:20.808, 21096, 100
2026/08/04 23:30:21.809, 21096, 100
2026/08/04 23:30:22.809, 21096, 100
2026/08/04 23:30:23.809, 21096, 100
2026/08/04 23:30:24.810, 21096, 100
2026/08/04 23:30:25.810, 21096, 100
2026/08/04 23:30:26.810, 21096, 83
2026/08/04 23:30:27.810, 21096, 100
2026/08/04 23:30:28.811, 21096, 100
2026/08/04 23:30:29.811, 21096, 100
2026/08/04 23:30:30.812, 21096, 84
2026/08/04 23:30:31.812, 21096, 100
2026/08/04 23:30:32.812, 21096, 100
2026/08/04 23:30:33.812, 21096, 100
2026/08/04 23:30:34.813, 21096, 100
2026/08/04 23:30:35.813, 21096, 100
2026/08/04 23:30:36.813, 21096, 100
2026/08/04 23:30:37.814, 21096, 100
2026/08/04 23:30:38.814, 21096, 100
2026/08/04 23:30:39.814, 21096, 100
2026/08/04 23:30:40.815, 21096, 100
2026/08/04 23:30:41.815, 21096, 100
2026/08/04 23:30:42.815, 21096, 100
2026/08/04 23:30:43.816, 21096, 100
2026/08/04 23:30:44.816, 21096, 100
2026/08/04 23:30:45.816, 21096, 100
2026/08/04 23:30:46.817, 21096, 100
2026/08/04 23:30:47.817, 21096, 86
2026/08/04 23:30:48.817, 21096, 75
2026/08/04 23:30:49.817, 21096, 100
2026/08/04 23:30:50.818, 21096, 100
2026/08/04 23:30:51.818, 21096, 100
2026/08/04 23:30:52.818, 21096, 100
2026/08/04 23:30:53.819, 21096, 100
2026/08/04 23:30:54.819, 21096, 100
2026/08/04 23:30:55.819, 21096, 100
2026/08/04 23:30:56.820, 21096, 100
2026/08/04 23:30:57.820, 21096, 100
2026/08/04 23:30:58.820, 21096, 100
2026/08/04 23:30:59.820, 21096, 85
2026/08/04 23:31:00.821, 21096, 100
2026/08/04 23:31:01.821, 21096, 100
2026/08/04 23:31:02.821, 21096, 68
2026/08/04 23:31:03.821, 21096, 100
2026/08/04 23:31:04.822, 21096, 65
2026/08/04 23:31:05.822, 21096, 100
2026/08/04 23:31:06.822, 21096, 100
2026/08/04 23:31:07.823, 21096, 100
2026/08/04 23:31:08.823, 21096, 100
2026/08/04 23:31:09.823, 21096, 100
2026/08/04 23:31:10.824, 21096, 100
2026/08/04 23:31:11.824, 21096, 100
2026/08/04 23:31:12.824, 21096, 100
2026/08/04 23:31:13.825, 21096, 100
2026/08/04 23:31:14.825, 21096, 100
2026/08/04 23:31:15.825, 21096, 100
2026/08/04 23:31:16.825, 21096, 100
2026/08/04 23:31:17.826, 21096, 66
2026/08/04 23:31:18.826, 21096, 100
2026/08/04 23:31:19.826, 21096, 100
2026/08/04 23:31:20.827, 21096, 100
2026/08/04 23:31:21.827, 21096, 100
2026/08/04 23:31:22.827, 21096, 100
2026/08/04 23:31:23.827, 21096, 100
2026/08/04 23:31:24.828, 21096, 100
2026/08/04 23:31:25.828, 21096, 85
2026/08/04 23:31:26.828, 21096, 100
2026/08/04 23:31:27.829, 21096, 100
2026/08/04 23:31:28.829, 21096, 100
2026/08/04 23:31:29.830, 21096, 100
2026/08/04 23:31:30.830, 21096, 87
2026/08/04 23:31:31.830, 21096, 100
2026/08/04 23:31:32.831, 21096, 100
2026/08/04 23:31:33.831, 21096, 100
2026/08/04 23:31:34.831, 21096, 100
2026/08/04 23:31:35.832, 21096, 94
2026/08/04 23:31:36.832, 21096, 100
2026/08/04 23:31:37.832, 21096, 100
2026/08/04 23:31:38.833, 21096, 100
2026/08/04 23:31:39.833, 21096, 100
2026/08/04 23:31:40.833, 21096, 100
2026/08/04 23:31:41.834, 21096, 83
2026/08/04 23:31:42.834, 21096, 100
2026/08/04 23:31:43.834, 21096, 100
2026/08/04 23:31:44.835, 21096, 100
2026/08/04 23:31:45.835, 21096, 100
2026/08/04 23:31:46.836, 21096, 100
2026/08/04 23:31:47.836, 21096, 100
2026/08/04 23:31:48.836, 21096, 100
2026/08/04 23:31:49.837, 21096, 100
2026/08/04 23:31:50.837, 21096, 100
2026/08/04 23:31:51.837, 21096, 100
2026/08/04 23:31:52.838, 21096, 100
2026/08/04 23:31:53.838, 21096, 100
2026/08/04 23:31:54.838, 21096, 100
2026/08/04 23:31:55.838, 21096, 100
2026/08/04 23:31:56.839, 21096, 100
2026/08/04 23:31:57.839, 21096, 100
2026/08/04 23:31:58.839, 21096, 100
2026/08/04 23:31:59.840, 21096, 100
2026/08/04 23:32:00.840, 21096, 100
2026/08/04 23:32:01.840, 21096, 86
2026/08/04 23:32:02.840, 21096, 100
2026/08/04 23:32:03.841, 21096, 100
2026/08/04 23:32:04.841, 21096, 100
2026/08/04 23:32:05.841, 21096, 92
2026/08/04 23:32:06.842, 21096, 100
2026/08/04 23:32:07.842, 21096, 99
2026/08/04 23:32:08.842, 21096, 100
2026/08/04 23:32:09.843, 21096, 100
2026/08/04 23:32:10.843, 21096, 100
2026/08/04 23:32:11.843, 21096, 100
2026/08/04 23:32:12.844, 21096, 100
2026/08/04 23:32:13.844, 21096, 100
2026/08/04 23:32:14.844, 21096, 100
2026/08/04 23:32:15.845, 21096, 100
2026/08/04 23:32:16.845, 21096, 100
2026/08/04 23:32:17.845, 21096, 100
2026/08/04 23:32:18.845, 21096, 100
2026/08/04 23:32:19.846, 21096, 100
2026/08/04 23:32:20.846, 21096, 100
2026/08/04 23:32:21.846, 21096, 100
2026/08/04 23:32:22.846, 21096, 100
2026/08/04 23:32:23.847, 21096, 100
2026/08/04 23:32:24.847, 21096, 100
2026/08/04 23:32:25.847, 21096, 83
2026/08/04 23:32:26.848, 21096, 100
2026/08/04 23:32:27.848, 21096, 100
2026/08/04 23:32:28.848, 21096, 100
2026/08/04 23:32:29.849, 21096, 100
2026/08/04 23:32:30.849, 21096, 100
2026/08/04 23:32:31.849, 21096, 100
2026/08/04 23:32:32.850, 21096, 100
2026/08/04 23:32:33.850, 21096, 100
2026/08/04 23:32:34.850, 21096, 100
2026/08/04 23:32:35.851, 21096, 100
2026/08/04 23:32:36.851, 21096, 100
2026/08/04 23:32:37.851, 21096, 100
2026/08/04 23:32:38.852, 21096, 100
2026/08/04 23:32:39.852, 21096, 100
2026/08/04 23:32:40.852, 21096, 100
2026/08/04 23:32:41.852, 21096, 100
2026/08/04 23:32:42.853, 21096, 100
2026/08/04 23:32:43.853, 21096, 100
2026/08/04 23:32:44.853, 21096, 100
2026/08/04 23:32:45.854, 21096, 100
2026/08/04 23:32:46.854, 21096, 83
2026/08/04 23:32:47.854, 21096, 85
2026/08/04 23:32:48.855, 21096, 100
2026/08/04 23:32:49.855, 21096, 100
2026/08/04 23:32:50.856, 21096, 100
2026/08/04 23:32:51.856, 21096, 100
2026/08/04 23:32:52.856, 21096, 100
2026/08/04 23:32:53.857, 21096, 62
2026/08/04 23:32:54.857, 21096, 100
2026/08/04 23:32:55.857, 21096, 100
2026/08/04 23:32:56.857, 21096, 100
2026/08/04 23:32:57.858, 21096, 100
2026/08/04 23:32:58.858, 21096, 64
2026/08/04 23:32:59.858, 21096, 100
2026/08/04 23:33:00.859, 21096, 84
2026/08/04 23:33:01.859, 21096, 92
2026/08/04 23:33:02.859, 21096, 100
2026/08/04 23:33:03.859, 21096, 85
2026/08/04 23:33:04.860, 21096, 100
2026/08/04 23:33:05.860, 21096, 100
2026/08/04 23:33:06.860, 21096, 100
2026/08/04 23:33:07.861, 21096, 100
2026/08/04 23:33:08.861, 21096, 100
2026/08/04 23:33:09.861, 21096, 100
2026/08/04 23:33:10.862, 21096, 100
2026/08/04 23:33:11.862, 21096, 97
2026/08/04 23:33:12.862, 21096, 100
2026/08/04 23:33:13.863, 21096, 100
2026/08/04 23:33:14.863, 21096, 100
2026/08/04 23:33:15.863, 21096, 87
2026/08/04 23:33:16.863, 21096, 100
2026/08/04 23:33:17.864, 21096, 100
2026/08/04 23:33:18.864, 21096, 100
2026/08/04 23:33:19.864, 21096, 100
2026/08/04 23:33:20.865, 21096, 100
2026/08/04 23:33:21.865, 21096, 72
2026/08/04 23:33:22.865, 21096, 100
2026/08/04 23:33:23.865, 21096, 100
2026/08/04 23:33:24.866, 21096, 100
2026/08/04 23:33:25.866, 21096, 77
2026/08/04 23:33:26.866, 21096, 99
2026/08/04 23:33:27.867, 21096, 85
2026/08/04 23:33:28.867, 21096, 100
2026/08/04 23:33:29.867, 21096, 100
2026/08/04 23:33:30.868, 21096, 100
2026/08/04 23:33:31.868, 21096, 100
2026/08/04 23:33:32.868, 21096, 86
2026/08/04 23:33:33.869, 21096, 100
2026/08/04 23:33:34.869, 21096, 100
2026/08/04 23:33:35.869, 21096, 100
2026/08/04 23:33:36.870, 21096, 100
2026/08/04 23:33:37.870, 21096, 100
2026/08/04 23:33:38.870, 21096, 100
2026/08/04 23:33:39.870, 21096, 100
2026/08/04 23:33:40.871, 21096, 100
2026/08/04 23:33:41.871, 21096, 100
2026/08/04 23:33:42.871, 21096, 100
2026/08/04 23:33:43.872, 21096, 100
2026/08/04 23:33:44.872, 21096, 100
2026/08/04 23:33:45.872, 21096, 100
2026/08/04 23:33:46.872, 21096, 100
2026/08/04 23:33:47.873, 21096, 100
2026/08/04 23:33:48.873, 21096, 86
2026/08/04 23:33:49.873, 21096, 87
2026/08/04 23:33:50.874, 21096, 71
2026/08/04 23:33:51.874, 21096, 100
2026/08/04 23:33:52.874, 21096, 100
2026/08/04 23:33:53.874, 21096, 100
2026/08/04 23:33:54.875, 21096, 100
2026/08/04 23:33:55.875, 21096, 100
2026/08/04 23:33:56.875, 21096, 100
2026/08/04 23:33:57.875, 21096, 100
2026/08/04 23:33:58.876, 21096, 100
2026/08/04 23:33:59.876, 21096, 100
2026/08/04 23:34:00.876, 21096, 100
2026/08/04 23:34:01.877, 21096, 100
2026/08/04 23:34:02.877, 21096, 100
2026/08/04 23:34:03.877, 21096, 100
2026/08/04 23:34:04.877, 21096, 100
2026/08/04 23:34:05.878, 21096, 82
2026/08/04 23:34:06.878, 21096, 84
2026/08/04 23:34:07.878, 21096, 100
2026/08/04 23:34:08.878, 21096, 100
2026/08/04 23:34:09.879, 21096, 100
2026/08/04 23:34:10.879, 21096, 100
2026/08/04 23:34:11.879, 21096, 100
2026/08/04 23:34:12.879, 21096, 83
2026/08/04 23:34:13.880, 21096, 100
2026/08/04 23:34:14.880, 21096, 100
2026/08/04 23:34:15.880, 21096, 100
2026/08/04 23:34:16.881, 21096, 100
2026/08/04 23:34:17.881, 21096, 100
2026/08/04 23:34:18.881, 21096, 100
2026/08/04 23:34:19.882, 21096, 100
2026/08/04 23:34:20.882, 21096, 100
2026/08/04 23:34:21.882, 21096, 100
2026/08/04 23:34:22.882, 21096, 100
2026/08/04 23:34:23.883, 21096, 100
2026/08/04 23:34:24.883, 21096, 64
2026/08/04 23:34:25.883, 21096, 100
2026/08/04 23:34:26.884, 21096, 100
2026/08/04 23:34:27.884, 21096, 100
2026/08/04 23:34:28.884, 21096, 100
2026/08/04 23:34:29.885, 21096, 100
2026/08/04 23:34:30.885, 21096, 100
2026/08/04 23:34:31.885, 21096, 100
2026/08/04 23:34:32.885, 21096, 65
2026/08/04 23:34:33.886, 21096, 84
2026/08/04 23:34:34.886, 21096, 100
2026/08/04 23:34:35.886, 21096, 100
2026/08/04 23:34:36.887, 21096, 100
2026/08/04 23:34:37.887, 21096, 100
2026/08/04 23:34:38.887, 21096, 100
2026/08/04 23:34:39.888, 21096, 100
2026/08/04 23:34:40.888, 21096, 100
2026/08/04 23:34:41.888, 21096, 97
2026/08/04 23:34:42.889, 21096, 100
2026/08/04 23:34:43.889, 21096, 100
2026/08/04 23:34:44.889, 21096, 100
2026/08/04 23:34:45.889, 21096, 100
2026/08/04 23:34:46.890, 21096, 97
2026/08/04 23:34:47.891, 21096, 100
2026/08/04 23:34:48.891, 21096, 84
2026/08/04 23:34:49.891, 21096, 63
2026/08/04 23:34:50.892, 21096, 100
2026/08/04 23:34:51.892, 21096, 100
2026/08/04 23:34:52.893, 21096, 100
2026/08/04 23:34:53.893, 21096, 100
2026/08/04 23:34:54.893, 21096, 100
2026/08/04 23:34:55.893, 21096, 100
2026/08/04 23:34:56.897, 21096, 100
2026/08/04 23:34:57.897, 21096, 84
2026/08/04 23:34:58.898, 21096, 84
2026/08/04 23:34:59.898, 21096, 100
2026/08/04 23:35:00.898, 21096, 100
2026/08/04 23:35:01.899, 21096, 100
2026/08/04 23:35:02.899, 21096, 100
2026/08/04 23:35:03.899, 21096, 100
2026/08/04 23:35:04.899, 21096, 100
2026/08/04 23:35:05.900, 21096, 100
2026/08/04 23:35:06.900, 21096, 100
2026/08/04 23:35:07.900, 21096, 100
2026/08/04 23:35:08.901, 21096, 100
2026/08/04 23:35:09.901, 21096, 83
2026/08/04 23:35:10.901, 21096, 100
2026/08/04 23:35:11.901, 21096, 100
2026/08/04 23:35:12.902, 21096, 100
2026/08/04 23:35:13.902, 21096, 100
2026/08/04 23:35:14.902, 21096, 100
2026/08/04 23:35:15.903, 21096, 100
2026/08/04 23:35:16.903, 21096, 100
2026/08/04 23:35:17.903, 21096, 100
2026/08/04 23:35:18.903, 21096, 100
2026/08/04 23:35:19.904, 21096, 100
2026/08/04 23:35:20.904, 21096, 100
2026/08/04 23:35:21.904, 21096, 100
2026/08/04 23:35:22.905, 21096, 100
2026/08/04 23:35:23.905, 21096, 100
2026/08/04 23:35:24.905, 21096, 100
2026/08/04 23:35:25.905, 21096, 100
2026/08/04 23:35:26.906, 21096, 100
2026/08/04 23:35:27.906, 21096, 100
2026/08/04 23:35:28.906, 21096, 96
2026/08/04 23:35:29.907, 21096, 100
2026/08/04 23:35:30.907, 21096, 100
2026/08/04 23:35:31.907, 21096, 100
2026/08/04 23:35:32.908, 21096, 100
2026/08/04 23:35:33.908, 21096, 100
2026/08/04 23:35:34.908, 21096, 100
2026/08/04 23:35:35.909, 21096, 100
2026/08/04 23:35:36.909, 21096, 100
2026/08/04 23:35:37.909, 21096, 100
2026/08/04 23:35:38.910, 21096, 100
2026/08/04 23:35:39.910, 21096, 100
2026/08/04 23:35:40.910, 21096, 100
2026/08/04 23:35:41.910, 21096, 100
2026/08/04 23:35:42.911, 21096, 100
2026/08/04 23:35:43.911, 21096, 85
2026/08/04 23:35:44.911, 21096, 100
2026/08/04 23:35:45.912, 21096, 98
2026/08/04 23:35:46.912, 21096, 100
2026/08/04 23:35:47.912, 21096, 83
2026/08/04 23:35:48.912, 21096, 100
2026/08/04 23:35:49.913, 21096, 100
2026/08/04 23:35:50.913, 21096, 100
2026/08/04 23:35:51.913, 21096, 82
2026/08/04 23:35:52.914, 21096, 100
2026/08/04 23:35:53.914, 21096, 100
2026/08/04 23:35:54.914, 21096, 100
2026/08/04 23:35:55.914, 21096, 100
2026/08/04 23:35:56.915, 21096, 100
2026/08/04 23:35:57.915, 21096, 100
2026/08/04 23:35:58.915, 21096, 100
2026/08/04 23:35:59.915, 21096, 100
2026/08/04 23:36:00.916, 21096, 100
2026/08/04 23:36:01.916, 21096, 100
2026/08/04 23:36:02.916, 21096, 90
2026/08/04 23:36:03.916, 21096, 100
2026/08/04 23:36:04.917, 21096, 100
2026/08/04 23:36:05.917, 21096, 100
2026/08/04 23:36:06.920, 21096, 100
2026/08/04 23:36:07.920, 21096, 100
2026/08/04 23:36:08.921, 21096, 100
2026/08/04 23:36:09.921, 21096, 100
2026/08/04 23:36:10.921, 21096, 100
2026/08/04 23:36:11.922, 21096, 100
2026/08/04 23:36:12.922, 21096, 100
2026/08/04 23:36:13.922, 21096, 100
2026/08/04 23:36:14.922, 21096, 100
2026/08/04 23:36:15.923, 21096, 100
2026/08/04 23:36:16.923, 21096, 100
2026/08/04 23:36:17.923, 21096, 100
2026/08/04 23:36:18.924, 21096, 100
2026/08/04 23:36:19.924, 21096, 100
2026/08/04 23:36:20.924, 21096, 100
2026/08/04 23:36:21.925, 21096, 100
2026/08/04 23:36:22.925, 21096, 100
2026/08/04 23:36:23.925, 21096, 100
2026/08/04 23:36:24.926, 21096, 99
2026/08/04 23:36:25.926, 21096, 81
2026/08/04 23:36:26.926, 21096, 100
2026/08/04 23:36:27.926, 21096, 100
2026/08/04 23:36:28.927, 21096, 100
2026/08/04 23:36:29.927, 21096, 0
2026/08/04 23:36:30.928, 21096, 100
2026/08/04 23:36:31.928, 21096, 100
2026/08/04 23:36:32.928, 21096, 0
2026/08/04 23:36:33.928, 21096, 100
2026/08/04 23:36:34.929, 21096, 100
2026/08/04 23:36:35.929, 21096, 100
2026/08/04 23:36:36.929, 21096, 100
2026/08/04 23:36:37.930, 21096, 100
2026/08/04 23:36:38.930, 21096, 100
2026/08/04 23:36:39.930, 21096, 100
2026/08/04 23:36:40.930, 21096, 100
2026/08/04 23:36:41.931, 21096, 100
2026/08/04 23:36:42.931, 21096, 100
2026/08/04 23:36:43.931, 21096, 100
2026/08/04 23:36:44.931, 21096, 100
2026/08/04 23:36:45.932, 21096, 76
2026/08/04 23:36:46.932, 21096, 100
2026/08/04 23:36:47.932, 21096, 100
2026/08/04 23:36:48.933, 21096, 100
2026/08/04 23:36:49.933, 21096, 100
2026/08/04 23:36:50.933, 21096, 100
2026/08/04 23:36:51.934, 21096, 100
2026/08/04 23:36:52.934, 21096, 84
2026/08/04 23:36:53.934, 21096, 100
2026/08/04 23:36:54.934, 21096, 100
2026/08/04 23:36:55.935, 21096, 100
2026/08/04 23:36:56.935, 21096, 90
2026/08/04 23:36:57.936, 21096, 100
2026/08/04 23:36:58.936, 21096, 100
2026/08/04 23:36:59.936, 21096, 100
2026/08/04 23:37:00.936, 21096, 100
2026/08/04 23:37:01.940, 21096, 100
2026/08/04 23:37:02.940, 21096, 100
2026/08/04 23:37:03.941, 21096, 100
2026/08/04 23:37:04.941, 21096, 100
2026/08/04 23:37:05.941, 21096, 100
2026/08/04 23:37:06.942, 21096, 100
2026/08/04 23:37:07.942, 21096, 100
2026/08/04 23:37:08.942, 21096, 100
2026/08/04 23:37:09.943, 21096, 100
2026/08/04 23:37:10.943, 21096, 100
2026/08/04 23:37:11.943, 21096, 100
2026/08/04 23:37:12.944, 21096, 100
2026/08/04 23:37:13.944, 21096, 100
2026/08/04 23:37:14.944, 21096, 100
2026/08/04 23:37:15.944, 21096, 100
2026/08/04 23:37:16.945, 21096, 100
2026/08/04 23:37:17.945, 21096, 100
2026/08/04 23:37:18.945, 21096, 100
2026/08/04 23:37:19.946, 21096, 100
2026/08/04 23:37:20.946, 21096, 100
2026/08/04 23:37:21.946, 21096, 100
2026/08/04 23:37:22.946, 21096, 100
2026/08/04 23:37:23.947, 21096, 100
2026/08/04 23:37:24.947, 21096, 100
2026/08/04 23:37:25.947, 21096, 100
2026/08/04 23:37:26.948, 21096, 100
2026/08/04 23:37:27.948, 21096, 83
2026/08/04 23:37:28.948, 21096, 100
2026/08/04 23:37:29.949, 21096, 100
2026/08/04 23:37:30.949, 21096, 100
2026/08/04 23:37:31.949, 21096, 84
2026/08/04 23:37:32.949, 21096, 100
2026/08/04 23:37:33.950, 21096, 100
2026/08/04 23:37:34.950, 21096, 100
2026/08/04 23:37:35.950, 21096, 100
2026/08/04 23:37:36.950, 21096, 100
2026/08/04 23:37:37.951, 21096, 100
2026/08/04 23:37:38.951, 21096, 100
2026/08/04 23:37:39.951, 21096, 100
2026/08/04 23:37:40.952, 21096, 100
2026/08/04 23:37:41.952, 21096, 100
2026/08/04 23:37:42.952, 21096, 89
2026/08/04 23:37:43.953, 21096, 100
2026/08/04 23:37:44.953, 21096, 100
2026/08/04 23:37:45.953, 21096, 85
2026/08/04 23:37:46.954, 21096, 100
2026/08/04 23:37:47.954, 21096, 91
2026/08/04 23:37:48.954, 21096, 100
2026/08/04 23:37:49.955, 21096, 100
2026/08/04 23:37:50.955, 21096, 100
2026/08/04 23:37:51.955, 21096, 100
2026/08/04 23:37:52.955, 21096, 100
2026/08/04 23:37:53.956, 21096, 100
2026/08/04 23:37:54.956, 21096, 100
2026/08/04 23:37:55.956, 21096, 100
2026/08/04 23:37:56.957, 21096, 100
2026/08/04 23:37:57.957, 21096, 100
2026/08/04 23:37:58.957, 21096, 100
2026/08/04 23:37:59.957, 21096, 81
2026/08/04 23:38:00.958, 21096, 100
2026/08/04 23:38:01.958, 21096, 92
2026/08/04 23:38:02.959, 21096, 100
2026/08/04 23:38:03.960, 21096, 100
2026/08/04 23:38:04.960, 21096, 100
2026/08/04 23:38:05.960, 21096, 100
2026/08/04 23:38:06.961, 21096, 100
2026/08/04 23:38:07.961, 21096, 85
2026/08/04 23:38:08.961, 21096, 100
2026/08/04 23:38:09.961, 21096, 100
2026/08/04 23:38:10.962, 21096, 100
2026/08/04 23:38:11.962, 21096, 100
2026/08/04 23:38:12.962, 21096, 100
2026/08/04 23:38:13.963, 21096, 100
2026/08/04 23:38:14.963, 21096, 100
2026/08/04 23:38:15.963, 21096, 100
2026/08/04 23:38:16.963, 21096, 100
2026/08/04 23:38:17.964, 21096, 100
2026/08/04 23:38:18.964, 21096, 100
2026/08/04 23:38:19.964, 21096, 100
2026/08/04 23:38:20.965, 21096, 100
2026/08/04 23:38:21.965, 21096, 100
2026/08/04 23:38:22.965, 21096, 100
2026/08/04 23:38:23.965, 21096, 68
2026/08/04 23:38:24.966, 21096, 100
2026/08/04 23:38:25.966, 21096, 100
2026/08/04 23:38:26.966, 21096, 100
2026/08/04 23:38:27.967, 21096, 92
2026/08/04 23:38:28.967, 21096, 100
2026/08/04 23:38:29.967, 21096, 100
2026/08/04 23:38:30.968, 21096, 100
2026/08/04 23:38:31.968, 21096, 100
2026/08/04 23:38:32.968, 21096, 100
2026/08/04 23:38:33.969, 21096, 100
2026/08/04 23:38:34.969, 21096, 99
2026/08/04 23:38:35.969, 21096, 85
2026/08/04 23:38:36.971, 21096, 100
2026/08/04 23:38:37.972, 21096, 100
2026/08/04 23:38:38.972, 21096, 100
2026/08/04 23:38:39.973, 21096, 86
2026/08/04 23:38:40.973, 21096, 100
2026/08/04 23:38:41.973, 21096, 100
2026/08/04 23:38:42.973, 21096, 100
2026/08/04 23:38:43.974, 21096, 100
2026/08/04 23:38:44.974, 21096, 100
2026/08/04 23:38:45.974, 21096, 100
2026/08/04 23:38:46.975, 21096, 100
2026/08/04 23:38:47.975, 21096, 100
2026/08/04 23:38:48.975, 21096, 100
2026/08/04 23:38:49.975, 21096, 100
2026/08/04 23:38:50.976, 21096, 100
2026/08/04 23:38:51.976, 21096, 100
2026/08/04 23:38:52.976, 21096, 100
2026/08/04 23:38:53.976, 21096, 66
2026/08/04 23:38:54.977, 21096, 100
2026/08/04 23:38:55.977, 21096, 66
2026/08/04 23:38:56.977, 21096, 100
2026/08/04 23:38:57.977, 21096, 100
2026/08/04 23:38:58.978, 21096, 100
2026/08/04 23:38:59.978, 21096, 100
2026/08/04 23:39:00.978, 21096, 93
2026/08/04 23:39:01.978, 21096, 100
2026/08/04 23:39:02.979, 21096, 100
2026/08/04 23:39:03.979, 21096, 100
2026/08/04 23:39:04.979, 21096, 100
2026/08/04 23:39:05.979, 21096, 100
2026/08/04 23:39:06.980, 21096, 99
2026/08/04 23:39:07.980, 21096, 98
2026/08/04 23:39:08.980, 21096, 100
2026/08/04 23:39:09.981, 21096, 73
2026/08/04 23:39:10.981, 21096, 100
2026/08/04 23:39:11.981, 21096, 86
2026/08/04 23:39:12.982, 21096, 100
2026/08/04 23:39:13.982, 21096, 100
2026/08/04 23:39:14.982, 21096, 100
2026/08/04 23:39:15.983, 21096, 100
2026/08/04 23:39:16.983, 21096, 100
2026/08/04 23:39:17.983, 21096, 100
2026/08/04 23:39:18.983, 21096, 100
2026/08/04 23:39:19.984, 21096, 100
2026/08/04 23:39:20.984, 21096, 82
2026/08/04 23:39:21.984, 21096, 100
2026/08/04 23:39:22.985, 21096, 100
2026/08/04 23:39:23.985, 21096, 100
2026/08/04 23:39:24.985, 21096, 100
2026/08/04 23:39:25.986, 21096, 100
2026/08/04 23:39:26.986, 21096, 100
2026/08/04 23:39:27.986, 21096, 70
2026/08/04 23:39:28.986, 21096, 100
2026/08/04 23:39:29.987, 21096, 100
2026/08/04 23:39:30.987, 21096, 100
2026/08/04 23:39:31.987, 21096, 66
2026/08/04 23:39:32.988, 21096, 85
2026/08/04 23:39:33.988, 21096, 100
2026/08/04 23:39:34.989, 21096, 100
2026/08/04 23:39:35.989, 21096, 85
2026/08/04 23:39:36.989, 21096, 100
2026/08/04 23:39:37.990, 21096, 100
2026/08/04 23:39:38.990, 21096, 100
2026/08/04 23:39:39.990, 21096, 67
2026/08/04 23:39:40.990, 21096, 100
2026/08/04 23:39:41.991, 21096, 100
2026/08/04 23:39:42.991, 21096, 100
2026/08/04 23:39:43.991, 21096, 78
2026/08/04 23:39:44.992, 21096, 100
2026/08/04 23:39:45.992, 21096, 100
2026/08/04 23:39:46.992, 21096, 100
2026/08/04 23:39:47.993, 21096, 85
2026/08/04 23:39:48.993, 21096, 69
2026/08/04 23:39:49.993, 21096, 85
2026/08/04 23:39:50.994, 21096, 100
2026/08/04 23:39:51.994, 21096, 85
2026/08/04 23:39:52.994, 21096, 100
2026/08/04 23:39:53.995, 21096, 81
2026/08/04 23:39:54.995, 21096, 99
2026/08/04 23:39:55.995, 21096, 100
2026/08/04 23:39:56.995, 21096, 96
2026/08/04 23:39:57.996, 21096, 100
2026/08/04 23:39:58.996, 21096, 100
2026/08/04 23:39:59.996, 21096, 100
2026/08/04 23:40:00.997, 21096, 77
2026/08/04 23:40:01.997, 21096, 100
2026/08/04 23:40:02.997, 21096, 59
2026/08/04 23:40:03.998, 21096, 100
2026/08/04 23:40:04.998, 21096, 100
2026/08/04 23:40:05.998, 21096, 100
2026/08/04 23:40:06.999, 21096, 100
2026/08/04 23:40:07.999, 21096, 100
2026/08/04 23:40:08.999, 21096, 100
2026/08/04 23:40:10.000, 21096, 85
2026/08/04 23:40:11.000, 21096, 85
2026/08/04 23:40:12.000, 21096, 100
2026/08/04 23:40:13.000, 21096, 100
2026/08/04 23:40:14.001, 21096, 100
2026/08/04 23:40:15.001, 21096, 100
2026/08/04 23:40:16.001, 21096, 87
2026/08/04 23:40:17.002, 21096, 100
2026/08/04 23:40:18.002, 21096, 100
2026/08/04 23:40:19.002, 21096, 100
2026/08/04 23:40:20.002, 21096, 85
2026/08/04 23:40:21.003, 21096, 100
2026/08/04 23:40:22.003, 21096, 100
2026/08/04 23:40:23.003, 21096, 100
2026/08/04 23:40:24.004, 21096, 100
2026/08/04 23:40:25.004, 21096, 100
2026/08/04 23:40:26.004, 21096, 100
2026/08/04 23:40:27.005, 21096, 100
2026/08/04 23:40:28.005, 21096, 85
2026/08/04 23:40:29.005, 21096, 100
2026/08/04 23:40:30.006, 21096, 100
2026/08/04 23:40:31.006, 21096, 85
2026/08/04 23:40:32.006, 21096, 100
2026/08/04 23:40:33.006, 21096, 100
2026/08/04 23:40:34.007, 21096, 100
2026/08/04 23:40:35.007, 21096, 100
2026/08/04 23:40:36.007, 21096, 100
2026/08/04 23:40:37.008, 21096, 100
2026/08/04 23:40:38.008, 21096, 100
2026/08/04 23:40:39.010, 21096, 88
2026/08/04 23:40:40.010, 21096, 100
2026/08/04 23:40:41.011, 21096, 100
2026/08/04 23:40:42.011, 21096, 100
2026/08/04 23:40:43.011, 21096, 66
2026/08/04 23:40:44.012, 21096, 85
2026/08/04 23:40:45.012, 21096, 84
2026/08/04 23:40:46.012, 21096, 100
2026/08/04 23:40:47.012, 21096, 93
2026/08/04 23:40:48.013, 21096, 100
2026/08/04 23:40:49.015, 21096, 100
2026/08/04 23:40:50.015, 21096, 100
2026/08/04 23:40:51.016, 21096, 59
2026/08/04 23:40:52.016, 21096, 100
2026/08/04 23:40:53.016, 21096, 100
2026/08/04 23:40:54.017, 21096, 88
2026/08/04 23:40:55.017, 21096, 100
2026/08/04 23:40:56.017, 21096, 100
2026/08/04 23:40:57.018, 21096, 100
2026/08/04 23:40:58.018, 21096, 67
2026/08/04 23:40:59.018, 21096, 100
2026/08/04 23:41:00.018, 21096, 68
2026/08/04 23:41:01.019, 21096, 100
2026/08/04 23:41:02.019, 21096, 100
2026/08/04 23:41:03.020, 21096, 96
2026/08/04 23:41:04.021, 21096, 100
2026/08/04 23:41:05.021, 21096, 100
2026/08/04 23:41:06.021, 21096, 100
2026/08/04 23:41:07.021, 21096, 100
2026/08/04 23:41:08.022, 21096, 100
2026/08/04 23:41:09.022, 21096, 86
2026/08/04 23:41:10.023, 21096, 100
2026/08/04 23:41:11.023, 21096, 91
2026/08/04 23:41:12.024, 21096, 85
2026/08/04 23:41:13.024, 21096, 100
2026/08/04 23:41:14.024, 21096, 100
2026/08/04 23:41:15.025, 21096, 100
2026/08/04 23:41:16.025, 21096, 100
2026/08/04 23:41:17.025, 21096, 100
2026/08/04 23:41:18.025, 21096, 100
2026/08/04 23:41:19.027, 21096, 100
2026/08/04 23:41:20.028, 21096, 100
2026/08/04 23:41:21.028, 21096, 100
2026/08/04 23:41:22.028, 21096, 65
2026/08/04 23:41:23.029, 21096, 100
2026/08/04 23:41:24.029, 21096, 100
2026/08/04 23:41:25.029, 21096, 100
2026/08/04 23:41:26.029, 21096, 100
2026/08/04 23:41:27.030, 21096, 100
2026/08/04 23:41:28.030, 21096, 100
2026/08/04 23:41:29.030, 21096, 100
2026/08/04 23:41:30.031, 21096, 100
2026/08/04 23:41:31.031, 21096, 100
2026/08/04 23:41:32.031, 21096, 100
2026/08/04 23:41:33.031, 21096, 100
2026/08/04 23:41:34.032, 21096, 84
2026/08/04 23:41:35.032, 21096, 100
2026/08/04 23:41:36.033, 21096, 85
2026/08/04 23:41:37.033, 21096, 100
2026/08/04 23:41:38.033, 21096, 100
2026/08/04 23:41:39.033, 21096, 100
2026/08/04 23:41:40.034, 21096, 100
2026/08/04 23:41:41.034, 21096, 100
2026/08/04 23:41:42.035, 21096, 100
2026/08/04 23:41:43.035, 21096, 100
2026/08/04 23:41:44.036, 21096, 92
2026/08/04 23:41:45.036, 21096, 100
2026/08/04 23:41:46.036, 21096, 100
2026/08/04 23:41:47.037, 21096, 100
2026/08/04 23:41:48.037, 21096, 100
2026/08/04 23:41:49.037, 21096, 100
2026/08/04 23:41:50.037, 21096, 100
2026/08/04 23:41:51.038, 21096, 100
2026/08/04 23:41:52.038, 21096, 100
2026/08/04 23:41:53.038, 21096, 100
2026/08/04 23:41:54.039, 21096, 100
2026/08/04 23:41:55.039, 21096, 100
2026/08/04 23:41:56.039, 21096, 100
2026/08/04 23:41:57.040, 21096, 88
2026/08/04 23:41:58.040, 21096, 100
2026/08/04 23:41:59.041, 21096, 68
2026/08/04 23:42:00.041, 21096, 100
2026/08/04 23:42:01.041, 21096, 100
2026/08/04 23:42:02.042, 21096, 100
2026/08/04 23:42:03.042, 21096, 91
2026/08/04 23:42:04.043, 21096, 100
2026/08/04 23:42:05.043, 21096, 100
2026/08/04 23:42:06.043, 21096, 100
2026/08/04 23:42:07.044, 21096, 100
2026/08/04 23:42:08.044, 21096, 100
2026/08/04 23:42:09.044, 21096, 100
2026/08/04 23:42:10.045, 21096, 100
2026/08/04 23:42:11.045, 21096, 100
2026/08/04 23:42:12.045, 21096, 100
2026/08/04 23:42:13.046, 21096, 100
2026/08/04 23:42:14.046, 21096, 100
2026/08/04 23:42:15.046, 21096, 100
2026/08/04 23:42:16.047, 21096, 100
2026/08/04 23:42:17.047, 21096, 100
2026/08/04 23:42:18.047, 21096, 100
2026/08/04 23:42:19.048, 21096, 85
2026/08/04 23:42:20.048, 21096, 96
2026/08/04 23:42:21.048, 21096, 100
2026/08/04 23:42:22.048, 21096, 100
2026/08/04 23:42:23.049, 21096, 100
2026/08/04 23:42:24.049, 21096, 100
2026/08/04 23:42:25.049, 21096, 85
2026/08/04 23:42:26.050, 21096, 85
2026/08/04 23:42:27.050, 21096, 85
2026/08/04 23:42:28.051, 21096, 85
2026/08/04 23:42:29.053, 21096, 100
2026/08/04 23:42:30.053, 21096, 100
2026/08/04 23:42:31.053, 21096, 100
2026/08/04 23:42:32.053, 21096, 100
2026/08/04 23:42:33.054, 21096, 100
2026/08/04 23:42:34.054, 21096, 84
2026/08/04 23:42:35.054, 21096, 100
2026/08/04 23:42:36.054, 21096, 100
2026/08/04 23:42:37.055, 21096, 100
2026/08/04 23:42:38.055, 21096, 100
2026/08/04 23:42:39.055, 21096, 100
2026/08/04 23:42:40.055, 21096, 100
2026/08/04 23:42:41.056, 21096, 95
2026/08/04 23:42:42.056, 21096, 100
2026/08/04 23:42:43.057, 21096, 100
2026/08/04 23:42:44.057, 21096, 100
2026/08/04 23:42:45.057, 21096, 100
2026/08/04 23:42:46.057, 21096, 100
2026/08/04 23:42:47.057, 21096, 100
2026/08/04 23:42:48.058, 21096, 100
2026/08/04 23:42:49.058, 21096, 100
2026/08/04 23:42:50.058, 21096, 100
2026/08/04 23:42:51.058, 21096, 100
2026/08/04 23:42:52.059, 21096, 100
2026/08/04 23:42:53.059, 21096, 66
2026/08/04 23:42:54.059, 21096, 100
2026/08/04 23:42:55.059, 21096, 100
2026/08/04 23:42:56.060, 21096, 100
2026/08/04 23:42:57.060, 21096, 100
2026/08/04 23:42:58.060, 21096, 100
2026/08/04 23:42:59.061, 21096, 100
2026/08/04 23:43:00.061, 21096, 100
2026/08/04 23:43:01.061, 21096, 100
2026/08/04 23:43:02.062, 21096, 100
2026/08/04 23:43:03.062, 21096, 100
2026/08/04 23:43:04.062, 21096, 100
2026/08/04 23:43:05.063, 21096, 99
2026/08/04 23:43:06.063, 21096, 100
2026/08/04 23:43:07.063, 21096, 100
2026/08/04 23:43:08.064, 21096, 100
2026/08/04 23:43:09.064, 21096, 100
2026/08/04 23:43:10.064, 21096, 100
2026/08/04 23:43:11.065, 21096, 100
2026/08/04 23:43:12.065, 21096, 100
2026/08/04 23:43:13.065, 21096, 100
2026/08/04 23:43:14.066, 21096, 100
2026/08/04 23:43:15.066, 21096, 100
2026/08/04 23:43:16.066, 21096, 100
2026/08/04 23:43:17.067, 21096, 100
2026/08/04 23:43:18.067, 21096, 100
2026/08/04 23:43:19.067, 21096, 86
2026/08/04 23:43:20.068, 21096, 100
2026/08/04 23:43:21.068, 21096, 100
2026/08/04 23:43:22.068, 21096, 100
2026/08/04 23:43:23.069, 21096, 87
2026/08/04 23:43:24.069, 21096, 79
2026/08/04 23:43:25.069, 21096, 100
2026/08/04 23:43:26.070, 21096, 100
2026/08/04 23:43:27.070, 21096, 100
2026/08/04 23:43:28.070, 21096, 100
2026/08/04 23:43:29.071, 21096, 100
2026/08/04 23:43:30.071, 21096, 100
2026/08/04 23:43:31.071, 21096, 84
2026/08/04 23:43:32.072, 21096, 100
2026/08/04 23:43:33.072, 21096, 100
2026/08/04 23:43:34.072, 21096, 100
2026/08/04 23:43:35.072, 21096, 84
2026/08/04 23:43:36.073, 21096, 100
2026/08/04 23:43:37.073, 21096, 100
2026/08/04 23:43:38.073, 21096, 100
2026/08/04 23:43:39.074, 21096, 64
2026/08/04 23:43:40.074, 21096, 87
2026/08/04 23:43:41.074, 21096, 100
2026/08/04 23:43:42.075, 21096, 100
2026/08/04 23:43:43.075, 21096, 100
2026/08/04 23:43:44.075, 21096, 100
2026/08/04 23:43:45.076, 21096, 100
2026/08/04 23:43:46.076, 21096, 100
2026/08/04 23:43:47.076, 21096, 84
2026/08/04 23:43:48.076, 21096, 100
2026/08/04 23:43:49.076, 21096, 100
2026/08/04 23:43:50.077, 21096, 100
2026/08/04 23:43:51.077, 21096, 100
2026/08/04 23:43:52.077, 21096, 100
2026/08/04 23:43:53.078, 21096, 100
2026/08/04 23:43:54.078, 21096, 100
2026/08/04 23:43:55.078, 21096, 100
2026/08/04 23:43:56.079, 21096, 100
2026/08/04 23:43:57.079, 21096, 100
2026/08/04 23:43:58.079, 21096, 85
2026/08/04 23:43:59.079, 21096, 85
2026/08/04 23:44:00.080, 21096, 100
2026/08/04 23:44:01.080, 21096, 100
2026/08/04 23:44:02.080, 21096, 100
2026/08/04 23:44:03.081, 21096, 100
2026/08/04 23:44:04.081, 21096, 100
2026/08/04 23:44:05.081, 21096, 100
2026/08/04 23:44:06.081, 21096, 100
2026/08/04 23:44:07.082, 21096, 100
2026/08/04 23:44:08.082, 21096, 92
2026/08/04 23:44:09.082, 21096, 100
2026/08/04 23:44:10.082, 21096, 100
2026/08/04 23:44:11.082, 21096, 100
2026/08/04 23:44:12.083, 21096, 100
2026/08/04 23:44:13.083, 21096, 100
2026/08/04 23:44:14.083, 21096, 100
2026/08/04 23:44:15.084, 21096, 100
2026/08/04 23:44:16.084, 21096, 100
2026/08/04 23:44:17.084, 21096, 100
2026/08/04 23:44:18.084, 21096, 100
2026/08/04 23:44:19.085, 21096, 100
2026/08/04 23:44:20.085, 21096, 100
2026/08/04 23:44:21.085, 21096, 100
2026/08/04 23:44:22.085, 21096, 100
2026/08/04 23:44:23.086, 21096, 100
2026/08/04 23:44:24.086, 21096, 100
2026/08/04 23:44:25.086, 21096, 100
2026/08/04 23:44:26.086, 21096, 86
2026/08/04 23:44:27.087, 21096, 100
2026/08/04 23:44:28.087, 21096, 92
2026/08/04 23:44:29.087, 21096, 100
2026/08/04 23:44:30.087, 21096, 100
2026/08/04 23:44:31.087, 21096, 98
2026/08/04 23:44:32.088, 21096, 90
2026/08/04 23:44:33.088, 21096, 100
2026/08/04 23:44:34.088, 21096, 100
2026/08/04 23:44:35.088, 21096, 100
2026/08/04 23:44:36.089, 21096, 100
2026/08/04 23:44:37.089, 21096, 100
2026/08/04 23:44:38.089, 21096, 100
2026/08/04 23:44:39.089, 21096, 100
2026/08/04 23:44:40.089, 21096, 100
2026/08/04 23:44:41.090, 21096, 100
2026/08/04 23:44:42.090, 21096, 100
2026/08/04 23:44:43.090, 21096, 100
2026/08/04 23:44:44.091, 21096, 100
2026/08/04 23:44:45.091, 21096, 100
2026/08/04 23:44:46.091, 21096, 98
2026/08/04 23:44:47.091, 21096, 100
2026/08/04 23:44:48.091, 21096, 100
2026/08/04 23:44:49.092, 21096, 100
2026/08/04 23:44:50.092, 21096, 100
2026/08/04 23:44:51.092, 21096, 100
2026/08/04 23:44:52.092, 21096, 100
2026/08/04 23:44:53.092, 21096, 100
2026/08/04 23:44:54.093, 21096, 100
2026/08/04 23:44:55.093, 21096, 85
2026/08/04 23:44:56.093, 21096, 100
2026/08/04 23:44:57.093, 21096, 100
2026/08/04 23:44:58.094, 21096, 98
2026/08/04 23:44:59.094, 21096, 100
2026/08/04 23:45:00.094, 21096, 100
2026/08/04 23:45:01.094, 21096, 100
2026/08/04 23:45:02.095, 21096, 100
2026/08/04 23:45:03.095, 21096, 100
2026/08/04 23:45:04.095, 21096, 100
2026/08/04 23:45:05.096, 21096, 100
2026/08/04 23:45:06.096, 21096, 100
2026/08/04 23:45:07.096, 21096, 100
2026/08/04 23:45:08.096, 21096, 100
2026/08/04 23:45:09.097, 21096, 98
2026/08/04 23:45:10.097, 21096, 84
2026/08/04 23:45:11.097, 21096, 87
2026/08/04 23:45:12.098, 21096, 100
2026/08/04 23:45:13.098, 21096, 100
2026/08/04 23:45:14.098, 21096, 100
2026/08/04 23:45:15.098, 21096, 94
2026/08/04 23:45:16.098, 21096, 100
2026/08/04 23:45:17.099, 21096, 100
2026/08/04 23:45:18.099, 21096, 100
2026/08/04 23:45:19.099, 21096, 100
2026/08/04 23:45:20.100, 21096, 100
2026/08/04 23:45:21.100, 21096, 100
2026/08/04 23:45:22.100, 21096, 100
2026/08/04 23:45:23.100, 21096, 100
2026/08/04 23:45:24.101, 21096, 100
2026/08/04 23:45:25.101, 21096, 100
2026/08/04 23:45:26.101, 21096, 100
2026/08/04 23:45:27.102, 21096, 100
2026/08/04 23:45:28.102, 21096, 100
2026/08/04 23:45:29.102, 21096, 100
2026/08/04 23:45:30.102, 21096, 100
2026/08/04 23:45:31.103, 21096, 100
2026/08/04 23:45:32.103, 21096, 100
2026/08/04 23:45:33.103, 21096, 100
2026/08/04 23:45:34.104, 21096, 100
2026/08/04 23:45:35.104, 21096, 100
2026/08/04 23:45:36.104, 21096, 100
2026/08/04 23:45:37.105, 21096, 83
2026/08/04 23:45:38.105, 21096, 100
2026/08/04 23:45:39.105, 21096, 100
2026/08/04 23:45:40.105, 21096, 100
2026/08/04 23:45:41.106, 21096, 100
2026/08/04 23:45:42.106, 21096, 100
2026/08/04 23:45:43.106, 21096, 100
2026/08/04 23:45:44.106, 21096, 100
2026/08/04 23:45:45.106, 21096, 86
2026/08/04 23:45:46.107, 21096, 100
2026/08/04 23:45:47.107, 21096, 100
2026/08/04 23:45:48.107, 21096, 100
2026/08/04 23:45:49.108, 21096, 93
2026/08/04 23:45:50.108, 21096, 100
2026/08/04 23:45:51.108, 21096, 100
2026/08/04 23:45:52.108, 21096, 98
2026/08/04 23:45:53.109, 21096, 100
2026/08/04 23:45:54.109, 21096, 84
2026/08/04 23:45:55.109, 21096, 100
2026/08/04 23:45:56.110, 21096, 100
2026/08/04 23:45:57.110, 21096, 87
2026/08/04 23:45:58.110, 21096, 100
2026/08/04 23:45:59.110, 21096, 100
2026/08/04 23:46:00.111, 21096, 100
2026/08/04 23:46:01.111, 21096, 100
2026/08/04 23:46:02.111, 21096, 100
2026/08/04 23:46:03.111, 21096, 100
2026/08/04 23:46:04.112, 21096, 100
2026/08/04 23:46:05.112, 21096, 100
2026/08/04 23:46:06.112, 21096, 100
2026/08/04 23:46:07.112, 21096, 84
2026/08/04 23:46:08.113, 21096, 85
2026/08/04 23:46:09.113, 21096, 100
2026/08/04 23:46:10.113, 21096, 100
2026/08/04 23:46:11.114, 21096, 100
2026/08/04 23:46:12.114, 21096, 100
2026/08/04 23:46:13.114, 21096, 83
2026/08/04 23:46:14.114, 21096, 100
2026/08/04 23:46:15.115, 21096, 96
2026/08/04 23:46:16.115, 21096, 100
2026/08/04 23:46:17.115, 21096, 100
2026/08/04 23:46:18.116, 21096, 100
2026/08/04 23:46:19.116, 21096, 100
2026/08/04 23:46:20.116, 21096, 100
2026/08/04 23:46:21.116, 21096, 100
2026/08/04 23:46:22.117, 21096, 100
2026/08/04 23:46:23.117, 21096, 100
2026/08/04 23:46:24.117, 21096, 96
2026/08/04 23:46:25.117, 21096, 100
2026/08/04 23:46:26.118, 21096, 100
2026/08/04 23:46:27.118, 21096, 100
2026/08/04 23:46:28.118, 21096, 100
2026/08/04 23:46:29.118, 21096, 100
2026/08/04 23:46:30.119, 21096, 100
2026/08/04 23:46:31.119, 21096, 100
2026/08/04 23:46:32.119, 21096, 100
2026/08/04 23:46:33.119, 21096, 100
2026/08/04 23:46:34.120, 21096, 100
2026/08/04 23:46:35.120, 21096, 100
2026/08/04 23:46:36.120, 21096, 100
2026/08/04 23:46:37.121, 21096, 100
2026/08/04 23:46:38.121, 21096, 100
2026/08/04 23:46:39.121, 21096, 100
2026/08/04 23:46:40.121, 21096, 100
2026/08/04 23:46:41.122, 21096, 100
2026/08/04 23:46:42.122, 21096, 100
2026/08/04 23:46:43.122, 21096, 100
2026/08/04 23:46:44.122, 21096, 100
2026/08/04 23:46:45.122, 21096, 100
2026/08/04 23:46:46.123, 21096, 100
2026/08/04 23:46:47.123, 21096, 66
2026/08/04 23:46:48.124, 21096, 100
2026/08/04 23:46:49.124, 21096, 100
2026/08/04 23:46:50.124, 21096, 100
2026/08/04 23:46:51.125, 21096, 100
2026/08/04 23:46:52.125, 21096, 100
2026/08/04 23:46:53.125, 21096, 100
2026/08/04 23:46:54.125, 21096, 100
2026/08/04 23:46:55.126, 21096, 100
2026/08/04 23:46:56.126, 21096, 100
2026/08/04 23:46:57.127, 21096, 100
2026/08/04 23:46:58.127, 21096, 100
2026/08/04 23:46:59.127, 21096, 100
2026/08/04 23:47:00.127, 21096, 100
2026/08/04 23:47:01.128, 21096, 100
2026/08/04 23:47:02.128, 21096, 100
2026/08/04 23:47:03.128, 21096, 100
2026/08/04 23:47:04.129, 21096, 100
2026/08/04 23:47:05.129, 21096, 90
2026/08/04 23:47:06.129, 21096, 100
2026/08/04 23:47:07.129, 21096, 100
2026/08/04 23:47:08.130, 21096, 100
2026/08/04 23:47:09.130, 21096, 100
2026/08/04 23:47:10.131, 21096, 100
2026/08/04 23:47:11.131, 21096, 83
2026/08/04 23:47:12.131, 21096, 100
2026/08/04 23:47:13.131, 21096, 100
2026/08/04 23:47:14.132, 21096, 100
2026/08/04 23:47:15.132, 21096, 100
2026/08/04 23:47:16.132, 21096, 100
2026/08/04 23:47:17.133, 21096, 100
2026/08/04 23:47:18.133, 21096, 100
2026/08/04 23:47:19.133, 21096, 100
2026/08/04 23:47:20.134, 21096, 100
2026/08/04 23:47:21.134, 21096, 100
2026/08/04 23:47:22.134, 21096, 100
2026/08/04 23:47:23.134, 21096, 100
2026/08/04 23:47:24.135, 21096, 100
2026/08/04 23:47:25.135, 21096, 100
2026/08/04 23:47:26.136, 21096, 100
2026/08/04 23:47:27.136, 21096, 95
2026/08/04 23:47:28.136, 21096, 100
2026/08/04 23:47:29.136, 21096, 100
2026/08/04 23:47:30.137, 21096, 100
2026/08/04 23:47:31.137, 21096, 100
2026/08/04 23:47:32.137, 21096, 100
2026/08/04 23:47:33.138, 21096, 100
2026/08/04 23:47:34.138, 21096, 100
2026/08/04 23:47:35.138, 21096, 100
2026/08/04 23:47:36.139, 21096, 100
2026/08/04 23:47:37.139, 21096, 64
2026/08/04 23:47:38.139, 21096, 84
2026/08/04 23:47:39.139, 21096, 100
2026/08/04 23:47:40.140, 21096, 84
2026/08/04 23:47:41.140, 21096, 100
2026/08/04 23:47:42.140, 21096, 100
2026/08/04 23:47:43.140, 21096, 100
2026/08/04 23:47:44.141, 21096, 100
2026/08/04 23:47:45.141, 21096, 100
2026/08/04 23:47:46.141, 21096, 100
2026/08/04 23:47:47.141, 21096, 100
2026/08/04 23:47:48.142, 21096, 100
2026/08/04 23:47:49.142, 21096, 100
2026/08/04 23:47:50.142, 21096, 100
2026/08/04 23:47:51.142, 21096, 100
2026/08/04 23:47:52.143, 21096, 100
2026/08/04 23:47:53.143, 21096, 100
2026/08/04 23:47:54.143, 21096, 100
2026/08/04 23:47:55.143, 21096, 100
2026/08/04 23:47:56.144, 21096, 100
2026/08/04 23:47:57.144, 21096, 100
2026/08/04 23:47:58.145, 21096, 100
2026/08/04 23:47:59.145, 21096, 100
2026/08/04 23:48:00.146, 21096, 100
2026/08/04 23:48:01.146, 21096, 76
2026/08/04 23:48:02.147, 21096, 100
2026/08/04 23:48:03.147, 21096, 67
2026/08/04 23:48:04.147, 21096, 100
2026/08/04 23:48:05.147, 21096, 100
2026/08/04 23:48:06.148, 21096, 100
2026/08/04 23:48:07.148, 21096, 98
2026/08/04 23:48:08.148, 21096, 100
2026/08/04 23:48:09.148, 21096, 100
2026/08/04 23:48:10.149, 21096, 100
2026/08/04 23:48:11.149, 21096, 100
2026/08/04 23:48:12.149, 21096, 100
2026/08/04 23:48:13.149, 21096, 100
2026/08/04 23:48:14.150, 21096, 100
2026/08/04 23:48:15.152, 21096, 100
2026/08/04 23:48:16.152, 21096, 100
2026/08/04 23:48:17.152, 21096, 100
2026/08/04 23:48:18.152, 21096, 100
2026/08/04 23:48:19.153, 21096, 100
2026/08/04 23:48:20.153, 21096, 100
2026/08/04 23:48:21.153, 21096, 100
2026/08/04 23:48:22.154, 21096, 100
2026/08/04 23:48:23.154, 21096, 100
2026/08/04 23:48:24.154, 21096, 100
2026/08/04 23:48:25.156, 21096, 100
2026/08/04 23:48:26.157, 21096, 100
2026/08/04 23:48:27.157, 21096, 100
2026/08/04 23:48:28.157, 21096, 100
2026/08/04 23:48:29.157, 21096, 64
2026/08/04 23:48:30.158, 21096, 100
2026/08/04 23:48:31.158, 21096, 100
2026/08/04 23:48:32.158, 21096, 100
2026/08/04 23:48:33.159, 21096, 100
2026/08/04 23:48:34.159, 21096, 85
2026/08/04 23:48:35.163, 21096, 100
2026/08/04 23:48:36.163, 21096, 100
2026/08/04 23:48:37.163, 21096, 100
2026/08/04 23:48:38.163, 21096, 86
2026/08/04 23:48:39.164, 21096, 100
2026/08/04 23:48:40.166, 21096, 100
2026/08/04 23:48:41.166, 21096, 100
2026/08/04 23:48:42.166, 21096, 100
2026/08/04 23:48:43.167, 21096, 100
2026/08/04 23:48:44.167, 21096, 100
2026/08/04 23:48:45.167, 21096, 100
2026/08/04 23:48:46.167, 21096, 100
2026/08/04 23:48:47.168, 21096, 100
2026/08/04 23:48:48.168, 21096, 77
2026/08/04 23:48:49.168, 21096, 100
2026/08/04 23:48:50.173, 21096, 100
2026/08/04 23:48:51.173, 21096, 100
2026/08/04 23:48:52.173, 21096, 100
2026/08/04 23:48:53.173, 21096, 100
2026/08/04 23:48:54.174, 21096, 100
2026/08/04 23:48:55.179, 21096, 100
2026/08/04 23:48:56.180, 21096, 100
2026/08/04 23:48:57.180, 21096, 100
2026/08/04 23:48:58.180, 21096, 100
2026/08/04 23:48:59.181, 21096, 100
2026/08/04 23:49:00.181, 21096, 100
2026/08/04 23:49:01.181, 21096, 100
2026/08/04 23:49:02.181, 21096, 100
2026/08/04 23:49:03.182, 21096, 100
2026/08/04 23:49:04.182, 21096, 100
2026/08/04 23:49:05.182, 21096, 100
2026/08/04 23:49:06.183, 21096, 84
2026/08/04 23:49:07.183, 21096, 100
2026/08/04 23:49:08.183, 21096, 100
2026/08/04 23:49:09.183, 21096, 100
2026/08/04 23:49:10.184, 21096, 100
2026/08/04 23:49:11.184, 21096, 100
2026/08/04 23:49:12.184, 21096, 100
2026/08/04 23:49:13.184, 21096, 94
2026/08/04 23:49:14.185, 21096, 100
2026/08/04 23:49:15.185, 21096, 94
2026/08/04 23:49:16.185, 21096, 100
2026/08/04 23:49:17.185, 21096, 100
2026/08/04 23:49:18.186, 21096, 100
2026/08/04 23:49:19.186, 21096, 62
2026/08/04 23:49:20.187, 21096, 88
2026/08/04 23:49:21.187, 21096, 100
2026/08/04 23:49:22.187, 21096, 100
2026/08/04 23:49:23.188, 21096, 100
2026/08/04 23:49:24.188, 21096, 100
2026/08/04 23:49:25.188, 21096, 100
2026/08/04 23:49:26.189, 21096, 100
2026/08/04 23:49:27.189, 21096, 100
2026/08/04 23:49:28.189, 21096, 100
2026/08/04 23:49:29.189, 21096, 100
2026/08/04 23:49:30.190, 21096, 100
2026/08/04 23:49:31.190, 21096, 100
2026/08/04 23:49:32.190, 21096, 98
2026/08/04 23:49:33.191, 21096, 100
2026/08/04 23:49:34.191, 21096, 100
2026/08/04 23:49:35.191, 21096, 100
2026/08/04 23:49:36.192, 21096, 100
2026/08/04 23:49:37.192, 21096, 100
2026/08/04 23:49:38.192, 21096, 100
2026/08/04 23:49:39.193, 21096, 100
2026/08/04 23:49:40.193, 21096, 100
2026/08/04 23:49:41.193, 21096, 100
2026/08/04 23:49:42.193, 21096, 100
2026/08/04 23:49:43.193, 21096, 100
2026/08/04 23:49:44.194, 21096, 100
2026/08/04 23:49:45.194, 21096, 100
2026/08/04 23:49:46.194, 21096, 63
2026/08/04 23:49:47.195, 21096, 75
2026/08/04 23:49:48.195, 21096, 100
2026/08/04 23:49:49.195, 21096, 100
2026/08/04 23:49:50.196, 21096, 63
2026/08/04 23:49:51.196, 21096, 100
2026/08/04 23:49:52.196, 21096, 100
2026/08/04 23:49:53.197, 21096, 86
2026/08/04 23:49:54.197, 21096, 100
2026/08/04 23:49:55.197, 21096, 100
2026/08/04 23:49:56.198, 21096, 100
2026/08/04 23:49:57.198, 21096, 100
2026/08/04 23:49:58.198, 21096, 84
2026/08/04 23:49:59.199, 21096, 100
2026/08/04 23:50:00.199, 21096, 100
2026/08/04 23:50:01.199, 21096, 100
2026/08/04 23:50:02.200, 21096, 100
2026/08/04 23:50:03.200, 21096, 83
2026/08/04 23:50:04.200, 21096, 100
2026/08/04 23:50:05.201, 21096, 84
2026/08/04 23:50:06.201, 21096, 100
2026/08/04 23:50:07.201, 21096, 100
2026/08/04 23:50:08.202, 21096, 100
2026/08/04 23:50:09.202, 21096, 100
2026/08/04 23:50:10.202, 21096, 100
2026/08/04 23:50:11.202, 21096, 100
2026/08/04 23:50:12.203, 21096, 100
2026/08/04 23:50:13.203, 21096, 100
2026/08/04 23:50:14.203, 21096, 100
2026/08/04 23:50:15.204, 21096, 100
2026/08/04 23:50:16.204, 21096, 100
2026/08/04 23:50:17.204, 21096, 100
2026/08/04 23:50:18.205, 21096, 100
2026/08/04 23:50:19.205, 21096, 100
2026/08/04 23:50:20.205, 21096, 100
2026/08/04 23:50:21.206, 21096, 100
2026/08/04 23:50:22.206, 21096, 100
2026/08/04 23:50:23.206, 21096, 100
2026/08/04 23:50:24.207, 21096, 100
2026/08/04 23:50:25.207, 21096, 100
2026/08/04 23:50:26.208, 21096, 100
2026/08/04 23:50:27.208, 21096, 100
2026/08/04 23:50:28.208, 21096, 100
2026/08/04 23:50:29.209, 21096, 80
2026/08/04 23:50:30.209, 21096, 100
2026/08/04 23:50:31.209, 21096, 100
2026/08/04 23:50:32.209, 21096, 100
2026/08/04 23:50:33.210, 21096, 100
2026/08/04 23:50:34.210, 21096, 100
2026/08/04 23:50:35.210, 21096, 100
2026/08/04 23:50:36.211, 21096, 100
2026/08/04 23:50:37.211, 21096, 100
2026/08/04 23:50:38.211, 21096, 92
2026/08/04 23:50:39.212, 21096, 86
2026/08/04 23:50:40.212, 21096, 100
2026/08/04 23:50:41.212, 21096, 100
2026/08/04 23:50:42.213, 21096, 100
2026/08/04 23:50:43.213, 21096, 100
2026/08/04 23:50:44.213, 21096, 100
2026/08/04 23:50:45.214, 21096, 100
2026/08/04 23:50:46.214, 21096, 100
2026/08/04 23:50:47.214, 21096, 100
2026/08/04 23:50:48.215, 21096, 100
2026/08/04 23:50:49.215, 21096, 100
2026/08/04 23:50:50.215, 21096, 100
2026/08/04 23:50:51.215, 21096, 96
2026/08/04 23:50:52.216, 21096, 97
2026/08/04 23:50:53.216, 21096, 100
2026/08/04 23:50:54.216, 21096, 83
2026/08/04 23:50:55.217, 21096, 100
2026/08/04 23:50:56.217, 21096, 100
2026/08/04 23:50:57.217, 21096, 100
2026/08/04 23:50:58.218, 21096, 100
2026/08/04 23:50:59.218, 21096, 80
2026/08/04 23:51:00.218, 21096, 100
2026/08/04 23:51:01.219, 21096, 100
2026/08/04 23:51:02.219, 21096, 100
2026/08/04 23:51:03.219, 21096, 100
2026/08/04 23:51:04.220, 21096, 65
2026/08/04 23:51:05.220, 21096, 100
2026/08/04 23:51:06.220, 21096, 83
2026/08/04 23:51:07.221, 21096, 100
2026/08/04 23:51:08.221, 21096, 100
2026/08/04 23:51:09.221, 21096, 100
2026/08/04 23:51:10.221, 21096, 100
2026/08/04 23:51:11.222, 21096, 100
2026/08/04 23:51:12.222, 21096, 100
2026/08/04 23:51:13.223, 21096, 82
2026/08/04 23:51:14.223, 21096, 100
2026/08/04 23:51:15.223, 21096, 100
2026/08/04 23:51:16.224, 21096, 100
2026/08/04 23:51:17.224, 21096, 100
2026/08/04 23:51:18.224, 21096, 100
2026/08/04 23:51:19.225, 21096, 100
2026/08/04 23:51:20.225, 21096, 100
2026/08/04 23:51:21.225, 21096, 100
2026/08/04 23:51:22.226, 21096, 100
2026/08/04 23:51:23.226, 21096, 100
2026/08/04 23:51:24.226, 21096, 100
2026/08/04 23:51:25.227, 21096, 100
2026/08/04 23:51:26.227, 21096, 100
2026/08/04 23:51:27.227, 21096, 100
2026/08/04 23:51:28.227, 21096, 100
2026/08/04 23:51:29.228, 21096, 100
2026/08/04 23:51:30.228, 21096, 100
2026/08/04 23:51:31.228, 21096, 65
2026/08/04 23:51:32.229, 21096, 100
2026/08/04 23:51:33.229, 21096, 100
2026/08/04 23:51:34.229, 21096, 100
2026/08/04 23:51:35.230, 21096, 86
2026/08/04 23:51:36.230, 21096, 100
2026/08/04 23:51:37.230, 21096, 100
2026/08/04 23:51:38.231, 21096, 100
2026/08/04 23:51:39.231, 21096, 100
2026/08/04 23:51:40.231, 21096, 100
2026/08/04 23:51:41.232, 21096, 100
2026/08/04 23:51:42.233, 21096, 100
2026/08/04 23:51:43.233, 21096, 100
2026/08/04 23:51:44.233, 21096, 100
2026/08/04 23:51:45.234, 21096, 100
2026/08/04 23:51:46.234, 21096, 100
2026/08/04 23:51:47.234, 21096, 100
2026/08/04 23:51:48.235, 21096, 100
2026/08/04 23:51:49.235, 21096, 100
2026/08/04 23:51:50.235, 21096, 100
2026/08/04 23:51:51.236, 21096, 100
2026/08/04 23:51:52.236, 21096, 100
2026/08/04 23:51:53.237, 21096, 100
2026/08/04 23:51:54.237, 21096, 100
2026/08/04 23:51:55.237, 21096, 84
2026/08/04 23:51:56.238, 21096, 100
2026/08/04 23:51:57.238, 21096, 100
2026/08/04 23:51:58.238, 21096, 100
2026/08/04 23:51:59.238, 21096, 95
2026/08/04 23:52:00.239, 21096, 100
2026/08/04 23:52:01.239, 21096, 66
2026/08/04 23:52:02.239, 21096, 100
2026/08/04 23:52:03.239, 21096, 100
2026/08/04 23:52:04.240, 21096, 100
2026/08/04 23:52:05.240, 21096, 84
2026/08/04 23:52:06.240, 21096, 100
2026/08/04 23:52:07.241, 21096, 100
2026/08/04 23:52:08.241, 21096, 100
2026/08/04 23:52:09.241, 21096, 86
2026/08/04 23:52:10.241, 21096, 100
2026/08/04 23:52:11.242, 21096, 100
2026/08/04 23:52:12.242, 21096, 100
2026/08/04 23:52:13.242, 21096, 100
2026/08/04 23:52:14.243, 21096, 100
2026/08/04 23:52:15.243, 21096, 100
2026/08/04 23:52:16.243, 21096, 100
2026/08/04 23:52:17.243, 21096, 100
2026/08/04 23:52:18.244, 21096, 100
2026/08/04 23:52:19.244, 21096, 100
2026/08/04 23:52:20.244, 21096, 100
2026/08/04 23:52:21.245, 21096, 71
2026/08/04 23:52:22.245, 21096, 100
2026/08/04 23:52:23.245, 21096, 100
2026/08/04 23:52:24.245, 21096, 100
2026/08/04 23:52:25.246, 21096, 100
2026/08/04 23:52:26.246, 21096, 100
2026/08/04 23:52:27.246, 21096, 100
2026/08/04 23:52:28.246, 21096, 100
2026/08/04 23:52:29.247, 21096, 100
2026/08/04 23:52:30.247, 21096, 100
2026/08/04 23:52:31.247, 21096, 100
2026/08/04 23:52:32.248, 21096, 100
2026/08/04 23:52:33.248, 21096, 100
2026/08/04 23:52:34.248, 21096, 67
2026/08/04 23:52:35.248, 21096, 100
2026/08/04 23:52:36.249, 21096, 100
2026/08/04 23:52:37.249, 21096, 84
2026/08/04 23:52:38.249, 21096, 100
2026/08/04 23:52:39.250, 21096, 100
2026/08/04 23:52:40.250, 21096, 100
2026/08/04 23:52:41.250, 21096, 100
2026/08/04 23:52:42.250, 21096, 100
2026/08/04 23:52:43.251, 21096, 100
2026/08/04 23:52:44.251, 21096, 100
2026/08/04 23:52:45.251, 21096, 100
2026/08/04 23:52:46.252, 21096, 100
2026/08/04 23:52:47.252, 21096, 100
2026/08/04 23:52:48.252, 21096, 100
2026/08/04 23:52:49.252, 21096, 100
2026/08/04 23:52:50.253, 21096, 100
2026/08/04 23:52:51.253, 21096, 100
2026/08/04 23:52:52.253, 21096, 100
2026/08/04 23:52:53.254, 21096, 100
2026/08/04 23:52:54.254, 21096, 100
2026/08/04 23:52:55.254, 21096, 100
2026/08/04 23:52:56.255, 21096, 100
2026/08/04 23:52:57.255, 21096, 100
2026/08/04 23:52:58.255, 21096, 100
2026/08/04 23:52:59.256, 21096, 100
2026/08/04 23:53:00.256, 21096, 100
2026/08/04 23:53:01.256, 21096, 100
2026/08/04 23:53:02.257, 21096, 100
2026/08/04 23:53:03.257, 21096, 100
2026/08/04 23:53:04.257, 21096, 100
2026/08/04 23:53:05.258, 21096, 100
2026/08/04 23:53:06.258, 21096, 100
2026/08/04 23:53:07.258, 21096, 100
2026/08/04 23:53:08.259, 21096, 100
2026/08/04 23:53:09.259, 21096, 100
2026/08/04 23:53:10.259, 21096, 100
2026/08/04 23:53:11.260, 21096, 100
2026/08/04 23:53:12.260, 21096, 100
2026/08/04 23:53:13.260, 21096, 100
2026/08/04 23:53:14.261, 21096, 100
2026/08/04 23:53:15.261, 21096, 100
2026/08/04 23:53:16.261, 21096, 100
2026/08/04 23:53:17.261, 21096, 100
2026/08/04 23:53:18.262, 21096, 100
2026/08/04 23:53:19.262, 21096, 100
2026/08/04 23:53:20.262, 21096, 84
2026/08/04 23:53:21.263, 21096, 84
2026/08/04 23:53:22.263, 21096, 100
2026/08/04 23:53:23.263, 21096, 100
2026/08/04 23:53:24.264, 21096, 100
2026/08/04 23:53:25.264, 21096, 90
2026/08/04 23:53:26.264, 21096, 100
2026/08/04 23:53:27.265, 21096, 100
2026/08/04 23:53:28.265, 21096, 86
2026/08/04 23:53:29.265, 21096, 100
2026/08/04 23:53:30.266, 21096, 100
2026/08/04 23:53:31.266, 21096, 100
2026/08/04 23:53:32.266, 21096, 99
2026/08/04 23:53:33.267, 21096, 100
2026/08/04 23:53:34.267, 21096, 100
2026/08/04 23:53:35.267, 21096, 100
2026/08/04 23:53:36.268, 21096, 100
2026/08/04 23:53:37.268, 21096, 100
2026/08/04 23:53:38.268, 21096, 100
2026/08/04 23:53:39.268, 21096, 100
2026/08/04 23:53:40.269, 21096, 100
2026/08/04 23:53:41.269, 21096, 100
2026/08/04 23:53:42.269, 21096, 100
2026/08/04 23:53:43.269, 21096, 87
2026/08/04 23:53:44.270, 21096, 100
2026/08/04 23:53:45.270, 21096, 100
2026/08/04 23:53:46.270, 21096, 100
2026/08/04 23:53:47.270, 21096, 100
2026/08/04 23:53:48.271, 21096, 100
2026/08/04 23:53:49.271, 21096, 100
2026/08/04 23:53:50.271, 21096, 89
2026/08/04 23:53:51.271, 21096, 100
2026/08/04 23:53:52.272, 21096, 78
2026/08/04 23:53:53.272, 21096, 100
2026/08/04 23:53:54.272, 21096, 100
2026/08/04 23:53:55.273, 21096, 100
2026/08/04 23:53:56.273, 21096, 100
2026/08/04 23:53:57.273, 21096, 100
2026/08/04 23:53:58.273, 21096, 100
2026/08/04 23:53:59.274, 21096, 83
2026/08/04 23:54:00.274, 21096, 86
2026/08/04 23:54:01.274, 21096, 100
2026/08/04 23:54:02.274, 21096, 100
2026/08/04 23:54:03.275, 21096, 100
2026/08/04 23:54:04.275, 21096, 84
2026/08/04 23:54:05.275, 21096, 100
2026/08/04 23:54:06.276, 21096, 100
2026/08/04 23:54:07.276, 21096, 100
2026/08/04 23:54:08.276, 21096, 100
2026/08/04 23:54:09.277, 21096, 84
2026/08/04 23:54:10.277, 21096, 100
2026/08/04 23:54:11.277, 21096, 100
2026/08/04 23:54:12.277, 21096, 100
2026/08/04 23:54:13.278, 21096, 64
2026/08/04 23:54:14.278, 21096, 100
2026/08/04 23:54:15.278, 21096, 100
2026/08/04 23:54:16.279, 21096, 100
2026/08/04 23:54:17.279, 21096, 100
2026/08/04 23:54:18.279, 21096, 100
2026/08/04 23:54:19.280, 21096, 78
2026/08/04 23:54:20.280, 21096, 100
2026/08/04 23:54:21.280, 21096, 100
2026/08/04 23:54:22.281, 21096, 100
2026/08/04 23:54:23.281, 21096, 93
2026/08/04 23:54:24.281, 21096, 86
2026/08/04 23:54:25.282, 21096, 100
2026/08/04 23:54:26.282, 21096, 92
2026/08/04 23:54:27.282, 21096, 100
2026/08/04 23:54:28.283, 21096, 100
2026/08/04 23:54:29.283, 21096, 91
2026/08/04 23:54:30.283, 21096, 85
2026/08/04 23:54:31.284, 21096, 100
2026/08/04 23:54:32.284, 21096, 100
2026/08/04 23:54:33.284, 21096, 85
2026/08/04 23:54:34.285, 21096, 100
2026/08/04 23:54:35.285, 21096, 100
2026/08/04 23:54:36.285, 21096, 100
2026/08/04 23:54:37.286, 21096, 100
2026/08/04 23:54:38.286, 21096, 100
2026/08/04 23:54:39.286, 21096, 100
2026/08/04 23:54:40.286, 21096, 100
2026/08/04 23:54:41.287, 21096, 100
2026/08/04 23:54:42.287, 21096, 100
2026/08/04 23:54:43.287, 21096, 100
2026/08/04 23:54:44.288, 21096, 83
2026/08/04 23:54:45.288, 21096, 100
2026/08/04 23:54:46.288, 21096, 100
2026/08/04 23:54:47.289, 21096, 100
2026/08/04 23:54:48.289, 21096, 100
2026/08/04 23:54:49.289, 21096, 66
2026/08/04 23:54:50.289, 21096, 83
2026/08/04 23:54:51.289, 21096, 100
2026/08/04 23:54:52.290, 21096, 100
2026/08/04 23:54:53.290, 21096, 100
2026/08/04 23:54:54.290, 21096, 100
2026/08/04 23:54:55.290, 21096, 100
2026/08/04 23:54:56.291, 21096, 100
2026/08/04 23:54:57.291, 21096, 100
2026/08/04 23:54:58.291, 21096, 100
2026/08/04 23:54:59.291, 21096, 84
2026/08/04 23:55:00.292, 21096, 100
2026/08/04 23:55:01.292, 21096, 100
2026/08/04 23:55:02.293, 21096, 100
2026/08/04 23:55:03.293, 21096, 100
2026/08/04 23:55:04.293, 21096, 100
2026/08/04 23:55:05.293, 21096, 100
2026/08/04 23:55:06.294, 21096, 100
2026/08/04 23:55:07.294, 21096, 100
2026/08/04 23:55:08.294, 21096, 100
2026/08/04 23:55:09.295, 21096, 100
2026/08/04 23:55:10.295, 21096, 100
2026/08/04 23:55:11.295, 21096, 100
2026/08/04 23:55:12.295, 21096, 100
2026/08/04 23:55:13.295, 21096, 100
2026/08/04 23:55:14.296, 21096, 100
2026/08/04 23:55:15.296, 21096, 100
2026/08/04 23:55:16.296, 21096, 100
2026/08/04 23:55:17.297, 21096, 100
2026/08/04 23:55:18.297, 21096, 100
2026/08/04 23:55:19.297, 21096, 100
2026/08/04 23:55:20.297, 21096, 81
2026/08/04 23:55:21.298, 21096, 100
2026/08/04 23:55:22.298, 21096, 100
2026/08/04 23:55:23.299, 21096, 100
2026/08/04 23:55:24.299, 21096, 100
2026/08/04 23:55:25.300, 21096, 100
2026/08/04 23:55:26.300, 21096, 100
2026/08/04 23:55:27.300, 21096, 100
2026/08/04 23:55:28.301, 21096, 100
2026/08/04 23:55:29.301, 21096, 92
2026/08/04 23:55:30.301, 21096, 100
2026/08/04 23:55:31.301, 21096, 84
2026/08/04 23:55:32.302, 21096, 73
2026/08/04 23:55:33.302, 21096, 100
2026/08/04 23:55:34.302, 21096, 100
2026/08/04 23:55:35.302, 21096, 100
2026/08/04 23:55:36.302, 21096, 84
2026/08/04 23:55:37.303, 21096, 100
2026/08/04 23:55:38.303, 21096, 100
2026/08/04 23:55:39.303, 21096, 100
2026/08/04 23:55:40.303, 21096, 100
2026/08/04 23:55:41.304, 21096, 100
2026/08/04 23:55:42.304, 21096, 100
2026/08/04 23:55:43.304, 21096, 100
2026/08/04 23:55:44.304, 21096, 100
2026/08/04 23:55:45.305, 21096, 83
2026/08/04 23:55:46.305, 21096, 84
2026/08/04 23:55:47.305, 21096, 84
2026/08/04 23:55:48.306, 21096, 100
2026/08/04 23:55:49.306, 21096, 100
2026/08/04 23:55:50.306, 21096, 100
2026/08/04 23:55:51.306, 21096, 100
2026/08/04 23:55:52.307, 21096, 100
2026/08/04 23:55:53.307, 21096, 100
2026/08/04 23:55:54.307, 21096, 82
2026/08/04 23:55:55.308, 21096, 57
2026/08/04 23:55:56.308, 21096, 86
2026/08/04 23:55:57.308, 21096, 100
2026/08/04 23:55:58.309, 21096, 100
2026/08/04 23:55:59.309, 21096, 100
2026/08/04 23:56:00.309, 21096, 100
2026/08/04 23:56:01.309, 21096, 100
2026/08/04 23:56:02.310, 21096, 83
2026/08/04 23:56:03.310, 21096, 100
2026/08/04 23:56:04.310, 21096, 100
2026/08/04 23:56:05.311, 21096, 100
2026/08/04 23:56:06.311, 21096, 100
2026/08/04 23:56:07.311, 21096, 100
2026/08/04 23:56:08.312, 21096, 100
2026/08/04 23:56:09.312, 21096, 100
2026/08/04 23:56:10.312, 21096, 100
2026/08/04 23:56:11.312, 21096, 100
2026/08/04 23:56:12.313, 21096, 100
2026/08/04 23:56:13.313, 21096, 100
2026/08/04 23:56:14.313, 21096, 100
2026/08/04 23:56:15.314, 21096, 55
2026/08/04 23:56:16.314, 21096, 87
2026/08/04 23:56:17.314, 21096, 100
2026/08/04 23:56:18.315, 21096, 100
2026/08/04 23:56:19.315, 21096, 83
2026/08/04 23:56:20.315, 21096, 100
2026/08/04 23:56:21.315, 21096, 100
2026/08/04 23:56:22.316, 21096, 100
2026/08/04 23:56:23.316, 21096, 100
2026/08/04 23:56:24.316, 21096, 100
2026/08/04 23:56:25.317, 21096, 100
2026/08/04 23:56:26.317, 21096, 64
2026/08/04 23:56:27.317, 21096, 84
2026/08/04 23:56:28.317, 21096, 72
2026/08/04 23:56:29.317, 21096, 90
2026/08/04 23:56:30.318, 21096, 100
2026/08/04 23:56:31.318, 21096, 100
2026/08/04 23:56:32.318, 21096, 100
2026/08/04 23:56:33.318, 21096, 100
2026/08/04 23:56:34.319, 21096, 82
2026/08/04 23:56:35.319, 21096, 100
2026/08/04 23:56:36.319, 21096, 100
2026/08/04 23:56:37.319, 21096, 100
2026/08/04 23:56:38.320, 21096, 100
2026/08/04 23:56:39.320, 21096, 100
2026/08/04 23:56:40.320, 21096, 100
2026/08/04 23:56:41.321, 21096, 100
2026/08/04 23:56:42.321, 21096, 100
2026/08/04 23:56:43.321, 21096, 100
2026/08/04 23:56:44.322, 21096, 100
2026/08/04 23:56:45.322, 21096, 100
2026/08/04 23:56:46.322, 21096, 100
2026/08/04 23:56:47.323, 21096, 100
2026/08/04 23:56:48.323, 21096, 100
2026/08/04 23:56:49.323, 21096, 100
2026/08/04 23:56:50.323, 21096, 100
2026/08/04 23:56:51.324, 21096, 100
2026/08/04 23:56:52.324, 21096, 83
2026/08/04 23:56:53.324, 21096, 83
2026/08/04 23:56:54.325, 21096, 100
2026/08/04 23:56:55.325, 21096, 100
2026/08/04 23:56:56.325, 21096, 100
2026/08/04 23:56:57.326, 21096, 100
2026/08/04 23:56:58.326, 21096, 100
2026/08/04 23:56:59.326, 21096, 100
2026/08/04 23:57:00.326, 21096, 100
2026/08/04 23:57:01.327, 21096, 100
2026/08/04 23:57:02.327, 21096, 100
2026/08/04 23:57:03.327, 21096, 100
2026/08/04 23:57:04.328, 21096, 100
2026/08/04 23:57:05.328, 21096, 100
2026/08/04 23:57:06.328, 21096, 100
2026/08/04 23:57:07.329, 21096, 100
2026/08/04 23:57:08.329, 21096, 100
2026/08/04 23:57:09.329, 21096, 100
2026/08/04 23:57:10.329, 21096, 100
2026/08/04 23:57:11.330, 21096, 100
2026/08/04 23:57:12.330, 21096, 82
2026/08/04 23:57:13.330, 21096, 60
2026/08/04 23:57:14.331, 21096, 100
2026/08/04 23:57:15.331, 21096, 100
2026/08/04 23:57:16.331, 21096, 100
2026/08/04 23:57:17.332, 21096, 100
2026/08/04 23:57:18.332, 21096, 100
2026/08/04 23:57:19.332, 21096, 100
2026/08/04 23:57:20.332, 21096, 100
2026/08/04 23:57:21.333, 21096, 82
2026/08/04 23:57:22.333, 21096, 100
2026/08/04 23:57:23.333, 21096, 78
2026/08/04 23:57:24.334, 21096, 100
2026/08/04 23:57:25.334, 21096, 100
2026/08/04 23:57:26.334, 21096, 100
2026/08/04 23:57:27.334, 21096, 100
2026/08/04 23:57:28.335, 21096, 100
2026/08/04 23:57:29.335, 21096, 100
2026/08/04 23:57:30.335, 21096, 85
2026/08/04 23:57:31.335, 21096, 100
2026/08/04 23:57:32.336, 21096, 100
2026/08/04 23:57:33.336, 21096, 100
2026/08/04 23:57:34.336, 21096, 100
2026/08/04 23:57:35.337, 21096, 100
2026/08/04 23:57:36.337, 21096, 100
2026/08/04 23:57:37.337, 21096, 100
2026/08/04 23:57:38.337, 21096, 100
2026/08/04 23:57:39.338, 21096, 100
2026/08/04 23:57:40.338, 21096, 100
2026/08/04 23:57:41.338, 21096, 100
2026/08/04 23:57:42.339, 21096, 100
2026/08/04 23:57:43.339, 21096, 100
2026/08/04 23:57:44.339, 21096, 100
2026/08/04 23:57:45.339, 21096, 99
2026/08/04 23:57:46.340, 21096, 100
2026/08/04 23:57:47.340, 21096, 84
2026/08/04 23:57:48.340, 21096, 85
2026/08/04 23:57:49.340, 21096, 100
2026/08/04 23:57:50.341, 21096, 100
2026/08/04 23:57:51.341, 21096, 100
2026/08/04 23:57:52.341, 21096, 100
2026/08/04 23:57:53.341, 21096, 100
2026/08/04 23:57:54.342, 21096, 100
2026/08/04 23:57:55.342, 21096, 100
2026/08/04 23:57:56.342, 21096, 100
2026/08/04 23:57:57.343, 21096, 64
2026/08/04 23:57:58.343, 21096, 100
2026/08/04 23:57:59.343, 21096, 100
2026/08/04 23:58:00.343, 21096, 100
2026/08/04 23:58:01.344, 21096, 100
2026/08/04 23:58:02.344, 21096, 100
2026/08/04 23:58:03.345, 21096, 100
2026/08/04 23:58:04.345, 21096, 100
2026/08/04 23:58:05.345, 21096, 100
2026/08/04 23:58:06.346, 21096, 100
2026/08/04 23:58:07.346, 21096, 100
2026/08/04 23:58:08.346, 21096, 100
2026/08/04 23:58:09.346, 21096, 100
2026/08/04 23:58:10.347, 21096, 100
2026/08/04 23:58:11.347, 21096, 100
2026/08/04 23:58:12.347, 21096, 100
2026/08/04 23:58:13.347, 21096, 100
2026/08/04 23:58:14.348, 21096, 100
2026/08/04 23:58:15.348, 21096, 100
2026/08/04 23:58:16.349, 21096, 100
2026/08/04 23:58:17.349, 21096, 100
2026/08/04 23:58:18.349, 21096, 100
2026/08/04 23:58:19.349, 21096, 100
2026/08/04 23:58:20.350, 21096, 100
2026/08/04 23:58:21.350, 21096, 100
2026/08/04 23:58:22.350, 21096, 62
2026/08/04 23:58:23.350, 21096, 100
2026/08/04 23:58:24.351, 21096, 100
2026/08/04 23:58:25.351, 21096, 100
2026/08/04 23:58:26.351, 21096, 100
2026/08/04 23:58:27.352, 21096, 82
2026/08/04 23:58:28.352, 21096, 100
2026/08/04 23:58:29.352, 21096, 100
2026/08/04 23:58:30.352, 21096, 100
2026/08/04 23:58:31.353, 21096, 100
2026/08/04 23:58:32.353, 21096, 100
2026/08/04 23:58:33.353, 21096, 100
2026/08/04 23:58:34.353, 21096, 100
2026/08/04 23:58:35.354, 21096, 100
2026/08/04 23:58:36.354, 21096, 100
2026/08/04 23:58:37.354, 21096, 100
2026/08/04 23:58:38.355, 21096, 100
2026/08/04 23:58:39.355, 21096, 100
2026/08/04 23:58:40.355, 21096, 100
2026/08/04 23:58:41.356, 21096, 95
2026/08/04 23:58:42.356, 21096, 100
2026/08/04 23:58:43.356, 21096, 100
2026/08/04 23:58:44.356, 21096, 100
2026/08/04 23:58:45.357, 21096, 84
2026/08/04 23:58:46.357, 21096, 100
2026/08/04 23:58:47.357, 21096, 100
2026/08/04 23:58:48.357, 21096, 100
2026/08/04 23:58:49.358, 21096, 100
2026/08/04 23:58:50.358, 21096, 84
2026/08/04 23:58:51.358, 21096, 100
2026/08/04 23:58:52.359, 21096, 100
2026/08/04 23:58:53.359, 21096, 100
2026/08/04 23:58:54.359, 21096, 100
2026/08/04 23:58:55.359, 21096, 100
2026/08/04 23:58:56.360, 21096, 100
2026/08/04 23:58:57.360, 21096, 83
2026/08/04 23:58:58.360, 21096, 100
2026/08/04 23:58:59.361, 21096, 100
2026/08/04 23:59:00.361, 21096, 100
2026/08/04 23:59:01.361, 21096, 91
2026/08/04 23:59:02.362, 21096, 100
2026/08/04 23:59:03.362, 21096, 100
2026/08/04 23:59:04.362, 21096, 100
2026/08/04 23:59:05.362, 21096, 100
2026/08/04 23:59:06.363, 21096, 83
2026/08/04 23:59:07.363, 21096, 100
2026/08/04 23:59:08.363, 21096, 100
2026/08/04 23:59:09.363, 21096, 100
2026/08/04 23:59:10.364, 21096, 100
2026/08/04 23:59:11.364, 21096, 100
2026/08/04 23:59:12.364, 21096, 100
2026/08/04 23:59:13.364, 21096, 85
2026/08/04 23:59:14.365, 21096, 100
2026/08/04 23:59:15.365, 21096, 100
2026/08/04 23:59:16.365, 21096, 100
2026/08/04 23:59:17.366, 21096, 83
2026/08/04 23:59:18.366, 21096, 100
2026/08/04 23:59:19.366, 21096, 88
2026/08/04 23:59:20.367, 21096, 100
2026/08/04 23:59:21.367, 21096, 100
2026/08/04 23:59:22.367, 21096, 85
2026/08/04 23:59:23.367, 21096, 100
2026/08/04 23:59:24.368, 21096, 87
2026/08/04 23:59:25.368, 21096, 100
2026/08/04 23:59:26.368, 21096, 100
2026/08/04 23:59:27.368, 21096, 100
2026/08/04 23:59:28.369, 21096, 100
2026/08/04 23:59:29.369, 21096, 100
2026/08/04 23:59:30.369, 21096, 100
2026/08/04 23:59:31.370, 21096, 100
2026/08/04 23:59:32.370, 21096, 100
2026/08/04 23:59:33.370, 21096, 100
2026/08/04 23:59:34.370, 21096, 84
2026/08/04 23:59:35.370, 21096, 84
2026/08/04 23:59:36.371, 21096, 100
2026/08/04 23:59:37.371, 21096, 100
2026/08/04 23:59:38.371, 21096, 100
2026/08/04 23:59:39.371, 21096, 100
2026/08/04 23:59:40.372, 21096, 100
2026/08/04 23:59:41.372, 21096, 100
2026/08/04 23:59:42.372, 21096, 100
2026/08/04 23:59:43.373, 21096, 100
2026/08/04 23:59:44.373, 21096, 100
2026/08/04 23:59:45.373, 21096, 100
2026/08/04 23:59:46.374, 21096, 100
2026/08/04 23:59:47.374, 21096, 100
2026/08/04 23:59:48.374, 21096, 100
2026/08/04 23:59:49.374, 21096, 100
2026/08/04 23:59:50.375, 21096, 100
2026/08/04 23:59:51.375, 21096, 100
2026/08/04 23:59:52.375, 21096, 100
2026/08/04 23:59:53.376, 21096, 100
2026/08/04 23:59:54.376, 21096, 100
2026/08/04 23:59:55.376, 21096, 100
2026/08/04 23:59:56.377, 21096, 100
2026/08/04 23:59:57.377, 21096, 100
2026/08/04 23:59:58.377, 21096, 100
2026/08/04 23:59:59.378, 21096, 100
2026/08/05 00:00:00.378, 21096, 100
2026/08/05 00:00:01.378, 21096, 100
2026/08/05 00:00:02.379, 21096, 100
2026/08/05 00:00:03.379, 21096, 56
2026/08/05 00:00:04.379, 21096, 100
2026/08/05 00:00:05.380, 21096, 100
2026/08/05 00:00:06.380, 21096, 100
2026/08/05 00:00:07.380, 21096, 100
2026/08/05 00:00:08.381, 21096, 100
2026/08/05 00:00:09.382, 21096, 100
2026/08/05 00:00:10.383, 21096, 100
2026/08/05 00:00:11.385, 21096, 84
2026/08/05 00:00:12.387, 21096, 100
2026/08/05 00:00:13.388, 21096, 100
2026/08/05 00:00:14.390, 21096, 100
2026/08/05 00:00:15.391, 21096, 100
2026/08/05 00:00:16.393, 21096, 100
2026/08/05 00:00:17.394, 21096, 100
2026/08/05 00:00:18.395, 21096, 100
2026/08/05 00:00:19.397, 21096, 100
2026/08/05 00:00:20.398, 21096, 87
2026/08/05 00:00:21.400, 21096, 100
2026/08/05 00:00:22.401, 21096, 100
2026/08/05 00:00:23.402, 21096, 100
2026/08/05 00:00:24.404, 21096, 100
2026/08/05 00:00:25.405, 21096, 100
2026/08/05 00:00:26.407, 21096, 100
2026/08/05 00:00:27.408, 21096, 100
2026/08/05 00:00:28.409, 21096, 100
2026/08/05 00:00:29.411, 21096, 100
2026/08/05 00:00:30.412, 21096, 100
2026/08/05 00:00:31.413, 21096, 100
2026/08/05 00:00:32.414, 21096, 100
2026/08/05 00:00:33.415, 21096, 100
2026/08/05 00:00:34.416, 21096, 100
2026/08/05 00:00:35.416, 21096, 98
2026/08/05 00:00:36.416, 21096, 100
2026/08/05 00:00:37.417, 21096, 100
2026/08/05 00:00:38.417, 21096, 100
2026/08/05 00:00:39.417, 21096, 100
2026/08/05 00:00:40.418, 21096, 100
2026/08/05 00:00:41.418, 21096, 94
2026/08/05 00:00:42.418, 21096, 100
2026/08/05 00:00:43.419, 21096, 100
2026/08/05 00:00:44.419, 21096, 100
2026/08/05 00:00:45.419, 21096, 100
2026/08/05 00:00:46.420, 21096, 84
2026/08/05 00:00:47.420, 21096, 83
2026/08/05 00:00:48.420, 21096, 100
2026/08/05 00:00:49.421, 21096, 100
2026/08/05 00:00:50.421, 21096, 100
2026/08/05 00:00:51.421, 21096, 100
2026/08/05 00:00:52.421, 21096, 100
2026/08/05 00:00:53.422, 21096, 100
2026/08/05 00:00:54.422, 21096, 88
2026/08/05 00:00:55.422, 21096, 100
2026/08/05 00:00:56.423, 21096, 85
2026/08/05 00:00:57.423, 21096, 100
2026/08/05 00:00:58.423, 21096, 100
2026/08/05 00:00:59.424, 21096, 100
2026/08/05 00:01:00.424, 21096, 100
2026/08/05 00:01:01.424, 21096, 100
2026/08/05 00:01:02.425, 21096, 100
2026/08/05 00:01:03.425, 21096, 100
2026/08/05 00:01:04.425, 21096, 100
2026/08/05 00:01:05.426, 21096, 100
2026/08/05 00:01:06.426, 21096, 100
2026/08/05 00:01:07.426, 21096, 100
2026/08/05 00:01:08.427, 21096, 100
2026/08/05 00:01:09.427, 21096, 100
2026/08/05 00:01:10.427, 21096, 100
2026/08/05 00:01:11.428, 21096, 100
2026/08/05 00:01:12.428, 21096, 100
2026/08/05 00:01:13.428, 21096, 100
2026/08/05 00:01:14.429, 21096, 100
2026/08/05 00:01:15.429, 21096, 100
2026/08/05 00:01:16.429, 21096, 100
2026/08/05 00:01:17.429, 21096, 100
2026/08/05 00:01:18.430, 21096, 100
2026/08/05 00:01:19.430, 21096, 100
2026/08/05 00:01:20.430, 21096, 100
2026/08/05 00:01:21.431, 21096, 100
2026/08/05 00:01:22.431, 21096, 100
2026/08/05 00:01:23.431, 21096, 100
2026/08/05 00:01:24.432, 21096, 100
2026/08/05 00:01:25.432, 21096, 83
2026/08/05 00:01:26.432, 21096, 100
2026/08/05 00:01:27.433, 21096, 85
2026/08/05 00:01:28.433, 21096, 100
2026/08/05 00:01:29.433, 21096, 100
2026/08/05 00:01:30.433, 21096, 100
2026/08/05 00:01:31.434, 21096, 100
2026/08/05 00:01:32.434, 21096, 100
2026/08/05 00:01:33.434, 21096, 100
2026/08/05 00:01:34.435, 21096, 100
2026/08/05 00:01:35.435, 21096, 100
2026/08/05 00:01:36.435, 21096, 100
2026/08/05 00:01:37.436, 21096, 100
2026/08/05 00:01:38.436, 21096, 100
2026/08/05 00:01:39.436, 21096, 100
2026/08/05 00:01:40.437, 21096, 100
2026/08/05 00:01:41.437, 21096, 93
2026/08/05 00:01:42.437, 21096, 100
2026/08/05 00:01:43.438, 21096, 100
2026/08/05 00:01:44.438, 21096, 100
2026/08/05 00:01:45.438, 21096, 100
2026/08/05 00:01:46.439, 21096, 100
2026/08/05 00:01:47.439, 21096, 100
2026/08/05 00:01:48.439, 21096, 100
2026/08/05 00:01:49.440, 21096, 100
2026/08/05 00:01:50.440, 21096, 100
2026/08/05 00:01:51.440, 21096, 100
2026/08/05 00:01:52.440, 21096, 100
2026/08/05 00:01:53.441, 21096, 100
2026/08/05 00:01:54.441, 21096, 100
2026/08/05 00:01:55.441, 21096, 100
2026/08/05 00:01:56.442, 21096, 100
2026/08/05 00:01:57.442, 21096, 100
2026/08/05 00:01:58.442, 21096, 100
2026/08/05 00:01:59.443, 21096, 100
2026/08/05 00:02:00.443, 21096, 100
2026/08/05 00:02:01.443, 21096, 100
2026/08/05 00:02:02.443, 21096, 100
2026/08/05 00:02:03.444, 21096, 77
2026/08/05 00:02:04.444, 21096, 100
2026/08/05 00:02:05.444, 21096, 100
2026/08/05 00:02:06.445, 21096, 100
2026/08/05 00:02:07.445, 21096, 100
2026/08/05 00:02:08.445, 21096, 100
2026/08/05 00:02:09.446, 21096, 100
2026/08/05 00:02:10.446, 21096, 100
2026/08/05 00:02:11.446, 21096, 100
2026/08/05 00:02:12.447, 21096, 100
2026/08/05 00:02:13.447, 21096, 85
2026/08/05 00:02:14.447, 21096, 100
2026/08/05 00:02:15.448, 21096, 100
2026/08/05 00:02:16.448, 21096, 100
2026/08/05 00:02:17.448, 21096, 100
2026/08/05 00:02:18.448, 21096, 100
2026/08/05 00:02:19.449, 21096, 100
2026/08/05 00:02:20.449, 21096, 100
2026/08/05 00:02:21.449, 21096, 100
2026/08/05 00:02:22.450, 21096, 100
2026/08/05 00:02:23.450, 21096, 100
2026/08/05 00:02:24.450, 21096, 100
2026/08/05 00:02:25.451, 21096, 100
2026/08/05 00:02:26.451, 21096, 100
2026/08/05 00:02:27.451, 21096, 100
2026/08/05 00:02:28.451, 21096, 100
2026/08/05 00:02:29.452, 21096, 100
2026/08/05 00:02:30.452, 21096, 100
2026/08/05 00:02:31.452, 21096, 83
2026/08/05 00:02:32.453, 21096, 85
2026/08/05 00:02:33.453, 21096, 100
2026/08/05 00:02:34.453, 21096, 100
2026/08/05 00:02:35.453, 21096, 100
2026/08/05 00:02:36.454, 21096, 100
2026/08/05 00:02:37.454, 21096, 100
2026/08/05 00:02:38.454, 21096, 83
2026/08/05 00:02:39.455, 21096, 100
2026/08/05 00:02:40.455, 21096, 83
2026/08/05 00:02:41.455, 21096, 100
2026/08/05 00:02:42.456, 21096, 100
2026/08/05 00:02:43.456, 21096, 100
2026/08/05 00:02:44.456, 21096, 100
2026/08/05 00:02:45.457, 21096, 100
2026/08/05 00:02:46.457, 21096, 100
2026/08/05 00:02:47.457, 21096, 100
2026/08/05 00:02:48.457, 21096, 100
2026/08/05 00:02:49.458, 21096, 100
2026/08/05 00:02:50.458, 21096, 100
2026/08/05 00:02:51.458, 21096, 100
2026/08/05 00:02:52.458, 21096, 100
2026/08/05 00:02:53.459, 21096, 100
2026/08/05 00:02:54.459, 21096, 84
2026/08/05 00:02:55.459, 21096, 84
2026/08/05 00:02:56.460, 21096, 100
2026/08/05 00:02:57.460, 21096, 100
2026/08/05 00:02:58.460, 21096, 85
2026/08/05 00:02:59.461, 21096, 100
2026/08/05 00:03:00.461, 21096, 85
2026/08/05 00:03:01.461, 21096, 86
2026/08/05 00:03:02.461, 21096, 100
2026/08/05 00:03:03.462, 21096, 100
2026/08/05 00:03:04.462, 21096, 100
2026/08/05 00:03:05.462, 21096, 100
2026/08/05 00:03:06.463, 21096, 100
2026/08/05 00:03:07.463, 21096, 100
2026/08/05 00:03:08.463, 21096, 100
2026/08/05 00:03:09.463, 21096, 100
2026/08/05 00:03:10.464, 21096, 100
2026/08/05 00:03:11.464, 21096, 100
2026/08/05 00:03:12.464, 21096, 0
2026/08/05 00:03:13.465, 21096, 100
2026/08/05 00:03:14.465, 21096, 100
2026/08/05 00:03:15.465, 21096, 100
2026/08/05 00:03:16.466, 21096, 100
2026/08/05 00:03:17.466, 21096, 100
2026/08/05 00:03:18.466, 21096, 100
2026/08/05 00:03:19.466, 21096, 100
2026/08/05 00:03:20.466, 21096, 100
2026/08/05 00:03:21.467, 21096, 100
2026/08/05 00:03:22.467, 21096, 100
2026/08/05 00:03:23.467, 21096, 100
2026/08/05 00:03:24.467, 21096, 100
2026/08/05 00:03:25.468, 21096, 100
2026/08/05 00:03:26.468, 21096, 100
2026/08/05 00:03:27.468, 21096, 100
2026/08/05 00:03:28.469, 21096, 100
2026/08/05 00:03:29.469, 21096, 100
2026/08/05 00:03:30.469, 21096, 100
2026/08/05 00:03:31.469, 21096, 100
2026/08/05 00:03:32.470, 21096, 84
2026/08/05 00:03:33.470, 21096, 100
2026/08/05 00:03:34.470, 21096, 100
2026/08/05 00:03:35.470, 21096, 100
2026/08/05 00:03:36.471, 21096, 100
2026/08/05 00:03:37.471, 21096, 100
2026/08/05 00:03:38.471, 21096, 100
2026/08/05 00:03:39.472, 21096, 100
2026/08/05 00:03:40.472, 21096, 66
2026/08/05 00:03:41.472, 21096, 100
2026/08/05 00:03:42.472, 21096, 100
2026/08/05 00:03:43.472, 21096, 100
2026/08/05 00:03:44.473, 21096, 100
2026/08/05 00:03:45.473, 21096, 100
2026/08/05 00:03:46.473, 21096, 100
2026/08/05 00:03:47.473, 21096, 100
2026/08/05 00:03:48.474, 21096, 100
2026/08/05 00:03:49.474, 21096, 100
2026/08/05 00:03:50.474, 21096, 100
2026/08/05 00:03:51.474, 21096, 100
2026/08/05 00:03:52.475, 21096, 79
2026/08/05 00:03:53.475, 21096, 100
2026/08/05 00:03:54.475, 21096, 100
2026/08/05 00:03:55.475, 21096, 100
2026/08/05 00:03:56.476, 21096, 100
2026/08/05 00:03:57.476, 21096, 100
2026/08/05 00:03:58.476, 21096, 85
2026/08/05 00:03:59.477, 21096, 100
2026/08/05 00:04:00.477, 21096, 100
2026/08/05 00:04:01.477, 21096, 100
2026/08/05 00:04:02.477, 21096, 100
2026/08/05 00:04:03.478, 21096, 100
2026/08/05 00:04:04.478, 21096, 100
2026/08/05 00:04:05.478, 21096, 100
2026/08/05 00:04:06.478, 21096, 100
2026/08/05 00:04:07.479, 21096, 100
2026/08/05 00:04:08.479, 21096, 100
2026/08/05 00:04:09.479, 21096, 100
2026/08/05 00:04:10.479, 21096, 100
2026/08/05 00:04:11.480, 21096, 88
2026/08/05 00:04:12.480, 21096, 100
2026/08/05 00:04:13.480, 21096, 100
2026/08/05 00:04:14.480, 21096, 100
2026/08/05 00:04:15.481, 21096, 100
2026/08/05 00:04:16.481, 21096, 100
2026/08/05 00:04:17.481, 21096, 100
2026/08/05 00:04:18.481, 21096, 100
2026/08/05 00:04:19.481, 21096, 100
2026/08/05 00:04:20.482, 21096, 65
2026/08/05 00:04:21.482, 21096, 84
2026/08/05 00:04:22.482, 21096, 100
2026/08/05 00:04:23.483, 21096, 100
2026/08/05 00:04:24.483, 21096, 100
2026/08/05 00:04:25.483, 21096, 100
2026/08/05 00:04:26.484, 21096, 100
2026/08/05 00:04:27.484, 21096, 100
2026/08/05 00:04:28.484, 21096, 100
2026/08/05 00:04:29.485, 21096, 80
2026/08/05 00:04:30.485, 21096, 84
2026/08/05 00:04:31.485, 21096, 100
2026/08/05 00:04:32.485, 21096, 100
2026/08/05 00:04:33.486, 21096, 69
2026/08/05 00:04:34.486, 21096, 100
2026/08/05 00:04:35.486, 21096, 100
2026/08/05 00:04:36.486, 21096, 83
2026/08/05 00:04:37.487, 21096, 100
2026/08/05 00:04:38.487, 21096, 100
2026/08/05 00:04:39.487, 21096, 100
2026/08/05 00:04:40.488, 21096, 100
2026/08/05 00:04:41.488, 21096, 100
2026/08/05 00:04:42.488, 21096, 97
2026/08/05 00:04:43.488, 21096, 100
2026/08/05 00:04:44.489, 21096, 100
2026/08/05 00:04:45.489, 21096, 100
2026/08/05 00:04:46.489, 21096, 100
2026/08/05 00:04:47.489, 21096, 100
2026/08/05 00:04:48.489, 21096, 100
2026/08/05 00:04:49.490, 21096, 84
2026/08/05 00:04:50.490, 21096, 85
2026/08/05 00:04:51.490, 21096, 100
2026/08/05 00:04:52.490, 21096, 100
2026/08/05 00:04:53.491, 21096, 100
2026/08/05 00:04:54.491, 21096, 100
2026/08/05 00:04:55.491, 21096, 84
2026/08/05 00:04:56.492, 21096, 100
2026/08/05 00:04:57.492, 21096, 100
2026/08/05 00:04:58.492, 21096, 100
2026/08/05 00:04:59.492, 21096, 100
2026/08/05 00:05:00.493, 21096, 100
2026/08/05 00:05:01.493, 21096, 100
2026/08/05 00:05:02.493, 21096, 83
2026/08/05 00:05:03.494, 21096, 100
2026/08/05 00:05:04.494, 21096, 100
2026/08/05 00:05:05.494, 21096, 79
2026/08/05 00:05:06.494, 21096, 100
2026/08/05 00:05:08.932, 21096, 100
2026/08/05 00:05:09.933, 21096, 100
2026/08/05 00:05:10.933, 21096, 100
2026/08/05 00:05:11.933, 21096, 84
2026/08/05 00:05:12.933, 21096, 100
2026/08/05 00:05:13.933, 21096, 100
2026/08/05 00:05:14.934, 21096, 100
2026/08/05 00:05:15.934, 21096, 100
2026/08/05 00:05:16.934, 21096, 100
2026/08/05 00:05:17.934, 21096, 100
2026/08/05 00:05:18.935, 21096, 100
2026/08/05 00:05:19.935, 21096, 100
2026/08/05 00:05:20.935, 21096, 100
2026/08/05 00:05:21.936, 21096, 100
2026/08/05 00:05:22.936, 21096, 100
2026/08/05 00:05:23.936, 21096, 100
2026/08/05 00:05:24.936, 21096, 100
2026/08/05 00:05:25.937, 21096, 82
2026/08/05 00:05:26.937, 21096, 100
2026/08/05 00:05:27.937, 21096, 100
2026/08/05 00:05:28.937, 21096, 100
2026/08/05 00:05:29.937, 21096, 100
2026/08/05 00:05:30.938, 21096, 100
2026/08/05 00:05:31.938, 21096, 84
2026/08/05 00:05:32.938, 21096, 100
2026/08/05 00:05:33.938, 21096, 80
2026/08/05 00:05:34.938, 21096, 100
2026/08/05 00:05:35.939, 21096, 100
2026/08/05 00:05:36.939, 21096, 100
2026/08/05 00:05:37.939, 21096, 100
2026/08/05 00:05:38.939, 21096, 100
2026/08/05 00:05:39.939, 21096, 100
2026/08/05 00:05:40.940, 21096, 100
2026/08/05 00:05:41.940, 21096, 93
2026/08/05 00:05:42.940, 21096, 100
2026/08/05 00:05:43.940, 21096, 100
2026/08/05 00:05:44.941, 21096, 85
2026/08/05 00:05:45.941, 21096, 100
2026/08/05 00:05:46.941, 21096, 100
2026/08/05 00:05:47.941, 21096, 100
2026/08/05 00:05:48.942, 21096, 100
2026/08/05 00:05:49.942, 21096, 100
2026/08/05 00:05:50.942, 21096, 100
2026/08/05 00:05:51.943, 21096, 100
2026/08/05 00:05:52.943, 21096, 66
2026/08/05 00:05:53.943, 21096, 100
2026/08/05 00:05:54.943, 21096, 100
2026/08/05 00:05:55.943, 21096, 100
2026/08/05 00:05:56.944, 21096, 86
2026/08/05 00:05:57.944, 21096, 100
2026/08/05 00:05:58.944, 21096, 100
2026/08/05 00:05:59.944, 21096, 100
2026/08/05 00:06:00.945, 21096, 100
2026/08/05 00:06:01.945, 21096, 100
2026/08/05 00:06:02.945, 21096, 100
2026/08/05 00:06:03.945, 21096, 85
2026/08/05 00:06:04.945, 21096, 100
2026/08/05 00:06:05.946, 21096, 100
2026/08/05 00:06:06.946, 21096, 100
2026/08/05 00:06:07.946, 21096, 100
2026/08/05 00:06:08.947, 21096, 100
2026/08/05 00:06:09.947, 21096, 100
2026/08/05 00:06:10.947, 21096, 100
2026/08/05 00:06:11.947, 21096, 100
2026/08/05 00:06:12.948, 21096, 100
2026/08/05 00:06:13.948, 21096, 66
2026/08/05 00:06:14.948, 21096, 100
2026/08/05 00:06:15.948, 21096, 100
2026/08/05 00:06:16.949, 21096, 100
2026/08/05 00:06:17.949, 21096, 97
2026/08/05 00:06:18.949, 21096, 100
2026/08/05 00:06:19.949, 21096, 100
2026/08/05 00:06:20.949, 21096, 100
2026/08/05 00:06:21.950, 21096, 100
2026/08/05 00:06:22.950, 21096, 58
2026/08/05 00:06:23.950, 21096, 87
2026/08/05 00:06:24.950, 21096, 100
2026/08/05 00:06:25.950, 21096, 100
2026/08/05 00:06:26.951, 21096, 100
2026/08/05 00:06:27.951, 21096, 100
2026/08/05 00:06:28.951, 21096, 100
2026/08/05 00:06:29.952, 21096, 100
2026/08/05 00:06:30.952, 21096, 100
2026/08/05 00:06:31.952, 21096, 100
2026/08/05 00:06:32.953, 21096, 100
2026/08/05 00:06:33.953, 21096, 100
2026/08/05 00:06:34.953, 21096, 100
2026/08/05 00:06:35.953, 21096, 100
2026/08/05 00:06:36.954, 21096, 100
2026/08/05 00:06:37.954, 21096, 99
2026/08/05 00:06:38.954, 21096, 100
2026/08/05 00:06:39.954, 21096, 80
2026/08/05 00:06:40.954, 21096, 100
2026/08/05 00:06:41.955, 21096, 100
2026/08/05 00:06:42.955, 21096, 87
2026/08/05 00:06:43.955, 21096, 100
2026/08/05 00:06:44.955, 21096, 100
2026/08/05 00:06:45.956, 21096, 100
2026/08/05 00:06:46.956, 21096, 100
2026/08/05 00:06:47.956, 21096, 100
2026/08/05 00:06:48.957, 21096, 100
2026/08/05 00:06:49.957, 21096, 100
2026/08/05 00:06:50.957, 21096, 100
2026/08/05 00:06:51.957, 21096, 100
2026/08/05 00:06:52.958, 21096, 100
2026/08/05 00:06:53.958, 21096, 100
2026/08/05 00:06:54.958, 21096, 100
2026/08/05 00:06:55.958, 21096, 100
2026/08/05 00:06:56.958, 21096, 100
2026/08/05 00:06:57.959, 21096, 100
2026/08/05 00:06:58.959, 21096, 100
2026/08/05 00:06:59.959, 21096, 100
2026/08/05 00:07:00.959, 21096, 100
2026/08/05 00:07:01.960, 21096, 100
2026/08/05 00:07:02.960, 21096, 100
2026/08/05 00:07:03.960, 21096, 100
2026/08/05 00:07:04.960, 21096, 100
2026/08/05 00:07:05.961, 21096, 100
2026/08/05 00:07:06.961, 21096, 100
2026/08/05 00:07:07.961, 21096, 100
2026/08/05 00:07:08.961, 21096, 100
2026/08/05 00:07:09.962, 21096, 100
2026/08/05 00:07:10.962, 21096, 100
2026/08/05 00:07:11.962, 21096, 100
2026/08/05 00:07:12.962, 21096, 100
2026/08/05 00:07:13.963, 21096, 100
2026/08/05 00:07:14.963, 21096, 100
2026/08/05 00:07:15.963, 21096, 100
2026/08/05 00:07:16.964, 21096, 100
2026/08/05 00:07:17.964, 21096, 100
2026/08/05 00:07:18.964, 21096, 83
2026/08/05 00:07:19.964, 21096, 100
2026/08/05 00:07:20.965, 21096, 100
2026/08/05 00:07:21.965, 21096, 100
2026/08/05 00:07:22.965, 21096, 100
2026/08/05 00:07:23.965, 21096, 100
2026/08/05 00:07:24.965, 21096, 94
2026/08/05 00:07:25.966, 21096, 100
2026/08/05 00:07:26.966, 21096, 82
2026/08/05 00:07:27.966, 21096, 100
2026/08/05 00:07:28.966, 21096, 100
2026/08/05 00:07:29.967, 21096, 100
2026/08/05 00:07:30.967, 21096, 100
2026/08/05 00:07:31.967, 21096, 85
2026/08/05 00:07:32.968, 21096, 100
2026/08/05 00:07:33.968, 21096, 100
2026/08/05 00:07:34.968, 21096, 100
2026/08/05 00:07:35.969, 21096, 100
2026/08/05 00:07:36.969, 21096, 100
2026/08/05 00:07:37.969, 21096, 100
2026/08/05 00:07:38.970, 21096, 100
2026/08/05 00:07:39.970, 21096, 100
2026/08/05 00:07:40.970, 21096, 100
2026/08/05 00:07:41.971, 21096, 100
2026/08/05 00:07:42.971, 21096, 100
2026/08/05 00:07:43.971, 21096, 100
2026/08/05 00:07:44.971, 21096, 100
2026/08/05 00:07:45.972, 21096, 100
2026/08/05 00:07:46.972, 21096, 100
2026/08/05 00:07:47.972, 21096, 100
2026/08/05 00:07:48.973, 21096, 100
2026/08/05 00:07:49.973, 21096, 100
2026/08/05 00:07:50.973, 21096, 100
2026/08/05 00:07:51.974, 21096, 100
2026/08/05 00:07:52.974, 21096, 100
2026/08/05 00:07:53.974, 21096, 100
2026/08/05 00:07:54.974, 21096, 100
2026/08/05 00:07:55.974, 21096, 100
2026/08/05 00:07:56.975, 21096, 100
2026/08/05 00:07:57.975, 21096, 100
2026/08/05 00:07:58.975, 21096, 100
2026/08/05 00:07:59.975, 21096, 100
2026/08/05 00:08:00.976, 21096, 100
2026/08/05 00:08:01.976, 21096, 100
2026/08/05 00:08:02.976, 21096, 100
2026/08/05 00:08:03.976, 21096, 100
2026/08/05 00:08:04.977, 21096, 100
2026/08/05 00:08:05.977, 21096, 100
2026/08/05 00:08:06.977, 21096, 100
2026/08/05 00:08:07.978, 21096, 100
2026/08/05 00:08:08.978, 21096, 84
2026/08/05 00:08:09.978, 21096, 84
2026/08/05 00:08:10.978, 21096, 100
2026/08/05 00:08:11.979, 21096, 100
2026/08/05 00:08:12.979, 21096, 100
2026/08/05 00:08:13.979, 21096, 100
2026/08/05 00:08:14.979, 21096, 78
2026/08/05 00:08:15.980, 21096, 100
2026/08/05 00:08:16.980, 21096, 100
2026/08/05 00:08:17.980, 21096, 100
2026/08/05 00:08:18.980, 21096, 100
2026/08/05 00:08:19.981, 21096, 100
2026/08/05 00:08:20.981, 21096, 100
2026/08/05 00:08:21.981, 21096, 100
2026/08/05 00:08:22.982, 21096, 100
2026/08/05 00:08:23.982, 21096, 100
2026/08/05 00:08:24.983, 21096, 100
2026/08/05 00:08:25.983, 21096, 100
2026/08/05 00:08:26.983, 21096, 100
2026/08/05 00:08:27.984, 21096, 100
2026/08/05 00:08:28.984, 21096, 100
2026/08/05 00:08:29.984, 21096, 100
2026/08/05 00:08:30.984, 21096, 100
2026/08/05 00:08:31.985, 21096, 100
2026/08/05 00:08:32.985, 21096, 100
2026/08/05 00:08:33.985, 21096, 100
2026/08/05 00:08:34.986, 21096, 100
2026/08/05 00:08:35.986, 21096, 84
2026/08/05 00:08:36.986, 21096, 84
2026/08/05 00:08:37.986, 21096, 100
2026/08/05 00:08:38.986, 21096, 100
2026/08/05 00:08:39.987, 21096, 100
2026/08/05 00:08:40.987, 21096, 100
2026/08/05 00:08:41.987, 21096, 100
2026/08/05 00:08:42.987, 21096, 100
2026/08/05 00:08:43.988, 21096, 85
2026/08/05 00:08:44.988, 21096, 82
2026/08/05 00:08:45.988, 21096, 92
2026/08/05 00:08:46.988, 21096, 91
2026/08/05 00:08:47.989, 21096, 100
2026/08/05 00:08:48.989, 21096, 100
2026/08/05 00:08:49.989, 21096, 83
2026/08/05 00:08:50.989, 21096, 83
2026/08/05 00:08:51.989, 21096, 100
2026/08/05 00:08:52.990, 21096, 100
2026/08/05 00:08:53.990, 21096, 85
2026/08/05 00:08:54.990, 21096, 100
2026/08/05 00:08:55.990, 21096, 100
2026/08/05 00:08:56.991, 21096, 100
2026/08/05 00:08:57.991, 21096, 100
2026/08/05 00:08:58.991, 21096, 100
2026/08/05 00:08:59.992, 21096, 82
2026/08/05 00:09:00.992, 21096, 100
2026/08/05 00:09:01.992, 21096, 100
2026/08/05 00:09:02.993, 21096, 100
2026/08/05 00:09:03.993, 21096, 100
2026/08/05 00:09:04.993, 21096, 82
2026/08/05 00:09:05.994, 21096, 100
2026/08/05 00:09:06.994, 21096, 100
2026/08/05 00:09:07.994, 21096, 100
2026/08/05 00:09:08.995, 21096, 100
2026/08/05 00:09:09.995, 21096, 100
2026/08/05 00:09:10.995, 21096, 100
2026/08/05 00:09:11.995, 21096, 100
2026/08/05 00:09:12.996, 21096, 83
2026/08/05 00:09:13.996, 21096, 100
2026/08/05 00:09:14.996, 21096, 100
2026/08/05 00:09:15.997, 21096, 84
2026/08/05 00:09:16.997, 21096, 100
2026/08/05 00:09:17.997, 21096, 62
2026/08/05 00:09:18.997, 21096, 100
2026/08/05 00:09:19.998, 21096, 100
2026/08/05 00:09:20.998, 21096, 84
2026/08/05 00:09:21.998, 21096, 100
2026/08/05 00:09:22.998, 21096, 100
2026/08/05 00:09:23.999, 21096, 100
2026/08/05 00:09:24.999, 21096, 81
2026/08/05 00:09:25.999, 21096, 100
2026/08/05 00:09:27.000, 21096, 100
2026/08/05 00:09:28.000, 21096, 100
2026/08/05 00:09:29.000, 21096, 100
2026/08/05 00:09:30.000, 21096, 83
2026/08/05 00:09:31.001, 21096, 83
2026/08/05 00:09:32.001, 21096, 100
2026/08/05 00:09:33.001, 21096, 100
2026/08/05 00:09:34.001, 21096, 100
2026/08/05 00:09:35.002, 21096, 70
2026/08/05 00:09:36.002, 21096, 100
2026/08/05 00:09:37.002, 21096, 99
2026/08/05 00:09:38.002, 21096, 100
2026/08/05 00:09:39.003, 21096, 85
2026/08/05 00:09:40.003, 21096, 100
2026/08/05 00:09:41.003, 21096, 100
2026/08/05 00:09:42.003, 21096, 100
2026/08/05 00:09:43.004, 21096, 100
2026/08/05 00:09:44.004, 21096, 100
2026/08/05 00:09:45.004, 21096, 100
2026/08/05 00:09:46.005, 21096, 100
2026/08/05 00:09:47.005, 21096, 85
2026/08/05 00:09:48.006, 21096, 100
2026/08/05 00:09:49.006, 21096, 83
2026/08/05 00:09:50.006, 21096, 100
2026/08/05 00:09:51.006, 21096, 100
2026/08/05 00:09:52.007, 21096, 100
2026/08/05 00:09:53.007, 21096, 100
2026/08/05 00:09:54.007, 21096, 100
2026/08/05 00:09:55.008, 21096, 100
2026/08/05 00:09:56.008, 21096, 100
2026/08/05 00:09:57.008, 21096, 62
2026/08/05 00:09:58.009, 21096, 83
2026/08/05 00:09:59.010, 21096, 100
2026/08/05 00:10:00.011, 21096, 100
2026/08/05 00:10:01.011, 21096, 100
2026/08/05 00:10:02.011, 21096, 100
2026/08/05 00:10:03.012, 21096, 100
2026/08/05 00:10:04.013, 21096, 100
2026/08/05 00:10:05.013, 21096, 100
2026/08/05 00:10:06.014, 21096, 100
2026/08/05 00:10:07.014, 21096, 100
2026/08/05 00:10:08.014, 21096, 100
2026/08/05 00:10:09.015, 21096, 100
2026/08/05 00:10:10.015, 21096, 100
2026/08/05 00:10:11.015, 21096, 82
2026/08/05 00:10:12.016, 21096, 100
2026/08/05 00:10:13.016, 21096, 100
2026/08/05 00:10:14.017, 21096, 100
2026/08/05 00:10:15.017, 21096, 100
2026/08/05 00:10:16.018, 21096, 100
2026/08/05 00:10:17.018, 21096, 100
2026/08/05 00:10:18.018, 21096, 100
2026/08/05 00:10:19.019, 21096, 100
2026/08/05 00:10:20.019, 21096, 100
2026/08/05 00:10:21.019, 21096, 100
2026/08/05 00:10:22.020, 21096, 84
2026/08/05 00:10:23.020, 21096, 100
2026/08/05 00:10:24.020, 21096, 100
2026/08/05 00:10:25.021, 21096, 83
2026/08/05 00:10:26.021, 21096, 100
2026/08/05 00:10:27.021, 21096, 100
2026/08/05 00:10:28.022, 21096, 100
2026/08/05 00:10:29.022, 21096, 100
2026/08/05 00:10:30.023, 21096, 82
2026/08/05 00:10:31.023, 21096, 100
2026/08/05 00:10:32.023, 21096, 100
2026/08/05 00:10:33.024, 21096, 100
2026/08/05 00:10:34.024, 21096, 100
2026/08/05 00:10:35.025, 21096, 100
2026/08/05 00:10:36.025, 21096, 65
2026/08/05 00:10:37.025, 21096, 100
2026/08/05 00:10:38.026, 21096, 83
2026/08/05 00:10:39.026, 21096, 100
2026/08/05 00:10:40.026, 21096, 100
2026/08/05 00:10:41.027, 21096, 100
2026/08/05 00:10:42.027, 21096, 100
2026/08/05 00:10:43.027, 21096, 85
2026/08/05 00:10:44.029, 21096, 100
2026/08/05 00:10:45.029, 21096, 100
2026/08/05 00:10:46.030, 21096, 100
2026/08/05 00:10:47.030, 21096, 100
2026/08/05 00:10:48.030, 21096, 100
2026/08/05 00:10:49.032, 21096, 100
2026/08/05 00:10:50.032, 21096, 100
2026/08/05 00:10:51.033, 21096, 100
2026/08/05 00:10:52.033, 21096, 100
2026/08/05 00:10:53.033, 21096, 100
2026/08/05 00:10:54.033, 21096, 100
2026/08/05 00:10:55.034, 21096, 100
2026/08/05 00:10:56.034, 21096, 100
2026/08/05 00:10:57.034, 21096, 100
2026/08/05 00:10:58.035, 21096, 83
2026/08/05 00:10:59.035, 21096, 100
2026/08/05 00:11:00.035, 21096, 100
2026/08/05 00:11:01.036, 21096, 100
2026/08/05 00:11:02.036, 21096, 100
2026/08/05 00:11:03.036, 21096, 84
2026/08/05 00:11:04.036, 21096, 100
2026/08/05 00:11:05.037, 21096, 100
2026/08/05 00:11:06.037, 21096, 56
2026/08/05 00:11:07.037, 21096, 100
2026/08/05 00:11:08.037, 21096, 100
2026/08/05 00:11:09.037, 21096, 100
2026/08/05 00:11:10.038, 21096, 100
2026/08/05 00:11:11.038, 21096, 100
2026/08/05 00:11:12.038, 21096, 100
2026/08/05 00:11:13.038, 21096, 100
2026/08/05 00:11:14.039, 21096, 100
2026/08/05 00:11:15.039, 21096, 100
2026/08/05 00:11:16.039, 21096, 100
2026/08/05 00:11:17.040, 21096, 100
2026/08/05 00:11:18.040, 21096, 100
2026/08/05 00:11:19.040, 21096, 100
2026/08/05 00:11:20.040, 21096, 100
2026/08/05 00:11:21.041, 21096, 98
2026/08/05 00:11:22.041, 21096, 100
2026/08/05 00:11:23.041, 21096, 100
2026/08/05 00:11:24.045, 21096, 100
2026/08/05 00:11:25.045, 21096, 100
2026/08/05 00:11:26.046, 21096, 100
2026/08/05 00:11:27.046, 21096, 100
2026/08/05 00:11:28.046, 21096, 100
2026/08/05 00:11:29.046, 21096, 100
2026/08/05 00:11:30.047, 21096, 100
2026/08/05 00:11:31.047, 21096, 100
2026/08/05 00:11:32.047, 21096, 100
2026/08/05 00:11:33.048, 21096, 100
2026/08/05 00:11:34.050, 21096, 100
2026/08/05 00:11:35.050, 21096, 100
2026/08/05 00:11:36.050, 21096, 100
2026/08/05 00:11:37.051, 21096, 100
2026/08/05 00:11:38.051, 21096, 100
2026/08/05 00:11:39.051, 21096, 100
2026/08/05 00:11:40.051, 21096, 100
2026/08/05 00:11:41.052, 21096, 100
2026/08/05 00:11:42.052, 21096, 100
2026/08/05 00:11:43.052, 21096, 84
2026/08/05 00:11:44.053, 21096, 100
2026/08/05 00:11:45.053, 21096, 87
2026/08/05 00:11:46.053, 21096, 100
2026/08/05 00:11:47.053, 21096, 100
2026/08/05 00:11:48.054, 21096, 100
2026/08/05 00:11:49.054, 21096, 82
2026/08/05 00:11:50.054, 21096, 100
2026/08/05 00:11:51.055, 21096, 100
2026/08/05 00:11:52.055, 21096, 100
2026/08/05 00:11:53.055, 21096, 100
2026/08/05 00:11:54.055, 21096, 84
2026/08/05 00:11:55.056, 21096, 100
2026/08/05 00:11:56.056, 21096, 100
2026/08/05 00:11:57.056, 21096, 100
2026/08/05 00:11:58.056, 21096, 100
2026/08/05 00:11:59.057, 21096, 100
2026/08/05 00:12:00.057, 21096, 100
2026/08/05 00:12:01.057, 21096, 100
2026/08/05 00:12:02.057, 21096, 100
2026/08/05 00:12:03.058, 21096, 100
2026/08/05 00:12:04.058, 21096, 99
2026/08/05 00:12:05.058, 21096, 100
2026/08/05 00:12:06.058, 21096, 100
2026/08/05 00:12:07.059, 21096, 100
2026/08/05 00:12:08.059, 21096, 83
2026/08/05 00:12:09.059, 21096, 100
2026/08/05 00:12:10.059, 21096, 100
2026/08/05 00:12:11.060, 21096, 100
2026/08/05 00:12:12.060, 21096, 100
2026/08/05 00:12:13.060, 21096, 100
2026/08/05 00:12:14.060, 21096, 100
2026/08/05 00:12:15.061, 21096, 100
2026/08/05 00:12:16.061, 21096, 100
2026/08/05 00:12:17.061, 21096, 100
2026/08/05 00:12:18.061, 21096, 61
2026/08/05 00:12:19.062, 21096, 100
2026/08/05 00:12:20.062, 21096, 100
2026/08/05 00:12:21.062, 21096, 100
2026/08/05 00:12:22.062, 21096, 100
2026/08/05 00:12:23.063, 21096, 100
2026/08/05 00:12:24.063, 21096, 100
2026/08/05 00:12:25.063, 21096, 83
2026/08/05 00:12:26.064, 21096, 62
2026/08/05 00:12:27.064, 21096, 100
2026/08/05 00:12:28.064, 21096, 100
2026/08/05 00:12:29.064, 21096, 100
2026/08/05 00:12:30.064, 21096, 100
2026/08/05 00:12:31.065, 21096, 100
2026/08/05 00:12:32.065, 21096, 83
2026/08/05 00:12:33.065, 21096, 62
2026/08/05 00:12:34.065, 21096, 100
2026/08/05 00:12:35.066, 21096, 100
2026/08/05 00:12:36.066, 21096, 99
2026/08/05 00:12:37.066, 21096, 100
2026/08/05 00:12:38.066, 21096, 100
2026/08/05 00:12:39.066, 21096, 100
2026/08/05 00:12:40.067, 21096, 100
2026/08/05 00:12:41.067, 21096, 100
2026/08/05 00:12:42.067, 21096, 100
2026/08/05 00:12:43.067, 21096, 100
2026/08/05 00:12:44.068, 21096, 100
2026/08/05 00:12:45.068, 21096, 98
2026/08/05 00:12:46.068, 21096, 100
2026/08/05 00:12:47.068, 21096, 100
2026/08/05 00:12:48.068, 21096, 100
2026/08/05 00:12:49.069, 21096, 100
2026/08/05 00:12:50.069, 21096, 100
2026/08/05 00:12:51.069, 21096, 100
2026/08/05 00:12:52.069, 21096, 100
2026/08/05 00:12:53.070, 21096, 100
2026/08/05 00:12:54.070, 21096, 100
2026/08/05 00:12:55.073, 21096, 100
2026/08/05 00:12:56.073, 21096, 84
2026/08/05 00:12:57.073, 21096, 100
2026/08/05 00:12:58.073, 21096, 100
2026/08/05 00:12:59.074, 21096, 100
2026/08/05 00:13:00.074, 21096, 100
2026/08/05 00:13:01.074, 21096, 100
2026/08/05 00:13:02.074, 21096, 100
2026/08/05 00:13:03.075, 21096, 100
2026/08/05 00:13:04.075, 21096, 100
2026/08/05 00:13:05.075, 21096, 100
2026/08/05 00:13:06.075, 21096, 100
2026/08/05 00:13:07.076, 21096, 84
2026/08/05 00:13:08.076, 21096, 100
2026/08/05 00:13:09.076, 21096, 85
2026/08/05 00:13:10.076, 21096, 100
2026/08/05 00:13:11.077, 21096, 100
2026/08/05 00:13:12.077, 21096, 82
2026/08/05 00:13:13.077, 21096, 100
2026/08/05 00:13:14.077, 21096, 100
2026/08/05 00:13:15.077, 21096, 100
2026/08/05 00:13:16.078, 21096, 100
2026/08/05 00:13:17.078, 21096, 83
2026/08/05 00:13:18.078, 21096, 100
2026/08/05 00:13:19.078, 21096, 100
2026/08/05 00:13:20.078, 21096, 100
2026/08/05 00:13:21.079, 21096, 100
2026/08/05 00:13:22.079, 21096, 100
2026/08/05 00:13:23.079, 21096, 100
2026/08/05 00:13:24.080, 21096, 100
2026/08/05 00:13:25.080, 21096, 100
2026/08/05 00:13:26.080, 21096, 94
2026/08/05 00:13:27.080, 21096, 100
2026/08/05 00:13:28.081, 21096, 100
2026/08/05 00:13:29.081, 21096, 100
2026/08/05 00:13:30.081, 21096, 100
2026/08/05 00:13:31.081, 21096, 95
2026/08/05 00:13:32.081, 21096, 100
2026/08/05 00:13:33.082, 21096, 100
2026/08/05 00:13:34.082, 21096, 100
2026/08/05 00:13:35.082, 21096, 85
2026/08/05 00:13:36.082, 21096, 100
2026/08/05 00:13:37.082, 21096, 100
2026/08/05 00:13:38.083, 21096, 84
2026/08/05 00:13:39.083, 21096, 100
2026/08/05 00:13:40.083, 21096, 84
2026/08/05 00:13:41.083, 21096, 100
2026/08/05 00:13:42.084, 21096, 89
2026/08/05 00:13:43.084, 21096, 84
2026/08/05 00:13:44.084, 21096, 100
2026/08/05 00:13:45.085, 21096, 100
2026/08/05 00:13:46.085, 21096, 100
2026/08/05 00:13:47.085, 21096, 100
2026/08/05 00:13:48.085, 21096, 82
2026/08/05 00:13:49.086, 21096, 100
2026/08/05 00:13:50.086, 21096, 100
2026/08/05 00:13:51.086, 21096, 100
2026/08/05 00:13:52.086, 21096, 100
2026/08/05 00:13:53.087, 21096, 67
2026/08/05 00:13:54.087, 21096, 100
2026/08/05 00:13:55.087, 21096, 96
2026/08/05 00:13:56.087, 21096, 84
2026/08/05 00:13:57.088, 21096, 100
2026/08/05 00:13:58.088, 21096, 100
2026/08/05 00:13:59.088, 21096, 100
2026/08/05 00:14:00.088, 21096, 84
2026/08/05 00:14:01.089, 21096, 100
2026/08/05 00:14:02.089, 21096, 86
2026/08/05 00:14:03.089, 21096, 100
2026/08/05 00:14:04.089, 21096, 100
2026/08/05 00:14:05.090, 21096, 100
2026/08/05 00:14:06.090, 21096, 100
2026/08/05 00:14:07.090, 21096, 100
2026/08/05 00:14:08.090, 21096, 100
2026/08/05 00:14:09.091, 21096, 100
2026/08/05 00:14:10.091, 21096, 84
2026/08/05 00:14:11.091, 21096, 84
2026/08/05 00:14:12.091, 21096, 100
2026/08/05 00:14:13.091, 21096, 100
2026/08/05 00:14:14.092, 21096, 100
2026/08/05 00:14:15.092, 21096, 100
2026/08/05 00:14:16.092, 21096, 100
2026/08/05 00:14:17.092, 21096, 67
2026/08/05 00:14:18.093, 21096, 100
2026/08/05 00:14:19.093, 21096, 100
2026/08/05 00:14:20.093, 21096, 100
2026/08/05 00:14:21.093, 21096, 100
2026/08/05 00:14:22.094, 21096, 84
2026/08/05 00:14:23.094, 21096, 100
2026/08/05 00:14:24.094, 21096, 100
2026/08/05 00:14:25.094, 21096, 100
2026/08/05 00:14:26.094, 21096, 100
2026/08/05 00:14:27.095, 21096, 84
2026/08/05 00:14:28.095, 21096, 100
2026/08/05 00:14:29.095, 21096, 100
2026/08/05 00:14:30.095, 21096, 100
2026/08/05 00:14:31.096, 21096, 100
2026/08/05 00:14:32.096, 21096, 85
2026/08/05 00:14:33.096, 21096, 100
2026/08/05 00:14:34.096, 21096, 100
2026/08/05 00:14:35.097, 21096, 100
2026/08/05 00:14:36.097, 21096, 100
2026/08/05 00:14:37.097, 21096, 100
2026/08/05 00:14:38.097, 21096, 100
2026/08/05 00:14:39.097, 21096, 100
2026/08/05 00:14:40.098, 21096, 100
2026/08/05 00:14:41.098, 21096, 100
2026/08/05 00:14:42.098, 21096, 100
2026/08/05 00:14:43.099, 21096, 100
2026/08/05 00:14:44.099, 21096, 100
2026/08/05 00:14:45.099, 21096, 83
2026/08/05 00:14:46.099, 21096, 100
2026/08/05 00:14:47.099, 21096, 86
2026/08/05 00:14:48.100, 21096, 100
2026/08/05 00:14:49.100, 21096, 100
2026/08/05 00:14:50.100, 21096, 100
2026/08/05 00:14:51.101, 21096, 100
2026/08/05 00:14:52.101, 21096, 100
2026/08/05 00:14:53.101, 21096, 100
2026/08/05 00:14:54.101, 21096, 100
2026/08/05 00:14:55.102, 21096, 100
2026/08/05 00:14:56.102, 21096, 100
2026/08/05 00:14:57.102, 21096, 100
2026/08/05 00:14:58.102, 21096, 100
2026/08/05 00:14:59.103, 21096, 100
2026/08/05 00:15:00.103, 21096, 100
2026/08/05 00:15:01.103, 21096, 100
2026/08/05 00:15:02.103, 21096, 100
2026/08/05 00:15:03.104, 21096, 100
2026/08/05 00:15:04.104, 21096, 100
2026/08/05 00:15:05.104, 21096, 100
2026/08/05 00:15:06.104, 21096, 100
2026/08/05 00:15:07.104, 21096, 100
2026/08/05 00:15:08.105, 21096, 100
2026/08/05 00:15:09.105, 21096, 100
2026/08/05 00:15:10.105, 21096, 100
2026/08/05 00:15:11.105, 21096, 100
2026/08/05 00:15:12.106, 21096, 100
2026/08/05 00:15:13.106, 21096, 100
2026/08/05 00:15:14.106, 21096, 100
2026/08/05 00:15:15.106, 21096, 65
2026/08/05 00:15:16.106, 21096, 86
2026/08/05 00:15:17.107, 21096, 65
2026/08/05 00:15:18.107, 21096, 100
2026/08/05 00:15:19.107, 21096, 100
2026/08/05 00:15:20.108, 21096, 100
2026/08/05 00:15:21.108, 21096, 100
2026/08/05 00:15:22.108, 21096, 100
2026/08/05 00:15:23.108, 21096, 100
2026/08/05 00:15:24.109, 21096, 100
2026/08/05 00:15:25.109, 21096, 91
2026/08/05 00:15:26.109, 21096, 85
2026/08/05 00:15:27.109, 21096, 100
2026/08/05 00:15:28.109, 21096, 85
2026/08/05 00:15:29.110, 21096, 100
2026/08/05 00:15:30.110, 21096, 100
2026/08/05 00:15:31.110, 21096, 85
2026/08/05 00:15:32.110, 21096, 100
2026/08/05 00:15:33.110, 21096, 100
2026/08/05 00:15:34.111, 21096, 100
2026/08/05 00:15:35.111, 21096, 100
2026/08/05 00:15:36.111, 21096, 100
2026/08/05 00:15:37.111, 21096, 100
2026/08/05 00:15:38.112, 21096, 85
2026/08/05 00:15:39.112, 21096, 100
2026/08/05 00:15:40.112, 21096, 85
2026/08/05 00:15:41.112, 21096, 100
2026/08/05 00:15:42.112, 21096, 100
2026/08/05 00:15:43.113, 21096, 100
2026/08/05 00:15:44.113, 21096, 100
2026/08/05 00:15:45.113, 21096, 100
2026/08/05 00:15:46.113, 21096, 100
2026/08/05 00:15:47.114, 21096, 100
2026/08/05 00:15:48.114, 21096, 100
2026/08/05 00:15:49.114, 21096, 84
2026/08/05 00:15:50.114, 21096, 100
2026/08/05 00:15:51.115, 21096, 100
2026/08/05 00:15:52.115, 21096, 100
2026/08/05 00:15:53.115, 21096, 85
2026/08/05 00:15:54.115, 21096, 100
2026/08/05 00:15:55.116, 21096, 100
2026/08/05 00:15:56.116, 21096, 100
2026/08/05 00:15:57.116, 21096, 100
2026/08/05 00:15:58.116, 21096, 100
2026/08/05 00:15:59.116, 21096, 100
2026/08/05 00:16:00.117, 21096, 100
2026/08/05 00:16:01.117, 21096, 84
2026/08/05 00:16:02.117, 21096, 83
2026/08/05 00:16:03.117, 21096, 100
2026/08/05 00:16:04.118, 21096, 100
2026/08/05 00:16:05.118, 21096, 67
2026/08/05 00:16:06.118, 21096, 100
2026/08/05 00:16:07.118, 21096, 100
2026/08/05 00:16:08.118, 21096, 100
2026/08/05 00:16:09.119, 21096, 100
2026/08/05 00:16:10.119, 21096, 100
2026/08/05 00:16:11.119, 21096, 100
2026/08/05 00:16:12.119, 21096, 100
2026/08/05 00:16:13.120, 21096, 100
2026/08/05 00:16:14.120, 21096, 100
2026/08/05 00:16:15.120, 21096, 100
2026/08/05 00:16:16.121, 21096, 100
2026/08/05 00:16:17.121, 21096, 100
2026/08/05 00:16:18.121, 21096, 89
2026/08/05 00:16:19.121, 21096, 100
2026/08/05 00:16:20.124, 21096, 100
2026/08/05 00:16:21.124, 21096, 100
2026/08/05 00:16:22.124, 21096, 100
2026/08/05 00:16:23.125, 21096, 100
2026/08/05 00:16:24.125, 21096, 82
2026/08/05 00:16:25.125, 21096, 100
2026/08/05 00:16:26.125, 21096, 100
2026/08/05 00:16:27.126, 21096, 100
2026/08/05 00:16:28.126, 21096, 100
2026/08/05 00:16:29.126, 21096, 100
2026/08/05 00:16:30.127, 21096, 100
2026/08/05 00:16:31.128, 21096, 84
2026/08/05 00:16:32.128, 21096, 100
2026/08/05 00:16:33.128, 21096, 100
2026/08/05 00:16:34.129, 21096, 100
2026/08/05 00:16:35.129, 21096, 100
2026/08/05 00:16:36.129, 21096, 100
2026/08/05 00:16:37.129, 21096, 100
2026/08/05 00:16:38.130, 21096, 100
2026/08/05 00:16:39.130, 21096, 83
2026/08/05 00:16:40.130, 21096, 100
2026/08/05 00:16:41.131, 21096, 100
2026/08/05 00:16:42.131, 21096, 100
2026/08/05 00:16:43.131, 21096, 100
2026/08/05 00:16:44.131, 21096, 100
2026/08/05 00:16:45.132, 21096, 100
2026/08/05 00:16:46.132, 21096, 100
2026/08/05 00:16:47.132, 21096, 100
2026/08/05 00:16:48.132, 21096, 100
2026/08/05 00:16:49.133, 21096, 100
2026/08/05 00:16:50.133, 21096, 100
2026/08/05 00:16:51.133, 21096, 100
2026/08/05 00:16:52.134, 21096, 100
2026/08/05 00:16:53.134, 21096, 100
2026/08/05 00:16:54.134, 21096, 100
2026/08/05 00:16:55.134, 21096, 100
2026/08/05 00:16:56.135, 21096, 100
2026/08/05 00:16:57.135, 21096, 100
2026/08/05 00:16:58.135, 21096, 100
2026/08/05 00:16:59.136, 21096, 100
2026/08/05 00:17:00.136, 21096, 100
2026/08/05 00:17:01.136, 21096, 100
2026/08/05 00:17:02.137, 21096, 100
2026/08/05 00:17:03.137, 21096, 100
2026/08/05 00:17:04.137, 21096, 100
2026/08/05 00:17:05.138, 21096, 91
2026/08/05 00:17:06.138, 21096, 84
2026/08/05 00:17:07.138, 21096, 100
2026/08/05 00:17:08.139, 21096, 100
2026/08/05 00:17:09.139, 21096, 100
2026/08/05 00:17:10.139, 21096, 100
2026/08/05 00:17:11.140, 21096, 100
2026/08/05 00:17:12.140, 21096, 100
2026/08/05 00:17:13.141, 21096, 100
2026/08/05 00:17:14.141, 21096, 100
2026/08/05 00:17:15.143, 21096, 100
2026/08/05 00:17:16.143, 21096, 100
2026/08/05 00:17:17.144, 21096, 100
2026/08/05 00:17:18.144, 21096, 100
2026/08/05 00:17:19.144, 21096, 100
2026/08/05 00:17:20.145, 21096, 100
2026/08/05 00:17:21.145, 21096, 100
2026/08/05 00:17:22.145, 21096, 100
2026/08/05 00:17:23.145, 21096, 100
2026/08/05 00:17:24.146, 21096, 100
2026/08/05 00:17:25.147, 21096, 100
2026/08/05 00:17:26.147, 21096, 100
2026/08/05 00:17:27.148, 21096, 66
2026/08/05 00:17:28.148, 21096, 100
2026/08/05 00:17:29.149, 21096, 100
2026/08/05 00:17:30.149, 21096, 100
2026/08/05 00:17:31.150, 21096, 100
2026/08/05 00:17:32.151, 21096, 100
2026/08/05 00:17:33.151, 21096, 100
2026/08/05 00:17:34.151, 21096, 100
2026/08/05 00:17:35.152, 21096, 100
2026/08/05 00:17:36.152, 21096, 64
2026/08/05 00:17:37.153, 21096, 100
2026/08/05 00:17:38.153, 21096, 100
2026/08/05 00:17:39.153, 21096, 100
2026/08/05 00:17:40.153, 21096, 100
2026/08/05 00:17:41.154, 21096, 85
2026/08/05 00:17:42.154, 21096, 100
2026/08/05 00:17:43.154, 21096, 85
2026/08/05 00:17:44.155, 21096, 100
2026/08/05 00:17:45.155, 21096, 100
2026/08/05 00:17:46.155, 21096, 100
2026/08/05 00:17:47.156, 21096, 100
2026/08/05 00:17:48.156, 21096, 100
2026/08/05 00:17:49.156, 21096, 100
2026/08/05 00:17:50.160, 21096, 100
2026/08/05 00:17:51.160, 21096, 100
2026/08/05 00:17:52.161, 21096, 100
2026/08/05 00:17:53.161, 21096, 100
2026/08/05 00:17:54.161, 21096, 100
2026/08/05 00:17:55.161, 21096, 92
2026/08/05 00:17:56.162, 21096, 100
2026/08/05 00:17:57.162, 21096, 100
2026/08/05 00:17:58.162, 21096, 100
2026/08/05 00:17:59.163, 21096, 100
2026/08/05 00:18:00.163, 21096, 100
2026/08/05 00:18:01.163, 21096, 100
2026/08/05 00:18:02.163, 21096, 100
2026/08/05 00:18:03.163, 21096, 100
2026/08/05 00:18:04.164, 21096, 100
2026/08/05 00:18:05.164, 21096, 100
2026/08/05 00:18:06.165, 21096, 93
2026/08/05 00:18:07.165, 21096, 100
2026/08/05 00:18:08.165, 21096, 100
2026/08/05 00:18:09.166, 21096, 100
2026/08/05 00:18:10.166, 21096, 100
2026/08/05 00:18:11.166, 21096, 100
2026/08/05 00:18:12.166, 21096, 100
2026/08/05 00:18:13.166, 21096, 100
2026/08/05 00:18:14.167, 21096, 100
2026/08/05 00:18:15.173, 21096, 100
2026/08/05 00:18:16.173, 21096, 100
2026/08/05 00:18:17.173, 21096, 100
2026/08/05 00:18:18.173, 21096, 100
2026/08/05 00:18:19.174, 21096, 100
2026/08/05 00:18:20.174, 21096, 100
2026/08/05 00:18:21.174, 21096, 100
2026/08/05 00:18:22.174, 21096, 100
2026/08/05 00:18:23.175, 21096, 100
2026/08/05 00:18:24.175, 21096, 100
2026/08/05 00:18:25.175, 21096, 100
2026/08/05 00:18:26.175, 21096, 100
2026/08/05 00:18:27.176, 21096, 100
2026/08/05 00:18:28.176, 21096, 100
2026/08/05 00:18:29.176, 21096, 100
2026/08/05 00:18:30.176, 21096, 100
2026/08/05 00:18:31.177, 21096, 100
2026/08/05 00:18:32.177, 21096, 100
2026/08/05 00:18:33.177, 21096, 100
2026/08/05 00:18:34.177, 21096, 100
2026/08/05 00:18:35.178, 21096, 100
2026/08/05 00:18:36.178, 21096, 100
2026/08/05 00:18:37.178, 21096, 100
2026/08/05 00:18:38.178, 21096, 100
2026/08/05 00:18:39.179, 21096, 100
2026/08/05 00:18:40.181, 21096, 100
2026/08/05 00:18:41.181, 21096, 100
2026/08/05 00:18:42.182, 21096, 100
2026/08/05 00:18:43.182, 21096, 92
2026/08/05 00:18:44.182, 21096, 100
2026/08/05 00:18:45.182, 21096, 100
2026/08/05 00:18:46.183, 21096, 100
2026/08/05 00:18:47.183, 21096, 100
2026/08/05 00:18:48.183, 21096, 100
2026/08/05 00:18:49.183, 21096, 100
2026/08/05 00:18:50.184, 21096, 100
2026/08/05 00:18:51.184, 21096, 100
2026/08/05 00:18:53.410, 21096, 100
2026/08/05 00:18:54.410, 21096, 100
2026/08/05 00:18:55.410, 21096, 100
2026/08/05 00:18:56.411, 21096, 100
2026/08/05 00:18:57.411, 21096, 100
2026/08/05 00:18:58.411, 21096, 100
2026/08/05 00:18:59.411, 21096, 89
2026/08/05 00:19:00.412, 21096, 100
2026/08/05 00:19:01.412, 21096, 100
2026/08/05 00:19:02.412, 21096, 100
2026/08/05 00:19:03.413, 21096, 100
2026/08/05 00:19:04.413, 21096, 100
2026/08/05 00:19:05.413, 21096, 100
2026/08/05 00:19:06.413, 21096, 100
2026/08/05 00:19:07.414, 21096, 100
2026/08/05 00:19:08.414, 21096, 100
2026/08/05 00:19:09.414, 21096, 100
2026/08/05 00:19:10.415, 21096, 100
2026/08/05 00:19:11.415, 21096, 100
2026/08/05 00:19:12.416, 21096, 84
2026/08/05 00:19:13.416, 21096, 62
2026/08/05 00:19:14.417, 21096, 100
2026/08/05 00:19:15.417, 21096, 100
2026/08/05 00:19:16.417, 21096, 83
2026/08/05 00:19:17.418, 21096, 100
2026/08/05 00:19:18.418, 21096, 100
2026/08/05 00:19:19.418, 21096, 100
2026/08/05 00:19:20.418, 21096, 100
2026/08/05 00:19:21.419, 21096, 100
2026/08/05 00:19:22.419, 21096, 100
2026/08/05 00:19:23.419, 21096, 100
2026/08/05 00:19:24.419, 21096, 86
2026/08/05 00:19:25.420, 21096, 100
2026/08/05 00:19:26.420, 21096, 100
2026/08/05 00:19:27.420, 21096, 100
2026/08/05 00:19:28.420, 21096, 100
2026/08/05 00:19:29.421, 21096, 100
2026/08/05 00:19:30.421, 21096, 100
2026/08/05 00:19:31.421, 21096, 100
2026/08/05 00:19:32.422, 21096, 100
2026/08/05 00:19:33.422, 21096, 100
2026/08/05 00:19:34.422, 21096, 100
2026/08/05 00:19:35.423, 21096, 100
2026/08/05 00:19:36.423, 21096, 100
2026/08/05 00:19:37.423, 21096, 100
2026/08/05 00:19:38.423, 21096, 100
2026/08/05 00:19:39.424, 21096, 100
2026/08/05 00:19:40.424, 21096, 100
2026/08/05 00:19:41.424, 21096, 100
2026/08/05 00:19:42.424, 21096, 100
2026/08/05 00:19:43.424, 21096, 100
2026/08/05 00:19:44.425, 21096, 100
2026/08/05 00:19:45.425, 21096, 100
2026/08/05 00:19:46.426, 21096, 100
2026/08/05 00:19:47.426, 21096, 100
2026/08/05 00:19:48.426, 21096, 84
2026/08/05 00:19:49.426, 21096, 100
2026/08/05 00:19:50.427, 21096, 100
2026/08/05 00:19:51.427, 21096, 83
2026/08/05 00:19:52.427, 21096, 100
2026/08/05 00:19:53.428, 21096, 100
2026/08/05 00:19:54.428, 21096, 100
2026/08/05 00:19:55.428, 21096, 100
2026/08/05 00:19:56.428, 21096, 85
2026/08/05 00:19:57.429, 21096, 100
2026/08/05 00:19:58.429, 21096, 100
2026/08/05 00:19:59.429, 21096, 100
2026/08/05 00:20:00.429, 21096, 100
2026/08/05 00:20:01.430, 21096, 85
2026/08/05 00:20:02.430, 21096, 100
2026/08/05 00:20:03.430, 21096, 100
2026/08/05 00:20:04.431, 21096, 100
2026/08/05 00:20:05.431, 21096, 100
2026/08/05 00:20:06.432, 21096, 100
2026/08/05 00:20:07.432, 21096, 84
2026/08/05 00:20:08.432, 21096, 84
2026/08/05 00:20:09.433, 21096, 84
2026/08/05 00:20:10.433, 21096, 100
2026/08/05 00:20:11.433, 21096, 100
2026/08/05 00:20:12.434, 21096, 100
2026/08/05 00:20:13.434, 21096, 100
2026/08/05 00:20:14.434, 21096, 100
2026/08/05 00:20:15.434, 21096, 100
2026/08/05 00:20:16.435, 21096, 100
2026/08/05 00:20:17.435, 21096, 93
2026/08/05 00:20:18.435, 21096, 89
2026/08/05 00:20:19.435, 21096, 82
2026/08/05 00:20:20.436, 21096, 100
2026/08/05 00:20:21.436, 21096, 73
2026/08/05 00:20:22.437, 21096, 75
2026/08/05 00:20:23.437, 21096, 100
2026/08/05 00:20:24.437, 21096, 100
2026/08/05 00:20:25.438, 21096, 100
2026/08/05 00:20:26.438, 21096, 100
2026/08/05 00:20:27.438, 21096, 100
2026/08/05 00:20:28.438, 21096, 100
2026/08/05 00:20:29.439, 21096, 100
2026/08/05 00:20:30.439, 21096, 100
2026/08/05 00:20:31.440, 21096, 100
2026/08/05 00:20:32.440, 21096, 100
2026/08/05 00:20:33.440, 21096, 100
2026/08/05 00:20:34.441, 21096, 82
2026/08/05 00:20:35.441, 21096, 100
2026/08/05 00:20:36.441, 21096, 100
2026/08/05 00:20:37.442, 21096, 100
2026/08/05 00:20:38.442, 21096, 100
2026/08/05 00:20:39.442, 21096, 100
2026/08/05 00:20:40.443, 21096, 100
2026/08/05 00:20:41.443, 21096, 100
2026/08/05 00:20:42.444, 21096, 85
2026/08/05 00:20:43.444, 21096, 100
2026/08/05 00:20:44.444, 21096, 100
2026/08/05 00:20:45.445, 21096, 100
2026/08/05 00:20:46.445, 21096, 100
2026/08/05 00:20:47.445, 21096, 100
2026/08/05 00:20:48.446, 21096, 100
2026/08/05 00:20:49.446, 21096, 100
2026/08/05 00:20:50.446, 21096, 100
2026/08/05 00:20:51.447, 21096, 100
2026/08/05 00:20:52.447, 21096, 100
2026/08/05 00:20:53.447, 21096, 100
2026/08/05 00:20:54.448, 21096, 100
2026/08/05 00:20:55.448, 21096, 100
2026/08/05 00:20:56.449, 21096, 100
2026/08/05 00:20:57.449, 21096, 100
2026/08/05 00:20:58.449, 21096, 100
2026/08/05 00:20:59.450, 21096, 100
2026/08/05 00:21:00.450, 21096, 100
2026/08/05 00:21:01.451, 21096, 100
2026/08/05 00:21:02.451, 21096, 100
2026/08/05 00:21:03.451, 21096, 100
2026/08/05 00:21:04.452, 21096, 100
2026/08/05 00:21:05.452, 21096, 100
2026/08/05 00:21:06.452, 21096, 81
2026/08/05 00:21:07.453, 21096, 60
2026/08/05 00:21:08.453, 21096, 100
2026/08/05 00:21:09.453, 21096, 100
2026/08/05 00:21:10.453, 21096, 100
2026/08/05 00:21:11.454, 21096, 100
2026/08/05 00:21:12.454, 21096, 100
2026/08/05 00:21:13.454, 21096, 81
2026/08/05 00:21:14.454, 21096, 100
2026/08/05 00:21:15.455, 21096, 100
2026/08/05 00:21:16.455, 21096, 100
2026/08/05 00:21:17.455, 21096, 100
2026/08/05 00:21:18.455, 21096, 100
2026/08/05 00:21:19.455, 21096, 100
2026/08/05 00:21:20.456, 21096, 100
2026/08/05 00:21:21.456, 21096, 100
2026/08/05 00:21:22.456, 21096, 62
2026/08/05 00:21:23.456, 21096, 100
2026/08/05 00:21:24.456, 21096, 100
2026/08/05 00:21:25.457, 21096, 100
2026/08/05 00:21:26.457, 21096, 100
2026/08/05 00:21:27.457, 21096, 100
2026/08/05 00:21:28.458, 21096, 94
2026/08/05 00:21:29.458, 21096, 100
2026/08/05 00:21:30.458, 21096, 100
2026/08/05 00:21:31.458, 21096, 100
2026/08/05 00:21:32.459, 21096, 84
2026/08/05 00:21:33.459, 21096, 100
2026/08/05 00:21:34.459, 21096, 85
2026/08/05 00:21:35.459, 21096, 100
2026/08/05 00:21:36.460, 21096, 100
2026/08/05 00:21:37.460, 21096, 100
2026/08/05 00:21:38.460, 21096, 100
2026/08/05 00:21:39.460, 21096, 100
2026/08/05 00:21:40.461, 21096, 100
2026/08/05 00:21:41.461, 21096, 100
2026/08/05 00:21:42.461, 21096, 100
2026/08/05 00:21:43.461, 21096, 100
2026/08/05 00:21:44.461, 21096, 100
2026/08/05 00:21:45.462, 21096, 100
2026/08/05 00:21:46.462, 21096, 100
2026/08/05 00:21:47.462, 21096, 100
2026/08/05 00:21:48.463, 21096, 100
2026/08/05 00:21:49.463, 21096, 100
2026/08/05 00:21:50.463, 21096, 100
2026/08/05 00:21:51.464, 21096, 100
2026/08/05 00:21:52.464, 21096, 100
2026/08/05 00:21:53.464, 21096, 100
2026/08/05 00:21:54.464, 21096, 100
2026/08/05 00:21:55.464, 21096, 100
2026/08/05 00:21:56.465, 21096, 100
2026/08/05 00:21:57.465, 21096, 100
2026/08/05 00:21:58.465, 21096, 100
2026/08/05 00:21:59.465, 21096, 87
2026/08/05 00:22:00.465, 21096, 100
2026/08/05 00:22:01.466, 21096, 100
2026/08/05 00:22:02.466, 21096, 100
2026/08/05 00:22:03.466, 21096, 100
2026/08/05 00:22:04.466, 21096, 84
2026/08/05 00:22:05.467, 21096, 100
2026/08/05 00:22:06.467, 21096, 100
2026/08/05 00:22:07.467, 21096, 100
2026/08/05 00:22:08.467, 21096, 100
2026/08/05 00:22:09.467, 21096, 100
2026/08/05 00:22:10.468, 21096, 100
2026/08/05 00:22:11.468, 21096, 100
2026/08/05 00:22:12.468, 21096, 79
2026/08/05 00:22:13.468, 21096, 100
2026/08/05 00:22:14.469, 21096, 100
2026/08/05 00:22:15.469, 21096, 100
2026/08/05 00:22:16.469, 21096, 100
2026/08/05 00:22:17.469, 21096, 86
2026/08/05 00:22:18.470, 21096, 100
2026/08/05 00:22:19.470, 21096, 100
2026/08/05 00:22:20.470, 21096, 100
2026/08/05 00:22:21.471, 21096, 100
2026/08/05 00:22:22.471, 21096, 100
2026/08/05 00:22:23.471, 21096, 100
2026/08/05 00:22:24.472, 21096, 100
2026/08/05 00:22:25.472, 21096, 84
2026/08/05 00:22:26.472, 21096, 100
2026/08/05 00:22:27.472, 21096, 100
2026/08/05 00:22:28.473, 21096, 93
2026/08/05 00:22:29.473, 21096, 100
2026/08/05 00:22:30.473, 21096, 100
2026/08/05 00:22:31.474, 21096, 100
2026/08/05 00:22:32.474, 21096, 100
2026/08/05 00:22:33.474, 21096, 100
2026/08/05 00:22:34.475, 21096, 100
2026/08/05 00:22:35.475, 21096, 100
2026/08/05 00:22:36.475, 21096, 100
2026/08/05 00:22:37.476, 21096, 100
2026/08/05 00:22:38.476, 21096, 100
2026/08/05 00:22:39.476, 21096, 100
2026/08/05 00:22:40.477, 21096, 100
2026/08/05 00:22:41.477, 21096, 100
2026/08/05 00:22:42.477, 21096, 84
2026/08/05 00:22:43.478, 21096, 100
2026/08/05 00:22:44.478, 21096, 100
2026/08/05 00:22:45.478, 21096, 100
2026/08/05 00:22:46.478, 21096, 100
2026/08/05 00:22:47.479, 21096, 100
2026/08/05 00:22:48.479, 21096, 85
2026/08/05 00:22:49.479, 21096, 100
2026/08/05 00:22:50.479, 21096, 100
2026/08/05 00:22:51.479, 21096, 100
2026/08/05 00:22:52.480, 21096, 100
2026/08/05 00:22:53.480, 21096, 100
2026/08/05 00:22:54.480, 21096, 100
2026/08/05 00:22:55.480, 21096, 100
2026/08/05 00:22:56.481, 21096, 100
2026/08/05 00:22:57.481, 21096, 100
2026/08/05 00:22:58.481, 21096, 93
2026/08/05 00:22:59.481, 21096, 100
2026/08/05 00:23:00.481, 21096, 100
2026/08/05 00:23:01.482, 21096, 100
2026/08/05 00:23:02.482, 21096, 100
2026/08/05 00:23:03.482, 21096, 100
2026/08/05 00:23:04.482, 21096, 100
2026/08/05 00:23:05.483, 21096, 86
2026/08/05 00:23:06.483, 21096, 100
2026/08/05 00:23:07.483, 21096, 100
2026/08/05 00:23:08.483, 21096, 100
2026/08/05 00:23:09.483, 21096, 100
2026/08/05 00:23:10.484, 21096, 100
2026/08/05 00:23:11.484, 21096, 83
2026/08/05 00:23:12.484, 21096, 100
2026/08/05 00:23:13.485, 21096, 100
2026/08/05 00:23:14.485, 21096, 100
2026/08/05 00:23:15.485, 21096, 100
2026/08/05 00:23:16.485, 21096, 100
2026/08/05 00:23:17.486, 21096, 100
2026/08/05 00:23:18.486, 21096, 100
2026/08/05 00:23:19.486, 21096, 100
2026/08/05 00:23:20.486, 21096, 100
2026/08/05 00:23:21.487, 21096, 85
2026/08/05 00:23:22.487, 21096, 100
2026/08/05 00:23:23.487, 21096, 100
2026/08/05 00:23:24.487, 21096, 100
2026/08/05 00:23:25.488, 21096, 100
2026/08/05 00:23:26.488, 21096, 92
2026/08/05 00:23:27.488, 21096, 100
2026/08/05 00:23:28.489, 21096, 100
2026/08/05 00:23:29.489, 21096, 100
2026/08/05 00:23:30.489, 21096, 100
2026/08/05 00:23:31.489, 21096, 100
2026/08/05 00:23:32.489, 21096, 100
2026/08/05 00:23:33.490, 21096, 100
2026/08/05 00:23:34.490, 21096, 100
2026/08/05 00:23:35.490, 21096, 100
2026/08/05 00:23:36.490, 21096, 100
2026/08/05 00:23:37.491, 21096, 100
2026/08/05 00:23:38.491, 21096, 100
2026/08/05 00:23:39.491, 21096, 100
2026/08/05 00:23:40.492, 21096, 100
2026/08/05 00:23:41.492, 21096, 100
2026/08/05 00:23:42.492, 21096, 100
2026/08/05 00:23:43.492, 21096, 100
2026/08/05 00:23:44.492, 21096, 85
2026/08/05 00:23:45.493, 21096, 100
2026/08/05 00:23:46.493, 21096, 63
2026/08/05 00:23:47.493, 21096, 100
2026/08/05 00:23:48.493, 21096, 100
2026/08/05 00:23:49.493, 21096, 82
2026/08/05 00:23:50.494, 21096, 100
2026/08/05 00:23:51.494, 21096, 100
2026/08/05 00:23:52.494, 21096, 100
2026/08/05 00:23:53.494, 21096, 100
2026/08/05 00:23:54.495, 21096, 100
2026/08/05 00:23:55.495, 21096, 100
2026/08/05 00:23:56.495, 21096, 100
2026/08/05 00:23:57.495, 21096, 100
2026/08/05 00:23:58.496, 21096, 100
2026/08/05 00:23:59.496, 21096, 100
2026/08/05 00:24:00.496, 21096, 84
2026/08/05 00:24:01.496, 21096, 100
2026/08/05 00:24:02.496, 21096, 100
2026/08/05 00:24:03.497, 21096, 100
2026/08/05 00:24:04.497, 21096, 100
2026/08/05 00:24:05.497, 21096, 100
2026/08/05 00:24:06.497, 21096, 100
2026/08/05 00:24:07.498, 21096, 100
2026/08/05 00:24:08.498, 21096, 100
2026/08/05 00:24:09.498, 21096, 100
2026/08/05 00:24:10.498, 21096, 100
2026/08/05 00:24:11.499, 21096, 100
2026/08/05 00:24:12.499, 21096, 100
2026/08/05 00:24:13.499, 21096, 100
2026/08/05 00:24:14.499, 21096, 100
2026/08/05 00:24:15.500, 21096, 100
2026/08/05 00:24:16.500, 21096, 100
2026/08/05 00:24:17.500, 21096, 100
2026/08/05 00:24:18.500, 21096, 100
2026/08/05 00:24:19.500, 21096, 100
2026/08/05 00:24:20.501, 21096, 100
2026/08/05 00:24:21.501, 21096, 100
2026/08/05 00:24:22.501, 21096, 100
2026/08/05 00:24:23.501, 21096, 100
2026/08/05 00:24:24.502, 21096, 100
2026/08/05 00:24:25.502, 21096, 100
2026/08/05 00:24:26.502, 21096, 100
2026/08/05 00:24:27.502, 21096, 100
2026/08/05 00:24:28.502, 21096, 100
2026/08/05 00:24:29.503, 21096, 100
2026/08/05 00:24:30.503, 21096, 74
2026/08/05 00:24:31.503, 21096, 100
2026/08/05 00:24:32.503, 21096, 100
2026/08/05 00:24:33.504, 21096, 100
2026/08/05 00:24:34.504, 21096, 100
2026/08/05 00:24:35.504, 21096, 100
2026/08/05 00:24:36.504, 21096, 100
2026/08/05 00:24:37.505, 21096, 100
2026/08/05 00:24:38.505, 21096, 100
2026/08/05 00:24:39.505, 21096, 100
2026/08/05 00:24:40.505, 21096, 86
2026/08/05 00:24:41.505, 21096, 100
2026/08/05 00:24:42.506, 21096, 100
2026/08/05 00:24:43.506, 21096, 100
2026/08/05 00:24:44.506, 21096, 100
2026/08/05 00:24:45.507, 21096, 100
2026/08/05 00:24:46.507, 21096, 100
2026/08/05 00:24:47.507, 21096, 100
2026/08/05 00:24:48.507, 21096, 100
2026/08/05 00:24:49.508, 21096, 92
2026/08/05 00:24:50.508, 21096, 94
2026/08/05 00:24:51.508, 21096, 100
2026/08/05 00:24:52.508, 21096, 100
2026/08/05 00:24:53.508, 21096, 100
2026/08/05 00:24:54.509, 21096, 100
2026/08/05 00:24:55.509, 21096, 66
2026/08/05 00:24:56.509, 21096, 100
2026/08/05 00:24:57.509, 21096, 100
2026/08/05 00:24:58.510, 21096, 100
2026/08/05 00:24:59.510, 21096, 100
2026/08/05 00:25:00.510, 21096, 100
2026/08/05 00:25:01.510, 21096, 100
2026/08/05 00:25:02.510, 21096, 100
2026/08/05 00:25:03.511, 21096, 100
2026/08/05 00:25:04.511, 21096, 100
2026/08/05 00:25:05.511, 21096, 100
2026/08/05 00:25:06.512, 21096, 100
2026/08/05 00:25:07.512, 21096, 100
2026/08/05 00:25:08.512, 21096, 100
2026/08/05 00:25:09.512, 21096, 100
2026/08/05 00:25:10.512, 21096, 100
2026/08/05 00:25:11.513, 21096, 83
2026/08/05 00:25:12.513, 21096, 100
2026/08/05 00:25:13.513, 21096, 100
2026/08/05 00:25:14.513, 21096, 100
2026/08/05 00:25:15.514, 21096, 100
2026/08/05 00:25:16.514, 21096, 83
2026/08/05 00:25:17.514, 21096, 100
2026/08/05 00:25:18.514, 21096, 100
2026/08/05 00:25:19.515, 21096, 100
2026/08/05 00:25:20.515, 21096, 97
2026/08/05 00:25:21.515, 21096, 100
2026/08/05 00:25:22.515, 21096, 100
2026/08/05 00:25:23.515, 21096, 100
2026/08/05 00:25:24.516, 21096, 100
2026/08/05 00:25:25.516, 21096, 100
2026/08/05 00:25:26.516, 21096, 100
2026/08/05 00:25:27.516, 21096, 100
2026/08/05 00:25:28.517, 21096, 100
2026/08/05 00:25:29.517, 21096, 100
2026/08/05 00:25:30.517, 21096, 100
2026/08/05 00:25:31.517, 21096, 100
2026/08/05 00:25:32.518, 21096, 84
2026/08/05 00:25:33.518, 21096, 100
2026/08/05 00:25:34.518, 21096, 100
2026/08/05 00:25:35.518, 21096, 100
2026/08/05 00:25:36.518, 21096, 100
2026/08/05 00:25:37.519, 21096, 100
2026/08/05 00:25:38.519, 21096, 100
2026/08/05 00:25:39.519, 21096, 100
2026/08/05 00:25:40.519, 21096, 76
2026/08/05 00:25:41.519, 21096, 83
2026/08/05 00:25:42.520, 21096, 100
2026/08/05 00:25:43.520, 21096, 100
2026/08/05 00:25:44.520, 21096, 63
2026/08/05 00:25:45.520, 21096, 100
2026/08/05 00:25:46.521, 21096, 100
2026/08/05 00:25:47.521, 21096, 100
2026/08/05 00:25:48.521, 21096, 100
2026/08/05 00:25:49.521, 21096, 100
2026/08/05 00:25:50.522, 21096, 100
2026/08/05 00:25:51.522, 21096, 100
2026/08/05 00:25:52.522, 21096, 100
2026/08/05 00:25:53.522, 21096, 100
2026/08/05 00:25:54.522, 21096, 63
2026/08/05 00:25:55.523, 21096, 100
2026/08/05 00:25:56.523, 21096, 100
2026/08/05 00:25:57.523, 21096, 100
2026/08/05 00:25:58.523, 21096, 100
2026/08/05 00:25:59.524, 21096, 100
2026/08/05 00:26:00.524, 21096, 100
2026/08/05 00:26:01.524, 21096, 100
2026/08/05 00:26:02.525, 21096, 100
2026/08/05 00:26:03.525, 21096, 100
2026/08/05 00:26:04.525, 21096, 100
2026/08/05 00:26:05.525, 21096, 100
2026/08/05 00:26:06.525, 21096, 100
2026/08/05 00:26:07.526, 21096, 100
2026/08/05 00:26:08.526, 21096, 100
2026/08/05 00:26:09.526, 21096, 100
2026/08/05 00:26:10.527, 21096, 100
2026/08/05 00:26:11.527, 21096, 100
2026/08/05 00:26:12.527, 21096, 100
2026/08/05 00:26:13.527, 21096, 100
2026/08/05 00:26:14.528, 21096, 100
2026/08/05 00:26:15.528, 21096, 100
2026/08/05 00:26:16.528, 21096, 100
2026/08/05 00:26:17.528, 21096, 100
2026/08/05 00:26:18.529, 21096, 85
2026/08/05 00:26:19.529, 21096, 100
2026/08/05 00:26:20.529, 21096, 100
2026/08/05 00:26:21.529, 21096, 100
2026/08/05 00:26:22.529, 21096, 100
2026/08/05 00:26:23.530, 21096, 100
2026/08/05 00:26:24.530, 21096, 100
2026/08/05 00:26:25.530, 21096, 100
2026/08/05 00:26:26.530, 21096, 100
2026/08/05 00:26:27.531, 21096, 100
2026/08/05 00:26:28.531, 21096, 100
2026/08/05 00:26:29.531, 21096, 100
2026/08/05 00:26:30.531, 21096, 100
2026/08/05 00:26:31.531, 21096, 100
2026/08/05 00:26:32.532, 21096, 86
2026/08/05 00:26:33.532, 21096, 100
2026/08/05 00:26:34.532, 21096, 97
2026/08/05 00:26:35.532, 21096, 100
2026/08/05 00:26:36.532, 21096, 100
2026/08/05 00:26:37.533, 21096, 100
2026/08/05 00:26:38.533, 21096, 100
2026/08/05 00:26:39.533, 21096, 100
2026/08/05 00:26:40.533, 21096, 100
2026/08/05 00:26:41.533, 21096, 100
2026/08/05 00:26:42.534, 21096, 66
2026/08/05 00:26:43.534, 21096, 100
2026/08/05 00:26:44.534, 21096, 100
2026/08/05 00:26:45.534, 21096, 100
2026/08/05 00:26:46.534, 21096, 100
2026/08/05 00:26:47.535, 21096, 100
2026/08/05 00:26:48.535, 21096, 85
2026/08/05 00:26:49.535, 21096, 100
2026/08/05 00:26:50.535, 21096, 100
2026/08/05 00:26:51.536, 21096, 100
2026/08/05 00:26:52.536, 21096, 100
2026/08/05 00:26:53.536, 21096, 100
2026/08/05 00:26:54.536, 21096, 100
2026/08/05 00:26:55.536, 21096, 100
2026/08/05 00:26:56.537, 21096, 100
2026/08/05 00:26:57.537, 21096, 100
2026/08/05 00:26:58.537, 21096, 100
2026/08/05 00:26:59.537, 21096, 100
2026/08/05 00:27:00.538, 21096, 100
2026/08/05 00:27:01.538, 21096, 100
2026/08/05 00:27:02.538, 21096, 84
2026/08/05 00:27:03.539, 21096, 100
2026/08/05 00:27:04.539, 21096, 100
2026/08/05 00:27:05.539, 21096, 29
2026/08/05 00:27:06.540, 21096, 100
2026/08/05 00:27:07.540, 21096, 100
2026/08/05 00:27:08.540, 21096, 100
2026/08/05 00:27:09.541, 21096, 100
2026/08/05 00:27:10.541, 21096, 100
2026/08/05 00:27:11.541, 21096, 100
2026/08/05 00:27:12.542, 21096, 100
2026/08/05 00:27:13.542, 21096, 92
2026/08/05 00:27:14.542, 21096, 100
2026/08/05 00:27:15.542, 21096, 100
2026/08/05 00:27:16.543, 21096, 85
2026/08/05 00:27:17.543, 21096, 97
2026/08/05 00:27:18.543, 21096, 100
2026/08/05 00:27:19.543, 21096, 100
2026/08/05 00:27:20.543, 21096, 100
2026/08/05 00:27:21.544, 21096, 100
2026/08/05 00:27:22.544, 21096, 100
2026/08/05 00:27:23.544, 21096, 100
2026/08/05 00:27:24.545, 21096, 83
2026/08/05 00:27:25.545, 21096, 100
2026/08/05 00:27:26.545, 21096, 100
2026/08/05 00:27:27.545, 21096, 100
2026/08/05 00:27:28.546, 21096, 86
2026/08/05 00:27:29.546, 21096, 100
2026/08/05 00:27:30.546, 21096, 83
2026/08/05 00:27:31.546, 21096, 100
2026/08/05 00:27:32.547, 21096, 100
2026/08/05 00:27:33.547, 21096, 83
2026/08/05 00:27:34.548, 21096, 83
2026/08/05 00:27:35.548, 21096, 100
2026/08/05 00:27:36.548, 21096, 100
2026/08/05 00:27:37.549, 21096, 82
2026/08/05 00:27:38.549, 21096, 100
2026/08/05 00:27:39.549, 21096, 100
2026/08/05 00:27:40.549, 21096, 100
2026/08/05 00:27:41.550, 21096, 100
2026/08/05 00:27:42.550, 21096, 100
2026/08/05 00:27:43.550, 21096, 100
2026/08/05 00:27:44.550, 21096, 100
2026/08/05 00:27:45.551, 21096, 100
2026/08/05 00:27:46.551, 21096, 84
2026/08/05 00:27:47.551, 21096, 100
2026/08/05 00:27:48.552, 21096, 100
2026/08/05 00:27:49.552, 21096, 100
2026/08/05 00:27:50.552, 21096, 100
2026/08/05 00:27:51.553, 21096, 100
2026/08/05 00:27:52.553, 21096, 100
2026/08/05 00:27:53.553, 21096, 100
2026/08/05 00:27:54.553, 21096, 100
2026/08/05 00:27:55.554, 21096, 100
2026/08/05 00:27:56.554, 21096, 90
2026/08/05 00:27:57.554, 21096, 100
2026/08/05 00:27:58.554, 21096, 100
2026/08/05 00:27:59.555, 21096, 100
2026/08/05 00:28:00.555, 21096, 100
2026/08/05 00:28:01.555, 21096, 100
2026/08/05 00:28:02.555, 21096, 100
2026/08/05 00:28:03.556, 21096, 100
2026/08/05 00:28:04.556, 21096, 100
2026/08/05 00:28:05.556, 21096, 100
2026/08/05 00:28:06.557, 21096, 100
2026/08/05 00:28:07.557, 21096, 100
2026/08/05 00:28:08.557, 21096, 86
2026/08/05 00:28:09.557, 21096, 100
2026/08/05 00:28:10.558, 21096, 100
2026/08/05 00:28:11.558, 21096, 100
2026/08/05 00:28:12.558, 21096, 100
2026/08/05 00:28:13.558, 21096, 85
2026/08/05 00:28:14.559, 21096, 100
2026/08/05 00:28:15.559, 21096, 100
2026/08/05 00:28:16.560, 21096, 100
2026/08/05 00:28:17.560, 21096, 100
2026/08/05 00:28:18.561, 21096, 100
2026/08/05 00:28:19.561, 21096, 100
2026/08/05 00:28:20.561, 21096, 100
2026/08/05 00:28:21.562, 21096, 100
2026/08/05 00:28:22.562, 21096, 100
2026/08/05 00:28:23.562, 21096, 100
2026/08/05 00:28:24.563, 21096, 100
2026/08/05 00:28:25.563, 21096, 84
2026/08/05 00:28:26.563, 21096, 100
2026/08/05 00:28:27.564, 21096, 100
2026/08/05 00:28:28.564, 21096, 100
2026/08/05 00:28:29.564, 21096, 100
2026/08/05 00:28:30.565, 21096, 100
2026/08/05 00:28:31.565, 21096, 100
2026/08/05 00:28:32.565, 21096, 100
2026/08/05 00:28:33.565, 21096, 100
2026/08/05 00:28:34.566, 21096, 100
2026/08/05 00:28:35.566, 21096, 100
2026/08/05 00:28:36.567, 21096, 100
2026/08/05 00:28:37.567, 21096, 100
2026/08/05 00:28:38.567, 21096, 100
2026/08/05 00:28:39.567, 21096, 100
2026/08/05 00:28:40.568, 21096, 100
2026/08/05 00:28:41.568, 21096, 100
2026/08/05 00:28:42.568, 21096, 100
2026/08/05 00:28:43.569, 21096, 100
2026/08/05 00:28:44.569, 21096, 100
2026/08/05 00:28:45.570, 21096, 100
2026/08/05 00:28:46.570, 21096, 100
2026/08/05 00:28:47.570, 21096, 100
2026/08/05 00:28:48.571, 21096, 100
2026/08/05 00:28:49.571, 21096, 100
2026/08/05 00:28:50.572, 21096, 86
2026/08/05 00:28:51.572, 21096, 89
2026/08/05 00:28:52.572, 21096, 100
2026/08/05 00:28:53.573, 21096, 87
2026/08/05 00:28:54.573, 21096, 100
2026/08/05 00:28:55.573, 21096, 100
2026/08/05 00:28:56.574, 21096, 100
2026/08/05 00:28:57.574, 21096, 100
2026/08/05 00:28:58.574, 21096, 100
2026/08/05 00:28:59.575, 21096, 100
2026/08/05 00:29:00.575, 21096, 100
2026/08/05 00:29:01.575, 21096, 100
2026/08/05 00:29:02.576, 21096, 100
2026/08/05 00:29:03.576, 21096, 100
2026/08/05 00:29:04.576, 21096, 100
2026/08/05 00:29:05.577, 21096, 100
2026/08/05 00:29:06.577, 21096, 100
2026/08/05 00:29:07.577, 21096, 100
2026/08/05 00:29:08.578, 21096, 84
2026/08/05 00:29:09.578, 21096, 100
2026/08/05 00:29:10.578, 21096, 100
2026/08/05 00:29:11.579, 21096, 100
2026/08/05 00:29:12.579, 21096, 100
2026/08/05 00:29:13.579, 21096, 100
2026/08/05 00:29:14.580, 21096, 100
2026/08/05 00:29:15.580, 21096, 100
2026/08/05 00:29:16.580, 21096, 100
2026/08/05 00:29:17.581, 21096, 100
2026/08/05 00:29:18.581, 21096, 100
2026/08/05 00:29:19.582, 21096, 100
2026/08/05 00:29:20.582, 21096, 100
2026/08/05 00:29:21.582, 21096, 100
2026/08/05 00:29:22.583, 21096, 100
2026/08/05 00:29:23.583, 21096, 100
2026/08/05 00:29:24.583, 21096, 100
2026/08/05 00:29:25.584, 21096, 100
2026/08/05 00:29:26.584, 21096, 94
2026/08/05 00:29:27.584, 21096, 90
2026/08/05 00:29:28.585, 21096, 100
2026/08/05 00:29:29.585, 21096, 100
2026/08/05 00:29:30.585, 21096, 100
2026/08/05 00:29:31.586, 21096, 100
2026/08/05 00:29:32.586, 21096, 100
2026/08/05 00:29:33.586, 21096, 100
2026/08/05 00:29:34.586, 21096, 100
2026/08/05 00:29:35.587, 21096, 100
2026/08/05 00:29:36.587, 21096, 100
2026/08/05 00:29:37.587, 21096, 100
2026/08/05 00:29:38.588, 21096, 100
2026/08/05 00:29:39.588, 21096, 100
2026/08/05 00:29:40.588, 21096, 100
2026/08/05 00:29:41.589, 21096, 100
2026/08/05 00:29:42.589, 21096, 84
2026/08/05 00:29:43.589, 21096, 100
2026/08/05 00:29:44.590, 21096, 100
2026/08/05 00:29:45.590, 21096, 100
2026/08/05 00:29:46.590, 21096, 100
2026/08/05 00:29:47.591, 21096, 100
2026/08/05 00:29:48.591, 21096, 100
2026/08/05 00:29:49.591, 21096, 100
2026/08/05 00:29:50.592, 21096, 100
2026/08/05 00:29:51.592, 21096, 100
2026/08/05 00:29:52.592, 21096, 100
2026/08/05 00:29:53.593, 21096, 100
2026/08/05 00:29:54.593, 21096, 100
2026/08/05 00:29:55.593, 21096, 100
2026/08/05 00:29:56.594, 21096, 100
2026/08/05 00:29:57.594, 21096, 100
2026/08/05 00:29:58.594, 21096, 69
2026/08/05 00:29:59.595, 21096, 100
2026/08/05 00:30:00.595, 21096, 100
2026/08/05 00:30:01.595, 21096, 100
2026/08/05 00:30:02.596, 21096, 100
2026/08/05 00:30:03.596, 21096, 100
2026/08/05 00:30:04.596, 21096, 100
2026/08/05 00:30:05.597, 21096, 100
2026/08/05 00:30:06.597, 21096, 100
2026/08/05 00:30:07.598, 21096, 100
2026/08/05 00:30:08.598, 21096, 100
2026/08/05 00:30:09.598, 21096, 81
2026/08/05 00:30:10.600, 21096, 100
2026/08/05 00:30:11.600, 21096, 100
2026/08/05 00:30:12.600, 21096, 100
2026/08/05 00:30:13.601, 21096, 100
2026/08/05 00:30:14.601, 21096, 100
2026/08/05 00:30:15.602, 21096, 100
2026/08/05 00:30:16.603, 21096, 100
2026/08/05 00:30:17.603, 21096, 100
2026/08/05 00:30:18.603, 21096, 100
2026/08/05 00:30:19.604, 21096, 100
2026/08/05 00:30:20.604, 21096, 100
2026/08/05 00:30:21.605, 21096, 100
2026/08/05 00:30:22.605, 21096, 100
2026/08/05 00:30:23.605, 21096, 100
2026/08/05 00:30:24.606, 21096, 100
2026/08/05 00:30:25.609, 21096, 100
2026/08/05 00:30:26.610, 21096, 100
2026/08/05 00:30:27.610, 21096, 100
2026/08/05 00:30:28.610, 21096, 86
2026/08/05 00:30:29.611, 21096, 100
2026/08/05 00:30:30.611, 21096, 100
2026/08/05 00:30:31.611, 21096, 100
2026/08/05 00:30:32.612, 21096, 100
2026/08/05 00:30:33.612, 21096, 100
2026/08/05 00:30:34.612, 21096, 100
2026/08/05 00:30:35.613, 21096, 100
2026/08/05 00:30:36.614, 21096, 100
2026/08/05 00:30:37.614, 21096, 100
2026/08/05 00:30:38.614, 21096, 100
2026/08/05 00:30:39.615, 21096, 100
2026/08/05 00:30:40.615, 21096, 64
2026/08/05 00:30:41.615, 21096, 100
2026/08/05 00:30:42.615, 21096, 100
2026/08/05 00:30:43.616, 21096, 100
2026/08/05 00:30:44.616, 21096, 100
2026/08/05 00:30:45.617, 21096, 100
2026/08/05 00:30:46.617, 21096, 100
2026/08/05 00:30:47.617, 21096, 100
2026/08/05 00:30:48.617, 21096, 100
2026/08/05 00:30:49.618, 21096, 100
2026/08/05 00:30:50.618, 21096, 100
2026/08/05 00:30:51.618, 21096, 100
2026/08/05 00:30:52.619, 21096, 100
2026/08/05 00:30:53.619, 21096, 100
2026/08/05 00:30:54.619, 21096, 84
2026/08/05 00:30:55.621, 21096, 100
2026/08/05 00:30:56.621, 21096, 83
2026/08/05 00:30:57.621, 21096, 100
2026/08/05 00:30:58.622, 21096, 100
2026/08/05 00:30:59.622, 21096, 100
2026/08/05 00:31:00.622, 21096, 100
2026/08/05 00:31:01.622, 21096, 100
2026/08/05 00:31:02.623, 21096, 100
2026/08/05 00:31:03.623, 21096, 100
2026/08/05 00:31:04.623, 21096, 59
2026/08/05 00:31:05.623, 21096, 100
2026/08/05 00:31:06.624, 21096, 59
2026/08/05 00:31:07.624, 21096, 100
2026/08/05 00:31:08.624, 21096, 100
2026/08/05 00:31:09.624, 21096, 100
2026/08/05 00:31:10.625, 21096, 100
2026/08/05 00:31:11.625, 21096, 100
2026/08/05 00:31:12.625, 21096, 100
2026/08/05 00:31:13.626, 21096, 60
2026/08/05 00:31:14.626, 21096, 85
2026/08/05 00:31:15.626, 21096, 100
2026/08/05 00:31:16.626, 21096, 100
2026/08/05 00:31:17.626, 21096, 100
2026/08/05 00:31:18.627, 21096, 100
2026/08/05 00:31:19.627, 21096, 100
2026/08/05 00:31:20.627, 21096, 81
2026/08/05 00:31:21.627, 21096, 100
2026/08/05 00:31:22.628, 21096, 100
2026/08/05 00:31:23.628, 21096, 100
2026/08/05 00:31:24.628, 21096, 100
2026/08/05 00:31:25.629, 21096, 86
2026/08/05 00:31:26.629, 21096, 100
2026/08/05 00:31:27.629, 21096, 100
2026/08/05 00:31:28.629, 21096, 100
2026/08/05 00:31:29.630, 21096, 100
2026/08/05 00:31:30.630, 21096, 100
2026/08/05 00:31:31.630, 21096, 100
2026/08/05 00:31:32.630, 21096, 100
2026/08/05 00:31:33.631, 21096, 100
2026/08/05 00:31:34.631, 21096, 100
2026/08/05 00:31:35.631, 21096, 100
2026/08/05 00:31:36.631, 21096, 100
2026/08/05 00:31:37.632, 21096, 100
2026/08/05 00:31:38.632, 21096, 100
2026/08/05 00:31:39.632, 21096, 100
2026/08/05 00:31:40.632, 21096, 100
2026/08/05 00:31:41.632, 21096, 100
2026/08/05 00:31:42.633, 21096, 100
2026/08/05 00:31:43.633, 21096, 86
2026/08/05 00:31:44.633, 21096, 75
2026/08/05 00:31:45.633, 21096, 100
2026/08/05 00:31:46.634, 21096, 100
2026/08/05 00:31:47.634, 21096, 100
2026/08/05 00:31:48.634, 21096, 100
2026/08/05 00:31:49.634, 21096, 100
2026/08/05 00:31:50.634, 21096, 100
2026/08/05 00:31:51.635, 21096, 100
2026/08/05 00:31:52.635, 21096, 100
2026/08/05 00:31:53.635, 21096, 82
2026/08/05 00:31:54.635, 21096, 100
2026/08/05 00:31:55.635, 21096, 100
2026/08/05 00:31:56.636, 21096, 64
2026/08/05 00:31:57.636, 21096, 100
2026/08/05 00:31:58.636, 21096, 100
2026/08/05 00:31:59.637, 21096, 100
2026/08/05 00:32:00.637, 21096, 100
2026/08/05 00:32:01.637, 21096, 100
2026/08/05 00:32:02.638, 21096, 84
2026/08/05 00:32:03.638, 21096, 100
2026/08/05 00:32:04.638, 21096, 100
2026/08/05 00:32:05.639, 21096, 100
2026/08/05 00:32:06.639, 21096, 100
2026/08/05 00:32:07.639, 21096, 100
2026/08/05 00:32:08.639, 21096, 100
2026/08/05 00:32:09.640, 21096, 100
2026/08/05 00:32:10.640, 21096, 85
2026/08/05 00:32:11.640, 21096, 85
2026/08/05 00:32:12.640, 21096, 100
2026/08/05 00:32:13.640, 21096, 100
2026/08/05 00:32:14.641, 21096, 100
2026/08/05 00:32:15.641, 21096, 100
2026/08/05 00:32:16.641, 21096, 100
2026/08/05 00:32:17.641, 21096, 100
2026/08/05 00:32:18.641, 21096, 100
2026/08/05 00:32:19.642, 21096, 100
2026/08/05 00:32:20.642, 21096, 100
2026/08/05 00:32:21.642, 21096, 100
2026/08/05 00:32:22.642, 21096, 100
2026/08/05 00:32:23.642, 21096, 99
2026/08/05 00:32:24.643, 21096, 100
2026/08/05 00:32:25.643, 21096, 100
2026/08/05 00:32:26.643, 21096, 100
2026/08/05 00:32:27.643, 21096, 100
2026/08/05 00:32:28.643, 21096, 100
2026/08/05 00:32:29.644, 21096, 84
2026/08/05 00:32:30.644, 21096, 100
2026/08/05 00:32:31.644, 21096, 84
2026/08/05 00:32:32.644, 21096, 100
2026/08/05 00:32:33.645, 21096, 100
2026/08/05 00:32:34.645, 21096, 100
2026/08/05 00:32:35.645, 21096, 100
2026/08/05 00:32:36.645, 21096, 100
2026/08/05 00:32:37.646, 21096, 100
2026/08/05 00:32:38.646, 21096, 83
2026/08/05 00:32:39.646, 21096, 100
2026/08/05 00:32:40.646, 21096, 100
2026/08/05 00:32:41.646, 21096, 100
2026/08/05 00:32:42.647, 21096, 100
2026/08/05 00:32:43.647, 21096, 100
2026/08/05 00:32:44.647, 21096, 100
2026/08/05 00:32:45.648, 21096, 100
2026/08/05 00:32:46.648, 21096, 100
2026/08/05 00:32:47.648, 21096, 64
2026/08/05 00:32:48.648, 21096, 100
2026/08/05 00:32:49.648, 21096, 100
2026/08/05 00:32:50.649, 21096, 100
2026/08/05 00:32:51.649, 21096, 100
2026/08/05 00:32:52.649, 21096, 100
2026/08/05 00:32:53.649, 21096, 100
2026/08/05 00:32:54.649, 21096, 100
2026/08/05 00:32:55.650, 21096, 100
2026/08/05 00:32:56.650, 21096, 89
2026/08/05 00:32:57.650, 21096, 100
2026/08/05 00:32:58.650, 21096, 100
2026/08/05 00:32:59.650, 21096, 84
2026/08/05 00:33:00.651, 21096, 100
2026/08/05 00:33:01.651, 21096, 100
2026/08/05 00:33:02.651, 21096, 85
2026/08/05 00:33:03.651, 21096, 100
2026/08/05 00:33:04.651, 21096, 100
2026/08/05 00:33:05.652, 21096, 100
2026/08/05 00:33:06.652, 21096, 100
2026/08/05 00:33:07.652, 21096, 100
2026/08/05 00:33:08.652, 21096, 100
2026/08/05 00:33:09.653, 21096, 100
2026/08/05 00:33:10.653, 21096, 100
2026/08/05 00:33:11.653, 21096, 100
2026/08/05 00:33:12.653, 21096, 100
2026/08/05 00:33:13.653, 21096, 100
2026/08/05 00:33:14.654, 21096, 56
2026/08/05 00:33:15.654, 21096, 100
2026/08/05 00:33:16.654, 21096, 100
2026/08/05 00:33:17.654, 21096, 100
2026/08/05 00:33:18.655, 21096, 100
2026/08/05 00:33:19.655, 21096, 100
2026/08/05 00:33:20.655, 21096, 100
2026/08/05 00:33:21.655, 21096, 100
2026/08/05 00:33:22.656, 21096, 100
2026/08/05 00:33:23.656, 21096, 100
2026/08/05 00:33:24.656, 21096, 84
2026/08/05 00:33:25.657, 21096, 100
2026/08/05 00:33:26.657, 21096, 100
2026/08/05 00:33:27.657, 21096, 96
2026/08/05 00:33:28.657, 21096, 100
2026/08/05 00:33:29.658, 21096, 100
2026/08/05 00:33:30.658, 21096, 100
2026/08/05 00:33:31.658, 21096, 100
2026/08/05 00:33:32.659, 21096, 100
2026/08/05 00:33:33.659, 21096, 100
2026/08/05 00:33:34.659, 21096, 100
2026/08/05 00:33:35.660, 21096, 100
2026/08/05 00:33:36.660, 21096, 100
2026/08/05 00:33:37.661, 21096, 100
2026/08/05 00:33:38.661, 21096, 100
2026/08/05 00:33:39.661, 21096, 82
2026/08/05 00:33:40.661, 21096, 100
2026/08/05 00:33:41.662, 21096, 100
2026/08/05 00:33:42.662, 21096, 100
2026/08/05 00:33:43.662, 21096, 100
2026/08/05 00:33:44.662, 21096, 100
2026/08/05 00:33:45.663, 21096, 100
2026/08/05 00:33:46.663, 21096, 100
2026/08/05 00:33:47.663, 21096, 100
2026/08/05 00:33:48.663, 21096, 100
2026/08/05 00:33:49.663, 21096, 100
2026/08/05 00:33:50.664, 21096, 100
2026/08/05 00:33:51.664, 21096, 100
2026/08/05 00:33:52.664, 21096, 100
2026/08/05 00:33:53.664, 21096, 100
2026/08/05 00:33:54.664, 21096, 100
2026/08/05 00:33:55.665, 21096, 100
2026/08/05 00:33:56.665, 21096, 100
2026/08/05 00:33:57.665, 21096, 82
2026/08/05 00:33:58.665, 21096, 100
2026/08/05 00:33:59.665, 21096, 100
2026/08/05 00:34:00.666, 21096, 100
2026/08/05 00:34:01.666, 21096, 100
2026/08/05 00:34:02.666, 21096, 100
2026/08/05 00:34:03.666, 21096, 100
2026/08/05 00:34:04.667, 21096, 100
2026/08/05 00:34:05.667, 21096, 100
2026/08/05 00:34:06.667, 21096, 85
2026/08/05 00:34:07.667, 21096, 100
2026/08/05 00:34:08.668, 21096, 100
2026/08/05 00:34:09.668, 21096, 100
2026/08/05 00:34:10.668, 21096, 100
2026/08/05 00:34:11.668, 21096, 100
2026/08/05 00:34:12.669, 21096, 100
2026/08/05 00:34:13.669, 21096, 100
2026/08/05 00:34:14.669, 21096, 100
2026/08/05 00:34:15.669, 21096, 100
2026/08/05 00:34:16.670, 21096, 100
2026/08/05 00:34:17.670, 21096, 100
2026/08/05 00:34:18.670, 21096, 100
2026/08/05 00:34:19.670, 21096, 100
2026/08/05 00:34:20.671, 21096, 86
2026/08/05 00:34:21.671, 21096, 100
2026/08/05 00:34:22.671, 21096, 100
2026/08/05 00:34:23.671, 21096, 64
2026/08/05 00:34:24.671, 21096, 87
2026/08/05 00:34:25.672, 21096, 100
2026/08/05 00:34:26.672, 21096, 100
2026/08/05 00:34:27.672, 21096, 100
2026/08/05 00:34:28.672, 21096, 85
2026/08/05 00:34:29.672, 21096, 100
2026/08/05 00:34:30.673, 21096, 100
2026/08/05 00:34:31.673, 21096, 100
2026/08/05 00:34:32.673, 21096, 100
2026/08/05 00:34:33.673, 21096, 100
2026/08/05 00:34:34.673, 21096, 98
2026/08/05 00:34:35.674, 21096, 100
2026/08/05 00:34:36.674, 21096, 100
2026/08/05 00:34:37.674, 21096, 100
2026/08/05 00:34:38.674, 21096, 100
2026/08/05 00:34:39.674, 21096, 100
2026/08/05 00:34:40.675, 21096, 93
2026/08/05 00:34:41.675, 21096, 100
2026/08/05 00:34:42.675, 21096, 100
2026/08/05 00:34:43.675, 21096, 100
2026/08/05 00:34:44.676, 21096, 100
2026/08/05 00:34:45.676, 21096, 100
2026/08/05 00:34:46.676, 21096, 100
2026/08/05 00:34:47.676, 21096, 100
2026/08/05 00:34:48.677, 21096, 100
2026/08/05 00:34:49.677, 21096, 100
2026/08/05 00:34:50.677, 21096, 100
2026/08/05 00:34:51.677, 21096, 100
2026/08/05 00:34:52.678, 21096, 100
2026/08/05 00:34:53.678, 21096, 100
2026/08/05 00:34:54.678, 21096, 100
2026/08/05 00:34:55.678, 21096, 100
2026/08/05 00:34:56.679, 21096, 100
2026/08/05 00:34:57.679, 21096, 100
2026/08/05 00:34:58.679, 21096, 85
2026/08/05 00:34:59.679, 21096, 71
2026/08/05 00:35:00.679, 21096, 100
2026/08/05 00:35:01.680, 21096, 85
2026/08/05 00:35:02.680, 21096, 100
2026/08/05 00:35:03.680, 21096, 100
2026/08/05 00:35:04.680, 21096, 100
2026/08/05 00:35:05.681, 21096, 100
2026/08/05 00:35:06.681, 21096, 100
2026/08/05 00:35:07.681, 21096, 100
2026/08/05 00:35:08.681, 21096, 100
2026/08/05 00:35:09.682, 21096, 100
2026/08/05 00:35:10.682, 21096, 100
2026/08/05 00:35:11.683, 21096, 100
2026/08/05 00:35:12.683, 21096, 67
2026/08/05 00:35:13.683, 21096, 85
2026/08/05 00:35:14.683, 21096, 86
2026/08/05 00:35:15.683, 21096, 100
2026/08/05 00:35:16.684, 21096, 100
2026/08/05 00:35:17.684, 21096, 100
2026/08/05 00:35:18.684, 21096, 66
2026/08/05 00:35:19.684, 21096, 100
2026/08/05 00:35:20.684, 21096, 100
2026/08/05 00:35:21.685, 21096, 100
2026/08/05 00:35:22.685, 21096, 100
2026/08/05 00:35:23.685, 21096, 100
2026/08/05 00:35:24.685, 21096, 100
2026/08/05 00:35:25.686, 21096, 100
2026/08/05 00:35:26.686, 21096, 96
2026/08/05 00:35:27.686, 21096, 100
2026/08/05 00:35:28.686, 21096, 100
2026/08/05 00:35:29.687, 21096, 79
2026/08/05 00:35:30.687, 21096, 100
2026/08/05 00:35:31.687, 21096, 100
2026/08/05 00:35:32.687, 21096, 100
2026/08/05 00:35:33.687, 21096, 100
2026/08/05 00:35:34.688, 21096, 100
2026/08/05 00:35:35.688, 21096, 100
2026/08/05 00:35:36.688, 21096, 100
2026/08/05 00:35:37.688, 21096, 100
2026/08/05 00:35:38.688, 21096, 100
2026/08/05 00:35:39.689, 21096, 100
2026/08/05 00:35:40.689, 21096, 100
2026/08/05 00:35:41.689, 21096, 100
2026/08/05 00:35:42.689, 21096, 100
2026/08/05 00:35:43.690, 21096, 100
2026/08/05 00:35:44.690, 21096, 100
2026/08/05 00:35:45.690, 21096, 100
2026/08/05 00:35:46.690, 21096, 100
2026/08/05 00:35:47.691, 21096, 100
2026/08/05 00:35:48.691, 21096, 100
2026/08/05 00:35:49.691, 21096, 100
2026/08/05 00:35:50.691, 21096, 100
2026/08/05 00:35:51.691, 21096, 100
2026/08/05 00:35:52.692, 21096, 100
2026/08/05 00:35:53.693, 21096, 100
2026/08/05 00:35:54.694, 21096, 100
2026/08/05 00:35:55.696, 21096, 100
2026/08/05 00:35:56.697, 21096, 85
2026/08/05 00:35:57.699, 21096, 100
2026/08/05 00:35:58.700, 21096, 100
2026/08/05 00:35:59.701, 21096, 100
2026/08/05 00:36:00.703, 21096, 68
2026/08/05 00:36:01.704, 21096, 100
2026/08/05 00:36:02.705, 21096, 100
2026/08/05 00:36:03.707, 21096, 100
2026/08/05 00:36:04.708, 21096, 85
2026/08/05 00:36:05.710, 21096, 100
2026/08/05 00:36:06.711, 21096, 100
2026/08/05 00:36:07.712, 21096, 100
2026/08/05 00:36:08.714, 21096, 100
2026/08/05 00:36:09.715, 21096, 100
2026/08/05 00:36:10.716, 21096, 100
2026/08/05 00:36:11.718, 21096, 100
2026/08/05 00:36:12.719, 21096, 100
2026/08/05 00:36:13.720, 21096, 100
2026/08/05 00:36:14.722, 21096, 100
2026/08/05 00:36:15.723, 21096, 100
2026/08/05 00:36:16.725, 21096, 100
2026/08/05 00:36:17.726, 21096, 100
2026/08/05 00:36:18.727, 21096, 100
2026/08/05 00:36:19.729, 21096, 100
2026/08/05 00:36:20.730, 21096, 100
2026/08/05 00:36:21.732, 21096, 100
2026/08/05 00:36:22.733, 21096, 100
2026/08/05 00:36:23.734, 21096, 100
2026/08/05 00:36:24.736, 21096, 100
2026/08/05 00:36:25.737, 21096, 100
2026/08/05 00:36:26.739, 21096, 100
2026/08/05 00:36:27.740, 21096, 88
2026/08/05 00:36:28.741, 21096, 100
2026/08/05 00:36:29.743, 21096, 100
2026/08/05 00:36:30.744, 21096, 85
2026/08/05 00:36:31.746, 21096, 100
2026/08/05 00:36:32.747, 21096, 100
2026/08/05 00:36:33.748, 21096, 100
2026/08/05 00:36:34.750, 21096, 100
2026/08/05 00:36:35.751, 21096, 100
2026/08/05 00:36:36.753, 21096, 100
2026/08/05 00:36:37.754, 21096, 86
2026/08/05 00:36:38.755, 21096, 100
2026/08/05 00:36:39.757, 21096, 100
2026/08/05 00:36:40.758, 21096, 100
2026/08/05 00:36:41.760, 21096, 100
2026/08/05 00:36:42.761, 21096, 100
2026/08/05 00:36:43.762, 21096, 100
2026/08/05 00:36:44.764, 21096, 100
2026/08/05 00:36:45.765, 21096, 88
2026/08/05 00:36:46.767, 21096, 85
2026/08/05 00:36:47.767, 21096, 86
2026/08/05 00:36:48.769, 21096, 100
2026/08/05 00:36:49.770, 21096, 85
2026/08/05 00:36:50.771, 21096, 65
2026/08/05 00:36:51.773, 21096, 100
2026/08/05 00:36:52.774, 21096, 100
2026/08/05 00:36:53.775, 21096, 100
2026/08/05 00:36:54.776, 21096, 100
2026/08/05 00:36:55.778, 21096, 100
2026/08/05 00:36:56.779, 21096, 100
2026/08/05 00:36:57.781, 21096, 100
2026/08/05 00:36:58.782, 21096, 100
2026/08/05 00:36:59.783, 21096, 100
2026/08/05 00:37:00.785, 21096, 100
2026/08/05 00:37:01.786, 21096, 100
2026/08/05 00:37:02.787, 21096, 100
2026/08/05 00:37:03.789, 21096, 100
2026/08/05 00:37:04.790, 21096, 100
2026/08/05 00:37:05.792, 21096, 100
2026/08/05 00:37:06.793, 21096, 100
2026/08/05 00:37:07.795, 21096, 100
2026/08/05 00:37:08.796, 21096, 100
2026/08/05 00:37:09.797, 21096, 100
2026/08/05 00:37:10.799, 21096, 100
2026/08/05 00:37:11.800, 21096, 100
2026/08/05 00:37:12.802, 21096, 100
2026/08/05 00:37:13.803, 21096, 100
2026/08/05 00:37:14.805, 21096, 75
2026/08/05 00:37:15.806, 21096, 100
2026/08/05 00:37:16.807, 21096, 100
2026/08/05 00:37:17.809, 21096, 92
2026/08/05 00:37:18.810, 21096, 100
2026/08/05 00:37:19.811, 21096, 100
2026/08/05 00:37:20.813, 21096, 100
2026/08/05 00:37:21.814, 21096, 100
2026/08/05 00:37:22.816, 21096, 100
2026/08/05 00:37:23.817, 21096, 100
2026/08/05 00:37:24.818, 21096, 100
2026/08/05 00:37:25.820, 21096, 84
2026/08/05 00:37:26.820, 21096, 100
2026/08/05 00:37:27.822, 21096, 100
2026/08/05 00:37:28.823, 21096, 100
2026/08/05 00:37:29.825, 21096, 100
2026/08/05 00:37:30.826, 21096, 100
2026/08/05 00:37:31.828, 21096, 100
2026/08/05 00:37:32.829, 21096, 100
2026/08/05 00:37:33.830, 21096, 86
2026/08/05 00:37:34.832, 21096, 82
2026/08/05 00:37:35.833, 21096, 100
2026/08/05 00:37:36.835, 21096, 100
2026/08/05 00:37:37.836, 21096, 100
2026/08/05 00:37:38.838, 21096, 100
2026/08/05 00:37:39.839, 21096, 100
2026/08/05 00:37:40.840, 21096, 100
2026/08/05 00:37:41.842, 21096, 100
2026/08/05 00:37:42.844, 21096, 82
2026/08/05 00:37:43.845, 21096, 100
2026/08/05 00:37:44.846, 21096, 100
2026/08/05 00:37:45.848, 21096, 100
2026/08/05 00:37:46.849, 21096, 81
2026/08/05 00:37:47.851, 21096, 100
2026/08/05 00:37:48.852, 21096, 100
2026/08/05 00:37:49.853, 21096, 82
2026/08/05 00:37:50.855, 21096, 100
2026/08/05 00:37:51.856, 21096, 100
2026/08/05 00:37:52.857, 21096, 100
2026/08/05 00:37:53.858, 21096, 100
2026/08/05 00:37:54.860, 21096, 96
2026/08/05 00:37:55.861, 21096, 100
2026/08/05 00:37:56.862, 21096, 100
2026/08/05 00:37:57.863, 21096, 100
2026/08/05 00:37:58.865, 21096, 100
2026/08/05 00:37:59.866, 21096, 100
2026/08/05 00:38:00.867, 21096, 100
2026/08/05 00:38:01.869, 21096, 100
2026/08/05 00:38:02.870, 21096, 100
2026/08/05 00:38:03.871, 21096, 84
2026/08/05 00:38:04.873, 21096, 100
2026/08/05 00:38:05.874, 21096, 100
2026/08/05 00:38:06.875, 21096, 100
2026/08/05 00:38:07.876, 21096, 100
2026/08/05 00:38:08.878, 21096, 77
2026/08/05 00:38:09.879, 21096, 100
2026/08/05 00:38:10.880, 21096, 100
2026/08/05 00:38:11.882, 21096, 100
2026/08/05 00:38:12.882, 21096, 78
2026/08/05 00:38:13.882, 21096, 100
2026/08/05 00:38:14.884, 21096, 100
2026/08/05 00:38:15.884, 21096, 100
2026/08/05 00:38:16.885, 21096, 100
2026/08/05 00:38:17.887, 21096, 100
2026/08/05 00:38:18.887, 21096, 100
2026/08/05 00:38:19.888, 21096, 100
2026/08/05 00:38:20.890, 21096, 100
2026/08/05 00:38:21.891, 21096, 100
2026/08/05 00:38:22.891, 21096, 83
2026/08/05 00:38:23.892, 21096, 100
2026/08/05 00:38:24.893, 21096, 100
2026/08/05 00:38:25.894, 21096, 100
2026/08/05 00:38:26.894, 21096, 100
2026/08/05 00:38:27.896, 21096, 100
2026/08/05 00:38:28.897, 21096, 100
2026/08/05 00:38:29.898, 21096, 100
2026/08/05 00:38:30.900, 21096, 83
2026/08/05 00:38:31.901, 21096, 100
2026/08/05 00:38:32.902, 21096, 100
2026/08/05 00:38:33.904, 21096, 100
2026/08/05 00:38:34.905, 21096, 100
2026/08/05 00:38:35.906, 21096, 100
2026/08/05 00:38:36.908, 21096, 100
2026/08/05 00:38:37.909, 21096, 77
2026/08/05 00:38:38.910, 21096, 100
2026/08/05 00:38:39.911, 21096, 100
2026/08/05 00:38:40.913, 21096, 100
2026/08/05 00:38:41.914, 21096, 100
2026/08/05 00:38:42.915, 21096, 100
2026/08/05 00:38:43.917, 21096, 100
2026/08/05 00:38:44.918, 21096, 100
2026/08/05 00:38:45.919, 21096, 100
2026/08/05 00:38:46.920, 21096, 100
2026/08/05 00:38:47.922, 21096, 100
2026/08/05 00:38:48.923, 21096, 100
2026/08/05 00:38:49.924, 21096, 100
2026/08/05 00:38:50.925, 21096, 100
2026/08/05 00:38:51.927, 21096, 100
2026/08/05 00:38:52.928, 21096, 100
2026/08/05 00:38:53.929, 21096, 100
2026/08/05 00:38:54.931, 21096, 100
2026/08/05 00:38:55.932, 21096, 100
2026/08/05 00:38:56.933, 21096, 100
2026/08/05 00:38:57.935, 21096, 100
2026/08/05 00:38:58.936, 21096, 100
2026/08/05 00:38:59.937, 21096, 100
2026/08/05 00:39:00.938, 21096, 100
2026/08/05 00:39:01.940, 21096, 100
2026/08/05 00:39:02.941, 21096, 100
2026/08/05 00:39:03.942, 21096, 100
2026/08/05 00:39:04.944, 21096, 100
2026/08/05 00:39:05.945, 21096, 100
2026/08/05 00:39:06.946, 21096, 100
2026/08/05 00:39:07.948, 21096, 100
2026/08/05 00:39:08.949, 21096, 100
2026/08/05 00:39:09.949, 21096, 100
2026/08/05 00:39:10.951, 21096, 100
2026/08/05 00:39:11.952, 21096, 100
2026/08/05 00:39:12.953, 21096, 100
2026/08/05 00:39:13.953, 21096, 100
2026/08/05 00:39:14.953, 21096, 100
2026/08/05 00:39:15.953, 21096, 100
2026/08/05 00:39:16.954, 21096, 100
2026/08/05 00:39:17.955, 21096, 100
2026/08/05 00:39:18.956, 21096, 100
2026/08/05 00:39:19.958, 21096, 100
2026/08/05 00:39:20.959, 21096, 100
2026/08/05 00:39:21.961, 21096, 100
2026/08/05 00:39:22.962, 21096, 100
2026/08/05 00:39:23.963, 21096, 86
2026/08/05 00:39:24.964, 21096, 100
2026/08/05 00:39:25.966, 21096, 100
2026/08/05 00:39:26.967, 21096, 100
2026/08/05 00:39:27.969, 21096, 100
2026/08/05 00:39:28.969, 21096, 100
2026/08/05 00:39:29.969, 21096, 100
2026/08/05 00:39:30.969, 21096, 100
2026/08/05 00:39:31.970, 21096, 100
2026/08/05 00:39:32.970, 21096, 100
2026/08/05 00:39:33.970, 21096, 100
2026/08/05 00:39:34.972, 21096, 100
2026/08/05 00:39:35.972, 21096, 100
2026/08/05 00:39:36.972, 21096, 100
2026/08/05 00:39:37.972, 21096, 100
2026/08/05 00:39:38.974, 21096, 100
2026/08/05 00:39:39.975, 21096, 100
2026/08/05 00:39:40.976, 21096, 100
2026/08/05 00:39:41.978, 21096, 100
2026/08/05 00:39:42.979, 21096, 100
2026/08/05 00:39:43.980, 21096, 63
2026/08/05 00:39:44.982, 21096, 100
2026/08/05 00:39:45.982, 21096, 100
2026/08/05 00:39:46.983, 21096, 100
2026/08/05 00:39:47.984, 21096, 100
2026/08/05 00:39:48.985, 21096, 100
2026/08/05 00:39:49.986, 21096, 91
2026/08/05 00:39:50.988, 21096, 84
2026/08/05 00:39:51.988, 21096, 100
2026/08/05 00:39:52.989, 21096, 100
2026/08/05 00:39:53.990, 21096, 100
2026/08/05 00:39:54.990, 21096, 100
2026/08/05 00:39:55.991, 21096, 100
2026/08/05 00:39:56.993, 21096, 83
2026/08/05 00:39:57.994, 21096, 100
2026/08/05 00:39:58.995, 21096, 100
2026/08/05 00:39:59.997, 21096, 100
2026/08/05 00:40:00.998, 21096, 100
2026/08/05 00:40:01.999, 21096, 100
2026/08/05 00:40:03.000, 21096, 100
2026/08/05 00:40:04.002, 21096, 100
2026/08/05 00:40:05.003, 21096, 64
2026/08/05 00:40:06.004, 21096, 82
2026/08/05 00:40:07.005, 21096, 100
2026/08/05 00:40:08.006, 21096, 41
2026/08/05 00:40:09.007, 21096, 2
2026/08/05 00:40:10.008, 21096, 0
2026/08/05 00:40:11.008, 21096, 0
