2026/08/05 09:12:38.150, 1, 0
2026/08/05 09:12:39.159, 1, 0
2026/08/05 09:12:40.161, 1, 0
2026/08/05 09:12:41.162, 1, 0
2026/08/05 09:12:42.163, 1, 0
2026/08/05 09:12:43.165, 4, 0
2026/08/05 09:12:44.166, 4, 0
2026/08/05 09:12:45.167, 4, 0
2026/08/05 09:12:46.168, 4, 0
2026/08/05 09:12:47.169, 4, 0
2026/08/05 09:12:48.171, 4, 0
2026/08/05 09:12:49.172, 4, 0
2026/08/05 09:12:50.173, 4, 0
2026/08/05 09:12:51.175, 4, 0
2026/08/05 09:12:52.176, 4, 0
2026/08/05 09:12:53.177, 4, 0
2026/08/05 09:12:54.179, 4, 0
2026/08/05 09:12:55.180, 4, 0
2026/08/05 09:12:56.181, 2076, 32
2026/08/05 09:12:57.183, 3196, 32
2026/08/05 09:12:58.184, 4184, 29
2026/08/05 09:12:59.186, 5810, 32
2026/08/05 09:13:00.187, 5750, 0
2026/08/05 09:13:01.188, 8362, 100
2026/08/05 09:13:02.190, 8446, 100
2026/08/05 09:13:03.191, 8476, 98
2026/08/05 09:13:04.192, 8640, 100
2026/08/05 09:13:05.194, 8640, 100
2026/08/05 09:13:06.195, 8640, 88
2026/08/05 09:13:07.196, 11160, 100
2026/08/05 09:13:08.198, 11160, 100
2026/08/05 09:13:09.199, 11160, 100
2026/08/05 09:13:10.200, 11162, 100
2026/08/05 09:13:11.200, 11162, 100
2026/08/05 09:13:12.202, 11164, 100
2026/08/05 09:13:13.203, 11164, 100
2026/08/05 09:13:14.204, 11164, 100
2026/08/05 09:13:15.204, 11164, 100
2026/08/05 09:13:16.206, 11164, 100
2026/08/05 09:13:17.207, 11164, 100
2026/08/05 09:13:18.208, 11164, 100
2026/08/05 09:13:19.210, 11164, 100
2026/08/05 09:13:20.211, 14074, 97
2026/08/05 09:13:21.212, 14074, 100
2026/08/05 09:13:22.214, 14074, 100
2026/08/05 09:13:23.215, 14074, 100
2026/08/05 09:13:24.216, 14074, 100
2026/08/05 09:13:25.218, 17530, 100
2026/08/05 09:13:26.219, 17530, 100
2026/08/05 09:13:27.221, 17530, 100
2026/08/05 09:13:28.222, 17530, 100
2026/08/05 09:13:29.223, 17530, 100
2026/08/05 09:13:30.225, 17530, 100
2026/08/05 09:13:31.226, 17530, 100
2026/08/05 09:13:32.227, 17530, 100
2026/08/05 09:13:33.229, 17530, 100
2026/08/05 09:13:34.230, 17530, 100
2026/08/05 09:13:35.231, 17530, 100
2026/08/05 09:13:36.233, 17530, 100
2026/08/05 09:13:37.234, 17530, 100
2026/08/05 09:13:38.235, 17530, 100
2026/08/05 09:13:39.236, 17530, 100
2026/08/05 09:13:40.237, 17530, 99
2026/08/05 09:13:41.239, 17530, 100
2026/08/05 09:13:42.240, 17530, 83
2026/08/05 09:13:43.242, 17530, 100
2026/08/05 09:13:44.243, 17530, 100
2026/08/05 09:13:45.244, 17530, 100
2026/08/05 09:13:46.246, 17530, 100
2026/08/05 09:13:47.247, 17530, 84
2026/08/05 09:13:48.248, 17530, 100
2026/08/05 09:13:49.250, 17530, 100
2026/08/05 09:13:50.250, 17530, 100
2026/08/05 09:13:51.251, 17530, 100
2026/08/05 09:13:52.252, 17530, 100
2026/08/05 09:13:53.254, 17530, 100
2026/08/05 09:13:54.255, 17530, 100
2026/08/05 09:13:55.256, 17530, 100
2026/08/05 09:13:56.258, 17530, 100
2026/08/05 09:13:57.259, 17530, 100
2026/08/05 09:13:58.260, 17530, 100
2026/08/05 09:13:59.262, 17530, 100
2026/08/05 09:14:00.263, 17530, 100
2026/08/05 09:14:01.265, 17530, 100
2026/08/05 09:14:02.266, 17530, 84
2026/08/05 09:14:03.267, 17530, 81
2026/08/05 09:14:04.269, 17530, 100
2026/08/05 09:14:05.270, 17530, 100
2026/08/05 09:14:06.272, 17530, 100
2026/08/05 09:14:07.273, 17530, 100
2026/08/05 09:14:08.274, 17530, 100
2026/08/05 09:14:09.276, 17530, 100
2026/08/05 09:14:10.277, 17530, 100
2026/08/05 09:14:11.279, 17530, 100
2026/08/05 09:14:12.280, 17530, 100
2026/08/05 09:14:13.281, 17530, 100
2026/08/05 09:14:14.283, 17530, 83
2026/08/05 09:14:15.284, 17530, 84
2026/08/05 09:14:16.286, 17530, 100
2026/08/05 09:14:17.287, 17530, 99
2026/08/05 09:14:18.288, 17530, 100
2026/08/05 09:14:19.290, 21094, 100
2026/08/05 09:14:20.291, 21094, 100
2026/08/05 09:14:21.292, 21094, 100
2026/08/05 09:14:22.294, 21094, 100
2026/08/05 09:14:23.295, 21094, 100
2026/08/05 09:14:24.296, 21094, 72
2026/08/05 09:14:25.297, 21094, 100
2026/08/05 09:14:26.298, 21094, 82
2026/08/05 09:14:27.300, 21094, 100
2026/08/05 09:14:28.301, 21094, 100
2026/08/05 09:14:29.302, 21094, 78
2026/08/05 09:14:30.304, 21094, 100
2026/08/05 09:14:31.305, 21094, 100
2026/08/05 09:14:32.306, 21094, 100
2026/08/05 09:14:33.308, 21094, 100
2026/08/05 09:14:34.309, 21094, 100
2026/08/05 09:14:35.310, 21094, 100
2026/08/05 09:14:36.312, 21094, 100
2026/08/05 09:14:37.312, 21094, 99
2026/08/05 09:14:38.314, 21094, 100
2026/08/05 09:14:39.315, 21094, 85
2026/08/05 09:14:40.317, 21094, 100
2026/08/05 09:14:41.318, 21094, 100
2026/08/05 09:14:42.319, 21094, 100
2026/08/05 09:14:43.320, 21094, 100
2026/08/05 09:14:44.322, 21094, 100
2026/08/05 09:14:45.323, 21094, 100
2026/08/05 09:14:46.325, 21094, 100
2026/08/05 09:14:47.326, 21094, 82
2026/08/05 09:14:48.327, 21094, 100
2026/08/05 09:14:49.329, 21094, 100
2026/08/05 09:14:50.330, 21094, 64
2026/08/05 09:14:51.331, 21094, 90
2026/08/05 09:14:52.333, 21094, 100
2026/08/05 09:14:53.334, 21094, 100
2026/08/05 09:14:54.335, 21094, 100
2026/08/05 09:14:55.337, 21094, 100
2026/08/05 09:14:56.338, 21094, 83
2026/08/05 09:14:57.339, 21094, 100
2026/08/05 09:14:58.341, 21094, 100
2026/08/05 09:14:59.342, 21094, 100
2026/08/05 09:15:00.343, 21094, 100
2026/08/05 09:15:01.345, 21094, 100
2026/08/05 09:15:02.346, 21094, 82
2026/08/05 09:15:03.347, 21094, 100
2026/08/05 09:15:04.349, 21094, 82
2026/08/05 09:15:05.350, 21094, 82
2026/08/05 09:15:06.351, 21094, 100
2026/08/05 09:15:07.353, 21094, 100
2026/08/05 09:15:08.354, 21094, 100
2026/08/05 09:15:09.355, 21094, 100
2026/08/05 09:15:10.357, 21094, 100
2026/08/05 09:15:11.358, 21094, 100
2026/08/05 09:15:12.360, 21094, 100
2026/08/05 09:15:13.361, 21094, 100
2026/08/05 09:15:14.362, 21094, 100
2026/08/05 09:15:15.364, 21094, 100
2026/08/05 09:15:16.365, 21094, 84
2026/08/05 09:15:17.366, 21094, 100
2026/08/05 09:15:18.368, 21094, 100
2026/08/05 09:15:19.369, 21094, 100
2026/08/05 09:15:20.371, 21094, 100
2026/08/05 09:15:21.372, 21094, 100
2026/08/05 09:15:22.373, 21094, 100
2026/08/05 09:15:23.375, 21094, 100
2026/08/05 09:15:24.376, 21094, 83
2026/08/05 09:15:25.377, 21094, 100
2026/08/05 09:15:26.379, 21094, 100
2026/08/05 09:15:27.380, 21094, 100
2026/08/05 09:15:28.381, 21094, 100
2026/08/05 09:15:29.383, 21094, 100
2026/08/05 09:15:30.384, 21094, 100
2026/08/05 09:15:31.385, 21094, 100
2026/08/05 09:15:32.387, 21094, 100
2026/08/05 09:15:33.388, 21094, 100
2026/08/05 09:15:34.388, 21094, 90
2026/08/05 09:15:35.390, 21094, 100
2026/08/05 09:15:36.391, 21094, 100
2026/08/05 09:15:37.392, 21094, 100
2026/08/05 09:15:38.394, 21094, 100
2026/08/05 09:15:39.395, 21094, 100
2026/08/05 09:15:40.397, 21094, 100
2026/08/05 09:15:41.398, 21094, 100
2026/08/05 09:15:42.399, 21094, 100
2026/08/05 09:15:43.400, 21094, 95
2026/08/05 09:15:44.401, 21094, 100
2026/08/05 09:15:45.402, 21094, 100
2026/08/05 09:15:46.404, 21094, 63
2026/08/05 09:15:47.404, 21094, 85
2026/08/05 09:15:48.406, 21094, 100
2026/08/05 09:15:49.407, 21094, 81
2026/08/05 09:15:50.408, 21094, 100
2026/08/05 09:15:51.410, 21094, 100
2026/08/05 09:15:52.411, 21094, 100
2026/08/05 09:15:53.413, 21094, 100
2026/08/05 09:15:54.414, 21094, 100
2026/08/05 09:15:55.415, 21094, 83
2026/08/05 09:15:56.417, 21094, 100
2026/08/05 09:15:57.418, 21094, 100
2026/08/05 09:15:58.420, 21094, 100
2026/08/05 09:15:59.421, 21094, 100
2026/08/05 09:16:00.422, 21094, 100
2026/08/05 09:16:01.424, 21094, 100
2026/08/05 09:16:02.425, 21094, 64
2026/08/05 09:16:03.427, 21094, 100
2026/08/05 09:16:04.428, 21094, 95
2026/08/05 09:16:05.430, 21094, 100
2026/08/05 09:16:06.431, 21094, 100
2026/08/05 09:16:07.432, 21094, 100
2026/08/05 09:16:08.434, 21094, 83
2026/08/05 09:16:09.435, 21094, 100
2026/08/05 09:16:10.436, 21094, 100
2026/08/05 09:16:11.437, 21094, 100
2026/08/05 09:16:12.437, 21094, 100
2026/08/05 09:16:13.438, 21094, 100
2026/08/05 09:16:14.439, 21094, 100
2026/08/05 09:16:15.440, 21094, 98
2026/08/05 09:16:16.442, 21094, 100
2026/08/05 09:16:17.442, 21094, 100
2026/08/05 09:16:18.444, 21094, 80
2026/08/05 09:16:19.445, 21094, 84
2026/08/05 09:16:20.447, 21094, 100
2026/08/05 09:16:21.448, 21094, 100
2026/08/05 09:16:22.449, 21094, 100
2026/08/05 09:16:23.451, 21094, 100
2026/08/05 09:16:24.452, 21094, 100
2026/08/05 09:16:25.454, 21094, 100
2026/08/05 09:16:26.455, 21094, 100
2026/08/05 09:16:27.456, 21094, 100
2026/08/05 09:16:28.458, 21094, 100
2026/08/05 09:16:29.459, 21094, 83
2026/08/05 09:16:30.460, 21094, 100
2026/08/05 09:16:31.462, 21094, 100
2026/08/05 09:16:32.463, 21094, 83
2026/08/05 09:16:33.464, 21094, 100
2026/08/05 09:16:34.466, 21094, 100
2026/08/05 09:16:35.467, 21094, 84
2026/08/05 09:16:36.469, 21094, 100
2026/08/05 09:16:37.470, 21094, 100
2026/08/05 09:16:38.471, 21094, 100
2026/08/05 09:16:39.473, 21094, 100
2026/08/05 09:16:40.474, 21094, 100
2026/08/05 09:16:41.475, 21094, 100
2026/08/05 09:16:42.477, 21094, 100
2026/08/05 09:16:43.478, 21094, 100
2026/08/05 09:16:44.479, 21094, 100
2026/08/05 09:16:45.481, 21094, 100
2026/08/05 09:16:46.482, 21094, 100
2026/08/05 09:16:47.484, 21094, 100
2026/08/05 09:16:48.485, 21094, 100
2026/08/05 09:16:49.486, 21094, 100
2026/08/05 09:16:50.488, 21094, 84
2026/08/05 09:16:51.489, 21094, 84
2026/08/05 09:16:52.491, 21094, 84
2026/08/05 09:16:53.492, 21094, 85
2026/08/05 09:16:54.493, 21094, 100
2026/08/05 09:16:55.495, 21094, 100
2026/08/05 09:16:56.496, 21094, 100
2026/08/05 09:16:57.498, 21094, 100
2026/08/05 09:16:58.499, 21094, 63
2026/08/05 09:16:59.500, 21094, 100
2026/08/05 09:17:00.502, 21094, 100
2026/08/05 09:17:01.503, 21094, 84
2026/08/05 09:17:02.505, 21094, 100
2026/08/05 09:17:03.506, 21094, 100
2026/08/05 09:17:04.508, 21094, 100
2026/08/05 09:17:05.509, 21094, 100
2026/08/05 09:17:06.510, 21094, 100
2026/08/05 09:17:07.512, 21094, 100
2026/08/05 09:17:08.513, 21094, 100
2026/08/05 09:17:09.514, 21094, 100
2026/08/05 09:17:10.515, 21094, 100
2026/08/05 09:17:11.517, 21094, 100
2026/08/05 09:17:12.518, 21094, 100
2026/08/05 09:17:13.519, 21094, 82
2026/08/05 09:17:14.521, 21094, 100
2026/08/05 09:17:15.522, 21094, 87
2026/08/05 09:17:16.523, 21094, 92
2026/08/05 09:17:17.524, 21094, 100
2026/08/05 09:17:18.526, 21094, 100
2026/08/05 09:17:19.527, 21094, 100
2026/08/05 09:17:20.528, 21094, 100
2026/08/05 09:17:21.530, 21094, 100
2026/08/05 09:17:22.531, 21094, 100
2026/08/05 09:17:23.532, 21094, 60
2026/08/05 09:17:24.533, 21094, 84
2026/08/05 09:17:25.535, 21094, 87
2026/08/05 09:17:26.536, 21094, 100
2026/08/05 09:17:27.537, 21094, 100
2026/08/05 09:17:28.539, 21094, 100
2026/08/05 09:17:29.540, 21094, 100
2026/08/05 09:17:30.541, 21094, 100
2026/08/05 09:17:31.543, 21094, 100
2026/08/05 09:17:32.544, 21094, 100
2026/08/05 09:17:33.545, 21094, 96
2026/08/05 09:17:34.546, 21094, 100
2026/08/05 09:17:35.548, 21094, 100
2026/08/05 09:17:36.549, 21094, 100
2026/08/05 09:17:37.550, 21094, 100
2026/08/05 09:17:38.552, 21094, 100
2026/08/05 09:17:39.553, 21094, 100
2026/08/05 09:17:40.554, 21094, 100
2026/08/05 09:17:41.556, 21094, 100
2026/08/05 09:17:42.557, 21094, 100
2026/08/05 09:17:43.559, 21094, 100
2026/08/05 09:17:44.560, 21094, 100
2026/08/05 09:17:45.562, 21094, 100
2026/08/05 09:17:46.563, 21094, 100
2026/08/05 09:17:47.564, 21094, 100
2026/08/05 09:17:48.565, 21094, 100
2026/08/05 09:17:49.567, 21094, 100
2026/08/05 09:17:50.568, 21094, 100
2026/08/05 09:17:51.569, 21094, 100
2026/08/05 09:17:52.571, 21094, 100
2026/08/05 09:17:53.575, 21094, 100
2026/08/05 09:17:54.576, 21094, 100
2026/08/05 09:17:55.577, 21094, 84
2026/08/05 09:17:56.578, 21094, 100
2026/08/05 09:17:57.580, 21094, 100
2026/08/05 09:17:58.581, 21094, 100
2026/08/05 09:17:59.583, 21094, 100
2026/08/05 09:18:00.584, 21094, 83
2026/08/05 09:18:01.585, 21094, 100
2026/08/05 09:18:02.585, 21094, 100
2026/08/05 09:18:03.587, 21094, 100
2026/08/05 09:18:04.588, 21094, 100
2026/08/05 09:18:05.589, 21094, 84
2026/08/05 09:18:06.591, 21094, 65
2026/08/05 09:18:07.592, 21094, 100
2026/08/05 09:18:08.593, 21094, 100
2026/08/05 09:18:09.595, 21094, 100
2026/08/05 09:18:10.596, 21094, 100
2026/08/05 09:18:11.597, 21094, 100
2026/08/05 09:18:12.599, 21094, 100
2026/08/05 09:18:13.600, 21094, 84
2026/08/05 09:18:14.601, 21094, 84
2026/08/05 09:18:15.602, 21094, 100
2026/08/05 09:18:16.604, 21094, 100
2026/08/05 09:18:17.605, 21094, 100
2026/08/05 09:18:18.606, 21094, 100
2026/08/05 09:18:19.608, 21094, 84
2026/08/05 09:18:20.609, 21094, 100
2026/08/05 09:18:21.610, 21094, 100
2026/08/05 09:18:22.612, 21094, 89
2026/08/05 09:18:23.613, 21094, 100
2026/08/05 09:18:24.615, 21094, 100
2026/08/05 09:18:25.616, 21094, 100
2026/08/05 09:18:26.617, 21094, 100
2026/08/05 09:18:27.619, 21094, 100
2026/08/05 09:18:28.620, 21094, 100
2026/08/05 09:18:29.622, 21094, 100
2026/08/05 09:18:30.623, 21094, 100
2026/08/05 09:18:31.624, 21094, 100
2026/08/05 09:18:32.626, 21094, 100
2026/08/05 09:18:33.627, 21094, 65
2026/08/05 09:18:34.628, 21094, 85
2026/08/05 09:18:35.629, 21094, 100
2026/08/05 09:18:36.631, 21094, 100
2026/08/05 09:18:37.632, 21094, 100
2026/08/05 09:18:38.633, 21094, 100
2026/08/05 09:18:39.634, 21094, 100
2026/08/05 09:18:40.635, 21094, 68
2026/08/05 09:18:41.635, 21094, 100
2026/08/05 09:18:42.636, 21094, 100
2026/08/05 09:18:43.636, 21094, 85
2026/08/05 09:18:44.636, 21094, 100
2026/08/05 09:18:45.638, 21094, 100
2026/08/05 09:18:46.639, 21094, 100
2026/08/05 09:18:47.640, 21094, 100
2026/08/05 09:18:48.642, 21094, 83
2026/08/05 09:18:49.643, 21094, 100
2026/08/05 09:18:50.644, 21094, 100
2026/08/05 09:18:51.646, 21094, 100
2026/08/05 09:18:52.647, 21094, 100
2026/08/05 09:18:53.648, 21094, 100
2026/08/05 09:18:54.650, 21094, 100
2026/08/05 09:18:55.651, 21094, 100
2026/08/05 09:18:56.653, 21094, 100
2026/08/05 09:18:57.654, 21094, 100
2026/08/05 09:18:58.655, 21094, 100
2026/08/05 09:18:59.657, 21094, 100
2026/08/05 09:19:00.658, 21094, 100
2026/08/05 09:19:01.658, 21094, 100
2026/08/05 09:19:02.660, 21094, 100
2026/08/05 09:19:03.661, 21094, 100
2026/08/05 09:19:04.661, 21094, 100
2026/08/05 09:19:05.663, 21094, 100
2026/08/05 09:19:06.663, 21094, 100
2026/08/05 09:19:07.664, 21094, 100
2026/08/05 09:19:08.666, 21094, 100
2026/08/05 09:19:09.666, 21094, 100
2026/08/05 09:19:10.667, 21094, 100
2026/08/05 09:19:11.669, 21094, 100
2026/08/05 09:19:12.669, 21094, 100
2026/08/05 09:19:13.670, 21094, 100
2026/08/05 09:19:14.671, 21094, 100
2026/08/05 09:19:15.671, 21094, 84
2026/08/05 09:19:16.672, 21094, 100
2026/08/05 09:19:17.673, 21094, 100
2026/08/05 09:19:18.673, 21094, 100
2026/08/05 09:19:19.674, 21094, 100
2026/08/05 09:19:20.675, 21094, 100
2026/08/05 09:19:21.676, 21094, 100
2026/08/05 09:19:22.677, 21094, 100
2026/08/05 09:19:23.678, 21094, 100
2026/08/05 09:19:24.679, 21094, 100
2026/08/05 09:19:25.681, 21094, 100
2026/08/05 09:19:26.682, 21094, 64
2026/08/05 09:19:27.683, 21094, 100
2026/08/05 09:19:28.684, 21094, 100
2026/08/05 09:19:29.686, 21094, 100
2026/08/05 09:19:30.687, 21094, 100
2026/08/05 09:19:31.688, 21094, 100
2026/08/05 09:19:32.689, 21094, 92
2026/08/05 09:19:33.689, 21094, 100
2026/08/05 09:19:34.690, 21094, 84
2026/08/05 09:19:35.692, 21094, 91
2026/08/05 09:19:36.693, 21094, 100
2026/08/05 09:19:37.693, 21094, 85
2026/08/05 09:19:38.695, 21094, 100
2026/08/05 09:19:39.696, 21094, 100
2026/08/05 09:19:40.697, 21094, 100
2026/08/05 09:19:41.699, 21094, 100
2026/08/05 09:19:42.700, 21094, 83
2026/08/05 09:19:43.702, 21094, 100
2026/08/05 09:19:44.703, 21094, 100
2026/08/05 09:19:45.704, 21094, 100
2026/08/05 09:19:46.706, 21094, 100
2026/08/05 09:19:47.707, 21094, 100
2026/08/05 09:19:48.708, 21094, 84
2026/08/05 09:19:49.709, 21094, 100
2026/08/05 09:19:50.710, 21094, 100
2026/08/05 09:19:51.711, 21094, 100
2026/08/05 09:19:52.712, 21094, 100
2026/08/05 09:19:53.714, 21094, 100
2026/08/05 09:19:54.714, 21094, 100
2026/08/05 09:19:55.714, 21094, 100
2026/08/05 09:19:56.716, 21094, 100
2026/08/05 09:19:57.717, 21096, 100
2026/08/05 09:19:58.717, 21096, 100
2026/08/05 09:19:59.719, 21096, 100
2026/08/05 09:20:00.720, 21096, 100
2026/08/05 09:20:01.721, 21096, 100
2026/08/05 09:20:02.722, 21096, 96
2026/08/05 09:20:03.723, 21096, 100
2026/08/05 09:20:04.723, 21096, 100
2026/08/05 09:20:05.725, 21096, 100
2026/08/05 09:20:06.725, 21096, 100
2026/08/05 09:20:07.726, 21096, 100
2026/08/05 09:20:08.726, 21096, 83
2026/08/05 09:20:09.726, 21096, 100
2026/08/05 09:20:10.728, 21096, 83
2026/08/05 09:20:11.728, 21096, 100
2026/08/05 09:20:12.728, 21096, 100
2026/08/05 09:20:13.729, 21096, 100
2026/08/05 09:20:14.729, 21096, 100
2026/08/05 09:20:15.730, 21096, 100
2026/08/05 09:20:16.730, 21096, 84
2026/08/05 09:20:17.730, 21096, 98
2026/08/05 09:20:18.731, 21096, 100
2026/08/05 09:20:19.731, 21096, 100
2026/08/05 09:20:20.732, 21096, 100
2026/08/05 09:20:21.733, 21096, 100
2026/08/05 09:20:22.733, 21096, 100
2026/08/05 09:20:23.734, 21096, 100
2026/08/05 09:20:24.734, 21096, 93
2026/08/05 09:20:25.734, 21096, 100
2026/08/05 09:20:26.735, 21096, 100
2026/08/05 09:20:27.735, 21096, 100
2026/08/05 09:20:28.735, 21096, 100
2026/08/05 09:20:29.736, 21096, 90
2026/08/05 09:20:30.736, 21096, 100
2026/08/05 09:20:31.736, 21096, 100
2026/08/05 09:20:32.737, 21096, 100
2026/08/05 09:20:33.737, 21096, 100
2026/08/05 09:20:34.738, 21096, 84
2026/08/05 09:20:35.739, 21096, 63
2026/08/05 09:20:36.739, 21096, 100
2026/08/05 09:20:37.739, 21096, 100
2026/08/05 09:20:38.740, 21096, 100
2026/08/05 09:20:39.740, 21096, 83
2026/08/05 09:20:40.740, 21096, 85
2026/08/05 09:20:41.742, 21096, 100
2026/08/05 09:20:42.742, 21096, 100
2026/08/05 09:20:43.742, 21096, 100
2026/08/05 09:20:44.743, 21096, 100
2026/08/05 09:20:45.743, 21096, 100
2026/08/05 09:20:46.744, 21096, 100
2026/08/05 09:20:47.744, 21096, 100
2026/08/05 09:20:48.745, 21096, 100
2026/08/05 09:20:49.747, 21096, 100
2026/08/05 09:20:50.748, 21096, 100
2026/08/05 09:20:51.749, 21096, 100
2026/08/05 09:20:52.751, 21096, 84
2026/08/05 09:20:53.751, 21096, 100
2026/08/05 09:20:54.752, 21096, 100
2026/08/05 09:20:55.753, 21096, 100
2026/08/05 09:20:56.755, 21096, 100
2026/08/05 09:20:57.756, 21096, 100
2026/08/05 09:20:58.757, 21096, 100
2026/08/05 09:20:59.759, 21096, 100
2026/08/05 09:21:00.760, 21096, 100
2026/08/05 09:21:01.761, 21096, 100
2026/08/05 09:21:02.763, 21096, 100
2026/08/05 09:21:03.764, 21096, 83
2026/08/05 09:21:04.766, 21096, 85
2026/08/05 09:21:05.766, 21096, 100
2026/08/05 09:21:06.767, 21096, 84
2026/08/05 09:21:07.769, 21096, 100
2026/08/05 09:21:08.769, 21096, 100
2026/08/05 09:21:09.771, 21096, 66
2026/08/05 09:21:10.772, 21096, 100
2026/08/05 09:21:11.773, 21096, 100
2026/08/05 09:21:12.774, 21096, 100
2026/08/05 09:21:13.775, 21096, 100
2026/08/05 09:21:14.777, 21096, 87
2026/08/05 09:21:15.778, 21096, 100
2026/08/05 09:21:16.780, 21096, 100
2026/08/05 09:21:17.781, 21096, 100
2026/08/05 09:21:18.782, 21096, 100
2026/08/05 09:21:19.783, 21096, 100
2026/08/05 09:21:20.785, 21096, 100
2026/08/05 09:21:21.786, 21096, 100
2026/08/05 09:21:22.787, 21096, 100
2026/08/05 09:21:23.789, 21096, 100
2026/08/05 09:21:24.790, 21096, 100
2026/08/05 09:21:25.791, 21096, 62
2026/08/05 09:21:26.792, 21096, 100
2026/08/05 09:21:27.794, 21096, 100
2026/08/05 09:21:28.795, 21096, 87
2026/08/05 09:21:29.796, 21096, 85
2026/08/05 09:21:30.798, 21096, 100
2026/08/05 09:21:31.799, 21096, 100
2026/08/05 09:21:32.800, 21096, 100
2026/08/05 09:21:33.802, 21096, 100
2026/08/05 09:21:34.803, 21096, 100
2026/08/05 09:21:35.805, 21096, 100
2026/08/05 09:21:36.806, 21096, 100
2026/08/05 09:21:37.808, 21096, 100
2026/08/05 09:21:38.809, 21096, 100
2026/08/05 09:21:39.810, 21096, 100
2026/08/05 09:21:40.812, 21096, 100
2026/08/05 09:21:41.813, 21096, 100
2026/08/05 09:21:42.815, 21096, 100
2026/08/05 09:21:43.816, 21096, 86
2026/08/05 09:21:44.817, 21096, 100
2026/08/05 09:21:45.818, 21096, 100
2026/08/05 09:21:46.820, 21096, 100
2026/08/05 09:21:47.821, 21096, 100
2026/08/05 09:21:48.823, 21096, 100
2026/08/05 09:21:49.823, 21096, 100
2026/08/05 09:21:50.825, 21096, 100
2026/08/05 09:21:51.826, 21096, 100
2026/08/05 09:21:52.828, 21096, 100
2026/08/05 09:21:53.829, 21096, 100
2026/08/05 09:21:54.829, 21096, 100
2026/08/05 09:21:55.831, 21096, 100
2026/08/05 09:21:56.832, 21096, 100
2026/08/05 09:21:57.834, 21096, 100
2026/08/05 09:21:58.834, 21096, 100
2026/08/05 09:21:59.836, 21096, 58
2026/08/05 09:22:00.837, 21096, 82
2026/08/05 09:22:01.838, 21096, 64
2026/08/05 09:22:02.840, 21096, 100
2026/08/05 09:22:03.842, 21096, 63
2026/08/05 09:22:04.843, 21096, 84
2026/08/05 09:22:05.845, 21096, 100
2026/08/05 09:22:06.845, 21096, 100
2026/08/05 09:22:07.846, 21096, 100
2026/08/05 09:22:08.847, 21096, 100
2026/08/05 09:22:09.849, 21096, 100
2026/08/05 09:22:10.850, 21096, 100
2026/08/05 09:22:11.852, 21096, 100
2026/08/05 09:22:12.853, 21096, 100
2026/08/05 09:22:13.854, 21096, 100
2026/08/05 09:22:14.856, 21096, 100
2026/08/05 09:22:15.857, 21096, 100
2026/08/05 09:22:16.859, 21096, 100
2026/08/05 09:22:17.860, 21096, 100
2026/08/05 09:22:18.862, 21096, 100
2026/08/05 09:22:19.863, 21096, 100
2026/08/05 09:22:20.865, 21096, 100
2026/08/05 09:22:21.866, 21096, 100
2026/08/05 09:22:22.867, 21096, 100
2026/08/05 09:22:23.868, 21096, 100
2026/08/05 09:22:24.869, 21096, 100
2026/08/05 09:22:25.871, 21096, 100
2026/08/05 09:22:26.872, 21096, 84
2026/08/05 09:22:27.874, 21096, 100
2026/08/05 09:22:28.875, 21096, 100
2026/08/05 09:22:29.876, 21096, 100
2026/08/05 09:22:30.878, 21096, 100
2026/08/05 09:22:31.879, 21096, 100
2026/08/05 09:22:32.881, 21096, 100
2026/08/05 09:22:33.882, 21096, 100
2026/08/05 09:22:34.883, 21096, 100
2026/08/05 09:22:35.885, 21096, 100
2026/08/05 09:22:36.886, 21096, 100
2026/08/05 09:22:37.887, 21096, 100
2026/08/05 09:22:38.888, 21096, 100
2026/08/05 09:22:39.889, 21096, 100
2026/08/05 09:22:40.890, 21096, 100
2026/08/05 09:22:41.890, 21096, 100
2026/08/05 09:22:42.891, 21096, 86
2026/08/05 09:22:43.892, 21096, 100
2026/08/05 09:22:44.893, 21096, 100
2026/08/05 09:22:45.893, 21096, 100
2026/08/05 09:22:46.894, 21096, 100
2026/08/05 09:22:47.895, 21096, 100
2026/08/05 09:22:48.896, 21096, 100
2026/08/05 09:22:49.897, 21096, 100
2026/08/05 09:22:50.898, 21096, 100
2026/08/05 09:22:51.899, 21096, 100
2026/08/05 09:22:52.899, 21096, 100
2026/08/05 09:22:53.899, 21096, 100
2026/08/05 09:22:54.900, 21096, 100
2026/08/05 09:22:55.901, 21096, 84
2026/08/05 09:22:56.902, 21096, 100
2026/08/05 09:22:57.902, 21096, 100
2026/08/05 09:22:58.903, 21096, 100
2026/08/05 09:22:59.903, 21096, 100
2026/08/05 09:23:00.904, 21096, 100
2026/08/05 09:23:01.905, 21096, 100
2026/08/05 09:23:02.906, 21096, 100
2026/08/05 09:23:03.906, 21096, 100
2026/08/05 09:23:04.907, 21096, 100
2026/08/05 09:23:05.908, 21096, 100
2026/08/05 09:23:06.909, 21096, 100
2026/08/05 09:23:07.910, 21096, 100
2026/08/05 09:23:08.912, 21096, 100
2026/08/05 09:23:09.913, 21096, 100
2026/08/05 09:23:10.914, 21096, 100
2026/08/05 09:23:11.916, 21096, 100
2026/08/05 09:23:12.917, 21096, 100
2026/08/05 09:23:13.918, 21096, 100
2026/08/05 09:23:14.919, 21096, 100
2026/08/05 09:23:15.921, 21096, 100
2026/08/05 09:23:16.922, 21096, 100
2026/08/05 09:23:17.923, 21096, 100
2026/08/05 09:23:18.925, 21096, 100
2026/08/05 09:23:19.926, 21096, 100
2026/08/05 09:23:20.927, 21096, 100
2026/08/05 09:23:21.928, 21096, 100
2026/08/05 09:23:22.930, 21096, 100
2026/08/05 09:23:23.931, 21096, 84
2026/08/05 09:23:24.932, 21096, 100
2026/08/05 09:23:25.934, 21096, 100
2026/08/05 09:23:26.935, 21096, 100
2026/08/05 09:23:27.936, 21096, 100
2026/08/05 09:23:28.937, 21096, 100
2026/08/05 09:23:29.939, 21096, 100
2026/08/05 09:23:30.940, 21096, 100
2026/08/05 09:23:31.941, 21096, 85
2026/08/05 09:23:32.943, 21096, 100
2026/08/05 09:23:33.944, 21096, 100
2026/08/05 09:23:34.945, 21096, 100
2026/08/05 09:23:35.947, 21096, 100
2026/08/05 09:23:36.948, 21096, 100
2026/08/05 09:23:37.949, 21096, 100
2026/08/05 09:23:38.950, 21096, 100
2026/08/05 09:23:39.952, 21096, 100
2026/08/05 09:23:40.953, 21096, 100
2026/08/05 09:23:41.954, 21096, 100
2026/08/05 09:23:42.956, 21096, 100
2026/08/05 09:23:43.957, 21096, 100
2026/08/05 09:23:44.958, 21096, 100
2026/08/05 09:23:45.959, 21096, 100
2026/08/05 09:23:46.961, 21096, 100
2026/08/05 09:23:47.963, 21096, 100
2026/08/05 09:23:48.964, 21096, 100
2026/08/05 09:23:49.965, 21096, 88
2026/08/05 09:23:50.967, 21096, 100
2026/08/05 09:23:51.968, 21096, 100
2026/08/05 09:23:52.969, 21096, 100
2026/08/05 09:23:53.971, 21096, 100
2026/08/05 09:23:54.972, 21096, 100
2026/08/05 09:23:55.973, 21096, 100
2026/08/05 09:23:56.975, 21096, 100
2026/08/05 09:23:57.976, 21096, 100
2026/08/05 09:23:58.977, 21096, 100
2026/08/05 09:23:59.979, 21096, 100
2026/08/05 09:24:00.980, 21096, 100
2026/08/05 09:24:01.982, 21096, 100
2026/08/05 09:24:02.983, 21096, 100
2026/08/05 09:24:03.984, 21096, 100
2026/08/05 09:24:04.986, 21096, 100
2026/08/05 09:24:05.987, 21096, 84
2026/08/05 09:24:06.988, 21096, 100
2026/08/05 09:24:07.990, 21096, 100
2026/08/05 09:24:08.991, 21096, 100
2026/08/05 09:24:09.993, 21096, 100
2026/08/05 09:24:10.994, 21096, 100
2026/08/05 09:24:11.995, 21096, 100
2026/08/05 09:24:12.997, 21096, 100
2026/08/05 09:24:13.998, 21096, 100
2026/08/05 09:24:14.999, 21096, 100
2026/08/05 09:24:16.001, 21096, 100
2026/08/05 09:24:17.002, 21096, 100
2026/08/05 09:24:18.003, 21096, 100
2026/08/05 09:24:19.005, 21096, 100
2026/08/05 09:24:20.006, 21096, 87
2026/08/05 09:24:21.008, 21096, 100
2026/08/05 09:24:22.009, 21096, 100
2026/08/05 09:24:23.010, 21096, 95
2026/08/05 09:24:24.012, 21096, 100
2026/08/05 09:24:25.013, 21096, 68
2026/08/05 09:24:26.014, 21096, 100
2026/08/05 09:24:27.016, 21096, 100
2026/08/05 09:24:28.017, 21096, 100
2026/08/05 09:24:29.019, 21096, 86
2026/08/05 09:24:30.020, 21096, 100
2026/08/05 09:24:31.021, 21096, 100
2026/08/05 09:24:32.023, 21096, 85
2026/08/05 09:24:33.024, 21096, 85
2026/08/05 09:24:34.025, 21096, 85
2026/08/05 09:24:35.027, 21096, 100
2026/08/05 09:24:36.028, 21096, 100
2026/08/05 09:24:37.030, 21096, 100
2026/08/05 09:24:38.031, 21096, 64
2026/08/05 09:24:39.032, 21096, 100
2026/08/05 09:24:40.034, 21096, 100
2026/08/05 09:24:41.034, 21096, 100
2026/08/05 09:24:42.036, 21096, 100
2026/08/05 09:24:43.037, 21096, 100
2026/08/05 09:24:44.038, 21096, 100
2026/08/05 09:24:45.040, 21096, 100
2026/08/05 09:24:46.041, 21096, 100
2026/08/05 09:24:47.042, 21096, 100
2026/08/05 09:24:48.043, 21096, 100
2026/08/05 09:24:49.044, 21096, 100
2026/08/05 09:24:50.045, 21096, 67
2026/08/05 09:24:51.046, 21096, 100
2026/08/05 09:24:52.048, 21096, 100
2026/08/05 09:24:53.049, 21096, 100
2026/08/05 09:24:54.050, 21096, 100
2026/08/05 09:24:55.051, 21096, 100
2026/08/05 09:24:56.052, 21096, 100
2026/08/05 09:24:57.053, 21096, 100
2026/08/05 09:24:58.054, 21096, 86
2026/08/05 09:24:59.056, 21096, 100
2026/08/05 09:25:00.057, 21096, 100
2026/08/05 09:25:01.058, 21096, 100
2026/08/05 09:25:02.059, 21096, 100
2026/08/05 09:25:03.060, 21096, 100
2026/08/05 09:25:04.061, 21096, 100
2026/08/05 09:25:05.062, 21096, 100
2026/08/05 09:25:06.064, 21096, 100
2026/08/05 09:25:07.065, 21096, 100
2026/08/05 09:25:08.067, 21096, 63
2026/08/05 09:25:09.068, 21096, 100
2026/08/05 09:25:10.068, 21096, 100
2026/08/05 09:25:11.069, 21096, 100
2026/08/05 09:25:12.071, 21096, 100
2026/08/05 09:25:13.072, 21096, 100
2026/08/05 09:25:14.074, 21096, 84
2026/08/05 09:25:15.074, 21096, 91
2026/08/05 09:25:16.074, 21096, 100
2026/08/05 09:25:17.074, 21096, 100
2026/08/05 09:25:18.074, 21096, 84
2026/08/05 09:25:19.075, 21096, 86
2026/08/05 09:25:20.075, 21096, 100
2026/08/05 09:25:21.075, 21096, 100
2026/08/05 09:25:22.075, 21096, 100
2026/08/05 09:25:23.075, 21096, 100
2026/08/05 09:25:24.076, 21096, 94
2026/08/05 09:25:25.076, 21096, 84
2026/08/05 09:25:26.077, 21096, 85
2026/08/05 09:25:27.078, 21096, 100
2026/08/05 09:25:28.079, 21096, 100
2026/08/05 09:25:29.079, 21096, 65
2026/08/05 09:25:30.079, 21096, 90
2026/08/05 09:25:31.079, 21096, 100
2026/08/05 09:25:32.080, 21096, 100
2026/08/05 09:25:33.080, 21096, 72
2026/08/05 09:25:34.081, 21096, 100
2026/08/05 09:25:35.081, 21096, 100
2026/08/05 09:25:36.081, 21096, 100
2026/08/05 09:25:37.081, 21096, 100
2026/08/05 09:25:38.081, 21096, 100
2026/08/05 09:25:39.082, 21096, 100
2026/08/05 09:25:40.082, 21096, 100
2026/08/05 09:25:41.082, 21096, 100
2026/08/05 09:25:42.083, 21096, 100
2026/08/05 09:25:43.083, 21096, 100
2026/08/05 09:25:44.083, 21096, 100
2026/08/05 09:25:45.083, 21096, 100
2026/08/05 09:25:46.083, 21096, 100
2026/08/05 09:25:47.084, 21096, 100
2026/08/05 09:25:48.086, 21096, 84
2026/08/05 09:25:49.115, 21096, 100
2026/08/05 09:25:50.142, 21096, 100
2026/08/05 09:25:51.164, 21096, 100
2026/08/05 09:25:52.184, 21096, 100
2026/08/05 09:25:53.201, 21096, 100
2026/08/05 09:25:54.216, 21096, 100
2026/08/05 09:25:55.229, 21096, 100
2026/08/05 09:25:56.242, 21096, 93
2026/08/05 09:25:57.253, 21096, 86
2026/08/05 09:25:58.262, 21096, 94
2026/08/05 09:25:59.271, 21096, 92
2026/08/05 09:26:00.278, 21096, 93
2026/08/05 09:26:01.285, 21096, 100
2026/08/05 09:26:02.291, 21096, 100
2026/08/05 09:26:03.296, 21096, 100
2026/08/05 09:26:04.302, 21096, 78
2026/08/05 09:26:05.307, 21096, 100
2026/08/05 09:26:06.311, 21096, 100
2026/08/05 09:26:07.314, 21096, 100
2026/08/05 09:26:08.317, 21096, 100
2026/08/05 09:26:09.320, 21096, 100
2026/08/05 09:26:10.323, 21096, 100
2026/08/05 09:26:11.326, 21096, 100
2026/08/05 09:26:12.329, 21096, 100
2026/08/05 09:26:13.331, 21096, 100
2026/08/05 09:26:14.334, 21096, 100
2026/08/05 09:26:15.336, 21096, 100
2026/08/05 09:26:16.339, 21096, 100
2026/08/05 09:26:17.340, 21096, 100
2026/08/05 09:26:18.342, 21096, 100
2026/08/05 09:26:19.343, 21096, 100
2026/08/05 09:26:20.345, 21096, 100
2026/08/05 09:26:21.346, 21096, 97
2026/08/05 09:26:22.346, 21096, 100
2026/08/05 09:26:23.346, 21096, 100
2026/08/05 09:26:24.346, 21096, 100
2026/08/05 09:26:25.347, 21096, 100
2026/08/05 09:26:26.347, 21096, 100
2026/08/05 09:26:27.347, 21096, 100
2026/08/05 09:26:28.347, 21096, 100
2026/08/05 09:26:29.348, 21096, 100
2026/08/05 09:26:30.348, 21096, 100
2026/08/05 09:26:31.348, 21096, 100
2026/08/05 09:26:32.348, 21096, 100
2026/08/05 09:26:33.349, 21096, 100
2026/08/05 09:26:34.349, 21096, 82
2026/08/05 09:26:35.349, 21096, 100
2026/08/05 09:26:36.350, 21096, 100
2026/08/05 09:26:37.350, 21096, 100
2026/08/05 09:26:38.350, 21096, 100
2026/08/05 09:26:39.350, 21096, 100
2026/08/05 09:26:40.351, 21096, 77
2026/08/05 09:26:41.351, 21096, 100
2026/08/05 09:26:42.351, 21096, 84
2026/08/05 09:26:43.352, 21096, 100
2026/08/05 09:26:44.352, 21096, 100
2026/08/05 09:26:45.352, 21096, 100
2026/08/05 09:26:46.352, 21096, 100
2026/08/05 09:26:47.353, 21096, 100
2026/08/05 09:26:48.353, 21096, 100
2026/08/05 09:26:49.353, 21096, 100
2026/08/05 09:26:50.353, 21096, 100
2026/08/05 09:26:51.353, 21096, 100
2026/08/05 09:26:52.354, 21096, 100
2026/08/05 09:26:53.354, 21096, 100
2026/08/05 09:26:54.361, 21096, 85
2026/08/05 09:26:55.377, 21096, 100
2026/08/05 09:26:56.393, 21096, 84
2026/08/05 09:26:57.406, 21096, 100
2026/08/05 09:26:58.419, 21096, 100
2026/08/05 09:26:59.429, 21096, 85
2026/08/05 09:27:00.438, 21096, 100
2026/08/05 09:27:01.446, 21096, 100
2026/08/05 09:27:02.454, 21096, 100
2026/08/05 09:27:03.461, 21096, 100
2026/08/05 09:27:04.467, 21096, 100
2026/08/05 09:27:05.472, 21096, 100
2026/08/05 09:27:06.477, 21096, 100
2026/08/05 09:27:07.482, 21096, 100
2026/08/05 09:27:08.486, 21096, 100
2026/08/05 09:27:09.490, 21096, 100
2026/08/05 09:27:10.493, 21096, 100
2026/08/05 09:27:11.497, 21096, 100
2026/08/05 09:27:12.500, 21096, 100
2026/08/05 09:27:13.503, 21096, 100
2026/08/05 09:27:14.505, 21096, 100
2026/08/05 09:27:15.507, 21096, 100
2026/08/05 09:27:16.510, 21096, 100
2026/08/05 09:27:17.512, 21096, 100
2026/08/05 09:27:18.515, 21096, 100
2026/08/05 09:27:19.517, 21096, 100
2026/08/05 09:27:20.519, 21096, 100
2026/08/05 09:27:21.520, 21096, 84
2026/08/05 09:27:22.522, 21096, 49
2026/08/05 09:27:23.523, 21096, 100
2026/08/05 09:27:24.525, 21096, 100
2026/08/05 09:27:25.527, 21096, 100
2026/08/05 09:27:26.528, 21096, 100
2026/08/05 09:27:27.537, 21096, 100
2026/08/05 09:27:28.553, 21096, 100
2026/08/05 09:27:29.566, 21096, 100
2026/08/05 09:27:30.578, 21096, 92
2026/08/05 09:27:31.589, 21096, 100
2026/08/05 09:27:32.598, 21096, 100
2026/08/05 09:27:33.606, 21096, 100
2026/08/05 09:27:34.614, 21096, 100
2026/08/05 09:27:35.620, 21096, 86
2026/08/05 09:27:36.626, 21096, 100
2026/08/05 09:27:37.632, 21096, 100
2026/08/05 09:27:38.636, 21096, 100
2026/08/05 09:27:39.640, 21096, 100
2026/08/05 09:27:40.644, 21096, 100
2026/08/05 09:27:41.648, 21096, 100
2026/08/05 09:27:42.652, 21096, 99
2026/08/05 09:27:43.655, 21096, 100
2026/08/05 09:27:44.658, 21096, 73
2026/08/05 09:27:45.661, 21096, 100
2026/08/05 09:27:46.664, 21096, 100
2026/08/05 09:27:47.666, 21096, 100
2026/08/05 09:27:48.669, 21096, 100
2026/08/05 09:27:49.671, 21096, 100
2026/08/05 09:27:50.673, 21096, 100
2026/08/05 09:27:51.674, 21096, 100
2026/08/05 09:27:52.676, 21096, 100
2026/08/05 09:27:53.677, 21096, 100
2026/08/05 09:27:54.679, 21096, 100
2026/08/05 09:27:55.680, 21096, 100
2026/08/05 09:27:56.682, 21096, 100
2026/08/05 09:27:57.683, 21096, 100
2026/08/05 09:27:58.685, 21096, 83
2026/08/05 09:27:59.685, 21096, 83
2026/08/05 09:28:00.685, 21096, 62
2026/08/05 09:28:01.685, 21096, 100
2026/08/05 09:28:02.686, 21096, 100
2026/08/05 09:28:03.686, 21096, 100
2026/08/05 09:28:04.686, 21096, 100
2026/08/05 09:28:05.686, 21096, 100
2026/08/05 09:28:06.686, 21096, 88
2026/08/05 09:28:07.687, 21096, 83
2026/08/05 09:28:08.687, 21096, 61
2026/08/05 09:28:09.687, 21096, 100
2026/08/05 09:28:10.687, 21096, 100
2026/08/05 09:28:11.687, 21096, 100
2026/08/05 09:28:12.687, 21096, 100
2026/08/05 09:28:13.688, 21096, 100
2026/08/05 09:28:14.688, 21096, 100
2026/08/05 09:28:15.688, 21096, 100
2026/08/05 09:28:16.688, 21096, 100
2026/08/05 09:28:17.689, 21096, 100
2026/08/05 09:28:18.689, 21096, 100
2026/08/05 09:28:19.689, 21096, 100
2026/08/05 09:28:20.690, 21096, 100
2026/08/05 09:28:21.690, 21096, 81
2026/08/05 09:28:22.690, 21096, 78
2026/08/05 09:28:23.690, 21096, 100
2026/08/05 09:28:24.690, 21096, 100
2026/08/05 09:28:25.691, 21096, 100
2026/08/05 09:28:26.691, 21096, 76
2026/08/05 09:28:27.691, 21096, 100
2026/08/05 09:28:28.692, 21096, 100
2026/08/05 09:28:29.692, 21096, 100
2026/08/05 09:28:30.692, 21096, 100
2026/08/05 09:28:31.692, 21096, 100
2026/08/05 09:28:32.693, 21096, 100
2026/08/05 09:28:33.696, 21096, 100
2026/08/05 09:28:34.698, 21096, 100
2026/08/05 09:28:35.701, 21096, 100
2026/08/05 09:28:36.703, 21096, 100
2026/08/05 09:28:37.706, 21096, 100
2026/08/05 09:28:38.707, 21096, 100
2026/08/05 09:28:39.708, 21096, 100
2026/08/05 09:28:40.710, 21096, 100
2026/08/05 09:28:41.712, 21096, 100
2026/08/05 09:28:42.713, 21096, 100
2026/08/05 09:28:43.715, 21096, 100
2026/08/05 09:28:44.716, 21096, 100
2026/08/05 09:28:45.717, 21096, 100
2026/08/05 09:28:46.719, 21096, 100
2026/08/05 09:28:47.720, 21096, 70
2026/08/05 09:28:48.721, 21096, 100
2026/08/05 09:28:49.723, 21096, 100
2026/08/05 09:28:50.724, 21096, 100
2026/08/05 09:28:51.726, 21096, 100
2026/08/05 09:28:52.727, 21096, 100
2026/08/05 09:28:53.728, 21096, 100
2026/08/05 09:28:54.730, 21096, 100
2026/08/05 09:28:55.731, 21096, 100
2026/08/05 09:28:56.732, 21096, 100
2026/08/05 09:28:57.734, 21096, 100
2026/08/05 09:28:58.735, 21096, 100
2026/08/05 09:28:59.735, 21096, 100
2026/08/05 09:29:00.736, 21096, 100
2026/08/05 09:29:01.736, 21096, 100
2026/08/05 09:29:02.736, 21096, 100
2026/08/05 09:29:03.736, 21096, 100
2026/08/05 09:29:04.737, 21096, 100
2026/08/05 09:29:05.737, 21096, 100
2026/08/05 09:29:06.737, 21096, 100
2026/08/05 09:29:07.738, 21096, 83
2026/08/05 09:29:08.738, 21096, 100
2026/08/05 09:29:09.738, 21096, 100
2026/08/05 09:29:10.738, 21096, 82
2026/08/05 09:29:11.738, 21096, 100
2026/08/05 09:29:12.739, 21096, 100
2026/08/05 09:29:13.739, 21096, 100
2026/08/05 09:29:14.739, 21096, 100
2026/08/05 09:29:15.739, 21096, 100
2026/08/05 09:29:16.740, 21096, 100
2026/08/05 09:29:17.740, 21096, 100
2026/08/05 09:29:18.740, 21096, 100
2026/08/05 09:29:19.740, 21096, 100
2026/08/05 09:29:20.740, 21096, 60
2026/08/05 09:29:21.741, 21096, 84
2026/08/05 09:29:22.741, 21096, 64
2026/08/05 09:29:23.741, 21096, 100
2026/08/05 09:29:25.968, 21096, 100
2026/08/05 09:29:26.968, 21096, 100
2026/08/05 09:29:27.968, 21096, 100
2026/08/05 09:29:28.968, 21096, 100
2026/08/05 09:29:29.969, 21096, 100
2026/08/05 09:29:30.969, 21096, 84
2026/08/05 09:29:31.969, 21096, 100
2026/08/05 09:29:32.969, 21096, 100
2026/08/05 09:29:33.970, 21096, 100
2026/08/05 09:29:34.970, 21096, 83
2026/08/05 09:29:35.970, 21096, 100
2026/08/05 09:29:36.979, 21096, 100
2026/08/05 09:29:37.988, 21096, 100
2026/08/05 09:29:38.997, 21096, 100
2026/08/05 09:29:40.005, 21096, 100
2026/08/05 09:29:41.013, 21096, 100
2026/08/05 09:29:42.020, 21096, 100
2026/08/05 09:29:43.026, 21096, 100
2026/08/05 09:29:44.033, 21096, 100
2026/08/05 09:29:45.039, 21096, 100
2026/08/05 09:29:46.045, 21096, 100
2026/08/05 09:29:47.051, 21096, 83
2026/08/05 09:29:48.056, 21096, 100
2026/08/05 09:29:49.061, 21096, 100
2026/08/05 09:29:50.066, 21096, 100
2026/08/05 09:29:51.070, 21096, 100
2026/08/05 09:29:52.075, 21096, 82
2026/08/05 09:29:53.078, 21096, 100
2026/08/05 09:29:54.083, 21096, 100
2026/08/05 09:29:55.087, 21096, 100
2026/08/05 09:29:56.093, 21096, 100
2026/08/05 09:29:57.096, 21096, 70
2026/08/05 09:29:58.100, 21096, 100
2026/08/05 09:29:59.103, 21096, 100
2026/08/05 09:30:00.106, 21096, 100
2026/08/05 09:30:01.109, 21096, 100
2026/08/05 09:30:02.111, 21096, 100
2026/08/05 09:30:03.114, 21096, 100
2026/08/05 09:30:04.117, 21096, 100
2026/08/05 09:30:05.119, 21096, 100
2026/08/05 09:30:06.122, 21096, 100
2026/08/05 09:30:07.124, 21096, 100
2026/08/05 09:30:08.127, 21096, 100
2026/08/05 09:30:09.129, 21096, 100
2026/08/05 09:30:10.132, 21096, 84
2026/08/05 09:30:11.135, 21096, 100
2026/08/05 09:30:12.137, 21096, 100
2026/08/05 09:30:13.139, 21096, 100
2026/08/05 09:30:14.142, 21096, 100
2026/08/05 09:30:15.144, 21096, 96
2026/08/05 09:30:16.147, 21096, 100
2026/08/05 09:30:17.148, 21096, 100
2026/08/05 09:30:18.149, 21096, 100
2026/08/05 09:30:19.151, 21096, 100
2026/08/05 09:30:20.152, 21096, 100
2026/08/05 09:30:21.154, 21096, 100
2026/08/05 09:30:22.155, 21096, 100
2026/08/05 09:30:23.157, 21096, 100
2026/08/05 09:30:24.158, 21096, 100
2026/08/05 09:30:25.159, 21096, 100
2026/08/05 09:30:26.161, 21096, 100
2026/08/05 09:30:27.162, 21096, 100
2026/08/05 09:30:28.164, 21096, 98
2026/08/05 09:30:29.165, 21096, 83
2026/08/05 09:30:30.167, 21096, 84
2026/08/05 09:30:31.168, 21096, 100
2026/08/05 09:30:32.169, 21096, 100
2026/08/05 09:30:33.171, 21096, 100
2026/08/05 09:30:34.172, 21096, 100
2026/08/05 09:30:35.174, 21096, 100
2026/08/05 09:30:36.175, 21096, 100
2026/08/05 09:30:37.177, 21096, 100
2026/08/05 09:30:38.178, 21096, 100
2026/08/05 09:30:39.179, 21096, 100
2026/08/05 09:30:40.181, 21096, 100
2026/08/05 09:30:41.181, 21096, 100
2026/08/05 09:30:42.181, 21096, 100
2026/08/05 09:30:43.182, 21096, 100
2026/08/05 09:30:44.182, 21096, 100
2026/08/05 09:30:45.182, 21096, 100
2026/08/05 09:30:46.183, 21096, 100
2026/08/05 09:30:47.183, 21096, 100
2026/08/05 09:30:48.183, 21096, 100
2026/08/05 09:30:49.184, 21096, 100
2026/08/05 09:30:50.184, 21096, 100
2026/08/05 09:30:51.184, 21096, 100
2026/08/05 09:30:52.184, 21096, 100
2026/08/05 09:30:53.184, 21096, 100
2026/08/05 09:30:54.185, 21096, 100
2026/08/05 09:30:55.185, 21096, 84
2026/08/05 09:30:56.185, 21096, 100
2026/08/05 09:30:57.185, 21096, 100
2026/08/05 09:30:58.185, 21096, 99
2026/08/05 09:30:59.186, 21096, 100
2026/08/05 09:31:00.186, 21096, 100
2026/08/05 09:31:01.186, 21096, 100
2026/08/05 09:31:02.186, 21096, 100
2026/08/05 09:31:03.186, 21096, 100
2026/08/05 09:31:04.187, 21096, 100
2026/08/05 09:31:05.187, 21096, 100
2026/08/05 09:31:06.187, 21096, 100
2026/08/05 09:31:07.188, 21096, 100
2026/08/05 09:31:08.188, 21096, 100
2026/08/05 09:31:09.188, 21096, 100
2026/08/05 09:31:10.188, 21096, 100
2026/08/05 09:31:11.188, 21096, 100
2026/08/05 09:31:12.189, 21096, 100
2026/08/05 09:31:13.189, 21096, 100
2026/08/05 09:31:14.189, 21096, 100
2026/08/05 09:31:15.189, 21096, 100
2026/08/05 09:31:16.190, 21096, 100
2026/08/05 09:31:17.190, 21096, 88
2026/08/05 09:31:18.190, 21096, 100
2026/08/05 09:31:19.190, 21096, 77
2026/08/05 09:31:20.191, 21096, 100
2026/08/05 09:31:21.191, 21096, 100
2026/08/05 09:31:22.191, 21096, 100
2026/08/05 09:31:23.191, 21096, 90
2026/08/05 09:31:24.191, 21096, 100
2026/08/05 09:31:25.192, 21096, 100
2026/08/05 09:31:26.192, 21096, 100
2026/08/05 09:31:27.192, 21096, 100
2026/08/05 09:31:28.192, 21096, 100
2026/08/05 09:31:29.193, 21096, 100
2026/08/05 09:31:30.193, 21096, 100
2026/08/05 09:31:31.193, 21096, 100
2026/08/05 09:31:32.193, 21096, 100
2026/08/05 09:31:33.193, 21096, 100
2026/08/05 09:31:34.193, 21096, 100
2026/08/05 09:31:35.194, 21096, 84
2026/08/05 09:31:36.194, 21096, 100
2026/08/05 09:31:37.194, 21096, 100
2026/08/05 09:31:38.195, 21096, 100
2026/08/05 09:31:39.195, 21096, 100
2026/08/05 09:31:40.195, 21096, 100
2026/08/05 09:31:41.196, 21096, 100
2026/08/05 09:31:42.196, 21096, 100
2026/08/05 09:31:43.197, 21096, 68
2026/08/05 09:31:44.197, 21096, 100
2026/08/05 09:31:45.197, 21096, 84
2026/08/05 09:31:46.203, 21096, 65
2026/08/05 09:31:47.228, 21096, 90
2026/08/05 09:31:48.250, 21096, 100
2026/08/05 09:31:49.269, 21096, 100
2026/08/05 09:31:50.287, 21096, 100
2026/08/05 09:31:51.302, 21096, 100
2026/08/05 09:31:52.315, 21096, 66
2026/08/05 09:31:53.327, 21096, 98
2026/08/05 09:31:54.337, 21096, 100
2026/08/05 09:31:55.347, 21096, 100
2026/08/05 09:31:56.356, 21096, 100
2026/08/05 09:31:57.363, 21096, 100
2026/08/05 09:31:58.370, 21096, 100
2026/08/05 09:31:59.376, 21096, 100
2026/08/05 09:32:00.381, 21096, 100
2026/08/05 09:32:01.386, 21096, 100
2026/08/05 09:32:02.391, 21096, 100
2026/08/05 09:32:03.395, 21096, 100
2026/08/05 09:32:04.399, 21096, 100
2026/08/05 09:32:05.402, 21096, 84
2026/08/05 09:32:06.405, 21096, 80
2026/08/05 09:32:07.408, 21096, 100
2026/08/05 09:32:08.410, 21096, 100
2026/08/05 09:32:09.413, 21096, 100
2026/08/05 09:32:10.415, 21096, 100
2026/08/05 09:32:11.418, 21096, 100
2026/08/05 09:32:12.420, 21096, 100
2026/08/05 09:32:13.423, 21096, 100
2026/08/05 09:32:14.425, 21096, 100
2026/08/05 09:32:15.426, 21096, 100
2026/08/05 09:32:16.428, 21096, 84
2026/08/05 09:32:17.429, 21096, 100
2026/08/05 09:32:18.431, 21096, 100
2026/08/05 09:32:19.442, 21096, 100
2026/08/05 09:32:20.465, 21096, 86
2026/08/05 09:32:21.486, 21096, 100
2026/08/05 09:32:22.504, 21096, 100
2026/08/05 09:32:23.520, 21096, 100
2026/08/05 09:32:24.535, 21096, 100
2026/08/05 09:32:25.547, 21096, 100
2026/08/05 09:32:26.559, 21096, 100
2026/08/05 09:32:27.568, 21096, 100
2026/08/05 09:32:28.577, 21096, 100
2026/08/05 09:32:29.585, 21096, 100
2026/08/05 09:32:30.592, 21096, 100
2026/08/05 09:32:31.598, 21096, 65
2026/08/05 09:32:32.604, 21096, 100
2026/08/05 09:32:33.609, 21096, 100
2026/08/05 09:32:34.614, 21096, 100
2026/08/05 09:32:35.619, 21096, 100
2026/08/05 09:32:36.623, 21096, 100
2026/08/05 09:32:37.626, 21096, 100
2026/08/05 09:32:38.630, 21096, 100
2026/08/05 09:32:39.632, 21096, 100
2026/08/05 09:32:40.635, 21096, 100
2026/08/05 09:32:41.638, 21096, 100
2026/08/05 09:32:42.640, 21096, 100
2026/08/05 09:32:43.643, 21096, 100
2026/08/05 09:32:44.645, 21096, 100
2026/08/05 09:32:45.647, 21096, 100
2026/08/05 09:32:46.649, 21096, 100
2026/08/05 09:32:47.651, 21096, 84
2026/08/05 09:32:48.653, 21096, 85
2026/08/05 09:32:49.654, 21096, 100
2026/08/05 09:32:50.656, 21096, 100
2026/08/05 09:32:51.657, 21096, 100
2026/08/05 09:32:52.657, 21096, 66
2026/08/05 09:32:53.657, 21096, 86
2026/08/05 09:32:54.658, 21096, 100
2026/08/05 09:32:55.658, 21096, 100
2026/08/05 09:32:56.658, 21096, 100
2026/08/05 09:32:57.658, 21096, 100
2026/08/05 09:32:58.659, 21096, 100
2026/08/05 09:32:59.659, 21096, 85
2026/08/05 09:33:00.659, 21096, 69
2026/08/05 09:33:01.659, 21096, 100
2026/08/05 09:33:02.659, 21096, 100
2026/08/05 09:33:03.660, 21096, 100
2026/08/05 09:33:04.660, 21096, 100
2026/08/05 09:33:05.660, 21096, 100
2026/08/05 09:33:06.660, 21096, 100
2026/08/05 09:33:07.660, 21096, 100
2026/08/05 09:33:08.661, 21096, 100
2026/08/05 09:33:09.661, 21096, 100
2026/08/05 09:33:10.661, 21096, 100
2026/08/05 09:33:11.661, 21096, 100
2026/08/05 09:33:12.662, 21096, 100
2026/08/05 09:33:13.662, 21096, 100
2026/08/05 09:33:14.662, 21096, 100
2026/08/05 09:33:15.662, 21096, 100
2026/08/05 09:33:16.663, 21096, 100
2026/08/05 09:33:17.663, 21096, 100
2026/08/05 09:33:18.663, 21096, 100
2026/08/05 09:33:19.663, 21096, 100
2026/08/05 09:33:20.663, 21096, 100
2026/08/05 09:33:21.664, 21096, 100
2026/08/05 09:33:22.664, 21096, 100
2026/08/05 09:33:23.664, 21096, 100
2026/08/05 09:33:24.665, 21096, 100
2026/08/05 09:33:25.666, 21096, 94
2026/08/05 09:33:26.666, 21096, 100
2026/08/05 09:33:27.666, 21096, 100
2026/08/05 09:33:28.666, 21096, 85
2026/08/05 09:33:29.666, 21096, 95
2026/08/05 09:33:30.667, 21096, 100
2026/08/05 09:33:31.667, 21096, 100
2026/08/05 09:33:32.667, 21096, 100
2026/08/05 09:33:33.667, 21096, 100
2026/08/05 09:33:34.667, 21096, 100
2026/08/05 09:33:35.668, 21096, 57
2026/08/05 09:33:36.668, 21096, 100
2026/08/05 09:33:37.668, 21096, 100
2026/08/05 09:33:38.668, 21096, 100
2026/08/05 09:33:39.669, 21096, 100
2026/08/05 09:33:40.669, 21096, 100
2026/08/05 09:33:41.669, 21096, 87
2026/08/05 09:33:42.669, 21096, 100
2026/08/05 09:33:43.669, 21096, 100
2026/08/05 09:33:44.670, 21096, 100
2026/08/05 09:33:45.670, 21096, 100
2026/08/05 09:33:46.670, 21096, 100
2026/08/05 09:33:47.671, 21096, 100
2026/08/05 09:33:48.671, 21096, 85
2026/08/05 09:33:49.671, 21096, 100
2026/08/05 09:33:50.671, 21096, 100
2026/08/05 09:33:51.672, 21096, 100
2026/08/05 09:33:52.672, 21096, 84
2026/08/05 09:33:53.672, 21096, 100
2026/08/05 09:33:54.672, 21096, 100
2026/08/05 09:33:55.673, 21096, 100
2026/08/05 09:33:56.673, 21096, 100
2026/08/05 09:33:57.674, 21096, 100
2026/08/05 09:33:58.676, 21096, 100
2026/08/05 09:33:59.677, 21096, 100
2026/08/05 09:34:00.678, 21096, 85
2026/08/05 09:34:01.680, 21096, 100
2026/08/05 09:34:02.681, 21096, 100
2026/08/05 09:34:03.682, 21096, 66
2026/08/05 09:34:04.684, 21096, 100
2026/08/05 09:34:05.685, 21096, 91
2026/08/05 09:34:06.686, 21096, 100
2026/08/05 09:34:07.687, 21096, 100
2026/08/05 09:34:08.687, 21096, 100
2026/08/05 09:34:09.687, 21096, 100
2026/08/05 09:34:10.688, 21096, 97
2026/08/05 09:34:11.688, 21096, 100
2026/08/05 09:34:12.688, 21096, 100
2026/08/05 09:34:13.688, 21096, 100
2026/08/05 09:34:14.689, 21096, 100
2026/08/05 09:34:15.689, 21096, 100
2026/08/05 09:34:16.689, 21096, 100
2026/08/05 09:34:17.689, 21096, 100
2026/08/05 09:34:18.689, 21096, 84
2026/08/05 09:34:19.690, 21096, 64
2026/08/05 09:34:20.690, 21096, 84
2026/08/05 09:34:21.690, 21096, 100
2026/08/05 09:34:22.690, 21096, 100
2026/08/05 09:34:23.690, 21096, 84
2026/08/05 09:34:24.691, 21096, 85
2026/08/05 09:34:25.691, 21096, 85
2026/08/05 09:34:26.691, 21096, 100
2026/08/05 09:34:27.691, 21096, 100
2026/08/05 09:34:28.691, 21096, 64
2026/08/05 09:34:29.692, 21096, 80
2026/08/05 09:34:30.692, 21096, 100
2026/08/05 09:34:31.692, 21096, 100
2026/08/05 09:34:32.692, 21096, 100
2026/08/05 09:34:33.693, 21096, 99
2026/08/05 09:34:34.693, 21096, 100
2026/08/05 09:34:35.693, 21096, 100
2026/08/05 09:34:36.693, 21096, 84
2026/08/05 09:34:37.694, 21096, 100
2026/08/05 09:34:38.694, 21096, 100
2026/08/05 09:34:39.694, 21096, 100
2026/08/05 09:34:40.694, 21096, 100
2026/08/05 09:34:41.695, 21096, 100
2026/08/05 09:34:42.695, 21096, 100
2026/08/05 09:34:43.695, 21096, 100
2026/08/05 09:34:44.695, 21096, 100
2026/08/05 09:34:45.695, 21096, 100
2026/08/05 09:34:46.696, 21096, 90
2026/08/05 09:34:47.696, 21096, 100
2026/08/05 09:34:48.696, 21096, 100
2026/08/05 09:34:49.696, 21096, 100
2026/08/05 09:34:50.697, 21096, 100
2026/08/05 09:34:51.697, 21096, 100
2026/08/05 09:34:52.697, 21096, 100
2026/08/05 09:34:53.698, 21096, 100
2026/08/05 09:34:54.698, 21096, 100
2026/08/05 09:34:55.698, 21096, 100
2026/08/05 09:34:56.698, 21096, 100
2026/08/05 09:34:57.698, 21096, 72
2026/08/05 09:34:58.699, 21096, 91
2026/08/05 09:34:59.699, 21096, 100
2026/08/05 09:35:00.699, 21096, 83
2026/08/05 09:35:01.703, 21096, 99
2026/08/05 09:35:02.709, 21096, 100
2026/08/05 09:35:03.714, 21096, 100
2026/08/05 09:35:04.719, 21096, 100
2026/08/05 09:35:05.723, 21096, 100
2026/08/05 09:35:06.728, 21096, 100
2026/08/05 09:35:07.732, 21096, 100
2026/08/05 09:35:08.736, 21096, 65
2026/08/05 09:35:09.739, 21096, 100
2026/08/05 09:35:10.743, 21096, 100
2026/08/05 09:35:11.747, 21096, 100
2026/08/05 09:35:12.750, 21096, 100
2026/08/05 09:35:13.754, 21096, 100
2026/08/05 09:35:14.757, 21096, 100
2026/08/05 09:35:15.760, 21096, 100
2026/08/05 09:35:16.762, 21096, 93
2026/08/05 09:35:17.765, 21096, 83
2026/08/05 09:35:18.767, 21096, 84
2026/08/05 09:35:19.769, 21096, 100
2026/08/05 09:35:20.772, 21096, 100
2026/08/05 09:35:21.774, 21096, 100
2026/08/05 09:35:22.777, 21096, 100
2026/08/05 09:35:23.779, 21096, 100
2026/08/05 09:35:24.782, 21096, 100
2026/08/05 09:35:25.784, 21096, 100
2026/08/05 09:35:26.786, 21096, 100
2026/08/05 09:35:27.788, 21096, 100
2026/08/05 09:35:28.789, 21096, 100
2026/08/05 09:35:29.791, 21096, 84
2026/08/05 09:35:30.792, 21096, 100
2026/08/05 09:35:31.794, 21096, 100
2026/08/05 09:35:32.795, 21096, 100
2026/08/05 09:35:33.797, 21096, 97
2026/08/05 09:35:34.798, 21096, 100
2026/08/05 09:35:35.799, 21096, 100
2026/08/05 09:35:36.801, 21096, 100
2026/08/05 09:35:37.802, 21096, 100
2026/08/05 09:35:38.804, 21096, 100
2026/08/05 09:35:39.805, 21096, 100
2026/08/05 09:35:40.807, 21096, 100
2026/08/05 09:35:41.808, 21096, 94
2026/08/05 09:35:42.810, 21096, 100
2026/08/05 09:35:43.811, 21096, 100
2026/08/05 09:35:44.812, 21096, 100
2026/08/05 09:35:45.814, 21096, 100
2026/08/05 09:35:46.815, 21096, 100
2026/08/05 09:35:47.816, 21096, 100
2026/08/05 09:35:48.818, 21096, 100
2026/08/05 09:35:49.819, 21096, 100
2026/08/05 09:35:50.820, 21096, 82
2026/08/05 09:35:51.822, 21096, 100
2026/08/05 09:35:52.823, 21096, 100
2026/08/05 09:35:53.824, 21096, 100
2026/08/05 09:35:54.826, 21096, 100
2026/08/05 09:35:55.827, 21096, 100
2026/08/05 09:35:56.828, 21096, 100
2026/08/05 09:35:57.830, 21096, 97
2026/08/05 09:35:58.831, 21096, 95
2026/08/05 09:35:59.832, 21096, 100
2026/08/05 09:36:00.834, 21096, 82
2026/08/05 09:36:01.835, 21096, 100
2026/08/05 09:36:02.836, 21096, 100
2026/08/05 09:36:03.838, 21096, 100
2026/08/05 09:36:04.839, 21096, 100
2026/08/05 09:36:05.840, 21096, 100
2026/08/05 09:36:06.848, 21096, 100
2026/08/05 09:36:07.857, 21096, 100
2026/08/05 09:36:08.865, 21096, 100
2026/08/05 09:36:09.873, 21096, 100
2026/08/05 09:36:10.880, 21096, 100
2026/08/05 09:36:11.886, 21096, 100
2026/08/05 09:36:12.893, 21096, 100
2026/08/05 09:36:13.899, 21096, 100
2026/08/05 09:36:14.905, 21096, 100
2026/08/05 09:36:15.911, 21096, 100
2026/08/05 09:36:16.916, 21096, 100
2026/08/05 09:36:17.922, 21096, 100
2026/08/05 09:36:18.926, 21096, 100
2026/08/05 09:36:19.931, 21096, 85
2026/08/05 09:36:20.935, 21096, 100
2026/08/05 09:36:21.940, 21096, 100
2026/08/05 09:36:22.944, 21096, 72
2026/08/05 09:36:23.948, 21096, 100
2026/08/05 09:36:24.951, 21096, 100
2026/08/05 09:36:25.955, 21096, 99
2026/08/05 09:36:26.958, 21096, 84
2026/08/05 09:36:27.961, 21096, 100
2026/08/05 09:36:28.965, 21096, 100
2026/08/05 09:36:29.967, 21096, 100
2026/08/05 09:36:30.971, 21096, 100
2026/08/05 09:36:31.973, 21096, 100
2026/08/05 09:36:32.976, 21096, 100
2026/08/05 09:36:33.979, 21096, 86
2026/08/05 09:36:34.981, 21096, 100
2026/08/05 09:36:35.983, 21096, 100
2026/08/05 09:36:36.986, 21096, 100
2026/08/05 09:36:37.988, 21096, 100
2026/08/05 09:36:38.991, 21096, 85
2026/08/05 09:36:39.993, 21096, 100
2026/08/05 09:36:40.996, 21096, 100
2026/08/05 09:36:41.998, 21096, 100
2026/08/05 09:36:43.000, 21096, 100
2026/08/05 09:36:44.002, 21096, 100
2026/08/05 09:36:45.003, 21096, 100
2026/08/05 09:36:46.005, 21096, 100
2026/08/05 09:36:47.007, 21096, 100
2026/08/05 09:36:48.009, 21096, 100
2026/08/05 09:36:49.010, 21096, 97
2026/08/05 09:36:50.012, 21096, 100
2026/08/05 09:36:51.013, 21096, 100
2026/08/05 09:36:52.015, 21096, 78
2026/08/05 09:36:53.017, 21096, 73
2026/08/05 09:36:54.018, 21096, 89
2026/08/05 09:36:55.019, 21096, 100
2026/08/05 09:36:56.020, 21096, 100
2026/08/05 09:36:57.022, 21096, 100
2026/08/05 09:36:58.023, 21096, 100
2026/08/05 09:36:59.025, 21096, 100
2026/08/05 09:37:00.026, 21096, 100
2026/08/05 09:37:01.028, 21096, 100
2026/08/05 09:37:02.030, 21096, 100
2026/08/05 09:37:03.031, 21096, 65
2026/08/05 09:37:04.032, 21096, 99
2026/08/05 09:37:05.034, 21096, 100
2026/08/05 09:37:06.035, 21096, 73
2026/08/05 09:37:07.037, 21096, 100
2026/08/05 09:37:08.038, 21096, 100
2026/08/05 09:37:09.040, 21096, 100
2026/08/05 09:37:10.040, 21096, 83
2026/08/05 09:37:11.040, 21096, 100
2026/08/05 09:37:12.041, 21096, 100
2026/08/05 09:37:13.041, 21096, 100
2026/08/05 09:37:14.041, 21096, 100
2026/08/05 09:37:15.042, 21096, 100
2026/08/05 09:37:16.042, 21096, 100
2026/08/05 09:37:17.042, 21096, 100
2026/08/05 09:37:18.042, 21096, 86
2026/08/05 09:37:19.043, 21096, 98
2026/08/05 09:37:20.043, 21096, 100
2026/08/05 09:37:21.043, 21096, 100
2026/08/05 09:37:22.044, 21096, 100
2026/08/05 09:37:23.044, 21096, 81
2026/08/05 09:37:24.044, 21096, 100
2026/08/05 09:37:25.045, 21096, 100
2026/08/05 09:37:26.045, 21096, 92
2026/08/05 09:37:27.045, 21096, 100
2026/08/05 09:37:28.046, 21096, 100
2026/08/05 09:37:29.046, 21096, 100
2026/08/05 09:37:30.046, 21096, 100
2026/08/05 09:37:31.046, 21096, 100
2026/08/05 09:37:32.047, 21096, 100
2026/08/05 09:37:33.047, 21096, 100
2026/08/05 09:37:34.047, 21096, 82
2026/08/05 09:37:35.048, 21096, 69
2026/08/05 09:37:36.048, 21096, 100
2026/08/05 09:37:37.048, 21096, 100
2026/08/05 09:37:38.049, 21096, 100
2026/08/05 09:37:39.049, 21096, 100
2026/08/05 09:37:40.049, 21096, 100
2026/08/05 09:37:41.050, 21096, 100
2026/08/05 09:37:42.050, 21096, 100
2026/08/05 09:37:43.052, 21096, 100
2026/08/05 09:37:44.085, 21096, 83
2026/08/05 09:37:45.115, 21096, 100
2026/08/05 09:37:46.140, 21096, 82
2026/08/05 09:37:47.163, 21096, 100
2026/08/05 09:37:48.183, 21096, 100
2026/08/05 09:37:49.201, 21096, 100
2026/08/05 09:37:50.217, 21096, 100
2026/08/05 09:37:51.230, 21096, 100
2026/08/05 09:37:52.241, 21096, 100
2026/08/05 09:37:53.252, 21096, 100
2026/08/05 09:37:54.261, 21096, 100
2026/08/05 09:37:55.270, 21096, 100
2026/08/05 09:37:56.278, 21096, 100
2026/08/05 09:37:57.285, 21096, 100
2026/08/05 09:37:58.292, 21096, 100
2026/08/05 09:37:59.297, 21096, 100
2026/08/05 09:38:00.302, 21096, 100
2026/08/05 09:38:01.306, 21096, 100
2026/08/05 09:38:02.310, 21096, 100
2026/08/05 09:38:03.314, 21096, 100
2026/08/05 09:38:04.317, 21096, 100
2026/08/05 09:38:05.320, 21096, 100
2026/08/05 09:38:06.323, 21096, 100
2026/08/05 09:38:07.325, 21096, 100
2026/08/05 09:38:08.328, 21096, 100
2026/08/05 09:38:09.330, 21096, 100
2026/08/05 09:38:10.333, 21096, 100
2026/08/05 09:38:11.335, 21096, 100
2026/08/05 09:38:12.337, 21096, 100
2026/08/05 09:38:13.340, 21096, 100
2026/08/05 09:38:14.342, 21096, 100
2026/08/05 09:38:15.343, 21096, 64
2026/08/05 09:38:16.345, 21096, 100
2026/08/05 09:38:17.347, 21096, 100
2026/08/05 09:38:18.350, 21096, 100
2026/08/05 09:38:19.352, 21096, 100
2026/08/05 09:38:20.354, 21096, 100
2026/08/05 09:38:21.357, 21096, 100
2026/08/05 09:38:22.359, 21096, 100
2026/08/05 09:38:23.362, 21096, 100
2026/08/05 09:38:24.364, 21096, 100
2026/08/05 09:38:25.367, 21096, 100
2026/08/05 09:38:26.369, 21096, 100
2026/08/05 09:38:27.372, 21096, 100
2026/08/05 09:38:28.374, 21096, 100
2026/08/05 09:38:29.376, 21096, 85
2026/08/05 09:38:30.379, 21096, 100
2026/08/05 09:38:31.381, 21096, 100
2026/08/05 09:38:32.382, 21096, 100
2026/08/05 09:38:33.384, 21096, 100
2026/08/05 09:38:34.385, 21096, 100
2026/08/05 09:38:35.387, 21096, 100
2026/08/05 09:38:36.388, 21096, 72
2026/08/05 09:38:37.390, 21096, 86
2026/08/05 09:38:38.391, 21096, 100
2026/08/05 09:38:39.393, 21096, 100
2026/08/05 09:38:40.394, 21096, 100
2026/08/05 09:38:41.396, 21096, 100
2026/08/05 09:38:42.397, 21096, 100
2026/08/05 09:38:43.398, 21096, 100
2026/08/05 09:38:44.400, 21096, 100
2026/08/05 09:38:45.401, 21096, 100
2026/08/05 09:38:46.402, 21096, 100
2026/08/05 09:38:47.404, 21096, 100
2026/08/05 09:38:48.405, 21096, 100
2026/08/05 09:38:49.407, 21096, 100
2026/08/05 09:38:50.408, 21096, 100
2026/08/05 09:38:51.410, 21096, 100
2026/08/05 09:38:52.411, 21096, 100
2026/08/05 09:38:53.413, 21096, 100
2026/08/05 09:38:54.414, 21096, 100
2026/08/05 09:38:55.416, 21096, 63
2026/08/05 09:38:56.417, 21096, 100
2026/08/05 09:38:57.418, 21096, 69
2026/08/05 09:38:58.420, 21096, 100
2026/08/05 09:38:59.421, 21096, 100
2026/08/05 09:39:00.422, 21096, 100
2026/08/05 09:39:01.424, 21096, 100
2026/08/05 09:39:02.426, 21096, 83
2026/08/05 09:39:03.427, 21096, 91
2026/08/05 09:39:04.428, 21096, 100
2026/08/05 09:39:05.430, 21096, 100
2026/08/05 09:39:06.431, 21096, 100
2026/08/05 09:39:07.432, 21096, 100
2026/08/05 09:39:08.434, 21096, 100
2026/08/05 09:39:09.435, 21096, 94
2026/08/05 09:39:10.436, 21096, 84
2026/08/05 09:39:11.438, 21096, 100
2026/08/05 09:39:12.439, 21096, 100
2026/08/05 09:39:13.441, 21096, 100
2026/08/05 09:39:14.442, 21096, 75
2026/08/05 09:39:15.443, 21096, 100
2026/08/05 09:39:16.445, 21096, 100
2026/08/05 09:39:17.446, 21096, 100
2026/08/05 09:39:18.447, 21096, 82
2026/08/05 09:39:19.449, 21096, 62
2026/08/05 09:39:20.450, 21096, 100
2026/08/05 09:39:21.450, 21096, 84
2026/08/05 09:39:22.451, 21096, 72
2026/08/05 09:39:23.451, 21096, 84
2026/08/05 09:39:24.451, 21096, 85
2026/08/05 09:39:25.451, 21096, 84
2026/08/05 09:39:26.452, 21096, 100
2026/08/05 09:39:27.452, 21096, 100
2026/08/05 09:39:28.452, 21096, 100
2026/08/05 09:39:29.452, 21096, 100
2026/08/05 09:39:30.452, 21096, 100
2026/08/05 09:39:31.453, 21096, 100
2026/08/05 09:39:32.453, 21096, 100
2026/08/05 09:39:33.453, 21096, 100
2026/08/05 09:39:34.453, 21096, 100
2026/08/05 09:39:35.453, 21096, 100
2026/08/05 09:39:36.454, 21096, 83
2026/08/05 09:39:37.454, 21096, 100
2026/08/05 09:39:38.455, 21096, 100
2026/08/05 09:39:39.455, 21096, 100
2026/08/05 09:39:40.455, 21096, 85
2026/08/05 09:39:41.455, 21096, 88
2026/08/05 09:39:42.456, 21096, 100
2026/08/05 09:39:43.456, 21096, 100
2026/08/05 09:39:44.456, 21096, 100
2026/08/05 09:39:45.456, 21096, 100
2026/08/05 09:39:46.456, 21096, 100
2026/08/05 09:39:47.457, 21096, 100
2026/08/05 09:39:48.457, 21096, 92
2026/08/05 09:39:49.457, 21096, 97
2026/08/05 09:39:50.457, 21096, 100
2026/08/05 09:39:51.457, 21096, 100
2026/08/05 09:39:52.458, 21096, 100
2026/08/05 09:39:53.458, 21096, 100
2026/08/05 09:39:54.458, 21096, 100
2026/08/05 09:39:55.458, 21096, 66
2026/08/05 09:39:56.458, 21096, 100
2026/08/05 09:39:57.459, 21096, 100
2026/08/05 09:39:58.459, 21096, 100
2026/08/05 09:39:59.459, 21096, 100
2026/08/05 09:40:00.459, 21096, 100
2026/08/05 09:40:01.459, 21096, 100
2026/08/05 09:40:02.460, 21096, 100
2026/08/05 09:40:03.460, 21096, 100
2026/08/05 09:40:04.460, 21096, 100
2026/08/05 09:40:05.460, 21096, 87
2026/08/05 09:40:06.461, 21096, 84
2026/08/05 09:40:07.461, 21096, 100
2026/08/05 09:40:08.461, 21096, 83
2026/08/05 09:40:09.461, 21096, 100
2026/08/05 09:40:10.462, 21096, 100
2026/08/05 09:40:11.462, 21096, 100
2026/08/05 09:40:12.462, 21096, 81
2026/08/05 09:40:13.462, 21096, 100
2026/08/05 09:40:14.463, 21096, 100
2026/08/05 09:40:15.463, 21096, 100
2026/08/05 09:40:16.463, 21096, 100
2026/08/05 09:40:17.463, 21096, 100
2026/08/05 09:40:18.463, 21096, 100
2026/08/05 09:40:19.464, 21096, 100
2026/08/05 09:40:20.464, 21096, 84
2026/08/05 09:40:21.464, 21096, 100
2026/08/05 09:40:22.464, 21096, 100
2026/08/05 09:40:23.465, 21096, 100
2026/08/05 09:40:24.465, 21096, 100
2026/08/05 09:40:25.465, 21096, 85
2026/08/05 09:40:26.466, 21096, 100
2026/08/05 09:40:27.466, 21096, 100
2026/08/05 09:40:28.468, 21096, 100
2026/08/05 09:40:29.469, 21096, 100
2026/08/05 09:40:30.470, 21096, 100
2026/08/05 09:40:31.470, 21096, 85
2026/08/05 09:40:32.472, 21096, 96
2026/08/05 09:40:33.473, 21096, 100
2026/08/05 09:40:34.474, 21096, 100
2026/08/05 09:40:35.475, 21096, 100
2026/08/05 09:40:36.475, 21096, 100
2026/08/05 09:40:37.475, 21096, 100
2026/08/05 09:40:38.476, 21096, 100
2026/08/05 09:40:39.476, 21096, 100
2026/08/05 09:40:40.476, 21096, 100
2026/08/05 09:40:41.476, 21096, 100
2026/08/05 09:40:42.477, 21096, 83
2026/08/05 09:40:43.477, 21096, 100
2026/08/05 09:40:44.477, 21096, 100
2026/08/05 09:40:45.477, 21096, 100
2026/08/05 09:40:46.478, 21096, 100
2026/08/05 09:40:47.478, 21096, 100
2026/08/05 09:40:48.478, 21096, 63
2026/08/05 09:40:49.478, 21096, 100
2026/08/05 09:40:50.479, 21096, 100
2026/08/05 09:40:51.479, 21096, 100
2026/08/05 09:40:52.479, 21096, 100
2026/08/05 09:40:53.479, 21096, 100
2026/08/05 09:40:54.480, 21096, 100
2026/08/05 09:40:55.480, 21096, 100
2026/08/05 09:40:56.480, 21096, 100
2026/08/05 09:40:57.480, 21096, 100
2026/08/05 09:40:58.481, 21096, 100
2026/08/05 09:40:59.481, 21096, 100
2026/08/05 09:41:00.481, 21096, 100
2026/08/05 09:41:01.481, 21096, 82
2026/08/05 09:41:02.482, 21096, 85
2026/08/05 09:41:03.482, 21096, 100
2026/08/05 09:41:04.482, 21096, 100
2026/08/05 09:41:05.483, 21096, 100
2026/08/05 09:41:06.483, 21096, 84
2026/08/05 09:41:07.483, 21096, 100
2026/08/05 09:41:08.483, 21096, 90
2026/08/05 09:41:09.484, 21096, 100
2026/08/05 09:41:10.484, 21096, 100
2026/08/05 09:41:11.484, 21096, 100
2026/08/05 09:41:12.484, 21096, 100
2026/08/05 09:41:13.485, 21096, 100
2026/08/05 09:41:14.485, 21096, 85
2026/08/05 09:41:15.485, 21096, 100
2026/08/05 09:41:16.485, 21096, 100
2026/08/05 09:41:17.486, 21096, 100
2026/08/05 09:41:18.486, 21096, 99
2026/08/05 09:41:19.486, 21096, 100
2026/08/05 09:41:20.486, 21096, 100
2026/08/05 09:41:21.486, 21096, 69
2026/08/05 09:41:22.487, 21096, 100
2026/08/05 09:41:23.487, 21096, 100
2026/08/05 09:41:24.487, 21096, 100
2026/08/05 09:41:25.487, 21096, 100
2026/08/05 09:41:26.487, 21096, 100
2026/08/05 09:41:27.488, 21096, 100
2026/08/05 09:41:28.488, 21096, 100
2026/08/05 09:41:29.488, 21096, 100
2026/08/05 09:41:30.488, 21096, 100
2026/08/05 09:41:31.489, 21096, 100
2026/08/05 09:41:32.489, 21096, 100
2026/08/05 09:41:33.489, 21096, 100
2026/08/05 09:41:34.489, 21096, 63
2026/08/05 09:41:35.490, 21096, 86
2026/08/05 09:41:36.490, 21096, 100
2026/08/05 09:41:37.490, 21096, 100
2026/08/05 09:41:38.490, 21096, 100
2026/08/05 09:41:39.490, 21096, 100
2026/08/05 09:41:40.491, 21096, 100
2026/08/05 09:41:41.491, 21096, 100
2026/08/05 09:41:42.491, 21096, 100
2026/08/05 09:41:43.491, 21096, 100
2026/08/05 09:41:44.491, 21096, 100
2026/08/05 09:41:45.492, 21096, 100
2026/08/05 09:41:46.492, 21096, 100
2026/08/05 09:41:47.492, 21096, 100
2026/08/05 09:41:48.492, 21096, 100
2026/08/05 09:41:49.492, 21096, 99
2026/08/05 09:41:50.493, 21096, 100
2026/08/05 09:41:51.493, 21096, 100
2026/08/05 09:41:52.493, 21096, 100
2026/08/05 09:41:53.493, 21096, 100
2026/08/05 09:41:54.493, 21096, 100
2026/08/05 09:41:55.493, 21096, 100
2026/08/05 09:41:56.494, 21096, 100
2026/08/05 09:41:57.494, 21096, 100
2026/08/05 09:41:58.494, 21096, 100
2026/08/05 09:41:59.494, 21096, 100
2026/08/05 09:42:00.495, 21096, 100
2026/08/05 09:42:01.495, 21096, 100
2026/08/05 09:42:02.495, 21096, 100
2026/08/05 09:42:03.495, 21096, 66
2026/08/05 09:42:04.495, 21096, 100
2026/08/05 09:42:05.496, 21096, 100
2026/08/05 09:42:06.496, 21096, 85
2026/08/05 09:42:07.496, 21096, 100
2026/08/05 09:42:08.497, 21096, 100
2026/08/05 09:42:09.497, 21096, 100
2026/08/05 09:42:10.497, 21096, 100
2026/08/05 09:42:11.497, 21096, 100
2026/08/05 09:42:12.497, 21096, 100
2026/08/05 09:42:13.498, 21096, 100
2026/08/05 09:42:14.498, 21096, 100
2026/08/05 09:42:15.498, 21096, 88
2026/08/05 09:42:16.498, 21096, 100
2026/08/05 09:42:17.498, 21096, 100
2026/08/05 09:42:18.499, 21096, 100
2026/08/05 09:42:19.499, 21096, 100
2026/08/05 09:42:20.499, 21096, 100
2026/08/05 09:42:21.499, 21096, 100
2026/08/05 09:42:22.500, 21096, 100
2026/08/05 09:42:23.500, 21096, 100
2026/08/05 09:42:24.500, 21096, 100
2026/08/05 09:42:25.500, 21096, 100
2026/08/05 09:42:26.500, 21096, 62
2026/08/05 09:42:27.501, 21096, 100
2026/08/05 09:42:28.501, 21096, 90
2026/08/05 09:42:29.501, 21096, 100
2026/08/05 09:42:30.501, 21096, 100
2026/08/05 09:42:31.501, 21096, 100
2026/08/05 09:42:32.502, 21096, 100
2026/08/05 09:42:33.502, 21096, 79
2026/08/05 09:42:34.502, 21096, 83
2026/08/05 09:42:35.502, 21096, 100
2026/08/05 09:42:36.502, 21096, 100
2026/08/05 09:42:37.503, 21096, 100
2026/08/05 09:42:38.503, 21096, 100
2026/08/05 09:42:39.503, 21096, 100
2026/08/05 09:42:40.504, 21096, 100
2026/08/05 09:42:41.504, 21096, 100
2026/08/05 09:42:42.504, 21096, 100
2026/08/05 09:42:43.505, 21096, 99
2026/08/05 09:42:44.505, 21096, 100
2026/08/05 09:42:45.505, 21096, 100
2026/08/05 09:42:46.505, 21096, 100
2026/08/05 09:42:47.506, 21096, 85
2026/08/05 09:42:48.506, 21096, 100
2026/08/05 09:42:49.506, 21096, 100
2026/08/05 09:42:50.506, 21096, 65
2026/08/05 09:42:51.507, 21096, 98
2026/08/05 09:42:52.507, 21096, 100
2026/08/05 09:42:53.507, 21096, 100
2026/08/05 09:42:54.507, 21096, 100
2026/08/05 09:42:55.508, 21096, 85
2026/08/05 09:42:56.508, 21096, 100
2026/08/05 09:42:57.508, 21096, 100
2026/08/05 09:42:58.508, 21096, 99
2026/08/05 09:42:59.509, 21096, 100
2026/08/05 09:43:00.509, 21096, 93
2026/08/05 09:43:01.509, 21096, 100
2026/08/05 09:43:02.509, 21096, 100
2026/08/05 09:43:03.510, 21096, 98
2026/08/05 09:43:04.510, 21096, 100
2026/08/05 09:43:05.510, 21096, 100
2026/08/05 09:43:06.510, 21096, 100
2026/08/05 09:43:07.511, 21096, 100
2026/08/05 09:43:08.511, 21096, 100
2026/08/05 09:43:09.511, 21096, 100
2026/08/05 09:43:10.511, 21096, 100
2026/08/05 09:43:11.511, 21096, 100
2026/08/05 09:43:12.512, 21096, 100
2026/08/05 09:43:13.512, 21096, 100
2026/08/05 09:43:14.512, 21096, 100
2026/08/05 09:43:15.512, 21096, 100
2026/08/05 09:43:16.513, 21096, 100
2026/08/05 09:43:17.513, 21096, 100
2026/08/05 09:43:18.513, 21096, 100
2026/08/05 09:43:19.513, 21096, 100
2026/08/05 09:43:20.514, 21096, 100
2026/08/05 09:43:21.514, 21096, 100
2026/08/05 09:43:22.514, 21096, 99
2026/08/05 09:43:23.514, 21096, 100
2026/08/05 09:43:24.514, 21096, 100
2026/08/05 09:43:25.515, 21096, 100
2026/08/05 09:43:26.515, 21096, 100
2026/08/05 09:43:27.515, 21096, 100
2026/08/05 09:43:28.515, 21096, 97
2026/08/05 09:43:29.515, 21096, 100
2026/08/05 09:43:30.516, 21096, 100
2026/08/05 09:43:31.516, 21096, 100
2026/08/05 09:43:32.516, 21096, 100
2026/08/05 09:43:33.516, 21096, 100
2026/08/05 09:43:34.517, 21096, 100
2026/08/05 09:43:35.517, 21096, 100
2026/08/05 09:43:36.517, 21096, 100
2026/08/05 09:43:37.517, 21096, 100
2026/08/05 09:43:38.518, 21096, 100
2026/08/05 09:43:39.520, 21096, 100
2026/08/05 09:43:40.522, 21096, 100
2026/08/05 09:43:41.525, 21096, 100
2026/08/05 09:43:42.528, 21096, 100
2026/08/05 09:43:43.530, 21096, 82
2026/08/05 09:43:44.533, 21096, 100
2026/08/05 09:43:45.535, 21096, 100
2026/08/05 09:43:46.538, 21096, 100
2026/08/05 09:43:47.540, 21096, 100
2026/08/05 09:43:48.542, 21096, 84
2026/08/05 09:43:49.544, 21096, 100
2026/08/05 09:43:50.546, 21096, 100
2026/08/05 09:43:51.548, 21096, 100
2026/08/05 09:43:52.550, 21096, 100
2026/08/05 09:43:53.553, 21096, 100
2026/08/05 09:43:54.554, 21096, 100
2026/08/05 09:43:55.557, 21096, 100
2026/08/05 09:43:56.558, 21096, 100
2026/08/05 09:43:57.560, 21096, 100
2026/08/05 09:43:58.561, 21096, 100
2026/08/05 09:43:59.562, 21096, 100
2026/08/05 09:44:00.564, 21096, 100
2026/08/05 09:44:01.565, 21096, 84
2026/08/05 09:44:02.566, 21096, 100
2026/08/05 09:44:03.568, 21096, 100
2026/08/05 09:44:04.569, 21096, 100
2026/08/05 09:44:05.570, 21096, 100
2026/08/05 09:44:06.572, 21096, 100
2026/08/05 09:44:07.573, 21096, 100
2026/08/05 09:44:08.574, 21096, 84
2026/08/05 09:44:09.576, 21096, 100
2026/08/05 09:44:10.577, 21096, 100
2026/08/05 09:44:11.578, 21096, 100
2026/08/05 09:44:12.580, 21096, 100
2026/08/05 09:44:13.582, 21096, 54
2026/08/05 09:44:14.583, 21096, 100
2026/08/05 09:44:15.585, 21096, 100
2026/08/05 09:44:16.586, 21096, 100
2026/08/05 09:44:17.587, 21096, 100
2026/08/05 09:44:18.589, 21096, 100
2026/08/05 09:44:19.590, 21096, 100
2026/08/05 09:44:20.591, 21096, 100
2026/08/05 09:44:21.593, 21096, 100
2026/08/05 09:44:22.594, 21096, 100
2026/08/05 09:44:23.595, 21096, 100
2026/08/05 09:44:24.597, 21096, 100
2026/08/05 09:44:25.598, 21096, 100
2026/08/05 09:44:26.598, 21096, 100
2026/08/05 09:44:27.600, 21096, 100
2026/08/05 09:44:28.601, 21096, 100
2026/08/05 09:44:29.602, 21096, 100
2026/08/05 09:44:30.604, 21096, 100
2026/08/05 09:44:31.605, 21096, 100
2026/08/05 09:44:32.606, 21096, 100
2026/08/05 09:44:33.607, 21096, 100
2026/08/05 09:44:34.609, 21096, 100
2026/08/05 09:44:35.610, 21096, 100
2026/08/05 09:44:36.611, 21096, 100
2026/08/05 09:44:37.613, 21096, 100
2026/08/05 09:44:38.614, 21096, 100
2026/08/05 09:44:39.615, 21096, 100
2026/08/05 09:44:40.617, 21096, 100
2026/08/05 09:44:41.618, 21096, 100
2026/08/05 09:44:42.619, 21096, 100
2026/08/05 09:44:43.621, 21096, 100
2026/08/05 09:44:44.622, 21096, 85
2026/08/05 09:44:45.623, 21096, 85
2026/08/05 09:44:46.625, 21096, 85
2026/08/05 09:44:47.626, 21096, 85
2026/08/05 09:44:48.627, 21096, 100
2026/08/05 09:44:49.628, 21096, 100
2026/08/05 09:44:50.628, 21096, 100
2026/08/05 09:44:51.628, 21096, 100
2026/08/05 09:44:52.628, 21096, 100
2026/08/05 09:44:53.629, 21096, 100
2026/08/05 09:44:54.630, 21096, 84
2026/08/05 09:44:55.630, 21096, 86
2026/08/05 09:44:56.630, 21096, 94
2026/08/05 09:44:57.631, 21096, 100
2026/08/05 09:44:58.631, 21096, 100
2026/08/05 09:44:59.631, 21096, 85
2026/08/05 09:45:00.631, 21096, 100
2026/08/05 09:45:01.632, 21096, 100
2026/08/05 09:45:02.632, 21096, 100
2026/08/05 09:45:03.632, 21096, 100
2026/08/05 09:45:04.633, 21096, 100
2026/08/05 09:45:05.633, 21096, 64
2026/08/05 09:45:06.633, 21096, 100
2026/08/05 09:45:07.633, 21096, 100
2026/08/05 09:45:08.634, 21096, 100
2026/08/05 09:45:09.634, 21096, 100
2026/08/05 09:45:10.634, 21096, 100
2026/08/05 09:45:11.635, 21096, 100
2026/08/05 09:45:12.635, 21096, 100
2026/08/05 09:45:13.635, 21096, 84
2026/08/05 09:45:14.636, 21096, 65
2026/08/05 09:45:15.636, 21096, 100
2026/08/05 09:45:16.637, 21096, 84
2026/08/05 09:45:17.637, 21096, 100
2026/08/05 09:45:18.637, 21096, 100
2026/08/05 09:45:19.637, 21096, 65
2026/08/05 09:45:20.638, 21096, 85
2026/08/05 09:45:21.638, 21096, 100
2026/08/05 09:45:22.638, 21096, 100
2026/08/05 09:45:23.638, 21096, 100
2026/08/05 09:45:24.639, 21096, 100
2026/08/05 09:45:25.639, 21096, 84
2026/08/05 09:45:26.639, 21096, 100
2026/08/05 09:45:27.640, 21096, 100
2026/08/05 09:45:28.640, 21096, 100
2026/08/05 09:45:29.640, 21096, 100
2026/08/05 09:45:30.641, 21096, 100
2026/08/05 09:45:31.641, 21096, 100
2026/08/05 09:45:32.641, 21096, 100
2026/08/05 09:45:33.641, 21096, 100
2026/08/05 09:45:34.641, 21096, 100
2026/08/05 09:45:35.642, 21096, 100
2026/08/05 09:45:36.642, 21096, 100
2026/08/05 09:45:37.642, 21096, 100
2026/08/05 09:45:38.642, 21096, 100
2026/08/05 09:45:39.643, 21096, 100
2026/08/05 09:45:40.643, 21096, 100
2026/08/05 09:45:41.643, 21096, 100
2026/08/05 09:45:42.643, 21096, 100
2026/08/05 09:45:43.643, 21096, 100
2026/08/05 09:45:44.644, 21096, 100
2026/08/05 09:45:45.644, 21096, 100
2026/08/05 09:45:46.644, 21096, 100
2026/08/05 09:45:47.645, 21096, 100
2026/08/05 09:45:48.649, 21096, 100
2026/08/05 09:45:49.655, 21096, 84
2026/08/05 09:45:50.661, 21096, 100
2026/08/05 09:45:51.666, 21096, 100
2026/08/05 09:45:52.671, 21096, 100
2026/08/05 09:45:53.676, 21096, 100
2026/08/05 09:45:54.682, 21096, 86
2026/08/05 09:45:55.686, 21096, 100
2026/08/05 09:45:56.691, 21096, 100
2026/08/05 09:45:57.695, 21096, 84
2026/08/05 09:45:58.700, 21096, 100
2026/08/05 09:45:59.704, 21096, 100
2026/08/05 09:46:00.709, 21096, 100
2026/08/05 09:46:01.713, 21096, 100
2026/08/05 09:46:02.717, 21096, 100
2026/08/05 09:46:03.720, 21096, 86
2026/08/05 09:46:04.724, 21096, 100
2026/08/05 09:46:05.729, 21096, 100
2026/08/05 09:46:06.733, 21096, 100
2026/08/05 09:46:07.736, 21096, 65
2026/08/05 09:46:08.740, 21096, 100
2026/08/05 09:46:09.743, 21096, 100
2026/08/05 09:46:10.747, 21096, 100
2026/08/05 09:46:11.750, 21096, 100
2026/08/05 09:46:12.754, 21096, 100
2026/08/05 09:46:13.757, 21096, 100
2026/08/05 09:46:14.761, 21096, 100
2026/08/05 09:46:15.764, 21096, 100
2026/08/05 09:46:16.768, 21096, 66
2026/08/05 09:46:17.771, 21096, 86
2026/08/05 09:46:18.774, 21096, 100
2026/08/05 09:46:19.777, 21096, 100
2026/08/05 09:46:20.780, 21096, 100
2026/08/05 09:46:21.782, 21096, 100
2026/08/05 09:46:22.785, 21096, 100
2026/08/05 09:46:23.787, 21096, 84
2026/08/05 09:46:24.790, 21096, 100
2026/08/05 09:46:25.792, 21096, 85
2026/08/05 09:46:26.795, 21096, 100
2026/08/05 09:46:27.798, 21096, 100
2026/08/05 09:46:28.800, 21096, 100
2026/08/05 09:46:29.802, 21096, 100
2026/08/05 09:46:30.805, 21096, 100
2026/08/05 09:46:31.807, 21096, 97
2026/08/05 09:46:32.810, 21096, 100
2026/08/05 09:46:33.813, 21096, 100
2026/08/05 09:46:34.815, 21096, 100
2026/08/05 09:46:35.818, 21096, 100
2026/08/05 09:46:36.820, 21096, 100
2026/08/05 09:46:37.822, 21096, 72
2026/08/05 09:46:38.824, 21096, 100
2026/08/05 09:46:39.826, 21096, 100
2026/08/05 09:46:40.829, 21096, 100
2026/08/05 09:46:41.831, 21096, 100
2026/08/05 09:46:42.833, 21096, 100
2026/08/05 09:46:43.835, 21096, 85
2026/08/05 09:46:44.837, 21096, 100
2026/08/05 09:46:45.840, 21096, 100
2026/08/05 09:46:46.841, 21096, 100
2026/08/05 09:46:47.843, 21096, 100
2026/08/05 09:46:48.844, 21096, 67
2026/08/05 09:46:49.846, 21096, 100
2026/08/05 09:46:50.847, 21096, 100
2026/08/05 09:46:51.848, 21096, 100
2026/08/05 09:46:52.849, 21096, 85
2026/08/05 09:46:53.851, 21096, 85
2026/08/05 09:46:54.853, 21096, 100
2026/08/05 09:46:55.854, 21096, 85
2026/08/05 09:46:56.855, 21096, 68
2026/08/05 09:46:57.857, 21096, 85
2026/08/05 09:46:58.858, 21096, 100
2026/08/05 09:46:59.859, 21096, 85
2026/08/05 09:47:00.861, 21096, 100
2026/08/05 09:47:01.862, 21096, 100
2026/08/05 09:47:02.864, 21096, 93
2026/08/05 09:47:03.865, 21096, 84
2026/08/05 09:47:04.867, 21096, 100
2026/08/05 09:47:05.869, 21096, 84
2026/08/05 09:47:06.870, 21096, 100
2026/08/05 09:47:07.871, 21096, 100
2026/08/05 09:47:08.872, 21096, 100
2026/08/05 09:47:09.873, 21096, 100
2026/08/05 09:47:10.874, 21096, 100
2026/08/05 09:47:11.875, 21096, 100
2026/08/05 09:47:12.876, 21096, 100
2026/08/05 09:47:13.878, 21096, 95
2026/08/05 09:47:14.880, 21096, 100
2026/08/05 09:47:15.881, 21096, 84
2026/08/05 09:47:16.883, 21096, 100
2026/08/05 09:47:17.884, 21096, 100
2026/08/05 09:47:18.885, 21096, 100
2026/08/05 09:47:19.886, 21096, 100
2026/08/05 09:47:20.887, 21096, 100
2026/08/05 09:47:21.889, 21096, 100
2026/08/05 09:47:22.891, 21096, 100
2026/08/05 09:47:23.892, 21096, 100
2026/08/05 09:47:24.893, 21096, 85
2026/08/05 09:47:25.893, 21096, 100
2026/08/05 09:47:26.895, 21096, 100
2026/08/05 09:47:27.897, 21096, 100
2026/08/05 09:47:28.898, 21096, 100
2026/08/05 09:47:29.899, 21096, 100
2026/08/05 09:47:30.900, 21096, 100
2026/08/05 09:47:31.901, 21096, 96
2026/08/05 09:47:32.902, 21096, 100
2026/08/05 09:47:33.904, 21096, 100
2026/08/05 09:47:34.905, 21096, 100
2026/08/05 09:47:35.906, 21096, 100
2026/08/05 09:47:36.906, 21096, 100
2026/08/05 09:47:37.908, 21096, 100
2026/08/05 09:47:38.909, 21096, 100
2026/08/05 09:47:39.910, 21096, 100
2026/08/05 09:47:40.912, 21096, 85
2026/08/05 09:47:41.913, 21096, 100
2026/08/05 09:47:42.915, 21096, 100
2026/08/05 09:47:43.916, 21096, 100
2026/08/05 09:47:44.917, 21096, 100
2026/08/05 09:47:45.918, 21096, 100
2026/08/05 09:47:46.919, 21096, 100
2026/08/05 09:47:47.921, 21096, 100
2026/08/05 09:47:48.922, 21096, 100
2026/08/05 09:47:49.924, 21096, 100
2026/08/05 09:47:50.924, 21096, 100
2026/08/05 09:47:51.926, 21096, 100
2026/08/05 09:47:52.927, 21096, 100
2026/08/05 09:47:53.929, 21096, 100
2026/08/05 09:47:54.930, 21096, 64
2026/08/05 09:47:55.932, 21096, 100
2026/08/05 09:47:56.932, 21096, 100
2026/08/05 09:47:57.932, 21096, 100
2026/08/05 09:47:58.932, 21096, 100
2026/08/05 09:47:59.933, 21096, 100
2026/08/05 09:48:00.933, 21096, 100
2026/08/05 09:48:01.933, 21096, 84
2026/08/05 09:48:02.933, 21096, 84
2026/08/05 09:48:03.933, 21096, 100
2026/08/05 09:48:04.933, 21096, 100
2026/08/05 09:48:05.934, 21096, 100
2026/08/05 09:48:06.934, 21096, 100
2026/08/05 09:48:07.934, 21096, 100
2026/08/05 09:48:08.934, 21096, 100
2026/08/05 09:48:09.935, 21096, 100
2026/08/05 09:48:10.935, 21096, 100
2026/08/05 09:48:11.935, 21096, 63
2026/08/05 09:48:12.935, 21096, 85
2026/08/05 09:48:13.936, 21096, 100
2026/08/05 09:48:14.936, 21096, 100
2026/08/05 09:48:15.936, 21096, 100
2026/08/05 09:48:16.937, 21096, 90
2026/08/05 09:48:17.937, 21096, 100
2026/08/05 09:48:18.937, 21096, 84
2026/08/05 09:48:19.937, 21096, 100
2026/08/05 09:48:20.938, 21096, 100
2026/08/05 09:48:21.938, 21096, 100
2026/08/05 09:48:22.938, 21096, 100
2026/08/05 09:48:23.939, 21096, 100
2026/08/05 09:48:24.939, 21096, 100
2026/08/05 09:48:25.939, 21096, 100
2026/08/05 09:48:26.939, 21096, 100
2026/08/05 09:48:27.940, 21096, 100
2026/08/05 09:48:28.940, 21096, 100
2026/08/05 09:48:29.940, 21096, 100
2026/08/05 09:48:30.940, 21096, 100
2026/08/05 09:48:31.941, 21096, 84
2026/08/05 09:48:32.941, 21096, 66
2026/08/05 09:48:33.941, 21096, 100
2026/08/05 09:48:34.941, 21096, 100
2026/08/05 09:48:35.942, 21096, 83
2026/08/05 09:48:36.942, 21096, 100
2026/08/05 09:48:37.942, 21096, 100
2026/08/05 09:48:38.942, 21096, 100
2026/08/05 09:48:39.942, 21096, 100
2026/08/05 09:48:40.942, 21096, 100
2026/08/05 09:48:41.943, 21096, 92
2026/08/05 09:48:42.943, 21096, 75
2026/08/05 09:48:43.943, 21096, 100
2026/08/05 09:48:44.943, 21096, 100
2026/08/05 09:48:45.944, 21096, 100
2026/08/05 09:48:46.944, 21096, 100
2026/08/05 09:48:47.944, 21096, 100
2026/08/05 09:48:48.944, 21096, 100
2026/08/05 09:48:49.945, 21096, 100
2026/08/05 09:48:50.945, 21096, 100
2026/08/05 09:48:51.945, 21096, 100
2026/08/05 09:48:52.946, 21096, 100
2026/08/05 09:48:53.946, 21096, 100
2026/08/05 09:48:54.946, 21096, 84
2026/08/05 09:48:55.947, 21096, 100
2026/08/05 09:48:56.947, 21096, 100
2026/08/05 09:48:57.947, 21096, 60
2026/08/05 09:48:58.948, 21096, 100
2026/08/05 09:48:59.948, 21096, 100
2026/08/05 09:49:00.948, 21096, 100
2026/08/05 09:49:01.948, 21096, 100
2026/08/05 09:49:02.949, 21096, 100
2026/08/05 09:49:03.949, 21096, 83
2026/08/05 09:49:04.949, 21096, 100
2026/08/05 09:49:05.949, 21096, 100
2026/08/05 09:49:06.950, 21096, 100
2026/08/05 09:49:07.950, 21096, 100
2026/08/05 09:49:08.950, 21096, 100
2026/08/05 09:49:09.950, 21096, 100
2026/08/05 09:49:10.950, 21096, 100
2026/08/05 09:49:11.951, 21096, 100
2026/08/05 09:49:12.951, 21096, 100
2026/08/05 09:49:13.951, 21096, 100
2026/08/05 09:49:14.951, 21096, 100
2026/08/05 09:49:15.952, 21096, 100
2026/08/05 09:49:16.952, 21096, 100
2026/08/05 09:49:17.952, 21096, 100
2026/08/05 09:49:18.952, 21096, 100
2026/08/05 09:49:19.953, 21096, 100
2026/08/05 09:49:20.953, 21096, 100
2026/08/05 09:49:21.953, 21096, 64
2026/08/05 09:49:22.953, 21096, 100
2026/08/05 09:49:23.954, 21096, 100
2026/08/05 09:49:24.954, 21096, 100
2026/08/05 09:49:25.954, 21096, 100
2026/08/05 09:49:26.954, 21096, 100
2026/08/05 09:49:27.955, 21096, 100
2026/08/05 09:49:28.955, 21096, 100
2026/08/05 09:49:29.955, 21096, 93
2026/08/05 09:49:30.956, 21096, 100
2026/08/05 09:49:31.956, 21096, 100
2026/08/05 09:49:32.956, 21096, 67
2026/08/05 09:49:33.956, 21096, 100
2026/08/05 09:49:34.956, 21096, 100
2026/08/05 09:49:35.957, 21096, 100
2026/08/05 09:49:36.957, 21096, 100
2026/08/05 09:49:37.957, 21096, 100
2026/08/05 09:49:38.957, 21096, 84
2026/08/05 09:49:39.957, 21096, 84
2026/08/05 09:49:40.958, 21096, 85
2026/08/05 09:49:41.958, 21096, 100
2026/08/05 09:49:42.958, 21096, 100
2026/08/05 09:49:43.958, 21096, 100
2026/08/05 09:49:44.958, 21096, 100
2026/08/05 09:49:45.959, 21096, 100
2026/08/05 09:49:46.959, 21096, 100
2026/08/05 09:49:47.959, 21096, 100
2026/08/05 09:49:48.959, 21096, 61
2026/08/05 09:49:49.959, 21096, 100
2026/08/05 09:49:50.960, 21096, 100
2026/08/05 09:49:51.960, 21096, 100
2026/08/05 09:49:52.960, 21096, 100
2026/08/05 09:49:53.960, 21096, 100
2026/08/05 09:49:54.960, 21096, 100
2026/08/05 09:49:55.961, 21096, 84
2026/08/05 09:49:56.961, 21096, 100
2026/08/05 09:49:57.961, 21096, 100
2026/08/05 09:49:58.961, 21096, 64
2026/08/05 09:49:59.961, 21096, 100
2026/08/05 09:50:00.962, 21096, 100
2026/08/05 09:50:01.962, 21096, 85
2026/08/05 09:50:02.962, 21096, 100
2026/08/05 09:50:03.962, 21096, 100
2026/08/05 09:50:04.962, 21096, 100
2026/08/05 09:50:05.962, 21096, 100
2026/08/05 09:50:06.963, 21096, 100
2026/08/05 09:50:07.963, 21096, 100
2026/08/05 09:50:08.963, 21096, 100
2026/08/05 09:50:09.963, 21096, 100
2026/08/05 09:50:10.964, 21096, 100
2026/08/05 09:50:11.964, 21096, 100
2026/08/05 09:50:12.964, 21096, 100
2026/08/05 09:50:13.964, 21096, 100
2026/08/05 09:50:14.964, 21096, 100
2026/08/05 09:50:15.965, 21096, 100
2026/08/05 09:50:16.965, 21096, 100
2026/08/05 09:50:17.965, 21096, 100
2026/08/05 09:50:18.965, 21096, 100
2026/08/05 09:50:19.965, 21096, 100
2026/08/05 09:50:20.966, 21096, 100
2026/08/05 09:50:21.966, 21096, 100
2026/08/05 09:50:22.966, 21096, 100
2026/08/05 09:50:23.966, 21096, 100
2026/08/05 09:50:24.966, 21096, 100
2026/08/05 09:50:25.967, 21096, 100
2026/08/05 09:50:26.967, 21096, 100
2026/08/05 09:50:27.967, 21096, 100
2026/08/05 09:50:28.967, 21096, 86
2026/08/05 09:50:29.967, 21096, 100
2026/08/05 09:50:30.968, 21096, 100
2026/08/05 09:50:31.968, 21096, 100
2026/08/05 09:50:32.968, 21096, 100
2026/08/05 09:50:33.968, 21096, 100
2026/08/05 09:50:34.968, 21096, 100
2026/08/05 09:50:35.969, 21096, 86
2026/08/05 09:50:36.969, 21096, 100
2026/08/05 09:50:37.969, 21096, 83
2026/08/05 09:50:38.975, 21096, 100
2026/08/05 09:50:39.982, 21096, 100
2026/08/05 09:50:40.987, 21096, 100
2026/08/05 09:50:41.993, 21096, 100
2026/08/05 09:50:42.999, 21096, 100
2026/08/05 09:50:44.004, 21096, 100
2026/08/05 09:50:45.009, 21096, 100
2026/08/05 09:50:46.013, 21096, 100
2026/08/05 09:50:47.018, 21096, 100
2026/08/05 09:50:48.022, 21096, 100
2026/08/05 09:50:49.026, 21096, 100
2026/08/05 09:50:50.030, 21096, 100
2026/08/05 09:50:51.034, 21096, 100
2026/08/05 09:50:52.037, 21096, 100
2026/08/05 09:50:53.040, 21096, 100
2026/08/05 09:50:54.043, 21096, 100
2026/08/05 09:50:55.046, 21096, 100
2026/08/05 09:50:56.049, 21096, 100
2026/08/05 09:50:57.052, 21096, 100
2026/08/05 09:50:58.054, 21096, 100
2026/08/05 09:50:59.057, 21096, 100
2026/08/05 09:51:00.059, 21096, 100
2026/08/05 09:51:01.062, 21096, 100
2026/08/05 09:51:02.063, 21096, 84
2026/08/05 09:51:03.065, 21096, 100
2026/08/05 09:51:04.068, 21096, 83
2026/08/05 09:51:05.069, 21096, 100
2026/08/05 09:51:06.071, 21096, 94
2026/08/05 09:51:07.073, 21096, 85
2026/08/05 09:51:08.074, 21096, 100
2026/08/05 09:51:09.076, 21096, 100
2026/08/05 09:51:10.077, 21096, 82
2026/08/05 09:51:11.079, 21096, 99
2026/08/05 09:51:12.080, 21096, 100
2026/08/05 09:51:13.081, 21096, 100
2026/08/05 09:51:14.082, 21096, 100
2026/08/05 09:51:15.083, 21096, 100
2026/08/05 09:51:16.085, 21096, 85
2026/08/05 09:51:17.087, 21096, 100
2026/08/05 09:51:18.088, 21096, 100
2026/08/05 09:51:19.090, 21096, 100
2026/08/05 09:51:20.091, 21096, 100
2026/08/05 09:51:21.092, 21096, 100
2026/08/05 09:51:22.093, 21096, 100
2026/08/05 09:51:23.094, 21096, 91
2026/08/05 09:51:24.094, 21096, 100
2026/08/05 09:51:25.095, 21096, 100
2026/08/05 09:51:26.096, 21096, 100
2026/08/05 09:51:27.097, 21096, 100
2026/08/05 09:51:28.098, 21096, 100
2026/08/05 09:51:29.099, 21096, 83
2026/08/05 09:51:30.100, 21096, 81
2026/08/05 09:51:31.100, 21096, 87
2026/08/05 09:51:32.102, 21096, 100
2026/08/05 09:51:33.103, 21096, 100
2026/08/05 09:51:34.104, 21096, 100
2026/08/05 09:51:35.105, 21096, 100
2026/08/05 09:51:36.106, 21096, 100
2026/08/05 09:51:37.108, 21096, 100
2026/08/05 09:51:38.109, 21096, 100
2026/08/05 09:51:39.110, 21096, 100
2026/08/05 09:51:40.112, 21096, 100
2026/08/05 09:51:41.113, 21096, 100
2026/08/05 09:51:42.115, 21096, 100
2026/08/05 09:51:43.118, 21096, 100
2026/08/05 09:51:44.140, 21096, 100
2026/08/05 09:51:45.159, 21096, 100
2026/08/05 09:51:46.176, 21096, 100
2026/08/05 09:51:47.190, 21096, 100
2026/08/05 09:51:48.204, 21096, 100
2026/08/05 09:51:49.215, 21096, 100
2026/08/05 09:51:50.225, 21096, 61
2026/08/05 09:51:51.234, 21096, 100
2026/08/05 09:51:52.242, 21096, 100
2026/08/05 09:51:53.249, 21096, 100
2026/08/05 09:51:54.256, 21096, 100
2026/08/05 09:51:55.262, 21096, 84
2026/08/05 09:51:56.268, 21096, 100
2026/08/05 09:51:57.272, 21096, 100
2026/08/05 09:51:58.276, 21096, 100
2026/08/05 09:51:59.279, 21096, 100
2026/08/05 09:52:00.283, 21096, 100
2026/08/05 09:52:01.286, 21096, 82
2026/08/05 09:52:02.289, 21096, 100
2026/08/05 09:52:03.292, 21096, 100
2026/08/05 09:52:04.294, 21096, 100
2026/08/05 09:52:05.296, 21096, 100
2026/08/05 09:52:06.298, 21096, 100
2026/08/05 09:52:07.299, 21096, 100
2026/08/05 09:52:08.302, 21096, 84
2026/08/05 09:52:09.303, 21096, 85
2026/08/05 09:52:10.305, 21096, 100
2026/08/05 09:52:11.306, 21096, 100
2026/08/05 09:52:12.307, 21096, 100
2026/08/05 09:52:13.309, 21096, 100
2026/08/05 09:52:14.310, 21096, 100
2026/08/05 09:52:15.311, 21096, 100
2026/08/05 09:52:16.311, 21096, 100
2026/08/05 09:52:17.312, 21096, 100
2026/08/05 09:52:18.312, 21096, 100
2026/08/05 09:52:19.312, 21096, 100
2026/08/05 09:52:20.312, 21096, 100
2026/08/05 09:52:21.313, 21096, 100
2026/08/05 09:52:22.313, 21096, 100
2026/08/05 09:52:23.313, 21096, 100
2026/08/05 09:52:24.313, 21096, 100
2026/08/05 09:52:25.314, 21096, 84
2026/08/05 09:52:26.314, 21096, 92
2026/08/05 09:52:27.314, 21096, 100
2026/08/05 09:52:28.314, 21096, 100
2026/08/05 09:52:29.314, 21096, 100
2026/08/05 09:52:30.315, 21096, 100
2026/08/05 09:52:31.315, 21096, 86
2026/08/05 09:52:32.315, 21096, 100
2026/08/05 09:52:33.315, 21096, 100
2026/08/05 09:52:34.315, 21096, 100
2026/08/05 09:52:35.316, 21096, 100
2026/08/05 09:52:36.316, 21096, 100
2026/08/05 09:52:37.316, 21096, 100
2026/08/05 09:52:38.316, 21096, 82
2026/08/05 09:52:39.316, 21096, 100
2026/08/05 09:52:40.317, 21096, 100
2026/08/05 09:52:41.317, 21096, 100
2026/08/05 09:52:42.317, 21096, 100
2026/08/05 09:52:43.317, 21096, 100
2026/08/05 09:52:44.317, 21096, 63
2026/08/05 09:52:45.317, 21096, 100
2026/08/05 09:52:46.318, 21096, 100
2026/08/05 09:52:47.318, 21096, 100
2026/08/05 09:52:48.318, 21096, 100
2026/08/05 09:52:49.318, 21096, 100
2026/08/05 09:52:50.318, 21096, 100
2026/08/05 09:52:51.319, 21096, 100
2026/08/05 09:52:52.319, 21096, 100
2026/08/05 09:52:53.319, 21096, 100
2026/08/05 09:52:54.319, 21096, 100
2026/08/05 09:52:55.319, 21096, 100
2026/08/05 09:52:56.320, 21096, 100
2026/08/05 09:52:57.320, 21096, 100
2026/08/05 09:52:58.320, 21096, 84
2026/08/05 09:52:59.320, 21096, 84
2026/08/05 09:53:00.320, 21096, 100
2026/08/05 09:53:01.321, 21096, 100
2026/08/05 09:53:02.321, 21096, 100
2026/08/05 09:53:03.321, 21096, 100
2026/08/05 09:53:04.321, 21096, 100
2026/08/05 09:53:05.322, 21096, 84
2026/08/05 09:53:06.322, 21096, 100
2026/08/05 09:53:07.322, 21096, 100
2026/08/05 09:53:08.322, 21096, 100
2026/08/05 09:53:09.322, 21096, 82
2026/08/05 09:53:10.322, 21096, 100
2026/08/05 09:53:11.323, 21096, 85
2026/08/05 09:53:12.323, 21096, 100
2026/08/05 09:53:13.323, 21096, 100
2026/08/05 09:53:14.323, 21096, 100
2026/08/05 09:53:15.324, 21096, 100
2026/08/05 09:53:16.324, 21096, 100
2026/08/05 09:53:17.324, 21096, 100
2026/08/05 09:53:18.324, 21096, 100
2026/08/05 09:53:19.324, 21096, 83
2026/08/05 09:53:20.325, 21096, 100
2026/08/05 09:53:21.337, 21096, 100
2026/08/05 09:53:22.372, 21096, 100
2026/08/05 09:53:23.404, 21096, 100
2026/08/05 09:53:24.432, 21096, 100
2026/08/05 09:53:25.456, 21096, 100
2026/08/05 09:53:26.476, 21096, 100
2026/08/05 09:53:27.495, 21096, 100
2026/08/05 09:53:28.512, 21096, 100
2026/08/05 09:53:29.527, 21096, 100
2026/08/05 09:53:30.539, 21096, 100
2026/08/05 09:53:31.551, 21096, 100
2026/08/05 09:53:32.560, 21096, 100
2026/08/05 09:53:33.571, 21096, 100
2026/08/05 09:53:34.579, 21096, 100
2026/08/05 09:53:35.585, 21096, 100
2026/08/05 09:53:36.591, 21096, 85
2026/08/05 09:53:37.597, 21096, 100
2026/08/05 09:53:38.602, 21096, 64
2026/08/05 09:53:39.606, 21096, 100
2026/08/05 09:53:40.611, 21096, 98
2026/08/05 09:53:41.614, 21096, 100
2026/08/05 09:53:42.617, 21096, 100
2026/08/05 09:53:43.621, 21096, 100
2026/08/05 09:53:44.624, 21096, 100
2026/08/05 09:53:45.626, 21096, 100
2026/08/05 09:53:46.629, 21096, 100
2026/08/05 09:53:47.631, 21096, 100
2026/08/05 09:53:48.634, 21096, 100
2026/08/05 09:53:49.636, 21096, 100
2026/08/05 09:53:50.638, 21096, 85
2026/08/05 09:53:51.640, 21096, 100
2026/08/05 09:53:52.642, 21096, 100
2026/08/05 09:53:53.643, 21096, 100
2026/08/05 09:53:54.645, 21096, 100
2026/08/05 09:53:55.647, 21096, 61
2026/08/05 09:53:56.648, 21096, 100
2026/08/05 09:53:57.650, 21096, 100
2026/08/05 09:53:58.651, 21096, 100
2026/08/05 09:53:59.652, 21096, 100
2026/08/05 09:54:00.653, 21096, 100
2026/08/05 09:54:01.655, 21096, 100
2026/08/05 09:54:02.656, 21096, 100
2026/08/05 09:54:03.658, 21096, 100
2026/08/05 09:54:04.659, 21096, 100
2026/08/05 09:54:05.660, 21096, 100
2026/08/05 09:54:06.662, 21096, 100
2026/08/05 09:54:07.663, 21096, 100
2026/08/05 09:54:08.664, 21096, 100
2026/08/05 09:54:09.666, 21096, 100
2026/08/05 09:54:10.667, 21096, 100
2026/08/05 09:54:11.668, 21096, 100
2026/08/05 09:54:12.669, 21096, 90
2026/08/05 09:54:13.671, 21096, 100
2026/08/05 09:54:14.672, 21096, 100
2026/08/05 09:54:15.673, 21096, 100
2026/08/05 09:54:16.674, 21096, 100
2026/08/05 09:54:17.676, 21096, 100
2026/08/05 09:54:18.677, 21096, 100
2026/08/05 09:54:19.678, 21096, 100
2026/08/05 09:54:20.680, 21096, 100
2026/08/05 09:54:21.681, 21096, 100
2026/08/05 09:54:22.682, 21096, 100
2026/08/05 09:54:23.683, 21096, 100
2026/08/05 09:54:24.685, 21096, 100
2026/08/05 09:54:25.686, 21096, 100
2026/08/05 09:54:26.687, 21096, 100
2026/08/05 09:54:27.689, 21096, 92
2026/08/05 09:54:28.690, 21096, 85
2026/08/05 09:54:29.691, 21096, 100
2026/08/05 09:54:30.693, 21096, 100
2026/08/05 09:54:31.694, 21096, 84
2026/08/05 09:54:32.695, 21096, 100
2026/08/05 09:54:33.696, 21096, 96
2026/08/05 09:54:34.698, 21096, 63
2026/08/05 09:54:35.699, 21096, 89
2026/08/05 09:54:36.700, 21096, 100
2026/08/05 09:54:37.702, 21096, 100
2026/08/05 09:54:38.703, 21096, 100
2026/08/05 09:54:39.704, 21096, 100
2026/08/05 09:54:40.706, 21096, 68
2026/08/05 09:54:41.707, 21096, 100
2026/08/05 09:54:42.708, 21096, 100
2026/08/05 09:54:43.710, 21096, 100
2026/08/05 09:54:44.711, 21096, 100
2026/08/05 09:54:45.712, 21096, 100
2026/08/05 09:54:46.713, 21096, 100
2026/08/05 09:54:47.715, 21096, 100
2026/08/05 09:54:48.716, 21096, 100
2026/08/05 09:54:49.717, 21096, 100
2026/08/05 09:54:50.718, 21096, 100
2026/08/05 09:54:51.719, 21096, 100
2026/08/05 09:54:52.720, 21096, 100
2026/08/05 09:54:53.721, 21096, 100
2026/08/05 09:54:54.722, 21096, 100
2026/08/05 09:54:55.723, 21096, 86
2026/08/05 09:54:56.724, 21096, 100
2026/08/05 09:54:57.724, 21096, 100
2026/08/05 09:54:58.725, 21096, 100
2026/08/05 09:54:59.725, 21096, 84
2026/08/05 09:55:00.725, 21096, 84
2026/08/05 09:55:01.725, 21096, 100
2026/08/05 09:55:02.725, 21096, 100
2026/08/05 09:55:03.725, 21096, 84
2026/08/05 09:55:04.726, 21096, 100
2026/08/05 09:55:05.726, 21096, 100
2026/08/05 09:55:06.726, 21096, 100
2026/08/05 09:55:07.726, 21096, 100
2026/08/05 09:55:08.726, 21096, 100
2026/08/05 09:55:09.727, 21096, 100
2026/08/05 09:55:10.727, 21096, 86
2026/08/05 09:55:11.727, 21096, 100
2026/08/05 09:55:12.727, 21096, 100
2026/08/05 09:55:13.727, 21096, 100
2026/08/05 09:55:14.727, 21096, 100
2026/08/05 09:55:15.728, 21096, 100
2026/08/05 09:55:16.728, 21096, 100
2026/08/05 09:55:17.728, 21096, 100
2026/08/05 09:55:18.728, 21096, 100
2026/08/05 09:55:19.728, 21096, 100
2026/08/05 09:55:20.729, 21096, 100
2026/08/05 09:55:21.729, 21096, 100
2026/08/05 09:55:22.729, 21096, 100
2026/08/05 09:55:23.729, 21096, 100
2026/08/05 09:55:24.729, 21096, 100
2026/08/05 09:55:25.730, 21096, 100
2026/08/05 09:55:26.730, 21096, 100
2026/08/05 09:55:27.730, 21096, 100
2026/08/05 09:55:28.730, 21096, 100
2026/08/05 09:55:29.730, 21096, 85
2026/08/05 09:55:30.731, 21096, 100
2026/08/05 09:55:31.731, 21096, 100
2026/08/05 09:55:32.731, 21096, 100
2026/08/05 09:55:33.731, 21096, 100
2026/08/05 09:55:34.731, 21096, 100
2026/08/05 09:55:35.732, 21096, 100
2026/08/05 09:55:36.732, 21096, 100
2026/08/05 09:55:37.732, 21096, 100
2026/08/05 09:55:38.732, 21096, 100
2026/08/05 09:55:39.733, 21096, 100
2026/08/05 09:55:40.733, 21096, 100
2026/08/05 09:55:41.733, 21096, 100
2026/08/05 09:55:42.733, 21096, 100
2026/08/05 09:55:43.733, 21096, 100
2026/08/05 09:55:44.734, 21096, 100
2026/08/05 09:55:45.734, 21096, 100
2026/08/05 09:55:46.734, 21096, 100
2026/08/05 09:55:47.734, 21096, 100
2026/08/05 09:55:48.734, 21096, 100
2026/08/05 09:55:49.735, 21096, 100
2026/08/05 09:55:50.735, 21096, 100
2026/08/05 09:55:51.735, 21096, 70
2026/08/05 09:55:52.735, 21096, 100
2026/08/05 09:55:53.735, 21096, 100
2026/08/05 09:55:54.736, 21096, 100
2026/08/05 09:55:55.736, 21096, 100
2026/08/05 09:55:56.736, 21096, 100
2026/08/05 09:55:57.736, 21096, 100
2026/08/05 09:55:58.736, 21096, 100
2026/08/05 09:55:59.737, 21096, 100
2026/08/05 09:56:00.737, 21096, 100
2026/08/05 09:56:01.737, 21096, 100
2026/08/05 09:56:02.737, 21096, 100
2026/08/05 09:56:03.737, 21096, 100
2026/08/05 09:56:04.738, 21096, 100
2026/08/05 09:56:05.738, 21096, 100
2026/08/05 09:56:06.738, 21096, 85
2026/08/05 09:56:07.738, 21096, 100
2026/08/05 09:56:08.738, 21096, 100
2026/08/05 09:56:09.738, 21096, 66
2026/08/05 09:56:10.739, 21096, 100
2026/08/05 09:56:11.739, 21096, 97
2026/08/05 09:56:12.739, 21096, 100
2026/08/05 09:56:13.739, 21096, 100
2026/08/05 09:56:14.739, 21096, 85
2026/08/05 09:56:15.740, 21096, 100
2026/08/05 09:56:16.740, 21096, 100
2026/08/05 09:56:17.740, 21096, 100
2026/08/05 09:56:18.740, 21096, 100
2026/08/05 09:56:19.741, 21096, 100
2026/08/05 09:56:20.741, 21096, 100
2026/08/05 09:56:21.741, 21096, 88
2026/08/05 09:56:22.741, 21096, 85
2026/08/05 09:56:23.742, 21096, 100
2026/08/05 09:56:24.742, 21096, 100
2026/08/05 09:56:25.742, 21096, 100
2026/08/05 09:56:26.743, 21096, 100
2026/08/05 09:56:27.743, 21096, 100
2026/08/05 09:56:28.743, 21096, 100
2026/08/05 09:56:29.743, 21096, 95
2026/08/05 09:56:30.744, 21096, 100
2026/08/05 09:56:31.744, 21096, 100
2026/08/05 09:56:32.744, 21096, 100
2026/08/05 09:56:33.744, 21096, 85
2026/08/05 09:56:34.744, 21096, 100
2026/08/05 09:56:35.745, 21096, 100
2026/08/05 09:56:36.751, 21096, 100
2026/08/05 09:56:37.759, 21096, 100
2026/08/05 09:56:38.766, 21096, 100
2026/08/05 09:56:39.773, 21096, 100
2026/08/05 09:56:40.780, 21096, 100
2026/08/05 09:56:41.786, 21096, 100
2026/08/05 09:56:42.792, 21096, 100
2026/08/05 09:56:43.798, 21096, 100
2026/08/05 09:56:44.803, 21096, 100
2026/08/05 09:56:45.808, 21096, 100
2026/08/05 09:56:46.814, 21096, 100
2026/08/05 09:56:47.818, 21096, 100
2026/08/05 09:56:48.823, 21096, 100
2026/08/05 09:56:49.827, 21096, 100
2026/08/05 09:56:50.831, 21096, 85
2026/08/05 09:56:51.835, 21096, 100
2026/08/05 09:56:52.839, 21096, 100
2026/08/05 09:56:53.842, 21096, 100
2026/08/05 09:56:54.846, 21096, 100
2026/08/05 09:56:55.849, 21096, 100
2026/08/05 09:56:56.852, 21096, 100
2026/08/05 09:56:57.855, 21096, 86
2026/08/05 09:56:58.857, 21096, 100
2026/08/05 09:56:59.860, 21096, 83
2026/08/05 09:57:00.863, 21096, 100
2026/08/05 09:57:01.865, 21096, 100
2026/08/05 09:57:02.867, 21096, 100
2026/08/05 09:57:03.870, 21096, 100
2026/08/05 09:57:04.873, 21096, 100
2026/08/05 09:57:05.875, 21096, 100
2026/08/05 09:57:06.877, 21096, 100
2026/08/05 09:57:07.879, 21096, 63
2026/08/05 09:57:08.882, 21096, 100
2026/08/05 09:57:09.884, 21096, 100
2026/08/05 09:57:10.887, 21096, 100
2026/08/05 09:57:11.889, 21096, 100
2026/08/05 09:57:12.891, 21096, 100
2026/08/05 09:57:13.892, 21096, 100
2026/08/05 09:57:14.894, 21096, 85
2026/08/05 09:57:15.895, 21096, 100
2026/08/05 09:57:16.896, 21096, 100
2026/08/05 09:57:17.898, 21096, 100
2026/08/05 09:57:18.899, 21096, 100
2026/08/05 09:57:19.900, 21096, 75
2026/08/05 09:57:20.901, 21096, 100
2026/08/05 09:57:21.903, 21096, 100
2026/08/05 09:57:22.904, 21096, 100
2026/08/05 09:57:23.905, 21096, 100
2026/08/05 09:57:24.907, 21096, 100
2026/08/05 09:57:25.908, 21096, 100
2026/08/05 09:57:26.909, 21096, 100
2026/08/05 09:57:27.911, 21096, 100
2026/08/05 09:57:28.912, 21096, 100
2026/08/05 09:57:29.913, 21096, 100
2026/08/05 09:57:30.915, 21096, 82
2026/08/05 09:57:31.916, 21096, 100
2026/08/05 09:57:32.917, 21096, 100
2026/08/05 09:57:33.919, 21096, 100
2026/08/05 09:57:34.920, 21096, 100
2026/08/05 09:57:35.922, 21096, 100
2026/08/05 09:57:36.923, 21096, 100
2026/08/05 09:57:37.924, 21096, 100
2026/08/05 09:57:38.926, 21096, 100
2026/08/05 09:57:39.927, 21096, 100
2026/08/05 09:57:40.927, 21096, 100
2026/08/05 09:57:41.928, 21096, 100
2026/08/05 09:57:42.928, 21096, 100
2026/08/05 09:57:43.928, 21096, 100
2026/08/05 09:57:44.929, 21096, 82
2026/08/05 09:57:45.929, 21096, 99
2026/08/05 09:57:46.929, 21096, 100
2026/08/05 09:57:47.929, 21096, 100
2026/08/05 09:57:48.929, 21096, 100
2026/08/05 09:57:49.930, 21096, 100
2026/08/05 09:57:50.930, 21096, 100
2026/08/05 09:57:51.930, 21096, 100
2026/08/05 09:57:52.931, 21096, 100
2026/08/05 09:57:53.931, 21096, 100
2026/08/05 09:57:54.931, 21096, 100
2026/08/05 09:57:55.931, 21096, 100
2026/08/05 09:57:56.932, 21096, 82
2026/08/05 09:57:57.932, 21096, 100
2026/08/05 09:57:58.932, 21096, 100
2026/08/05 09:57:59.932, 21096, 85
2026/08/05 09:58:00.933, 21096, 100
2026/08/05 09:58:01.933, 21096, 100
2026/08/05 09:58:02.933, 21096, 100
2026/08/05 09:58:03.933, 21096, 100
2026/08/05 09:58:04.933, 21096, 82
2026/08/05 09:58:05.934, 21096, 100
2026/08/05 09:58:06.934, 21096, 100
2026/08/05 09:58:07.934, 21096, 100
2026/08/05 09:58:08.934, 21096, 100
2026/08/05 09:58:09.934, 21096, 100
2026/08/05 09:58:10.935, 21096, 82
2026/08/05 09:58:11.935, 21096, 83
2026/08/05 09:58:12.935, 21096, 81
2026/08/05 09:58:13.935, 21096, 84
2026/08/05 09:58:14.935, 21096, 100
2026/08/05 09:58:15.936, 21096, 100
2026/08/05 09:58:16.936, 21096, 100
2026/08/05 09:58:17.936, 21096, 100
2026/08/05 09:58:18.936, 21096, 100
2026/08/05 09:58:19.936, 21096, 100
2026/08/05 09:58:20.937, 21096, 100
2026/08/05 09:58:21.937, 21096, 100
2026/08/05 09:58:22.937, 21096, 100
2026/08/05 09:58:23.937, 21096, 84
2026/08/05 09:58:24.937, 21096, 100
2026/08/05 09:58:25.938, 21096, 100
2026/08/05 09:58:26.938, 21096, 100
2026/08/05 09:58:27.938, 21096, 100
2026/08/05 09:58:28.938, 21096, 100
2026/08/05 09:58:29.939, 21096, 100
2026/08/05 09:58:30.939, 21096, 100
2026/08/05 09:58:31.939, 21096, 100
2026/08/05 09:58:32.939, 21096, 100
2026/08/05 09:58:33.939, 21096, 100
2026/08/05 09:58:34.940, 21096, 100
2026/08/05 09:58:35.940, 21096, 100
2026/08/05 09:58:36.940, 21096, 90
2026/08/05 09:58:37.940, 21096, 84
2026/08/05 09:58:38.941, 21096, 83
2026/08/05 09:58:39.941, 21096, 100
2026/08/05 09:58:40.941, 21096, 100
2026/08/05 09:58:41.942, 21096, 100
2026/08/05 09:58:42.942, 21096, 100
2026/08/05 09:58:43.942, 21096, 100
2026/08/05 09:58:44.942, 21096, 100
2026/08/05 09:58:45.942, 21096, 100
2026/08/05 09:58:46.943, 21096, 100
2026/08/05 09:58:47.943, 21096, 91
2026/08/05 09:58:48.943, 21096, 100
2026/08/05 09:58:49.944, 21096, 100
2026/08/05 09:58:50.944, 21096, 100
2026/08/05 09:58:51.944, 21096, 100
2026/08/05 09:58:52.944, 21096, 79
2026/08/05 09:58:53.945, 21096, 100
2026/08/05 09:58:54.945, 21096, 100
2026/08/05 09:58:55.945, 21096, 91
2026/08/05 09:58:56.945, 21096, 100
2026/08/05 09:58:57.945, 21096, 85
2026/08/05 09:58:58.946, 21096, 100
2026/08/05 09:58:59.946, 21096, 100
2026/08/05 09:59:00.946, 21096, 100
2026/08/05 09:59:01.946, 21096, 86
2026/08/05 09:59:02.947, 21096, 100
2026/08/05 09:59:03.947, 21096, 100
2026/08/05 09:59:04.947, 21096, 100
2026/08/05 09:59:05.947, 21096, 85
2026/08/05 09:59:06.948, 21096, 100
2026/08/05 09:59:07.948, 21096, 100
2026/08/05 09:59:08.948, 21096, 100
2026/08/05 09:59:09.948, 21096, 100
2026/08/05 09:59:10.948, 21096, 100
2026/08/05 09:59:11.949, 21096, 84
2026/08/05 09:59:12.949, 21096, 100
2026/08/05 09:59:13.949, 21096, 100
2026/08/05 09:59:14.949, 21096, 100
2026/08/05 09:59:15.949, 21096, 100
2026/08/05 09:59:16.950, 21096, 100
2026/08/05 09:59:17.950, 21096, 100
2026/08/05 09:59:18.950, 21096, 100
2026/08/05 09:59:19.950, 21096, 100
2026/08/05 09:59:20.951, 21096, 100
2026/08/05 09:59:21.951, 21096, 99
2026/08/05 09:59:22.951, 21096, 100
2026/08/05 09:59:23.951, 21096, 100
2026/08/05 09:59:24.952, 21096, 100
2026/08/05 09:59:25.952, 21096, 74
2026/08/05 09:59:26.952, 21096, 100
2026/08/05 09:59:27.953, 21096, 100
2026/08/05 09:59:28.953, 21096, 100
2026/08/05 09:59:29.953, 21096, 100
2026/08/05 09:59:30.953, 21096, 100
2026/08/05 09:59:31.954, 21096, 86
2026/08/05 09:59:32.954, 21096, 100
2026/08/05 09:59:33.954, 21096, 100
2026/08/05 09:59:34.954, 21096, 100
2026/08/05 09:59:35.955, 21096, 100
2026/08/05 09:59:36.955, 21096, 100
2026/08/05 09:59:37.955, 21096, 100
2026/08/05 09:59:38.955, 21096, 100
2026/08/05 09:59:39.956, 21096, 100
2026/08/05 09:59:40.956, 21096, 100
2026/08/05 09:59:41.956, 21096, 100
2026/08/05 09:59:42.957, 21096, 100
2026/08/05 09:59:43.957, 21096, 84
2026/08/05 09:59:44.957, 21096, 62
2026/08/05 09:59:45.957, 21096, 84
2026/08/05 09:59:46.958, 21096, 71
2026/08/05 09:59:47.958, 21096, 100
2026/08/05 09:59:48.958, 21096, 100
2026/08/05 09:59:49.958, 21096, 100
2026/08/05 09:59:50.959, 21096, 86
2026/08/05 09:59:51.959, 21096, 100
2026/08/05 09:59:52.959, 21096, 100
2026/08/05 09:59:53.959, 21096, 100
2026/08/05 09:59:54.960, 21096, 100
2026/08/05 09:59:55.960, 21096, 100
2026/08/05 09:59:56.960, 21096, 100
2026/08/05 09:59:57.960, 21096, 100
2026/08/05 09:59:58.961, 21096, 100
2026/08/05 09:59:59.961, 21096, 100
2026/08/05 10:00:00.961, 21096, 98
2026/08/05 10:00:01.961, 21096, 81
2026/08/05 10:00:02.961, 21096, 85
2026/08/05 10:00:03.961, 21096, 100
2026/08/05 10:00:04.962, 21096, 73
2026/08/05 10:00:05.962, 21096, 100
2026/08/05 10:00:06.963, 21096, 100
2026/08/05 10:00:07.963, 21096, 99
2026/08/05 10:00:08.963, 21096, 100
2026/08/05 10:00:09.964, 21096, 63
2026/08/05 10:00:10.965, 21096, 100
2026/08/05 10:00:11.966, 21096, 100
2026/08/05 10:00:12.968, 21096, 100
2026/08/05 10:00:13.969, 21096, 100
2026/08/05 10:00:14.970, 21096, 100
2026/08/05 10:00:15.972, 21096, 100
2026/08/05 10:00:16.973, 21096, 100
2026/08/05 10:00:17.974, 21096, 100
2026/08/05 10:00:18.976, 21096, 100
2026/08/05 10:00:19.977, 21096, 100
2026/08/05 10:00:20.978, 21096, 100
2026/08/05 10:00:21.980, 21096, 84
2026/08/05 10:00:22.981, 21096, 100
2026/08/05 10:00:23.982, 21096, 100
2026/08/05 10:00:24.984, 21096, 100
2026/08/05 10:00:25.984, 21096, 100
2026/08/05 10:00:26.986, 21096, 100
2026/08/05 10:00:27.987, 21096, 100
2026/08/05 10:00:28.987, 21096, 100
2026/08/05 10:00:29.989, 21096, 100
2026/08/05 10:00:30.989, 21096, 100
2026/08/05 10:00:31.990, 21096, 61
2026/08/05 10:00:32.990, 21096, 100
2026/08/05 10:00:33.991, 21096, 100
2026/08/05 10:00:34.991, 21096, 100
2026/08/05 10:00:35.991, 21096, 100
2026/08/05 10:00:36.992, 21096, 100
2026/08/05 10:00:37.992, 21096, 100
2026/08/05 10:00:38.992, 21096, 95
2026/08/05 10:00:39.993, 21096, 100
2026/08/05 10:00:40.994, 21096, 100
2026/08/05 10:00:41.994, 21096, 100
2026/08/05 10:00:42.995, 21096, 100
2026/08/05 10:00:43.996, 21096, 100
2026/08/05 10:00:44.996, 21096, 100
2026/08/05 10:00:45.996, 21096, 100
2026/08/05 10:00:46.997, 21096, 100
2026/08/05 10:00:47.997, 21096, 100
2026/08/05 10:00:48.997, 21096, 100
2026/08/05 10:00:49.998, 21096, 100
2026/08/05 10:00:50.998, 21096, 100
2026/08/05 10:00:51.998, 21096, 100
2026/08/05 10:00:52.999, 21096, 100
2026/08/05 10:00:54.001, 21096, 100
2026/08/05 10:00:55.014, 21096, 100
2026/08/05 10:00:56.026, 21096, 86
2026/08/05 10:00:57.037, 21096, 100
2026/08/05 10:00:58.048, 21096, 100
2026/08/05 10:00:59.059, 21096, 100
2026/08/05 10:01:00.069, 21096, 100
2026/08/05 10:01:01.078, 21096, 100
2026/08/05 10:01:02.087, 21096, 100
2026/08/05 10:01:03.095, 21096, 100
2026/08/05 10:01:04.103, 21096, 100
2026/08/05 10:01:05.111, 21096, 84
2026/08/05 10:01:06.118, 21096, 100
2026/08/05 10:01:07.125, 21096, 100
2026/08/05 10:01:08.131, 21096, 100
2026/08/05 10:01:09.138, 21096, 85
2026/08/05 10:01:10.144, 21096, 100
2026/08/05 10:01:11.150, 21096, 100
2026/08/05 10:01:12.156, 21096, 100
2026/08/05 10:01:13.160, 21096, 100
2026/08/05 10:01:14.166, 21096, 100
2026/08/05 10:01:15.170, 21096, 100
2026/08/05 10:01:16.175, 21096, 100
2026/08/05 10:01:17.180, 21096, 100
2026/08/05 10:01:18.184, 21096, 100
2026/08/05 10:01:19.189, 21096, 100
2026/08/05 10:01:20.192, 21096, 100
2026/08/05 10:01:21.196, 21096, 100
2026/08/05 10:01:22.199, 21096, 100
2026/08/05 10:01:23.203, 21096, 100
2026/08/05 10:01:24.206, 21096, 84
2026/08/05 10:01:25.209, 21096, 100
2026/08/05 10:01:26.213, 21096, 84
2026/08/05 10:01:27.216, 21096, 100
2026/08/05 10:01:28.218, 21096, 100
2026/08/05 10:01:29.222, 21096, 100
2026/08/05 10:01:30.225, 21096, 100
2026/08/05 10:01:31.228, 21096, 100
2026/08/05 10:01:32.230, 21096, 100
2026/08/05 10:01:33.233, 21096, 100
2026/08/05 10:01:34.235, 21096, 85
2026/08/05 10:01:35.237, 21096, 100
2026/08/05 10:01:36.240, 21096, 100
2026/08/05 10:01:37.242, 21096, 100
2026/08/05 10:01:38.244, 21096, 100
2026/08/05 10:01:39.247, 21096, 100
2026/08/05 10:01:40.248, 21096, 100
2026/08/05 10:01:41.250, 21096, 100
2026/08/05 10:01:42.251, 21096, 100
2026/08/05 10:01:43.252, 21096, 100
2026/08/05 10:01:44.254, 21096, 100
2026/08/05 10:01:45.255, 21096, 100
2026/08/05 10:01:46.257, 21096, 100
2026/08/05 10:01:47.258, 21096, 100
2026/08/05 10:01:48.259, 21096, 100
2026/08/05 10:01:49.261, 21096, 100
2026/08/05 10:01:50.262, 21096, 100
2026/08/05 10:01:51.264, 21096, 85
2026/08/05 10:01:52.265, 21096, 100
2026/08/05 10:01:53.266, 21096, 100
2026/08/05 10:01:54.268, 21096, 64
2026/08/05 10:01:55.270, 21096, 84
2026/08/05 10:01:56.271, 21096, 100
2026/08/05 10:01:57.273, 21096, 100
2026/08/05 10:01:58.273, 21096, 100
2026/08/05 10:01:59.273, 21096, 100
2026/08/05 10:02:00.274, 21096, 100
2026/08/05 10:02:01.274, 21096, 100
2026/08/05 10:02:02.274, 21096, 100
2026/08/05 10:02:03.275, 21096, 100
2026/08/05 10:02:04.275, 21096, 100
2026/08/05 10:02:05.276, 21096, 100
2026/08/05 10:02:06.276, 21096, 100
2026/08/05 10:02:07.276, 21096, 100
2026/08/05 10:02:08.277, 21096, 100
2026/08/05 10:02:09.277, 21096, 100
2026/08/05 10:02:10.277, 21096, 100
2026/08/05 10:02:11.278, 21096, 65
2026/08/05 10:02:12.278, 21096, 100
2026/08/05 10:02:13.278, 21096, 100
2026/08/05 10:02:14.278, 21096, 100
2026/08/05 10:02:15.279, 21096, 100
2026/08/05 10:02:16.279, 21096, 100
2026/08/05 10:02:17.279, 21096, 84
2026/08/05 10:02:18.280, 21096, 86
2026/08/05 10:02:19.280, 21096, 100
2026/08/05 10:02:20.280, 21096, 100
2026/08/05 10:02:21.281, 21096, 67
2026/08/05 10:02:22.281, 21096, 100
2026/08/05 10:02:23.281, 21096, 100
2026/08/05 10:02:24.281, 21096, 88
2026/08/05 10:02:25.282, 21096, 63
2026/08/05 10:02:26.282, 21096, 100
2026/08/05 10:02:27.282, 21096, 100
2026/08/05 10:02:28.283, 21096, 100
2026/08/05 10:02:29.283, 21096, 100
2026/08/05 10:02:30.283, 21096, 100
2026/08/05 10:02:31.284, 21096, 100
2026/08/05 10:02:32.284, 21096, 100
2026/08/05 10:02:33.285, 21096, 100
2026/08/05 10:02:34.285, 21096, 100
2026/08/05 10:02:35.285, 21096, 100
2026/08/05 10:02:36.285, 21096, 100
2026/08/05 10:02:37.286, 21096, 82
2026/08/05 10:02:38.286, 21096, 100
2026/08/05 10:02:39.286, 21096, 100
2026/08/05 10:02:40.286, 21096, 100
2026/08/05 10:02:41.287, 21096, 100
2026/08/05 10:02:42.287, 21096, 100
2026/08/05 10:02:43.287, 21096, 100
2026/08/05 10:02:44.287, 21096, 100
2026/08/05 10:02:45.288, 21096, 84
2026/08/05 10:02:46.288, 21096, 100
2026/08/05 10:02:47.288, 21096, 100
2026/08/05 10:02:48.289, 21096, 100
2026/08/05 10:02:49.289, 21096, 100
2026/08/05 10:02:50.289, 21096, 100
2026/08/05 10:02:51.289, 21096, 100
2026/08/05 10:02:52.290, 21096, 85
2026/08/05 10:02:53.290, 21096, 100
2026/08/05 10:02:54.290, 21096, 100
2026/08/05 10:02:55.291, 21096, 100
2026/08/05 10:02:56.291, 21096, 83
2026/08/05 10:02:57.291, 21096, 100
2026/08/05 10:02:58.291, 21096, 84
2026/08/05 10:02:59.292, 21096, 84
2026/08/05 10:03:00.292, 21096, 100
2026/08/05 10:03:01.292, 21096, 100
2026/08/05 10:03:02.292, 21096, 100
2026/08/05 10:03:03.296, 21096, 100
2026/08/05 10:03:04.304, 21096, 100
2026/08/05 10:03:05.312, 21096, 100
2026/08/05 10:03:06.319, 21096, 76
2026/08/05 10:03:07.326, 21096, 100
2026/08/05 10:03:08.332, 21096, 100
2026/08/05 10:03:09.339, 21096, 100
2026/08/05 10:03:10.344, 21096, 100
2026/08/05 10:03:11.350, 21096, 100
2026/08/05 10:03:12.355, 21096, 100
2026/08/05 10:03:13.360, 21096, 100
2026/08/05 10:03:14.365, 21096, 100
2026/08/05 10:03:15.370, 21096, 100
2026/08/05 10:03:16.375, 21096, 100
2026/08/05 10:03:17.379, 21096, 100
2026/08/05 10:03:18.383, 21096, 100
2026/08/05 10:03:19.387, 21096, 100
2026/08/05 10:03:20.390, 21096, 100
2026/08/05 10:03:21.394, 21096, 77
2026/08/05 10:03:22.397, 21096, 100
2026/08/05 10:03:23.401, 21096, 100
2026/08/05 10:03:24.404, 21096, 100
2026/08/05 10:03:25.407, 21096, 92
2026/08/05 10:03:26.410, 21096, 85
2026/08/05 10:03:27.412, 21096, 100
2026/08/05 10:03:28.414, 21096, 100
2026/08/05 10:03:29.417, 21096, 100
2026/08/05 10:03:30.419, 21096, 100
2026/08/05 10:03:31.421, 21096, 100
2026/08/05 10:03:32.423, 21096, 100
2026/08/05 10:03:33.425, 21096, 100
2026/08/05 10:03:34.427, 21096, 100
2026/08/05 10:03:35.429, 21096, 65
2026/08/05 10:03:36.432, 21096, 100
2026/08/05 10:03:37.434, 21096, 100
2026/08/05 10:03:38.436, 21096, 100
2026/08/05 10:03:39.438, 21096, 100
2026/08/05 10:03:40.440, 21096, 100
2026/08/05 10:03:41.441, 21096, 100
2026/08/05 10:03:42.443, 21096, 100
2026/08/05 10:03:43.444, 21096, 65
2026/08/05 10:03:44.446, 21096, 100
2026/08/05 10:03:45.447, 21096, 74
2026/08/05 10:03:46.451, 21096, 84
2026/08/05 10:03:47.453, 21096, 100
2026/08/05 10:03:48.454, 21096, 100
2026/08/05 10:03:49.456, 21096, 100
2026/08/05 10:03:50.457, 21096, 100
2026/08/05 10:03:51.458, 21096, 100
2026/08/05 10:03:52.460, 21096, 100
2026/08/05 10:03:53.461, 21096, 100
2026/08/05 10:03:54.462, 21096, 100
2026/08/05 10:03:55.464, 21096, 100
2026/08/05 10:03:56.465, 21096, 100
2026/08/05 10:03:57.466, 21096, 100
2026/08/05 10:03:58.468, 21096, 100
2026/08/05 10:03:59.469, 21096, 100
2026/08/05 10:04:00.470, 21096, 100
2026/08/05 10:04:01.472, 21096, 100
2026/08/05 10:04:02.473, 21096, 100
2026/08/05 10:04:03.474, 21096, 100
2026/08/05 10:04:04.476, 21096, 100
2026/08/05 10:04:05.477, 21096, 100
2026/08/05 10:04:06.478, 21096, 100
2026/08/05 10:04:07.479, 21096, 100
2026/08/05 10:04:08.479, 21096, 100
2026/08/05 10:04:09.479, 21096, 0
2026/08/05 10:04:10.479, 21096, 100
2026/08/05 10:04:11.479, 21096, 100
2026/08/05 10:04:12.479, 21096, 100
2026/08/05 10:04:13.480, 21096, 100
2026/08/05 10:04:14.480, 21096, 100
2026/08/05 10:04:15.480, 21096, 100
2026/08/05 10:04:16.480, 21096, 100
2026/08/05 10:04:17.481, 21096, 100
2026/08/05 10:04:18.481, 21096, 100
2026/08/05 10:04:19.481, 21096, 100
2026/08/05 10:04:20.481, 21096, 85
2026/08/05 10:04:21.481, 21096, 100
2026/08/05 10:04:22.482, 21096, 100
2026/08/05 10:04:23.482, 21096, 100
2026/08/05 10:04:24.482, 21096, 100
2026/08/05 10:04:25.482, 21096, 100
2026/08/05 10:04:26.482, 21096, 100
2026/08/05 10:04:27.483, 21096, 100
2026/08/05 10:04:28.483, 21096, 100
2026/08/05 10:04:29.483, 21096, 86
2026/08/05 10:04:30.483, 21096, 100
2026/08/05 10:04:31.483, 21096, 100
2026/08/05 10:04:32.484, 21096, 100
2026/08/05 10:04:33.484, 21096, 100
2026/08/05 10:04:34.484, 21096, 100
2026/08/05 10:04:35.484, 21096, 100
2026/08/05 10:04:36.484, 21096, 100
2026/08/05 10:04:37.485, 21096, 100
2026/08/05 10:04:38.485, 21096, 100
2026/08/05 10:04:39.485, 21096, 100
2026/08/05 10:04:40.486, 21096, 100
2026/08/05 10:04:41.489, 21096, 100
2026/08/05 10:04:42.491, 21096, 89
2026/08/05 10:04:43.494, 21096, 100
2026/08/05 10:04:44.496, 21096, 100
2026/08/05 10:04:45.498, 21096, 100
2026/08/05 10:04:46.501, 21096, 100
2026/08/05 10:04:47.503, 21096, 100
2026/08/05 10:04:48.505, 21096, 100
2026/08/05 10:04:49.507, 21096, 66
2026/08/05 10:04:50.509, 21096, 100
2026/08/05 10:04:51.511, 21096, 100
2026/08/05 10:04:52.513, 21096, 100
2026/08/05 10:04:53.514, 21096, 100
2026/08/05 10:04:54.515, 21096, 100
2026/08/05 10:04:55.517, 21096, 100
2026/08/05 10:04:56.518, 21096, 100
2026/08/05 10:04:57.520, 21096, 100
2026/08/05 10:04:58.521, 21096, 100
2026/08/05 10:04:59.523, 21096, 100
2026/08/05 10:05:00.524, 21096, 100
2026/08/05 10:05:01.526, 21096, 100
2026/08/05 10:05:02.527, 21096, 100
2026/08/05 10:05:03.529, 21096, 100
2026/08/05 10:05:04.530, 21096, 100
2026/08/05 10:05:05.531, 21096, 100
2026/08/05 10:05:06.533, 21096, 100
2026/08/05 10:05:07.534, 21096, 100
2026/08/05 10:05:08.535, 21096, 100
2026/08/05 10:05:09.537, 21096, 100
2026/08/05 10:05:10.538, 21096, 85
2026/08/05 10:05:11.539, 21096, 100
2026/08/05 10:05:12.541, 21096, 100
2026/08/05 10:05:13.543, 21096, 100
2026/08/05 10:05:14.543, 21096, 100
2026/08/05 10:05:15.543, 21096, 94
2026/08/05 10:05:16.543, 21096, 100
2026/08/05 10:05:17.544, 21096, 100
2026/08/05 10:05:18.544, 21096, 100
2026/08/05 10:05:19.544, 21096, 84
2026/08/05 10:05:20.544, 21096, 100
2026/08/05 10:05:21.545, 21096, 62
2026/08/05 10:05:22.545, 21096, 100
2026/08/05 10:05:23.546, 21096, 100
2026/08/05 10:05:24.546, 21096, 100
2026/08/05 10:05:25.546, 21096, 100
2026/08/05 10:05:26.547, 21096, 100
2026/08/05 10:05:27.547, 21096, 100
2026/08/05 10:05:28.547, 21096, 100
2026/08/05 10:05:29.547, 21096, 100
2026/08/05 10:05:30.547, 21096, 100
2026/08/05 10:05:31.548, 21096, 100
2026/08/05 10:05:32.548, 21096, 100
2026/08/05 10:05:33.548, 21096, 84
2026/08/05 10:05:34.548, 21096, 100
2026/08/05 10:05:35.548, 21096, 100
2026/08/05 10:05:36.549, 21096, 100
2026/08/05 10:05:37.549, 21096, 100
2026/08/05 10:05:38.549, 21096, 100
2026/08/05 10:05:39.549, 21096, 100
2026/08/05 10:05:40.550, 21096, 100
2026/08/05 10:05:41.550, 21096, 100
2026/08/05 10:05:42.550, 21096, 100
2026/08/05 10:05:43.551, 21096, 100
2026/08/05 10:05:44.551, 21096, 100
2026/08/05 10:05:45.563, 21096, 64
2026/08/05 10:05:46.581, 21096, 99
2026/08/05 10:05:47.599, 21096, 100
2026/08/05 10:05:48.614, 21096, 93
2026/08/05 10:05:49.627, 21096, 100
2026/08/05 10:05:50.639, 21096, 100
2026/08/05 10:05:51.649, 21096, 85
2026/08/05 10:05:52.659, 21096, 100
2026/08/05 10:05:53.667, 21096, 89
2026/08/05 10:05:54.674, 21096, 100
2026/08/05 10:05:55.681, 21096, 100
2026/08/05 10:05:56.686, 21096, 100
2026/08/05 10:05:57.692, 21096, 84
2026/08/05 10:05:58.696, 21096, 100
2026/08/05 10:05:59.701, 21096, 100
2026/08/05 10:06:00.705, 21096, 100
2026/08/05 10:06:01.709, 21096, 100
2026/08/05 10:06:02.712, 21096, 100
2026/08/05 10:06:03.715, 21096, 100
2026/08/05 10:06:04.718, 21096, 100
2026/08/05 10:06:05.720, 21096, 63
2026/08/05 10:06:06.723, 21096, 100
2026/08/05 10:06:07.725, 21096, 65
2026/08/05 10:06:08.727, 21096, 85
2026/08/05 10:06:09.729, 21096, 60
2026/08/05 10:06:10.731, 21096, 100
2026/08/05 10:06:11.732, 21096, 100
2026/08/05 10:06:12.734, 21096, 100
2026/08/05 10:06:13.736, 21096, 100
2026/08/05 10:06:14.737, 21096, 100
2026/08/05 10:06:15.739, 21096, 92
2026/08/05 10:06:16.740, 21096, 84
2026/08/05 10:06:17.740, 21096, 100
2026/08/05 10:06:18.741, 21096, 100
2026/08/05 10:06:19.741, 21096, 100
2026/08/05 10:06:20.742, 21096, 100
2026/08/05 10:06:21.742, 21096, 86
2026/08/05 10:06:22.742, 21096, 100
2026/08/05 10:06:23.743, 21096, 100
2026/08/05 10:06:24.743, 21096, 100
2026/08/05 10:06:25.743, 21096, 100
2026/08/05 10:06:26.744, 21096, 100
2026/08/05 10:06:27.744, 21096, 100
2026/08/05 10:06:28.744, 21096, 100
2026/08/05 10:06:29.745, 21096, 96
2026/08/05 10:06:30.746, 21096, 84
2026/08/05 10:06:31.748, 21096, 88
2026/08/05 10:06:32.749, 21096, 85
2026/08/05 10:06:33.751, 21096, 100
2026/08/05 10:06:34.752, 21096, 100
2026/08/05 10:06:35.753, 21096, 95
2026/08/05 10:06:36.755, 21096, 100
2026/08/05 10:06:37.756, 21096, 64
2026/08/05 10:06:38.758, 21096, 89
2026/08/05 10:06:39.759, 21096, 100
2026/08/05 10:06:40.760, 21096, 100
2026/08/05 10:06:41.762, 21096, 100
2026/08/05 10:06:42.763, 21096, 100
2026/08/05 10:06:43.764, 21096, 100
2026/08/05 10:06:44.766, 21096, 100
2026/08/05 10:06:45.767, 21096, 100
2026/08/05 10:06:46.769, 21096, 100
2026/08/05 10:06:47.770, 21096, 84
2026/08/05 10:06:48.771, 21096, 99
2026/08/05 10:06:49.773, 21096, 82
2026/08/05 10:06:50.774, 21096, 100
2026/08/05 10:06:51.776, 21096, 66
2026/08/05 10:06:52.777, 21096, 100
2026/08/05 10:06:53.778, 21096, 100
2026/08/05 10:06:54.780, 21096, 100
2026/08/05 10:06:55.781, 21096, 100
2026/08/05 10:06:56.782, 21096, 100
2026/08/05 10:06:57.784, 21096, 84
2026/08/05 10:06:58.785, 21096, 100
2026/08/05 10:06:59.787, 21096, 100
2026/08/05 10:07:00.788, 21096, 83
2026/08/05 10:07:01.790, 21096, 83
2026/08/05 10:07:02.791, 21096, 94
2026/08/05 10:07:03.792, 21096, 100
2026/08/05 10:07:04.794, 21096, 100
2026/08/05 10:07:05.795, 21096, 100
2026/08/05 10:07:06.796, 21096, 100
2026/08/05 10:07:07.798, 21096, 100
2026/08/05 10:07:08.799, 21096, 100
2026/08/05 10:07:09.801, 21096, 100
2026/08/05 10:07:10.802, 21096, 100
2026/08/05 10:07:11.803, 21096, 100
2026/08/05 10:07:12.805, 21096, 100
2026/08/05 10:07:13.806, 21096, 100
2026/08/05 10:07:14.808, 21096, 100
2026/08/05 10:07:15.809, 21096, 100
2026/08/05 10:07:16.811, 21096, 100
2026/08/05 10:07:17.812, 21096, 90
2026/08/05 10:07:18.813, 21096, 84
2026/08/05 10:07:19.814, 21096, 81
2026/08/05 10:07:20.816, 21096, 100
2026/08/05 10:07:21.816, 21096, 100
2026/08/05 10:07:22.816, 21096, 100
2026/08/05 10:07:23.817, 21096, 100
2026/08/05 10:07:24.817, 21096, 100
2026/08/05 10:07:25.817, 21096, 100
2026/08/05 10:07:26.818, 21096, 85
2026/08/05 10:07:27.818, 21096, 100
2026/08/05 10:07:28.818, 21096, 100
2026/08/05 10:07:29.818, 21096, 86
2026/08/05 10:07:30.819, 21096, 100
2026/08/05 10:07:31.819, 21096, 100
2026/08/05 10:07:32.819, 21096, 100
2026/08/05 10:07:33.819, 21096, 100
2026/08/05 10:07:34.819, 21096, 100
2026/08/05 10:07:35.820, 21096, 100
2026/08/05 10:07:36.820, 21096, 100
2026/08/05 10:07:37.820, 21096, 100
2026/08/05 10:07:38.821, 21096, 100
2026/08/05 10:07:39.821, 21096, 84
2026/08/05 10:07:40.821, 21096, 69
2026/08/05 10:07:41.821, 21096, 84
2026/08/05 10:07:42.822, 21096, 100
2026/08/05 10:07:43.822, 21096, 100
2026/08/05 10:07:44.822, 21096, 100
2026/08/05 10:07:45.822, 21096, 100
2026/08/05 10:07:46.823, 21096, 100
2026/08/05 10:07:47.823, 21096, 100
2026/08/05 10:07:48.823, 21096, 100
2026/08/05 10:07:49.823, 21096, 85
2026/08/05 10:07:50.824, 21096, 85
2026/08/05 10:07:51.824, 21096, 84
2026/08/05 10:07:52.824, 21096, 100
2026/08/05 10:07:53.825, 21096, 85
2026/08/05 10:07:54.825, 21096, 100
2026/08/05 10:07:55.825, 21096, 100
2026/08/05 10:07:56.825, 21096, 85
2026/08/05 10:07:57.826, 21096, 100
2026/08/05 10:07:58.826, 21096, 100
2026/08/05 10:07:59.826, 21096, 100
2026/08/05 10:08:00.826, 21096, 100
2026/08/05 10:08:01.827, 21096, 100
2026/08/05 10:08:02.827, 21096, 100
2026/08/05 10:08:03.827, 21096, 100
2026/08/05 10:08:04.827, 21096, 100
2026/08/05 10:08:05.828, 21096, 85
2026/08/05 10:08:06.828, 21096, 100
2026/08/05 10:08:07.829, 21096, 83
2026/08/05 10:08:08.829, 21096, 100
2026/08/05 10:08:09.829, 21096, 100
2026/08/05 10:08:10.829, 21096, 100
2026/08/05 10:08:11.830, 21096, 100
2026/08/05 10:08:12.830, 21096, 100
2026/08/05 10:08:13.830, 21096, 100
2026/08/05 10:08:14.831, 21096, 100
2026/08/05 10:08:15.831, 21096, 100
2026/08/05 10:08:16.831, 21096, 100
2026/08/05 10:08:17.831, 21096, 100
2026/08/05 10:08:18.831, 21096, 82
2026/08/05 10:08:19.832, 21096, 100
2026/08/05 10:08:20.832, 21096, 100
2026/08/05 10:08:21.832, 21096, 100
2026/08/05 10:08:22.832, 21096, 100
2026/08/05 10:08:23.832, 21096, 100
2026/08/05 10:08:24.833, 21096, 100
2026/08/05 10:08:25.833, 21096, 100
2026/08/05 10:08:26.853, 21096, 100
2026/08/05 10:08:27.874, 21096, 100
2026/08/05 10:08:28.893, 21096, 100
2026/08/05 10:08:29.910, 21096, 98
2026/08/05 10:08:30.924, 21096, 100
2026/08/05 10:08:31.937, 21096, 100
2026/08/05 10:08:32.948, 21096, 100
2026/08/05 10:08:33.959, 21096, 100
2026/08/05 10:08:34.968, 21096, 100
2026/08/05 10:08:35.976, 21096, 100
2026/08/05 10:08:36.983, 21096, 100
2026/08/05 10:08:37.989, 21096, 100
2026/08/05 10:08:38.995, 21096, 100
2026/08/05 10:08:40.000, 21096, 100
2026/08/05 10:08:41.004, 21096, 100
2026/08/05 10:08:42.009, 21096, 100
2026/08/05 10:08:43.013, 21096, 100
2026/08/05 10:08:44.016, 21096, 83
2026/08/05 10:08:45.020, 21096, 100
2026/08/05 10:08:46.023, 21096, 100
2026/08/05 10:08:47.025, 21096, 100
2026/08/05 10:08:48.028, 21096, 100
2026/08/05 10:08:49.030, 21096, 100
2026/08/05 10:08:50.032, 21096, 100
2026/08/05 10:08:51.035, 21096, 100
2026/08/05 10:08:52.037, 21096, 100
2026/08/05 10:08:53.038, 21096, 100
2026/08/05 10:08:54.041, 21096, 85
2026/08/05 10:08:55.042, 21096, 100
2026/08/05 10:08:56.044, 21096, 100
2026/08/05 10:08:57.045, 21096, 100
2026/08/05 10:08:58.046, 21096, 100
2026/08/05 10:08:59.047, 21096, 100
2026/08/05 10:09:00.047, 21096, 100
2026/08/05 10:09:01.048, 21096, 100
2026/08/05 10:09:02.048, 21096, 100
2026/08/05 10:09:03.049, 21096, 100
2026/08/05 10:09:04.049, 21096, 100
2026/08/05 10:09:05.049, 21096, 100
2026/08/05 10:09:06.049, 21096, 100
2026/08/05 10:09:07.050, 21096, 100
2026/08/05 10:09:08.050, 21096, 100
2026/08/05 10:09:09.050, 21096, 100
2026/08/05 10:09:10.050, 21096, 100
2026/08/05 10:09:11.050, 21096, 100
2026/08/05 10:09:12.050, 21096, 100
2026/08/05 10:09:13.051, 21096, 100
2026/08/05 10:09:14.051, 21096, 100
2026/08/05 10:09:15.051, 21096, 100
2026/08/05 10:09:16.051, 21096, 100
2026/08/05 10:09:17.051, 21096, 100
2026/08/05 10:09:18.052, 21096, 100
2026/08/05 10:09:19.052, 21096, 100
2026/08/05 10:09:20.052, 21096, 100
2026/08/05 10:09:21.052, 21096, 100
2026/08/05 10:09:22.052, 21096, 85
2026/08/05 10:09:23.053, 21096, 60
2026/08/05 10:09:24.053, 21096, 100
2026/08/05 10:09:25.053, 21096, 100
2026/08/05 10:09:26.053, 21096, 100
2026/08/05 10:09:27.053, 21096, 83
2026/08/05 10:09:28.054, 21096, 67
2026/08/05 10:09:29.054, 21096, 100
2026/08/05 10:09:30.054, 21096, 100
2026/08/05 10:09:31.054, 21096, 86
2026/08/05 10:09:32.054, 21096, 85
2026/08/05 10:09:33.055, 21096, 100
2026/08/05 10:09:34.055, 21096, 100
2026/08/05 10:09:35.055, 21096, 100
2026/08/05 10:09:36.055, 21096, 100
2026/08/05 10:09:37.055, 21096, 100
2026/08/05 10:09:38.055, 21096, 100
2026/08/05 10:09:39.056, 21096, 100
2026/08/05 10:09:40.056, 21096, 100
2026/08/05 10:09:41.056, 21096, 100
2026/08/05 10:09:42.056, 21096, 100
2026/08/05 10:09:43.057, 21096, 100
2026/08/05 10:09:44.057, 21096, 100
2026/08/05 10:09:45.057, 21096, 100
2026/08/05 10:09:46.058, 21096, 100
2026/08/05 10:09:47.058, 21096, 100
2026/08/05 10:09:48.058, 21096, 100
2026/08/05 10:09:49.058, 21096, 100
2026/08/05 10:09:50.058, 21096, 86
2026/08/05 10:09:51.059, 21096, 100
2026/08/05 10:09:52.059, 21096, 100
2026/08/05 10:09:53.059, 21096, 100
2026/08/05 10:09:54.059, 21096, 100
2026/08/05 10:09:55.059, 21096, 100
2026/08/05 10:09:56.059, 21096, 100
2026/08/05 10:09:57.060, 21096, 67
2026/08/05 10:09:58.060, 21096, 100
2026/08/05 10:09:59.060, 21096, 100
2026/08/05 10:10:00.061, 21096, 100
2026/08/05 10:10:01.061, 21096, 100
2026/08/05 10:10:02.061, 21096, 84
2026/08/05 10:10:03.061, 21096, 100
2026/08/05 10:10:04.062, 21096, 85
2026/08/05 10:10:05.062, 21096, 97
2026/08/05 10:10:06.062, 21096, 97
2026/08/05 10:10:07.062, 21096, 95
2026/08/05 10:10:08.063, 21096, 100
2026/08/05 10:10:09.063, 21096, 100
2026/08/05 10:10:10.063, 21096, 100
2026/08/05 10:10:11.063, 21096, 100
2026/08/05 10:10:12.063, 21096, 100
2026/08/05 10:10:13.063, 21096, 100
2026/08/05 10:10:14.064, 21096, 100
2026/08/05 10:10:15.064, 21096, 100
2026/08/05 10:10:16.064, 21096, 100
2026/08/05 10:10:17.064, 21096, 100
2026/08/05 10:10:18.064, 21096, 100
2026/08/05 10:10:19.065, 21096, 86
2026/08/05 10:10:20.065, 21096, 100
2026/08/05 10:10:21.066, 21096, 100
2026/08/05 10:10:22.066, 21096, 100
2026/08/05 10:10:23.066, 21096, 100
2026/08/05 10:10:24.066, 21096, 84
2026/08/05 10:10:25.066, 21096, 64
2026/08/05 10:10:26.067, 21096, 100
2026/08/05 10:10:27.067, 21096, 100
2026/08/05 10:10:28.067, 21096, 100
2026/08/05 10:10:29.067, 21096, 100
2026/08/05 10:10:30.068, 21096, 100
2026/08/05 10:10:31.068, 21096, 100
2026/08/05 10:10:32.068, 21096, 100
2026/08/05 10:10:33.068, 21096, 100
2026/08/05 10:10:34.069, 21096, 100
2026/08/05 10:10:35.069, 21096, 100
2026/08/05 10:10:36.070, 21096, 100
2026/08/05 10:10:37.076, 21096, 100
2026/08/05 10:10:38.081, 21096, 100
2026/08/05 10:10:39.087, 21096, 100
2026/08/05 10:10:40.091, 21096, 100
2026/08/05 10:10:41.096, 21096, 95
2026/08/05 10:10:42.100, 21096, 100
2026/08/05 10:10:43.104, 21096, 96
2026/08/05 10:10:44.109, 21096, 85
2026/08/05 10:10:45.114, 21096, 100
2026/08/05 10:10:46.117, 21096, 100
2026/08/05 10:10:47.121, 21096, 100
2026/08/05 10:10:48.124, 21096, 100
2026/08/05 10:10:49.127, 21096, 100
2026/08/05 10:10:50.132, 21096, 100
2026/08/05 10:10:51.135, 21096, 100
2026/08/05 10:10:52.137, 21096, 100
2026/08/05 10:10:53.140, 21096, 100
2026/08/05 10:10:54.142, 21096, 100
2026/08/05 10:10:55.146, 21096, 100
2026/08/05 10:10:56.149, 21096, 100
2026/08/05 10:10:57.151, 21096, 100
2026/08/05 10:10:58.153, 21096, 99
2026/08/05 10:10:59.156, 21096, 100
2026/08/05 10:11:00.158, 21096, 100
2026/08/05 10:11:01.160, 21096, 100
2026/08/05 10:11:02.162, 21096, 100
2026/08/05 10:11:03.163, 21096, 100
2026/08/05 10:11:04.165, 21096, 100
2026/08/05 10:11:05.166, 21096, 100
2026/08/05 10:11:06.167, 21096, 100
2026/08/05 10:11:07.169, 21096, 100
2026/08/05 10:11:08.170, 21096, 100
2026/08/05 10:11:09.171, 21096, 100
2026/08/05 10:11:10.173, 21096, 85
2026/08/05 10:11:11.174, 21096, 100
2026/08/05 10:11:12.175, 21096, 100
2026/08/05 10:11:13.177, 21096, 100
2026/08/05 10:11:14.178, 21096, 100
2026/08/05 10:11:15.179, 21096, 100
2026/08/05 10:11:16.181, 21096, 100
2026/08/05 10:11:17.182, 21096, 84
2026/08/05 10:11:18.183, 21096, 100
2026/08/05 10:11:19.185, 21096, 100
2026/08/05 10:11:20.186, 21096, 100
2026/08/05 10:11:21.187, 21096, 100
2026/08/05 10:11:22.189, 21096, 100
2026/08/05 10:11:23.190, 21096, 100
2026/08/05 10:11:24.191, 21096, 100
2026/08/05 10:11:25.193, 21096, 100
2026/08/05 10:11:26.194, 21096, 100
2026/08/05 10:11:27.195, 21096, 100
2026/08/05 10:11:28.197, 21096, 100
2026/08/05 10:11:29.198, 21096, 100
2026/08/05 10:11:30.199, 21096, 94
2026/08/05 10:11:31.200, 21096, 100
2026/08/05 10:11:32.202, 21096, 100
2026/08/05 10:11:33.203, 21096, 100
2026/08/05 10:11:34.204, 21096, 100
2026/08/05 10:11:35.206, 21096, 100
2026/08/05 10:11:36.207, 21096, 100
2026/08/05 10:11:37.208, 21096, 100
2026/08/05 10:11:38.209, 21096, 100
2026/08/05 10:11:39.211, 21096, 65
2026/08/05 10:11:40.211, 21096, 100
2026/08/05 10:11:41.211, 21096, 100
2026/08/05 10:11:42.211, 21096, 100
2026/08/05 10:11:43.212, 21096, 100
2026/08/05 10:11:44.212, 21096, 100
2026/08/05 10:11:45.212, 21096, 100
2026/08/05 10:11:46.212, 21096, 100
2026/08/05 10:11:47.212, 21096, 100
2026/08/05 10:11:48.213, 21096, 100
2026/08/05 10:11:49.213, 21096, 100
2026/08/05 10:11:50.213, 21096, 95
2026/08/05 10:11:51.213, 21096, 100
2026/08/05 10:11:52.213, 21096, 100
2026/08/05 10:11:53.214, 21096, 100
2026/08/05 10:11:54.214, 21096, 100
2026/08/05 10:11:55.214, 21096, 100
2026/08/05 10:11:56.214, 21096, 100
2026/08/05 10:11:57.214, 21096, 100
2026/08/05 10:11:58.215, 21096, 100
2026/08/05 10:11:59.215, 21096, 100
2026/08/05 10:12:00.215, 21096, 100
2026/08/05 10:12:01.215, 21096, 86
2026/08/05 10:12:02.215, 21096, 100
2026/08/05 10:12:03.215, 21096, 100
2026/08/05 10:12:04.216, 21096, 84
2026/08/05 10:12:05.216, 21096, 100
2026/08/05 10:12:06.216, 21096, 100
2026/08/05 10:12:07.217, 21096, 100
2026/08/05 10:12:08.217, 21096, 100
2026/08/05 10:12:09.217, 21096, 100
2026/08/05 10:12:10.217, 21096, 100
2026/08/05 10:12:11.217, 21096, 100
2026/08/05 10:12:12.218, 21096, 100
2026/08/05 10:12:13.218, 21096, 100
2026/08/05 10:12:14.218, 21096, 84
2026/08/05 10:12:15.218, 21096, 84
2026/08/05 10:12:16.218, 21096, 84
2026/08/05 10:12:17.218, 21096, 85
2026/08/05 10:12:18.219, 21096, 100
2026/08/05 10:12:19.219, 21096, 100
2026/08/05 10:12:20.219, 21096, 100
2026/08/05 10:12:21.219, 21096, 100
2026/08/05 10:12:22.219, 21096, 100
2026/08/05 10:12:23.220, 21096, 100
2026/08/05 10:12:24.220, 21096, 100
2026/08/05 10:12:25.220, 21096, 100
2026/08/05 10:12:26.220, 21096, 100
2026/08/05 10:12:27.220, 21096, 100
2026/08/05 10:12:28.221, 21096, 100
2026/08/05 10:12:29.221, 21096, 84
2026/08/05 10:12:30.221, 21096, 100
2026/08/05 10:12:31.221, 21096, 100
2026/08/05 10:12:32.221, 21096, 100
2026/08/05 10:12:33.222, 21096, 100
2026/08/05 10:12:34.222, 21096, 100
2026/08/05 10:12:35.222, 21096, 100
2026/08/05 10:12:36.222, 21096, 100
2026/08/05 10:12:37.222, 21096, 100
2026/08/05 10:12:38.222, 21096, 100
2026/08/05 10:12:39.223, 21096, 100
2026/08/05 10:12:40.223, 21096, 100
2026/08/05 10:12:41.223, 21096, 100
2026/08/05 10:12:42.223, 21096, 100
2026/08/05 10:12:43.224, 21096, 100
2026/08/05 10:12:44.224, 21096, 100
2026/08/05 10:12:45.230, 21096, 100
2026/08/05 10:12:46.256, 21096, 100
2026/08/05 10:12:47.280, 21096, 100
2026/08/05 10:12:48.300, 21096, 85
2026/08/05 10:12:49.318, 21096, 100
2026/08/05 10:12:50.334, 21096, 100
2026/08/05 10:12:51.347, 21096, 100
2026/08/05 10:12:52.360, 21096, 100
2026/08/05 10:12:53.371, 21096, 100
2026/08/05 10:12:54.381, 21096, 84
2026/08/05 10:12:55.389, 21096, 100
2026/08/05 10:12:56.397, 21096, 100
2026/08/05 10:12:57.405, 21096, 100
2026/08/05 10:12:58.411, 21096, 100
2026/08/05 10:12:59.416, 21096, 100
2026/08/05 10:13:00.422, 21096, 100
2026/08/05 10:13:01.427, 21096, 100
2026/08/05 10:13:02.431, 21096, 100
2026/08/05 10:13:03.434, 21096, 100
2026/08/05 10:13:04.438, 21096, 100
2026/08/05 10:13:05.441, 21096, 100
2026/08/05 10:13:06.444, 21096, 100
2026/08/05 10:13:07.447, 21096, 100
2026/08/05 10:13:08.449, 21096, 100
2026/08/05 10:13:09.451, 21096, 94
2026/08/05 10:13:10.454, 21096, 100
2026/08/05 10:13:11.457, 21096, 100
2026/08/05 10:13:12.460, 21096, 100
2026/08/05 10:13:13.462, 21096, 85
2026/08/05 10:13:14.464, 21096, 100
2026/08/05 10:13:15.465, 21096, 100
2026/08/05 10:13:16.467, 21096, 100
2026/08/05 10:13:17.468, 21096, 100
2026/08/05 10:13:18.468, 21096, 100
2026/08/05 10:13:19.468, 21096, 100
2026/08/05 10:13:20.469, 21096, 100
2026/08/05 10:13:21.471, 21096, 77
2026/08/05 10:13:22.471, 21096, 100
2026/08/05 10:13:23.471, 21096, 100
2026/08/05 10:13:24.472, 21096, 100
2026/08/05 10:13:25.472, 21096, 100
2026/08/05 10:13:26.472, 21096, 100
2026/08/05 10:13:27.472, 21096, 100
2026/08/05 10:13:28.473, 21096, 100
2026/08/05 10:13:29.473, 21096, 100
2026/08/05 10:13:30.473, 21096, 100
2026/08/05 10:13:31.473, 21096, 100
2026/08/05 10:13:32.474, 21096, 83
2026/08/05 10:13:33.474, 21096, 100
2026/08/05 10:13:34.474, 21096, 100
2026/08/05 10:13:35.475, 21096, 100
2026/08/05 10:13:36.475, 21096, 100
2026/08/05 10:13:37.475, 21096, 100
2026/08/05 10:13:38.476, 21096, 100
2026/08/05 10:13:39.476, 21096, 100
2026/08/05 10:13:40.477, 21096, 83
2026/08/05 10:13:41.477, 21096, 100
2026/08/05 10:13:42.477, 21096, 100
2026/08/05 10:13:43.477, 21096, 100
2026/08/05 10:13:44.478, 21096, 83
2026/08/05 10:13:45.478, 21096, 100
2026/08/05 10:13:46.478, 21096, 84
2026/08/05 10:13:47.479, 21096, 64
2026/08/05 10:13:48.479, 21096, 100
2026/08/05 10:13:49.479, 21096, 100
2026/08/05 10:13:50.480, 21096, 100
2026/08/05 10:13:51.480, 21096, 100
2026/08/05 10:13:52.480, 21096, 100
2026/08/05 10:13:53.480, 21096, 100
2026/08/05 10:13:54.481, 21096, 100
2026/08/05 10:13:55.481, 21096, 100
2026/08/05 10:13:56.481, 21096, 100
2026/08/05 10:13:57.481, 21096, 84
2026/08/05 10:13:58.482, 21096, 100
2026/08/05 10:13:59.482, 21096, 100
2026/08/05 10:14:00.482, 21096, 100
2026/08/05 10:14:01.483, 21096, 100
2026/08/05 10:14:02.483, 21096, 100
2026/08/05 10:14:03.483, 21096, 100
2026/08/05 10:14:04.484, 21096, 100
2026/08/05 10:14:05.484, 21096, 100
2026/08/05 10:14:06.484, 21096, 100
2026/08/05 10:14:07.484, 21096, 100
2026/08/05 10:14:08.484, 21096, 100
2026/08/05 10:14:09.485, 21096, 100
2026/08/05 10:14:10.485, 21096, 100
2026/08/05 10:14:11.485, 21096, 100
2026/08/05 10:14:12.485, 21096, 100
2026/08/05 10:14:13.487, 21096, 100
2026/08/05 10:14:14.488, 21096, 100
2026/08/05 10:14:15.489, 21096, 100
2026/08/05 10:14:16.491, 21096, 100
2026/08/05 10:14:17.492, 21096, 63
2026/08/05 10:14:18.493, 21096, 100
2026/08/05 10:14:19.495, 21096, 100
2026/08/05 10:14:20.496, 21096, 100
2026/08/05 10:14:21.497, 21096, 100
2026/08/05 10:14:22.498, 21096, 100
2026/08/05 10:14:23.498, 21096, 100
2026/08/05 10:14:24.498, 21096, 100
2026/08/05 10:14:25.498, 21096, 100
2026/08/05 10:14:26.498, 21096, 100
2026/08/05 10:14:27.499, 21096, 100
2026/08/05 10:14:28.499, 21096, 100
2026/08/05 10:14:29.499, 21096, 63
2026/08/05 10:14:30.500, 21096, 100
2026/08/05 10:14:31.500, 21096, 100
2026/08/05 10:14:32.500, 21096, 100
2026/08/05 10:14:33.500, 21096, 100
2026/08/05 10:14:34.500, 21096, 100
2026/08/05 10:14:35.501, 21096, 100
2026/08/05 10:14:36.501, 21096, 100
2026/08/05 10:14:37.501, 21096, 100
2026/08/05 10:14:38.501, 21096, 100
2026/08/05 10:14:39.501, 21096, 100
2026/08/05 10:14:40.502, 21096, 100
2026/08/05 10:14:41.502, 21096, 100
2026/08/05 10:14:42.502, 21096, 100
2026/08/05 10:14:43.502, 21096, 100
2026/08/05 10:14:44.503, 21096, 100
2026/08/05 10:14:45.503, 21096, 100
2026/08/05 10:14:46.504, 21096, 100
2026/08/05 10:14:47.504, 21096, 100
2026/08/05 10:14:48.505, 21096, 100
2026/08/05 10:14:49.505, 21096, 100
2026/08/05 10:14:50.505, 21096, 100
2026/08/05 10:14:51.506, 21096, 100
2026/08/05 10:14:52.506, 21096, 100
2026/08/05 10:14:53.506, 21096, 100
2026/08/05 10:14:54.506, 21096, 100
2026/08/05 10:14:55.507, 21096, 100
2026/08/05 10:14:56.507, 21096, 100
2026/08/05 10:14:57.507, 21096, 100
2026/08/05 10:14:58.507, 21096, 100
2026/08/05 10:14:59.508, 21096, 83
2026/08/05 10:15:00.508, 21096, 100
2026/08/05 10:15:01.509, 21096, 100
2026/08/05 10:15:02.509, 21096, 100
2026/08/05 10:15:03.509, 21096, 100
2026/08/05 10:15:04.509, 21096, 100
2026/08/05 10:15:05.509, 21096, 100
2026/08/05 10:15:06.510, 21096, 100
2026/08/05 10:15:07.510, 21096, 100
2026/08/05 10:15:08.510, 21096, 100
2026/08/05 10:15:09.510, 21096, 100
2026/08/05 10:15:10.511, 21096, 100
2026/08/05 10:15:11.511, 21096, 100
2026/08/05 10:15:12.511, 21096, 100
2026/08/05 10:15:13.512, 21096, 100
2026/08/05 10:15:14.512, 21096, 100
2026/08/05 10:15:15.512, 21096, 100
2026/08/05 10:15:16.512, 21096, 67
2026/08/05 10:15:17.513, 21096, 82
2026/08/05 10:15:18.513, 21096, 100
2026/08/05 10:15:19.513, 21096, 100
2026/08/05 10:15:20.514, 21096, 100
2026/08/05 10:15:21.514, 21096, 100
2026/08/05 10:15:22.514, 21096, 98
2026/08/05 10:15:23.515, 21096, 100
2026/08/05 10:15:24.515, 21096, 100
2026/08/05 10:15:25.516, 21096, 100
2026/08/05 10:15:26.516, 21096, 100
2026/08/05 10:15:27.516, 21096, 100
2026/08/05 10:15:28.517, 21096, 100
2026/08/05 10:15:29.517, 21096, 100
2026/08/05 10:15:30.517, 21096, 84
2026/08/05 10:15:31.518, 21096, 100
2026/08/05 10:15:32.518, 21096, 100
2026/08/05 10:15:33.518, 21096, 100
2026/08/05 10:15:34.519, 21096, 100
2026/08/05 10:15:35.519, 21096, 100
2026/08/05 10:15:36.519, 21096, 100
2026/08/05 10:15:37.519, 21096, 100
2026/08/05 10:15:38.520, 21096, 100
2026/08/05 10:15:39.520, 21096, 100
2026/08/05 10:15:40.521, 21096, 69
2026/08/05 10:15:41.521, 21096, 100
2026/08/05 10:15:42.521, 21096, 100
2026/08/05 10:15:43.522, 21096, 100
2026/08/05 10:15:44.522, 21096, 100
2026/08/05 10:15:45.522, 21096, 100
2026/08/05 10:15:46.523, 21096, 93
2026/08/05 10:15:47.523, 21096, 100
2026/08/05 10:15:48.523, 21096, 100
2026/08/05 10:15:49.524, 21096, 100
2026/08/05 10:15:50.524, 21096, 100
2026/08/05 10:15:51.524, 21096, 82
2026/08/05 10:15:52.524, 21096, 100
2026/08/05 10:15:53.525, 21096, 100
2026/08/05 10:15:54.525, 21096, 100
2026/08/05 10:15:55.525, 21096, 100
2026/08/05 10:15:56.525, 21096, 100
2026/08/05 10:15:57.526, 21096, 100
2026/08/05 10:15:58.526, 21096, 100
2026/08/05 10:15:59.526, 21096, 83
2026/08/05 10:16:00.538, 21096, 100
2026/08/05 10:16:01.557, 21096, 100
2026/08/05 10:16:02.575, 21096, 99
2026/08/05 10:16:03.590, 21096, 100
2026/08/05 10:16:04.604, 21096, 100
2026/08/05 10:16:05.616, 21096, 100
2026/08/05 10:16:06.627, 21096, 69
2026/08/05 10:16:07.636, 21096, 100
2026/08/05 10:16:08.644, 21096, 100
2026/08/05 10:16:09.652, 21096, 100
2026/08/05 10:16:10.658, 21096, 100
2026/08/05 10:16:11.665, 21096, 84
2026/08/05 10:16:12.670, 21096, 82
2026/08/05 10:16:13.675, 21096, 100
2026/08/05 10:16:14.680, 21096, 100
2026/08/05 10:16:15.684, 21096, 100
2026/08/05 10:16:16.688, 21096, 100
2026/08/05 10:16:17.691, 21096, 100
2026/08/05 10:16:18.694, 21096, 100
2026/08/05 10:16:19.697, 21096, 100
2026/08/05 10:16:20.700, 21096, 84
2026/08/05 10:16:21.702, 21096, 100
2026/08/05 10:16:22.704, 21096, 100
2026/08/05 10:16:23.707, 21096, 86
2026/08/05 10:16:24.709, 21096, 100
2026/08/05 10:16:25.711, 21096, 100
2026/08/05 10:16:26.714, 21096, 100
2026/08/05 10:16:27.715, 21096, 100
2026/08/05 10:16:28.717, 21096, 100
2026/08/05 10:16:29.718, 21096, 100
2026/08/05 10:16:30.719, 21096, 100
2026/08/05 10:16:31.721, 21096, 100
2026/08/05 10:16:32.721, 21096, 100
2026/08/05 10:16:33.721, 21096, 100
2026/08/05 10:16:34.722, 21096, 100
2026/08/05 10:16:35.722, 21096, 100
2026/08/05 10:16:36.722, 21096, 100
2026/08/05 10:16:37.722, 21096, 100
2026/08/05 10:16:38.723, 21096, 100
2026/08/05 10:16:39.723, 21096, 100
2026/08/05 10:16:40.723, 21096, 100
2026/08/05 10:16:41.724, 21096, 100
2026/08/05 10:16:42.724, 21096, 100
2026/08/05 10:16:43.724, 21096, 100
2026/08/05 10:16:44.725, 21096, 54
2026/08/05 10:16:45.725, 21096, 100
2026/08/05 10:16:46.726, 21096, 100
2026/08/05 10:16:47.726, 21096, 100
2026/08/05 10:16:48.726, 21096, 100
2026/08/05 10:16:49.726, 21096, 100
2026/08/05 10:16:50.727, 21096, 100
2026/08/05 10:16:51.727, 21096, 100
2026/08/05 10:16:52.727, 21096, 100
2026/08/05 10:16:53.727, 21096, 100
2026/08/05 10:16:54.727, 21096, 100
2026/08/05 10:16:55.728, 21096, 100
2026/08/05 10:16:56.728, 21096, 100
2026/08/05 10:16:57.728, 21096, 100
2026/08/05 10:16:58.728, 21096, 100
2026/08/05 10:16:59.728, 21096, 100
2026/08/05 10:17:00.729, 21096, 100
2026/08/05 10:17:01.729, 21096, 82
2026/08/05 10:17:02.729, 21096, 59
2026/08/05 10:17:03.730, 21096, 100
2026/08/05 10:17:04.730, 21096, 100
2026/08/05 10:17:05.730, 21096, 84
2026/08/05 10:17:06.730, 21096, 63
2026/08/05 10:17:07.730, 21096, 100
2026/08/05 10:17:08.731, 21096, 100
2026/08/05 10:17:09.731, 21096, 100
2026/08/05 10:17:10.731, 21096, 100
2026/08/05 10:17:11.731, 21096, 100
2026/08/05 10:17:12.732, 21096, 100
2026/08/05 10:17:13.732, 21096, 100
2026/08/05 10:17:14.732, 21096, 100
2026/08/05 10:17:15.732, 21096, 100
2026/08/05 10:17:16.733, 21096, 100
2026/08/05 10:17:17.733, 21096, 74
2026/08/05 10:17:18.733, 21096, 100
2026/08/05 10:17:19.733, 21096, 100
2026/08/05 10:17:20.733, 21096, 100
2026/08/05 10:17:21.734, 21096, 100
2026/08/05 10:17:22.734, 21096, 100
2026/08/05 10:17:23.734, 21096, 100
2026/08/05 10:17:24.734, 21096, 100
2026/08/05 10:17:25.735, 21096, 100
2026/08/05 10:17:26.735, 21096, 100
2026/08/05 10:17:27.735, 21096, 100
2026/08/05 10:17:28.735, 21096, 100
2026/08/05 10:17:29.735, 21096, 100
2026/08/05 10:17:30.735, 21096, 100
2026/08/05 10:17:31.736, 21096, 100
2026/08/05 10:17:32.736, 21096, 100
2026/08/05 10:17:33.736, 21096, 100
2026/08/05 10:17:34.736, 21096, 100
2026/08/05 10:17:35.737, 21096, 100
2026/08/05 10:17:36.737, 21096, 100
2026/08/05 10:17:37.737, 21096, 100
2026/08/05 10:17:38.737, 21096, 100
2026/08/05 10:17:39.737, 21096, 100
2026/08/05 10:17:40.738, 21096, 100
2026/08/05 10:17:41.738, 21096, 100
2026/08/05 10:17:42.738, 21096, 100
2026/08/05 10:17:43.739, 21096, 100
2026/08/05 10:17:44.739, 21096, 100
2026/08/05 10:17:45.739, 21096, 100
2026/08/05 10:17:46.739, 21096, 82
2026/08/05 10:17:47.739, 21096, 100
2026/08/05 10:17:48.740, 21096, 100
2026/08/05 10:17:49.740, 21096, 53
2026/08/05 10:17:50.740, 21096, 83
2026/08/05 10:17:51.740, 21096, 100
2026/08/05 10:17:52.741, 21096, 100
2026/08/05 10:17:53.741, 21096, 91
2026/08/05 10:17:54.741, 21096, 100
2026/08/05 10:17:55.741, 21096, 100
2026/08/05 10:17:56.741, 21096, 100
2026/08/05 10:17:57.742, 21096, 100
2026/08/05 10:17:58.742, 21096, 100
2026/08/05 10:17:59.742, 21096, 83
2026/08/05 10:18:00.742, 21096, 100
2026/08/05 10:18:01.743, 21096, 85
2026/08/05 10:18:02.743, 21096, 84
2026/08/05 10:18:03.743, 21096, 100
2026/08/05 10:18:04.744, 21096, 100
2026/08/05 10:18:05.744, 21096, 100
2026/08/05 10:18:06.744, 21096, 100
2026/08/05 10:18:07.745, 21096, 100
2026/08/05 10:18:08.745, 21096, 100
2026/08/05 10:18:09.752, 21096, 100
2026/08/05 10:18:10.761, 21096, 100
2026/08/05 10:18:11.769, 21096, 72
2026/08/05 10:18:12.777, 21096, 100
2026/08/05 10:18:13.784, 21096, 100
2026/08/05 10:18:14.791, 21096, 100
2026/08/05 10:18:15.798, 21096, 100
2026/08/05 10:18:16.804, 21096, 100
2026/08/05 10:18:17.810, 21096, 100
2026/08/05 10:18:18.816, 21096, 100
2026/08/05 10:18:19.821, 21096, 100
2026/08/05 10:18:20.827, 21096, 100
2026/08/05 10:18:21.831, 21096, 100
2026/08/05 10:18:22.836, 21096, 100
2026/08/05 10:18:23.841, 21096, 100
2026/08/05 10:18:24.844, 21096, 92
2026/08/05 10:18:25.849, 21096, 100
2026/08/05 10:18:26.852, 21096, 100
2026/08/05 10:18:27.856, 21096, 100
2026/08/05 10:18:28.860, 21096, 85
2026/08/05 10:18:29.864, 21096, 66
2026/08/05 10:18:30.868, 21096, 100
2026/08/05 10:18:31.871, 21096, 100
2026/08/05 10:18:32.874, 21096, 100
2026/08/05 10:18:33.877, 21096, 100
2026/08/05 10:18:34.880, 21096, 64
2026/08/05 10:18:35.882, 21096, 100
2026/08/05 10:18:36.885, 21096, 100
2026/08/05 10:18:37.888, 21096, 100
2026/08/05 10:18:38.890, 21096, 100
2026/08/05 10:18:39.893, 21096, 100
2026/08/05 10:18:40.895, 21096, 100
2026/08/05 10:18:41.897, 21096, 100
2026/08/05 10:18:42.899, 21096, 86
2026/08/05 10:18:43.902, 21096, 100
2026/08/05 10:18:44.903, 21096, 100
2026/08/05 10:18:45.905, 21096, 89
2026/08/05 10:18:46.906, 21096, 77
2026/08/05 10:18:47.907, 21096, 100
2026/08/05 10:18:48.909, 21096, 69
2026/08/05 10:18:49.911, 21096, 100
2026/08/05 10:18:50.912, 21096, 100
2026/08/05 10:18:51.913, 21096, 100
2026/08/05 10:18:52.915, 21096, 100
2026/08/05 10:18:53.917, 21096, 100
2026/08/05 10:18:54.918, 21096, 100
2026/08/05 10:18:55.920, 21096, 100
2026/08/05 10:18:56.921, 21096, 100
2026/08/05 10:18:57.923, 21096, 80
2026/08/05 10:18:58.924, 21096, 90
2026/08/05 10:18:59.926, 21096, 100
2026/08/05 10:19:00.927, 21096, 100
2026/08/05 10:19:01.928, 21096, 100
2026/08/05 10:19:02.930, 21096, 100
2026/08/05 10:19:03.931, 21096, 100
2026/08/05 10:19:04.932, 21096, 100
2026/08/05 10:19:05.933, 21096, 100
2026/08/05 10:19:06.935, 21096, 100
2026/08/05 10:19:07.936, 21096, 100
2026/08/05 10:19:08.938, 21096, 85
2026/08/05 10:19:09.939, 21096, 100
2026/08/05 10:19:10.941, 21096, 81
2026/08/05 10:19:11.942, 21096, 100
2026/08/05 10:19:12.944, 21096, 100
2026/08/05 10:19:13.945, 21096, 100
2026/08/05 10:19:14.946, 21096, 100
2026/08/05 10:19:15.948, 21096, 100
2026/08/05 10:19:16.949, 21096, 100
2026/08/05 10:19:17.951, 21096, 100
2026/08/05 10:19:18.951, 21096, 100
2026/08/05 10:19:19.952, 21096, 100
2026/08/05 10:19:20.954, 21096, 85
2026/08/05 10:19:21.956, 21096, 100
2026/08/05 10:19:22.956, 21096, 100
2026/08/05 10:19:23.958, 21096, 100
2026/08/05 10:19:24.959, 21096, 100
2026/08/05 10:19:25.960, 21096, 100
2026/08/05 10:19:26.961, 21096, 64
2026/08/05 10:19:27.963, 21096, 100
2026/08/05 10:19:28.964, 21096, 100
2026/08/05 10:19:29.965, 21096, 100
2026/08/05 10:19:30.967, 21096, 84
2026/08/05 10:19:31.968, 21096, 100
2026/08/05 10:19:32.970, 21096, 100
2026/08/05 10:19:33.971, 21096, 85
2026/08/05 10:19:34.972, 21096, 100
2026/08/05 10:19:35.974, 21096, 100
2026/08/05 10:19:36.975, 21096, 100
2026/08/05 10:19:37.976, 21096, 100
2026/08/05 10:19:38.978, 21096, 82
2026/08/05 10:19:39.979, 21096, 100
2026/08/05 10:19:40.980, 21096, 100
2026/08/05 10:19:41.982, 21096, 100
2026/08/05 10:19:42.983, 21096, 100
2026/08/05 10:19:43.984, 21096, 100
2026/08/05 10:19:44.986, 21096, 100
2026/08/05 10:19:45.987, 21096, 100
2026/08/05 10:19:46.988, 21096, 100
2026/08/05 10:19:47.989, 21096, 100
2026/08/05 10:19:48.991, 21096, 100
2026/08/05 10:19:49.992, 21096, 100
2026/08/05 10:19:50.993, 21096, 100
2026/08/05 10:19:51.994, 21096, 100
2026/08/05 10:19:52.996, 21096, 100
2026/08/05 10:19:53.997, 21096, 100
2026/08/05 10:19:54.998, 21096, 100
2026/08/05 10:19:56.000, 21096, 100
2026/08/05 10:19:57.001, 21096, 100
2026/08/05 10:19:58.003, 21096, 100
2026/08/05 10:19:59.004, 21096, 100
2026/08/05 10:20:00.006, 21096, 62
2026/08/05 10:20:01.007, 21096, 82
2026/08/05 10:20:02.008, 21096, 100
2026/08/05 10:20:03.010, 21096, 84
2026/08/05 10:20:04.011, 21096, 100
2026/08/05 10:20:05.012, 21096, 100
2026/08/05 10:20:06.014, 21096, 85
2026/08/05 10:20:07.015, 21096, 100
2026/08/05 10:20:08.017, 21096, 63
2026/08/05 10:20:09.018, 21096, 85
2026/08/05 10:20:10.019, 21096, 100
2026/08/05 10:20:11.020, 21096, 100
2026/08/05 10:20:12.021, 21096, 100
2026/08/05 10:20:13.021, 21096, 100
2026/08/05 10:20:14.023, 21096, 100
2026/08/05 10:20:15.024, 21096, 100
2026/08/05 10:20:16.025, 21096, 100
2026/08/05 10:20:17.026, 21096, 100
2026/08/05 10:20:18.027, 21096, 100
2026/08/05 10:20:19.028, 21096, 100
2026/08/05 10:20:20.030, 21096, 100
2026/08/05 10:20:21.031, 21096, 100
2026/08/05 10:20:22.032, 21096, 100
2026/08/05 10:20:23.034, 21096, 100
2026/08/05 10:20:24.035, 21096, 100
2026/08/05 10:20:25.036, 21096, 100
2026/08/05 10:20:26.037, 21096, 64
2026/08/05 10:20:27.039, 21096, 100
2026/08/05 10:20:28.040, 21096, 100
2026/08/05 10:20:29.041, 21096, 100
2026/08/05 10:20:30.043, 21096, 100
2026/08/05 10:20:31.044, 21096, 100
2026/08/05 10:20:32.046, 21096, 100
2026/08/05 10:20:33.047, 21096, 100
2026/08/05 10:20:34.048, 21096, 100
2026/08/05 10:20:35.050, 21096, 100
2026/08/05 10:20:36.051, 21096, 100
2026/08/05 10:20:37.052, 21096, 100
2026/08/05 10:20:38.053, 21096, 100
2026/08/05 10:20:39.055, 21096, 100
2026/08/05 10:20:40.056, 21096, 100
2026/08/05 10:20:41.057, 21096, 100
2026/08/05 10:20:42.058, 21096, 100
2026/08/05 10:20:43.059, 21096, 100
2026/08/05 10:20:44.060, 21096, 100
2026/08/05 10:20:45.062, 21096, 100
2026/08/05 10:20:46.063, 21096, 100
2026/08/05 10:20:47.065, 21096, 100
2026/08/05 10:20:48.066, 21096, 100
2026/08/05 10:20:49.067, 21096, 100
2026/08/05 10:20:50.068, 21096, 100
2026/08/05 10:20:51.070, 21096, 100
2026/08/05 10:20:52.071, 21096, 100
2026/08/05 10:20:53.073, 21096, 91
2026/08/05 10:20:54.074, 21096, 100
2026/08/05 10:20:55.075, 21096, 65
2026/08/05 10:20:56.077, 21096, 100
2026/08/05 10:20:57.078, 21096, 100
2026/08/05 10:20:58.079, 21096, 100
2026/08/05 10:20:59.080, 21096, 100
2026/08/05 10:21:00.081, 21096, 100
2026/08/05 10:21:01.082, 21096, 100
2026/08/05 10:21:02.084, 21096, 100
2026/08/05 10:21:03.084, 21096, 65
2026/08/05 10:21:04.085, 21096, 84
2026/08/05 10:21:05.087, 21096, 67
2026/08/05 10:21:06.088, 21096, 100
2026/08/05 10:21:07.089, 21096, 100
2026/08/05 10:21:08.090, 21096, 100
2026/08/05 10:21:09.092, 21096, 100
2026/08/05 10:21:10.093, 21096, 100
2026/08/05 10:21:11.094, 21096, 100
2026/08/05 10:21:12.095, 21096, 100
2026/08/05 10:21:13.096, 21096, 100
2026/08/05 10:21:14.097, 21096, 100
2026/08/05 10:21:15.098, 21096, 100
2026/08/05 10:21:16.101, 21096, 100
2026/08/05 10:21:17.102, 21096, 100
2026/08/05 10:21:18.103, 21096, 100
2026/08/05 10:21:19.104, 21096, 100
2026/08/05 10:21:20.105, 21096, 100
2026/08/05 10:21:21.106, 21096, 100
2026/08/05 10:21:22.107, 21096, 100
2026/08/05 10:21:23.107, 21096, 100
2026/08/05 10:21:24.107, 21096, 100
2026/08/05 10:21:25.109, 21096, 100
2026/08/05 10:21:26.109, 21096, 100
2026/08/05 10:21:27.109, 21096, 85
2026/08/05 10:21:28.109, 21096, 100
2026/08/05 10:21:29.110, 21096, 100
2026/08/05 10:21:30.110, 21096, 100
2026/08/05 10:21:31.110, 21096, 100
2026/08/05 10:21:32.110, 21096, 100
2026/08/05 10:21:33.111, 21096, 100
2026/08/05 10:21:34.111, 21096, 100
2026/08/05 10:21:35.113, 21096, 100
2026/08/05 10:21:36.113, 21096, 100
2026/08/05 10:21:37.113, 21096, 100
2026/08/05 10:21:38.113, 21096, 100
2026/08/05 10:21:39.114, 21096, 86
2026/08/05 10:21:40.114, 21096, 100
2026/08/05 10:21:41.114, 21096, 100
2026/08/05 10:21:42.114, 21096, 100
2026/08/05 10:21:43.115, 21096, 100
2026/08/05 10:21:44.115, 21096, 100
2026/08/05 10:21:45.115, 21096, 100
2026/08/05 10:21:46.115, 21096, 100
2026/08/05 10:21:47.115, 21096, 100
2026/08/05 10:21:48.116, 21096, 100
2026/08/05 10:21:49.116, 21096, 100
2026/08/05 10:21:50.116, 21096, 100
2026/08/05 10:21:51.117, 21096, 85
2026/08/05 10:21:52.117, 21096, 100
2026/08/05 10:21:53.117, 21096, 100
2026/08/05 10:21:54.117, 21096, 100
2026/08/05 10:21:55.117, 21096, 100
2026/08/05 10:21:56.118, 21096, 100
2026/08/05 10:21:57.118, 21096, 100
2026/08/05 10:21:58.118, 21096, 100
2026/08/05 10:21:59.118, 21096, 100
2026/08/05 10:22:00.118, 21096, 63
2026/08/05 10:22:01.119, 21096, 100
2026/08/05 10:22:02.119, 21096, 100
2026/08/05 10:22:03.119, 21096, 100
2026/08/05 10:22:04.119, 21096, 85
2026/08/05 10:22:05.120, 21096, 100
2026/08/05 10:22:06.120, 21096, 100
2026/08/05 10:22:07.120, 21096, 100
2026/08/05 10:22:08.120, 21096, 100
2026/08/05 10:22:09.120, 21096, 100
2026/08/05 10:22:10.121, 21096, 100
2026/08/05 10:22:11.121, 21096, 86
2026/08/05 10:22:12.121, 21096, 86
2026/08/05 10:22:13.121, 21096, 100
2026/08/05 10:22:14.122, 21096, 84
2026/08/05 10:22:15.124, 21096, 100
2026/08/05 10:22:16.125, 21096, 100
2026/08/05 10:22:17.125, 21096, 100
2026/08/05 10:22:18.125, 21096, 100
2026/08/05 10:22:19.125, 21096, 100
2026/08/05 10:22:20.126, 21096, 100
2026/08/05 10:22:21.126, 21096, 100
2026/08/05 10:22:22.126, 21096, 100
2026/08/05 10:22:23.127, 21096, 100
2026/08/05 10:22:24.127, 21096, 100
2026/08/05 10:22:25.128, 21096, 86
2026/08/05 10:22:26.128, 21096, 100
2026/08/05 10:22:27.129, 21096, 99
2026/08/05 10:22:28.129, 21096, 97
2026/08/05 10:22:29.129, 21096, 86
2026/08/05 10:22:30.130, 21096, 100
2026/08/05 10:22:31.130, 21096, 82
2026/08/05 10:22:32.130, 21096, 84
2026/08/05 10:22:33.130, 21096, 84
2026/08/05 10:22:34.131, 21096, 100
2026/08/05 10:22:35.131, 21096, 100
2026/08/05 10:22:36.131, 21096, 100
2026/08/05 10:22:37.132, 21096, 100
2026/08/05 10:22:38.132, 21096, 100
2026/08/05 10:22:39.132, 21096, 100
2026/08/05 10:22:40.133, 21096, 83
2026/08/05 10:22:41.134, 21096, 84
2026/08/05 10:22:42.134, 21096, 100
2026/08/05 10:22:43.134, 21096, 100
2026/08/05 10:22:44.135, 21096, 100
2026/08/05 10:22:45.135, 21096, 100
2026/08/05 10:22:46.135, 21096, 100
2026/08/05 10:22:47.136, 21096, 100
2026/08/05 10:22:48.136, 21096, 100
2026/08/05 10:22:49.136, 21096, 100
2026/08/05 10:22:50.136, 21096, 100
2026/08/05 10:22:51.136, 21096, 100
2026/08/05 10:22:52.137, 21096, 100
2026/08/05 10:22:53.137, 21096, 100
2026/08/05 10:22:54.137, 21096, 100
2026/08/05 10:22:55.137, 21096, 74
2026/08/05 10:22:56.138, 21096, 100
2026/08/05 10:22:57.138, 21096, 100
2026/08/05 10:22:58.138, 21096, 100
2026/08/05 10:22:59.138, 21096, 85
2026/08/05 10:23:00.141, 21096, 65
2026/08/05 10:23:01.141, 21096, 85
2026/08/05 10:23:02.141, 21096, 80
2026/08/05 10:23:03.141, 21096, 100
2026/08/05 10:23:04.142, 21096, 100
2026/08/05 10:23:05.142, 21096, 100
2026/08/05 10:23:06.142, 21096, 100
2026/08/05 10:23:07.142, 21096, 100
2026/08/05 10:23:08.142, 21096, 100
2026/08/05 10:23:09.143, 21096, 86
2026/08/05 10:23:10.145, 21096, 100
2026/08/05 10:23:11.145, 21096, 100
2026/08/05 10:23:12.145, 21096, 64
2026/08/05 10:23:13.146, 21096, 100
2026/08/05 10:23:14.146, 21096, 100
2026/08/05 10:23:15.146, 21096, 100
2026/08/05 10:23:16.146, 21096, 100
2026/08/05 10:23:17.147, 21096, 100
2026/08/05 10:23:18.147, 21096, 100
2026/08/05 10:23:19.147, 21096, 84
2026/08/05 10:23:20.148, 21096, 100
2026/08/05 10:23:21.148, 21096, 100
2026/08/05 10:23:22.148, 21096, 100
2026/08/05 10:23:23.149, 21096, 100
2026/08/05 10:23:24.149, 21096, 100
2026/08/05 10:23:25.149, 21096, 100
2026/08/05 10:23:26.150, 21096, 100
2026/08/05 10:23:27.150, 21096, 100
2026/08/05 10:23:28.150, 21096, 100
2026/08/05 10:23:29.151, 21096, 100
2026/08/05 10:23:30.151, 21096, 100
2026/08/05 10:23:31.153, 21096, 100
2026/08/05 10:23:32.157, 21096, 100
2026/08/05 10:23:33.162, 21096, 100
2026/08/05 10:23:34.166, 21096, 100
2026/08/05 10:23:35.171, 21096, 100
2026/08/05 10:23:36.175, 21096, 100
2026/08/05 10:23:37.180, 21096, 100
2026/08/05 10:23:38.184, 21096, 72
2026/08/05 10:23:39.188, 21096, 97
2026/08/05 10:23:40.191, 21096, 100
2026/08/05 10:23:41.195, 21096, 85
2026/08/05 10:23:42.199, 21096, 100
2026/08/05 10:23:43.202, 21096, 100
2026/08/05 10:23:44.206, 21096, 100
2026/08/05 10:23:45.209, 21096, 100
2026/08/05 10:23:46.213, 21096, 100
2026/08/05 10:23:47.216, 21096, 100
2026/08/05 10:23:48.220, 21096, 100
2026/08/05 10:23:49.223, 21096, 100
2026/08/05 10:23:50.227, 21096, 100
2026/08/05 10:23:51.229, 21096, 100
2026/08/05 10:23:52.233, 21096, 100
2026/08/05 10:23:53.236, 21096, 68
2026/08/05 10:23:54.240, 21096, 100
2026/08/05 10:23:55.244, 21096, 100
2026/08/05 10:23:56.246, 21096, 84
2026/08/05 10:23:57.248, 21096, 100
2026/08/05 10:23:58.251, 21096, 100
2026/08/05 10:23:59.253, 21096, 100
2026/08/05 10:24:00.256, 21096, 100
2026/08/05 10:24:01.258, 21096, 100
2026/08/05 10:24:02.261, 21096, 100
2026/08/05 10:24:03.264, 21096, 100
2026/08/05 10:24:04.266, 21096, 100
2026/08/05 10:24:05.268, 21096, 100
2026/08/05 10:24:06.271, 21096, 100
2026/08/05 10:24:07.273, 21096, 100
2026/08/05 10:24:08.276, 21096, 100
2026/08/05 10:24:09.279, 21096, 100
2026/08/05 10:24:10.281, 21096, 85
2026/08/05 10:24:11.284, 21096, 100
2026/08/05 10:24:12.286, 21096, 100
2026/08/05 10:24:13.289, 21096, 100
2026/08/05 10:24:14.291, 21096, 100
2026/08/05 10:24:15.294, 21096, 100
2026/08/05 10:24:16.296, 21096, 100
2026/08/05 10:24:17.299, 21096, 100
2026/08/05 10:24:18.301, 21096, 100
2026/08/05 10:24:19.304, 21096, 100
2026/08/05 10:24:20.305, 21096, 100
2026/08/05 10:24:21.308, 21096, 68
2026/08/05 10:24:22.310, 21096, 100
2026/08/05 10:24:23.313, 21096, 100
2026/08/05 10:24:24.315, 21096, 100
2026/08/05 10:24:25.318, 21096, 100
2026/08/05 10:24:26.319, 21096, 100
2026/08/05 10:24:27.321, 21096, 100
2026/08/05 10:24:28.322, 21096, 100
2026/08/05 10:24:29.323, 21096, 100
2026/08/05 10:24:30.325, 21096, 100
2026/08/05 10:24:31.326, 21096, 100
2026/08/05 10:24:32.327, 21096, 100
2026/08/05 10:24:33.329, 21096, 100
2026/08/05 10:24:34.330, 21096, 100
2026/08/05 10:24:35.331, 21096, 100
2026/08/05 10:24:36.333, 21096, 64
2026/08/05 10:24:37.334, 21096, 100
2026/08/05 10:24:38.336, 21096, 100
2026/08/05 10:24:39.337, 21096, 83
2026/08/05 10:24:40.339, 21096, 100
2026/08/05 10:24:41.340, 21096, 100
2026/08/05 10:24:42.341, 21096, 100
2026/08/05 10:24:43.343, 21096, 100
2026/08/05 10:24:44.344, 21096, 100
2026/08/05 10:24:45.346, 21096, 86
2026/08/05 10:24:46.347, 21096, 100
2026/08/05 10:24:47.349, 21096, 100
2026/08/05 10:24:48.350, 21096, 83
2026/08/05 10:24:49.352, 21096, 100
2026/08/05 10:24:50.353, 21096, 98
2026/08/05 10:24:51.354, 21096, 100
2026/08/05 10:24:52.356, 21096, 100
2026/08/05 10:24:53.357, 21096, 100
2026/08/05 10:24:54.358, 21096, 100
2026/08/05 10:24:55.360, 21096, 100
2026/08/05 10:24:56.361, 21096, 100
2026/08/05 10:24:57.363, 21096, 100
2026/08/05 10:24:58.364, 21096, 100
2026/08/05 10:24:59.365, 21096, 83
2026/08/05 10:25:00.367, 21096, 100
2026/08/05 10:25:01.368, 21096, 100
2026/08/05 10:25:02.370, 21096, 100
2026/08/05 10:25:03.371, 21096, 100
2026/08/05 10:25:04.372, 21096, 100
2026/08/05 10:25:05.374, 21096, 100
2026/08/05 10:25:06.375, 21096, 100
2026/08/05 10:25:07.377, 21096, 100
2026/08/05 10:25:08.378, 21096, 100
2026/08/05 10:25:09.379, 21096, 96
2026/08/05 10:25:10.381, 21096, 100
2026/08/05 10:25:11.382, 21096, 100
2026/08/05 10:25:12.383, 21096, 100
2026/08/05 10:25:13.385, 21096, 100
2026/08/05 10:25:14.386, 21096, 84
2026/08/05 10:25:15.387, 21096, 100
2026/08/05 10:25:16.389, 21096, 83
2026/08/05 10:25:17.391, 21096, 100
2026/08/05 10:25:18.392, 21096, 100
2026/08/05 10:25:19.394, 21096, 100
2026/08/05 10:25:20.395, 21096, 100
2026/08/05 10:25:21.397, 21096, 100
2026/08/05 10:25:22.398, 21096, 100
2026/08/05 10:25:23.400, 21096, 100
2026/08/05 10:25:24.401, 21096, 100
2026/08/05 10:25:25.402, 21096, 100
2026/08/05 10:25:26.404, 21096, 100
2026/08/05 10:25:27.405, 21096, 100
2026/08/05 10:25:28.407, 21096, 100
2026/08/05 10:25:29.408, 21096, 100
2026/08/05 10:25:30.410, 21096, 100
2026/08/05 10:25:31.411, 21096, 100
2026/08/05 10:25:32.412, 21096, 100
2026/08/05 10:25:33.413, 21096, 100
2026/08/05 10:25:34.415, 21096, 100
2026/08/05 10:25:35.416, 21096, 100
2026/08/05 10:25:36.417, 21096, 100
2026/08/05 10:25:37.419, 21096, 85
2026/08/05 10:25:38.420, 21096, 80
2026/08/05 10:25:39.422, 21096, 100
2026/08/05 10:25:40.423, 21096, 100
2026/08/05 10:25:41.424, 21096, 100
2026/08/05 10:25:42.425, 21096, 100
2026/08/05 10:25:43.427, 21096, 100
2026/08/05 10:25:44.428, 21096, 100
2026/08/05 10:25:45.430, 21096, 100
2026/08/05 10:25:46.433, 21096, 100
2026/08/05 10:25:47.435, 21096, 81
2026/08/05 10:25:48.436, 21096, 100
2026/08/05 10:25:49.437, 21096, 83
2026/08/05 10:25:50.439, 21096, 100
2026/08/05 10:25:51.439, 21096, 100
2026/08/05 10:25:52.441, 21096, 84
2026/08/05 10:25:53.442, 21096, 100
2026/08/05 10:25:54.443, 21096, 100
2026/08/05 10:25:55.444, 21096, 100
2026/08/05 10:25:56.446, 21096, 100
2026/08/05 10:25:57.447, 21096, 100
2026/08/05 10:25:58.448, 21096, 65
2026/08/05 10:25:59.450, 21096, 100
2026/08/05 10:26:00.451, 21096, 100
2026/08/05 10:26:01.452, 21096, 100
2026/08/05 10:26:02.453, 21096, 84
2026/08/05 10:26:03.454, 21096, 100
2026/08/05 10:26:04.456, 21096, 100
2026/08/05 10:26:05.457, 21096, 100
2026/08/05 10:26:06.458, 21096, 65
2026/08/05 10:26:07.460, 21096, 100
2026/08/05 10:26:08.461, 21096, 62
2026/08/05 10:26:09.462, 21096, 86
2026/08/05 10:26:10.463, 21096, 100
2026/08/05 10:26:11.465, 21096, 100
2026/08/05 10:26:12.466, 21096, 100
2026/08/05 10:26:13.467, 21096, 100
2026/08/05 10:26:14.469, 21096, 100
2026/08/05 10:26:15.470, 21096, 100
2026/08/05 10:26:16.471, 21096, 100
2026/08/05 10:26:17.473, 21096, 100
2026/08/05 10:26:18.474, 21096, 100
2026/08/05 10:26:19.475, 21096, 100
2026/08/05 10:26:20.477, 21096, 100
2026/08/05 10:26:21.478, 21096, 100
2026/08/05 10:26:22.479, 21096, 100
2026/08/05 10:26:23.481, 21096, 100
2026/08/05 10:26:24.482, 21096, 100
2026/08/05 10:26:25.483, 21096, 100
2026/08/05 10:26:26.485, 21096, 100
2026/08/05 10:26:27.486, 21096, 92
2026/08/05 10:26:28.487, 21096, 100
2026/08/05 10:26:29.488, 21096, 83
2026/08/05 10:26:30.490, 21096, 100
2026/08/05 10:26:31.491, 21096, 100
2026/08/05 10:26:32.492, 21096, 62
2026/08/05 10:26:33.494, 21096, 100
2026/08/05 10:26:34.495, 21096, 100
2026/08/05 10:26:35.497, 21096, 100
2026/08/05 10:26:36.498, 21096, 84
2026/08/05 10:26:37.499, 21096, 100
2026/08/05 10:26:38.501, 21096, 100
2026/08/05 10:26:39.502, 21096, 100
2026/08/05 10:26:40.504, 21096, 100
2026/08/05 10:26:41.505, 21096, 100
2026/08/05 10:26:42.506, 21096, 100
2026/08/05 10:26:43.507, 21096, 100
2026/08/05 10:26:44.508, 21096, 100
2026/08/05 10:26:45.508, 21096, 100
2026/08/05 10:26:46.508, 21096, 67
2026/08/05 10:26:47.508, 21096, 100
2026/08/05 10:26:48.509, 21096, 100
2026/08/05 10:26:49.509, 21096, 100
2026/08/05 10:26:50.509, 21096, 100
2026/08/05 10:26:51.509, 21096, 84
2026/08/05 10:26:52.510, 21096, 100
2026/08/05 10:26:53.510, 21096, 100
2026/08/05 10:26:54.510, 21096, 63
2026/08/05 10:26:55.510, 21096, 100
2026/08/05 10:26:56.511, 21096, 100
2026/08/05 10:26:57.511, 21096, 84
2026/08/05 10:26:58.511, 21096, 83
2026/08/05 10:26:59.511, 21096, 100
2026/08/05 10:27:00.512, 21096, 84
2026/08/05 10:27:01.512, 21096, 100
2026/08/05 10:27:02.512, 21096, 78
2026/08/05 10:27:03.512, 21096, 100
2026/08/05 10:27:04.512, 21096, 100
2026/08/05 10:27:05.513, 21096, 100
2026/08/05 10:27:06.513, 21096, 100
2026/08/05 10:27:07.513, 21096, 100
2026/08/05 10:27:08.513, 21096, 100
2026/08/05 10:27:09.514, 21096, 100
2026/08/05 10:27:10.514, 21096, 100
2026/08/05 10:27:11.514, 21096, 100
2026/08/05 10:27:12.515, 21096, 100
2026/08/05 10:27:13.515, 21096, 100
2026/08/05 10:27:14.515, 21096, 100
2026/08/05 10:27:15.515, 21096, 100
2026/08/05 10:27:16.515, 21096, 100
2026/08/05 10:27:17.516, 21096, 84
2026/08/05 10:27:18.517, 21096, 84
2026/08/05 10:27:19.517, 21096, 100
2026/08/05 10:27:20.518, 21096, 100
2026/08/05 10:27:21.518, 21096, 100
2026/08/05 10:27:22.518, 21096, 100
2026/08/05 10:27:23.518, 21096, 100
2026/08/05 10:27:24.519, 21096, 100
2026/08/05 10:27:25.519, 21096, 76
2026/08/05 10:27:26.519, 21096, 100
2026/08/05 10:27:27.520, 21096, 84
2026/08/05 10:27:28.520, 21096, 100
2026/08/05 10:27:29.520, 21096, 100
2026/08/05 10:27:30.521, 21096, 100
2026/08/05 10:27:31.521, 21096, 100
2026/08/05 10:27:32.521, 21096, 100
2026/08/05 10:27:33.521, 21096, 100
2026/08/05 10:27:34.521, 21096, 100
2026/08/05 10:27:35.522, 21096, 100
2026/08/05 10:27:36.522, 21096, 100
2026/08/05 10:27:37.522, 21096, 100
2026/08/05 10:27:38.523, 21096, 84
2026/08/05 10:27:39.523, 21096, 84
2026/08/05 10:27:40.523, 21096, 100
2026/08/05 10:27:41.524, 21096, 100
2026/08/05 10:27:42.524, 21096, 100
2026/08/05 10:27:43.524, 21096, 100
2026/08/05 10:27:44.524, 21096, 100
2026/08/05 10:27:45.525, 21096, 100
2026/08/05 10:27:46.525, 21096, 100
2026/08/05 10:27:47.525, 21096, 86
2026/08/05 10:27:48.525, 21096, 100
2026/08/05 10:27:49.525, 21096, 100
2026/08/05 10:27:50.526, 21096, 100
2026/08/05 10:27:51.526, 21096, 100
2026/08/05 10:27:52.526, 21096, 84
2026/08/05 10:27:53.527, 21096, 100
2026/08/05 10:27:54.528, 21096, 100
2026/08/05 10:27:55.528, 21096, 100
2026/08/05 10:27:56.528, 21096, 94
2026/08/05 10:27:57.528, 21096, 100
2026/08/05 10:27:58.529, 21096, 100
2026/08/05 10:27:59.529, 21096, 100
2026/08/05 10:28:00.529, 21096, 100
2026/08/05 10:28:01.529, 21096, 100
2026/08/05 10:28:02.530, 21096, 100
2026/08/05 10:28:03.530, 21096, 100
2026/08/05 10:28:04.530, 21096, 100
2026/08/05 10:28:05.530, 21096, 100
2026/08/05 10:28:06.531, 21096, 100
2026/08/05 10:28:07.531, 21096, 100
2026/08/05 10:28:08.531, 21096, 100
2026/08/05 10:28:09.531, 21096, 100
2026/08/05 10:28:10.531, 21096, 100
2026/08/05 10:28:11.532, 21096, 100
2026/08/05 10:28:12.532, 21096, 85
2026/08/05 10:28:13.532, 21096, 100
2026/08/05 10:28:14.532, 21096, 100
2026/08/05 10:28:15.532, 21096, 100
2026/08/05 10:28:16.533, 21096, 100
2026/08/05 10:28:17.533, 21096, 85
2026/08/05 10:28:18.533, 21096, 100
2026/08/05 10:28:19.533, 21096, 100
2026/08/05 10:28:20.533, 21096, 100
2026/08/05 10:28:21.537, 21096, 66
2026/08/05 10:28:22.542, 21096, 100
2026/08/05 10:28:23.549, 21096, 70
2026/08/05 10:28:24.554, 21096, 100
2026/08/05 10:28:25.559, 21096, 100
2026/08/05 10:28:26.564, 21096, 86
2026/08/05 10:28:27.568, 21096, 100
2026/08/05 10:28:28.573, 21096, 100
2026/08/05 10:28:29.577, 21096, 100
2026/08/05 10:28:30.580, 21096, 100
2026/08/05 10:28:31.584, 21096, 100
2026/08/05 10:28:32.587, 21096, 100
2026/08/05 10:28:33.590, 21096, 100
2026/08/05 10:28:34.594, 21096, 100
2026/08/05 10:28:35.597, 21096, 100
2026/08/05 10:28:36.601, 21096, 100
2026/08/05 10:28:37.603, 21096, 100
2026/08/05 10:28:38.606, 21096, 100
2026/08/05 10:28:39.608, 21096, 100
2026/08/05 10:28:40.611, 21096, 100
2026/08/05 10:28:41.613, 21096, 100
2026/08/05 10:28:42.616, 21096, 100
2026/08/05 10:28:43.618, 21096, 100
2026/08/05 10:28:44.620, 21096, 100
2026/08/05 10:28:45.623, 21096, 100
2026/08/05 10:28:46.625, 21096, 100
2026/08/05 10:28:47.627, 21096, 100
2026/08/05 10:28:48.629, 21096, 100
2026/08/05 10:28:49.631, 21096, 100
2026/08/05 10:28:50.632, 21096, 100
2026/08/05 10:28:51.634, 21096, 65
2026/08/05 10:28:52.635, 21096, 100
2026/08/05 10:28:53.636, 21096, 100
2026/08/05 10:28:54.637, 21096, 85
2026/08/05 10:28:55.639, 21096, 86
2026/08/05 10:28:56.640, 21096, 100
2026/08/05 10:28:57.641, 21096, 100
2026/08/05 10:28:58.643, 21096, 66
2026/08/05 10:28:59.644, 21096, 100
2026/08/05 10:29:00.645, 21096, 100
2026/08/05 10:29:01.647, 21096, 100
2026/08/05 10:29:02.648, 21096, 100
2026/08/05 10:29:03.650, 21096, 100
2026/08/05 10:29:04.651, 21096, 100
2026/08/05 10:29:05.652, 21096, 100
2026/08/05 10:29:06.654, 21096, 100
2026/08/05 10:29:07.655, 21096, 100
2026/08/05 10:29:08.656, 21096, 99
2026/08/05 10:29:09.658, 21096, 100
2026/08/05 10:29:10.659, 21096, 100
2026/08/05 10:29:11.660, 21096, 85
2026/08/05 10:29:12.662, 21096, 100
2026/08/05 10:29:13.663, 21096, 100
2026/08/05 10:29:14.664, 21096, 100
2026/08/05 10:29:15.666, 21096, 100
2026/08/05 10:29:16.667, 21096, 100
2026/08/05 10:29:17.668, 21096, 100
2026/08/05 10:29:18.670, 21096, 100
2026/08/05 10:29:19.671, 21096, 100
2026/08/05 10:29:20.672, 21096, 100
2026/08/05 10:29:21.674, 21096, 100
2026/08/05 10:29:22.675, 21096, 100
2026/08/05 10:29:23.676, 21096, 84
2026/08/05 10:29:24.678, 21096, 100
2026/08/05 10:29:25.678, 21096, 100
2026/08/05 10:29:26.678, 21096, 100
2026/08/05 10:29:27.678, 21096, 86
2026/08/05 10:29:28.679, 21096, 100
2026/08/05 10:29:29.679, 21096, 100
2026/08/05 10:29:30.679, 21096, 84
2026/08/05 10:29:31.679, 21096, 100
2026/08/05 10:29:32.679, 21096, 100
2026/08/05 10:29:33.680, 21096, 100
2026/08/05 10:29:34.680, 21096, 100
2026/08/05 10:29:35.680, 21096, 100
2026/08/05 10:29:36.680, 21096, 100
2026/08/05 10:29:37.680, 21096, 100
2026/08/05 10:29:38.681, 21096, 100
2026/08/05 10:29:39.681, 21096, 100
2026/08/05 10:29:40.681, 21096, 100
2026/08/05 10:29:41.681, 21096, 84
2026/08/05 10:29:42.682, 21096, 100
2026/08/05 10:29:43.682, 21096, 100
2026/08/05 10:29:44.682, 21096, 100
2026/08/05 10:29:45.683, 21096, 100
2026/08/05 10:29:46.683, 21096, 100
2026/08/05 10:29:47.683, 21096, 100
2026/08/05 10:29:48.683, 21096, 100
2026/08/05 10:29:49.683, 21096, 100
2026/08/05 10:29:50.684, 21096, 100
2026/08/05 10:29:51.684, 21096, 100
2026/08/05 10:29:52.684, 21096, 100
2026/08/05 10:29:53.684, 21096, 100
2026/08/05 10:29:54.684, 21096, 88
2026/08/05 10:29:55.685, 21096, 85
2026/08/05 10:29:56.685, 21096, 65
2026/08/05 10:29:57.685, 21096, 100
2026/08/05 10:29:58.685, 21096, 100
2026/08/05 10:29:59.686, 21096, 83
2026/08/05 10:30:00.686, 21096, 100
2026/08/05 10:30:01.686, 21096, 84
2026/08/05 10:30:02.687, 21096, 100
2026/08/05 10:30:03.687, 21096, 100
2026/08/05 10:30:04.687, 21096, 83
2026/08/05 10:30:05.687, 21096, 84
2026/08/05 10:30:06.688, 21096, 82
2026/08/05 10:30:07.688, 21096, 68
2026/08/05 10:30:08.688, 21096, 100
2026/08/05 10:30:09.688, 21096, 100
2026/08/05 10:30:10.688, 21096, 100
2026/08/05 10:30:11.689, 21096, 100
2026/08/05 10:30:12.689, 21096, 100
2026/08/05 10:30:13.689, 21096, 83
2026/08/05 10:30:14.689, 21096, 100
2026/08/05 10:30:15.689, 21096, 100
2026/08/05 10:30:16.690, 21096, 64
2026/08/05 10:30:17.690, 21096, 100
2026/08/05 10:30:18.690, 21096, 91
2026/08/05 10:30:19.690, 21096, 100
2026/08/05 10:30:20.691, 21096, 100
2026/08/05 10:30:21.691, 21096, 100
2026/08/05 10:30:22.691, 21096, 100
2026/08/05 10:30:23.691, 21096, 100
2026/08/05 10:30:24.692, 21096, 100
2026/08/05 10:30:25.692, 21096, 100
2026/08/05 10:30:26.692, 21096, 100
2026/08/05 10:30:27.693, 21096, 100
2026/08/05 10:30:28.693, 21096, 100
2026/08/05 10:30:29.693, 21096, 100
2026/08/05 10:30:30.694, 21096, 100
2026/08/05 10:30:31.711, 21096, 100
2026/08/05 10:30:32.734, 21096, 63
2026/08/05 10:30:33.754, 21096, 100
2026/08/05 10:30:34.771, 21096, 100
2026/08/05 10:30:35.787, 21096, 100
2026/08/05 10:30:36.800, 21096, 100
2026/08/05 10:30:37.812, 21096, 100
2026/08/05 10:30:38.823, 21096, 100
2026/08/05 10:30:39.833, 21096, 100
2026/08/05 10:30:40.842, 21096, 100
2026/08/05 10:30:41.849, 21096, 100
2026/08/05 10:30:42.856, 21096, 100
2026/08/05 10:30:43.862, 21096, 100
2026/08/05 10:30:44.867, 21096, 100
2026/08/05 10:30:45.872, 21096, 100
2026/08/05 10:30:46.876, 21096, 100
2026/08/05 10:30:47.881, 21096, 100
2026/08/05 10:30:48.884, 21096, 100
2026/08/05 10:30:49.888, 21096, 100
2026/08/05 10:30:50.891, 21096, 100
2026/08/05 10:30:51.894, 21096, 100
2026/08/05 10:30:52.897, 21096, 100
2026/08/05 10:30:53.899, 21096, 100
2026/08/05 10:30:54.902, 21096, 96
2026/08/05 10:30:55.904, 21096, 100
2026/08/05 10:30:56.907, 21096, 85
2026/08/05 10:30:57.909, 21096, 100
2026/08/05 10:30:58.911, 21096, 100
2026/08/05 10:30:59.913, 21096, 100
2026/08/05 10:31:00.914, 21096, 100
2026/08/05 10:31:01.916, 21096, 100
2026/08/05 10:31:02.917, 21096, 100
2026/08/05 10:31:03.917, 21096, 100
2026/08/05 10:31:04.917, 21096, 100
2026/08/05 10:31:05.918, 21096, 100
2026/08/05 10:31:06.918, 21096, 100
2026/08/05 10:31:07.918, 21096, 100
2026/08/05 10:31:08.919, 21096, 100
2026/08/05 10:31:09.919, 21096, 100
2026/08/05 10:31:10.919, 21096, 100
2026/08/05 10:31:11.919, 21096, 100
2026/08/05 10:31:12.920, 21096, 85
2026/08/05 10:31:13.920, 21096, 100
2026/08/05 10:31:14.921, 21096, 100
2026/08/05 10:31:15.921, 21096, 100
2026/08/05 10:31:16.921, 21096, 80
2026/08/05 10:31:17.922, 21096, 100
2026/08/05 10:31:18.922, 21096, 92
2026/08/05 10:31:19.922, 21096, 94
2026/08/05 10:31:20.923, 21096, 100
2026/08/05 10:31:21.923, 21096, 100
2026/08/05 10:31:22.923, 21096, 100
2026/08/05 10:31:23.924, 21096, 100
2026/08/05 10:31:24.924, 21096, 100
2026/08/05 10:31:25.924, 21096, 84
2026/08/05 10:31:26.925, 21096, 100
2026/08/05 10:31:27.925, 21096, 100
2026/08/05 10:31:28.925, 21096, 100
2026/08/05 10:31:29.925, 21096, 99
2026/08/05 10:31:30.926, 21096, 100
2026/08/05 10:31:31.926, 21096, 100
2026/08/05 10:31:32.926, 21096, 91
2026/08/05 10:31:33.926, 21096, 100
2026/08/05 10:31:34.927, 21096, 100
2026/08/05 10:31:35.927, 21096, 100
2026/08/05 10:31:36.927, 21096, 100
2026/08/05 10:31:37.928, 21096, 100
2026/08/05 10:31:38.928, 21096, 83
2026/08/05 10:31:39.928, 21096, 100
2026/08/05 10:31:40.928, 21096, 100
2026/08/05 10:31:41.928, 21096, 100
2026/08/05 10:31:42.929, 21096, 100
2026/08/05 10:31:43.929, 21096, 100
2026/08/05 10:31:44.929, 21096, 100
2026/08/05 10:31:45.930, 21096, 100
2026/08/05 10:31:46.930, 21096, 100
2026/08/05 10:31:47.930, 21096, 100
2026/08/05 10:31:48.930, 21096, 100
2026/08/05 10:31:49.931, 21096, 100
2026/08/05 10:31:50.931, 21096, 100
2026/08/05 10:31:51.931, 21096, 100
2026/08/05 10:31:52.931, 21096, 81
2026/08/05 10:31:53.932, 21096, 100
2026/08/05 10:31:54.932, 21096, 100
2026/08/05 10:31:55.932, 21096, 100
2026/08/05 10:31:56.933, 21096, 100
2026/08/05 10:31:57.933, 21096, 100
2026/08/05 10:31:58.933, 21096, 100
2026/08/05 10:31:59.933, 21096, 100
2026/08/05 10:32:00.934, 21096, 100
2026/08/05 10:32:01.934, 21096, 100
2026/08/05 10:32:02.934, 21096, 100
2026/08/05 10:32:03.934, 21096, 100
2026/08/05 10:32:04.935, 21096, 100
2026/08/05 10:32:05.935, 21096, 100
2026/08/05 10:32:06.935, 21096, 83
2026/08/05 10:32:07.935, 21096, 100
2026/08/05 10:32:08.935, 21096, 100
2026/08/05 10:32:09.937, 21096, 100
2026/08/05 10:32:10.938, 21096, 100
2026/08/05 10:32:11.940, 21096, 100
2026/08/05 10:32:12.942, 21096, 84
2026/08/05 10:32:13.943, 21096, 100
2026/08/05 10:32:14.945, 21096, 100
2026/08/05 10:32:15.946, 21096, 100
2026/08/05 10:32:16.948, 21096, 100
2026/08/05 10:32:17.949, 21096, 100
2026/08/05 10:32:18.951, 21096, 81
2026/08/05 10:32:19.952, 21096, 100
2026/08/05 10:32:20.954, 21096, 100
2026/08/05 10:32:21.954, 21096, 100
2026/08/05 10:32:22.955, 21096, 100
2026/08/05 10:32:23.955, 21096, 100
2026/08/05 10:32:24.955, 21096, 100
2026/08/05 10:32:25.956, 21096, 100
2026/08/05 10:32:26.956, 21096, 84
2026/08/05 10:32:27.956, 21096, 100
2026/08/05 10:32:28.957, 21096, 100
2026/08/05 10:32:29.957, 21096, 100
2026/08/05 10:32:30.957, 21096, 100
2026/08/05 10:32:31.958, 21096, 100
2026/08/05 10:32:32.958, 21096, 100
2026/08/05 10:32:33.959, 21096, 100
2026/08/05 10:32:34.959, 21096, 84
2026/08/05 10:32:35.959, 21096, 100
2026/08/05 10:32:36.960, 21096, 100
2026/08/05 10:32:37.960, 21096, 68
2026/08/05 10:32:38.960, 21096, 100
2026/08/05 10:32:39.961, 21096, 100
2026/08/05 10:32:40.961, 21096, 88
2026/08/05 10:32:41.962, 21096, 100
2026/08/05 10:32:42.962, 21096, 100
2026/08/05 10:32:43.962, 21096, 100
2026/08/05 10:32:44.963, 21096, 82
2026/08/05 10:32:45.963, 21096, 100
2026/08/05 10:32:46.963, 21096, 100
2026/08/05 10:32:47.964, 21096, 100
2026/08/05 10:32:48.964, 21096, 100
2026/08/05 10:32:49.964, 21096, 100
2026/08/05 10:32:50.964, 21096, 100
2026/08/05 10:32:51.965, 21096, 100
2026/08/05 10:32:52.965, 21096, 100
2026/08/05 10:32:53.965, 21096, 100
2026/08/05 10:32:54.966, 21096, 100
2026/08/05 10:32:55.966, 21096, 100
2026/08/05 10:32:56.966, 21096, 100
2026/08/05 10:32:57.966, 21096, 100
2026/08/05 10:32:58.967, 21096, 100
2026/08/05 10:32:59.967, 21096, 100
2026/08/05 10:33:00.967, 21096, 100
2026/08/05 10:33:01.968, 21096, 100
2026/08/05 10:33:02.968, 21096, 92
2026/08/05 10:33:03.968, 21096, 100
2026/08/05 10:33:04.968, 21096, 100
2026/08/05 10:33:05.969, 21096, 100
2026/08/05 10:33:06.969, 21096, 100
2026/08/05 10:33:07.969, 21096, 100
2026/08/05 10:33:08.970, 21096, 100
2026/08/05 10:33:09.970, 21096, 64
2026/08/05 10:33:10.970, 21096, 100
2026/08/05 10:33:11.970, 21096, 85
2026/08/05 10:33:12.971, 21096, 100
2026/08/05 10:33:13.971, 21096, 100
2026/08/05 10:33:14.971, 21096, 100
2026/08/05 10:33:15.971, 21096, 100
2026/08/05 10:33:16.972, 21096, 100
2026/08/05 10:33:17.972, 21096, 100
2026/08/05 10:33:18.972, 21096, 100
2026/08/05 10:33:19.972, 21096, 100
2026/08/05 10:33:20.973, 21096, 86
2026/08/05 10:33:21.973, 21096, 100
2026/08/05 10:33:22.973, 21096, 100
2026/08/05 10:33:23.973, 21096, 100
2026/08/05 10:33:24.974, 21096, 100
2026/08/05 10:33:25.974, 21096, 100
2026/08/05 10:33:26.974, 21096, 100
2026/08/05 10:33:27.974, 21096, 100
2026/08/05 10:33:28.976, 21096, 100
2026/08/05 10:33:29.998, 21096, 100
2026/08/05 10:33:31.017, 21096, 100
2026/08/05 10:33:32.035, 21096, 84
2026/08/05 10:33:33.051, 21096, 100
2026/08/05 10:33:34.065, 21096, 100
2026/08/05 10:33:35.077, 21096, 65
2026/08/05 10:33:36.087, 21096, 85
2026/08/05 10:33:37.097, 21096, 100
2026/08/05 10:33:38.106, 21096, 100
2026/08/05 10:33:39.114, 21096, 100
2026/08/05 10:33:40.120, 21096, 100
2026/08/05 10:33:41.127, 21096, 100
2026/08/05 10:33:42.132, 21096, 100
2026/08/05 10:33:43.137, 21096, 100
2026/08/05 10:33:44.141, 21096, 100
2026/08/05 10:33:45.146, 21096, 100
2026/08/05 10:33:46.149, 21096, 100
2026/08/05 10:33:47.152, 21096, 100
2026/08/05 10:33:48.156, 21096, 100
2026/08/05 10:33:49.159, 21096, 100
2026/08/05 10:33:50.161, 21096, 100
2026/08/05 10:33:51.164, 21096, 100
2026/08/05 10:33:52.166, 21096, 84
2026/08/05 10:33:53.169, 21096, 100
2026/08/05 10:33:54.171, 21096, 84
2026/08/05 10:33:55.174, 21096, 100
2026/08/05 10:33:56.176, 21096, 100
2026/08/05 10:33:57.177, 21096, 85
2026/08/05 10:33:58.179, 21096, 100
2026/08/05 10:33:59.180, 21096, 100
2026/08/05 10:34:00.181, 21096, 79
2026/08/05 10:34:01.181, 21096, 100
2026/08/05 10:34:02.182, 21096, 81
2026/08/05 10:34:03.182, 21096, 100
2026/08/05 10:34:04.182, 21096, 100
2026/08/05 10:34:05.182, 21096, 100
2026/08/05 10:34:06.183, 21096, 100
2026/08/05 10:34:07.183, 21096, 100
2026/08/05 10:34:08.183, 21096, 84
2026/08/05 10:34:09.183, 21096, 100
2026/08/05 10:34:10.183, 21096, 100
2026/08/05 10:34:11.184, 21096, 100
2026/08/05 10:34:12.184, 21096, 100
2026/08/05 10:34:13.184, 21096, 100
2026/08/05 10:34:14.184, 21096, 100
2026/08/05 10:34:15.186, 21096, 100
2026/08/05 10:34:16.187, 21096, 100
2026/08/05 10:34:17.187, 21096, 100
2026/08/05 10:34:18.187, 21096, 100
2026/08/05 10:34:19.187, 21096, 100
2026/08/05 10:34:20.188, 21096, 100
2026/08/05 10:34:21.188, 21096, 100
2026/08/05 10:34:22.188, 21096, 100
2026/08/05 10:34:23.188, 21096, 100
2026/08/05 10:34:24.189, 21096, 100
2026/08/05 10:34:25.189, 21096, 100
2026/08/05 10:34:26.189, 21096, 100
2026/08/05 10:34:27.189, 21096, 86
2026/08/05 10:34:28.190, 21096, 100
2026/08/05 10:34:29.190, 21096, 100
2026/08/05 10:34:30.190, 21096, 100
2026/08/05 10:34:31.190, 21096, 100
2026/08/05 10:34:32.190, 21096, 100
2026/08/05 10:34:33.192, 21096, 85
2026/08/05 10:34:34.204, 21096, 100
2026/08/05 10:34:35.215, 21096, 86
2026/08/05 10:34:36.224, 21096, 100
2026/08/05 10:34:37.232, 21096, 95
2026/08/05 10:34:38.240, 21096, 96
2026/08/05 10:34:39.247, 21096, 100
2026/08/05 10:34:40.253, 21096, 100
2026/08/05 10:34:41.259, 21096, 84
2026/08/05 10:34:42.263, 21096, 84
2026/08/05 10:34:43.267, 21096, 100
2026/08/05 10:34:44.271, 21096, 100
2026/08/05 10:34:45.275, 21096, 100
2026/08/05 10:34:46.278, 21096, 100
2026/08/05 10:34:47.282, 21096, 100
2026/08/05 10:34:48.285, 21096, 100
2026/08/05 10:34:49.287, 21096, 85
2026/08/05 10:34:50.290, 21096, 100
2026/08/05 10:34:51.292, 21096, 100
2026/08/05 10:34:52.294, 21096, 100
2026/08/05 10:34:53.296, 21096, 99
2026/08/05 10:34:54.299, 21096, 100
2026/08/05 10:34:55.300, 21096, 100
2026/08/05 10:34:56.302, 21096, 82
2026/08/05 10:34:57.303, 21096, 100
2026/08/05 10:34:58.305, 21096, 69
2026/08/05 10:34:59.306, 21096, 85
2026/08/05 10:35:00.307, 21096, 100
2026/08/05 10:35:01.308, 21096, 100
2026/08/05 10:35:02.310, 21096, 100
2026/08/05 10:35:03.311, 21096, 100
2026/08/05 10:35:04.312, 21096, 100
2026/08/05 10:35:05.314, 21096, 83
2026/08/05 10:35:06.314, 21096, 66
2026/08/05 10:35:07.315, 21096, 88
2026/08/05 10:35:08.315, 21096, 100
2026/08/05 10:35:09.315, 21096, 100
2026/08/05 10:35:10.315, 21096, 93
2026/08/05 10:35:11.316, 21096, 100
2026/08/05 10:35:12.316, 21096, 85
2026/08/05 10:35:13.316, 21096, 100
2026/08/05 10:35:14.316, 21096, 100
2026/08/05 10:35:15.317, 21096, 97
2026/08/05 10:35:16.317, 21096, 84
2026/08/05 10:35:17.317, 21096, 100
2026/08/05 10:35:18.317, 21096, 100
2026/08/05 10:35:19.318, 21096, 100
2026/08/05 10:35:20.318, 21096, 100
2026/08/05 10:35:21.318, 21096, 100
2026/08/05 10:35:22.318, 21096, 100
2026/08/05 10:35:23.318, 21096, 100
2026/08/05 10:35:24.319, 21096, 100
2026/08/05 10:35:25.319, 21096, 100
2026/08/05 10:35:26.319, 21096, 100
2026/08/05 10:35:27.319, 21096, 100
2026/08/05 10:35:28.319, 21096, 100
2026/08/05 10:35:29.320, 21096, 100
2026/08/05 10:35:30.320, 21096, 100
2026/08/05 10:35:31.320, 21096, 100
2026/08/05 10:35:32.321, 21096, 100
2026/08/05 10:35:33.321, 21096, 100
2026/08/05 10:35:34.321, 21096, 100
2026/08/05 10:35:35.321, 21096, 100
2026/08/05 10:35:36.322, 21096, 89
2026/08/05 10:35:37.322, 21096, 100
2026/08/05 10:35:38.322, 21096, 100
2026/08/05 10:35:39.331, 21096, 83
2026/08/05 10:35:40.358, 21096, 100
2026/08/05 10:35:41.382, 21096, 100
2026/08/05 10:35:42.402, 21096, 100
2026/08/05 10:35:43.419, 21096, 100
2026/08/05 10:35:44.435, 21096, 100
2026/08/05 10:35:45.448, 21096, 100
2026/08/05 10:35:46.461, 21096, 100
2026/08/05 10:35:47.471, 21096, 100
2026/08/05 10:35:48.480, 21096, 100
2026/08/05 10:35:49.489, 21096, 100
2026/08/05 10:35:50.497, 21096, 100
2026/08/05 10:35:51.503, 21096, 100
2026/08/05 10:35:52.509, 21096, 100
2026/08/05 10:35:53.515, 21096, 100
2026/08/05 10:35:54.519, 21096, 100
2026/08/05 10:35:55.524, 21096, 100
2026/08/05 10:35:56.528, 21096, 100
2026/08/05 10:35:57.532, 21096, 100
2026/08/05 10:35:58.536, 21096, 100
2026/08/05 10:35:59.539, 21096, 100
2026/08/05 10:36:00.542, 21096, 100
2026/08/05 10:36:01.545, 21096, 100
2026/08/05 10:36:02.547, 21096, 100
2026/08/05 10:36:03.550, 21096, 100
2026/08/05 10:36:04.553, 21096, 100
2026/08/05 10:36:05.555, 21096, 86
2026/08/05 10:36:06.557, 21096, 100
2026/08/05 10:36:07.558, 21096, 100
2026/08/05 10:36:08.560, 21096, 63
2026/08/05 10:36:09.562, 21096, 100
2026/08/05 10:36:10.563, 21096, 100
2026/08/05 10:36:11.564, 21096, 100
2026/08/05 10:36:12.565, 21096, 100
2026/08/05 10:36:13.565, 21096, 100
2026/08/05 10:36:14.566, 21096, 100
2026/08/05 10:36:15.566, 21096, 100
2026/08/05 10:36:16.566, 21096, 100
2026/08/05 10:36:17.566, 21096, 100
2026/08/05 10:36:18.567, 21096, 100
2026/08/05 10:36:19.567, 21096, 100
2026/08/05 10:36:20.567, 21096, 100
2026/08/05 10:36:21.567, 21096, 100
2026/08/05 10:36:22.568, 21096, 65
2026/08/05 10:36:23.568, 21096, 100
2026/08/05 10:36:24.568, 21096, 100
2026/08/05 10:36:25.568, 21096, 100
2026/08/05 10:36:26.569, 21096, 100
2026/08/05 10:36:27.569, 21096, 85
2026/08/05 10:36:28.569, 21096, 90
2026/08/05 10:36:29.569, 21096, 100
2026/08/05 10:36:30.570, 21096, 100
2026/08/05 10:36:31.570, 21096, 100
2026/08/05 10:36:32.570, 21096, 100
2026/08/05 10:36:33.570, 21096, 100
2026/08/05 10:36:34.570, 21096, 100
2026/08/05 10:36:35.571, 21096, 85
2026/08/05 10:36:36.571, 21096, 100
2026/08/05 10:36:37.571, 21096, 100
2026/08/05 10:36:38.572, 21096, 100
2026/08/05 10:36:39.572, 21096, 100
2026/08/05 10:36:40.572, 21096, 100
2026/08/05 10:36:41.573, 21096, 100
2026/08/05 10:36:42.573, 21096, 100
2026/08/05 10:36:43.573, 21096, 66
2026/08/05 10:36:44.573, 21096, 84
2026/08/05 10:36:45.583, 21096, 100
2026/08/05 10:36:46.599, 21096, 100
2026/08/05 10:36:47.612, 21096, 100
2026/08/05 10:36:48.625, 21096, 100
2026/08/05 10:36:49.635, 21096, 100
2026/08/05 10:36:50.645, 21096, 100
2026/08/05 10:36:51.653, 21096, 100
2026/08/05 10:36:52.660, 21096, 100
2026/08/05 10:36:53.667, 21096, 100
2026/08/05 10:36:54.673, 21096, 100
2026/08/05 10:36:55.679, 21096, 85
2026/08/05 10:36:56.683, 21096, 100
2026/08/05 10:36:57.688, 21096, 100
2026/08/05 10:36:58.693, 21096, 97
2026/08/05 10:36:59.696, 21096, 71
2026/08/05 10:37:00.700, 21096, 84
2026/08/05 10:37:01.703, 21096, 100
2026/08/05 10:37:02.706, 21096, 100
2026/08/05 10:37:03.709, 21096, 100
2026/08/05 10:37:04.711, 21096, 100
2026/08/05 10:37:05.713, 21096, 100
2026/08/05 10:37:06.716, 21096, 100
2026/08/05 10:37:07.718, 21096, 100
2026/08/05 10:37:08.720, 21096, 99
2026/08/05 10:37:09.722, 21096, 100
2026/08/05 10:37:10.724, 21096, 100
2026/08/05 10:37:11.725, 21096, 100
2026/08/05 10:37:12.726, 21096, 100
2026/08/05 10:37:13.728, 21096, 100
2026/08/05 10:37:14.729, 21096, 100
2026/08/05 10:37:15.731, 21096, 100
2026/08/05 10:37:16.732, 21096, 100
2026/08/05 10:37:17.732, 21096, 85
2026/08/05 10:37:18.733, 21096, 100
2026/08/05 10:37:19.733, 21096, 91
2026/08/05 10:37:20.733, 21096, 100
2026/08/05 10:37:21.733, 21096, 100
2026/08/05 10:37:22.734, 21096, 100
2026/08/05 10:37:23.734, 21096, 100
2026/08/05 10:37:24.734, 21096, 100
2026/08/05 10:37:25.734, 21096, 100
2026/08/05 10:37:26.735, 21096, 100
2026/08/05 10:37:27.735, 21096, 100
2026/08/05 10:37:28.735, 21096, 100
2026/08/05 10:37:29.736, 21096, 100
2026/08/05 10:37:30.736, 21096, 100
2026/08/05 10:37:31.736, 21096, 100
2026/08/05 10:37:32.736, 21096, 100
2026/08/05 10:37:33.737, 21096, 100
2026/08/05 10:37:34.737, 21096, 84
2026/08/05 10:37:35.737, 21096, 100
2026/08/05 10:37:36.737, 21096, 100
2026/08/05 10:37:37.738, 21096, 100
2026/08/05 10:37:38.738, 21096, 100
2026/08/05 10:37:39.738, 21096, 100
2026/08/05 10:37:40.738, 21096, 100
2026/08/05 10:37:41.739, 21096, 100
2026/08/05 10:37:42.739, 21096, 100
2026/08/05 10:37:43.739, 21096, 100
2026/08/05 10:37:44.739, 21096, 100
2026/08/05 10:37:45.741, 21096, 100
2026/08/05 10:37:46.742, 21096, 100
2026/08/05 10:37:47.742, 21096, 100
2026/08/05 10:37:48.742, 21096, 100
2026/08/05 10:37:49.743, 21096, 86
2026/08/05 10:37:50.743, 21096, 100
2026/08/05 10:37:51.743, 21096, 100
2026/08/05 10:37:52.743, 21096, 63
2026/08/05 10:37:53.745, 21096, 100
2026/08/05 10:37:54.746, 21096, 64
2026/08/05 10:37:55.747, 21096, 100
2026/08/05 10:37:56.749, 21096, 100
2026/08/05 10:37:57.751, 21096, 100
2026/08/05 10:37:58.752, 21096, 100
2026/08/05 10:37:59.753, 21096, 100
2026/08/05 10:38:00.755, 21096, 100
2026/08/05 10:38:01.756, 21096, 100
2026/08/05 10:38:02.757, 21096, 100
2026/08/05 10:38:03.759, 21096, 83
2026/08/05 10:38:04.760, 21096, 100
2026/08/05 10:38:05.762, 21096, 100
2026/08/05 10:38:06.763, 21096, 100
2026/08/05 10:38:07.764, 21096, 100
2026/08/05 10:38:08.766, 21096, 78
2026/08/05 10:38:09.767, 21096, 100
2026/08/05 10:38:10.769, 21096, 100
2026/08/05 10:38:11.770, 21096, 100
2026/08/05 10:38:12.772, 21096, 100
2026/08/05 10:38:13.773, 21096, 100
2026/08/05 10:38:14.774, 21096, 100
2026/08/05 10:38:15.775, 21096, 100
2026/08/05 10:38:16.777, 21096, 100
2026/08/05 10:38:17.778, 21096, 100
2026/08/05 10:38:18.779, 21096, 100
2026/08/05 10:38:19.781, 21096, 100
2026/08/05 10:38:20.782, 21096, 100
2026/08/05 10:38:21.782, 21096, 100
2026/08/05 10:38:22.783, 21096, 100
2026/08/05 10:38:23.783, 21096, 100
2026/08/05 10:38:24.783, 21096, 100
2026/08/05 10:38:25.784, 21096, 100
2026/08/05 10:38:26.784, 21096, 100
2026/08/05 10:38:27.784, 21096, 100
2026/08/05 10:38:28.784, 21096, 100
2026/08/05 10:38:29.785, 21096, 100
2026/08/05 10:38:30.785, 21096, 100
2026/08/05 10:38:31.785, 21096, 100
2026/08/05 10:38:32.785, 21096, 100
2026/08/05 10:38:33.786, 21096, 83
2026/08/05 10:38:34.786, 21096, 84
2026/08/05 10:38:35.786, 21096, 100
2026/08/05 10:38:36.787, 21096, 100
2026/08/05 10:38:37.787, 21096, 100
2026/08/05 10:38:38.787, 21096, 100
2026/08/05 10:38:39.787, 21096, 100
2026/08/05 10:38:40.788, 21096, 100
2026/08/05 10:38:41.788, 21096, 100
2026/08/05 10:38:42.788, 21096, 100
2026/08/05 10:38:43.788, 21096, 100
2026/08/05 10:38:44.789, 21096, 100
2026/08/05 10:38:45.789, 21096, 100
2026/08/05 10:38:46.789, 21096, 100
2026/08/05 10:38:47.789, 21096, 95
2026/08/05 10:38:48.790, 21096, 100
2026/08/05 10:38:49.790, 21096, 100
2026/08/05 10:38:50.790, 21096, 100
2026/08/05 10:38:51.791, 21096, 65
2026/08/05 10:38:52.791, 21096, 100
2026/08/05 10:38:53.791, 21096, 100
2026/08/05 10:38:54.799, 21096, 100
2026/08/05 10:38:55.807, 21096, 100
2026/08/05 10:38:56.815, 21096, 100
2026/08/05 10:38:57.821, 21096, 100
2026/08/05 10:38:58.828, 21096, 100
2026/08/05 10:38:59.833, 21096, 100
2026/08/05 10:39:00.838, 21096, 100
2026/08/05 10:39:01.843, 21096, 100
2026/08/05 10:39:02.847, 21096, 100
2026/08/05 10:39:03.850, 21096, 100
2026/08/05 10:39:04.853, 21096, 100
2026/08/05 10:39:05.857, 21096, 100
2026/08/05 10:39:06.860, 21096, 100
2026/08/05 10:39:07.863, 21096, 100
2026/08/05 10:39:08.865, 21096, 65
2026/08/05 10:39:09.867, 21096, 100
2026/08/05 10:39:10.870, 21096, 100
2026/08/05 10:39:11.872, 21096, 100
2026/08/05 10:39:12.875, 21096, 100
2026/08/05 10:39:13.876, 21096, 100
2026/08/05 10:39:14.877, 21096, 100
2026/08/05 10:39:15.879, 21096, 86
2026/08/05 10:39:16.880, 21096, 100
2026/08/05 10:39:17.882, 21096, 100
2026/08/05 10:39:18.883, 21096, 100
2026/08/05 10:39:19.884, 21096, 100
2026/08/05 10:39:20.886, 21096, 100
2026/08/05 10:39:21.887, 21096, 89
2026/08/05 10:39:22.888, 21096, 100
2026/08/05 10:39:23.890, 21096, 100
2026/08/05 10:39:24.891, 21096, 100
2026/08/05 10:39:25.892, 21096, 100
2026/08/05 10:39:26.894, 21096, 100
2026/08/05 10:39:27.895, 21096, 100
2026/08/05 10:39:28.897, 21096, 100
2026/08/05 10:39:29.898, 21096, 100
2026/08/05 10:39:30.900, 21096, 100
2026/08/05 10:39:31.901, 21096, 100
2026/08/05 10:39:32.902, 21096, 100
2026/08/05 10:39:33.904, 21096, 100
2026/08/05 10:39:34.905, 21096, 100
2026/08/05 10:39:35.906, 21096, 100
2026/08/05 10:39:36.908, 21096, 100
2026/08/05 10:39:37.909, 21096, 100
2026/08/05 10:39:38.911, 21096, 100
2026/08/05 10:39:39.912, 21096, 100
2026/08/05 10:39:40.913, 21096, 100
2026/08/05 10:39:41.915, 21096, 100
2026/08/05 10:39:42.916, 21096, 100
2026/08/05 10:39:43.917, 21096, 86
2026/08/05 10:39:44.919, 21096, 100
2026/08/05 10:39:45.920, 21096, 100
2026/08/05 10:39:46.921, 21096, 85
2026/08/05 10:39:47.923, 21096, 79
2026/08/05 10:39:48.924, 21096, 100
2026/08/05 10:39:49.926, 21096, 100
2026/08/05 10:39:50.927, 21096, 100
2026/08/05 10:39:51.929, 21096, 100
2026/08/05 10:39:52.930, 21096, 100
2026/08/05 10:39:53.931, 21096, 100
2026/08/05 10:39:54.933, 21096, 91
2026/08/05 10:39:55.934, 21096, 100
2026/08/05 10:39:56.935, 21096, 100
2026/08/05 10:39:57.937, 21096, 100
2026/08/05 10:39:58.938, 21096, 100
2026/08/05 10:39:59.939, 21096, 100
2026/08/05 10:40:00.941, 21096, 100
2026/08/05 10:40:01.942, 21096, 85
2026/08/05 10:40:02.944, 21096, 100
2026/08/05 10:40:03.945, 21096, 100
2026/08/05 10:40:04.947, 21096, 100
2026/08/05 10:40:05.948, 21096, 100
2026/08/05 10:40:06.949, 21096, 100
2026/08/05 10:40:07.951, 21096, 100
2026/08/05 10:40:08.952, 21096, 100
2026/08/05 10:40:09.953, 21096, 100
2026/08/05 10:40:10.955, 21096, 100
2026/08/05 10:40:11.956, 21096, 100
2026/08/05 10:40:12.957, 21096, 100
2026/08/05 10:40:13.959, 21096, 100
2026/08/05 10:40:14.960, 21096, 100
2026/08/05 10:40:15.961, 21096, 100
2026/08/05 10:40:16.963, 21096, 100
2026/08/05 10:40:17.964, 21096, 100
2026/08/05 10:40:18.966, 21096, 100
2026/08/05 10:40:19.967, 21096, 100
2026/08/05 10:40:20.968, 21096, 100
2026/08/05 10:40:21.970, 21096, 97
2026/08/05 10:40:22.971, 21096, 100
2026/08/05 10:40:23.972, 21096, 100
2026/08/05 10:40:24.974, 21096, 100
2026/08/05 10:40:25.975, 21096, 100
2026/08/05 10:40:26.976, 21096, 100
2026/08/05 10:40:27.977, 21096, 85
2026/08/05 10:40:28.979, 21096, 100
2026/08/05 10:40:29.980, 21096, 100
2026/08/05 10:40:30.981, 21096, 100
2026/08/05 10:40:31.983, 21096, 100
2026/08/05 10:40:32.984, 21096, 100
2026/08/05 10:40:33.985, 21096, 100
2026/08/05 10:40:34.986, 21096, 100
2026/08/05 10:40:35.988, 21096, 95
2026/08/05 10:40:36.989, 21096, 100
2026/08/05 10:40:37.990, 21096, 100
2026/08/05 10:40:38.992, 21096, 100
2026/08/05 10:40:39.993, 21096, 100
2026/08/05 10:40:40.994, 21096, 93
2026/08/05 10:40:41.996, 21096, 100
2026/08/05 10:40:42.997, 21096, 100
2026/08/05 10:40:43.998, 21096, 100
2026/08/05 10:40:44.999, 21096, 100
2026/08/05 10:40:46.001, 21096, 100
2026/08/05 10:40:47.002, 21096, 85
2026/08/05 10:40:48.003, 21096, 100
2026/08/05 10:40:49.004, 21096, 91
2026/08/05 10:40:50.006, 21096, 100
2026/08/05 10:40:51.007, 21096, 100
2026/08/05 10:40:52.008, 21096, 100
2026/08/05 10:40:53.010, 21096, 100
2026/08/05 10:40:54.011, 21096, 100
2026/08/05 10:40:55.012, 21096, 100
2026/08/05 10:40:56.013, 21096, 100
2026/08/05 10:40:57.015, 21096, 100
2026/08/05 10:40:58.016, 21096, 100
2026/08/05 10:40:59.017, 21096, 85
2026/08/05 10:41:00.019, 21096, 92
2026/08/05 10:41:01.020, 21096, 100
2026/08/05 10:41:02.021, 21096, 100
2026/08/05 10:41:03.023, 21096, 94
2026/08/05 10:41:04.024, 21096, 100
2026/08/05 10:41:05.026, 21096, 100
2026/08/05 10:41:06.065, 21096, 100
2026/08/05 10:41:07.099, 21096, 100
2026/08/05 10:41:08.129, 21096, 100
2026/08/05 10:41:09.155, 21096, 100
2026/08/05 10:41:10.178, 21096, 77
2026/08/05 10:41:11.198, 21096, 100
2026/08/05 10:41:12.216, 21096, 100
2026/08/05 10:41:13.232, 21096, 85
2026/08/05 10:41:14.245, 21096, 86
2026/08/05 10:41:15.258, 21096, 100
2026/08/05 10:41:16.268, 21096, 100
2026/08/05 10:41:17.278, 21096, 100
2026/08/05 10:41:18.286, 21096, 100
2026/08/05 10:41:19.293, 21096, 100
2026/08/05 10:41:20.301, 21096, 100
2026/08/05 10:41:21.307, 21096, 100
2026/08/05 10:41:22.312, 21096, 100
2026/08/05 10:41:23.317, 21096, 100
2026/08/05 10:41:24.321, 21096, 100
2026/08/05 10:41:25.326, 21096, 100
2026/08/05 10:41:26.329, 21096, 100
2026/08/05 10:41:27.333, 21096, 100
2026/08/05 10:41:28.336, 21096, 100
2026/08/05 10:41:29.338, 21096, 100
2026/08/05 10:41:30.341, 21096, 100
2026/08/05 10:41:31.344, 21096, 100
2026/08/05 10:41:32.347, 21096, 100
2026/08/05 10:41:33.349, 21096, 100
2026/08/05 10:41:34.352, 21096, 100
2026/08/05 10:41:35.354, 21096, 99
2026/08/05 10:41:36.356, 21096, 81
2026/08/05 10:41:37.358, 21096, 98
2026/08/05 10:41:38.358, 21096, 100
2026/08/05 10:41:39.358, 21096, 85
2026/08/05 10:41:40.358, 21096, 100
2026/08/05 10:41:41.359, 21096, 100
2026/08/05 10:41:42.359, 21096, 100
2026/08/05 10:41:43.359, 21096, 100
2026/08/05 10:41:44.360, 21096, 100
2026/08/05 10:41:45.360, 21096, 100
2026/08/05 10:41:46.360, 21096, 84
2026/08/05 10:41:47.360, 21096, 100
2026/08/05 10:41:48.361, 21096, 100
2026/08/05 10:41:49.361, 21096, 85
2026/08/05 10:41:50.361, 21096, 100
2026/08/05 10:41:51.361, 21096, 63
2026/08/05 10:41:52.362, 21096, 100
2026/08/05 10:41:53.362, 21096, 100
2026/08/05 10:41:54.362, 21096, 100
2026/08/05 10:41:55.362, 21096, 100
2026/08/05 10:41:56.363, 21096, 100
2026/08/05 10:41:57.363, 21096, 100
2026/08/05 10:41:58.363, 21096, 100
2026/08/05 10:41:59.364, 21096, 100
2026/08/05 10:42:00.364, 21096, 100
2026/08/05 10:42:01.364, 21096, 100
2026/08/05 10:42:02.364, 21096, 100
2026/08/05 10:42:03.365, 21096, 94
2026/08/05 10:42:04.365, 21096, 100
2026/08/05 10:42:05.365, 21096, 83
2026/08/05 10:42:06.365, 21096, 100
2026/08/05 10:42:07.366, 21096, 100
2026/08/05 10:42:08.366, 21096, 100
2026/08/05 10:42:09.366, 21096, 82
2026/08/05 10:42:10.366, 21096, 100
2026/08/05 10:42:11.367, 21096, 100
2026/08/05 10:42:12.367, 21096, 100
2026/08/05 10:42:13.367, 21096, 100
2026/08/05 10:42:14.368, 21096, 97
2026/08/05 10:42:15.368, 21096, 100
2026/08/05 10:42:16.368, 21096, 100
2026/08/05 10:42:17.368, 21096, 84
2026/08/05 10:42:18.369, 21096, 100
2026/08/05 10:42:19.369, 21096, 100
2026/08/05 10:42:20.369, 21096, 100
2026/08/05 10:42:21.370, 21096, 100
2026/08/05 10:42:22.370, 21096, 100
2026/08/05 10:42:23.370, 21096, 100
2026/08/05 10:42:24.370, 21096, 100
2026/08/05 10:42:25.371, 21096, 100
2026/08/05 10:42:26.371, 21096, 100
2026/08/05 10:42:27.371, 21096, 100
2026/08/05 10:42:28.372, 21096, 100
2026/08/05 10:42:29.372, 21096, 100
2026/08/05 10:42:30.372, 21096, 64
2026/08/05 10:42:31.373, 21096, 100
2026/08/05 10:42:32.373, 21096, 100
2026/08/05 10:42:33.373, 21096, 84
2026/08/05 10:42:34.374, 21096, 100
2026/08/05 10:42:35.374, 21096, 100
2026/08/05 10:42:36.374, 21096, 100
2026/08/05 10:42:37.375, 21096, 100
2026/08/05 10:42:38.375, 21096, 100
2026/08/05 10:42:39.375, 21096, 100
2026/08/05 10:42:40.376, 21096, 100
2026/08/05 10:42:41.376, 21096, 100
2026/08/05 10:42:42.376, 21096, 100
2026/08/05 10:42:43.380, 21096, 100
2026/08/05 10:42:44.391, 21096, 100
2026/08/05 10:42:45.400, 21096, 100
2026/08/05 10:42:46.409, 21096, 100
2026/08/05 10:42:47.416, 21096, 100
2026/08/05 10:42:48.424, 21096, 100
2026/08/05 10:42:49.430, 21096, 100
2026/08/05 10:42:50.435, 21096, 100
2026/08/05 10:42:51.440, 21096, 100
2026/08/05 10:42:52.444, 21096, 100
2026/08/05 10:42:53.448, 21096, 100
2026/08/05 10:42:54.452, 21096, 100
2026/08/05 10:42:55.456, 21096, 100
2026/08/05 10:42:56.459, 21096, 100
2026/08/05 10:42:57.462, 21096, 100
2026/08/05 10:42:58.465, 21096, 100
2026/08/05 10:42:59.467, 21096, 100
2026/08/05 10:43:00.469, 21096, 96
2026/08/05 10:43:01.471, 21096, 100
2026/08/05 10:43:02.473, 21096, 100
2026/08/05 10:43:03.475, 21096, 100
2026/08/05 10:43:04.477, 21096, 100
2026/08/05 10:43:05.478, 21096, 65
2026/08/05 10:43:06.480, 21096, 100
2026/08/05 10:43:07.481, 21096, 100
2026/08/05 10:43:08.483, 21096, 100
2026/08/05 10:43:09.484, 21096, 100
2026/08/05 10:43:10.486, 21096, 81
2026/08/05 10:43:11.487, 21096, 100
2026/08/05 10:43:12.489, 21096, 100
2026/08/05 10:43:13.490, 21096, 100
2026/08/05 10:43:14.492, 21096, 85
2026/08/05 10:43:15.493, 21096, 100
2026/08/05 10:43:16.506, 21096, 100
2026/08/05 10:43:17.527, 21096, 100
2026/08/05 10:43:18.546, 21096, 100
2026/08/05 10:43:19.561, 21096, 100
2026/08/05 10:43:20.576, 21096, 100
2026/08/05 10:43:21.588, 21096, 100
2026/08/05 10:43:22.599, 21096, 100
2026/08/05 10:43:23.609, 21096, 64
2026/08/05 10:43:24.618, 21096, 100
2026/08/05 10:43:25.626, 21096, 100
2026/08/05 10:43:26.633, 21096, 100
2026/08/05 10:43:27.640, 21096, 100
2026/08/05 10:43:28.646, 21096, 99
2026/08/05 10:43:29.651, 21096, 100
2026/08/05 10:43:30.656, 21096, 100
2026/08/05 10:43:31.660, 21096, 100
2026/08/05 10:43:32.664, 21096, 100
2026/08/05 10:43:33.667, 21096, 100
2026/08/05 10:43:34.671, 21096, 100
2026/08/05 10:43:35.674, 21096, 100
2026/08/05 10:43:36.677, 21096, 100
2026/08/05 10:43:37.679, 21096, 82
2026/08/05 10:43:38.682, 21096, 100
2026/08/05 10:43:39.684, 21096, 100
2026/08/05 10:43:40.686, 21096, 100
2026/08/05 10:43:41.689, 21096, 100
2026/08/05 10:43:42.691, 21096, 100
2026/08/05 10:43:43.693, 21096, 84
2026/08/05 10:43:44.694, 21096, 100
2026/08/05 10:43:45.696, 21096, 100
2026/08/05 10:43:46.697, 21096, 100
2026/08/05 10:43:47.698, 21096, 100
2026/08/05 10:43:48.699, 21096, 100
2026/08/05 10:43:49.699, 21096, 100
2026/08/05 10:43:50.699, 21096, 100
2026/08/05 10:43:51.699, 21096, 100
2026/08/05 10:43:52.700, 21096, 100
2026/08/05 10:43:53.700, 21096, 100
2026/08/05 10:43:54.700, 21096, 100
2026/08/05 10:43:55.701, 21096, 100
2026/08/05 10:43:56.701, 21096, 100
2026/08/05 10:43:57.701, 21096, 100
2026/08/05 10:43:58.702, 21096, 97
2026/08/05 10:43:59.702, 21096, 100
2026/08/05 10:44:00.702, 21096, 91
2026/08/05 10:44:01.702, 21096, 100
2026/08/05 10:44:02.703, 21096, 100
2026/08/05 10:44:03.703, 21096, 100
2026/08/05 10:44:04.703, 21096, 100
2026/08/05 10:44:05.704, 21096, 62
2026/08/05 10:44:06.704, 21096, 82
2026/08/05 10:44:07.704, 21096, 100
2026/08/05 10:44:08.705, 21096, 100
2026/08/05 10:44:09.705, 21096, 100
2026/08/05 10:44:10.705, 21096, 100
2026/08/05 10:44:11.705, 21096, 100
2026/08/05 10:44:12.706, 21096, 100
2026/08/05 10:44:13.706, 21096, 100
2026/08/05 10:44:14.706, 21096, 100
2026/08/05 10:44:15.707, 21096, 100
2026/08/05 10:44:16.707, 21096, 100
2026/08/05 10:44:17.707, 21096, 100
2026/08/05 10:44:18.707, 21096, 81
2026/08/05 10:44:19.708, 21096, 100
2026/08/05 10:44:20.708, 21096, 100
2026/08/05 10:44:21.723, 21096, 94
2026/08/05 10:44:22.743, 21096, 100
2026/08/05 10:44:23.760, 21096, 100
2026/08/05 10:44:24.775, 21096, 100
2026/08/05 10:44:25.789, 21096, 97
2026/08/05 10:44:26.801, 21096, 85
2026/08/05 10:44:27.812, 21096, 100
2026/08/05 10:44:28.821, 21096, 86
2026/08/05 10:44:29.830, 21096, 100
2026/08/05 10:44:30.837, 21096, 100
2026/08/05 10:44:31.844, 21096, 100
2026/08/05 10:44:32.850, 21096, 100
2026/08/05 10:44:33.856, 21096, 66
2026/08/05 10:44:34.860, 21096, 83
2026/08/05 10:44:35.865, 21096, 76
2026/08/05 10:44:36.869, 21096, 85
2026/08/05 10:44:37.873, 21096, 100
2026/08/05 10:44:38.876, 21096, 100
2026/08/05 10:44:39.879, 21096, 100
2026/08/05 10:44:40.883, 21096, 93
2026/08/05 10:44:41.885, 21096, 100
2026/08/05 10:44:42.887, 21096, 100
2026/08/05 10:44:43.890, 21096, 100
2026/08/05 10:44:44.892, 21096, 100
2026/08/05 10:44:45.894, 21096, 100
2026/08/05 10:44:46.896, 21096, 100
2026/08/05 10:44:47.898, 21096, 100
2026/08/05 10:44:48.899, 21096, 100
2026/08/05 10:44:49.901, 21096, 100
2026/08/05 10:44:50.902, 21096, 83
2026/08/05 10:44:51.904, 21096, 100
2026/08/05 10:44:52.905, 21096, 100
2026/08/05 10:44:53.907, 21096, 100
2026/08/05 10:44:54.918, 21096, 100
2026/08/05 10:44:55.929, 21096, 100
2026/08/05 10:44:56.939, 21096, 100
2026/08/05 10:44:57.948, 21096, 86
2026/08/05 10:44:58.956, 21096, 100
2026/08/05 10:44:59.963, 21096, 66
2026/08/05 10:45:00.969, 21096, 98
2026/08/05 10:45:01.975, 21096, 100
2026/08/05 10:45:02.980, 21096, 100
2026/08/05 10:45:03.984, 21096, 100
2026/08/05 10:45:04.989, 21096, 100
2026/08/05 10:45:05.993, 21096, 100
2026/08/05 10:45:06.997, 21096, 100
2026/08/05 10:45:08.000, 21096, 100
2026/08/05 10:45:09.003, 21096, 100
2026/08/05 10:45:10.005, 21096, 100
2026/08/05 10:45:11.008, 21096, 100
2026/08/05 10:45:12.010, 21096, 83
2026/08/05 10:45:13.013, 21096, 100
2026/08/05 10:45:14.015, 21096, 83
2026/08/05 10:45:15.018, 21096, 100
2026/08/05 10:45:16.020, 21096, 100
2026/08/05 10:45:17.022, 21096, 100
2026/08/05 10:45:18.023, 21096, 85
2026/08/05 10:45:19.025, 21096, 84
2026/08/05 10:45:20.026, 21096, 100
2026/08/05 10:45:21.027, 21096, 100
2026/08/05 10:45:22.029, 21096, 85
2026/08/05 10:45:23.030, 21096, 100
2026/08/05 10:45:24.032, 21096, 100
2026/08/05 10:45:25.033, 21096, 100
2026/08/05 10:45:26.035, 21096, 100
2026/08/05 10:45:27.035, 21096, 100
2026/08/05 10:45:28.035, 21096, 100
2026/08/05 10:45:29.036, 21096, 100
2026/08/05 10:45:30.036, 21096, 83
2026/08/05 10:45:31.036, 21096, 100
2026/08/05 10:45:32.036, 21096, 100
2026/08/05 10:45:33.037, 21096, 74
2026/08/05 10:45:34.037, 21096, 100
2026/08/05 10:45:35.037, 21096, 100
2026/08/05 10:45:36.038, 21096, 84
2026/08/05 10:45:37.038, 21096, 100
2026/08/05 10:45:38.038, 21096, 100
2026/08/05 10:45:39.038, 21096, 100
2026/08/05 10:45:40.039, 21096, 100
2026/08/05 10:45:41.039, 21096, 64
2026/08/05 10:45:42.039, 21096, 100
2026/08/05 10:45:43.040, 21096, 100
2026/08/05 10:45:44.040, 21096, 100
2026/08/05 10:45:45.040, 21096, 100
2026/08/05 10:45:46.041, 21096, 100
2026/08/05 10:45:47.041, 21096, 99
2026/08/05 10:45:48.041, 21096, 100
2026/08/05 10:45:49.042, 21096, 100
2026/08/05 10:45:50.042, 21096, 100
2026/08/05 10:45:51.042, 21096, 100
2026/08/05 10:45:52.042, 21096, 100
2026/08/05 10:45:53.043, 21096, 100
2026/08/05 10:45:54.043, 21096, 100
2026/08/05 10:45:55.043, 21096, 100
2026/08/05 10:45:56.044, 21096, 100
2026/08/05 10:45:57.044, 21096, 100
2026/08/05 10:45:58.044, 21096, 84
2026/08/05 10:45:59.044, 21096, 100
2026/08/05 10:46:00.045, 21096, 100
2026/08/05 10:46:01.053, 21096, 100
2026/08/05 10:46:02.060, 21096, 100
2026/08/05 10:46:03.066, 21096, 100
2026/08/05 10:46:04.071, 21096, 100
2026/08/05 10:46:05.076, 21096, 100
2026/08/05 10:46:06.080, 21096, 84
2026/08/05 10:46:07.085, 21096, 100
2026/08/05 10:46:08.088, 21096, 100
2026/08/05 10:46:09.091, 21096, 100
2026/08/05 10:46:10.094, 21096, 100
2026/08/05 10:46:11.097, 21096, 100
2026/08/05 10:46:12.100, 21096, 100
2026/08/05 10:46:13.103, 21096, 100
2026/08/05 10:46:14.105, 21096, 83
2026/08/05 10:46:15.107, 21096, 100
2026/08/05 10:46:16.109, 21096, 84
2026/08/05 10:46:17.110, 21096, 83
2026/08/05 10:46:18.112, 21096, 84
2026/08/05 10:46:19.113, 21096, 100
2026/08/05 10:46:20.115, 21096, 100
2026/08/05 10:46:21.116, 21096, 100
2026/08/05 10:46:22.117, 21096, 84
2026/08/05 10:46:23.119, 21096, 100
2026/08/05 10:46:24.121, 21096, 100
2026/08/05 10:46:25.122, 21096, 100
2026/08/05 10:46:26.123, 21096, 100
2026/08/05 10:46:27.124, 21096, 100
2026/08/05 10:46:28.126, 21096, 100
2026/08/05 10:46:29.127, 21096, 100
2026/08/05 10:46:30.131, 21096, 83
2026/08/05 10:46:31.132, 21096, 84
2026/08/05 10:46:32.132, 21096, 100
2026/08/05 10:46:33.133, 21096, 100
2026/08/05 10:46:34.133, 21096, 100
2026/08/05 10:46:35.133, 21096, 100
2026/08/05 10:46:36.133, 21096, 65
2026/08/05 10:46:37.134, 21096, 100
2026/08/05 10:46:38.134, 21096, 100
2026/08/05 10:46:39.134, 21096, 100
2026/08/05 10:46:40.134, 21096, 100
2026/08/05 10:46:41.134, 21096, 100
2026/08/05 10:46:42.135, 21096, 100
2026/08/05 10:46:43.135, 21096, 100
2026/08/05 10:46:44.135, 21096, 100
2026/08/05 10:46:45.135, 21096, 100
2026/08/05 10:46:46.135, 21096, 100
2026/08/05 10:46:47.136, 21096, 100
2026/08/05 10:46:48.136, 21096, 100
2026/08/05 10:46:49.136, 21096, 100
2026/08/05 10:46:50.138, 21096, 100
2026/08/05 10:46:51.138, 21096, 100
2026/08/05 10:46:52.138, 21096, 100
2026/08/05 10:46:53.138, 21096, 82
2026/08/05 10:46:54.139, 21096, 100
2026/08/05 10:46:55.139, 21096, 100
2026/08/05 10:46:56.139, 21096, 100
2026/08/05 10:46:57.140, 21096, 100
2026/08/05 10:46:58.140, 21096, 100
2026/08/05 10:46:59.140, 21096, 100
2026/08/05 10:47:00.141, 21096, 100
2026/08/05 10:47:01.142, 21096, 100
2026/08/05 10:47:02.142, 21096, 100
2026/08/05 10:47:03.142, 21096, 100
2026/08/05 10:47:04.142, 21096, 100
2026/08/05 10:47:05.144, 21096, 100
2026/08/05 10:47:06.153, 21096, 100
2026/08/05 10:47:07.161, 21096, 100
2026/08/05 10:47:08.167, 21096, 100
2026/08/05 10:47:09.174, 21096, 100
2026/08/05 10:47:10.179, 21096, 100
2026/08/05 10:47:11.184, 21096, 67
2026/08/05 10:47:12.188, 21096, 82
2026/08/05 10:47:13.193, 21096, 100
2026/08/05 10:47:14.196, 21096, 100
2026/08/05 10:47:15.200, 21096, 100
2026/08/05 10:47:16.203, 21096, 100
2026/08/05 10:47:17.207, 21096, 100
2026/08/05 10:47:18.210, 21096, 100
2026/08/05 10:47:19.212, 21096, 100
2026/08/05 10:47:20.215, 21096, 100
2026/08/05 10:47:21.217, 21096, 100
2026/08/05 10:47:22.219, 21096, 100
2026/08/05 10:47:23.221, 21096, 100
2026/08/05 10:47:24.223, 21096, 100
2026/08/05 10:47:25.224, 21096, 100
2026/08/05 10:47:26.226, 21096, 100
2026/08/05 10:47:27.227, 21096, 100
2026/08/05 10:47:28.228, 21096, 100
2026/08/05 10:47:29.230, 21096, 100
2026/08/05 10:47:30.231, 21096, 100
2026/08/05 10:47:31.232, 21096, 100
2026/08/05 10:47:32.234, 21096, 100
2026/08/05 10:47:33.235, 21096, 100
2026/08/05 10:47:34.237, 21096, 100
2026/08/05 10:47:35.238, 21096, 100
2026/08/05 10:47:36.239, 21096, 100
2026/08/05 10:47:37.241, 21096, 100
2026/08/05 10:47:38.243, 21096, 100
2026/08/05 10:47:39.251, 21096, 100
2026/08/05 10:47:40.257, 21096, 100
2026/08/05 10:47:41.264, 21096, 100
2026/08/05 10:47:42.269, 21096, 86
2026/08/05 10:47:43.274, 21096, 100
2026/08/05 10:47:44.278, 21096, 100
2026/08/05 10:47:45.282, 21096, 100
2026/08/05 10:47:46.285, 21096, 100
2026/08/05 10:47:47.289, 21096, 100
2026/08/05 10:47:48.292, 21096, 92
2026/08/05 10:47:49.296, 21096, 72
2026/08/05 10:47:50.298, 21096, 92
2026/08/05 10:47:51.300, 21096, 100
2026/08/05 10:47:52.303, 21096, 100
2026/08/05 10:47:53.305, 21096, 100
2026/08/05 10:47:54.307, 21096, 100
2026/08/05 10:47:55.310, 21096, 100
2026/08/05 10:47:56.312, 21096, 79
2026/08/05 10:47:57.314, 21096, 100
2026/08/05 10:47:58.316, 21096, 100
2026/08/05 10:47:59.317, 21096, 100
2026/08/05 10:48:00.318, 21096, 100
2026/08/05 10:48:01.319, 21096, 100
2026/08/05 10:48:02.321, 21096, 100
2026/08/05 10:48:03.322, 21096, 100
2026/08/05 10:48:04.323, 21096, 92
2026/08/05 10:48:05.325, 21096, 100
2026/08/05 10:48:06.326, 21096, 100
2026/08/05 10:48:07.327, 21096, 100
2026/08/05 10:48:08.329, 21096, 100
2026/08/05 10:48:09.330, 21096, 100
2026/08/05 10:48:10.330, 21096, 100
2026/08/05 10:48:11.331, 21096, 100
2026/08/05 10:48:12.331, 21096, 84
2026/08/05 10:48:13.331, 21096, 91
2026/08/05 10:48:14.331, 21096, 100
2026/08/05 10:48:15.332, 21096, 100
2026/08/05 10:48:16.332, 21096, 100
2026/08/05 10:48:17.332, 21096, 100
2026/08/05 10:48:18.332, 21096, 64
2026/08/05 10:48:19.333, 21096, 84
2026/08/05 10:48:20.333, 21096, 100
2026/08/05 10:48:21.333, 21096, 89
2026/08/05 10:48:22.334, 21096, 100
2026/08/05 10:48:23.334, 21096, 100
2026/08/05 10:48:24.334, 21096, 100
2026/08/05 10:48:25.334, 21096, 100
2026/08/05 10:48:26.334, 21096, 100
2026/08/05 10:48:27.335, 21096, 100
2026/08/05 10:48:28.335, 21096, 100
2026/08/05 10:48:29.336, 21096, 100
2026/08/05 10:48:30.336, 21096, 100
2026/08/05 10:48:31.336, 21096, 100
2026/08/05 10:48:32.337, 21096, 100
2026/08/05 10:48:33.337, 21096, 99
2026/08/05 10:48:34.337, 21096, 100
2026/08/05 10:48:35.337, 21096, 100
2026/08/05 10:48:36.337, 21096, 100
2026/08/05 10:48:37.338, 21096, 100
2026/08/05 10:48:38.338, 21096, 100
2026/08/05 10:48:39.338, 21096, 100
2026/08/05 10:48:40.338, 21096, 100
2026/08/05 10:48:41.339, 21096, 100
2026/08/05 10:48:42.339, 21096, 100
2026/08/05 10:48:43.351, 21096, 100
2026/08/05 10:48:44.384, 21096, 100
2026/08/05 10:48:45.413, 21096, 100
2026/08/05 10:48:46.440, 21096, 100
2026/08/05 10:48:47.463, 21096, 100
2026/08/05 10:48:48.482, 21096, 85
2026/08/05 10:48:49.500, 21096, 100
2026/08/05 10:48:50.515, 21096, 100
2026/08/05 10:48:51.528, 21096, 100
2026/08/05 10:48:52.540, 21096, 100
2026/08/05 10:48:53.552, 21096, 100
2026/08/05 10:48:54.561, 21096, 100
2026/08/05 10:48:55.570, 21096, 100
2026/08/05 10:48:56.578, 21096, 100
2026/08/05 10:48:57.584, 21096, 100
2026/08/05 10:48:58.593, 21096, 100
2026/08/05 10:48:59.598, 21096, 100
2026/08/05 10:49:00.604, 21096, 100
2026/08/05 10:49:01.608, 21096, 100
2026/08/05 10:49:02.612, 21096, 100
2026/08/05 10:49:03.616, 21096, 100
2026/08/05 10:49:04.619, 21096, 100
2026/08/05 10:49:05.622, 21096, 100
2026/08/05 10:49:06.625, 21096, 100
2026/08/05 10:49:07.627, 21096, 100
2026/08/05 10:49:08.629, 21096, 100
2026/08/05 10:49:09.632, 21096, 100
2026/08/05 10:49:10.634, 21096, 100
2026/08/05 10:49:11.637, 21096, 100
2026/08/05 10:49:12.639, 21096, 100
2026/08/05 10:49:13.641, 21096, 100
2026/08/05 10:49:14.643, 21096, 100
2026/08/05 10:49:15.644, 21096, 100
2026/08/05 10:49:16.644, 21096, 100
2026/08/05 10:49:17.645, 21096, 100
2026/08/05 10:49:18.645, 21096, 100
2026/08/05 10:49:19.645, 21096, 100
2026/08/05 10:49:20.645, 21096, 100
2026/08/05 10:49:21.645, 21096, 100
2026/08/05 10:49:22.646, 21096, 84
2026/08/05 10:49:23.646, 21096, 100
2026/08/05 10:49:24.646, 21096, 100
2026/08/05 10:49:25.646, 21096, 100
2026/08/05 10:49:26.646, 21096, 100
2026/08/05 10:49:27.646, 21096, 86
2026/08/05 10:49:28.647, 21096, 100
2026/08/05 10:49:29.647, 21096, 100
2026/08/05 10:49:30.647, 21096, 100
2026/08/05 10:49:31.647, 21096, 100
2026/08/05 10:49:32.647, 21096, 100
2026/08/05 10:49:33.648, 21096, 100
2026/08/05 10:49:34.648, 21096, 100
2026/08/05 10:49:35.648, 21096, 100
2026/08/05 10:49:36.648, 21096, 100
2026/08/05 10:49:37.649, 21096, 84
2026/08/05 10:49:38.649, 21096, 100
2026/08/05 10:49:39.649, 21096, 83
2026/08/05 10:49:40.650, 21096, 100
2026/08/05 10:49:41.650, 21096, 84
2026/08/05 10:49:42.650, 21096, 100
2026/08/05 10:49:43.650, 21096, 100
2026/08/05 10:49:44.651, 21096, 100
2026/08/05 10:49:45.651, 21096, 100
2026/08/05 10:49:46.652, 21096, 85
2026/08/05 10:49:47.652, 21096, 64
2026/08/05 10:49:48.652, 21096, 100
2026/08/05 10:49:49.652, 21096, 100
2026/08/05 10:49:50.653, 21096, 85
2026/08/05 10:49:51.653, 21096, 100
2026/08/05 10:49:52.653, 21096, 100
2026/08/05 10:49:53.653, 21096, 100
2026/08/05 10:49:54.654, 21096, 100
2026/08/05 10:49:55.654, 21096, 100
2026/08/05 10:49:56.654, 21096, 100
2026/08/05 10:49:57.655, 21096, 100
2026/08/05 10:49:58.655, 21096, 100
2026/08/05 10:49:59.655, 21096, 100
2026/08/05 10:50:00.655, 21096, 100
2026/08/05 10:50:01.656, 21096, 100
2026/08/05 10:50:02.656, 21096, 100
2026/08/05 10:50:03.656, 21096, 100
2026/08/05 10:50:04.656, 21096, 100
2026/08/05 10:50:05.657, 21096, 93
2026/08/05 10:50:06.657, 21096, 100
2026/08/05 10:50:07.657, 21096, 100
2026/08/05 10:50:08.657, 21096, 100
2026/08/05 10:50:09.658, 21096, 100
2026/08/05 10:50:10.658, 21096, 100
2026/08/05 10:50:11.658, 21096, 100
2026/08/05 10:50:12.659, 21096, 100
2026/08/05 10:50:13.659, 21096, 100
2026/08/05 10:50:14.659, 21096, 100
2026/08/05 10:50:15.659, 21096, 100
2026/08/05 10:50:16.660, 21096, 100
2026/08/05 10:50:17.660, 21096, 100
2026/08/05 10:50:18.660, 21096, 65
2026/08/05 10:50:19.660, 21096, 100
2026/08/05 10:50:20.661, 21096, 100
2026/08/05 10:50:21.661, 21096, 100
2026/08/05 10:50:22.661, 21096, 100
2026/08/05 10:50:23.662, 21096, 100
2026/08/05 10:50:24.662, 21096, 100
2026/08/05 10:50:25.662, 21096, 100
2026/08/05 10:50:26.662, 21096, 100
2026/08/05 10:50:27.663, 21096, 100
2026/08/05 10:50:28.663, 21096, 100
2026/08/05 10:50:29.663, 21096, 100
2026/08/05 10:50:30.663, 21096, 100
2026/08/05 10:50:31.663, 21096, 100
2026/08/05 10:50:32.664, 21096, 100
2026/08/05 10:50:33.664, 21096, 100
2026/08/05 10:50:34.665, 21096, 84
2026/08/05 10:50:35.665, 21096, 100
2026/08/05 10:50:36.665, 21096, 100
2026/08/05 10:50:37.665, 21096, 100
2026/08/05 10:50:38.665, 21096, 100
2026/08/05 10:50:39.666, 21096, 100
2026/08/05 10:50:40.666, 21096, 84
2026/08/05 10:50:41.666, 21096, 81
2026/08/05 10:50:42.666, 21096, 82
2026/08/05 10:50:43.667, 21096, 100
2026/08/05 10:50:44.667, 21096, 100
2026/08/05 10:50:45.667, 21096, 100
2026/08/05 10:50:46.667, 21096, 100
2026/08/05 10:50:47.667, 21096, 90
2026/08/05 10:50:48.668, 21096, 100
2026/08/05 10:50:49.668, 21096, 100
2026/08/05 10:50:50.668, 21096, 54
2026/08/05 10:50:51.668, 21096, 84
2026/08/05 10:50:52.668, 21096, 90
2026/08/05 10:50:53.669, 21096, 100
2026/08/05 10:50:54.670, 21096, 100
2026/08/05 10:50:55.672, 21096, 85
2026/08/05 10:50:56.675, 21096, 100
2026/08/05 10:50:57.677, 21096, 100
2026/08/05 10:50:58.679, 21096, 100
2026/08/05 10:50:59.682, 21096, 100
2026/08/05 10:51:00.683, 21096, 91
2026/08/05 10:51:01.685, 21096, 100
2026/08/05 10:51:02.686, 21096, 100
2026/08/05 10:51:03.687, 21096, 100
2026/08/05 10:51:04.689, 21096, 86
2026/08/05 10:51:05.690, 21096, 100
2026/08/05 10:51:06.691, 21096, 100
2026/08/05 10:51:07.693, 21096, 100
2026/08/05 10:51:08.694, 21096, 100
2026/08/05 10:51:09.696, 21096, 100
2026/08/05 10:51:10.697, 21096, 100
2026/08/05 10:51:11.698, 21096, 100
2026/08/05 10:51:12.700, 21096, 100
2026/08/05 10:51:13.701, 21096, 100
2026/08/05 10:51:14.704, 21096, 100
2026/08/05 10:51:15.705, 21096, 100
2026/08/05 10:51:16.707, 21096, 100
2026/08/05 10:51:17.708, 21096, 100
2026/08/05 10:51:18.709, 21096, 100
2026/08/05 10:51:19.711, 21096, 100
2026/08/05 10:51:20.712, 21096, 100
2026/08/05 10:51:21.713, 21096, 83
2026/08/05 10:51:22.714, 21096, 100
2026/08/05 10:51:23.716, 21096, 100
2026/08/05 10:51:24.716, 21096, 98
2026/08/05 10:51:25.717, 21096, 100
2026/08/05 10:51:26.717, 21096, 100
2026/08/05 10:51:27.717, 21096, 100
2026/08/05 10:51:28.718, 21096, 100
2026/08/05 10:51:29.718, 21096, 100
2026/08/05 10:51:30.718, 21096, 100
2026/08/05 10:51:31.718, 21096, 100
2026/08/05 10:51:32.719, 21096, 100
2026/08/05 10:51:33.719, 21096, 100
2026/08/05 10:51:34.719, 21096, 100
2026/08/05 10:51:35.719, 21096, 100
2026/08/05 10:51:36.720, 21096, 100
2026/08/05 10:51:37.720, 21096, 100
2026/08/05 10:51:38.720, 21096, 94
2026/08/05 10:51:39.720, 21096, 100
2026/08/05 10:51:40.720, 21096, 85
2026/08/05 10:51:41.721, 21096, 100
2026/08/05 10:51:42.721, 21096, 100
2026/08/05 10:51:43.721, 21096, 100
2026/08/05 10:51:44.721, 21096, 100
2026/08/05 10:51:45.722, 21096, 100
2026/08/05 10:51:46.722, 21096, 100
2026/08/05 10:51:47.722, 21096, 85
2026/08/05 10:51:48.722, 21096, 100
2026/08/05 10:51:49.723, 21096, 100
2026/08/05 10:51:50.723, 21096, 100
2026/08/05 10:51:51.723, 21096, 100
2026/08/05 10:51:52.724, 21096, 100
2026/08/05 10:51:53.724, 21096, 100
2026/08/05 10:51:54.724, 21096, 96
2026/08/05 10:51:55.725, 21096, 100
2026/08/05 10:51:56.725, 21096, 100
2026/08/05 10:51:57.725, 21096, 100
2026/08/05 10:51:58.727, 21096, 98
2026/08/05 10:51:59.743, 21096, 100
2026/08/05 10:52:00.763, 21096, 100
2026/08/05 10:52:01.780, 21096, 100
2026/08/05 10:52:02.796, 21096, 100
2026/08/05 10:52:03.809, 21096, 100
2026/08/05 10:52:04.822, 21096, 100
2026/08/05 10:52:05.832, 21096, 100
2026/08/05 10:52:06.841, 21096, 100
2026/08/05 10:52:07.850, 21096, 100
2026/08/05 10:52:08.857, 21096, 100
2026/08/05 10:52:09.864, 21096, 100
2026/08/05 10:52:10.870, 21096, 100
2026/08/05 10:52:11.875, 21096, 77
2026/08/05 10:52:12.881, 21096, 100
2026/08/05 10:52:13.885, 21096, 100
2026/08/05 10:52:14.890, 21096, 100
2026/08/05 10:52:15.893, 21096, 100
2026/08/05 10:52:16.897, 21096, 100
2026/08/05 10:52:17.900, 21096, 100
2026/08/05 10:52:18.903, 21096, 100
2026/08/05 10:52:19.906, 21096, 100
2026/08/05 10:52:20.908, 21096, 100
2026/08/05 10:52:21.910, 21096, 76
2026/08/05 10:52:22.913, 21096, 100
2026/08/05 10:52:23.915, 21096, 81
2026/08/05 10:52:24.917, 21096, 100
2026/08/05 10:52:25.919, 21096, 100
2026/08/05 10:52:26.921, 21096, 85
2026/08/05 10:52:27.922, 21096, 100
2026/08/05 10:52:28.924, 21096, 100
2026/08/05 10:52:29.925, 21096, 100
2026/08/05 10:52:30.926, 21096, 100
2026/08/05 10:52:31.927, 21096, 100
2026/08/05 10:52:32.927, 21096, 85
2026/08/05 10:52:33.927, 21096, 100
2026/08/05 10:52:34.927, 21096, 100
2026/08/05 10:52:35.928, 21096, 100
2026/08/05 10:52:36.928, 21096, 100
2026/08/05 10:52:37.928, 21096, 100
2026/08/05 10:52:38.929, 21096, 95
2026/08/05 10:52:39.929, 21096, 100
2026/08/05 10:52:40.929, 21096, 100
2026/08/05 10:52:41.930, 21096, 100
2026/08/05 10:52:42.930, 21096, 91
2026/08/05 10:52:43.930, 21096, 100
2026/08/05 10:52:44.930, 21096, 100
2026/08/05 10:52:45.931, 21096, 90
2026/08/05 10:52:46.931, 21096, 85
2026/08/05 10:52:47.931, 21096, 100
2026/08/05 10:52:48.932, 21096, 100
2026/08/05 10:52:49.932, 21096, 79
2026/08/05 10:52:50.932, 21096, 100
2026/08/05 10:52:51.932, 21096, 100
2026/08/05 10:52:52.933, 21096, 100
2026/08/05 10:52:53.933, 21096, 100
2026/08/05 10:52:54.933, 21096, 100
2026/08/05 10:52:55.934, 21096, 85
2026/08/05 10:52:56.934, 21096, 100
2026/08/05 10:52:57.934, 21096, 100
2026/08/05 10:52:58.934, 21096, 100
2026/08/05 10:52:59.935, 21096, 100
2026/08/05 10:53:00.935, 21096, 66
2026/08/05 10:53:01.935, 21096, 100
2026/08/05 10:53:02.935, 21096, 100
2026/08/05 10:53:03.936, 21096, 100
2026/08/05 10:53:04.951, 21096, 100
2026/08/05 10:53:05.967, 21096, 100
2026/08/05 10:53:06.980, 21096, 100
2026/08/05 10:53:07.992, 21096, 100
2026/08/05 10:53:09.003, 21096, 100
2026/08/05 10:53:10.012, 21096, 100
2026/08/05 10:53:11.020, 21096, 87
2026/08/05 10:53:12.028, 21096, 100
2026/08/05 10:53:13.034, 21096, 100
2026/08/05 10:53:14.040, 21096, 100
2026/08/05 10:53:15.156, 21096, 100
2026/08/05 10:53:16.161, 21096, 100
2026/08/05 10:53:17.166, 21096, 100
2026/08/05 10:53:18.170, 21096, 100
2026/08/05 10:53:19.174, 21096, 100
2026/08/05 10:53:20.178, 21096, 100
2026/08/05 10:53:21.181, 21096, 100
2026/08/05 10:53:22.184, 21096, 86
2026/08/05 10:53:23.186, 21096, 100
2026/08/05 10:53:24.188, 21096, 85
2026/08/05 10:53:25.191, 21096, 100
2026/08/05 10:53:26.193, 21096, 100
2026/08/05 10:53:27.195, 21096, 100
2026/08/05 10:53:28.198, 21096, 100
2026/08/05 10:53:29.200, 21096, 100
2026/08/05 10:53:30.201, 21096, 86
2026/08/05 10:53:31.203, 21096, 100
2026/08/05 10:53:32.204, 21096, 100
2026/08/05 10:53:33.205, 21096, 100
2026/08/05 10:53:34.207, 21096, 100
2026/08/05 10:53:35.208, 21096, 100
2026/08/05 10:53:36.209, 21096, 100
2026/08/05 10:53:37.209, 21096, 100
2026/08/05 10:53:38.209, 21096, 100
2026/08/05 10:53:39.210, 21096, 100
2026/08/05 10:53:40.210, 21096, 100
2026/08/05 10:53:41.210, 21096, 100
2026/08/05 10:53:42.210, 21096, 100
2026/08/05 10:53:43.211, 21096, 100
2026/08/05 10:53:44.211, 21096, 100
2026/08/05 10:53:45.211, 21096, 100
2026/08/05 10:53:46.212, 21096, 100
2026/08/05 10:53:47.212, 21096, 100
2026/08/05 10:53:48.212, 21096, 86
2026/08/05 10:53:49.212, 21096, 100
2026/08/05 10:53:50.213, 21096, 84
2026/08/05 10:53:51.213, 21096, 100
2026/08/05 10:53:52.213, 21096, 100
2026/08/05 10:53:53.213, 21096, 84
2026/08/05 10:53:54.214, 21096, 100
2026/08/05 10:53:55.214, 21096, 100
2026/08/05 10:53:56.214, 21096, 100
2026/08/05 10:53:57.215, 21096, 100
2026/08/05 10:53:58.215, 21096, 100
2026/08/05 10:53:59.215, 21096, 84
2026/08/05 10:54:00.216, 21096, 84
2026/08/05 10:54:01.216, 21096, 100
2026/08/05 10:54:02.216, 21096, 100
2026/08/05 10:54:03.217, 21096, 100
2026/08/05 10:54:04.217, 21096, 100
2026/08/05 10:54:05.217, 21096, 82
2026/08/05 10:54:06.218, 21096, 100
2026/08/05 10:54:07.218, 21096, 100
2026/08/05 10:54:08.219, 21096, 100
2026/08/05 10:54:09.219, 21096, 100
2026/08/05 10:54:10.219, 21096, 100
2026/08/05 10:54:11.219, 21096, 100
2026/08/05 10:54:12.220, 21096, 100
2026/08/05 10:54:13.220, 21096, 100
2026/08/05 10:54:14.220, 21096, 100
2026/08/05 10:54:15.220, 21096, 84
2026/08/05 10:54:16.221, 21096, 100
2026/08/05 10:54:17.221, 21096, 66
2026/08/05 10:54:18.221, 21096, 100
2026/08/05 10:54:19.221, 21096, 100
2026/08/05 10:54:20.222, 21096, 100
2026/08/05 10:54:21.222, 21096, 100
2026/08/05 10:54:22.222, 21096, 100
2026/08/05 10:54:23.222, 21096, 100
2026/08/05 10:54:24.223, 21096, 100
2026/08/05 10:54:25.223, 21096, 100
2026/08/05 10:54:26.223, 21096, 100
2026/08/05 10:54:27.223, 21096, 100
2026/08/05 10:54:28.223, 21096, 100
2026/08/05 10:54:29.224, 21096, 100
2026/08/05 10:54:30.224, 21096, 100
2026/08/05 10:54:31.224, 21096, 100
2026/08/05 10:54:32.224, 21096, 100
2026/08/05 10:54:33.225, 21096, 100
2026/08/05 10:54:34.225, 21096, 100
2026/08/05 10:54:35.225, 21096, 100
2026/08/05 10:54:36.226, 21096, 100
2026/08/05 10:54:37.226, 21096, 100
2026/08/05 10:54:38.226, 21096, 100
2026/08/05 10:54:39.226, 21096, 100
2026/08/05 10:54:40.226, 21096, 100
2026/08/05 10:54:41.227, 21096, 100
2026/08/05 10:54:42.227, 21096, 100
2026/08/05 10:54:43.227, 21096, 100
2026/08/05 10:54:44.227, 21096, 100
2026/08/05 10:54:45.228, 21096, 100
2026/08/05 10:54:46.228, 21096, 100
2026/08/05 10:54:47.228, 21096, 100
2026/08/05 10:54:48.228, 21096, 100
2026/08/05 10:54:49.229, 21096, 100
2026/08/05 10:54:50.229, 21096, 100
2026/08/05 10:54:51.229, 21096, 63
2026/08/05 10:54:52.229, 21096, 100
2026/08/05 10:54:53.229, 21096, 84
2026/08/05 10:54:54.230, 21096, 100
2026/08/05 10:54:55.230, 21096, 100
2026/08/05 10:54:56.230, 21096, 0
2026/08/05 10:54:57.230, 21096, 100
2026/08/05 10:54:58.231, 21096, 100
2026/08/05 10:54:59.231, 21096, 88
2026/08/05 10:55:00.231, 21096, 100
2026/08/05 10:55:01.231, 21096, 100
2026/08/05 10:55:02.231, 21096, 100
2026/08/05 10:55:03.232, 21096, 100
2026/08/05 10:55:04.232, 21096, 100
2026/08/05 10:55:05.232, 21096, 89
2026/08/05 10:55:06.232, 21096, 85
2026/08/05 10:55:07.233, 21096, 100
2026/08/05 10:55:08.233, 21096, 100
2026/08/05 10:55:09.233, 21096, 100
2026/08/05 10:55:10.233, 21096, 100
2026/08/05 10:55:11.234, 21096, 100
2026/08/05 10:55:12.234, 21096, 65
2026/08/05 10:55:13.234, 21096, 100
2026/08/05 10:55:14.234, 21096, 100
2026/08/05 10:55:15.235, 21096, 100
2026/08/05 10:55:16.235, 21096, 66
2026/08/05 10:55:17.235, 21096, 100
2026/08/05 10:55:18.235, 21096, 100
2026/08/05 10:55:19.235, 21096, 100
2026/08/05 10:55:20.236, 21096, 100
2026/08/05 10:55:21.236, 21096, 100
2026/08/05 10:55:22.236, 21096, 100
2026/08/05 10:55:23.236, 21096, 100
2026/08/05 10:55:24.237, 21096, 100
2026/08/05 10:55:25.237, 21096, 100
2026/08/05 10:55:26.237, 21096, 100
2026/08/05 10:55:27.237, 21096, 64
2026/08/05 10:55:28.237, 21096, 85
2026/08/05 10:55:29.238, 21096, 100
2026/08/05 10:55:30.238, 21096, 100
2026/08/05 10:55:31.238, 21096, 100
2026/08/05 10:55:32.238, 21096, 98
2026/08/05 10:55:33.239, 21096, 84
2026/08/05 10:55:34.239, 21096, 100
2026/08/05 10:55:35.239, 21096, 86
2026/08/05 10:55:36.239, 21096, 100
2026/08/05 10:55:37.240, 21096, 100
2026/08/05 10:55:38.240, 21096, 100
2026/08/05 10:55:39.240, 21096, 100
2026/08/05 10:55:40.241, 21096, 100
2026/08/05 10:55:41.241, 21096, 100
2026/08/05 10:55:42.241, 21096, 100
2026/08/05 10:55:43.242, 21096, 100
2026/08/05 10:55:44.242, 21096, 94
2026/08/05 10:55:45.242, 21096, 100
2026/08/05 10:55:46.242, 21096, 100
2026/08/05 10:55:47.243, 21096, 100
2026/08/05 10:55:48.243, 21096, 100
2026/08/05 10:55:49.243, 21096, 100
2026/08/05 10:55:50.244, 21096, 100
2026/08/05 10:55:51.244, 21096, 100
2026/08/05 10:55:52.244, 21096, 100
2026/08/05 10:55:53.244, 21096, 100
2026/08/05 10:55:54.245, 21096, 100
2026/08/05 10:55:55.245, 21096, 100
2026/08/05 10:55:56.245, 21096, 100
2026/08/05 10:55:57.246, 21096, 99
2026/08/05 10:55:58.246, 21096, 84
2026/08/05 10:55:59.246, 21096, 100
2026/08/05 10:56:00.246, 21096, 100
2026/08/05 10:56:01.247, 21096, 100
2026/08/05 10:56:02.247, 21096, 74
2026/08/05 10:56:03.247, 21096, 86
2026/08/05 10:56:04.247, 21096, 100
2026/08/05 10:56:05.248, 21096, 100
2026/08/05 10:56:06.248, 21096, 100
2026/08/05 10:56:07.248, 21096, 100
2026/08/05 10:56:08.248, 21096, 100
2026/08/05 10:56:09.249, 21096, 100
2026/08/05 10:56:10.249, 21096, 100
2026/08/05 10:56:11.249, 21096, 100
2026/08/05 10:56:12.249, 21096, 84
2026/08/05 10:56:13.250, 21096, 85
2026/08/05 10:56:14.250, 21096, 100
2026/08/05 10:56:15.250, 21096, 100
2026/08/05 10:56:16.250, 21096, 100
2026/08/05 10:56:17.250, 21096, 84
2026/08/05 10:56:18.253, 21096, 100
2026/08/05 10:56:19.262, 21096, 84
2026/08/05 10:56:20.270, 21096, 100
2026/08/05 10:56:21.278, 21096, 100
2026/08/05 10:56:22.285, 21096, 86
2026/08/05 10:56:23.293, 21096, 100
2026/08/05 10:56:24.299, 21096, 100
2026/08/05 10:56:25.305, 21096, 100
2026/08/05 10:56:26.312, 21096, 100
2026/08/05 10:56:27.317, 21096, 100
2026/08/05 10:56:28.323, 21096, 100
2026/08/05 10:56:29.328, 21096, 100
2026/08/05 10:56:30.333, 21096, 100
2026/08/05 10:56:31.338, 21096, 100
2026/08/05 10:56:32.343, 21096, 100
2026/08/05 10:56:33.347, 21096, 100
2026/08/05 10:56:34.351, 21096, 100
2026/08/05 10:56:35.356, 21096, 100
2026/08/05 10:56:36.359, 21096, 100
2026/08/05 10:56:37.362, 21096, 84
2026/08/05 10:56:38.366, 21096, 100
2026/08/05 10:56:39.369, 21096, 100
2026/08/05 10:56:40.372, 21096, 100
2026/08/05 10:56:41.376, 21096, 100
2026/08/05 10:56:42.380, 21096, 100
2026/08/05 10:56:43.382, 21096, 100
2026/08/05 10:56:44.385, 21096, 100
2026/08/05 10:56:45.387, 21096, 100
2026/08/05 10:56:46.389, 21096, 100
2026/08/05 10:56:47.392, 21096, 100
2026/08/05 10:56:48.394, 21096, 100
2026/08/05 10:56:49.396, 21096, 100
2026/08/05 10:56:50.398, 21096, 69
2026/08/05 10:56:51.400, 21096, 100
2026/08/05 10:56:52.403, 21096, 100
2026/08/05 10:56:53.405, 21096, 100
2026/08/05 10:56:54.407, 21096, 100
2026/08/05 10:56:55.410, 21096, 100
2026/08/05 10:56:56.412, 21096, 100
2026/08/05 10:56:57.414, 21096, 85
2026/08/05 10:56:58.416, 21096, 100
2026/08/05 10:56:59.418, 21096, 100
2026/08/05 10:57:00.419, 21096, 100
2026/08/05 10:57:01.421, 21096, 100
2026/08/05 10:57:02.422, 21096, 100
2026/08/05 10:57:03.424, 21096, 100
2026/08/05 10:57:04.426, 21096, 100
2026/08/05 10:57:05.427, 21096, 77
2026/08/05 10:57:06.428, 21096, 100
2026/08/05 10:57:07.430, 21096, 100
2026/08/05 10:57:08.431, 21096, 100
2026/08/05 10:57:09.432, 21096, 100
2026/08/05 10:57:10.434, 21096, 100
2026/08/05 10:57:11.435, 21096, 84
2026/08/05 10:57:12.437, 21096, 100
2026/08/05 10:57:13.438, 21096, 100
2026/08/05 10:57:14.439, 21096, 100
2026/08/05 10:57:15.441, 21096, 100
2026/08/05 10:57:16.442, 21096, 100
2026/08/05 10:57:17.444, 21096, 100
2026/08/05 10:57:18.445, 21096, 100
2026/08/05 10:57:19.446, 21096, 100
2026/08/05 10:57:20.448, 21096, 100
2026/08/05 10:57:21.452, 21096, 100
2026/08/05 10:57:22.453, 21096, 100
2026/08/05 10:57:23.454, 21096, 100
2026/08/05 10:57:24.454, 21096, 100
2026/08/05 10:57:25.454, 21096, 100
2026/08/05 10:57:26.455, 21096, 100
2026/08/05 10:57:27.455, 21096, 100
2026/08/05 10:57:28.455, 21096, 100
2026/08/05 10:57:29.456, 21096, 100
2026/08/05 10:57:30.456, 21096, 100
2026/08/05 10:57:31.456, 21096, 100
2026/08/05 10:57:32.457, 21096, 100
2026/08/05 10:57:33.457, 21096, 94
2026/08/05 10:57:34.457, 21096, 85
2026/08/05 10:57:35.457, 21096, 85
2026/08/05 10:57:36.457, 21096, 91
2026/08/05 10:57:37.458, 21096, 100
2026/08/05 10:57:38.458, 21096, 100
2026/08/05 10:57:39.458, 21096, 100
2026/08/05 10:57:40.458, 21096, 100
2026/08/05 10:57:41.459, 21096, 64
2026/08/05 10:57:42.459, 21096, 100
2026/08/05 10:57:43.459, 21096, 100
2026/08/05 10:57:44.459, 21096, 100
2026/08/05 10:57:45.459, 21096, 100
2026/08/05 10:57:46.460, 21096, 100
2026/08/05 10:57:47.460, 21096, 100
2026/08/05 10:57:48.460, 21096, 100
2026/08/05 10:57:49.460, 21096, 100
2026/08/05 10:57:50.460, 21096, 100
2026/08/05 10:57:51.461, 21096, 100
2026/08/05 10:57:52.461, 21096, 84
2026/08/05 10:57:53.461, 21096, 63
2026/08/05 10:57:54.461, 21096, 100
2026/08/05 10:57:55.462, 21096, 85
2026/08/05 10:57:56.462, 21096, 100
2026/08/05 10:57:57.463, 21096, 100
2026/08/05 10:57:58.463, 21096, 100
2026/08/05 10:57:59.463, 21096, 100
2026/08/05 10:58:00.463, 21096, 85
2026/08/05 10:58:01.466, 21096, 100
2026/08/05 10:58:02.467, 21096, 100
2026/08/05 10:58:03.467, 21096, 100
2026/08/05 10:58:04.467, 21096, 83
2026/08/05 10:58:05.468, 21096, 83
2026/08/05 10:58:06.468, 21096, 100
2026/08/05 10:58:07.469, 21096, 100
2026/08/05 10:58:08.469, 21096, 100
2026/08/05 10:58:09.469, 21096, 100
2026/08/05 10:58:10.469, 21096, 100
2026/08/05 10:58:11.470, 21096, 64
2026/08/05 10:58:12.470, 21096, 84
2026/08/05 10:58:13.471, 21096, 100
2026/08/05 10:58:14.471, 21096, 100
2026/08/05 10:58:15.471, 21096, 100
2026/08/05 10:58:16.471, 21096, 97
2026/08/05 10:58:17.472, 21096, 100
2026/08/05 10:58:18.472, 21096, 100
2026/08/05 10:58:19.473, 21096, 97
2026/08/05 10:58:20.473, 21096, 100
2026/08/05 10:58:21.473, 21096, 65
2026/08/05 10:58:22.474, 21096, 100
2026/08/05 10:58:23.474, 21096, 100
2026/08/05 10:58:24.474, 21096, 100
2026/08/05 10:58:25.474, 21096, 100
2026/08/05 10:58:26.475, 21096, 100
2026/08/05 10:58:27.475, 21096, 100
2026/08/05 10:58:28.475, 21096, 100
2026/08/05 10:58:29.476, 21096, 100
2026/08/05 10:58:30.476, 21096, 100
2026/08/05 10:58:31.476, 21096, 100
2026/08/05 10:58:32.477, 21096, 100
2026/08/05 10:58:33.477, 21096, 100
2026/08/05 10:58:34.478, 21096, 100
2026/08/05 10:58:35.478, 21096, 100
2026/08/05 10:58:36.478, 21096, 100
2026/08/05 10:58:37.479, 21096, 100
2026/08/05 10:58:38.479, 21096, 100
2026/08/05 10:58:39.479, 21096, 54
2026/08/05 10:58:40.479, 21096, 100
2026/08/05 10:58:41.480, 21096, 100
2026/08/05 10:58:42.480, 21096, 100
2026/08/05 10:58:43.480, 21096, 100
2026/08/05 10:58:44.481, 21096, 100
2026/08/05 10:58:45.481, 21096, 100
2026/08/05 10:58:46.481, 21096, 100
2026/08/05 10:58:47.481, 21096, 100
2026/08/05 10:58:48.482, 21096, 100
2026/08/05 10:58:49.482, 21096, 100
2026/08/05 10:58:50.482, 21096, 100
2026/08/05 10:58:51.483, 21096, 69
2026/08/05 10:58:52.483, 21096, 100
2026/08/05 10:58:53.483, 21096, 100
2026/08/05 10:58:54.483, 21096, 100
2026/08/05 10:58:55.484, 21096, 58
2026/08/05 10:58:56.484, 21096, 100
2026/08/05 10:58:57.484, 21096, 100
2026/08/05 10:58:58.485, 21096, 90
2026/08/05 10:58:59.485, 21096, 100
2026/08/05 10:59:00.485, 21096, 100
2026/08/05 10:59:01.485, 21096, 100
2026/08/05 10:59:02.485, 21096, 100
2026/08/05 10:59:03.486, 21096, 100
2026/08/05 10:59:04.486, 21096, 84
2026/08/05 10:59:05.486, 21096, 100
2026/08/05 10:59:06.486, 21096, 100
2026/08/05 10:59:07.487, 21096, 100
2026/08/05 10:59:08.487, 21096, 100
2026/08/05 10:59:09.487, 21096, 100
2026/08/05 10:59:10.487, 21096, 100
2026/08/05 10:59:11.488, 21096, 100
2026/08/05 10:59:12.488, 21096, 100
2026/08/05 10:59:13.488, 21096, 67
2026/08/05 10:59:14.488, 21096, 100
2026/08/05 10:59:15.489, 21096, 100
2026/08/05 10:59:16.489, 21096, 100
2026/08/05 10:59:17.489, 21096, 85
2026/08/05 10:59:18.489, 21096, 65
2026/08/05 10:59:19.490, 21096, 100
2026/08/05 10:59:20.490, 21096, 100
2026/08/05 10:59:21.490, 21096, 100
2026/08/05 10:59:22.491, 21096, 100
2026/08/05 10:59:23.491, 21096, 64
2026/08/05 10:59:24.491, 21096, 100
2026/08/05 10:59:25.492, 21096, 100
2026/08/05 10:59:26.492, 21096, 100
2026/08/05 10:59:27.492, 21096, 66
2026/08/05 10:59:28.493, 21096, 100
2026/08/05 10:59:29.493, 21096, 100
2026/08/05 10:59:30.493, 21096, 100
2026/08/05 10:59:31.493, 21096, 100
2026/08/05 10:59:32.493, 21096, 100
2026/08/05 10:59:33.494, 21096, 67
2026/08/05 10:59:34.494, 21096, 100
2026/08/05 10:59:35.494, 21096, 86
2026/08/05 10:59:36.494, 21096, 100
2026/08/05 10:59:37.495, 21096, 100
2026/08/05 10:59:38.495, 21096, 100
2026/08/05 10:59:39.495, 21096, 100
2026/08/05 10:59:40.495, 21096, 100
2026/08/05 10:59:41.495, 21096, 100
2026/08/05 10:59:42.496, 21096, 100
2026/08/05 10:59:43.496, 21096, 100
2026/08/05 10:59:44.496, 21096, 100
2026/08/05 10:59:45.496, 21096, 100
2026/08/05 10:59:46.497, 21096, 100
2026/08/05 10:59:47.497, 21096, 100
2026/08/05 10:59:48.497, 21096, 100
2026/08/05 10:59:49.497, 21096, 100
2026/08/05 10:59:50.498, 21096, 100
2026/08/05 10:59:51.498, 21096, 100
2026/08/05 10:59:52.498, 21096, 100
2026/08/05 10:59:53.499, 21096, 100
2026/08/05 10:59:54.499, 21096, 100
2026/08/05 10:59:55.500, 21096, 100
2026/08/05 10:59:56.500, 21096, 100
2026/08/05 10:59:57.501, 21096, 100
2026/08/05 10:59:58.501, 21096, 100
2026/08/05 10:59:59.501, 21096, 84
2026/08/05 11:00:00.502, 21096, 100
2026/08/05 11:00:01.502, 21096, 100
2026/08/05 11:00:02.502, 21096, 100
2026/08/05 11:00:03.503, 21096, 100
2026/08/05 11:00:04.503, 21096, 90
2026/08/05 11:00:05.503, 21096, 100
2026/08/05 11:00:06.504, 21096, 100
2026/08/05 11:00:07.504, 21096, 100
2026/08/05 11:00:08.504, 21096, 100
2026/08/05 11:00:09.505, 21096, 100
2026/08/05 11:00:10.505, 21096, 100
2026/08/05 11:00:11.505, 21096, 100
2026/08/05 11:00:12.506, 21096, 100
2026/08/05 11:00:13.506, 21096, 100
2026/08/05 11:00:14.506, 21096, 100
2026/08/05 11:00:15.506, 21096, 86
2026/08/05 11:00:16.507, 21096, 100
2026/08/05 11:00:17.508, 21096, 100
2026/08/05 11:00:18.508, 21096, 100
2026/08/05 11:00:19.508, 21096, 100
2026/08/05 11:00:20.509, 21096, 100
2026/08/05 11:00:21.509, 21096, 100
2026/08/05 11:00:22.509, 21096, 100
2026/08/05 11:00:23.509, 21096, 100
2026/08/05 11:00:24.510, 21096, 100
2026/08/05 11:00:25.510, 21096, 100
2026/08/05 11:00:26.510, 21096, 100
2026/08/05 11:00:27.511, 21096, 100
2026/08/05 11:00:28.511, 21096, 100
2026/08/05 11:00:29.511, 21096, 100
2026/08/05 11:00:30.512, 21096, 100
2026/08/05 11:00:31.512, 21096, 100
2026/08/05 11:00:32.512, 21096, 100
2026/08/05 11:00:33.513, 21096, 100
2026/08/05 11:00:34.513, 21096, 100
2026/08/05 11:00:35.513, 21096, 100
2026/08/05 11:00:36.513, 21096, 84
2026/08/05 11:00:37.515, 21096, 87
2026/08/05 11:00:38.516, 21096, 100
2026/08/05 11:00:39.518, 21096, 100
2026/08/05 11:00:40.519, 21096, 100
2026/08/05 11:00:41.521, 21096, 85
2026/08/05 11:00:42.522, 21096, 86
2026/08/05 11:00:43.524, 21096, 100
2026/08/05 11:00:44.525, 21096, 100
2026/08/05 11:00:45.526, 21096, 100
2026/08/05 11:00:46.528, 21096, 100
2026/08/05 11:00:47.529, 21096, 100
2026/08/05 11:00:48.531, 21096, 100
2026/08/05 11:00:49.532, 21096, 100
2026/08/05 11:00:50.533, 21096, 100
2026/08/05 11:00:51.535, 21096, 100
2026/08/05 11:00:52.536, 21096, 100
2026/08/05 11:00:53.537, 21096, 62
2026/08/05 11:00:54.538, 21096, 84
2026/08/05 11:00:55.539, 21096, 100
2026/08/05 11:00:56.541, 21096, 100
2026/08/05 11:00:57.542, 21096, 85
2026/08/05 11:00:58.543, 21096, 100
2026/08/05 11:00:59.544, 21096, 100
2026/08/05 11:01:00.546, 21096, 100
2026/08/05 11:01:01.547, 21096, 100
2026/08/05 11:01:02.548, 21096, 93
2026/08/05 11:01:03.549, 21096, 85
2026/08/05 11:01:04.551, 21096, 100
2026/08/05 11:01:05.552, 21096, 100
2026/08/05 11:01:06.553, 21096, 81
2026/08/05 11:01:07.553, 21096, 100
2026/08/05 11:01:08.554, 21096, 100
2026/08/05 11:01:09.554, 21096, 100
2026/08/05 11:01:10.554, 21096, 100
2026/08/05 11:01:11.555, 21096, 100
2026/08/05 11:01:12.555, 21096, 100
2026/08/05 11:01:13.555, 21096, 100
2026/08/05 11:01:14.555, 21096, 100
2026/08/05 11:01:15.556, 21096, 100
2026/08/05 11:01:16.556, 21096, 100
2026/08/05 11:01:17.556, 21096, 100
2026/08/05 11:01:18.556, 21096, 100
2026/08/05 11:01:19.557, 21096, 100
2026/08/05 11:01:20.557, 21096, 90
2026/08/05 11:01:21.557, 21096, 100
2026/08/05 11:01:22.557, 21096, 100
2026/08/05 11:01:23.558, 21096, 100
2026/08/05 11:01:24.558, 21096, 100
2026/08/05 11:01:25.558, 21096, 100
2026/08/05 11:01:26.559, 21096, 82
2026/08/05 11:01:27.559, 21096, 82
2026/08/05 11:01:28.559, 21096, 100
2026/08/05 11:01:29.560, 21096, 100
2026/08/05 11:01:30.560, 21096, 100
2026/08/05 11:01:31.560, 21096, 82
2026/08/05 11:01:32.561, 21096, 100
2026/08/05 11:01:33.563, 21096, 100
2026/08/05 11:01:34.563, 21096, 100
2026/08/05 11:01:35.563, 21096, 88
2026/08/05 11:01:36.564, 21096, 100
2026/08/05 11:01:37.564, 21096, 100
2026/08/05 11:01:38.564, 21096, 100
2026/08/05 11:01:39.564, 21096, 82
2026/08/05 11:01:40.565, 21096, 100
2026/08/05 11:01:41.565, 21096, 100
2026/08/05 11:01:42.565, 21096, 100
2026/08/05 11:01:43.566, 21096, 100
2026/08/05 11:01:44.566, 21096, 100
2026/08/05 11:01:45.566, 21096, 100
2026/08/05 11:01:46.566, 21096, 100
2026/08/05 11:01:47.567, 21096, 100
2026/08/05 11:01:48.567, 21096, 100
2026/08/05 11:01:49.567, 21096, 100
2026/08/05 11:01:50.568, 21096, 100
2026/08/05 11:01:51.568, 21096, 100
2026/08/05 11:01:52.568, 21096, 100
2026/08/05 11:01:53.569, 21096, 84
2026/08/05 11:01:54.569, 21096, 100
2026/08/05 11:01:55.569, 21096, 100
2026/08/05 11:01:56.569, 21096, 100
2026/08/05 11:01:57.570, 21096, 100
2026/08/05 11:01:58.570, 21096, 100
2026/08/05 11:01:59.570, 21096, 100
2026/08/05 11:02:00.570, 21096, 100
2026/08/05 11:02:01.571, 21096, 100
2026/08/05 11:02:02.571, 21096, 100
2026/08/05 11:02:03.571, 21096, 100
2026/08/05 11:02:04.572, 21096, 100
2026/08/05 11:02:05.572, 21096, 100
2026/08/05 11:02:06.573, 21096, 100
2026/08/05 11:02:07.573, 21096, 62
2026/08/05 11:02:08.573, 21096, 100
2026/08/05 11:02:09.573, 21096, 100
2026/08/05 11:02:10.574, 21096, 100
2026/08/05 11:02:11.574, 21096, 100
2026/08/05 11:02:12.574, 21096, 63
2026/08/05 11:02:13.578, 21096, 86
2026/08/05 11:02:14.578, 21096, 100
2026/08/05 11:02:15.578, 21096, 62
2026/08/05 11:02:16.578, 21096, 100
2026/08/05 11:02:17.579, 21096, 86
2026/08/05 11:02:18.579, 21096, 64
2026/08/05 11:02:19.579, 21096, 100
2026/08/05 11:02:20.579, 21096, 100
2026/08/05 11:02:21.579, 21096, 100
2026/08/05 11:02:22.579, 21096, 100
2026/08/05 11:02:23.580, 21096, 100
2026/08/05 11:02:24.580, 21096, 100
2026/08/05 11:02:25.580, 21096, 81
2026/08/05 11:02:26.580, 21096, 100
2026/08/05 11:02:27.581, 21096, 100
2026/08/05 11:02:28.581, 21096, 100
2026/08/05 11:02:29.581, 21096, 100
2026/08/05 11:02:30.582, 21096, 85
2026/08/05 11:02:31.582, 21096, 100
2026/08/05 11:02:32.582, 21096, 100
2026/08/05 11:02:33.582, 21096, 83
2026/08/05 11:02:34.583, 21096, 100
2026/08/05 11:02:35.583, 21096, 100
2026/08/05 11:02:36.583, 21096, 100
2026/08/05 11:02:37.583, 21096, 100
2026/08/05 11:02:38.584, 21096, 100
2026/08/05 11:02:39.584, 21096, 100
2026/08/05 11:02:40.584, 21096, 100
2026/08/05 11:02:41.584, 21096, 100
2026/08/05 11:02:42.584, 21096, 84
2026/08/05 11:02:43.585, 21096, 100
2026/08/05 11:02:44.585, 21096, 100
2026/08/05 11:02:45.585, 21096, 100
2026/08/05 11:02:46.585, 21096, 100
2026/08/05 11:02:47.585, 21096, 100
2026/08/05 11:02:48.585, 21096, 100
2026/08/05 11:02:49.586, 21096, 100
2026/08/05 11:02:50.586, 21096, 97
2026/08/05 11:02:51.587, 21096, 100
2026/08/05 11:02:52.588, 21096, 100
2026/08/05 11:02:53.588, 21096, 100
2026/08/05 11:02:54.588, 21096, 100
2026/08/05 11:02:55.588, 21096, 100
2026/08/05 11:02:56.589, 21096, 100
2026/08/05 11:02:57.590, 21096, 81
2026/08/05 11:02:58.591, 21096, 62
2026/08/05 11:02:59.593, 21096, 94
2026/08/05 11:03:00.594, 21096, 63
2026/08/05 11:03:01.595, 21096, 87
2026/08/05 11:03:02.597, 21096, 100
2026/08/05 11:03:03.598, 21096, 100
2026/08/05 11:03:04.599, 21096, 64
2026/08/05 11:03:05.601, 21096, 84
2026/08/05 11:03:06.602, 21096, 100
2026/08/05 11:03:07.603, 21096, 100
2026/08/05 11:03:08.605, 21096, 90
2026/08/05 11:03:09.606, 21096, 82
2026/08/05 11:03:10.607, 21096, 100
2026/08/05 11:03:11.608, 21096, 100
2026/08/05 11:03:12.609, 21096, 100
2026/08/05 11:03:13.611, 21096, 100
2026/08/05 11:03:14.612, 21096, 100
2026/08/05 11:03:15.613, 21096, 100
2026/08/05 11:03:16.615, 21096, 100
2026/08/05 11:03:17.616, 21096, 100
2026/08/05 11:03:18.618, 21096, 100
2026/08/05 11:03:19.619, 21096, 61
2026/08/05 11:03:20.620, 21096, 100
2026/08/05 11:03:21.622, 21096, 100
2026/08/05 11:03:22.623, 21096, 100
2026/08/05 11:03:23.624, 21096, 100
2026/08/05 11:03:24.626, 21096, 63
2026/08/05 11:03:25.627, 21096, 100
2026/08/05 11:03:26.628, 21096, 100
2026/08/05 11:03:27.629, 21096, 100
2026/08/05 11:03:28.631, 21096, 63
2026/08/05 11:03:29.632, 21096, 84
2026/08/05 11:03:30.633, 21096, 100
2026/08/05 11:03:31.634, 21096, 100
2026/08/05 11:03:32.635, 21096, 100
2026/08/05 11:03:33.637, 21096, 100
2026/08/05 11:03:34.638, 21096, 100
2026/08/05 11:03:35.639, 21096, 100
2026/08/05 11:03:36.641, 21096, 100
2026/08/05 11:03:37.642, 21096, 100
2026/08/05 11:03:38.643, 21096, 86
2026/08/05 11:03:39.645, 21096, 100
2026/08/05 11:03:40.646, 21096, 82
2026/08/05 11:03:41.648, 21096, 100
2026/08/05 11:03:42.649, 21096, 84
2026/08/05 11:03:43.650, 21096, 100
2026/08/05 11:03:44.652, 21096, 100
2026/08/05 11:03:45.653, 21096, 100
2026/08/05 11:03:46.654, 21096, 100
2026/08/05 11:03:47.656, 21096, 85
2026/08/05 11:03:48.657, 21096, 100
2026/08/05 11:03:49.658, 21096, 100
2026/08/05 11:03:50.660, 21096, 100
2026/08/05 11:03:51.661, 21096, 100
2026/08/05 11:03:52.663, 21096, 100
2026/08/05 11:03:53.664, 21096, 100
2026/08/05 11:03:54.665, 21096, 100
2026/08/05 11:03:55.667, 21096, 100
2026/08/05 11:03:56.668, 21096, 100
2026/08/05 11:03:57.670, 21096, 100
2026/08/05 11:03:58.671, 21096, 100
2026/08/05 11:03:59.673, 21096, 100
2026/08/05 11:04:00.674, 21096, 100
2026/08/05 11:04:01.675, 21096, 100
2026/08/05 11:04:02.677, 21096, 100
2026/08/05 11:04:03.678, 21096, 100
2026/08/05 11:04:04.679, 21096, 100
2026/08/05 11:04:05.681, 21096, 85
2026/08/05 11:04:06.682, 21096, 100
2026/08/05 11:04:07.683, 21096, 100
2026/08/05 11:04:08.684, 21096, 100
2026/08/05 11:04:09.686, 21096, 100
2026/08/05 11:04:10.687, 21096, 79
2026/08/05 11:04:11.688, 21096, 87
2026/08/05 11:04:12.690, 21096, 93
2026/08/05 11:04:13.691, 21096, 90
2026/08/05 11:04:14.692, 21096, 81
2026/08/05 11:04:15.694, 21096, 86
2026/08/05 11:04:16.695, 21096, 100
2026/08/05 11:04:17.696, 21096, 100
2026/08/05 11:04:18.698, 21096, 100
2026/08/05 11:04:19.699, 21096, 100
2026/08/05 11:04:20.701, 21096, 100
2026/08/05 11:04:21.702, 21096, 100
2026/08/05 11:04:22.703, 21096, 100
2026/08/05 11:04:23.704, 21096, 69
2026/08/05 11:04:24.706, 21096, 100
2026/08/05 11:04:25.707, 21096, 100
2026/08/05 11:04:26.708, 21096, 100
2026/08/05 11:04:27.710, 21096, 84
2026/08/05 11:04:28.711, 21096, 100
2026/08/05 11:04:29.712, 21096, 100
2026/08/05 11:04:30.714, 21096, 100
2026/08/05 11:04:31.715, 21096, 100
2026/08/05 11:04:32.716, 21096, 100
2026/08/05 11:04:33.718, 21096, 100
2026/08/05 11:04:34.719, 21096, 100
2026/08/05 11:04:35.720, 21096, 100
2026/08/05 11:04:36.722, 21096, 95
2026/08/05 11:04:37.723, 21096, 100
2026/08/05 11:04:38.724, 21096, 84
2026/08/05 11:04:39.726, 21096, 100
2026/08/05 11:04:40.727, 21096, 100
2026/08/05 11:04:41.728, 21096, 100
2026/08/05 11:04:42.730, 21096, 100
2026/08/05 11:04:43.731, 21096, 100
2026/08/05 11:04:44.732, 21096, 84
2026/08/05 11:04:45.734, 21096, 100
2026/08/05 11:04:46.734, 21096, 96
2026/08/05 11:04:47.736, 21096, 100
2026/08/05 11:04:48.737, 21096, 100
2026/08/05 11:04:49.738, 21096, 100
2026/08/05 11:04:50.740, 21096, 100
2026/08/05 11:04:51.741, 21096, 100
2026/08/05 11:04:52.741, 21096, 100
2026/08/05 11:04:53.742, 21096, 98
2026/08/05 11:04:54.742, 21096, 81
2026/08/05 11:04:55.743, 21096, 100
2026/08/05 11:04:56.743, 21096, 100
2026/08/05 11:04:57.743, 21096, 100
2026/08/05 11:04:58.744, 21096, 65
2026/08/05 11:04:59.744, 21096, 100
2026/08/05 11:05:00.745, 21096, 100
2026/08/05 11:05:01.747, 21096, 100
2026/08/05 11:05:02.747, 21096, 100
2026/08/05 11:05:03.748, 21096, 100
2026/08/05 11:05:04.750, 21096, 100
2026/08/05 11:05:05.751, 21096, 100
2026/08/05 11:05:06.753, 21096, 82
2026/08/05 11:05:07.753, 21096, 100
2026/08/05 11:05:08.753, 21096, 100
2026/08/05 11:05:09.753, 21096, 100
2026/08/05 11:05:10.754, 21096, 100
2026/08/05 11:05:11.754, 21096, 100
2026/08/05 11:05:12.754, 21096, 100
2026/08/05 11:05:13.756, 21096, 100
2026/08/05 11:05:14.757, 21096, 100
2026/08/05 11:05:15.758, 21096, 100
2026/08/05 11:05:16.760, 21096, 79
2026/08/05 11:05:17.761, 21096, 100
2026/08/05 11:05:18.762, 21096, 100
2026/08/05 11:05:19.764, 21096, 100
2026/08/05 11:05:20.765, 21096, 100
2026/08/05 11:05:21.766, 21096, 100
2026/08/05 11:05:22.767, 21096, 100
2026/08/05 11:05:23.767, 21096, 100
2026/08/05 11:05:24.767, 21096, 100
2026/08/05 11:05:25.768, 21096, 100
2026/08/05 11:05:26.769, 21096, 100
2026/08/05 11:05:27.769, 21096, 100
2026/08/05 11:05:28.771, 21096, 100
2026/08/05 11:05:29.771, 21096, 100
2026/08/05 11:05:30.771, 21096, 100
2026/08/05 11:05:31.773, 21096, 100
2026/08/05 11:05:32.773, 21096, 100
2026/08/05 11:05:33.773, 21096, 100
2026/08/05 11:05:34.773, 21096, 100
2026/08/05 11:05:35.774, 21096, 100
2026/08/05 11:05:36.774, 21096, 100
2026/08/05 11:05:37.774, 21096, 100
2026/08/05 11:05:38.774, 21096, 100
2026/08/05 11:05:39.775, 21096, 100
2026/08/05 11:05:40.775, 21096, 100
2026/08/05 11:05:41.775, 21096, 100
2026/08/05 11:05:42.775, 21096, 100
2026/08/05 11:05:43.775, 21096, 100
2026/08/05 11:05:44.776, 21096, 100
2026/08/05 11:05:45.776, 21096, 100
2026/08/05 11:05:46.776, 21096, 100
2026/08/05 11:05:47.776, 21096, 100
2026/08/05 11:05:48.778, 21096, 100
2026/08/05 11:05:49.778, 21096, 100
2026/08/05 11:05:50.778, 21096, 100
2026/08/05 11:05:51.779, 21096, 100
2026/08/05 11:05:52.780, 21096, 100
2026/08/05 11:05:53.780, 21096, 100
2026/08/05 11:05:54.780, 21096, 100
2026/08/05 11:05:55.780, 21096, 100
2026/08/05 11:05:56.781, 21096, 100
2026/08/05 11:05:57.781, 21096, 100
2026/08/05 11:05:58.781, 21096, 100
2026/08/05 11:05:59.782, 21096, 100
2026/08/05 11:06:00.782, 21096, 86
2026/08/05 11:06:01.782, 21096, 100
2026/08/05 11:06:02.783, 21096, 84
2026/08/05 11:06:03.784, 21096, 84
2026/08/05 11:06:04.784, 21096, 83
2026/08/05 11:06:05.785, 21096, 100
2026/08/05 11:06:06.786, 21096, 100
2026/08/05 11:06:07.786, 21096, 100
2026/08/05 11:06:08.786, 21096, 91
2026/08/05 11:06:09.787, 21096, 100
2026/08/05 11:06:10.787, 21096, 100
2026/08/05 11:06:11.787, 21096, 100
2026/08/05 11:06:12.788, 21096, 100
2026/08/05 11:06:13.788, 21096, 100
2026/08/05 11:06:14.788, 21096, 100
2026/08/05 11:06:15.789, 21096, 100
2026/08/05 11:06:16.789, 21096, 100
2026/08/05 11:06:17.790, 21096, 100
2026/08/05 11:06:18.790, 21096, 100
2026/08/05 11:06:19.792, 21096, 100
2026/08/05 11:06:20.792, 21096, 100
2026/08/05 11:06:21.794, 21096, 85
2026/08/05 11:06:22.795, 21096, 100
2026/08/05 11:06:23.796, 21096, 85
2026/08/05 11:06:24.798, 21096, 85
2026/08/05 11:06:25.799, 21096, 84
2026/08/05 11:06:26.800, 21096, 100
2026/08/05 11:06:27.800, 21096, 100
2026/08/05 11:06:28.802, 21096, 84
2026/08/05 11:06:29.802, 21096, 100
2026/08/05 11:06:30.803, 21096, 85
2026/08/05 11:06:31.805, 21096, 100
2026/08/05 11:06:32.806, 21096, 100
2026/08/05 11:06:33.807, 21096, 100
2026/08/05 11:06:34.808, 21096, 100
2026/08/05 11:06:35.809, 21096, 100
2026/08/05 11:06:36.812, 21096, 100
2026/08/05 11:06:37.813, 21096, 84
2026/08/05 11:06:38.814, 21096, 100
2026/08/05 11:06:39.816, 21096, 100
2026/08/05 11:06:40.817, 21096, 100
2026/08/05 11:06:41.818, 21096, 100
2026/08/05 11:06:42.819, 21096, 100
2026/08/05 11:06:43.821, 21096, 100
2026/08/05 11:06:44.822, 21096, 100
2026/08/05 11:06:45.823, 21096, 100
2026/08/05 11:06:46.824, 21096, 100
2026/08/05 11:06:47.824, 21096, 100
2026/08/05 11:06:48.825, 21096, 100
2026/08/05 11:06:49.827, 21096, 100
2026/08/05 11:06:50.827, 21096, 100
2026/08/05 11:06:51.829, 21096, 90
2026/08/05 11:06:52.830, 21096, 100
2026/08/05 11:06:53.831, 21096, 100
2026/08/05 11:06:54.833, 21096, 100
2026/08/05 11:06:55.833, 21096, 100
2026/08/05 11:06:56.833, 21096, 100
2026/08/05 11:06:57.835, 21096, 100
2026/08/05 11:06:58.836, 21096, 100
2026/08/05 11:06:59.837, 21096, 100
2026/08/05 11:07:00.839, 21096, 86
2026/08/05 11:07:01.840, 21096, 100
2026/08/05 11:07:02.840, 21096, 100
2026/08/05 11:07:03.841, 21096, 100
2026/08/05 11:07:04.842, 21096, 100
2026/08/05 11:07:05.843, 21096, 100
2026/08/05 11:07:06.845, 21096, 100
2026/08/05 11:07:07.846, 21096, 69
2026/08/05 11:07:08.847, 21096, 100
2026/08/05 11:07:09.849, 21096, 100
2026/08/05 11:07:10.850, 21096, 69
2026/08/05 11:07:11.851, 21096, 100
2026/08/05 11:07:12.853, 21096, 100
2026/08/05 11:07:13.854, 21096, 100
2026/08/05 11:07:14.855, 21096, 100
2026/08/05 11:07:15.857, 21096, 100
2026/08/05 11:07:16.858, 21096, 100
2026/08/05 11:07:17.859, 21096, 100
2026/08/05 11:07:18.860, 21096, 100
2026/08/05 11:07:19.862, 21096, 100
2026/08/05 11:07:20.863, 21096, 65
2026/08/05 11:07:21.864, 21096, 87
2026/08/05 11:07:22.866, 21096, 100
2026/08/05 11:07:23.867, 21096, 100
2026/08/05 11:07:24.868, 21096, 100
2026/08/05 11:07:25.870, 21096, 100
2026/08/05 11:07:26.871, 21096, 100
2026/08/05 11:07:27.872, 21096, 100
2026/08/05 11:07:28.874, 21096, 100
2026/08/05 11:07:29.875, 21096, 66
2026/08/05 11:07:30.876, 21096, 100
2026/08/05 11:07:31.878, 21096, 86
2026/08/05 11:07:32.879, 21096, 66
2026/08/05 11:07:33.880, 21096, 85
2026/08/05 11:07:34.882, 21096, 100
2026/08/05 11:07:35.883, 21096, 100
2026/08/05 11:07:36.884, 21096, 100
2026/08/05 11:07:37.886, 21096, 100
2026/08/05 11:07:38.887, 21096, 100
2026/08/05 11:07:39.888, 21096, 100
2026/08/05 11:07:40.890, 21096, 100
2026/08/05 11:07:41.891, 21096, 100
2026/08/05 11:07:42.892, 21096, 86
2026/08/05 11:07:43.894, 21096, 94
2026/08/05 11:07:44.895, 21096, 100
2026/08/05 11:07:45.896, 21096, 100
2026/08/05 11:07:46.898, 21096, 100
2026/08/05 11:07:47.899, 21096, 100
2026/08/05 11:07:48.899, 21096, 100
2026/08/05 11:07:49.900, 21096, 100
2026/08/05 11:07:50.902, 21096, 100
2026/08/05 11:07:51.903, 21096, 84
2026/08/05 11:07:52.904, 21096, 100
2026/08/05 11:07:53.905, 21096, 100
2026/08/05 11:07:54.905, 21096, 100
2026/08/05 11:07:55.905, 21096, 100
2026/08/05 11:07:56.905, 21096, 100
2026/08/05 11:07:57.906, 21096, 100
2026/08/05 11:07:58.906, 21096, 100
2026/08/05 11:07:59.907, 21096, 100
2026/08/05 11:08:00.908, 21096, 100
2026/08/05 11:08:01.908, 21096, 100
2026/08/05 11:08:02.908, 21096, 100
2026/08/05 11:08:03.909, 21096, 100
2026/08/05 11:08:04.909, 21096, 86
2026/08/05 11:08:05.909, 21096, 100
2026/08/05 11:08:06.910, 21096, 100
2026/08/05 11:08:07.911, 21096, 100
2026/08/05 11:08:08.911, 21096, 100
2026/08/05 11:08:09.911, 21096, 100
2026/08/05 11:08:10.911, 21096, 93
2026/08/05 11:08:11.913, 21096, 85
2026/08/05 11:08:12.913, 21096, 88
2026/08/05 11:08:13.913, 21096, 100
2026/08/05 11:08:14.914, 21096, 100
2026/08/05 11:08:15.915, 21096, 90
2026/08/05 11:08:16.915, 21096, 100
2026/08/05 11:08:17.915, 21096, 100
2026/08/05 11:08:18.916, 21096, 100
2026/08/05 11:08:19.916, 21096, 100
2026/08/05 11:08:20.917, 21096, 85
2026/08/05 11:08:21.918, 21096, 100
2026/08/05 11:08:22.919, 21096, 100
2026/08/05 11:08:23.921, 21096, 100
2026/08/05 11:08:24.922, 21096, 100
2026/08/05 11:08:25.923, 21096, 100
2026/08/05 11:08:26.923, 21096, 100
2026/08/05 11:08:27.924, 21096, 100
2026/08/05 11:08:28.925, 21096, 67
2026/08/05 11:08:29.926, 21096, 100
2026/08/05 11:08:30.927, 21096, 100
2026/08/05 11:08:31.927, 21096, 100
2026/08/05 11:08:32.927, 21096, 100
2026/08/05 11:08:33.928, 21096, 100
2026/08/05 11:08:34.928, 21096, 100
2026/08/05 11:08:35.928, 21096, 100
2026/08/05 11:08:36.930, 21096, 100
2026/08/05 11:08:37.930, 21096, 85
2026/08/05 11:08:38.930, 21096, 100
2026/08/05 11:08:39.931, 21096, 100
2026/08/05 11:08:40.932, 21096, 100
2026/08/05 11:08:41.933, 21096, 100
2026/08/05 11:08:42.933, 21096, 100
2026/08/05 11:08:43.935, 21096, 100
2026/08/05 11:08:44.935, 21096, 100
2026/08/05 11:08:45.935, 21096, 100
2026/08/05 11:08:46.936, 21096, 100
2026/08/05 11:08:47.937, 21096, 66
2026/08/05 11:08:48.937, 21096, 100
2026/08/05 11:08:49.939, 21096, 100
2026/08/05 11:08:50.940, 21096, 100
2026/08/05 11:08:51.942, 21096, 100
2026/08/05 11:08:52.943, 21096, 100
2026/08/05 11:08:53.945, 21096, 100
2026/08/05 11:08:54.946, 21096, 100
2026/08/05 11:08:55.947, 21096, 84
2026/08/05 11:08:56.948, 21096, 82
2026/08/05 11:08:57.949, 21096, 100
2026/08/05 11:08:58.949, 21096, 100
2026/08/05 11:08:59.950, 21096, 81
2026/08/05 11:09:00.950, 21096, 100
2026/08/05 11:09:01.951, 21096, 100
2026/08/05 11:09:02.951, 21096, 100
2026/08/05 11:09:03.951, 21096, 100
2026/08/05 11:09:04.953, 21096, 100
2026/08/05 11:09:05.953, 21096, 100
2026/08/05 11:09:06.953, 21096, 84
2026/08/05 11:09:07.954, 21096, 95
2026/08/05 11:09:08.954, 21096, 100
2026/08/05 11:09:09.955, 21096, 100
2026/08/05 11:09:10.957, 21096, 85
2026/08/05 11:09:11.958, 21096, 100
2026/08/05 11:09:12.959, 21096, 100
2026/08/05 11:09:13.960, 21096, 100
2026/08/05 11:09:14.961, 21096, 89
2026/08/05 11:09:15.963, 21096, 100
2026/08/05 11:09:16.963, 21096, 100
2026/08/05 11:09:17.964, 21096, 100
2026/08/05 11:09:18.966, 21096, 100
2026/08/05 11:09:19.967, 21096, 100
2026/08/05 11:09:20.968, 21096, 100
2026/08/05 11:09:21.969, 21096, 100
2026/08/05 11:09:22.971, 21096, 100
2026/08/05 11:09:23.972, 21096, 73
2026/08/05 11:09:24.974, 21096, 100
2026/08/05 11:09:25.975, 21096, 83
2026/08/05 11:09:26.976, 21096, 100
2026/08/05 11:09:27.977, 21096, 100
2026/08/05 11:09:28.979, 21096, 100
2026/08/05 11:09:29.980, 21096, 100
2026/08/05 11:09:30.982, 21096, 100
2026/08/05 11:09:31.983, 21096, 100
2026/08/05 11:09:32.984, 21096, 89
2026/08/05 11:09:33.986, 21096, 79
2026/08/05 11:09:34.987, 21096, 85
2026/08/05 11:09:35.988, 21096, 100
2026/08/05 11:09:36.990, 21096, 100
2026/08/05 11:09:37.991, 21096, 100
2026/08/05 11:09:38.992, 21096, 100
2026/08/05 11:09:39.994, 21096, 100
2026/08/05 11:09:40.995, 21096, 100
2026/08/05 11:09:41.996, 21096, 88
2026/08/05 11:09:42.998, 21096, 100
2026/08/05 11:09:43.999, 21096, 100
2026/08/05 11:09:45.000, 21096, 100
2026/08/05 11:09:46.002, 21096, 100
2026/08/05 11:09:47.003, 21096, 100
2026/08/05 11:09:48.004, 21096, 100
2026/08/05 11:09:49.006, 21096, 100
2026/08/05 11:09:50.007, 21096, 100
2026/08/05 11:09:51.008, 21096, 100
2026/08/05 11:09:52.010, 21096, 100
2026/08/05 11:09:53.011, 21096, 81
2026/08/05 11:09:54.012, 21096, 100
2026/08/05 11:09:55.012, 21096, 100
2026/08/05 11:09:56.013, 21096, 100
2026/08/05 11:09:57.015, 21096, 100
2026/08/05 11:09:58.016, 21096, 100
2026/08/05 11:09:59.017, 21096, 83
2026/08/05 11:10:00.019, 21096, 100
2026/08/05 11:10:01.020, 21096, 100
2026/08/05 11:10:02.021, 21096, 100
2026/08/05 11:10:03.023, 21096, 100
2026/08/05 11:10:04.023, 21096, 84
2026/08/05 11:10:05.024, 21096, 64
2026/08/05 11:10:06.026, 21096, 100
2026/08/05 11:10:07.027, 21096, 100
2026/08/05 11:10:08.028, 21096, 100
2026/08/05 11:10:09.030, 21096, 100
2026/08/05 11:10:10.031, 21096, 100
2026/08/05 11:10:11.031, 21096, 100
2026/08/05 11:10:12.033, 21096, 100
2026/08/05 11:10:13.034, 21096, 100
2026/08/05 11:10:14.035, 21096, 100
2026/08/05 11:10:15.037, 21096, 100
2026/08/05 11:10:16.038, 21096, 100
2026/08/05 11:10:17.039, 21096, 100
2026/08/05 11:10:18.041, 21096, 100
2026/08/05 11:10:19.042, 21096, 100
2026/08/05 11:10:20.043, 21096, 100
2026/08/05 11:10:21.045, 21096, 100
2026/08/05 11:10:22.045, 21096, 100
2026/08/05 11:10:23.045, 21096, 83
2026/08/05 11:10:24.047, 21096, 100
2026/08/05 11:10:25.048, 21096, 88
2026/08/05 11:10:26.048, 21096, 100
2026/08/05 11:10:27.048, 21096, 84
2026/08/05 11:10:28.049, 21096, 85
2026/08/05 11:10:29.049, 21096, 100
2026/08/05 11:10:30.050, 21096, 100
2026/08/05 11:10:31.050, 21096, 100
2026/08/05 11:10:32.050, 21096, 100
2026/08/05 11:10:33.051, 21096, 100
2026/08/05 11:10:34.053, 21096, 100
2026/08/05 11:10:35.053, 21096, 100
2026/08/05 11:10:36.054, 21096, 100
2026/08/05 11:10:37.055, 21096, 84
2026/08/05 11:10:38.055, 21096, 100
2026/08/05 11:10:39.056, 21096, 100
2026/08/05 11:10:40.058, 21096, 84
2026/08/05 11:10:41.059, 21096, 86
2026/08/05 11:10:42.060, 21096, 100
2026/08/05 11:10:43.061, 21096, 100
2026/08/05 11:10:44.061, 21096, 100
2026/08/05 11:10:45.062, 21096, 100
2026/08/05 11:10:46.065, 21096, 100
2026/08/05 11:10:47.065, 21096, 100
2026/08/05 11:10:48.066, 21096, 100
2026/08/05 11:10:49.067, 21096, 100
2026/08/05 11:10:50.067, 21096, 100
2026/08/05 11:10:51.068, 21096, 100
2026/08/05 11:10:52.068, 21096, 100
2026/08/05 11:10:53.069, 21096, 100
2026/08/05 11:10:54.070, 21096, 100
2026/08/05 11:10:55.070, 21096, 100
2026/08/05 11:10:56.070, 21096, 100
2026/08/05 11:10:57.072, 21096, 100
2026/08/05 11:10:58.072, 21096, 100
2026/08/05 11:10:59.072, 21096, 100
2026/08/05 11:11:00.074, 21096, 100
2026/08/05 11:11:01.076, 21096, 84
2026/08/05 11:11:02.077, 21096, 63
2026/08/05 11:11:03.079, 21096, 100
2026/08/05 11:11:04.079, 21096, 100
2026/08/05 11:11:05.079, 21096, 100
2026/08/05 11:11:06.082, 21096, 100
2026/08/05 11:11:07.083, 21096, 100
2026/08/05 11:11:08.083, 21096, 100
2026/08/05 11:11:09.084, 21096, 87
2026/08/05 11:11:10.085, 21096, 86
2026/08/05 11:11:11.085, 21096, 100
2026/08/05 11:11:12.086, 21096, 100
2026/08/05 11:11:13.087, 21096, 100
2026/08/05 11:11:14.087, 21096, 100
2026/08/05 11:11:15.087, 21096, 86
2026/08/05 11:11:16.088, 21096, 100
2026/08/05 11:11:17.088, 21096, 100
2026/08/05 11:11:18.089, 21096, 100
2026/08/05 11:11:19.091, 21096, 100
2026/08/05 11:11:20.092, 21096, 100
2026/08/05 11:11:21.094, 21096, 67
2026/08/05 11:11:22.094, 21096, 100
2026/08/05 11:11:23.094, 21096, 100
2026/08/05 11:11:24.095, 21096, 85
2026/08/05 11:11:25.096, 21096, 100
2026/08/05 11:11:26.097, 21096, 100
2026/08/05 11:11:27.099, 21096, 100
2026/08/05 11:11:28.099, 21096, 100
2026/08/05 11:11:29.099, 21096, 100
2026/08/05 11:11:30.101, 21096, 100
2026/08/05 11:11:31.102, 21096, 100
2026/08/05 11:11:32.102, 21096, 100
2026/08/05 11:11:33.103, 21096, 100
2026/08/05 11:11:34.103, 21096, 85
2026/08/05 11:11:35.104, 21096, 68
2026/08/05 11:11:36.105, 21096, 100
2026/08/05 11:11:37.105, 21096, 100
2026/08/05 11:11:38.106, 21096, 94
2026/08/05 11:11:39.107, 21096, 100
2026/08/05 11:11:40.107, 21096, 100
2026/08/05 11:11:41.107, 21096, 100
2026/08/05 11:11:42.108, 21096, 100
2026/08/05 11:11:43.108, 21096, 84
2026/08/05 11:11:44.108, 21096, 100
2026/08/05 11:11:45.109, 21096, 100
2026/08/05 11:11:46.109, 21096, 100
2026/08/05 11:11:47.109, 21096, 100
2026/08/05 11:11:48.110, 21096, 100
2026/08/05 11:11:49.110, 21096, 84
2026/08/05 11:11:50.110, 21096, 83
2026/08/05 11:11:51.110, 21096, 100
2026/08/05 11:11:52.111, 21096, 100
2026/08/05 11:11:53.112, 21096, 100
2026/08/05 11:11:54.113, 21096, 100
2026/08/05 11:11:55.114, 21096, 90
2026/08/05 11:11:56.114, 21096, 100
2026/08/05 11:11:57.116, 21096, 94
2026/08/05 11:11:58.117, 21096, 100
2026/08/05 11:11:59.118, 21096, 100
2026/08/05 11:12:00.118, 21096, 100
2026/08/05 11:12:01.119, 21096, 100
2026/08/05 11:12:02.119, 21096, 100
2026/08/05 11:12:03.120, 21096, 100
2026/08/05 11:12:04.121, 21096, 100
2026/08/05 11:12:05.121, 21096, 100
2026/08/05 11:12:06.121, 21096, 100
2026/08/05 11:12:07.122, 21096, 84
2026/08/05 11:12:08.122, 21096, 100
2026/08/05 11:12:09.122, 21096, 100
2026/08/05 11:12:10.123, 21096, 100
2026/08/05 11:12:11.123, 21096, 100
2026/08/05 11:12:12.123, 21096, 100
2026/08/05 11:12:13.124, 21096, 100
2026/08/05 11:12:14.124, 21096, 100
2026/08/05 11:12:15.124, 21096, 100
2026/08/05 11:12:16.125, 21096, 100
2026/08/05 11:12:17.125, 21096, 100
2026/08/05 11:12:18.125, 21096, 86
2026/08/05 11:12:19.126, 21096, 100
2026/08/05 11:12:20.126, 21096, 100
2026/08/05 11:12:21.126, 21096, 100
2026/08/05 11:12:22.128, 21096, 100
2026/08/05 11:12:23.129, 21096, 100
2026/08/05 11:12:24.130, 21096, 100
2026/08/05 11:12:25.131, 21096, 100
2026/08/05 11:12:26.131, 21096, 100
2026/08/05 11:12:27.132, 21096, 100
2026/08/05 11:12:28.132, 21096, 100
2026/08/05 11:12:29.132, 21096, 100
2026/08/05 11:12:30.133, 21096, 100
2026/08/05 11:12:31.133, 21096, 100
2026/08/05 11:12:32.133, 21096, 100
2026/08/05 11:12:33.133, 21096, 100
2026/08/05 11:12:34.134, 21096, 85
2026/08/05 11:12:35.134, 21096, 100
2026/08/05 11:12:36.135, 21096, 100
2026/08/05 11:12:37.135, 21096, 100
2026/08/05 11:12:38.135, 21096, 100
2026/08/05 11:12:39.136, 21096, 100
2026/08/05 11:12:40.136, 21096, 100
2026/08/05 11:12:41.137, 21096, 100
2026/08/05 11:12:42.137, 21096, 100
2026/08/05 11:12:43.137, 21096, 84
2026/08/05 11:12:44.138, 21096, 100
2026/08/05 11:12:45.138, 21096, 100
2026/08/05 11:12:46.138, 21096, 100
2026/08/05 11:12:47.140, 21096, 100
2026/08/05 11:12:48.141, 21096, 84
2026/08/05 11:12:49.142, 21096, 100
2026/08/05 11:12:50.146, 21096, 100
2026/08/05 11:12:51.148, 21096, 100
2026/08/05 11:12:52.149, 21096, 100
2026/08/05 11:12:53.150, 21096, 100
2026/08/05 11:12:54.152, 21096, 100
2026/08/05 11:12:55.152, 21096, 100
2026/08/05 11:12:56.153, 21096, 100
2026/08/05 11:12:57.155, 21096, 100
2026/08/05 11:12:58.156, 21096, 100
2026/08/05 11:12:59.157, 21096, 100
2026/08/05 11:13:00.158, 21096, 100
2026/08/05 11:13:01.160, 21096, 85
2026/08/05 11:13:02.161, 21096, 100
2026/08/05 11:13:03.161, 21096, 100
2026/08/05 11:13:04.162, 21096, 100
2026/08/05 11:13:05.162, 21096, 100
2026/08/05 11:13:06.162, 21096, 100
2026/08/05 11:13:07.164, 21096, 100
2026/08/05 11:13:08.165, 21096, 100
2026/08/05 11:13:09.165, 21096, 100
2026/08/05 11:13:10.165, 21096, 100
2026/08/05 11:13:11.167, 21096, 61
2026/08/05 11:13:12.168, 21096, 100
2026/08/05 11:13:13.168, 21096, 100
2026/08/05 11:13:14.169, 21096, 100
2026/08/05 11:13:15.170, 21096, 100
2026/08/05 11:13:16.171, 21096, 100
2026/08/05 11:13:17.173, 21096, 100
2026/08/05 11:13:18.174, 21096, 100
2026/08/05 11:13:19.174, 21096, 100
2026/08/05 11:13:20.174, 21096, 84
2026/08/05 11:13:21.176, 21096, 84
2026/08/05 11:13:22.176, 21096, 100
2026/08/05 11:13:23.178, 21096, 100
2026/08/05 11:13:24.178, 21096, 100
2026/08/05 11:13:25.178, 21096, 100
2026/08/05 11:13:26.179, 21096, 100
2026/08/05 11:13:27.179, 21096, 100
2026/08/05 11:13:28.179, 21096, 100
2026/08/05 11:13:29.179, 21096, 100
2026/08/05 11:13:30.180, 21096, 100
2026/08/05 11:13:31.180, 21096, 74
2026/08/05 11:13:32.180, 21096, 100
2026/08/05 11:13:33.180, 21096, 100
2026/08/05 11:13:34.180, 21096, 100
2026/08/05 11:13:35.181, 21096, 100
2026/08/05 11:13:36.181, 21096, 92
2026/08/05 11:13:37.181, 21096, 100
2026/08/05 11:13:38.181, 21096, 100
2026/08/05 11:13:39.181, 21096, 100
2026/08/05 11:13:40.182, 21096, 100
2026/08/05 11:13:41.182, 21096, 100
2026/08/05 11:13:42.182, 21096, 100
2026/08/05 11:13:43.182, 21096, 100
2026/08/05 11:13:44.183, 21096, 100
2026/08/05 11:13:45.183, 21096, 97
2026/08/05 11:13:46.183, 21096, 100
2026/08/05 11:13:47.183, 21096, 100
2026/08/05 11:13:48.183, 21096, 100
2026/08/05 11:13:49.184, 21096, 100
2026/08/05 11:13:50.184, 21096, 100
2026/08/05 11:13:51.184, 21096, 100
2026/08/05 11:13:52.184, 21096, 100
2026/08/05 11:13:53.184, 21096, 90
2026/08/05 11:13:54.185, 21096, 100
2026/08/05 11:13:55.185, 21096, 100
2026/08/05 11:13:56.185, 21096, 100
2026/08/05 11:13:57.185, 21096, 100
2026/08/05 11:13:58.185, 21096, 100
2026/08/05 11:13:59.186, 21096, 100
2026/08/05 11:14:00.186, 21096, 100
2026/08/05 11:14:01.186, 21096, 100
2026/08/05 11:14:02.186, 21096, 84
2026/08/05 11:14:03.186, 21096, 100
2026/08/05 11:14:04.187, 21096, 100
2026/08/05 11:14:05.187, 21096, 100
2026/08/05 11:14:06.187, 21096, 100
2026/08/05 11:14:07.187, 21096, 100
2026/08/05 11:14:08.187, 21096, 100
2026/08/05 11:14:09.188, 21096, 100
2026/08/05 11:14:10.188, 21096, 100
2026/08/05 11:14:11.188, 21096, 100
2026/08/05 11:14:12.189, 21096, 100
2026/08/05 11:14:13.189, 21096, 100
2026/08/05 11:14:14.189, 21096, 64
2026/08/05 11:14:15.189, 21096, 100
2026/08/05 11:14:16.189, 21096, 100
2026/08/05 11:14:17.190, 21096, 62
2026/08/05 11:14:18.190, 21096, 100
2026/08/05 11:14:19.190, 21096, 100
2026/08/05 11:14:20.191, 21096, 100
2026/08/05 11:14:21.191, 21096, 100
2026/08/05 11:14:22.191, 21096, 100
2026/08/05 11:14:23.191, 21096, 100
2026/08/05 11:14:24.192, 21096, 100
2026/08/05 11:14:25.192, 21096, 100
2026/08/05 11:14:26.192, 21096, 100
2026/08/05 11:14:27.193, 21096, 100
2026/08/05 11:14:28.193, 21096, 100
2026/08/05 11:14:29.193, 21096, 64
2026/08/05 11:14:30.193, 21096, 85
2026/08/05 11:14:31.194, 21096, 100
2026/08/05 11:14:32.194, 21096, 100
2026/08/05 11:14:33.194, 21096, 100
2026/08/05 11:14:34.195, 21096, 100
2026/08/05 11:14:35.195, 21096, 100
2026/08/05 11:14:36.196, 21096, 83
2026/08/05 11:14:37.196, 21096, 100
2026/08/05 11:14:38.196, 21096, 100
2026/08/05 11:14:39.196, 21096, 89
2026/08/05 11:14:40.197, 21096, 100
2026/08/05 11:14:41.197, 21096, 100
2026/08/05 11:14:42.197, 21096, 100
2026/08/05 11:14:43.197, 21096, 100
2026/08/05 11:14:44.198, 21096, 100
2026/08/05 11:14:45.198, 21096, 100
2026/08/05 11:14:46.198, 21096, 100
2026/08/05 11:14:47.199, 21096, 100
2026/08/05 11:14:48.199, 21096, 95
2026/08/05 11:14:49.199, 21096, 79
2026/08/05 11:14:50.199, 21096, 100
2026/08/05 11:14:51.200, 21096, 100
2026/08/05 11:14:52.200, 21096, 100
2026/08/05 11:14:53.200, 21096, 100
2026/08/05 11:14:54.200, 21096, 100
2026/08/05 11:14:55.201, 21096, 100
2026/08/05 11:14:56.201, 21096, 100
2026/08/05 11:14:57.201, 21096, 100
2026/08/05 11:14:58.202, 21096, 100
2026/08/05 11:14:59.202, 21096, 100
2026/08/05 11:15:00.202, 21096, 98
2026/08/05 11:15:01.202, 21096, 100
2026/08/05 11:15:02.203, 21096, 100
2026/08/05 11:15:03.203, 21096, 100
2026/08/05 11:15:04.203, 21096, 100
2026/08/05 11:15:05.204, 21096, 100
2026/08/05 11:15:06.204, 21096, 100
2026/08/05 11:15:07.204, 21096, 100
2026/08/05 11:15:08.205, 21096, 100
2026/08/05 11:15:09.205, 21096, 100
2026/08/05 11:15:10.205, 21096, 100
2026/08/05 11:15:11.205, 21096, 100
2026/08/05 11:15:12.206, 21096, 65
2026/08/05 11:15:13.206, 21096, 100
2026/08/05 11:15:14.206, 21096, 100
2026/08/05 11:15:15.206, 21096, 100
2026/08/05 11:15:16.207, 21096, 100
2026/08/05 11:15:17.207, 21096, 84
2026/08/05 11:15:18.207, 21096, 100
2026/08/05 11:15:19.207, 21096, 100
2026/08/05 11:15:20.208, 21096, 100
2026/08/05 11:15:21.208, 21096, 83
2026/08/05 11:15:22.208, 21096, 100
2026/08/05 11:15:23.209, 21096, 100
2026/08/05 11:15:24.209, 21096, 100
2026/08/05 11:15:25.209, 21096, 62
2026/08/05 11:15:26.209, 21096, 100
2026/08/05 11:15:27.210, 21096, 100
2026/08/05 11:15:28.210, 21096, 100
2026/08/05 11:15:29.210, 21096, 100
2026/08/05 11:15:30.211, 21096, 100
2026/08/05 11:15:31.211, 21096, 100
2026/08/05 11:15:32.211, 21096, 100
2026/08/05 11:15:33.211, 21096, 100
2026/08/05 11:15:34.212, 21096, 100
2026/08/05 11:15:35.212, 21096, 85
2026/08/05 11:15:36.212, 21096, 100
2026/08/05 11:15:37.212, 21096, 100
2026/08/05 11:15:38.212, 21096, 100
2026/08/05 11:15:39.213, 21096, 84
2026/08/05 11:15:40.213, 21096, 100
2026/08/05 11:15:41.213, 21096, 100
2026/08/05 11:15:42.214, 21096, 100
2026/08/05 11:15:43.214, 21096, 100
2026/08/05 11:15:44.214, 21096, 58
2026/08/05 11:15:45.214, 21096, 100
2026/08/05 11:15:46.215, 21096, 85
2026/08/05 11:15:47.215, 21096, 100
2026/08/05 11:15:48.215, 21096, 100
2026/08/05 11:15:49.215, 21096, 100
2026/08/05 11:15:50.216, 21096, 82
2026/08/05 11:15:51.216, 21096, 100
2026/08/05 11:15:52.216, 21096, 100
2026/08/05 11:15:53.217, 21096, 100
2026/08/05 11:15:54.217, 21096, 100
2026/08/05 11:15:55.217, 21096, 84
2026/08/05 11:15:56.217, 21096, 100
2026/08/05 11:15:57.218, 21096, 100
2026/08/05 11:15:58.218, 21096, 100
2026/08/05 11:15:59.218, 21096, 100
2026/08/05 11:16:00.219, 21096, 100
2026/08/05 11:16:01.219, 21096, 100
2026/08/05 11:16:02.219, 21096, 100
2026/08/05 11:16:03.219, 21096, 100
2026/08/05 11:16:04.220, 21096, 100
2026/08/05 11:16:05.220, 21096, 100
2026/08/05 11:16:06.220, 21096, 100
2026/08/05 11:16:07.220, 21096, 100
2026/08/05 11:16:08.221, 21096, 100
2026/08/05 11:16:09.221, 21096, 66
2026/08/05 11:16:10.221, 21096, 100
2026/08/05 11:16:11.222, 21096, 100
2026/08/05 11:16:12.222, 21096, 100
2026/08/05 11:16:13.222, 21096, 100
2026/08/05 11:16:14.223, 21096, 100
2026/08/05 11:16:15.223, 21096, 85
2026/08/05 11:16:16.223, 21096, 100
2026/08/05 11:16:17.223, 21096, 100
2026/08/05 11:16:18.223, 21096, 100
2026/08/05 11:16:19.224, 21096, 100
2026/08/05 11:16:20.224, 21096, 84
2026/08/05 11:16:21.224, 21096, 100
2026/08/05 11:16:22.225, 21096, 100
2026/08/05 11:16:23.225, 21096, 74
2026/08/05 11:16:24.225, 21096, 100
2026/08/05 11:16:25.225, 21096, 100
2026/08/05 11:16:26.226, 21096, 100
2026/08/05 11:16:27.226, 21096, 100
2026/08/05 11:16:28.226, 21096, 84
2026/08/05 11:16:29.227, 21096, 100
2026/08/05 11:16:30.227, 21096, 84
2026/08/05 11:16:31.227, 21096, 100
2026/08/05 11:16:32.227, 21096, 100
2026/08/05 11:16:33.228, 21096, 100
2026/08/05 11:16:34.228, 21096, 100
2026/08/05 11:16:35.229, 21096, 100
2026/08/05 11:16:36.229, 21096, 100
2026/08/05 11:16:37.229, 21096, 100
2026/08/05 11:16:38.229, 21096, 100
2026/08/05 11:16:39.230, 21096, 100
2026/08/05 11:16:40.230, 21096, 85
2026/08/05 11:16:41.230, 21096, 100
2026/08/05 11:16:42.230, 21096, 100
2026/08/05 11:16:43.231, 21096, 100
2026/08/05 11:16:44.231, 21096, 100
2026/08/05 11:16:45.231, 21096, 100
2026/08/05 11:16:46.232, 21096, 100
2026/08/05 11:16:47.232, 21096, 100
2026/08/05 11:16:48.232, 21096, 100
2026/08/05 11:16:49.232, 21096, 100
2026/08/05 11:16:50.233, 21096, 100
2026/08/05 11:16:51.233, 21096, 100
2026/08/05 11:16:52.233, 21096, 100
2026/08/05 11:16:53.234, 21096, 100
2026/08/05 11:16:54.234, 21096, 100
2026/08/05 11:16:55.234, 21096, 100
2026/08/05 11:16:56.235, 21096, 66
2026/08/05 11:16:57.235, 21096, 100
2026/08/05 11:16:58.235, 21096, 100
2026/08/05 11:16:59.236, 21096, 100
2026/08/05 11:17:00.236, 21096, 100
2026/08/05 11:17:01.237, 21096, 100
2026/08/05 11:17:02.237, 21096, 100
2026/08/05 11:17:03.237, 21096, 100
2026/08/05 11:17:04.237, 21096, 100
2026/08/05 11:17:05.237, 21096, 100
2026/08/05 11:17:06.238, 21096, 97
2026/08/05 11:17:07.238, 21096, 100
2026/08/05 11:17:08.238, 21096, 100
2026/08/05 11:17:09.239, 21096, 100
2026/08/05 11:17:10.239, 21096, 82
2026/08/05 11:17:11.239, 21096, 100
2026/08/05 11:17:12.240, 21096, 100
2026/08/05 11:17:13.240, 21096, 100
2026/08/05 11:17:14.240, 21096, 100
2026/08/05 11:17:15.241, 21096, 100
2026/08/05 11:17:16.241, 21096, 100
2026/08/05 11:17:17.241, 21096, 100
2026/08/05 11:17:18.241, 21096, 100
2026/08/05 11:17:19.241, 21096, 100
2026/08/05 11:17:20.242, 21096, 100
2026/08/05 11:17:21.242, 21096, 100
2026/08/05 11:17:22.242, 21096, 100
2026/08/05 11:17:23.242, 21096, 100
2026/08/05 11:17:24.242, 21096, 100
2026/08/05 11:17:25.243, 21096, 100
2026/08/05 11:17:26.243, 21096, 100
2026/08/05 11:17:27.243, 21096, 100
2026/08/05 11:17:28.243, 21096, 100
2026/08/05 11:17:29.244, 21096, 100
2026/08/05 11:17:30.244, 21096, 100
2026/08/05 11:17:31.245, 21096, 82
2026/08/05 11:17:32.245, 21096, 100
2026/08/05 11:17:33.245, 21096, 100
2026/08/05 11:17:34.246, 21096, 100
2026/08/05 11:17:35.246, 21096, 100
2026/08/05 11:17:36.246, 21096, 100
2026/08/05 11:17:37.247, 21096, 100
2026/08/05 11:17:38.247, 21096, 100
2026/08/05 11:17:39.248, 21096, 100
2026/08/05 11:17:40.248, 21096, 100
2026/08/05 11:17:41.249, 21096, 84
2026/08/05 11:17:42.249, 21096, 100
2026/08/05 11:17:43.249, 21096, 90
2026/08/05 11:17:44.250, 21096, 100
2026/08/05 11:17:45.250, 21096, 100
2026/08/05 11:17:46.250, 21096, 100
2026/08/05 11:17:47.250, 21096, 100
2026/08/05 11:17:48.251, 21096, 100
2026/08/05 11:17:49.251, 21096, 100
2026/08/05 11:17:50.251, 21096, 100
2026/08/05 11:17:51.251, 21096, 63
2026/08/05 11:17:52.252, 21096, 83
2026/08/05 11:17:53.252, 21096, 100
2026/08/05 11:17:54.252, 21096, 100
2026/08/05 11:17:55.252, 21096, 100
2026/08/05 11:17:56.253, 21096, 100
2026/08/05 11:17:57.253, 21096, 100
2026/08/05 11:17:58.253, 21096, 100
2026/08/05 11:17:59.254, 21096, 100
2026/08/05 11:18:00.254, 21096, 100
2026/08/05 11:18:01.254, 21096, 100
2026/08/05 11:18:02.254, 21096, 100
2026/08/05 11:18:03.255, 21096, 100
2026/08/05 11:18:04.255, 21096, 100
2026/08/05 11:18:05.255, 21096, 84
2026/08/05 11:18:06.256, 21096, 100
2026/08/05 11:18:07.256, 21096, 100
2026/08/05 11:18:08.257, 21096, 100
2026/08/05 11:18:09.257, 21096, 100
2026/08/05 11:18:10.257, 21096, 100
2026/08/05 11:18:11.257, 21096, 100
2026/08/05 11:18:12.258, 21096, 100
2026/08/05 11:18:13.258, 21096, 85
2026/08/05 11:18:14.258, 21096, 100
2026/08/05 11:18:15.259, 21096, 100
2026/08/05 11:18:16.259, 21096, 100
2026/08/05 11:18:17.259, 21096, 100
2026/08/05 11:18:18.259, 21096, 100
2026/08/05 11:18:19.260, 21096, 100
2026/08/05 11:18:20.260, 21096, 100
2026/08/05 11:18:21.260, 21096, 100
2026/08/05 11:18:22.260, 21096, 100
2026/08/05 11:18:23.261, 21096, 100
2026/08/05 11:18:24.261, 21096, 100
2026/08/05 11:18:25.261, 21096, 63
2026/08/05 11:18:26.262, 21096, 100
2026/08/05 11:18:27.262, 21096, 100
2026/08/05 11:18:28.262, 21096, 100
2026/08/05 11:18:29.263, 21096, 100
2026/08/05 11:18:30.263, 21096, 100
2026/08/05 11:18:31.263, 21096, 100
2026/08/05 11:18:32.264, 21096, 100
2026/08/05 11:18:33.264, 21096, 62
2026/08/05 11:18:34.264, 21096, 84
2026/08/05 11:18:35.264, 21096, 100
2026/08/05 11:18:36.265, 21096, 100
2026/08/05 11:18:37.265, 21096, 100
2026/08/05 11:18:38.265, 21096, 100
2026/08/05 11:18:39.266, 21096, 100
2026/08/05 11:18:40.266, 21096, 100
2026/08/05 11:18:41.266, 21096, 100
2026/08/05 11:18:42.266, 21096, 100
2026/08/05 11:18:43.267, 21096, 100
2026/08/05 11:18:44.267, 21096, 100
2026/08/05 11:18:45.267, 21096, 100
2026/08/05 11:18:46.267, 21096, 100
2026/08/05 11:18:47.268, 21096, 100
2026/08/05 11:18:48.268, 21096, 100
2026/08/05 11:18:49.268, 21096, 85
2026/08/05 11:18:50.269, 21096, 83
2026/08/05 11:18:51.269, 21096, 100
2026/08/05 11:18:52.269, 21096, 100
2026/08/05 11:18:53.269, 21096, 100
2026/08/05 11:18:54.270, 21096, 100
2026/08/05 11:18:55.270, 21096, 100
2026/08/05 11:18:56.270, 21096, 100
2026/08/05 11:18:57.270, 21096, 100
2026/08/05 11:18:58.271, 21096, 100
2026/08/05 11:18:59.271, 21096, 83
2026/08/05 11:19:00.271, 21096, 100
2026/08/05 11:19:01.271, 21096, 100
2026/08/05 11:19:02.271, 21096, 100
2026/08/05 11:19:03.272, 21096, 100
2026/08/05 11:19:04.272, 21096, 100
2026/08/05 11:19:05.272, 21096, 100
2026/08/05 11:19:06.272, 21096, 100
2026/08/05 11:19:07.273, 21096, 100
2026/08/05 11:19:08.273, 21096, 100
2026/08/05 11:19:09.273, 21096, 100
2026/08/05 11:19:10.273, 21096, 83
2026/08/05 11:19:11.274, 21096, 100
2026/08/05 11:19:12.274, 21096, 100
2026/08/05 11:19:13.274, 21096, 100
2026/08/05 11:19:14.275, 21096, 100
2026/08/05 11:19:15.275, 21096, 100
2026/08/05 11:19:16.275, 21096, 100
2026/08/05 11:19:17.275, 21096, 100
2026/08/05 11:19:18.276, 21096, 100
2026/08/05 11:19:19.276, 21096, 100
2026/08/05 11:19:20.276, 21096, 100
2026/08/05 11:19:21.276, 21096, 100
2026/08/05 11:19:22.276, 21096, 100
2026/08/05 11:19:23.277, 21096, 100
2026/08/05 11:19:24.277, 21096, 84
2026/08/05 11:19:25.277, 21096, 100
2026/08/05 11:19:26.277, 21096, 99
2026/08/05 11:19:27.278, 21096, 100
2026/08/05 11:19:28.278, 21096, 100
2026/08/05 11:19:29.278, 21096, 100
2026/08/05 11:19:30.278, 21096, 100
2026/08/05 11:19:31.279, 21096, 100
2026/08/05 11:19:32.279, 21096, 100
2026/08/05 11:19:33.279, 21096, 96
2026/08/05 11:19:34.279, 21096, 100
2026/08/05 11:19:35.279, 21096, 100
2026/08/05 11:19:36.280, 21096, 83
2026/08/05 11:19:37.280, 21096, 100
2026/08/05 11:19:38.280, 21096, 100
2026/08/05 11:19:39.280, 21096, 100
2026/08/05 11:19:40.281, 21096, 100
2026/08/05 11:19:41.281, 21096, 100
2026/08/05 11:19:42.281, 21096, 89
2026/08/05 11:19:43.281, 21096, 100
2026/08/05 11:19:44.281, 21096, 100
2026/08/05 11:19:45.281, 21096, 100
2026/08/05 11:19:46.282, 21096, 100
2026/08/05 11:19:47.282, 21096, 100
2026/08/05 11:19:48.282, 21096, 100
2026/08/05 11:19:49.282, 21096, 100
2026/08/05 11:19:50.282, 21096, 100
2026/08/05 11:19:51.282, 21096, 93
2026/08/05 11:19:52.283, 21096, 100
2026/08/05 11:19:53.283, 21096, 84
2026/08/05 11:19:54.283, 21096, 100
2026/08/05 11:19:55.283, 21096, 100
2026/08/05 11:19:56.284, 21096, 100
2026/08/05 11:19:57.284, 21096, 100
2026/08/05 11:19:58.284, 21096, 100
2026/08/05 11:19:59.284, 21096, 100
2026/08/05 11:20:00.285, 21096, 82
2026/08/05 11:20:01.285, 21096, 100
2026/08/05 11:20:02.285, 21096, 63
2026/08/05 11:20:03.285, 21096, 100
2026/08/05 11:20:04.286, 21096, 86
2026/08/05 11:20:05.286, 21096, 100
2026/08/05 11:20:06.287, 21096, 100
2026/08/05 11:20:07.287, 21096, 100
2026/08/05 11:20:08.287, 21096, 100
2026/08/05 11:20:09.288, 21096, 84
2026/08/05 11:20:10.288, 21096, 100
2026/08/05 11:20:11.288, 21096, 100
2026/08/05 11:20:12.289, 21096, 100
2026/08/05 11:20:13.289, 21096, 100
2026/08/05 11:20:14.289, 21096, 100
2026/08/05 11:20:15.290, 21096, 100
2026/08/05 11:20:16.290, 21096, 100
2026/08/05 11:20:17.290, 21096, 100
2026/08/05 11:20:18.290, 21096, 100
2026/08/05 11:20:19.291, 21096, 100
2026/08/05 11:20:20.291, 21096, 100
2026/08/05 11:20:21.291, 21096, 100
2026/08/05 11:20:22.291, 21096, 82
2026/08/05 11:20:23.292, 21096, 100
2026/08/05 11:20:24.292, 21096, 100
2026/08/05 11:20:25.292, 21096, 100
2026/08/05 11:20:26.293, 21096, 100
2026/08/05 11:20:27.293, 21096, 100
2026/08/05 11:20:28.293, 21096, 100
2026/08/05 11:20:29.293, 21096, 83
2026/08/05 11:20:30.294, 21096, 100
2026/08/05 11:20:31.294, 21096, 100
2026/08/05 11:20:32.294, 21096, 83
2026/08/05 11:20:33.295, 21096, 6
2026/08/05 11:20:34.295, 21096, 100
2026/08/05 11:20:35.295, 21096, 100
2026/08/05 11:20:36.296, 21096, 100
2026/08/05 11:20:37.296, 21096, 100
2026/08/05 11:20:38.296, 21096, 100
2026/08/05 11:20:39.297, 21096, 100
2026/08/05 11:20:40.297, 21096, 100
2026/08/05 11:20:41.297, 21096, 64
2026/08/05 11:20:42.297, 21096, 100
2026/08/05 11:20:43.298, 21096, 86
2026/08/05 11:20:44.298, 21096, 100
2026/08/05 11:20:45.298, 21096, 100
2026/08/05 11:20:46.299, 21096, 100
2026/08/05 11:20:47.299, 21096, 100
2026/08/05 11:20:48.300, 21096, 100
2026/08/05 11:20:49.300, 21096, 100
2026/08/05 11:20:50.301, 21096, 100
2026/08/05 11:20:51.301, 21096, 100
2026/08/05 11:20:52.301, 21096, 100
2026/08/05 11:20:53.302, 21096, 100
2026/08/05 11:20:54.302, 21096, 100
2026/08/05 11:20:55.302, 21096, 100
2026/08/05 11:20:56.303, 21096, 87
2026/08/05 11:20:57.303, 21096, 100
2026/08/05 11:20:58.303, 21096, 92
2026/08/05 11:20:59.303, 21096, 100
2026/08/05 11:21:00.304, 21096, 100
2026/08/05 11:21:01.304, 21096, 100
2026/08/05 11:21:02.304, 21096, 100
2026/08/05 11:21:03.305, 21096, 100
2026/08/05 11:21:04.305, 21096, 85
2026/08/05 11:21:05.305, 21096, 100
2026/08/05 11:21:06.306, 21096, 100
2026/08/05 11:21:07.306, 21096, 100
2026/08/05 11:21:08.306, 21096, 100
2026/08/05 11:21:09.307, 21096, 100
2026/08/05 11:21:10.307, 21096, 100
2026/08/05 11:21:11.307, 21096, 100
2026/08/05 11:21:12.308, 21096, 100
2026/08/05 11:21:13.308, 21096, 100
2026/08/05 11:21:14.308, 21096, 100
2026/08/05 11:21:15.308, 21096, 100
2026/08/05 11:21:16.309, 21096, 100
2026/08/05 11:21:17.309, 21096, 100
2026/08/05 11:21:18.309, 21096, 100
2026/08/05 11:21:19.310, 21096, 89
2026/08/05 11:21:20.310, 21096, 86
2026/08/05 11:21:21.310, 21096, 100
2026/08/05 11:21:22.311, 21096, 100
2026/08/05 11:21:23.311, 21096, 84
2026/08/05 11:21:24.311, 21096, 100
2026/08/05 11:21:25.311, 21096, 100
2026/08/05 11:21:26.312, 21096, 100
2026/08/05 11:21:27.312, 21096, 100
2026/08/05 11:21:28.313, 21096, 100
2026/08/05 11:21:29.314, 21096, 56
2026/08/05 11:21:30.314, 21096, 100
2026/08/05 11:21:31.314, 21096, 92
2026/08/05 11:21:32.314, 21096, 100
2026/08/05 11:21:33.315, 21096, 100
2026/08/05 11:21:34.315, 21096, 100
2026/08/05 11:21:35.315, 21096, 100
2026/08/05 11:21:36.316, 21096, 94
2026/08/05 11:21:37.316, 21096, 100
2026/08/05 11:21:38.316, 21096, 100
2026/08/05 11:21:39.317, 21096, 100
2026/08/05 11:21:40.317, 21096, 93
2026/08/05 11:21:41.317, 21096, 100
2026/08/05 11:21:42.317, 21096, 96
2026/08/05 11:21:43.318, 21096, 100
2026/08/05 11:21:44.318, 21096, 100
2026/08/05 11:21:45.318, 21096, 100
2026/08/05 11:21:46.319, 21096, 100
2026/08/05 11:21:47.319, 21096, 89
2026/08/05 11:21:48.320, 21096, 100
2026/08/05 11:21:49.320, 21096, 100
2026/08/05 11:21:50.320, 21096, 100
2026/08/05 11:21:51.321, 21096, 100
2026/08/05 11:21:52.321, 21096, 100
2026/08/05 11:21:53.321, 21096, 100
2026/08/05 11:21:54.321, 21096, 100
2026/08/05 11:21:55.322, 21096, 100
2026/08/05 11:21:56.322, 21096, 100
2026/08/05 11:21:57.322, 21096, 62
2026/08/05 11:21:58.323, 21096, 100
2026/08/05 11:21:59.323, 21096, 100
2026/08/05 11:22:00.324, 21096, 100
2026/08/05 11:22:01.324, 21096, 93
2026/08/05 11:22:02.324, 21096, 100
2026/08/05 11:22:03.325, 21096, 100
2026/08/05 11:22:04.325, 21096, 91
2026/08/05 11:22:05.325, 21096, 100
2026/08/05 11:22:06.326, 21096, 100
2026/08/05 11:22:07.326, 21096, 83
2026/08/05 11:22:08.327, 21096, 100
2026/08/05 11:22:09.327, 21096, 100
2026/08/05 11:22:10.327, 21096, 100
2026/08/05 11:22:11.328, 21096, 100
2026/08/05 11:22:12.328, 21096, 100
2026/08/05 11:22:13.329, 21096, 100
2026/08/05 11:22:14.329, 21096, 100
2026/08/05 11:22:15.329, 21096, 100
2026/08/05 11:22:16.330, 21096, 85
2026/08/05 11:22:17.330, 21096, 100
2026/08/05 11:22:18.330, 21096, 100
2026/08/05 11:22:19.331, 21096, 100
2026/08/05 11:22:20.331, 21096, 100
2026/08/05 11:22:21.332, 21096, 100
2026/08/05 11:22:22.332, 21096, 65
2026/08/05 11:22:23.332, 21096, 100
2026/08/05 11:22:24.332, 21096, 100
2026/08/05 11:22:25.333, 21096, 100
2026/08/05 11:22:26.333, 21096, 100
2026/08/05 11:22:27.333, 21096, 100
2026/08/05 11:22:28.334, 21096, 100
2026/08/05 11:22:29.334, 21096, 100
2026/08/05 11:22:30.334, 21096, 95
2026/08/05 11:22:31.335, 21096, 100
2026/08/05 11:22:32.335, 21096, 100
2026/08/05 11:22:33.335, 21096, 100
2026/08/05 11:22:34.336, 21096, 100
2026/08/05 11:22:35.336, 21096, 100
2026/08/05 11:22:36.336, 21096, 100
2026/08/05 11:22:37.337, 21096, 100
2026/08/05 11:22:38.337, 21096, 100
2026/08/05 11:22:39.337, 21096, 100
2026/08/05 11:22:40.338, 21096, 100
2026/08/05 11:22:41.338, 21096, 69
2026/08/05 11:22:42.338, 21096, 83
2026/08/05 11:22:43.339, 21096, 100
2026/08/05 11:22:44.339, 21096, 85
2026/08/05 11:22:45.339, 21096, 83
2026/08/05 11:22:46.339, 21096, 100
2026/08/05 11:22:47.340, 21096, 100
2026/08/05 11:22:48.340, 21096, 100
2026/08/05 11:22:49.340, 21096, 83
2026/08/05 11:22:50.341, 21096, 100
2026/08/05 11:22:51.341, 21096, 100
2026/08/05 11:22:52.341, 21096, 100
2026/08/05 11:22:53.342, 21096, 100
2026/08/05 11:22:54.342, 21096, 100
2026/08/05 11:22:55.342, 21096, 84
2026/08/05 11:22:56.343, 21096, 100
2026/08/05 11:22:57.343, 21096, 100
2026/08/05 11:22:58.343, 21096, 86
2026/08/05 11:22:59.344, 21096, 100
2026/08/05 11:23:00.344, 21096, 100
2026/08/05 11:23:01.344, 21096, 100
2026/08/05 11:23:02.344, 21096, 83
2026/08/05 11:23:03.345, 21096, 84
2026/08/05 11:23:04.345, 21096, 84
2026/08/05 11:23:05.345, 21096, 100
2026/08/05 11:23:06.346, 21096, 73
2026/08/05 11:23:07.346, 21096, 100
2026/08/05 11:23:08.346, 21096, 100
2026/08/05 11:23:09.347, 21096, 100
2026/08/05 11:23:10.347, 21096, 100
2026/08/05 11:23:11.347, 21096, 100
2026/08/05 11:23:12.347, 21096, 100
2026/08/05 11:23:13.348, 21096, 100
2026/08/05 11:23:14.348, 21096, 86
2026/08/05 11:23:15.348, 21096, 100
2026/08/05 11:23:16.349, 21096, 100
2026/08/05 11:23:17.349, 21096, 100
2026/08/05 11:23:18.349, 21096, 100
2026/08/05 11:23:19.350, 21096, 100
2026/08/05 11:23:20.350, 21096, 96
2026/08/05 11:23:21.350, 21096, 100
2026/08/05 11:23:22.351, 21096, 100
2026/08/05 11:23:23.351, 21096, 100
2026/08/05 11:23:24.351, 21096, 100
2026/08/05 11:23:25.352, 21096, 100
2026/08/05 11:23:26.352, 21096, 100
2026/08/05 11:23:27.352, 21096, 100
2026/08/05 11:23:28.353, 21096, 100
2026/08/05 11:23:29.353, 21096, 100
2026/08/05 11:23:30.353, 21096, 100
2026/08/05 11:23:31.353, 21096, 100
2026/08/05 11:23:32.354, 21096, 100
2026/08/05 11:23:33.354, 21096, 100
2026/08/05 11:23:34.354, 21096, 100
2026/08/05 11:23:35.355, 21096, 100
2026/08/05 11:23:36.355, 21096, 100
2026/08/05 11:23:37.355, 21096, 100
2026/08/05 11:23:38.356, 21096, 83
2026/08/05 11:23:39.356, 21096, 100
2026/08/05 11:23:40.356, 21096, 100
2026/08/05 11:23:41.357, 21096, 100
2026/08/05 11:23:42.357, 21096, 100
2026/08/05 11:23:43.357, 21096, 100
2026/08/05 11:23:44.358, 21096, 100
2026/08/05 11:23:45.358, 21096, 84
2026/08/05 11:23:46.358, 21096, 100
2026/08/05 11:23:47.360, 21096, 100
2026/08/05 11:23:48.360, 21096, 100
2026/08/05 11:23:49.360, 21096, 100
2026/08/05 11:23:50.360, 21096, 100
2026/08/05 11:23:51.361, 21096, 100
2026/08/05 11:23:52.361, 21096, 100
2026/08/05 11:23:53.362, 21096, 100
2026/08/05 11:23:54.362, 21096, 91
2026/08/05 11:23:55.362, 21096, 84
2026/08/05 11:23:56.363, 21096, 83
2026/08/05 11:23:57.363, 21096, 100
2026/08/05 11:23:58.363, 21096, 100
2026/08/05 11:23:59.364, 21096, 100
2026/08/05 11:24:00.364, 21096, 100
2026/08/05 11:24:01.364, 21096, 97
2026/08/05 11:24:02.365, 21096, 84
2026/08/05 11:24:03.365, 21096, 100
2026/08/05 11:24:04.365, 21096, 100
2026/08/05 11:24:05.366, 21096, 100
2026/08/05 11:24:06.366, 21096, 100
2026/08/05 11:24:07.366, 21096, 83
2026/08/05 11:24:08.367, 21096, 100
2026/08/05 11:24:09.367, 21096, 100
2026/08/05 11:24:10.367, 21096, 100
2026/08/05 11:24:11.368, 21096, 100
2026/08/05 11:24:12.368, 21096, 100
2026/08/05 11:24:13.368, 21096, 100
2026/08/05 11:24:14.369, 21096, 100
2026/08/05 11:24:15.369, 21096, 100
2026/08/05 11:24:16.369, 21096, 100
2026/08/05 11:24:17.370, 21096, 100
2026/08/05 11:24:18.370, 21096, 100
2026/08/05 11:24:19.370, 21096, 100
2026/08/05 11:24:20.371, 21096, 100
2026/08/05 11:24:21.371, 21096, 100
2026/08/05 11:24:22.371, 21096, 100
2026/08/05 11:24:23.372, 21096, 100
2026/08/05 11:24:24.372, 21096, 100
2026/08/05 11:24:25.372, 21096, 100
2026/08/05 11:24:26.373, 21096, 83
2026/08/05 11:24:27.373, 21096, 81
2026/08/05 11:24:28.373, 21096, 100
2026/08/05 11:24:29.374, 21096, 100
2026/08/05 11:24:30.374, 21096, 100
2026/08/05 11:24:31.374, 21096, 100
2026/08/05 11:24:32.375, 21096, 100
2026/08/05 11:24:33.375, 21096, 100
2026/08/05 11:24:34.375, 21096, 100
2026/08/05 11:24:35.376, 21096, 100
2026/08/05 11:24:36.376, 21096, 100
2026/08/05 11:24:37.376, 21096, 100
2026/08/05 11:24:38.377, 21096, 100
2026/08/05 11:24:39.377, 21096, 100
2026/08/05 11:24:40.377, 21096, 100
2026/08/05 11:24:41.378, 21096, 100
2026/08/05 11:24:42.378, 21096, 100
2026/08/05 11:24:43.378, 21096, 100
2026/08/05 11:24:44.378, 21096, 100
2026/08/05 11:24:45.378, 21096, 100
2026/08/05 11:24:46.379, 21096, 100
2026/08/05 11:24:47.379, 21096, 100
2026/08/05 11:24:48.379, 21096, 100
2026/08/05 11:24:49.379, 21096, 100
2026/08/05 11:24:50.380, 21096, 100
2026/08/05 11:24:51.380, 21096, 100
2026/08/05 11:24:52.380, 21096, 100
2026/08/05 11:24:53.380, 21096, 100
2026/08/05 11:24:54.380, 21096, 100
2026/08/05 11:24:55.381, 21096, 100
2026/08/05 11:24:56.381, 21096, 100
2026/08/05 11:24:57.381, 21096, 100
2026/08/05 11:24:58.381, 21096, 100
2026/08/05 11:24:59.382, 21096, 100
2026/08/05 11:25:00.382, 21096, 100
2026/08/05 11:25:01.382, 21096, 100
2026/08/05 11:25:02.382, 21096, 100
2026/08/05 11:25:03.382, 21096, 94
2026/08/05 11:25:04.383, 21096, 100
2026/08/05 11:25:05.383, 21096, 100
2026/08/05 11:25:06.383, 21096, 100
2026/08/05 11:25:07.384, 21096, 100
2026/08/05 11:25:08.384, 21096, 100
2026/08/05 11:25:09.384, 21096, 100
2026/08/05 11:25:10.384, 21096, 100
2026/08/05 11:25:11.384, 21096, 100
2026/08/05 11:25:12.385, 21096, 100
2026/08/05 11:25:13.385, 21096, 100
2026/08/05 11:25:14.385, 21096, 87
2026/08/05 11:25:15.385, 21096, 100
2026/08/05 11:25:16.386, 21096, 100
2026/08/05 11:25:17.386, 21096, 88
2026/08/05 11:25:18.386, 21096, 100
2026/08/05 11:25:19.387, 21096, 100
2026/08/05 11:25:20.387, 21096, 100
2026/08/05 11:25:21.387, 21096, 100
2026/08/05 11:25:22.388, 21096, 100
2026/08/05 11:25:23.388, 21096, 100
2026/08/05 11:25:24.388, 21096, 100
2026/08/05 11:25:25.388, 21096, 100
2026/08/05 11:25:26.389, 21096, 100
2026/08/05 11:25:27.389, 21096, 83
2026/08/05 11:25:28.389, 21096, 100
2026/08/05 11:25:29.389, 21096, 100
2026/08/05 11:25:30.390, 21096, 100
2026/08/05 11:25:31.390, 21096, 55
2026/08/05 11:25:32.390, 21096, 100
2026/08/05 11:25:33.391, 21096, 100
2026/08/05 11:25:34.391, 21096, 100
2026/08/05 11:25:35.392, 21096, 100
2026/08/05 11:25:36.392, 21096, 100
2026/08/05 11:25:37.392, 21096, 100
2026/08/05 11:25:38.392, 21096, 100
2026/08/05 11:25:39.392, 21096, 100
2026/08/05 11:25:40.393, 21096, 100
2026/08/05 11:25:41.393, 21096, 100
2026/08/05 11:25:42.393, 21096, 100
2026/08/05 11:25:43.394, 21096, 100
2026/08/05 11:25:44.394, 21096, 100
2026/08/05 11:25:45.395, 21096, 100
2026/08/05 11:25:46.395, 21096, 100
2026/08/05 11:25:47.395, 21096, 100
2026/08/05 11:25:48.395, 21096, 100
2026/08/05 11:25:49.395, 21096, 100
2026/08/05 11:25:50.396, 21096, 95
2026/08/05 11:25:51.396, 21096, 100
2026/08/05 11:25:52.396, 21096, 100
2026/08/05 11:25:53.396, 21096, 100
2026/08/05 11:25:54.397, 21096, 100
2026/08/05 11:25:55.397, 21096, 100
2026/08/05 11:25:56.397, 21096, 100
2026/08/05 11:25:57.397, 21096, 90
2026/08/05 11:25:58.398, 21096, 79
2026/08/05 11:25:59.398, 21096, 100
2026/08/05 11:26:00.398, 21096, 65
2026/08/05 11:26:01.398, 21096, 100
2026/08/05 11:26:02.398, 21096, 100
2026/08/05 11:26:03.399, 21096, 100
2026/08/05 11:26:04.399, 21096, 84
2026/08/05 11:26:05.399, 21096, 100
2026/08/05 11:26:06.399, 21096, 100
2026/08/05 11:26:07.400, 21096, 100
2026/08/05 11:26:08.400, 21096, 100
2026/08/05 11:26:09.400, 21096, 100
2026/08/05 11:26:10.401, 21096, 100
2026/08/05 11:26:11.401, 21096, 100
2026/08/05 11:26:12.401, 21096, 85
2026/08/05 11:26:13.402, 21096, 100
2026/08/05 11:26:14.402, 21096, 100
2026/08/05 11:26:15.402, 21096, 100
2026/08/05 11:26:16.402, 21096, 66
2026/08/05 11:26:17.403, 21096, 100
2026/08/05 11:26:18.403, 21096, 100
2026/08/05 11:26:19.403, 21096, 100
2026/08/05 11:26:20.403, 21096, 81
2026/08/05 11:26:21.404, 21096, 83
2026/08/05 11:26:22.404, 21096, 100
2026/08/05 11:26:23.404, 21096, 100
2026/08/05 11:26:24.404, 21096, 100
2026/08/05 11:26:25.405, 21096, 100
2026/08/05 11:26:26.405, 21096, 100
2026/08/05 11:26:27.405, 21096, 100
2026/08/05 11:26:28.405, 21096, 100
2026/08/05 11:26:29.406, 21096, 100
2026/08/05 11:26:30.406, 21096, 100
2026/08/05 11:26:31.407, 21096, 100
2026/08/05 11:26:32.407, 21096, 100
2026/08/05 11:26:33.407, 21096, 100
2026/08/05 11:26:34.408, 21096, 100
2026/08/05 11:26:35.408, 21096, 100
2026/08/05 11:26:36.408, 21096, 100
2026/08/05 11:26:37.409, 21096, 100
2026/08/05 11:26:38.409, 21096, 100
2026/08/05 11:26:39.409, 21096, 100
2026/08/05 11:26:40.410, 21096, 100
2026/08/05 11:26:41.410, 21096, 100
2026/08/05 11:26:42.410, 21096, 100
2026/08/05 11:26:43.410, 21096, 100
2026/08/05 11:26:44.411, 21096, 84
2026/08/05 11:26:45.411, 21096, 100
2026/08/05 11:26:46.411, 21096, 100
2026/08/05 11:26:47.411, 21096, 100
2026/08/05 11:26:48.412, 21096, 100
2026/08/05 11:26:49.412, 21096, 100
2026/08/05 11:26:50.412, 21096, 86
2026/08/05 11:26:51.413, 21096, 100
2026/08/05 11:26:52.413, 21096, 93
2026/08/05 11:26:53.413, 21096, 100
2026/08/05 11:26:54.414, 21096, 100
2026/08/05 11:26:55.414, 21096, 82
2026/08/05 11:26:56.414, 21096, 100
2026/08/05 11:26:57.415, 21096, 100
2026/08/05 11:26:58.415, 21096, 100
2026/08/05 11:26:59.415, 21096, 100
2026/08/05 11:27:00.416, 21096, 83
2026/08/05 11:27:01.416, 21096, 100
2026/08/05 11:27:02.416, 21096, 100
2026/08/05 11:27:03.416, 21096, 100
2026/08/05 11:27:04.417, 21096, 100
2026/08/05 11:27:05.417, 21096, 100
2026/08/05 11:27:06.417, 21096, 100
2026/08/05 11:27:07.417, 21096, 100
2026/08/05 11:27:08.418, 21096, 100
2026/08/05 11:27:09.418, 21096, 100
2026/08/05 11:27:10.419, 21096, 100
2026/08/05 11:27:11.419, 21096, 65
2026/08/05 11:27:12.419, 21096, 100
2026/08/05 11:27:13.419, 21096, 100
2026/08/05 11:27:14.420, 21096, 100
2026/08/05 11:27:15.420, 21096, 100
2026/08/05 11:27:16.420, 21096, 100
2026/08/05 11:27:17.420, 21096, 100
2026/08/05 11:27:18.421, 21096, 100
2026/08/05 11:27:19.421, 21096, 100
2026/08/05 11:27:20.421, 21096, 100
2026/08/05 11:27:21.422, 21096, 100
2026/08/05 11:27:22.423, 21096, 100
2026/08/05 11:27:23.423, 21096, 63
2026/08/05 11:27:24.423, 21096, 100
2026/08/05 11:27:25.423, 21096, 100
2026/08/05 11:27:26.423, 21096, 100
2026/08/05 11:27:27.424, 21096, 82
2026/08/05 11:27:28.424, 21096, 100
2026/08/05 11:27:29.424, 21096, 100
2026/08/05 11:27:30.424, 21096, 84
2026/08/05 11:27:31.424, 21096, 100
2026/08/05 11:27:32.425, 21096, 100
2026/08/05 11:27:33.425, 21096, 100
2026/08/05 11:27:34.425, 21096, 100
2026/08/05 11:27:35.425, 21096, 100
2026/08/05 11:27:36.425, 21096, 100
2026/08/05 11:27:37.425, 21096, 100
2026/08/05 11:27:38.426, 21096, 100
2026/08/05 11:27:39.426, 21096, 100
2026/08/05 11:27:40.426, 21096, 100
2026/08/05 11:27:41.426, 21096, 100
2026/08/05 11:27:42.427, 21096, 100
2026/08/05 11:27:43.427, 21096, 84
2026/08/05 11:27:44.428, 21096, 100
2026/08/05 11:27:45.428, 21096, 100
2026/08/05 11:27:46.429, 21096, 100
2026/08/05 11:27:47.429, 21096, 100
2026/08/05 11:27:48.429, 21096, 100
2026/08/05 11:27:49.429, 21096, 66
2026/08/05 11:27:50.430, 21096, 100
2026/08/05 11:27:51.431, 21096, 100
2026/08/05 11:27:52.431, 21096, 100
2026/08/05 11:27:53.431, 21096, 91
2026/08/05 11:27:54.432, 21096, 100
2026/08/05 11:27:55.432, 21096, 100
2026/08/05 11:27:56.434, 21096, 100
2026/08/05 11:27:57.435, 21096, 100
2026/08/05 11:27:58.435, 21096, 100
2026/08/05 11:27:59.435, 21096, 85
2026/08/05 11:28:00.436, 21096, 88
2026/08/05 11:28:01.436, 21096, 86
2026/08/05 11:28:02.436, 21096, 100
2026/08/05 11:28:03.436, 21096, 100
2026/08/05 11:28:04.437, 21096, 100
2026/08/05 11:28:05.437, 21096, 100
2026/08/05 11:28:06.437, 21096, 100
2026/08/05 11:28:07.437, 21096, 100
2026/08/05 11:28:08.438, 21096, 100
2026/08/05 11:28:09.438, 21096, 100
2026/08/05 11:28:10.438, 21096, 100
2026/08/05 11:28:11.439, 21096, 100
2026/08/05 11:28:12.439, 21096, 100
2026/08/05 11:28:13.439, 21096, 100
2026/08/05 11:28:14.440, 21096, 100
2026/08/05 11:28:15.440, 21096, 100
2026/08/05 11:28:16.440, 21096, 100
2026/08/05 11:28:17.440, 21096, 100
2026/08/05 11:28:18.440, 21096, 100
2026/08/05 11:28:19.441, 21096, 100
2026/08/05 11:28:20.441, 21096, 100
2026/08/05 11:28:21.441, 21096, 100
2026/08/05 11:28:22.442, 21096, 100
2026/08/05 11:28:23.444, 21096, 100
2026/08/05 11:28:24.448, 21096, 100
2026/08/05 11:28:25.451, 21096, 100
2026/08/05 11:28:26.454, 21096, 100
2026/08/05 11:28:27.458, 21096, 100
2026/08/05 11:28:28.462, 21096, 94
2026/08/05 11:28:29.465, 21096, 79
2026/08/05 11:28:30.468, 21096, 100
2026/08/05 11:28:31.474, 21096, 100
2026/08/05 11:28:32.477, 21096, 100
2026/08/05 11:28:33.481, 21096, 100
2026/08/05 11:28:34.484, 21096, 100
2026/08/05 11:28:35.487, 21096, 100
2026/08/05 11:28:36.491, 21096, 100
2026/08/05 11:28:37.493, 21096, 100
2026/08/05 11:28:38.496, 21096, 100
2026/08/05 11:28:39.498, 21096, 100
2026/08/05 11:28:40.501, 21096, 100
2026/08/05 11:28:41.503, 21096, 100
2026/08/05 11:28:42.506, 21096, 100
2026/08/05 11:28:43.508, 21096, 100
2026/08/05 11:28:44.510, 21096, 100
2026/08/05 11:28:45.513, 21096, 100
2026/08/05 11:28:46.516, 21096, 95
2026/08/05 11:28:47.518, 21096, 100
2026/08/05 11:28:48.520, 21096, 100
2026/08/05 11:28:49.523, 21096, 100
2026/08/05 11:28:50.525, 21096, 100
2026/08/05 11:28:51.527, 21096, 84
2026/08/05 11:28:52.530, 21096, 100
2026/08/05 11:28:53.532, 21096, 100
2026/08/05 11:28:54.535, 21096, 100
2026/08/05 11:28:55.537, 21096, 100
2026/08/05 11:28:56.540, 21096, 100
2026/08/05 11:28:57.542, 21096, 100
2026/08/05 11:28:58.543, 21096, 99
2026/08/05 11:28:59.545, 21096, 100
2026/08/05 11:29:00.548, 21096, 100
2026/08/05 11:29:01.549, 21096, 100
2026/08/05 11:29:02.551, 21096, 100
2026/08/05 11:29:03.553, 21096, 100
2026/08/05 11:29:04.555, 21096, 100
2026/08/05 11:29:05.557, 21096, 100
2026/08/05 11:29:06.558, 21096, 100
2026/08/05 11:29:07.560, 21096, 100
2026/08/05 11:29:08.561, 21096, 100
2026/08/05 11:29:09.563, 21096, 100
2026/08/05 11:29:10.564, 21096, 100
2026/08/05 11:29:11.566, 21096, 100
2026/08/05 11:29:12.567, 21096, 100
2026/08/05 11:29:13.569, 21096, 100
2026/08/05 11:29:14.571, 21096, 100
2026/08/05 11:29:15.572, 21096, 100
2026/08/05 11:29:16.574, 21096, 100
2026/08/05 11:29:17.575, 21096, 100
2026/08/05 11:29:18.578, 21096, 100
2026/08/05 11:29:19.580, 21096, 100
2026/08/05 11:29:20.581, 21096, 100
2026/08/05 11:29:21.582, 21096, 100
2026/08/05 11:29:22.584, 21096, 100
2026/08/05 11:29:23.585, 21096, 100
2026/08/05 11:29:24.587, 21096, 83
2026/08/05 11:29:25.588, 21096, 100
2026/08/05 11:29:26.590, 21096, 100
2026/08/05 11:29:27.591, 21096, 100
2026/08/05 11:29:28.593, 21096, 100
2026/08/05 11:29:29.594, 21096, 100
2026/08/05 11:29:30.595, 21096, 100
2026/08/05 11:29:31.597, 21096, 84
2026/08/05 11:29:32.598, 21096, 86
2026/08/05 11:29:33.600, 21096, 100
2026/08/05 11:29:34.601, 21096, 100
2026/08/05 11:29:35.603, 21096, 100
2026/08/05 11:29:36.604, 21096, 100
2026/08/05 11:29:37.606, 21096, 100
2026/08/05 11:29:38.607, 21096, 65
2026/08/05 11:29:39.608, 21096, 100
2026/08/05 11:29:40.610, 21096, 100
2026/08/05 11:29:41.611, 21096, 100
2026/08/05 11:29:42.613, 21096, 100
2026/08/05 11:29:43.614, 21096, 90
2026/08/05 11:29:44.616, 21096, 100
2026/08/05 11:29:45.617, 21096, 81
2026/08/05 11:29:46.618, 21096, 82
2026/08/05 11:29:47.620, 21096, 100
2026/08/05 11:29:48.621, 21096, 100
2026/08/05 11:29:49.623, 21096, 100
2026/08/05 11:29:50.624, 21096, 100
2026/08/05 11:29:51.626, 21096, 100
2026/08/05 11:29:52.627, 21096, 100
2026/08/05 11:29:53.628, 21096, 84
2026/08/05 11:29:54.630, 21096, 100
2026/08/05 11:29:55.631, 21096, 100
2026/08/05 11:29:56.633, 21096, 93
2026/08/05 11:29:57.634, 21096, 100
2026/08/05 11:29:58.636, 21096, 100
2026/08/05 11:29:59.637, 21096, 100
2026/08/05 11:30:00.638, 21096, 100
2026/08/05 11:30:01.639, 21096, 100
2026/08/05 11:30:02.641, 21096, 100
2026/08/05 11:30:03.642, 21096, 100
2026/08/05 11:30:04.644, 21096, 100
2026/08/05 11:30:05.645, 21096, 100
2026/08/05 11:30:06.647, 21096, 100
2026/08/05 11:30:07.648, 21096, 100
2026/08/05 11:30:08.650, 21096, 100
2026/08/05 11:30:09.651, 21096, 100
2026/08/05 11:30:10.653, 21096, 100
2026/08/05 11:30:11.654, 21096, 100
2026/08/05 11:30:12.656, 21096, 100
2026/08/05 11:30:13.657, 21096, 100
2026/08/05 11:30:14.658, 21096, 100
2026/08/05 11:30:15.660, 21096, 100
2026/08/05 11:30:16.661, 21096, 100
2026/08/05 11:30:17.663, 21096, 100
2026/08/05 11:30:18.665, 21096, 100
2026/08/05 11:30:19.666, 21096, 90
2026/08/05 11:30:20.668, 21096, 100
2026/08/05 11:30:21.669, 21096, 100
2026/08/05 11:30:22.671, 21096, 100
2026/08/05 11:30:23.673, 21096, 100
2026/08/05 11:30:24.674, 21096, 100
2026/08/05 11:30:25.675, 21096, 100
2026/08/05 11:30:26.677, 21096, 100
2026/08/05 11:30:27.678, 21096, 100
2026/08/05 11:30:28.679, 21096, 100
2026/08/05 11:30:29.681, 21096, 100
2026/08/05 11:30:30.682, 21096, 100
2026/08/05 11:30:31.683, 21096, 100
2026/08/05 11:30:32.683, 21096, 100
2026/08/05 11:30:33.683, 21096, 100
2026/08/05 11:30:34.684, 21096, 84
2026/08/05 11:30:35.684, 21096, 100
2026/08/05 11:30:36.684, 21096, 100
2026/08/05 11:30:37.685, 21096, 100
2026/08/05 11:30:38.685, 21096, 100
2026/08/05 11:30:39.685, 21096, 100
2026/08/05 11:30:40.686, 21096, 100
2026/08/05 11:30:41.686, 21096, 100
2026/08/05 11:30:42.686, 21096, 100
2026/08/05 11:30:43.686, 21096, 100
2026/08/05 11:30:44.687, 21096, 100
2026/08/05 11:30:45.687, 21096, 100
2026/08/05 11:30:46.687, 21096, 100
2026/08/05 11:30:47.688, 21096, 100
2026/08/05 11:30:48.688, 21096, 100
2026/08/05 11:30:49.688, 21096, 100
2026/08/05 11:30:50.689, 21096, 100
2026/08/05 11:30:51.689, 21096, 100
2026/08/05 11:30:52.689, 21096, 100
2026/08/05 11:30:53.690, 21096, 100
2026/08/05 11:30:54.690, 21096, 100
2026/08/05 11:30:55.690, 21096, 100
2026/08/05 11:30:56.691, 21096, 100
2026/08/05 11:30:57.691, 21096, 84
2026/08/05 11:30:58.691, 21096, 84
2026/08/05 11:30:59.692, 21096, 100
2026/08/05 11:31:00.692, 21096, 85
2026/08/05 11:31:01.692, 21096, 100
2026/08/05 11:31:02.692, 21096, 100
2026/08/05 11:31:03.693, 21096, 100
2026/08/05 11:31:04.699, 21096, 100
2026/08/05 11:31:05.707, 21096, 100
2026/08/05 11:31:06.714, 21096, 100
2026/08/05 11:31:07.720, 21096, 100
2026/08/05 11:31:08.727, 21096, 69
2026/08/05 11:31:09.732, 21096, 100
2026/08/05 11:31:10.736, 21096, 100
2026/08/05 11:31:11.740, 21096, 100
2026/08/05 11:31:12.744, 21096, 100
2026/08/05 11:31:13.748, 21096, 100
2026/08/05 11:31:14.751, 21096, 100
2026/08/05 11:31:15.754, 21096, 100
2026/08/05 11:31:16.758, 21096, 100
2026/08/05 11:31:17.760, 21096, 100
2026/08/05 11:31:18.763, 21096, 84
2026/08/05 11:31:19.765, 21096, 100
2026/08/05 11:31:20.767, 21096, 100
2026/08/05 11:31:21.769, 21096, 100
2026/08/05 11:31:22.771, 21096, 100
2026/08/05 11:31:23.773, 21096, 100
2026/08/05 11:31:24.775, 21096, 100
2026/08/05 11:31:25.777, 21096, 65
2026/08/05 11:31:26.778, 21096, 84
2026/08/05 11:31:27.780, 21096, 100
2026/08/05 11:31:28.781, 21096, 83
2026/08/05 11:31:29.783, 21096, 100
2026/08/05 11:31:30.784, 21096, 100
2026/08/05 11:31:31.786, 21096, 100
2026/08/05 11:31:32.787, 21096, 82
2026/08/05 11:31:33.789, 21096, 100
2026/08/05 11:31:34.790, 21096, 100
2026/08/05 11:31:35.792, 21096, 100
2026/08/05 11:31:36.793, 21096, 100
2026/08/05 11:31:37.793, 21096, 100
2026/08/05 11:31:38.794, 21096, 100
2026/08/05 11:31:39.794, 21096, 100
2026/08/05 11:31:40.794, 21096, 100
2026/08/05 11:31:41.794, 21096, 100
2026/08/05 11:31:42.795, 21096, 100
2026/08/05 11:31:43.795, 21096, 100
2026/08/05 11:31:44.795, 21096, 100
2026/08/05 11:31:45.796, 21096, 65
2026/08/05 11:31:46.796, 21096, 85
2026/08/05 11:31:47.796, 21096, 100
2026/08/05 11:31:48.798, 21096, 100
2026/08/05 11:31:49.799, 21096, 100
2026/08/05 11:31:50.800, 21096, 89
2026/08/05 11:31:51.802, 21096, 100
2026/08/05 11:31:52.803, 21096, 100
2026/08/05 11:31:53.804, 21096, 85
2026/08/05 11:31:54.806, 21096, 100
2026/08/05 11:31:55.807, 21096, 100
2026/08/05 11:31:56.809, 21096, 100
2026/08/05 11:31:57.810, 21096, 100
2026/08/05 11:31:58.811, 21096, 100
2026/08/05 11:31:59.813, 21096, 100
2026/08/05 11:32:00.814, 21096, 100
2026/08/05 11:32:01.816, 21096, 84
2026/08/05 11:32:02.817, 21096, 86
2026/08/05 11:32:03.818, 21096, 100
2026/08/05 11:32:04.820, 21096, 97
2026/08/05 11:32:05.821, 21096, 100
2026/08/05 11:32:06.823, 21096, 100
2026/08/05 11:32:07.824, 21096, 100
2026/08/05 11:32:08.825, 21096, 100
2026/08/05 11:32:09.827, 21096, 100
2026/08/05 11:32:10.828, 21096, 100
2026/08/05 11:32:11.830, 21096, 100
2026/08/05 11:32:12.831, 21096, 100
2026/08/05 11:32:13.832, 21096, 100
2026/08/05 11:32:14.834, 21096, 100
2026/08/05 11:32:15.835, 21096, 84
2026/08/05 11:32:16.837, 21096, 100
2026/08/05 11:32:17.838, 21096, 86
2026/08/05 11:32:18.840, 21096, 100
2026/08/05 11:32:19.841, 21096, 100
2026/08/05 11:32:20.842, 21096, 100
2026/08/05 11:32:21.844, 21096, 100
2026/08/05 11:32:22.845, 21096, 100
2026/08/05 11:32:23.847, 21096, 100
2026/08/05 11:32:24.848, 21096, 100
2026/08/05 11:32:25.850, 21096, 100
2026/08/05 11:32:26.851, 21096, 100
2026/08/05 11:32:27.853, 21096, 100
2026/08/05 11:32:28.854, 21096, 100
2026/08/05 11:32:29.855, 21096, 100
2026/08/05 11:32:30.857, 21096, 100
2026/08/05 11:32:31.858, 21096, 100
2026/08/05 11:32:32.860, 21096, 100
2026/08/05 11:32:33.861, 21096, 100
2026/08/05 11:32:34.862, 21096, 100
2026/08/05 11:32:35.864, 21096, 100
2026/08/05 11:32:36.865, 21096, 62
2026/08/05 11:32:37.867, 21096, 100
2026/08/05 11:32:38.868, 21096, 100
2026/08/05 11:32:39.869, 21096, 100
2026/08/05 11:32:40.871, 21096, 100
2026/08/05 11:32:41.871, 21096, 100
2026/08/05 11:32:42.871, 21096, 100
2026/08/05 11:32:43.872, 21096, 100
2026/08/05 11:32:44.872, 21096, 100
2026/08/05 11:32:45.872, 21096, 100
2026/08/05 11:32:46.873, 21096, 86
2026/08/05 11:32:47.873, 21096, 100
2026/08/05 11:32:48.873, 21096, 100
2026/08/05 11:32:49.874, 21096, 100
2026/08/05 11:32:50.874, 21096, 100
2026/08/05 11:32:51.874, 21096, 100
2026/08/05 11:32:52.875, 21096, 100
2026/08/05 11:32:53.875, 21096, 84
2026/08/05 11:32:54.875, 21096, 100
2026/08/05 11:32:55.875, 21096, 84
2026/08/05 11:32:56.876, 21096, 100
2026/08/05 11:32:57.876, 21096, 84
2026/08/05 11:32:58.876, 21096, 83
2026/08/05 11:32:59.877, 21096, 100
2026/08/05 11:33:00.877, 21096, 100
2026/08/05 11:33:01.877, 21096, 100
2026/08/05 11:33:02.877, 21096, 100
2026/08/05 11:33:03.878, 21096, 100
2026/08/05 11:33:04.878, 21096, 100
2026/08/05 11:33:05.878, 21096, 100
2026/08/05 11:33:06.878, 21096, 100
2026/08/05 11:33:07.878, 21096, 100
2026/08/05 11:33:08.879, 21096, 100
2026/08/05 11:33:09.879, 21096, 100
2026/08/05 11:33:10.880, 21096, 100
2026/08/05 11:33:11.880, 21096, 100
2026/08/05 11:33:12.880, 21096, 100
2026/08/05 11:33:13.880, 21096, 100
2026/08/05 11:33:14.880, 21096, 100
2026/08/05 11:33:15.881, 21096, 100
2026/08/05 11:33:16.881, 21096, 100
2026/08/05 11:33:17.881, 21096, 100
2026/08/05 11:33:18.882, 21096, 100
2026/08/05 11:33:19.882, 21096, 100
2026/08/05 11:33:20.882, 21096, 100
2026/08/05 11:33:21.882, 21096, 100
2026/08/05 11:33:22.884, 21096, 100
2026/08/05 11:33:23.884, 21096, 100
2026/08/05 11:33:24.884, 21096, 100
2026/08/05 11:33:25.885, 21096, 100
2026/08/05 11:33:26.885, 21096, 100
2026/08/05 11:33:27.885, 21096, 100
2026/08/05 11:33:28.886, 21096, 92
2026/08/05 11:33:29.886, 21096, 100
2026/08/05 11:33:30.886, 21096, 100
2026/08/05 11:33:31.888, 21096, 91
2026/08/05 11:33:32.888, 21096, 100
2026/08/05 11:33:33.889, 21096, 100
2026/08/05 11:33:34.889, 21096, 86
2026/08/05 11:33:35.890, 21096, 100
2026/08/05 11:33:36.892, 21096, 100
2026/08/05 11:33:37.893, 21096, 100
2026/08/05 11:33:38.894, 21096, 100
2026/08/05 11:33:39.895, 21096, 100
2026/08/05 11:33:40.897, 21096, 100
2026/08/05 11:33:41.898, 21096, 100
2026/08/05 11:33:42.899, 21096, 100
2026/08/05 11:33:43.900, 21096, 100
2026/08/05 11:33:44.901, 21096, 100
2026/08/05 11:33:45.902, 21096, 100
2026/08/05 11:33:46.904, 21096, 100
2026/08/05 11:33:47.905, 21096, 100
2026/08/05 11:33:48.906, 21096, 100
2026/08/05 11:33:49.908, 21096, 100
2026/08/05 11:33:50.908, 21096, 100
2026/08/05 11:33:51.910, 21096, 100
2026/08/05 11:33:52.911, 21096, 100
2026/08/05 11:33:53.912, 21096, 100
2026/08/05 11:33:54.914, 21096, 100
2026/08/05 11:33:55.915, 21096, 100
2026/08/05 11:33:56.916, 21096, 85
2026/08/05 11:33:57.918, 21096, 100
2026/08/05 11:33:58.919, 21096, 100
2026/08/05 11:33:59.919, 21096, 100
2026/08/05 11:34:00.921, 21096, 99
2026/08/05 11:34:01.922, 21096, 100
2026/08/05 11:34:02.923, 21096, 86
2026/08/05 11:34:03.923, 21096, 100
2026/08/05 11:34:04.924, 21096, 100
2026/08/05 11:34:05.925, 21096, 100
2026/08/05 11:34:06.926, 21096, 100
2026/08/05 11:34:07.928, 21096, 100
2026/08/05 11:34:08.929, 21096, 100
2026/08/05 11:34:09.930, 21096, 100
2026/08/05 11:34:10.932, 21096, 79
2026/08/05 11:34:11.933, 21096, 100
2026/08/05 11:34:12.934, 21096, 100
2026/08/05 11:34:13.936, 21096, 100
2026/08/05 11:34:14.937, 21096, 100
2026/08/05 11:34:15.938, 21096, 100
2026/08/05 11:34:16.939, 21096, 90
2026/08/05 11:34:17.940, 21096, 100
2026/08/05 11:34:18.942, 21096, 100
2026/08/05 11:34:19.943, 21096, 100
2026/08/05 11:34:20.945, 21096, 81
2026/08/05 11:34:21.946, 21096, 100
2026/08/05 11:34:22.947, 21096, 100
2026/08/05 11:34:23.948, 21096, 64
2026/08/05 11:34:24.949, 21096, 84
2026/08/05 11:34:25.951, 21096, 100
2026/08/05 11:34:26.952, 21096, 100
2026/08/05 11:34:27.954, 21096, 100
2026/08/05 11:34:28.955, 21096, 100
2026/08/05 11:34:29.956, 21096, 100
2026/08/05 11:34:30.958, 21096, 100
2026/08/05 11:34:31.959, 21096, 84
2026/08/05 11:34:32.960, 21096, 100
2026/08/05 11:34:33.962, 21096, 100
2026/08/05 11:34:34.963, 21096, 100
2026/08/05 11:34:35.965, 21096, 100
2026/08/05 11:34:36.966, 21096, 100
2026/08/05 11:34:37.967, 21096, 100
2026/08/05 11:34:38.969, 21096, 100
2026/08/05 11:34:39.970, 21096, 100
2026/08/05 11:34:40.971, 21096, 100
2026/08/05 11:34:41.973, 21096, 100
2026/08/05 11:34:42.974, 21096, 100
2026/08/05 11:34:43.975, 21096, 100
2026/08/05 11:34:44.976, 21096, 100
2026/08/05 11:34:45.978, 21096, 100
2026/08/05 11:34:46.979, 21096, 100
2026/08/05 11:34:47.980, 21096, 100
2026/08/05 11:34:48.982, 21096, 100
2026/08/05 11:34:49.982, 21096, 85
2026/08/05 11:34:50.982, 21096, 100
2026/08/05 11:34:51.982, 21096, 100
2026/08/05 11:34:52.982, 21096, 100
2026/08/05 11:34:53.983, 21096, 100
2026/08/05 11:34:54.983, 21096, 100
2026/08/05 11:34:55.983, 21096, 100
2026/08/05 11:34:56.983, 21096, 100
2026/08/05 11:34:57.983, 21096, 100
2026/08/05 11:34:58.984, 21096, 100
2026/08/05 11:34:59.984, 21096, 100
2026/08/05 11:35:00.984, 21096, 100
2026/08/05 11:35:01.984, 21096, 100
2026/08/05 11:35:02.985, 21096, 100
2026/08/05 11:35:03.985, 21096, 100
2026/08/05 11:35:04.985, 21096, 100
2026/08/05 11:35:05.985, 21096, 100
2026/08/05 11:35:06.986, 21096, 100
2026/08/05 11:35:07.986, 21096, 100
2026/08/05 11:35:08.986, 21096, 100
2026/08/05 11:35:09.986, 21096, 100
2026/08/05 11:35:10.987, 21096, 100
2026/08/05 11:35:11.987, 21096, 100
2026/08/05 11:35:12.987, 21096, 100
2026/08/05 11:35:13.987, 21096, 100
2026/08/05 11:35:14.988, 21096, 100
2026/08/05 11:35:15.988, 21096, 100
2026/08/05 11:35:16.988, 21096, 100
2026/08/05 11:35:17.989, 21096, 100
2026/08/05 11:35:18.989, 21096, 100
2026/08/05 11:35:19.989, 21096, 100
2026/08/05 11:35:20.989, 21096, 100
2026/08/05 11:35:21.989, 21096, 100
2026/08/05 11:35:22.990, 21096, 100
2026/08/05 11:35:23.990, 21096, 100
2026/08/05 11:35:24.990, 21096, 86
2026/08/05 11:35:25.990, 21096, 100
2026/08/05 11:35:26.990, 21096, 100
2026/08/05 11:35:27.991, 21096, 100
2026/08/05 11:35:28.991, 21096, 100
2026/08/05 11:35:29.991, 21096, 100
2026/08/05 11:35:30.991, 21096, 85
2026/08/05 11:35:31.991, 21096, 100
2026/08/05 11:35:32.992, 21096, 100
2026/08/05 11:35:33.992, 21096, 100
2026/08/05 11:35:34.992, 21096, 85
2026/08/05 11:35:35.992, 21096, 100
2026/08/05 11:35:36.993, 21096, 100
2026/08/05 11:35:37.993, 21096, 100
2026/08/05 11:35:38.993, 21096, 64
2026/08/05 11:35:39.993, 21096, 100
2026/08/05 11:35:40.993, 21096, 100
2026/08/05 11:35:41.994, 21096, 65
2026/08/05 11:35:42.994, 21096, 100
2026/08/05 11:35:43.994, 21096, 100
2026/08/05 11:35:44.994, 21096, 100
2026/08/05 11:35:45.994, 21096, 100
2026/08/05 11:35:46.995, 21096, 100
2026/08/05 11:35:47.995, 21096, 100
2026/08/05 11:35:48.995, 21096, 100
2026/08/05 11:35:49.995, 21096, 100
2026/08/05 11:35:50.995, 21096, 100
2026/08/05 11:35:51.995, 21096, 85
2026/08/05 11:35:52.996, 21096, 83
2026/08/05 11:35:53.996, 21096, 100
2026/08/05 11:35:54.996, 21096, 100
2026/08/05 11:35:55.996, 21096, 100
2026/08/05 11:35:56.997, 21096, 100
2026/08/05 11:35:57.997, 21096, 100
2026/08/05 11:35:58.997, 21096, 100
2026/08/05 11:35:59.998, 21096, 84
2026/08/05 11:36:00.998, 21096, 100
2026/08/05 11:36:01.998, 21096, 84
2026/08/05 11:36:02.999, 21096, 100
2026/08/05 11:36:03.999, 21096, 100
2026/08/05 11:36:04.999, 21096, 65
2026/08/05 11:36:06.000, 21096, 100
2026/08/05 11:36:07.000, 21096, 100
2026/08/05 11:36:08.000, 21096, 100
2026/08/05 11:36:09.001, 21096, 100
2026/08/05 11:36:10.001, 21096, 90
2026/08/05 11:36:11.002, 21096, 100
2026/08/05 11:36:12.002, 21096, 100
2026/08/05 11:36:13.003, 21096, 100
2026/08/05 11:36:14.003, 21096, 100
2026/08/05 11:36:15.003, 21096, 86
2026/08/05 11:36:16.003, 21096, 100
2026/08/05 11:36:17.004, 21096, 86
2026/08/05 11:36:18.004, 21096, 100
2026/08/05 11:36:19.004, 21096, 100
2026/08/05 11:36:20.004, 21096, 100
2026/08/05 11:36:21.005, 21096, 100
2026/08/05 11:36:22.005, 21096, 100
2026/08/05 11:36:23.005, 21096, 100
2026/08/05 11:36:24.005, 21096, 100
2026/08/05 11:36:25.005, 21096, 100
2026/08/05 11:36:26.006, 21096, 100
2026/08/05 11:36:27.006, 21096, 85
2026/08/05 11:36:28.006, 21096, 57
2026/08/05 11:36:29.006, 21096, 100
2026/08/05 11:36:30.007, 21096, 61
2026/08/05 11:36:31.007, 21096, 100
2026/08/05 11:36:32.007, 21096, 100
2026/08/05 11:36:33.007, 21096, 100
2026/08/05 11:36:34.008, 21096, 100
2026/08/05 11:36:35.008, 21096, 100
2026/08/05 11:36:36.008, 21096, 100
2026/08/05 11:36:37.008, 21096, 100
2026/08/05 11:36:38.009, 21096, 83
2026/08/05 11:36:39.009, 21096, 85
2026/08/05 11:36:40.009, 21096, 84
2026/08/05 11:36:41.009, 21096, 100
2026/08/05 11:36:42.010, 21096, 84
2026/08/05 11:36:43.010, 21096, 100
2026/08/05 11:36:44.010, 21096, 100
2026/08/05 11:36:45.010, 21096, 84
2026/08/05 11:36:46.011, 21096, 100
2026/08/05 11:36:47.011, 21096, 100
2026/08/05 11:36:48.011, 21096, 100
2026/08/05 11:36:49.011, 21096, 100
2026/08/05 11:36:50.012, 21096, 100
2026/08/05 11:36:51.012, 21096, 100
2026/08/05 11:36:52.013, 21096, 100
2026/08/05 11:36:53.013, 21096, 100
2026/08/05 11:36:54.013, 21096, 87
2026/08/05 11:36:55.013, 21096, 100
2026/08/05 11:36:56.014, 21096, 100
2026/08/05 11:36:57.014, 21096, 83
2026/08/05 11:36:58.014, 21096, 100
2026/08/05 11:36:59.016, 21096, 100
2026/08/05 11:37:00.045, 21096, 100
2026/08/05 11:37:01.069, 21096, 100
2026/08/05 11:37:02.092, 21096, 100
2026/08/05 11:37:03.110, 21096, 100
2026/08/05 11:37:04.127, 21096, 100
2026/08/05 11:37:05.143, 21096, 100
2026/08/05 11:37:06.156, 21096, 100
2026/08/05 11:37:07.167, 21096, 92
2026/08/05 11:37:08.177, 21096, 100
2026/08/05 11:37:09.186, 21096, 94
2026/08/05 11:37:10.194, 21096, 100
2026/08/05 11:37:11.201, 21096, 100
2026/08/05 11:37:12.208, 21096, 84
2026/08/05 11:37:13.213, 21096, 100
2026/08/05 11:37:14.218, 21096, 100
2026/08/05 11:37:15.223, 21096, 67
2026/08/05 11:37:16.227, 21096, 100
2026/08/05 11:37:17.231, 21096, 100
2026/08/05 11:37:18.235, 21096, 96
2026/08/05 11:37:19.238, 21096, 67
2026/08/05 11:37:20.241, 21096, 100
2026/08/05 11:37:21.244, 21096, 100
2026/08/05 11:37:22.246, 21096, 83
2026/08/05 11:37:23.249, 21096, 100
2026/08/05 11:37:24.251, 21096, 100
2026/08/05 11:37:25.253, 21096, 100
2026/08/05 11:37:26.255, 21096, 100
2026/08/05 11:37:27.257, 21096, 84
2026/08/05 11:37:28.259, 21096, 66
2026/08/05 11:37:29.260, 21096, 100
2026/08/05 11:37:30.262, 21096, 85
2026/08/05 11:37:31.263, 21096, 65
2026/08/05 11:37:32.271, 21096, 100
2026/08/05 11:37:33.294, 21096, 100
2026/08/05 11:37:34.313, 21096, 100
2026/08/05 11:37:35.331, 21096, 100
2026/08/05 11:37:36.346, 21096, 100
2026/08/05 11:37:37.360, 21096, 100
2026/08/05 11:37:38.372, 21096, 100
2026/08/05 11:37:39.383, 21096, 100
2026/08/05 11:37:40.392, 21096, 100
2026/08/05 11:37:41.401, 21096, 100
2026/08/05 11:37:42.409, 21096, 100
2026/08/05 11:37:43.415, 21096, 100
2026/08/05 11:37:44.421, 21096, 100
2026/08/05 11:37:45.427, 21096, 100
2026/08/05 11:37:46.432, 21096, 100
2026/08/05 11:37:47.436, 21096, 100
2026/08/05 11:37:48.440, 21096, 100
2026/08/05 11:37:49.444, 21096, 100
2026/08/05 11:37:50.447, 21096, 100
2026/08/05 11:37:51.450, 21096, 68
2026/08/05 11:37:52.452, 21096, 100
2026/08/05 11:37:53.455, 21096, 100
2026/08/05 11:37:54.457, 21096, 100
2026/08/05 11:37:55.460, 21096, 86
2026/08/05 11:37:56.462, 21096, 100
2026/08/05 11:37:57.465, 21096, 100
2026/08/05 11:37:58.467, 21096, 100
2026/08/05 11:37:59.470, 21096, 100
2026/08/05 11:38:00.471, 21096, 100
2026/08/05 11:38:01.472, 21096, 66
2026/08/05 11:38:02.474, 21096, 100
2026/08/05 11:38:03.475, 21096, 100
2026/08/05 11:38:04.021, 21096, 100
2026/08/05 11:38:05.023, 21096, 65
2026/08/05 11:38:06.024, 21096, 100
2026/08/05 11:38:07.025, 21096, 100
2026/08/05 11:38:08.027, 21096, 96
2026/08/05 11:38:09.028, 21096, 85
2026/08/05 11:38:10.029, 21096, 86
2026/08/05 11:38:11.031, 21096, 65
2026/08/05 11:38:12.032, 21096, 100
2026/08/05 11:38:13.034, 21096, 100
2026/08/05 11:38:14.035, 21096, 100
2026/08/05 11:38:15.037, 21096, 87
2026/08/05 11:38:16.038, 21096, 100
2026/08/05 11:38:17.039, 21096, 100
2026/08/05 11:38:18.041, 21096, 100
2026/08/05 11:38:19.042, 21096, 100
2026/08/05 11:38:20.043, 21096, 100
2026/08/05 11:38:21.045, 21096, 100
2026/08/05 11:38:22.046, 21096, 100
2026/08/05 11:38:23.048, 21096, 100
2026/08/05 11:38:24.049, 21096, 100
2026/08/05 11:38:25.050, 21096, 100
2026/08/05 11:38:26.052, 21096, 62
2026/08/05 11:38:27.053, 21096, 100
2026/08/05 11:38:28.054, 21096, 100
2026/08/05 11:38:29.056, 21096, 83
2026/08/05 11:38:30.057, 21096, 100
2026/08/05 11:38:31.058, 21096, 84
2026/08/05 11:38:32.060, 21096, 100
2026/08/05 11:38:33.061, 21096, 85
2026/08/05 11:38:34.063, 21096, 100
2026/08/05 11:38:35.064, 21096, 83
2026/08/05 11:38:36.066, 21096, 62
2026/08/05 11:38:37.067, 21096, 100
2026/08/05 11:38:38.069, 21096, 100
2026/08/05 11:38:39.071, 21096, 100
2026/08/05 11:38:40.073, 21096, 100
2026/08/05 11:38:41.075, 21096, 83
2026/08/05 11:38:42.077, 21096, 100
2026/08/05 11:38:43.079, 21096, 100
2026/08/05 11:38:44.081, 21096, 83
2026/08/05 11:38:45.082, 21096, 100
2026/08/05 11:38:46.084, 21096, 100
2026/08/05 11:38:47.085, 21096, 100
2026/08/05 11:38:48.087, 21096, 100
2026/08/05 11:38:49.088, 21096, 100
2026/08/05 11:38:50.090, 21096, 100
2026/08/05 11:38:51.092, 21096, 100
2026/08/05 11:38:52.094, 21096, 100
2026/08/05 11:38:53.095, 21096, 100
2026/08/05 11:38:54.096, 21096, 100
2026/08/05 11:38:55.097, 21096, 100
2026/08/05 11:38:56.099, 21096, 92
2026/08/05 11:38:57.100, 21096, 100
2026/08/05 11:38:58.102, 21096, 100
2026/08/05 11:38:59.103, 21096, 82
2026/08/05 11:39:00.105, 21096, 100
2026/08/05 11:39:01.106, 21096, 100
2026/08/05 11:39:02.107, 21096, 100
2026/08/05 11:39:03.109, 21096, 84
2026/08/05 11:39:04.110, 21096, 100
2026/08/05 11:39:05.112, 21096, 100
2026/08/05 11:39:06.113, 21096, 68
2026/08/05 11:39:07.114, 21096, 100
2026/08/05 11:39:08.116, 21096, 100
2026/08/05 11:39:09.117, 21096, 100
2026/08/05 11:39:10.118, 21096, 81
2026/08/05 11:39:11.120, 21096, 98
2026/08/05 11:39:12.121, 21096, 100
2026/08/05 11:39:13.124, 21096, 87
2026/08/05 11:39:14.125, 21096, 65
2026/08/05 11:39:15.127, 21096, 91
2026/08/05 11:39:16.128, 21096, 100
2026/08/05 11:39:17.129, 21096, 100
2026/08/05 11:39:18.131, 21096, 100
2026/08/05 11:39:19.132, 21096, 100
2026/08/05 11:39:20.133, 21096, 86
2026/08/05 11:39:21.135, 21096, 74
2026/08/05 11:39:22.136, 21096, 100
2026/08/05 11:39:23.138, 21096, 100
2026/08/05 11:39:24.139, 21096, 100
2026/08/05 11:39:25.140, 21096, 100
2026/08/05 11:39:26.142, 21096, 100
2026/08/05 11:39:27.143, 21096, 100
2026/08/05 11:39:28.144, 21096, 100
2026/08/05 11:39:29.146, 21096, 100
2026/08/05 11:39:30.147, 21096, 100
2026/08/05 11:39:31.148, 21096, 83
2026/08/05 11:39:32.150, 21096, 100
2026/08/05 11:39:33.151, 21096, 100
2026/08/05 11:39:34.152, 21096, 100
2026/08/05 11:39:35.154, 21096, 100
2026/08/05 11:39:36.155, 21096, 81
2026/08/05 11:39:37.157, 21096, 100
2026/08/05 11:39:38.158, 21096, 100
2026/08/05 11:39:39.160, 21096, 100
2026/08/05 11:39:40.161, 21096, 100
2026/08/05 11:39:41.162, 21096, 100
2026/08/05 11:39:42.163, 21096, 100
2026/08/05 11:39:43.163, 21096, 100
2026/08/05 11:39:44.163, 21096, 85
2026/08/05 11:39:45.164, 21096, 100
2026/08/05 11:39:46.164, 21096, 100
2026/08/05 11:39:47.164, 21096, 100
2026/08/05 11:39:48.165, 21096, 100
2026/08/05 11:39:49.165, 21096, 100
2026/08/05 11:39:50.165, 21096, 100
2026/08/05 11:39:51.165, 21096, 100
2026/08/05 11:39:52.166, 21096, 100
2026/08/05 11:39:53.166, 21096, 100
2026/08/05 11:39:54.166, 21096, 100
2026/08/05 11:39:55.167, 21096, 83
2026/08/05 11:39:56.167, 21096, 100
2026/08/05 11:39:57.167, 21096, 100
2026/08/05 11:39:58.167, 21096, 100
2026/08/05 11:39:59.168, 21096, 100
2026/08/05 11:40:00.168, 21096, 100
2026/08/05 11:40:01.168, 21096, 100
2026/08/05 11:40:02.168, 21096, 100
2026/08/05 11:40:03.169, 21096, 100
2026/08/05 11:40:04.169, 21096, 100
2026/08/05 11:40:05.169, 21096, 100
2026/08/05 11:40:06.170, 21096, 100
2026/08/05 11:40:07.170, 21096, 100
2026/08/05 11:40:08.170, 21096, 100
2026/08/05 11:40:09.171, 21096, 100
2026/08/05 11:40:10.171, 21096, 100
2026/08/05 11:40:11.171, 21096, 100
2026/08/05 11:40:12.173, 21096, 83
2026/08/05 11:40:13.174, 21096, 54
2026/08/05 11:40:14.176, 21096, 84
2026/08/05 11:40:15.176, 21096, 100
2026/08/05 11:40:16.177, 21096, 100
2026/08/05 11:40:17.179, 21096, 100
2026/08/05 11:40:18.180, 21096, 100
2026/08/05 11:40:19.181, 21096, 100
2026/08/05 11:40:20.183, 21096, 100
2026/08/05 11:40:21.184, 21096, 100
2026/08/05 11:40:22.186, 21096, 100
2026/08/05 11:40:23.187, 21096, 70
2026/08/05 11:40:24.188, 21096, 100
2026/08/05 11:40:25.190, 21096, 100
2026/08/05 11:40:26.191, 21096, 100
2026/08/05 11:40:27.193, 21096, 100
2026/08/05 11:40:28.194, 21096, 82
2026/08/05 11:40:29.195, 21096, 100
2026/08/05 11:40:30.197, 21096, 100
2026/08/05 11:40:31.198, 21096, 100
2026/08/05 11:40:32.199, 21096, 100
2026/08/05 11:40:33.201, 21096, 100
2026/08/05 11:40:34.202, 21096, 100
2026/08/05 11:40:35.203, 21096, 100
2026/08/05 11:40:36.205, 21096, 100
2026/08/05 11:40:37.206, 21096, 100
2026/08/05 11:40:38.208, 21096, 100
2026/08/05 11:40:39.209, 21096, 100
2026/08/05 11:40:40.210, 21096, 100
2026/08/05 11:40:41.212, 21096, 100
2026/08/05 11:40:42.213, 21096, 83
2026/08/05 11:40:43.215, 21096, 100
2026/08/05 11:40:44.216, 21096, 100
2026/08/05 11:40:45.217, 21096, 100
2026/08/05 11:40:46.219, 21096, 92
2026/08/05 11:40:47.220, 21096, 100
2026/08/05 11:40:48.222, 21096, 100
2026/08/05 11:40:49.223, 21096, 100
2026/08/05 11:40:50.225, 21096, 100
2026/08/05 11:40:51.226, 21096, 100
2026/08/05 11:40:52.227, 21096, 100
2026/08/05 11:40:53.229, 21096, 85
2026/08/05 11:40:54.230, 21096, 100
2026/08/05 11:40:55.232, 21096, 100
2026/08/05 11:40:56.233, 21096, 100
2026/08/05 11:40:57.234, 21096, 100
2026/08/05 11:40:58.235, 21096, 100
2026/08/05 11:40:59.237, 21096, 100
2026/08/05 11:41:00.238, 21096, 100
2026/08/05 11:41:01.239, 21096, 100
2026/08/05 11:41:02.240, 21096, 100
2026/08/05 11:41:03.241, 21096, 100
2026/08/05 11:41:04.242, 21096, 100
2026/08/05 11:41:05.244, 21096, 100
2026/08/05 11:41:06.245, 21096, 100
2026/08/05 11:41:07.247, 21096, 100
2026/08/05 11:41:08.248, 21096, 100
2026/08/05 11:41:09.249, 21096, 100
2026/08/05 11:41:10.251, 21096, 64
2026/08/05 11:41:11.252, 21096, 100
2026/08/05 11:41:12.253, 21096, 84
2026/08/05 11:41:13.255, 21096, 100
2026/08/05 11:41:14.256, 21096, 100
2026/08/05 11:41:15.257, 21096, 84
2026/08/05 11:41:16.259, 21096, 83
2026/08/05 11:41:17.260, 21096, 100
2026/08/05 11:41:18.261, 21096, 100
2026/08/05 11:41:19.263, 21096, 100
2026/08/05 11:41:20.263, 21096, 100
2026/08/05 11:41:21.265, 21096, 100
2026/08/05 11:41:22.265, 21096, 100
2026/08/05 11:41:23.266, 21096, 100
2026/08/05 11:41:24.268, 21096, 84
2026/08/05 11:41:25.268, 21096, 100
2026/08/05 11:41:26.270, 21096, 65
2026/08/05 11:41:27.271, 21096, 98
2026/08/05 11:41:28.272, 21096, 100
2026/08/05 11:41:29.274, 21096, 100
2026/08/05 11:41:30.275, 21096, 100
2026/08/05 11:41:31.276, 21096, 100
2026/08/05 11:41:32.278, 21096, 100
2026/08/05 11:41:33.279, 21096, 84
2026/08/05 11:41:34.281, 21096, 100
2026/08/05 11:41:35.282, 21096, 100
2026/08/05 11:41:36.283, 21096, 100
2026/08/05 11:41:37.284, 21096, 100
2026/08/05 11:41:38.286, 21096, 100
2026/08/05 11:41:39.287, 21096, 100
2026/08/05 11:41:40.288, 21096, 100
2026/08/05 11:41:41.289, 21096, 100
2026/08/05 11:41:42.290, 21096, 100
2026/08/05 11:41:43.292, 21096, 100
2026/08/05 11:41:44.293, 21096, 100
2026/08/05 11:41:45.294, 21096, 100
2026/08/05 11:41:46.295, 21096, 100
2026/08/05 11:41:47.297, 21096, 100
2026/08/05 11:41:48.298, 21096, 100
2026/08/05 11:41:49.299, 21096, 100
2026/08/05 11:41:50.300, 21096, 84
2026/08/05 11:41:51.300, 21096, 84
2026/08/05 11:41:52.300, 21096, 100
2026/08/05 11:41:53.301, 21096, 100
2026/08/05 11:41:54.301, 21096, 100
2026/08/05 11:41:55.301, 21096, 100
2026/08/05 11:41:56.301, 21096, 100
2026/08/05 11:41:57.301, 21096, 100
2026/08/05 11:41:58.302, 21096, 100
2026/08/05 11:41:59.302, 21096, 100
2026/08/05 11:42:00.302, 21096, 65
2026/08/05 11:42:01.303, 21096, 100
2026/08/05 11:42:02.303, 21096, 100
2026/08/05 11:42:03.303, 21096, 100
2026/08/05 11:42:04.303, 21096, 100
2026/08/05 11:42:05.303, 21096, 100
2026/08/05 11:42:06.304, 21096, 100
2026/08/05 11:42:07.304, 21096, 100
2026/08/05 11:42:08.304, 21096, 100
2026/08/05 11:42:09.304, 21096, 100
2026/08/05 11:42:10.304, 21096, 84
2026/08/05 11:42:11.305, 21096, 100
2026/08/05 11:42:12.305, 21096, 96
2026/08/05 11:42:13.305, 21096, 100
2026/08/05 11:42:14.305, 21096, 79
2026/08/05 11:42:15.306, 21096, 100
2026/08/05 11:42:16.306, 21096, 100
2026/08/05 11:42:17.306, 21096, 100
2026/08/05 11:42:18.306, 21096, 100
2026/08/05 11:42:19.306, 21096, 100
2026/08/05 11:42:20.307, 21096, 100
2026/08/05 11:42:21.307, 21096, 100
2026/08/05 11:42:22.307, 21096, 100
2026/08/05 11:42:23.307, 21096, 100
2026/08/05 11:42:24.308, 21096, 100
2026/08/05 11:42:25.308, 21096, 89
2026/08/05 11:42:26.308, 21096, 100
2026/08/05 11:42:27.309, 21096, 100
2026/08/05 11:42:28.309, 21096, 100
2026/08/05 11:42:29.309, 21096, 100
2026/08/05 11:42:30.309, 21096, 100
2026/08/05 11:42:31.309, 21096, 100
2026/08/05 11:42:32.310, 21096, 100
2026/08/05 11:42:33.310, 21096, 100
2026/08/05 11:42:34.310, 21096, 100
2026/08/05 11:42:35.310, 21096, 100
2026/08/05 11:42:36.311, 21096, 85
2026/08/05 11:42:37.311, 21096, 100
2026/08/05 11:42:38.311, 21096, 100
2026/08/05 11:42:39.312, 21096, 100
2026/08/05 11:42:40.312, 21096, 100
2026/08/05 11:42:41.312, 21096, 100
2026/08/05 11:42:42.312, 21096, 100
2026/08/05 11:42:43.313, 21096, 100
2026/08/05 11:42:44.313, 21096, 84
2026/08/05 11:42:45.313, 21096, 100
2026/08/05 11:42:46.314, 21096, 100
2026/08/05 11:42:47.314, 21096, 84
2026/08/05 11:42:48.314, 21096, 100
2026/08/05 11:42:49.315, 21096, 100
2026/08/05 11:42:50.315, 21096, 100
2026/08/05 11:42:51.315, 21096, 100
2026/08/05 11:42:52.315, 21096, 64
2026/08/05 11:42:53.316, 21096, 100
2026/08/05 11:42:54.316, 21096, 100
2026/08/05 11:42:55.316, 21096, 85
2026/08/05 11:42:56.317, 21096, 100
2026/08/05 11:42:57.317, 21096, 100
2026/08/05 11:42:58.317, 21096, 100
2026/08/05 11:42:59.317, 21096, 100
2026/08/05 11:43:00.318, 21096, 100
2026/08/05 11:43:01.318, 21096, 100
2026/08/05 11:43:02.318, 21096, 100
2026/08/05 11:43:03.319, 21096, 85
2026/08/05 11:43:04.319, 21096, 71
2026/08/05 11:43:05.319, 21096, 100
2026/08/05 11:43:06.320, 21096, 100
2026/08/05 11:43:07.321, 21096, 100
2026/08/05 11:43:08.321, 21096, 100
2026/08/05 11:43:09.323, 21096, 100
2026/08/05 11:43:10.323, 21096, 100
2026/08/05 11:43:11.324, 21096, 84
2026/08/05 11:43:12.326, 21096, 100
2026/08/05 11:43:13.327, 21096, 100
2026/08/05 11:43:14.328, 21096, 100
2026/08/05 11:43:15.329, 21096, 85
2026/08/05 11:43:16.330, 21096, 100
2026/08/05 11:43:17.331, 21096, 100
2026/08/05 11:43:18.332, 21096, 100
2026/08/05 11:43:19.333, 21096, 100
2026/08/05 11:43:20.335, 21096, 100
2026/08/05 11:43:21.336, 21096, 100
2026/08/05 11:43:22.337, 21096, 100
2026/08/05 11:43:23.339, 21096, 100
2026/08/05 11:43:24.340, 21096, 100
2026/08/05 11:43:25.341, 21096, 100
2026/08/05 11:43:26.343, 21096, 100
2026/08/05 11:43:27.344, 21096, 100
2026/08/05 11:43:28.346, 21096, 100
2026/08/05 11:43:29.347, 21096, 100
2026/08/05 11:43:30.348, 21096, 100
2026/08/05 11:43:31.349, 21096, 100
2026/08/05 11:43:32.350, 21096, 100
2026/08/05 11:43:33.352, 21096, 100
2026/08/05 11:43:34.353, 21096, 100
2026/08/05 11:43:35.353, 21096, 100
2026/08/05 11:43:36.354, 21096, 100
2026/08/05 11:43:37.355, 21096, 100
2026/08/05 11:43:38.356, 21096, 100
2026/08/05 11:43:39.358, 21096, 100
2026/08/05 11:43:40.359, 21096, 100
2026/08/05 11:43:41.361, 21096, 100
2026/08/05 11:43:42.362, 21096, 85
2026/08/05 11:43:43.364, 21096, 100
2026/08/05 11:43:44.364, 21096, 91
2026/08/05 11:43:45.365, 21096, 83
2026/08/05 11:43:46.367, 21096, 100
2026/08/05 11:43:47.368, 21096, 100
2026/08/05 11:43:48.369, 21096, 100
2026/08/05 11:43:49.370, 21096, 100
2026/08/05 11:43:50.372, 21096, 100
2026/08/05 11:43:51.373, 21096, 100
2026/08/05 11:43:52.373, 21096, 68
2026/08/05 11:43:53.375, 21096, 100
2026/08/05 11:43:54.376, 21096, 100
2026/08/05 11:43:55.377, 21096, 100
2026/08/05 11:43:56.377, 21096, 100
2026/08/05 11:43:57.379, 21096, 100
2026/08/05 11:43:58.381, 21096, 100
2026/08/05 11:43:59.382, 21096, 100
2026/08/05 11:44:00.383, 21096, 100
2026/08/05 11:44:01.384, 21096, 100
2026/08/05 11:44:02.386, 21096, 83
2026/08/05 11:44:03.387, 21096, 85
2026/08/05 11:44:04.388, 21096, 100
2026/08/05 11:44:05.390, 21096, 89
2026/08/05 11:44:06.391, 21096, 100
2026/08/05 11:44:07.392, 21096, 100
2026/08/05 11:44:08.394, 21096, 100
2026/08/05 11:44:09.395, 21096, 100
2026/08/05 11:44:10.397, 21096, 100
2026/08/05 11:44:11.398, 21096, 100
2026/08/05 11:44:12.399, 21096, 100
2026/08/05 11:44:13.400, 21096, 100
2026/08/05 11:44:14.400, 21096, 100
2026/08/05 11:44:15.401, 21096, 100
2026/08/05 11:44:16.402, 21096, 85
2026/08/05 11:44:17.404, 21096, 100
2026/08/05 11:44:18.404, 21096, 100
2026/08/05 11:44:19.406, 21096, 100
2026/08/05 11:44:20.407, 21096, 100
2026/08/05 11:44:21.409, 21096, 100
2026/08/05 11:44:22.410, 21096, 100
2026/08/05 11:44:23.411, 21096, 84
2026/08/05 11:44:24.413, 21096, 100
2026/08/05 11:44:25.414, 21096, 100
2026/08/05 11:44:26.416, 21096, 100
2026/08/05 11:44:27.417, 21096, 88
2026/08/05 11:44:28.418, 21096, 100
2026/08/05 11:44:29.420, 21096, 100
2026/08/05 11:44:30.421, 21096, 100
2026/08/05 11:44:31.422, 21096, 100
2026/08/05 11:44:32.424, 21096, 100
2026/08/05 11:44:33.424, 21096, 100
2026/08/05 11:44:34.426, 21096, 100
2026/08/05 11:44:35.427, 21096, 100
2026/08/05 11:44:36.429, 21096, 91
2026/08/05 11:44:37.430, 21096, 88
2026/08/05 11:44:38.432, 21096, 100
2026/08/05 11:44:39.433, 21096, 84
2026/08/05 11:44:40.434, 21096, 100
2026/08/05 11:44:41.436, 21096, 100
2026/08/05 11:44:42.437, 21096, 100
2026/08/05 11:44:43.438, 21096, 100
2026/08/05 11:44:44.440, 21096, 100
2026/08/05 11:44:45.441, 21096, 100
2026/08/05 11:44:46.442, 21096, 100
2026/08/05 11:44:47.443, 21096, 100
2026/08/05 11:44:48.445, 21096, 85
2026/08/05 11:44:49.446, 21096, 65
2026/08/05 11:44:50.447, 21096, 84
2026/08/05 11:44:51.449, 21096, 100
2026/08/05 11:44:52.450, 21096, 100
2026/08/05 11:44:53.451, 21096, 69
2026/08/05 11:44:54.452, 21096, 100
2026/08/05 11:44:55.454, 21096, 100
2026/08/05 11:44:56.455, 21096, 100
2026/08/05 11:44:57.457, 21096, 66
2026/08/05 11:44:58.458, 21096, 84
2026/08/05 11:44:59.459, 21096, 100
2026/08/05 11:45:00.461, 21096, 100
2026/08/05 11:45:01.462, 21096, 100
2026/08/05 11:45:02.464, 21096, 100
2026/08/05 11:45:03.465, 21096, 65
2026/08/05 11:45:04.466, 21096, 100
2026/08/05 11:45:05.467, 21096, 100
2026/08/05 11:45:06.468, 21096, 100
2026/08/05 11:45:07.470, 21096, 85
2026/08/05 11:45:08.471, 21096, 100
2026/08/05 11:45:09.472, 21096, 100
2026/08/05 11:45:10.474, 21096, 100
2026/08/05 11:45:11.475, 21096, 100
2026/08/05 11:45:12.476, 21096, 100
2026/08/05 11:45:13.478, 21096, 82
2026/08/05 11:45:14.479, 21096, 100
2026/08/05 11:45:15.481, 21096, 100
2026/08/05 11:45:16.482, 21096, 100
2026/08/05 11:45:17.483, 21096, 100
2026/08/05 11:45:18.485, 21096, 100
2026/08/05 11:45:19.486, 21096, 100
2026/08/05 11:45:20.487, 21096, 100
2026/08/05 11:45:21.488, 21096, 100
2026/08/05 11:45:22.489, 21096, 100
2026/08/05 11:45:23.491, 21096, 100
2026/08/05 11:45:24.492, 21096, 100
2026/08/05 11:45:25.493, 21096, 100
2026/08/05 11:45:26.495, 21096, 100
2026/08/05 11:45:27.496, 21096, 100
2026/08/05 11:45:28.498, 21096, 100
2026/08/05 11:45:29.499, 21096, 84
2026/08/05 11:45:30.500, 21096, 100
2026/08/05 11:45:31.501, 21096, 100
2026/08/05 11:45:32.503, 21096, 100
2026/08/05 11:45:33.504, 21096, 100
2026/08/05 11:45:34.505, 21096, 100
2026/08/05 11:45:35.507, 21096, 100
2026/08/05 11:45:36.508, 21096, 100
2026/08/05 11:45:37.510, 21096, 100
2026/08/05 11:45:38.511, 21096, 100
2026/08/05 11:45:39.513, 21096, 100
2026/08/05 11:45:40.514, 21096, 100
2026/08/05 11:45:41.516, 21096, 100
2026/08/05 11:45:42.517, 21096, 100
2026/08/05 11:45:43.519, 21096, 100
2026/08/05 11:45:44.520, 21096, 96
2026/08/05 11:45:45.521, 21096, 100
2026/08/05 11:45:46.523, 21096, 100
2026/08/05 11:45:47.524, 21096, 100
2026/08/05 11:45:48.525, 21096, 100
2026/08/05 11:45:49.527, 21096, 100
2026/08/05 11:45:50.528, 21096, 100
2026/08/05 11:45:51.530, 21096, 100
2026/08/05 11:45:52.531, 21096, 100
2026/08/05 11:45:53.532, 21096, 100
2026/08/05 11:45:54.534, 21096, 100
2026/08/05 11:45:55.535, 21096, 100
2026/08/05 11:45:56.537, 21096, 100
2026/08/05 11:45:57.538, 21096, 100
2026/08/05 11:45:58.540, 21096, 100
2026/08/05 11:45:59.541, 21096, 100
2026/08/05 11:46:00.542, 21096, 100
2026/08/05 11:46:01.544, 21096, 100
2026/08/05 11:46:02.545, 21096, 100
2026/08/05 11:46:03.547, 21096, 100
2026/08/05 11:46:04.548, 21096, 100
2026/08/05 11:46:05.549, 21096, 100
2026/08/05 11:46:06.551, 21096, 80
2026/08/05 11:46:07.551, 21096, 100
2026/08/05 11:46:08.551, 21096, 100
2026/08/05 11:46:09.552, 21096, 100
2026/08/05 11:46:10.552, 21096, 93
2026/08/05 11:46:11.552, 21096, 100
2026/08/05 11:46:12.552, 21096, 100
2026/08/05 11:46:13.553, 21096, 100
2026/08/05 11:46:14.553, 21096, 100
2026/08/05 11:46:15.553, 21096, 100
2026/08/05 11:46:16.553, 21096, 84
2026/08/05 11:46:17.554, 21096, 100
2026/08/05 11:46:18.554, 21096, 100
2026/08/05 11:46:19.554, 21096, 100
2026/08/05 11:46:20.555, 21096, 100
2026/08/05 11:46:21.555, 21096, 100
2026/08/05 11:46:22.556, 21096, 100
2026/08/05 11:46:23.558, 21096, 100
2026/08/05 11:46:24.559, 21096, 100
2026/08/05 11:46:25.560, 21096, 100
2026/08/05 11:46:26.561, 21096, 100
2026/08/05 11:46:27.562, 21096, 100
2026/08/05 11:46:28.563, 21096, 100
2026/08/05 11:46:29.564, 21096, 100
2026/08/05 11:46:30.566, 21096, 100
2026/08/05 11:46:31.566, 21096, 100
2026/08/05 11:46:32.567, 21096, 100
2026/08/05 11:46:33.569, 21096, 100
2026/08/05 11:46:34.569, 21096, 100
2026/08/05 11:46:35.569, 21096, 100
2026/08/05 11:46:36.571, 21096, 100
2026/08/05 11:46:37.572, 21096, 100
2026/08/05 11:46:38.573, 21096, 100
2026/08/05 11:46:39.575, 21096, 100
2026/08/05 11:46:40.576, 21096, 82
2026/08/05 11:46:41.577, 21096, 100
2026/08/05 11:46:42.578, 21096, 84
2026/08/05 11:46:43.579, 21096, 100
2026/08/05 11:46:44.581, 21096, 100
2026/08/05 11:46:45.582, 21096, 100
2026/08/05 11:46:46.583, 21096, 100
2026/08/05 11:46:47.585, 21096, 100
2026/08/05 11:46:48.586, 21096, 100
2026/08/05 11:46:49.587, 21096, 83
2026/08/05 11:46:50.589, 21096, 85
2026/08/05 11:46:51.590, 21096, 100
2026/08/05 11:46:52.590, 21096, 100
2026/08/05 11:46:53.591, 21096, 100
2026/08/05 11:46:54.591, 21096, 100
2026/08/05 11:46:55.592, 21096, 81
2026/08/05 11:46:56.594, 21096, 100
2026/08/05 11:46:57.595, 21096, 100
2026/08/05 11:46:58.597, 21096, 100
2026/08/05 11:46:59.598, 21096, 100
2026/08/05 11:47:00.598, 21096, 100
2026/08/05 11:47:01.599, 21096, 100
2026/08/05 11:47:02.599, 21096, 100
2026/08/05 11:47:03.600, 21096, 100
2026/08/05 11:47:04.601, 21096, 85
2026/08/05 11:47:05.603, 21096, 100
2026/08/05 11:47:06.604, 21096, 100
2026/08/05 11:47:07.604, 21096, 100
2026/08/05 11:47:08.606, 21096, 100
2026/08/05 11:47:09.607, 21096, 100
2026/08/05 11:47:10.613, 21096, 100
2026/08/05 11:47:11.613, 21096, 95
2026/08/05 11:47:12.613, 21096, 100
2026/08/05 11:47:13.615, 21096, 100
2026/08/05 11:47:14.615, 21096, 100
2026/08/05 11:47:15.617, 21096, 0
2026/08/05 11:47:16.618, 21096, 100
2026/08/05 11:47:17.619, 21096, 100
2026/08/05 11:47:18.621, 21096, 85
2026/08/05 11:47:19.622, 21096, 100
2026/08/05 11:47:20.624, 21096, 100
2026/08/05 11:47:21.624, 21096, 100
2026/08/05 11:47:22.625, 21096, 100
2026/08/05 11:47:23.627, 21096, 100
2026/08/05 11:47:24.628, 21096, 100
2026/08/05 11:47:25.631, 21096, 100
2026/08/05 11:47:26.632, 21096, 100
2026/08/05 11:47:27.634, 21096, 100
2026/08/05 11:47:28.634, 21096, 100
2026/08/05 11:47:29.635, 21096, 100
2026/08/05 11:47:30.636, 21096, 100
2026/08/05 11:47:31.637, 21096, 100
2026/08/05 11:47:32.638, 21096, 100
2026/08/05 11:47:33.638, 21096, 100
2026/08/05 11:47:34.639, 21096, 100
2026/08/05 11:47:35.640, 21096, 84
2026/08/05 11:47:36.640, 21096, 100
2026/08/05 11:47:37.641, 21096, 100
2026/08/05 11:47:38.642, 21096, 100
2026/08/05 11:47:39.642, 21096, 100
2026/08/05 11:47:40.643, 21096, 100
2026/08/05 11:47:41.643, 21096, 100
2026/08/05 11:47:42.645, 21096, 100
2026/08/05 11:47:43.646, 21096, 64
2026/08/05 11:47:44.646, 21096, 100
2026/08/05 11:47:45.648, 21096, 100
2026/08/05 11:47:46.649, 21096, 100
2026/08/05 11:47:47.650, 21096, 100
2026/08/05 11:47:48.651, 21096, 100
2026/08/05 11:47:49.651, 21096, 100
2026/08/05 11:47:50.653, 21096, 100
2026/08/05 11:47:51.654, 21096, 100
2026/08/05 11:47:52.654, 21096, 100
2026/08/05 11:47:53.654, 21096, 100
2026/08/05 11:47:54.656, 21096, 100
2026/08/05 11:47:55.657, 21096, 67
2026/08/05 11:47:56.658, 21096, 100
2026/08/05 11:47:57.658, 21096, 100
2026/08/05 11:47:58.659, 21096, 100
2026/08/05 11:47:59.659, 21096, 100
2026/08/05 11:48:00.659, 21096, 100
2026/08/05 11:48:01.661, 21096, 84
2026/08/05 11:48:02.662, 21096, 100
2026/08/05 11:48:03.664, 21096, 100
2026/08/05 11:48:04.665, 21096, 100
2026/08/05 11:48:05.666, 21096, 100
2026/08/05 11:48:06.666, 21096, 100
2026/08/05 11:48:07.667, 21096, 100
2026/08/05 11:48:08.668, 21096, 100
2026/08/05 11:48:09.668, 21096, 100
2026/08/05 11:48:10.669, 21096, 100
2026/08/05 11:48:11.671, 21096, 100
2026/08/05 11:48:12.672, 21096, 100
2026/08/05 11:48:13.673, 21096, 100
2026/08/05 11:48:14.674, 21096, 100
2026/08/05 11:48:15.674, 21096, 100
2026/08/05 11:48:16.675, 21096, 100
2026/08/05 11:48:17.675, 21096, 100
2026/08/05 11:48:18.676, 21096, 100
2026/08/05 11:48:19.677, 21096, 100
2026/08/05 11:48:20.678, 21096, 100
2026/08/05 11:48:21.678, 21096, 100
2026/08/05 11:48:22.679, 21096, 100
2026/08/05 11:48:23.679, 21096, 100
2026/08/05 11:48:24.681, 21096, 94
2026/08/05 11:48:25.682, 21096, 100
2026/08/05 11:48:26.682, 21096, 100
2026/08/05 11:48:27.683, 21096, 100
2026/08/05 11:48:28.683, 21096, 100
2026/08/05 11:48:29.684, 21096, 85
2026/08/05 11:48:30.684, 21096, 100
2026/08/05 11:48:31.686, 21096, 100
2026/08/05 11:48:32.686, 21096, 100
2026/08/05 11:48:33.687, 21096, 82
2026/08/05 11:48:34.690, 21096, 100
2026/08/05 11:48:35.692, 21096, 100
2026/08/05 11:48:36.693, 21096, 100
2026/08/05 11:48:37.694, 21096, 89
2026/08/05 11:48:38.695, 21096, 85
2026/08/05 11:48:39.695, 21096, 84
2026/08/05 11:48:40.696, 21096, 100
2026/08/05 11:48:41.697, 21096, 100
2026/08/05 11:48:42.698, 21096, 100
2026/08/05 11:48:43.699, 21096, 100
2026/08/05 11:48:44.701, 21096, 100
2026/08/05 11:48:45.702, 21096, 100
2026/08/05 11:48:46.703, 21096, 100
2026/08/05 11:48:47.705, 21096, 100
2026/08/05 11:48:48.706, 21096, 100
2026/08/05 11:48:49.708, 21096, 100
2026/08/05 11:48:50.709, 21096, 100
2026/08/05 11:48:51.710, 21096, 100
2026/08/05 11:48:52.712, 21096, 85
2026/08/05 11:48:53.712, 21096, 88
2026/08/05 11:48:54.714, 21096, 100
2026/08/05 11:48:55.715, 21096, 100
2026/08/05 11:48:56.717, 21096, 100
2026/08/05 11:48:57.718, 21096, 100
2026/08/05 11:48:58.719, 21096, 85
2026/08/05 11:48:59.721, 21096, 100
2026/08/05 11:49:00.721, 21096, 100
2026/08/05 11:49:01.723, 21096, 100
2026/08/05 11:49:02.724, 21096, 100
2026/08/05 11:49:03.725, 21096, 100
2026/08/05 11:49:04.727, 21096, 100
2026/08/05 11:49:05.727, 21096, 87
2026/08/05 11:49:06.729, 21096, 100
2026/08/05 11:49:07.730, 21096, 100
2026/08/05 11:49:08.732, 21096, 64
2026/08/05 11:49:09.733, 21096, 92
2026/08/05 11:49:10.734, 21096, 100
2026/08/05 11:49:11.736, 21096, 100
2026/08/05 11:49:12.737, 21096, 100
2026/08/05 11:49:13.738, 21096, 100
2026/08/05 11:49:14.740, 21096, 85
2026/08/05 11:49:15.741, 21096, 100
2026/08/05 11:49:16.743, 21096, 100
2026/08/05 11:49:17.744, 21096, 100
2026/08/05 11:49:18.745, 21096, 100
2026/08/05 11:49:19.747, 21096, 100
2026/08/05 11:49:20.748, 21096, 100
2026/08/05 11:49:21.750, 21096, 100
2026/08/05 11:49:22.751, 21096, 100
2026/08/05 11:49:23.752, 21096, 100
2026/08/05 11:49:24.753, 21096, 100
2026/08/05 11:49:25.754, 21096, 100
2026/08/05 11:49:26.756, 21096, 100
2026/08/05 11:49:27.757, 21096, 100
2026/08/05 11:49:28.759, 21096, 64
2026/08/05 11:49:29.760, 21096, 100
2026/08/05 11:49:30.761, 21096, 100
2026/08/05 11:49:31.762, 21096, 100
2026/08/05 11:49:32.763, 21096, 100
2026/08/05 11:49:33.765, 21096, 100
2026/08/05 11:49:34.766, 21096, 100
2026/08/05 11:49:35.768, 21096, 100
2026/08/05 11:49:36.769, 21096, 66
2026/08/05 11:49:37.770, 21096, 100
2026/08/05 11:49:38.771, 21096, 100
2026/08/05 11:49:39.773, 21096, 85
2026/08/05 11:49:40.774, 21096, 100
2026/08/05 11:49:41.776, 21096, 100
2026/08/05 11:49:42.777, 21096, 100
2026/08/05 11:49:43.779, 21096, 100
2026/08/05 11:49:44.780, 21096, 100
2026/08/05 11:49:45.781, 21096, 100
2026/08/05 11:49:46.782, 21096, 100
2026/08/05 11:49:47.784, 21096, 86
2026/08/05 11:49:48.785, 21096, 100
2026/08/05 11:49:49.786, 21096, 100
2026/08/05 11:49:50.788, 21096, 100
2026/08/05 11:49:51.789, 21096, 100
2026/08/05 11:49:52.790, 21096, 100
2026/08/05 11:49:53.792, 21096, 100
2026/08/05 11:49:54.793, 21096, 100
2026/08/05 11:49:55.794, 21096, 61
2026/08/05 11:49:56.796, 21096, 100
2026/08/05 11:49:57.797, 21096, 100
2026/08/05 11:49:58.799, 21096, 100
2026/08/05 11:49:59.800, 21096, 100
2026/08/05 11:50:00.801, 21096, 100
2026/08/05 11:50:01.802, 21096, 100
2026/08/05 11:50:02.804, 21096, 100
2026/08/05 11:50:03.805, 21096, 100
2026/08/05 11:50:04.806, 21096, 100
2026/08/05 11:50:05.808, 21096, 100
2026/08/05 11:50:06.809, 21096, 100
2026/08/05 11:50:07.810, 21096, 100
2026/08/05 11:50:08.811, 21096, 100
2026/08/05 11:50:09.812, 21096, 100
2026/08/05 11:50:10.813, 21096, 100
2026/08/05 11:50:11.815, 21096, 100
2026/08/05 11:50:12.816, 21096, 100
2026/08/05 11:50:13.818, 21096, 84
2026/08/05 11:50:14.819, 21096, 100
2026/08/05 11:50:15.820, 21096, 100
2026/08/05 11:50:16.822, 21096, 100
2026/08/05 11:50:17.823, 21096, 83
2026/08/05 11:50:18.824, 21096, 100
2026/08/05 11:50:19.826, 21096, 100
2026/08/05 11:50:20.827, 21096, 100
2026/08/05 11:50:21.828, 21096, 100
2026/08/05 11:50:22.830, 21096, 100
2026/08/05 11:50:23.831, 21096, 100
2026/08/05 11:50:24.832, 21096, 84
2026/08/05 11:50:25.833, 21096, 100
2026/08/05 11:50:26.834, 21096, 100
2026/08/05 11:50:27.836, 21096, 100
2026/08/05 11:50:28.837, 21096, 100
2026/08/05 11:50:29.838, 21096, 100
2026/08/05 11:50:30.840, 21096, 100
2026/08/05 11:50:31.841, 21096, 100
2026/08/05 11:50:32.842, 21096, 81
2026/08/05 11:50:33.844, 21096, 100
2026/08/05 11:50:34.845, 21096, 100
2026/08/05 11:50:35.846, 21096, 100
2026/08/05 11:50:36.848, 21096, 84
2026/08/05 11:50:37.849, 21096, 100
2026/08/05 11:50:38.850, 21096, 100
2026/08/05 11:50:39.852, 21096, 100
2026/08/05 11:50:40.853, 21096, 84
2026/08/05 11:50:41.854, 21096, 100
2026/08/05 11:50:42.856, 21096, 100
2026/08/05 11:50:43.857, 21096, 100
2026/08/05 11:50:44.858, 21096, 100
2026/08/05 11:50:45.860, 21096, 100
2026/08/05 11:50:46.861, 21096, 100
2026/08/05 11:50:47.863, 21096, 100
2026/08/05 11:50:48.864, 21096, 100
2026/08/05 11:50:49.865, 21096, 100
2026/08/05 11:50:50.866, 21096, 100
2026/08/05 11:50:51.868, 21096, 100
2026/08/05 11:50:52.869, 21096, 100
2026/08/05 11:50:53.870, 21096, 100
2026/08/05 11:50:54.872, 21096, 100
2026/08/05 11:50:55.873, 21096, 100
2026/08/05 11:50:56.874, 21096, 83
2026/08/05 11:50:57.876, 21096, 100
2026/08/05 11:50:58.877, 21096, 83
2026/08/05 11:50:59.879, 21096, 100
2026/08/05 11:51:00.880, 21096, 100
2026/08/05 11:51:01.881, 21096, 100
2026/08/05 11:51:02.883, 21096, 100
2026/08/05 11:51:03.884, 21096, 100
2026/08/05 11:51:04.885, 21096, 100
2026/08/05 11:51:05.887, 21096, 100
2026/08/05 11:51:06.888, 21096, 100
2026/08/05 11:51:07.889, 21096, 100
2026/08/05 11:51:08.891, 21096, 100
2026/08/05 11:51:09.892, 21096, 100
2026/08/05 11:51:10.893, 21096, 100
2026/08/05 11:51:11.895, 21096, 96
2026/08/05 11:51:12.896, 21096, 100
2026/08/05 11:51:13.897, 21096, 100
2026/08/05 11:51:14.899, 21096, 100
2026/08/05 11:51:15.900, 21096, 100
2026/08/05 11:51:16.902, 21096, 100
2026/08/05 11:51:17.903, 21096, 100
2026/08/05 11:51:18.904, 21096, 100
2026/08/05 11:51:19.906, 21096, 90
2026/08/05 11:51:20.907, 21096, 100
2026/08/05 11:51:21.908, 21096, 99
2026/08/05 11:51:22.910, 21096, 87
2026/08/05 11:51:23.911, 21096, 100
2026/08/05 11:51:24.913, 21096, 100
2026/08/05 11:51:25.914, 21096, 100
2026/08/05 11:51:26.915, 21096, 100
2026/08/05 11:51:27.917, 21096, 100
2026/08/05 11:51:28.918, 21096, 100
2026/08/05 11:51:29.920, 21096, 100
2026/08/05 11:51:30.921, 21096, 83
2026/08/05 11:51:31.923, 21096, 100
2026/08/05 11:51:32.924, 21096, 95
2026/08/05 11:51:33.925, 21096, 100
2026/08/05 11:51:34.927, 21096, 100
2026/08/05 11:51:35.928, 21096, 100
2026/08/05 11:51:36.930, 21096, 100
2026/08/05 11:51:37.931, 21096, 67
2026/08/05 11:51:38.932, 21096, 100
2026/08/05 11:51:39.934, 21096, 100
2026/08/05 11:51:40.935, 21096, 100
2026/08/05 11:51:41.937, 21096, 100
2026/08/05 11:51:42.938, 21096, 82
2026/08/05 11:51:43.940, 21096, 100
2026/08/05 11:51:44.941, 21096, 100
2026/08/05 11:51:45.942, 21096, 65
2026/08/05 11:51:46.944, 21096, 100
2026/08/05 11:51:47.945, 21096, 100
2026/08/05 11:51:48.947, 21096, 100
2026/08/05 11:51:49.948, 21096, 100
2026/08/05 11:51:50.950, 21096, 80
2026/08/05 11:51:51.951, 21096, 100
2026/08/05 11:51:52.953, 21096, 100
2026/08/05 11:51:53.954, 21096, 65
2026/08/05 11:51:54.955, 21096, 100
2026/08/05 11:51:55.957, 21096, 100
2026/08/05 11:51:56.958, 21096, 100
2026/08/05 11:51:57.960, 21096, 84
2026/08/05 11:51:58.961, 21096, 100
2026/08/05 11:51:59.962, 21096, 100
2026/08/05 11:52:00.964, 21096, 100
2026/08/05 11:52:01.965, 21096, 100
2026/08/05 11:52:02.967, 21096, 84
2026/08/05 11:52:03.968, 21096, 100
2026/08/05 11:52:04.969, 21096, 92
2026/08/05 11:52:05.971, 21096, 100
2026/08/05 11:52:06.972, 21096, 100
2026/08/05 11:52:07.974, 21096, 100
2026/08/05 11:52:08.975, 21096, 100
2026/08/05 11:52:09.976, 21096, 100
2026/08/05 11:52:10.977, 21096, 100
2026/08/05 11:52:11.979, 21096, 100
2026/08/05 11:52:12.980, 21096, 84
2026/08/05 11:52:13.982, 21096, 100
2026/08/05 11:52:14.983, 21096, 100
2026/08/05 11:52:15.984, 21096, 100
2026/08/05 11:52:16.986, 21096, 100
2026/08/05 11:52:17.987, 21096, 100
2026/08/05 11:52:18.988, 21096, 100
2026/08/05 11:52:19.989, 21096, 100
2026/08/05 11:52:20.991, 21096, 100
2026/08/05 11:52:21.992, 21096, 100
2026/08/05 11:52:22.994, 21096, 100
2026/08/05 11:52:23.995, 21096, 100
2026/08/05 11:52:24.996, 21096, 100
2026/08/05 11:52:25.998, 21096, 100
2026/08/05 11:52:26.999, 21096, 100
2026/08/05 11:52:28.001, 21096, 100
2026/08/05 11:52:29.002, 21096, 100
2026/08/05 11:52:30.003, 21096, 100
2026/08/05 11:52:31.004, 21096, 100
2026/08/05 11:52:32.006, 21096, 100
2026/08/05 11:52:33.007, 21096, 100
2026/08/05 11:52:34.009, 21096, 84
2026/08/05 11:52:35.010, 21096, 64
2026/08/05 11:52:36.012, 21096, 100
2026/08/05 11:52:37.013, 21096, 100
2026/08/05 11:52:38.014, 21096, 83
2026/08/05 11:52:39.016, 21096, 100
2026/08/05 11:52:40.017, 21096, 100
2026/08/05 11:52:41.019, 21096, 100
2026/08/05 11:52:42.020, 21096, 100
2026/08/05 11:52:43.021, 21096, 100
2026/08/05 11:52:44.023, 21096, 100
2026/08/05 11:52:45.024, 21096, 100
2026/08/05 11:52:46.026, 21096, 100
2026/08/05 11:52:47.027, 21096, 67
2026/08/05 11:52:48.028, 21096, 100
2026/08/05 11:52:49.030, 21096, 63
2026/08/05 11:52:50.031, 21096, 84
2026/08/05 11:52:51.033, 21096, 100
2026/08/05 11:52:52.034, 21096, 100
2026/08/05 11:52:53.036, 21096, 93
2026/08/05 11:52:54.037, 21096, 100
2026/08/05 11:52:55.038, 21096, 100
2026/08/05 11:52:56.040, 21096, 63
2026/08/05 11:52:57.041, 21096, 90
2026/08/05 11:52:58.043, 21096, 100
2026/08/05 11:52:59.044, 21096, 90
2026/08/05 11:53:00.045, 21096, 100
2026/08/05 11:53:01.047, 21096, 100
2026/08/05 11:53:02.048, 21096, 100
2026/08/05 11:53:03.050, 21096, 100
2026/08/05 11:53:04.051, 21096, 85
2026/08/05 11:53:05.053, 21096, 63
2026/08/05 11:53:06.054, 21096, 82
2026/08/05 11:53:07.055, 21096, 100
2026/08/05 11:53:08.057, 21096, 100
2026/08/05 11:53:09.058, 21096, 100
2026/08/05 11:53:10.060, 21096, 100
2026/08/05 11:53:11.061, 21096, 100
2026/08/05 11:53:12.062, 21096, 100
2026/08/05 11:53:13.064, 21096, 100
2026/08/05 11:53:14.065, 21096, 100
2026/08/05 11:53:15.067, 21096, 82
2026/08/05 11:53:16.068, 21096, 100
2026/08/05 11:53:17.069, 21096, 100
2026/08/05 11:53:18.071, 21096, 99
2026/08/05 11:53:19.072, 21096, 100
2026/08/05 11:53:20.073, 21096, 100
2026/08/05 11:53:21.075, 21096, 100
2026/08/05 11:53:22.076, 21096, 97
2026/08/05 11:53:23.077, 21096, 100
2026/08/05 11:53:24.079, 21096, 100
2026/08/05 11:53:25.080, 21096, 100
2026/08/05 11:53:26.082, 21096, 100
2026/08/05 11:53:27.083, 21096, 100
2026/08/05 11:53:28.084, 21096, 67
2026/08/05 11:53:29.086, 21096, 100
2026/08/05 11:53:30.087, 21096, 100
2026/08/05 11:53:31.088, 21096, 100
2026/08/05 11:53:32.090, 21096, 100
2026/08/05 11:53:33.091, 21096, 93
2026/08/05 11:53:34.093, 21096, 97
2026/08/05 11:53:35.094, 21096, 100
2026/08/05 11:53:36.095, 21096, 100
2026/08/05 11:53:37.097, 21096, 100
2026/08/05 11:53:38.098, 21096, 54
2026/08/05 11:53:39.099, 21096, 100
2026/08/05 11:53:40.101, 21096, 100
2026/08/05 11:53:41.102, 21096, 100
2026/08/05 11:53:42.104, 21096, 100
2026/08/05 11:53:43.106, 21096, 100
2026/08/05 11:53:44.107, 21096, 100
2026/08/05 11:53:45.108, 21096, 100
2026/08/05 11:53:46.110, 21096, 100
2026/08/05 11:53:47.111, 21096, 100
2026/08/05 11:53:48.113, 21096, 84
2026/08/05 11:53:49.114, 21096, 62
2026/08/05 11:53:50.115, 21096, 100
2026/08/05 11:53:51.117, 21096, 83
2026/08/05 11:53:52.118, 21096, 100
2026/08/05 11:53:53.120, 21096, 84
2026/08/05 11:53:54.121, 21096, 100
2026/08/05 11:53:55.123, 21096, 100
2026/08/05 11:53:56.124, 21096, 100
2026/08/05 11:53:57.125, 21096, 100
2026/08/05 11:53:58.128, 21096, 100
2026/08/05 11:53:59.129, 21096, 100
2026/08/05 11:54:00.131, 21096, 100
2026/08/05 11:54:01.132, 21096, 100
2026/08/05 11:54:02.133, 21096, 100
2026/08/05 11:54:03.135, 21096, 100
2026/08/05 11:54:04.136, 21096, 100
2026/08/05 11:54:05.137, 21096, 100
2026/08/05 11:54:06.139, 21096, 83
2026/08/05 11:54:07.140, 21096, 63
2026/08/05 11:54:08.141, 21096, 100
2026/08/05 11:54:09.143, 21096, 100
2026/08/05 11:54:10.144, 21096, 100
2026/08/05 11:54:11.145, 21096, 100
2026/08/05 11:54:12.147, 21096, 100
2026/08/05 11:54:13.148, 21096, 100
2026/08/05 11:54:14.150, 21096, 100
2026/08/05 11:54:15.151, 21096, 100
2026/08/05 11:54:16.152, 21096, 100
2026/08/05 11:54:17.154, 21096, 100
2026/08/05 11:54:18.155, 21096, 100
2026/08/05 11:54:19.156, 21096, 100
2026/08/05 11:54:20.158, 21096, 85
2026/08/05 11:54:21.159, 21096, 96
2026/08/05 11:54:22.160, 21096, 100
2026/08/05 11:54:23.162, 21096, 100
2026/08/05 11:54:24.163, 21096, 100
2026/08/05 11:54:25.165, 21096, 100
2026/08/05 11:54:26.166, 21096, 100
2026/08/05 11:54:27.168, 21096, 100
2026/08/05 11:54:28.169, 21096, 100
2026/08/05 11:54:29.170, 21096, 100
2026/08/05 11:54:30.172, 21096, 63
2026/08/05 11:54:31.173, 21096, 82
2026/08/05 11:54:32.175, 21096, 100
2026/08/05 11:54:33.176, 21096, 100
2026/08/05 11:54:34.177, 21096, 100
2026/08/05 11:54:35.179, 21096, 100
2026/08/05 11:54:36.180, 21096, 100
2026/08/05 11:54:37.181, 21096, 100
2026/08/05 11:54:38.183, 21096, 87
2026/08/05 11:54:39.183, 21096, 100
2026/08/05 11:54:40.183, 21096, 100
2026/08/05 11:54:41.183, 21096, 100
2026/08/05 11:54:42.184, 21096, 100
2026/08/05 11:54:43.184, 21096, 100
2026/08/05 11:54:44.184, 21096, 100
2026/08/05 11:54:45.184, 21096, 84
2026/08/05 11:54:46.185, 21096, 100
2026/08/05 11:54:47.185, 21096, 100
2026/08/05 11:54:48.185, 21096, 100
2026/08/05 11:54:49.186, 21096, 100
2026/08/05 11:54:50.186, 21096, 100
2026/08/05 11:54:51.186, 21096, 100
2026/08/05 11:54:52.186, 21096, 100
2026/08/05 11:54:53.187, 21096, 100
2026/08/05 11:54:54.187, 21096, 100
2026/08/05 11:54:55.187, 21096, 100
2026/08/05 11:54:56.188, 21096, 65
2026/08/05 11:54:57.188, 21096, 100
2026/08/05 11:54:58.188, 21096, 100
2026/08/05 11:54:59.189, 21096, 83
2026/08/05 11:55:00.189, 21096, 100
2026/08/05 11:55:01.189, 21096, 100
2026/08/05 11:55:02.190, 21096, 91
2026/08/05 11:55:03.190, 21096, 100
2026/08/05 11:55:04.190, 21096, 100
2026/08/05 11:55:05.191, 21096, 100
2026/08/05 11:55:06.191, 21096, 85
2026/08/05 11:55:07.191, 21096, 100
2026/08/05 11:55:08.191, 21096, 100
2026/08/05 11:55:09.192, 21096, 100
2026/08/05 11:55:10.192, 21096, 85
2026/08/05 11:55:11.192, 21096, 100
2026/08/05 11:55:12.192, 21096, 100
2026/08/05 11:55:13.193, 21096, 100
2026/08/05 11:55:14.193, 21096, 100
2026/08/05 11:55:15.193, 21096, 100
2026/08/05 11:55:16.194, 21096, 100
2026/08/05 11:55:17.194, 21096, 100
2026/08/05 11:55:18.194, 21096, 83
2026/08/05 11:55:19.194, 21096, 100
2026/08/05 11:55:20.195, 21096, 100
2026/08/05 11:55:21.195, 21096, 100
2026/08/05 11:55:22.195, 21096, 100
2026/08/05 11:55:23.195, 21096, 100
2026/08/05 11:55:24.196, 21096, 100
2026/08/05 11:55:25.196, 21096, 100
2026/08/05 11:55:26.196, 21096, 100
2026/08/05 11:55:27.196, 21096, 100
2026/08/05 11:55:28.197, 21096, 100
2026/08/05 11:55:29.197, 21096, 100
2026/08/05 11:55:30.198, 21096, 100
2026/08/05 11:55:31.198, 21096, 100
2026/08/05 11:55:32.198, 21096, 100
2026/08/05 11:55:33.198, 21096, 100
2026/08/05 11:55:34.199, 21096, 100
2026/08/05 11:55:35.199, 21096, 100
2026/08/05 11:55:36.199, 21096, 100
2026/08/05 11:55:37.199, 21096, 100
2026/08/05 11:55:38.200, 21096, 100
2026/08/05 11:55:39.200, 21096, 100
2026/08/05 11:55:40.200, 21096, 100
2026/08/05 11:55:41.200, 21096, 100
2026/08/05 11:55:42.201, 21096, 100
2026/08/05 11:55:43.201, 21096, 100
2026/08/05 11:55:44.201, 21096, 100
2026/08/05 11:55:45.202, 21096, 100
2026/08/05 11:55:46.202, 21096, 86
2026/08/05 11:55:47.202, 21096, 100
2026/08/05 11:55:48.202, 21096, 87
2026/08/05 11:55:49.203, 21096, 100
2026/08/05 11:55:50.203, 21096, 100
2026/08/05 11:55:51.203, 21096, 100
2026/08/05 11:55:52.204, 21096, 85
2026/08/05 11:55:53.204, 21096, 100
2026/08/05 11:55:54.205, 21096, 100
2026/08/05 11:55:55.205, 21096, 100
2026/08/05 11:55:56.205, 21096, 100
2026/08/05 11:55:57.206, 21096, 84
2026/08/05 11:55:58.206, 21096, 100
2026/08/05 11:55:59.206, 21096, 100
2026/08/05 11:56:00.206, 21096, 100
2026/08/05 11:56:01.207, 21096, 100
2026/08/05 11:56:02.207, 21096, 100
2026/08/05 11:56:03.207, 21096, 100
2026/08/05 11:56:04.207, 21096, 100
2026/08/05 11:56:05.208, 21096, 100
2026/08/05 11:56:06.208, 21096, 100
2026/08/05 11:56:07.208, 21096, 93
2026/08/05 11:56:08.209, 21096, 100
2026/08/05 11:56:09.209, 21096, 100
2026/08/05 11:56:10.209, 21096, 100
2026/08/05 11:56:11.210, 21096, 85
2026/08/05 11:56:12.210, 21096, 100
2026/08/05 11:56:13.210, 21096, 100
2026/08/05 11:56:14.211, 21096, 100
2026/08/05 11:56:15.211, 21096, 100
2026/08/05 11:56:16.211, 21096, 100
2026/08/05 11:56:17.211, 21096, 100
2026/08/05 11:56:18.212, 21096, 100
2026/08/05 11:56:19.212, 21096, 100
2026/08/05 11:56:20.212, 21096, 100
2026/08/05 11:56:21.213, 21096, 63
2026/08/05 11:56:22.213, 21096, 100
2026/08/05 11:56:23.213, 21096, 100
2026/08/05 11:56:24.214, 21096, 100
2026/08/05 11:56:25.214, 21096, 100
2026/08/05 11:56:26.214, 21096, 100
2026/08/05 11:56:27.215, 21096, 100
2026/08/05 11:56:28.215, 21096, 84
2026/08/05 11:56:29.215, 21096, 76
2026/08/05 11:56:30.215, 21096, 100
2026/08/05 11:56:31.216, 21096, 100
2026/08/05 11:56:32.216, 21096, 100
2026/08/05 11:56:33.216, 21096, 100
2026/08/05 11:56:34.217, 21096, 100
2026/08/05 11:56:35.217, 21096, 83
2026/08/05 11:56:36.217, 21096, 72
2026/08/05 11:56:37.218, 21096, 100
2026/08/05 11:56:38.218, 21096, 100
2026/08/05 11:56:39.218, 21096, 100
2026/08/05 11:56:40.219, 21096, 100
2026/08/05 11:56:41.219, 21096, 100
2026/08/05 11:56:42.219, 21096, 100
2026/08/05 11:56:43.220, 21096, 83
2026/08/05 11:56:44.220, 21096, 100
2026/08/05 11:56:45.220, 21096, 82
2026/08/05 11:56:46.220, 21096, 79
2026/08/05 11:56:47.221, 21096, 100
2026/08/05 11:56:48.221, 21096, 100
2026/08/05 11:56:49.222, 21096, 100
2026/08/05 11:56:50.222, 21096, 100
2026/08/05 11:56:51.222, 21096, 100
2026/08/05 11:56:52.223, 21096, 100
2026/08/05 11:56:53.223, 21096, 100
2026/08/05 11:56:54.223, 21096, 100
2026/08/05 11:56:55.224, 21096, 100
2026/08/05 11:56:56.224, 21096, 100
2026/08/05 11:56:57.224, 21096, 100
2026/08/05 11:56:58.224, 21096, 100
2026/08/05 11:56:59.225, 21096, 100
2026/08/05 11:57:00.225, 21096, 100
2026/08/05 11:57:01.225, 21096, 100
2026/08/05 11:57:02.226, 21096, 100
2026/08/05 11:57:03.226, 21096, 100
2026/08/05 11:57:04.226, 21096, 100
2026/08/05 11:57:05.226, 21096, 100
2026/08/05 11:57:06.227, 21096, 100
2026/08/05 11:57:07.227, 21096, 100
2026/08/05 11:57:08.227, 21096, 100
2026/08/05 11:57:09.227, 21096, 100
2026/08/05 11:57:10.228, 21096, 98
2026/08/05 11:57:11.228, 21096, 100
2026/08/05 11:57:12.228, 21096, 83
2026/08/05 11:57:13.229, 21096, 99
2026/08/05 11:57:14.229, 21096, 100
2026/08/05 11:57:15.229, 21096, 100
2026/08/05 11:57:16.230, 21096, 100
2026/08/05 11:57:17.230, 21096, 64
2026/08/05 11:57:18.230, 21096, 100
2026/08/05 11:57:19.230, 21096, 100
2026/08/05 11:57:20.231, 21096, 100
2026/08/05 11:57:21.231, 21096, 100
2026/08/05 11:57:22.231, 21096, 100
2026/08/05 11:57:23.232, 21096, 100
2026/08/05 11:57:24.232, 21096, 100
2026/08/05 11:57:25.233, 21096, 100
2026/08/05 11:57:26.233, 21096, 100
2026/08/05 11:57:27.233, 21096, 100
2026/08/05 11:57:28.234, 21096, 100
2026/08/05 11:57:29.234, 21096, 83
2026/08/05 11:57:30.234, 21096, 100
2026/08/05 11:57:31.235, 21096, 100
2026/08/05 11:57:32.235, 21096, 100
2026/08/05 11:57:33.235, 21096, 100
2026/08/05 11:57:34.235, 21096, 79
2026/08/05 11:57:35.236, 21096, 100
2026/08/05 11:57:36.236, 21096, 100
2026/08/05 11:57:37.236, 21096, 100
2026/08/05 11:57:38.237, 21096, 85
2026/08/05 11:57:39.238, 21096, 100
2026/08/05 11:57:40.238, 21096, 100
2026/08/05 11:57:41.238, 21096, 84
2026/08/05 11:57:42.239, 21096, 100
2026/08/05 11:57:43.239, 21096, 85
2026/08/05 11:57:44.239, 21096, 100
2026/08/05 11:57:45.240, 21096, 96
2026/08/05 11:57:46.240, 21096, 84
2026/08/05 11:57:47.240, 21096, 100
2026/08/05 11:57:48.241, 21096, 100
2026/08/05 11:57:49.241, 21096, 100
2026/08/05 11:57:50.241, 21096, 100
2026/08/05 11:57:51.241, 21096, 82
2026/08/05 11:57:52.242, 21096, 100
2026/08/05 11:57:53.242, 21096, 100
2026/08/05 11:57:54.242, 21096, 100
2026/08/05 11:57:55.243, 21096, 100
2026/08/05 11:57:56.243, 21096, 63
2026/08/05 11:57:57.243, 21096, 100
2026/08/05 11:57:58.244, 21096, 67
2026/08/05 11:57:59.244, 21096, 100
2026/08/05 11:58:00.244, 21096, 100
2026/08/05 11:58:01.245, 21096, 100
2026/08/05 11:58:02.245, 21096, 100
2026/08/05 11:58:03.245, 21096, 100
2026/08/05 11:58:04.245, 21096, 100
2026/08/05 11:58:05.246, 21096, 87
2026/08/05 11:58:06.246, 21096, 100
2026/08/05 11:58:07.246, 21096, 100
2026/08/05 11:58:08.247, 21096, 100
2026/08/05 11:58:09.247, 21096, 100
2026/08/05 11:58:10.247, 21096, 100
2026/08/05 11:58:11.248, 21096, 100
2026/08/05 11:58:12.248, 21096, 100
2026/08/05 11:58:13.248, 21096, 100
2026/08/05 11:58:14.248, 21096, 100
2026/08/05 11:58:15.249, 21096, 100
2026/08/05 11:58:16.249, 21096, 100
2026/08/05 11:58:17.249, 21096, 100
2026/08/05 11:58:18.250, 21096, 100
2026/08/05 11:58:19.250, 21096, 100
2026/08/05 11:58:20.251, 21096, 100
2026/08/05 11:58:21.251, 21096, 100
2026/08/05 11:58:22.251, 21096, 100
2026/08/05 11:58:23.252, 21096, 100
2026/08/05 11:58:24.252, 21096, 100
2026/08/05 11:58:25.252, 21096, 100
2026/08/05 11:58:26.252, 21096, 84
2026/08/05 11:58:27.253, 21096, 67
2026/08/05 11:58:28.253, 21096, 100
2026/08/05 11:58:29.254, 21096, 100
2026/08/05 11:58:30.255, 21096, 100
2026/08/05 11:58:31.255, 21096, 85
2026/08/05 11:58:32.255, 21096, 100
2026/08/05 11:58:33.255, 21096, 100
2026/08/05 11:58:34.256, 21096, 100
2026/08/05 11:58:35.256, 21096, 100
2026/08/05 11:58:36.257, 21096, 100
2026/08/05 11:58:37.257, 21096, 100
2026/08/05 11:58:38.257, 21096, 100
2026/08/05 11:58:39.258, 21096, 63
2026/08/05 11:58:40.258, 21096, 84
2026/08/05 11:58:41.258, 21096, 100
2026/08/05 11:58:42.259, 21096, 100
2026/08/05 11:58:43.259, 21096, 55
2026/08/05 11:58:44.259, 21096, 100
2026/08/05 11:58:45.260, 21096, 100
2026/08/05 11:58:46.260, 21096, 100
2026/08/05 11:58:47.260, 21096, 100
2026/08/05 11:58:48.260, 21096, 100
2026/08/05 11:58:49.261, 21096, 85
2026/08/05 11:58:50.261, 21096, 100
2026/08/05 11:58:51.261, 21096, 100
2026/08/05 11:58:52.262, 21096, 100
2026/08/05 11:58:53.262, 21096, 100
2026/08/05 11:58:54.263, 21096, 100
2026/08/05 11:58:55.264, 21096, 100
2026/08/05 11:58:56.264, 21096, 100
2026/08/05 11:58:57.264, 21096, 100
2026/08/05 11:58:58.265, 21096, 100
2026/08/05 11:58:59.265, 21096, 100
2026/08/05 11:59:00.265, 21096, 100
2026/08/05 11:59:01.266, 21096, 100
2026/08/05 11:59:02.266, 21096, 100
2026/08/05 11:59:03.266, 21096, 100
2026/08/05 11:59:04.267, 21096, 100
2026/08/05 11:59:05.267, 21096, 94
2026/08/05 11:59:06.267, 21096, 100
2026/08/05 11:59:07.268, 21096, 100
2026/08/05 11:59:08.268, 21096, 100
2026/08/05 11:59:09.268, 21096, 100
2026/08/05 11:59:10.269, 21096, 100
2026/08/05 11:59:11.269, 21096, 100
2026/08/05 11:59:12.269, 21096, 73
2026/08/05 11:59:13.270, 21096, 100
2026/08/05 11:59:14.270, 21096, 88
2026/08/05 11:59:15.270, 21096, 100
2026/08/05 11:59:16.270, 21096, 100
2026/08/05 11:59:17.271, 21096, 100
2026/08/05 11:59:18.271, 21096, 100
2026/08/05 11:59:19.271, 21096, 100
2026/08/05 11:59:20.272, 21096, 63
2026/08/05 11:59:21.272, 21096, 100
2026/08/05 11:59:22.272, 21096, 100
2026/08/05 11:59:23.272, 21096, 100
2026/08/05 11:59:24.273, 21096, 100
2026/08/05 11:59:25.273, 21096, 100
2026/08/05 11:59:26.273, 21096, 100
2026/08/05 11:59:27.274, 21096, 100
2026/08/05 11:59:28.274, 21096, 100
2026/08/05 11:59:29.274, 21096, 84
2026/08/05 11:59:30.275, 21096, 100
2026/08/05 11:59:31.275, 21096, 100
2026/08/05 11:59:32.275, 21096, 100
2026/08/05 11:59:33.276, 21096, 100
2026/08/05 11:59:34.276, 21096, 85
2026/08/05 11:59:35.276, 21096, 100
2026/08/05 11:59:36.277, 21096, 100
2026/08/05 11:59:37.277, 21096, 100
2026/08/05 11:59:38.277, 21096, 100
2026/08/05 11:59:39.278, 21096, 100
2026/08/05 11:59:40.278, 21096, 100
2026/08/05 11:59:41.278, 21096, 100
2026/08/05 11:59:42.279, 21096, 100
2026/08/05 11:59:43.279, 21096, 86
2026/08/05 11:59:44.279, 21096, 100
2026/08/05 11:59:45.280, 21096, 100
2026/08/05 11:59:46.280, 21096, 100
2026/08/05 11:59:47.280, 21096, 100
2026/08/05 11:59:48.281, 21096, 100
2026/08/05 11:59:49.281, 21096, 100
2026/08/05 11:59:50.281, 21096, 100
2026/08/05 11:59:51.282, 21096, 100
2026/08/05 11:59:52.282, 21096, 100
2026/08/05 11:59:53.282, 21096, 100
2026/08/05 11:59:54.283, 21096, 100
2026/08/05 11:59:55.283, 21096, 100
2026/08/05 11:59:56.283, 21096, 100
2026/08/05 11:59:57.284, 21096, 100
2026/08/05 11:59:58.284, 21096, 100
2026/08/05 11:59:59.284, 21096, 100
2026/08/05 12:00:00.285, 21096, 100
2026/08/05 12:00:01.285, 21096, 100
2026/08/05 12:00:02.285, 21096, 100
2026/08/05 12:00:03.286, 21096, 100
2026/08/05 12:00:04.286, 21096, 100
2026/08/05 12:00:05.286, 21096, 100
2026/08/05 12:00:06.287, 21096, 100
2026/08/05 12:00:07.287, 21096, 100
2026/08/05 12:00:08.287, 21096, 100
2026/08/05 12:00:09.288, 21096, 100
2026/08/05 12:00:10.288, 21096, 100
2026/08/05 12:00:11.288, 21096, 100
2026/08/05 12:00:12.289, 21096, 100
2026/08/05 12:00:13.289, 21096, 87
2026/08/05 12:00:14.289, 21096, 100
2026/08/05 12:00:15.290, 21096, 97
2026/08/05 12:00:16.290, 21096, 84
2026/08/05 12:00:17.290, 21096, 100
2026/08/05 12:00:18.291, 21096, 100
2026/08/05 12:00:19.291, 21096, 100
2026/08/05 12:00:20.291, 21096, 100
2026/08/05 12:00:21.292, 21096, 100
2026/08/05 12:00:22.292, 21096, 100
2026/08/05 12:00:23.292, 21096, 100
2026/08/05 12:00:24.293, 21096, 100
2026/08/05 12:00:25.293, 21096, 100
2026/08/05 12:00:26.294, 21096, 100
2026/08/05 12:00:27.294, 21096, 100
2026/08/05 12:00:28.294, 21096, 100
2026/08/05 12:00:29.295, 21096, 100
2026/08/05 12:00:30.295, 21096, 100
2026/08/05 12:00:31.295, 21096, 100
2026/08/05 12:00:32.296, 21096, 100
2026/08/05 12:00:33.296, 21096, 100
2026/08/05 12:00:34.296, 21096, 100
2026/08/05 12:00:35.296, 21096, 100
2026/08/05 12:00:36.297, 21096, 85
2026/08/05 12:00:37.297, 21096, 100
2026/08/05 12:00:38.297, 21096, 100
2026/08/05 12:00:39.298, 21096, 84
2026/08/05 12:00:40.298, 21096, 100
2026/08/05 12:00:41.298, 21096, 100
2026/08/05 12:00:42.299, 21096, 100
2026/08/05 12:00:43.299, 21096, 100
2026/08/05 12:00:44.299, 21096, 100
2026/08/05 12:00:45.300, 21096, 100
2026/08/05 12:00:46.300, 21096, 100
2026/08/05 12:00:47.300, 21096, 95
2026/08/05 12:00:48.301, 21096, 81
2026/08/05 12:00:49.301, 21096, 85
2026/08/05 12:00:50.301, 21096, 84
2026/08/05 12:00:51.302, 21096, 100
2026/08/05 12:00:52.302, 21096, 100
2026/08/05 12:00:53.302, 21096, 100
2026/08/05 12:00:54.303, 21096, 100
2026/08/05 12:00:55.303, 21096, 100
2026/08/05 12:00:56.303, 21096, 86
2026/08/05 12:00:57.304, 21096, 100
2026/08/05 12:00:58.304, 21096, 83
2026/08/05 12:00:59.304, 21096, 100
2026/08/05 12:01:00.304, 21096, 83
2026/08/05 12:01:01.305, 21096, 100
2026/08/05 12:01:02.306, 21096, 100
2026/08/05 12:01:03.306, 21096, 100
2026/08/05 12:01:04.306, 21096, 100
2026/08/05 12:01:05.307, 21096, 96
2026/08/05 12:01:06.307, 21096, 99
2026/08/05 12:01:07.307, 21096, 100
2026/08/05 12:01:08.308, 21096, 100
2026/08/05 12:01:09.308, 21096, 100
2026/08/05 12:01:10.308, 21096, 84
2026/08/05 12:01:11.308, 21096, 100
2026/08/05 12:01:12.309, 21096, 100
2026/08/05 12:01:13.309, 21096, 100
2026/08/05 12:01:14.309, 21096, 100
2026/08/05 12:01:15.310, 21096, 100
2026/08/05 12:01:16.310, 21096, 91
2026/08/05 12:01:17.310, 21096, 93
2026/08/05 12:01:18.311, 21096, 91
2026/08/05 12:01:19.311, 21096, 84
2026/08/05 12:01:20.311, 21096, 100
2026/08/05 12:01:21.312, 21096, 100
2026/08/05 12:01:22.312, 21096, 100
2026/08/05 12:01:23.312, 21096, 100
2026/08/05 12:01:24.313, 21096, 85
2026/08/05 12:01:25.313, 21096, 100
2026/08/05 12:01:26.314, 21096, 61
2026/08/05 12:01:27.314, 21096, 100
2026/08/05 12:01:28.314, 21096, 100
2026/08/05 12:01:29.315, 21096, 100
2026/08/05 12:01:30.315, 21096, 100
2026/08/05 12:01:31.315, 21096, 100
2026/08/05 12:01:32.316, 21096, 82
2026/08/05 12:01:33.316, 21096, 84
2026/08/05 12:01:34.316, 21096, 100
2026/08/05 12:01:35.316, 21096, 100
2026/08/05 12:01:36.317, 21096, 100
2026/08/05 12:01:37.317, 21096, 100
2026/08/05 12:01:38.318, 21096, 84
2026/08/05 12:01:39.318, 21096, 100
2026/08/05 12:01:40.318, 21096, 100
2026/08/05 12:01:41.319, 21096, 100
2026/08/05 12:01:42.319, 21096, 100
2026/08/05 12:01:43.319, 21096, 100
2026/08/05 12:01:44.320, 21096, 100
2026/08/05 12:01:45.320, 21096, 100
2026/08/05 12:01:46.320, 21096, 100
2026/08/05 12:01:47.321, 21096, 100
2026/08/05 12:01:48.321, 21096, 100
2026/08/05 12:01:49.321, 21096, 84
2026/08/05 12:01:50.321, 21096, 95
2026/08/05 12:01:51.322, 21096, 100
2026/08/05 12:01:52.322, 21096, 100
2026/08/05 12:01:53.322, 21096, 100
2026/08/05 12:01:54.323, 21096, 100
2026/08/05 12:01:55.323, 21096, 83
2026/08/05 12:01:56.323, 21096, 100
2026/08/05 12:01:57.324, 21096, 83
2026/08/05 12:01:58.324, 21096, 100
2026/08/05 12:01:59.324, 21096, 100
2026/08/05 12:02:00.325, 21096, 100
2026/08/05 12:02:01.325, 21096, 100
2026/08/05 12:02:02.325, 21096, 100
2026/08/05 12:02:03.326, 21096, 100
2026/08/05 12:02:04.326, 21096, 100
2026/08/05 12:02:05.326, 21096, 100
2026/08/05 12:02:06.326, 21096, 100
2026/08/05 12:02:07.327, 21096, 88
2026/08/05 12:02:08.327, 21096, 100
2026/08/05 12:02:09.327, 21096, 100
2026/08/05 12:02:10.328, 21096, 83
2026/08/05 12:02:11.328, 21096, 100
2026/08/05 12:02:12.328, 21096, 100
2026/08/05 12:02:13.329, 21096, 100
2026/08/05 12:02:14.329, 21096, 100
2026/08/05 12:02:15.329, 21096, 100
2026/08/05 12:02:16.330, 21096, 100
2026/08/05 12:02:17.330, 21096, 100
2026/08/05 12:02:18.330, 21096, 100
2026/08/05 12:02:19.330, 21096, 100
2026/08/05 12:02:20.331, 21096, 100
2026/08/05 12:02:21.331, 21096, 100
2026/08/05 12:02:22.331, 21096, 100
2026/08/05 12:02:23.332, 21096, 100
2026/08/05 12:02:24.332, 21096, 100
2026/08/05 12:02:25.332, 21096, 100
2026/08/05 12:02:26.333, 21096, 100
2026/08/05 12:02:27.333, 21096, 83
2026/08/05 12:02:28.333, 21096, 100
2026/08/05 12:02:29.333, 21096, 100
2026/08/05 12:02:30.334, 21096, 100
2026/08/05 12:02:31.334, 21096, 100
2026/08/05 12:02:32.334, 21096, 100
2026/08/05 12:02:33.335, 21096, 83
2026/08/05 12:02:34.335, 21096, 100
2026/08/05 12:02:35.335, 21096, 100
2026/08/05 12:02:36.336, 21096, 100
2026/08/05 12:02:37.336, 21096, 100
2026/08/05 12:02:38.336, 21096, 100
2026/08/05 12:02:39.337, 21096, 100
2026/08/05 12:02:40.337, 21096, 100
2026/08/05 12:02:41.337, 21096, 100
2026/08/05 12:02:42.338, 21096, 100
2026/08/05 12:02:43.338, 21096, 100
2026/08/05 12:02:44.338, 21096, 100
2026/08/05 12:02:45.338, 21096, 100
2026/08/05 12:02:46.339, 21096, 100
2026/08/05 12:02:47.339, 21096, 100
2026/08/05 12:02:48.339, 21096, 100
2026/08/05 12:02:49.339, 21096, 100
2026/08/05 12:02:50.340, 21096, 100
2026/08/05 12:02:51.340, 21096, 100
2026/08/05 12:02:52.340, 21096, 100
2026/08/05 12:02:53.340, 21096, 100
2026/08/05 12:02:54.340, 21096, 100
2026/08/05 12:02:55.341, 21096, 100
2026/08/05 12:02:56.341, 21096, 100
2026/08/05 12:02:57.341, 21096, 100
2026/08/05 12:02:58.342, 21096, 100
2026/08/05 12:02:59.342, 21096, 83
2026/08/05 12:03:00.342, 21096, 80
2026/08/05 12:03:01.343, 21096, 100
2026/08/05 12:03:02.343, 21096, 100
2026/08/05 12:03:03.343, 21096, 100
2026/08/05 12:03:04.343, 21096, 100
2026/08/05 12:03:05.344, 21096, 100
2026/08/05 12:03:06.345, 21096, 100
2026/08/05 12:03:07.345, 21096, 100
2026/08/05 12:03:08.345, 21096, 100
2026/08/05 12:03:09.346, 21096, 95
2026/08/05 12:03:10.346, 21096, 100
2026/08/05 12:03:11.346, 21096, 100
2026/08/05 12:03:12.347, 21096, 100
2026/08/05 12:03:13.347, 21096, 100
2026/08/05 12:03:14.347, 21096, 100
2026/08/05 12:03:15.347, 21096, 100
2026/08/05 12:03:16.348, 21096, 100
2026/08/05 12:03:17.348, 21096, 85
2026/08/05 12:03:18.348, 21096, 100
2026/08/05 12:03:19.349, 21096, 100
2026/08/05 12:03:20.349, 21096, 100
2026/08/05 12:03:21.349, 21096, 100
2026/08/05 12:03:22.350, 21096, 100
2026/08/05 12:03:23.350, 21096, 100
2026/08/05 12:03:24.350, 21096, 100
2026/08/05 12:03:25.351, 21096, 84
2026/08/05 12:03:26.351, 21096, 100
2026/08/05 12:03:27.351, 21096, 100
2026/08/05 12:03:28.352, 21096, 100
2026/08/05 12:03:29.352, 21096, 100
2026/08/05 12:03:30.353, 21096, 98
2026/08/05 12:03:31.353, 21096, 100
2026/08/05 12:03:32.353, 21096, 100
2026/08/05 12:03:33.354, 21096, 100
2026/08/05 12:03:34.354, 21096, 100
2026/08/05 12:03:35.354, 21096, 56
2026/08/05 12:03:36.354, 21096, 100
2026/08/05 12:03:37.355, 21096, 87
2026/08/05 12:03:38.355, 21096, 84
2026/08/05 12:03:39.355, 21096, 100
2026/08/05 12:03:40.356, 21096, 100
2026/08/05 12:03:41.356, 21096, 100
2026/08/05 12:03:42.356, 21096, 100
2026/08/05 12:03:43.357, 21096, 100
2026/08/05 12:03:44.357, 21096, 100
2026/08/05 12:03:45.357, 21096, 100
2026/08/05 12:03:46.358, 21096, 100
2026/08/05 12:03:47.358, 21096, 100
2026/08/05 12:03:48.358, 21096, 100
2026/08/05 12:03:49.359, 21096, 100
2026/08/05 12:03:50.359, 21096, 100
2026/08/05 12:03:51.359, 21096, 100
2026/08/05 12:03:52.359, 21096, 100
2026/08/05 12:03:53.360, 21096, 100
2026/08/05 12:03:54.360, 21096, 100
2026/08/05 12:03:55.360, 21096, 100
2026/08/05 12:03:56.361, 21096, 100
2026/08/05 12:03:57.361, 21096, 66
2026/08/05 12:03:58.361, 21096, 100
2026/08/05 12:03:59.362, 21096, 100
2026/08/05 12:04:00.362, 21096, 100
2026/08/05 12:04:01.362, 21096, 100
2026/08/05 12:04:02.363, 21096, 84
2026/08/05 12:04:03.363, 21096, 100
2026/08/05 12:04:04.363, 21096, 100
2026/08/05 12:04:05.363, 21096, 83
2026/08/05 12:04:06.364, 21096, 100
2026/08/05 12:04:07.364, 21096, 100
2026/08/05 12:04:08.365, 21096, 100
2026/08/05 12:04:09.365, 21096, 100
2026/08/05 12:04:10.365, 21096, 100
2026/08/05 12:04:11.366, 21096, 100
2026/08/05 12:04:12.366, 21096, 100
2026/08/05 12:04:13.366, 21096, 100
2026/08/05 12:04:14.366, 21096, 82
2026/08/05 12:04:15.367, 21096, 100
2026/08/05 12:04:16.367, 21096, 100
2026/08/05 12:04:17.367, 21096, 100
2026/08/05 12:04:18.368, 21096, 89
2026/08/05 12:04:19.368, 21096, 100
2026/08/05 12:04:20.368, 21096, 100
2026/08/05 12:04:21.369, 21096, 100
2026/08/05 12:04:22.369, 21096, 100
2026/08/05 12:04:23.369, 21096, 92
2026/08/05 12:04:24.370, 21096, 100
2026/08/05 12:04:25.370, 21096, 100
2026/08/05 12:04:26.370, 21096, 100
2026/08/05 12:04:27.371, 21096, 100
2026/08/05 12:04:28.371, 21096, 89
2026/08/05 12:04:29.371, 21096, 100
2026/08/05 12:04:30.372, 21096, 100
2026/08/05 12:04:31.372, 21096, 81
2026/08/05 12:04:32.372, 21096, 73
2026/08/05 12:04:33.372, 21096, 83
2026/08/05 12:04:34.373, 21096, 63
2026/08/05 12:04:35.373, 21096, 100
2026/08/05 12:04:36.374, 21096, 100
2026/08/05 12:04:37.374, 21096, 100
2026/08/05 12:04:38.374, 21096, 82
2026/08/05 12:04:39.375, 21096, 100
2026/08/05 12:04:40.375, 21096, 100
2026/08/05 12:04:41.375, 21096, 100
2026/08/05 12:04:42.375, 21096, 100
2026/08/05 12:04:43.376, 21096, 100
2026/08/05 12:04:44.376, 21096, 100
2026/08/05 12:04:45.377, 21096, 100
2026/08/05 12:04:46.377, 21096, 89
2026/08/05 12:04:47.377, 21096, 70
2026/08/05 12:04:48.378, 21096, 81
2026/08/05 12:04:49.378, 21096, 59
2026/08/05 12:04:50.378, 21096, 100
2026/08/05 12:04:51.378, 21096, 100
2026/08/05 12:04:52.379, 21096, 94
2026/08/05 12:04:53.379, 21096, 100
2026/08/05 12:04:54.379, 21096, 100
2026/08/05 12:04:55.380, 21096, 100
2026/08/05 12:04:56.380, 21096, 100
2026/08/05 12:04:57.383, 21096, 100
2026/08/05 12:04:58.383, 21096, 100
2026/08/05 12:04:59.384, 21096, 100
2026/08/05 12:05:00.384, 21096, 100
2026/08/05 12:05:01.384, 21096, 84
2026/08/05 12:05:02.385, 21096, 85
2026/08/05 12:05:03.385, 21096, 100
2026/08/05 12:05:04.385, 21096, 100
2026/08/05 12:05:05.386, 21096, 100
2026/08/05 12:05:06.386, 21096, 100
2026/08/05 12:05:07.386, 21096, 100
2026/08/05 12:05:08.386, 21096, 100
2026/08/05 12:05:09.387, 21096, 100
2026/08/05 12:05:10.387, 21096, 100
2026/08/05 12:05:11.387, 21096, 100
2026/08/05 12:05:12.387, 21096, 100
2026/08/05 12:05:13.388, 21096, 100
2026/08/05 12:05:14.388, 21096, 100
2026/08/05 12:05:15.388, 21096, 100
2026/08/05 12:05:16.389, 21096, 100
2026/08/05 12:05:17.389, 21096, 64
2026/08/05 12:05:18.389, 21096, 100
2026/08/05 12:05:19.389, 21096, 100
2026/08/05 12:05:20.390, 21096, 100
2026/08/05 12:05:21.390, 21096, 100
2026/08/05 12:05:22.390, 21096, 100
2026/08/05 12:05:23.391, 21096, 100
2026/08/05 12:05:24.391, 21096, 83
2026/08/05 12:05:25.391, 21096, 100
2026/08/05 12:05:26.392, 21096, 100
2026/08/05 12:05:27.392, 21096, 100
2026/08/05 12:05:28.393, 21096, 100
2026/08/05 12:05:29.393, 21096, 100
2026/08/05 12:05:30.393, 21096, 100
2026/08/05 12:05:31.394, 21096, 100
2026/08/05 12:05:32.394, 21096, 100
2026/08/05 12:05:33.394, 21096, 69
2026/08/05 12:05:34.395, 21096, 100
2026/08/05 12:05:35.395, 21096, 100
2026/08/05 12:05:36.395, 21096, 100
2026/08/05 12:05:37.395, 21096, 100
2026/08/05 12:05:38.396, 21096, 100
2026/08/05 12:05:39.396, 21096, 100
2026/08/05 12:05:40.396, 21096, 100
2026/08/05 12:05:41.397, 21096, 100
2026/08/05 12:05:42.397, 21096, 100
2026/08/05 12:05:43.397, 21096, 98
2026/08/05 12:05:44.398, 21096, 100
2026/08/05 12:05:45.398, 21096, 63
2026/08/05 12:05:46.398, 21096, 100
2026/08/05 12:05:47.398, 21096, 100
2026/08/05 12:05:48.399, 21096, 64
2026/08/05 12:05:49.399, 21096, 100
2026/08/05 12:05:50.400, 21096, 100
2026/08/05 12:05:51.400, 21096, 100
2026/08/05 12:05:52.401, 21096, 100
2026/08/05 12:05:53.401, 21096, 100
2026/08/05 12:05:54.401, 21096, 92
2026/08/05 12:05:55.401, 21096, 66
2026/08/05 12:05:56.402, 21096, 100
2026/08/05 12:05:57.402, 21096, 100
2026/08/05 12:05:58.402, 21096, 100
2026/08/05 12:05:59.403, 21096, 79
2026/08/05 12:06:00.403, 21096, 100
2026/08/05 12:06:01.403, 21096, 83
2026/08/05 12:06:02.403, 21096, 100
2026/08/05 12:06:03.404, 21096, 100
2026/08/05 12:06:04.404, 21096, 100
2026/08/05 12:06:05.404, 21096, 100
2026/08/05 12:06:06.405, 21096, 100
2026/08/05 12:06:07.405, 21096, 100
2026/08/05 12:06:08.405, 21096, 100
2026/08/05 12:06:09.406, 21096, 100
2026/08/05 12:06:10.406, 21096, 100
2026/08/05 12:06:11.406, 21096, 82
2026/08/05 12:06:12.407, 21096, 96
2026/08/05 12:06:13.407, 21096, 100
2026/08/05 12:06:14.407, 21096, 100
2026/08/05 12:06:15.408, 21096, 100
2026/08/05 12:06:16.408, 21096, 100
2026/08/05 12:06:17.408, 21096, 100
2026/08/05 12:06:18.409, 21096, 100
2026/08/05 12:06:19.409, 21096, 100
2026/08/05 12:06:20.409, 21096, 100
2026/08/05 12:06:21.410, 21096, 100
2026/08/05 12:06:22.410, 21096, 100
2026/08/05 12:06:23.410, 21096, 86
2026/08/05 12:06:24.411, 21096, 100
2026/08/05 12:06:25.411, 21096, 100
2026/08/05 12:06:26.411, 21096, 100
2026/08/05 12:06:27.412, 21096, 100
2026/08/05 12:06:28.412, 21096, 100
2026/08/05 12:06:29.412, 21096, 100
2026/08/05 12:06:30.413, 21096, 100
2026/08/05 12:06:31.413, 21096, 100
2026/08/05 12:06:32.414, 21096, 100
2026/08/05 12:06:33.414, 21096, 100
2026/08/05 12:06:34.414, 21096, 100
2026/08/05 12:06:35.414, 21096, 89
2026/08/05 12:06:36.415, 21096, 100
2026/08/05 12:06:37.415, 21096, 100
2026/08/05 12:06:38.417, 21096, 96
2026/08/05 12:06:39.418, 21096, 84
2026/08/05 12:06:40.420, 21096, 84
2026/08/05 12:06:41.421, 21096, 84
2026/08/05 12:06:42.422, 21096, 100
2026/08/05 12:06:43.424, 21096, 100
2026/08/05 12:06:44.425, 21096, 100
2026/08/05 12:06:45.426, 21096, 100
2026/08/05 12:06:46.427, 21096, 100
2026/08/05 12:06:47.429, 21096, 100
2026/08/05 12:06:48.430, 21096, 59
2026/08/05 12:06:49.431, 21096, 84
2026/08/05 12:06:50.431, 21096, 100
2026/08/05 12:06:51.432, 21096, 100
2026/08/05 12:06:52.433, 21096, 100
2026/08/05 12:06:53.433, 21096, 100
2026/08/05 12:06:54.434, 21096, 100
2026/08/05 12:06:55.436, 21096, 100
2026/08/05 12:06:56.437, 21096, 100
2026/08/05 12:06:57.438, 21096, 100
2026/08/05 12:06:58.440, 21096, 100
2026/08/05 12:06:59.441, 21096, 100
2026/08/05 12:07:00.442, 21096, 100
2026/08/05 12:07:01.444, 21096, 100
2026/08/05 12:07:02.445, 21096, 100
2026/08/05 12:07:03.446, 21096, 100
2026/08/05 12:07:04.448, 21096, 100
2026/08/05 12:07:05.449, 21096, 100
2026/08/05 12:07:06.450, 21096, 100
2026/08/05 12:07:07.452, 21096, 100
2026/08/05 12:07:08.453, 21096, 100
2026/08/05 12:07:09.455, 21096, 100
2026/08/05 12:07:10.456, 21096, 100
2026/08/05 12:07:11.456, 21096, 100
2026/08/05 12:07:12.458, 21096, 100
2026/08/05 12:07:13.459, 21096, 100
2026/08/05 12:07:14.460, 21096, 100
2026/08/05 12:07:15.461, 21096, 100
2026/08/05 12:07:16.463, 21096, 63
2026/08/05 12:07:17.464, 21096, 100
2026/08/05 12:07:18.465, 21096, 100
2026/08/05 12:07:19.467, 21096, 100
2026/08/05 12:07:20.468, 21096, 100
2026/08/05 12:07:21.469, 21096, 100
2026/08/05 12:07:22.471, 21096, 100
2026/08/05 12:07:23.472, 21096, 100
2026/08/05 12:07:24.474, 21096, 100
2026/08/05 12:07:25.475, 21096, 100
2026/08/05 12:07:26.476, 21096, 100
2026/08/05 12:07:27.478, 21096, 84
2026/08/05 12:07:28.478, 21096, 63
2026/08/05 12:07:29.480, 21096, 86
2026/08/05 12:07:30.480, 21096, 100
2026/08/05 12:07:31.482, 21096, 100
2026/08/05 12:07:32.483, 21096, 100
2026/08/05 12:07:33.484, 21096, 100
2026/08/05 12:07:34.486, 21096, 100
2026/08/05 12:07:35.487, 21096, 100
2026/08/05 12:07:36.488, 21096, 100
2026/08/05 12:07:37.489, 21096, 100
2026/08/05 12:07:38.491, 21096, 100
2026/08/05 12:07:39.492, 21096, 100
2026/08/05 12:07:40.493, 21096, 100
2026/08/05 12:07:41.494, 21096, 100
2026/08/05 12:07:42.495, 21096, 100
2026/08/05 12:07:43.497, 21096, 100
2026/08/05 12:07:44.498, 21096, 100
2026/08/05 12:07:45.499, 21096, 100
2026/08/05 12:07:46.501, 21096, 100
2026/08/05 12:07:47.502, 21096, 100
2026/08/05 12:07:48.504, 21096, 100
2026/08/05 12:07:49.505, 21096, 100
2026/08/05 12:07:50.506, 21096, 100
2026/08/05 12:07:51.507, 21096, 100
2026/08/05 12:07:52.508, 21096, 100
2026/08/05 12:07:53.510, 21096, 100
2026/08/05 12:07:54.511, 21096, 100
2026/08/05 12:07:55.513, 21096, 100
2026/08/05 12:07:56.514, 21096, 100
2026/08/05 12:07:57.515, 21096, 100
2026/08/05 12:07:58.517, 21096, 100
2026/08/05 12:07:59.518, 21096, 100
2026/08/05 12:08:00.519, 21096, 100
2026/08/05 12:08:01.521, 21096, 100
2026/08/05 12:08:02.522, 21096, 100
2026/08/05 12:08:03.523, 21096, 100
2026/08/05 12:08:04.524, 21096, 64
2026/08/05 12:08:05.525, 21096, 100
2026/08/05 12:08:06.527, 21096, 84
2026/08/05 12:08:07.528, 21096, 100
2026/08/05 12:08:08.530, 21096, 100
2026/08/05 12:08:09.531, 21096, 100
2026/08/05 12:08:10.532, 21096, 100
2026/08/05 12:08:11.534, 21096, 100
2026/08/05 12:08:12.535, 21096, 100
2026/08/05 12:08:13.537, 21096, 100
2026/08/05 12:08:14.538, 21096, 100
2026/08/05 12:08:15.539, 21096, 100
2026/08/05 12:08:16.541, 21096, 100
2026/08/05 12:08:17.542, 21096, 100
2026/08/05 12:08:18.544, 21096, 100
2026/08/05 12:08:19.545, 21096, 100
2026/08/05 12:08:20.546, 21096, 100
2026/08/05 12:08:21.547, 21096, 81
2026/08/05 12:08:22.547, 21096, 100
2026/08/05 12:08:23.548, 21096, 84
2026/08/05 12:08:24.549, 21096, 86
2026/08/05 12:08:25.550, 21096, 100
2026/08/05 12:08:26.552, 21096, 86
2026/08/05 12:08:27.553, 21096, 100
2026/08/05 12:08:28.554, 21096, 100
2026/08/05 12:08:29.555, 21096, 100
2026/08/05 12:08:30.557, 21096, 100
2026/08/05 12:08:31.558, 21096, 100
2026/08/05 12:08:32.560, 21096, 85
2026/08/05 12:08:33.560, 21096, 100
2026/08/05 12:08:34.561, 21096, 82
2026/08/05 12:08:35.563, 21096, 100
2026/08/05 12:08:36.564, 21096, 65
2026/08/05 12:08:37.565, 21096, 100
2026/08/05 12:08:38.567, 21096, 100
2026/08/05 12:08:39.568, 21096, 100
2026/08/05 12:08:40.569, 21096, 100
2026/08/05 12:08:41.571, 21096, 100
2026/08/05 12:08:42.572, 21096, 100
2026/08/05 12:08:43.573, 21096, 100
2026/08/05 12:08:44.574, 21096, 100
2026/08/05 12:08:45.576, 21096, 100
2026/08/05 12:08:46.577, 21096, 100
2026/08/05 12:08:47.578, 21096, 100
2026/08/05 12:08:48.580, 21096, 100
2026/08/05 12:08:49.581, 21096, 90
2026/08/05 12:08:50.582, 21096, 100
2026/08/05 12:08:51.584, 21096, 100
2026/08/05 12:08:52.585, 21096, 100
2026/08/05 12:08:53.586, 21096, 100
2026/08/05 12:08:54.588, 21096, 100
2026/08/05 12:08:55.589, 21096, 100
2026/08/05 12:08:56.590, 21096, 94
2026/08/05 12:08:57.592, 21096, 100
2026/08/05 12:08:58.593, 21096, 100
2026/08/05 12:08:59.594, 21096, 100
2026/08/05 12:09:00.595, 21096, 100
2026/08/05 12:09:01.597, 21096, 100
2026/08/05 12:09:02.598, 21096, 84
2026/08/05 12:09:03.599, 21096, 100
2026/08/05 12:09:04.601, 21096, 89
2026/08/05 12:09:05.602, 21096, 100
2026/08/05 12:09:06.603, 21096, 100
2026/08/05 12:09:07.605, 21096, 100
2026/08/05 12:09:08.606, 21096, 100
2026/08/05 12:09:09.607, 21096, 100
2026/08/05 12:09:10.609, 21096, 100
2026/08/05 12:09:11.610, 21096, 65
2026/08/05 12:09:12.611, 21096, 100
2026/08/05 12:09:13.613, 21096, 100
2026/08/05 12:09:14.614, 21096, 100
2026/08/05 12:09:15.615, 21096, 100
2026/08/05 12:09:16.617, 21096, 100
2026/08/05 12:09:17.618, 21096, 100
2026/08/05 12:09:18.619, 21096, 100
2026/08/05 12:09:19.620, 21096, 100
2026/08/05 12:09:20.622, 21096, 100
2026/08/05 12:09:21.623, 21096, 100
2026/08/05 12:09:22.624, 21096, 100
2026/08/05 12:09:23.626, 21096, 100
2026/08/05 12:09:24.627, 21096, 100
2026/08/05 12:09:25.628, 21096, 100
2026/08/05 12:09:26.630, 21096, 100
2026/08/05 12:09:27.631, 21096, 100
2026/08/05 12:09:28.632, 21096, 100
2026/08/05 12:09:29.634, 21096, 100
2026/08/05 12:09:30.635, 21096, 100
2026/08/05 12:09:31.636, 21096, 100
2026/08/05 12:09:32.638, 21096, 100
2026/08/05 12:09:33.639, 21096, 85
2026/08/05 12:09:34.640, 21096, 81
2026/08/05 12:09:35.641, 21096, 100
2026/08/05 12:09:36.643, 21096, 100
2026/08/05 12:09:37.644, 21096, 92
2026/08/05 12:09:38.646, 21096, 100
2026/08/05 12:09:39.647, 21096, 100
2026/08/05 12:09:40.648, 21096, 100
2026/08/05 12:09:41.650, 21096, 100
2026/08/05 12:09:42.651, 21096, 100
2026/08/05 12:09:43.652, 21096, 100
2026/08/05 12:09:44.654, 21096, 100
2026/08/05 12:09:45.655, 21096, 100
2026/08/05 12:09:46.656, 21096, 100
2026/08/05 12:09:47.658, 21096, 100
2026/08/05 12:09:48.659, 21096, 100
2026/08/05 12:09:49.660, 21096, 100
2026/08/05 12:09:50.662, 21096, 100
2026/08/05 12:09:51.663, 21096, 100
2026/08/05 12:09:52.664, 21096, 100
2026/08/05 12:09:53.666, 21096, 100
2026/08/05 12:09:54.667, 21096, 100
2026/08/05 12:09:55.668, 21096, 89
2026/08/05 12:09:56.670, 21096, 100
2026/08/05 12:09:57.671, 21096, 100
2026/08/05 12:09:58.672, 21096, 84
2026/08/05 12:09:59.674, 21096, 100
2026/08/05 12:10:00.675, 21096, 84
2026/08/05 12:10:01.676, 21096, 100
2026/08/05 12:10:02.678, 21096, 100
2026/08/05 12:10:03.679, 21096, 100
2026/08/05 12:10:04.680, 21096, 100
2026/08/05 12:10:05.681, 21096, 100
2026/08/05 12:10:06.683, 21096, 100
2026/08/05 12:10:07.684, 21096, 100
2026/08/05 12:10:08.686, 21096, 100
2026/08/05 12:10:09.687, 21096, 100
2026/08/05 12:10:10.688, 21096, 100
2026/08/05 12:10:11.690, 21096, 100
2026/08/05 12:10:12.691, 21096, 64
2026/08/05 12:10:13.692, 21096, 100
2026/08/05 12:10:14.695, 21096, 100
2026/08/05 12:10:15.697, 21096, 100
2026/08/05 12:10:16.698, 21096, 99
2026/08/05 12:10:17.700, 21096, 100
2026/08/05 12:10:18.701, 21096, 100
2026/08/05 12:10:19.702, 21096, 100
2026/08/05 12:10:20.704, 21096, 100
2026/08/05 12:10:21.705, 21096, 100
2026/08/05 12:10:22.707, 21096, 84
2026/08/05 12:10:23.708, 21096, 100
2026/08/05 12:10:24.709, 21096, 100
2026/08/05 12:10:25.711, 21096, 100
2026/08/05 12:10:26.712, 21096, 100
2026/08/05 12:10:27.713, 21096, 100
2026/08/05 12:10:28.715, 21096, 100
2026/08/05 12:10:29.717, 21096, 100
2026/08/05 12:10:30.718, 21096, 100
2026/08/05 12:10:31.720, 21096, 82
2026/08/05 12:10:32.721, 21096, 84
2026/08/05 12:10:33.723, 21096, 100
2026/08/05 12:10:34.724, 21096, 100
2026/08/05 12:10:35.725, 21096, 100
2026/08/05 12:10:36.727, 21096, 100
2026/08/05 12:10:37.728, 21096, 100
2026/08/05 12:10:38.730, 21096, 100
2026/08/05 12:10:39.731, 21096, 100
2026/08/05 12:10:40.732, 21096, 100
2026/08/05 12:10:41.734, 21096, 82
2026/08/05 12:10:42.735, 21096, 83
2026/08/05 12:10:43.736, 21096, 100
2026/08/05 12:10:44.737, 21096, 100
2026/08/05 12:10:45.738, 21096, 100
2026/08/05 12:10:46.739, 21096, 100
2026/08/05 12:10:47.740, 21096, 100
2026/08/05 12:10:48.742, 21096, 100
2026/08/05 12:10:49.743, 21096, 100
2026/08/05 12:10:50.744, 21096, 100
2026/08/05 12:10:51.746, 21096, 100
2026/08/05 12:10:52.747, 21096, 100
2026/08/05 12:10:53.748, 21096, 100
2026/08/05 12:10:54.750, 21096, 100
2026/08/05 12:10:55.751, 21096, 100
2026/08/05 12:10:56.752, 21096, 100
2026/08/05 12:10:57.754, 21096, 100
2026/08/05 12:10:58.755, 21096, 93
2026/08/05 12:10:59.756, 21096, 100
2026/08/05 12:11:00.758, 21096, 100
2026/08/05 12:11:01.759, 21096, 84
2026/08/05 12:11:02.760, 21096, 100
2026/08/05 12:11:03.761, 21096, 100
2026/08/05 12:11:04.762, 21096, 100
2026/08/05 12:11:05.764, 21096, 100
2026/08/05 12:11:06.765, 21096, 100
2026/08/05 12:11:07.766, 21096, 100
2026/08/05 12:11:08.768, 21096, 100
2026/08/05 12:11:09.769, 21096, 0
2026/08/05 12:11:10.771, 21096, 100
2026/08/05 12:11:11.772, 21096, 100
2026/08/05 12:11:12.773, 21096, 73
2026/08/05 12:11:13.775, 21096, 100
2026/08/05 12:11:14.776, 21096, 100
2026/08/05 12:11:15.777, 21096, 100
2026/08/05 12:11:16.779, 21096, 100
2026/08/05 12:11:17.780, 21096, 100
2026/08/05 12:11:18.782, 21096, 84
2026/08/05 12:11:19.783, 21096, 85
2026/08/05 12:11:20.784, 21096, 100
2026/08/05 12:11:21.786, 21096, 100
2026/08/05 12:11:22.787, 21096, 100
2026/08/05 12:11:23.788, 21096, 100
2026/08/05 12:11:24.790, 21096, 100
2026/08/05 12:11:25.791, 21096, 100
2026/08/05 12:11:26.792, 21096, 100
2026/08/05 12:11:27.794, 21096, 100
2026/08/05 12:11:28.795, 21096, 100
2026/08/05 12:11:29.796, 21096, 100
2026/08/05 12:11:30.798, 21096, 100
2026/08/05 12:11:31.799, 21096, 100
2026/08/05 12:11:32.800, 21096, 100
2026/08/05 12:11:33.802, 21096, 83
2026/08/05 12:11:34.803, 21096, 69
2026/08/05 12:11:35.805, 21096, 100
2026/08/05 12:11:36.805, 21096, 100
2026/08/05 12:11:37.806, 21096, 100
2026/08/05 12:11:38.808, 21096, 100
2026/08/05 12:11:39.809, 21096, 100
2026/08/05 12:11:40.810, 21096, 100
2026/08/05 12:11:41.812, 21096, 85
2026/08/05 12:11:42.813, 21096, 100
2026/08/05 12:11:43.814, 21096, 100
2026/08/05 12:11:44.815, 21096, 100
2026/08/05 12:11:45.817, 21096, 100
2026/08/05 12:11:46.818, 21096, 100
2026/08/05 12:11:47.820, 21096, 100
2026/08/05 12:11:48.821, 21096, 100
2026/08/05 12:11:49.822, 21096, 100
2026/08/05 12:11:50.823, 21096, 100
2026/08/05 12:11:51.825, 21096, 100
2026/08/05 12:11:52.826, 21096, 100
2026/08/05 12:11:53.827, 21096, 100
2026/08/05 12:11:54.829, 21096, 100
2026/08/05 12:11:55.830, 21096, 100
2026/08/05 12:11:56.831, 21096, 100
2026/08/05 12:11:57.832, 21096, 100
2026/08/05 12:11:58.834, 21096, 100
2026/08/05 12:11:59.834, 21096, 85
2026/08/05 12:12:00.835, 21096, 85
2026/08/05 12:12:01.837, 21096, 100
2026/08/05 12:12:02.838, 21096, 100
2026/08/05 12:12:03.839, 21096, 85
2026/08/05 12:12:04.840, 21096, 84
2026/08/05 12:12:05.841, 21096, 100
2026/08/05 12:12:06.843, 21096, 100
2026/08/05 12:12:07.844, 21096, 100
2026/08/05 12:12:08.845, 21096, 100
2026/08/05 12:12:09.847, 21096, 84
2026/08/05 12:12:10.848, 21096, 100
2026/08/05 12:12:11.849, 21096, 100
2026/08/05 12:12:12.851, 21096, 100
2026/08/05 12:12:13.852, 21096, 100
2026/08/05 12:12:14.853, 21096, 100
2026/08/05 12:12:15.854, 21096, 84
2026/08/05 12:12:16.856, 21096, 100
2026/08/05 12:12:17.857, 21096, 100
2026/08/05 12:12:18.859, 21096, 100
2026/08/05 12:12:19.860, 21096, 100
2026/08/05 12:12:20.861, 21096, 100
2026/08/05 12:12:21.862, 21096, 83
2026/08/05 12:12:22.864, 21096, 85
2026/08/05 12:12:23.865, 21096, 100
2026/08/05 12:12:24.865, 21096, 85
2026/08/05 12:12:25.867, 21096, 100
2026/08/05 12:12:26.868, 21096, 64
2026/08/05 12:12:27.869, 21096, 100
2026/08/05 12:12:28.870, 21096, 100
2026/08/05 12:12:29.872, 21096, 100
2026/08/05 12:12:30.872, 21096, 83
2026/08/05 12:12:31.873, 21096, 100
2026/08/05 12:12:32.874, 21096, 100
2026/08/05 12:12:33.875, 21096, 100
2026/08/05 12:12:34.877, 21096, 83
2026/08/05 12:12:35.878, 21096, 83
2026/08/05 12:12:36.879, 21096, 100
2026/08/05 12:12:37.880, 21096, 100
2026/08/05 12:12:38.882, 21096, 100
2026/08/05 12:12:39.883, 21096, 97
2026/08/05 12:12:40.884, 21096, 100
2026/08/05 12:12:41.886, 21096, 100
2026/08/05 12:12:42.887, 21096, 87
2026/08/05 12:12:43.888, 21096, 100
2026/08/05 12:12:44.889, 21096, 100
2026/08/05 12:12:45.890, 21096, 74
2026/08/05 12:12:46.891, 21096, 100
2026/08/05 12:12:47.893, 21096, 100
2026/08/05 12:12:48.894, 21096, 100
2026/08/05 12:12:49.895, 21096, 100
2026/08/05 12:12:50.897, 21096, 81
2026/08/05 12:12:51.898, 21096, 100
2026/08/05 12:12:52.899, 21096, 100
2026/08/05 12:12:53.901, 21096, 100
2026/08/05 12:12:54.902, 21096, 100
2026/08/05 12:12:55.904, 21096, 100
2026/08/05 12:12:56.905, 21096, 100
2026/08/05 12:12:57.906, 21096, 100
2026/08/05 12:12:58.908, 21096, 100
2026/08/05 12:12:59.908, 21096, 81
2026/08/05 12:13:00.909, 21096, 62
2026/08/05 12:13:01.911, 21096, 100
2026/08/05 12:13:02.911, 21096, 85
2026/08/05 12:13:03.913, 21096, 100
2026/08/05 12:13:04.914, 21096, 100
2026/08/05 12:13:05.915, 21096, 100
2026/08/05 12:13:06.916, 21096, 100
2026/08/05 12:13:07.918, 21096, 100
2026/08/05 12:13:08.919, 21096, 100
2026/08/05 12:13:09.920, 21096, 100
2026/08/05 12:13:10.922, 21096, 100
2026/08/05 12:13:11.923, 21096, 100
2026/08/05 12:13:12.924, 21096, 100
2026/08/05 12:13:13.926, 21096, 100
2026/08/05 12:13:14.927, 21096, 83
2026/08/05 12:13:15.929, 21096, 100
2026/08/05 12:13:16.930, 21096, 100
2026/08/05 12:13:17.931, 21096, 100
2026/08/05 12:13:18.933, 21096, 100
2026/08/05 12:13:19.934, 21096, 100
2026/08/05 12:13:20.936, 21096, 100
2026/08/05 12:13:21.937, 21096, 67
2026/08/05 12:13:22.938, 21096, 100
2026/08/05 12:13:23.940, 21096, 100
2026/08/05 12:13:24.941, 21096, 84
2026/08/05 12:13:25.943, 21096, 99
2026/08/05 12:13:26.944, 21096, 100
2026/08/05 12:13:27.944, 21096, 100
2026/08/05 12:13:28.946, 21096, 100
2026/08/05 12:13:29.947, 21096, 100
2026/08/05 12:13:30.949, 21096, 100
2026/08/05 12:13:31.950, 21096, 100
2026/08/05 12:13:32.952, 21096, 100
2026/08/05 12:13:33.953, 21096, 100
2026/08/05 12:13:34.954, 21096, 100
2026/08/05 12:13:35.956, 21096, 100
2026/08/05 12:13:36.957, 21096, 100
2026/08/05 12:13:37.958, 21096, 100
2026/08/05 12:13:38.959, 21096, 93
2026/08/05 12:13:39.961, 21096, 100
2026/08/05 12:13:40.961, 21096, 100
2026/08/05 12:13:41.963, 21096, 100
2026/08/05 12:13:42.964, 21096, 100
2026/08/05 12:13:43.965, 21096, 100
2026/08/05 12:13:44.967, 21096, 100
2026/08/05 12:13:45.968, 21096, 100
2026/08/05 12:13:46.969, 21096, 100
2026/08/05 12:13:47.970, 21096, 100
2026/08/05 12:13:48.972, 21096, 100
2026/08/05 12:13:49.973, 21096, 84
2026/08/05 12:13:50.976, 21096, 100
2026/08/05 12:13:51.977, 21096, 100
2026/08/05 12:13:52.978, 21096, 100
2026/08/05 12:13:53.979, 21096, 100
2026/08/05 12:13:54.979, 21096, 100
2026/08/05 12:13:55.979, 21096, 100
2026/08/05 12:13:56.981, 21096, 100
2026/08/05 12:13:57.981, 21096, 100
2026/08/05 12:13:58.982, 21096, 100
2026/08/05 12:13:59.982, 21096, 100
2026/08/05 12:14:00.983, 21096, 100
2026/08/05 12:14:01.984, 21096, 100
2026/08/05 12:14:02.984, 21096, 100
2026/08/05 12:14:03.985, 21096, 100
2026/08/05 12:14:04.985, 21096, 100
2026/08/05 12:14:05.986, 21096, 100
2026/08/05 12:14:06.986, 21096, 85
2026/08/05 12:14:07.986, 21096, 100
2026/08/05 12:14:08.987, 21096, 100
2026/08/05 12:14:09.987, 21096, 100
2026/08/05 12:14:10.988, 21096, 100
2026/08/05 12:14:11.988, 21096, 83
2026/08/05 12:14:12.989, 21096, 100
2026/08/05 12:14:13.989, 21096, 100
2026/08/05 12:14:14.990, 21096, 100
2026/08/05 12:14:15.992, 21096, 100
2026/08/05 12:14:16.992, 21096, 100
2026/08/05 12:14:17.993, 21096, 100
2026/08/05 12:14:18.993, 21096, 100
2026/08/05 12:14:19.995, 21096, 100
2026/08/05 12:14:20.995, 21096, 71
2026/08/05 12:14:21.996, 21096, 100
2026/08/05 12:14:22.998, 21096, 100
2026/08/05 12:14:23.999, 21096, 84
2026/08/05 12:14:25.001, 21096, 63
2026/08/05 12:14:26.002, 21096, 84
2026/08/05 12:14:27.003, 21096, 100
2026/08/05 12:14:28.005, 21096, 100
2026/08/05 12:14:29.006, 21096, 84
2026/08/05 12:14:30.008, 21096, 100
2026/08/05 12:14:31.008, 21096, 100
2026/08/05 12:14:32.009, 21096, 100
2026/08/05 12:14:33.010, 21096, 100
2026/08/05 12:14:34.011, 21096, 100
2026/08/05 12:14:35.012, 21096, 100
2026/08/05 12:14:36.012, 21096, 100
2026/08/05 12:14:37.013, 21096, 100
2026/08/05 12:14:38.015, 21096, 93
2026/08/05 12:14:39.016, 21096, 100
2026/08/05 12:14:40.018, 21096, 100
2026/08/05 12:14:41.019, 21096, 84
2026/08/05 12:14:42.020, 21096, 100
2026/08/05 12:14:43.022, 21096, 100
2026/08/05 12:14:44.023, 21096, 100
2026/08/05 12:14:45.024, 21096, 100
2026/08/05 12:14:46.025, 21096, 83
2026/08/05 12:14:47.026, 21096, 100
2026/08/05 12:14:48.027, 21096, 100
2026/08/05 12:14:49.029, 21096, 86
2026/08/05 12:14:50.030, 21096, 100
2026/08/05 12:14:51.032, 21096, 86
2026/08/05 12:14:52.033, 21096, 100
2026/08/05 12:14:53.034, 21096, 100
2026/08/05 12:14:54.036, 21096, 100
2026/08/05 12:14:55.037, 21096, 100
2026/08/05 12:14:56.039, 21096, 84
2026/08/05 12:14:57.040, 21096, 100
2026/08/05 12:14:58.041, 21096, 100
2026/08/05 12:14:59.042, 21096, 100
2026/08/05 12:15:00.044, 21096, 100
2026/08/05 12:15:01.045, 21096, 100
2026/08/05 12:15:02.046, 21096, 100
2026/08/05 12:15:03.048, 21096, 100
2026/08/05 12:15:04.049, 21096, 100
2026/08/05 12:15:05.051, 21096, 100
2026/08/05 12:15:06.052, 21096, 100
2026/08/05 12:15:07.052, 21096, 100
2026/08/05 12:15:08.054, 21096, 100
2026/08/05 12:15:09.055, 21096, 100
2026/08/05 12:15:10.057, 21096, 100
2026/08/05 12:15:11.058, 21096, 100
2026/08/05 12:15:12.059, 21096, 100
2026/08/05 12:15:13.060, 21096, 100
2026/08/05 12:15:14.061, 21096, 100
2026/08/05 12:15:15.063, 21096, 86
2026/08/05 12:15:16.064, 21096, 100
2026/08/05 12:15:17.065, 21096, 100
2026/08/05 12:15:18.067, 21096, 100
2026/08/05 12:15:19.068, 21096, 100
2026/08/05 12:15:20.069, 21096, 100
2026/08/05 12:15:21.071, 21096, 100
2026/08/05 12:15:22.072, 21096, 100
2026/08/05 12:15:23.073, 21096, 100
2026/08/05 12:15:24.074, 21096, 100
2026/08/05 12:15:25.076, 21096, 90
2026/08/05 12:15:26.077, 21096, 100
2026/08/05 12:15:27.078, 21096, 100
2026/08/05 12:15:28.080, 21096, 100
2026/08/05 12:15:29.081, 21096, 100
2026/08/05 12:15:30.082, 21096, 100
2026/08/05 12:15:31.084, 21096, 100
2026/08/05 12:15:32.085, 21096, 84
2026/08/05 12:15:33.086, 21096, 85
2026/08/05 12:15:34.088, 21096, 87
2026/08/05 12:15:35.089, 21096, 100
2026/08/05 12:15:36.091, 21096, 100
2026/08/05 12:15:37.092, 21096, 100
2026/08/05 12:15:38.094, 21096, 100
2026/08/05 12:15:39.095, 21096, 100
2026/08/05 12:15:40.096, 21096, 100
2026/08/05 12:15:41.098, 21096, 100
2026/08/05 12:15:42.099, 21096, 100
2026/08/05 12:15:43.100, 21096, 85
2026/08/05 12:15:44.102, 21096, 85
2026/08/05 12:15:45.103, 21096, 85
2026/08/05 12:15:46.105, 21096, 100
2026/08/05 12:15:47.106, 21096, 100
2026/08/05 12:15:48.108, 21096, 100
2026/08/05 12:15:49.108, 21096, 100
2026/08/05 12:15:50.109, 21096, 100
2026/08/05 12:15:51.111, 21096, 100
2026/08/05 12:15:52.112, 21096, 100
2026/08/05 12:15:53.113, 21096, 100
2026/08/05 12:15:54.114, 21096, 100
2026/08/05 12:15:55.115, 21096, 85
2026/08/05 12:15:56.115, 21096, 100
2026/08/05 12:15:57.115, 21096, 100
2026/08/05 12:15:58.116, 21096, 100
2026/08/05 12:15:59.116, 21096, 91
2026/08/05 12:16:00.116, 21096, 100
2026/08/05 12:16:01.117, 21096, 100
2026/08/05 12:16:02.117, 21096, 100
2026/08/05 12:16:03.118, 21096, 72
2026/08/05 12:16:04.119, 21096, 100
2026/08/05 12:16:05.119, 21096, 100
2026/08/05 12:16:06.119, 21096, 100
2026/08/05 12:16:07.121, 21096, 84
2026/08/05 12:16:08.122, 21096, 100
2026/08/05 12:16:09.124, 21096, 100
2026/08/05 12:16:10.124, 21096, 100
2026/08/05 12:16:11.125, 21096, 100
2026/08/05 12:16:12.125, 21096, 100
2026/08/05 12:16:13.126, 21096, 100
2026/08/05 12:16:14.126, 21096, 100
2026/08/05 12:16:15.126, 21096, 100
2026/08/05 12:16:16.127, 21096, 100
2026/08/05 12:16:17.127, 21096, 100
2026/08/05 12:16:18.127, 21096, 100
2026/08/05 12:16:19.128, 21096, 100
2026/08/05 12:16:20.128, 21096, 87
2026/08/05 12:16:21.128, 21096, 100
2026/08/05 12:16:22.129, 21096, 100
2026/08/05 12:16:23.130, 21096, 100
2026/08/05 12:16:24.130, 21096, 84
2026/08/05 12:16:25.131, 21096, 84
2026/08/05 12:16:26.132, 21096, 100
2026/08/05 12:16:27.132, 21096, 100
2026/08/05 12:16:28.133, 21096, 100
2026/08/05 12:16:29.134, 21096, 100
2026/08/05 12:16:30.135, 21096, 100
2026/08/05 12:16:31.137, 21096, 100
2026/08/05 12:16:32.137, 21096, 100
2026/08/05 12:16:33.137, 21096, 84
2026/08/05 12:16:34.138, 21096, 65
2026/08/05 12:16:35.138, 21096, 100
2026/08/05 12:16:36.138, 21096, 100
2026/08/05 12:16:37.140, 21096, 100
2026/08/05 12:16:38.141, 21096, 100
2026/08/05 12:16:39.141, 21096, 100
2026/08/05 12:16:40.141, 21096, 100
2026/08/05 12:16:41.142, 21096, 100
2026/08/05 12:16:42.142, 21096, 100
2026/08/05 12:16:43.142, 21096, 100
2026/08/05 12:16:44.144, 21096, 100
2026/08/05 12:16:45.145, 21096, 100
2026/08/05 12:16:46.146, 21096, 100
2026/08/05 12:16:47.147, 21096, 100
2026/08/05 12:16:48.147, 21096, 100
2026/08/05 12:16:49.148, 21096, 100
2026/08/05 12:16:50.149, 21096, 93
2026/08/05 12:16:51.149, 21096, 85
2026/08/05 12:16:52.149, 21096, 100
2026/08/05 12:16:53.150, 21096, 100
2026/08/05 12:16:54.151, 21096, 100
2026/08/05 12:16:55.151, 21096, 100
2026/08/05 12:16:56.151, 21096, 100
2026/08/05 12:16:57.152, 21096, 100
2026/08/05 12:16:58.152, 21096, 100
2026/08/05 12:16:59.152, 21096, 100
2026/08/05 12:17:00.153, 21096, 100
2026/08/05 12:17:01.154, 21096, 100
2026/08/05 12:17:02.154, 21096, 100
2026/08/05 12:17:03.154, 21096, 100
2026/08/05 12:17:04.155, 21096, 66
2026/08/05 12:17:05.155, 21096, 85
2026/08/05 12:17:06.155, 21096, 100
2026/08/05 12:17:07.157, 21096, 100
2026/08/05 12:17:08.157, 21096, 100
2026/08/05 12:17:09.157, 21096, 85
2026/08/05 12:17:10.158, 21096, 84
2026/08/05 12:17:11.158, 21096, 100
2026/08/05 12:17:12.159, 21096, 100
2026/08/05 12:17:13.159, 21096, 100
2026/08/05 12:17:14.161, 21096, 100
2026/08/05 12:17:15.161, 21096, 100
2026/08/05 12:17:16.161, 21096, 100
2026/08/05 12:17:17.162, 21096, 85
2026/08/05 12:17:18.162, 21096, 100
2026/08/05 12:17:19.162, 21096, 100
2026/08/05 12:17:20.163, 21096, 100
2026/08/05 12:17:21.163, 21096, 100
2026/08/05 12:17:22.163, 21096, 100
2026/08/05 12:17:23.164, 21096, 100
2026/08/05 12:17:24.165, 21096, 100
2026/08/05 12:17:25.166, 21096, 100
2026/08/05 12:17:26.166, 21096, 100
2026/08/05 12:17:27.167, 21096, 100
2026/08/05 12:17:28.167, 21096, 100
2026/08/05 12:17:29.167, 21096, 100
2026/08/05 12:17:30.167, 21096, 100
2026/08/05 12:17:31.168, 21096, 100
2026/08/05 12:17:32.168, 21096, 100
2026/08/05 12:17:33.168, 21096, 100
2026/08/05 12:17:34.169, 21096, 100
2026/08/05 12:17:35.169, 21096, 97
2026/08/05 12:17:36.169, 21096, 100
2026/08/05 12:17:37.169, 21096, 100
2026/08/05 12:17:38.171, 21096, 100
2026/08/05 12:17:39.171, 21096, 100
2026/08/05 12:17:40.171, 21096, 100
2026/08/05 12:17:41.172, 21096, 100
2026/08/05 12:17:42.172, 21096, 100
2026/08/05 12:17:43.172, 21096, 87
2026/08/05 12:17:44.173, 21096, 100
2026/08/05 12:17:45.174, 21096, 100
2026/08/05 12:17:46.175, 21096, 100
2026/08/05 12:17:47.176, 21096, 100
2026/08/05 12:17:48.176, 21096, 100
2026/08/05 12:17:49.177, 21096, 100
2026/08/05 12:17:50.178, 21096, 100
2026/08/05 12:17:51.179, 21096, 100
2026/08/05 12:17:52.181, 21096, 100
2026/08/05 12:17:53.182, 21096, 100
2026/08/05 12:17:54.183, 21096, 100
2026/08/05 12:17:55.185, 21096, 100
2026/08/05 12:17:56.186, 21096, 78
2026/08/05 12:17:57.187, 21096, 100
2026/08/05 12:17:58.189, 21096, 100
2026/08/05 12:17:59.190, 21096, 100
2026/08/05 12:18:00.191, 21096, 84
2026/08/05 12:18:01.192, 21096, 100
2026/08/05 12:18:02.194, 21096, 100
2026/08/05 12:18:03.195, 21096, 100
2026/08/05 12:18:04.196, 21096, 100
2026/08/05 12:18:05.198, 21096, 100
2026/08/05 12:18:06.199, 21096, 100
2026/08/05 12:18:07.200, 21096, 100
2026/08/05 12:18:08.202, 21096, 95
2026/08/05 12:18:09.203, 21096, 100
2026/08/05 12:18:10.204, 21096, 96
2026/08/05 12:18:11.206, 21096, 100
2026/08/05 12:18:12.207, 21096, 100
2026/08/05 12:18:13.208, 21096, 66
2026/08/05 12:18:14.210, 21096, 100
2026/08/05 12:18:15.212, 21096, 100
2026/08/05 12:18:16.213, 21096, 100
2026/08/05 12:18:17.214, 21096, 100
2026/08/05 12:18:18.216, 21096, 100
2026/08/05 12:18:19.217, 21096, 100
2026/08/05 12:18:20.219, 21096, 68
2026/08/05 12:18:21.220, 21096, 100
2026/08/05 12:18:22.222, 21096, 100
2026/08/05 12:18:23.223, 21096, 100
2026/08/05 12:18:24.225, 21096, 100
2026/08/05 12:18:25.226, 21096, 100
2026/08/05 12:18:26.227, 21096, 100
2026/08/05 12:18:27.228, 21096, 84
2026/08/05 12:18:28.229, 21096, 100
2026/08/05 12:18:29.231, 21096, 100
2026/08/05 12:18:30.231, 21096, 100
2026/08/05 12:18:31.232, 21096, 100
2026/08/05 12:18:32.234, 21096, 100
2026/08/05 12:18:33.235, 21096, 100
2026/08/05 12:18:34.237, 21096, 100
2026/08/05 12:18:35.238, 21096, 100
2026/08/05 12:18:36.240, 21096, 100
2026/08/05 12:18:37.240, 21096, 100
2026/08/05 12:18:38.242, 21096, 97
2026/08/05 12:18:39.243, 21096, 94
2026/08/05 12:18:40.244, 21096, 100
2026/08/05 12:18:41.246, 21096, 100
2026/08/05 12:18:42.247, 21096, 100
2026/08/05 12:18:43.249, 21096, 100
2026/08/05 12:18:44.250, 21096, 100
2026/08/05 12:18:45.252, 21096, 100
2026/08/05 12:18:46.253, 21096, 100
2026/08/05 12:18:47.254, 21096, 100
2026/08/05 12:18:48.255, 21096, 99
2026/08/05 12:18:49.255, 21096, 100
2026/08/05 12:18:50.256, 21096, 100
2026/08/05 12:18:51.257, 21096, 100
2026/08/05 12:18:52.258, 21096, 100
2026/08/05 12:18:53.259, 21096, 100
2026/08/05 12:18:54.260, 21096, 100
2026/08/05 12:18:55.261, 21096, 100
2026/08/05 12:18:56.262, 21096, 100
2026/08/05 12:18:57.264, 21096, 100
2026/08/05 12:18:58.264, 21096, 100
2026/08/05 12:18:59.266, 21096, 93
2026/08/05 12:19:00.267, 21096, 100
2026/08/05 12:19:01.269, 21096, 100
2026/08/05 12:19:02.270, 21096, 84
2026/08/05 12:19:03.272, 21096, 84
2026/08/05 12:19:04.273, 21096, 100
2026/08/05 12:19:05.274, 21096, 100
2026/08/05 12:19:06.276, 21096, 100
2026/08/05 12:19:07.277, 21096, 100
2026/08/05 12:19:08.279, 21096, 100
2026/08/05 12:19:09.279, 21096, 100
2026/08/05 12:19:10.281, 21096, 100
2026/08/05 12:19:11.282, 21096, 100
2026/08/05 12:19:12.284, 21096, 100
2026/08/05 12:19:13.285, 21096, 100
2026/08/05 12:19:14.286, 21096, 100
2026/08/05 12:19:15.288, 21096, 100
2026/08/05 12:19:16.289, 21096, 100
2026/08/05 12:19:17.291, 21096, 100
2026/08/05 12:19:18.291, 21096, 100
2026/08/05 12:19:19.293, 21096, 100
2026/08/05 12:19:20.293, 21096, 100
2026/08/05 12:19:21.294, 21096, 100
2026/08/05 12:19:22.296, 21096, 100
2026/08/05 12:19:23.297, 21096, 100
2026/08/05 12:19:24.299, 21096, 100
2026/08/05 12:19:25.300, 21096, 100
2026/08/05 12:19:26.302, 21096, 100
2026/08/05 12:19:27.302, 21096, 100
2026/08/05 12:19:28.303, 21096, 100
2026/08/05 12:19:29.304, 21096, 83
2026/08/05 12:19:30.304, 21096, 100
2026/08/05 12:19:31.306, 21096, 100
2026/08/05 12:19:32.307, 21096, 100
2026/08/05 12:19:33.307, 21096, 100
2026/08/05 12:19:34.308, 21096, 100
2026/08/05 12:19:35.308, 21096, 100
2026/08/05 12:19:36.310, 21096, 100
2026/08/05 12:19:37.311, 21096, 82
2026/08/05 12:19:38.313, 21096, 100
2026/08/05 12:19:39.313, 21096, 100
2026/08/05 12:19:40.314, 21096, 100
2026/08/05 12:19:41.316, 21096, 100
2026/08/05 12:19:42.317, 21096, 100
2026/08/05 12:19:43.319, 21096, 100
2026/08/05 12:19:44.320, 21096, 100
2026/08/05 12:19:45.322, 21096, 63
2026/08/05 12:19:46.323, 21096, 100
2026/08/05 12:19:47.324, 21096, 100
2026/08/05 12:19:48.325, 21096, 100
2026/08/05 12:19:49.326, 21096, 100
2026/08/05 12:19:50.328, 21096, 100
2026/08/05 12:19:51.329, 21096, 100
2026/08/05 12:19:52.331, 21096, 100
2026/08/05 12:19:53.332, 21096, 100
2026/08/05 12:19:54.333, 21096, 100
2026/08/05 12:19:55.335, 21096, 100
2026/08/05 12:19:56.336, 21096, 84
2026/08/05 12:19:57.338, 21096, 100
2026/08/05 12:19:58.339, 21096, 100
2026/08/05 12:19:59.339, 21096, 100
2026/08/05 12:20:00.341, 21096, 100
2026/08/05 12:20:01.341, 21096, 92
2026/08/05 12:20:02.342, 21096, 100
2026/08/05 12:20:03.342, 21096, 100
2026/08/05 12:20:04.343, 21096, 100
2026/08/05 12:20:05.344, 21096, 100
2026/08/05 12:20:06.345, 21096, 100
2026/08/05 12:20:07.347, 21096, 83
2026/08/05 12:20:08.348, 21096, 100
2026/08/05 12:20:09.349, 21096, 100
2026/08/05 12:20:10.351, 21096, 100
2026/08/05 12:20:11.352, 21096, 84
2026/08/05 12:20:12.354, 21096, 100
2026/08/05 12:20:13.354, 21096, 100
2026/08/05 12:20:14.355, 21096, 87
2026/08/05 12:20:15.356, 21096, 100
2026/08/05 12:20:16.358, 21096, 100
2026/08/05 12:20:17.359, 21096, 70
2026/08/05 12:20:18.360, 21096, 100
2026/08/05 12:20:19.361, 21096, 100
2026/08/05 12:20:20.363, 21096, 100
2026/08/05 12:20:21.364, 21096, 100
2026/08/05 12:20:22.366, 21096, 100
2026/08/05 12:20:23.367, 21096, 100
2026/08/05 12:20:24.369, 21096, 100
2026/08/05 12:20:25.370, 21096, 100
2026/08/05 12:20:26.371, 21096, 100
2026/08/05 12:20:27.373, 21096, 100
2026/08/05 12:20:28.375, 21096, 100
2026/08/05 12:20:29.376, 21096, 83
2026/08/05 12:20:30.378, 21096, 100
2026/08/05 12:20:31.380, 21096, 100
2026/08/05 12:20:32.381, 21096, 100
2026/08/05 12:20:33.383, 21096, 100
2026/08/05 12:20:34.384, 21096, 99
2026/08/05 12:20:35.386, 21096, 100
2026/08/05 12:20:36.387, 21096, 100
2026/08/05 12:20:37.389, 21096, 100
2026/08/05 12:20:38.390, 21096, 100
2026/08/05 12:20:39.392, 21096, 100
2026/08/05 12:20:40.393, 21096, 100
2026/08/05 12:20:41.395, 21096, 100
2026/08/05 12:20:42.396, 21096, 100
2026/08/05 12:20:43.398, 21096, 100
2026/08/05 12:20:44.399, 21096, 100
2026/08/05 12:20:45.401, 21096, 86
2026/08/05 12:20:46.403, 21096, 100
2026/08/05 12:20:47.404, 21096, 84
2026/08/05 12:20:48.406, 21096, 100
2026/08/05 12:20:49.407, 21096, 100
2026/08/05 12:20:50.409, 21096, 100
2026/08/05 12:20:51.410, 21096, 100
2026/08/05 12:20:52.412, 21096, 100
2026/08/05 12:20:53.413, 21096, 100
2026/08/05 12:20:54.415, 21096, 100
2026/08/05 12:20:55.416, 21096, 100
2026/08/05 12:20:56.418, 21096, 100
2026/08/05 12:20:57.419, 21096, 100
2026/08/05 12:20:58.420, 21096, 86
2026/08/05 12:20:59.422, 21096, 100
2026/08/05 12:21:00.423, 21096, 100
2026/08/05 12:21:01.425, 21096, 100
2026/08/05 12:21:02.426, 21096, 100
2026/08/05 12:21:03.428, 21096, 100
2026/08/05 12:21:04.429, 21096, 100
2026/08/05 12:21:05.431, 21096, 100
2026/08/05 12:21:06.432, 21096, 100
2026/08/05 12:21:07.434, 21096, 100
2026/08/05 12:21:08.435, 21096, 100
2026/08/05 12:21:09.437, 21096, 100
2026/08/05 12:21:10.438, 21096, 100
2026/08/05 12:21:11.440, 21096, 100
2026/08/05 12:21:12.442, 21096, 100
2026/08/05 12:21:13.443, 21096, 100
2026/08/05 12:21:14.445, 21096, 62
2026/08/05 12:21:15.446, 21096, 100
2026/08/05 12:21:16.448, 21096, 100
2026/08/05 12:21:17.449, 21096, 82
2026/08/05 12:21:18.451, 21096, 100
2026/08/05 12:21:19.452, 21096, 100
2026/08/05 12:21:20.454, 21096, 100
2026/08/05 12:21:21.456, 21096, 100
2026/08/05 12:21:22.457, 21096, 79
2026/08/05 12:21:23.459, 21096, 100
2026/08/05 12:21:24.461, 21096, 85
2026/08/05 12:21:25.463, 21096, 95
2026/08/05 12:21:26.464, 21096, 85
2026/08/05 12:21:27.466, 21096, 100
2026/08/05 12:21:28.467, 21096, 100
2026/08/05 12:21:29.468, 21096, 100
2026/08/05 12:21:30.470, 21096, 100
2026/08/05 12:21:31.471, 21096, 100
2026/08/05 12:21:32.473, 21096, 85
2026/08/05 12:21:33.474, 21096, 100
2026/08/05 12:21:34.476, 21096, 86
2026/08/05 12:21:35.478, 21096, 100
2026/08/05 12:21:36.479, 21096, 100
2026/08/05 12:21:37.481, 21096, 100
2026/08/05 12:21:38.482, 21096, 100
2026/08/05 12:21:39.484, 21096, 100
2026/08/05 12:21:40.485, 21096, 100
2026/08/05 12:21:41.487, 21096, 100
2026/08/05 12:21:42.488, 21096, 100
2026/08/05 12:21:43.490, 21096, 100
2026/08/05 12:21:44.491, 21096, 100
2026/08/05 12:21:45.493, 21096, 100
2026/08/05 12:21:46.494, 21096, 100
2026/08/05 12:21:47.496, 21096, 100
2026/08/05 12:21:48.497, 21096, 100
2026/08/05 12:21:49.499, 21096, 100
2026/08/05 12:21:50.500, 21096, 100
2026/08/05 12:21:51.502, 21096, 100
2026/08/05 12:21:52.504, 21096, 100
2026/08/05 12:21:53.505, 21096, 100
2026/08/05 12:21:54.507, 21096, 85
2026/08/05 12:21:55.509, 21096, 100
2026/08/05 12:21:56.510, 21096, 100
2026/08/05 12:21:57.511, 21096, 100
2026/08/05 12:21:58.511, 21096, 100
2026/08/05 12:21:59.512, 21096, 66
2026/08/05 12:22:00.514, 21096, 100
2026/08/05 12:22:01.515, 21096, 100
2026/08/05 12:22:02.516, 21096, 85
2026/08/05 12:22:03.517, 21096, 100
2026/08/05 12:22:04.518, 21096, 100
2026/08/05 12:22:05.520, 21096, 92
2026/08/05 12:22:06.521, 21096, 100
2026/08/05 12:22:07.522, 21096, 88
2026/08/05 12:22:08.524, 21096, 100
2026/08/05 12:22:09.525, 21096, 100
2026/08/05 12:22:10.526, 21096, 100
2026/08/05 12:22:11.528, 21096, 100
2026/08/05 12:22:12.529, 21096, 100
2026/08/05 12:22:13.531, 21096, 85
2026/08/05 12:22:14.532, 21096, 100
2026/08/05 12:22:15.533, 21096, 100
2026/08/05 12:22:16.535, 21096, 100
2026/08/05 12:22:17.536, 21096, 100
2026/08/05 12:22:18.538, 21096, 100
2026/08/05 12:22:19.539, 21096, 100
2026/08/05 12:22:20.540, 21096, 100
2026/08/05 12:22:21.542, 21096, 100
2026/08/05 12:22:22.543, 21096, 100
2026/08/05 12:22:23.545, 21096, 86
2026/08/05 12:22:24.546, 21096, 100
2026/08/05 12:22:25.547, 21096, 100
2026/08/05 12:22:26.549, 21096, 100
2026/08/05 12:22:27.550, 21096, 100
2026/08/05 12:22:28.552, 21096, 100
2026/08/05 12:22:29.553, 21096, 100
2026/08/05 12:22:30.554, 21096, 100
2026/08/05 12:22:31.556, 21096, 100
2026/08/05 12:22:32.557, 21096, 100
2026/08/05 12:22:33.559, 21096, 65
2026/08/05 12:22:34.560, 21096, 100
2026/08/05 12:22:35.561, 21096, 100
2026/08/05 12:22:36.563, 21096, 100
2026/08/05 12:22:37.564, 21096, 100
2026/08/05 12:22:38.565, 21096, 100
2026/08/05 12:22:39.567, 21096, 100
2026/08/05 12:22:40.567, 21096, 85
2026/08/05 12:22:41.568, 21096, 87
2026/08/05 12:22:42.569, 21096, 100
2026/08/05 12:22:43.571, 21096, 100
2026/08/05 12:22:44.572, 21096, 100
2026/08/05 12:22:45.574, 21096, 100
2026/08/05 12:22:46.575, 21096, 100
2026/08/05 12:22:47.576, 21096, 100
2026/08/05 12:22:48.577, 21096, 100
2026/08/05 12:22:49.578, 21096, 100
2026/08/05 12:22:50.580, 21096, 100
2026/08/05 12:22:51.581, 21096, 100
2026/08/05 12:22:52.583, 21096, 100
2026/08/05 12:22:53.584, 21096, 100
2026/08/05 12:22:54.586, 21096, 100
2026/08/05 12:22:55.587, 21096, 100
2026/08/05 12:22:56.589, 21096, 86
2026/08/05 12:22:57.590, 21096, 100
2026/08/05 12:22:58.591, 21096, 100
2026/08/05 12:22:59.593, 21096, 100
2026/08/05 12:23:00.594, 21096, 100
2026/08/05 12:23:01.596, 21096, 100
2026/08/05 12:23:02.597, 21096, 100
2026/08/05 12:23:03.599, 21096, 100
2026/08/05 12:23:04.600, 21096, 100
2026/08/05 12:23:05.601, 21096, 100
2026/08/05 12:23:06.603, 21096, 85
2026/08/05 12:23:07.604, 21096, 85
2026/08/05 12:23:08.606, 21096, 85
2026/08/05 12:23:09.607, 21096, 85
2026/08/05 12:23:10.608, 21096, 100
2026/08/05 12:23:11.610, 21096, 94
2026/08/05 12:23:12.611, 21096, 100
2026/08/05 12:23:13.612, 21096, 100
2026/08/05 12:23:14.614, 21096, 80
2026/08/05 12:23:15.615, 21096, 100
2026/08/05 12:23:16.616, 21096, 100
2026/08/05 12:23:17.617, 21096, 100
2026/08/05 12:23:18.618, 21096, 85
2026/08/05 12:23:19.620, 21096, 100
2026/08/05 12:23:20.621, 21096, 100
2026/08/05 12:23:21.623, 21096, 100
2026/08/05 12:23:22.624, 21096, 87
2026/08/05 12:23:23.626, 21096, 100
2026/08/05 12:23:24.627, 21096, 100
2026/08/05 12:23:25.629, 21096, 100
2026/08/05 12:23:26.630, 21096, 100
2026/08/05 12:23:27.631, 21096, 100
2026/08/05 12:23:28.633, 21096, 100
2026/08/05 12:23:29.634, 21096, 84
2026/08/05 12:23:30.636, 21096, 100
2026/08/05 12:23:31.637, 21096, 97
2026/08/05 12:23:32.639, 21096, 100
2026/08/05 12:23:33.640, 21096, 100
2026/08/05 12:23:34.642, 21096, 100
2026/08/05 12:23:35.643, 21096, 100
2026/08/05 12:23:36.645, 21096, 85
2026/08/05 12:23:37.646, 21096, 91
2026/08/05 12:23:38.648, 21096, 100
2026/08/05 12:23:39.649, 21096, 100
2026/08/05 12:23:40.650, 21096, 100
2026/08/05 12:23:41.651, 21096, 100
2026/08/05 12:23:42.651, 21096, 100
2026/08/05 12:23:43.653, 21096, 100
2026/08/05 12:23:44.654, 21096, 89
2026/08/05 12:23:45.656, 21096, 100
2026/08/05 12:23:46.656, 21096, 100
2026/08/05 12:23:47.657, 21096, 100
2026/08/05 12:23:48.658, 21096, 100
2026/08/05 12:23:49.659, 21096, 100
2026/08/05 12:23:50.660, 21096, 85
2026/08/05 12:23:51.661, 21096, 100
2026/08/05 12:23:52.662, 21096, 100
2026/08/05 12:23:53.662, 21096, 100
2026/08/05 12:23:54.664, 21096, 100
2026/08/05 12:23:55.666, 21096, 100
2026/08/05 12:23:56.667, 21096, 100
2026/08/05 12:23:57.668, 21096, 100
2026/08/05 12:23:58.669, 21096, 68
2026/08/05 12:23:59.670, 21096, 100
2026/08/05 12:24:00.672, 21096, 100
2026/08/05 12:24:01.674, 21096, 100
2026/08/05 12:24:02.675, 21096, 100
2026/08/05 12:24:03.676, 21096, 66
2026/08/05 12:24:04.678, 21096, 100
2026/08/05 12:24:05.679, 21096, 100
2026/08/05 12:24:06.680, 21096, 100
2026/08/05 12:24:07.682, 21096, 100
2026/08/05 12:24:08.683, 21096, 100
2026/08/05 12:24:09.685, 21096, 100
2026/08/05 12:24:10.686, 21096, 100
2026/08/05 12:24:11.688, 21096, 1
2026/08/05 12:24:12.688, 21096, 0
2026/08/05 12:24:13.690, 21096, 0
