2026/08/05 12:24:28.854, 1, 0
2026/08/05 12:24:29.863, 1, 0
2026/08/05 12:24:30.863, 1, 0
2026/08/05 12:24:31.864, 1, 0
2026/08/05 12:24:32.865, 1, 0
2026/08/05 12:24:33.865, 4, 0
2026/08/05 12:24:34.866, 4, 0
2026/08/05 12:24:35.866, 4, 0
2026/08/05 12:24:36.867, 4, 0
2026/08/05 12:24:37.868, 4, 0
2026/08/05 12:24:38.868, 4, 0
2026/08/05 12:24:39.870, 4, 0
2026/08/05 12:24:40.870, 4, 0
2026/08/05 12:24:41.871, 4, 0
2026/08/05 12:24:42.871, 4, 0
2026/08/05 12:24:43.873, 4, 0
2026/08/05 12:24:44.874, 4, 0
2026/08/05 12:24:45.875, 4, 0
2026/08/05 12:24:46.876, 4, 0
2026/08/05 12:24:47.877, 1838, 3
2026/08/05 12:24:48.878, 2654, 0
2026/08/05 12:24:49.879, 3604, 16
2026/08/05 12:24:50.879, 5224, 21
2026/08/05 12:24:51.880, 5830, 23
2026/08/05 12:24:52.881, 5752, 0
2026/08/05 12:24:53.882, 8372, 100
2026/08/05 12:24:54.882, 8446, 81
2026/08/05 12:24:55.884, 8476, 84
2026/08/05 12:24:56.884, 8640, 100
2026/08/05 12:24:57.885, 8640, 100
2026/08/05 12:24:58.886, 8640, 100
2026/08/05 12:24:59.887, 11160, 99
2026/08/05 12:25:00.888, 11160, 100
2026/08/05 12:25:01.889, 11160, 100
2026/08/05 12:25:02.889, 11162, 100
2026/08/05 12:25:03.891, 11162, 100
2026/08/05 12:25:04.891, 11164, 100
2026/08/05 12:25:05.892, 11164, 98
2026/08/05 12:25:06.893, 11164, 97
2026/08/05 12:25:07.895, 11164, 100
2026/08/05 12:25:08.896, 11164, 100
2026/08/05 12:25:09.897, 11164, 85
2026/08/05 12:25:10.898, 11164, 100
2026/08/05 12:25:11.900, 11164, 100
2026/08/05 12:25:12.900, 14074, 100
2026/08/05 12:25:13.901, 14074, 100
2026/08/05 12:25:14.901, 14074, 84
2026/08/05 12:25:15.902, 14074, 100
2026/08/05 12:25:16.902, 14074, 84
2026/08/05 12:25:17.903, 17530, 100
2026/08/05 12:25:18.904, 17530, 100
2026/08/05 12:25:19.905, 17530, 100
2026/08/05 12:25:20.905, 17530, 100
2026/08/05 12:25:21.907, 17530, 68
2026/08/05 12:25:22.908, 17530, 84
2026/08/05 12:25:23.909, 17530, 100
2026/08/05 12:25:24.910, 17530, 100
2026/08/05 12:25:25.910, 17530, 100
2026/08/05 12:25:26.911, 17530, 100
2026/08/05 12:25:27.913, 17530, 100
2026/08/05 12:25:28.914, 17530, 100
2026/08/05 12:25:29.916, 17530, 84
2026/08/05 12:25:30.917, 17530, 85
2026/08/05 12:25:31.918, 17530, 100
2026/08/05 12:25:32.920, 17530, 100
2026/08/05 12:25:33.921, 17530, 100
2026/08/05 12:25:34.922, 17530, 100
2026/08/05 12:25:35.924, 17530, 100
2026/08/05 12:25:36.925, 17530, 100
2026/08/05 12:25:37.926, 17530, 100
2026/08/05 12:25:38.927, 17530, 100
2026/08/05 12:25:39.929, 17530, 100
2026/08/05 12:25:40.930, 17530, 100
2026/08/05 12:25:41.932, 17530, 85
2026/08/05 12:25:42.933, 17530, 100
2026/08/05 12:25:43.934, 17530, 100
2026/08/05 12:25:44.936, 17530, 100
2026/08/05 12:25:45.937, 17530, 100
2026/08/05 12:25:46.939, 17530, 100
2026/08/05 12:25:47.940, 17530, 100
2026/08/05 12:25:48.941, 17530, 100
2026/08/05 12:25:49.943, 17530, 100
2026/08/05 12:25:50.944, 17530, 100
2026/08/05 12:25:51.946, 17530, 100
2026/08/05 12:25:52.947, 17530, 100
2026/08/05 12:25:53.948, 17530, 100
2026/08/05 12:25:54.950, 17530, 100
2026/08/05 12:25:55.951, 17530, 100
2026/08/05 12:25:56.953, 17530, 85
2026/08/05 12:25:57.954, 17530, 92
2026/08/05 12:25:58.956, 17530, 86
2026/08/05 12:25:59.957, 17530, 100
2026/08/05 12:26:00.958, 17530, 100
2026/08/05 12:26:01.960, 17530, 100
2026/08/05 12:26:02.961, 17530, 100
2026/08/05 12:26:03.962, 17530, 100
2026/08/05 12:26:04.964, 17530, 100
2026/08/05 12:26:05.965, 17530, 86
2026/08/05 12:26:06.966, 17530, 100
2026/08/05 12:26:07.968, 17530, 100
2026/08/05 12:26:08.969, 17530, 100
2026/08/05 12:26:09.971, 17530, 93
2026/08/05 12:26:10.972, 21094, 100
2026/08/05 12:26:11.973, 21094, 100
2026/08/05 12:26:12.975, 21094, 100
2026/08/05 12:26:13.975, 21094, 100
2026/08/05 12:26:14.977, 21094, 100
2026/08/05 12:26:15.978, 21094, 100
2026/08/05 12:26:16.979, 21094, 92
2026/08/05 12:26:17.981, 21094, 100
2026/08/05 12:26:18.982, 21094, 100
2026/08/05 12:26:19.984, 21094, 100
2026/08/05 12:26:20.985, 21094, 100
2026/08/05 12:26:21.987, 21094, 100
2026/08/05 12:26:22.988, 21094, 85
2026/08/05 12:26:23.990, 21094, 100
2026/08/05 12:26:24.991, 21094, 100
2026/08/05 12:26:25.992, 21094, 100
2026/08/05 12:26:26.994, 21094, 100
2026/08/05 12:26:27.995, 21094, 100
2026/08/05 12:26:28.996, 21094, 84
2026/08/05 12:26:29.997, 21094, 100
2026/08/05 12:26:30.999, 21094, 100
2026/08/05 12:26:32.000, 21094, 86
2026/08/05 12:26:33.002, 21094, 100
2026/08/05 12:26:34.003, 21094, 100
2026/08/05 12:26:35.005, 21094, 100
2026/08/05 12:26:36.007, 21094, 100
2026/08/05 12:26:37.008, 21094, 100
2026/08/05 12:26:38.010, 21094, 100
2026/08/05 12:26:39.011, 21094, 83
2026/08/05 12:26:40.012, 21094, 92
2026/08/05 12:26:41.014, 21094, 100
2026/08/05 12:26:42.015, 21094, 100
2026/08/05 12:26:43.017, 21094, 100
2026/08/05 12:26:44.018, 21094, 100
2026/08/05 12:26:45.020, 21094, 100
2026/08/05 12:26:46.021, 21094, 100
2026/08/05 12:26:47.022, 21094, 100
2026/08/05 12:26:48.024, 21094, 100
2026/08/05 12:26:49.025, 21094, 66
2026/08/05 12:26:50.027, 21094, 100
2026/08/05 12:26:51.028, 21094, 100
2026/08/05 12:26:52.030, 21094, 100
2026/08/05 12:26:53.031, 21094, 100
2026/08/05 12:26:54.033, 21094, 100
2026/08/05 12:26:55.033, 21094, 96
2026/08/05 12:26:56.034, 21094, 85
2026/08/05 12:26:57.035, 21094, 66
2026/08/05 12:26:58.037, 21094, 100
2026/08/05 12:26:59.038, 21094, 100
2026/08/05 12:27:00.040, 21094, 100
2026/08/05 12:27:01.041, 21094, 100
2026/08/05 12:27:02.042, 21094, 100
2026/08/05 12:27:03.043, 21094, 100
2026/08/05 12:27:04.043, 21094, 100
2026/08/05 12:27:05.044, 21094, 100
2026/08/05 12:27:06.046, 21094, 100
2026/08/05 12:27:07.046, 21094, 85
2026/08/05 12:27:08.048, 21094, 100
2026/08/05 12:27:09.049, 21094, 64
2026/08/05 12:27:10.051, 21094, 100
2026/08/05 12:27:11.052, 21094, 100
2026/08/05 12:27:12.054, 21094, 100
2026/08/05 12:27:13.055, 21094, 100
2026/08/05 12:27:14.057, 21094, 100
2026/08/05 12:27:15.058, 21094, 100
2026/08/05 12:27:16.059, 21094, 100
2026/08/05 12:27:17.061, 21094, 100
2026/08/05 12:27:18.063, 21094, 100
2026/08/05 12:27:19.064, 21094, 100
2026/08/05 12:27:20.066, 21094, 100
2026/08/05 12:27:21.066, 21094, 100
2026/08/05 12:27:22.068, 21094, 100
2026/08/05 12:27:23.068, 21094, 100
2026/08/05 12:27:24.070, 21094, 85
2026/08/05 12:27:25.071, 21094, 100
2026/08/05 12:27:26.073, 21094, 100
2026/08/05 12:27:27.074, 21094, 100
2026/08/05 12:27:28.076, 21094, 100
2026/08/05 12:27:29.077, 21094, 100
2026/08/05 12:27:30.079, 21094, 100
2026/08/05 12:27:31.080, 21094, 100
2026/08/05 12:27:32.081, 21094, 100
2026/08/05 12:27:33.081, 21094, 100
2026/08/05 12:27:34.082, 21094, 100
2026/08/05 12:27:35.084, 21094, 100
2026/08/05 12:27:36.085, 21094, 100
2026/08/05 12:27:37.086, 21094, 100
2026/08/05 12:27:38.088, 21094, 100
2026/08/05 12:27:39.089, 21094, 85
2026/08/05 12:27:40.091, 21094, 100
2026/08/05 12:27:41.092, 21094, 100
2026/08/05 12:27:42.094, 21094, 100
2026/08/05 12:27:43.095, 21094, 100
2026/08/05 12:27:44.097, 21094, 91
2026/08/05 12:27:45.098, 21094, 100
2026/08/05 12:27:46.100, 21094, 100
2026/08/05 12:27:47.101, 21094, 63
2026/08/05 12:27:48.103, 21094, 100
2026/08/05 12:27:49.104, 21094, 84
2026/08/05 12:27:50.106, 21094, 100
2026/08/05 12:27:51.107, 21094, 100
2026/08/05 12:27:52.109, 21094, 100
2026/08/05 12:27:53.110, 21094, 100
2026/08/05 12:27:54.111, 21094, 83
2026/08/05 12:27:55.113, 21094, 100
2026/08/05 12:27:56.114, 21094, 100
2026/08/05 12:27:57.116, 21094, 100
2026/08/05 12:27:58.117, 21094, 100
2026/08/05 12:27:59.119, 21094, 100
2026/08/05 12:28:00.120, 21094, 84
2026/08/05 12:28:01.121, 21094, 100
2026/08/05 12:28:02.123, 21094, 100
2026/08/05 12:28:03.124, 21094, 100
2026/08/05 12:28:04.125, 21094, 100
2026/08/05 12:28:05.127, 21094, 100
2026/08/05 12:28:06.127, 21094, 100
2026/08/05 12:28:07.128, 21094, 62
2026/08/05 12:28:08.128, 21094, 100
2026/08/05 12:28:09.130, 21094, 82
2026/08/05 12:28:10.131, 21094, 100
2026/08/05 12:28:11.131, 21094, 100
2026/08/05 12:28:12.132, 21094, 100
2026/08/05 12:28:13.133, 21094, 100
2026/08/05 12:28:14.135, 21094, 100
2026/08/05 12:28:15.136, 21094, 62
2026/08/05 12:28:16.138, 21094, 100
2026/08/05 12:28:17.139, 21094, 96
2026/08/05 12:28:18.141, 21094, 86
2026/08/05 12:28:19.142, 21094, 100
2026/08/05 12:28:20.143, 21094, 100
2026/08/05 12:28:21.144, 21094, 61
2026/08/05 12:28:22.146, 21094, 100
2026/08/05 12:28:23.147, 21094, 100
2026/08/05 12:28:24.148, 21094, 100
2026/08/05 12:28:25.149, 21094, 85
2026/08/05 12:28:26.151, 21094, 100
2026/08/05 12:28:27.152, 21094, 100
2026/08/05 12:28:28.153, 21094, 100
2026/08/05 12:28:29.154, 21094, 100
2026/08/05 12:28:30.156, 21094, 70
2026/08/05 12:28:31.157, 21094, 100
2026/08/05 12:28:32.159, 21094, 100
2026/08/05 12:28:33.160, 21094, 100
2026/08/05 12:28:34.161, 21094, 100
2026/08/05 12:28:35.162, 21094, 100
2026/08/05 12:28:36.164, 21094, 96
2026/08/05 12:28:37.164, 21094, 100
2026/08/05 12:28:38.165, 21094, 100
2026/08/05 12:28:39.166, 21094, 100
2026/08/05 12:28:40.166, 21094, 100
2026/08/05 12:28:41.168, 21094, 100
2026/08/05 12:28:42.169, 21094, 100
2026/08/05 12:28:43.171, 21094, 75
2026/08/05 12:28:44.172, 21094, 100
2026/08/05 12:28:45.173, 21094, 62
2026/08/05 12:28:46.175, 21094, 100
2026/08/05 12:28:47.177, 21094, 100
2026/08/05 12:28:48.177, 21094, 100
2026/08/05 12:28:49.179, 21094, 100
2026/08/05 12:28:50.180, 21094, 100
2026/08/05 12:28:51.181, 21094, 100
2026/08/05 12:28:52.183, 21094, 100
2026/08/05 12:28:53.184, 21094, 100
2026/08/05 12:28:54.186, 21094, 63
2026/08/05 12:28:55.187, 21094, 100
2026/08/05 12:28:56.189, 21094, 100
2026/08/05 12:28:57.190, 21094, 100
2026/08/05 12:28:58.191, 21094, 100
2026/08/05 12:28:59.193, 21094, 100
2026/08/05 12:29:00.194, 21094, 100
2026/08/05 12:29:01.195, 21094, 100
2026/08/05 12:29:02.196, 21094, 85
2026/08/05 12:29:03.198, 21094, 100
2026/08/05 12:29:04.199, 21094, 100
2026/08/05 12:29:05.201, 21094, 100
2026/08/05 12:29:06.202, 21094, 100
2026/08/05 12:29:07.204, 21094, 100
2026/08/05 12:29:08.204, 21094, 100
2026/08/05 12:29:09.206, 21094, 100
2026/08/05 12:29:10.206, 21094, 100
2026/08/05 12:29:11.207, 21094, 100
2026/08/05 12:29:12.208, 21094, 100
2026/08/05 12:29:13.209, 21094, 100
2026/08/05 12:29:14.209, 21094, 100
2026/08/05 12:29:15.210, 21094, 100
2026/08/05 12:29:16.210, 21094, 100
2026/08/05 12:29:17.212, 21094, 100
2026/08/05 12:29:18.212, 21094, 100
2026/08/05 12:29:19.213, 21094, 100
2026/08/05 12:29:20.214, 21094, 100
2026/08/05 12:29:21.214, 21094, 82
2026/08/05 12:29:22.215, 21094, 100
2026/08/05 12:29:23.215, 21094, 100
2026/08/05 12:29:24.216, 21094, 85
2026/08/05 12:29:25.217, 21094, 100
2026/08/05 12:29:26.217, 21094, 100
2026/08/05 12:29:27.218, 21094, 100
2026/08/05 12:29:28.219, 21094, 100
2026/08/05 12:29:29.220, 21094, 100
2026/08/05 12:29:30.220, 21094, 100
2026/08/05 12:29:31.221, 21094, 63
2026/08/05 12:29:32.222, 21094, 84
2026/08/05 12:29:33.222, 21094, 100
2026/08/05 12:29:34.223, 21094, 100
2026/08/05 12:29:35.223, 21094, 100
2026/08/05 12:29:36.225, 21094, 100
2026/08/05 12:29:37.226, 21094, 100
2026/08/05 12:29:38.227, 21094, 100
2026/08/05 12:29:39.228, 21094, 100
2026/08/05 12:29:40.229, 21094, 100
2026/08/05 12:29:41.230, 21094, 100
2026/08/05 12:29:42.232, 21094, 100
2026/08/05 12:29:43.233, 21094, 100
2026/08/05 12:29:44.234, 21094, 100
2026/08/05 12:29:45.236, 21094, 100
2026/08/05 12:29:46.237, 21094, 100
2026/08/05 12:29:47.238, 21094, 100
2026/08/05 12:29:48.239, 21094, 99
2026/08/05 12:29:49.241, 21094, 90
2026/08/05 12:29:50.242, 21094, 100
2026/08/05 12:29:51.244, 21094, 100
2026/08/05 12:29:52.244, 21094, 100
2026/08/05 12:29:53.246, 21094, 100
2026/08/05 12:29:54.247, 21094, 100
2026/08/05 12:29:55.249, 21094, 100
2026/08/05 12:29:56.250, 21094, 100
2026/08/05 12:29:57.251, 21094, 100
2026/08/05 12:29:58.251, 21094, 100
2026/08/05 12:29:59.252, 21094, 100
2026/08/05 12:30:00.254, 21094, 100
2026/08/05 12:30:01.254, 21094, 66
2026/08/05 12:30:02.255, 21094, 100
2026/08/05 12:30:03.256, 21094, 95
2026/08/05 12:30:04.257, 21094, 100
2026/08/05 12:30:05.257, 21094, 100
2026/08/05 12:30:06.259, 21094, 100
2026/08/05 12:30:07.260, 21094, 90
2026/08/05 12:30:08.261, 21094, 100
2026/08/05 12:30:09.262, 21094, 86
2026/08/05 12:30:10.262, 21094, 100
2026/08/05 12:30:11.264, 21094, 100
2026/08/05 12:30:12.264, 21094, 100
2026/08/05 12:30:13.265, 21094, 100
2026/08/05 12:30:14.265, 21094, 100
2026/08/05 12:30:15.266, 21094, 100
2026/08/05 12:30:16.267, 21094, 100
2026/08/05 12:30:17.268, 21094, 100
2026/08/05 12:30:18.269, 21094, 100
2026/08/05 12:30:19.270, 21094, 100
2026/08/05 12:30:20.271, 21094, 100
2026/08/05 12:30:21.272, 21094, 100
2026/08/05 12:30:22.274, 21094, 100
2026/08/05 12:30:23.275, 21094, 100
2026/08/05 12:30:24.276, 21094, 100
2026/08/05 12:30:25.277, 21094, 100
2026/08/05 12:30:26.279, 21094, 100
2026/08/05 12:30:27.280, 21094, 100
2026/08/05 12:30:28.281, 21094, 96
2026/08/05 12:30:29.281, 21094, 100
2026/08/05 12:30:30.283, 21094, 100
2026/08/05 12:30:31.283, 21094, 100
2026/08/05 12:30:32.284, 21094, 100
2026/08/05 12:30:33.285, 21094, 100
2026/08/05 12:30:34.287, 21094, 100
2026/08/05 12:30:35.288, 21094, 100
2026/08/05 12:30:36.290, 21094, 100
2026/08/05 12:30:37.291, 21094, 100
2026/08/05 12:30:38.292, 21094, 100
2026/08/05 12:30:39.294, 21094, 98
2026/08/05 12:30:40.295, 21094, 100
2026/08/05 12:30:41.297, 21094, 74
2026/08/05 12:30:42.298, 21094, 100
2026/08/05 12:30:43.300, 21094, 100
2026/08/05 12:30:44.301, 21094, 100
2026/08/05 12:30:45.301, 21094, 100
2026/08/05 12:30:46.303, 21094, 100
2026/08/05 12:30:47.304, 21094, 100
2026/08/05 12:30:48.304, 21094, 100
2026/08/05 12:30:49.305, 21094, 100
2026/08/05 12:30:50.305, 21094, 100
2026/08/05 12:30:51.307, 21094, 100
2026/08/05 12:30:52.307, 21094, 85
2026/08/05 12:30:53.309, 21094, 100
2026/08/05 12:30:54.309, 21094, 100
2026/08/05 12:30:55.311, 21094, 100
2026/08/05 12:30:56.312, 21094, 100
2026/08/05 12:30:57.314, 21094, 100
2026/08/05 12:30:58.315, 21094, 100
2026/08/05 12:30:59.317, 21094, 100
2026/08/05 12:31:00.318, 21094, 87
2026/08/05 12:31:01.319, 21094, 100
2026/08/05 12:31:02.321, 21094, 100
2026/08/05 12:31:03.322, 21094, 100
2026/08/05 12:31:04.324, 21094, 100
2026/08/05 12:31:05.325, 21094, 100
2026/08/05 12:31:06.326, 21094, 100
2026/08/05 12:31:07.327, 21094, 100
2026/08/05 12:31:08.328, 21094, 100
2026/08/05 12:31:09.329, 21094, 85
2026/08/05 12:31:10.331, 21094, 100
2026/08/05 12:31:11.331, 21094, 80
2026/08/05 12:31:12.332, 21094, 100
2026/08/05 12:31:13.333, 21094, 100
2026/08/05 12:31:14.335, 21094, 100
2026/08/05 12:31:15.336, 21094, 100
2026/08/05 12:31:16.338, 21094, 100
2026/08/05 12:31:17.339, 21094, 100
2026/08/05 12:31:18.340, 21094, 100
2026/08/05 12:31:19.342, 21094, 100
2026/08/05 12:31:20.343, 21094, 100
2026/08/05 12:31:21.345, 21094, 100
2026/08/05 12:31:22.346, 21094, 100
2026/08/05 12:31:23.347, 21094, 100
2026/08/05 12:31:24.348, 21094, 100
2026/08/05 12:31:25.350, 21094, 100
2026/08/05 12:31:26.351, 21094, 100
2026/08/05 12:31:27.352, 21094, 100
2026/08/05 12:31:28.352, 21094, 100
2026/08/05 12:31:29.353, 21094, 100
2026/08/05 12:31:30.354, 21094, 100
2026/08/05 12:31:31.355, 21094, 100
2026/08/05 12:31:32.357, 21094, 100
2026/08/05 12:31:33.358, 21094, 100
2026/08/05 12:31:34.358, 21094, 100
2026/08/05 12:31:35.360, 21094, 100
2026/08/05 12:31:36.361, 21094, 100
2026/08/05 12:31:37.362, 21094, 100
2026/08/05 12:31:38.364, 21094, 100
2026/08/05 12:31:39.365, 21094, 100
2026/08/05 12:31:40.367, 21094, 100
2026/08/05 12:31:41.368, 21094, 100
2026/08/05 12:31:42.369, 21094, 100
2026/08/05 12:31:43.370, 21094, 100
2026/08/05 12:31:44.371, 21094, 100
2026/08/05 12:31:45.372, 21094, 100
2026/08/05 12:31:46.374, 21094, 100
2026/08/05 12:31:47.375, 21094, 100
2026/08/05 12:31:48.376, 21094, 100
2026/08/05 12:31:49.378, 21096, 100
2026/08/05 12:31:50.379, 21096, 100
2026/08/05 12:31:51.381, 21096, 100
2026/08/05 12:31:52.382, 21096, 100
2026/08/05 12:31:53.383, 21096, 100
2026/08/05 12:31:54.385, 21096, 100
2026/08/05 12:31:55.387, 21096, 100
2026/08/05 12:31:56.388, 21096, 100
2026/08/05 12:31:57.390, 21096, 100
2026/08/05 12:31:58.391, 21096, 100
2026/08/05 12:31:59.392, 21096, 100
2026/08/05 12:32:00.394, 21096, 100
2026/08/05 12:32:01.395, 21096, 100
2026/08/05 12:32:02.397, 21096, 100
2026/08/05 12:32:03.398, 21096, 100
2026/08/05 12:32:04.400, 21096, 100
2026/08/05 12:32:05.400, 21096, 100
2026/08/05 12:32:06.402, 21096, 100
2026/08/05 12:32:07.403, 21096, 100
2026/08/05 12:32:08.404, 21096, 100
2026/08/05 12:32:09.405, 21096, 100
2026/08/05 12:32:10.407, 21096, 100
2026/08/05 12:32:11.408, 21096, 100
2026/08/05 12:32:12.410, 21096, 100
2026/08/05 12:32:13.411, 21096, 100
2026/08/05 12:32:14.412, 21096, 100
2026/08/05 12:32:15.413, 21096, 100
2026/08/05 12:32:16.414, 21096, 100
2026/08/05 12:32:17.416, 21096, 100
2026/08/05 12:32:18.417, 21096, 100
2026/08/05 12:32:19.418, 21096, 100
2026/08/05 12:32:20.420, 21096, 100
2026/08/05 12:32:21.421, 21096, 87
2026/08/05 12:32:22.423, 21096, 100
2026/08/05 12:32:23.424, 21096, 100
2026/08/05 12:32:24.425, 21096, 100
2026/08/05 12:32:25.426, 21096, 100
2026/08/05 12:32:26.428, 21096, 85
2026/08/05 12:32:27.429, 21096, 100
2026/08/05 12:32:28.431, 21096, 100
2026/08/05 12:32:29.432, 21096, 100
2026/08/05 12:32:30.433, 21096, 100
2026/08/05 12:32:31.435, 21096, 84
2026/08/05 12:32:32.436, 21096, 100
2026/08/05 12:32:33.438, 21096, 100
2026/08/05 12:32:34.439, 21096, 100
2026/08/05 12:32:35.440, 21096, 100
2026/08/05 12:32:36.442, 21096, 100
2026/08/05 12:32:37.443, 21096, 100
2026/08/05 12:32:38.445, 21096, 100
2026/08/05 12:32:39.446, 21096, 85
2026/08/05 12:32:40.448, 21096, 94
2026/08/05 12:32:41.449, 21096, 100
2026/08/05 12:32:42.450, 21096, 100
2026/08/05 12:32:43.452, 21096, 100
2026/08/05 12:32:44.453, 21096, 100
2026/08/05 12:32:45.455, 21096, 100
2026/08/05 12:32:46.456, 21096, 100
2026/08/05 12:32:47.458, 21096, 100
2026/08/05 12:32:48.459, 21096, 100
2026/08/05 12:32:49.461, 21096, 100
2026/08/05 12:32:50.461, 21096, 100
2026/08/05 12:32:51.463, 21096, 100
2026/08/05 12:32:52.464, 21096, 100
2026/08/05 12:32:53.465, 21096, 100
2026/08/05 12:32:54.466, 21096, 94
2026/08/05 12:32:55.468, 21096, 100
2026/08/05 12:32:56.469, 21096, 100
2026/08/05 12:32:57.471, 21096, 100
2026/08/05 12:32:58.472, 21096, 100
2026/08/05 12:32:59.473, 21096, 100
2026/08/05 12:33:00.475, 21096, 100
2026/08/05 12:33:01.476, 21096, 100
2026/08/05 12:33:02.478, 21096, 100
2026/08/05 12:33:03.479, 21096, 100
2026/08/05 12:33:04.480, 21096, 100
2026/08/05 12:33:05.481, 21096, 89
2026/08/05 12:33:06.483, 21096, 86
2026/08/05 12:33:07.484, 21096, 100
2026/08/05 12:33:08.485, 21096, 100
2026/08/05 12:33:09.487, 21096, 100
2026/08/05 12:33:10.488, 21096, 100
2026/08/05 12:33:11.490, 21096, 100
2026/08/05 12:33:12.491, 21096, 100
2026/08/05 12:33:13.492, 21096, 100
2026/08/05 12:33:14.494, 21096, 100
2026/08/05 12:33:15.495, 21096, 100
2026/08/05 12:33:16.497, 21096, 100
2026/08/05 12:33:17.498, 21096, 100
2026/08/05 12:33:18.500, 21096, 100
2026/08/05 12:33:19.501, 21096, 100
2026/08/05 12:33:20.502, 21096, 100
2026/08/05 12:33:21.503, 21096, 84
2026/08/05 12:33:22.505, 21096, 100
2026/08/05 12:33:23.506, 21096, 100
2026/08/05 12:33:24.507, 21096, 100
2026/08/05 12:33:25.509, 21096, 100
2026/08/05 12:33:26.510, 21096, 100
2026/08/05 12:33:27.512, 21096, 100
2026/08/05 12:33:28.513, 21096, 100
2026/08/05 12:33:29.514, 21096, 100
2026/08/05 12:33:30.516, 21096, 100
2026/08/05 12:33:31.517, 21096, 100
2026/08/05 12:33:32.518, 21096, 66
2026/08/05 12:33:33.520, 21096, 84
2026/08/05 12:33:34.521, 21096, 100
2026/08/05 12:33:35.522, 21096, 98
2026/08/05 12:33:36.524, 21096, 100
2026/08/05 12:33:37.525, 21096, 100
2026/08/05 12:33:38.526, 21096, 100
2026/08/05 12:33:39.527, 21096, 100
2026/08/05 12:33:40.529, 21096, 100
2026/08/05 12:33:41.530, 21096, 100
2026/08/05 12:33:42.532, 21096, 100
2026/08/05 12:33:43.533, 21096, 100
2026/08/05 12:33:44.534, 21096, 100
2026/08/05 12:33:45.536, 21096, 100
2026/08/05 12:33:46.537, 21096, 100
2026/08/05 12:33:47.538, 21096, 84
2026/08/05 12:33:48.540, 21096, 90
2026/08/05 12:33:49.541, 21096, 84
2026/08/05 12:33:50.542, 21096, 100
2026/08/05 12:33:51.544, 21096, 100
2026/08/05 12:33:52.545, 21096, 100
2026/08/05 12:33:53.546, 21096, 100
2026/08/05 12:33:54.548, 21096, 100
2026/08/05 12:33:55.549, 21096, 100
2026/08/05 12:33:56.550, 21096, 100
2026/08/05 12:33:57.552, 21096, 100
2026/08/05 12:33:58.553, 21096, 85
2026/08/05 12:33:59.555, 21096, 100
2026/08/05 12:34:00.555, 21096, 100
2026/08/05 12:34:01.557, 21096, 83
2026/08/05 12:34:02.558, 21096, 100
2026/08/05 12:34:03.559, 21096, 63
2026/08/05 12:34:04.561, 21096, 100
2026/08/05 12:34:05.562, 21096, 100
2026/08/05 12:34:06.563, 21096, 68
2026/08/05 12:34:07.565, 21096, 100
2026/08/05 12:34:08.566, 21096, 100
2026/08/05 12:34:09.568, 21096, 100
2026/08/05 12:34:10.569, 21096, 100
2026/08/05 12:34:11.570, 21096, 100
2026/08/05 12:34:12.572, 21096, 100
2026/08/05 12:34:13.573, 21096, 100
2026/08/05 12:34:14.574, 21096, 86
2026/08/05 12:34:15.576, 21096, 100
2026/08/05 12:34:16.577, 21096, 79
2026/08/05 12:34:17.579, 21096, 100
2026/08/05 12:34:18.580, 21096, 100
2026/08/05 12:34:19.581, 21096, 87
2026/08/05 12:34:20.583, 21096, 100
2026/08/05 12:34:21.584, 21096, 100
2026/08/05 12:34:22.585, 21096, 100
2026/08/05 12:34:23.587, 21096, 99
2026/08/05 12:34:24.588, 21096, 100
2026/08/05 12:34:25.589, 21096, 100
2026/08/05 12:34:26.591, 21096, 100
2026/08/05 12:34:27.592, 21096, 100
2026/08/05 12:34:28.593, 21096, 85
2026/08/05 12:34:29.594, 21096, 100
2026/08/05 12:34:30.596, 21096, 100
2026/08/05 12:34:31.597, 21096, 87
2026/08/05 12:34:32.598, 21096, 100
2026/08/05 12:34:33.599, 21096, 100
2026/08/05 12:34:34.599, 21096, 100
2026/08/05 12:34:35.600, 21096, 100
2026/08/05 12:34:36.601, 21096, 100
2026/08/05 12:34:37.601, 21096, 100
2026/08/05 12:34:38.602, 21096, 100
2026/08/05 12:34:39.603, 21096, 100
2026/08/05 12:34:40.604, 21096, 100
2026/08/05 12:34:41.606, 21096, 100
2026/08/05 12:34:42.607, 21096, 100
2026/08/05 12:34:43.609, 21096, 100
2026/08/05 12:34:44.610, 21096, 100
2026/08/05 12:34:45.610, 21096, 100
2026/08/05 12:34:46.612, 21096, 100
2026/08/05 12:34:47.613, 21096, 100
2026/08/05 12:34:48.615, 21096, 100
2026/08/05 12:34:49.616, 21096, 100
2026/08/05 12:34:50.617, 21096, 100
2026/08/05 12:34:51.619, 21096, 100
2026/08/05 12:34:52.619, 21096, 100
2026/08/05 12:34:53.620, 21096, 98
2026/08/05 12:34:54.621, 21096, 100
2026/08/05 12:34:55.622, 21096, 100
2026/08/05 12:34:56.624, 21096, 84
2026/08/05 12:34:57.625, 21096, 100
2026/08/05 12:34:58.626, 21096, 85
2026/08/05 12:34:59.627, 21096, 100
2026/08/05 12:35:00.628, 21096, 85
2026/08/05 12:35:01.630, 21096, 100
2026/08/05 12:35:02.631, 21096, 100
2026/08/05 12:35:03.633, 21096, 100
2026/08/05 12:35:04.634, 21096, 90
2026/08/05 12:35:05.635, 21096, 100
2026/08/05 12:35:06.637, 21096, 100
2026/08/05 12:35:07.638, 21096, 100
2026/08/05 12:35:08.639, 21096, 100
2026/08/05 12:35:09.641, 21096, 65
2026/08/05 12:35:10.642, 21096, 85
2026/08/05 12:35:11.644, 21096, 100
2026/08/05 12:35:12.645, 21096, 100
2026/08/05 12:35:13.646, 21096, 84
2026/08/05 12:35:14.648, 21096, 100
2026/08/05 12:35:15.649, 21096, 100
2026/08/05 12:35:16.650, 21096, 100
2026/08/05 12:35:17.652, 21096, 100
2026/08/05 12:35:18.653, 21096, 100
2026/08/05 12:35:19.655, 21096, 100
2026/08/05 12:35:20.656, 21096, 100
2026/08/05 12:35:21.657, 21096, 100
2026/08/05 12:35:22.658, 21096, 84
2026/08/05 12:35:23.660, 21096, 100
2026/08/05 12:35:24.661, 21096, 100
2026/08/05 12:35:25.662, 21096, 100
2026/08/05 12:35:26.664, 21096, 100
2026/08/05 12:35:27.665, 21096, 100
2026/08/05 12:35:28.666, 21096, 86
2026/08/05 12:35:29.668, 21096, 100
2026/08/05 12:35:30.669, 21096, 100
2026/08/05 12:35:31.670, 21096, 100
2026/08/05 12:35:32.672, 21096, 100
2026/08/05 12:35:33.673, 21096, 100
2026/08/05 12:35:34.674, 21096, 100
2026/08/05 12:35:35.676, 21096, 100
2026/08/05 12:35:36.677, 21096, 100
2026/08/05 12:35:37.678, 21096, 82
2026/08/05 12:35:38.679, 21096, 78
2026/08/05 12:35:39.681, 21096, 100
2026/08/05 12:35:40.682, 21096, 85
2026/08/05 12:35:41.683, 21096, 100
2026/08/05 12:35:42.685, 21096, 100
2026/08/05 12:35:43.686, 21096, 100
2026/08/05 12:35:44.687, 21096, 83
2026/08/05 12:35:45.688, 21096, 100
2026/08/05 12:35:46.690, 21096, 100
2026/08/05 12:35:47.691, 21096, 100
2026/08/05 12:35:48.692, 21096, 100
2026/08/05 12:35:49.694, 21096, 100
2026/08/05 12:35:50.695, 21096, 100
2026/08/05 12:35:51.696, 21096, 92
2026/08/05 12:35:52.698, 21096, 94
2026/08/05 12:35:53.699, 21096, 100
2026/08/05 12:35:54.700, 21096, 58
2026/08/05 12:35:55.701, 21096, 100
2026/08/05 12:35:56.703, 21096, 100
2026/08/05 12:35:57.704, 21096, 100
2026/08/05 12:35:58.705, 21096, 100
2026/08/05 12:35:59.707, 21096, 95
2026/08/05 12:36:00.708, 21096, 100
2026/08/05 12:36:01.709, 21096, 86
2026/08/05 12:36:02.710, 21096, 100
2026/08/05 12:36:03.712, 21096, 100
2026/08/05 12:36:04.713, 21096, 100
2026/08/05 12:36:05.714, 21096, 100
2026/08/05 12:36:06.716, 21096, 100
2026/08/05 12:36:07.717, 21096, 65
2026/08/05 12:36:08.718, 21096, 100
2026/08/05 12:36:09.719, 21096, 100
2026/08/05 12:36:10.721, 21096, 100
2026/08/05 12:36:11.721, 21096, 100
2026/08/05 12:36:12.722, 21096, 100
2026/08/05 12:36:13.724, 21096, 100
2026/08/05 12:36:14.725, 21096, 100
2026/08/05 12:36:15.726, 21096, 100
2026/08/05 12:36:16.728, 21096, 100
2026/08/05 12:36:17.729, 21096, 84
2026/08/05 12:36:18.730, 21096, 100
2026/08/05 12:36:19.732, 21096, 84
2026/08/05 12:36:20.733, 21096, 100
2026/08/05 12:36:21.734, 21096, 100
2026/08/05 12:36:22.736, 21096, 100
2026/08/05 12:36:23.737, 21096, 100
2026/08/05 12:36:24.738, 21096, 100
2026/08/05 12:36:25.739, 21096, 100
2026/08/05 12:36:26.741, 21096, 86
2026/08/05 12:36:27.742, 21096, 85
2026/08/05 12:36:28.744, 21096, 100
2026/08/05 12:36:29.745, 21096, 100
2026/08/05 12:36:30.746, 21096, 100
2026/08/05 12:36:31.748, 21096, 100
2026/08/05 12:36:32.749, 21096, 100
2026/08/05 12:36:33.750, 21096, 100
2026/08/05 12:36:34.752, 21096, 100
2026/08/05 12:36:35.753, 21096, 86
2026/08/05 12:36:36.754, 21096, 100
2026/08/05 12:36:37.755, 21096, 100
2026/08/05 12:36:38.756, 21096, 100
2026/08/05 12:36:39.758, 21096, 100
2026/08/05 12:36:40.759, 21096, 100
2026/08/05 12:36:41.760, 21096, 100
2026/08/05 12:36:42.761, 21096, 85
2026/08/05 12:36:43.762, 21096, 100
2026/08/05 12:36:44.764, 21096, 100
2026/08/05 12:36:45.765, 21096, 100
2026/08/05 12:36:46.766, 21096, 100
2026/08/05 12:36:47.768, 21096, 100
2026/08/05 12:36:48.769, 21096, 63
2026/08/05 12:36:49.770, 21096, 100
2026/08/05 12:36:50.772, 21096, 100
2026/08/05 12:36:51.773, 21096, 100
2026/08/05 12:36:52.774, 21096, 100
2026/08/05 12:36:53.776, 21096, 100
2026/08/05 12:36:54.777, 21096, 100
2026/08/05 12:36:55.778, 21096, 100
2026/08/05 12:36:56.780, 21096, 100
2026/08/05 12:36:57.780, 21096, 100
2026/08/05 12:36:58.781, 21096, 100
2026/08/05 12:36:59.781, 21096, 62
2026/08/05 12:37:00.783, 21096, 100
2026/08/05 12:37:01.783, 21096, 100
2026/08/05 12:37:02.783, 21096, 100
2026/08/05 12:37:03.785, 21096, 100
2026/08/05 12:37:04.786, 21096, 100
2026/08/05 12:37:05.787, 21096, 100
2026/08/05 12:37:06.788, 21096, 85
2026/08/05 12:37:07.790, 21096, 100
2026/08/05 12:37:08.791, 21096, 100
2026/08/05 12:37:09.793, 21096, 100
2026/08/05 12:37:10.794, 21096, 100
2026/08/05 12:37:11.795, 21096, 100
2026/08/05 12:37:12.796, 21096, 100
2026/08/05 12:37:13.797, 21096, 100
2026/08/05 12:37:14.799, 21096, 100
2026/08/05 12:37:15.799, 21096, 85
2026/08/05 12:37:16.801, 21096, 85
2026/08/05 12:37:17.802, 21096, 100
2026/08/05 12:37:18.803, 21096, 100
2026/08/05 12:37:19.805, 21096, 100
2026/08/05 12:37:20.350, 21096, 85
2026/08/05 12:37:21.352, 21096, 85
2026/08/05 12:37:22.353, 21096, 54
2026/08/05 12:37:23.354, 21096, 100
2026/08/05 12:37:24.356, 21096, 100
2026/08/05 12:37:25.357, 21096, 100
2026/08/05 12:37:26.359, 21096, 100
2026/08/05 12:37:27.359, 21096, 95
2026/08/05 12:37:28.360, 21096, 84
2026/08/05 12:37:29.360, 21096, 100
2026/08/05 12:37:30.360, 21096, 100
2026/08/05 12:37:31.362, 21096, 83
2026/08/05 12:37:32.363, 21096, 100
2026/08/05 12:37:33.364, 21096, 100
2026/08/05 12:37:34.364, 21096, 100
2026/08/05 12:37:35.365, 21096, 100
2026/08/05 12:37:36.366, 21096, 100
2026/08/05 12:37:37.366, 21096, 100
2026/08/05 12:37:38.367, 21096, 100
2026/08/05 12:37:39.367, 21096, 100
2026/08/05 12:37:40.367, 21096, 100
2026/08/05 12:37:41.369, 21096, 100
2026/08/05 12:37:42.369, 21096, 85
2026/08/05 12:37:43.371, 21096, 100
2026/08/05 12:37:44.371, 21096, 100
2026/08/05 12:37:45.372, 21096, 100
2026/08/05 12:37:46.372, 21096, 100
2026/08/05 12:37:47.373, 21096, 100
2026/08/05 12:37:48.373, 21096, 100
2026/08/05 12:37:49.374, 21096, 100
2026/08/05 12:37:50.374, 21096, 100
2026/08/05 12:37:51.375, 21096, 68
2026/08/05 12:37:52.375, 21096, 100
2026/08/05 12:37:53.377, 21096, 100
2026/08/05 12:37:54.378, 21096, 100
2026/08/05 12:37:55.380, 21096, 67
2026/08/05 12:37:56.380, 21096, 100
2026/08/05 12:37:57.381, 21096, 100
2026/08/05 12:37:58.381, 21096, 100
2026/08/05 12:37:59.383, 21096, 100
2026/08/05 12:38:00.384, 21096, 100
2026/08/05 12:38:01.386, 21096, 100
2026/08/05 12:38:02.387, 21096, 82
2026/08/05 12:38:03.388, 21096, 100
2026/08/05 12:38:04.389, 21096, 100
2026/08/05 12:38:05.391, 21096, 100
2026/08/05 12:38:06.392, 21096, 100
2026/08/05 12:38:07.393, 21096, 100
2026/08/05 12:38:08.395, 21096, 100
2026/08/05 12:38:09.396, 21096, 100
2026/08/05 12:38:10.397, 21096, 100
2026/08/05 12:38:11.399, 21096, 100
2026/08/05 12:38:12.399, 21096, 100
2026/08/05 12:38:13.400, 21096, 100
2026/08/05 12:38:14.402, 21096, 100
2026/08/05 12:38:15.402, 21096, 100
2026/08/05 12:38:16.404, 21096, 100
2026/08/05 12:38:17.404, 21096, 100
2026/08/05 12:38:18.405, 21096, 100
2026/08/05 12:38:19.407, 21096, 100
2026/08/05 12:38:20.407, 21096, 100
2026/08/05 12:38:21.407, 21096, 100
2026/08/05 12:38:22.408, 21096, 100
2026/08/05 12:38:23.409, 21096, 100
2026/08/05 12:38:24.410, 21096, 100
2026/08/05 12:38:25.411, 21096, 100
2026/08/05 12:38:26.412, 21096, 100
2026/08/05 12:38:27.415, 21096, 100
2026/08/05 12:38:28.417, 21096, 100
2026/08/05 12:38:29.419, 21096, 100
2026/08/05 12:38:30.421, 21096, 100
2026/08/05 12:38:31.423, 21096, 100
2026/08/05 12:38:32.425, 21096, 100
2026/08/05 12:38:33.427, 21096, 100
2026/08/05 12:38:34.429, 21096, 100
2026/08/05 12:38:35.430, 21096, 89
2026/08/05 12:38:36.432, 21096, 100
2026/08/05 12:38:37.434, 21096, 100
2026/08/05 12:38:38.435, 21096, 100
2026/08/05 12:38:39.437, 21096, 100
2026/08/05 12:38:40.438, 21096, 100
2026/08/05 12:38:41.439, 21096, 85
2026/08/05 12:38:42.441, 21096, 100
2026/08/05 12:38:43.442, 21096, 100
2026/08/05 12:38:44.444, 21096, 100
2026/08/05 12:38:45.445, 21096, 100
2026/08/05 12:38:46.447, 21096, 86
2026/08/05 12:38:47.448, 21096, 100
2026/08/05 12:38:48.450, 21096, 100
2026/08/05 12:38:49.451, 21096, 100
2026/08/05 12:38:50.453, 21096, 100
2026/08/05 12:38:51.454, 21096, 100
2026/08/05 12:38:52.455, 21096, 100
2026/08/05 12:38:53.457, 21096, 100
2026/08/05 12:38:54.458, 21096, 100
2026/08/05 12:38:55.459, 21096, 100
2026/08/05 12:38:56.461, 21096, 100
2026/08/05 12:38:57.462, 21096, 100
2026/08/05 12:38:58.463, 21096, 100
2026/08/05 12:38:59.464, 21096, 100
2026/08/05 12:39:00.465, 21096, 100
2026/08/05 12:39:01.467, 21096, 100
2026/08/05 12:39:02.468, 21096, 100
2026/08/05 12:39:03.469, 21096, 100
2026/08/05 12:39:04.470, 21096, 100
2026/08/05 12:39:05.471, 21096, 100
2026/08/05 12:39:06.473, 21096, 100
2026/08/05 12:39:07.474, 21096, 100
2026/08/05 12:39:08.475, 21096, 100
2026/08/05 12:39:09.477, 21096, 65
2026/08/05 12:39:10.478, 21096, 100
2026/08/05 12:39:11.479, 21096, 100
2026/08/05 12:39:12.481, 21096, 100
2026/08/05 12:39:13.482, 21096, 100
2026/08/05 12:39:14.483, 21096, 84
2026/08/05 12:39:15.484, 21096, 100
2026/08/05 12:39:16.486, 21096, 100
2026/08/05 12:39:17.487, 21096, 100
2026/08/05 12:39:18.488, 21096, 100
2026/08/05 12:39:19.490, 21096, 100
2026/08/05 12:39:20.490, 21096, 100
2026/08/05 12:39:21.491, 21096, 100
2026/08/05 12:39:22.493, 21096, 100
2026/08/05 12:39:23.494, 21096, 100
2026/08/05 12:39:24.496, 21096, 100
2026/08/05 12:39:25.497, 21096, 65
2026/08/05 12:39:26.498, 21096, 85
2026/08/05 12:39:27.499, 21096, 100
2026/08/05 12:39:28.500, 21096, 100
2026/08/05 12:39:29.501, 21096, 100
2026/08/05 12:39:30.504, 21096, 100
2026/08/05 12:39:31.506, 21096, 100
2026/08/05 12:39:32.508, 21096, 100
2026/08/05 12:39:33.511, 21096, 100
2026/08/05 12:39:34.513, 21096, 100
2026/08/05 12:39:35.516, 21096, 84
2026/08/05 12:39:36.518, 21096, 100
2026/08/05 12:39:37.520, 21096, 100
2026/08/05 12:39:38.523, 21096, 100
2026/08/05 12:39:39.525, 21096, 99
2026/08/05 12:39:40.527, 21096, 100
2026/08/05 12:39:41.530, 21096, 85
2026/08/05 12:39:42.532, 21096, 100
2026/08/05 12:39:43.535, 21096, 100
2026/08/05 12:39:44.537, 21096, 100
2026/08/05 12:39:45.542, 21096, 100
2026/08/05 12:39:46.544, 21096, 100
2026/08/05 12:39:47.546, 21096, 100
2026/08/05 12:39:48.549, 21096, 100
2026/08/05 12:39:49.551, 21096, 100
2026/08/05 12:39:50.553, 21096, 100
2026/08/05 12:39:51.555, 21096, 100
2026/08/05 12:39:52.557, 21096, 100
2026/08/05 12:39:53.559, 21096, 100
2026/08/05 12:39:54.561, 21096, 100
2026/08/05 12:39:55.563, 21096, 100
2026/08/05 12:39:56.565, 21096, 100
2026/08/05 12:39:57.566, 21096, 85
2026/08/05 12:39:58.567, 21096, 100
2026/08/05 12:39:59.569, 21096, 86
2026/08/05 12:40:00.570, 21096, 100
2026/08/05 12:40:01.571, 21096, 100
2026/08/05 12:40:02.573, 21096, 100
2026/08/05 12:40:03.574, 21096, 100
2026/08/05 12:40:04.576, 21096, 100
2026/08/05 12:40:05.578, 21096, 100
2026/08/05 12:40:06.579, 21096, 100
2026/08/05 12:40:07.581, 21096, 100
2026/08/05 12:40:08.583, 21096, 84
2026/08/05 12:40:09.584, 21096, 85
2026/08/05 12:40:10.586, 21096, 100
2026/08/05 12:40:11.587, 21096, 66
2026/08/05 12:40:12.589, 21096, 100
2026/08/05 12:40:13.590, 21096, 100
2026/08/05 12:40:14.591, 21096, 100
2026/08/05 12:40:15.593, 21096, 100
2026/08/05 12:40:16.594, 21096, 100
2026/08/05 12:40:17.596, 21096, 100
2026/08/05 12:40:18.597, 21096, 100
2026/08/05 12:40:19.598, 21096, 100
2026/08/05 12:40:20.600, 21096, 95
2026/08/05 12:40:21.601, 21096, 100
2026/08/05 12:40:22.603, 21096, 100
2026/08/05 12:40:23.604, 21096, 100
2026/08/05 12:40:24.605, 21096, 100
2026/08/05 12:40:25.607, 21096, 100
2026/08/05 12:40:26.608, 21096, 100
2026/08/05 12:40:27.610, 21096, 100
2026/08/05 12:40:28.611, 21096, 85
2026/08/05 12:40:29.612, 21096, 100
2026/08/05 12:40:30.614, 21096, 100
2026/08/05 12:40:31.615, 21096, 100
2026/08/05 12:40:32.617, 21096, 100
2026/08/05 12:40:33.618, 21096, 100
2026/08/05 12:40:34.620, 21096, 100
2026/08/05 12:40:35.621, 21096, 100
2026/08/05 12:40:36.623, 21096, 100
2026/08/05 12:40:37.624, 21096, 100
2026/08/05 12:40:38.626, 21096, 100
2026/08/05 12:40:39.627, 21096, 100
2026/08/05 12:40:40.629, 21096, 85
2026/08/05 12:40:41.630, 21096, 85
2026/08/05 12:40:42.632, 21096, 100
2026/08/05 12:40:43.634, 21096, 100
2026/08/05 12:40:44.634, 21096, 100
2026/08/05 12:40:45.635, 21096, 100
2026/08/05 12:40:46.636, 21096, 100
2026/08/05 12:40:47.636, 21096, 100
2026/08/05 12:40:48.638, 21096, 100
2026/08/05 12:40:49.638, 21096, 100
2026/08/05 12:40:50.639, 21096, 100
2026/08/05 12:40:51.640, 21096, 100
2026/08/05 12:40:52.641, 21096, 100
2026/08/05 12:40:53.641, 21096, 100
2026/08/05 12:40:54.642, 21096, 100
2026/08/05 12:40:55.644, 21096, 100
2026/08/05 12:40:56.644, 21096, 65
2026/08/05 12:40:57.646, 21096, 100
2026/08/05 12:40:58.647, 21096, 100
2026/08/05 12:40:59.648, 21096, 100
2026/08/05 12:41:00.650, 21096, 100
2026/08/05 12:41:01.651, 21096, 85
2026/08/05 12:41:02.651, 21096, 100
2026/08/05 12:41:03.652, 21096, 100
2026/08/05 12:41:04.653, 21096, 100
2026/08/05 12:41:05.654, 21096, 100
2026/08/05 12:41:06.656, 21096, 100
2026/08/05 12:41:07.657, 21096, 100
2026/08/05 12:41:08.659, 21096, 100
2026/08/05 12:41:09.660, 21096, 100
2026/08/05 12:41:10.662, 21096, 98
2026/08/05 12:41:11.663, 21096, 100
2026/08/05 12:41:12.665, 21096, 100
2026/08/05 12:41:13.666, 21096, 100
2026/08/05 12:41:14.668, 21096, 100
2026/08/05 12:41:15.669, 21096, 100
2026/08/05 12:41:16.671, 21096, 100
2026/08/05 12:41:17.673, 21096, 100
2026/08/05 12:41:18.674, 21096, 100
2026/08/05 12:41:19.675, 21096, 100
2026/08/05 12:41:20.677, 21096, 100
2026/08/05 12:41:21.678, 21096, 100
2026/08/05 12:41:22.680, 21096, 100
2026/08/05 12:41:23.681, 21096, 100
2026/08/05 12:41:24.683, 21096, 81
2026/08/05 12:41:25.684, 21096, 100
2026/08/05 12:41:26.686, 21096, 100
2026/08/05 12:41:27.687, 21096, 84
2026/08/05 12:41:28.689, 21096, 100
2026/08/05 12:41:29.691, 21096, 100
2026/08/05 12:41:30.692, 21096, 100
2026/08/05 12:41:31.693, 21096, 67
2026/08/05 12:41:32.695, 21096, 100
2026/08/05 12:41:33.696, 21096, 99
2026/08/05 12:41:34.698, 21096, 100
2026/08/05 12:41:35.699, 21096, 84
2026/08/05 12:41:36.701, 21096, 99
2026/08/05 12:41:37.701, 21096, 100
2026/08/05 12:41:38.702, 21096, 100
2026/08/05 12:41:39.702, 21096, 66
2026/08/05 12:41:40.703, 21096, 100
2026/08/05 12:41:41.703, 21096, 100
2026/08/05 12:41:42.703, 21096, 100
2026/08/05 12:41:43.703, 21096, 100
2026/08/05 12:41:44.704, 21096, 100
2026/08/05 12:41:45.704, 21096, 100
2026/08/05 12:41:46.704, 21096, 100
2026/08/05 12:41:47.705, 21096, 100
2026/08/05 12:41:48.705, 21096, 100
2026/08/05 12:41:49.706, 21096, 100
2026/08/05 12:41:50.706, 21096, 89
2026/08/05 12:41:51.706, 21096, 83
2026/08/05 12:41:52.707, 21096, 100
2026/08/05 12:41:53.707, 21096, 100
2026/08/05 12:41:54.707, 21096, 83
2026/08/05 12:41:55.708, 21096, 100
2026/08/05 12:41:56.708, 21096, 100
2026/08/05 12:41:57.708, 21096, 100
2026/08/05 12:41:58.709, 21096, 100
2026/08/05 12:41:59.709, 21096, 100
2026/08/05 12:42:00.709, 21096, 100
2026/08/05 12:42:01.710, 21096, 100
2026/08/05 12:42:02.710, 21096, 100
2026/08/05 12:42:03.710, 21096, 100
2026/08/05 12:42:04.711, 21096, 100
2026/08/05 12:42:05.711, 21096, 68
2026/08/05 12:42:06.711, 21096, 100
2026/08/05 12:42:07.712, 21096, 100
2026/08/05 12:42:08.712, 21096, 100
2026/08/05 12:42:09.712, 21096, 100
2026/08/05 12:42:10.712, 21096, 87
2026/08/05 12:42:11.713, 21096, 99
2026/08/05 12:42:12.713, 21096, 100
2026/08/05 12:42:13.713, 21096, 100
2026/08/05 12:42:14.714, 21096, 100
2026/08/05 12:42:15.714, 21096, 100
2026/08/05 12:42:16.714, 21096, 100
2026/08/05 12:42:17.715, 21096, 100
2026/08/05 12:42:18.715, 21096, 84
2026/08/05 12:42:19.715, 21096, 100
2026/08/05 12:42:20.716, 21096, 100
2026/08/05 12:42:21.716, 21096, 100
2026/08/05 12:42:22.716, 21096, 100
2026/08/05 12:42:23.717, 21096, 100
2026/08/05 12:42:24.717, 21096, 100
2026/08/05 12:42:25.718, 21096, 100
2026/08/05 12:42:26.718, 21096, 100
2026/08/05 12:42:27.718, 21096, 100
2026/08/05 12:42:28.718, 21096, 100
2026/08/05 12:42:29.719, 21096, 100
2026/08/05 12:42:30.720, 21096, 100
2026/08/05 12:42:31.720, 21096, 100
2026/08/05 12:42:32.721, 21096, 100
2026/08/05 12:42:33.721, 21096, 100
2026/08/05 12:42:34.721, 21096, 100
2026/08/05 12:42:35.722, 21096, 70
2026/08/05 12:42:36.722, 21096, 100
2026/08/05 12:42:37.722, 21096, 100
2026/08/05 12:42:38.723, 21096, 100
2026/08/05 12:42:39.723, 21096, 100
2026/08/05 12:42:40.723, 21096, 84
2026/08/05 12:42:41.724, 21096, 100
2026/08/05 12:42:42.724, 21096, 100
2026/08/05 12:42:43.724, 21096, 100
2026/08/05 12:42:44.725, 21096, 100
2026/08/05 12:42:45.725, 21096, 100
2026/08/05 12:42:46.725, 21096, 100
2026/08/05 12:42:47.726, 21096, 86
2026/08/05 12:42:48.726, 21096, 100
2026/08/05 12:42:49.726, 21096, 100
2026/08/05 12:42:50.727, 21096, 100
2026/08/05 12:42:51.727, 21096, 100
2026/08/05 12:42:52.727, 21096, 100
2026/08/05 12:42:53.728, 21096, 100
2026/08/05 12:42:54.728, 21096, 100
2026/08/05 12:42:55.729, 21096, 100
2026/08/05 12:42:56.729, 21096, 100
2026/08/05 12:42:57.729, 21096, 100
2026/08/05 12:42:58.730, 21096, 100
2026/08/05 12:42:59.730, 21096, 84
2026/08/05 12:43:00.730, 21096, 100
2026/08/05 12:43:01.731, 21096, 100
2026/08/05 12:43:02.731, 21096, 100
2026/08/05 12:43:03.731, 21096, 84
2026/08/05 12:43:04.732, 21096, 100
2026/08/05 12:43:05.732, 21096, 100
2026/08/05 12:43:06.733, 21096, 100
2026/08/05 12:43:07.733, 21096, 100
2026/08/05 12:43:08.733, 21096, 100
2026/08/05 12:43:09.734, 21096, 100
2026/08/05 12:43:10.734, 21096, 100
2026/08/05 12:43:11.734, 21096, 100
2026/08/05 12:43:12.735, 21096, 88
2026/08/05 12:43:13.735, 21096, 100
2026/08/05 12:43:14.735, 21096, 100
2026/08/05 12:43:15.736, 21096, 100
2026/08/05 12:43:16.736, 21096, 100
2026/08/05 12:43:17.736, 21096, 79
2026/08/05 12:43:18.737, 21096, 100
2026/08/05 12:43:19.737, 21096, 99
2026/08/05 12:43:20.737, 21096, 100
2026/08/05 12:43:21.738, 21096, 100
2026/08/05 12:43:22.738, 21096, 100
2026/08/05 12:43:23.738, 21096, 100
2026/08/05 12:43:24.739, 21096, 100
2026/08/05 12:43:25.739, 21096, 100
2026/08/05 12:43:26.739, 21096, 100
2026/08/05 12:43:27.740, 21096, 100
2026/08/05 12:43:28.740, 21096, 100
2026/08/05 12:43:29.740, 21096, 100
2026/08/05 12:43:30.741, 21096, 91
2026/08/05 12:43:31.741, 21096, 100
2026/08/05 12:43:32.741, 21096, 85
2026/08/05 12:43:33.742, 21096, 100
2026/08/05 12:43:34.742, 21096, 100
2026/08/05 12:43:35.742, 21096, 100
2026/08/05 12:43:36.743, 21096, 100
2026/08/05 12:43:37.743, 21096, 100
2026/08/05 12:43:38.744, 21096, 100
2026/08/05 12:43:39.744, 21096, 100
2026/08/05 12:43:40.745, 21096, 100
2026/08/05 12:43:41.747, 21096, 100
2026/08/05 12:43:42.747, 21096, 100
2026/08/05 12:43:43.748, 21096, 100
2026/08/05 12:43:44.749, 21096, 100
2026/08/05 12:43:45.749, 21096, 100
2026/08/05 12:43:46.749, 21096, 100
2026/08/05 12:43:47.751, 21096, 100
2026/08/05 12:43:48.751, 21096, 64
2026/08/05 12:43:49.752, 21096, 100
2026/08/05 12:43:50.752, 21096, 100
2026/08/05 12:43:51.752, 21096, 100
2026/08/05 12:43:52.753, 21096, 100
2026/08/05 12:43:53.753, 21096, 100
2026/08/05 12:43:54.753, 21096, 83
2026/08/05 12:43:55.754, 21096, 100
2026/08/05 12:43:56.754, 21096, 100
2026/08/05 12:43:57.754, 21096, 100
2026/08/05 12:43:58.755, 21096, 100
2026/08/05 12:43:59.755, 21096, 84
2026/08/05 12:44:00.755, 21096, 100
2026/08/05 12:44:01.756, 21096, 100
2026/08/05 12:44:02.756, 21096, 100
2026/08/05 12:44:03.756, 21096, 83
2026/08/05 12:44:04.757, 21096, 100
2026/08/05 12:44:05.757, 21096, 100
2026/08/05 12:44:06.757, 21096, 100
2026/08/05 12:44:07.758, 21096, 100
2026/08/05 12:44:08.758, 21096, 100
2026/08/05 12:44:09.758, 21096, 100
2026/08/05 12:44:10.759, 21096, 100
2026/08/05 12:44:11.759, 21096, 100
2026/08/05 12:44:12.759, 21096, 100
2026/08/05 12:44:13.760, 21096, 83
2026/08/05 12:44:14.760, 21096, 100
2026/08/05 12:44:15.761, 21096, 100
2026/08/05 12:44:16.761, 21096, 100
2026/08/05 12:44:17.761, 21096, 100
2026/08/05 12:44:18.762, 21096, 100
2026/08/05 12:44:19.762, 21096, 100
2026/08/05 12:44:20.762, 21096, 100
2026/08/05 12:44:21.763, 21096, 100
2026/08/05 12:44:22.763, 21096, 100
2026/08/05 12:44:23.764, 21096, 84
2026/08/05 12:44:24.764, 21096, 84
2026/08/05 12:44:25.764, 21096, 100
2026/08/05 12:44:26.765, 21096, 84
2026/08/05 12:44:27.765, 21096, 100
2026/08/05 12:44:28.765, 21096, 100
2026/08/05 12:44:29.766, 21096, 100
2026/08/05 12:44:30.766, 21096, 83
2026/08/05 12:44:31.766, 21096, 100
2026/08/05 12:44:32.767, 21096, 100
2026/08/05 12:44:33.767, 21096, 100
2026/08/05 12:44:34.767, 21096, 100
2026/08/05 12:44:35.768, 21096, 100
2026/08/05 12:44:36.768, 21096, 100
2026/08/05 12:44:37.769, 21096, 100
2026/08/05 12:44:38.769, 21096, 100
2026/08/05 12:44:39.769, 21096, 100
2026/08/05 12:44:40.770, 21096, 100
2026/08/05 12:44:41.770, 21096, 100
2026/08/05 12:44:42.770, 21096, 100
2026/08/05 12:44:43.771, 21096, 100
2026/08/05 12:44:44.771, 21096, 100
2026/08/05 12:44:45.772, 21096, 100
2026/08/05 12:44:46.772, 21096, 100
2026/08/05 12:44:47.772, 21096, 86
2026/08/05 12:44:48.773, 21096, 100
2026/08/05 12:44:49.773, 21096, 100
2026/08/05 12:44:50.773, 21096, 100
2026/08/05 12:44:51.774, 21096, 100
2026/08/05 12:44:52.774, 21096, 85
2026/08/05 12:44:53.775, 21096, 100
2026/08/05 12:44:54.775, 21096, 84
2026/08/05 12:44:55.775, 21096, 100
2026/08/05 12:44:56.775, 21096, 100
2026/08/05 12:44:57.776, 21096, 100
2026/08/05 12:44:58.776, 21096, 100
2026/08/05 12:44:59.776, 21096, 100
2026/08/05 12:45:00.777, 21096, 100
2026/08/05 12:45:01.777, 21096, 100
2026/08/05 12:45:02.777, 21096, 100
2026/08/05 12:45:03.777, 21096, 100
2026/08/05 12:45:04.779, 21096, 100
2026/08/05 12:45:05.779, 21096, 100
2026/08/05 12:45:06.779, 21096, 100
2026/08/05 12:45:07.780, 21096, 100
2026/08/05 12:45:08.781, 21096, 100
2026/08/05 12:45:09.782, 21096, 100
2026/08/05 12:45:10.784, 21096, 100
2026/08/05 12:45:11.784, 21096, 100
2026/08/05 12:45:12.785, 21096, 100
2026/08/05 12:45:13.787, 21096, 100
2026/08/05 12:45:14.787, 21096, 100
2026/08/05 12:45:15.788, 21096, 100
2026/08/05 12:45:16.790, 21096, 100
2026/08/05 12:45:17.790, 21096, 100
2026/08/05 12:45:18.790, 21096, 100
2026/08/05 12:45:19.790, 21096, 100
2026/08/05 12:45:20.791, 21096, 100
2026/08/05 12:45:21.791, 21096, 100
2026/08/05 12:45:22.792, 21096, 100
2026/08/05 12:45:23.794, 21096, 100
2026/08/05 12:45:24.795, 21096, 85
2026/08/05 12:45:25.795, 21096, 100
2026/08/05 12:45:26.797, 21096, 84
2026/08/05 12:45:27.797, 21096, 68
2026/08/05 12:45:28.798, 21096, 100
2026/08/05 12:45:29.799, 21096, 100
2026/08/05 12:45:30.799, 21096, 100
2026/08/05 12:45:31.800, 21096, 100
2026/08/05 12:45:32.800, 21096, 100
2026/08/05 12:45:33.801, 21096, 100
2026/08/05 12:45:34.801, 21096, 100
2026/08/05 12:45:35.802, 21096, 100
2026/08/05 12:45:36.802, 21096, 100
2026/08/05 12:45:37.802, 21096, 100
2026/08/05 12:45:38.803, 21096, 100
2026/08/05 12:45:39.803, 21096, 100
2026/08/05 12:45:40.803, 21096, 85
2026/08/05 12:45:41.804, 21096, 100
2026/08/05 12:45:42.804, 21096, 100
2026/08/05 12:45:43.805, 21096, 100
2026/08/05 12:45:44.805, 21096, 82
2026/08/05 12:45:45.805, 21096, 100
2026/08/05 12:45:46.806, 21096, 100
2026/08/05 12:45:47.806, 21096, 100
2026/08/05 12:45:48.806, 21096, 100
2026/08/05 12:45:49.807, 21096, 100
2026/08/05 12:45:50.807, 21096, 100
2026/08/05 12:45:51.807, 21096, 100
2026/08/05 12:45:52.808, 21096, 93
2026/08/05 12:45:53.808, 21096, 100
2026/08/05 12:45:54.808, 21096, 100
2026/08/05 12:45:55.809, 21096, 81
2026/08/05 12:45:56.809, 21096, 100
2026/08/05 12:45:57.810, 21096, 65
2026/08/05 12:45:58.810, 21096, 100
2026/08/05 12:45:59.810, 21096, 100
2026/08/05 12:46:00.811, 21096, 100
2026/08/05 12:46:01.811, 21096, 100
2026/08/05 12:46:02.812, 21096, 100
2026/08/05 12:46:03.812, 21096, 100
2026/08/05 12:46:04.812, 21096, 100
2026/08/05 12:46:05.813, 21096, 100
2026/08/05 12:46:06.813, 21096, 100
2026/08/05 12:46:07.814, 21096, 100
2026/08/05 12:46:08.814, 21096, 100
2026/08/05 12:46:09.815, 21096, 100
2026/08/05 12:46:10.815, 21096, 85
2026/08/05 12:46:11.816, 21096, 57
2026/08/05 12:46:12.817, 21096, 89
2026/08/05 12:46:13.817, 21096, 100
2026/08/05 12:46:14.818, 21096, 100
2026/08/05 12:46:15.818, 21096, 87
2026/08/05 12:46:16.818, 21096, 84
2026/08/05 12:46:17.819, 21096, 85
2026/08/05 12:46:18.819, 21096, 96
2026/08/05 12:46:19.819, 21096, 100
2026/08/05 12:46:20.821, 21096, 65
2026/08/05 12:46:21.822, 21096, 100
2026/08/05 12:46:22.823, 21096, 74
2026/08/05 12:46:23.823, 21096, 100
2026/08/05 12:46:24.823, 21096, 100
2026/08/05 12:46:25.824, 21096, 75
2026/08/05 12:46:26.824, 21096, 100
2026/08/05 12:46:27.825, 21096, 100
2026/08/05 12:46:28.826, 21096, 100
2026/08/05 12:46:29.827, 21096, 100
2026/08/05 12:46:30.827, 21096, 100
2026/08/05 12:46:31.828, 21096, 89
2026/08/05 12:46:32.828, 21096, 89
2026/08/05 12:46:33.829, 21096, 100
2026/08/05 12:46:34.830, 21096, 100
2026/08/05 12:46:35.832, 21096, 100
2026/08/05 12:46:36.833, 21096, 100
2026/08/05 12:46:37.833, 21096, 64
2026/08/05 12:46:38.835, 21096, 100
2026/08/05 12:46:39.835, 21096, 100
2026/08/05 12:46:40.836, 21096, 100
2026/08/05 12:46:41.836, 21096, 100
2026/08/05 12:46:42.837, 21096, 100
2026/08/05 12:46:43.838, 21096, 100
2026/08/05 12:46:44.838, 21096, 100
2026/08/05 12:46:45.839, 21096, 93
2026/08/05 12:46:46.839, 21096, 100
2026/08/05 12:46:47.839, 21096, 100
2026/08/05 12:46:48.840, 21096, 100
2026/08/05 12:46:49.840, 21096, 89
2026/08/05 12:46:50.842, 21096, 92
2026/08/05 12:46:51.842, 21096, 100
2026/08/05 12:46:52.842, 21096, 100
2026/08/05 12:46:53.843, 21096, 100
2026/08/05 12:46:54.844, 21096, 100
2026/08/05 12:46:55.845, 21096, 100
2026/08/05 12:46:56.845, 21096, 100
2026/08/05 12:46:57.846, 21096, 100
2026/08/05 12:46:58.847, 21096, 100
2026/08/05 12:46:59.848, 21096, 100
2026/08/05 12:47:00.849, 21096, 100
2026/08/05 12:47:01.849, 21096, 100
2026/08/05 12:47:02.850, 21096, 100
2026/08/05 12:47:03.851, 21096, 100
2026/08/05 12:47:04.851, 21096, 100
2026/08/05 12:47:05.851, 21096, 100
2026/08/05 12:47:06.853, 21096, 87
2026/08/05 12:47:07.853, 21096, 100
2026/08/05 12:47:08.855, 21096, 100
2026/08/05 12:47:09.856, 21096, 100
2026/08/05 12:47:10.856, 21096, 100
2026/08/05 12:47:11.858, 21096, 85
2026/08/05 12:47:12.859, 21096, 100
2026/08/05 12:47:13.860, 21096, 100
2026/08/05 12:47:14.862, 21096, 77
2026/08/05 12:47:15.863, 21096, 100
2026/08/05 12:47:16.864, 21096, 94
2026/08/05 12:47:17.866, 21096, 100
2026/08/05 12:47:18.867, 21096, 100
2026/08/05 12:47:19.868, 21096, 100
2026/08/05 12:47:20.869, 21096, 82
2026/08/05 12:47:21.870, 21096, 100
2026/08/05 12:47:22.872, 21096, 100
2026/08/05 12:47:23.872, 21096, 100
2026/08/05 12:47:24.872, 21096, 100
2026/08/05 12:47:25.873, 21096, 100
2026/08/05 12:47:26.873, 21096, 87
2026/08/05 12:47:27.874, 21096, 100
2026/08/05 12:47:28.875, 21096, 100
2026/08/05 12:47:29.875, 21096, 100
2026/08/05 12:47:30.877, 21096, 100
2026/08/05 12:47:31.877, 21096, 100
2026/08/05 12:47:32.877, 21096, 100
2026/08/05 12:47:33.879, 21096, 100
2026/08/05 12:47:34.880, 21096, 100
2026/08/05 12:47:35.880, 21096, 100
2026/08/05 12:47:36.881, 21096, 100
2026/08/05 12:47:37.882, 21096, 100
2026/08/05 12:47:38.884, 21096, 100
2026/08/05 12:47:39.885, 21096, 100
2026/08/05 12:47:40.885, 21096, 63
2026/08/05 12:47:41.886, 21096, 85
2026/08/05 12:47:42.887, 21096, 100
2026/08/05 12:47:43.888, 21096, 100
2026/08/05 12:47:44.889, 21096, 100
2026/08/05 12:47:45.889, 21096, 100
2026/08/05 12:47:46.890, 21096, 85
2026/08/05 12:47:47.891, 21096, 100
2026/08/05 12:47:48.892, 21096, 100
2026/08/05 12:47:49.892, 21096, 100
2026/08/05 12:47:50.893, 21096, 100
2026/08/05 12:47:51.894, 21096, 100
2026/08/05 12:47:52.895, 21096, 100
2026/08/05 12:47:53.897, 21096, 100
2026/08/05 12:47:54.898, 21096, 100
2026/08/05 12:47:55.898, 21096, 100
2026/08/05 12:47:56.900, 21096, 65
2026/08/05 12:47:57.901, 21096, 100
2026/08/05 12:47:58.902, 21096, 100
2026/08/05 12:47:59.904, 21096, 100
2026/08/05 12:48:00.905, 21096, 100
2026/08/05 12:48:01.906, 21096, 100
2026/08/05 12:48:02.907, 21096, 100
2026/08/05 12:48:03.908, 21096, 100
2026/08/05 12:48:04.909, 21096, 100
2026/08/05 12:48:05.915, 21096, 100
2026/08/05 12:48:06.922, 21096, 86
2026/08/05 12:48:07.929, 21096, 100
2026/08/05 12:48:08.935, 21096, 87
2026/08/05 12:48:09.941, 21096, 100
2026/08/05 12:48:10.947, 21096, 100
2026/08/05 12:48:11.952, 21096, 100
2026/08/05 12:48:12.958, 21096, 100
2026/08/05 12:48:13.964, 21096, 100
2026/08/05 12:48:14.969, 21096, 100
2026/08/05 12:48:15.974, 21096, 100
2026/08/05 12:48:16.979, 21096, 100
2026/08/05 12:48:17.984, 21096, 100
2026/08/05 12:48:18.989, 21096, 100
2026/08/05 12:48:19.993, 21096, 100
2026/08/05 12:48:20.998, 21096, 100
2026/08/05 12:48:22.002, 21096, 100
2026/08/05 12:48:23.006, 21096, 100
2026/08/05 12:48:24.010, 21096, 85
2026/08/05 12:48:25.015, 21096, 100
2026/08/05 12:48:26.019, 21096, 100
2026/08/05 12:48:27.024, 21096, 100
2026/08/05 12:48:28.028, 21096, 100
2026/08/05 12:48:29.032, 21096, 100
2026/08/05 12:48:30.035, 21096, 100
2026/08/05 12:48:31.039, 21096, 100
2026/08/05 12:48:32.042, 21096, 100
2026/08/05 12:48:33.046, 21096, 100
2026/08/05 12:48:34.049, 21096, 100
2026/08/05 12:48:35.053, 21096, 100
2026/08/05 12:48:36.056, 21096, 100
2026/08/05 12:48:37.060, 21096, 85
2026/08/05 12:48:38.063, 21096, 100
2026/08/05 12:48:39.066, 21096, 100
2026/08/05 12:48:40.070, 21096, 84
2026/08/05 12:48:41.073, 21096, 100
2026/08/05 12:48:42.077, 21096, 100
2026/08/05 12:48:43.080, 21096, 100
2026/08/05 12:48:44.084, 21096, 100
2026/08/05 12:48:45.086, 21096, 100
2026/08/05 12:48:46.089, 21096, 100
2026/08/05 12:48:47.091, 21096, 100
2026/08/05 12:48:48.093, 21096, 100
2026/08/05 12:48:49.096, 21096, 100
2026/08/05 12:48:50.099, 21096, 100
2026/08/05 12:48:51.102, 21096, 100
2026/08/05 12:48:52.104, 21096, 100
2026/08/05 12:48:53.107, 21096, 63
2026/08/05 12:48:54.109, 21096, 100
2026/08/05 12:48:55.112, 21096, 100
2026/08/05 12:48:56.115, 21096, 100
2026/08/05 12:48:57.117, 21096, 100
2026/08/05 12:48:58.119, 21096, 100
2026/08/05 12:48:59.121, 21096, 100
2026/08/05 12:49:00.123, 21096, 100
2026/08/05 12:49:01.126, 21096, 100
2026/08/05 12:49:02.128, 21096, 100
2026/08/05 12:49:03.130, 21096, 100
2026/08/05 12:49:04.132, 21096, 100
2026/08/05 12:49:05.134, 21096, 100
2026/08/05 12:49:06.136, 21096, 100
2026/08/05 12:49:07.138, 21096, 100
2026/08/05 12:49:08.140, 21096, 100
2026/08/05 12:49:09.141, 21096, 100
2026/08/05 12:49:10.144, 21096, 100
2026/08/05 12:49:11.145, 21096, 100
2026/08/05 12:49:12.148, 21096, 100
2026/08/05 12:49:13.149, 21096, 100
2026/08/05 12:49:14.151, 21096, 100
2026/08/05 12:49:15.153, 21096, 100
2026/08/05 12:49:16.156, 21096, 100
2026/08/05 12:49:17.157, 21096, 100
2026/08/05 12:49:18.159, 21096, 100
2026/08/05 12:49:19.161, 21096, 100
2026/08/05 12:49:20.163, 21096, 100
2026/08/05 12:49:21.164, 21096, 100
2026/08/05 12:49:22.166, 21096, 98
2026/08/05 12:49:23.167, 21096, 100
2026/08/05 12:49:24.168, 21096, 100
2026/08/05 12:49:25.170, 21096, 100
2026/08/05 12:49:26.171, 21096, 100
2026/08/05 12:49:27.173, 21096, 100
2026/08/05 12:49:28.174, 21096, 100
2026/08/05 12:49:29.175, 21096, 100
2026/08/05 12:49:30.177, 21096, 100
2026/08/05 12:49:31.178, 21096, 100
2026/08/05 12:49:32.180, 21096, 100
2026/08/05 12:49:33.181, 21096, 100
2026/08/05 12:49:34.183, 21096, 85
2026/08/05 12:49:35.184, 21096, 100
2026/08/05 12:49:36.186, 21096, 100
2026/08/05 12:49:37.188, 21096, 100
2026/08/05 12:49:38.189, 21096, 100
2026/08/05 12:49:39.191, 21096, 100
2026/08/05 12:49:40.195, 21096, 100
2026/08/05 12:49:41.196, 21096, 100
2026/08/05 12:49:42.198, 21096, 100
2026/08/05 12:49:43.199, 21096, 84
2026/08/05 12:49:44.201, 21096, 84
2026/08/05 12:49:45.202, 21096, 100
2026/08/05 12:49:46.203, 21096, 100
2026/08/05 12:49:47.205, 21096, 100
2026/08/05 12:49:48.207, 21096, 84
2026/08/05 12:49:49.208, 21096, 64
2026/08/05 12:49:50.210, 21096, 83
2026/08/05 12:49:51.211, 21096, 100
2026/08/05 12:49:52.212, 21096, 84
2026/08/05 12:49:53.214, 21096, 100
2026/08/05 12:49:54.215, 21096, 100
2026/08/05 12:49:55.217, 21096, 100
2026/08/05 12:49:56.219, 21096, 100
2026/08/05 12:49:57.220, 21096, 100
2026/08/05 12:49:58.222, 21096, 100
2026/08/05 12:49:59.224, 21096, 100
2026/08/05 12:50:00.225, 21096, 63
2026/08/05 12:50:01.227, 21096, 84
2026/08/05 12:50:02.228, 21096, 60
2026/08/05 12:50:03.230, 21096, 100
2026/08/05 12:50:04.231, 21096, 100
2026/08/05 12:50:05.233, 21096, 100
2026/08/05 12:50:06.234, 21096, 100
2026/08/05 12:50:07.235, 21096, 100
2026/08/05 12:50:08.237, 21096, 100
2026/08/05 12:50:09.238, 21096, 100
2026/08/05 12:50:10.240, 21096, 100
2026/08/05 12:50:11.241, 21096, 100
2026/08/05 12:50:12.243, 21096, 100
2026/08/05 12:50:13.243, 21096, 87
2026/08/05 12:50:14.244, 21096, 100
2026/08/05 12:50:15.244, 21096, 100
2026/08/05 12:50:16.244, 21096, 100
2026/08/05 12:50:17.244, 21096, 100
2026/08/05 12:50:18.245, 21096, 100
2026/08/05 12:50:19.245, 21096, 100
2026/08/05 12:50:20.245, 21096, 100
2026/08/05 12:50:21.246, 21096, 85
2026/08/05 12:50:22.246, 21096, 84
2026/08/05 12:50:23.246, 21096, 4
2026/08/05 12:50:24.246, 21096, 84
2026/08/05 12:50:25.247, 21096, 86
2026/08/05 12:50:26.247, 21096, 100
2026/08/05 12:50:27.247, 21096, 100
2026/08/05 12:50:28.248, 21096, 100
2026/08/05 12:50:29.248, 21096, 100
2026/08/05 12:50:30.248, 21096, 83
2026/08/05 12:50:31.249, 21096, 100
2026/08/05 12:50:32.249, 21096, 100
2026/08/05 12:50:33.250, 21096, 100
2026/08/05 12:50:34.250, 21096, 100
2026/08/05 12:50:35.250, 21096, 100
2026/08/05 12:50:36.251, 21096, 100
2026/08/05 12:50:37.251, 21096, 100
2026/08/05 12:50:38.251, 21096, 81
2026/08/05 12:50:39.252, 21096, 82
2026/08/05 12:50:40.252, 21096, 81
2026/08/05 12:50:41.252, 21096, 83
2026/08/05 12:50:42.253, 21096, 71
2026/08/05 12:50:43.253, 21096, 100
2026/08/05 12:50:44.253, 21096, 100
2026/08/05 12:50:45.253, 21096, 100
2026/08/05 12:50:46.254, 21096, 100
2026/08/05 12:50:47.254, 21096, 100
2026/08/05 12:50:48.254, 21096, 100
2026/08/05 12:50:49.255, 21096, 100
2026/08/05 12:50:50.255, 21096, 100
2026/08/05 12:50:51.255, 21096, 87
2026/08/05 12:50:52.256, 21096, 87
2026/08/05 12:50:53.256, 21096, 100
2026/08/05 12:50:54.256, 21096, 100
2026/08/05 12:50:55.257, 21096, 100
2026/08/05 12:50:56.257, 21096, 99
2026/08/05 12:50:57.257, 21096, 100
2026/08/05 12:50:58.258, 21096, 100
2026/08/05 12:50:59.258, 21096, 100
2026/08/05 12:51:00.258, 21096, 100
2026/08/05 12:51:01.258, 21096, 100
2026/08/05 12:51:02.259, 21096, 100
2026/08/05 12:51:03.259, 21096, 100
2026/08/05 12:51:04.259, 21096, 100
2026/08/05 12:51:05.260, 21096, 100
2026/08/05 12:51:06.260, 21096, 100
2026/08/05 12:51:07.260, 21096, 100
2026/08/05 12:51:08.261, 21096, 100
2026/08/05 12:51:09.261, 21096, 100
2026/08/05 12:51:10.261, 21096, 100
2026/08/05 12:51:11.262, 21096, 100
2026/08/05 12:51:12.262, 21096, 100
2026/08/05 12:51:13.262, 21096, 100
2026/08/05 12:51:14.263, 21096, 100
2026/08/05 12:51:15.263, 21096, 100
2026/08/05 12:51:16.263, 21096, 100
2026/08/05 12:51:17.264, 21096, 100
2026/08/05 12:51:18.268, 21096, 100
2026/08/05 12:51:19.282, 21096, 100
2026/08/05 12:51:20.295, 21096, 84
2026/08/05 12:51:21.306, 21096, 68
2026/08/05 12:51:22.317, 21096, 100
2026/08/05 12:51:23.326, 21096, 100
2026/08/05 12:51:24.334, 21096, 100
2026/08/05 12:51:25.341, 21096, 100
2026/08/05 12:51:26.347, 21096, 100
2026/08/05 12:51:27.353, 21096, 100
2026/08/05 12:51:28.358, 21096, 100
2026/08/05 12:51:29.363, 21096, 100
2026/08/05 12:51:30.367, 21096, 100
2026/08/05 12:51:31.370, 21096, 100
2026/08/05 12:51:32.374, 21096, 100
2026/08/05 12:51:33.378, 21096, 100
2026/08/05 12:51:34.381, 21096, 100
2026/08/05 12:51:35.383, 21096, 100
2026/08/05 12:51:36.386, 21096, 83
2026/08/05 12:51:37.388, 21096, 100
2026/08/05 12:51:38.391, 21096, 100
2026/08/05 12:51:39.393, 21096, 100
2026/08/05 12:51:40.395, 21096, 100
2026/08/05 12:51:41.397, 21096, 100
2026/08/05 12:51:42.399, 21096, 100
2026/08/05 12:51:43.400, 21096, 100
2026/08/05 12:51:44.402, 21096, 100
2026/08/05 12:51:45.403, 21096, 83
2026/08/05 12:51:46.404, 21096, 100
2026/08/05 12:51:47.406, 21096, 100
2026/08/05 12:51:48.407, 21096, 100
2026/08/05 12:51:49.409, 21096, 100
2026/08/05 12:51:50.410, 21096, 100
2026/08/05 12:51:51.411, 21096, 100
2026/08/05 12:51:52.411, 21096, 100
2026/08/05 12:51:53.411, 21096, 100
2026/08/05 12:51:54.411, 21096, 100
2026/08/05 12:51:55.412, 21096, 100
2026/08/05 12:51:56.412, 21096, 100
2026/08/05 12:51:57.412, 21096, 100
2026/08/05 12:51:58.413, 21096, 83
2026/08/05 12:51:59.413, 21096, 100
2026/08/05 12:52:00.413, 21096, 100
2026/08/05 12:52:01.414, 21096, 100
2026/08/05 12:52:02.414, 21096, 100
2026/08/05 12:52:03.414, 21096, 100
2026/08/05 12:52:04.415, 21096, 100
2026/08/05 12:52:05.415, 21096, 100
2026/08/05 12:52:06.415, 21096, 100
2026/08/05 12:52:07.415, 21096, 100
2026/08/05 12:52:08.416, 21096, 100
2026/08/05 12:52:09.416, 21096, 100
2026/08/05 12:52:10.417, 21096, 84
2026/08/05 12:52:11.417, 21096, 100
2026/08/05 12:52:12.417, 21096, 100
2026/08/05 12:52:13.418, 21096, 92
2026/08/05 12:52:14.418, 21096, 96
2026/08/05 12:52:15.418, 21096, 100
2026/08/05 12:52:16.418, 21096, 100
2026/08/05 12:52:17.419, 21096, 100
2026/08/05 12:52:18.419, 21096, 100
2026/08/05 12:52:19.419, 21096, 100
2026/08/05 12:52:20.420, 21096, 100
2026/08/05 12:52:21.420, 21096, 100
2026/08/05 12:52:22.420, 21096, 100
2026/08/05 12:52:23.421, 21096, 100
2026/08/05 12:52:24.421, 21096, 100
2026/08/05 12:52:25.421, 21096, 100
2026/08/05 12:52:26.422, 21096, 100
2026/08/05 12:52:27.422, 21096, 100
2026/08/05 12:52:28.422, 21096, 100
2026/08/05 12:52:29.423, 21096, 100
2026/08/05 12:52:30.423, 21096, 100
2026/08/05 12:52:31.423, 21096, 100
2026/08/05 12:52:32.424, 21096, 100
2026/08/05 12:52:33.424, 21096, 100
2026/08/05 12:52:34.424, 21096, 100
2026/08/05 12:52:35.425, 21096, 100
2026/08/05 12:52:36.425, 21096, 91
2026/08/05 12:52:37.425, 21096, 100
2026/08/05 12:52:38.425, 21096, 100
2026/08/05 12:52:39.426, 21096, 100
2026/08/05 12:52:40.426, 21096, 100
2026/08/05 12:52:41.426, 21096, 100
2026/08/05 12:52:42.426, 21096, 100
2026/08/05 12:52:43.427, 21096, 100
2026/08/05 12:52:44.427, 21096, 100
2026/08/05 12:52:45.427, 21096, 87
2026/08/05 12:52:46.427, 21096, 100
2026/08/05 12:52:47.428, 21096, 100
2026/08/05 12:52:48.428, 21096, 100
2026/08/05 12:52:49.428, 21096, 100
2026/08/05 12:52:50.429, 21096, 100
2026/08/05 12:52:51.429, 21096, 83
2026/08/05 12:52:52.429, 21096, 100
2026/08/05 12:52:53.429, 21096, 100
2026/08/05 12:52:54.430, 21096, 100
2026/08/05 12:52:55.430, 21096, 100
2026/08/05 12:52:56.430, 21096, 100
2026/08/05 12:52:57.430, 21096, 100
2026/08/05 12:52:58.431, 21096, 100
2026/08/05 12:52:59.431, 21096, 100
2026/08/05 12:53:00.431, 21096, 100
2026/08/05 12:53:01.432, 21096, 88
2026/08/05 12:53:02.432, 21096, 100
2026/08/05 12:53:03.433, 21096, 100
2026/08/05 12:53:04.433, 21096, 85
2026/08/05 12:53:05.433, 21096, 100
2026/08/05 12:53:06.433, 21096, 100
2026/08/05 12:53:07.433, 21096, 100
2026/08/05 12:53:08.434, 21096, 100
2026/08/05 12:53:09.434, 21096, 100
2026/08/05 12:53:10.434, 21096, 100
2026/08/05 12:53:11.434, 21096, 100
2026/08/05 12:53:12.435, 21096, 100
2026/08/05 12:53:13.435, 21096, 100
2026/08/05 12:53:14.435, 21096, 100
2026/08/05 12:53:15.435, 21096, 100
2026/08/05 12:53:16.436, 21096, 85
2026/08/05 12:53:17.436, 21096, 66
2026/08/05 12:53:18.437, 21096, 85
2026/08/05 12:53:19.437, 21096, 100
2026/08/05 12:53:20.437, 21096, 100
2026/08/05 12:53:21.437, 21096, 100
2026/08/05 12:53:22.437, 21096, 85
2026/08/05 12:53:23.438, 21096, 67
2026/08/05 12:53:24.438, 21096, 100
2026/08/05 12:53:25.438, 21096, 100
2026/08/05 12:53:26.438, 21096, 100
2026/08/05 12:53:27.438, 21096, 100
2026/08/05 12:53:28.440, 21096, 100
2026/08/05 12:53:29.442, 21096, 100
2026/08/05 12:53:30.444, 21096, 100
2026/08/05 12:53:31.447, 21096, 70
2026/08/05 12:53:32.449, 21096, 100
2026/08/05 12:53:33.452, 21096, 100
2026/08/05 12:53:34.454, 21096, 100
2026/08/05 12:53:35.457, 21096, 100
2026/08/05 12:53:36.458, 21096, 100
2026/08/05 12:53:37.459, 21096, 100
2026/08/05 12:53:38.461, 21096, 100
2026/08/05 12:53:39.462, 21096, 86
2026/08/05 12:53:40.463, 21096, 100
2026/08/05 12:53:41.465, 21096, 100
2026/08/05 12:53:42.466, 21096, 100
2026/08/05 12:53:43.468, 21096, 85
2026/08/05 12:53:44.470, 21096, 100
2026/08/05 12:53:45.471, 21096, 100
2026/08/05 12:53:46.473, 21096, 100
2026/08/05 12:53:47.474, 21096, 100
2026/08/05 12:53:48.476, 21096, 84
2026/08/05 12:53:49.477, 21096, 100
2026/08/05 12:53:50.478, 21096, 100
2026/08/05 12:53:51.480, 21096, 94
2026/08/05 12:53:52.481, 21096, 97
2026/08/05 12:53:53.482, 21096, 100
2026/08/05 12:53:54.483, 21096, 100
2026/08/05 12:53:55.485, 21096, 100
2026/08/05 12:53:56.486, 21096, 100
2026/08/05 12:53:57.487, 21096, 100
2026/08/05 12:53:58.489, 21096, 100
2026/08/05 12:53:59.490, 21096, 100
2026/08/05 12:54:00.491, 21096, 88
2026/08/05 12:54:01.493, 21096, 100
2026/08/05 12:54:02.494, 21096, 100
2026/08/05 12:54:03.495, 21096, 100
2026/08/05 12:54:04.496, 21096, 100
2026/08/05 12:54:05.498, 21096, 100
2026/08/05 12:54:06.499, 21096, 100
2026/08/05 12:54:07.500, 21096, 100
2026/08/05 12:54:08.502, 21096, 100
2026/08/05 12:54:09.503, 21096, 100
2026/08/05 12:54:10.504, 21096, 100
2026/08/05 12:54:11.505, 21096, 100
2026/08/05 12:54:12.507, 21096, 100
2026/08/05 12:54:13.508, 21096, 100
2026/08/05 12:54:14.509, 21096, 100
2026/08/05 12:54:15.511, 21096, 100
2026/08/05 12:54:16.512, 21096, 84
2026/08/05 12:54:17.513, 21096, 100
2026/08/05 12:54:18.515, 21096, 100
2026/08/05 12:54:19.515, 21096, 100
2026/08/05 12:54:20.517, 21096, 100
2026/08/05 12:54:21.518, 21096, 100
2026/08/05 12:54:22.519, 21096, 100
2026/08/05 12:54:23.521, 21096, 86
2026/08/05 12:54:24.522, 21096, 100
2026/08/05 12:54:25.523, 21096, 100
2026/08/05 12:54:26.525, 21096, 100
2026/08/05 12:54:27.525, 21096, 100
2026/08/05 12:54:28.527, 21096, 100
2026/08/05 12:54:29.528, 21096, 100
2026/08/05 12:54:30.529, 21096, 100
2026/08/05 12:54:31.530, 21096, 100
2026/08/05 12:54:32.531, 21096, 100
2026/08/05 12:54:33.531, 21096, 100
2026/08/05 12:54:34.531, 21096, 100
2026/08/05 12:54:35.532, 21096, 83
2026/08/05 12:54:36.532, 21096, 100
2026/08/05 12:54:37.532, 21096, 100
2026/08/05 12:54:38.533, 21096, 100
2026/08/05 12:54:39.533, 21096, 100
2026/08/05 12:54:40.533, 21096, 86
2026/08/05 12:54:41.533, 21096, 100
2026/08/05 12:54:42.534, 21096, 100
2026/08/05 12:54:43.534, 21096, 100
2026/08/05 12:54:44.534, 21096, 100
2026/08/05 12:54:45.536, 21096, 100
2026/08/05 12:54:46.536, 21096, 100
2026/08/05 12:54:47.536, 21096, 100
2026/08/05 12:54:48.537, 21096, 100
2026/08/05 12:54:49.537, 21096, 100
2026/08/05 12:54:50.537, 21096, 100
2026/08/05 12:54:51.537, 21096, 100
2026/08/05 12:54:52.538, 21096, 100
2026/08/05 12:54:53.538, 21096, 98
2026/08/05 12:54:54.538, 21096, 100
2026/08/05 12:54:55.538, 21096, 100
2026/08/05 12:54:56.539, 21096, 100
2026/08/05 12:54:57.539, 21096, 100
2026/08/05 12:54:58.539, 21096, 83
2026/08/05 12:54:59.539, 21096, 100
2026/08/05 12:55:00.540, 21096, 100
2026/08/05 12:55:01.541, 21096, 100
2026/08/05 12:55:02.541, 21096, 92
2026/08/05 12:55:03.541, 21096, 100
2026/08/05 12:55:04.542, 21096, 100
2026/08/05 12:55:05.542, 21096, 100
2026/08/05 12:55:06.542, 21096, 99
2026/08/05 12:55:07.542, 21096, 96
2026/08/05 12:55:08.543, 21096, 100
2026/08/05 12:55:09.543, 21096, 100
2026/08/05 12:55:10.543, 21096, 62
2026/08/05 12:55:11.543, 21096, 100
2026/08/05 12:55:12.543, 21096, 100
2026/08/05 12:55:13.544, 21096, 100
2026/08/05 12:55:14.544, 21096, 100
2026/08/05 12:55:15.544, 21096, 100
2026/08/05 12:55:16.544, 21096, 100
2026/08/05 12:55:17.545, 21096, 100
2026/08/05 12:55:18.545, 21096, 100
2026/08/05 12:55:19.545, 21096, 100
2026/08/05 12:55:20.545, 21096, 100
2026/08/05 12:55:21.545, 21096, 100
2026/08/05 12:55:22.546, 21096, 100
2026/08/05 12:55:23.546, 21096, 100
2026/08/05 12:55:24.546, 21096, 100
2026/08/05 12:55:25.546, 21096, 100
2026/08/05 12:55:26.547, 21096, 100
2026/08/05 12:55:27.547, 21096, 100
2026/08/05 12:55:28.547, 21096, 100
2026/08/05 12:55:29.547, 21096, 100
2026/08/05 12:55:30.548, 21096, 100
2026/08/05 12:55:31.548, 21096, 84
2026/08/05 12:55:32.549, 21096, 100
2026/08/05 12:55:33.549, 21096, 100
2026/08/05 12:55:34.550, 21096, 100
2026/08/05 12:55:35.550, 21096, 100
2026/08/05 12:55:36.550, 21096, 100
2026/08/05 12:55:37.552, 21096, 100
2026/08/05 12:55:38.553, 21096, 100
2026/08/05 12:55:39.554, 21096, 100
2026/08/05 12:55:40.556, 21096, 100
2026/08/05 12:55:41.557, 21096, 100
2026/08/05 12:55:42.558, 21096, 100
2026/08/05 12:55:43.560, 21096, 100
2026/08/05 12:55:44.561, 21096, 100
2026/08/05 12:55:45.563, 21096, 100
2026/08/05 12:55:46.564, 21096, 100
2026/08/05 12:55:47.565, 21096, 100
2026/08/05 12:55:48.567, 21096, 100
2026/08/05 12:55:49.568, 21096, 100
2026/08/05 12:55:50.569, 21096, 100
2026/08/05 12:55:51.571, 21096, 100
2026/08/05 12:55:52.572, 21096, 100
2026/08/05 12:55:53.574, 21096, 85
2026/08/05 12:55:54.575, 21096, 100
2026/08/05 12:55:55.577, 21096, 100
2026/08/05 12:55:56.578, 21096, 100
2026/08/05 12:55:57.580, 21096, 100
2026/08/05 12:55:58.580, 21096, 100
2026/08/05 12:55:59.582, 21096, 100
2026/08/05 12:56:00.583, 21096, 70
2026/08/05 12:56:01.583, 21096, 100
2026/08/05 12:56:02.584, 21096, 100
2026/08/05 12:56:03.585, 21096, 100
2026/08/05 12:56:04.587, 21096, 100
2026/08/05 12:56:05.588, 21096, 100
2026/08/05 12:56:06.589, 21096, 100
2026/08/05 12:56:07.590, 21096, 100
2026/08/05 12:56:08.591, 21096, 100
2026/08/05 12:56:09.592, 21096, 100
2026/08/05 12:56:10.593, 21096, 100
2026/08/05 12:56:11.594, 21096, 100
2026/08/05 12:56:12.594, 21096, 100
2026/08/05 12:56:13.595, 21096, 100
2026/08/05 12:56:14.596, 21096, 100
2026/08/05 12:56:15.597, 21096, 100
2026/08/05 12:56:16.597, 21096, 100
2026/08/05 12:56:17.598, 21096, 100
2026/08/05 12:56:18.598, 21096, 100
2026/08/05 12:56:19.600, 21096, 100
2026/08/05 12:56:20.601, 21096, 100
2026/08/05 12:56:21.602, 21096, 100
2026/08/05 12:56:22.602, 21096, 100
2026/08/05 12:56:23.603, 21096, 85
2026/08/05 12:56:24.604, 21096, 71
2026/08/05 12:56:25.606, 21096, 84
2026/08/05 12:56:26.607, 21096, 100
2026/08/05 12:56:27.608, 21096, 100
2026/08/05 12:56:28.610, 21096, 100
2026/08/05 12:56:29.611, 21096, 100
2026/08/05 12:56:30.613, 21096, 100
2026/08/05 12:56:31.614, 21096, 84
2026/08/05 12:56:32.616, 21096, 100
2026/08/05 12:56:33.617, 21096, 100
2026/08/05 12:56:34.619, 21096, 100
2026/08/05 12:56:35.620, 21096, 100
2026/08/05 12:56:36.621, 21096, 100
2026/08/05 12:56:37.623, 21096, 100
2026/08/05 12:56:38.624, 21096, 100
2026/08/05 12:56:39.626, 21096, 84
2026/08/05 12:56:40.627, 21096, 100
2026/08/05 12:56:41.629, 21096, 100
2026/08/05 12:56:42.630, 21096, 86
2026/08/05 12:56:43.631, 21096, 85
2026/08/05 12:56:44.632, 21096, 86
2026/08/05 12:56:45.633, 21096, 100
2026/08/05 12:56:46.635, 21096, 73
2026/08/05 12:56:47.636, 21096, 85
2026/08/05 12:56:48.638, 21096, 100
2026/08/05 12:56:49.639, 21096, 100
2026/08/05 12:56:50.641, 21096, 94
2026/08/05 12:56:51.642, 21096, 100
2026/08/05 12:56:52.644, 21096, 100
2026/08/05 12:56:53.645, 21096, 100
2026/08/05 12:56:54.647, 21096, 100
2026/08/05 12:56:55.648, 21096, 100
2026/08/05 12:56:56.649, 21096, 100
2026/08/05 12:56:57.651, 21096, 100
2026/08/05 12:56:58.652, 21096, 100
2026/08/05 12:56:59.653, 21096, 100
2026/08/05 12:57:00.655, 21096, 100
2026/08/05 12:57:01.656, 21096, 100
2026/08/05 12:57:02.657, 21096, 100
2026/08/05 12:57:03.659, 21096, 100
2026/08/05 12:57:04.660, 21096, 85
2026/08/05 12:57:05.662, 21096, 100
2026/08/05 12:57:06.662, 21096, 100
2026/08/05 12:57:07.663, 21096, 100
2026/08/05 12:57:08.663, 21096, 100
2026/08/05 12:57:09.665, 21096, 100
2026/08/05 12:57:10.665, 21096, 93
2026/08/05 12:57:11.666, 21096, 100
2026/08/05 12:57:12.666, 21096, 100
2026/08/05 12:57:13.666, 21096, 100
2026/08/05 12:57:14.667, 21096, 100
2026/08/05 12:57:15.667, 21096, 100
2026/08/05 12:57:16.667, 21096, 100
2026/08/05 12:57:17.668, 21096, 100
2026/08/05 12:57:18.668, 21096, 100
2026/08/05 12:57:19.669, 21096, 100
2026/08/05 12:57:20.669, 21096, 100
2026/08/05 12:57:21.669, 21096, 100
2026/08/05 12:57:22.670, 21096, 100
2026/08/05 12:57:23.670, 21096, 100
2026/08/05 12:57:24.670, 21096, 100
2026/08/05 12:57:25.671, 21096, 100
2026/08/05 12:57:26.671, 21096, 100
2026/08/05 12:57:27.672, 21096, 100
2026/08/05 12:57:28.672, 21096, 100
2026/08/05 12:57:29.673, 21096, 100
2026/08/05 12:57:30.673, 21096, 100
2026/08/05 12:57:31.673, 21096, 100
2026/08/05 12:57:32.674, 21096, 100
2026/08/05 12:57:33.674, 21096, 100
2026/08/05 12:57:34.675, 21096, 100
2026/08/05 12:57:35.675, 21096, 100
2026/08/05 12:57:36.675, 21096, 100
2026/08/05 12:57:37.675, 21096, 100
2026/08/05 12:57:38.676, 21096, 100
2026/08/05 12:57:39.676, 21096, 100
2026/08/05 12:57:40.676, 21096, 83
2026/08/05 12:57:41.677, 21096, 98
2026/08/05 12:57:42.677, 21096, 100
2026/08/05 12:57:43.677, 21096, 100
2026/08/05 12:57:44.677, 21096, 100
2026/08/05 12:57:45.678, 21096, 87
2026/08/05 12:57:46.678, 21096, 100
2026/08/05 12:57:47.678, 21096, 100
2026/08/05 12:57:48.678, 21096, 85
2026/08/05 12:57:49.679, 21096, 100
2026/08/05 12:57:50.679, 21096, 100
2026/08/05 12:57:51.679, 21096, 100
2026/08/05 12:57:52.679, 21096, 100
2026/08/05 12:57:53.680, 21096, 100
2026/08/05 12:57:54.680, 21096, 87
2026/08/05 12:57:55.680, 21096, 100
2026/08/05 12:57:56.680, 21096, 100
2026/08/05 12:57:57.681, 21096, 100
2026/08/05 12:57:58.681, 21096, 69
2026/08/05 12:57:59.681, 21096, 100
2026/08/05 12:58:00.681, 21096, 100
2026/08/05 12:58:01.682, 21096, 100
2026/08/05 12:58:02.682, 21096, 100
2026/08/05 12:58:03.682, 21096, 100
2026/08/05 12:58:04.682, 21096, 100
2026/08/05 12:58:05.683, 21096, 100
2026/08/05 12:58:06.683, 21096, 100
2026/08/05 12:58:07.683, 21096, 96
2026/08/05 12:58:08.684, 21096, 100
2026/08/05 12:58:09.684, 21096, 100
2026/08/05 12:58:10.685, 21096, 100
2026/08/05 12:58:11.685, 21096, 100
2026/08/05 12:58:12.685, 21096, 100
2026/08/05 12:58:13.686, 21096, 100
2026/08/05 12:58:14.686, 21096, 85
2026/08/05 12:58:15.686, 21096, 100
2026/08/05 12:58:16.686, 21096, 100
2026/08/05 12:58:17.686, 21096, 85
2026/08/05 12:58:18.687, 21096, 100
2026/08/05 12:58:19.687, 21096, 100
2026/08/05 12:58:20.687, 21096, 100
2026/08/05 12:58:21.687, 21096, 100
2026/08/05 12:58:22.688, 21096, 100
2026/08/05 12:58:23.688, 21096, 100
2026/08/05 12:58:24.688, 21096, 100
2026/08/05 12:58:25.688, 21096, 100
2026/08/05 12:58:26.689, 21096, 100
2026/08/05 12:58:27.689, 21096, 100
2026/08/05 12:58:28.689, 21096, 100
2026/08/05 12:58:29.689, 21096, 100
2026/08/05 12:58:30.690, 21096, 100
2026/08/05 12:58:31.690, 21096, 100
2026/08/05 12:58:32.690, 21096, 100
2026/08/05 12:58:33.690, 21096, 100
2026/08/05 12:58:34.691, 21096, 100
2026/08/05 12:58:35.691, 21096, 100
2026/08/05 12:58:36.691, 21096, 84
2026/08/05 12:58:37.691, 21096, 100
2026/08/05 12:58:38.692, 21096, 100
2026/08/05 12:58:39.692, 21096, 100
2026/08/05 12:58:40.692, 21096, 100
2026/08/05 12:58:41.692, 21096, 100
2026/08/05 12:58:42.692, 21096, 100
2026/08/05 12:58:43.693, 21096, 100
2026/08/05 12:58:44.693, 21096, 100
2026/08/05 12:58:45.693, 21096, 65
2026/08/05 12:58:46.693, 21096, 100
2026/08/05 12:58:47.694, 21096, 100
2026/08/05 12:58:48.694, 21096, 100
2026/08/05 12:58:49.694, 21096, 89
2026/08/05 12:58:50.694, 21096, 100
2026/08/05 12:58:51.695, 21096, 100
2026/08/05 12:58:52.695, 21096, 100
2026/08/05 12:58:53.695, 21096, 100
2026/08/05 12:58:54.695, 21096, 100
2026/08/05 12:58:55.696, 21096, 85
2026/08/05 12:58:56.696, 21096, 100
2026/08/05 12:58:57.696, 21096, 100
2026/08/05 12:58:58.697, 21096, 100
2026/08/05 12:58:59.697, 21096, 100
2026/08/05 12:59:00.697, 21096, 66
2026/08/05 12:59:01.697, 21096, 100
2026/08/05 12:59:02.698, 21096, 100
2026/08/05 12:59:03.698, 21096, 93
2026/08/05 12:59:04.698, 21096, 100
2026/08/05 12:59:05.699, 21096, 68
2026/08/05 12:59:06.699, 21096, 100
2026/08/05 12:59:07.699, 21096, 100
2026/08/05 12:59:08.699, 21096, 100
2026/08/05 12:59:09.700, 21096, 100
2026/08/05 12:59:10.700, 21096, 100
2026/08/05 12:59:11.700, 21096, 84
2026/08/05 12:59:12.701, 21096, 100
2026/08/05 12:59:13.701, 21096, 100
2026/08/05 12:59:14.701, 21096, 100
2026/08/05 12:59:15.701, 21096, 100
2026/08/05 12:59:16.702, 21096, 100
2026/08/05 12:59:17.702, 21096, 100
2026/08/05 12:59:18.702, 21096, 100
2026/08/05 12:59:19.703, 21096, 100
2026/08/05 12:59:20.703, 21096, 100
2026/08/05 12:59:21.703, 21096, 100
2026/08/05 12:59:22.703, 21096, 85
2026/08/05 12:59:23.704, 21096, 100
2026/08/05 12:59:24.704, 21096, 100
2026/08/05 12:59:25.704, 21096, 100
2026/08/05 12:59:26.704, 21096, 100
2026/08/05 12:59:27.704, 21096, 100
2026/08/05 12:59:28.705, 21096, 100
2026/08/05 12:59:29.705, 21096, 100
2026/08/05 12:59:30.705, 21096, 100
2026/08/05 12:59:31.706, 21096, 100
2026/08/05 12:59:32.706, 21096, 100
2026/08/05 12:59:33.706, 21096, 100
2026/08/05 12:59:34.706, 21096, 100
2026/08/05 12:59:35.706, 21096, 93
2026/08/05 12:59:36.707, 21096, 100
2026/08/05 12:59:37.707, 21096, 100
2026/08/05 12:59:38.707, 21096, 100
2026/08/05 12:59:39.707, 21096, 100
2026/08/05 12:59:40.708, 21096, 100
2026/08/05 12:59:41.708, 21096, 100
2026/08/05 12:59:42.708, 21096, 100
2026/08/05 12:59:43.708, 21096, 100
2026/08/05 12:59:44.709, 21096, 100
2026/08/05 12:59:45.709, 21096, 100
2026/08/05 12:59:46.709, 21096, 89
2026/08/05 12:59:47.709, 21096, 100
2026/08/05 12:59:48.710, 21096, 87
2026/08/05 12:59:49.710, 21096, 100
2026/08/05 12:59:50.710, 21096, 100
2026/08/05 12:59:51.710, 21096, 100
2026/08/05 12:59:52.711, 21096, 66
2026/08/05 12:59:53.711, 21096, 100
2026/08/05 12:59:54.711, 21096, 87
2026/08/05 12:59:55.711, 21096, 100
2026/08/05 12:59:56.712, 21096, 100
2026/08/05 12:59:57.712, 21096, 100
2026/08/05 12:59:58.712, 21096, 100
2026/08/05 12:59:59.713, 21096, 100
2026/08/05 13:00:00.713, 21096, 100
2026/08/05 13:00:01.713, 21096, 100
2026/08/05 13:00:02.714, 21096, 100
2026/08/05 13:00:03.714, 21096, 85
2026/08/05 13:00:04.715, 21096, 100
2026/08/05 13:00:05.715, 21096, 100
2026/08/05 13:00:06.716, 21096, 100
2026/08/05 13:00:07.716, 21096, 100
2026/08/05 13:00:08.716, 21096, 85
2026/08/05 13:00:09.717, 21096, 85
2026/08/05 13:00:10.717, 21096, 100
2026/08/05 13:00:11.717, 21096, 100
2026/08/05 13:00:12.717, 21096, 69
2026/08/05 13:00:13.717, 21096, 100
2026/08/05 13:00:14.718, 21096, 100
2026/08/05 13:00:15.718, 21096, 100
2026/08/05 13:00:16.718, 21096, 100
2026/08/05 13:00:17.718, 21096, 100
2026/08/05 13:00:18.718, 21096, 86
2026/08/05 13:00:19.719, 21096, 100
2026/08/05 13:00:20.719, 21096, 100
2026/08/05 13:00:21.719, 21096, 100
2026/08/05 13:00:22.719, 21096, 85
2026/08/05 13:00:23.720, 21096, 100
2026/08/05 13:00:24.720, 21096, 100
2026/08/05 13:00:25.720, 21096, 100
2026/08/05 13:00:26.721, 21096, 100
2026/08/05 13:00:27.721, 21096, 100
2026/08/05 13:00:28.721, 21096, 100
2026/08/05 13:00:29.722, 21096, 100
2026/08/05 13:00:30.722, 21096, 100
2026/08/05 13:00:31.722, 21096, 100
2026/08/05 13:00:32.722, 21096, 100
2026/08/05 13:00:33.722, 21096, 100
2026/08/05 13:00:34.723, 21096, 100
2026/08/05 13:00:35.723, 21096, 100
2026/08/05 13:00:36.723, 21096, 100
2026/08/05 13:00:37.724, 21096, 100
2026/08/05 13:00:38.724, 21096, 100
2026/08/05 13:00:39.724, 21096, 100
2026/08/05 13:00:40.724, 21096, 85
2026/08/05 13:00:41.725, 21096, 100
2026/08/05 13:00:42.725, 21096, 100
2026/08/05 13:00:43.725, 21096, 100
2026/08/05 13:00:44.726, 21096, 100
2026/08/05 13:00:45.726, 21096, 84
2026/08/05 13:00:46.726, 21096, 100
2026/08/05 13:00:47.727, 21096, 100
2026/08/05 13:00:48.727, 21096, 84
2026/08/05 13:00:49.727, 21096, 100
2026/08/05 13:00:50.728, 21096, 100
2026/08/05 13:00:51.728, 21096, 84
2026/08/05 13:00:52.728, 21096, 87
2026/08/05 13:00:53.729, 21096, 100
2026/08/05 13:00:54.729, 21096, 100
2026/08/05 13:00:55.729, 21096, 98
2026/08/05 13:00:56.730, 21096, 100
2026/08/05 13:00:57.730, 21096, 100
2026/08/05 13:00:58.730, 21096, 100
2026/08/05 13:00:59.731, 21096, 87
2026/08/05 13:01:00.731, 21096, 100
2026/08/05 13:01:01.731, 21096, 100
2026/08/05 13:01:02.732, 21096, 85
2026/08/05 13:01:03.732, 21096, 100
2026/08/05 13:01:04.733, 21096, 100
2026/08/05 13:01:05.733, 21096, 100
2026/08/05 13:01:06.733, 21096, 100
2026/08/05 13:01:07.733, 21096, 100
2026/08/05 13:01:08.734, 21096, 100
2026/08/05 13:01:09.734, 21096, 100
2026/08/05 13:01:10.734, 21096, 100
2026/08/05 13:01:11.735, 21096, 100
2026/08/05 13:01:12.735, 21096, 100
2026/08/05 13:01:13.735, 21096, 100
2026/08/05 13:01:14.736, 21096, 100
2026/08/05 13:01:15.736, 21096, 87
2026/08/05 13:01:16.737, 21096, 100
2026/08/05 13:01:17.737, 21096, 100
2026/08/05 13:01:18.737, 21096, 100
2026/08/05 13:01:19.738, 21096, 100
2026/08/05 13:01:20.738, 21096, 100
2026/08/05 13:01:21.738, 21096, 100
2026/08/05 13:01:22.739, 21096, 100
2026/08/05 13:01:23.739, 21096, 98
2026/08/05 13:01:24.740, 21096, 100
2026/08/05 13:01:25.740, 21096, 100
2026/08/05 13:01:26.740, 21096, 100
2026/08/05 13:01:27.741, 21096, 100
2026/08/05 13:01:28.741, 21096, 100
2026/08/05 13:01:29.741, 21096, 100
2026/08/05 13:01:30.742, 21096, 100
2026/08/05 13:01:31.742, 21096, 100
2026/08/05 13:01:32.742, 21096, 100
2026/08/05 13:01:33.743, 21096, 100
2026/08/05 13:01:34.743, 21096, 100
2026/08/05 13:01:35.744, 21096, 84
2026/08/05 13:01:36.744, 21096, 100
2026/08/05 13:01:37.744, 21096, 100
2026/08/05 13:01:38.745, 21096, 85
2026/08/05 13:01:39.745, 21096, 100
2026/08/05 13:01:40.745, 21096, 100
2026/08/05 13:01:41.746, 21096, 82
2026/08/05 13:01:42.746, 21096, 95
2026/08/05 13:01:43.746, 21096, 100
2026/08/05 13:01:44.747, 21096, 100
2026/08/05 13:01:45.747, 21096, 100
2026/08/05 13:01:46.747, 21096, 100
2026/08/05 13:01:47.747, 21096, 100
2026/08/05 13:01:48.748, 21096, 84
2026/08/05 13:01:49.748, 21096, 85
2026/08/05 13:01:50.748, 21096, 100
2026/08/05 13:01:51.749, 21096, 91
2026/08/05 13:01:52.749, 21096, 85
2026/08/05 13:01:53.749, 21096, 100
2026/08/05 13:01:54.750, 21096, 100
2026/08/05 13:01:55.750, 21096, 100
2026/08/05 13:01:56.750, 21096, 100
2026/08/05 13:01:57.751, 21096, 100
2026/08/05 13:01:58.751, 21096, 100
2026/08/05 13:01:59.752, 21096, 100
2026/08/05 13:02:00.752, 21096, 100
2026/08/05 13:02:01.752, 21096, 100
2026/08/05 13:02:02.753, 21096, 100
2026/08/05 13:02:03.753, 21096, 100
2026/08/05 13:02:04.753, 21096, 100
2026/08/05 13:02:05.754, 21096, 100
2026/08/05 13:02:06.754, 21096, 100
2026/08/05 13:02:07.754, 21096, 100
2026/08/05 13:02:08.755, 21096, 100
2026/08/05 13:02:09.755, 21096, 100
2026/08/05 13:02:10.755, 21096, 100
2026/08/05 13:02:11.756, 21096, 100
2026/08/05 13:02:12.756, 21096, 85
2026/08/05 13:02:13.756, 21096, 100
2026/08/05 13:02:14.757, 21096, 100
2026/08/05 13:02:15.757, 21096, 100
2026/08/05 13:02:16.757, 21096, 100
2026/08/05 13:02:17.758, 21096, 100
2026/08/05 13:02:18.758, 21096, 100
2026/08/05 13:02:19.758, 21096, 100
2026/08/05 13:02:20.759, 21096, 100
2026/08/05 13:02:21.759, 21096, 100
2026/08/05 13:02:22.759, 21096, 100
2026/08/05 13:02:23.760, 21096, 100
2026/08/05 13:02:24.760, 21096, 100
2026/08/05 13:02:25.760, 21096, 100
2026/08/05 13:02:26.760, 21096, 100
2026/08/05 13:02:27.761, 21096, 100
2026/08/05 13:02:28.761, 21096, 100
2026/08/05 13:02:29.761, 21096, 100
2026/08/05 13:02:30.762, 21096, 91
2026/08/05 13:02:31.762, 21096, 100
2026/08/05 13:02:32.763, 21096, 100
2026/08/05 13:02:33.763, 21096, 100
2026/08/05 13:02:34.763, 21096, 100
2026/08/05 13:02:35.764, 21096, 100
2026/08/05 13:02:36.764, 21096, 100
2026/08/05 13:02:37.764, 21096, 100
2026/08/05 13:02:38.765, 21096, 100
2026/08/05 13:02:39.765, 21096, 100
2026/08/05 13:02:40.765, 21096, 100
2026/08/05 13:02:41.766, 21096, 100
2026/08/05 13:02:42.766, 21096, 100
2026/08/05 13:02:43.766, 21096, 100
2026/08/05 13:02:44.767, 21096, 100
2026/08/05 13:02:45.767, 21096, 100
2026/08/05 13:02:46.767, 21096, 100
2026/08/05 13:02:47.767, 21096, 100
2026/08/05 13:02:48.768, 21096, 100
2026/08/05 13:02:49.768, 21096, 100
2026/08/05 13:02:50.768, 21096, 100
2026/08/05 13:02:51.769, 21096, 100
2026/08/05 13:02:52.769, 21096, 100
2026/08/05 13:02:53.769, 21096, 85
2026/08/05 13:02:54.770, 21096, 100
2026/08/05 13:02:55.770, 21096, 90
2026/08/05 13:02:56.770, 21096, 100
2026/08/05 13:02:57.771, 21096, 85
2026/08/05 13:02:58.771, 21096, 100
2026/08/05 13:02:59.771, 21096, 100
2026/08/05 13:03:00.772, 21096, 100
2026/08/05 13:03:01.772, 21096, 80
2026/08/05 13:03:02.772, 21096, 100
2026/08/05 13:03:03.773, 21096, 100
2026/08/05 13:03:04.773, 21096, 84
2026/08/05 13:03:05.773, 21096, 100
2026/08/05 13:03:06.774, 21096, 68
2026/08/05 13:03:07.774, 21096, 100
2026/08/05 13:03:08.774, 21096, 100
2026/08/05 13:03:09.775, 21096, 100
2026/08/05 13:03:10.775, 21096, 100
2026/08/05 13:03:11.775, 21096, 100
2026/08/05 13:03:12.776, 21096, 100
2026/08/05 13:03:13.776, 21096, 100
2026/08/05 13:03:14.777, 21096, 100
2026/08/05 13:03:15.777, 21096, 100
2026/08/05 13:03:16.777, 21096, 100
2026/08/05 13:03:17.778, 21096, 100
2026/08/05 13:03:18.778, 21096, 84
2026/08/05 13:03:19.778, 21096, 100
2026/08/05 13:03:20.778, 21096, 100
2026/08/05 13:03:21.779, 21096, 96
2026/08/05 13:03:22.779, 21096, 100
2026/08/05 13:03:23.779, 21096, 100
2026/08/05 13:03:24.780, 21096, 100
2026/08/05 13:03:25.780, 21096, 100
2026/08/05 13:03:26.780, 21096, 100
2026/08/05 13:03:27.781, 21096, 100
2026/08/05 13:03:28.781, 21096, 100
2026/08/05 13:03:29.781, 21096, 100
2026/08/05 13:03:30.782, 21096, 100
2026/08/05 13:03:31.782, 21096, 65
2026/08/05 13:03:32.782, 21096, 100
2026/08/05 13:03:33.782, 21096, 100
2026/08/05 13:03:34.783, 21096, 100
2026/08/05 13:03:35.783, 21096, 85
2026/08/05 13:03:36.783, 21096, 100
2026/08/05 13:03:37.783, 21096, 100
2026/08/05 13:03:38.784, 21096, 100
2026/08/05 13:03:39.784, 21096, 86
2026/08/05 13:03:40.784, 21096, 98
2026/08/05 13:03:41.785, 21096, 100
2026/08/05 13:03:42.785, 21096, 100
2026/08/05 13:03:43.785, 21096, 100
2026/08/05 13:03:44.786, 21096, 100
2026/08/05 13:03:45.786, 21096, 100
2026/08/05 13:03:46.786, 21096, 69
2026/08/05 13:03:47.787, 21096, 100
2026/08/05 13:03:48.787, 21096, 100
2026/08/05 13:03:49.787, 21096, 100
2026/08/05 13:03:50.787, 21096, 100
2026/08/05 13:03:51.788, 21096, 100
2026/08/05 13:03:52.788, 21096, 74
2026/08/05 13:03:53.788, 21096, 100
2026/08/05 13:03:54.789, 21096, 100
2026/08/05 13:03:55.789, 21096, 100
2026/08/05 13:03:56.789, 21096, 85
2026/08/05 13:03:57.789, 21096, 100
2026/08/05 13:03:58.790, 21096, 100
2026/08/05 13:03:59.790, 21096, 97
2026/08/05 13:04:00.790, 21096, 100
2026/08/05 13:04:01.790, 21096, 100
2026/08/05 13:04:02.790, 21096, 100
2026/08/05 13:04:03.791, 21096, 100
2026/08/05 13:04:04.791, 21096, 100
2026/08/05 13:04:05.791, 21096, 100
2026/08/05 13:04:06.791, 21096, 85
2026/08/05 13:04:07.791, 21096, 100
2026/08/05 13:04:08.792, 21096, 100
2026/08/05 13:04:09.792, 21096, 57
2026/08/05 13:04:10.792, 21096, 100
2026/08/05 13:04:11.793, 21096, 100
2026/08/05 13:04:12.793, 21096, 100
2026/08/05 13:04:13.794, 21096, 85
2026/08/05 13:04:14.794, 21096, 100
2026/08/05 13:04:15.794, 21096, 100
2026/08/05 13:04:16.795, 21096, 100
2026/08/05 13:04:17.795, 21096, 100
2026/08/05 13:04:18.795, 21096, 100
2026/08/05 13:04:19.795, 21096, 100
2026/08/05 13:04:20.796, 21096, 100
2026/08/05 13:04:21.796, 21096, 100
2026/08/05 13:04:22.796, 21096, 100
2026/08/05 13:04:23.797, 21096, 100
2026/08/05 13:04:24.797, 21096, 100
2026/08/05 13:04:25.797, 21096, 100
2026/08/05 13:04:26.798, 21096, 100
2026/08/05 13:04:27.798, 21096, 100
2026/08/05 13:04:28.798, 21096, 100
2026/08/05 13:04:29.799, 21096, 100
2026/08/05 13:04:30.799, 21096, 100
2026/08/05 13:04:31.799, 21096, 100
2026/08/05 13:04:32.800, 21096, 100
2026/08/05 13:04:33.800, 21096, 100
2026/08/05 13:04:34.801, 21096, 100
2026/08/05 13:04:35.801, 21096, 85
2026/08/05 13:04:36.801, 21096, 100
2026/08/05 13:04:37.802, 21096, 100
2026/08/05 13:04:38.802, 21096, 93
2026/08/05 13:04:39.802, 21096, 100
2026/08/05 13:04:40.803, 21096, 100
2026/08/05 13:04:41.803, 21096, 100
2026/08/05 13:04:42.803, 21096, 100
2026/08/05 13:04:43.803, 21096, 100
2026/08/05 13:04:44.804, 21096, 100
2026/08/05 13:04:45.804, 21096, 100
2026/08/05 13:04:46.804, 21096, 86
2026/08/05 13:04:47.805, 21096, 65
2026/08/05 13:04:48.805, 21096, 100
2026/08/05 13:04:49.805, 21096, 100
2026/08/05 13:04:50.806, 21096, 100
2026/08/05 13:04:51.806, 21096, 100
2026/08/05 13:04:52.806, 21096, 100
2026/08/05 13:04:53.807, 21096, 100
2026/08/05 13:04:54.807, 21096, 85
2026/08/05 13:04:55.807, 21096, 100
2026/08/05 13:04:56.807, 21096, 100
2026/08/05 13:04:57.808, 21096, 100
2026/08/05 13:04:58.808, 21096, 100
2026/08/05 13:04:59.808, 21096, 100
2026/08/05 13:05:00.809, 21096, 100
2026/08/05 13:05:01.809, 21096, 100
2026/08/05 13:05:02.809, 21096, 100
2026/08/05 13:05:03.810, 21096, 100
2026/08/05 13:05:04.810, 21096, 100
2026/08/05 13:05:05.810, 21096, 100
2026/08/05 13:05:06.811, 21096, 100
2026/08/05 13:05:07.811, 21096, 100
2026/08/05 13:05:08.811, 21096, 100
2026/08/05 13:05:09.812, 21096, 100
2026/08/05 13:05:10.812, 21096, 100
2026/08/05 13:05:11.812, 21096, 91
2026/08/05 13:05:12.813, 21096, 100
2026/08/05 13:05:13.813, 21096, 100
2026/08/05 13:05:14.813, 21096, 100
2026/08/05 13:05:15.813, 21096, 66
2026/08/05 13:05:16.814, 21096, 84
2026/08/05 13:05:17.814, 21096, 85
2026/08/05 13:05:18.814, 21096, 87
2026/08/05 13:05:19.815, 21096, 100
2026/08/05 13:05:20.815, 21096, 100
2026/08/05 13:05:21.815, 21096, 100
2026/08/05 13:05:22.816, 21096, 100
2026/08/05 13:05:23.816, 21096, 100
2026/08/05 13:05:24.816, 21096, 100
2026/08/05 13:05:25.817, 21096, 100
2026/08/05 13:05:26.817, 21096, 100
2026/08/05 13:05:27.817, 21096, 100
2026/08/05 13:05:28.818, 21096, 100
2026/08/05 13:05:29.818, 21096, 100
2026/08/05 13:05:30.818, 21096, 100
2026/08/05 13:05:31.819, 21096, 100
2026/08/05 13:05:32.819, 21096, 100
2026/08/05 13:05:33.819, 21096, 100
2026/08/05 13:05:34.820, 21096, 100
2026/08/05 13:05:35.820, 21096, 100
2026/08/05 13:05:36.820, 21096, 84
2026/08/05 13:05:37.821, 21096, 100
2026/08/05 13:05:38.821, 21096, 100
2026/08/05 13:05:39.821, 21096, 100
2026/08/05 13:05:40.822, 21096, 100
2026/08/05 13:05:41.822, 21096, 100
2026/08/05 13:05:42.822, 21096, 100
2026/08/05 13:05:43.823, 21096, 100
2026/08/05 13:05:44.823, 21096, 100
2026/08/05 13:05:45.824, 21096, 86
2026/08/05 13:05:46.824, 21096, 100
2026/08/05 13:05:47.824, 21096, 100
2026/08/05 13:05:48.825, 21096, 100
2026/08/05 13:05:49.825, 21096, 100
2026/08/05 13:05:50.825, 21096, 100
2026/08/05 13:05:51.826, 21096, 100
2026/08/05 13:05:52.826, 21096, 91
2026/08/05 13:05:53.826, 21096, 100
2026/08/05 13:05:54.826, 21096, 100
2026/08/05 13:05:55.827, 21096, 100
2026/08/05 13:05:56.827, 21096, 100
2026/08/05 13:05:57.828, 21096, 100
2026/08/05 13:05:58.828, 21096, 83
2026/08/05 13:05:59.829, 21096, 100
2026/08/05 13:06:00.829, 21096, 100
2026/08/05 13:06:01.829, 21096, 100
2026/08/05 13:06:02.830, 21096, 100
2026/08/05 13:06:03.830, 21096, 100
2026/08/05 13:06:04.830, 21096, 100
2026/08/05 13:06:05.831, 21096, 100
2026/08/05 13:06:06.831, 21096, 83
2026/08/05 13:06:07.831, 21096, 100
2026/08/05 13:06:08.831, 21096, 93
2026/08/05 13:06:09.832, 21096, 100
2026/08/05 13:06:10.832, 21096, 100
2026/08/05 13:06:11.832, 21096, 100
2026/08/05 13:06:12.833, 21096, 100
2026/08/05 13:06:13.833, 21096, 100
2026/08/05 13:06:14.834, 21096, 100
2026/08/05 13:06:15.834, 21096, 100
2026/08/05 13:06:16.834, 21096, 85
2026/08/05 13:06:17.835, 21096, 100
2026/08/05 13:06:18.835, 21096, 100
2026/08/05 13:06:19.835, 21096, 100
2026/08/05 13:06:20.836, 21096, 100
2026/08/05 13:06:21.836, 21096, 100
2026/08/05 13:06:22.836, 21096, 100
2026/08/05 13:06:23.837, 21096, 100
2026/08/05 13:06:24.837, 21096, 100
2026/08/05 13:06:25.837, 21096, 100
2026/08/05 13:06:26.838, 21096, 100
2026/08/05 13:06:27.838, 21096, 100
2026/08/05 13:06:28.839, 21096, 100
2026/08/05 13:06:29.839, 21096, 100
2026/08/05 13:06:30.839, 21096, 91
2026/08/05 13:06:31.840, 21096, 100
2026/08/05 13:06:32.840, 21096, 100
2026/08/05 13:06:33.840, 21096, 100
2026/08/05 13:06:34.841, 21096, 100
2026/08/05 13:06:35.841, 21096, 100
2026/08/05 13:06:36.842, 21096, 100
2026/08/05 13:06:37.842, 21096, 100
2026/08/05 13:06:38.842, 21096, 100
2026/08/05 13:06:39.843, 21096, 96
2026/08/05 13:06:40.843, 21096, 85
2026/08/05 13:06:41.843, 21096, 100
2026/08/05 13:06:42.844, 21096, 100
2026/08/05 13:06:43.844, 21096, 100
2026/08/05 13:06:44.844, 21096, 100
2026/08/05 13:06:45.845, 21096, 100
2026/08/05 13:06:46.845, 21096, 100
2026/08/05 13:06:47.845, 21096, 100
2026/08/05 13:06:48.846, 21096, 100
2026/08/05 13:06:49.846, 21096, 100
2026/08/05 13:06:50.846, 21096, 100
2026/08/05 13:06:51.847, 21096, 100
2026/08/05 13:06:52.847, 21096, 100
2026/08/05 13:06:53.847, 21096, 100
2026/08/05 13:06:54.848, 21096, 100
2026/08/05 13:06:55.848, 21096, 100
2026/08/05 13:06:56.848, 21096, 100
2026/08/05 13:06:57.849, 21096, 100
2026/08/05 13:06:58.849, 21096, 100
2026/08/05 13:06:59.849, 21096, 100
2026/08/05 13:07:00.850, 21096, 100
2026/08/05 13:07:01.850, 21096, 100
2026/08/05 13:07:02.851, 21096, 100
2026/08/05 13:07:03.851, 21096, 100
2026/08/05 13:07:04.851, 21096, 100
2026/08/05 13:07:05.852, 21096, 100
2026/08/05 13:07:06.852, 21096, 100
2026/08/05 13:07:07.852, 21096, 87
2026/08/05 13:07:08.853, 21096, 100
2026/08/05 13:07:09.853, 21096, 100
2026/08/05 13:07:10.853, 21096, 91
2026/08/05 13:07:11.854, 21096, 100
2026/08/05 13:07:12.854, 21096, 100
2026/08/05 13:07:13.854, 21096, 100
2026/08/05 13:07:14.855, 21096, 100
2026/08/05 13:07:15.855, 21096, 100
2026/08/05 13:07:16.855, 21096, 85
2026/08/05 13:07:17.856, 21096, 100
2026/08/05 13:07:18.856, 21096, 100
2026/08/05 13:07:19.856, 21096, 100
2026/08/05 13:07:20.857, 21096, 100
2026/08/05 13:07:21.857, 21096, 89
2026/08/05 13:07:22.858, 21096, 100
2026/08/05 13:07:23.858, 21096, 87
2026/08/05 13:07:24.858, 21096, 100
2026/08/05 13:07:25.859, 21096, 95
2026/08/05 13:07:26.859, 21096, 100
2026/08/05 13:07:27.859, 21096, 100
2026/08/05 13:07:28.860, 21096, 100
2026/08/05 13:07:29.860, 21096, 100
2026/08/05 13:07:30.861, 21096, 100
2026/08/05 13:07:31.861, 21096, 100
2026/08/05 13:07:32.861, 21096, 100
2026/08/05 13:07:33.862, 21096, 100
2026/08/05 13:07:34.862, 21096, 100
2026/08/05 13:07:35.862, 21096, 100
2026/08/05 13:07:36.863, 21096, 85
2026/08/05 13:07:37.863, 21096, 100
2026/08/05 13:07:38.863, 21096, 67
2026/08/05 13:07:39.864, 21096, 87
2026/08/05 13:07:40.864, 21096, 100
2026/08/05 13:07:41.865, 21096, 100
2026/08/05 13:07:42.865, 21096, 100
2026/08/05 13:07:43.865, 21096, 100
2026/08/05 13:07:44.866, 21096, 85
2026/08/05 13:07:45.866, 21096, 100
2026/08/05 13:07:46.866, 21096, 100
2026/08/05 13:07:47.867, 21096, 100
2026/08/05 13:07:48.867, 21096, 100
2026/08/05 13:07:49.867, 21096, 73
2026/08/05 13:07:50.868, 21096, 100
2026/08/05 13:07:51.868, 21096, 100
2026/08/05 13:07:52.868, 21096, 100
2026/08/05 13:07:53.869, 21096, 85
2026/08/05 13:07:54.869, 21096, 100
2026/08/05 13:07:55.869, 21096, 100
2026/08/05 13:07:56.870, 21096, 100
2026/08/05 13:07:57.870, 21096, 100
2026/08/05 13:07:58.870, 21096, 100
2026/08/05 13:07:59.870, 21096, 82
2026/08/05 13:08:00.871, 21096, 100
2026/08/05 13:08:01.871, 21096, 100
2026/08/05 13:08:02.871, 21096, 100
2026/08/05 13:08:03.872, 21096, 100
2026/08/05 13:08:04.872, 21096, 100
2026/08/05 13:08:05.872, 21096, 100
2026/08/05 13:08:06.872, 21096, 100
2026/08/05 13:08:07.873, 21096, 100
2026/08/05 13:08:08.873, 21096, 100
2026/08/05 13:08:09.873, 21096, 100
2026/08/05 13:08:10.874, 21096, 100
2026/08/05 13:08:11.874, 21096, 86
2026/08/05 13:08:12.874, 21096, 100
2026/08/05 13:08:13.874, 21096, 100
2026/08/05 13:08:14.875, 21096, 100
2026/08/05 13:08:15.875, 21096, 100
2026/08/05 13:08:16.876, 21096, 100
2026/08/05 13:08:17.876, 21096, 85
2026/08/05 13:08:18.876, 21096, 100
2026/08/05 13:08:19.877, 21096, 100
2026/08/05 13:08:20.877, 21096, 100
2026/08/05 13:08:21.877, 21096, 100
2026/08/05 13:08:22.878, 21096, 100
2026/08/05 13:08:23.878, 21096, 100
2026/08/05 13:08:24.878, 21096, 100
2026/08/05 13:08:25.878, 21096, 100
2026/08/05 13:08:26.882, 21096, 100
2026/08/05 13:08:27.886, 21096, 100
2026/08/05 13:08:28.890, 21096, 100
2026/08/05 13:08:29.893, 21096, 90
2026/08/05 13:08:30.897, 21096, 100
2026/08/05 13:08:31.901, 21096, 100
2026/08/05 13:08:32.904, 21096, 100
2026/08/05 13:08:33.908, 21096, 100
2026/08/05 13:08:34.911, 21096, 100
2026/08/05 13:08:35.915, 21096, 100
2026/08/05 13:08:36.919, 21096, 100
2026/08/05 13:08:37.922, 21096, 100
2026/08/05 13:08:38.925, 21096, 100
2026/08/05 13:08:39.928, 21096, 100
2026/08/05 13:08:40.931, 21096, 100
2026/08/05 13:08:41.934, 21096, 100
2026/08/05 13:08:42.937, 21096, 100
2026/08/05 13:08:43.940, 21096, 84
2026/08/05 13:08:44.943, 21096, 100
2026/08/05 13:08:45.947, 21096, 100
2026/08/05 13:08:46.950, 21096, 100
2026/08/05 13:08:47.954, 21096, 100
2026/08/05 13:08:48.957, 21096, 100
2026/08/05 13:08:49.961, 21096, 100
2026/08/05 13:08:50.964, 21096, 100
2026/08/05 13:08:51.966, 21096, 100
2026/08/05 13:08:52.969, 21096, 100
2026/08/05 13:08:53.971, 21096, 100
2026/08/05 13:08:54.974, 21096, 100
2026/08/05 13:08:55.976, 21096, 90
2026/08/05 13:08:56.979, 21096, 100
2026/08/05 13:08:57.981, 21096, 100
2026/08/05 13:08:58.984, 21096, 100
2026/08/05 13:08:59.986, 21096, 100
2026/08/05 13:09:00.989, 21096, 100
2026/08/05 13:09:01.991, 21096, 67
2026/08/05 13:09:02.993, 21096, 100
2026/08/05 13:09:03.996, 21096, 100
2026/08/05 13:09:04.999, 21096, 100
2026/08/05 13:09:06.001, 21096, 100
2026/08/05 13:09:07.004, 21096, 100
2026/08/05 13:09:08.006, 21096, 100
2026/08/05 13:09:09.009, 21096, 85
2026/08/05 13:09:10.011, 21096, 100
2026/08/05 13:09:11.013, 21096, 100
2026/08/05 13:09:12.015, 21096, 84
2026/08/05 13:09:13.018, 21096, 100
2026/08/05 13:09:14.020, 21096, 100
2026/08/05 13:09:15.022, 21096, 100
2026/08/05 13:09:16.025, 21096, 100
2026/08/05 13:09:17.027, 21096, 100
2026/08/05 13:09:18.030, 21096, 100
2026/08/05 13:09:19.033, 21096, 100
2026/08/05 13:09:20.035, 21096, 100
2026/08/05 13:09:21.037, 21096, 100
2026/08/05 13:09:22.040, 21096, 100
2026/08/05 13:09:23.042, 21096, 100
2026/08/05 13:09:24.045, 21096, 100
2026/08/05 13:09:25.047, 21096, 100
2026/08/05 13:09:26.049, 21096, 84
2026/08/05 13:09:27.052, 21096, 84
2026/08/05 13:09:28.054, 21096, 86
2026/08/05 13:09:29.057, 21096, 100
2026/08/05 13:09:30.059, 21096, 100
2026/08/05 13:09:31.061, 21096, 100
2026/08/05 13:09:32.064, 21096, 75
2026/08/05 13:09:33.066, 21096, 100
2026/08/05 13:09:34.069, 21096, 100
2026/08/05 13:09:35.071, 21096, 100
2026/08/05 13:09:36.074, 21096, 100
2026/08/05 13:09:37.076, 21096, 100
2026/08/05 13:09:38.078, 21096, 100
2026/08/05 13:09:39.081, 21096, 100
2026/08/05 13:09:40.082, 21096, 100
2026/08/05 13:09:41.084, 21096, 100
2026/08/05 13:09:42.086, 21096, 82
2026/08/05 13:09:43.088, 21096, 100
2026/08/05 13:09:44.090, 21096, 100
2026/08/05 13:09:45.093, 21096, 100
2026/08/05 13:09:46.095, 21096, 100
2026/08/05 13:09:47.097, 21096, 100
2026/08/05 13:09:48.100, 21096, 100
2026/08/05 13:09:49.102, 21096, 100
2026/08/05 13:09:50.105, 21096, 78
2026/08/05 13:09:51.107, 21096, 100
2026/08/05 13:09:52.110, 21096, 97
2026/08/05 13:09:53.112, 21096, 85
2026/08/05 13:09:54.113, 21096, 92
2026/08/05 13:09:55.114, 21096, 100
2026/08/05 13:09:56.116, 21096, 100
2026/08/05 13:09:57.117, 21096, 100
2026/08/05 13:09:58.118, 21096, 63
2026/08/05 13:09:59.120, 21096, 100
2026/08/05 13:10:00.121, 21096, 100
2026/08/05 13:10:01.122, 21096, 100
2026/08/05 13:10:02.124, 21096, 100
2026/08/05 13:10:03.125, 21096, 100
2026/08/05 13:10:04.127, 21096, 100
2026/08/05 13:10:05.128, 21096, 100
2026/08/05 13:10:06.130, 21096, 100
2026/08/05 13:10:07.131, 21096, 100
2026/08/05 13:10:08.132, 21096, 100
2026/08/05 13:10:09.134, 21096, 100
2026/08/05 13:10:10.135, 21096, 100
2026/08/05 13:10:11.136, 21096, 85
2026/08/05 13:10:12.138, 21096, 84
2026/08/05 13:10:13.139, 21096, 100
2026/08/05 13:10:14.141, 21096, 100
2026/08/05 13:10:15.142, 21096, 100
2026/08/05 13:10:16.143, 21096, 100
2026/08/05 13:10:17.145, 21096, 100
2026/08/05 13:10:18.146, 21096, 100
2026/08/05 13:10:19.148, 21096, 100
2026/08/05 13:10:20.149, 21096, 65
2026/08/05 13:10:21.150, 21096, 100
2026/08/05 13:10:22.152, 21096, 100
2026/08/05 13:10:23.153, 21096, 100
2026/08/05 13:10:24.155, 21096, 100
2026/08/05 13:10:25.156, 21096, 100
2026/08/05 13:10:26.158, 21096, 100
2026/08/05 13:10:27.159, 21096, 100
2026/08/05 13:10:28.161, 21096, 100
2026/08/05 13:10:29.162, 21096, 100
2026/08/05 13:10:30.163, 21096, 100
2026/08/05 13:10:31.165, 21096, 100
2026/08/05 13:10:32.166, 21096, 100
2026/08/05 13:10:33.167, 21096, 85
2026/08/05 13:10:34.168, 21096, 100
2026/08/05 13:10:35.169, 21096, 100
2026/08/05 13:10:36.171, 21096, 100
2026/08/05 13:10:37.173, 21096, 100
2026/08/05 13:10:38.174, 21096, 100
2026/08/05 13:10:39.175, 21096, 100
2026/08/05 13:10:40.177, 21096, 100
2026/08/05 13:10:41.178, 21096, 100
2026/08/05 13:10:42.180, 21096, 100
2026/08/05 13:10:43.181, 21096, 100
2026/08/05 13:10:44.183, 21096, 100
2026/08/05 13:10:45.184, 21096, 100
2026/08/05 13:10:46.186, 21096, 100
2026/08/05 13:10:47.187, 21096, 100
2026/08/05 13:10:48.188, 21096, 100
2026/08/05 13:10:49.190, 21096, 100
2026/08/05 13:10:50.191, 21096, 100
2026/08/05 13:10:51.192, 21096, 100
2026/08/05 13:10:52.194, 21096, 93
2026/08/05 13:10:53.195, 21096, 100
2026/08/05 13:10:54.197, 21096, 83
2026/08/05 13:10:55.198, 21096, 100
2026/08/05 13:10:56.200, 21096, 91
2026/08/05 13:10:57.201, 21096, 100
2026/08/05 13:10:58.202, 21096, 100
2026/08/05 13:10:59.204, 21096, 100
2026/08/05 13:11:00.205, 21096, 100
2026/08/05 13:11:01.207, 21096, 100
2026/08/05 13:11:02.208, 21096, 100
2026/08/05 13:11:03.209, 21096, 100
2026/08/05 13:11:04.211, 21096, 100
2026/08/05 13:11:05.212, 21096, 100
2026/08/05 13:11:06.214, 21096, 100
2026/08/05 13:11:07.215, 21096, 100
2026/08/05 13:11:08.217, 21096, 100
2026/08/05 13:11:09.218, 21096, 100
2026/08/05 13:11:10.220, 21096, 100
2026/08/05 13:11:11.221, 21096, 100
2026/08/05 13:11:12.223, 21096, 100
2026/08/05 13:11:13.224, 21096, 66
2026/08/05 13:11:14.225, 21096, 100
2026/08/05 13:11:15.227, 21096, 100
2026/08/05 13:11:16.228, 21096, 100
2026/08/05 13:11:17.229, 21096, 100
2026/08/05 13:11:18.231, 21096, 100
2026/08/05 13:11:19.232, 21096, 100
2026/08/05 13:11:20.233, 21096, 84
2026/08/05 13:11:21.235, 21096, 100
2026/08/05 13:11:22.236, 21096, 100
2026/08/05 13:11:23.237, 21096, 83
2026/08/05 13:11:24.239, 21096, 100
2026/08/05 13:11:25.240, 21096, 100
2026/08/05 13:11:26.241, 21096, 100
2026/08/05 13:11:27.242, 21096, 100
2026/08/05 13:11:28.244, 21096, 100
2026/08/05 13:11:29.245, 21096, 100
2026/08/05 13:11:30.247, 21096, 100
2026/08/05 13:11:31.248, 21096, 100
2026/08/05 13:11:32.249, 21096, 100
2026/08/05 13:11:33.251, 21096, 100
2026/08/05 13:11:34.252, 21096, 100
2026/08/05 13:11:35.253, 21096, 84
2026/08/05 13:11:36.255, 21096, 72
2026/08/05 13:11:37.256, 21096, 83
2026/08/05 13:11:38.257, 21096, 70
2026/08/05 13:11:39.260, 21096, 100
2026/08/05 13:11:40.261, 21096, 100
2026/08/05 13:11:41.262, 21096, 100
2026/08/05 13:11:42.264, 21096, 90
2026/08/05 13:11:43.265, 21096, 100
2026/08/05 13:11:44.267, 21096, 100
2026/08/05 13:11:45.268, 21096, 100
2026/08/05 13:11:46.269, 21096, 100
2026/08/05 13:11:47.270, 21096, 100
2026/08/05 13:11:48.272, 21096, 100
2026/08/05 13:11:49.273, 21096, 100
2026/08/05 13:11:50.274, 21096, 100
2026/08/05 13:11:51.276, 21096, 100
2026/08/05 13:11:52.277, 21096, 88
2026/08/05 13:11:53.279, 21096, 85
2026/08/05 13:11:54.280, 21096, 91
2026/08/05 13:11:55.281, 21096, 100
2026/08/05 13:11:56.283, 21096, 68
2026/08/05 13:11:57.284, 21096, 100
2026/08/05 13:11:58.286, 21096, 100
2026/08/05 13:11:59.286, 21096, 100
2026/08/05 13:12:00.287, 21096, 100
2026/08/05 13:12:01.288, 21096, 66
2026/08/05 13:12:02.290, 21096, 100
2026/08/05 13:12:03.291, 21096, 100
2026/08/05 13:12:04.293, 21096, 100
2026/08/05 13:12:05.294, 21096, 100
2026/08/05 13:12:06.295, 21096, 100
2026/08/05 13:12:07.297, 21096, 100
2026/08/05 13:12:08.298, 21096, 61
2026/08/05 13:12:09.299, 21096, 100
2026/08/05 13:12:10.301, 21096, 100
2026/08/05 13:12:11.302, 21096, 100
2026/08/05 13:12:12.304, 21096, 100
2026/08/05 13:12:13.305, 21096, 100
2026/08/05 13:12:14.306, 21096, 100
2026/08/05 13:12:15.308, 21096, 100
2026/08/05 13:12:16.309, 21096, 84
2026/08/05 13:12:17.311, 21096, 84
2026/08/05 13:12:18.312, 21096, 100
2026/08/05 13:12:19.314, 21096, 100
2026/08/05 13:12:20.315, 21096, 100
2026/08/05 13:12:21.316, 21096, 100
2026/08/05 13:12:22.318, 21096, 100
2026/08/05 13:12:23.319, 21096, 100
2026/08/05 13:12:24.320, 21096, 100
2026/08/05 13:12:25.322, 21096, 85
2026/08/05 13:12:26.323, 21096, 100
2026/08/05 13:12:27.325, 21096, 100
2026/08/05 13:12:28.326, 21096, 100
2026/08/05 13:12:29.327, 21096, 100
2026/08/05 13:12:30.329, 21096, 100
2026/08/05 13:12:31.330, 21096, 100
2026/08/05 13:12:32.332, 21096, 100
2026/08/05 13:12:33.333, 21096, 85
2026/08/05 13:12:34.334, 21096, 100
2026/08/05 13:12:35.336, 21096, 87
2026/08/05 13:12:36.337, 21096, 100
2026/08/05 13:12:37.339, 21096, 100
2026/08/05 13:12:38.340, 21096, 100
2026/08/05 13:12:39.341, 21096, 100
2026/08/05 13:12:40.343, 21096, 100
2026/08/05 13:12:41.344, 21096, 100
2026/08/05 13:12:42.346, 21096, 100
2026/08/05 13:12:43.346, 21096, 85
2026/08/05 13:12:44.346, 21096, 100
2026/08/05 13:12:45.346, 21096, 100
2026/08/05 13:12:46.347, 21096, 100
2026/08/05 13:12:47.347, 21096, 93
2026/08/05 13:12:48.347, 21096, 85
2026/08/05 13:12:49.348, 21096, 100
2026/08/05 13:12:50.348, 21096, 85
2026/08/05 13:12:51.348, 21096, 100
2026/08/05 13:12:52.349, 21096, 100
2026/08/05 13:12:53.349, 21096, 100
2026/08/05 13:12:54.349, 21096, 85
2026/08/05 13:12:55.350, 21096, 100
2026/08/05 13:12:56.350, 21096, 100
2026/08/05 13:12:57.350, 21096, 66
2026/08/05 13:12:58.350, 21096, 100
2026/08/05 13:12:59.351, 21096, 100
2026/08/05 13:13:00.351, 21096, 100
2026/08/05 13:13:01.351, 21096, 100
2026/08/05 13:13:02.352, 21096, 100
2026/08/05 13:13:03.352, 21096, 85
2026/08/05 13:13:04.352, 21096, 100
2026/08/05 13:13:05.353, 21096, 90
2026/08/05 13:13:06.353, 21096, 100
2026/08/05 13:13:07.353, 21096, 100
2026/08/05 13:13:08.354, 21096, 100
2026/08/05 13:13:09.354, 21096, 100
2026/08/05 13:13:10.354, 21096, 100
2026/08/05 13:13:11.355, 21096, 100
2026/08/05 13:13:12.355, 21096, 100
2026/08/05 13:13:13.356, 21096, 100
2026/08/05 13:13:14.356, 21096, 100
2026/08/05 13:13:15.356, 21096, 100
2026/08/05 13:13:16.359, 21096, 100
2026/08/05 13:13:17.361, 21096, 100
2026/08/05 13:13:18.363, 21096, 100
2026/08/05 13:13:19.366, 21096, 100
2026/08/05 13:13:20.368, 21096, 100
2026/08/05 13:13:21.369, 21096, 100
2026/08/05 13:13:22.371, 21096, 100
2026/08/05 13:13:23.372, 21096, 100
2026/08/05 13:13:24.374, 21096, 64
2026/08/05 13:13:25.375, 21096, 100
2026/08/05 13:13:26.377, 21096, 100
2026/08/05 13:13:27.378, 21096, 100
2026/08/05 13:13:28.380, 21096, 100
2026/08/05 13:13:29.381, 21096, 86
2026/08/05 13:13:30.382, 21096, 100
2026/08/05 13:13:31.384, 21096, 100
2026/08/05 13:13:32.385, 21096, 93
2026/08/05 13:13:33.387, 21096, 100
2026/08/05 13:13:34.388, 21096, 100
2026/08/05 13:13:35.389, 21096, 100
2026/08/05 13:13:36.391, 21096, 100
2026/08/05 13:13:37.393, 21096, 100
2026/08/05 13:13:38.394, 21096, 100
2026/08/05 13:13:39.396, 21096, 75
2026/08/05 13:13:40.397, 21096, 100
2026/08/05 13:13:41.398, 21096, 100
2026/08/05 13:13:42.399, 21096, 99
2026/08/05 13:13:43.399, 21096, 100
2026/08/05 13:13:44.399, 21096, 100
2026/08/05 13:13:45.400, 21096, 100
2026/08/05 13:13:46.400, 21096, 100
2026/08/05 13:13:47.400, 21096, 100
2026/08/05 13:13:48.401, 21096, 100
2026/08/05 13:13:49.401, 21096, 100
2026/08/05 13:13:50.401, 21096, 100
2026/08/05 13:13:51.402, 21096, 100
2026/08/05 13:13:52.402, 21096, 100
2026/08/05 13:13:53.402, 21096, 100
2026/08/05 13:13:54.403, 21096, 100
2026/08/05 13:13:55.403, 21096, 100
2026/08/05 13:13:56.403, 21096, 100
2026/08/05 13:13:57.403, 21096, 100
2026/08/05 13:13:58.404, 21096, 100
2026/08/05 13:13:59.404, 21096, 100
2026/08/05 13:14:00.404, 21096, 100
2026/08/05 13:14:01.405, 21096, 100
2026/08/05 13:14:02.405, 21096, 82
2026/08/05 13:14:03.405, 21096, 100
2026/08/05 13:14:04.406, 21096, 100
2026/08/05 13:14:05.406, 21096, 100
2026/08/05 13:14:06.406, 21096, 100
2026/08/05 13:14:07.407, 21096, 100
2026/08/05 13:14:08.407, 21096, 84
2026/08/05 13:14:09.407, 21096, 100
2026/08/05 13:14:10.408, 21096, 100
2026/08/05 13:14:11.408, 21096, 100
2026/08/05 13:14:12.408, 21096, 83
2026/08/05 13:14:13.408, 21096, 100
2026/08/05 13:14:14.409, 21096, 100
2026/08/05 13:14:15.409, 21096, 100
2026/08/05 13:14:16.409, 21096, 100
2026/08/05 13:14:17.410, 21096, 89
2026/08/05 13:14:18.410, 21096, 100
2026/08/05 13:14:19.410, 21096, 100
2026/08/05 13:14:20.423, 21096, 100
2026/08/05 13:14:21.452, 21096, 100
2026/08/05 13:14:22.477, 21096, 100
2026/08/05 13:14:23.499, 21096, 100
2026/08/05 13:14:24.518, 21096, 98
2026/08/05 13:14:25.536, 21096, 100
2026/08/05 13:14:26.551, 21096, 100
2026/08/05 13:14:27.564, 21096, 100
2026/08/05 13:14:28.575, 21096, 100
2026/08/05 13:14:29.586, 21096, 100
2026/08/05 13:14:30.595, 21096, 100
2026/08/05 13:14:31.604, 21096, 100
2026/08/05 13:14:32.611, 21096, 100
2026/08/05 13:14:33.618, 21096, 100
2026/08/05 13:14:34.624, 21096, 100
2026/08/05 13:14:35.629, 21096, 88
2026/08/05 13:14:36.634, 21096, 100
2026/08/05 13:14:37.642, 21096, 100
2026/08/05 13:14:38.645, 21096, 100
2026/08/05 13:14:39.649, 21096, 100
2026/08/05 13:14:40.652, 21096, 91
2026/08/05 13:14:41.656, 21096, 100
2026/08/05 13:14:42.658, 21096, 86
2026/08/05 13:14:43.661, 21096, 100
2026/08/05 13:14:44.663, 21096, 100
2026/08/05 13:14:45.666, 21096, 100
2026/08/05 13:14:46.668, 21096, 100
2026/08/05 13:14:47.671, 21096, 100
2026/08/05 13:14:48.673, 21096, 100
2026/08/05 13:14:49.676, 21096, 100
2026/08/05 13:14:50.677, 21096, 100
2026/08/05 13:14:51.678, 21096, 76
2026/08/05 13:14:52.680, 21096, 100
2026/08/05 13:14:53.681, 21096, 65
2026/08/05 13:14:54.682, 21096, 100
2026/08/05 13:14:55.684, 21096, 100
2026/08/05 13:14:56.685, 21096, 84
2026/08/05 13:14:57.687, 21096, 100
2026/08/05 13:14:58.688, 21096, 86
2026/08/05 13:14:59.690, 21096, 100
2026/08/05 13:15:00.691, 21096, 100
2026/08/05 13:15:01.692, 21096, 100
2026/08/05 13:15:02.694, 21096, 100
2026/08/05 13:15:03.695, 21096, 86
2026/08/05 13:15:04.697, 21096, 100
2026/08/05 13:15:05.698, 21096, 100
2026/08/05 13:15:06.700, 21096, 100
2026/08/05 13:15:07.701, 21096, 100
2026/08/05 13:15:08.703, 21096, 100
2026/08/05 13:15:09.704, 21096, 100
2026/08/05 13:15:10.706, 21096, 100
2026/08/05 13:15:11.707, 21096, 100
2026/08/05 13:15:12.709, 21096, 100
2026/08/05 13:15:13.710, 21096, 100
2026/08/05 13:15:14.711, 21096, 100
2026/08/05 13:15:15.713, 21096, 100
2026/08/05 13:15:16.714, 21096, 100
2026/08/05 13:15:17.715, 21096, 100
2026/08/05 13:15:18.716, 21096, 100
2026/08/05 13:15:19.718, 21096, 100
2026/08/05 13:15:20.719, 21096, 100
2026/08/05 13:15:21.720, 21096, 84
2026/08/05 13:15:22.721, 21096, 100
2026/08/05 13:15:23.722, 21096, 100
2026/08/05 13:15:24.723, 21096, 100
2026/08/05 13:15:25.724, 21096, 100
2026/08/05 13:15:26.724, 21096, 85
2026/08/05 13:15:27.724, 21096, 100
2026/08/05 13:15:28.725, 21096, 100
2026/08/05 13:15:29.725, 21096, 100
2026/08/05 13:15:30.725, 21096, 100
2026/08/05 13:15:31.726, 21096, 85
2026/08/05 13:15:32.726, 21096, 85
2026/08/05 13:15:33.726, 21096, 100
2026/08/05 13:15:34.726, 21096, 90
2026/08/05 13:15:35.727, 21096, 84
2026/08/05 13:15:36.727, 21096, 100
2026/08/05 13:15:37.727, 21096, 100
2026/08/05 13:15:38.728, 21096, 100
2026/08/05 13:15:39.728, 21096, 100
2026/08/05 13:15:40.728, 21096, 100
2026/08/05 13:15:41.729, 21096, 100
2026/08/05 13:15:42.729, 21096, 100
2026/08/05 13:15:43.729, 21096, 100
2026/08/05 13:15:44.729, 21096, 100
2026/08/05 13:15:45.729, 21096, 100
2026/08/05 13:15:46.730, 21096, 100
2026/08/05 13:15:47.730, 21096, 100
2026/08/05 13:15:48.730, 21096, 84
2026/08/05 13:15:49.730, 21096, 100
2026/08/05 13:15:50.731, 21096, 100
2026/08/05 13:15:51.731, 21096, 100
2026/08/05 13:15:52.731, 21096, 100
2026/08/05 13:15:53.731, 21096, 85
2026/08/05 13:15:54.732, 21096, 100
2026/08/05 13:15:55.732, 21096, 85
2026/08/05 13:15:56.732, 21096, 100
2026/08/05 13:15:57.733, 21096, 86
2026/08/05 13:15:58.734, 21096, 100
2026/08/05 13:15:59.736, 21096, 100
2026/08/05 13:16:00.737, 21096, 100
2026/08/05 13:16:01.738, 21096, 100
2026/08/05 13:16:02.740, 21096, 100
2026/08/05 13:16:03.740, 21096, 100
2026/08/05 13:16:04.742, 21096, 100
2026/08/05 13:16:05.743, 21096, 100
2026/08/05 13:16:06.744, 21096, 100
2026/08/05 13:16:07.746, 21096, 100
2026/08/05 13:16:08.746, 21096, 100
2026/08/05 13:16:09.746, 21096, 100
2026/08/05 13:16:10.746, 21096, 100
2026/08/05 13:16:11.747, 21096, 100
2026/08/05 13:16:12.747, 21096, 86
2026/08/05 13:16:13.747, 21096, 84
2026/08/05 13:16:14.748, 21096, 100
2026/08/05 13:16:15.748, 21096, 100
2026/08/05 13:16:16.748, 21096, 100
2026/08/05 13:16:17.749, 21096, 100
2026/08/05 13:16:18.749, 21096, 100
2026/08/05 13:16:19.749, 21096, 100
2026/08/05 13:16:20.749, 21096, 97
2026/08/05 13:16:21.750, 21096, 100
2026/08/05 13:16:22.750, 21096, 100
2026/08/05 13:16:23.750, 21096, 100
2026/08/05 13:16:24.751, 21096, 100
2026/08/05 13:16:25.751, 21096, 100
2026/08/05 13:16:26.751, 21096, 95
2026/08/05 13:16:27.751, 21096, 75
2026/08/05 13:16:28.751, 21096, 100
2026/08/05 13:16:29.752, 21096, 100
2026/08/05 13:16:30.752, 21096, 100
2026/08/05 13:16:31.752, 21096, 100
2026/08/05 13:16:32.752, 21096, 100
2026/08/05 13:16:33.752, 21096, 100
2026/08/05 13:16:34.753, 21096, 100
2026/08/05 13:16:35.753, 21096, 100
2026/08/05 13:16:36.753, 21096, 100
2026/08/05 13:16:37.753, 21096, 100
2026/08/05 13:16:38.753, 21096, 100
2026/08/05 13:16:39.753, 21096, 100
2026/08/05 13:16:40.754, 21096, 100
2026/08/05 13:16:41.754, 21096, 100
2026/08/05 13:16:42.754, 21096, 100
2026/08/05 13:16:43.754, 21096, 100
2026/08/05 13:16:44.755, 21096, 100
2026/08/05 13:16:45.755, 21096, 100
2026/08/05 13:16:46.755, 21096, 100
2026/08/05 13:16:47.756, 21096, 100
2026/08/05 13:16:48.756, 21096, 100
2026/08/05 13:16:49.756, 21096, 85
2026/08/05 13:16:50.756, 21096, 100
2026/08/05 13:16:51.757, 21096, 100
2026/08/05 13:16:52.757, 21096, 100
2026/08/05 13:16:53.757, 21096, 100
2026/08/05 13:16:54.757, 21096, 93
2026/08/05 13:16:55.757, 21096, 100
2026/08/05 13:16:56.758, 21096, 66
2026/08/05 13:16:57.758, 21096, 100
2026/08/05 13:16:58.758, 21096, 100
2026/08/05 13:16:59.758, 21096, 100
2026/08/05 13:17:00.758, 21096, 65
2026/08/05 13:17:01.759, 21096, 100
2026/08/05 13:17:02.760, 21096, 100
2026/08/05 13:17:03.762, 21096, 100
2026/08/05 13:17:04.763, 21096, 86
2026/08/05 13:17:05.765, 21096, 100
2026/08/05 13:17:06.766, 21096, 100
2026/08/05 13:17:07.768, 21096, 100
2026/08/05 13:17:08.769, 21096, 85
2026/08/05 13:17:09.771, 21096, 100
2026/08/05 13:17:10.772, 21096, 100
2026/08/05 13:17:11.773, 21096, 100
2026/08/05 13:17:12.775, 21096, 100
2026/08/05 13:17:13.776, 21096, 86
2026/08/05 13:17:14.778, 21096, 100
2026/08/05 13:17:15.779, 21096, 100
2026/08/05 13:17:16.780, 21096, 100
2026/08/05 13:17:17.782, 21096, 84
2026/08/05 13:17:18.783, 21096, 100
2026/08/05 13:17:19.784, 21096, 100
2026/08/05 13:17:20.786, 21096, 100
2026/08/05 13:17:21.787, 21096, 100
2026/08/05 13:17:22.788, 21096, 85
2026/08/05 13:17:23.790, 21096, 100
2026/08/05 13:17:24.791, 21096, 100
2026/08/05 13:17:25.793, 21096, 100
2026/08/05 13:17:26.794, 21096, 100
2026/08/05 13:17:27.795, 21096, 100
2026/08/05 13:17:28.797, 21096, 100
2026/08/05 13:17:29.798, 21096, 100
2026/08/05 13:17:30.800, 21096, 100
2026/08/05 13:17:31.801, 21096, 100
2026/08/05 13:17:32.802, 21096, 100
2026/08/05 13:17:33.804, 21096, 100
2026/08/05 13:17:34.805, 21096, 100
2026/08/05 13:17:35.806, 21096, 100
2026/08/05 13:17:36.808, 21096, 100
2026/08/05 13:17:37.809, 21096, 100
2026/08/05 13:17:38.810, 21096, 91
2026/08/05 13:17:39.812, 21096, 100
2026/08/05 13:17:40.813, 21096, 100
2026/08/05 13:17:41.814, 21096, 100
2026/08/05 13:17:42.816, 21096, 100
2026/08/05 13:17:43.817, 21096, 100
2026/08/05 13:17:44.818, 21096, 100
2026/08/05 13:17:45.820, 21096, 100
2026/08/05 13:17:46.820, 21096, 86
2026/08/05 13:17:47.821, 21096, 100
2026/08/05 13:17:48.822, 21096, 100
2026/08/05 13:17:49.822, 21096, 100
2026/08/05 13:17:50.823, 21096, 74
2026/08/05 13:17:51.824, 21096, 100
2026/08/05 13:17:52.824, 21096, 100
2026/08/05 13:17:53.825, 21096, 94
2026/08/05 13:17:54.825, 21096, 100
2026/08/05 13:17:55.825, 21096, 100
2026/08/05 13:17:56.826, 21096, 100
2026/08/05 13:17:57.826, 21096, 100
2026/08/05 13:17:58.826, 21096, 100
2026/08/05 13:17:59.826, 21096, 100
2026/08/05 13:18:00.827, 21096, 100
2026/08/05 13:18:01.827, 21096, 100
2026/08/05 13:18:02.827, 21096, 100
2026/08/05 13:18:03.827, 21096, 100
2026/08/05 13:18:04.828, 21096, 100
2026/08/05 13:18:05.828, 21096, 100
2026/08/05 13:18:06.828, 21096, 100
2026/08/05 13:18:07.828, 21096, 100
2026/08/05 13:18:08.828, 21096, 100
2026/08/05 13:18:09.829, 21096, 100
2026/08/05 13:18:10.829, 21096, 100
2026/08/05 13:18:11.829, 21096, 100
2026/08/05 13:18:12.830, 21096, 100
2026/08/05 13:18:13.830, 21096, 86
2026/08/05 13:18:14.830, 21096, 100
2026/08/05 13:18:15.830, 21096, 100
2026/08/05 13:18:16.830, 21096, 100
2026/08/05 13:18:17.831, 21096, 100
2026/08/05 13:18:18.831, 21096, 100
2026/08/05 13:18:19.831, 21096, 100
2026/08/05 13:18:20.831, 21096, 100
2026/08/05 13:18:21.832, 21096, 100
2026/08/05 13:18:22.832, 21096, 100
2026/08/05 13:18:23.832, 21096, 100
2026/08/05 13:18:24.833, 21096, 100
2026/08/05 13:18:25.833, 21096, 100
2026/08/05 13:18:26.834, 21096, 100
2026/08/05 13:18:27.834, 21096, 100
2026/08/05 13:18:28.834, 21096, 100
2026/08/05 13:18:29.834, 21096, 100
2026/08/05 13:18:30.835, 21096, 100
2026/08/05 13:18:31.835, 21096, 100
2026/08/05 13:18:32.835, 21096, 100
2026/08/05 13:18:33.835, 21096, 100
2026/08/05 13:18:34.836, 21096, 100
2026/08/05 13:18:35.836, 21096, 85
2026/08/05 13:18:36.836, 21096, 100
2026/08/05 13:18:37.837, 21096, 100
2026/08/05 13:18:38.837, 21096, 100
2026/08/05 13:18:39.837, 21096, 100
2026/08/05 13:18:40.837, 21096, 100
2026/08/05 13:18:41.838, 21096, 100
2026/08/05 13:18:42.838, 21096, 100
2026/08/05 13:18:43.838, 21096, 84
2026/08/05 13:18:44.839, 21096, 100
2026/08/05 13:18:45.839, 21096, 100
2026/08/05 13:18:46.839, 21096, 100
2026/08/05 13:18:47.839, 21096, 80
2026/08/05 13:18:48.840, 21096, 100
2026/08/05 13:18:49.840, 21096, 100
2026/08/05 13:18:50.841, 21096, 100
2026/08/05 13:18:51.841, 21096, 100
2026/08/05 13:18:52.841, 21096, 100
2026/08/05 13:18:53.841, 21096, 100
2026/08/05 13:18:54.842, 21096, 100
2026/08/05 13:18:55.842, 21096, 100
2026/08/05 13:18:56.842, 21096, 100
2026/08/05 13:18:57.843, 21096, 100
2026/08/05 13:18:58.843, 21096, 95
2026/08/05 13:18:59.843, 21096, 100
2026/08/05 13:19:00.844, 21096, 100
2026/08/05 13:19:01.844, 21096, 100
2026/08/05 13:19:02.844, 21096, 64
2026/08/05 13:19:03.844, 21096, 100
2026/08/05 13:19:04.845, 21096, 100
2026/08/05 13:19:05.845, 21096, 100
2026/08/05 13:19:06.845, 21096, 100
2026/08/05 13:19:07.845, 21096, 100
2026/08/05 13:19:08.846, 21096, 100
2026/08/05 13:19:09.846, 21096, 100
2026/08/05 13:19:10.846, 21096, 100
2026/08/05 13:19:11.846, 21096, 100
2026/08/05 13:19:12.847, 21096, 100
2026/08/05 13:19:13.847, 21096, 100
2026/08/05 13:19:14.847, 21096, 100
2026/08/05 13:19:15.847, 21096, 100
2026/08/05 13:19:16.848, 21096, 100
2026/08/05 13:19:17.848, 21096, 100
2026/08/05 13:19:18.848, 21096, 100
2026/08/05 13:19:19.849, 21096, 100
2026/08/05 13:19:20.849, 21096, 100
2026/08/05 13:19:21.849, 21096, 67
2026/08/05 13:19:22.849, 21096, 100
2026/08/05 13:19:23.849, 21096, 100
2026/08/05 13:19:24.850, 21096, 100
2026/08/05 13:19:25.850, 21096, 100
2026/08/05 13:19:26.850, 21096, 65
2026/08/05 13:19:27.850, 21096, 100
2026/08/05 13:19:28.851, 21096, 100
2026/08/05 13:19:29.851, 21096, 100
2026/08/05 13:19:30.851, 21096, 100
2026/08/05 13:19:31.851, 21096, 100
2026/08/05 13:19:32.852, 21096, 100
2026/08/05 13:19:33.852, 21096, 100
2026/08/05 13:19:34.852, 21096, 68
2026/08/05 13:19:35.852, 21096, 100
2026/08/05 13:19:36.853, 21096, 100
2026/08/05 13:19:37.853, 21096, 100
2026/08/05 13:19:38.853, 21096, 100
2026/08/05 13:19:39.853, 21096, 100
2026/08/05 13:19:40.853, 21096, 100
2026/08/05 13:19:41.853, 21096, 100
2026/08/05 13:19:42.854, 21096, 100
2026/08/05 13:19:43.854, 21096, 100
2026/08/05 13:19:44.854, 21096, 100
2026/08/05 13:19:45.854, 21096, 100
2026/08/05 13:19:46.854, 21096, 100
2026/08/05 13:19:47.854, 21096, 100
2026/08/05 13:19:48.855, 21096, 100
2026/08/05 13:19:49.855, 21096, 100
2026/08/05 13:19:50.855, 21096, 100
2026/08/05 13:19:51.855, 21096, 100
2026/08/05 13:19:52.856, 21096, 100
2026/08/05 13:19:53.856, 21096, 100
2026/08/05 13:19:54.856, 21096, 100
2026/08/05 13:19:55.856, 21096, 100
2026/08/05 13:19:56.856, 21096, 100
2026/08/05 13:19:57.857, 21096, 100
2026/08/05 13:19:58.857, 21096, 100
2026/08/05 13:19:59.857, 21096, 100
2026/08/05 13:20:00.857, 21096, 100
2026/08/05 13:20:01.857, 21096, 100
2026/08/05 13:20:02.857, 21096, 100
2026/08/05 13:20:03.857, 21096, 100
2026/08/05 13:20:04.858, 21096, 100
2026/08/05 13:20:05.858, 21096, 100
2026/08/05 13:20:06.858, 21096, 100
2026/08/05 13:20:07.858, 21096, 100
2026/08/05 13:20:08.859, 21096, 100
2026/08/05 13:20:09.859, 21096, 100
2026/08/05 13:20:10.859, 21096, 100
2026/08/05 13:20:11.859, 21096, 100
2026/08/05 13:20:12.859, 21096, 100
2026/08/05 13:20:13.860, 21096, 85
2026/08/05 13:20:14.860, 21096, 100
2026/08/05 13:20:15.860, 21096, 100
2026/08/05 13:20:16.860, 21096, 100
2026/08/05 13:20:17.860, 21096, 100
2026/08/05 13:20:18.861, 21096, 100
2026/08/05 13:20:19.861, 21096, 86
2026/08/05 13:20:20.861, 21096, 100
2026/08/05 13:20:21.861, 21096, 100
2026/08/05 13:20:22.862, 21096, 100
2026/08/05 13:20:23.862, 21096, 100
2026/08/05 13:20:24.862, 21096, 100
2026/08/05 13:20:25.862, 21096, 100
2026/08/05 13:20:26.863, 21096, 100
2026/08/05 13:20:27.863, 21096, 80
2026/08/05 13:20:28.863, 21096, 100
2026/08/05 13:20:29.863, 21096, 100
2026/08/05 13:20:30.864, 21096, 100
2026/08/05 13:20:31.864, 21096, 100
2026/08/05 13:20:32.864, 21096, 100
2026/08/05 13:20:33.864, 21096, 100
2026/08/05 13:20:34.864, 21096, 100
2026/08/05 13:20:35.865, 21096, 100
2026/08/05 13:20:36.865, 21096, 100
2026/08/05 13:20:37.865, 21096, 85
2026/08/05 13:20:38.865, 21096, 100
2026/08/05 13:20:39.866, 21096, 97
2026/08/05 13:20:40.866, 21096, 100
2026/08/05 13:20:41.866, 21096, 100
2026/08/05 13:20:42.866, 21096, 100
2026/08/05 13:20:43.866, 21096, 100
2026/08/05 13:20:44.867, 21096, 100
2026/08/05 13:20:45.867, 21096, 84
2026/08/05 13:20:46.867, 21096, 100
2026/08/05 13:20:47.867, 21096, 100
2026/08/05 13:20:48.867, 21096, 100
2026/08/05 13:20:49.868, 21096, 100
2026/08/05 13:20:50.868, 21096, 84
2026/08/05 13:20:51.868, 21096, 100
2026/08/05 13:20:52.868, 21096, 100
2026/08/05 13:20:53.869, 21096, 100
2026/08/05 13:20:54.869, 21096, 100
2026/08/05 13:20:55.869, 21096, 100
2026/08/05 13:20:56.869, 21096, 100
2026/08/05 13:20:57.870, 21096, 100
2026/08/05 13:20:58.870, 21096, 100
2026/08/05 13:20:59.870, 21096, 100
2026/08/05 13:21:00.871, 21096, 100
2026/08/05 13:21:01.871, 21096, 100
2026/08/05 13:21:02.871, 21096, 100
2026/08/05 13:21:03.871, 21096, 100
2026/08/05 13:21:04.871, 21096, 100
2026/08/05 13:21:05.872, 21096, 100
2026/08/05 13:21:06.872, 21096, 100
2026/08/05 13:21:07.872, 21096, 100
2026/08/05 13:21:08.872, 21096, 63
2026/08/05 13:21:09.873, 21096, 100
2026/08/05 13:21:10.873, 21096, 100
2026/08/05 13:21:11.873, 21096, 100
2026/08/05 13:21:12.873, 21096, 100
2026/08/05 13:21:13.874, 21096, 100
2026/08/05 13:21:14.874, 21096, 100
2026/08/05 13:21:15.874, 21096, 100
2026/08/05 13:21:16.874, 21096, 100
2026/08/05 13:21:17.875, 21096, 100
2026/08/05 13:21:18.875, 21096, 100
2026/08/05 13:21:19.885, 21096, 100
2026/08/05 13:21:20.895, 21096, 100
2026/08/05 13:21:21.905, 21096, 100
2026/08/05 13:21:22.915, 21096, 100
2026/08/05 13:21:23.924, 21096, 100
2026/08/05 13:21:24.932, 21096, 100
2026/08/05 13:21:25.940, 21096, 100
2026/08/05 13:21:26.947, 21096, 100
2026/08/05 13:21:27.955, 21096, 100
2026/08/05 13:21:28.961, 21096, 100
2026/08/05 13:21:29.968, 21096, 100
2026/08/05 13:21:30.974, 21096, 100
2026/08/05 13:21:31.980, 21096, 100
2026/08/05 13:21:32.985, 21096, 100
2026/08/05 13:21:33.991, 21096, 100
2026/08/05 13:21:34.996, 21096, 69
2026/08/05 13:21:36.000, 21096, 100
2026/08/05 13:21:37.005, 21096, 100
2026/08/05 13:21:38.010, 21096, 100
2026/08/05 13:21:39.014, 21096, 100
2026/08/05 13:21:40.018, 21096, 100
2026/08/05 13:21:41.022, 21096, 100
2026/08/05 13:21:42.026, 21096, 100
2026/08/05 13:21:43.029, 21096, 100
2026/08/05 13:21:44.033, 21096, 100
2026/08/05 13:21:45.037, 21096, 100
2026/08/05 13:21:46.040, 21096, 100
2026/08/05 13:21:47.043, 21096, 100
2026/08/05 13:21:48.046, 21096, 100
2026/08/05 13:21:49.049, 21096, 100
2026/08/05 13:21:50.051, 21096, 100
2026/08/05 13:21:51.054, 21096, 100
2026/08/05 13:21:52.057, 21096, 100
2026/08/05 13:21:53.059, 21096, 100
2026/08/05 13:21:54.061, 21096, 85
2026/08/05 13:21:55.063, 21096, 100
2026/08/05 13:21:56.065, 21096, 100
2026/08/05 13:21:57.067, 21096, 100
2026/08/05 13:21:58.069, 21096, 100
2026/08/05 13:21:59.071, 21096, 100
2026/08/05 13:22:00.073, 21096, 86
2026/08/05 13:22:01.075, 21096, 80
2026/08/05 13:22:02.077, 21096, 85
2026/08/05 13:22:03.079, 21096, 100
2026/08/05 13:22:04.080, 21096, 100
2026/08/05 13:22:05.082, 21096, 63
2026/08/05 13:22:06.083, 21096, 100
2026/08/05 13:22:07.085, 21096, 100
2026/08/05 13:22:08.086, 21096, 100
2026/08/05 13:22:09.088, 21096, 100
2026/08/05 13:22:10.089, 21096, 100
2026/08/05 13:22:11.091, 21096, 100
2026/08/05 13:22:12.093, 21096, 100
2026/08/05 13:22:13.094, 21096, 100
2026/08/05 13:22:14.096, 21096, 100
2026/08/05 13:22:15.098, 21096, 100
2026/08/05 13:22:16.100, 21096, 100
2026/08/05 13:22:17.101, 21096, 100
2026/08/05 13:22:18.103, 21096, 100
2026/08/05 13:22:19.105, 21096, 66
2026/08/05 13:22:20.106, 21096, 100
2026/08/05 13:22:21.108, 21096, 100
2026/08/05 13:22:22.110, 21096, 100
2026/08/05 13:22:23.112, 21096, 100
2026/08/05 13:22:24.112, 21096, 100
2026/08/05 13:22:25.112, 21096, 100
2026/08/05 13:22:26.112, 21096, 100
2026/08/05 13:22:27.113, 21096, 100
2026/08/05 13:22:28.113, 21096, 100
2026/08/05 13:22:29.113, 21096, 100
2026/08/05 13:22:30.114, 21096, 100
2026/08/05 13:22:31.114, 21096, 100
2026/08/05 13:22:32.114, 21096, 100
2026/08/05 13:22:33.115, 21096, 100
2026/08/05 13:22:34.115, 21096, 85
2026/08/05 13:22:35.115, 21096, 96
2026/08/05 13:22:36.116, 21096, 100
2026/08/05 13:22:37.116, 21096, 85
2026/08/05 13:22:38.116, 21096, 100
2026/08/05 13:22:39.117, 21096, 100
2026/08/05 13:22:40.117, 21096, 100
2026/08/05 13:22:41.117, 21096, 100
2026/08/05 13:22:42.118, 21096, 100
2026/08/05 13:22:43.118, 21096, 66
2026/08/05 13:22:44.118, 21096, 100
2026/08/05 13:22:45.119, 21096, 100
2026/08/05 13:22:46.119, 21096, 100
2026/08/05 13:22:47.119, 21096, 100
2026/08/05 13:22:48.120, 21096, 100
2026/08/05 13:22:49.120, 21096, 100
2026/08/05 13:22:50.120, 21096, 69
2026/08/05 13:22:51.121, 21096, 100
2026/08/05 13:22:52.121, 21096, 100
2026/08/05 13:22:53.121, 21096, 100
2026/08/05 13:22:54.122, 21096, 100
2026/08/05 13:22:55.122, 21096, 100
2026/08/05 13:22:56.122, 21096, 100
2026/08/05 13:22:57.123, 21096, 100
2026/08/05 13:22:58.123, 21096, 100
2026/08/05 13:22:59.123, 21096, 100
2026/08/05 13:23:00.124, 21096, 100
2026/08/05 13:23:01.124, 21096, 100
2026/08/05 13:23:02.124, 21096, 100
2026/08/05 13:23:03.124, 21096, 100
2026/08/05 13:23:04.125, 21096, 100
2026/08/05 13:23:05.125, 21096, 100
2026/08/05 13:23:06.125, 21096, 100
2026/08/05 13:23:07.126, 21096, 100
2026/08/05 13:23:08.126, 21096, 86
2026/08/05 13:23:09.126, 21096, 100
2026/08/05 13:23:10.127, 21096, 100
2026/08/05 13:23:11.127, 21096, 100
2026/08/05 13:23:12.127, 21096, 100
2026/08/05 13:23:13.128, 21096, 100
2026/08/05 13:23:14.128, 21096, 100
2026/08/05 13:23:15.128, 21096, 100
2026/08/05 13:23:16.129, 21096, 100
2026/08/05 13:23:17.129, 21096, 100
2026/08/05 13:23:18.129, 21096, 100
2026/08/05 13:23:19.130, 21096, 100
2026/08/05 13:23:20.130, 21096, 100
2026/08/05 13:23:21.130, 21096, 85
2026/08/05 13:23:22.130, 21096, 100
2026/08/05 13:23:23.130, 21096, 100
2026/08/05 13:23:24.131, 21096, 100
2026/08/05 13:23:25.131, 21096, 93
2026/08/05 13:23:26.131, 21096, 100
2026/08/05 13:23:27.131, 21096, 100
2026/08/05 13:23:28.131, 21096, 100
2026/08/05 13:23:29.133, 21096, 100
2026/08/05 13:23:30.134, 21096, 100
2026/08/05 13:23:31.135, 21096, 100
2026/08/05 13:23:32.137, 21096, 100
2026/08/05 13:23:33.138, 21096, 100
2026/08/05 13:23:34.139, 21096, 100
2026/08/05 13:23:35.141, 21096, 100
2026/08/05 13:23:36.142, 21096, 100
2026/08/05 13:23:37.143, 21096, 100
2026/08/05 13:23:38.145, 21096, 100
2026/08/05 13:23:39.146, 21096, 100
2026/08/05 13:23:40.147, 21096, 77
2026/08/05 13:23:41.149, 21096, 85
2026/08/05 13:23:42.149, 21096, 67
2026/08/05 13:23:43.149, 21096, 100
2026/08/05 13:23:44.150, 21096, 84
2026/08/05 13:23:45.152, 21096, 100
2026/08/05 13:23:46.152, 21096, 100
2026/08/05 13:23:47.152, 21096, 100
2026/08/05 13:23:48.152, 21096, 100
2026/08/05 13:23:49.153, 21096, 100
2026/08/05 13:23:50.153, 21096, 100
2026/08/05 13:23:51.153, 21096, 100
2026/08/05 13:23:52.153, 21096, 100
2026/08/05 13:23:53.154, 21096, 100
2026/08/05 13:23:54.154, 21096, 100
2026/08/05 13:23:55.154, 21096, 100
2026/08/05 13:23:56.155, 21096, 100
2026/08/05 13:23:57.155, 21096, 84
2026/08/05 13:23:58.155, 21096, 84
2026/08/05 13:23:59.155, 21096, 83
2026/08/05 13:24:00.157, 21096, 84
2026/08/05 13:24:01.157, 21096, 100
2026/08/05 13:24:02.158, 21096, 100
2026/08/05 13:24:03.158, 21096, 100
2026/08/05 13:24:04.158, 21096, 100
2026/08/05 13:24:05.159, 21096, 100
2026/08/05 13:24:06.159, 21096, 100
2026/08/05 13:24:07.159, 21096, 100
2026/08/05 13:24:08.159, 21096, 100
2026/08/05 13:24:09.160, 21096, 82
2026/08/05 13:24:10.160, 21096, 99
2026/08/05 13:24:11.160, 21096, 100
2026/08/05 13:24:12.161, 21096, 100
2026/08/05 13:24:13.161, 21096, 84
2026/08/05 13:24:14.161, 21096, 83
2026/08/05 13:24:15.161, 21096, 100
2026/08/05 13:24:16.162, 21096, 100
2026/08/05 13:24:17.162, 21096, 100
2026/08/05 13:24:18.162, 21096, 100
2026/08/05 13:24:19.163, 21096, 100
2026/08/05 13:24:20.163, 21096, 100
2026/08/05 13:24:21.163, 21096, 100
2026/08/05 13:24:22.163, 21096, 63
2026/08/05 13:24:23.164, 21096, 100
2026/08/05 13:24:24.164, 21096, 100
2026/08/05 13:24:25.164, 21096, 100
2026/08/05 13:24:26.165, 21096, 74
2026/08/05 13:24:27.165, 21096, 100
2026/08/05 13:24:28.165, 21096, 100
2026/08/05 13:24:29.165, 21096, 100
2026/08/05 13:24:30.166, 21096, 100
2026/08/05 13:24:31.166, 21096, 100
2026/08/05 13:24:32.166, 21096, 91
2026/08/05 13:24:33.166, 21096, 100
2026/08/05 13:24:34.167, 21096, 100
2026/08/05 13:24:35.167, 21096, 81
2026/08/05 13:24:36.167, 21096, 67
2026/08/05 13:24:37.167, 21096, 100
2026/08/05 13:24:38.167, 21096, 100
2026/08/05 13:24:39.168, 21096, 100
2026/08/05 13:24:40.168, 21096, 100
2026/08/05 13:24:41.168, 21096, 100
2026/08/05 13:24:42.169, 21096, 66
2026/08/05 13:24:43.169, 21096, 82
2026/08/05 13:24:44.169, 21096, 100
2026/08/05 13:24:45.170, 21096, 100
2026/08/05 13:24:46.170, 21096, 100
2026/08/05 13:24:47.170, 21096, 100
2026/08/05 13:24:48.170, 21096, 100
2026/08/05 13:24:49.171, 21096, 100
2026/08/05 13:24:50.171, 21096, 79
2026/08/05 13:24:51.171, 21096, 100
2026/08/05 13:24:52.172, 21096, 75
2026/08/05 13:24:53.172, 21096, 86
2026/08/05 13:24:54.172, 21096, 100
2026/08/05 13:24:55.172, 21096, 100
2026/08/05 13:24:56.173, 21096, 84
2026/08/05 13:24:57.173, 21096, 84
2026/08/05 13:24:58.173, 21096, 100
2026/08/05 13:24:59.173, 21096, 100
2026/08/05 13:25:00.173, 21096, 100
2026/08/05 13:25:01.174, 21096, 100
2026/08/05 13:25:02.174, 21096, 100
2026/08/05 13:25:03.174, 21096, 82
2026/08/05 13:25:04.174, 21096, 100
2026/08/05 13:25:05.175, 21096, 100
2026/08/05 13:25:06.175, 21096, 100
2026/08/05 13:25:07.175, 21096, 100
2026/08/05 13:25:08.176, 21096, 100
2026/08/05 13:25:09.176, 21096, 100
2026/08/05 13:25:10.176, 21096, 100
2026/08/05 13:25:11.176, 21096, 100
2026/08/05 13:25:12.176, 21096, 100
2026/08/05 13:25:13.177, 21096, 84
2026/08/05 13:25:14.177, 21096, 100
2026/08/05 13:25:15.178, 21096, 100
2026/08/05 13:25:16.179, 21096, 100
2026/08/05 13:25:17.179, 21096, 100
2026/08/05 13:25:18.179, 21096, 100
2026/08/05 13:25:19.179, 21096, 100
2026/08/05 13:25:20.180, 21096, 100
2026/08/05 13:25:21.180, 21096, 100
2026/08/05 13:25:22.180, 21096, 100
2026/08/05 13:25:23.180, 21096, 100
2026/08/05 13:25:24.180, 21096, 84
2026/08/05 13:25:25.181, 21096, 84
2026/08/05 13:25:26.181, 21096, 100
2026/08/05 13:25:27.182, 21096, 100
2026/08/05 13:25:28.182, 21096, 82
2026/08/05 13:25:29.182, 21096, 100
2026/08/05 13:25:30.182, 21096, 100
2026/08/05 13:25:31.183, 21096, 100
2026/08/05 13:25:32.183, 21096, 100
2026/08/05 13:25:33.183, 21096, 100
2026/08/05 13:25:34.183, 21096, 100
2026/08/05 13:25:35.184, 21096, 100
2026/08/05 13:25:36.184, 21096, 100
2026/08/05 13:25:37.184, 21096, 100
2026/08/05 13:25:38.184, 21096, 100
2026/08/05 13:25:39.185, 21096, 100
2026/08/05 13:25:40.185, 21096, 100
2026/08/05 13:25:41.185, 21096, 100
2026/08/05 13:25:42.185, 21096, 100
2026/08/05 13:25:43.185, 21096, 100
2026/08/05 13:25:44.186, 21096, 100
2026/08/05 13:25:45.186, 21096, 100
2026/08/05 13:25:46.186, 21096, 100
2026/08/05 13:25:47.186, 21096, 100
2026/08/05 13:25:48.186, 21096, 100
2026/08/05 13:25:49.186, 21096, 100
2026/08/05 13:25:50.187, 21096, 100
2026/08/05 13:25:51.187, 21096, 74
2026/08/05 13:25:52.187, 21096, 85
2026/08/05 13:25:53.187, 21096, 76
2026/08/05 13:25:54.187, 21096, 100
2026/08/05 13:25:55.189, 21096, 100
2026/08/05 13:25:56.189, 21096, 100
2026/08/05 13:25:57.189, 21096, 100
2026/08/05 13:25:58.189, 21096, 100
2026/08/05 13:25:59.189, 21096, 100
2026/08/05 13:26:00.190, 21096, 84
2026/08/05 13:26:01.190, 21096, 100
2026/08/05 13:26:02.190, 21096, 100
2026/08/05 13:26:03.190, 21096, 100
2026/08/05 13:26:04.191, 21096, 100
2026/08/05 13:26:05.191, 21096, 100
2026/08/05 13:26:06.191, 21096, 100
2026/08/05 13:26:07.191, 21096, 84
2026/08/05 13:26:08.191, 21096, 100
2026/08/05 13:26:09.191, 21096, 100
2026/08/05 13:26:10.192, 21096, 100
2026/08/05 13:26:11.192, 21096, 100
2026/08/05 13:26:12.192, 21096, 100
2026/08/05 13:26:13.193, 21096, 100
2026/08/05 13:26:14.193, 21096, 100
2026/08/05 13:26:15.193, 21096, 100
2026/08/05 13:26:16.194, 21096, 100
2026/08/05 13:26:17.194, 21096, 100
2026/08/05 13:26:18.194, 21096, 100
2026/08/05 13:26:19.194, 21096, 100
2026/08/05 13:26:20.195, 21096, 100
2026/08/05 13:26:21.195, 21096, 100
2026/08/05 13:26:22.195, 21096, 100
2026/08/05 13:26:23.196, 21096, 100
2026/08/05 13:26:24.196, 21096, 100
2026/08/05 13:26:25.196, 21096, 100
2026/08/05 13:26:26.196, 21096, 100
2026/08/05 13:26:27.197, 21096, 100
2026/08/05 13:26:28.197, 21096, 100
2026/08/05 13:26:29.197, 21096, 100
2026/08/05 13:26:30.198, 21096, 100
2026/08/05 13:26:31.198, 21096, 100
2026/08/05 13:26:32.198, 21096, 100
2026/08/05 13:26:33.198, 21096, 100
2026/08/05 13:26:34.199, 21096, 86
2026/08/05 13:26:35.199, 21096, 100
2026/08/05 13:26:36.199, 21096, 100
2026/08/05 13:26:37.199, 21096, 100
2026/08/05 13:26:38.199, 21096, 100
2026/08/05 13:26:39.200, 21096, 100
2026/08/05 13:26:40.200, 21096, 100
2026/08/05 13:26:41.200, 21096, 100
2026/08/05 13:26:42.201, 21096, 100
2026/08/05 13:26:43.201, 21096, 100
2026/08/05 13:26:44.201, 21096, 100
2026/08/05 13:26:45.201, 21096, 84
2026/08/05 13:26:46.201, 21096, 100
2026/08/05 13:26:47.202, 21096, 100
2026/08/05 13:26:48.202, 21096, 83
2026/08/05 13:26:49.202, 21096, 83
2026/08/05 13:26:50.202, 21096, 100
2026/08/05 13:26:51.202, 21096, 100
2026/08/05 13:26:52.202, 21096, 100
2026/08/05 13:26:53.203, 21096, 100
2026/08/05 13:26:54.203, 21096, 100
2026/08/05 13:26:55.203, 21096, 100
2026/08/05 13:26:56.203, 21096, 100
2026/08/05 13:26:57.204, 21096, 100
2026/08/05 13:26:58.204, 21096, 100
2026/08/05 13:26:59.204, 21096, 83
2026/08/05 13:27:00.204, 21096, 100
2026/08/05 13:27:01.204, 21096, 64
2026/08/05 13:27:02.204, 21096, 100
2026/08/05 13:27:03.205, 21096, 100
2026/08/05 13:27:04.206, 21096, 100
2026/08/05 13:27:05.206, 21096, 100
2026/08/05 13:27:06.206, 21096, 84
2026/08/05 13:27:07.206, 21096, 100
2026/08/05 13:27:08.206, 21096, 100
2026/08/05 13:27:09.207, 21096, 100
2026/08/05 13:27:10.207, 21096, 100
2026/08/05 13:27:11.207, 21096, 100
2026/08/05 13:27:12.207, 21096, 100
2026/08/05 13:27:13.208, 21096, 100
2026/08/05 13:27:14.208, 21096, 100
2026/08/05 13:27:15.208, 21096, 100
2026/08/05 13:27:16.208, 21096, 100
2026/08/05 13:27:17.208, 21096, 100
2026/08/05 13:27:18.208, 21096, 100
2026/08/05 13:27:19.209, 21096, 100
2026/08/05 13:27:20.209, 21096, 82
2026/08/05 13:27:21.209, 21096, 100
2026/08/05 13:27:22.210, 21096, 100
2026/08/05 13:27:23.210, 21096, 100
2026/08/05 13:27:24.210, 21096, 84
2026/08/05 13:27:25.210, 21096, 85
2026/08/05 13:27:26.211, 21096, 100
2026/08/05 13:27:27.211, 21096, 100
2026/08/05 13:27:28.212, 21096, 100
2026/08/05 13:27:29.212, 21096, 100
2026/08/05 13:27:30.212, 21096, 85
2026/08/05 13:27:31.213, 21096, 100
2026/08/05 13:27:32.213, 21096, 100
2026/08/05 13:27:33.213, 21096, 100
2026/08/05 13:27:34.214, 21096, 100
2026/08/05 13:27:35.214, 21096, 85
2026/08/05 13:27:36.214, 21096, 100
2026/08/05 13:27:37.215, 21096, 100
2026/08/05 13:27:38.215, 21096, 100
2026/08/05 13:27:39.215, 21096, 100
2026/08/05 13:27:40.216, 21096, 100
2026/08/05 13:27:41.216, 21096, 100
2026/08/05 13:27:42.216, 21096, 100
2026/08/05 13:27:43.216, 21096, 100
2026/08/05 13:27:44.217, 21096, 100
2026/08/05 13:27:45.224, 21096, 100
2026/08/05 13:27:46.257, 21096, 100
2026/08/05 13:27:47.286, 21096, 100
2026/08/05 13:27:48.311, 21096, 100
2026/08/05 13:27:49.334, 21096, 100
2026/08/05 13:27:50.353, 21096, 100
2026/08/05 13:27:51.370, 21096, 100
2026/08/05 13:27:52.385, 21096, 100
2026/08/05 13:27:53.399, 21096, 100
2026/08/05 13:27:54.410, 21096, 100
2026/08/05 13:27:55.421, 21096, 100
2026/08/05 13:27:56.430, 21096, 100
2026/08/05 13:27:57.439, 21096, 100
2026/08/05 13:27:58.446, 21096, 100
2026/08/05 13:27:59.453, 21096, 100
2026/08/05 13:28:00.459, 21096, 100
2026/08/05 13:28:01.465, 21096, 100
2026/08/05 13:28:02.470, 21096, 99
2026/08/05 13:28:03.475, 21096, 83
2026/08/05 13:28:04.480, 21096, 100
2026/08/05 13:28:05.484, 21096, 100
2026/08/05 13:28:06.487, 21096, 100
2026/08/05 13:28:07.490, 21096, 86
2026/08/05 13:28:08.493, 21096, 100
2026/08/05 13:28:09.496, 21096, 100
2026/08/05 13:28:10.498, 21096, 100
2026/08/05 13:28:11.501, 21096, 100
2026/08/05 13:28:12.503, 21096, 100
2026/08/05 13:28:13.506, 21096, 100
2026/08/05 13:28:14.508, 21096, 69
2026/08/05 13:28:15.510, 21096, 100
2026/08/05 13:28:16.511, 21096, 100
2026/08/05 13:28:17.513, 21096, 100
2026/08/05 13:28:18.514, 21096, 100
2026/08/05 13:28:19.516, 21096, 100
2026/08/05 13:28:20.517, 21096, 100
2026/08/05 13:28:21.519, 21096, 100
2026/08/05 13:28:22.521, 21096, 100
2026/08/05 13:28:23.523, 21096, 65
2026/08/05 13:28:24.524, 21096, 83
2026/08/05 13:28:25.526, 21096, 100
2026/08/05 13:28:26.527, 21096, 100
2026/08/05 13:28:27.529, 21096, 84
2026/08/05 13:28:28.530, 21096, 100
2026/08/05 13:28:29.532, 21096, 100
2026/08/05 13:28:30.533, 21096, 63
2026/08/05 13:28:31.535, 21096, 100
2026/08/05 13:28:32.536, 21096, 100
2026/08/05 13:28:33.537, 21096, 60
2026/08/05 13:28:34.539, 21096, 84
2026/08/05 13:28:35.541, 21096, 100
2026/08/05 13:28:36.542, 21096, 100
2026/08/05 13:28:37.544, 21096, 100
2026/08/05 13:28:38.545, 21096, 100
2026/08/05 13:28:39.547, 21096, 100
2026/08/05 13:28:40.548, 21096, 100
2026/08/05 13:28:41.550, 21096, 100
2026/08/05 13:28:42.551, 21096, 100
2026/08/05 13:28:43.552, 21096, 100
2026/08/05 13:28:44.554, 21096, 100
2026/08/05 13:28:45.555, 21096, 97
2026/08/05 13:28:46.557, 21096, 100
2026/08/05 13:28:47.558, 21096, 100
2026/08/05 13:28:48.559, 21096, 100
2026/08/05 13:28:49.560, 21096, 100
2026/08/05 13:28:50.561, 21096, 100
2026/08/05 13:28:51.561, 21096, 100
2026/08/05 13:28:52.561, 21096, 100
2026/08/05 13:28:53.562, 21096, 100
2026/08/05 13:28:54.562, 21096, 86
2026/08/05 13:28:55.562, 21096, 100
2026/08/05 13:28:56.563, 21096, 99
2026/08/05 13:28:57.563, 21096, 86
2026/08/05 13:28:58.563, 21096, 100
2026/08/05 13:28:59.564, 21096, 100
2026/08/05 13:29:00.564, 21096, 100
2026/08/05 13:29:01.564, 21096, 100
2026/08/05 13:29:02.565, 21096, 100
2026/08/05 13:29:03.565, 21096, 100
2026/08/05 13:29:04.565, 21096, 100
2026/08/05 13:29:05.566, 21096, 100
2026/08/05 13:29:06.566, 21096, 100
2026/08/05 13:29:07.566, 21096, 100
2026/08/05 13:29:08.567, 21096, 100
2026/08/05 13:29:09.567, 21096, 100
2026/08/05 13:29:10.567, 21096, 100
2026/08/05 13:29:11.567, 21096, 100
2026/08/05 13:29:12.568, 21096, 100
2026/08/05 13:29:13.568, 21096, 100
2026/08/05 13:29:14.569, 21096, 100
2026/08/05 13:29:15.569, 21096, 100
2026/08/05 13:29:16.569, 21096, 100
2026/08/05 13:29:17.569, 21096, 91
2026/08/05 13:29:18.570, 21096, 100
2026/08/05 13:29:19.570, 21096, 100
2026/08/05 13:29:20.571, 21096, 100
2026/08/05 13:29:21.571, 21096, 100
2026/08/05 13:29:22.571, 21096, 100
2026/08/05 13:29:23.590, 21096, 100
2026/08/05 13:29:24.620, 21096, 100
2026/08/05 13:29:25.646, 21096, 85
2026/08/05 13:29:26.670, 21096, 100
2026/08/05 13:29:27.690, 21096, 100
2026/08/05 13:29:28.709, 21096, 82
2026/08/05 13:29:29.725, 21096, 100
2026/08/05 13:29:30.739, 21096, 100
2026/08/05 13:29:31.751, 21096, 100
2026/08/05 13:29:32.762, 21096, 100
2026/08/05 13:29:33.772, 21096, 98
2026/08/05 13:29:34.780, 21096, 79
2026/08/05 13:29:35.788, 21096, 84
2026/08/05 13:29:36.795, 21096, 100
2026/08/05 13:29:37.801, 21096, 100
2026/08/05 13:29:38.807, 21096, 100
2026/08/05 13:29:39.812, 21096, 100
2026/08/05 13:29:40.817, 21096, 100
2026/08/05 13:29:41.821, 21096, 100
2026/08/05 13:29:42.825, 21096, 100
2026/08/05 13:29:43.829, 21096, 100
2026/08/05 13:29:44.832, 21096, 100
2026/08/05 13:29:45.835, 21096, 100
2026/08/05 13:29:46.838, 21096, 100
2026/08/05 13:29:47.840, 21096, 100
2026/08/05 13:29:48.843, 21096, 82
2026/08/05 13:29:49.845, 21096, 100
2026/08/05 13:29:50.848, 21096, 100
2026/08/05 13:29:51.850, 21096, 100
2026/08/05 13:29:52.853, 21096, 93
2026/08/05 13:29:53.854, 21096, 100
2026/08/05 13:29:54.855, 21096, 82
2026/08/05 13:29:55.857, 21096, 100
2026/08/05 13:29:56.857, 21096, 100
2026/08/05 13:29:57.857, 21096, 100
2026/08/05 13:29:58.858, 21096, 64
2026/08/05 13:29:59.858, 21096, 100
2026/08/05 13:30:00.858, 21096, 100
2026/08/05 13:30:01.859, 21096, 100
2026/08/05 13:30:02.859, 21096, 100
2026/08/05 13:30:03.859, 21096, 100
2026/08/05 13:30:04.859, 21096, 100
2026/08/05 13:30:05.859, 21096, 100
2026/08/05 13:30:06.860, 21096, 100
2026/08/05 13:30:07.860, 21096, 100
2026/08/05 13:30:08.860, 21096, 100
2026/08/05 13:30:09.860, 21096, 100
2026/08/05 13:30:10.860, 21096, 100
2026/08/05 13:30:11.861, 21096, 100
2026/08/05 13:30:12.861, 21096, 100
2026/08/05 13:30:13.861, 21096, 100
2026/08/05 13:30:14.861, 21096, 100
2026/08/05 13:30:15.861, 21096, 100
2026/08/05 13:30:16.861, 21096, 100
2026/08/05 13:30:17.862, 21096, 100
2026/08/05 13:30:18.862, 21096, 100
2026/08/05 13:30:19.862, 21096, 77
2026/08/05 13:30:20.862, 21096, 56
2026/08/05 13:30:21.863, 21096, 100
2026/08/05 13:30:22.863, 21096, 100
2026/08/05 13:30:23.863, 21096, 59
2026/08/05 13:30:24.863, 21096, 100
2026/08/05 13:30:25.863, 21096, 88
2026/08/05 13:30:26.864, 21096, 100
2026/08/05 13:30:27.864, 21096, 100
2026/08/05 13:30:28.873, 21096, 100
2026/08/05 13:30:29.882, 21096, 100
2026/08/05 13:30:30.891, 21096, 100
2026/08/05 13:30:31.899, 21096, 100
2026/08/05 13:30:32.907, 21096, 100
2026/08/05 13:30:33.913, 21096, 100
2026/08/05 13:30:34.919, 21096, 89
2026/08/05 13:30:35.924, 21096, 100
2026/08/05 13:30:36.928, 21096, 100
2026/08/05 13:30:37.932, 21096, 100
2026/08/05 13:30:38.936, 21096, 100
2026/08/05 13:30:39.939, 21096, 100
2026/08/05 13:30:40.942, 21096, 84
2026/08/05 13:30:41.945, 21096, 100
2026/08/05 13:30:42.948, 21096, 100
2026/08/05 13:30:43.950, 21096, 100
2026/08/05 13:30:44.952, 21096, 79
2026/08/05 13:30:45.954, 21096, 90
2026/08/05 13:30:46.955, 21096, 84
2026/08/05 13:30:47.957, 21096, 100
2026/08/05 13:30:48.959, 21096, 100
2026/08/05 13:30:49.960, 21096, 100
2026/08/05 13:30:50.962, 21096, 100
2026/08/05 13:30:51.963, 21096, 100
2026/08/05 13:30:52.964, 21096, 100
2026/08/05 13:30:53.966, 21096, 100
2026/08/05 13:30:54.967, 21096, 100
2026/08/05 13:30:55.968, 21096, 100
2026/08/05 13:30:56.970, 21096, 100
2026/08/05 13:30:57.971, 21096, 100
2026/08/05 13:30:58.972, 21096, 100
2026/08/05 13:30:59.974, 21096, 100
2026/08/05 13:31:00.975, 21096, 100
2026/08/05 13:31:01.976, 21096, 100
2026/08/05 13:31:02.978, 21096, 100
2026/08/05 13:31:03.979, 21096, 100
2026/08/05 13:31:04.980, 21096, 81
2026/08/05 13:31:05.982, 21096, 83
2026/08/05 13:31:06.983, 21096, 100
2026/08/05 13:31:07.985, 21096, 100
2026/08/05 13:31:08.986, 21096, 100
2026/08/05 13:31:09.988, 21096, 100
2026/08/05 13:31:10.989, 21096, 100
2026/08/05 13:31:11.991, 21096, 100
2026/08/05 13:31:12.992, 21096, 100
2026/08/05 13:31:13.994, 21096, 100
2026/08/05 13:31:14.995, 21096, 82
2026/08/05 13:31:15.996, 21096, 82
2026/08/05 13:31:16.998, 21096, 80
2026/08/05 13:31:17.999, 21096, 100
2026/08/05 13:31:19.001, 21096, 100
2026/08/05 13:31:20.002, 21096, 100
2026/08/05 13:31:21.004, 21096, 100
2026/08/05 13:31:22.005, 21096, 81
2026/08/05 13:31:23.006, 21096, 100
2026/08/05 13:31:24.008, 21096, 100
2026/08/05 13:31:25.009, 21096, 100
2026/08/05 13:31:26.011, 21096, 82
2026/08/05 13:31:27.012, 21096, 56
2026/08/05 13:31:28.013, 21096, 82
2026/08/05 13:31:29.015, 21096, 100
2026/08/05 13:31:30.016, 21096, 100
2026/08/05 13:31:31.018, 21096, 100
2026/08/05 13:31:32.019, 21096, 100
2026/08/05 13:31:33.020, 21096, 100
2026/08/05 13:31:34.022, 21096, 100
2026/08/05 13:31:35.024, 21096, 100
2026/08/05 13:31:36.025, 21096, 100
2026/08/05 13:31:37.027, 21096, 100
2026/08/05 13:31:38.028, 21096, 100
2026/08/05 13:31:39.030, 21096, 100
2026/08/05 13:31:40.031, 21096, 100
2026/08/05 13:31:41.033, 21096, 100
2026/08/05 13:31:42.034, 21096, 100
2026/08/05 13:31:43.036, 21096, 100
2026/08/05 13:31:44.037, 21096, 100
2026/08/05 13:31:45.038, 21096, 100
2026/08/05 13:31:46.040, 21096, 81
2026/08/05 13:31:47.041, 21096, 100
2026/08/05 13:31:48.043, 21096, 82
2026/08/05 13:31:49.044, 21096, 100
2026/08/05 13:31:50.046, 21096, 100
2026/08/05 13:31:51.047, 21096, 100
2026/08/05 13:31:52.048, 21096, 100
2026/08/05 13:31:53.050, 21096, 79
2026/08/05 13:31:54.051, 21096, 100
2026/08/05 13:31:55.053, 21096, 85
2026/08/05 13:31:56.054, 21096, 100
2026/08/05 13:31:57.055, 21096, 100
2026/08/05 13:31:58.057, 21096, 100
2026/08/05 13:31:59.058, 21096, 81
2026/08/05 13:32:00.059, 21096, 100
2026/08/05 13:32:01.061, 21096, 100
2026/08/05 13:32:02.062, 21096, 100
2026/08/05 13:32:03.064, 21096, 100
2026/08/05 13:32:04.065, 21096, 100
2026/08/05 13:32:05.066, 21096, 100
2026/08/05 13:32:06.068, 21096, 100
2026/08/05 13:32:07.068, 21096, 80
2026/08/05 13:32:08.068, 21096, 83
2026/08/05 13:32:09.069, 21096, 100
2026/08/05 13:32:10.069, 21096, 100
2026/08/05 13:32:11.069, 21096, 88
2026/08/05 13:32:12.070, 21096, 100
2026/08/05 13:32:13.070, 21096, 100
2026/08/05 13:32:14.070, 21096, 100
2026/08/05 13:32:15.071, 21096, 85
2026/08/05 13:32:16.071, 21096, 67
2026/08/05 13:32:17.071, 21096, 82
2026/08/05 13:32:18.072, 21096, 100
2026/08/05 13:32:19.072, 21096, 100
2026/08/05 13:32:20.072, 21096, 100
2026/08/05 13:32:21.073, 21096, 100
2026/08/05 13:32:22.073, 21096, 100
2026/08/05 13:32:23.073, 21096, 100
2026/08/05 13:32:24.074, 21096, 100
2026/08/05 13:32:25.074, 21096, 100
2026/08/05 13:32:26.075, 21096, 81
2026/08/05 13:32:27.075, 21096, 100
2026/08/05 13:32:28.075, 21096, 100
2026/08/05 13:32:29.076, 21096, 100
2026/08/05 13:32:30.077, 21096, 100
2026/08/05 13:32:31.078, 21096, 100
2026/08/05 13:32:32.080, 21096, 100
2026/08/05 13:32:33.081, 21096, 100
2026/08/05 13:32:34.082, 21096, 57
2026/08/05 13:32:35.084, 21096, 100
2026/08/05 13:32:36.085, 21096, 100
2026/08/05 13:32:37.087, 21096, 100
2026/08/05 13:32:38.088, 21096, 100
2026/08/05 13:32:39.089, 21096, 100
2026/08/05 13:32:40.090, 21096, 100
2026/08/05 13:32:41.092, 21096, 100
2026/08/05 13:32:42.093, 21096, 100
2026/08/05 13:32:43.095, 21096, 100
2026/08/05 13:32:44.095, 21096, 100
2026/08/05 13:32:45.097, 21096, 81
2026/08/05 13:32:46.098, 21096, 100
2026/08/05 13:32:47.099, 21096, 86
2026/08/05 13:32:48.101, 21096, 100
2026/08/05 13:32:49.102, 21096, 100
2026/08/05 13:32:50.104, 21096, 100
2026/08/05 13:32:51.105, 21096, 100
2026/08/05 13:32:52.106, 21096, 100
2026/08/05 13:32:53.108, 21096, 100
2026/08/05 13:32:54.109, 21096, 100
2026/08/05 13:32:55.111, 21096, 100
2026/08/05 13:32:56.111, 21096, 100
2026/08/05 13:32:57.113, 21096, 82
2026/08/05 13:32:58.114, 21096, 100
2026/08/05 13:32:59.116, 21096, 100
2026/08/05 13:33:00.118, 21096, 100
2026/08/05 13:33:01.119, 21096, 100
2026/08/05 13:33:02.120, 21096, 100
2026/08/05 13:33:03.122, 21096, 100
2026/08/05 13:33:04.123, 21096, 100
2026/08/05 13:33:05.125, 21096, 100
2026/08/05 13:33:06.126, 21096, 100
2026/08/05 13:33:07.127, 21096, 100
2026/08/05 13:33:08.129, 21096, 100
2026/08/05 13:33:09.130, 21096, 100
2026/08/05 13:33:10.132, 21096, 100
2026/08/05 13:33:11.133, 21096, 100
2026/08/05 13:33:12.135, 21096, 100
2026/08/05 13:33:13.136, 21096, 55
2026/08/05 13:33:14.137, 21096, 84
2026/08/05 13:33:15.139, 21096, 100
2026/08/05 13:33:16.140, 21096, 96
2026/08/05 13:33:17.142, 21096, 100
2026/08/05 13:33:18.143, 21096, 100
2026/08/05 13:33:19.145, 21096, 100
2026/08/05 13:33:20.146, 21096, 100
2026/08/05 13:33:21.147, 21096, 100
2026/08/05 13:33:22.149, 21096, 100
2026/08/05 13:33:23.150, 21096, 100
2026/08/05 13:33:24.152, 21096, 100
2026/08/05 13:33:25.156, 21096, 100
2026/08/05 13:33:26.157, 21096, 100
2026/08/05 13:33:27.159, 21096, 100
2026/08/05 13:33:28.160, 21096, 90
2026/08/05 13:33:29.162, 21096, 83
2026/08/05 13:33:30.163, 21096, 100
2026/08/05 13:33:31.165, 21096, 100
2026/08/05 13:33:32.166, 21096, 100
2026/08/05 13:33:33.168, 21096, 100
2026/08/05 13:33:34.169, 21096, 100
2026/08/05 13:33:35.171, 21096, 100
2026/08/05 13:33:36.172, 21096, 100
2026/08/05 13:33:37.173, 21096, 100
2026/08/05 13:33:38.175, 21096, 100
2026/08/05 13:33:39.176, 21096, 100
2026/08/05 13:33:40.178, 21096, 72
2026/08/05 13:33:41.179, 21096, 100
2026/08/05 13:33:42.181, 21096, 100
2026/08/05 13:33:43.182, 21096, 100
2026/08/05 13:33:44.183, 21096, 100
2026/08/05 13:33:45.185, 21096, 100
2026/08/05 13:33:46.186, 21096, 100
2026/08/05 13:33:47.188, 21096, 100
2026/08/05 13:33:48.189, 21096, 92
2026/08/05 13:33:49.191, 21096, 85
2026/08/05 13:33:50.192, 21096, 100
2026/08/05 13:33:51.194, 21096, 86
2026/08/05 13:33:52.195, 21096, 100
2026/08/05 13:33:53.196, 21096, 85
2026/08/05 13:33:54.197, 21096, 100
2026/08/05 13:33:55.199, 21096, 100
2026/08/05 13:33:56.200, 21096, 100
2026/08/05 13:33:57.202, 21096, 100
2026/08/05 13:33:58.203, 21096, 100
2026/08/05 13:33:59.204, 21096, 100
2026/08/05 13:34:00.206, 21096, 100
2026/08/05 13:34:01.207, 21096, 100
2026/08/05 13:34:02.209, 21096, 100
2026/08/05 13:34:03.210, 21096, 100
2026/08/05 13:34:04.211, 21096, 100
2026/08/05 13:34:05.213, 21096, 100
2026/08/05 13:34:06.214, 21096, 100
2026/08/05 13:34:07.216, 21096, 100
2026/08/05 13:34:08.217, 21096, 100
2026/08/05 13:34:09.219, 21096, 100
2026/08/05 13:34:10.220, 21096, 100
2026/08/05 13:34:11.222, 21096, 100
2026/08/05 13:34:12.222, 21096, 100
2026/08/05 13:34:13.224, 21096, 100
2026/08/05 13:34:14.224, 21096, 100
2026/08/05 13:34:15.224, 21096, 100
2026/08/05 13:34:16.225, 21096, 100
2026/08/05 13:34:17.225, 21096, 100
2026/08/05 13:34:18.225, 21096, 100
2026/08/05 13:34:19.226, 21096, 100
2026/08/05 13:34:20.226, 21096, 100
2026/08/05 13:34:21.226, 21096, 100
2026/08/05 13:34:22.227, 21096, 100
2026/08/05 13:34:23.227, 21096, 100
2026/08/05 13:34:24.227, 21096, 100
2026/08/05 13:34:25.228, 21096, 100
2026/08/05 13:34:26.228, 21096, 100
2026/08/05 13:34:27.228, 21096, 100
2026/08/05 13:34:28.229, 21096, 100
2026/08/05 13:34:29.229, 21096, 82
2026/08/05 13:34:30.229, 21096, 100
2026/08/05 13:34:31.230, 21096, 100
2026/08/05 13:34:32.230, 21096, 100
2026/08/05 13:34:33.230, 21096, 100
2026/08/05 13:34:34.231, 21096, 100
2026/08/05 13:34:35.231, 21096, 63
2026/08/05 13:34:36.231, 21096, 84
2026/08/05 13:34:37.232, 21096, 63
2026/08/05 13:34:38.232, 21096, 100
2026/08/05 13:34:39.232, 21096, 100
2026/08/05 13:34:40.233, 21096, 82
2026/08/05 13:34:41.233, 21096, 100
2026/08/05 13:34:42.233, 21096, 100
2026/08/05 13:34:43.234, 21096, 100
2026/08/05 13:34:44.234, 21096, 100
2026/08/05 13:34:45.235, 21096, 63
2026/08/05 13:34:46.235, 21096, 100
2026/08/05 13:34:47.235, 21096, 100
2026/08/05 13:34:48.235, 21096, 100
2026/08/05 13:34:49.236, 21096, 100
2026/08/05 13:34:50.236, 21096, 100
2026/08/05 13:34:51.236, 21096, 100
2026/08/05 13:34:52.237, 21096, 100
2026/08/05 13:34:53.237, 21096, 100
2026/08/05 13:34:54.238, 21096, 100
2026/08/05 13:34:55.238, 21096, 100
2026/08/05 13:34:56.239, 21096, 100
2026/08/05 13:34:57.239, 21096, 100
2026/08/05 13:34:58.239, 21096, 100
2026/08/05 13:34:59.240, 21096, 100
2026/08/05 13:35:00.240, 21096, 100
2026/08/05 13:35:01.240, 21096, 100
2026/08/05 13:35:02.240, 21096, 100
2026/08/05 13:35:03.241, 21096, 100
2026/08/05 13:35:04.241, 21096, 100
2026/08/05 13:35:05.241, 21096, 100
2026/08/05 13:35:06.242, 21096, 100
2026/08/05 13:35:07.242, 21096, 84
2026/08/05 13:35:08.242, 21096, 100
2026/08/05 13:35:09.243, 21096, 100
2026/08/05 13:35:10.243, 21096, 100
2026/08/05 13:35:11.244, 21096, 100
2026/08/05 13:35:12.244, 21096, 100
2026/08/05 13:35:13.244, 21096, 85
2026/08/05 13:35:14.245, 21096, 100
2026/08/05 13:35:15.245, 21096, 65
2026/08/05 13:35:16.245, 21096, 100
2026/08/05 13:35:17.246, 21096, 100
2026/08/05 13:35:18.246, 21096, 100
2026/08/05 13:35:19.246, 21096, 96
2026/08/05 13:35:20.246, 21096, 100
2026/08/05 13:35:21.247, 21096, 100
2026/08/05 13:35:22.247, 21096, 100
2026/08/05 13:35:23.247, 21096, 100
2026/08/05 13:35:24.248, 21096, 100
2026/08/05 13:35:25.248, 21096, 100
2026/08/05 13:35:26.248, 21096, 100
2026/08/05 13:35:27.249, 21096, 82
2026/08/05 13:35:28.249, 21096, 100
2026/08/05 13:35:29.249, 21096, 100
2026/08/05 13:35:30.250, 21096, 100
2026/08/05 13:35:31.250, 21096, 100
2026/08/05 13:35:32.250, 21096, 100
2026/08/05 13:35:33.251, 21096, 100
2026/08/05 13:35:34.251, 21096, 100
2026/08/05 13:35:35.251, 21096, 100
2026/08/05 13:35:36.252, 21096, 100
2026/08/05 13:35:37.252, 21096, 100
2026/08/05 13:35:38.252, 21096, 84
2026/08/05 13:35:39.253, 21096, 86
2026/08/05 13:35:40.253, 21096, 100
2026/08/05 13:35:41.254, 21096, 100
2026/08/05 13:35:42.254, 21096, 100
2026/08/05 13:35:43.254, 21096, 100
2026/08/05 13:35:44.255, 21096, 100
2026/08/05 13:35:45.255, 21096, 100
2026/08/05 13:35:46.255, 21096, 100
2026/08/05 13:35:47.256, 21096, 100
2026/08/05 13:35:48.256, 21096, 100
2026/08/05 13:35:49.256, 21096, 100
2026/08/05 13:35:50.256, 21096, 100
2026/08/05 13:35:51.257, 21096, 100
2026/08/05 13:35:52.257, 21096, 100
2026/08/05 13:35:53.258, 21096, 90
2026/08/05 13:35:54.259, 21096, 100
2026/08/05 13:35:55.260, 21096, 100
2026/08/05 13:35:56.260, 21096, 100
2026/08/05 13:35:57.260, 21096, 100
2026/08/05 13:35:58.260, 21096, 100
2026/08/05 13:35:59.261, 21096, 100
2026/08/05 13:36:00.261, 21096, 100
2026/08/05 13:36:01.261, 21096, 100
2026/08/05 13:36:02.262, 21096, 100
2026/08/05 13:36:03.262, 21096, 78
2026/08/05 13:36:04.263, 21096, 100
2026/08/05 13:36:05.263, 21096, 100
2026/08/05 13:36:06.263, 21096, 81
2026/08/05 13:36:07.264, 21096, 100
2026/08/05 13:36:08.264, 21096, 83
2026/08/05 13:36:09.264, 21096, 100
2026/08/05 13:36:10.265, 21096, 84
2026/08/05 13:36:11.265, 21096, 86
2026/08/05 13:36:12.265, 21096, 83
2026/08/05 13:36:13.266, 21096, 100
2026/08/05 13:36:14.266, 21096, 100
2026/08/05 13:36:15.266, 21096, 100
2026/08/05 13:36:16.267, 21096, 84
2026/08/05 13:36:17.267, 21096, 100
2026/08/05 13:36:18.267, 21096, 100
2026/08/05 13:36:19.268, 21096, 83
2026/08/05 13:36:20.268, 21096, 83
2026/08/05 13:36:21.268, 21096, 100
2026/08/05 13:36:22.269, 21096, 100
2026/08/05 13:36:23.269, 21096, 100
2026/08/05 13:36:24.269, 21096, 100
2026/08/05 13:36:25.270, 21096, 100
2026/08/05 13:36:26.270, 21096, 100
2026/08/05 13:36:27.270, 21096, 89
2026/08/05 13:36:28.271, 21096, 100
2026/08/05 13:36:29.271, 21096, 100
2026/08/05 13:36:30.271, 21096, 100
2026/08/05 13:36:31.271, 21096, 100
2026/08/05 13:36:32.272, 21096, 100
2026/08/05 13:36:33.272, 21096, 100
2026/08/05 13:36:34.272, 21096, 100
2026/08/05 13:36:35.273, 21096, 100
2026/08/05 13:36:36.273, 21096, 100
2026/08/05 13:36:37.273, 21096, 100
2026/08/05 13:36:38.274, 21096, 100
2026/08/05 13:36:39.274, 21096, 64
2026/08/05 13:36:40.274, 21096, 100
2026/08/05 13:36:41.275, 21096, 100
2026/08/05 13:36:42.275, 21096, 100
2026/08/05 13:36:43.275, 21096, 100
2026/08/05 13:36:44.276, 21096, 100
2026/08/05 13:36:45.276, 21096, 100
2026/08/05 13:36:46.276, 21096, 100
2026/08/05 13:36:47.277, 21096, 82
2026/08/05 13:36:48.277, 21096, 100
2026/08/05 13:36:49.278, 21096, 100
2026/08/05 13:36:50.278, 21096, 100
2026/08/05 13:36:51.278, 21096, 100
2026/08/05 13:36:52.279, 21096, 100
2026/08/05 13:36:53.279, 21096, 100
2026/08/05 13:36:54.279, 21096, 100
2026/08/05 13:36:55.280, 21096, 100
2026/08/05 13:36:56.280, 21096, 100
2026/08/05 13:36:57.280, 21096, 100
2026/08/05 13:36:58.281, 21096, 100
2026/08/05 13:36:59.281, 21096, 84
2026/08/05 13:37:00.281, 21096, 100
2026/08/05 13:37:01.282, 21096, 100
2026/08/05 13:37:02.282, 21096, 100
2026/08/05 13:37:03.282, 21096, 82
2026/08/05 13:37:04.282, 21096, 100
2026/08/05 13:37:05.283, 21096, 100
2026/08/05 13:37:06.283, 21096, 100
2026/08/05 13:37:07.283, 21096, 100
2026/08/05 13:37:08.283, 21096, 100
2026/08/05 13:37:09.284, 21096, 100
2026/08/05 13:37:10.284, 21096, 91
2026/08/05 13:37:11.284, 21096, 100
2026/08/05 13:37:12.285, 21096, 84
2026/08/05 13:37:13.285, 21096, 100
2026/08/05 13:37:14.285, 21096, 100
2026/08/05 13:37:15.285, 21096, 100
2026/08/05 13:37:16.286, 21096, 100
2026/08/05 13:37:17.286, 21096, 100
2026/08/05 13:37:18.286, 21096, 100
2026/08/05 13:37:19.286, 21096, 100
2026/08/05 13:37:20.287, 21096, 100
2026/08/05 13:37:21.287, 21096, 100
2026/08/05 13:37:22.287, 21096, 100
2026/08/05 13:37:23.288, 21096, 85
2026/08/05 13:37:24.288, 21096, 84
2026/08/05 13:37:25.288, 21096, 100
2026/08/05 13:37:26.288, 21096, 100
2026/08/05 13:37:27.289, 21096, 82
2026/08/05 13:37:28.289, 21096, 100
2026/08/05 13:37:29.289, 21096, 100
2026/08/05 13:37:30.290, 21096, 100
2026/08/05 13:37:31.290, 21096, 100
2026/08/05 13:37:32.290, 21096, 100
2026/08/05 13:37:33.290, 21096, 100
2026/08/05 13:37:34.291, 21096, 100
2026/08/05 13:37:35.291, 21096, 100
2026/08/05 13:37:36.291, 21096, 100
2026/08/05 13:37:37.292, 21096, 100
2026/08/05 13:37:38.292, 21096, 100
2026/08/05 13:37:39.292, 21096, 100
2026/08/05 13:37:40.293, 21096, 89
2026/08/05 13:37:41.293, 21096, 98
2026/08/05 13:37:42.293, 21096, 100
2026/08/05 13:37:43.293, 21096, 100
2026/08/05 13:37:44.293, 21096, 100
2026/08/05 13:37:45.294, 21096, 100
2026/08/05 13:37:46.294, 21096, 100
2026/08/05 13:37:47.294, 21096, 100
2026/08/05 13:37:48.294, 21096, 100
2026/08/05 13:37:49.294, 21096, 100
2026/08/05 13:37:50.295, 21096, 100
2026/08/05 13:37:51.295, 21096, 100
2026/08/05 13:37:52.295, 21096, 86
2026/08/05 13:37:53.295, 21096, 100
2026/08/05 13:37:54.295, 21096, 100
2026/08/05 13:37:55.296, 21096, 85
2026/08/05 13:37:56.296, 21096, 100
2026/08/05 13:37:57.296, 21096, 100
2026/08/05 13:37:58.296, 21096, 100
2026/08/05 13:37:59.297, 21096, 82
2026/08/05 13:38:00.297, 21096, 100
2026/08/05 13:38:01.297, 21096, 100
2026/08/05 13:38:02.298, 21096, 100
2026/08/05 13:38:03.298, 21096, 100
2026/08/05 13:38:04.298, 21096, 84
2026/08/05 13:38:05.298, 21096, 100
2026/08/05 13:38:06.298, 21096, 100
2026/08/05 13:38:07.298, 21096, 100
2026/08/05 13:38:08.299, 21096, 100
2026/08/05 13:38:09.299, 21096, 100
2026/08/05 13:38:10.299, 21096, 94
2026/08/05 13:38:11.300, 21096, 100
2026/08/05 13:38:12.300, 21096, 100
2026/08/05 13:38:13.300, 21096, 83
2026/08/05 13:38:14.300, 21096, 100
2026/08/05 13:38:15.300, 21096, 100
2026/08/05 13:38:16.301, 21096, 84
2026/08/05 13:38:17.301, 21096, 100
2026/08/05 13:38:18.301, 21096, 83
2026/08/05 13:38:19.301, 21096, 100
2026/08/05 13:38:20.301, 21096, 100
2026/08/05 13:38:21.301, 21096, 100
2026/08/05 13:38:22.302, 21096, 100
2026/08/05 13:38:23.302, 21096, 100
2026/08/05 13:38:24.302, 21096, 100
2026/08/05 13:38:25.302, 21096, 100
2026/08/05 13:38:26.302, 21096, 100
2026/08/05 13:38:27.302, 21096, 100
2026/08/05 13:38:28.303, 21096, 100
2026/08/05 13:38:29.303, 21096, 100
2026/08/05 13:38:30.303, 21096, 100
2026/08/05 13:38:31.303, 21096, 100
2026/08/05 13:38:32.303, 21096, 92
2026/08/05 13:38:33.303, 21096, 100
2026/08/05 13:38:34.304, 21096, 81
2026/08/05 13:38:35.304, 21096, 84
2026/08/05 13:38:36.304, 21096, 100
2026/08/05 13:38:37.304, 21096, 83
2026/08/05 13:38:38.304, 21096, 100
2026/08/05 13:38:39.304, 21096, 100
2026/08/05 13:38:40.305, 21096, 100
2026/08/05 13:38:41.305, 21096, 100
2026/08/05 13:38:42.305, 21096, 100
2026/08/05 13:38:43.305, 21096, 100
2026/08/05 13:38:44.306, 21096, 100
2026/08/05 13:38:45.306, 21096, 100
2026/08/05 13:38:46.306, 21096, 83
2026/08/05 13:38:47.306, 21096, 100
2026/08/05 13:38:48.306, 21096, 100
2026/08/05 13:38:49.307, 21096, 100
2026/08/05 13:38:50.307, 21096, 100
2026/08/05 13:38:51.307, 21096, 100
2026/08/05 13:38:52.308, 21096, 100
2026/08/05 13:38:53.308, 21096, 100
2026/08/05 13:38:54.308, 21096, 100
2026/08/05 13:38:55.309, 21096, 100
2026/08/05 13:38:56.309, 21096, 100
2026/08/05 13:38:57.310, 21096, 100
2026/08/05 13:38:58.310, 21096, 100
2026/08/05 13:38:59.310, 21096, 100
2026/08/05 13:39:00.311, 21096, 100
2026/08/05 13:39:01.311, 21096, 68
2026/08/05 13:39:02.311, 21096, 100
2026/08/05 13:39:03.312, 21096, 100
2026/08/05 13:39:04.312, 21096, 100
2026/08/05 13:39:05.312, 21096, 100
2026/08/05 13:39:06.313, 21096, 100
2026/08/05 13:39:07.313, 21096, 100
2026/08/05 13:39:08.313, 21096, 100
2026/08/05 13:39:09.314, 21096, 100
2026/08/05 13:39:10.314, 21096, 100
2026/08/05 13:39:11.314, 21096, 100
2026/08/05 13:39:12.315, 21096, 100
2026/08/05 13:39:13.315, 21096, 100
2026/08/05 13:39:14.316, 21096, 100
2026/08/05 13:39:15.316, 21096, 100
2026/08/05 13:39:16.316, 21096, 100
2026/08/05 13:39:17.317, 21096, 100
2026/08/05 13:39:18.317, 21096, 100
2026/08/05 13:39:19.317, 21096, 85
2026/08/05 13:39:20.318, 21096, 100
2026/08/05 13:39:21.318, 21096, 83
2026/08/05 13:39:22.318, 21096, 97
2026/08/05 13:39:23.319, 21096, 100
2026/08/05 13:39:24.320, 21096, 100
2026/08/05 13:39:25.320, 21096, 100
2026/08/05 13:39:26.320, 21096, 100
2026/08/05 13:39:27.320, 21096, 100
2026/08/05 13:39:28.321, 21096, 100
2026/08/05 13:39:29.321, 21096, 100
2026/08/05 13:39:30.321, 21096, 100
2026/08/05 13:39:31.322, 21096, 100
2026/08/05 13:39:32.322, 21096, 100
2026/08/05 13:39:33.322, 21096, 100
2026/08/05 13:39:34.322, 21096, 100
2026/08/05 13:39:35.323, 21096, 100
2026/08/05 13:39:36.323, 21096, 100
2026/08/05 13:39:37.323, 21096, 100
2026/08/05 13:39:38.323, 21096, 100
2026/08/05 13:39:39.323, 21096, 100
2026/08/05 13:39:40.324, 21096, 100
2026/08/05 13:39:41.324, 21096, 100
2026/08/05 13:39:42.324, 21096, 100
2026/08/05 13:39:43.324, 21096, 100
2026/08/05 13:39:44.325, 21096, 100
2026/08/05 13:39:45.325, 21096, 100
2026/08/05 13:39:46.325, 21096, 65
2026/08/05 13:39:47.326, 21096, 100
2026/08/05 13:39:48.326, 21096, 100
2026/08/05 13:39:49.326, 21096, 100
2026/08/05 13:39:50.326, 21096, 100
2026/08/05 13:39:51.326, 21096, 100
2026/08/05 13:39:52.327, 21096, 100
2026/08/05 13:39:53.327, 21096, 100
2026/08/05 13:39:54.327, 21096, 100
2026/08/05 13:39:55.327, 21096, 100
2026/08/05 13:39:56.328, 21096, 100
2026/08/05 13:39:57.328, 21096, 100
2026/08/05 13:39:58.328, 21096, 62
2026/08/05 13:39:59.328, 21096, 100
2026/08/05 13:40:00.329, 21096, 100
2026/08/05 13:40:01.329, 21096, 62
2026/08/05 13:40:02.329, 21096, 100
2026/08/05 13:40:03.330, 21096, 100
2026/08/05 13:40:04.330, 21096, 100
2026/08/05 13:40:05.330, 21096, 100
2026/08/05 13:40:06.330, 21096, 63
2026/08/05 13:40:07.331, 21096, 84
2026/08/05 13:40:08.331, 21096, 100
2026/08/05 13:40:09.331, 21096, 100
2026/08/05 13:40:10.332, 21096, 100
2026/08/05 13:40:11.332, 21096, 100
2026/08/05 13:40:12.332, 21096, 100
2026/08/05 13:40:13.332, 21096, 100
2026/08/05 13:40:14.333, 21096, 100
2026/08/05 13:40:15.333, 21096, 100
2026/08/05 13:40:16.333, 21096, 100
2026/08/05 13:40:17.334, 21096, 100
2026/08/05 13:40:18.334, 21096, 100
2026/08/05 13:40:19.334, 21096, 100
2026/08/05 13:40:20.335, 21096, 100
2026/08/05 13:40:21.335, 21096, 100
2026/08/05 13:40:22.335, 21096, 100
2026/08/05 13:40:23.335, 21096, 100
2026/08/05 13:40:24.335, 21096, 100
2026/08/05 13:40:25.336, 21096, 100
2026/08/05 13:40:26.336, 21096, 100
2026/08/05 13:40:27.336, 21096, 83
2026/08/05 13:40:28.336, 21096, 100
2026/08/05 13:40:29.336, 21096, 84
2026/08/05 13:40:30.336, 21096, 100
2026/08/05 13:40:31.337, 21096, 100
2026/08/05 13:40:32.337, 21096, 100
2026/08/05 13:40:33.337, 21096, 100
2026/08/05 13:40:34.338, 21096, 100
2026/08/05 13:40:35.338, 21096, 100
2026/08/05 13:40:36.338, 21096, 100
2026/08/05 13:40:37.338, 21096, 100
2026/08/05 13:40:38.338, 21096, 100
2026/08/05 13:40:39.339, 21096, 100
2026/08/05 13:40:40.340, 21096, 100
2026/08/05 13:40:41.340, 21096, 100
2026/08/05 13:40:42.342, 21096, 84
2026/08/05 13:40:43.343, 21096, 100
2026/08/05 13:40:44.344, 21096, 100
2026/08/05 13:40:45.345, 21096, 100
2026/08/05 13:40:46.347, 21096, 100
2026/08/05 13:40:47.348, 21096, 100
2026/08/05 13:40:48.349, 21096, 100
2026/08/05 13:40:49.351, 21096, 84
2026/08/05 13:40:50.352, 21096, 100
2026/08/05 13:40:51.353, 21096, 100
2026/08/05 13:40:52.355, 21096, 85
2026/08/05 13:40:53.356, 21096, 100
2026/08/05 13:40:54.357, 21096, 100
2026/08/05 13:40:55.359, 21096, 100
2026/08/05 13:40:56.360, 21096, 100
2026/08/05 13:40:57.361, 21096, 100
2026/08/05 13:40:58.362, 21096, 84
2026/08/05 13:40:59.364, 21096, 100
2026/08/05 13:41:00.365, 21096, 100
2026/08/05 13:41:01.366, 21096, 100
2026/08/05 13:41:02.367, 21096, 100
2026/08/05 13:41:03.369, 21096, 85
2026/08/05 13:41:04.370, 21096, 100
2026/08/05 13:41:05.371, 21096, 100
2026/08/05 13:41:06.373, 21096, 100
2026/08/05 13:41:07.374, 21096, 100
2026/08/05 13:41:08.375, 21096, 100
2026/08/05 13:41:09.377, 21096, 100
2026/08/05 13:41:10.378, 21096, 100
2026/08/05 13:41:11.379, 21096, 100
2026/08/05 13:41:12.381, 21096, 100
2026/08/05 13:41:13.382, 21096, 100
2026/08/05 13:41:14.383, 21096, 100
2026/08/05 13:41:15.383, 21096, 100
2026/08/05 13:41:16.383, 21096, 100
2026/08/05 13:41:17.384, 21096, 63
2026/08/05 13:41:18.384, 21096, 85
2026/08/05 13:41:19.384, 21096, 100
2026/08/05 13:41:20.385, 21096, 100
2026/08/05 13:41:21.385, 21096, 100
2026/08/05 13:41:22.385, 21096, 100
2026/08/05 13:41:23.386, 21096, 100
2026/08/05 13:41:24.386, 21096, 43
2026/08/05 13:41:25.387, 21096, 100
2026/08/05 13:41:26.387, 21096, 100
2026/08/05 13:41:27.387, 21096, 100
2026/08/05 13:41:28.388, 21096, 100
2026/08/05 13:41:29.388, 21096, 100
2026/08/05 13:41:30.388, 21096, 100
2026/08/05 13:41:31.389, 21096, 100
2026/08/05 13:41:32.389, 21096, 100
2026/08/05 13:41:33.389, 21096, 100
2026/08/05 13:41:34.389, 21096, 100
2026/08/05 13:41:35.390, 21096, 100
2026/08/05 13:41:36.390, 21096, 100
2026/08/05 13:41:37.390, 21096, 100
2026/08/05 13:41:38.391, 21096, 100
2026/08/05 13:41:39.391, 21096, 100
2026/08/05 13:41:40.392, 21096, 100
2026/08/05 13:41:41.392, 21096, 85
2026/08/05 13:41:42.392, 21096, 100
2026/08/05 13:41:43.392, 21096, 100
2026/08/05 13:41:44.393, 21096, 100
2026/08/05 13:41:45.393, 21096, 100
2026/08/05 13:41:46.393, 21096, 100
2026/08/05 13:41:47.394, 21096, 64
2026/08/05 13:41:48.394, 21096, 100
2026/08/05 13:41:49.394, 21096, 100
2026/08/05 13:41:50.395, 21096, 100
2026/08/05 13:41:51.395, 21096, 100
2026/08/05 13:41:52.395, 21096, 100
2026/08/05 13:41:53.396, 21096, 100
2026/08/05 13:41:54.396, 21096, 100
2026/08/05 13:41:55.396, 21096, 62
2026/08/05 13:41:56.397, 21096, 86
2026/08/05 13:41:57.397, 21096, 100
2026/08/05 13:41:58.397, 21096, 100
2026/08/05 13:41:59.398, 21096, 100
2026/08/05 13:42:00.398, 21096, 87
2026/08/05 13:42:01.398, 21096, 100
2026/08/05 13:42:02.399, 21096, 100
2026/08/05 13:42:03.399, 21096, 100
2026/08/05 13:42:04.400, 21096, 100
2026/08/05 13:42:05.400, 21096, 100
2026/08/05 13:42:06.400, 21096, 100
2026/08/05 13:42:07.401, 21096, 64
2026/08/05 13:42:08.401, 21096, 84
2026/08/05 13:42:09.402, 21096, 100
2026/08/05 13:42:10.402, 21096, 100
2026/08/05 13:42:11.402, 21096, 100
2026/08/05 13:42:12.403, 21096, 100
2026/08/05 13:42:13.403, 21096, 100
2026/08/05 13:42:14.404, 21096, 100
2026/08/05 13:42:15.404, 21096, 100
2026/08/05 13:42:16.404, 21096, 100
2026/08/05 13:42:17.405, 21096, 100
2026/08/05 13:42:18.405, 21096, 100
2026/08/05 13:42:19.405, 21096, 100
2026/08/05 13:42:20.405, 21096, 100
2026/08/05 13:42:21.406, 21096, 83
2026/08/05 13:42:22.406, 21096, 100
2026/08/05 13:42:23.406, 21096, 100
2026/08/05 13:42:24.407, 21096, 100
2026/08/05 13:42:25.407, 21096, 100
2026/08/05 13:42:26.407, 21096, 100
2026/08/05 13:42:27.408, 21096, 100
2026/08/05 13:42:28.408, 21096, 84
2026/08/05 13:42:29.408, 21096, 65
2026/08/05 13:42:30.409, 21096, 100
2026/08/05 13:42:31.409, 21096, 84
2026/08/05 13:42:32.409, 21096, 84
2026/08/05 13:42:33.410, 21096, 83
2026/08/05 13:42:34.410, 21096, 100
2026/08/05 13:42:35.410, 21096, 100
2026/08/05 13:42:36.410, 21096, 84
2026/08/05 13:42:37.411, 21096, 100
2026/08/05 13:42:38.411, 21096, 100
2026/08/05 13:42:39.411, 21096, 64
2026/08/05 13:42:40.411, 21096, 100
2026/08/05 13:42:41.411, 21096, 100
2026/08/05 13:42:42.412, 21096, 100
2026/08/05 13:42:43.412, 21096, 100
2026/08/05 13:42:44.412, 21096, 100
2026/08/05 13:42:45.413, 21096, 100
2026/08/05 13:42:46.413, 21096, 100
2026/08/05 13:42:47.414, 21096, 100
2026/08/05 13:42:48.414, 21096, 100
2026/08/05 13:42:49.414, 21096, 100
2026/08/05 13:42:50.415, 21096, 82
2026/08/05 13:42:51.415, 21096, 74
2026/08/05 13:42:52.415, 21096, 100
2026/08/05 13:42:53.416, 21096, 100
2026/08/05 13:42:54.416, 21096, 100
2026/08/05 13:42:55.417, 21096, 100
2026/08/05 13:42:56.417, 21096, 100
2026/08/05 13:42:57.417, 21096, 100
2026/08/05 13:42:58.418, 21096, 62
2026/08/05 13:42:59.418, 21096, 83
2026/08/05 13:43:00.418, 21096, 100
2026/08/05 13:43:01.418, 21096, 100
2026/08/05 13:43:02.418, 21096, 100
2026/08/05 13:43:03.419, 21096, 100
2026/08/05 13:43:04.419, 21096, 86
2026/08/05 13:43:05.419, 21096, 100
2026/08/05 13:43:06.419, 21096, 100
2026/08/05 13:43:07.420, 21096, 100
2026/08/05 13:43:08.420, 21096, 100
2026/08/05 13:43:09.420, 21096, 100
2026/08/05 13:43:10.420, 21096, 100
2026/08/05 13:43:11.421, 21096, 100
2026/08/05 13:43:12.421, 21096, 100
2026/08/05 13:43:13.421, 21096, 100
2026/08/05 13:43:14.422, 21096, 84
2026/08/05 13:43:15.422, 21096, 86
2026/08/05 13:43:16.422, 21096, 100
2026/08/05 13:43:17.422, 21096, 100
2026/08/05 13:43:18.422, 21096, 100
2026/08/05 13:43:19.423, 21096, 100
2026/08/05 13:43:20.423, 21096, 100
2026/08/05 13:43:21.423, 21096, 100
2026/08/05 13:43:22.423, 21096, 100
2026/08/05 13:43:23.424, 21096, 100
2026/08/05 13:43:24.424, 21096, 100
2026/08/05 13:43:25.424, 21096, 100
2026/08/05 13:43:26.424, 21096, 100
2026/08/05 13:43:27.425, 21096, 100
2026/08/05 13:43:28.425, 21096, 100
2026/08/05 13:43:29.425, 21096, 100
2026/08/05 13:43:30.425, 21096, 100
2026/08/05 13:43:31.426, 21096, 100
2026/08/05 13:43:32.426, 21096, 100
2026/08/05 13:43:33.426, 21096, 100
2026/08/05 13:43:34.426, 21096, 100
2026/08/05 13:43:35.427, 21096, 100
2026/08/05 13:43:36.427, 21096, 100
2026/08/05 13:43:37.427, 21096, 100
2026/08/05 13:43:38.427, 21096, 100
2026/08/05 13:43:39.427, 21096, 100
2026/08/05 13:43:40.428, 21096, 100
2026/08/05 13:43:41.428, 21096, 100
2026/08/05 13:43:42.428, 21096, 100
2026/08/05 13:43:43.429, 21096, 100
2026/08/05 13:43:44.429, 21096, 100
2026/08/05 13:43:45.429, 21096, 100
2026/08/05 13:43:46.429, 21096, 100
2026/08/05 13:43:47.430, 21096, 100
2026/08/05 13:43:48.430, 21096, 100
2026/08/05 13:43:49.430, 21096, 84
2026/08/05 13:43:50.430, 21096, 71
2026/08/05 13:43:51.430, 21096, 85
2026/08/05 13:43:52.431, 21096, 90
2026/08/05 13:43:53.431, 21096, 100
2026/08/05 13:43:54.431, 21096, 100
2026/08/05 13:43:55.431, 21096, 100
2026/08/05 13:43:56.431, 21096, 96
2026/08/05 13:43:57.432, 21096, 100
2026/08/05 13:43:58.432, 21096, 100
2026/08/05 13:43:59.432, 21096, 100
2026/08/05 13:44:00.432, 21096, 100
2026/08/05 13:44:01.432, 21096, 100
2026/08/05 13:44:02.433, 21096, 100
2026/08/05 13:44:03.433, 21096, 100
2026/08/05 13:44:04.433, 21096, 100
2026/08/05 13:44:05.433, 21096, 100
2026/08/05 13:44:06.433, 21096, 100
2026/08/05 13:44:07.434, 21096, 100
2026/08/05 13:44:08.434, 21096, 100
2026/08/05 13:44:09.434, 21096, 100
2026/08/05 13:44:10.434, 21096, 100
2026/08/05 13:44:11.435, 21096, 100
2026/08/05 13:44:12.435, 21096, 100
2026/08/05 13:44:13.435, 21096, 100
2026/08/05 13:44:14.435, 21096, 100
2026/08/05 13:44:15.435, 21096, 100
2026/08/05 13:44:16.436, 21096, 100
2026/08/05 13:44:17.436, 21096, 100
2026/08/05 13:44:18.436, 21096, 100
2026/08/05 13:44:19.436, 21096, 100
2026/08/05 13:44:20.436, 21096, 100
2026/08/05 13:44:21.436, 21096, 100
2026/08/05 13:44:22.437, 21096, 100
2026/08/05 13:44:23.437, 21096, 100
2026/08/05 13:44:24.437, 21096, 100
2026/08/05 13:44:25.437, 21096, 100
2026/08/05 13:44:26.438, 21096, 85
2026/08/05 13:44:27.438, 21096, 100
2026/08/05 13:44:28.438, 21096, 100
2026/08/05 13:44:29.438, 21096, 85
2026/08/05 13:44:30.438, 21096, 100
2026/08/05 13:44:31.439, 21096, 100
2026/08/05 13:44:32.439, 21096, 100
2026/08/05 13:44:33.439, 21096, 100
2026/08/05 13:44:34.439, 21096, 100
2026/08/05 13:44:35.439, 21096, 100
2026/08/05 13:44:36.440, 21096, 100
2026/08/05 13:44:37.440, 21096, 100
2026/08/05 13:44:38.440, 21096, 100
2026/08/05 13:44:39.440, 21096, 100
2026/08/05 13:44:40.440, 21096, 100
2026/08/05 13:44:41.441, 21096, 83
2026/08/05 13:44:42.441, 21096, 100
2026/08/05 13:44:43.441, 21096, 100
2026/08/05 13:44:44.442, 21096, 84
2026/08/05 13:44:45.442, 21096, 100
2026/08/05 13:44:46.442, 21096, 100
2026/08/05 13:44:47.442, 21096, 81
2026/08/05 13:44:48.442, 21096, 100
2026/08/05 13:44:49.443, 21096, 100
2026/08/05 13:44:50.443, 21096, 100
2026/08/05 13:44:51.443, 21096, 100
2026/08/05 13:44:52.444, 21096, 100
2026/08/05 13:44:53.444, 21096, 100
2026/08/05 13:44:54.444, 21096, 100
2026/08/05 13:44:55.444, 21096, 100
2026/08/05 13:44:56.445, 21096, 100
2026/08/05 13:44:57.445, 21096, 100
2026/08/05 13:44:58.445, 21096, 100
2026/08/05 13:44:59.445, 21096, 100
2026/08/05 13:45:00.446, 21096, 100
2026/08/05 13:45:01.446, 21096, 97
2026/08/05 13:45:02.446, 21096, 100
2026/08/05 13:45:03.446, 21096, 100
2026/08/05 13:45:04.446, 21096, 100
2026/08/05 13:45:05.447, 21096, 100
2026/08/05 13:45:06.447, 21096, 100
2026/08/05 13:45:07.447, 21096, 100
2026/08/05 13:45:08.448, 21096, 100
2026/08/05 13:45:09.448, 21096, 100
2026/08/05 13:45:10.448, 21096, 86
2026/08/05 13:45:11.448, 21096, 100
2026/08/05 13:45:12.448, 21096, 100
2026/08/05 13:45:13.449, 21096, 100
2026/08/05 13:45:14.449, 21096, 100
2026/08/05 13:45:15.449, 21096, 100
2026/08/05 13:45:16.449, 21096, 100
2026/08/05 13:45:17.449, 21096, 100
2026/08/05 13:45:18.450, 21096, 100
2026/08/05 13:45:19.450, 21096, 100
2026/08/05 13:45:20.450, 21096, 100
2026/08/05 13:45:21.450, 21096, 100
2026/08/05 13:45:22.450, 21096, 100
2026/08/05 13:45:23.451, 21096, 68
2026/08/05 13:45:24.451, 21096, 100
2026/08/05 13:45:25.451, 21096, 100
2026/08/05 13:45:26.451, 21096, 100
2026/08/05 13:45:27.451, 21096, 100
2026/08/05 13:45:28.452, 21096, 100
2026/08/05 13:45:29.452, 21096, 100
2026/08/05 13:45:30.452, 21096, 100
2026/08/05 13:45:31.453, 21096, 100
2026/08/05 13:45:32.453, 21096, 100
2026/08/05 13:45:33.453, 21096, 91
2026/08/05 13:45:34.454, 21096, 82
2026/08/05 13:45:35.454, 21096, 100
2026/08/05 13:45:36.454, 21096, 100
2026/08/05 13:45:37.454, 21096, 100
2026/08/05 13:45:38.455, 21096, 100
2026/08/05 13:45:39.455, 21096, 83
2026/08/05 13:45:40.455, 21096, 100
2026/08/05 13:45:41.455, 21096, 100
2026/08/05 13:45:42.455, 21096, 100
2026/08/05 13:45:43.456, 21096, 100
2026/08/05 13:45:44.456, 21096, 100
2026/08/05 13:45:45.456, 21096, 100
2026/08/05 13:45:46.456, 21096, 97
2026/08/05 13:45:47.457, 21096, 100
2026/08/05 13:45:48.457, 21096, 100
2026/08/05 13:45:49.457, 21096, 100
2026/08/05 13:45:50.457, 21096, 100
2026/08/05 13:45:51.458, 21096, 100
2026/08/05 13:45:52.458, 21096, 100
2026/08/05 13:45:53.458, 21096, 100
2026/08/05 13:45:54.458, 21096, 100
2026/08/05 13:45:55.459, 21096, 100
2026/08/05 13:45:56.459, 21096, 100
2026/08/05 13:45:57.459, 21096, 100
2026/08/05 13:45:58.459, 21096, 100
2026/08/05 13:45:59.459, 21096, 100
2026/08/05 13:46:00.460, 21096, 100
2026/08/05 13:46:01.460, 21096, 100
2026/08/05 13:46:02.460, 21096, 100
2026/08/05 13:46:03.460, 21096, 100
2026/08/05 13:46:04.460, 21096, 100
2026/08/05 13:46:05.461, 21096, 100
2026/08/05 13:46:06.461, 21096, 100
2026/08/05 13:46:07.462, 21096, 100
2026/08/05 13:46:08.462, 21096, 100
2026/08/05 13:46:09.462, 21096, 100
2026/08/05 13:46:10.462, 21096, 100
2026/08/05 13:46:11.462, 21096, 100
2026/08/05 13:46:12.463, 21096, 100
2026/08/05 13:46:13.463, 21096, 100
2026/08/05 13:46:14.463, 21096, 100
2026/08/05 13:46:15.463, 21096, 100
2026/08/05 13:46:16.463, 21096, 100
2026/08/05 13:46:17.463, 21096, 100
2026/08/05 13:46:18.464, 21096, 100
2026/08/05 13:46:19.464, 21096, 100
2026/08/05 13:46:20.464, 21096, 100
2026/08/05 13:46:21.465, 21096, 100
2026/08/05 13:46:22.465, 21096, 86
2026/08/05 13:46:23.465, 21096, 100
2026/08/05 13:46:24.466, 21096, 100
2026/08/05 13:46:25.466, 21096, 100
2026/08/05 13:46:26.466, 21096, 65
2026/08/05 13:46:27.466, 21096, 84
2026/08/05 13:46:28.466, 21096, 100
2026/08/05 13:46:29.466, 21096, 63
2026/08/05 13:46:30.467, 21096, 84
2026/08/05 13:46:31.467, 21096, 100
2026/08/05 13:46:32.467, 21096, 100
2026/08/05 13:46:33.467, 21096, 100
2026/08/05 13:46:34.468, 21096, 100
2026/08/05 13:46:35.468, 21096, 100
2026/08/05 13:46:36.469, 21096, 100
2026/08/05 13:46:37.469, 21096, 100
2026/08/05 13:46:38.469, 21096, 100
2026/08/05 13:46:39.469, 21096, 100
2026/08/05 13:46:40.469, 21096, 100
2026/08/05 13:46:41.469, 21096, 100
2026/08/05 13:46:42.470, 21096, 100
2026/08/05 13:46:43.470, 21096, 83
2026/08/05 13:46:44.470, 21096, 100
2026/08/05 13:46:45.470, 21096, 100
2026/08/05 13:46:46.470, 21096, 100
2026/08/05 13:46:47.471, 21096, 100
2026/08/05 13:46:48.471, 21096, 100
2026/08/05 13:46:49.471, 21096, 100
2026/08/05 13:46:50.471, 21096, 100
2026/08/05 13:46:51.471, 21096, 100
2026/08/05 13:46:52.472, 21096, 100
2026/08/05 13:46:53.472, 21096, 100
2026/08/05 13:46:54.472, 21096, 100
2026/08/05 13:46:55.473, 21096, 82
2026/08/05 13:46:56.473, 21096, 100
2026/08/05 13:46:57.473, 21096, 100
2026/08/05 13:46:58.473, 21096, 100
2026/08/05 13:46:59.473, 21096, 100
2026/08/05 13:47:00.474, 21096, 100
2026/08/05 13:47:01.474, 21096, 100
2026/08/05 13:47:02.474, 21096, 100
2026/08/05 13:47:03.474, 21096, 100
2026/08/05 13:47:04.474, 21096, 100
2026/08/05 13:47:05.475, 21096, 100
2026/08/05 13:47:06.475, 21096, 100
2026/08/05 13:47:07.475, 21096, 100
2026/08/05 13:47:08.475, 21096, 100
2026/08/05 13:47:09.475, 21096, 92
2026/08/05 13:47:10.476, 21096, 84
2026/08/05 13:47:11.476, 21096, 100
2026/08/05 13:47:12.476, 21096, 100
2026/08/05 13:47:13.476, 21096, 100
2026/08/05 13:47:14.477, 21096, 100
2026/08/05 13:47:15.477, 21096, 100
2026/08/05 13:47:16.477, 21096, 82
2026/08/05 13:47:17.478, 21096, 84
2026/08/05 13:47:18.478, 21096, 100
2026/08/05 13:47:19.478, 21096, 100
2026/08/05 13:47:20.479, 21096, 100
2026/08/05 13:47:21.479, 21096, 100
2026/08/05 13:47:22.479, 21096, 100
2026/08/05 13:47:23.479, 21096, 100
2026/08/05 13:47:24.480, 21096, 100
2026/08/05 13:47:25.480, 21096, 100
2026/08/05 13:47:26.480, 21096, 100
2026/08/05 13:47:27.480, 21096, 100
2026/08/05 13:47:28.480, 21096, 100
2026/08/05 13:47:29.481, 21096, 100
2026/08/05 13:47:30.481, 21096, 100
2026/08/05 13:47:31.481, 21096, 100
2026/08/05 13:47:32.482, 21096, 100
2026/08/05 13:47:33.482, 21096, 83
2026/08/05 13:47:34.482, 21096, 100
2026/08/05 13:47:35.482, 21096, 100
2026/08/05 13:47:36.483, 21096, 100
2026/08/05 13:47:37.483, 21096, 100
2026/08/05 13:47:38.483, 21096, 100
2026/08/05 13:47:39.483, 21096, 82
2026/08/05 13:47:40.484, 21096, 100
2026/08/05 13:47:41.484, 21096, 100
2026/08/05 13:47:42.484, 21096, 100
2026/08/05 13:47:43.484, 21096, 100
2026/08/05 13:47:44.484, 21096, 100
2026/08/05 13:47:45.485, 21096, 100
2026/08/05 13:47:46.485, 21096, 100
2026/08/05 13:47:47.485, 21096, 100
2026/08/05 13:47:48.485, 21096, 100
2026/08/05 13:47:49.486, 21096, 100
2026/08/05 13:47:50.486, 21096, 100
2026/08/05 13:47:51.486, 21096, 100
2026/08/05 13:47:52.487, 21096, 100
2026/08/05 13:47:53.487, 21096, 100
2026/08/05 13:47:54.487, 21096, 100
2026/08/05 13:47:55.487, 21096, 100
2026/08/05 13:47:56.488, 21096, 100
2026/08/05 13:47:57.488, 21096, 100
2026/08/05 13:47:58.488, 21096, 100
2026/08/05 13:47:59.489, 21096, 100
2026/08/05 13:48:00.489, 21096, 100
2026/08/05 13:48:01.489, 21096, 100
2026/08/05 13:48:02.490, 21096, 82
2026/08/05 13:48:03.490, 21096, 100
2026/08/05 13:48:04.490, 21096, 100
2026/08/05 13:48:05.490, 21096, 99
2026/08/05 13:48:06.490, 21096, 100
2026/08/05 13:48:07.491, 21096, 100
2026/08/05 13:48:08.491, 21096, 100
2026/08/05 13:48:09.491, 21096, 100
2026/08/05 13:48:10.491, 21096, 100
2026/08/05 13:48:11.492, 21096, 100
2026/08/05 13:48:12.492, 21096, 100
2026/08/05 13:48:13.492, 21096, 100
2026/08/05 13:48:14.492, 21096, 100
2026/08/05 13:48:15.492, 21096, 100
2026/08/05 13:48:16.493, 21096, 100
2026/08/05 13:48:17.493, 21096, 82
2026/08/05 13:48:18.493, 21096, 100
2026/08/05 13:48:19.493, 21096, 100
2026/08/05 13:48:20.494, 21096, 100
2026/08/05 13:48:21.494, 21096, 100
2026/08/05 13:48:22.494, 21096, 86
2026/08/05 13:48:23.494, 21096, 100
2026/08/05 13:48:24.495, 21096, 100
2026/08/05 13:48:25.495, 21096, 100
2026/08/05 13:48:26.495, 21096, 100
2026/08/05 13:48:27.495, 21096, 100
2026/08/05 13:48:28.496, 21096, 100
2026/08/05 13:48:29.496, 21096, 100
2026/08/05 13:48:30.496, 21096, 85
2026/08/05 13:48:31.496, 21096, 100
2026/08/05 13:48:32.496, 21096, 86
2026/08/05 13:48:33.497, 21096, 100
2026/08/05 13:48:34.497, 21096, 100
2026/08/05 13:48:35.497, 21096, 84
2026/08/05 13:48:36.498, 21096, 100
2026/08/05 13:48:37.498, 21096, 100
2026/08/05 13:48:38.498, 21096, 100
2026/08/05 13:48:39.499, 21096, 100
2026/08/05 13:48:40.499, 21096, 100
2026/08/05 13:48:41.499, 21096, 100
2026/08/05 13:48:42.499, 21096, 100
2026/08/05 13:48:43.499, 21096, 100
2026/08/05 13:48:44.500, 21096, 100
2026/08/05 13:48:45.500, 21096, 100
2026/08/05 13:48:46.500, 21096, 100
2026/08/05 13:48:47.500, 21096, 100
2026/08/05 13:48:48.500, 21096, 100
2026/08/05 13:48:49.501, 21096, 63
2026/08/05 13:48:50.501, 21096, 100
2026/08/05 13:48:51.501, 21096, 100
2026/08/05 13:48:52.501, 21096, 100
2026/08/05 13:48:53.502, 21096, 100
2026/08/05 13:48:54.502, 21096, 100
2026/08/05 13:48:55.502, 21096, 83
2026/08/05 13:48:56.502, 21096, 100
2026/08/05 13:48:57.502, 21096, 100
2026/08/05 13:48:58.502, 21096, 100
2026/08/05 13:48:59.503, 21096, 85
2026/08/05 13:49:00.503, 21096, 85
2026/08/05 13:49:01.503, 21096, 100
2026/08/05 13:49:02.503, 21096, 100
2026/08/05 13:49:03.503, 21096, 84
2026/08/05 13:49:04.504, 21096, 100
2026/08/05 13:49:05.504, 21096, 84
2026/08/05 13:49:06.504, 21096, 100
2026/08/05 13:49:07.505, 21096, 100
2026/08/05 13:49:08.505, 21096, 84
2026/08/05 13:49:09.505, 21096, 100
2026/08/05 13:49:10.505, 21096, 100
2026/08/05 13:49:11.505, 21096, 100
2026/08/05 13:49:12.506, 21096, 100
2026/08/05 13:49:13.507, 21096, 100
2026/08/05 13:49:14.507, 21096, 100
2026/08/05 13:49:15.507, 21096, 100
2026/08/05 13:49:16.508, 21096, 100
2026/08/05 13:49:17.508, 21096, 100
2026/08/05 13:49:18.508, 21096, 83
2026/08/05 13:49:19.509, 21096, 100
2026/08/05 13:49:20.509, 21096, 84
2026/08/05 13:49:21.511, 21096, 100
2026/08/05 13:49:22.512, 21096, 100
2026/08/05 13:49:23.512, 21096, 100
2026/08/05 13:49:24.513, 21096, 84
2026/08/05 13:49:25.513, 21096, 90
2026/08/05 13:49:26.513, 21096, 89
2026/08/05 13:49:27.514, 21096, 100
2026/08/05 13:49:28.515, 21096, 100
2026/08/05 13:49:29.515, 21096, 100
2026/08/05 13:49:30.516, 21096, 100
2026/08/05 13:49:31.518, 21096, 100
2026/08/05 13:49:32.518, 21096, 100
2026/08/05 13:49:33.519, 21096, 100
2026/08/05 13:49:34.520, 21096, 63
2026/08/05 13:49:35.523, 21096, 100
2026/08/05 13:49:36.524, 21096, 100
2026/08/05 13:49:37.524, 21096, 100
2026/08/05 13:49:38.524, 21096, 100
2026/08/05 13:49:39.525, 21096, 100
2026/08/05 13:49:40.525, 21096, 100
2026/08/05 13:49:41.525, 21096, 100
2026/08/05 13:49:42.525, 21096, 100
2026/08/05 13:49:43.527, 21096, 100
2026/08/05 13:49:44.528, 21096, 100
2026/08/05 13:49:45.529, 21096, 100
2026/08/05 13:49:46.529, 21096, 100
2026/08/05 13:49:47.529, 21096, 100
2026/08/05 13:49:48.530, 21096, 89
2026/08/05 13:49:49.531, 21096, 100
2026/08/05 13:49:50.531, 21096, 100
2026/08/05 13:49:51.532, 21096, 100
2026/08/05 13:49:52.532, 21096, 100
2026/08/05 13:49:53.532, 21096, 100
2026/08/05 13:49:54.534, 21096, 100
2026/08/05 13:49:55.535, 21096, 100
2026/08/05 13:49:56.535, 21096, 65
2026/08/05 13:49:57.536, 21096, 100
2026/08/05 13:49:58.537, 21096, 100
2026/08/05 13:49:59.537, 21096, 100
2026/08/05 13:50:00.538, 21096, 100
2026/08/05 13:50:01.538, 21096, 100
2026/08/05 13:50:02.538, 21096, 100
2026/08/05 13:50:03.539, 21096, 100
2026/08/05 13:50:04.539, 21096, 100
2026/08/05 13:50:05.540, 21096, 100
2026/08/05 13:50:06.541, 21096, 100
2026/08/05 13:50:07.542, 21096, 100
2026/08/05 13:50:08.542, 21096, 84
2026/08/05 13:50:09.542, 21096, 100
2026/08/05 13:50:10.543, 21096, 100
2026/08/05 13:50:11.543, 21096, 80
2026/08/05 13:50:12.544, 21096, 100
2026/08/05 13:50:13.544, 21096, 100
2026/08/05 13:50:14.545, 21096, 100
2026/08/05 13:50:15.546, 21096, 100
2026/08/05 13:50:16.547, 21096, 100
2026/08/05 13:50:17.547, 21096, 100
2026/08/05 13:50:18.548, 21096, 84
2026/08/05 13:50:19.550, 21096, 100
2026/08/05 13:50:20.551, 21096, 100
2026/08/05 13:50:21.551, 21096, 100
2026/08/05 13:50:22.552, 21096, 100
2026/08/05 13:50:23.552, 21096, 100
2026/08/05 13:50:24.553, 21096, 100
2026/08/05 13:50:25.553, 21096, 100
2026/08/05 13:50:26.553, 21096, 84
2026/08/05 13:50:27.555, 21096, 100
2026/08/05 13:50:28.555, 21096, 100
2026/08/05 13:50:29.556, 21096, 100
2026/08/05 13:50:30.558, 21096, 100
2026/08/05 13:50:31.558, 21096, 100
2026/08/05 13:50:32.558, 21096, 83
2026/08/05 13:50:33.558, 21096, 100
2026/08/05 13:50:34.559, 21096, 100
2026/08/05 13:50:35.562, 21096, 100
2026/08/05 13:50:36.562, 21096, 100
2026/08/05 13:50:37.563, 21096, 100
2026/08/05 13:50:38.563, 21096, 100
2026/08/05 13:50:39.563, 21096, 100
2026/08/05 13:50:40.563, 21096, 99
2026/08/05 13:50:41.565, 21096, 100
2026/08/05 13:50:42.565, 21096, 100
2026/08/05 13:50:43.565, 21096, 100
2026/08/05 13:50:44.565, 21096, 100
2026/08/05 13:50:45.566, 21096, 97
2026/08/05 13:50:46.566, 21096, 100
2026/08/05 13:50:47.567, 21096, 100
2026/08/05 13:50:48.567, 21096, 63
2026/08/05 13:50:49.568, 21096, 100
2026/08/05 13:50:50.569, 21096, 100
2026/08/05 13:50:51.569, 21096, 100
2026/08/05 13:50:52.569, 21096, 100
2026/08/05 13:50:53.571, 21096, 100
2026/08/05 13:50:54.571, 21096, 100
2026/08/05 13:50:55.572, 21096, 100
2026/08/05 13:50:56.574, 21096, 100
2026/08/05 13:50:57.574, 21096, 100
2026/08/05 13:50:58.574, 21096, 100
2026/08/05 13:50:59.575, 21096, 100
2026/08/05 13:51:00.575, 21096, 100
2026/08/05 13:51:01.576, 21096, 100
2026/08/05 13:51:02.577, 21096, 83
2026/08/05 13:51:03.577, 21096, 100
2026/08/05 13:51:04.579, 21096, 100
2026/08/05 13:51:05.579, 21096, 56
2026/08/05 13:51:06.581, 21096, 100
2026/08/05 13:51:07.581, 21096, 100
2026/08/05 13:51:08.582, 21096, 100
2026/08/05 13:51:09.584, 21096, 100
2026/08/05 13:51:10.584, 21096, 100
2026/08/05 13:51:11.584, 21096, 64
2026/08/05 13:51:12.585, 21096, 85
2026/08/05 13:51:13.585, 21096, 100
2026/08/05 13:51:14.585, 21096, 100
2026/08/05 13:51:15.587, 21096, 100
2026/08/05 13:51:16.587, 21096, 100
2026/08/05 13:51:17.589, 21096, 100
2026/08/05 13:51:18.589, 21096, 100
2026/08/05 13:51:19.589, 21096, 100
2026/08/05 13:51:20.590, 21096, 100
2026/08/05 13:51:21.590, 21096, 100
2026/08/05 13:51:22.590, 21096, 100
2026/08/05 13:51:23.591, 21096, 100
2026/08/05 13:51:24.591, 21096, 100
2026/08/05 13:51:25.591, 21096, 100
2026/08/05 13:51:26.592, 21096, 100
2026/08/05 13:51:27.592, 21096, 100
2026/08/05 13:51:28.592, 21096, 85
2026/08/05 13:51:29.592, 21096, 85
2026/08/05 13:51:30.593, 21096, 100
2026/08/05 13:51:31.593, 21096, 100
2026/08/05 13:51:32.593, 21096, 100
2026/08/05 13:51:33.594, 21096, 100
2026/08/05 13:51:34.594, 21096, 94
2026/08/05 13:51:35.594, 21096, 100
2026/08/05 13:51:36.595, 21096, 100
2026/08/05 13:51:37.595, 21096, 100
2026/08/05 13:51:38.595, 21096, 100
2026/08/05 13:51:39.596, 21096, 100
2026/08/05 13:51:40.596, 21096, 100
2026/08/05 13:51:41.596, 21096, 100
2026/08/05 13:51:42.597, 21096, 100
2026/08/05 13:51:43.597, 21096, 86
2026/08/05 13:51:44.597, 21096, 100
2026/08/05 13:51:45.598, 21096, 100
2026/08/05 13:51:46.598, 21096, 100
2026/08/05 13:51:47.599, 21096, 100
2026/08/05 13:51:48.599, 21096, 100
2026/08/05 13:51:49.599, 21096, 84
2026/08/05 13:51:50.600, 21096, 100
2026/08/05 13:51:51.600, 21096, 100
2026/08/05 13:51:52.601, 21096, 100
2026/08/05 13:51:53.601, 21096, 100
2026/08/05 13:51:54.602, 21096, 100
2026/08/05 13:51:55.602, 21096, 100
2026/08/05 13:51:56.603, 21096, 100
2026/08/05 13:51:57.603, 21096, 100
2026/08/05 13:51:58.603, 21096, 81
2026/08/05 13:51:59.604, 21096, 85
2026/08/05 13:52:00.604, 21096, 100
2026/08/05 13:52:01.605, 21096, 100
2026/08/05 13:52:02.605, 21096, 100
2026/08/05 13:52:03.605, 21096, 65
2026/08/05 13:52:04.606, 21096, 85
2026/08/05 13:52:05.606, 21096, 100
2026/08/05 13:52:06.607, 21096, 100
2026/08/05 13:52:07.607, 21096, 100
2026/08/05 13:52:08.607, 21096, 79
2026/08/05 13:52:09.608, 21096, 100
2026/08/05 13:52:10.608, 21096, 82
2026/08/05 13:52:11.608, 21096, 100
2026/08/05 13:52:12.608, 21096, 100
2026/08/05 13:52:13.609, 21096, 100
2026/08/05 13:52:14.609, 21096, 100
2026/08/05 13:52:15.609, 21096, 100
2026/08/05 13:52:16.609, 21096, 100
2026/08/05 13:52:17.609, 21096, 100
2026/08/05 13:52:18.610, 21096, 100
2026/08/05 13:52:19.610, 21096, 63
2026/08/05 13:52:20.610, 21096, 100
2026/08/05 13:52:21.610, 21096, 100
2026/08/05 13:52:22.611, 21096, 100
2026/08/05 13:52:23.611, 21096, 100
2026/08/05 13:52:24.612, 21096, 100
2026/08/05 13:52:25.612, 21096, 83
2026/08/05 13:52:26.612, 21096, 100
2026/08/05 13:52:27.612, 21096, 100
2026/08/05 13:52:28.613, 21096, 100
2026/08/05 13:52:29.613, 21096, 100
2026/08/05 13:52:30.613, 21096, 100
2026/08/05 13:52:31.614, 21096, 84
2026/08/05 13:52:32.614, 21096, 64
2026/08/05 13:52:33.614, 21096, 85
2026/08/05 13:52:34.614, 21096, 100
2026/08/05 13:52:35.615, 21096, 100
2026/08/05 13:52:36.615, 21096, 100
2026/08/05 13:52:37.615, 21096, 100
2026/08/05 13:52:38.615, 21096, 100
2026/08/05 13:52:39.616, 21096, 100
2026/08/05 13:52:40.616, 21096, 100
2026/08/05 13:52:41.616, 21096, 100
2026/08/05 13:52:42.616, 21096, 100
2026/08/05 13:52:43.617, 21096, 100
2026/08/05 13:52:44.617, 21096, 82
2026/08/05 13:52:45.617, 21096, 100
2026/08/05 13:52:46.618, 21096, 100
2026/08/05 13:52:47.618, 21096, 100
2026/08/05 13:52:48.618, 21096, 100
2026/08/05 13:52:49.618, 21096, 100
2026/08/05 13:52:50.618, 21096, 100
2026/08/05 13:52:51.619, 21096, 100
2026/08/05 13:52:52.619, 21096, 100
2026/08/05 13:52:53.620, 21096, 100
2026/08/05 13:52:54.620, 21096, 100
2026/08/05 13:52:55.620, 21096, 100
2026/08/05 13:52:56.620, 21096, 100
2026/08/05 13:52:57.621, 21096, 100
2026/08/05 13:52:58.621, 21096, 82
2026/08/05 13:52:59.621, 21096, 100
2026/08/05 13:53:00.621, 21096, 100
2026/08/05 13:53:01.621, 21096, 100
2026/08/05 13:53:02.622, 21096, 100
2026/08/05 13:53:03.622, 21096, 100
2026/08/05 13:53:04.622, 21096, 100
2026/08/05 13:53:05.622, 21096, 100
2026/08/05 13:53:06.623, 21096, 100
2026/08/05 13:53:07.623, 21096, 100
2026/08/05 13:53:08.623, 21096, 100
2026/08/05 13:53:09.623, 21096, 100
2026/08/05 13:53:10.624, 21096, 100
2026/08/05 13:53:11.624, 21096, 100
2026/08/05 13:53:12.624, 21096, 100
2026/08/05 13:53:13.625, 21096, 100
2026/08/05 13:53:14.625, 21096, 100
2026/08/05 13:53:15.625, 21096, 100
2026/08/05 13:53:16.626, 21096, 100
2026/08/05 13:53:17.626, 21096, 100
2026/08/05 13:53:18.626, 21096, 100
2026/08/05 13:53:19.626, 21096, 100
2026/08/05 13:53:20.627, 21096, 100
2026/08/05 13:53:21.627, 21096, 82
2026/08/05 13:53:22.627, 21096, 100
2026/08/05 13:53:23.628, 21096, 100
2026/08/05 13:53:24.628, 21096, 84
2026/08/05 13:53:25.628, 21096, 100
2026/08/05 13:53:26.629, 21096, 100
2026/08/05 13:53:27.629, 21096, 100
2026/08/05 13:53:28.629, 21096, 100
2026/08/05 13:53:29.630, 21096, 86
2026/08/05 13:53:30.630, 21096, 100
2026/08/05 13:53:31.630, 21096, 100
2026/08/05 13:53:32.630, 21096, 100
2026/08/05 13:53:33.631, 21096, 100
2026/08/05 13:53:34.631, 21096, 100
2026/08/05 13:53:35.631, 21096, 83
2026/08/05 13:53:36.631, 21096, 100
2026/08/05 13:53:37.632, 21096, 100
2026/08/05 13:53:38.632, 21096, 100
2026/08/05 13:53:39.632, 21096, 100
2026/08/05 13:53:40.632, 21096, 100
2026/08/05 13:53:41.633, 21096, 100
2026/08/05 13:53:42.633, 21096, 100
2026/08/05 13:53:43.634, 21096, 100
2026/08/05 13:53:44.634, 21096, 100
2026/08/05 13:53:45.634, 21096, 100
2026/08/05 13:53:46.634, 21096, 100
2026/08/05 13:53:47.634, 21096, 100
2026/08/05 13:53:48.635, 21096, 100
2026/08/05 13:53:49.635, 21096, 100
2026/08/05 13:53:50.635, 21096, 100
2026/08/05 13:53:51.635, 21096, 100
2026/08/05 13:53:52.636, 21096, 100
2026/08/05 13:53:53.636, 21096, 100
2026/08/05 13:53:54.636, 21096, 100
2026/08/05 13:53:55.636, 21096, 100
2026/08/05 13:53:56.636, 21096, 100
2026/08/05 13:53:57.637, 21096, 100
2026/08/05 13:53:58.637, 21096, 100
2026/08/05 13:53:59.637, 21096, 100
2026/08/05 13:54:00.637, 21096, 100
2026/08/05 13:54:01.638, 21096, 100
2026/08/05 13:54:02.638, 21096, 100
2026/08/05 13:54:03.638, 21096, 100
2026/08/05 13:54:04.639, 21096, 100
2026/08/05 13:54:05.639, 21096, 100
2026/08/05 13:54:06.639, 21096, 82
2026/08/05 13:54:07.639, 21096, 100
2026/08/05 13:54:08.640, 21096, 100
2026/08/05 13:54:09.640, 21096, 100
2026/08/05 13:54:10.640, 21096, 100
2026/08/05 13:54:11.640, 21096, 100
2026/08/05 13:54:12.642, 21096, 100
2026/08/05 13:54:13.642, 21096, 100
2026/08/05 13:54:14.643, 21096, 93
2026/08/05 13:54:15.643, 21096, 86
2026/08/05 13:54:16.643, 21096, 100
2026/08/05 13:54:17.644, 21096, 100
2026/08/05 13:54:18.644, 21096, 85
2026/08/05 13:54:19.644, 21096, 100
2026/08/05 13:54:20.644, 21096, 100
2026/08/05 13:54:21.644, 21096, 100
2026/08/05 13:54:22.645, 21096, 80
2026/08/05 13:54:23.645, 21096, 100
2026/08/05 13:54:24.645, 21096, 100
2026/08/05 13:54:25.645, 21096, 100
2026/08/05 13:54:26.645, 21096, 100
2026/08/05 13:54:27.646, 21096, 100
2026/08/05 13:54:28.646, 21096, 100
2026/08/05 13:54:29.646, 21096, 100
2026/08/05 13:54:30.647, 21096, 100
2026/08/05 13:54:31.647, 21096, 100
2026/08/05 13:54:32.647, 21096, 83
2026/08/05 13:54:33.647, 21096, 100
2026/08/05 13:54:34.647, 21096, 100
2026/08/05 13:54:35.648, 21096, 100
2026/08/05 13:54:36.648, 21096, 100
2026/08/05 13:54:37.650, 21096, 100
2026/08/05 13:54:38.650, 21096, 100
2026/08/05 13:54:39.650, 21096, 100
2026/08/05 13:54:40.650, 21096, 100
2026/08/05 13:54:41.650, 21096, 100
2026/08/05 13:54:42.651, 21096, 100
2026/08/05 13:54:43.651, 21096, 100
2026/08/05 13:54:44.652, 21096, 100
2026/08/05 13:54:45.652, 21096, 100
2026/08/05 13:54:46.652, 21096, 100
2026/08/05 13:54:47.652, 21096, 100
2026/08/05 13:54:48.652, 21096, 100
2026/08/05 13:54:49.653, 21096, 100
2026/08/05 13:54:50.653, 21096, 100
2026/08/05 13:54:51.653, 21096, 100
2026/08/05 13:54:52.653, 21096, 99
2026/08/05 13:54:53.653, 21096, 100
2026/08/05 13:54:54.654, 21096, 100
2026/08/05 13:54:55.654, 21096, 100
2026/08/05 13:54:56.654, 21096, 100
2026/08/05 13:54:57.654, 21096, 66
2026/08/05 13:54:58.654, 21096, 100
2026/08/05 13:54:59.655, 21096, 100
2026/08/05 13:55:00.655, 21096, 100
2026/08/05 13:55:01.655, 21096, 100
2026/08/05 13:55:02.655, 21096, 84
2026/08/05 13:55:03.656, 21096, 100
2026/08/05 13:55:04.656, 21096, 100
2026/08/05 13:55:05.656, 21096, 100
2026/08/05 13:55:06.656, 21096, 84
2026/08/05 13:55:07.657, 21096, 100
2026/08/05 13:55:08.657, 21096, 100
2026/08/05 13:55:09.657, 21096, 100
2026/08/05 13:55:10.658, 21096, 100
2026/08/05 13:55:11.658, 21096, 100
2026/08/05 13:55:12.658, 21096, 100
2026/08/05 13:55:13.658, 21096, 99
2026/08/05 13:55:14.659, 21096, 100
2026/08/05 13:55:15.659, 21096, 100
2026/08/05 13:55:16.659, 21096, 95
2026/08/05 13:55:17.659, 21096, 100
2026/08/05 13:55:18.660, 21096, 100
2026/08/05 13:55:19.661, 21096, 100
2026/08/05 13:55:20.661, 21096, 84
2026/08/05 13:55:21.661, 21096, 84
2026/08/05 13:55:22.661, 21096, 100
2026/08/05 13:55:23.662, 21096, 100
2026/08/05 13:55:24.662, 21096, 100
2026/08/05 13:55:25.662, 21096, 100
2026/08/05 13:55:26.663, 21096, 100
2026/08/05 13:55:27.663, 21096, 100
2026/08/05 13:55:28.663, 21096, 82
2026/08/05 13:55:29.663, 21096, 68
2026/08/05 13:55:30.664, 21096, 100
2026/08/05 13:55:31.664, 21096, 100
2026/08/05 13:55:32.667, 21096, 100
2026/08/05 13:55:33.668, 21096, 100
2026/08/05 13:55:34.668, 21096, 100
2026/08/05 13:55:35.668, 21096, 83
2026/08/05 13:55:36.668, 21096, 100
2026/08/05 13:55:37.668, 21096, 100
2026/08/05 13:55:38.669, 21096, 100
2026/08/05 13:55:39.669, 21096, 100
2026/08/05 13:55:40.669, 21096, 100
2026/08/05 13:55:41.670, 21096, 100
2026/08/05 13:55:42.670, 21096, 100
2026/08/05 13:55:43.670, 21096, 100
2026/08/05 13:55:44.670, 21096, 100
2026/08/05 13:55:45.671, 21096, 100
2026/08/05 13:55:46.671, 21096, 100
2026/08/05 13:55:47.671, 21096, 100
2026/08/05 13:55:48.672, 21096, 100
2026/08/05 13:55:49.672, 21096, 100
2026/08/05 13:55:50.672, 21096, 82
2026/08/05 13:55:51.672, 21096, 100
2026/08/05 13:55:52.672, 21096, 100
2026/08/05 13:55:53.673, 21096, 100
2026/08/05 13:55:54.673, 21096, 100
2026/08/05 13:55:55.673, 21096, 100
2026/08/05 13:55:56.673, 21096, 100
2026/08/05 13:55:57.673, 21096, 100
2026/08/05 13:55:58.674, 21096, 100
2026/08/05 13:55:59.674, 21096, 100
2026/08/05 13:56:00.674, 21096, 100
2026/08/05 13:56:01.674, 21096, 100
2026/08/05 13:56:02.675, 21096, 100
2026/08/05 13:56:03.675, 21096, 100
2026/08/05 13:56:04.675, 21096, 100
2026/08/05 13:56:05.675, 21096, 100
2026/08/05 13:56:06.676, 21096, 100
2026/08/05 13:56:07.676, 21096, 100
2026/08/05 13:56:08.676, 21096, 100
2026/08/05 13:56:09.677, 21096, 100
2026/08/05 13:56:10.677, 21096, 100
2026/08/05 13:56:11.677, 21096, 100
2026/08/05 13:56:12.677, 21096, 84
2026/08/05 13:56:13.677, 21096, 100
2026/08/05 13:56:14.678, 21096, 100
2026/08/05 13:56:15.678, 21096, 100
2026/08/05 13:56:16.678, 21096, 100
2026/08/05 13:56:17.679, 21096, 100
2026/08/05 13:56:18.679, 21096, 100
2026/08/05 13:56:19.679, 21096, 100
2026/08/05 13:56:20.679, 21096, 100
2026/08/05 13:56:21.679, 21096, 66
2026/08/05 13:56:22.680, 21096, 100
2026/08/05 13:56:23.680, 21096, 100
2026/08/05 13:56:24.680, 21096, 100
2026/08/05 13:56:25.680, 21096, 100
2026/08/05 13:56:26.680, 21096, 100
2026/08/05 13:56:27.681, 21096, 91
2026/08/05 13:56:28.681, 21096, 84
2026/08/05 13:56:29.681, 21096, 100
2026/08/05 13:56:30.681, 21096, 100
2026/08/05 13:56:31.682, 21096, 100
2026/08/05 13:56:32.682, 21096, 100
2026/08/05 13:56:33.682, 21096, 100
2026/08/05 13:56:34.682, 21096, 100
2026/08/05 13:56:35.682, 21096, 56
2026/08/05 13:56:36.683, 21096, 82
2026/08/05 13:56:37.683, 21096, 74
2026/08/05 13:56:38.683, 21096, 86
2026/08/05 13:56:39.684, 21096, 100
2026/08/05 13:56:40.684, 21096, 100
2026/08/05 13:56:41.684, 21096, 100
2026/08/05 13:56:42.684, 21096, 100
2026/08/05 13:56:43.684, 21096, 85
2026/08/05 13:56:44.685, 21096, 100
2026/08/05 13:56:45.685, 21096, 100
2026/08/05 13:56:46.685, 21096, 100
2026/08/05 13:56:47.685, 21096, 100
2026/08/05 13:56:48.686, 21096, 100
2026/08/05 13:56:49.686, 21096, 82
2026/08/05 13:56:50.686, 21096, 100
2026/08/05 13:56:51.686, 21096, 100
2026/08/05 13:56:52.686, 21096, 100
2026/08/05 13:56:53.687, 21096, 100
2026/08/05 13:56:54.687, 21096, 100
2026/08/05 13:56:55.687, 21096, 100
2026/08/05 13:56:56.688, 21096, 100
2026/08/05 13:56:57.688, 21096, 100
2026/08/05 13:56:58.688, 21096, 100
2026/08/05 13:56:59.688, 21096, 100
2026/08/05 13:57:00.688, 21096, 100
2026/08/05 13:57:01.689, 21096, 100
2026/08/05 13:57:02.689, 21096, 100
2026/08/05 13:57:03.689, 21096, 83
2026/08/05 13:57:04.690, 21096, 100
2026/08/05 13:57:05.690, 21096, 84
2026/08/05 13:57:06.690, 21096, 100
2026/08/05 13:57:07.691, 21096, 100
2026/08/05 13:57:08.691, 21096, 100
2026/08/05 13:57:09.691, 21096, 83
2026/08/05 13:57:10.691, 21096, 63
2026/08/05 13:57:11.692, 21096, 100
2026/08/05 13:57:12.692, 21096, 100
2026/08/05 13:57:13.692, 21096, 100
2026/08/05 13:57:14.692, 21096, 100
2026/08/05 13:57:15.692, 21096, 100
2026/08/05 13:57:16.693, 21096, 100
2026/08/05 13:57:17.693, 21096, 100
2026/08/05 13:57:18.693, 21096, 100
2026/08/05 13:57:19.693, 21096, 86
2026/08/05 13:57:20.694, 21096, 100
2026/08/05 13:57:21.694, 21096, 100
2026/08/05 13:57:22.694, 21096, 100
2026/08/05 13:57:23.694, 21096, 100
2026/08/05 13:57:24.695, 21096, 100
2026/08/05 13:57:25.695, 21096, 100
2026/08/05 13:57:26.695, 21096, 100
2026/08/05 13:57:27.695, 21096, 83
2026/08/05 13:57:28.695, 21096, 100
2026/08/05 13:57:29.696, 21096, 100
2026/08/05 13:57:30.696, 21096, 66
2026/08/05 13:57:31.696, 21096, 100
2026/08/05 13:57:32.697, 21096, 100
2026/08/05 13:57:33.697, 21096, 100
2026/08/05 13:57:34.697, 21096, 100
2026/08/05 13:57:35.698, 21096, 100
2026/08/05 13:57:36.698, 21096, 85
2026/08/05 13:57:37.698, 21096, 100
2026/08/05 13:57:38.698, 21096, 100
2026/08/05 13:57:39.699, 21096, 97
2026/08/05 13:57:40.699, 21096, 100
2026/08/05 13:57:41.699, 21096, 100
2026/08/05 13:57:42.699, 21096, 100
2026/08/05 13:57:43.699, 21096, 100
2026/08/05 13:57:44.700, 21096, 84
2026/08/05 13:57:45.700, 21096, 100
2026/08/05 13:57:46.700, 21096, 100
2026/08/05 13:57:47.700, 21096, 100
2026/08/05 13:57:48.700, 21096, 100
2026/08/05 13:57:49.701, 21096, 84
2026/08/05 13:57:50.701, 21096, 100
2026/08/05 13:57:51.701, 21096, 100
2026/08/05 13:57:52.701, 21096, 100
2026/08/05 13:57:53.702, 21096, 100
2026/08/05 13:57:54.702, 21096, 100
2026/08/05 13:57:55.702, 21096, 100
2026/08/05 13:57:56.702, 21096, 85
2026/08/05 13:57:57.703, 21096, 62
2026/08/05 13:57:58.703, 21096, 83
2026/08/05 13:57:59.703, 21096, 100
2026/08/05 13:58:00.703, 21096, 100
2026/08/05 13:58:01.704, 21096, 100
2026/08/05 13:58:02.704, 21096, 100
2026/08/05 13:58:03.704, 21096, 100
2026/08/05 13:58:04.705, 21096, 75
2026/08/05 13:58:05.705, 21096, 81
2026/08/05 13:58:06.705, 21096, 100
2026/08/05 13:58:07.706, 21096, 100
2026/08/05 13:58:08.706, 21096, 84
2026/08/05 13:58:09.706, 21096, 100
2026/08/05 13:58:10.707, 21096, 100
2026/08/05 13:58:11.707, 21096, 100
2026/08/05 13:58:12.707, 21096, 100
2026/08/05 13:58:13.708, 21096, 100
2026/08/05 13:58:14.708, 21096, 85
2026/08/05 13:58:15.708, 21096, 100
2026/08/05 13:58:16.709, 21096, 100
2026/08/05 13:58:17.709, 21096, 100
2026/08/05 13:58:18.709, 21096, 68
2026/08/05 13:58:19.710, 21096, 100
2026/08/05 13:58:20.710, 21096, 100
2026/08/05 13:58:21.710, 21096, 100
2026/08/05 13:58:22.710, 21096, 100
2026/08/05 13:58:23.711, 21096, 98
2026/08/05 13:58:24.711, 21096, 100
2026/08/05 13:58:25.711, 21096, 100
2026/08/05 13:58:26.711, 21096, 100
2026/08/05 13:58:27.712, 21096, 100
2026/08/05 13:58:28.712, 21096, 100
2026/08/05 13:58:29.712, 21096, 100
2026/08/05 13:58:30.712, 21096, 100
2026/08/05 13:58:31.712, 21096, 100
2026/08/05 13:58:32.713, 21096, 100
2026/08/05 13:58:33.713, 21096, 100
2026/08/05 13:58:34.713, 21096, 100
2026/08/05 13:58:35.713, 21096, 100
2026/08/05 13:58:36.714, 21096, 100
2026/08/05 13:58:37.714, 21096, 100
2026/08/05 13:58:38.714, 21096, 100
2026/08/05 13:58:39.715, 21096, 100
2026/08/05 13:58:40.715, 21096, 100
2026/08/05 13:58:41.715, 21096, 100
2026/08/05 13:58:42.715, 21096, 100
2026/08/05 13:58:43.715, 21096, 100
2026/08/05 13:58:44.716, 21096, 100
2026/08/05 13:58:45.716, 21096, 84
2026/08/05 13:58:46.716, 21096, 100
2026/08/05 13:58:47.717, 21096, 100
2026/08/05 13:58:48.717, 21096, 100
2026/08/05 13:58:49.717, 21096, 100
2026/08/05 13:58:50.717, 21096, 100
2026/08/05 13:58:51.718, 21096, 100
2026/08/05 13:58:52.718, 21096, 100
2026/08/05 13:58:53.718, 21096, 100
2026/08/05 13:58:54.718, 21096, 100
2026/08/05 13:58:55.718, 21096, 100
2026/08/05 13:58:56.719, 21096, 100
2026/08/05 13:58:57.719, 21096, 100
2026/08/05 13:58:58.719, 21096, 100
2026/08/05 13:58:59.720, 21096, 100
2026/08/05 13:59:00.720, 21096, 100
2026/08/05 13:59:01.720, 21096, 100
2026/08/05 13:59:02.721, 21096, 100
2026/08/05 13:59:03.721, 21096, 65
2026/08/05 13:59:04.721, 21096, 84
2026/08/05 13:59:05.721, 21096, 100
2026/08/05 13:59:06.721, 21096, 100
2026/08/05 13:59:07.722, 21096, 100
2026/08/05 13:59:08.722, 21096, 100
2026/08/05 13:59:09.722, 21096, 100
2026/08/05 13:59:10.722, 21096, 100
2026/08/05 13:59:11.722, 21096, 100
2026/08/05 13:59:12.723, 21096, 100
2026/08/05 13:59:13.723, 21096, 100
2026/08/05 13:59:14.723, 21096, 100
2026/08/05 13:59:15.723, 21096, 100
2026/08/05 13:59:16.724, 21096, 100
2026/08/05 13:59:17.724, 21096, 100
2026/08/05 13:59:18.724, 21096, 100
2026/08/05 13:59:19.724, 21096, 100
2026/08/05 13:59:20.724, 21096, 100
2026/08/05 13:59:21.725, 21096, 100
2026/08/05 13:59:22.725, 21096, 100
2026/08/05 13:59:23.725, 21096, 100
2026/08/05 13:59:24.725, 21096, 100
2026/08/05 13:59:25.725, 21096, 100
2026/08/05 13:59:26.726, 21096, 100
2026/08/05 13:59:27.726, 21096, 100
2026/08/05 13:59:28.726, 21096, 100
2026/08/05 13:59:29.726, 21096, 100
2026/08/05 13:59:30.726, 21096, 86
2026/08/05 13:59:31.727, 21096, 100
2026/08/05 13:59:32.727, 21096, 100
2026/08/05 13:59:33.727, 21096, 100
2026/08/05 13:59:34.727, 21096, 100
2026/08/05 13:59:35.727, 21096, 100
2026/08/05 13:59:36.728, 21096, 100
2026/08/05 13:59:37.728, 21096, 100
2026/08/05 13:59:38.728, 21096, 100
2026/08/05 13:59:39.728, 21096, 100
2026/08/05 13:59:40.729, 21096, 100
2026/08/05 13:59:41.729, 21096, 100
2026/08/05 13:59:42.729, 21096, 100
2026/08/05 13:59:43.729, 21096, 100
2026/08/05 13:59:44.730, 21096, 100
2026/08/05 13:59:45.730, 21096, 100
2026/08/05 13:59:46.730, 21096, 100
2026/08/05 13:59:47.730, 21096, 86
2026/08/05 13:59:48.731, 21096, 100
2026/08/05 13:59:49.731, 21096, 100
2026/08/05 13:59:50.731, 21096, 100
2026/08/05 13:59:51.731, 21096, 100
2026/08/05 13:59:52.731, 21096, 100
2026/08/05 13:59:53.732, 21096, 92
2026/08/05 13:59:54.732, 21096, 100
2026/08/05 13:59:55.732, 21096, 100
2026/08/05 13:59:56.732, 21096, 100
2026/08/05 13:59:57.732, 21096, 100
2026/08/05 13:59:58.733, 21096, 91
2026/08/05 13:59:59.733, 21096, 100
2026/08/05 14:00:00.733, 21096, 100
2026/08/05 14:00:01.733, 21096, 70
2026/08/05 14:00:02.734, 21096, 100
2026/08/05 14:00:03.734, 21096, 100
2026/08/05 14:00:04.735, 21096, 100
2026/08/05 14:00:05.735, 21096, 100
2026/08/05 14:00:06.735, 21096, 100
2026/08/05 14:00:07.735, 21096, 85
2026/08/05 14:00:08.735, 21096, 85
2026/08/05 14:00:09.736, 21096, 100
2026/08/05 14:00:10.736, 21096, 100
2026/08/05 14:00:11.736, 21096, 100
2026/08/05 14:00:12.736, 21096, 100
2026/08/05 14:00:13.736, 21096, 100
2026/08/05 14:00:14.737, 21096, 100
2026/08/05 14:00:15.737, 21096, 100
2026/08/05 14:00:16.737, 21096, 100
2026/08/05 14:00:17.738, 21096, 85
2026/08/05 14:00:18.738, 21096, 100
2026/08/05 14:00:19.738, 21096, 100
2026/08/05 14:00:20.739, 21096, 100
2026/08/05 14:00:21.739, 21096, 100
2026/08/05 14:00:22.739, 21096, 100
2026/08/05 14:00:23.739, 21096, 100
2026/08/05 14:00:24.740, 21096, 100
2026/08/05 14:00:25.740, 21096, 100
2026/08/05 14:00:26.740, 21096, 84
2026/08/05 14:00:27.740, 21096, 100
2026/08/05 14:00:28.741, 21096, 100
2026/08/05 14:00:29.741, 21096, 100
2026/08/05 14:00:30.741, 21096, 100
2026/08/05 14:00:31.742, 21096, 100
2026/08/05 14:00:32.742, 21096, 95
2026/08/05 14:00:33.742, 21096, 100
2026/08/05 14:00:34.743, 21096, 100
2026/08/05 14:00:35.743, 21096, 100
2026/08/05 14:00:36.743, 21096, 100
2026/08/05 14:00:37.743, 21096, 100
2026/08/05 14:00:38.744, 21096, 100
2026/08/05 14:00:39.744, 21096, 100
2026/08/05 14:00:40.744, 21096, 100
2026/08/05 14:00:41.745, 21096, 99
2026/08/05 14:00:42.745, 21096, 100
2026/08/05 14:00:43.745, 21096, 100
2026/08/05 14:00:44.746, 21096, 100
2026/08/05 14:00:45.746, 21096, 100
2026/08/05 14:00:46.746, 21096, 84
2026/08/05 14:00:47.746, 21096, 84
2026/08/05 14:00:48.747, 21096, 100
2026/08/05 14:00:49.747, 21096, 100
2026/08/05 14:00:50.747, 21096, 100
2026/08/05 14:00:51.747, 21096, 100
2026/08/05 14:00:52.748, 21096, 100
2026/08/05 14:00:53.748, 21096, 100
2026/08/05 14:00:54.748, 21096, 85
2026/08/05 14:00:55.749, 21096, 100
2026/08/05 14:00:56.749, 21096, 100
2026/08/05 14:00:57.750, 21096, 100
2026/08/05 14:00:58.750, 21096, 87
2026/08/05 14:00:59.750, 21096, 100
2026/08/05 14:01:00.750, 21096, 100
2026/08/05 14:01:01.751, 21096, 100
2026/08/05 14:01:02.751, 21096, 100
2026/08/05 14:01:03.751, 21096, 64
2026/08/05 14:01:04.751, 21096, 100
2026/08/05 14:01:05.752, 21096, 100
2026/08/05 14:01:06.752, 21096, 100
2026/08/05 14:01:07.752, 21096, 100
2026/08/05 14:01:08.752, 21096, 85
2026/08/05 14:01:09.752, 21096, 100
2026/08/05 14:01:10.752, 21096, 84
2026/08/05 14:01:11.753, 21096, 100
2026/08/05 14:01:12.753, 21096, 100
2026/08/05 14:01:13.753, 21096, 100
2026/08/05 14:01:14.753, 21096, 100
2026/08/05 14:01:15.754, 21096, 100
2026/08/05 14:01:16.754, 21096, 100
2026/08/05 14:01:17.754, 21096, 100
2026/08/05 14:01:18.754, 21096, 70
2026/08/05 14:01:19.755, 21096, 100
2026/08/05 14:01:20.755, 21096, 100
2026/08/05 14:01:21.755, 21096, 100
2026/08/05 14:01:22.756, 21096, 100
2026/08/05 14:01:23.756, 21096, 100
2026/08/05 14:01:24.757, 21096, 100
2026/08/05 14:01:25.757, 21096, 100
2026/08/05 14:01:26.757, 21096, 100
2026/08/05 14:01:27.757, 21096, 100
2026/08/05 14:01:28.758, 21096, 100
2026/08/05 14:01:29.758, 21096, 100
2026/08/05 14:01:30.758, 21096, 84
2026/08/05 14:01:31.758, 21096, 100
2026/08/05 14:01:32.758, 21096, 100
2026/08/05 14:01:33.759, 21096, 100
2026/08/05 14:01:34.759, 21096, 100
2026/08/05 14:01:35.759, 21096, 84
2026/08/05 14:01:36.759, 21096, 84
2026/08/05 14:01:37.760, 21096, 100
2026/08/05 14:01:38.761, 21096, 100
2026/08/05 14:01:39.761, 21096, 100
2026/08/05 14:01:40.762, 21096, 100
2026/08/05 14:01:41.762, 21096, 100
2026/08/05 14:01:42.762, 21096, 100
2026/08/05 14:01:43.762, 21096, 100
2026/08/05 14:01:44.762, 21096, 100
2026/08/05 14:01:45.763, 21096, 84
2026/08/05 14:01:46.763, 21096, 64
2026/08/05 14:01:47.763, 21096, 100
2026/08/05 14:01:48.763, 21096, 100
2026/08/05 14:01:49.764, 21096, 83
2026/08/05 14:01:50.764, 21096, 100
2026/08/05 14:01:51.764, 21096, 100
2026/08/05 14:01:52.764, 21096, 85
2026/08/05 14:01:53.765, 21096, 100
2026/08/05 14:01:54.765, 21096, 64
2026/08/05 14:01:55.766, 21096, 100
2026/08/05 14:01:56.766, 21096, 100
2026/08/05 14:01:57.766, 21096, 100
2026/08/05 14:01:58.766, 21096, 100
2026/08/05 14:01:59.767, 21096, 100
2026/08/05 14:02:00.767, 21096, 100
2026/08/05 14:02:01.767, 21096, 68
2026/08/05 14:02:02.767, 21096, 100
2026/08/05 14:02:03.767, 21096, 100
2026/08/05 14:02:04.768, 21096, 100
2026/08/05 14:02:05.768, 21096, 86
2026/08/05 14:02:06.768, 21096, 100
2026/08/05 14:02:07.768, 21096, 84
2026/08/05 14:02:08.768, 21096, 84
2026/08/05 14:02:09.769, 21096, 100
2026/08/05 14:02:10.769, 21096, 100
2026/08/05 14:02:11.769, 21096, 100
2026/08/05 14:02:12.770, 21096, 100
2026/08/05 14:02:13.770, 21096, 100
2026/08/05 14:02:14.770, 21096, 92
2026/08/05 14:02:15.770, 21096, 100
2026/08/05 14:02:16.770, 21096, 100
2026/08/05 14:02:17.771, 21096, 100
2026/08/05 14:02:18.771, 21096, 100
2026/08/05 14:02:19.771, 21096, 100
2026/08/05 14:02:20.771, 21096, 87
2026/08/05 14:02:21.771, 21096, 100
2026/08/05 14:02:22.772, 21096, 100
2026/08/05 14:02:23.772, 21096, 100
2026/08/05 14:02:24.772, 21096, 62
2026/08/05 14:02:25.772, 21096, 100
2026/08/05 14:02:26.772, 21096, 94
2026/08/05 14:02:27.773, 21096, 100
2026/08/05 14:02:28.773, 21096, 84
2026/08/05 14:02:29.773, 21096, 100
2026/08/05 14:02:30.773, 21096, 85
2026/08/05 14:02:31.773, 21096, 100
2026/08/05 14:02:32.774, 21096, 100
2026/08/05 14:02:33.774, 21096, 100
2026/08/05 14:02:34.774, 21096, 100
2026/08/05 14:02:35.774, 21096, 100
2026/08/05 14:02:36.774, 21096, 100
2026/08/05 14:02:37.775, 21096, 85
2026/08/05 14:02:38.775, 21096, 100
2026/08/05 14:02:39.775, 21096, 100
2026/08/05 14:02:40.775, 21096, 82
2026/08/05 14:02:41.776, 21096, 100
2026/08/05 14:02:42.776, 21096, 84
2026/08/05 14:02:43.776, 21096, 90
2026/08/05 14:02:44.776, 21096, 100
2026/08/05 14:02:45.776, 21096, 100
2026/08/05 14:02:46.776, 21096, 100
2026/08/05 14:02:47.777, 21096, 92
2026/08/05 14:02:48.777, 21096, 100
2026/08/05 14:02:49.777, 21096, 62
2026/08/05 14:02:50.777, 21096, 84
2026/08/05 14:02:51.777, 21096, 100
2026/08/05 14:02:52.778, 21096, 100
2026/08/05 14:02:53.779, 21096, 100
2026/08/05 14:02:54.779, 21096, 84
2026/08/05 14:02:55.779, 21096, 100
2026/08/05 14:02:56.779, 21096, 100
2026/08/05 14:02:57.780, 21096, 100
2026/08/05 14:02:58.780, 21096, 62
2026/08/05 14:02:59.781, 21096, 85
2026/08/05 14:03:00.781, 21096, 100
2026/08/05 14:03:01.781, 21096, 100
2026/08/05 14:03:02.782, 21096, 90
2026/08/05 14:03:03.782, 21096, 100
2026/08/05 14:03:04.782, 21096, 100
2026/08/05 14:03:05.782, 21096, 100
2026/08/05 14:03:06.783, 21096, 100
2026/08/05 14:03:07.783, 21096, 100
2026/08/05 14:03:08.783, 21096, 100
2026/08/05 14:03:09.783, 21096, 100
2026/08/05 14:03:10.783, 21096, 82
2026/08/05 14:03:11.784, 21096, 100
2026/08/05 14:03:12.784, 21096, 100
2026/08/05 14:03:13.784, 21096, 100
2026/08/05 14:03:14.785, 21096, 100
2026/08/05 14:03:15.785, 21096, 100
2026/08/05 14:03:16.785, 21096, 100
2026/08/05 14:03:17.798, 21096, 100
2026/08/05 14:03:18.798, 21096, 100
2026/08/05 14:03:19.798, 21096, 100
2026/08/05 14:03:20.798, 21096, 100
2026/08/05 14:03:21.799, 21096, 100
2026/08/05 14:03:22.799, 21096, 65
2026/08/05 14:03:23.799, 21096, 82
2026/08/05 14:03:24.800, 21096, 100
2026/08/05 14:03:25.800, 21096, 96
2026/08/05 14:03:26.800, 21096, 100
2026/08/05 14:03:27.801, 21096, 100
2026/08/05 14:03:28.801, 21096, 86
2026/08/05 14:03:29.801, 21096, 100
2026/08/05 14:03:30.802, 21096, 100
2026/08/05 14:03:31.802, 21096, 100
2026/08/05 14:03:32.802, 21096, 83
2026/08/05 14:03:33.802, 21096, 100
2026/08/05 14:03:34.803, 21096, 100
2026/08/05 14:03:35.803, 21096, 100
2026/08/05 14:03:36.803, 21096, 100
2026/08/05 14:03:37.804, 21096, 100
2026/08/05 14:03:38.804, 21096, 100
2026/08/05 14:03:39.804, 21096, 93
2026/08/05 14:03:40.804, 21096, 86
2026/08/05 14:03:41.805, 21096, 100
2026/08/05 14:03:42.805, 21096, 100
2026/08/05 14:03:43.805, 21096, 100
2026/08/05 14:03:44.805, 21096, 100
2026/08/05 14:03:45.806, 21096, 100
2026/08/05 14:03:46.806, 21096, 100
2026/08/05 14:03:47.806, 21096, 100
2026/08/05 14:03:48.806, 21096, 100
2026/08/05 14:03:49.807, 21096, 100
2026/08/05 14:03:50.807, 21096, 100
2026/08/05 14:03:51.807, 21096, 100
2026/08/05 14:03:52.808, 21096, 70
2026/08/05 14:03:53.808, 21096, 100
2026/08/05 14:03:54.808, 21096, 100
2026/08/05 14:03:55.809, 21096, 87
2026/08/05 14:03:56.809, 21096, 100
2026/08/05 14:03:57.809, 21096, 100
2026/08/05 14:03:58.809, 21096, 64
2026/08/05 14:03:59.810, 21096, 85
2026/08/05 14:04:00.810, 21096, 100
2026/08/05 14:04:01.810, 21096, 100
2026/08/05 14:04:02.810, 21096, 100
2026/08/05 14:04:03.811, 21096, 84
2026/08/05 14:04:04.811, 21096, 83
2026/08/05 14:04:05.811, 21096, 100
2026/08/05 14:04:06.811, 21096, 100
2026/08/05 14:04:07.812, 21096, 100
2026/08/05 14:04:08.812, 21096, 100
2026/08/05 14:04:09.812, 21096, 93
2026/08/05 14:04:10.812, 21096, 100
2026/08/05 14:04:11.812, 21096, 63
2026/08/05 14:04:12.813, 21096, 84
2026/08/05 14:04:13.813, 21096, 100
2026/08/05 14:04:14.813, 21096, 100
2026/08/05 14:04:15.814, 21096, 100
2026/08/05 14:04:16.814, 21096, 100
2026/08/05 14:04:17.814, 21096, 100
2026/08/05 14:04:18.814, 21096, 90
2026/08/05 14:04:19.814, 21096, 100
2026/08/05 14:04:20.814, 21096, 100
2026/08/05 14:04:21.815, 21096, 100
2026/08/05 14:04:22.815, 21096, 100
2026/08/05 14:04:23.815, 21096, 100
2026/08/05 14:04:24.815, 21096, 100
2026/08/05 14:04:25.815, 21096, 100
2026/08/05 14:04:26.816, 21096, 84
2026/08/05 14:04:27.816, 21096, 84
2026/08/05 14:04:28.816, 21096, 100
2026/08/05 14:04:29.816, 21096, 100
2026/08/05 14:04:30.817, 21096, 100
2026/08/05 14:04:31.817, 21096, 83
2026/08/05 14:04:32.817, 21096, 100
2026/08/05 14:04:33.817, 21096, 100
2026/08/05 14:04:34.818, 21096, 100
2026/08/05 14:04:35.818, 21096, 66
2026/08/05 14:04:36.818, 21096, 84
2026/08/05 14:04:37.818, 21096, 100
2026/08/05 14:04:38.818, 21096, 100
2026/08/05 14:04:39.819, 21096, 100
2026/08/05 14:04:40.819, 21096, 95
2026/08/05 14:04:41.819, 21096, 100
2026/08/05 14:04:42.819, 21096, 86
2026/08/05 14:04:43.819, 21096, 100
2026/08/05 14:04:44.820, 21096, 100
2026/08/05 14:04:45.820, 21096, 100
2026/08/05 14:04:46.820, 21096, 100
2026/08/05 14:04:47.820, 21096, 100
2026/08/05 14:04:48.820, 21096, 85
2026/08/05 14:04:49.821, 21096, 86
2026/08/05 14:04:50.821, 21096, 100
2026/08/05 14:04:51.821, 21096, 84
2026/08/05 14:04:52.821, 21096, 100
2026/08/05 14:04:53.821, 21096, 100
2026/08/05 14:04:54.822, 21096, 100
2026/08/05 14:04:55.822, 21096, 100
2026/08/05 14:04:56.822, 21096, 87
2026/08/05 14:04:57.822, 21096, 83
2026/08/05 14:04:58.822, 21096, 100
2026/08/05 14:04:59.823, 21096, 63
2026/08/05 14:05:00.823, 21096, 100
2026/08/05 14:05:01.823, 21096, 100
2026/08/05 14:05:02.823, 21096, 100
2026/08/05 14:05:03.824, 21096, 100
2026/08/05 14:05:04.824, 21096, 100
2026/08/05 14:05:05.824, 21096, 100
2026/08/05 14:05:06.824, 21096, 88
2026/08/05 14:05:07.825, 21096, 100
2026/08/05 14:05:08.825, 21096, 100
2026/08/05 14:05:09.825, 21096, 100
2026/08/05 14:05:10.825, 21096, 100
2026/08/05 14:05:11.825, 21096, 100
2026/08/05 14:05:12.826, 21096, 100
2026/08/05 14:05:13.826, 21096, 82
2026/08/05 14:05:14.826, 21096, 65
2026/08/05 14:05:15.826, 21096, 100
2026/08/05 14:05:16.826, 21096, 100
2026/08/05 14:05:17.827, 21096, 100
2026/08/05 14:05:18.827, 21096, 100
2026/08/05 14:05:19.827, 21096, 100
2026/08/05 14:05:20.827, 21096, 100
2026/08/05 14:05:21.827, 21096, 100
2026/08/05 14:05:22.828, 21096, 100
2026/08/05 14:05:23.828, 21096, 85
2026/08/05 14:05:24.828, 21096, 100
2026/08/05 14:05:25.829, 21096, 100
2026/08/05 14:05:26.829, 21096, 100
2026/08/05 14:05:27.829, 21096, 100
2026/08/05 14:05:28.829, 21096, 100
2026/08/05 14:05:29.829, 21096, 100
2026/08/05 14:05:30.830, 21096, 100
2026/08/05 14:05:31.830, 21096, 100
2026/08/05 14:05:32.830, 21096, 100
2026/08/05 14:05:33.830, 21096, 100
2026/08/05 14:05:34.831, 21096, 100
2026/08/05 14:05:35.831, 21096, 100
2026/08/05 14:05:36.831, 21096, 100
2026/08/05 14:05:37.832, 21096, 100
2026/08/05 14:05:38.832, 21096, 100
2026/08/05 14:05:39.832, 21096, 84
2026/08/05 14:05:40.833, 21096, 100
2026/08/05 14:05:41.833, 21096, 84
2026/08/05 14:05:42.833, 21096, 100
2026/08/05 14:05:43.834, 21096, 100
2026/08/05 14:05:44.834, 21096, 100
2026/08/05 14:05:45.834, 21096, 100
2026/08/05 14:05:46.835, 21096, 100
2026/08/05 14:05:47.835, 21096, 100
2026/08/05 14:05:48.835, 21096, 83
2026/08/05 14:05:49.836, 21096, 100
2026/08/05 14:05:50.836, 21096, 97
2026/08/05 14:05:51.837, 21096, 100
2026/08/05 14:05:52.837, 21096, 100
2026/08/05 14:05:53.837, 21096, 100
2026/08/05 14:05:54.838, 21096, 100
2026/08/05 14:05:55.838, 21096, 100
2026/08/05 14:05:56.838, 21096, 82
2026/08/05 14:05:57.839, 21096, 100
2026/08/05 14:05:58.839, 21096, 100
2026/08/05 14:05:59.840, 21096, 100
2026/08/05 14:06:00.840, 21096, 100
2026/08/05 14:06:01.841, 21096, 100
2026/08/05 14:06:02.841, 21096, 100
2026/08/05 14:06:03.841, 21096, 100
2026/08/05 14:06:04.842, 21096, 100
2026/08/05 14:06:05.842, 21096, 84
2026/08/05 14:06:06.843, 21096, 100
2026/08/05 14:06:07.843, 21096, 90
2026/08/05 14:06:08.843, 21096, 100
2026/08/05 14:06:09.844, 21096, 91
2026/08/05 14:06:10.844, 21096, 100
2026/08/05 14:06:11.844, 21096, 100
2026/08/05 14:06:12.845, 21096, 100
2026/08/05 14:06:13.845, 21096, 100
2026/08/05 14:06:14.845, 21096, 100
2026/08/05 14:06:15.846, 21096, 100
2026/08/05 14:06:16.846, 21096, 100
2026/08/05 14:06:17.846, 21096, 100
2026/08/05 14:06:18.847, 21096, 100
2026/08/05 14:06:19.847, 21096, 100
2026/08/05 14:06:20.847, 21096, 100
2026/08/05 14:06:21.848, 21096, 100
2026/08/05 14:06:22.848, 21096, 100
2026/08/05 14:06:23.849, 21096, 100
2026/08/05 14:06:24.849, 21096, 100
2026/08/05 14:06:25.849, 21096, 100
2026/08/05 14:06:26.850, 21096, 100
2026/08/05 14:06:27.850, 21096, 100
2026/08/05 14:06:28.851, 21096, 100
2026/08/05 14:06:29.851, 21096, 100
2026/08/05 14:06:30.851, 21096, 100
2026/08/05 14:06:31.852, 21096, 100
2026/08/05 14:06:32.852, 21096, 100
2026/08/05 14:06:33.852, 21096, 100
2026/08/05 14:06:34.853, 21096, 100
2026/08/05 14:06:35.853, 21096, 100
2026/08/05 14:06:36.853, 21096, 100
2026/08/05 14:06:37.854, 21096, 100
2026/08/05 14:06:38.854, 21096, 100
2026/08/05 14:06:39.855, 21096, 100
2026/08/05 14:06:40.855, 21096, 100
2026/08/05 14:06:41.855, 21096, 100
2026/08/05 14:06:42.856, 21096, 100
2026/08/05 14:06:43.856, 21096, 64
2026/08/05 14:06:44.856, 21096, 100
2026/08/05 14:06:45.857, 21096, 85
2026/08/05 14:06:46.857, 21096, 100
2026/08/05 14:06:47.858, 21096, 100
2026/08/05 14:06:48.858, 21096, 0
2026/08/05 14:06:49.858, 21096, 100
2026/08/05 14:06:50.859, 21096, 100
2026/08/05 14:06:51.859, 21096, 100
2026/08/05 14:06:52.859, 21096, 100
2026/08/05 14:06:53.860, 21096, 100
2026/08/05 14:06:54.860, 21096, 100
2026/08/05 14:06:55.860, 21096, 100
2026/08/05 14:06:56.861, 21096, 100
2026/08/05 14:06:57.861, 21096, 100
2026/08/05 14:06:58.862, 21096, 100
2026/08/05 14:06:59.862, 21096, 100
2026/08/05 14:07:00.862, 21096, 100
2026/08/05 14:07:01.863, 21096, 100
2026/08/05 14:07:02.863, 21096, 100
2026/08/05 14:07:03.864, 21096, 100
2026/08/05 14:07:04.864, 21096, 100
2026/08/05 14:07:05.865, 21096, 87
2026/08/05 14:07:06.865, 21096, 100
2026/08/05 14:07:07.865, 21096, 100
2026/08/05 14:07:08.866, 21096, 100
2026/08/05 14:07:09.866, 21096, 100
2026/08/05 14:07:10.866, 21096, 100
2026/08/05 14:07:11.867, 21096, 100
2026/08/05 14:07:12.867, 21096, 100
2026/08/05 14:07:13.867, 21096, 100
2026/08/05 14:07:14.868, 21096, 100
2026/08/05 14:07:15.868, 21096, 100
2026/08/05 14:07:16.868, 21096, 100
2026/08/05 14:07:17.869, 21096, 62
2026/08/05 14:07:18.869, 21096, 100
2026/08/05 14:07:19.869, 21096, 100
2026/08/05 14:07:20.870, 21096, 100
2026/08/05 14:07:21.870, 21096, 100
2026/08/05 14:07:22.870, 21096, 100
2026/08/05 14:07:23.871, 21096, 100
2026/08/05 14:07:24.871, 21096, 100
2026/08/05 14:07:25.871, 21096, 99
2026/08/05 14:07:26.872, 21096, 100
2026/08/05 14:07:27.872, 21096, 100
2026/08/05 14:07:28.872, 21096, 100
2026/08/05 14:07:29.873, 21096, 100
2026/08/05 14:07:30.873, 21096, 100
2026/08/05 14:07:31.874, 21096, 94
2026/08/05 14:07:32.874, 21096, 100
2026/08/05 14:07:33.874, 21096, 100
2026/08/05 14:07:34.875, 21096, 100
2026/08/05 14:07:35.875, 21096, 100
2026/08/05 14:07:36.876, 21096, 100
2026/08/05 14:07:37.876, 21096, 73
2026/08/05 14:07:38.876, 21096, 100
2026/08/05 14:07:39.877, 21096, 85
2026/08/05 14:07:40.877, 21096, 100
2026/08/05 14:07:41.877, 21096, 100
2026/08/05 14:07:42.878, 21096, 86
2026/08/05 14:07:43.878, 21096, 100
2026/08/05 14:07:44.878, 21096, 64
2026/08/05 14:07:45.879, 21096, 100
2026/08/05 14:07:46.879, 21096, 100
2026/08/05 14:07:47.879, 21096, 81
2026/08/05 14:07:48.880, 21096, 100
2026/08/05 14:07:49.880, 21096, 100
2026/08/05 14:07:50.880, 21096, 100
2026/08/05 14:07:51.881, 21096, 97
2026/08/05 14:07:52.881, 21096, 100
2026/08/05 14:07:53.881, 21096, 100
2026/08/05 14:07:54.882, 21096, 100
2026/08/05 14:07:55.882, 21096, 100
2026/08/05 14:07:56.882, 21096, 100
2026/08/05 14:07:57.883, 21096, 85
2026/08/05 14:07:58.883, 21096, 100
2026/08/05 14:07:59.883, 21096, 100
2026/08/05 14:08:00.884, 21096, 100
2026/08/05 14:08:01.884, 21096, 100
2026/08/05 14:08:02.885, 21096, 100
2026/08/05 14:08:03.885, 21096, 100
2026/08/05 14:08:04.885, 21096, 83
2026/08/05 14:08:05.886, 21096, 85
2026/08/05 14:08:06.886, 21096, 100
2026/08/05 14:08:07.886, 21096, 100
2026/08/05 14:08:08.887, 21096, 100
2026/08/05 14:08:09.887, 21096, 97
2026/08/05 14:08:10.887, 21096, 100
2026/08/05 14:08:11.888, 21096, 90
2026/08/05 14:08:12.888, 21096, 100
2026/08/05 14:08:13.889, 21096, 100
2026/08/05 14:08:14.889, 21096, 84
2026/08/05 14:08:15.889, 21096, 100
2026/08/05 14:08:16.890, 21096, 100
2026/08/05 14:08:17.890, 21096, 100
2026/08/05 14:08:18.891, 21096, 100
2026/08/05 14:08:19.891, 21096, 100
2026/08/05 14:08:20.892, 21096, 100
2026/08/05 14:08:21.892, 21096, 100
2026/08/05 14:08:22.893, 21096, 82
2026/08/05 14:08:23.893, 21096, 100
2026/08/05 14:08:24.893, 21096, 100
2026/08/05 14:08:25.894, 21096, 100
2026/08/05 14:08:26.894, 21096, 100
2026/08/05 14:08:27.894, 21096, 100
2026/08/05 14:08:28.895, 21096, 100
2026/08/05 14:08:29.895, 21096, 85
2026/08/05 14:08:30.896, 21096, 100
2026/08/05 14:08:31.896, 21096, 100
2026/08/05 14:08:32.897, 21096, 100
2026/08/05 14:08:33.897, 21096, 100
2026/08/05 14:08:34.897, 21096, 100
2026/08/05 14:08:35.898, 21096, 100
2026/08/05 14:08:36.898, 21096, 100
2026/08/05 14:08:37.898, 21096, 100
2026/08/05 14:08:38.899, 21096, 85
2026/08/05 14:08:39.899, 21096, 100
2026/08/05 14:08:40.899, 21096, 100
2026/08/05 14:08:41.900, 21096, 100
2026/08/05 14:08:42.900, 21096, 100
2026/08/05 14:08:43.900, 21096, 100
2026/08/05 14:08:44.901, 21096, 100
2026/08/05 14:08:45.901, 21096, 100
2026/08/05 14:08:46.901, 21096, 100
2026/08/05 14:08:47.902, 21096, 100
2026/08/05 14:08:48.902, 21096, 100
2026/08/05 14:08:49.902, 21096, 100
2026/08/05 14:08:50.903, 21096, 100
2026/08/05 14:08:51.903, 21096, 100
2026/08/05 14:08:52.903, 21096, 100
2026/08/05 14:08:53.904, 21096, 100
2026/08/05 14:08:54.904, 21096, 82
2026/08/05 14:08:55.904, 21096, 100
2026/08/05 14:08:56.905, 21096, 100
2026/08/05 14:08:57.905, 21096, 66
2026/08/05 14:08:58.905, 21096, 100
2026/08/05 14:08:59.906, 21096, 100
2026/08/05 14:09:00.906, 21096, 100
2026/08/05 14:09:01.906, 21096, 100
2026/08/05 14:09:02.907, 21096, 100
2026/08/05 14:09:03.907, 21096, 100
2026/08/05 14:09:04.908, 21096, 100
2026/08/05 14:09:05.908, 21096, 100
2026/08/05 14:09:06.908, 21096, 100
2026/08/05 14:09:07.908, 21096, 100
2026/08/05 14:09:08.909, 21096, 100
2026/08/05 14:09:09.909, 21096, 100
2026/08/05 14:09:10.910, 21096, 100
2026/08/05 14:09:11.910, 21096, 100
2026/08/05 14:09:12.910, 21096, 100
2026/08/05 14:09:13.911, 21096, 100
2026/08/05 14:09:14.911, 21096, 100
2026/08/05 14:09:15.912, 21096, 100
2026/08/05 14:09:16.912, 21096, 100
2026/08/05 14:09:17.912, 21096, 100
2026/08/05 14:09:18.913, 21096, 84
2026/08/05 14:09:19.913, 21096, 100
2026/08/05 14:09:20.913, 21096, 100
2026/08/05 14:09:21.914, 21096, 100
2026/08/05 14:09:22.914, 21096, 100
2026/08/05 14:09:23.914, 21096, 100
2026/08/05 14:09:24.915, 21096, 100
2026/08/05 14:09:25.915, 21096, 100
2026/08/05 14:09:26.915, 21096, 100
2026/08/05 14:09:27.916, 21096, 100
2026/08/05 14:09:28.916, 21096, 100
2026/08/05 14:09:29.916, 21096, 100
2026/08/05 14:09:30.917, 21096, 100
2026/08/05 14:09:31.917, 21096, 100
2026/08/05 14:09:32.917, 21096, 100
2026/08/05 14:09:33.918, 21096, 100
2026/08/05 14:09:34.918, 21096, 100
2026/08/05 14:09:35.918, 21096, 100
2026/08/05 14:09:36.919, 21096, 100
2026/08/05 14:09:37.919, 21096, 100
2026/08/05 14:09:38.919, 21096, 100
2026/08/05 14:09:39.920, 21096, 100
2026/08/05 14:09:40.920, 21096, 100
2026/08/05 14:09:41.920, 21096, 100
2026/08/05 14:09:42.921, 21096, 100
2026/08/05 14:09:43.921, 21096, 100
2026/08/05 14:09:44.921, 21096, 100
2026/08/05 14:09:45.922, 21096, 100
2026/08/05 14:09:46.922, 21096, 100
2026/08/05 14:09:47.922, 21096, 100
2026/08/05 14:09:48.923, 21096, 100
2026/08/05 14:09:49.923, 21096, 100
2026/08/05 14:09:50.924, 21096, 100
2026/08/05 14:09:51.924, 21096, 100
2026/08/05 14:09:52.924, 21096, 100
2026/08/05 14:09:53.925, 21096, 100
2026/08/05 14:09:54.925, 21096, 95
2026/08/05 14:09:55.925, 21096, 86
2026/08/05 14:09:56.926, 21096, 100
2026/08/05 14:09:57.926, 21096, 100
2026/08/05 14:09:58.926, 21096, 100
2026/08/05 14:09:59.927, 21096, 100
2026/08/05 14:10:00.927, 21096, 100
2026/08/05 14:10:01.927, 21096, 100
2026/08/05 14:10:02.928, 21096, 100
2026/08/05 14:10:03.928, 21096, 100
2026/08/05 14:10:04.928, 21096, 100
2026/08/05 14:10:05.929, 21096, 63
2026/08/05 14:10:06.929, 21096, 84
2026/08/05 14:10:07.929, 21096, 100
2026/08/05 14:10:08.930, 21096, 100
2026/08/05 14:10:09.930, 21096, 100
2026/08/05 14:10:10.930, 21096, 100
2026/08/05 14:10:11.931, 21096, 100
2026/08/05 14:10:12.931, 21096, 100
2026/08/05 14:10:13.931, 21096, 100
2026/08/05 14:10:14.932, 21096, 100
2026/08/05 14:10:15.932, 21096, 100
2026/08/05 14:10:16.933, 21096, 100
2026/08/05 14:10:17.933, 21096, 100
2026/08/05 14:10:18.933, 21096, 83
2026/08/05 14:10:19.934, 21096, 100
2026/08/05 14:10:20.934, 21096, 84
2026/08/05 14:10:21.934, 21096, 100
2026/08/05 14:10:22.935, 21096, 64
2026/08/05 14:10:23.935, 21096, 100
2026/08/05 14:10:24.935, 21096, 87
2026/08/05 14:10:25.936, 21096, 100
2026/08/05 14:10:26.936, 21096, 84
2026/08/05 14:10:27.937, 21096, 100
2026/08/05 14:10:28.937, 21096, 100
2026/08/05 14:10:29.938, 21096, 100
2026/08/05 14:10:30.938, 21096, 100
2026/08/05 14:10:31.938, 21096, 100
2026/08/05 14:10:32.939, 21096, 81
2026/08/05 14:10:33.939, 21096, 76
2026/08/05 14:10:34.940, 21096, 100
2026/08/05 14:10:35.940, 21096, 100
2026/08/05 14:10:36.940, 21096, 86
2026/08/05 14:10:37.941, 21096, 100
2026/08/05 14:10:38.942, 21096, 100
2026/08/05 14:10:39.942, 21096, 100
2026/08/05 14:10:40.942, 21096, 100
2026/08/05 14:10:41.942, 21096, 75
2026/08/05 14:10:42.943, 21096, 100
2026/08/05 14:10:43.943, 21096, 100
2026/08/05 14:10:44.944, 21096, 100
2026/08/05 14:10:45.944, 21096, 100
2026/08/05 14:10:46.944, 21096, 100
2026/08/05 14:10:47.945, 21096, 100
2026/08/05 14:10:48.945, 21096, 100
2026/08/05 14:10:49.946, 21096, 100
2026/08/05 14:10:50.946, 21096, 100
2026/08/05 14:10:51.946, 21096, 100
2026/08/05 14:10:52.947, 21096, 100
2026/08/05 14:10:53.947, 21096, 100
2026/08/05 14:10:54.948, 21096, 100
2026/08/05 14:10:55.948, 21096, 100
2026/08/05 14:10:56.948, 21096, 100
2026/08/05 14:10:57.949, 21096, 89
2026/08/05 14:10:58.949, 21096, 100
2026/08/05 14:10:59.949, 21096, 100
2026/08/05 14:11:00.950, 21096, 100
2026/08/05 14:11:01.950, 21096, 100
2026/08/05 14:11:02.950, 21096, 100
2026/08/05 14:11:03.951, 21096, 100
2026/08/05 14:11:04.951, 21096, 100
2026/08/05 14:11:05.951, 21096, 100
2026/08/05 14:11:06.952, 21096, 100
2026/08/05 14:11:07.952, 21096, 100
2026/08/05 14:11:08.953, 21096, 100
2026/08/05 14:11:09.953, 21096, 100
2026/08/05 14:11:10.953, 21096, 100
2026/08/05 14:11:11.953, 21096, 100
2026/08/05 14:11:12.954, 21096, 100
2026/08/05 14:11:13.954, 21096, 100
2026/08/05 14:11:14.954, 21096, 100
2026/08/05 14:11:15.955, 21096, 100
2026/08/05 14:11:16.955, 21096, 100
2026/08/05 14:11:17.956, 21096, 100
2026/08/05 14:11:18.957, 21096, 100
2026/08/05 14:11:19.957, 21096, 100
2026/08/05 14:11:20.957, 21096, 100
2026/08/05 14:11:21.958, 21096, 81
2026/08/05 14:11:22.958, 21096, 83
2026/08/05 14:11:23.958, 21096, 100
2026/08/05 14:11:24.959, 21096, 84
2026/08/05 14:11:25.959, 21096, 100
2026/08/05 14:11:26.959, 21096, 100
2026/08/05 14:11:27.959, 21096, 100
2026/08/05 14:11:28.960, 21096, 100
2026/08/05 14:11:29.960, 21096, 100
2026/08/05 14:11:30.960, 21096, 100
2026/08/05 14:11:31.961, 21096, 67
2026/08/05 14:11:32.961, 21096, 100
2026/08/05 14:11:33.961, 21096, 95
2026/08/05 14:11:34.962, 21096, 100
2026/08/05 14:11:35.962, 21096, 100
2026/08/05 14:11:36.962, 21096, 100
2026/08/05 14:11:37.963, 21096, 100
2026/08/05 14:11:38.963, 21096, 100
2026/08/05 14:11:39.963, 21096, 100
2026/08/05 14:11:40.964, 21096, 82
2026/08/05 14:11:41.964, 21096, 100
2026/08/05 14:11:42.964, 21096, 100
2026/08/05 14:11:43.965, 21096, 83
2026/08/05 14:11:44.965, 21096, 100
2026/08/05 14:11:45.966, 21096, 100
2026/08/05 14:11:46.966, 21096, 100
2026/08/05 14:11:47.966, 21096, 100
2026/08/05 14:11:48.967, 21096, 100
2026/08/05 14:11:49.967, 21096, 100
2026/08/05 14:11:50.967, 21096, 100
2026/08/05 14:11:51.968, 21096, 100
2026/08/05 14:11:52.968, 21096, 100
2026/08/05 14:11:53.968, 21096, 100
2026/08/05 14:11:54.969, 21096, 100
2026/08/05 14:11:55.969, 21096, 100
2026/08/05 14:11:56.969, 21096, 100
2026/08/05 14:11:57.970, 21096, 100
2026/08/05 14:11:58.970, 21096, 100
2026/08/05 14:11:59.970, 21096, 100
2026/08/05 14:12:00.971, 21096, 100
2026/08/05 14:12:01.971, 21096, 100
2026/08/05 14:12:02.971, 21096, 85
2026/08/05 14:12:03.972, 21096, 100
2026/08/05 14:12:04.972, 21096, 100
2026/08/05 14:12:05.972, 21096, 100
2026/08/05 14:12:06.973, 21096, 100
2026/08/05 14:12:07.973, 21096, 100
2026/08/05 14:12:08.973, 21096, 100
2026/08/05 14:12:09.974, 21096, 100
2026/08/05 14:12:10.974, 21096, 100
2026/08/05 14:12:11.974, 21096, 100
2026/08/05 14:12:12.975, 21096, 100
2026/08/05 14:12:13.975, 21096, 100
2026/08/05 14:12:14.975, 21096, 100
2026/08/05 14:12:15.976, 21096, 100
2026/08/05 14:12:16.976, 21096, 100
2026/08/05 14:12:17.977, 21096, 100
2026/08/05 14:12:18.977, 21096, 100
2026/08/05 14:12:19.978, 21096, 100
2026/08/05 14:12:20.978, 21096, 100
2026/08/05 14:12:21.978, 21096, 100
2026/08/05 14:12:22.979, 21096, 100
2026/08/05 14:12:23.979, 21096, 85
2026/08/05 14:12:24.979, 21096, 100
2026/08/05 14:12:25.980, 21096, 100
2026/08/05 14:12:26.980, 21096, 100
2026/08/05 14:12:27.980, 21096, 100
2026/08/05 14:12:28.981, 21096, 100
2026/08/05 14:12:29.981, 21096, 100
2026/08/05 14:12:30.981, 21096, 100
2026/08/05 14:12:31.982, 21096, 100
2026/08/05 14:12:32.982, 21096, 100
2026/08/05 14:12:33.982, 21096, 100
2026/08/05 14:12:34.983, 21096, 100
2026/08/05 14:12:35.983, 21096, 100
2026/08/05 14:12:36.983, 21096, 100
2026/08/05 14:12:37.984, 21096, 100
2026/08/05 14:12:38.984, 21096, 100
2026/08/05 14:12:39.984, 21096, 100
2026/08/05 14:12:40.985, 21096, 100
2026/08/05 14:12:41.985, 21096, 63
2026/08/05 14:12:42.985, 21096, 100
2026/08/05 14:12:43.986, 21096, 100
2026/08/05 14:12:44.986, 21096, 100
2026/08/05 14:12:45.986, 21096, 100
2026/08/05 14:12:46.987, 21096, 100
2026/08/05 14:12:47.987, 21096, 100
2026/08/05 14:12:48.987, 21096, 93
2026/08/05 14:12:49.987, 21096, 100
2026/08/05 14:12:50.988, 21096, 83
2026/08/05 14:12:51.988, 21096, 87
2026/08/05 14:12:52.988, 21096, 100
2026/08/05 14:12:53.989, 21096, 100
2026/08/05 14:12:54.989, 21096, 100
2026/08/05 14:12:55.989, 21096, 100
2026/08/05 14:12:56.990, 21096, 100
2026/08/05 14:12:57.990, 21096, 100
2026/08/05 14:12:58.990, 21096, 100
2026/08/05 14:12:59.991, 21096, 100
2026/08/05 14:13:00.991, 21096, 100
2026/08/05 14:13:01.991, 21096, 100
2026/08/05 14:13:02.992, 21096, 100
2026/08/05 14:13:03.992, 21096, 100
2026/08/05 14:13:04.992, 21096, 100
2026/08/05 14:13:05.993, 21096, 100
2026/08/05 14:13:06.993, 21096, 85
2026/08/05 14:13:07.993, 21096, 63
2026/08/05 14:13:08.994, 21096, 100
2026/08/05 14:13:09.994, 21096, 68
2026/08/05 14:13:10.994, 21096, 100
2026/08/05 14:13:11.995, 21096, 100
2026/08/05 14:13:12.995, 21096, 100
2026/08/05 14:13:13.995, 21096, 100
2026/08/05 14:13:14.996, 21096, 100
2026/08/05 14:13:15.996, 21096, 100
2026/08/05 14:13:16.996, 21096, 63
2026/08/05 14:13:17.996, 21096, 91
2026/08/05 14:13:18.997, 21096, 100
2026/08/05 14:13:19.997, 21096, 100
2026/08/05 14:13:20.997, 21096, 64
2026/08/05 14:13:21.998, 21096, 100
2026/08/05 14:13:22.998, 21096, 100
2026/08/05 14:13:23.998, 21096, 100
2026/08/05 14:13:24.999, 21096, 100
2026/08/05 14:13:25.999, 21096, 100
2026/08/05 14:13:26.999, 21096, 85
2026/08/05 14:13:28.000, 21096, 100
2026/08/05 14:13:29.000, 21096, 100
2026/08/05 14:13:30.000, 21096, 100
2026/08/05 14:13:31.001, 21096, 83
2026/08/05 14:13:32.001, 21096, 100
2026/08/05 14:13:33.001, 21096, 100
2026/08/05 14:13:34.002, 21096, 100
2026/08/05 14:13:35.002, 21096, 100
2026/08/05 14:13:36.002, 21096, 91
2026/08/05 14:13:37.003, 21096, 100
2026/08/05 14:13:38.003, 21096, 100
2026/08/05 14:13:39.003, 21096, 100
2026/08/05 14:13:40.004, 21096, 100
2026/08/05 14:13:41.004, 21096, 100
2026/08/05 14:13:42.004, 21096, 100
2026/08/05 14:13:43.005, 21096, 100
2026/08/05 14:13:44.005, 21096, 100
2026/08/05 14:13:45.005, 21096, 100
2026/08/05 14:13:46.006, 21096, 100
2026/08/05 14:13:47.006, 21096, 100
2026/08/05 14:13:48.006, 21096, 100
2026/08/05 14:13:49.006, 21096, 100
2026/08/05 14:13:50.007, 21096, 100
2026/08/05 14:13:51.007, 21096, 100
2026/08/05 14:13:52.007, 21096, 63
2026/08/05 14:13:53.007, 21096, 100
2026/08/05 14:13:54.008, 21096, 100
2026/08/05 14:13:55.008, 21096, 82
2026/08/05 14:13:56.008, 21096, 100
2026/08/05 14:13:57.008, 21096, 100
2026/08/05 14:13:58.009, 21096, 100
2026/08/05 14:13:59.009, 21096, 85
2026/08/05 14:14:00.010, 21096, 100
2026/08/05 14:14:01.010, 21096, 100
2026/08/05 14:14:02.010, 21096, 97
2026/08/05 14:14:03.011, 21096, 100
2026/08/05 14:14:04.011, 21096, 100
2026/08/05 14:14:05.011, 21096, 100
2026/08/05 14:14:06.011, 21096, 100
2026/08/05 14:14:07.012, 21096, 100
2026/08/05 14:14:08.012, 21096, 100
2026/08/05 14:14:09.012, 21096, 85
2026/08/05 14:14:10.012, 21096, 100
2026/08/05 14:14:11.013, 21096, 100
2026/08/05 14:14:12.013, 21096, 78
2026/08/05 14:14:13.013, 21096, 100
2026/08/05 14:14:14.014, 21096, 100
2026/08/05 14:14:15.014, 21096, 84
2026/08/05 14:14:16.014, 21096, 88
2026/08/05 14:14:17.015, 21096, 100
2026/08/05 14:14:18.015, 21096, 100
2026/08/05 14:14:19.015, 21096, 100
2026/08/05 14:14:20.016, 21096, 100
2026/08/05 14:14:21.016, 21096, 100
2026/08/05 14:14:22.016, 21096, 100
2026/08/05 14:14:23.016, 21096, 100
2026/08/05 14:14:24.017, 21096, 83
2026/08/05 14:14:25.017, 21096, 100
2026/08/05 14:14:26.017, 21096, 100
2026/08/05 14:14:27.017, 21096, 100
2026/08/05 14:14:28.018, 21096, 84
2026/08/05 14:14:29.018, 21096, 84
2026/08/05 14:14:30.018, 21096, 100
2026/08/05 14:14:31.019, 21096, 100
2026/08/05 14:14:32.019, 21096, 100
2026/08/05 14:14:33.019, 21096, 100
2026/08/05 14:14:34.019, 21096, 85
2026/08/05 14:14:35.020, 21096, 100
2026/08/05 14:14:36.020, 21096, 100
2026/08/05 14:14:37.020, 21096, 100
2026/08/05 14:14:38.020, 21096, 81
2026/08/05 14:14:39.021, 21096, 100
2026/08/05 14:14:40.021, 21096, 100
2026/08/05 14:14:41.021, 21096, 100
2026/08/05 14:14:42.021, 21096, 86
2026/08/05 14:14:43.022, 21096, 100
2026/08/05 14:14:44.022, 21096, 100
2026/08/05 14:14:45.022, 21096, 100
2026/08/05 14:14:46.023, 21096, 100
2026/08/05 14:14:47.023, 21096, 82
2026/08/05 14:14:48.024, 21096, 100
2026/08/05 14:14:49.024, 21096, 100
2026/08/05 14:14:50.024, 21096, 100
2026/08/05 14:14:51.025, 21096, 100
2026/08/05 14:14:52.025, 21096, 100
2026/08/05 14:14:53.025, 21096, 100
2026/08/05 14:14:54.025, 21096, 100
2026/08/05 14:14:55.026, 21096, 100
2026/08/05 14:14:56.026, 21096, 100
2026/08/05 14:14:57.026, 21096, 100
2026/08/05 14:14:58.027, 21096, 100
2026/08/05 14:14:59.027, 21096, 100
2026/08/05 14:15:00.027, 21096, 100
2026/08/05 14:15:01.027, 21096, 100
2026/08/05 14:15:02.028, 21096, 100
2026/08/05 14:15:03.028, 21096, 85
2026/08/05 14:15:04.028, 21096, 100
2026/08/05 14:15:05.029, 21096, 100
2026/08/05 14:15:06.029, 21096, 100
2026/08/05 14:15:07.029, 21096, 83
2026/08/05 14:15:08.030, 21096, 67
2026/08/05 14:15:09.030, 21096, 94
2026/08/05 14:15:10.030, 21096, 100
2026/08/05 14:15:11.030, 21096, 100
2026/08/05 14:15:12.031, 21096, 100
2026/08/05 14:15:13.031, 21096, 100
2026/08/05 14:15:14.031, 21096, 85
2026/08/05 14:15:15.031, 21096, 100
2026/08/05 14:15:16.032, 21096, 85
2026/08/05 14:15:17.032, 21096, 82
2026/08/05 14:15:18.032, 21096, 100
2026/08/05 14:15:19.032, 21096, 100
2026/08/05 14:15:20.033, 21096, 100
2026/08/05 14:15:21.033, 21096, 100
2026/08/05 14:15:22.033, 21096, 100
2026/08/05 14:15:23.033, 21096, 100
2026/08/05 14:15:24.033, 21096, 100
2026/08/05 14:15:25.034, 21096, 100
2026/08/05 14:15:26.034, 21096, 100
2026/08/05 14:15:27.034, 21096, 100
2026/08/05 14:15:28.034, 21096, 100
2026/08/05 14:15:29.034, 21096, 100
2026/08/05 14:15:30.035, 21096, 100
2026/08/05 14:15:31.035, 21096, 100
2026/08/05 14:15:32.035, 21096, 100
2026/08/05 14:15:33.035, 21096, 100
2026/08/05 14:15:34.036, 21096, 100
2026/08/05 14:15:35.036, 21096, 100
2026/08/05 14:15:36.036, 21096, 100
2026/08/05 14:15:37.036, 21096, 100
2026/08/05 14:15:38.037, 21096, 100
2026/08/05 14:15:39.037, 21096, 100
2026/08/05 14:15:40.037, 21096, 65
2026/08/05 14:15:41.037, 21096, 100
2026/08/05 14:15:42.038, 21096, 68
2026/08/05 14:15:43.038, 21096, 100
2026/08/05 14:15:44.038, 21096, 100
2026/08/05 14:15:45.038, 21096, 100
2026/08/05 14:15:46.038, 21096, 100
2026/08/05 14:15:47.039, 21096, 100
2026/08/05 14:15:48.039, 21096, 100
2026/08/05 14:15:49.040, 21096, 98
2026/08/05 14:15:50.040, 21096, 86
2026/08/05 14:15:51.040, 21096, 84
2026/08/05 14:15:52.041, 21096, 100
2026/08/05 14:15:53.041, 21096, 100
2026/08/05 14:15:54.041, 21096, 85
2026/08/05 14:15:55.041, 21096, 100
2026/08/05 14:15:56.042, 21096, 100
2026/08/05 14:15:57.042, 21096, 100
2026/08/05 14:15:58.042, 21096, 100
2026/08/05 14:15:59.042, 21096, 100
2026/08/05 14:16:00.042, 21096, 100
2026/08/05 14:16:01.043, 21096, 100
2026/08/05 14:16:02.043, 21096, 100
2026/08/05 14:16:03.043, 21096, 100
2026/08/05 14:16:04.043, 21096, 100
2026/08/05 14:16:05.044, 21096, 100
2026/08/05 14:16:06.044, 21096, 100
2026/08/05 14:16:07.044, 21096, 100
2026/08/05 14:16:08.044, 21096, 100
2026/08/05 14:16:09.044, 21096, 100
2026/08/05 14:16:10.045, 21096, 100
2026/08/05 14:16:11.045, 21096, 84
2026/08/05 14:16:12.045, 21096, 100
2026/08/05 14:16:13.045, 21096, 100
2026/08/05 14:16:14.046, 21096, 100
2026/08/05 14:16:15.046, 21096, 100
2026/08/05 14:16:16.046, 21096, 100
2026/08/05 14:16:17.047, 21096, 100
2026/08/05 14:16:18.047, 21096, 100
2026/08/05 14:16:19.047, 21096, 100
2026/08/05 14:16:20.047, 21096, 100
2026/08/05 14:16:21.048, 21096, 100
2026/08/05 14:16:22.048, 21096, 100
2026/08/05 14:16:23.048, 21096, 100
2026/08/05 14:16:24.048, 21096, 100
2026/08/05 14:16:25.049, 21096, 100
2026/08/05 14:16:26.049, 21096, 100
2026/08/05 14:16:27.049, 21096, 93
2026/08/05 14:16:28.049, 21096, 100
2026/08/05 14:16:29.050, 21096, 100
2026/08/05 14:16:30.050, 21096, 100
2026/08/05 14:16:31.050, 21096, 100
2026/08/05 14:16:32.051, 21096, 100
2026/08/05 14:16:33.051, 21096, 100
2026/08/05 14:16:34.051, 21096, 100
2026/08/05 14:16:35.051, 21096, 100
2026/08/05 14:16:36.052, 21096, 85
2026/08/05 14:16:37.052, 21096, 100
2026/08/05 14:16:38.052, 21096, 100
2026/08/05 14:16:39.053, 21096, 100
2026/08/05 14:16:40.053, 21096, 100
2026/08/05 14:16:41.053, 21096, 100
2026/08/05 14:16:42.053, 21096, 100
2026/08/05 14:16:43.054, 21096, 64
2026/08/05 14:16:44.054, 21096, 100
2026/08/05 14:16:45.054, 21096, 61
2026/08/05 14:16:46.054, 21096, 100
2026/08/05 14:16:47.055, 21096, 67
2026/08/05 14:16:48.055, 21096, 85
2026/08/05 14:16:49.055, 21096, 100
2026/08/05 14:16:50.056, 21096, 100
2026/08/05 14:16:51.056, 21096, 100
2026/08/05 14:16:52.056, 21096, 100
2026/08/05 14:16:53.057, 21096, 100
2026/08/05 14:16:54.057, 21096, 100
2026/08/05 14:16:55.057, 21096, 100
2026/08/05 14:16:56.057, 21096, 100
2026/08/05 14:16:57.058, 21096, 100
2026/08/05 14:16:58.058, 21096, 100
2026/08/05 14:16:59.058, 21096, 94
2026/08/05 14:17:00.058, 21096, 67
2026/08/05 14:17:01.059, 21096, 85
2026/08/05 14:17:02.059, 21096, 100
2026/08/05 14:17:03.059, 21096, 100
2026/08/05 14:17:04.059, 21096, 85
2026/08/05 14:17:05.060, 21096, 100
2026/08/05 14:17:06.060, 21096, 100
2026/08/05 14:17:07.060, 21096, 69
2026/08/05 14:17:08.061, 21096, 100
2026/08/05 14:17:09.061, 21096, 100
2026/08/05 14:17:10.061, 21096, 85
2026/08/05 14:17:11.062, 21096, 100
2026/08/05 14:17:12.062, 21096, 100
2026/08/05 14:17:13.062, 21096, 100
2026/08/05 14:17:14.062, 21096, 100
2026/08/05 14:17:15.063, 21096, 100
2026/08/05 14:17:16.063, 21096, 100
2026/08/05 14:17:17.063, 21096, 100
2026/08/05 14:17:18.064, 21096, 100
2026/08/05 14:17:19.064, 21096, 100
2026/08/05 14:17:20.064, 21096, 100
2026/08/05 14:17:21.065, 21096, 100
2026/08/05 14:17:22.065, 21096, 100
2026/08/05 14:17:23.065, 21096, 100
2026/08/05 14:17:24.065, 21096, 100
2026/08/05 14:17:25.065, 21096, 100
2026/08/05 14:17:26.066, 21096, 100
2026/08/05 14:17:27.066, 21096, 100
2026/08/05 14:17:28.066, 21096, 100
2026/08/05 14:17:29.066, 21096, 100
2026/08/05 14:17:30.066, 21096, 100
2026/08/05 14:17:31.067, 21096, 100
2026/08/05 14:17:32.067, 21096, 100
2026/08/05 14:17:33.067, 21096, 100
2026/08/05 14:17:34.067, 21096, 100
2026/08/05 14:17:35.067, 21096, 100
2026/08/05 14:17:36.068, 21096, 100
2026/08/05 14:17:37.068, 21096, 100
2026/08/05 14:17:38.068, 21096, 100
2026/08/05 14:17:39.068, 21096, 100
2026/08/05 14:17:40.068, 21096, 100
2026/08/05 14:17:41.069, 21096, 100
2026/08/05 14:17:42.069, 21096, 100
2026/08/05 14:17:43.069, 21096, 100
2026/08/05 14:17:44.069, 21096, 100
2026/08/05 14:17:45.069, 21096, 100
2026/08/05 14:17:46.070, 21096, 100
2026/08/05 14:17:47.070, 21096, 100
2026/08/05 14:17:48.070, 21096, 100
2026/08/05 14:17:49.070, 21096, 100
2026/08/05 14:17:50.071, 21096, 100
2026/08/05 14:17:51.071, 21096, 100
2026/08/05 14:17:52.071, 21096, 100
2026/08/05 14:17:53.071, 21096, 100
2026/08/05 14:17:54.071, 21096, 100
2026/08/05 14:17:55.072, 21096, 100
2026/08/05 14:17:56.072, 21096, 100
2026/08/05 14:17:57.072, 21096, 67
2026/08/05 14:17:58.072, 21096, 100
2026/08/05 14:17:59.073, 21096, 100
2026/08/05 14:18:00.073, 21096, 100
2026/08/05 14:18:01.073, 21096, 100
2026/08/05 14:18:02.074, 21096, 85
2026/08/05 14:18:03.074, 21096, 100
2026/08/05 14:18:04.074, 21096, 66
2026/08/05 14:18:05.074, 21096, 100
2026/08/05 14:18:06.074, 21096, 100
2026/08/05 14:18:07.075, 21096, 100
2026/08/05 14:18:08.075, 21096, 100
2026/08/05 14:18:09.075, 21096, 87
2026/08/05 14:18:10.075, 21096, 100
2026/08/05 14:18:11.076, 21096, 100
2026/08/05 14:18:12.076, 21096, 100
2026/08/05 14:18:13.076, 21096, 100
2026/08/05 14:18:14.076, 21096, 75
2026/08/05 14:18:15.077, 21096, 88
2026/08/05 14:18:16.077, 21096, 79
2026/08/05 14:18:17.077, 21096, 100
2026/08/05 14:18:18.077, 21096, 65
2026/08/05 14:18:19.077, 21096, 100
2026/08/05 14:18:20.078, 21096, 100
2026/08/05 14:18:21.078, 21096, 100
2026/08/05 14:18:22.078, 21096, 100
2026/08/05 14:18:23.079, 21096, 100
2026/08/05 14:18:24.079, 21096, 100
2026/08/05 14:18:25.079, 21096, 100
2026/08/05 14:18:26.079, 21096, 100
2026/08/05 14:18:27.079, 21096, 100
2026/08/05 14:18:28.080, 21096, 100
2026/08/05 14:18:29.080, 21096, 89
2026/08/05 14:18:30.080, 21096, 99
2026/08/05 14:18:31.081, 21096, 100
2026/08/05 14:18:32.081, 21096, 100
2026/08/05 14:18:33.081, 21096, 100
2026/08/05 14:18:34.081, 21096, 100
2026/08/05 14:18:35.082, 21096, 100
2026/08/05 14:18:36.082, 21096, 100
2026/08/05 14:18:37.082, 21096, 100
2026/08/05 14:18:38.082, 21096, 100
2026/08/05 14:18:39.083, 21096, 100
2026/08/05 14:18:40.083, 21096, 66
2026/08/05 14:18:41.083, 21096, 100
2026/08/05 14:18:42.083, 21096, 100
2026/08/05 14:18:43.083, 21096, 100
2026/08/05 14:18:44.084, 21096, 100
2026/08/05 14:18:45.084, 21096, 100
2026/08/05 14:18:46.084, 21096, 85
2026/08/05 14:18:47.085, 21096, 100
2026/08/05 14:18:48.085, 21096, 100
2026/08/05 14:18:49.085, 21096, 100
2026/08/05 14:18:50.085, 21096, 100
2026/08/05 14:18:51.086, 21096, 85
2026/08/05 14:18:52.086, 21096, 100
2026/08/05 14:18:53.086, 21096, 100
2026/08/05 14:18:54.086, 21096, 85
2026/08/05 14:18:55.087, 21096, 100
2026/08/05 14:18:56.087, 21096, 100
2026/08/05 14:18:57.087, 21096, 100
2026/08/05 14:18:58.088, 21096, 100
2026/08/05 14:18:59.088, 21096, 100
2026/08/05 14:19:00.088, 21096, 84
2026/08/05 14:19:01.088, 21096, 85
2026/08/05 14:19:02.089, 21096, 100
2026/08/05 14:19:03.089, 21096, 100
2026/08/05 14:19:04.090, 21096, 100
2026/08/05 14:19:05.090, 21096, 100
2026/08/05 14:19:06.090, 21096, 100
2026/08/05 14:19:07.091, 21096, 100
2026/08/05 14:19:08.091, 21096, 100
2026/08/05 14:19:09.091, 21096, 100
2026/08/05 14:19:10.091, 21096, 100
2026/08/05 14:19:11.092, 21096, 100
2026/08/05 14:19:12.092, 21096, 100
2026/08/05 14:19:13.093, 21096, 84
2026/08/05 14:19:14.093, 21096, 95
2026/08/05 14:19:15.093, 21096, 100
2026/08/05 14:19:16.094, 21096, 100
2026/08/05 14:19:17.094, 21096, 100
2026/08/05 14:19:18.094, 21096, 100
2026/08/05 14:19:19.094, 21096, 100
2026/08/05 14:19:20.095, 21096, 100
2026/08/05 14:19:21.095, 21096, 100
2026/08/05 14:19:22.095, 21096, 100
2026/08/05 14:19:23.096, 21096, 100
2026/08/05 14:19:24.096, 21096, 100
2026/08/05 14:19:25.096, 21096, 100
2026/08/05 14:19:26.096, 21096, 100
2026/08/05 14:19:27.097, 21096, 85
2026/08/05 14:19:28.097, 21096, 100
2026/08/05 14:19:29.097, 21096, 100
2026/08/05 14:19:30.097, 21096, 100
2026/08/05 14:19:31.098, 21096, 88
2026/08/05 14:19:32.098, 21096, 85
2026/08/05 14:19:33.098, 21096, 100
2026/08/05 14:19:34.099, 21096, 100
2026/08/05 14:19:35.099, 21096, 100
2026/08/05 14:19:36.099, 21096, 85
2026/08/05 14:19:37.099, 21096, 100
2026/08/05 14:19:38.100, 21096, 100
2026/08/05 14:19:39.100, 21096, 100
2026/08/05 14:19:40.100, 21096, 100
2026/08/05 14:19:41.100, 21096, 100
2026/08/05 14:19:42.101, 21096, 100
2026/08/05 14:19:43.101, 21096, 100
2026/08/05 14:19:44.101, 21096, 100
2026/08/05 14:19:45.101, 21096, 100
2026/08/05 14:19:46.102, 21096, 100
2026/08/05 14:19:47.102, 21096, 100
2026/08/05 14:19:48.102, 21096, 100
2026/08/05 14:19:49.102, 21096, 100
2026/08/05 14:19:50.102, 21096, 94
2026/08/05 14:19:51.103, 21096, 100
2026/08/05 14:19:52.103, 21096, 100
2026/08/05 14:19:53.103, 21096, 100
2026/08/05 14:19:54.103, 21096, 100
2026/08/05 14:19:55.104, 21096, 100
2026/08/05 14:19:56.104, 21096, 100
2026/08/05 14:19:57.104, 21096, 100
2026/08/05 14:19:58.105, 21096, 100
2026/08/05 14:19:59.105, 21096, 100
2026/08/05 14:20:00.105, 21096, 100
2026/08/05 14:20:01.106, 21096, 100
2026/08/05 14:20:02.106, 21096, 100
2026/08/05 14:20:03.106, 21096, 100
2026/08/05 14:20:04.106, 21096, 100
2026/08/05 14:20:05.106, 21096, 100
2026/08/05 14:20:06.107, 21096, 100
2026/08/05 14:20:07.107, 21096, 100
2026/08/05 14:20:08.107, 21096, 100
2026/08/05 14:20:09.107, 21096, 100
2026/08/05 14:20:10.107, 21096, 100
2026/08/05 14:20:11.108, 21096, 100
2026/08/05 14:20:12.108, 21096, 100
2026/08/05 14:20:13.108, 21096, 100
2026/08/05 14:20:14.108, 21096, 100
2026/08/05 14:20:15.108, 21096, 100
2026/08/05 14:20:16.109, 21096, 98
2026/08/05 14:20:17.109, 21096, 100
2026/08/05 14:20:18.109, 21096, 100
2026/08/05 14:20:19.109, 21096, 100
2026/08/05 14:20:20.110, 21096, 100
2026/08/05 14:20:21.110, 21096, 100
2026/08/05 14:20:22.110, 21096, 100
2026/08/05 14:20:23.110, 21096, 100
2026/08/05 14:20:24.110, 21096, 100
2026/08/05 14:20:25.111, 21096, 100
2026/08/05 14:20:26.111, 21096, 100
2026/08/05 14:20:27.111, 21096, 100
2026/08/05 14:20:28.111, 21096, 69
2026/08/05 14:20:29.111, 21096, 100
2026/08/05 14:20:30.112, 21096, 100
2026/08/05 14:20:31.112, 21096, 100
2026/08/05 14:20:32.112, 21096, 100
2026/08/05 14:20:33.112, 21096, 100
2026/08/05 14:20:34.112, 21096, 100
2026/08/05 14:20:35.113, 21096, 100
2026/08/05 14:20:36.113, 21096, 100
2026/08/05 14:20:37.113, 21096, 100
2026/08/05 14:20:38.113, 21096, 100
2026/08/05 14:20:39.114, 21096, 100
2026/08/05 14:20:40.114, 21096, 100
2026/08/05 14:20:41.114, 21096, 86
2026/08/05 14:20:42.114, 21096, 86
2026/08/05 14:20:43.114, 21096, 100
2026/08/05 14:20:44.115, 21096, 100
2026/08/05 14:20:45.115, 21096, 100
2026/08/05 14:20:46.115, 21096, 87
2026/08/05 14:20:47.116, 21096, 100
2026/08/05 14:20:48.116, 21096, 100
2026/08/05 14:20:49.116, 21096, 100
2026/08/05 14:20:50.116, 21096, 100
2026/08/05 14:20:51.116, 21096, 100
2026/08/05 14:20:52.117, 21096, 100
2026/08/05 14:20:53.117, 21096, 100
2026/08/05 14:20:54.117, 21096, 100
2026/08/05 14:20:55.118, 21096, 100
2026/08/05 14:20:56.118, 21096, 100
2026/08/05 14:20:57.118, 21096, 86
2026/08/05 14:20:58.119, 21096, 100
2026/08/05 14:20:59.119, 21096, 100
2026/08/05 14:21:00.120, 21096, 79
2026/08/05 14:21:01.120, 21096, 100
2026/08/05 14:21:02.120, 21096, 100
2026/08/05 14:21:03.121, 21096, 100
2026/08/05 14:21:04.121, 21096, 100
2026/08/05 14:21:05.121, 21096, 100
2026/08/05 14:21:06.122, 21096, 99
2026/08/05 14:21:07.122, 21096, 86
2026/08/05 14:21:08.122, 21096, 100
2026/08/05 14:21:09.122, 21096, 87
2026/08/05 14:21:10.123, 21096, 100
2026/08/05 14:21:11.123, 21096, 100
2026/08/05 14:21:12.123, 21096, 100
2026/08/05 14:21:13.124, 21096, 100
2026/08/05 14:21:14.124, 21096, 100
2026/08/05 14:21:15.125, 21096, 85
2026/08/05 14:21:16.125, 21096, 100
2026/08/05 14:21:17.125, 21096, 72
2026/08/05 14:21:18.126, 21096, 100
2026/08/05 14:21:19.126, 21096, 100
2026/08/05 14:21:20.126, 21096, 100
2026/08/05 14:21:21.127, 21096, 96
2026/08/05 14:21:22.127, 21096, 100
2026/08/05 14:21:23.127, 21096, 100
2026/08/05 14:21:24.128, 21096, 100
2026/08/05 14:21:25.128, 21096, 100
2026/08/05 14:21:26.129, 21096, 64
2026/08/05 14:21:27.129, 21096, 85
2026/08/05 14:21:28.130, 21096, 100
2026/08/05 14:21:29.130, 21096, 100
2026/08/05 14:21:30.130, 21096, 100
2026/08/05 14:21:31.131, 21096, 100
2026/08/05 14:21:32.131, 21096, 100
2026/08/05 14:21:33.131, 21096, 100
2026/08/05 14:21:34.132, 21096, 100
2026/08/05 14:21:35.132, 21096, 100
2026/08/05 14:21:36.132, 21096, 100
2026/08/05 14:21:37.133, 21096, 100
2026/08/05 14:21:38.133, 21096, 100
2026/08/05 14:21:39.134, 21096, 100
2026/08/05 14:21:40.134, 21096, 100
2026/08/05 14:21:41.134, 21096, 100
2026/08/05 14:21:42.135, 21096, 100
2026/08/05 14:21:43.135, 21096, 87
2026/08/05 14:21:44.135, 21096, 100
2026/08/05 14:21:45.136, 21096, 100
2026/08/05 14:21:46.136, 21096, 100
2026/08/05 14:21:47.136, 21096, 100
2026/08/05 14:21:48.136, 21096, 100
2026/08/05 14:21:49.137, 21096, 100
2026/08/05 14:21:50.137, 21096, 100
2026/08/05 14:21:51.138, 21096, 100
2026/08/05 14:21:52.138, 21096, 100
2026/08/05 14:21:53.138, 21096, 100
2026/08/05 14:21:54.139, 21096, 100
2026/08/05 14:21:55.139, 21096, 100
2026/08/05 14:21:56.139, 21096, 100
2026/08/05 14:21:57.140, 21096, 100
2026/08/05 14:21:58.140, 21096, 100
2026/08/05 14:21:59.140, 21096, 100
2026/08/05 14:22:00.141, 21096, 100
2026/08/05 14:22:01.141, 21096, 100
2026/08/05 14:22:02.142, 21096, 100
2026/08/05 14:22:03.142, 21096, 100
2026/08/05 14:22:04.142, 21096, 100
2026/08/05 14:22:05.143, 21096, 100
2026/08/05 14:22:06.144, 21096, 100
2026/08/05 14:22:07.144, 21096, 100
2026/08/05 14:22:08.144, 21096, 100
2026/08/05 14:22:09.145, 21096, 94
2026/08/05 14:22:10.145, 21096, 100
2026/08/05 14:22:11.145, 21096, 100
2026/08/05 14:22:12.146, 21096, 100
2026/08/05 14:22:13.146, 21096, 86
2026/08/05 14:22:14.146, 21096, 100
2026/08/05 14:22:15.146, 21096, 100
2026/08/05 14:22:16.147, 21096, 100
2026/08/05 14:22:17.147, 21096, 84
2026/08/05 14:22:18.147, 21096, 100
2026/08/05 14:22:19.148, 21096, 100
2026/08/05 14:22:20.149, 21096, 100
2026/08/05 14:22:21.150, 21096, 100
2026/08/05 14:22:22.150, 21096, 100
2026/08/05 14:22:23.151, 21096, 100
2026/08/05 14:22:24.151, 21096, 100
2026/08/05 14:22:25.153, 21096, 100
2026/08/05 14:22:26.154, 21096, 67
2026/08/05 14:22:27.154, 21096, 100
2026/08/05 14:22:28.154, 21096, 100
2026/08/05 14:22:29.155, 21096, 100
2026/08/05 14:22:30.155, 21096, 100
2026/08/05 14:22:31.155, 21096, 100
2026/08/05 14:22:32.156, 21096, 100
2026/08/05 14:22:33.156, 21096, 100
2026/08/05 14:22:34.156, 21096, 100
2026/08/05 14:22:35.157, 21096, 86
2026/08/05 14:22:36.157, 21096, 86
2026/08/05 14:22:37.157, 21096, 100
2026/08/05 14:22:38.158, 21096, 85
2026/08/05 14:22:39.158, 21096, 100
2026/08/05 14:22:40.158, 21096, 100
2026/08/05 14:22:41.159, 21096, 100
2026/08/05 14:22:42.159, 21096, 100
2026/08/05 14:22:43.159, 21096, 100
2026/08/05 14:22:44.160, 21096, 100
2026/08/05 14:22:45.160, 21096, 100
2026/08/05 14:22:46.160, 21096, 100
2026/08/05 14:22:47.161, 21096, 100
2026/08/05 14:22:48.161, 21096, 100
2026/08/05 14:22:49.161, 21096, 100
2026/08/05 14:22:50.162, 21096, 100
2026/08/05 14:22:51.162, 21096, 100
2026/08/05 14:22:52.162, 21096, 92
2026/08/05 14:22:53.163, 21096, 100
2026/08/05 14:22:54.163, 21096, 100
2026/08/05 14:22:55.163, 21096, 85
2026/08/05 14:22:56.164, 21096, 94
2026/08/05 14:22:57.164, 21096, 100
2026/08/05 14:22:58.164, 21096, 100
2026/08/05 14:22:59.165, 21096, 100
2026/08/05 14:23:00.165, 21096, 84
2026/08/05 14:23:01.165, 21096, 100
2026/08/05 14:23:02.166, 21096, 100
2026/08/05 14:23:03.166, 21096, 100
2026/08/05 14:23:04.166, 21096, 100
2026/08/05 14:23:05.167, 21096, 85
2026/08/05 14:23:06.167, 21096, 90
2026/08/05 14:23:07.167, 21096, 100
2026/08/05 14:23:08.168, 21096, 100
2026/08/05 14:23:09.168, 21096, 100
2026/08/05 14:23:10.171, 21096, 100
2026/08/05 14:23:11.171, 21096, 100
2026/08/05 14:23:12.172, 21096, 100
2026/08/05 14:23:13.172, 21096, 100
2026/08/05 14:23:14.172, 21096, 84
2026/08/05 14:23:15.173, 21096, 100
2026/08/05 14:23:16.174, 21096, 100
2026/08/05 14:23:17.174, 21096, 100
2026/08/05 14:23:18.174, 21096, 100
2026/08/05 14:23:19.175, 21096, 100
2026/08/05 14:23:20.175, 21096, 85
2026/08/05 14:23:21.175, 21096, 100
2026/08/05 14:23:22.176, 21096, 100
2026/08/05 14:23:23.176, 21096, 100
2026/08/05 14:23:24.176, 21096, 100
2026/08/05 14:23:25.177, 21096, 65
2026/08/05 14:23:26.177, 21096, 100
2026/08/05 14:23:27.178, 21096, 100
2026/08/05 14:23:28.178, 21096, 100
2026/08/05 14:23:29.178, 21096, 100
2026/08/05 14:23:30.179, 21096, 100
2026/08/05 14:23:31.179, 21096, 100
2026/08/05 14:23:32.179, 21096, 85
2026/08/05 14:23:33.180, 21096, 100
2026/08/05 14:23:34.180, 21096, 100
2026/08/05 14:23:35.180, 21096, 100
2026/08/05 14:23:36.181, 21096, 100
2026/08/05 14:23:37.181, 21096, 100
2026/08/05 14:23:38.181, 21096, 84
2026/08/05 14:23:39.182, 21096, 100
2026/08/05 14:23:40.182, 21096, 100
2026/08/05 14:23:41.182, 21096, 100
2026/08/05 14:23:42.183, 21096, 100
2026/08/05 14:23:43.183, 21096, 100
2026/08/05 14:23:44.183, 21096, 100
2026/08/05 14:23:45.184, 21096, 99
2026/08/05 14:23:46.184, 21096, 100
2026/08/05 14:23:47.184, 21096, 100
2026/08/05 14:23:48.185, 21096, 100
2026/08/05 14:23:49.185, 21096, 100
2026/08/05 14:23:50.185, 21096, 100
2026/08/05 14:23:51.186, 21096, 100
2026/08/05 14:23:52.186, 21096, 86
2026/08/05 14:23:53.187, 21096, 100
2026/08/05 14:23:54.187, 21096, 100
2026/08/05 14:23:55.187, 21096, 100
2026/08/05 14:23:56.188, 21096, 100
2026/08/05 14:23:57.188, 21096, 100
2026/08/05 14:23:58.188, 21096, 100
2026/08/05 14:23:59.189, 21096, 100
2026/08/05 14:24:00.189, 21096, 100
2026/08/05 14:24:01.190, 21096, 100
2026/08/05 14:24:02.190, 21096, 100
2026/08/05 14:24:03.190, 21096, 100
2026/08/05 14:24:04.191, 21096, 100
2026/08/05 14:24:05.191, 21096, 100
2026/08/05 14:24:06.191, 21096, 100
2026/08/05 14:24:07.192, 21096, 87
2026/08/05 14:24:08.192, 21096, 100
2026/08/05 14:24:09.192, 21096, 100
2026/08/05 14:24:10.193, 21096, 100
2026/08/05 14:24:11.193, 21096, 100
2026/08/05 14:24:12.193, 21096, 86
2026/08/05 14:24:13.194, 21096, 100
2026/08/05 14:24:14.194, 21096, 100
2026/08/05 14:24:15.196, 21096, 100
2026/08/05 14:24:16.196, 21096, 100
2026/08/05 14:24:17.196, 21096, 100
2026/08/05 14:24:18.197, 21096, 100
2026/08/05 14:24:19.197, 21096, 100
2026/08/05 14:24:20.197, 21096, 100
2026/08/05 14:24:21.198, 21096, 100
2026/08/05 14:24:22.198, 21096, 100
2026/08/05 14:24:23.198, 21096, 100
2026/08/05 14:24:24.198, 21096, 100
2026/08/05 14:24:25.199, 21096, 85
2026/08/05 14:24:26.200, 21096, 100
2026/08/05 14:24:27.200, 21096, 100
2026/08/05 14:24:28.200, 21096, 63
2026/08/05 14:24:29.200, 21096, 100
2026/08/05 14:24:30.201, 21096, 100
2026/08/05 14:24:31.201, 21096, 83
2026/08/05 14:24:32.201, 21096, 84
2026/08/05 14:24:33.202, 21096, 85
2026/08/05 14:24:34.202, 21096, 98
2026/08/05 14:24:35.202, 21096, 100
2026/08/05 14:24:36.202, 21096, 100
2026/08/05 14:24:37.203, 21096, 100
2026/08/05 14:24:38.203, 21096, 100
2026/08/05 14:24:39.204, 21096, 100
2026/08/05 14:24:40.204, 21096, 100
2026/08/05 14:24:41.204, 21096, 100
2026/08/05 14:24:42.204, 21096, 100
2026/08/05 14:24:43.205, 21096, 100
2026/08/05 14:24:44.205, 21096, 100
2026/08/05 14:24:45.205, 21096, 100
2026/08/05 14:24:46.205, 21096, 100
2026/08/05 14:24:47.206, 21096, 100
2026/08/05 14:24:48.206, 21096, 100
2026/08/05 14:24:49.206, 21096, 100
2026/08/05 14:24:50.206, 21096, 100
2026/08/05 14:24:51.207, 21096, 63
2026/08/05 14:24:52.207, 21096, 100
2026/08/05 14:24:53.207, 21096, 100
2026/08/05 14:24:54.208, 21096, 100
2026/08/05 14:24:55.208, 21096, 100
2026/08/05 14:24:56.208, 21096, 100
2026/08/05 14:24:57.208, 21096, 82
2026/08/05 14:24:58.209, 21096, 100
2026/08/05 14:24:59.209, 21096, 100
2026/08/05 14:25:00.209, 21096, 100
2026/08/05 14:25:01.210, 21096, 100
2026/08/05 14:25:02.210, 21096, 100
2026/08/05 14:25:03.210, 21096, 100
2026/08/05 14:25:04.213, 21096, 100
2026/08/05 14:25:05.213, 21096, 100
2026/08/05 14:25:06.213, 21096, 100
2026/08/05 14:25:07.213, 21096, 93
2026/08/05 14:25:08.213, 21096, 100
2026/08/05 14:25:09.214, 21096, 100
2026/08/05 14:25:10.215, 21096, 100
2026/08/05 14:25:11.215, 21096, 63
2026/08/05 14:25:12.215, 21096, 100
2026/08/05 14:25:13.216, 21096, 100
2026/08/05 14:25:14.216, 21096, 100
2026/08/05 14:25:15.216, 21096, 100
2026/08/05 14:25:16.216, 21096, 100
2026/08/05 14:25:17.217, 21096, 100
2026/08/05 14:25:18.217, 21096, 100
2026/08/05 14:25:19.217, 21096, 63
2026/08/05 14:25:20.217, 21096, 85
2026/08/05 14:25:21.217, 21096, 100
2026/08/05 14:25:22.218, 21096, 100
2026/08/05 14:25:23.218, 21096, 100
2026/08/05 14:25:24.218, 21096, 100
2026/08/05 14:25:25.218, 21096, 83
2026/08/05 14:25:26.218, 21096, 84
2026/08/05 14:25:27.219, 21096, 100
2026/08/05 14:25:28.219, 21096, 100
2026/08/05 14:25:29.219, 21096, 100
2026/08/05 14:25:30.219, 21096, 100
2026/08/05 14:25:31.219, 21096, 100
2026/08/05 14:25:32.220, 21096, 100
2026/08/05 14:25:33.220, 21096, 100
2026/08/05 14:25:34.220, 21096, 100
2026/08/05 14:25:35.220, 21096, 86
2026/08/05 14:25:36.221, 21096, 100
2026/08/05 14:25:37.221, 21096, 100
2026/08/05 14:25:38.221, 21096, 100
2026/08/05 14:25:39.221, 21096, 100
2026/08/05 14:25:40.221, 21096, 100
2026/08/05 14:25:41.222, 21096, 100
2026/08/05 14:25:42.222, 21096, 100
2026/08/05 14:25:43.222, 21096, 100
2026/08/05 14:25:44.223, 21096, 100
2026/08/05 14:25:45.223, 21096, 100
2026/08/05 14:25:46.224, 21096, 92
2026/08/05 14:25:47.224, 21096, 100
2026/08/05 14:25:48.224, 21096, 100
2026/08/05 14:25:49.224, 21096, 100
2026/08/05 14:25:50.225, 21096, 100
2026/08/05 14:25:51.225, 21096, 100
2026/08/05 14:25:52.225, 21096, 100
2026/08/05 14:25:53.225, 21096, 100
2026/08/05 14:25:54.226, 21096, 100
2026/08/05 14:25:55.226, 21096, 100
2026/08/05 14:25:56.226, 21096, 100
2026/08/05 14:25:57.226, 21096, 100
2026/08/05 14:25:58.226, 21096, 100
2026/08/05 14:25:59.227, 21096, 100
2026/08/05 14:26:00.227, 21096, 100
2026/08/05 14:26:01.227, 21096, 100
2026/08/05 14:26:02.227, 21096, 100
2026/08/05 14:26:03.228, 21096, 100
2026/08/05 14:26:04.228, 21096, 100
2026/08/05 14:26:05.228, 21096, 100
2026/08/05 14:26:06.228, 21096, 100
2026/08/05 14:26:07.228, 21096, 100
2026/08/05 14:26:08.229, 21096, 100
2026/08/05 14:26:09.229, 21096, 100
2026/08/05 14:26:10.229, 21096, 100
2026/08/05 14:26:11.229, 21096, 90
2026/08/05 14:26:12.230, 21096, 100
2026/08/05 14:26:13.230, 21096, 100
2026/08/05 14:26:14.230, 21096, 100
2026/08/05 14:26:15.230, 21096, 100
2026/08/05 14:26:16.231, 21096, 67
2026/08/05 14:26:17.231, 21096, 100
2026/08/05 14:26:18.231, 21096, 100
2026/08/05 14:26:19.231, 21096, 100
2026/08/05 14:26:20.232, 21096, 100
2026/08/05 14:26:21.232, 21096, 100
2026/08/05 14:26:22.232, 21096, 100
2026/08/05 14:26:23.232, 21096, 100
2026/08/05 14:26:24.234, 21096, 100
2026/08/05 14:26:25.234, 21096, 100
2026/08/05 14:26:26.234, 21096, 100
2026/08/05 14:26:27.235, 21096, 100
2026/08/05 14:26:28.235, 21096, 100
2026/08/05 14:26:29.235, 21096, 100
2026/08/05 14:26:30.235, 21096, 100
2026/08/05 14:26:31.235, 21096, 100
2026/08/05 14:26:32.236, 21096, 100
2026/08/05 14:26:33.236, 21096, 100
2026/08/05 14:26:34.237, 21096, 79
2026/08/05 14:26:35.237, 21096, 94
2026/08/05 14:26:36.237, 21096, 93
2026/08/05 14:26:37.238, 21096, 83
2026/08/05 14:26:38.238, 21096, 83
2026/08/05 14:26:39.238, 21096, 100
2026/08/05 14:26:40.238, 21096, 100
2026/08/05 14:26:41.238, 21096, 100
2026/08/05 14:26:42.239, 21096, 100
2026/08/05 14:26:43.239, 21096, 100
2026/08/05 14:26:44.240, 21096, 100
2026/08/05 14:26:45.240, 21096, 100
2026/08/05 14:26:46.240, 21096, 96
2026/08/05 14:26:47.241, 21096, 82
2026/08/05 14:26:48.241, 21096, 100
2026/08/05 14:26:49.241, 21096, 100
2026/08/05 14:26:50.242, 21096, 100
2026/08/05 14:26:51.242, 21096, 100
2026/08/05 14:26:52.242, 21096, 100
2026/08/05 14:26:53.242, 21096, 99
2026/08/05 14:26:54.243, 21096, 100
2026/08/05 14:26:55.243, 21096, 83
2026/08/05 14:26:56.243, 21096, 84
2026/08/05 14:26:57.244, 21096, 87
2026/08/05 14:26:58.244, 21096, 83
2026/08/05 14:26:59.244, 21096, 100
2026/08/05 14:27:00.244, 21096, 63
2026/08/05 14:27:01.245, 21096, 100
2026/08/05 14:27:02.245, 21096, 100
2026/08/05 14:27:03.245, 21096, 100
2026/08/05 14:27:04.246, 21096, 100
2026/08/05 14:27:05.246, 21096, 100
2026/08/05 14:27:06.246, 21096, 100
2026/08/05 14:27:07.246, 21096, 100
2026/08/05 14:27:08.247, 21096, 100
2026/08/05 14:27:09.247, 21096, 100
2026/08/05 14:27:10.247, 21096, 100
2026/08/05 14:27:11.247, 21096, 84
2026/08/05 14:27:12.248, 21096, 100
2026/08/05 14:27:13.248, 21096, 100
2026/08/05 14:27:14.248, 21096, 100
2026/08/05 14:27:15.248, 21096, 100
2026/08/05 14:27:16.248, 21096, 100
2026/08/05 14:27:17.249, 21096, 100
2026/08/05 14:27:18.249, 21096, 100
2026/08/05 14:27:19.250, 21096, 100
2026/08/05 14:27:20.250, 21096, 86
2026/08/05 14:27:21.250, 21096, 100
2026/08/05 14:27:22.251, 21096, 100
2026/08/05 14:27:23.251, 21096, 100
2026/08/05 14:27:24.252, 21096, 100
2026/08/05 14:27:25.252, 21096, 100
2026/08/05 14:27:26.253, 21096, 100
2026/08/05 14:27:27.253, 21096, 100
2026/08/05 14:27:28.253, 21096, 84
2026/08/05 14:27:29.253, 21096, 94
2026/08/05 14:27:30.254, 21096, 100
2026/08/05 14:27:31.254, 21096, 100
2026/08/05 14:27:32.254, 21096, 100
2026/08/05 14:27:33.254, 21096, 100
2026/08/05 14:27:34.255, 21096, 67
2026/08/05 14:27:35.255, 21096, 100
2026/08/05 14:27:36.255, 21096, 100
2026/08/05 14:27:37.255, 21096, 100
2026/08/05 14:27:38.255, 21096, 100
2026/08/05 14:27:39.256, 21096, 100
2026/08/05 14:27:40.256, 21096, 100
2026/08/05 14:27:41.256, 21096, 100
2026/08/05 14:27:42.256, 21096, 100
2026/08/05 14:27:43.257, 21096, 100
2026/08/05 14:27:44.257, 21096, 95
2026/08/05 14:27:45.258, 21096, 100
2026/08/05 14:27:46.258, 21096, 96
2026/08/05 14:27:47.258, 21096, 100
2026/08/05 14:27:48.258, 21096, 100
2026/08/05 14:27:49.259, 21096, 100
2026/08/05 14:27:50.259, 21096, 100
2026/08/05 14:27:51.259, 21096, 100
2026/08/05 14:27:52.259, 21096, 82
2026/08/05 14:27:53.260, 21096, 100
2026/08/05 14:27:54.260, 21096, 83
2026/08/05 14:27:55.261, 21096, 100
2026/08/05 14:27:56.261, 21096, 80
2026/08/05 14:27:57.262, 21096, 100
2026/08/05 14:27:58.262, 21096, 100
2026/08/05 14:27:59.262, 21096, 100
2026/08/05 14:28:00.262, 21096, 100
2026/08/05 14:28:01.263, 21096, 100
2026/08/05 14:28:02.263, 21096, 100
2026/08/05 14:28:03.263, 21096, 81
2026/08/05 14:28:04.263, 21096, 85
2026/08/05 14:28:05.264, 21096, 100
2026/08/05 14:28:06.265, 21096, 100
2026/08/05 14:28:07.265, 21096, 100
2026/08/05 14:28:08.266, 21096, 100
2026/08/05 14:28:09.266, 21096, 100
2026/08/05 14:28:10.266, 21096, 100
2026/08/05 14:28:11.266, 21096, 100
2026/08/05 14:28:12.266, 21096, 100
2026/08/05 14:28:13.267, 21096, 100
2026/08/05 14:28:14.267, 21096, 100
2026/08/05 14:28:15.267, 21096, 84
2026/08/05 14:28:16.267, 21096, 82
2026/08/05 14:28:17.267, 21096, 85
2026/08/05 14:28:18.268, 21096, 67
2026/08/05 14:28:19.268, 21096, 100
2026/08/05 14:28:20.268, 21096, 100
2026/08/05 14:28:21.268, 21096, 82
2026/08/05 14:28:22.269, 21096, 100
2026/08/05 14:28:23.269, 21096, 82
2026/08/05 14:28:24.269, 21096, 100
2026/08/05 14:28:25.269, 21096, 100
2026/08/05 14:28:26.269, 21096, 100
2026/08/05 14:28:27.270, 21096, 100
2026/08/05 14:28:28.270, 21096, 100
2026/08/05 14:28:29.270, 21096, 100
2026/08/05 14:28:30.270, 21096, 100
2026/08/05 14:28:31.270, 21096, 100
2026/08/05 14:28:32.271, 21096, 100
2026/08/05 14:28:33.271, 21096, 99
2026/08/05 14:28:34.271, 21096, 100
2026/08/05 14:28:35.271, 21096, 100
2026/08/05 14:28:36.271, 21096, 100
2026/08/05 14:28:37.272, 21096, 100
2026/08/05 14:28:38.272, 21096, 100
2026/08/05 14:28:39.272, 21096, 100
2026/08/05 14:28:40.273, 21096, 100
2026/08/05 14:28:41.273, 21096, 100
2026/08/05 14:28:42.273, 21096, 100
2026/08/05 14:28:43.274, 21096, 84
2026/08/05 14:28:44.274, 21096, 100
2026/08/05 14:28:45.274, 21096, 100
2026/08/05 14:28:46.274, 21096, 100
2026/08/05 14:28:47.275, 21096, 100
2026/08/05 14:28:48.275, 21096, 100
2026/08/05 14:28:49.276, 21096, 100
2026/08/05 14:28:50.276, 21096, 87
2026/08/05 14:28:51.276, 21096, 100
2026/08/05 14:28:52.277, 21096, 100
2026/08/05 14:28:53.277, 21096, 100
2026/08/05 14:28:54.277, 21096, 100
2026/08/05 14:28:55.278, 21096, 100
2026/08/05 14:28:56.278, 21096, 100
2026/08/05 14:28:57.278, 21096, 100
2026/08/05 14:28:58.279, 21096, 100
2026/08/05 14:28:59.279, 21096, 100
2026/08/05 14:29:00.279, 21096, 83
2026/08/05 14:29:01.280, 21096, 100
2026/08/05 14:29:02.280, 21096, 100
2026/08/05 14:29:03.280, 21096, 100
2026/08/05 14:29:04.281, 21096, 85
2026/08/05 14:29:05.281, 21096, 83
2026/08/05 14:29:06.281, 21096, 100
2026/08/05 14:29:07.282, 21096, 100
2026/08/05 14:29:08.282, 21096, 100
2026/08/05 14:29:09.282, 21096, 85
2026/08/05 14:29:10.283, 21096, 100
2026/08/05 14:29:11.283, 21096, 100
2026/08/05 14:29:12.283, 21096, 100
2026/08/05 14:29:13.284, 21096, 100
2026/08/05 14:29:14.284, 21096, 100
2026/08/05 14:29:15.284, 21096, 95
2026/08/05 14:29:16.285, 21096, 100
2026/08/05 14:29:17.285, 21096, 100
2026/08/05 14:29:18.285, 21096, 100
2026/08/05 14:29:19.286, 21096, 85
2026/08/05 14:29:20.286, 21096, 92
2026/08/05 14:29:21.286, 21096, 82
2026/08/05 14:29:22.287, 21096, 100
2026/08/05 14:29:23.287, 21096, 100
2026/08/05 14:29:24.287, 21096, 100
2026/08/05 14:29:25.288, 21096, 100
2026/08/05 14:29:26.288, 21096, 85
2026/08/05 14:29:27.288, 21096, 100
2026/08/05 14:29:28.289, 21096, 100
2026/08/05 14:29:29.289, 21096, 100
2026/08/05 14:29:30.289, 21096, 100
2026/08/05 14:29:31.290, 21096, 100
2026/08/05 14:29:32.290, 21096, 100
2026/08/05 14:29:33.290, 21096, 100
2026/08/05 14:29:34.291, 21096, 100
2026/08/05 14:29:35.291, 21096, 100
2026/08/05 14:29:36.291, 21096, 100
2026/08/05 14:29:37.292, 21096, 100
2026/08/05 14:29:38.292, 21096, 100
2026/08/05 14:29:39.292, 21096, 100
2026/08/05 14:29:40.293, 21096, 100
2026/08/05 14:29:41.293, 21096, 100
2026/08/05 14:29:42.293, 21096, 85
2026/08/05 14:29:43.294, 21096, 90
2026/08/05 14:29:44.294, 21096, 71
2026/08/05 14:29:45.294, 21096, 100
2026/08/05 14:29:46.295, 21096, 100
2026/08/05 14:29:47.295, 21096, 100
2026/08/05 14:29:48.295, 21096, 100
2026/08/05 14:29:49.296, 21096, 100
2026/08/05 14:29:50.296, 21096, 100
2026/08/05 14:29:51.296, 21096, 100
2026/08/05 14:29:52.296, 21096, 100
2026/08/05 14:29:53.297, 21096, 100
2026/08/05 14:29:54.297, 21096, 100
2026/08/05 14:29:55.298, 21096, 100
2026/08/05 14:29:56.299, 21096, 100
2026/08/05 14:29:57.299, 21096, 100
2026/08/05 14:29:58.299, 21096, 100
2026/08/05 14:29:59.299, 21096, 69
2026/08/05 14:30:00.300, 21096, 85
2026/08/05 14:30:01.300, 21096, 100
2026/08/05 14:30:02.300, 21096, 100
2026/08/05 14:30:03.301, 21096, 100
2026/08/05 14:30:04.301, 21096, 99
2026/08/05 14:30:05.302, 21096, 89
2026/08/05 14:30:06.302, 21096, 100
2026/08/05 14:30:07.302, 21096, 100
2026/08/05 14:30:08.303, 21096, 100
2026/08/05 14:30:09.303, 21096, 100
2026/08/05 14:30:10.303, 21096, 100
2026/08/05 14:30:11.304, 21096, 100
2026/08/05 14:30:12.304, 21096, 88
2026/08/05 14:30:13.304, 21096, 100
2026/08/05 14:30:14.305, 21096, 100
2026/08/05 14:30:15.305, 21096, 88
2026/08/05 14:30:16.305, 21096, 100
2026/08/05 14:30:17.306, 21096, 84
2026/08/05 14:30:18.306, 21096, 100
2026/08/05 14:30:19.306, 21096, 100
2026/08/05 14:30:20.307, 21096, 100
2026/08/05 14:30:21.307, 21096, 100
2026/08/05 14:30:22.307, 21096, 100
2026/08/05 14:30:23.308, 21096, 100
2026/08/05 14:30:24.308, 21096, 85
2026/08/05 14:30:25.314, 21096, 100
2026/08/05 14:30:26.314, 21096, 85
2026/08/05 14:30:27.314, 21096, 86
2026/08/05 14:30:28.315, 21096, 100
2026/08/05 14:30:29.315, 21096, 100
2026/08/05 14:30:30.315, 21096, 100
2026/08/05 14:30:31.316, 21096, 100
2026/08/05 14:30:32.316, 21096, 100
2026/08/05 14:30:33.317, 21096, 100
2026/08/05 14:30:34.317, 21096, 85
2026/08/05 14:30:35.317, 21096, 67
2026/08/05 14:30:36.318, 21096, 100
2026/08/05 14:30:37.318, 21096, 100
2026/08/05 14:30:38.318, 21096, 100
2026/08/05 14:30:39.319, 21096, 100
2026/08/05 14:30:40.319, 21096, 100
2026/08/05 14:30:41.319, 21096, 100
2026/08/05 14:30:42.320, 21096, 100
2026/08/05 14:30:43.320, 21096, 100
2026/08/05 14:30:44.320, 21096, 100
2026/08/05 14:30:45.321, 21096, 100
2026/08/05 14:30:46.321, 21096, 100
2026/08/05 14:30:47.321, 21096, 100
2026/08/05 14:30:48.322, 21096, 100
2026/08/05 14:30:49.322, 21096, 100
2026/08/05 14:30:50.322, 21096, 100
2026/08/05 14:30:51.323, 21096, 100
2026/08/05 14:30:52.323, 21096, 73
2026/08/05 14:30:53.323, 21096, 100
2026/08/05 14:30:54.324, 21096, 100
2026/08/05 14:30:55.324, 21096, 100
2026/08/05 14:30:56.324, 21096, 100
2026/08/05 14:30:57.325, 21096, 100
2026/08/05 14:30:58.325, 21096, 100
2026/08/05 14:30:59.325, 21096, 100
2026/08/05 14:31:00.326, 21096, 100
2026/08/05 14:31:01.326, 21096, 100
2026/08/05 14:31:02.327, 21096, 100
2026/08/05 14:31:03.327, 21096, 100
2026/08/05 14:31:04.327, 21096, 100
2026/08/05 14:31:05.328, 21096, 100
2026/08/05 14:31:06.328, 21096, 85
2026/08/05 14:31:07.328, 21096, 100
2026/08/05 14:31:08.329, 21096, 100
2026/08/05 14:31:09.329, 21096, 100
2026/08/05 14:31:10.329, 21096, 100
2026/08/05 14:31:11.330, 21096, 100
2026/08/05 14:31:12.330, 21096, 100
2026/08/05 14:31:13.330, 21096, 82
2026/08/05 14:31:14.331, 21096, 83
2026/08/05 14:31:15.331, 21096, 100
2026/08/05 14:31:16.331, 21096, 100
2026/08/05 14:31:17.332, 21096, 63
2026/08/05 14:31:18.332, 21096, 83
2026/08/05 14:31:19.332, 21096, 100
2026/08/05 14:31:20.333, 21096, 100
2026/08/05 14:31:21.333, 21096, 100
2026/08/05 14:31:22.333, 21096, 100
2026/08/05 14:31:23.334, 21096, 100
2026/08/05 14:31:24.334, 21096, 100
2026/08/05 14:31:25.334, 21096, 100
2026/08/05 14:31:26.335, 21096, 100
2026/08/05 14:31:27.335, 21096, 100
2026/08/05 14:31:28.335, 21096, 100
2026/08/05 14:31:29.336, 21096, 100
2026/08/05 14:31:30.336, 21096, 100
2026/08/05 14:31:31.336, 21096, 100
2026/08/05 14:31:32.337, 21096, 100
2026/08/05 14:31:33.337, 21096, 100
2026/08/05 14:31:34.337, 21096, 82
2026/08/05 14:31:35.338, 21096, 100
2026/08/05 14:31:36.338, 21096, 100
2026/08/05 14:31:37.338, 21096, 100
2026/08/05 14:31:38.339, 21096, 100
2026/08/05 14:31:39.339, 21096, 100
2026/08/05 14:31:40.340, 21096, 84
2026/08/05 14:31:41.340, 21096, 79
2026/08/05 14:31:42.340, 21096, 100
2026/08/05 14:31:43.341, 21096, 100
2026/08/05 14:31:44.341, 21096, 100
2026/08/05 14:31:45.341, 21096, 87
2026/08/05 14:31:46.342, 21096, 84
2026/08/05 14:31:47.342, 21096, 100
2026/08/05 14:31:48.342, 21096, 100
2026/08/05 14:31:49.343, 21096, 100
2026/08/05 14:31:50.343, 21096, 100
2026/08/05 14:31:51.343, 21096, 100
2026/08/05 14:31:52.344, 21096, 100
2026/08/05 14:31:53.344, 21096, 84
2026/08/05 14:31:54.345, 21096, 100
2026/08/05 14:31:55.345, 21096, 100
2026/08/05 14:31:56.346, 21096, 100
2026/08/05 14:31:57.346, 21096, 68
2026/08/05 14:31:58.346, 21096, 100
2026/08/05 14:31:59.347, 21096, 81
2026/08/05 14:32:00.347, 21096, 100
2026/08/05 14:32:01.347, 21096, 88
2026/08/05 14:32:02.348, 21096, 85
2026/08/05 14:32:03.348, 21096, 100
2026/08/05 14:32:04.348, 21096, 100
2026/08/05 14:32:05.349, 21096, 100
2026/08/05 14:32:06.349, 21096, 100
2026/08/05 14:32:07.350, 21096, 100
2026/08/05 14:32:08.350, 21096, 100
2026/08/05 14:32:09.350, 21096, 100
2026/08/05 14:32:10.351, 21096, 100
2026/08/05 14:32:11.351, 21096, 82
2026/08/05 14:32:12.352, 21096, 100
2026/08/05 14:32:13.352, 21096, 100
2026/08/05 14:32:14.353, 21096, 100
2026/08/05 14:32:15.353, 21096, 85
2026/08/05 14:32:16.353, 21096, 100
2026/08/05 14:32:17.354, 21096, 100
2026/08/05 14:32:18.354, 21096, 100
2026/08/05 14:32:19.354, 21096, 100
2026/08/05 14:32:20.355, 21096, 100
2026/08/05 14:32:21.355, 21096, 100
2026/08/05 14:32:22.356, 21096, 100
2026/08/05 14:32:23.356, 21096, 100
2026/08/05 14:32:24.356, 21096, 100
2026/08/05 14:32:25.357, 21096, 78
2026/08/05 14:32:26.357, 21096, 93
2026/08/05 14:32:27.357, 21096, 83
2026/08/05 14:32:28.358, 21096, 63
2026/08/05 14:32:29.358, 21096, 100
2026/08/05 14:32:30.358, 21096, 100
2026/08/05 14:32:31.359, 21096, 100
2026/08/05 14:32:32.359, 21096, 83
2026/08/05 14:32:33.359, 21096, 100
2026/08/05 14:32:34.359, 21096, 100
2026/08/05 14:32:35.360, 21096, 100
2026/08/05 14:32:36.360, 21096, 90
2026/08/05 14:32:37.360, 21096, 100
2026/08/05 14:32:38.360, 21096, 100
2026/08/05 14:32:39.360, 21096, 100
2026/08/05 14:32:40.361, 21096, 100
2026/08/05 14:32:41.361, 21096, 100
2026/08/05 14:32:42.361, 21096, 100
2026/08/05 14:32:43.361, 21096, 100
2026/08/05 14:32:44.362, 21096, 84
2026/08/05 14:32:45.362, 21096, 100
2026/08/05 14:32:46.362, 21096, 100
2026/08/05 14:32:47.362, 21096, 100
2026/08/05 14:32:48.362, 21096, 100
2026/08/05 14:32:49.362, 21096, 100
2026/08/05 14:32:50.363, 21096, 91
2026/08/05 14:32:51.363, 21096, 100
2026/08/05 14:32:52.363, 21096, 100
2026/08/05 14:32:53.364, 21096, 100
2026/08/05 14:32:54.364, 21096, 100
2026/08/05 14:32:55.364, 21096, 100
2026/08/05 14:32:56.364, 21096, 56
2026/08/05 14:32:57.364, 21096, 100
2026/08/05 14:32:58.365, 21096, 95
2026/08/05 14:32:59.365, 21096, 83
2026/08/05 14:33:00.365, 21096, 100
2026/08/05 14:33:01.366, 21096, 100
2026/08/05 14:33:02.366, 21096, 100
2026/08/05 14:33:03.366, 21096, 100
2026/08/05 14:33:04.366, 21096, 100
2026/08/05 14:33:05.366, 21096, 100
2026/08/05 14:33:06.367, 21096, 100
2026/08/05 14:33:07.367, 21096, 100
2026/08/05 14:33:08.367, 21096, 100
2026/08/05 14:33:09.367, 21096, 100
2026/08/05 14:33:10.367, 21096, 100
2026/08/05 14:33:11.368, 21096, 100
2026/08/05 14:33:12.368, 21096, 100
2026/08/05 14:33:13.368, 21096, 100
2026/08/05 14:33:14.368, 21096, 100
2026/08/05 14:33:15.368, 21096, 97
2026/08/05 14:33:16.369, 21096, 100
2026/08/05 14:33:17.369, 21096, 100
2026/08/05 14:33:18.369, 21096, 100
2026/08/05 14:33:19.369, 21096, 100
2026/08/05 14:33:20.370, 21096, 100
2026/08/05 14:33:21.370, 21096, 100
2026/08/05 14:33:22.370, 21096, 100
2026/08/05 14:33:23.370, 21096, 82
2026/08/05 14:33:24.371, 21096, 100
2026/08/05 14:33:25.371, 21096, 100
2026/08/05 14:33:26.372, 21096, 100
2026/08/05 14:33:27.372, 21096, 100
2026/08/05 14:33:28.372, 21096, 100
2026/08/05 14:33:29.373, 21096, 100
2026/08/05 14:33:30.373, 21096, 100
2026/08/05 14:33:31.373, 21096, 100
2026/08/05 14:33:32.373, 21096, 100
2026/08/05 14:33:33.373, 21096, 100
2026/08/05 14:33:34.374, 21096, 84
2026/08/05 14:33:35.374, 21096, 100
2026/08/05 14:33:36.374, 21096, 100
2026/08/05 14:33:37.374, 21096, 100
2026/08/05 14:33:38.374, 21096, 100
2026/08/05 14:33:39.375, 21096, 100
2026/08/05 14:33:40.375, 21096, 100
2026/08/05 14:33:41.375, 21096, 100
2026/08/05 14:33:42.375, 21096, 100
2026/08/05 14:33:43.376, 21096, 100
2026/08/05 14:33:44.376, 21096, 100
2026/08/05 14:33:45.376, 21096, 100
2026/08/05 14:33:46.376, 21096, 100
2026/08/05 14:33:47.377, 21096, 100
2026/08/05 14:33:48.377, 21096, 100
2026/08/05 14:33:49.377, 21096, 100
2026/08/05 14:33:50.377, 21096, 86
2026/08/05 14:33:51.377, 21096, 100
2026/08/05 14:33:52.378, 21096, 83
2026/08/05 14:33:53.378, 21096, 64
2026/08/05 14:33:54.378, 21096, 100
2026/08/05 14:33:55.378, 21096, 100
2026/08/05 14:33:56.378, 21096, 100
2026/08/05 14:33:57.379, 21096, 84
2026/08/05 14:33:58.379, 21096, 100
2026/08/05 14:33:59.379, 21096, 100
2026/08/05 14:34:00.379, 21096, 100
2026/08/05 14:34:01.379, 21096, 84
2026/08/05 14:34:02.380, 21096, 88
2026/08/05 14:34:03.380, 21096, 100
2026/08/05 14:34:04.380, 21096, 100
2026/08/05 14:34:05.380, 21096, 100
2026/08/05 14:34:06.380, 21096, 100
2026/08/05 14:34:07.381, 21096, 100
2026/08/05 14:34:08.381, 21096, 100
2026/08/05 14:34:09.381, 21096, 100
2026/08/05 14:34:10.381, 21096, 100
2026/08/05 14:34:11.381, 21096, 100
2026/08/05 14:34:12.382, 21096, 100
2026/08/05 14:34:13.382, 21096, 100
2026/08/05 14:34:14.382, 21096, 100
2026/08/05 14:34:15.382, 21096, 100
2026/08/05 14:34:16.382, 21096, 100
2026/08/05 14:34:17.383, 21096, 100
2026/08/05 14:34:18.383, 21096, 100
2026/08/05 14:34:19.383, 21096, 100
2026/08/05 14:34:20.383, 21096, 100
2026/08/05 14:34:21.383, 21096, 100
2026/08/05 14:34:22.384, 21096, 100
2026/08/05 14:34:23.384, 21096, 100
2026/08/05 14:34:24.384, 21096, 100
2026/08/05 14:34:25.384, 21096, 100
2026/08/05 14:34:26.384, 21096, 100
2026/08/05 14:34:27.385, 21096, 100
2026/08/05 14:34:28.385, 21096, 85
2026/08/05 14:34:29.385, 21096, 99
2026/08/05 14:34:30.385, 21096, 100
2026/08/05 14:34:31.385, 21096, 84
2026/08/05 14:34:32.386, 21096, 100
2026/08/05 14:34:33.386, 21096, 84
2026/08/05 14:34:34.386, 21096, 86
2026/08/05 14:34:35.386, 21096, 86
2026/08/05 14:34:36.386, 21096, 100
2026/08/05 14:34:37.387, 21096, 100
2026/08/05 14:34:38.387, 21096, 100
2026/08/05 14:34:39.387, 21096, 100
2026/08/05 14:34:40.387, 21096, 100
2026/08/05 14:34:41.387, 21096, 100
2026/08/05 14:34:42.388, 21096, 89
2026/08/05 14:34:43.388, 21096, 84
2026/08/05 14:34:44.388, 21096, 100
2026/08/05 14:34:45.388, 21096, 100
2026/08/05 14:34:46.388, 21096, 100
2026/08/05 14:34:47.389, 21096, 84
2026/08/05 14:34:48.389, 21096, 100
2026/08/05 14:34:49.389, 21096, 100
2026/08/05 14:34:50.389, 21096, 100
2026/08/05 14:34:51.389, 21096, 100
2026/08/05 14:34:52.390, 21096, 100
2026/08/05 14:34:53.390, 21096, 93
2026/08/05 14:34:54.390, 21096, 100
2026/08/05 14:34:55.390, 21096, 100
2026/08/05 14:34:56.391, 21096, 100
2026/08/05 14:34:57.391, 21096, 100
2026/08/05 14:34:58.391, 21096, 100
2026/08/05 14:34:59.391, 21096, 100
2026/08/05 14:35:00.391, 21096, 100
2026/08/05 14:35:01.392, 21096, 100
2026/08/05 14:35:02.392, 21096, 100
2026/08/05 14:35:03.392, 21096, 100
2026/08/05 14:35:04.392, 21096, 100
2026/08/05 14:35:05.392, 21096, 100
2026/08/05 14:35:06.393, 21096, 100
2026/08/05 14:35:07.393, 21096, 100
2026/08/05 14:35:08.393, 21096, 100
2026/08/05 14:35:09.393, 21096, 85
2026/08/05 14:35:10.394, 21096, 100
2026/08/05 14:35:11.394, 21096, 93
2026/08/05 14:35:12.394, 21096, 100
2026/08/05 14:35:13.395, 21096, 100
2026/08/05 14:35:14.395, 21096, 100
2026/08/05 14:35:15.395, 21096, 100
2026/08/05 14:35:16.395, 21096, 100
2026/08/05 14:35:17.395, 21096, 84
2026/08/05 14:35:18.396, 21096, 100
2026/08/05 14:35:19.396, 21096, 100
2026/08/05 14:35:20.396, 21096, 100
2026/08/05 14:35:21.397, 21096, 100
2026/08/05 14:35:22.402, 21096, 100
2026/08/05 14:35:23.402, 21096, 86
2026/08/05 14:35:24.403, 21096, 100
2026/08/05 14:35:25.403, 21096, 100
2026/08/05 14:35:26.403, 21096, 100
2026/08/05 14:35:27.403, 21096, 100
2026/08/05 14:35:28.404, 21096, 100
2026/08/05 14:35:29.404, 21096, 100
2026/08/05 14:35:30.404, 21096, 100
2026/08/05 14:35:31.405, 21096, 100
2026/08/05 14:35:32.405, 21096, 100
2026/08/05 14:35:33.405, 21096, 100
2026/08/05 14:35:34.405, 21096, 100
2026/08/05 14:35:35.406, 21096, 100
2026/08/05 14:35:36.406, 21096, 100
2026/08/05 14:35:37.406, 21096, 100
2026/08/05 14:35:38.406, 21096, 100
2026/08/05 14:35:39.407, 21096, 100
2026/08/05 14:35:40.407, 21096, 84
2026/08/05 14:35:41.407, 21096, 100
2026/08/05 14:35:42.408, 21096, 100
2026/08/05 14:35:43.408, 21096, 100
2026/08/05 14:35:44.408, 21096, 100
2026/08/05 14:35:45.409, 21096, 100
2026/08/05 14:35:46.409, 21096, 100
2026/08/05 14:35:47.409, 21096, 100
2026/08/05 14:35:48.410, 21096, 100
2026/08/05 14:35:49.410, 21096, 100
2026/08/05 14:35:50.410, 21096, 100
2026/08/05 14:35:51.411, 21096, 100
2026/08/05 14:35:52.412, 21096, 84
2026/08/05 14:35:53.412, 21096, 100
2026/08/05 14:35:54.412, 21096, 100
2026/08/05 14:35:55.412, 21096, 100
2026/08/05 14:35:56.413, 21096, 100
2026/08/05 14:35:57.413, 21096, 100
2026/08/05 14:35:58.413, 21096, 100
2026/08/05 14:35:59.414, 21096, 100
2026/08/05 14:36:00.414, 21096, 100
2026/08/05 14:36:01.414, 21096, 100
2026/08/05 14:36:02.415, 21096, 100
2026/08/05 14:36:03.415, 21096, 84
2026/08/05 14:36:04.415, 21096, 90
2026/08/05 14:36:05.416, 21096, 100
2026/08/05 14:36:06.416, 21096, 97
2026/08/05 14:36:07.416, 21096, 100
2026/08/05 14:36:08.416, 21096, 100
2026/08/05 14:36:09.417, 21096, 82
2026/08/05 14:36:10.417, 21096, 100
2026/08/05 14:36:11.417, 21096, 100
2026/08/05 14:36:12.417, 21096, 100
2026/08/05 14:36:13.417, 21096, 84
2026/08/05 14:36:14.418, 21096, 100
2026/08/05 14:36:15.418, 21096, 100
2026/08/05 14:36:16.418, 21096, 100
2026/08/05 14:36:17.419, 21096, 100
2026/08/05 14:36:18.419, 21096, 100
2026/08/05 14:36:19.419, 21096, 100
2026/08/05 14:36:20.420, 21096, 100
2026/08/05 14:36:21.420, 21096, 83
2026/08/05 14:36:22.420, 21096, 100
2026/08/05 14:36:23.421, 21096, 100
2026/08/05 14:36:24.421, 21096, 84
2026/08/05 14:36:25.421, 21096, 100
2026/08/05 14:36:26.422, 21096, 100
2026/08/05 14:36:27.422, 21096, 100
2026/08/05 14:36:28.422, 21096, 100
2026/08/05 14:36:29.422, 21096, 100
2026/08/05 14:36:30.422, 21096, 100
2026/08/05 14:36:31.423, 21096, 98
2026/08/05 14:36:32.423, 21096, 100
2026/08/05 14:36:33.423, 21096, 100
2026/08/05 14:36:34.423, 21096, 100
2026/08/05 14:36:35.423, 21096, 100
2026/08/05 14:36:36.424, 21096, 74
2026/08/05 14:36:37.424, 21096, 96
2026/08/05 14:36:38.424, 21096, 100
2026/08/05 14:36:39.425, 21096, 100
2026/08/05 14:36:40.425, 21096, 83
2026/08/05 14:36:41.425, 21096, 100
2026/08/05 14:36:42.426, 21096, 100
2026/08/05 14:36:43.426, 21096, 100
2026/08/05 14:36:44.426, 21096, 100
2026/08/05 14:36:45.426, 21096, 89
2026/08/05 14:36:46.427, 21096, 100
2026/08/05 14:36:47.427, 21096, 100
2026/08/05 14:36:48.427, 21096, 100
2026/08/05 14:36:49.428, 21096, 100
2026/08/05 14:36:50.428, 21096, 100
2026/08/05 14:36:51.428, 21096, 64
2026/08/05 14:36:52.428, 21096, 83
2026/08/05 14:36:53.428, 21096, 98
2026/08/05 14:36:54.429, 21096, 100
2026/08/05 14:36:55.429, 21096, 100
2026/08/05 14:36:56.429, 21096, 83
2026/08/05 14:36:57.429, 21096, 100
2026/08/05 14:36:58.430, 21096, 100
2026/08/05 14:36:59.430, 21096, 100
2026/08/05 14:37:00.430, 21096, 100
2026/08/05 14:37:01.430, 21096, 100
2026/08/05 14:37:02.431, 21096, 100
2026/08/05 14:37:03.431, 21096, 100
2026/08/05 14:37:04.431, 21096, 84
2026/08/05 14:37:05.431, 21096, 100
2026/08/05 14:37:06.431, 21096, 100
2026/08/05 14:37:07.432, 21096, 100
2026/08/05 14:37:08.432, 21096, 100
2026/08/05 14:37:09.432, 21096, 100
2026/08/05 14:37:10.432, 21096, 100
2026/08/05 14:37:11.432, 21096, 100
2026/08/05 14:37:12.433, 21096, 100
2026/08/05 14:37:13.433, 21096, 100
2026/08/05 14:37:14.433, 21096, 100
2026/08/05 14:37:15.433, 21096, 100
2026/08/05 14:37:16.434, 21096, 100
2026/08/05 14:37:17.434, 21096, 100
2026/08/05 14:37:18.434, 21096, 100
2026/08/05 14:37:19.434, 21096, 100
2026/08/05 14:37:20.434, 21096, 100
2026/08/05 14:37:21.435, 21096, 100
2026/08/05 14:37:22.435, 21096, 100
2026/08/05 14:37:23.435, 21096, 100
2026/08/05 14:37:24.435, 21096, 100
2026/08/05 14:37:25.435, 21096, 100
2026/08/05 14:37:26.436, 21096, 100
2026/08/05 14:37:27.436, 21096, 100
2026/08/05 14:37:28.436, 21096, 100
2026/08/05 14:37:29.437, 21096, 100
2026/08/05 14:37:30.437, 21096, 100
2026/08/05 14:37:31.437, 21096, 100
2026/08/05 14:37:32.437, 21096, 100
2026/08/05 14:37:33.438, 21096, 100
2026/08/05 14:37:34.438, 21096, 100
2026/08/05 14:37:35.438, 21096, 64
2026/08/05 14:37:36.439, 21096, 89
2026/08/05 14:37:37.439, 21096, 88
2026/08/05 14:37:38.439, 21096, 100
2026/08/05 14:37:39.439, 21096, 100
2026/08/05 14:37:40.440, 21096, 100
2026/08/05 14:37:41.440, 21096, 100
2026/08/05 14:37:42.440, 21096, 100
2026/08/05 14:37:43.440, 21096, 100
2026/08/05 14:37:44.441, 21096, 100
2026/08/05 14:37:45.441, 21096, 85
2026/08/05 14:37:46.441, 21096, 100
2026/08/05 14:37:47.442, 21096, 100
2026/08/05 14:37:48.442, 21096, 100
2026/08/05 14:37:49.442, 21096, 100
2026/08/05 14:37:50.442, 21096, 100
2026/08/05 14:37:51.443, 21096, 100
2026/08/05 14:37:52.443, 21096, 100
2026/08/05 14:37:53.443, 21096, 100
2026/08/05 14:37:54.444, 21096, 83
2026/08/05 14:37:55.444, 21096, 100
2026/08/05 14:37:56.444, 21096, 100
2026/08/05 14:37:57.445, 21096, 100
2026/08/05 14:37:58.445, 21096, 100
2026/08/05 14:37:59.445, 21096, 100
2026/08/05 14:38:00.446, 21096, 82
2026/08/05 14:38:01.446, 21096, 100
2026/08/05 14:38:02.446, 21096, 100
2026/08/05 14:38:03.447, 21096, 100
2026/08/05 14:38:04.447, 21096, 100
2026/08/05 14:38:05.447, 21096, 100
2026/08/05 14:38:06.448, 21096, 100
2026/08/05 14:38:07.448, 21096, 100
2026/08/05 14:38:08.448, 21096, 89
2026/08/05 14:38:09.448, 21096, 100
2026/08/05 14:38:10.449, 21096, 100
2026/08/05 14:38:11.449, 21096, 100
2026/08/05 14:38:12.449, 21096, 100
2026/08/05 14:38:13.450, 21096, 100
2026/08/05 14:38:14.450, 21096, 82
2026/08/05 14:38:15.450, 21096, 100
2026/08/05 14:38:16.451, 21096, 100
2026/08/05 14:38:17.451, 21096, 100
2026/08/05 14:38:18.451, 21096, 100
2026/08/05 14:38:19.452, 21096, 100
2026/08/05 14:38:20.452, 21096, 100
2026/08/05 14:38:21.452, 21096, 100
2026/08/05 14:38:22.452, 21096, 100
2026/08/05 14:38:23.453, 21096, 100
2026/08/05 14:38:24.453, 21096, 100
2026/08/05 14:38:25.453, 21096, 100
2026/08/05 14:38:26.454, 21096, 100
2026/08/05 14:38:27.454, 21096, 100
2026/08/05 14:38:28.454, 21096, 100
2026/08/05 14:38:29.455, 21096, 100
2026/08/05 14:38:30.455, 21096, 100
2026/08/05 14:38:31.455, 21096, 100
2026/08/05 14:38:32.456, 21096, 100
2026/08/05 14:38:33.456, 21096, 100
2026/08/05 14:38:34.456, 21096, 100
2026/08/05 14:38:35.456, 21096, 100
2026/08/05 14:38:36.457, 21096, 84
2026/08/05 14:38:37.457, 21096, 100
2026/08/05 14:38:38.457, 21096, 100
2026/08/05 14:38:39.457, 21096, 100
2026/08/05 14:38:40.458, 21096, 100
2026/08/05 14:38:41.458, 21096, 100
2026/08/05 14:38:42.458, 21096, 80
2026/08/05 14:38:43.458, 21096, 100
2026/08/05 14:38:44.459, 21096, 100
2026/08/05 14:38:45.459, 21096, 100
2026/08/05 14:38:46.459, 21096, 100
2026/08/05 14:38:47.459, 21096, 82
2026/08/05 14:38:48.459, 21096, 100
2026/08/05 14:38:49.460, 21096, 100
2026/08/05 14:38:50.460, 21096, 100
2026/08/05 14:38:51.460, 21096, 100
2026/08/05 14:38:52.460, 21096, 85
2026/08/05 14:38:53.461, 21096, 100
2026/08/05 14:38:54.461, 21096, 100
2026/08/05 14:38:55.461, 21096, 100
2026/08/05 14:38:56.461, 21096, 100
2026/08/05 14:38:57.461, 21096, 100
2026/08/05 14:38:58.462, 21096, 100
2026/08/05 14:38:59.462, 21096, 100
2026/08/05 14:39:00.462, 21096, 100
2026/08/05 14:39:01.462, 21096, 93
2026/08/05 14:39:02.462, 21096, 100
2026/08/05 14:39:03.463, 21096, 65
2026/08/05 14:39:04.463, 21096, 100
2026/08/05 14:39:05.463, 21096, 100
2026/08/05 14:39:06.463, 21096, 100
2026/08/05 14:39:07.464, 21096, 100
2026/08/05 14:39:08.464, 21096, 100
2026/08/05 14:39:09.464, 21096, 100
2026/08/05 14:39:10.464, 21096, 100
2026/08/05 14:39:11.464, 21096, 100
2026/08/05 14:39:12.465, 21096, 100
2026/08/05 14:39:13.465, 21096, 100
2026/08/05 14:39:14.465, 21096, 100
2026/08/05 14:39:15.465, 21096, 62
2026/08/05 14:39:16.465, 21096, 100
2026/08/05 14:39:17.466, 21096, 100
2026/08/05 14:39:18.466, 21096, 100
2026/08/05 14:39:19.466, 21096, 83
2026/08/05 14:39:20.466, 21096, 100
2026/08/05 14:39:21.467, 21096, 100
2026/08/05 14:39:22.467, 21096, 82
2026/08/05 14:39:23.467, 21096, 100
2026/08/05 14:39:24.467, 21096, 100
2026/08/05 14:39:25.468, 21096, 100
2026/08/05 14:39:26.468, 21096, 100
2026/08/05 14:39:27.468, 21096, 100
2026/08/05 14:39:28.469, 21096, 100
2026/08/05 14:39:29.469, 21096, 100
2026/08/05 14:39:30.469, 21096, 100
2026/08/05 14:39:31.469, 21096, 100
2026/08/05 14:39:32.470, 21096, 100
2026/08/05 14:39:33.470, 21096, 100
2026/08/05 14:39:34.470, 21096, 100
2026/08/05 14:39:35.470, 21096, 84
2026/08/05 14:39:36.470, 21096, 83
2026/08/05 14:39:37.471, 21096, 100
2026/08/05 14:39:38.471, 21096, 100
2026/08/05 14:39:39.471, 21096, 100
2026/08/05 14:39:40.472, 21096, 100
2026/08/05 14:39:41.472, 21096, 64
2026/08/05 14:39:42.472, 21096, 100
2026/08/05 14:39:43.472, 21096, 100
2026/08/05 14:39:44.472, 21096, 100
2026/08/05 14:39:45.473, 21096, 100
2026/08/05 14:39:46.473, 21096, 100
2026/08/05 14:39:47.473, 21096, 100
2026/08/05 14:39:48.473, 21096, 100
2026/08/05 14:39:49.473, 21096, 100
2026/08/05 14:39:50.474, 21096, 100
2026/08/05 14:39:51.474, 21096, 83
2026/08/05 14:39:52.474, 21096, 100
2026/08/05 14:39:53.474, 21096, 86
2026/08/05 14:39:54.474, 21096, 100
2026/08/05 14:39:55.475, 21096, 100
2026/08/05 14:39:56.475, 21096, 100
2026/08/05 14:39:57.475, 21096, 100
2026/08/05 14:39:58.475, 21096, 100
2026/08/05 14:39:59.475, 21096, 100
2026/08/05 14:40:00.476, 21096, 100
2026/08/05 14:40:01.476, 21096, 100
2026/08/05 14:40:02.476, 21096, 100
2026/08/05 14:40:03.476, 21096, 100
2026/08/05 14:40:04.477, 21096, 100
2026/08/05 14:40:05.477, 21096, 100
2026/08/05 14:40:06.477, 21096, 100
2026/08/05 14:40:07.478, 21096, 100
2026/08/05 14:40:08.478, 21096, 100
2026/08/05 14:40:09.478, 21096, 100
2026/08/05 14:40:10.478, 21096, 100
2026/08/05 14:40:11.479, 21096, 100
2026/08/05 14:40:12.479, 21096, 100
2026/08/05 14:40:13.479, 21096, 100
2026/08/05 14:40:14.480, 21096, 100
2026/08/05 14:40:15.480, 21096, 100
2026/08/05 14:40:16.480, 21096, 100
2026/08/05 14:40:17.481, 21096, 100
2026/08/05 14:40:18.481, 21096, 100
2026/08/05 14:40:19.481, 21096, 100
2026/08/05 14:40:20.482, 21096, 100
2026/08/05 14:40:21.482, 21096, 100
2026/08/05 14:40:22.482, 21096, 74
2026/08/05 14:40:23.483, 21096, 100
2026/08/05 14:40:24.483, 21096, 100
2026/08/05 14:40:25.484, 21096, 100
2026/08/05 14:40:26.486, 21096, 100
2026/08/05 14:40:27.487, 21096, 100
2026/08/05 14:40:28.488, 21096, 100
2026/08/05 14:40:29.490, 21096, 100
2026/08/05 14:40:30.491, 21096, 100
2026/08/05 14:40:31.492, 21096, 100
2026/08/05 14:40:32.494, 21096, 100
2026/08/05 14:40:33.495, 21096, 100
2026/08/05 14:40:34.497, 21096, 100
2026/08/05 14:40:35.498, 21096, 100
2026/08/05 14:40:36.500, 21096, 100
2026/08/05 14:40:37.501, 21096, 100
2026/08/05 14:40:38.502, 21096, 84
2026/08/05 14:40:39.504, 21096, 73
2026/08/05 14:40:40.505, 21096, 100
2026/08/05 14:40:41.507, 21096, 100
2026/08/05 14:40:42.508, 21096, 98
2026/08/05 14:40:43.509, 21096, 100
2026/08/05 14:40:44.511, 21096, 100
2026/08/05 14:40:45.512, 21096, 100
2026/08/05 14:40:46.514, 21096, 100
2026/08/05 14:40:47.515, 21096, 100
2026/08/05 14:40:48.516, 21096, 100
2026/08/05 14:40:49.518, 21096, 100
2026/08/05 14:40:50.522, 21096, 100
2026/08/05 14:40:51.524, 21096, 100
2026/08/05 14:40:52.525, 21096, 100
2026/08/05 14:40:53.527, 21096, 100
2026/08/05 14:40:54.528, 21096, 100
2026/08/05 14:40:55.529, 21096, 100
2026/08/05 14:40:56.531, 21096, 100
2026/08/05 14:40:57.532, 21096, 100
2026/08/05 14:40:58.533, 21096, 100
2026/08/05 14:40:59.535, 21096, 100
2026/08/05 14:41:00.535, 21096, 100
2026/08/05 14:41:01.536, 21096, 100
2026/08/05 14:41:02.537, 21096, 100
2026/08/05 14:41:03.539, 21096, 100
2026/08/05 14:41:04.540, 21096, 100
2026/08/05 14:41:05.541, 21096, 100
2026/08/05 14:41:06.543, 21096, 100
2026/08/05 14:41:07.544, 21096, 100
2026/08/05 14:41:08.545, 21096, 100
2026/08/05 14:41:09.547, 21096, 100
2026/08/05 14:41:10.548, 21096, 100
2026/08/05 14:41:11.550, 21096, 100
2026/08/05 14:41:12.551, 21096, 100
2026/08/05 14:41:13.552, 21096, 100
2026/08/05 14:41:14.554, 21096, 100
2026/08/05 14:41:15.555, 21096, 100
2026/08/05 14:41:16.556, 21096, 84
2026/08/05 14:41:17.558, 21096, 100
2026/08/05 14:41:18.559, 21096, 100
2026/08/05 14:41:19.561, 21096, 90
2026/08/05 14:41:20.562, 21096, 100
2026/08/05 14:41:21.563, 21096, 100
2026/08/05 14:41:22.565, 21096, 100
2026/08/05 14:41:23.566, 21096, 83
2026/08/05 14:41:24.568, 21096, 100
2026/08/05 14:41:25.569, 21096, 100
2026/08/05 14:41:26.570, 21096, 100
2026/08/05 14:41:27.572, 21096, 100
2026/08/05 14:41:28.573, 21096, 100
2026/08/05 14:41:29.575, 21096, 100
2026/08/05 14:41:30.576, 21096, 73
2026/08/05 14:41:31.577, 21096, 100
2026/08/05 14:41:32.579, 21096, 100
2026/08/05 14:41:33.580, 21096, 94
2026/08/05 14:41:34.582, 21096, 100
2026/08/05 14:41:35.583, 21096, 84
2026/08/05 14:41:36.585, 21096, 100
2026/08/05 14:41:37.585, 21096, 100
2026/08/05 14:41:38.587, 21096, 84
2026/08/05 14:41:39.588, 21096, 100
2026/08/05 14:41:40.589, 21096, 100
2026/08/05 14:41:41.591, 21096, 100
2026/08/05 14:41:42.592, 21096, 100
2026/08/05 14:41:43.594, 21096, 100
2026/08/05 14:41:44.595, 21096, 100
2026/08/05 14:41:45.596, 21096, 84
2026/08/05 14:41:46.598, 21096, 100
2026/08/05 14:41:47.599, 21096, 100
2026/08/05 14:41:48.601, 21096, 100
2026/08/05 14:41:49.602, 21096, 100
2026/08/05 14:41:50.603, 21096, 94
2026/08/05 14:41:51.605, 21096, 100
2026/08/05 14:41:52.606, 21096, 100
2026/08/05 14:41:53.607, 21096, 100
2026/08/05 14:41:54.609, 21096, 100
2026/08/05 14:41:55.610, 21096, 100
2026/08/05 14:41:56.611, 21096, 100
2026/08/05 14:41:57.613, 21096, 100
2026/08/05 14:41:58.614, 21096, 100
2026/08/05 14:41:59.616, 21096, 100
2026/08/05 14:42:00.617, 21096, 100
2026/08/05 14:42:01.618, 21096, 100
2026/08/05 14:42:02.620, 21096, 100
2026/08/05 14:42:03.621, 21096, 100
2026/08/05 14:42:04.623, 21096, 100
2026/08/05 14:42:05.624, 21096, 100
2026/08/05 14:42:06.625, 21096, 100
2026/08/05 14:42:07.627, 21096, 100
2026/08/05 14:42:08.628, 21096, 100
2026/08/05 14:42:09.630, 21096, 100
2026/08/05 14:42:10.631, 21096, 100
2026/08/05 14:42:11.632, 21096, 100
2026/08/05 14:42:12.634, 21096, 100
2026/08/05 14:42:13.635, 21096, 100
2026/08/05 14:42:14.636, 21096, 100
2026/08/05 14:42:15.638, 21096, 100
2026/08/05 14:42:16.639, 21096, 100
2026/08/05 14:42:17.641, 21096, 100
2026/08/05 14:42:18.642, 21096, 100
2026/08/05 14:42:19.644, 21096, 100
2026/08/05 14:42:20.645, 21096, 100
2026/08/05 14:42:21.646, 21096, 100
2026/08/05 14:42:22.648, 21096, 90
2026/08/05 14:42:23.649, 21096, 100
2026/08/05 14:42:24.650, 21096, 100
2026/08/05 14:42:25.652, 21096, 100
2026/08/05 14:42:26.653, 21096, 100
2026/08/05 14:42:27.654, 21096, 100
2026/08/05 14:42:28.656, 21096, 100
2026/08/05 14:42:29.657, 21096, 100
2026/08/05 14:42:30.659, 21096, 100
2026/08/05 14:42:31.660, 21096, 100
2026/08/05 14:42:32.661, 21096, 100
2026/08/05 14:42:33.663, 21096, 100
2026/08/05 14:42:34.664, 21096, 100
2026/08/05 14:42:35.665, 21096, 100
2026/08/05 14:42:36.667, 21096, 100
2026/08/05 14:42:37.668, 21096, 100
2026/08/05 14:42:38.669, 21096, 100
2026/08/05 14:42:39.670, 21096, 100
2026/08/05 14:42:40.672, 21096, 100
2026/08/05 14:42:41.673, 21096, 100
2026/08/05 14:42:42.674, 21096, 100
2026/08/05 14:42:43.676, 21096, 100
2026/08/05 14:42:44.677, 21096, 100
2026/08/05 14:42:45.678, 21096, 100
2026/08/05 14:42:46.680, 21096, 100
2026/08/05 14:42:47.681, 21096, 84
2026/08/05 14:42:48.682, 21096, 100
2026/08/05 14:42:49.684, 21096, 86
2026/08/05 14:42:50.685, 21096, 91
2026/08/05 14:42:51.686, 21096, 100
2026/08/05 14:42:52.688, 21096, 93
2026/08/05 14:42:53.689, 21096, 100
2026/08/05 14:42:54.691, 21096, 100
2026/08/05 14:42:55.692, 21096, 100
2026/08/05 14:42:56.693, 21096, 100
2026/08/05 14:42:57.695, 21096, 100
2026/08/05 14:42:58.696, 21096, 100
2026/08/05 14:42:59.697, 21096, 100
2026/08/05 14:43:00.699, 21096, 92
2026/08/05 14:43:01.700, 21096, 100
2026/08/05 14:43:02.702, 21096, 100
2026/08/05 14:43:03.703, 21096, 100
2026/08/05 14:43:04.704, 21096, 96
2026/08/05 14:43:05.706, 21096, 100
2026/08/05 14:43:06.707, 21096, 100
2026/08/05 14:43:07.709, 21096, 100
2026/08/05 14:43:08.710, 21096, 89
2026/08/05 14:43:09.711, 21096, 100
2026/08/05 14:43:10.712, 21096, 100
2026/08/05 14:43:11.713, 21096, 100
2026/08/05 14:43:12.714, 21096, 100
2026/08/05 14:43:13.715, 21096, 100
2026/08/05 14:43:14.717, 21096, 100
2026/08/05 14:43:15.718, 21096, 100
2026/08/05 14:43:16.719, 21096, 100
2026/08/05 14:43:17.721, 21096, 100
2026/08/05 14:43:18.722, 21096, 90
2026/08/05 14:43:19.724, 21096, 83
2026/08/05 14:43:20.725, 21096, 100
2026/08/05 14:43:21.726, 21096, 83
2026/08/05 14:43:22.728, 21096, 100
2026/08/05 14:43:23.729, 21096, 100
2026/08/05 14:43:24.731, 21096, 100
2026/08/05 14:43:25.732, 21096, 100
2026/08/05 14:43:26.733, 21096, 100
2026/08/05 14:43:27.735, 21096, 100
2026/08/05 14:43:28.736, 21096, 100
2026/08/05 14:43:29.738, 21096, 100
2026/08/05 14:43:30.739, 21096, 100
2026/08/05 14:43:31.741, 21096, 100
2026/08/05 14:43:32.742, 21096, 81
2026/08/05 14:43:33.743, 21096, 63
2026/08/05 14:43:34.745, 21096, 100
2026/08/05 14:43:35.746, 21096, 100
2026/08/05 14:43:36.748, 21096, 100
2026/08/05 14:43:37.749, 21096, 100
2026/08/05 14:43:38.750, 21096, 84
2026/08/05 14:43:39.752, 21096, 84
2026/08/05 14:43:40.753, 21096, 100
2026/08/05 14:43:41.755, 21096, 100
2026/08/05 14:43:42.756, 21096, 100
2026/08/05 14:43:43.758, 21096, 100
2026/08/05 14:43:44.759, 21096, 100
2026/08/05 14:43:45.760, 21096, 100
2026/08/05 14:43:46.762, 21096, 100
2026/08/05 14:43:47.763, 21096, 100
2026/08/05 14:43:48.765, 21096, 100
2026/08/05 14:43:49.766, 21096, 100
2026/08/05 14:43:50.767, 21096, 100
2026/08/05 14:43:51.769, 21096, 100
2026/08/05 14:43:52.770, 21096, 100
2026/08/05 14:43:53.771, 21096, 100
2026/08/05 14:43:54.773, 21096, 100
2026/08/05 14:43:55.774, 21096, 84
2026/08/05 14:43:56.776, 21096, 85
2026/08/05 14:43:57.777, 21096, 85
2026/08/05 14:43:58.778, 21096, 100
2026/08/05 14:43:59.780, 21096, 100
2026/08/05 14:44:00.781, 21096, 100
2026/08/05 14:44:01.782, 21096, 100
2026/08/05 14:44:02.784, 21096, 100
2026/08/05 14:44:03.785, 21096, 100
2026/08/05 14:44:04.786, 21096, 100
2026/08/05 14:44:05.788, 21096, 100
2026/08/05 14:44:06.789, 21096, 100
2026/08/05 14:44:07.791, 21096, 100
2026/08/05 14:44:08.792, 21096, 100
2026/08/05 14:44:09.794, 21096, 98
2026/08/05 14:44:10.795, 21096, 100
2026/08/05 14:44:11.796, 21096, 100
2026/08/05 14:44:12.797, 21096, 100
2026/08/05 14:44:13.798, 21096, 100
2026/08/05 14:44:14.800, 21096, 100
2026/08/05 14:44:15.801, 21096, 100
2026/08/05 14:44:16.803, 21096, 100
2026/08/05 14:44:17.804, 21096, 100
2026/08/05 14:44:18.805, 21096, 100
2026/08/05 14:44:19.807, 21096, 100
2026/08/05 14:44:20.808, 21096, 100
2026/08/05 14:44:21.810, 21096, 100
2026/08/05 14:44:22.810, 21096, 100
2026/08/05 14:44:23.811, 21096, 100
2026/08/05 14:44:24.812, 21096, 100
2026/08/05 14:44:25.814, 21096, 100
2026/08/05 14:44:26.815, 21096, 100
2026/08/05 14:44:27.816, 21096, 100
2026/08/05 14:44:28.818, 21096, 100
2026/08/05 14:44:29.819, 21096, 83
2026/08/05 14:44:30.821, 21096, 84
2026/08/05 14:44:31.822, 21096, 100
2026/08/05 14:44:32.823, 21096, 100
2026/08/05 14:44:33.824, 21096, 98
2026/08/05 14:44:34.824, 21096, 100
2026/08/05 14:44:35.825, 21096, 100
2026/08/05 14:44:36.826, 21096, 100
2026/08/05 14:44:37.828, 21096, 100
2026/08/05 14:44:38.829, 21096, 89
2026/08/05 14:44:39.831, 21096, 100
2026/08/05 14:44:40.832, 21096, 100
2026/08/05 14:44:41.834, 21096, 100
2026/08/05 14:44:42.835, 21096, 100
2026/08/05 14:44:43.836, 21096, 100
2026/08/05 14:44:44.838, 21096, 100
2026/08/05 14:44:45.839, 21096, 100
2026/08/05 14:44:46.841, 21096, 62
2026/08/05 14:44:47.842, 21096, 85
2026/08/05 14:44:48.843, 21096, 100
2026/08/05 14:44:49.845, 21096, 100
2026/08/05 14:44:50.846, 21096, 74
2026/08/05 14:44:51.848, 21096, 100
2026/08/05 14:44:52.848, 21096, 100
2026/08/05 14:44:53.850, 21096, 100
2026/08/05 14:44:54.851, 21096, 100
2026/08/05 14:44:55.851, 21096, 96
2026/08/05 14:44:56.852, 21096, 100
2026/08/05 14:44:57.853, 21096, 100
2026/08/05 14:44:58.855, 21096, 100
2026/08/05 14:44:59.856, 21096, 100
2026/08/05 14:45:00.858, 21096, 100
2026/08/05 14:45:01.859, 21096, 100
2026/08/05 14:45:02.861, 21096, 81
2026/08/05 14:45:03.861, 21096, 100
2026/08/05 14:45:04.861, 21096, 100
2026/08/05 14:45:05.862, 21096, 100
2026/08/05 14:45:06.863, 21096, 100
2026/08/05 14:45:07.864, 21096, 100
2026/08/05 14:45:08.865, 21096, 100
2026/08/05 14:45:09.867, 21096, 100
2026/08/05 14:45:10.868, 21096, 100
2026/08/05 14:45:11.870, 21096, 100
2026/08/05 14:45:12.871, 21096, 100
2026/08/05 14:45:13.872, 21096, 100
2026/08/05 14:45:14.872, 21096, 100
2026/08/05 14:45:15.874, 21096, 100
2026/08/05 14:45:16.875, 21096, 100
2026/08/05 14:45:17.876, 21096, 98
2026/08/05 14:45:18.878, 21096, 100
2026/08/05 14:45:19.878, 21096, 100
2026/08/05 14:45:20.880, 21096, 100
2026/08/05 14:45:21.880, 21096, 100
2026/08/05 14:45:22.881, 21096, 82
2026/08/05 14:45:23.881, 21096, 62
2026/08/05 14:45:24.883, 21096, 100
2026/08/05 14:45:25.883, 21096, 100
2026/08/05 14:45:26.883, 21096, 100
2026/08/05 14:45:27.885, 21096, 100
2026/08/05 14:45:28.886, 21096, 100
2026/08/05 14:45:29.888, 21096, 100
2026/08/05 14:45:30.889, 21096, 100
2026/08/05 14:45:31.891, 21096, 82
2026/08/05 14:45:32.892, 21096, 100
2026/08/05 14:45:33.893, 21096, 100
2026/08/05 14:45:34.895, 21096, 100
2026/08/05 14:45:35.896, 21096, 100
2026/08/05 14:45:36.898, 21096, 100
2026/08/05 14:45:37.899, 21096, 100
2026/08/05 14:45:38.900, 21096, 100
2026/08/05 14:45:39.902, 21096, 100
2026/08/05 14:45:40.903, 21096, 100
2026/08/05 14:45:41.905, 21096, 100
2026/08/05 14:45:42.906, 21096, 100
2026/08/05 14:45:43.908, 21096, 99
2026/08/05 14:45:44.909, 21096, 100
2026/08/05 14:45:45.911, 21096, 100
2026/08/05 14:45:46.912, 21096, 100
2026/08/05 14:45:47.913, 21096, 100
2026/08/05 14:45:48.915, 21096, 100
2026/08/05 14:45:49.916, 21096, 100
2026/08/05 14:45:50.918, 21096, 100
2026/08/05 14:45:51.919, 21096, 84
2026/08/05 14:45:52.920, 21096, 100
2026/08/05 14:45:53.922, 21096, 100
2026/08/05 14:45:54.923, 21096, 99
2026/08/05 14:45:55.925, 21096, 100
2026/08/05 14:45:56.926, 21096, 100
2026/08/05 14:45:57.927, 21096, 100
2026/08/05 14:45:58.929, 21096, 100
2026/08/05 14:45:59.930, 21096, 100
2026/08/05 14:46:00.932, 21096, 76
2026/08/05 14:46:01.933, 21096, 100
2026/08/05 14:46:02.934, 21096, 100
2026/08/05 14:46:03.936, 21096, 84
2026/08/05 14:46:04.937, 21096, 100
2026/08/05 14:46:05.939, 21096, 100
2026/08/05 14:46:06.940, 21096, 100
2026/08/05 14:46:07.942, 21096, 100
2026/08/05 14:46:08.943, 21096, 100
2026/08/05 14:46:09.944, 21096, 81
2026/08/05 14:46:10.946, 21096, 100
2026/08/05 14:46:11.947, 21096, 100
2026/08/05 14:46:12.948, 21096, 100
2026/08/05 14:46:13.949, 21096, 100
2026/08/05 14:46:14.950, 21096, 100
2026/08/05 14:46:15.951, 21096, 100
2026/08/05 14:46:16.952, 21096, 100
2026/08/05 14:46:17.954, 21096, 100
2026/08/05 14:46:18.955, 21096, 100
2026/08/05 14:46:19.957, 21096, 83
2026/08/05 14:46:20.958, 21096, 100
2026/08/05 14:46:21.959, 21096, 100
2026/08/05 14:46:22.961, 21096, 100
2026/08/05 14:46:23.962, 21096, 100
2026/08/05 14:46:24.964, 21096, 100
2026/08/05 14:46:25.965, 21096, 83
2026/08/05 14:46:26.967, 21096, 100
2026/08/05 14:46:27.968, 21096, 88
2026/08/05 14:46:28.969, 21096, 100
2026/08/05 14:46:29.971, 21096, 100
2026/08/05 14:46:30.972, 21096, 100
2026/08/05 14:46:31.973, 21096, 100
2026/08/05 14:46:32.975, 21096, 100
2026/08/05 14:46:33.976, 21096, 100
2026/08/05 14:46:34.978, 21096, 100
2026/08/05 14:46:35.979, 21096, 82
2026/08/05 14:46:36.980, 21096, 100
2026/08/05 14:46:37.982, 21096, 100
2026/08/05 14:46:38.983, 21096, 61
2026/08/05 14:46:39.985, 21096, 100
2026/08/05 14:46:40.986, 21096, 100
2026/08/05 14:46:41.988, 21096, 83
2026/08/05 14:46:42.989, 21096, 100
2026/08/05 14:46:43.990, 21096, 100
2026/08/05 14:46:44.990, 21096, 100
2026/08/05 14:46:45.991, 21096, 100
2026/08/05 14:46:46.991, 21096, 100
2026/08/05 14:46:47.992, 21096, 100
2026/08/05 14:46:48.994, 21096, 100
2026/08/05 14:46:49.995, 21096, 100
2026/08/05 14:46:50.997, 21096, 100
2026/08/05 14:46:51.998, 21096, 100
2026/08/05 14:46:52.999, 21096, 100
2026/08/05 14:46:54.001, 21096, 100
2026/08/05 14:46:55.002, 21096, 100
2026/08/05 14:46:56.004, 21096, 100
2026/08/05 14:46:57.005, 21096, 100
2026/08/05 14:46:58.006, 21096, 100
2026/08/05 14:46:59.008, 21096, 100
2026/08/05 14:47:00.009, 21096, 100
2026/08/05 14:47:01.011, 21096, 100
2026/08/05 14:47:02.012, 21096, 100
2026/08/05 14:47:03.013, 21096, 100
2026/08/05 14:47:04.014, 21096, 100
2026/08/05 14:47:05.015, 21096, 100
2026/08/05 14:47:06.017, 21096, 100
2026/08/05 14:47:07.018, 21096, 100
2026/08/05 14:47:08.019, 21096, 100
2026/08/05 14:47:09.021, 21096, 100
2026/08/05 14:47:10.022, 21096, 100
2026/08/05 14:47:11.024, 21096, 100
2026/08/05 14:47:12.025, 21096, 100
2026/08/05 14:47:13.026, 21096, 100
2026/08/05 14:47:14.028, 21096, 100
2026/08/05 14:47:15.029, 21096, 100
2026/08/05 14:47:16.031, 21096, 100
2026/08/05 14:47:17.032, 21096, 97
2026/08/05 14:47:18.034, 21096, 100
2026/08/05 14:47:19.035, 21096, 100
2026/08/05 14:47:20.036, 21096, 100
2026/08/05 14:47:21.037, 21096, 100
2026/08/05 14:47:22.038, 21096, 100
2026/08/05 14:47:23.040, 21096, 100
2026/08/05 14:47:24.041, 21096, 100
2026/08/05 14:47:25.043, 21096, 100
2026/08/05 14:47:26.044, 21096, 100
2026/08/05 14:47:27.045, 21096, 100
2026/08/05 14:47:28.047, 21096, 100
2026/08/05 14:47:29.048, 21096, 100
2026/08/05 14:47:30.050, 21096, 100
2026/08/05 14:47:31.051, 21096, 100
2026/08/05 14:47:32.052, 21096, 100
2026/08/05 14:47:33.054, 21096, 96
2026/08/05 14:47:34.055, 21096, 92
2026/08/05 14:47:35.057, 21096, 86
2026/08/05 14:47:36.058, 21096, 100
2026/08/05 14:47:37.059, 21096, 100
2026/08/05 14:47:38.061, 21096, 100
2026/08/05 14:47:39.062, 21096, 100
2026/08/05 14:47:40.064, 21096, 100
2026/08/05 14:47:41.065, 21096, 100
2026/08/05 14:47:42.066, 21096, 100
2026/08/05 14:47:43.068, 21096, 100
2026/08/05 14:47:44.069, 21096, 100
2026/08/05 14:47:45.070, 21096, 100
2026/08/05 14:47:46.072, 21096, 86
2026/08/05 14:47:47.073, 21096, 100
2026/08/05 14:47:48.074, 21096, 100
2026/08/05 14:47:49.076, 21096, 100
2026/08/05 14:47:50.077, 21096, 100
2026/08/05 14:47:51.079, 21096, 100
2026/08/05 14:47:52.080, 21096, 100
2026/08/05 14:47:53.082, 21096, 65
2026/08/05 14:47:54.083, 21096, 100
2026/08/05 14:47:55.084, 21096, 100
2026/08/05 14:47:56.086, 21096, 100
2026/08/05 14:47:57.087, 21096, 100
2026/08/05 14:47:58.087, 21096, 100
2026/08/05 14:47:59.089, 21096, 100
2026/08/05 14:48:00.090, 21096, 100
2026/08/05 14:48:01.091, 21096, 83
2026/08/05 14:48:02.093, 21096, 100
2026/08/05 14:48:03.094, 21096, 100
2026/08/05 14:48:04.095, 21096, 100
2026/08/05 14:48:05.096, 21096, 100
2026/08/05 14:48:06.098, 21096, 85
2026/08/05 14:48:07.099, 21096, 100
2026/08/05 14:48:08.099, 21096, 100
2026/08/05 14:48:09.101, 21096, 100
2026/08/05 14:48:10.102, 21096, 100
2026/08/05 14:48:11.104, 21096, 100
2026/08/05 14:48:12.104, 21096, 100
2026/08/05 14:48:13.105, 21096, 100
2026/08/05 14:48:14.106, 21096, 100
2026/08/05 14:48:15.107, 21096, 100
2026/08/05 14:48:16.109, 21096, 100
2026/08/05 14:48:17.110, 21096, 100
2026/08/05 14:48:18.111, 21096, 80
2026/08/05 14:48:19.112, 21096, 100
2026/08/05 14:48:20.113, 21096, 100
2026/08/05 14:48:21.115, 21096, 100
2026/08/05 14:48:22.116, 21096, 84
2026/08/05 14:48:23.118, 21096, 100
2026/08/05 14:48:24.119, 21096, 83
2026/08/05 14:48:25.121, 21096, 100
2026/08/05 14:48:26.122, 21096, 100
2026/08/05 14:48:27.122, 21096, 100
2026/08/05 14:48:28.123, 21096, 86
2026/08/05 14:48:29.124, 21096, 100
2026/08/05 14:48:30.125, 21096, 100
2026/08/05 14:48:31.126, 21096, 100
2026/08/05 14:48:32.128, 21096, 100
2026/08/05 14:48:33.129, 21096, 100
2026/08/05 14:48:34.130, 21096, 100
2026/08/05 14:48:35.132, 21096, 100
2026/08/05 14:48:36.133, 21096, 100
2026/08/05 14:48:37.135, 21096, 100
2026/08/05 14:48:38.136, 21096, 100
2026/08/05 14:48:39.137, 21096, 100
2026/08/05 14:48:40.139, 21096, 100
2026/08/05 14:48:41.140, 21096, 100
2026/08/05 14:48:42.142, 21096, 100
2026/08/05 14:48:43.143, 21096, 100
2026/08/05 14:48:44.144, 21096, 100
2026/08/05 14:48:45.146, 21096, 100
2026/08/05 14:48:46.147, 21096, 100
2026/08/05 14:48:47.149, 21096, 100
2026/08/05 14:48:48.150, 21096, 100
2026/08/05 14:48:49.151, 21096, 100
2026/08/05 14:48:50.153, 21096, 100
2026/08/05 14:48:51.154, 21096, 93
2026/08/05 14:48:52.156, 21096, 100
2026/08/05 14:48:53.156, 21096, 100
2026/08/05 14:48:54.158, 21096, 80
2026/08/05 14:48:55.159, 21096, 86
2026/08/05 14:48:56.160, 21096, 100
2026/08/05 14:48:57.162, 21096, 100
2026/08/05 14:48:58.163, 21096, 100
2026/08/05 14:48:59.164, 21096, 100
2026/08/05 14:49:00.165, 21096, 100
2026/08/05 14:49:01.166, 21096, 100
2026/08/05 14:49:02.168, 21096, 100
2026/08/05 14:49:03.169, 21096, 83
2026/08/05 14:49:04.171, 21096, 100
2026/08/05 14:49:05.172, 21096, 100
2026/08/05 14:49:06.173, 21096, 98
2026/08/05 14:49:07.175, 21096, 100
2026/08/05 14:49:08.176, 21096, 100
2026/08/05 14:49:09.178, 21096, 100
2026/08/05 14:49:10.179, 21096, 100
2026/08/05 14:49:11.181, 21096, 100
2026/08/05 14:49:12.182, 21096, 100
2026/08/05 14:49:13.183, 21096, 100
2026/08/05 14:49:14.185, 21096, 100
2026/08/05 14:49:15.186, 21096, 100
2026/08/05 14:49:16.188, 21096, 100
2026/08/05 14:49:17.189, 21096, 100
2026/08/05 14:49:18.190, 21096, 65
2026/08/05 14:49:19.192, 21096, 100
2026/08/05 14:49:20.193, 21096, 100
2026/08/05 14:49:21.195, 21096, 100
2026/08/05 14:49:22.196, 21096, 100
2026/08/05 14:49:23.198, 21096, 100
2026/08/05 14:49:24.199, 21096, 100
2026/08/05 14:49:25.200, 21096, 100
2026/08/05 14:49:26.202, 21096, 100
2026/08/05 14:49:27.203, 21096, 100
2026/08/05 14:49:28.205, 21096, 100
2026/08/05 14:49:29.206, 21096, 100
2026/08/05 14:49:30.207, 21096, 100
2026/08/05 14:49:31.209, 21096, 100
2026/08/05 14:49:32.210, 21096, 100
2026/08/05 14:49:33.212, 21096, 97
2026/08/05 14:49:34.213, 21096, 100
2026/08/05 14:49:35.214, 21096, 100
2026/08/05 14:49:36.216, 21096, 100
2026/08/05 14:49:37.217, 21096, 100
2026/08/05 14:49:38.219, 21096, 100
2026/08/05 14:49:39.220, 21096, 100
2026/08/05 14:49:40.222, 21096, 100
2026/08/05 14:49:41.223, 21096, 83
2026/08/05 14:49:42.224, 21096, 100
2026/08/05 14:49:43.226, 21096, 100
2026/08/05 14:49:44.227, 21096, 100
2026/08/05 14:49:45.229, 21096, 98
2026/08/05 14:49:46.230, 21096, 100
2026/08/05 14:49:47.231, 21096, 100
2026/08/05 14:49:48.232, 21096, 100
2026/08/05 14:49:49.233, 21096, 62
2026/08/05 14:49:50.235, 21096, 83
2026/08/05 14:49:51.236, 21096, 100
2026/08/05 14:49:52.238, 21096, 100
2026/08/05 14:49:53.239, 21096, 100
2026/08/05 14:49:54.240, 21096, 100
2026/08/05 14:49:55.242, 21096, 100
2026/08/05 14:49:56.243, 21096, 100
2026/08/05 14:49:57.245, 21096, 100
2026/08/05 14:49:58.246, 21096, 100
2026/08/05 14:49:59.247, 21096, 100
2026/08/05 14:50:00.248, 21096, 100
2026/08/05 14:50:01.249, 21096, 100
2026/08/05 14:50:02.250, 21096, 100
2026/08/05 14:50:03.252, 21096, 100
2026/08/05 14:50:04.254, 21096, 100
2026/08/05 14:50:05.255, 21096, 100
2026/08/05 14:50:06.257, 21096, 100
2026/08/05 14:50:07.258, 21096, 100
2026/08/05 14:50:08.260, 21096, 100
2026/08/05 14:50:09.261, 21096, 100
2026/08/05 14:50:10.262, 21096, 100
2026/08/05 14:50:11.264, 21096, 100
2026/08/05 14:50:12.264, 21096, 84
2026/08/05 14:50:13.265, 21096, 82
2026/08/05 14:50:14.267, 21096, 100
2026/08/05 14:50:15.268, 21096, 93
2026/08/05 14:50:16.270, 21096, 100
2026/08/05 14:50:17.271, 21096, 100
2026/08/05 14:50:18.273, 21096, 100
2026/08/05 14:50:19.274, 21096, 100
2026/08/05 14:50:20.275, 21096, 100
2026/08/05 14:50:21.277, 21096, 100
2026/08/05 14:50:22.278, 21096, 100
2026/08/05 14:50:23.279, 21096, 100
2026/08/05 14:50:24.281, 21096, 100
2026/08/05 14:50:25.282, 21096, 100
2026/08/05 14:50:26.283, 21096, 100
2026/08/05 14:50:27.285, 21096, 100
2026/08/05 14:50:28.285, 21096, 100
2026/08/05 14:50:29.286, 21096, 100
2026/08/05 14:50:30.288, 21096, 100
2026/08/05 14:50:31.289, 21096, 100
2026/08/05 14:50:32.289, 21096, 100
2026/08/05 14:50:33.290, 21096, 100
2026/08/05 14:50:34.291, 21096, 100
2026/08/05 14:50:35.293, 21096, 100
2026/08/05 14:50:36.294, 21096, 100
2026/08/05 14:50:37.295, 21096, 100
2026/08/05 14:50:38.297, 21096, 100
2026/08/05 14:50:39.298, 21096, 100
2026/08/05 14:50:40.300, 21096, 100
2026/08/05 14:50:41.301, 21096, 100
2026/08/05 14:50:42.302, 21096, 81
2026/08/05 14:50:43.304, 21096, 84
2026/08/05 14:50:44.305, 21096, 100
2026/08/05 14:50:45.307, 21096, 100
2026/08/05 14:50:46.308, 21096, 100
2026/08/05 14:50:47.309, 21096, 100
2026/08/05 14:50:48.311, 21096, 100
2026/08/05 14:50:49.312, 21096, 100
2026/08/05 14:50:50.314, 21096, 84
2026/08/05 14:50:51.315, 21096, 100
2026/08/05 14:50:52.316, 21096, 100
2026/08/05 14:50:53.318, 21096, 100
2026/08/05 14:50:54.319, 21096, 100
2026/08/05 14:50:55.320, 21096, 100
2026/08/05 14:50:56.322, 21096, 100
2026/08/05 14:50:57.323, 21096, 84
2026/08/05 14:50:58.325, 21096, 100
2026/08/05 14:50:59.326, 21096, 100
2026/08/05 14:51:00.327, 21096, 100
2026/08/05 14:51:01.329, 21096, 100
2026/08/05 14:51:02.330, 21096, 100
2026/08/05 14:51:03.331, 21096, 96
2026/08/05 14:51:04.333, 21096, 100
2026/08/05 14:51:05.334, 21096, 91
2026/08/05 14:51:06.336, 21096, 64
2026/08/05 14:51:07.337, 21096, 85
2026/08/05 14:51:08.338, 21096, 100
2026/08/05 14:51:09.340, 21096, 100
2026/08/05 14:51:10.341, 21096, 100
2026/08/05 14:51:11.342, 21096, 100
2026/08/05 14:51:12.344, 21096, 83
2026/08/05 14:51:13.344, 21096, 65
2026/08/05 14:51:14.346, 21096, 100
2026/08/05 14:51:15.347, 21096, 100
2026/08/05 14:51:16.348, 21096, 100
2026/08/05 14:51:17.350, 21096, 100
2026/08/05 14:51:18.351, 21096, 100
2026/08/05 14:51:19.355, 21096, 100
2026/08/05 14:51:20.356, 21096, 100
2026/08/05 14:51:21.358, 21096, 100
2026/08/05 14:51:22.359, 21096, 100
2026/08/05 14:51:23.360, 21096, 85
2026/08/05 14:51:24.362, 21096, 100
2026/08/05 14:51:25.362, 21096, 100
2026/08/05 14:51:26.362, 21096, 100
2026/08/05 14:51:27.363, 21096, 100
2026/08/05 14:51:28.364, 21096, 85
2026/08/05 14:51:29.366, 21096, 100
2026/08/05 14:51:30.367, 21096, 100
2026/08/05 14:51:31.368, 21096, 100
2026/08/05 14:51:32.369, 21096, 100
2026/08/05 14:51:33.370, 21096, 100
2026/08/05 14:51:34.370, 21096, 83
2026/08/05 14:51:35.371, 21096, 100
2026/08/05 14:51:36.372, 21096, 100
2026/08/05 14:51:37.372, 21096, 100
2026/08/05 14:51:38.373, 21096, 100
2026/08/05 14:51:39.373, 21096, 100
2026/08/05 14:51:40.374, 21096, 100
2026/08/05 14:51:41.374, 21096, 100
2026/08/05 14:51:42.374, 21096, 100
2026/08/05 14:51:43.376, 21096, 80
2026/08/05 14:51:44.377, 21096, 100
2026/08/05 14:51:45.378, 21096, 100
2026/08/05 14:51:46.379, 21096, 100
2026/08/05 14:51:47.379, 21096, 100
2026/08/05 14:51:48.379, 21096, 85
2026/08/05 14:51:49.380, 21096, 100
2026/08/05 14:51:50.380, 21096, 100
2026/08/05 14:51:51.380, 21096, 100
2026/08/05 14:51:52.381, 21096, 100
2026/08/05 14:51:53.382, 21096, 100
2026/08/05 14:51:54.382, 21096, 100
2026/08/05 14:51:55.384, 21096, 66
2026/08/05 14:51:56.384, 21096, 100
2026/08/05 14:51:57.385, 21096, 100
2026/08/05 14:51:58.385, 21096, 100
2026/08/05 14:51:59.386, 21096, 58
2026/08/05 14:52:00.388, 21096, 100
2026/08/05 14:52:01.388, 21096, 100
2026/08/05 14:52:02.388, 21096, 100
2026/08/05 14:52:03.389, 21096, 100
2026/08/05 14:52:04.389, 21096, 100
2026/08/05 14:52:05.389, 21096, 92
2026/08/05 14:52:06.391, 21096, 100
2026/08/05 14:52:07.392, 21096, 100
2026/08/05 14:52:08.393, 21096, 100
2026/08/05 14:52:09.394, 21096, 100
2026/08/05 14:52:10.395, 21096, 100
2026/08/05 14:52:11.396, 21096, 100
2026/08/05 14:52:12.396, 21096, 100
2026/08/05 14:52:13.396, 21096, 100
2026/08/05 14:52:14.397, 21096, 100
2026/08/05 14:52:15.397, 21096, 85
2026/08/05 14:52:16.397, 21096, 83
2026/08/05 14:52:17.398, 21096, 100
2026/08/05 14:52:18.399, 21096, 100
2026/08/05 14:52:19.400, 21096, 100
2026/08/05 14:52:20.402, 21096, 100
2026/08/05 14:52:21.403, 21096, 100
2026/08/05 14:52:22.405, 21096, 100
2026/08/05 14:52:23.406, 21096, 100
2026/08/05 14:52:24.406, 21096, 100
2026/08/05 14:52:25.408, 21096, 100
2026/08/05 14:52:26.409, 21096, 88
2026/08/05 14:52:27.411, 21096, 78
2026/08/05 14:52:28.412, 21096, 100
2026/08/05 14:52:29.413, 21096, 100
2026/08/05 14:52:30.415, 21096, 100
2026/08/05 14:52:31.416, 21096, 100
2026/08/05 14:52:32.417, 21096, 100
2026/08/05 14:52:33.419, 21096, 100
2026/08/05 14:52:34.420, 21096, 93
2026/08/05 14:52:35.422, 21096, 100
2026/08/05 14:52:36.423, 21096, 100
2026/08/05 14:52:37.424, 21096, 85
2026/08/05 14:52:38.425, 21096, 100
2026/08/05 14:52:39.425, 21096, 84
2026/08/05 14:52:40.427, 21096, 100
2026/08/05 14:52:41.428, 21096, 100
2026/08/05 14:52:42.429, 21096, 100
2026/08/05 14:52:43.431, 21096, 100
2026/08/05 14:52:44.432, 21096, 100
2026/08/05 14:52:45.434, 21096, 100
2026/08/05 14:52:46.435, 21096, 100
2026/08/05 14:52:47.436, 21096, 100
2026/08/05 14:52:48.438, 21096, 100
2026/08/05 14:52:49.439, 21096, 100
2026/08/05 14:52:50.440, 21096, 100
2026/08/05 14:52:51.442, 21096, 100
2026/08/05 14:52:52.443, 21096, 100
2026/08/05 14:52:53.445, 21096, 100
2026/08/05 14:52:54.445, 21096, 100
2026/08/05 14:52:55.446, 21096, 100
2026/08/05 14:52:56.448, 21096, 100
2026/08/05 14:52:57.449, 21096, 100
2026/08/05 14:52:58.450, 21096, 100
2026/08/05 14:52:59.452, 21096, 100
2026/08/05 14:53:00.453, 21096, 100
2026/08/05 14:53:01.455, 21096, 100
2026/08/05 14:53:02.456, 21096, 100
2026/08/05 14:53:03.456, 21096, 100
2026/08/05 14:53:04.458, 21096, 100
2026/08/05 14:53:05.459, 21096, 100
2026/08/05 14:53:06.459, 21096, 100
2026/08/05 14:53:07.461, 21096, 100
2026/08/05 14:53:08.461, 21096, 100
2026/08/05 14:53:09.463, 21096, 100
2026/08/05 14:53:10.463, 21096, 100
2026/08/05 14:53:11.463, 21096, 100
2026/08/05 14:53:12.464, 21096, 100
2026/08/05 14:53:13.465, 21096, 100
2026/08/05 14:53:14.466, 21096, 100
2026/08/05 14:53:15.467, 21096, 85
2026/08/05 14:53:16.468, 21096, 100
2026/08/05 14:53:17.470, 21096, 100
2026/08/05 14:53:18.471, 21096, 100
2026/08/05 14:53:19.471, 21096, 87
2026/08/05 14:53:20.472, 21096, 100
2026/08/05 14:53:21.472, 21096, 84
2026/08/05 14:53:22.472, 21096, 100
2026/08/05 14:53:23.473, 21096, 100
2026/08/05 14:53:24.473, 21096, 100
2026/08/05 14:53:25.474, 21096, 100
2026/08/05 14:53:26.476, 21096, 100
2026/08/05 14:53:27.476, 21096, 100
2026/08/05 14:53:28.476, 21096, 100
2026/08/05 14:53:29.478, 21096, 100
2026/08/05 14:53:30.479, 21096, 100
2026/08/05 14:53:31.481, 21096, 100
2026/08/05 14:53:32.481, 21096, 100
2026/08/05 14:53:33.481, 21096, 83
2026/08/05 14:53:34.482, 21096, 91
2026/08/05 14:53:35.482, 21096, 100
2026/08/05 14:53:36.482, 21096, 72
2026/08/05 14:53:37.484, 21096, 100
2026/08/05 14:53:38.485, 21096, 100
2026/08/05 14:53:39.485, 21096, 100
2026/08/05 14:53:40.487, 21096, 100
2026/08/05 14:53:41.487, 21096, 85
2026/08/05 14:53:42.488, 21096, 100
2026/08/05 14:53:43.490, 21096, 100
2026/08/05 14:53:44.491, 21096, 100
2026/08/05 14:53:45.491, 21096, 86
2026/08/05 14:53:46.493, 21096, 100
2026/08/05 14:53:47.494, 21096, 100
2026/08/05 14:53:48.494, 21096, 94
2026/08/05 14:53:49.495, 21096, 100
2026/08/05 14:53:50.495, 21096, 100
2026/08/05 14:53:51.495, 21096, 100
2026/08/05 14:53:52.496, 21096, 100
2026/08/05 14:53:53.496, 21096, 100
2026/08/05 14:53:54.498, 21096, 100
2026/08/05 14:53:55.498, 21096, 100
2026/08/05 14:53:56.498, 21096, 85
2026/08/05 14:53:57.500, 21096, 100
2026/08/05 14:53:58.500, 21096, 100
2026/08/05 14:53:59.501, 21096, 100
2026/08/05 14:54:00.502, 21096, 100
2026/08/05 14:54:01.503, 21096, 100
2026/08/05 14:54:02.504, 21096, 94
2026/08/05 14:54:03.505, 21096, 100
2026/08/05 14:54:04.505, 21096, 85
2026/08/05 14:54:05.506, 21096, 100
2026/08/05 14:54:06.506, 21096, 97
2026/08/05 14:54:07.506, 21096, 100
2026/08/05 14:54:08.508, 21096, 100
2026/08/05 14:54:09.508, 21096, 100
2026/08/05 14:54:10.508, 21096, 100
2026/08/05 14:54:11.509, 21096, 100
2026/08/05 14:54:12.509, 21096, 100
2026/08/05 14:54:13.511, 21096, 87
2026/08/05 14:54:14.511, 21096, 100
2026/08/05 14:54:15.512, 21096, 100
2026/08/05 14:54:16.514, 21096, 100
2026/08/05 14:54:17.514, 21096, 100
2026/08/05 14:54:18.514, 21096, 100
2026/08/05 14:54:19.515, 21096, 100
2026/08/05 14:54:20.515, 21096, 100
2026/08/05 14:54:21.515, 21096, 100
2026/08/05 14:54:22.516, 21096, 100
2026/08/05 14:54:23.517, 21096, 100
2026/08/05 14:54:24.519, 21096, 100
2026/08/05 14:54:25.520, 21096, 100
2026/08/05 14:54:26.521, 21096, 100
2026/08/05 14:54:27.523, 21096, 100
2026/08/05 14:54:28.523, 21096, 83
2026/08/05 14:54:29.523, 21096, 100
2026/08/05 14:54:30.524, 21096, 100
2026/08/05 14:54:31.524, 21096, 100
2026/08/05 14:54:32.525, 21096, 100
2026/08/05 14:54:33.525, 21096, 100
2026/08/05 14:54:34.525, 21096, 100
2026/08/05 14:54:35.527, 21096, 84
2026/08/05 14:54:36.528, 21096, 100
2026/08/05 14:54:37.528, 21096, 100
2026/08/05 14:54:38.529, 21096, 100
2026/08/05 14:54:39.530, 21096, 81
2026/08/05 14:54:40.531, 21096, 100
2026/08/05 14:54:41.533, 21096, 100
2026/08/05 14:54:42.534, 21096, 100
2026/08/05 14:54:43.536, 21096, 100
2026/08/05 14:54:44.537, 21096, 63
2026/08/05 14:54:45.538, 21096, 100
2026/08/05 14:54:46.540, 21096, 88
2026/08/05 14:54:47.541, 21096, 85
2026/08/05 14:54:48.543, 21096, 100
2026/08/05 14:54:49.544, 21096, 100
2026/08/05 14:54:50.545, 21096, 100
2026/08/05 14:54:51.546, 21096, 100
2026/08/05 14:54:52.547, 21096, 100
2026/08/05 14:54:53.547, 21096, 100
2026/08/05 14:54:54.548, 21096, 100
2026/08/05 14:54:55.548, 21096, 82
2026/08/05 14:54:56.548, 21096, 68
2026/08/05 14:54:57.550, 21096, 100
2026/08/05 14:54:58.550, 21096, 100
2026/08/05 14:54:59.550, 21096, 100
2026/08/05 14:55:00.551, 21096, 100
2026/08/05 14:55:01.551, 21096, 100
2026/08/05 14:55:02.552, 21096, 100
2026/08/05 14:55:03.553, 21096, 83
2026/08/05 14:55:04.554, 21096, 100
2026/08/05 14:55:05.556, 21096, 100
2026/08/05 14:55:06.556, 21096, 100
2026/08/05 14:55:07.556, 21096, 83
2026/08/05 14:55:08.557, 21096, 97
2026/08/05 14:55:09.557, 21096, 100
2026/08/05 14:55:10.557, 21096, 100
2026/08/05 14:55:11.557, 21096, 100
2026/08/05 14:55:12.559, 21096, 100
2026/08/05 14:55:13.559, 21096, 100
2026/08/05 14:55:14.559, 21096, 100
2026/08/05 14:55:15.561, 21096, 100
2026/08/05 14:55:16.561, 21096, 100
2026/08/05 14:55:17.561, 21096, 100
2026/08/05 14:55:18.562, 21096, 100
2026/08/05 14:55:19.562, 21096, 100
2026/08/05 14:55:20.562, 21096, 100
2026/08/05 14:55:21.563, 21096, 100
2026/08/05 14:55:22.564, 21096, 100
2026/08/05 14:55:23.564, 21096, 100
2026/08/05 14:55:24.565, 21096, 100
2026/08/05 14:55:25.565, 21096, 100
2026/08/05 14:55:26.565, 21096, 100
2026/08/05 14:55:27.566, 21096, 100
2026/08/05 14:55:28.566, 21096, 100
2026/08/05 14:55:29.566, 21096, 100
2026/08/05 14:55:30.567, 21096, 100
2026/08/05 14:55:31.567, 21096, 100
2026/08/05 14:55:32.567, 21096, 100
2026/08/05 14:55:33.568, 21096, 100
2026/08/05 14:55:34.568, 21096, 83
2026/08/05 14:55:35.569, 21096, 79
2026/08/05 14:55:36.569, 21096, 82
2026/08/05 14:55:37.569, 21096, 100
2026/08/05 14:55:38.570, 21096, 100
2026/08/05 14:55:39.570, 21096, 100
2026/08/05 14:55:40.570, 21096, 100
2026/08/05 14:55:41.571, 21096, 100
2026/08/05 14:55:42.571, 21096, 100
2026/08/05 14:55:43.571, 21096, 100
2026/08/05 14:55:44.572, 21096, 100
2026/08/05 14:55:45.572, 21096, 100
2026/08/05 14:55:46.572, 21096, 100
2026/08/05 14:55:47.573, 21096, 100
2026/08/05 14:55:48.573, 21096, 100
2026/08/05 14:55:49.573, 21096, 100
2026/08/05 14:55:50.575, 21096, 100
2026/08/05 14:55:51.575, 21096, 100
2026/08/05 14:55:52.575, 21096, 100
2026/08/05 14:55:53.576, 21096, 100
2026/08/05 14:55:54.576, 21096, 100
2026/08/05 14:55:55.576, 21096, 100
2026/08/05 14:55:56.578, 21096, 92
2026/08/05 14:55:57.578, 21096, 100
2026/08/05 14:55:58.578, 21096, 66
2026/08/05 14:55:59.579, 21096, 100
2026/08/05 14:56:00.579, 21096, 100
2026/08/05 14:56:01.579, 21096, 100
2026/08/05 14:56:02.580, 21096, 100
2026/08/05 14:56:03.580, 21096, 100
2026/08/05 14:56:04.580, 21096, 100
2026/08/05 14:56:05.581, 21096, 100
2026/08/05 14:56:06.581, 21096, 84
2026/08/05 14:56:07.581, 21096, 100
2026/08/05 14:56:08.582, 21096, 100
2026/08/05 14:56:09.582, 21096, 91
2026/08/05 14:56:10.582, 21096, 100
2026/08/05 14:56:11.583, 21096, 100
2026/08/05 14:56:12.583, 21096, 100
2026/08/05 14:56:13.583, 21096, 100
2026/08/05 14:56:14.584, 21096, 100
2026/08/05 14:56:15.584, 21096, 100
2026/08/05 14:56:16.584, 21096, 100
2026/08/05 14:56:17.585, 21096, 100
2026/08/05 14:56:18.586, 21096, 100
2026/08/05 14:56:19.587, 21096, 100
2026/08/05 14:56:20.587, 21096, 100
2026/08/05 14:56:21.588, 21096, 100
2026/08/05 14:56:22.589, 21096, 100
2026/08/05 14:56:23.589, 21096, 100
2026/08/05 14:56:24.591, 21096, 100
2026/08/05 14:56:25.591, 21096, 100
2026/08/05 14:56:26.591, 21096, 100
2026/08/05 14:56:27.592, 21096, 100
2026/08/05 14:56:28.592, 21096, 100
2026/08/05 14:56:29.593, 21096, 85
2026/08/05 14:56:30.595, 21096, 100
2026/08/05 14:56:31.596, 21096, 82
2026/08/05 14:56:32.598, 21096, 100
2026/08/05 14:56:33.599, 21096, 100
2026/08/05 14:56:34.600, 21096, 100
2026/08/05 14:56:35.602, 21096, 100
2026/08/05 14:56:36.602, 21096, 100
2026/08/05 14:56:37.602, 21096, 100
2026/08/05 14:56:38.603, 21096, 100
2026/08/05 14:56:39.603, 21096, 100
2026/08/05 14:56:40.604, 21096, 83
2026/08/05 14:56:41.606, 21096, 64
2026/08/05 14:56:42.607, 21096, 82
2026/08/05 14:56:43.607, 21096, 100
2026/08/05 14:56:44.609, 21096, 100
2026/08/05 14:56:45.610, 21096, 66
2026/08/05 14:56:46.610, 21096, 100
2026/08/05 14:56:47.611, 21096, 100
2026/08/05 14:56:48.611, 21096, 92
2026/08/05 14:56:49.611, 21096, 67
2026/08/05 14:56:50.612, 21096, 85
2026/08/05 14:56:51.613, 21096, 100
2026/08/05 14:56:52.613, 21096, 100
2026/08/05 14:56:53.614, 21096, 100
2026/08/05 14:56:54.614, 21096, 100
2026/08/05 14:56:55.614, 21096, 62
2026/08/05 14:56:56.615, 21096, 100
2026/08/05 14:56:57.616, 21096, 100
2026/08/05 14:56:58.618, 21096, 100
2026/08/05 14:56:59.619, 21096, 82
2026/08/05 14:57:00.619, 21096, 100
2026/08/05 14:57:01.620, 21096, 100
2026/08/05 14:57:02.621, 21096, 100
2026/08/05 14:57:03.622, 21096, 100
2026/08/05 14:57:04.623, 21096, 100
2026/08/05 14:57:05.623, 21096, 88
2026/08/05 14:57:06.623, 21096, 100
2026/08/05 14:57:07.624, 21096, 100
2026/08/05 14:57:08.624, 21096, 100
2026/08/05 14:57:09.624, 21096, 100
2026/08/05 14:57:10.624, 21096, 100
2026/08/05 14:57:11.626, 21096, 80
2026/08/05 14:57:12.627, 21096, 100
2026/08/05 14:57:13.629, 21096, 100
2026/08/05 14:57:14.629, 21096, 100
2026/08/05 14:57:15.629, 21096, 100
2026/08/05 14:57:16.630, 21096, 100
2026/08/05 14:57:17.630, 21096, 100
2026/08/05 14:57:18.630, 21096, 100
2026/08/05 14:57:19.630, 21096, 100
2026/08/05 14:57:20.632, 21096, 82
2026/08/05 14:57:21.632, 21096, 100
2026/08/05 14:57:22.632, 21096, 84
2026/08/05 14:57:23.633, 21096, 100
2026/08/05 14:57:24.634, 21096, 100
2026/08/05 14:57:25.635, 21096, 100
2026/08/05 14:57:26.635, 21096, 100
2026/08/05 14:57:27.636, 21096, 100
2026/08/05 14:57:28.638, 21096, 100
2026/08/05 14:57:29.638, 21096, 100
2026/08/05 14:57:30.638, 21096, 100
2026/08/05 14:57:31.640, 21096, 100
2026/08/05 14:57:32.640, 21096, 100
2026/08/05 14:57:33.640, 21096, 100
2026/08/05 14:57:34.640, 21096, 100
2026/08/05 14:57:35.641, 21096, 100
2026/08/05 14:57:36.641, 21096, 100
2026/08/05 14:57:37.641, 21096, 100
2026/08/05 14:57:38.642, 21096, 100
2026/08/05 14:57:39.642, 21096, 100
2026/08/05 14:57:40.642, 21096, 100
2026/08/05 14:57:41.643, 21096, 100
2026/08/05 14:57:42.643, 21096, 100
2026/08/05 14:57:43.643, 21096, 100
2026/08/05 14:57:44.644, 21096, 100
2026/08/05 14:57:45.644, 21096, 100
2026/08/05 14:57:46.644, 21096, 100
2026/08/05 14:57:47.645, 21096, 100
2026/08/05 14:57:48.645, 21096, 100
2026/08/05 14:57:49.645, 21096, 100
2026/08/05 14:57:50.645, 21096, 100
2026/08/05 14:57:51.647, 21096, 100
2026/08/05 14:57:52.647, 21096, 100
2026/08/05 14:57:53.647, 21096, 100
2026/08/05 14:57:54.648, 21096, 100
2026/08/05 14:57:55.648, 21096, 100
2026/08/05 14:57:56.648, 21096, 100
2026/08/05 14:57:57.649, 21096, 100
2026/08/05 14:57:58.650, 21096, 83
2026/08/05 14:57:59.650, 21096, 100
2026/08/05 14:58:00.651, 21096, 100
2026/08/05 14:58:01.651, 21096, 100
2026/08/05 14:58:02.652, 21096, 100
2026/08/05 14:58:03.653, 21096, 100
2026/08/05 14:58:04.654, 21096, 100
2026/08/05 14:58:05.654, 21096, 100
2026/08/05 14:58:06.655, 21096, 100
2026/08/05 14:58:07.655, 21096, 100
2026/08/05 14:58:08.655, 21096, 100
2026/08/05 14:58:09.656, 21096, 100
2026/08/05 14:58:10.656, 21096, 100
2026/08/05 14:58:11.656, 21096, 100
2026/08/05 14:58:12.657, 21096, 100
2026/08/05 14:58:13.657, 21096, 100
2026/08/05 14:58:14.657, 21096, 100
2026/08/05 14:58:15.658, 21096, 100
2026/08/05 14:58:16.658, 21096, 100
2026/08/05 14:58:17.658, 21096, 100
2026/08/05 14:58:18.659, 21096, 100
2026/08/05 14:58:19.659, 21096, 100
2026/08/05 14:58:20.659, 21096, 100
2026/08/05 14:58:21.660, 21096, 100
2026/08/05 14:58:22.661, 21096, 100
2026/08/05 14:58:23.662, 21096, 100
2026/08/05 14:58:24.662, 21096, 100
2026/08/05 14:58:25.663, 21096, 100
2026/08/05 14:58:26.663, 21096, 83
2026/08/05 14:58:27.667, 21096, 85
2026/08/05 14:58:28.667, 21096, 100
2026/08/05 14:58:29.668, 21096, 100
2026/08/05 14:58:30.668, 21096, 100
2026/08/05 14:58:31.668, 21096, 100
2026/08/05 14:58:32.670, 21096, 100
2026/08/05 14:58:33.671, 21096, 83
2026/08/05 14:58:34.671, 21096, 100
2026/08/05 14:58:35.672, 21096, 83
2026/08/05 14:58:36.672, 21096, 100
2026/08/05 14:58:37.672, 21096, 100
2026/08/05 14:58:38.673, 21096, 100
2026/08/05 14:58:39.673, 21096, 100
2026/08/05 14:58:40.673, 21096, 100
2026/08/05 14:58:41.674, 21096, 100
2026/08/05 14:58:42.674, 21096, 100
2026/08/05 14:58:43.674, 21096, 100
2026/08/05 14:58:44.675, 21096, 100
2026/08/05 14:58:45.675, 21096, 100
2026/08/05 14:58:46.676, 21096, 100
2026/08/05 14:58:47.676, 21096, 100
2026/08/05 14:58:48.676, 21096, 100
2026/08/05 14:58:49.677, 21096, 81
2026/08/05 14:58:50.677, 21096, 79
2026/08/05 14:58:51.677, 21096, 100
2026/08/05 14:58:52.677, 21096, 100
2026/08/05 14:58:53.678, 21096, 83
2026/08/05 14:58:54.678, 21096, 100
2026/08/05 14:58:55.678, 21096, 83
2026/08/05 14:58:56.679, 21096, 100
2026/08/05 14:58:57.679, 21096, 100
2026/08/05 14:58:58.679, 21096, 100
2026/08/05 14:58:59.680, 21096, 100
2026/08/05 14:59:00.680, 21096, 100
2026/08/05 14:59:01.680, 21096, 100
2026/08/05 14:59:02.680, 21096, 100
2026/08/05 14:59:03.681, 21096, 100
2026/08/05 14:59:04.681, 21096, 100
2026/08/05 14:59:05.681, 21096, 100
2026/08/05 14:59:06.682, 21096, 100
2026/08/05 14:59:07.682, 21096, 0
2026/08/05 14:59:08.682, 21096, 100
2026/08/05 14:59:09.683, 21096, 100
2026/08/05 14:59:10.683, 21096, 100
2026/08/05 14:59:11.683, 21096, 100
2026/08/05 14:59:12.684, 21096, 100
2026/08/05 14:59:13.684, 21096, 100
2026/08/05 14:59:14.684, 21096, 81
2026/08/05 14:59:15.685, 21096, 100
2026/08/05 14:59:16.685, 21096, 100
2026/08/05 14:59:17.685, 21096, 67
2026/08/05 14:59:18.686, 21096, 100
2026/08/05 14:59:19.686, 21096, 100
2026/08/05 14:59:20.686, 21096, 100
2026/08/05 14:59:21.686, 21096, 100
2026/08/05 14:59:22.687, 21096, 100
2026/08/05 14:59:23.687, 21096, 83
2026/08/05 14:59:24.687, 21096, 100
2026/08/05 14:59:25.688, 21096, 100
2026/08/05 14:59:26.688, 21096, 88
2026/08/05 14:59:27.689, 21096, 100
2026/08/05 14:59:28.689, 21096, 100
2026/08/05 14:59:29.689, 21096, 100
2026/08/05 14:59:30.690, 21096, 100
2026/08/05 14:59:31.690, 21096, 100
2026/08/05 14:59:32.690, 21096, 100
2026/08/05 14:59:33.690, 21096, 82
2026/08/05 14:59:34.691, 21096, 85
2026/08/05 14:59:35.691, 21096, 100
2026/08/05 14:59:36.691, 21096, 100
2026/08/05 14:59:37.692, 21096, 80
2026/08/05 14:59:38.692, 21096, 100
2026/08/05 14:59:39.692, 21096, 100
2026/08/05 14:59:40.693, 21096, 100
2026/08/05 14:59:41.693, 21096, 100
2026/08/05 14:59:42.693, 21096, 100
2026/08/05 14:59:43.694, 21096, 100
2026/08/05 14:59:44.694, 21096, 100
2026/08/05 14:59:45.694, 21096, 100
2026/08/05 14:59:46.695, 21096, 80
2026/08/05 14:59:47.695, 21096, 100
2026/08/05 14:59:48.695, 21096, 100
2026/08/05 14:59:49.696, 21096, 100
2026/08/05 14:59:50.696, 21096, 100
2026/08/05 14:59:51.696, 21096, 100
2026/08/05 14:59:52.697, 21096, 60
2026/08/05 14:59:53.697, 21096, 100
2026/08/05 14:59:54.697, 21096, 57
2026/08/05 14:59:55.697, 21096, 100
2026/08/05 14:59:56.698, 21096, 100
2026/08/05 14:59:57.698, 21096, 100
2026/08/05 14:59:58.698, 21096, 100
2026/08/05 14:59:59.699, 21096, 100
2026/08/05 15:00:00.699, 21096, 100
2026/08/05 15:00:01.700, 21096, 100
2026/08/05 15:00:02.700, 21096, 100
2026/08/05 15:00:03.700, 21096, 100
2026/08/05 15:00:04.701, 21096, 100
2026/08/05 15:00:05.701, 21096, 100
2026/08/05 15:00:06.702, 21096, 100
2026/08/05 15:00:07.702, 21096, 100
2026/08/05 15:00:08.702, 21096, 100
2026/08/05 15:00:09.702, 21096, 100
2026/08/05 15:00:10.702, 21096, 100
2026/08/05 15:00:11.703, 21096, 92
2026/08/05 15:00:12.703, 21096, 81
2026/08/05 15:00:13.703, 21096, 100
2026/08/05 15:00:14.703, 21096, 100
2026/08/05 15:00:15.704, 21096, 100
2026/08/05 15:00:16.704, 21096, 100
2026/08/05 15:00:17.704, 21096, 100
2026/08/05 15:00:18.704, 21096, 100
2026/08/05 15:00:19.705, 21096, 100
2026/08/05 15:00:20.705, 21096, 100
2026/08/05 15:00:21.705, 21096, 100
2026/08/05 15:00:22.705, 21096, 100
2026/08/05 15:00:23.705, 21096, 100
2026/08/05 15:00:24.706, 21096, 100
2026/08/05 15:00:25.706, 21096, 100
2026/08/05 15:00:26.706, 21096, 84
2026/08/05 15:00:27.706, 21096, 100
2026/08/05 15:00:28.707, 21096, 100
2026/08/05 15:00:29.707, 21096, 100
2026/08/05 15:00:30.707, 21096, 100
2026/08/05 15:00:31.707, 21096, 100
2026/08/05 15:00:32.707, 21096, 100
2026/08/05 15:00:33.708, 21096, 100
2026/08/05 15:00:34.708, 21096, 100
2026/08/05 15:00:35.708, 21096, 100
2026/08/05 15:00:36.708, 21096, 84
2026/08/05 15:00:37.708, 21096, 84
2026/08/05 15:00:38.709, 21096, 100
2026/08/05 15:00:39.709, 21096, 84
2026/08/05 15:00:40.709, 21096, 100
2026/08/05 15:00:41.709, 21096, 66
2026/08/05 15:00:42.709, 21096, 87
2026/08/05 15:00:43.709, 21096, 85
2026/08/05 15:00:44.710, 21096, 100
2026/08/05 15:00:45.710, 21096, 100
2026/08/05 15:00:46.710, 21096, 100
2026/08/05 15:00:47.710, 21096, 81
2026/08/05 15:00:48.711, 21096, 100
2026/08/05 15:00:49.711, 21096, 100
2026/08/05 15:00:50.711, 21096, 93
2026/08/05 15:00:51.711, 21096, 100
2026/08/05 15:00:52.711, 21096, 100
2026/08/05 15:00:53.712, 21096, 84
2026/08/05 15:00:54.712, 21096, 100
2026/08/05 15:00:55.712, 21096, 100
2026/08/05 15:00:56.712, 21096, 100
2026/08/05 15:00:57.712, 21096, 100
2026/08/05 15:00:58.713, 21096, 62
2026/08/05 15:00:59.713, 21096, 84
2026/08/05 15:01:00.713, 21096, 100
2026/08/05 15:01:01.713, 21096, 100
2026/08/05 15:01:02.713, 21096, 77
2026/08/05 15:01:03.713, 21096, 97
2026/08/05 15:01:04.714, 21096, 100
2026/08/05 15:01:05.714, 21096, 100
2026/08/05 15:01:06.714, 21096, 77
2026/08/05 15:01:07.715, 21096, 100
2026/08/05 15:01:08.715, 21096, 100
2026/08/05 15:01:09.715, 21096, 100
2026/08/05 15:01:10.715, 21096, 100
2026/08/05 15:01:11.716, 21096, 100
2026/08/05 15:01:12.716, 21096, 100
2026/08/05 15:01:13.716, 21096, 100
2026/08/05 15:01:14.716, 21096, 100
2026/08/05 15:01:15.716, 21096, 100
2026/08/05 15:01:16.717, 21096, 100
2026/08/05 15:01:17.717, 21096, 82
2026/08/05 15:01:18.717, 21096, 100
2026/08/05 15:01:19.717, 21096, 100
2026/08/05 15:01:20.717, 21096, 100
2026/08/05 15:01:21.718, 21096, 100
2026/08/05 15:01:22.718, 21096, 100
2026/08/05 15:01:23.718, 21096, 100
2026/08/05 15:01:24.718, 21096, 100
2026/08/05 15:01:25.719, 21096, 100
2026/08/05 15:01:26.719, 21096, 100
2026/08/05 15:01:27.719, 21096, 100
2026/08/05 15:01:28.719, 21096, 100
2026/08/05 15:01:29.720, 21096, 100
2026/08/05 15:01:30.720, 21096, 100
2026/08/05 15:01:31.720, 21096, 82
2026/08/05 15:01:32.721, 21096, 100
2026/08/05 15:01:33.721, 21096, 100
2026/08/05 15:01:34.721, 21096, 100
2026/08/05 15:01:35.721, 21096, 100
2026/08/05 15:01:36.722, 21096, 100
2026/08/05 15:01:37.722, 21096, 100
2026/08/05 15:01:38.722, 21096, 100
2026/08/05 15:01:39.722, 21096, 100
2026/08/05 15:01:40.723, 21096, 100
2026/08/05 15:01:41.723, 21096, 100
2026/08/05 15:01:42.723, 21096, 100
2026/08/05 15:01:43.723, 21096, 100
2026/08/05 15:01:44.724, 21096, 100
2026/08/05 15:01:45.724, 21096, 100
2026/08/05 15:01:46.724, 21096, 100
2026/08/05 15:01:47.724, 21096, 100
2026/08/05 15:01:48.725, 21096, 100
2026/08/05 15:01:49.725, 21096, 100
2026/08/05 15:01:50.725, 21096, 84
2026/08/05 15:01:51.725, 21096, 100
2026/08/05 15:01:52.726, 21096, 100
2026/08/05 15:01:53.726, 21096, 55
2026/08/05 15:01:54.726, 21096, 100
2026/08/05 15:01:55.726, 21096, 100
2026/08/05 15:01:56.727, 21096, 100
2026/08/05 15:01:57.727, 21096, 100
2026/08/05 15:01:58.727, 21096, 100
2026/08/05 15:01:59.728, 21096, 100
2026/08/05 15:02:00.728, 21096, 62
2026/08/05 15:02:01.728, 21096, 100
2026/08/05 15:02:02.728, 21096, 100
2026/08/05 15:02:03.729, 21096, 100
2026/08/05 15:02:04.729, 21096, 100
2026/08/05 15:02:05.729, 21096, 100
2026/08/05 15:02:06.729, 21096, 100
2026/08/05 15:02:07.730, 21096, 100
2026/08/05 15:02:08.730, 21096, 100
2026/08/05 15:02:09.730, 21096, 100
2026/08/05 15:02:10.730, 21096, 100
2026/08/05 15:02:11.731, 21096, 83
2026/08/05 15:02:12.731, 21096, 100
2026/08/05 15:02:13.731, 21096, 100
2026/08/05 15:02:14.731, 21096, 100
2026/08/05 15:02:15.732, 21096, 83
2026/08/05 15:02:16.732, 21096, 100
2026/08/05 15:02:17.732, 21096, 100
2026/08/05 15:02:18.732, 21096, 100
2026/08/05 15:02:19.733, 21096, 100
2026/08/05 15:02:20.733, 21096, 100
2026/08/05 15:02:21.733, 21096, 100
2026/08/05 15:02:22.734, 21096, 57
2026/08/05 15:02:23.734, 21096, 83
2026/08/05 15:02:24.734, 21096, 100
2026/08/05 15:02:25.734, 21096, 100
2026/08/05 15:02:26.735, 21096, 83
2026/08/05 15:02:27.735, 21096, 100
2026/08/05 15:02:28.735, 21096, 100
2026/08/05 15:02:29.736, 21096, 100
2026/08/05 15:02:30.736, 21096, 83
2026/08/05 15:02:31.736, 21096, 100
2026/08/05 15:02:32.737, 21096, 100
2026/08/05 15:02:33.737, 21096, 100
2026/08/05 15:02:34.738, 21096, 100
2026/08/05 15:02:35.738, 21096, 100
2026/08/05 15:02:36.738, 21096, 83
2026/08/05 15:02:37.738, 21096, 100
2026/08/05 15:02:38.739, 21096, 81
2026/08/05 15:02:39.739, 21096, 100
2026/08/05 15:02:40.739, 21096, 100
2026/08/05 15:02:41.739, 21096, 100
2026/08/05 15:02:42.740, 21096, 100
2026/08/05 15:02:43.740, 21096, 100
2026/08/05 15:02:44.740, 21096, 100
2026/08/05 15:02:45.740, 21096, 100
2026/08/05 15:02:46.741, 21096, 100
2026/08/05 15:02:47.741, 21096, 100
2026/08/05 15:02:48.741, 21096, 100
2026/08/05 15:02:49.742, 21096, 100
2026/08/05 15:02:50.742, 21096, 100
2026/08/05 15:02:51.742, 21096, 100
2026/08/05 15:02:52.743, 21096, 100
2026/08/05 15:02:53.743, 21096, 100
2026/08/05 15:02:54.743, 21096, 100
2026/08/05 15:02:55.743, 21096, 100
2026/08/05 15:02:56.744, 21096, 100
2026/08/05 15:02:57.744, 21096, 100
2026/08/05 15:02:58.744, 21096, 82
2026/08/05 15:02:59.745, 21096, 100
2026/08/05 15:03:00.745, 21096, 100
2026/08/05 15:03:01.745, 21096, 100
2026/08/05 15:03:02.746, 21096, 100
2026/08/05 15:03:03.746, 21096, 100
2026/08/05 15:03:04.746, 21096, 84
2026/08/05 15:03:05.746, 21096, 100
2026/08/05 15:03:06.747, 21096, 100
2026/08/05 15:03:07.747, 21096, 100
2026/08/05 15:03:08.747, 21096, 100
2026/08/05 15:03:09.748, 21096, 100
2026/08/05 15:03:10.748, 21096, 80
2026/08/05 15:03:11.748, 21096, 100
2026/08/05 15:03:12.748, 21096, 100
2026/08/05 15:03:13.749, 21096, 100
2026/08/05 15:03:14.749, 21096, 83
2026/08/05 15:03:15.749, 21096, 82
2026/08/05 15:03:16.750, 21096, 100
2026/08/05 15:03:17.750, 21096, 100
2026/08/05 15:03:18.750, 21096, 82
2026/08/05 15:03:19.750, 21096, 100
2026/08/05 15:03:20.751, 21096, 83
2026/08/05 15:03:21.751, 21096, 100
2026/08/05 15:03:22.751, 21096, 100
2026/08/05 15:03:23.751, 21096, 98
2026/08/05 15:03:24.752, 21096, 100
2026/08/05 15:03:25.752, 21096, 100
2026/08/05 15:03:26.752, 21096, 100
2026/08/05 15:03:27.752, 21096, 100
2026/08/05 15:03:28.753, 21096, 100
2026/08/05 15:03:29.753, 21096, 100
2026/08/05 15:03:30.753, 21096, 75
2026/08/05 15:03:31.753, 21096, 100
2026/08/05 15:03:32.754, 21096, 100
2026/08/05 15:03:33.754, 21096, 100
2026/08/05 15:03:34.754, 21096, 100
2026/08/05 15:03:35.755, 21096, 83
2026/08/05 15:03:36.755, 21096, 100
2026/08/05 15:03:37.755, 21096, 100
2026/08/05 15:03:38.755, 21096, 83
2026/08/05 15:03:39.756, 21096, 100
2026/08/05 15:03:40.756, 21096, 100
2026/08/05 15:03:41.756, 21096, 100
2026/08/05 15:03:42.756, 21096, 100
2026/08/05 15:03:43.757, 21096, 82
2026/08/05 15:03:44.757, 21096, 100
2026/08/05 15:03:45.757, 21096, 100
2026/08/05 15:03:46.757, 21096, 61
2026/08/05 15:03:47.758, 21096, 99
2026/08/05 15:03:48.758, 21096, 100
2026/08/05 15:03:49.758, 21096, 100
2026/08/05 15:03:50.759, 21096, 82
2026/08/05 15:03:51.759, 21096, 100
2026/08/05 15:03:52.759, 21096, 100
2026/08/05 15:03:53.760, 21096, 100
2026/08/05 15:03:54.760, 21096, 100
2026/08/05 15:03:55.760, 21096, 100
2026/08/05 15:03:56.761, 21096, 100
2026/08/05 15:03:57.761, 21096, 100
2026/08/05 15:03:58.761, 21096, 100
2026/08/05 15:03:59.761, 21096, 100
2026/08/05 15:04:00.762, 21096, 100
2026/08/05 15:04:01.762, 21096, 100
2026/08/05 15:04:02.762, 21096, 100
2026/08/05 15:04:03.763, 21096, 100
2026/08/05 15:04:04.763, 21096, 100
2026/08/05 15:04:05.763, 21096, 100
2026/08/05 15:04:06.763, 21096, 87
2026/08/05 15:04:07.763, 21096, 100
2026/08/05 15:04:08.764, 21096, 100
2026/08/05 15:04:09.764, 21096, 100
2026/08/05 15:04:10.764, 21096, 100
2026/08/05 15:04:11.764, 21096, 100
2026/08/05 15:04:12.764, 21096, 100
2026/08/05 15:04:13.765, 21096, 100
2026/08/05 15:04:14.765, 21096, 100
2026/08/05 15:04:15.765, 21096, 100
2026/08/05 15:04:16.765, 21096, 100
2026/08/05 15:04:17.766, 21096, 100
2026/08/05 15:04:18.766, 21096, 100
2026/08/05 15:04:19.766, 21096, 100
2026/08/05 15:04:20.766, 21096, 100
2026/08/05 15:04:21.766, 21096, 100
2026/08/05 15:04:22.767, 21096, 100
2026/08/05 15:04:23.767, 21096, 100
2026/08/05 15:04:24.767, 21096, 100
2026/08/05 15:04:25.767, 21096, 100
2026/08/05 15:04:26.768, 21096, 82
2026/08/05 15:04:27.768, 21096, 83
2026/08/05 15:04:28.768, 21096, 100
2026/08/05 15:04:29.768, 21096, 100
2026/08/05 15:04:30.768, 21096, 100
2026/08/05 15:04:31.769, 21096, 100
2026/08/05 15:04:32.769, 21096, 85
2026/08/05 15:04:33.769, 21096, 84
2026/08/05 15:04:34.770, 21096, 100
2026/08/05 15:04:35.770, 21096, 100
2026/08/05 15:04:36.770, 21096, 100
2026/08/05 15:04:37.771, 21096, 100
2026/08/05 15:04:38.771, 21096, 100
2026/08/05 15:04:39.771, 21096, 82
2026/08/05 15:04:40.772, 21096, 83
2026/08/05 15:04:41.772, 21096, 81
2026/08/05 15:04:42.772, 21096, 100
2026/08/05 15:04:43.772, 21096, 100
2026/08/05 15:04:44.773, 21096, 100
2026/08/05 15:04:45.773, 21096, 100
2026/08/05 15:04:46.773, 21096, 64
2026/08/05 15:04:47.774, 21096, 100
2026/08/05 15:04:48.774, 21096, 84
2026/08/05 15:04:49.774, 21096, 92
2026/08/05 15:04:50.775, 21096, 100
2026/08/05 15:04:51.775, 21096, 100
2026/08/05 15:04:52.775, 21096, 100
2026/08/05 15:04:53.776, 21096, 100
2026/08/05 15:04:54.776, 21096, 100
2026/08/05 15:04:55.776, 21096, 80
2026/08/05 15:04:56.776, 21096, 83
2026/08/05 15:04:57.777, 21096, 85
2026/08/05 15:04:58.777, 21096, 100
2026/08/05 15:04:59.777, 21096, 100
2026/08/05 15:05:00.778, 21096, 100
2026/08/05 15:05:01.778, 21096, 100
2026/08/05 15:05:02.778, 21096, 100
2026/08/05 15:05:03.778, 21096, 100
2026/08/05 15:05:04.779, 21096, 100
2026/08/05 15:05:05.779, 21096, 100
2026/08/05 15:05:06.779, 21096, 100
2026/08/05 15:05:07.780, 21096, 63
2026/08/05 15:05:08.780, 21096, 82
2026/08/05 15:05:09.780, 21096, 68
2026/08/05 15:05:10.780, 21096, 100
2026/08/05 15:05:11.781, 21096, 83
2026/08/05 15:05:12.781, 21096, 100
2026/08/05 15:05:13.781, 21096, 100
2026/08/05 15:05:14.782, 21096, 82
2026/08/05 15:05:15.782, 21096, 100
2026/08/05 15:05:16.782, 21096, 100
2026/08/05 15:05:17.783, 21096, 85
2026/08/05 15:05:18.783, 21096, 100
2026/08/05 15:05:19.783, 21096, 86
2026/08/05 15:05:20.784, 21096, 100
2026/08/05 15:05:21.784, 21096, 100
2026/08/05 15:05:22.784, 21096, 85
2026/08/05 15:05:23.785, 21096, 86
2026/08/05 15:05:24.785, 21096, 100
2026/08/05 15:05:25.786, 21096, 100
2026/08/05 15:05:26.786, 21096, 83
2026/08/05 15:05:27.786, 21096, 100
2026/08/05 15:05:28.786, 21096, 100
2026/08/05 15:05:29.787, 21096, 100
2026/08/05 15:05:30.787, 21096, 84
2026/08/05 15:05:31.787, 21096, 100
2026/08/05 15:05:32.787, 21096, 100
2026/08/05 15:05:33.788, 21096, 100
2026/08/05 15:05:34.788, 21096, 100
2026/08/05 15:05:35.788, 21096, 86
2026/08/05 15:05:36.789, 21096, 100
2026/08/05 15:05:37.789, 21096, 100
2026/08/05 15:05:38.789, 21096, 100
2026/08/05 15:05:39.790, 21096, 100
2026/08/05 15:05:40.790, 21096, 100
2026/08/05 15:05:41.790, 21096, 100
2026/08/05 15:05:42.791, 21096, 83
2026/08/05 15:05:43.791, 21096, 100
2026/08/05 15:05:44.791, 21096, 64
2026/08/05 15:05:45.792, 21096, 82
2026/08/05 15:05:46.792, 21096, 100
2026/08/05 15:05:47.792, 21096, 100
2026/08/05 15:05:48.792, 21096, 100
2026/08/05 15:05:49.793, 21096, 100
2026/08/05 15:05:50.793, 21096, 100
2026/08/05 15:05:51.793, 21096, 100
2026/08/05 15:05:52.794, 21096, 83
2026/08/05 15:05:53.794, 21096, 100
2026/08/05 15:05:54.794, 21096, 100
2026/08/05 15:05:55.794, 21096, 100
2026/08/05 15:05:56.795, 21096, 100
2026/08/05 15:05:57.795, 21096, 100
2026/08/05 15:05:58.795, 21096, 84
2026/08/05 15:05:59.796, 21096, 100
2026/08/05 15:06:00.796, 21096, 100
2026/08/05 15:06:01.796, 21096, 100
2026/08/05 15:06:02.796, 21096, 100
2026/08/05 15:06:03.797, 21096, 100
2026/08/05 15:06:04.797, 21096, 100
2026/08/05 15:06:05.797, 21096, 100
2026/08/05 15:06:06.798, 21096, 100
2026/08/05 15:06:07.798, 21096, 100
2026/08/05 15:06:08.798, 21096, 100
2026/08/05 15:06:09.799, 21096, 100
2026/08/05 15:06:10.799, 21096, 100
2026/08/05 15:06:11.799, 21096, 100
2026/08/05 15:06:12.799, 21096, 100
2026/08/05 15:06:13.800, 21096, 100
2026/08/05 15:06:14.800, 21096, 100
2026/08/05 15:06:15.800, 21096, 100
2026/08/05 15:06:16.801, 21096, 100
2026/08/05 15:06:17.801, 21096, 85
2026/08/05 15:06:18.801, 21096, 99
2026/08/05 15:06:19.802, 21096, 100
2026/08/05 15:06:20.802, 21096, 100
2026/08/05 15:06:21.802, 21096, 100
2026/08/05 15:06:22.803, 21096, 87
2026/08/05 15:06:23.803, 21096, 81
2026/08/05 15:06:24.803, 21096, 100
2026/08/05 15:06:25.803, 21096, 100
2026/08/05 15:06:26.804, 21096, 100
2026/08/05 15:06:27.804, 21096, 100
2026/08/05 15:06:28.804, 21096, 100
2026/08/05 15:06:29.805, 21096, 100
2026/08/05 15:06:30.805, 21096, 100
2026/08/05 15:06:31.805, 21096, 100
2026/08/05 15:06:32.806, 21096, 100
2026/08/05 15:06:33.806, 21096, 100
2026/08/05 15:06:34.806, 21096, 100
2026/08/05 15:06:35.807, 21096, 100
2026/08/05 15:06:36.807, 21096, 100
2026/08/05 15:06:37.807, 21096, 100
2026/08/05 15:06:38.807, 21096, 63
2026/08/05 15:06:39.808, 21096, 100
2026/08/05 15:06:40.808, 21096, 100
2026/08/05 15:06:41.808, 21096, 100
2026/08/05 15:06:42.808, 21096, 100
2026/08/05 15:06:43.809, 21096, 100
2026/08/05 15:06:44.809, 21096, 100
2026/08/05 15:06:45.809, 21096, 100
2026/08/05 15:06:46.809, 21096, 100
2026/08/05 15:06:47.810, 21096, 100
2026/08/05 15:06:48.810, 21096, 81
2026/08/05 15:06:49.810, 21096, 100
2026/08/05 15:06:50.810, 21096, 100
2026/08/05 15:06:51.810, 21096, 100
2026/08/05 15:06:52.811, 21096, 100
2026/08/05 15:06:53.811, 21096, 72
2026/08/05 15:06:54.811, 21096, 100
2026/08/05 15:06:55.811, 21096, 100
2026/08/05 15:06:56.811, 21096, 83
2026/08/05 15:06:57.812, 21096, 100
2026/08/05 15:06:58.812, 21096, 100
2026/08/05 15:06:59.812, 21096, 100
2026/08/05 15:07:00.813, 21096, 100
2026/08/05 15:07:01.813, 21096, 100
2026/08/05 15:07:02.813, 21096, 100
2026/08/05 15:07:03.814, 21096, 100
2026/08/05 15:07:04.814, 21096, 100
2026/08/05 15:07:05.814, 21096, 100
2026/08/05 15:07:06.814, 21096, 100
2026/08/05 15:07:07.815, 21096, 100
2026/08/05 15:07:08.815, 21096, 100
2026/08/05 15:07:09.815, 21096, 100
2026/08/05 15:07:10.816, 21096, 100
2026/08/05 15:07:11.816, 21096, 100
2026/08/05 15:07:12.816, 21096, 100
2026/08/05 15:07:13.816, 21096, 84
2026/08/05 15:07:14.817, 21096, 100
2026/08/05 15:07:15.817, 21096, 100
2026/08/05 15:07:16.817, 21096, 100
2026/08/05 15:07:17.817, 21096, 100
2026/08/05 15:07:18.818, 21096, 100
2026/08/05 15:07:19.818, 21096, 60
2026/08/05 15:07:20.818, 21096, 100
2026/08/05 15:07:21.818, 21096, 64
2026/08/05 15:07:22.819, 21096, 100
2026/08/05 15:07:23.819, 21096, 100
2026/08/05 15:07:24.819, 21096, 100
2026/08/05 15:07:25.820, 21096, 100
2026/08/05 15:07:26.820, 21096, 100
2026/08/05 15:07:27.820, 21096, 100
2026/08/05 15:07:28.820, 21096, 100
2026/08/05 15:07:29.821, 21096, 100
2026/08/05 15:07:30.821, 21096, 100
2026/08/05 15:07:31.821, 21096, 100
2026/08/05 15:07:32.822, 21096, 62
2026/08/05 15:07:33.822, 21096, 100
2026/08/05 15:07:34.822, 21096, 100
2026/08/05 15:07:35.823, 21096, 100
2026/08/05 15:07:36.823, 21096, 100
2026/08/05 15:07:37.824, 21096, 100
2026/08/05 15:07:38.824, 21096, 100
2026/08/05 15:07:39.824, 21096, 100
2026/08/05 15:07:40.824, 21096, 100
2026/08/05 15:07:41.825, 21096, 100
2026/08/05 15:07:42.825, 21096, 100
2026/08/05 15:07:43.825, 21096, 100
2026/08/05 15:07:44.826, 21096, 100
2026/08/05 15:07:45.826, 21096, 100
2026/08/05 15:07:46.826, 21096, 100
2026/08/05 15:07:47.826, 21096, 100
2026/08/05 15:07:48.827, 21096, 100
2026/08/05 15:07:49.827, 21096, 100
2026/08/05 15:07:50.827, 21096, 100
2026/08/05 15:07:51.828, 21096, 100
2026/08/05 15:07:52.828, 21096, 82
2026/08/05 15:07:53.828, 21096, 100
2026/08/05 15:07:54.828, 21096, 100
2026/08/05 15:07:55.829, 21096, 100
2026/08/05 15:07:56.829, 21096, 100
2026/08/05 15:07:57.830, 21096, 100
2026/08/05 15:07:58.830, 21096, 100
2026/08/05 15:07:59.830, 21096, 100
2026/08/05 15:08:00.830, 21096, 100
2026/08/05 15:08:01.831, 21096, 100
2026/08/05 15:08:02.831, 21096, 100
2026/08/05 15:08:03.831, 21096, 100
2026/08/05 15:08:04.832, 21096, 100
2026/08/05 15:08:05.832, 21096, 100
2026/08/05 15:08:06.832, 21096, 100
2026/08/05 15:08:07.833, 21096, 100
2026/08/05 15:08:08.833, 21096, 91
2026/08/05 15:08:09.833, 21096, 83
2026/08/05 15:08:10.833, 21096, 81
2026/08/05 15:08:11.834, 21096, 100
2026/08/05 15:08:12.834, 21096, 100
2026/08/05 15:08:13.834, 21096, 100
2026/08/05 15:08:14.835, 21096, 100
2026/08/05 15:08:15.835, 21096, 100
2026/08/05 15:08:16.835, 21096, 100
2026/08/05 15:08:17.836, 21096, 100
2026/08/05 15:08:18.836, 21096, 100
2026/08/05 15:08:19.836, 21096, 84
2026/08/05 15:08:20.836, 21096, 100
2026/08/05 15:08:21.837, 21096, 100
2026/08/05 15:08:22.837, 21096, 85
2026/08/05 15:08:23.837, 21096, 100
2026/08/05 15:08:24.837, 21096, 67
2026/08/05 15:08:25.838, 21096, 100
2026/08/05 15:08:26.838, 21096, 100
2026/08/05 15:08:27.838, 21096, 100
2026/08/05 15:08:28.838, 21096, 100
2026/08/05 15:08:29.839, 21096, 100
2026/08/05 15:08:30.839, 21096, 100
2026/08/05 15:08:31.839, 21096, 82
2026/08/05 15:08:32.840, 21096, 100
2026/08/05 15:08:33.840, 21096, 100
2026/08/05 15:08:34.840, 21096, 85
2026/08/05 15:08:35.840, 21096, 100
2026/08/05 15:08:36.841, 21096, 81
2026/08/05 15:08:37.841, 21096, 100
2026/08/05 15:08:38.841, 21096, 97
2026/08/05 15:08:39.842, 21096, 100
2026/08/05 15:08:40.842, 21096, 100
2026/08/05 15:08:41.843, 21096, 100
2026/08/05 15:08:42.843, 21096, 100
2026/08/05 15:08:43.843, 21096, 100
2026/08/05 15:08:44.844, 21096, 100
2026/08/05 15:08:45.844, 21096, 100
2026/08/05 15:08:46.844, 21096, 100
2026/08/05 15:08:47.844, 21096, 100
2026/08/05 15:08:48.845, 21096, 100
2026/08/05 15:08:49.845, 21096, 100
2026/08/05 15:08:50.845, 21096, 100
2026/08/05 15:08:51.846, 21096, 97
2026/08/05 15:08:52.846, 21096, 100
2026/08/05 15:08:53.846, 21096, 100
2026/08/05 15:08:54.847, 21096, 100
2026/08/05 15:08:55.847, 21096, 100
2026/08/05 15:08:56.847, 21096, 100
2026/08/05 15:08:57.847, 21096, 100
2026/08/05 15:08:58.848, 21096, 100
2026/08/05 15:08:59.848, 21096, 100
2026/08/05 15:09:00.848, 21096, 82
2026/08/05 15:09:01.849, 21096, 83
2026/08/05 15:09:02.849, 21096, 100
2026/08/05 15:09:03.849, 21096, 60
2026/08/05 15:09:04.850, 21096, 83
2026/08/05 15:09:05.850, 21096, 100
2026/08/05 15:09:06.850, 21096, 85
2026/08/05 15:09:07.851, 21096, 100
2026/08/05 15:09:08.851, 21096, 81
2026/08/05 15:09:09.851, 21096, 100
2026/08/05 15:09:10.851, 21096, 100
2026/08/05 15:09:11.852, 21096, 100
2026/08/05 15:09:12.852, 21096, 80
2026/08/05 15:09:13.852, 21096, 84
2026/08/05 15:09:14.853, 21096, 100
2026/08/05 15:09:15.853, 21096, 100
2026/08/05 15:09:16.853, 21096, 100
2026/08/05 15:09:17.853, 21096, 100
2026/08/05 15:09:18.854, 21096, 100
2026/08/05 15:09:19.854, 21096, 100
2026/08/05 15:09:20.854, 21096, 100
2026/08/05 15:09:21.855, 21096, 100
2026/08/05 15:09:22.855, 21096, 100
2026/08/05 15:09:23.855, 21096, 100
2026/08/05 15:09:24.856, 21096, 100
2026/08/05 15:09:25.856, 21096, 100
2026/08/05 15:09:26.856, 21096, 100
2026/08/05 15:09:27.857, 21096, 100
2026/08/05 15:09:28.857, 21096, 100
2026/08/05 15:09:29.857, 21096, 100
2026/08/05 15:09:30.858, 21096, 100
2026/08/05 15:09:31.858, 21096, 100
2026/08/05 15:09:32.858, 21096, 100
2026/08/05 15:09:33.858, 21096, 100
2026/08/05 15:09:34.859, 21096, 100
2026/08/05 15:09:35.859, 21096, 85
2026/08/05 15:09:36.859, 21096, 84
2026/08/05 15:09:37.860, 21096, 100
2026/08/05 15:09:38.860, 21096, 100
2026/08/05 15:09:39.860, 21096, 100
2026/08/05 15:09:40.860, 21096, 85
2026/08/05 15:09:41.861, 21096, 100
2026/08/05 15:09:42.861, 21096, 98
2026/08/05 15:09:43.861, 21096, 100
2026/08/05 15:09:44.862, 21096, 84
2026/08/05 15:09:45.862, 21096, 100
2026/08/05 15:09:46.862, 21096, 100
2026/08/05 15:09:47.862, 21096, 100
2026/08/05 15:09:48.863, 21096, 100
2026/08/05 15:09:49.863, 21096, 84
2026/08/05 15:09:50.863, 21096, 85
2026/08/05 15:09:51.864, 21096, 100
2026/08/05 15:09:52.864, 21096, 100
2026/08/05 15:09:53.864, 21096, 100
2026/08/05 15:09:54.864, 21096, 100
2026/08/05 15:09:55.865, 21096, 82
2026/08/05 15:09:56.865, 21096, 84
2026/08/05 15:09:57.865, 21096, 65
2026/08/05 15:09:58.865, 21096, 100
2026/08/05 15:09:59.866, 21096, 100
2026/08/05 15:10:00.866, 21096, 96
2026/08/05 15:10:01.866, 21096, 85
2026/08/05 15:10:02.867, 21096, 100
2026/08/05 15:10:03.867, 21096, 84
2026/08/05 15:10:04.867, 21096, 85
2026/08/05 15:10:05.867, 21096, 100
2026/08/05 15:10:06.868, 21096, 100
2026/08/05 15:10:07.868, 21096, 100
2026/08/05 15:10:08.868, 21096, 100
2026/08/05 15:10:09.868, 21096, 100
2026/08/05 15:10:10.869, 21096, 100
2026/08/05 15:10:11.869, 21096, 100
2026/08/05 15:10:12.869, 21096, 100
2026/08/05 15:10:13.870, 21096, 100
2026/08/05 15:10:14.870, 21096, 100
2026/08/05 15:10:15.870, 21096, 100
2026/08/05 15:10:16.870, 21096, 100
2026/08/05 15:10:17.871, 21096, 100
2026/08/05 15:10:18.871, 21096, 100
2026/08/05 15:10:19.871, 21096, 82
2026/08/05 15:10:20.872, 21096, 100
2026/08/05 15:10:21.872, 21096, 100
2026/08/05 15:10:22.872, 21096, 100
2026/08/05 15:10:23.872, 21096, 100
2026/08/05 15:10:24.873, 21096, 100
2026/08/05 15:10:25.873, 21096, 100
2026/08/05 15:10:26.873, 21096, 100
2026/08/05 15:10:27.874, 21096, 100
2026/08/05 15:10:28.874, 21096, 100
2026/08/05 15:10:29.874, 21096, 100
2026/08/05 15:10:30.875, 21096, 100
2026/08/05 15:10:31.875, 21096, 100
2026/08/05 15:10:32.875, 21096, 84
2026/08/05 15:10:33.876, 21096, 83
2026/08/05 15:10:34.876, 21096, 100
2026/08/05 15:10:35.876, 21096, 100
2026/08/05 15:10:36.876, 21096, 100
2026/08/05 15:10:37.877, 21096, 100
2026/08/05 15:10:38.877, 21096, 100
2026/08/05 15:10:39.877, 21096, 100
2026/08/05 15:10:40.877, 21096, 100
2026/08/05 15:10:41.878, 21096, 100
2026/08/05 15:10:42.878, 21096, 100
2026/08/05 15:10:43.878, 21096, 100
2026/08/05 15:10:44.878, 21096, 100
2026/08/05 15:10:45.879, 21096, 100
2026/08/05 15:10:46.879, 21096, 100
2026/08/05 15:10:47.879, 21096, 64
2026/08/05 15:10:48.879, 21096, 100
2026/08/05 15:10:49.880, 21096, 100
2026/08/05 15:10:50.880, 21096, 100
2026/08/05 15:10:51.880, 21096, 100
2026/08/05 15:10:52.881, 21096, 100
2026/08/05 15:10:53.881, 21096, 97
2026/08/05 15:10:54.881, 21096, 100
2026/08/05 15:10:55.882, 21096, 100
2026/08/05 15:10:56.882, 21096, 100
2026/08/05 15:10:57.882, 21096, 100
2026/08/05 15:10:58.883, 21096, 76
2026/08/05 15:10:59.883, 21096, 100
2026/08/05 15:11:00.883, 21096, 100
2026/08/05 15:11:01.884, 21096, 82
2026/08/05 15:11:02.884, 21096, 82
2026/08/05 15:11:03.884, 21096, 100
2026/08/05 15:11:04.884, 21096, 100
2026/08/05 15:11:05.885, 21096, 82
2026/08/05 15:11:06.885, 21096, 100
2026/08/05 15:11:07.885, 21096, 100
2026/08/05 15:11:08.886, 21096, 100
2026/08/05 15:11:09.886, 21096, 84
2026/08/05 15:11:10.886, 21096, 100
2026/08/05 15:11:11.887, 21096, 100
2026/08/05 15:11:12.887, 21096, 100
2026/08/05 15:11:13.887, 21096, 100
2026/08/05 15:11:14.888, 21096, 100
2026/08/05 15:11:15.888, 21096, 100
2026/08/05 15:11:16.888, 21096, 100
2026/08/05 15:11:17.889, 21096, 65
2026/08/05 15:11:18.889, 21096, 85
2026/08/05 15:11:19.890, 21096, 65
2026/08/05 15:11:20.890, 21096, 85
2026/08/05 15:11:21.890, 21096, 100
2026/08/05 15:11:22.891, 21096, 100
2026/08/05 15:11:23.891, 21096, 100
2026/08/05 15:11:24.891, 21096, 100
2026/08/05 15:11:25.891, 21096, 100
2026/08/05 15:11:26.892, 21096, 100
2026/08/05 15:11:27.892, 21096, 100
2026/08/05 15:11:28.892, 21096, 66
2026/08/05 15:11:29.892, 21096, 100
2026/08/05 15:11:30.893, 21096, 100
2026/08/05 15:11:31.893, 21096, 100
2026/08/05 15:11:32.893, 21096, 84
2026/08/05 15:11:33.894, 21096, 100
2026/08/05 15:11:34.894, 21096, 100
2026/08/05 15:11:35.894, 21096, 100
2026/08/05 15:11:36.894, 21096, 100
2026/08/05 15:11:37.895, 21096, 100
2026/08/05 15:11:38.895, 21096, 100
2026/08/05 15:11:39.896, 21096, 85
2026/08/05 15:11:40.896, 21096, 100
2026/08/05 15:11:41.896, 21096, 100
2026/08/05 15:11:42.897, 21096, 100
2026/08/05 15:11:43.897, 21096, 96
2026/08/05 15:11:44.897, 21096, 100
2026/08/05 15:11:45.898, 21096, 100
2026/08/05 15:11:46.898, 21096, 100
2026/08/05 15:11:47.898, 21096, 100
2026/08/05 15:11:48.899, 21096, 94
2026/08/05 15:11:49.899, 21096, 100
2026/08/05 15:11:50.899, 21096, 84
2026/08/05 15:11:51.900, 21096, 100
2026/08/05 15:11:52.900, 21096, 100
2026/08/05 15:11:53.900, 21096, 100
2026/08/05 15:11:54.901, 21096, 79
2026/08/05 15:11:55.901, 21096, 100
2026/08/05 15:11:56.901, 21096, 100
2026/08/05 15:11:57.902, 21096, 100
2026/08/05 15:11:58.902, 21096, 100
2026/08/05 15:11:59.902, 21096, 100
2026/08/05 15:12:00.902, 21096, 100
2026/08/05 15:12:01.903, 21096, 100
2026/08/05 15:12:02.903, 21096, 100
2026/08/05 15:12:03.903, 21096, 100
2026/08/05 15:12:04.903, 21096, 100
2026/08/05 15:12:05.904, 21096, 100
2026/08/05 15:12:06.904, 21096, 100
2026/08/05 15:12:07.904, 21096, 100
2026/08/05 15:12:08.904, 21096, 100
2026/08/05 15:12:09.905, 21096, 100
2026/08/05 15:12:10.905, 21096, 100
2026/08/05 15:12:11.905, 21096, 100
2026/08/05 15:12:12.906, 21096, 62
2026/08/05 15:12:13.906, 21096, 100
2026/08/05 15:12:14.906, 21096, 100
2026/08/05 15:12:15.907, 21096, 100
2026/08/05 15:12:16.907, 21096, 100
2026/08/05 15:12:17.907, 21096, 82
2026/08/05 15:12:18.908, 21096, 100
2026/08/05 15:12:19.908, 21096, 100
2026/08/05 15:12:20.908, 21096, 100
2026/08/05 15:12:21.908, 21096, 100
2026/08/05 15:12:22.909, 21096, 100
2026/08/05 15:12:23.909, 21096, 100
2026/08/05 15:12:24.909, 21096, 100
2026/08/05 15:12:25.910, 21096, 100
2026/08/05 15:12:26.910, 21096, 100
2026/08/05 15:12:27.910, 21096, 100
2026/08/05 15:12:28.910, 21096, 100
2026/08/05 15:12:29.911, 21096, 100
2026/08/05 15:12:30.911, 21096, 100
2026/08/05 15:12:31.911, 21096, 100
2026/08/05 15:12:32.912, 21096, 100
2026/08/05 15:12:33.912, 21096, 100
2026/08/05 15:12:34.912, 21096, 100
2026/08/05 15:12:35.913, 21096, 100
2026/08/05 15:12:36.913, 21096, 100
2026/08/05 15:12:37.913, 21096, 100
2026/08/05 15:12:38.913, 21096, 100
2026/08/05 15:12:39.914, 21096, 100
2026/08/05 15:12:40.914, 21096, 100
2026/08/05 15:12:41.914, 21096, 100
2026/08/05 15:12:42.915, 21096, 100
2026/08/05 15:12:43.915, 21096, 100
2026/08/05 15:12:44.915, 21096, 60
2026/08/05 15:12:45.916, 21096, 100
2026/08/05 15:12:46.916, 21096, 100
2026/08/05 15:12:47.916, 21096, 100
2026/08/05 15:12:48.916, 21096, 100
2026/08/05 15:12:49.917, 21096, 100
2026/08/05 15:12:50.917, 21096, 100
2026/08/05 15:12:51.917, 21096, 100
2026/08/05 15:12:52.918, 21096, 100
2026/08/05 15:12:53.918, 21096, 100
2026/08/05 15:12:54.918, 21096, 100
2026/08/05 15:12:55.919, 21096, 100
2026/08/05 15:12:56.919, 21096, 100
2026/08/05 15:12:57.919, 21096, 100
2026/08/05 15:12:58.920, 21096, 100
2026/08/05 15:12:59.920, 21096, 100
2026/08/05 15:13:00.920, 21096, 100
2026/08/05 15:13:01.920, 21096, 100
2026/08/05 15:13:02.921, 21096, 100
2026/08/05 15:13:03.921, 21096, 100
2026/08/05 15:13:04.921, 21096, 97
2026/08/05 15:13:05.922, 21096, 100
2026/08/05 15:13:06.922, 21096, 100
2026/08/05 15:13:07.922, 21096, 100
2026/08/05 15:13:08.923, 21096, 100
2026/08/05 15:13:09.923, 21096, 100
2026/08/05 15:13:10.923, 21096, 100
2026/08/05 15:13:11.923, 21096, 100
2026/08/05 15:13:12.924, 21096, 100
2026/08/05 15:13:13.924, 21096, 100
2026/08/05 15:13:14.924, 21096, 100
2026/08/05 15:13:15.925, 21096, 83
2026/08/05 15:13:16.925, 21096, 100
2026/08/05 15:13:17.925, 21096, 100
2026/08/05 15:13:18.926, 21096, 100
2026/08/05 15:13:19.926, 21096, 100
2026/08/05 15:13:20.926, 21096, 100
2026/08/05 15:13:21.927, 21096, 100
2026/08/05 15:13:22.927, 21096, 100
2026/08/05 15:13:23.927, 21096, 65
2026/08/05 15:13:24.928, 21096, 100
2026/08/05 15:13:25.928, 21096, 100
2026/08/05 15:13:26.928, 21096, 100
2026/08/05 15:13:27.929, 21096, 100
2026/08/05 15:13:28.929, 21096, 100
2026/08/05 15:13:29.929, 21096, 100
2026/08/05 15:13:30.930, 21096, 100
2026/08/05 15:13:31.930, 21096, 100
2026/08/05 15:13:32.930, 21096, 58
2026/08/05 15:13:33.931, 21096, 100
2026/08/05 15:13:34.931, 21096, 92
2026/08/05 15:13:35.931, 21096, 100
2026/08/05 15:13:36.932, 21096, 100
2026/08/05 15:13:37.932, 21096, 80
2026/08/05 15:13:38.932, 21096, 100
2026/08/05 15:13:39.933, 21096, 100
2026/08/05 15:13:40.933, 21096, 100
2026/08/05 15:13:41.933, 21096, 82
2026/08/05 15:13:42.934, 21096, 100
2026/08/05 15:13:43.934, 21096, 100
2026/08/05 15:13:44.934, 21096, 85
2026/08/05 15:13:45.934, 21096, 100
2026/08/05 15:13:46.935, 21096, 100
2026/08/05 15:13:47.935, 21096, 100
2026/08/05 15:13:48.935, 21096, 100
2026/08/05 15:13:49.936, 21096, 66
2026/08/05 15:13:50.936, 21096, 100
2026/08/05 15:13:51.936, 21096, 100
2026/08/05 15:13:52.936, 21096, 100
2026/08/05 15:13:53.937, 21096, 100
2026/08/05 15:13:54.937, 21096, 63
2026/08/05 15:13:55.937, 21096, 100
2026/08/05 15:13:56.937, 21096, 100
2026/08/05 15:13:57.938, 21096, 100
2026/08/05 15:13:58.938, 21096, 100
2026/08/05 15:13:59.938, 21096, 100
2026/08/05 15:14:00.938, 21096, 100
2026/08/05 15:14:01.939, 21096, 100
2026/08/05 15:14:02.939, 21096, 100
2026/08/05 15:14:03.939, 21096, 100
2026/08/05 15:14:04.940, 21096, 100
2026/08/05 15:14:05.940, 21096, 82
2026/08/05 15:14:06.940, 21096, 100
2026/08/05 15:14:07.941, 21096, 100
2026/08/05 15:14:08.941, 21096, 89
2026/08/05 15:14:09.941, 21096, 100
2026/08/05 15:14:10.941, 21096, 100
2026/08/05 15:14:11.942, 21096, 100
2026/08/05 15:14:12.942, 21096, 100
2026/08/05 15:14:13.942, 21096, 100
2026/08/05 15:14:14.943, 21096, 100
2026/08/05 15:14:15.943, 21096, 100
2026/08/05 15:14:16.943, 21096, 100
2026/08/05 15:14:17.943, 21096, 100
2026/08/05 15:14:18.944, 21096, 100
2026/08/05 15:14:19.944, 21096, 100
2026/08/05 15:14:20.944, 21096, 100
2026/08/05 15:14:21.945, 21096, 78
2026/08/05 15:14:22.945, 21096, 100
2026/08/05 15:14:23.945, 21096, 100
2026/08/05 15:14:24.946, 21096, 100
2026/08/05 15:14:25.946, 21096, 100
2026/08/05 15:14:26.946, 21096, 100
2026/08/05 15:14:27.947, 21096, 86
2026/08/05 15:14:28.947, 21096, 100
2026/08/05 15:14:29.947, 21096, 69
2026/08/05 15:14:30.948, 21096, 100
2026/08/05 15:14:31.948, 21096, 80
2026/08/05 15:14:32.948, 21096, 89
2026/08/05 15:14:33.950, 21096, 100
2026/08/05 15:14:34.985, 21096, 100
2026/08/05 15:14:36.018, 21096, 83
2026/08/05 15:14:37.046, 21096, 85
2026/08/05 15:14:38.071, 21096, 100
2026/08/05 15:14:39.093, 21096, 100
2026/08/05 15:14:40.112, 21096, 100
2026/08/05 15:14:41.130, 21096, 100
2026/08/05 15:14:42.145, 21096, 100
2026/08/05 15:14:43.159, 21096, 100
2026/08/05 15:14:44.170, 21096, 100
2026/08/05 15:14:45.181, 21096, 82
2026/08/05 15:14:46.190, 21096, 84
2026/08/05 15:14:47.198, 21096, 100
2026/08/05 15:14:48.206, 21096, 100
2026/08/05 15:14:49.212, 21096, 100
2026/08/05 15:14:50.218, 21096, 100
2026/08/05 15:14:51.223, 21096, 100
2026/08/05 15:14:52.228, 21096, 100
2026/08/05 15:14:53.232, 21096, 100
2026/08/05 15:14:54.236, 21096, 100
2026/08/05 15:14:55.239, 21096, 100
2026/08/05 15:14:56.243, 21096, 100
2026/08/05 15:14:57.246, 21096, 100
2026/08/05 15:14:58.249, 21096, 100
2026/08/05 15:14:59.253, 21096, 100
2026/08/05 15:15:00.255, 21096, 100
2026/08/05 15:15:01.257, 21096, 100
2026/08/05 15:15:02.260, 21096, 100
2026/08/05 15:15:03.262, 21096, 100
2026/08/05 15:15:04.264, 21096, 100
2026/08/05 15:15:05.265, 21096, 100
2026/08/05 15:15:06.266, 21096, 82
2026/08/05 15:15:07.266, 21096, 100
2026/08/05 15:15:08.266, 21096, 100
2026/08/05 15:15:09.266, 21096, 100
2026/08/05 15:15:10.267, 21096, 100
2026/08/05 15:15:11.267, 21096, 100
2026/08/05 15:15:12.267, 21096, 100
2026/08/05 15:15:13.267, 21096, 100
2026/08/05 15:15:14.267, 21096, 100
2026/08/05 15:15:15.267, 21096, 100
2026/08/05 15:15:16.268, 21096, 100
2026/08/05 15:15:17.268, 21096, 100
2026/08/05 15:15:18.268, 21096, 100
2026/08/05 15:15:19.269, 21096, 100
2026/08/05 15:15:20.269, 21096, 100
2026/08/05 15:15:21.269, 21096, 100
2026/08/05 15:15:22.269, 21096, 100
2026/08/05 15:15:23.270, 21096, 100
2026/08/05 15:15:24.270, 21096, 100
2026/08/05 15:15:25.270, 21096, 100
2026/08/05 15:15:26.271, 21096, 92
2026/08/05 15:15:27.271, 21096, 100
2026/08/05 15:15:28.271, 21096, 98
2026/08/05 15:15:29.271, 21096, 100
2026/08/05 15:15:30.272, 21096, 100
2026/08/05 15:15:31.272, 21096, 84
2026/08/05 15:15:32.272, 21096, 100
2026/08/05 15:15:33.273, 21096, 100
2026/08/05 15:15:34.273, 21096, 100
2026/08/05 15:15:35.273, 21096, 100
2026/08/05 15:15:36.274, 21096, 100
2026/08/05 15:15:37.274, 21096, 100
2026/08/05 15:15:38.274, 21096, 100
2026/08/05 15:15:39.282, 21096, 100
2026/08/05 15:15:40.306, 21096, 100
2026/08/05 15:15:41.328, 21096, 100
2026/08/05 15:15:42.347, 21096, 100
2026/08/05 15:15:43.364, 21096, 100
2026/08/05 15:15:44.379, 21096, 100
2026/08/05 15:15:45.392, 21096, 100
2026/08/05 15:15:46.404, 21096, 100
2026/08/05 15:15:47.414, 21096, 100
2026/08/05 15:15:48.423, 21096, 100
2026/08/05 15:15:49.431, 21096, 100
2026/08/05 15:15:50.437, 21096, 100
2026/08/05 15:15:51.444, 21096, 100
2026/08/05 15:15:52.450, 21096, 100
2026/08/05 15:15:53.455, 21096, 100
2026/08/05 15:15:54.459, 21096, 100
2026/08/05 15:15:55.464, 21096, 83
2026/08/05 15:15:56.467, 21096, 100
2026/08/05 15:15:57.470, 21096, 100
2026/08/05 15:15:58.473, 21096, 100
2026/08/05 15:15:59.476, 21096, 100
2026/08/05 15:16:00.479, 21096, 89
2026/08/05 15:16:01.481, 21096, 100
2026/08/05 15:16:02.483, 21096, 100
2026/08/05 15:16:03.485, 21096, 100
2026/08/05 15:16:04.487, 21096, 100
2026/08/05 15:16:05.489, 21096, 100
2026/08/05 15:16:06.491, 21096, 100
2026/08/05 15:16:07.493, 21096, 82
2026/08/05 15:16:08.494, 21096, 85
2026/08/05 15:16:09.495, 21096, 100
2026/08/05 15:16:10.496, 21096, 100
2026/08/05 15:16:11.498, 21096, 100
2026/08/05 15:16:12.499, 21096, 100
2026/08/05 15:16:13.510, 21096, 88
2026/08/05 15:16:14.530, 21096, 100
2026/08/05 15:16:15.548, 21096, 100
2026/08/05 15:16:16.564, 21096, 100
2026/08/05 15:16:17.579, 21096, 100
2026/08/05 15:16:18.591, 21096, 100
2026/08/05 15:16:19.602, 21096, 100
2026/08/05 15:16:20.612, 21096, 100
2026/08/05 15:16:21.620, 21096, 100
2026/08/05 15:16:22.628, 21096, 84
2026/08/05 15:16:23.635, 21096, 100
2026/08/05 15:16:24.641, 21096, 100
2026/08/05 15:16:25.647, 21096, 81
2026/08/05 15:16:26.652, 21096, 97
2026/08/05 15:16:27.657, 21096, 100
2026/08/05 15:16:28.661, 21096, 83
2026/08/05 15:16:29.665, 21096, 100
2026/08/05 15:16:30.669, 21096, 100
2026/08/05 15:16:31.672, 21096, 100
2026/08/05 15:16:32.675, 21096, 100
2026/08/05 15:16:33.678, 21096, 100
2026/08/05 15:16:34.680, 21096, 82
2026/08/05 15:16:35.683, 21096, 100
2026/08/05 15:16:36.685, 21096, 100
2026/08/05 15:16:37.688, 21096, 83
2026/08/05 15:16:38.690, 21096, 54
2026/08/05 15:16:39.693, 21096, 100
2026/08/05 15:16:40.694, 21096, 100
2026/08/05 15:16:41.695, 21096, 100
2026/08/05 15:16:42.697, 21096, 100
2026/08/05 15:16:43.699, 21096, 84
2026/08/05 15:16:44.285, 21096, 100
2026/08/05 15:16:45.287, 21096, 100
2026/08/05 15:16:46.289, 21096, 100
2026/08/05 15:16:47.290, 21096, 100
2026/08/05 15:16:48.292, 21096, 100
2026/08/05 15:16:49.294, 21096, 100
2026/08/05 15:16:50.295, 21096, 100
2026/08/05 15:16:51.296, 21096, 84
2026/08/05 15:16:52.298, 21096, 100
2026/08/05 15:16:53.299, 21096, 100
2026/08/05 15:16:54.301, 21096, 100
2026/08/05 15:16:55.303, 21096, 58
2026/08/05 15:16:56.304, 21096, 100
2026/08/05 15:16:57.306, 21096, 84
2026/08/05 15:16:58.307, 21096, 65
2026/08/05 15:16:59.309, 21096, 100
2026/08/05 15:17:00.310, 21096, 100
2026/08/05 15:17:01.312, 21096, 100
2026/08/05 15:17:02.313, 21096, 100
2026/08/05 15:17:03.314, 21096, 100
2026/08/05 15:17:04.315, 21096, 100
2026/08/05 15:17:05.317, 21096, 100
2026/08/05 15:17:06.318, 21096, 100
2026/08/05 15:17:07.320, 21096, 100
2026/08/05 15:17:08.321, 21096, 100
2026/08/05 15:17:09.323, 21096, 100
2026/08/05 15:17:10.324, 21096, 100
2026/08/05 15:17:11.325, 21096, 87
2026/08/05 15:17:12.327, 21096, 100
2026/08/05 15:17:13.329, 21096, 100
2026/08/05 15:17:14.330, 21096, 64
2026/08/05 15:17:15.332, 21096, 84
2026/08/05 15:17:16.333, 21096, 100
2026/08/05 15:17:17.335, 21096, 100
2026/08/05 15:17:18.337, 21096, 100
2026/08/05 15:17:19.340, 21096, 100
2026/08/05 15:17:20.342, 21096, 100
2026/08/05 15:17:21.344, 21096, 86
2026/08/05 15:17:22.346, 21096, 100
2026/08/05 15:17:23.347, 21096, 100
2026/08/05 15:17:24.349, 21096, 100
2026/08/05 15:17:25.350, 21096, 100
2026/08/05 15:17:26.352, 21096, 84
2026/08/05 15:17:27.353, 21096, 100
2026/08/05 15:17:28.354, 21096, 100
2026/08/05 15:17:29.356, 21096, 100
2026/08/05 15:17:30.357, 21096, 100
2026/08/05 15:17:31.358, 21096, 100
2026/08/05 15:17:32.360, 21096, 100
2026/08/05 15:17:33.361, 21096, 100
2026/08/05 15:17:34.362, 21096, 86
2026/08/05 15:17:35.364, 21096, 100
2026/08/05 15:17:36.365, 21096, 100
2026/08/05 15:17:37.367, 21096, 100
2026/08/05 15:17:38.368, 21096, 100
2026/08/05 15:17:39.370, 21096, 100
2026/08/05 15:17:40.372, 21096, 100
2026/08/05 15:17:41.373, 21096, 100
2026/08/05 15:17:42.375, 21096, 100
2026/08/05 15:17:43.377, 21096, 100
2026/08/05 15:17:44.378, 21096, 100
2026/08/05 15:17:45.380, 21096, 100
2026/08/05 15:17:46.382, 21096, 100
2026/08/05 15:17:47.384, 21096, 100
2026/08/05 15:17:48.386, 21096, 100
2026/08/05 15:17:49.387, 21096, 84
2026/08/05 15:17:50.389, 21096, 100
2026/08/05 15:17:51.390, 21096, 100
2026/08/05 15:17:52.392, 21096, 83
2026/08/05 15:17:53.393, 21096, 100
2026/08/05 15:17:54.394, 21096, 100
2026/08/05 15:17:55.396, 21096, 95
2026/08/05 15:17:56.398, 21096, 100
2026/08/05 15:17:57.399, 21096, 84
2026/08/05 15:17:58.401, 21096, 100
2026/08/05 15:17:59.402, 21096, 100
2026/08/05 15:18:00.404, 21096, 100
2026/08/05 15:18:01.406, 21096, 100
2026/08/05 15:18:02.408, 21096, 100
2026/08/05 15:18:03.409, 21096, 63
2026/08/05 15:18:04.410, 21096, 100
2026/08/05 15:18:05.412, 21096, 84
2026/08/05 15:18:06.413, 21096, 80
2026/08/05 15:18:07.415, 21096, 100
2026/08/05 15:18:08.416, 21096, 100
2026/08/05 15:18:09.418, 21096, 100
2026/08/05 15:18:10.419, 21096, 100
2026/08/05 15:18:11.420, 21096, 100
2026/08/05 15:18:12.422, 21096, 100
2026/08/05 15:18:13.423, 21096, 100
2026/08/05 15:18:14.425, 21096, 100
2026/08/05 15:18:15.426, 21096, 100
2026/08/05 15:18:16.428, 21096, 100
2026/08/05 15:18:17.429, 21096, 82
2026/08/05 15:18:18.431, 21096, 100
2026/08/05 15:18:19.432, 21096, 100
2026/08/05 15:18:20.434, 21096, 100
2026/08/05 15:18:21.435, 21096, 100
2026/08/05 15:18:22.440, 21096, 100
2026/08/05 15:18:23.449, 21096, 100
2026/08/05 15:18:24.457, 21096, 100
2026/08/05 15:18:25.465, 21096, 100
2026/08/05 15:18:26.473, 21096, 100
2026/08/05 15:18:27.480, 21096, 100
2026/08/05 15:18:28.487, 21096, 100
2026/08/05 15:18:29.493, 21096, 84
2026/08/05 15:18:30.499, 21096, 86
2026/08/05 15:18:31.505, 21096, 100
2026/08/05 15:18:32.510, 21096, 92
2026/08/05 15:18:33.516, 21096, 79
2026/08/05 15:18:34.520, 21096, 83
2026/08/05 15:18:35.525, 21096, 99
2026/08/05 15:18:36.529, 21096, 100
2026/08/05 15:18:37.533, 21096, 100
2026/08/05 15:18:38.536, 21096, 100
2026/08/05 15:18:39.541, 21096, 100
2026/08/05 15:18:40.545, 21096, 100
2026/08/05 15:18:41.549, 21096, 100
2026/08/05 15:18:42.552, 21096, 83
2026/08/05 15:18:43.555, 21096, 100
2026/08/05 15:18:44.558, 21096, 100
2026/08/05 15:18:45.561, 21096, 100
2026/08/05 15:18:46.564, 21096, 100
2026/08/05 15:18:47.567, 21096, 100
2026/08/05 15:18:48.569, 21096, 100
2026/08/05 15:18:49.571, 21096, 100
2026/08/05 15:18:50.574, 21096, 100
2026/08/05 15:18:51.577, 21096, 100
2026/08/05 15:18:52.579, 21096, 100
2026/08/05 15:18:53.581, 21096, 100
2026/08/05 15:18:54.584, 21096, 100
2026/08/05 15:18:55.586, 21096, 100
2026/08/05 15:18:56.589, 21096, 100
2026/08/05 15:18:57.591, 21096, 100
2026/08/05 15:18:58.594, 21096, 100
2026/08/05 15:18:59.596, 21096, 100
2026/08/05 15:19:00.598, 21096, 100
2026/08/05 15:19:01.601, 21096, 100
2026/08/05 15:19:02.603, 21096, 100
2026/08/05 15:19:03.605, 21096, 100
2026/08/05 15:19:04.606, 21096, 100
2026/08/05 15:19:05.607, 21096, 100
2026/08/05 15:19:06.609, 21096, 100
2026/08/05 15:19:07.610, 21096, 100
2026/08/05 15:19:08.612, 21096, 100
2026/08/05 15:19:09.613, 21096, 100
2026/08/05 15:19:10.614, 21096, 56
2026/08/05 15:19:11.616, 21096, 100
2026/08/05 15:19:12.618, 21096, 100
2026/08/05 15:19:13.619, 21096, 100
2026/08/05 15:19:14.620, 21096, 100
2026/08/05 15:19:15.622, 21096, 100
2026/08/05 15:19:16.624, 21096, 100
2026/08/05 15:19:17.625, 21096, 100
2026/08/05 15:19:18.627, 21096, 100
2026/08/05 15:19:19.628, 21096, 100
2026/08/05 15:19:20.630, 21096, 100
2026/08/05 15:19:21.631, 21096, 85
2026/08/05 15:19:22.633, 21096, 62
2026/08/05 15:19:23.634, 21096, 100
2026/08/05 15:19:24.636, 21096, 100
2026/08/05 15:19:25.637, 21096, 100
2026/08/05 15:19:26.637, 21096, 100
2026/08/05 15:19:27.638, 21096, 100
2026/08/05 15:19:28.638, 21096, 100
2026/08/05 15:19:29.638, 21096, 100
2026/08/05 15:19:30.638, 21096, 100
2026/08/05 15:19:31.639, 21096, 100
2026/08/05 15:19:32.639, 21096, 99
2026/08/05 15:19:33.639, 21096, 100
2026/08/05 15:19:34.640, 21096, 100
2026/08/05 15:19:35.640, 21096, 100
2026/08/05 15:19:36.640, 21096, 100
2026/08/05 15:19:37.641, 21096, 100
2026/08/05 15:19:38.641, 21096, 100
2026/08/05 15:19:39.642, 21096, 100
2026/08/05 15:19:40.642, 21096, 100
2026/08/05 15:19:41.642, 21096, 100
2026/08/05 15:19:42.643, 21096, 100
2026/08/05 15:19:43.643, 21096, 100
2026/08/05 15:19:44.643, 21096, 100
2026/08/05 15:19:45.643, 21096, 100
2026/08/05 15:19:46.643, 21096, 100
2026/08/05 15:19:47.644, 21096, 100
2026/08/05 15:19:48.644, 21096, 100
2026/08/05 15:19:49.644, 21096, 84
2026/08/05 15:19:50.646, 21096, 100
2026/08/05 15:19:51.646, 21096, 100
2026/08/05 15:19:52.646, 21096, 100
2026/08/05 15:19:53.647, 21096, 100
2026/08/05 15:19:54.647, 21096, 100
2026/08/05 15:19:55.647, 21096, 97
2026/08/05 15:19:56.647, 21096, 100
2026/08/05 15:19:57.648, 21096, 81
2026/08/05 15:19:58.648, 21096, 100
2026/08/05 15:19:59.655, 21096, 100
2026/08/05 15:20:00.664, 21096, 100
2026/08/05 15:20:01.671, 21096, 100
2026/08/05 15:20:02.679, 21096, 100
2026/08/05 15:20:03.685, 21096, 100
2026/08/05 15:20:04.691, 21096, 100
2026/08/05 15:20:05.696, 21096, 100
2026/08/05 15:20:06.700, 21096, 100
2026/08/05 15:20:07.705, 21096, 100
2026/08/05 15:20:08.708, 21096, 100
2026/08/05 15:20:09.712, 21096, 100
2026/08/05 15:20:10.715, 21096, 100
2026/08/05 15:20:11.718, 21096, 100
2026/08/05 15:20:12.721, 21096, 100
2026/08/05 15:20:13.723, 21096, 100
2026/08/05 15:20:14.726, 21096, 100
2026/08/05 15:20:15.728, 21096, 100
2026/08/05 15:20:16.730, 21096, 100
2026/08/05 15:20:17.732, 21096, 84
2026/08/05 15:20:18.733, 21096, 100
2026/08/05 15:20:19.735, 21096, 100
2026/08/05 15:20:20.736, 21096, 100
2026/08/05 15:20:21.738, 21096, 100
2026/08/05 15:20:22.739, 21096, 100
2026/08/05 15:20:23.741, 21096, 100
2026/08/05 15:20:24.742, 21096, 100
2026/08/05 15:20:25.744, 21096, 100
2026/08/05 15:20:26.745, 21096, 100
2026/08/05 15:20:27.747, 21096, 100
2026/08/05 15:20:28.749, 21096, 83
2026/08/05 15:20:29.750, 21096, 100
2026/08/05 15:20:30.752, 21096, 100
2026/08/05 15:20:31.753, 21096, 100
2026/08/05 15:20:32.756, 21096, 100
2026/08/05 15:20:33.758, 21096, 100
2026/08/05 15:20:34.761, 21096, 70
2026/08/05 15:20:35.763, 21096, 100
2026/08/05 15:20:36.766, 21096, 100
2026/08/05 15:20:37.769, 21096, 100
2026/08/05 15:20:38.771, 21096, 100
2026/08/05 15:20:39.774, 21096, 100
2026/08/05 15:20:40.776, 21096, 100
2026/08/05 15:20:41.779, 21096, 100
2026/08/05 15:20:42.781, 21096, 86
2026/08/05 15:20:43.783, 21096, 100
2026/08/05 15:20:44.786, 21096, 100
2026/08/05 15:20:45.788, 21096, 100
2026/08/05 15:20:46.790, 21096, 85
2026/08/05 15:20:47.792, 21096, 100
2026/08/05 15:20:48.794, 21096, 100
2026/08/05 15:20:49.795, 21096, 100
2026/08/05 15:20:50.796, 21096, 100
2026/08/05 15:20:51.798, 21096, 100
2026/08/05 15:20:52.799, 21096, 100
2026/08/05 15:20:53.801, 21096, 100
2026/08/05 15:20:54.802, 21096, 100
2026/08/05 15:20:55.803, 21096, 100
2026/08/05 15:20:56.805, 21096, 100
2026/08/05 15:20:57.806, 21096, 99
2026/08/05 15:20:58.808, 21096, 100
2026/08/05 15:20:59.809, 21096, 100
2026/08/05 15:21:00.810, 21096, 100
2026/08/05 15:21:01.812, 21096, 100
2026/08/05 15:21:02.813, 21096, 100
2026/08/05 15:21:03.815, 21096, 100
2026/08/05 15:21:04.817, 21096, 100
2026/08/05 15:21:05.818, 21096, 100
2026/08/05 15:21:06.819, 21096, 100
2026/08/05 15:21:07.821, 21096, 100
2026/08/05 15:21:08.822, 21096, 100
2026/08/05 15:21:09.824, 21096, 100
2026/08/05 15:21:10.825, 21096, 100
2026/08/05 15:21:11.826, 21096, 100
2026/08/05 15:21:12.828, 21096, 100
2026/08/05 15:21:13.829, 21096, 100
2026/08/05 15:21:14.831, 21096, 100
2026/08/05 15:21:15.832, 21096, 100
2026/08/05 15:21:16.834, 21096, 100
2026/08/05 15:21:17.835, 21096, 100
2026/08/05 15:21:18.839, 21096, 100
2026/08/05 15:21:19.841, 21096, 100
2026/08/05 15:21:20.842, 21096, 100
2026/08/05 15:21:21.844, 21096, 99
2026/08/05 15:21:22.845, 21096, 100
2026/08/05 15:21:23.846, 21096, 100
2026/08/05 15:21:24.848, 21096, 100
2026/08/05 15:21:25.849, 21096, 100
2026/08/05 15:21:26.850, 21096, 100
2026/08/05 15:21:27.852, 21096, 100
2026/08/05 15:21:28.853, 21096, 100
2026/08/05 15:21:29.854, 21096, 100
2026/08/05 15:21:30.856, 21096, 100
2026/08/05 15:21:31.857, 21096, 85
2026/08/05 15:21:32.858, 21096, 100
2026/08/05 15:21:33.860, 21096, 100
2026/08/05 15:21:34.861, 21096, 100
2026/08/05 15:21:35.862, 21096, 83
2026/08/05 15:21:36.863, 21096, 100
2026/08/05 15:21:37.863, 21096, 100
2026/08/05 15:21:38.863, 21096, 100
2026/08/05 15:21:39.864, 21096, 100
2026/08/05 15:21:40.864, 21096, 100
2026/08/05 15:21:41.864, 21096, 100
2026/08/05 15:21:42.865, 21096, 100
2026/08/05 15:21:43.865, 21096, 100
2026/08/05 15:21:44.865, 21096, 82
2026/08/05 15:21:45.866, 21096, 100
2026/08/05 15:21:46.866, 21096, 100
2026/08/05 15:21:47.866, 21096, 93
2026/08/05 15:21:48.866, 21096, 100
2026/08/05 15:21:49.867, 21096, 83
2026/08/05 15:21:50.867, 21096, 100
2026/08/05 15:21:51.867, 21096, 100
2026/08/05 15:21:52.868, 21096, 100
2026/08/05 15:21:53.868, 21096, 100
2026/08/05 15:21:54.868, 21096, 100
2026/08/05 15:21:55.869, 21096, 100
2026/08/05 15:21:56.869, 21096, 100
2026/08/05 15:21:57.869, 21096, 100
2026/08/05 15:21:58.870, 21096, 100
2026/08/05 15:21:59.870, 21096, 60
2026/08/05 15:22:00.870, 21096, 100
2026/08/05 15:22:01.870, 21096, 82
2026/08/05 15:22:02.870, 21096, 100
2026/08/05 15:22:03.871, 21096, 100
2026/08/05 15:22:04.871, 21096, 100
2026/08/05 15:22:05.871, 21096, 100
2026/08/05 15:22:06.871, 21096, 96
2026/08/05 15:22:07.872, 21096, 84
2026/08/05 15:22:08.872, 21096, 100
2026/08/05 15:22:09.872, 21096, 100
2026/08/05 15:22:10.872, 21096, 100
2026/08/05 15:22:11.873, 21096, 100
2026/08/05 15:22:12.873, 21096, 100
2026/08/05 15:22:13.873, 21096, 100
2026/08/05 15:22:14.873, 21096, 100
2026/08/05 15:22:15.874, 21096, 100
2026/08/05 15:22:16.874, 21096, 100
2026/08/05 15:22:17.874, 21096, 100
2026/08/05 15:22:18.874, 21096, 100
2026/08/05 15:22:19.874, 21096, 62
2026/08/05 15:22:20.875, 21096, 85
2026/08/05 15:22:21.875, 21096, 100
2026/08/05 15:22:22.875, 21096, 100
2026/08/05 15:22:23.876, 21096, 100
2026/08/05 15:22:24.876, 21096, 100
2026/08/05 15:22:25.876, 21096, 100
2026/08/05 15:22:26.876, 21096, 90
2026/08/05 15:22:27.877, 21096, 100
2026/08/05 15:22:28.877, 21096, 100
2026/08/05 15:22:29.877, 21096, 100
2026/08/05 15:22:30.878, 21096, 100
2026/08/05 15:22:31.878, 21096, 83
2026/08/05 15:22:32.878, 21096, 100
2026/08/05 15:22:33.878, 21096, 100
2026/08/05 15:22:34.878, 21096, 100
2026/08/05 15:22:35.879, 21096, 100
2026/08/05 15:22:36.879, 21096, 100
2026/08/05 15:22:37.879, 21096, 91
2026/08/05 15:22:38.879, 21096, 100
2026/08/05 15:22:39.879, 21096, 100
2026/08/05 15:22:40.880, 21096, 100
2026/08/05 15:22:41.880, 21096, 100
2026/08/05 15:22:42.880, 21096, 100
2026/08/05 15:22:43.880, 21096, 100
2026/08/05 15:22:44.881, 21096, 82
2026/08/05 15:22:45.881, 21096, 100
2026/08/05 15:22:46.881, 21096, 100
2026/08/05 15:22:47.881, 21096, 100
2026/08/05 15:22:48.882, 21096, 100
2026/08/05 15:22:49.882, 21096, 100
2026/08/05 15:22:50.882, 21096, 100
2026/08/05 15:22:51.882, 21096, 100
2026/08/05 15:22:52.882, 21096, 100
2026/08/05 15:22:53.882, 21096, 100
2026/08/05 15:22:54.882, 21096, 100
2026/08/05 15:22:55.883, 21096, 100
2026/08/05 15:22:56.883, 21096, 100
2026/08/05 15:22:57.883, 21096, 100
2026/08/05 15:22:58.883, 21096, 100
2026/08/05 15:22:59.884, 21096, 85
2026/08/05 15:23:00.884, 21096, 100
2026/08/05 15:23:01.884, 21096, 100
2026/08/05 15:23:02.884, 21096, 100
2026/08/05 15:23:03.885, 21096, 100
2026/08/05 15:23:04.885, 21096, 82
2026/08/05 15:23:05.885, 21096, 100
2026/08/05 15:23:06.886, 21096, 100
2026/08/05 15:23:07.886, 21096, 100
2026/08/05 15:23:08.886, 21096, 62
2026/08/05 15:23:09.887, 21096, 83
2026/08/05 15:23:10.887, 21096, 100
2026/08/05 15:23:11.887, 21096, 100
2026/08/05 15:23:12.887, 21096, 100
2026/08/05 15:23:13.888, 21096, 100
2026/08/05 15:23:14.888, 21096, 100
2026/08/05 15:23:15.888, 21096, 100
2026/08/05 15:23:16.888, 21096, 100
2026/08/05 15:23:17.889, 21096, 100
2026/08/05 15:23:18.889, 21096, 86
2026/08/05 15:23:19.889, 21096, 100
2026/08/05 15:23:20.889, 21096, 89
2026/08/05 15:23:21.889, 21096, 100
2026/08/05 15:23:22.890, 21096, 100
2026/08/05 15:23:23.890, 21096, 82
2026/08/05 15:23:24.890, 21096, 100
2026/08/05 15:23:25.891, 21096, 100
2026/08/05 15:23:26.891, 21096, 100
2026/08/05 15:23:27.891, 21096, 100
2026/08/05 15:23:28.891, 21096, 100
2026/08/05 15:23:29.892, 21096, 100
2026/08/05 15:23:30.892, 21096, 100
2026/08/05 15:23:31.892, 21096, 100
2026/08/05 15:23:32.892, 21096, 100
2026/08/05 15:23:33.893, 21096, 100
2026/08/05 15:23:34.893, 21096, 100
2026/08/05 15:23:35.893, 21096, 100
2026/08/05 15:23:36.893, 21096, 100
2026/08/05 15:23:37.893, 21096, 79
2026/08/05 15:23:38.894, 21096, 100
2026/08/05 15:23:39.894, 21096, 84
2026/08/05 15:23:40.894, 21096, 100
2026/08/05 15:23:41.894, 21096, 100
2026/08/05 15:23:42.895, 21096, 100
2026/08/05 15:23:43.895, 21096, 100
2026/08/05 15:23:44.895, 21096, 100
2026/08/05 15:23:45.896, 21096, 100
2026/08/05 15:23:46.896, 21096, 100
2026/08/05 15:23:47.896, 21096, 100
2026/08/05 15:23:48.896, 21096, 80
2026/08/05 15:23:49.896, 21096, 100
2026/08/05 15:23:50.897, 21096, 100
2026/08/05 15:23:51.897, 21096, 89
2026/08/05 15:23:52.897, 21096, 100
2026/08/05 15:23:53.897, 21096, 100
2026/08/05 15:23:54.898, 21096, 100
2026/08/05 15:23:55.898, 21096, 100
2026/08/05 15:23:56.898, 21096, 100
2026/08/05 15:23:57.898, 21096, 100
2026/08/05 15:23:58.899, 21096, 100
2026/08/05 15:23:59.899, 21096, 100
2026/08/05 15:24:00.899, 21096, 100
2026/08/05 15:24:01.899, 21096, 100
2026/08/05 15:24:02.900, 21096, 100
2026/08/05 15:24:03.900, 21096, 100
2026/08/05 15:24:04.900, 21096, 100
2026/08/05 15:24:05.901, 21096, 100
2026/08/05 15:24:06.901, 21096, 100
2026/08/05 15:24:07.901, 21096, 93
2026/08/05 15:24:08.901, 21096, 100
2026/08/05 15:24:09.901, 21096, 85
2026/08/05 15:24:10.902, 21096, 100
2026/08/05 15:24:11.902, 21096, 100
2026/08/05 15:24:12.902, 21096, 100
2026/08/05 15:24:13.902, 21096, 100
2026/08/05 15:24:14.902, 21096, 100
2026/08/05 15:24:15.903, 21096, 100
2026/08/05 15:24:16.903, 21096, 81
2026/08/05 15:24:17.903, 21096, 100
2026/08/05 15:24:18.903, 21096, 63
2026/08/05 15:24:19.904, 21096, 100
2026/08/05 15:24:20.904, 21096, 89
2026/08/05 15:24:21.904, 21096, 100
2026/08/05 15:24:22.904, 21096, 100
2026/08/05 15:24:23.904, 21096, 100
2026/08/05 15:24:24.905, 21096, 84
2026/08/05 15:24:25.905, 21096, 100
2026/08/05 15:24:26.905, 21096, 100
2026/08/05 15:24:27.905, 21096, 100
2026/08/05 15:24:28.906, 21096, 100
2026/08/05 15:24:29.906, 21096, 67
2026/08/05 15:24:30.906, 21096, 100
2026/08/05 15:24:31.906, 21096, 100
2026/08/05 15:24:32.907, 21096, 100
2026/08/05 15:24:33.907, 21096, 73
2026/08/05 15:24:34.907, 21096, 100
2026/08/05 15:24:35.907, 21096, 100
2026/08/05 15:24:36.908, 21096, 100
2026/08/05 15:24:37.908, 21096, 100
2026/08/05 15:24:38.908, 21096, 100
2026/08/05 15:24:39.908, 21096, 65
2026/08/05 15:24:40.908, 21096, 100
2026/08/05 15:24:41.909, 21096, 100
2026/08/05 15:24:42.909, 21096, 100
2026/08/05 15:24:43.909, 21096, 100
2026/08/05 15:24:44.909, 21096, 74
2026/08/05 15:24:45.910, 21096, 100
2026/08/05 15:24:46.910, 21096, 100
2026/08/05 15:24:47.910, 21096, 100
2026/08/05 15:24:48.910, 21096, 100
2026/08/05 15:24:49.910, 21096, 100
2026/08/05 15:24:50.911, 21096, 100
2026/08/05 15:24:51.911, 21096, 100
2026/08/05 15:24:52.911, 21096, 100
2026/08/05 15:24:53.912, 21096, 82
2026/08/05 15:24:54.912, 21096, 70
2026/08/05 15:24:55.912, 21096, 100
2026/08/05 15:24:56.912, 21096, 85
2026/08/05 15:24:57.912, 21096, 100
2026/08/05 15:24:58.912, 21096, 100
2026/08/05 15:24:59.912, 21096, 100
2026/08/05 15:25:00.913, 21096, 100
2026/08/05 15:25:01.913, 21096, 100
2026/08/05 15:25:02.913, 21096, 100
2026/08/05 15:25:03.913, 21096, 100
2026/08/05 15:25:04.914, 21096, 100
2026/08/05 15:25:05.914, 21096, 100
2026/08/05 15:25:06.914, 21096, 100
2026/08/05 15:25:07.914, 21096, 100
2026/08/05 15:25:08.914, 21096, 84
2026/08/05 15:25:09.914, 21096, 100
2026/08/05 15:25:10.915, 21096, 100
2026/08/05 15:25:11.915, 21096, 100
2026/08/05 15:25:12.915, 21096, 100
2026/08/05 15:25:13.915, 21096, 100
2026/08/05 15:25:14.916, 21096, 100
2026/08/05 15:25:15.916, 21096, 60
2026/08/05 15:25:16.916, 21096, 100
2026/08/05 15:25:17.917, 21096, 100
2026/08/05 15:25:18.917, 21096, 83
2026/08/05 15:25:19.917, 21096, 78
2026/08/05 15:25:20.917, 21096, 100
2026/08/05 15:25:21.918, 21096, 100
2026/08/05 15:25:22.918, 21096, 95
2026/08/05 15:25:23.919, 21096, 90
2026/08/05 15:25:24.919, 21096, 100
2026/08/05 15:25:25.919, 21096, 100
2026/08/05 15:25:26.920, 21096, 100
2026/08/05 15:25:27.920, 21096, 100
2026/08/05 15:25:28.920, 21096, 100
2026/08/05 15:25:29.921, 21096, 100
2026/08/05 15:25:30.921, 21096, 100
2026/08/05 15:25:31.921, 21096, 100
2026/08/05 15:25:32.922, 21096, 100
2026/08/05 15:25:33.922, 21096, 100
2026/08/05 15:25:34.922, 21096, 100
2026/08/05 15:25:35.922, 21096, 100
2026/08/05 15:25:36.923, 21096, 100
2026/08/05 15:25:37.923, 21096, 100
2026/08/05 15:25:38.923, 21096, 100
2026/08/05 15:25:39.924, 21096, 100
2026/08/05 15:25:40.924, 21096, 100
2026/08/05 15:25:41.924, 21096, 84
2026/08/05 15:25:42.925, 21096, 100
2026/08/05 15:25:43.925, 21096, 90
2026/08/05 15:25:44.925, 21096, 100
2026/08/05 15:25:45.926, 21096, 100
2026/08/05 15:25:46.926, 21096, 100
2026/08/05 15:25:47.926, 21096, 100
2026/08/05 15:25:48.926, 21096, 100
2026/08/05 15:25:49.927, 21096, 100
2026/08/05 15:25:50.927, 21096, 100
2026/08/05 15:25:51.927, 21096, 84
2026/08/05 15:25:52.928, 21096, 100
2026/08/05 15:25:53.928, 21096, 100
2026/08/05 15:25:54.955, 21096, 100
2026/08/05 15:25:55.980, 21096, 100
2026/08/05 15:25:57.003, 21096, 100
2026/08/05 15:25:58.022, 21096, 100
2026/08/05 15:25:59.039, 21096, 100
2026/08/05 15:26:00.054, 21096, 100
2026/08/05 15:26:01.067, 21096, 100
2026/08/05 15:26:02.079, 21096, 100
2026/08/05 15:26:03.089, 21096, 100
2026/08/05 15:26:04.099, 21096, 87
2026/08/05 15:26:05.107, 21096, 100
2026/08/05 15:26:06.114, 21096, 82
2026/08/05 15:26:07.121, 21096, 100
2026/08/05 15:26:08.127, 21096, 100
2026/08/05 15:26:09.132, 21096, 100
2026/08/05 15:26:10.137, 21096, 100
2026/08/05 15:26:11.142, 21096, 100
2026/08/05 15:26:12.146, 21096, 100
2026/08/05 15:26:13.150, 21096, 100
2026/08/05 15:26:14.153, 21096, 100
2026/08/05 15:26:15.156, 21096, 91
2026/08/05 15:26:16.159, 21096, 100
2026/08/05 15:26:17.162, 21096, 100
2026/08/05 15:26:18.165, 21096, 82
2026/08/05 15:26:19.167, 21096, 59
2026/08/05 15:26:20.170, 21096, 81
2026/08/05 15:26:21.171, 21096, 100
2026/08/05 15:26:22.173, 21096, 100
2026/08/05 15:26:23.175, 21096, 83
2026/08/05 15:26:24.176, 21096, 100
2026/08/05 15:26:25.178, 21096, 100
2026/08/05 15:26:26.180, 21096, 100
2026/08/05 15:26:27.183, 21096, 100
2026/08/05 15:26:28.194, 21096, 100
2026/08/05 15:26:29.203, 21096, 100
2026/08/05 15:26:30.211, 21096, 100
2026/08/05 15:26:31.219, 21096, 100
2026/08/05 15:26:32.225, 21096, 100
2026/08/05 15:26:33.231, 21096, 100
2026/08/05 15:26:34.237, 21096, 100
2026/08/05 15:26:35.241, 21096, 84
2026/08/05 15:26:36.246, 21096, 100
2026/08/05 15:26:37.251, 21096, 100
2026/08/05 15:26:38.255, 21096, 100
2026/08/05 15:26:39.258, 21096, 100
2026/08/05 15:26:40.261, 21096, 56
2026/08/05 15:26:41.265, 21096, 100
2026/08/05 15:26:42.267, 21096, 100
2026/08/05 15:26:43.270, 21096, 100
2026/08/05 15:26:44.272, 21096, 100
2026/08/05 15:26:45.274, 21096, 87
2026/08/05 15:26:46.277, 21096, 100
2026/08/05 15:26:47.279, 21096, 100
2026/08/05 15:26:48.281, 21096, 100
2026/08/05 15:26:49.283, 21096, 100
2026/08/05 15:26:50.284, 21096, 97
2026/08/05 15:26:51.286, 21096, 100
2026/08/05 15:26:52.287, 21096, 100
2026/08/05 15:26:53.289, 21096, 100
2026/08/05 15:26:54.290, 21096, 100
2026/08/05 15:26:55.291, 21096, 100
2026/08/05 15:26:56.293, 21096, 100
2026/08/05 15:26:57.294, 21096, 100
2026/08/05 15:26:58.295, 21096, 100
2026/08/05 15:26:59.297, 21096, 81
2026/08/05 15:27:00.297, 21096, 100
2026/08/05 15:27:01.297, 21096, 100
2026/08/05 15:27:02.298, 21096, 100
2026/08/05 15:27:03.298, 21096, 100
2026/08/05 15:27:04.298, 21096, 100
2026/08/05 15:27:05.298, 21096, 100
2026/08/05 15:27:06.299, 21096, 100
2026/08/05 15:27:07.299, 21096, 100
2026/08/05 15:27:08.299, 21096, 100
2026/08/05 15:27:09.299, 21096, 100
2026/08/05 15:27:10.300, 21096, 100
2026/08/05 15:27:11.300, 21096, 100
2026/08/05 15:27:12.300, 21096, 100
2026/08/05 15:27:13.300, 21096, 100
2026/08/05 15:27:14.301, 21096, 100
2026/08/05 15:27:15.301, 21096, 100
2026/08/05 15:27:16.301, 21096, 100
2026/08/05 15:27:17.301, 21096, 100
2026/08/05 15:27:18.302, 21096, 86
2026/08/05 15:27:19.302, 21096, 100
2026/08/05 15:27:20.302, 21096, 100
2026/08/05 15:27:21.302, 21096, 100
2026/08/05 15:27:22.302, 21096, 100
2026/08/05 15:27:23.303, 21096, 100
2026/08/05 15:27:24.303, 21096, 100
2026/08/05 15:27:25.303, 21096, 100
2026/08/05 15:27:26.304, 21096, 100
2026/08/05 15:27:27.304, 21096, 100
2026/08/05 15:27:28.304, 21096, 100
2026/08/05 15:27:29.304, 21096, 100
2026/08/05 15:27:30.305, 21096, 100
2026/08/05 15:27:31.305, 21096, 100
2026/08/05 15:27:32.305, 21096, 100
2026/08/05 15:27:33.306, 21096, 100
2026/08/05 15:27:34.306, 21096, 100
2026/08/05 15:27:35.306, 21096, 100
2026/08/05 15:27:36.306, 21096, 100
2026/08/05 15:27:37.306, 21096, 100
2026/08/05 15:27:38.307, 21096, 100
2026/08/05 15:27:39.307, 21096, 100
2026/08/05 15:27:40.307, 21096, 85
2026/08/05 15:27:41.307, 21096, 100
2026/08/05 15:27:42.307, 21096, 100
2026/08/05 15:27:43.308, 21096, 100
2026/08/05 15:27:44.308, 21096, 100
2026/08/05 15:27:45.308, 21096, 100
2026/08/05 15:27:46.308, 21096, 100
2026/08/05 15:27:47.308, 21096, 85
2026/08/05 15:27:48.309, 21096, 100
2026/08/05 15:27:49.309, 21096, 100
2026/08/05 15:27:50.309, 21096, 100
2026/08/05 15:27:51.309, 21096, 100
2026/08/05 15:27:52.309, 21096, 100
2026/08/05 15:27:53.310, 21096, 100
2026/08/05 15:27:54.310, 21096, 100
2026/08/05 15:27:55.310, 21096, 100
2026/08/05 15:27:56.310, 21096, 100
2026/08/05 15:27:57.311, 21096, 100
2026/08/05 15:27:58.311, 21096, 100
2026/08/05 15:27:59.311, 21096, 100
2026/08/05 15:28:00.311, 21096, 100
2026/08/05 15:28:01.311, 21096, 100
2026/08/05 15:28:02.312, 21096, 94
2026/08/05 15:28:03.312, 21096, 100
2026/08/05 15:28:04.312, 21096, 100
2026/08/05 15:28:05.316, 21096, 99
2026/08/05 15:28:06.328, 21096, 100
2026/08/05 15:28:07.338, 21096, 100
2026/08/05 15:28:08.346, 21096, 100
2026/08/05 15:28:09.354, 21096, 100
2026/08/05 15:28:10.361, 21096, 100
2026/08/05 15:28:11.367, 21096, 100
2026/08/05 15:28:12.373, 21096, 83
2026/08/05 15:28:13.379, 21096, 82
2026/08/05 15:28:14.383, 21096, 100
2026/08/05 15:28:15.387, 21096, 100
2026/08/05 15:28:16.391, 21096, 100
2026/08/05 15:28:17.394, 21096, 83
2026/08/05 15:28:18.397, 21096, 100
2026/08/05 15:28:19.401, 21096, 100
2026/08/05 15:28:20.403, 21096, 100
2026/08/05 15:28:21.405, 21096, 100
2026/08/05 15:28:22.408, 21096, 59
2026/08/05 15:28:23.410, 21096, 100
2026/08/05 15:28:24.412, 21096, 100
2026/08/05 15:28:25.415, 21096, 100
2026/08/05 15:28:26.417, 21096, 82
2026/08/05 15:28:27.418, 21096, 100
2026/08/05 15:28:28.420, 21096, 100
2026/08/05 15:28:29.421, 21096, 100
2026/08/05 15:28:30.422, 21096, 84
2026/08/05 15:28:31.424, 21096, 85
2026/08/05 15:28:32.425, 21096, 100
2026/08/05 15:28:33.426, 21096, 100
2026/08/05 15:28:34.427, 21096, 80
2026/08/05 15:28:35.429, 21096, 100
2026/08/05 15:28:36.430, 21096, 100
2026/08/05 15:28:37.431, 21096, 82
2026/08/05 15:28:38.442, 21096, 100
2026/08/05 15:28:39.464, 21096, 100
2026/08/05 15:28:40.483, 21096, 82
2026/08/05 15:28:41.500, 21096, 100
2026/08/05 15:28:42.514, 21096, 100
2026/08/05 15:28:43.527, 21096, 100
2026/08/05 15:28:44.538, 21096, 100
2026/08/05 15:28:45.549, 21096, 100
2026/08/05 15:28:46.559, 21096, 100
2026/08/05 15:28:47.567, 21096, 100
2026/08/05 15:28:48.574, 21096, 100
2026/08/05 15:28:49.581, 21096, 100
2026/08/05 15:28:50.587, 21096, 100
2026/08/05 15:28:51.592, 21096, 100
2026/08/05 15:28:52.597, 21096, 63
2026/08/05 15:28:53.601, 21096, 85
2026/08/05 15:28:54.606, 21096, 100
2026/08/05 15:28:55.609, 21096, 100
2026/08/05 15:28:56.613, 21096, 100
2026/08/05 15:28:57.616, 21096, 100
2026/08/05 15:28:58.619, 21096, 100
2026/08/05 15:28:59.622, 21096, 100
2026/08/05 15:29:00.624, 21096, 100
2026/08/05 15:29:01.627, 21096, 100
2026/08/05 15:29:02.630, 21096, 100
2026/08/05 15:29:03.631, 21096, 100
2026/08/05 15:29:04.633, 21096, 100
2026/08/05 15:29:05.634, 21096, 66
2026/08/05 15:29:06.636, 21096, 100
2026/08/05 15:29:07.637, 21096, 100
2026/08/05 15:29:08.639, 21096, 100
2026/08/05 15:29:09.640, 21096, 100
2026/08/05 15:29:10.642, 21096, 100
2026/08/05 15:29:11.642, 21096, 100
2026/08/05 15:29:12.642, 21096, 100
2026/08/05 15:29:13.642, 21096, 100
2026/08/05 15:29:14.643, 21096, 100
2026/08/05 15:29:15.643, 21096, 100
2026/08/05 15:29:16.643, 21096, 100
2026/08/05 15:29:17.643, 21096, 100
2026/08/05 15:29:18.644, 21096, 100
2026/08/05 15:29:19.644, 21096, 100
2026/08/05 15:29:20.647, 21096, 100
2026/08/05 15:29:21.647, 21096, 100
2026/08/05 15:29:22.647, 21096, 100
2026/08/05 15:29:23.648, 21096, 100
2026/08/05 15:29:24.648, 21096, 100
2026/08/05 15:29:25.648, 21096, 58
2026/08/05 15:29:26.648, 21096, 100
2026/08/05 15:29:27.649, 21096, 100
2026/08/05 15:29:28.649, 21096, 100
2026/08/05 15:29:29.649, 21096, 100
2026/08/05 15:29:30.650, 21096, 100
2026/08/05 15:29:31.650, 21096, 100
2026/08/05 15:29:32.650, 21096, 100
2026/08/05 15:29:33.650, 21096, 100
2026/08/05 15:29:34.651, 21096, 100
2026/08/05 15:29:35.651, 21096, 100
2026/08/05 15:29:36.651, 21096, 100
2026/08/05 15:29:37.652, 21096, 82
2026/08/05 15:29:38.652, 21096, 100
2026/08/05 15:29:39.652, 21096, 100
2026/08/05 15:29:40.653, 21096, 100
2026/08/05 15:29:41.653, 21096, 100
2026/08/05 15:29:42.653, 21096, 100
2026/08/05 15:29:43.653, 21096, 100
2026/08/05 15:29:44.654, 21096, 100
2026/08/05 15:29:45.654, 21096, 100
2026/08/05 15:29:46.655, 21096, 100
2026/08/05 15:29:47.655, 21096, 100
2026/08/05 15:29:48.655, 21096, 100
2026/08/05 15:29:49.655, 21096, 100
2026/08/05 15:29:50.655, 21096, 85
2026/08/05 15:29:51.656, 21096, 83
2026/08/05 15:29:52.656, 21096, 100
2026/08/05 15:29:53.656, 21096, 100
2026/08/05 15:29:54.656, 21096, 100
2026/08/05 15:29:55.656, 21096, 67
2026/08/05 15:29:56.657, 21096, 100
2026/08/05 15:29:57.657, 21096, 100
2026/08/05 15:29:58.657, 21096, 100
2026/08/05 15:29:59.657, 21096, 100
2026/08/05 15:30:00.658, 21096, 100
2026/08/05 15:30:01.658, 21096, 100
2026/08/05 15:30:02.658, 21096, 100
2026/08/05 15:30:03.659, 21096, 100
2026/08/05 15:30:04.659, 21096, 98
2026/08/05 15:30:05.659, 21096, 100
2026/08/05 15:30:06.659, 21096, 100
2026/08/05 15:30:07.660, 21096, 100
2026/08/05 15:30:08.660, 21096, 100
2026/08/05 15:30:09.660, 21096, 100
2026/08/05 15:30:10.660, 21096, 100
2026/08/05 15:30:11.661, 21096, 100
2026/08/05 15:30:12.661, 21096, 100
2026/08/05 15:30:13.661, 21096, 100
2026/08/05 15:30:14.661, 21096, 100
2026/08/05 15:30:15.662, 21096, 100
2026/08/05 15:30:16.662, 21096, 100
2026/08/05 15:30:17.662, 21096, 100
2026/08/05 15:30:18.663, 21096, 100
2026/08/05 15:30:19.663, 21096, 100
2026/08/05 15:30:20.664, 21096, 90
2026/08/05 15:30:21.664, 21096, 85
2026/08/05 15:30:22.664, 21096, 100
2026/08/05 15:30:23.665, 21096, 100
2026/08/05 15:30:24.665, 21096, 100
2026/08/05 15:30:25.666, 21096, 84
2026/08/05 15:30:26.666, 21096, 100
2026/08/05 15:30:27.666, 21096, 100
2026/08/05 15:30:28.666, 21096, 100
2026/08/05 15:30:29.667, 21096, 100
2026/08/05 15:30:30.667, 21096, 100
2026/08/05 15:30:31.667, 21096, 100
2026/08/05 15:30:32.668, 21096, 100
2026/08/05 15:30:33.668, 21096, 84
2026/08/05 15:30:34.668, 21096, 100
2026/08/05 15:30:35.669, 21096, 100
2026/08/05 15:30:36.669, 21096, 100
2026/08/05 15:30:37.669, 21096, 100
2026/08/05 15:30:38.670, 21096, 100
2026/08/05 15:30:39.670, 21096, 100
2026/08/05 15:30:40.671, 21096, 100
2026/08/05 15:30:41.671, 21096, 100
2026/08/05 15:30:42.671, 21096, 85
2026/08/05 15:30:43.671, 21096, 100
2026/08/05 15:30:44.672, 21096, 100
2026/08/05 15:30:45.672, 21096, 100
2026/08/05 15:30:46.672, 21096, 100
2026/08/05 15:30:47.673, 21096, 100
2026/08/05 15:30:48.673, 21096, 100
2026/08/05 15:30:49.680, 21096, 100
2026/08/05 15:30:50.688, 21096, 100
2026/08/05 15:30:51.696, 21096, 100
2026/08/05 15:30:52.703, 21096, 100
2026/08/05 15:30:53.709, 21096, 93
2026/08/05 15:30:54.714, 21096, 100
2026/08/05 15:30:55.720, 21096, 100
2026/08/05 15:30:56.724, 21096, 83
2026/08/05 15:30:57.729, 21096, 83
2026/08/05 15:30:58.732, 21096, 100
2026/08/05 15:30:59.736, 21096, 100
2026/08/05 15:31:00.739, 21096, 100
2026/08/05 15:31:01.742, 21096, 100
2026/08/05 15:31:02.745, 21096, 88
2026/08/05 15:31:03.748, 21096, 100
2026/08/05 15:31:04.750, 21096, 100
2026/08/05 15:31:05.753, 21096, 100
2026/08/05 15:31:06.755, 21096, 100
2026/08/05 15:31:07.757, 21096, 100
2026/08/05 15:31:08.759, 21096, 100
2026/08/05 15:31:09.761, 21096, 100
2026/08/05 15:31:10.762, 21096, 100
2026/08/05 15:31:11.764, 21096, 100
2026/08/05 15:31:12.765, 21096, 100
2026/08/05 15:31:13.767, 21096, 100
2026/08/05 15:31:14.768, 21096, 100
2026/08/05 15:31:15.770, 21096, 100
2026/08/05 15:31:16.771, 21096, 100
2026/08/05 15:31:17.772, 21096, 100
2026/08/05 15:31:18.774, 21096, 100
2026/08/05 15:31:19.775, 21096, 100
2026/08/05 15:31:20.777, 21096, 89
2026/08/05 15:31:21.784, 21096, 100
2026/08/05 15:31:22.793, 21096, 100
2026/08/05 15:31:23.800, 21096, 100
2026/08/05 15:31:24.807, 21096, 100
2026/08/05 15:31:25.812, 21096, 100
2026/08/05 15:31:26.818, 21096, 88
2026/08/05 15:31:27.822, 21096, 100
2026/08/05 15:31:28.828, 21096, 100
2026/08/05 15:31:29.832, 21096, 94
2026/08/05 15:31:30.836, 21096, 100
2026/08/05 15:31:31.839, 21096, 99
2026/08/05 15:31:32.843, 21096, 100
2026/08/05 15:31:33.846, 21096, 100
2026/08/05 15:31:34.849, 21096, 99
2026/08/05 15:31:35.851, 21096, 85
2026/08/05 15:31:36.853, 21096, 100
2026/08/05 15:31:37.856, 21096, 100
2026/08/05 15:31:38.858, 21096, 100
2026/08/05 15:31:39.861, 21096, 100
2026/08/05 15:31:40.863, 21096, 100
2026/08/05 15:31:41.864, 21096, 100
2026/08/05 15:31:42.866, 21096, 84
2026/08/05 15:31:43.867, 21096, 100
2026/08/05 15:31:44.868, 21096, 100
2026/08/05 15:31:45.870, 21096, 100
2026/08/05 15:31:46.871, 21096, 100
2026/08/05 15:31:47.873, 21096, 100
2026/08/05 15:31:48.874, 21096, 100
2026/08/05 15:31:49.875, 21096, 100
2026/08/05 15:31:50.877, 21096, 83
2026/08/05 15:31:51.878, 21096, 100
2026/08/05 15:31:52.880, 21096, 100
2026/08/05 15:31:53.880, 21096, 100
2026/08/05 15:31:54.880, 21096, 100
2026/08/05 15:31:55.880, 21096, 81
2026/08/05 15:31:56.881, 21096, 100
2026/08/05 15:31:57.881, 21096, 100
2026/08/05 15:31:58.881, 21096, 100
2026/08/05 15:31:59.882, 21096, 100
2026/08/05 15:32:00.882, 21096, 100
2026/08/05 15:32:01.882, 21096, 82
2026/08/05 15:32:02.882, 21096, 100
2026/08/05 15:32:03.883, 21096, 100
2026/08/05 15:32:04.883, 21096, 100
2026/08/05 15:32:05.884, 21096, 96
2026/08/05 15:32:06.884, 21096, 100
2026/08/05 15:32:07.884, 21096, 100
2026/08/05 15:32:08.884, 21096, 100
2026/08/05 15:32:09.885, 21096, 100
2026/08/05 15:32:10.885, 21096, 100
2026/08/05 15:32:11.885, 21096, 100
2026/08/05 15:32:12.886, 21096, 100
2026/08/05 15:32:13.886, 21096, 100
2026/08/05 15:32:14.886, 21096, 100
2026/08/05 15:32:15.887, 21096, 100
2026/08/05 15:32:16.887, 21096, 100
2026/08/05 15:32:17.887, 21096, 100
2026/08/05 15:32:18.888, 21096, 100
2026/08/05 15:32:19.888, 21096, 100
2026/08/05 15:32:20.888, 21096, 100
2026/08/05 15:32:21.888, 21096, 100
2026/08/05 15:32:22.889, 21096, 100
2026/08/05 15:32:23.889, 21096, 100
2026/08/05 15:32:24.890, 21096, 100
2026/08/05 15:32:25.890, 21096, 81
2026/08/05 15:32:26.903, 21096, 100
2026/08/05 15:32:27.915, 21096, 100
2026/08/05 15:32:28.927, 21096, 93
2026/08/05 15:32:29.936, 21096, 100
2026/08/05 15:32:30.944, 21096, 100
2026/08/05 15:32:31.952, 21096, 100
2026/08/05 15:32:32.960, 21096, 100
2026/08/05 15:32:33.966, 21096, 100
2026/08/05 15:32:34.971, 21096, 100
2026/08/05 15:32:35.977, 21096, 69
2026/08/05 15:32:36.981, 21096, 100
2026/08/05 15:32:37.985, 21096, 100
2026/08/05 15:32:38.989, 21096, 100
2026/08/05 15:32:39.992, 21096, 100
2026/08/05 15:32:40.996, 21096, 94
2026/08/05 15:32:41.999, 21096, 100
2026/08/05 15:32:43.001, 21096, 100
2026/08/05 15:32:44.004, 21096, 100
2026/08/05 15:32:45.006, 21096, 86
2026/08/05 15:32:46.008, 21096, 98
2026/08/05 15:32:47.011, 21096, 100
2026/08/05 15:32:48.013, 21096, 100
2026/08/05 15:32:49.015, 21096, 100
2026/08/05 15:32:50.018, 21096, 100
2026/08/05 15:32:51.019, 21096, 84
2026/08/05 15:32:52.021, 21096, 100
2026/08/05 15:32:53.022, 21096, 100
2026/08/05 15:32:54.023, 21096, 100
2026/08/05 15:32:55.025, 21096, 100
2026/08/05 15:32:56.026, 21096, 100
2026/08/05 15:32:57.027, 21096, 100
2026/08/05 15:32:58.029, 21096, 100
2026/08/05 15:32:59.030, 21096, 100
2026/08/05 15:33:00.039, 21096, 100
2026/08/05 15:33:01.046, 21096, 100
2026/08/05 15:33:02.053, 21096, 100
2026/08/05 15:33:03.060, 21096, 100
2026/08/05 15:33:04.065, 21096, 100
2026/08/05 15:33:05.071, 21096, 84
2026/08/05 15:33:06.075, 21096, 100
2026/08/05 15:33:07.079, 21096, 83
2026/08/05 15:33:08.083, 21096, 100
2026/08/05 15:33:09.086, 21096, 100
2026/08/05 15:33:10.090, 21096, 100
2026/08/05 15:33:11.093, 21096, 100
2026/08/05 15:33:12.095, 21096, 100
2026/08/05 15:33:13.098, 21096, 100
2026/08/05 15:33:14.100, 21096, 100
2026/08/05 15:33:15.103, 21096, 100
2026/08/05 15:33:16.105, 21096, 100
2026/08/05 15:33:17.107, 21096, 100
2026/08/05 15:33:18.110, 21096, 100
2026/08/05 15:33:19.112, 21096, 100
2026/08/05 15:33:20.114, 21096, 100
2026/08/05 15:33:21.115, 21096, 100
2026/08/05 15:33:22.116, 21096, 100
2026/08/05 15:33:23.118, 21096, 85
2026/08/05 15:33:24.119, 21096, 100
2026/08/05 15:33:25.120, 21096, 100
2026/08/05 15:33:26.122, 21096, 100
2026/08/05 15:33:27.123, 21096, 100
2026/08/05 15:33:28.125, 21096, 100
2026/08/05 15:33:29.126, 21096, 100
2026/08/05 15:33:30.127, 21096, 100
2026/08/05 15:33:31.129, 21096, 100
2026/08/05 15:33:32.129, 21096, 100
2026/08/05 15:33:33.129, 21096, 100
2026/08/05 15:33:34.130, 21096, 100
2026/08/05 15:33:35.130, 21096, 100
2026/08/05 15:33:36.130, 21096, 100
2026/08/05 15:33:37.130, 21096, 100
2026/08/05 15:33:38.131, 21096, 100
2026/08/05 15:33:39.131, 21096, 100
2026/08/05 15:33:40.131, 21096, 100
2026/08/05 15:33:41.132, 21096, 100
2026/08/05 15:33:42.132, 21096, 65
2026/08/05 15:33:43.132, 21096, 85
2026/08/05 15:33:44.132, 21096, 81
2026/08/05 15:33:45.133, 21096, 100
2026/08/05 15:33:46.133, 21096, 100
2026/08/05 15:33:47.133, 21096, 100
2026/08/05 15:33:48.133, 21096, 100
2026/08/05 15:33:49.134, 21096, 100
2026/08/05 15:33:50.134, 21096, 100
2026/08/05 15:33:51.134, 21096, 100
2026/08/05 15:33:52.135, 21096, 100
2026/08/05 15:33:53.135, 21096, 100
2026/08/05 15:33:54.135, 21096, 100
2026/08/05 15:33:55.135, 21096, 100
2026/08/05 15:33:56.136, 21096, 100
2026/08/05 15:33:57.136, 21096, 100
2026/08/05 15:33:58.136, 21096, 100
2026/08/05 15:33:59.137, 21096, 100
2026/08/05 15:34:00.137, 21096, 100
2026/08/05 15:34:01.137, 21096, 100
2026/08/05 15:34:02.137, 21096, 100
2026/08/05 15:34:03.138, 21096, 100
2026/08/05 15:34:04.138, 21096, 100
2026/08/05 15:34:05.140, 21096, 100
2026/08/05 15:34:06.152, 21096, 100
2026/08/05 15:34:07.164, 21096, 100
2026/08/05 15:34:08.173, 21096, 82
2026/08/05 15:34:09.182, 21096, 100
2026/08/05 15:34:10.189, 21096, 100
2026/08/05 15:34:11.196, 21096, 100
2026/08/05 15:34:12.202, 21096, 100
2026/08/05 15:34:13.208, 21096, 100
2026/08/05 15:34:14.213, 21096, 100
2026/08/05 15:34:15.218, 21096, 100
2026/08/05 15:34:16.222, 21096, 100
2026/08/05 15:34:17.225, 21096, 100
2026/08/05 15:34:18.228, 21096, 100
2026/08/05 15:34:19.232, 21096, 100
2026/08/05 15:34:20.234, 21096, 100
2026/08/05 15:34:21.237, 21096, 100
2026/08/05 15:34:22.239, 21096, 100
2026/08/05 15:34:23.241, 21096, 100
2026/08/05 15:34:24.244, 21096, 100
2026/08/05 15:34:25.246, 21096, 100
2026/08/05 15:34:26.248, 21096, 100
2026/08/05 15:34:27.251, 21096, 83
2026/08/05 15:34:28.253, 21096, 74
2026/08/05 15:34:29.254, 21096, 100
2026/08/05 15:34:30.256, 21096, 100
2026/08/05 15:34:31.257, 21096, 100
2026/08/05 15:34:32.259, 21096, 100
2026/08/05 15:34:33.260, 21096, 100
2026/08/05 15:34:34.262, 21096, 100
2026/08/05 15:34:35.263, 21096, 95
2026/08/05 15:34:36.265, 21096, 75
2026/08/05 15:34:37.265, 21096, 100
2026/08/05 15:34:38.265, 21096, 100
2026/08/05 15:34:39.266, 21096, 100
2026/08/05 15:34:40.266, 21096, 100
2026/08/05 15:34:41.266, 21096, 100
2026/08/05 15:34:42.267, 21096, 100
2026/08/05 15:34:43.267, 21096, 100
2026/08/05 15:34:44.267, 21096, 100
2026/08/05 15:34:45.267, 21096, 100
2026/08/05 15:34:46.268, 21096, 100
2026/08/05 15:34:47.268, 21096, 100
2026/08/05 15:34:48.268, 21096, 100
2026/08/05 15:34:49.268, 21096, 100
2026/08/05 15:34:50.269, 21096, 100
2026/08/05 15:34:51.269, 21096, 86
2026/08/05 15:34:52.269, 21096, 100
2026/08/05 15:34:53.269, 21096, 100
2026/08/05 15:34:54.270, 21096, 100
2026/08/05 15:34:55.270, 21096, 100
2026/08/05 15:34:56.270, 21096, 100
2026/08/05 15:34:57.271, 21096, 100
2026/08/05 15:34:58.271, 21096, 92
2026/08/05 15:34:59.271, 21096, 100
2026/08/05 15:35:00.271, 21096, 100
2026/08/05 15:35:01.271, 21096, 100
2026/08/05 15:35:02.272, 21096, 100
2026/08/05 15:35:03.272, 21096, 100
2026/08/05 15:35:04.272, 21096, 100
2026/08/05 15:35:05.273, 21096, 100
2026/08/05 15:35:06.273, 21096, 86
2026/08/05 15:35:07.273, 21096, 100
2026/08/05 15:35:08.273, 21096, 100
2026/08/05 15:35:09.274, 21096, 63
2026/08/05 15:35:10.274, 21096, 100
2026/08/05 15:35:11.274, 21096, 100
2026/08/05 15:35:12.274, 21096, 100
2026/08/05 15:35:13.274, 21096, 100
2026/08/05 15:35:14.275, 21096, 80
2026/08/05 15:35:15.275, 21096, 100
2026/08/05 15:35:16.275, 21096, 91
2026/08/05 15:35:17.275, 21096, 100
2026/08/05 15:35:18.276, 21096, 100
2026/08/05 15:35:19.276, 21096, 100
2026/08/05 15:35:20.276, 21096, 100
2026/08/05 15:35:21.276, 21096, 100
2026/08/05 15:35:22.276, 21096, 100
2026/08/05 15:35:23.277, 21096, 100
2026/08/05 15:35:24.277, 21096, 100
2026/08/05 15:35:25.277, 21096, 100
2026/08/05 15:35:26.278, 21096, 100
2026/08/05 15:35:27.278, 21096, 100
2026/08/05 15:35:28.278, 21096, 87
2026/08/05 15:35:29.278, 21096, 100
2026/08/05 15:35:30.278, 21096, 100
2026/08/05 15:35:31.279, 21096, 100
2026/08/05 15:35:32.279, 21096, 100
2026/08/05 15:35:33.279, 21096, 100
2026/08/05 15:35:34.279, 21096, 100
2026/08/05 15:35:35.280, 21096, 100
2026/08/05 15:35:36.280, 21096, 100
2026/08/05 15:35:37.280, 21096, 100
2026/08/05 15:35:38.281, 21096, 100
2026/08/05 15:35:39.281, 21096, 100
2026/08/05 15:35:40.281, 21096, 100
2026/08/05 15:35:41.282, 21096, 100
2026/08/05 15:35:42.282, 21096, 100
2026/08/05 15:35:43.282, 21096, 100
2026/08/05 15:35:44.282, 21096, 100
2026/08/05 15:35:45.283, 21096, 100
2026/08/05 15:35:46.283, 21096, 100
2026/08/05 15:35:47.283, 21096, 81
2026/08/05 15:35:48.283, 21096, 100
2026/08/05 15:35:49.283, 21096, 100
2026/08/05 15:35:50.284, 21096, 100
2026/08/05 15:35:51.284, 21096, 83
2026/08/05 15:35:52.284, 21096, 86
2026/08/05 15:35:53.284, 21096, 100
2026/08/05 15:35:54.285, 21096, 100
2026/08/05 15:35:55.285, 21096, 100
2026/08/05 15:35:56.285, 21096, 100
2026/08/05 15:35:57.285, 21096, 84
2026/08/05 15:35:58.286, 21096, 100
2026/08/05 15:35:59.286, 21096, 100
2026/08/05 15:36:00.286, 21096, 100
2026/08/05 15:36:01.286, 21096, 100
2026/08/05 15:36:02.287, 21096, 100
2026/08/05 15:36:03.287, 21096, 100
2026/08/05 15:36:04.287, 21096, 100
2026/08/05 15:36:05.288, 21096, 100
2026/08/05 15:36:06.288, 21096, 100
2026/08/05 15:36:07.288, 21096, 100
2026/08/05 15:36:08.288, 21096, 100
2026/08/05 15:36:09.289, 21096, 100
2026/08/05 15:36:10.289, 21096, 100
2026/08/05 15:36:11.289, 21096, 100
2026/08/05 15:36:12.290, 21096, 100
2026/08/05 15:36:13.290, 21096, 100
2026/08/05 15:36:14.292, 21096, 100
2026/08/05 15:36:15.299, 21096, 100
2026/08/05 15:36:16.305, 21096, 58
2026/08/05 15:36:17.312, 21096, 82
2026/08/05 15:36:18.317, 21096, 63
2026/08/05 15:36:19.322, 21096, 100
2026/08/05 15:36:20.328, 21096, 100
2026/08/05 15:36:21.334, 21096, 100
2026/08/05 15:36:22.338, 21096, 100
2026/08/05 15:36:23.342, 21096, 100
2026/08/05 15:36:24.347, 21096, 100
2026/08/05 15:36:25.351, 21096, 100
2026/08/05 15:36:26.355, 21096, 100
2026/08/05 15:36:27.358, 21096, 100
2026/08/05 15:36:28.362, 21096, 100
2026/08/05 15:36:29.365, 21096, 100
2026/08/05 15:36:30.369, 21096, 100
2026/08/05 15:36:31.372, 21096, 100
2026/08/05 15:36:32.376, 21096, 100
2026/08/05 15:36:33.378, 21096, 100
2026/08/05 15:36:34.380, 21096, 100
2026/08/05 15:36:35.383, 21096, 100
2026/08/05 15:36:36.385, 21096, 69
2026/08/05 15:36:37.388, 21096, 100
2026/08/05 15:36:38.390, 21096, 100
2026/08/05 15:36:39.392, 21096, 100
2026/08/05 15:36:40.394, 21096, 100
2026/08/05 15:36:41.397, 21096, 94
2026/08/05 15:36:42.399, 21096, 100
2026/08/05 15:36:43.401, 21096, 84
2026/08/05 15:36:44.404, 21096, 100
2026/08/05 15:36:45.405, 21096, 100
2026/08/05 15:36:46.407, 21096, 100
2026/08/05 15:36:47.408, 21096, 100
2026/08/05 15:36:48.410, 21096, 83
2026/08/05 15:36:49.411, 21096, 100
2026/08/05 15:36:50.412, 21096, 100
2026/08/05 15:36:51.414, 21096, 84
2026/08/05 15:36:52.415, 21096, 78
2026/08/05 15:36:53.416, 21096, 100
2026/08/05 15:36:54.418, 21096, 100
2026/08/05 15:36:55.419, 21096, 100
2026/08/05 15:36:56.421, 21096, 67
2026/08/05 15:36:57.422, 21096, 100
2026/08/05 15:36:58.423, 21096, 84
2026/08/05 15:36:59.425, 21096, 100
2026/08/05 15:37:00.426, 21096, 100
2026/08/05 15:37:01.427, 21096, 100
2026/08/05 15:37:02.429, 21096, 100
2026/08/05 15:37:03.430, 21096, 100
2026/08/05 15:37:04.431, 21096, 100
2026/08/05 15:37:05.433, 21096, 100
2026/08/05 15:37:06.434, 21096, 100
2026/08/05 15:37:07.435, 21096, 100
2026/08/05 15:37:08.437, 21096, 100
2026/08/05 15:37:09.438, 21096, 100
2026/08/05 15:37:10.440, 21096, 100
2026/08/05 15:37:11.441, 21096, 84
2026/08/05 15:37:12.442, 21096, 100
2026/08/05 15:37:13.444, 21096, 100
2026/08/05 15:37:14.445, 21096, 100
2026/08/05 15:37:15.447, 21096, 100
2026/08/05 15:37:16.448, 21096, 100
2026/08/05 15:37:17.449, 21096, 100
2026/08/05 15:37:18.451, 21096, 100
2026/08/05 15:37:19.451, 21096, 100
2026/08/05 15:37:20.451, 21096, 100
2026/08/05 15:37:21.452, 21096, 100
2026/08/05 15:37:22.452, 21096, 100
2026/08/05 15:37:23.452, 21096, 66
2026/08/05 15:37:24.452, 21096, 100
2026/08/05 15:37:25.453, 21096, 66
2026/08/05 15:37:26.453, 21096, 100
2026/08/05 15:37:27.453, 21096, 100
2026/08/05 15:37:28.454, 21096, 100
2026/08/05 15:37:29.454, 21096, 64
2026/08/05 15:37:30.454, 21096, 100
2026/08/05 15:37:31.454, 21096, 100
2026/08/05 15:37:32.455, 21096, 100
2026/08/05 15:37:33.455, 21096, 100
2026/08/05 15:37:34.455, 21096, 100
2026/08/05 15:37:35.456, 21096, 100
2026/08/05 15:37:36.456, 21096, 100
2026/08/05 15:37:37.456, 21096, 100
2026/08/05 15:37:38.457, 21096, 100
2026/08/05 15:37:39.457, 21096, 100
2026/08/05 15:37:40.457, 21096, 100
2026/08/05 15:37:41.457, 21096, 100
2026/08/05 15:37:42.458, 21096, 100
2026/08/05 15:37:43.458, 21096, 100
2026/08/05 15:37:44.458, 21096, 100
2026/08/05 15:37:45.458, 21096, 86
2026/08/05 15:37:46.459, 21096, 100
2026/08/05 15:37:47.459, 21096, 100
2026/08/05 15:37:48.459, 21096, 94
2026/08/05 15:37:49.460, 21096, 87
2026/08/05 15:37:50.460, 21096, 100
2026/08/05 15:37:51.460, 21096, 100
2026/08/05 15:37:52.461, 21096, 100
2026/08/05 15:37:53.461, 21096, 100
2026/08/05 15:37:54.461, 21096, 100
2026/08/05 15:37:55.461, 21096, 100
2026/08/05 15:37:56.462, 21096, 100
2026/08/05 15:37:57.462, 21096, 100
2026/08/05 15:37:58.462, 21096, 100
2026/08/05 15:37:59.463, 21096, 100
2026/08/05 15:38:00.463, 21096, 93
2026/08/05 15:38:01.463, 21096, 100
2026/08/05 15:38:02.464, 21096, 100
2026/08/05 15:38:03.464, 21096, 100
2026/08/05 15:38:04.464, 21096, 100
2026/08/05 15:38:05.464, 21096, 100
2026/08/05 15:38:06.465, 21096, 100
2026/08/05 15:38:07.465, 21096, 100
2026/08/05 15:38:08.465, 21096, 84
2026/08/05 15:38:09.466, 21096, 100
2026/08/05 15:38:10.466, 21096, 100
2026/08/05 15:38:11.466, 21096, 100
2026/08/05 15:38:12.467, 21096, 100
2026/08/05 15:38:13.467, 21096, 100
2026/08/05 15:38:14.467, 21096, 100
2026/08/05 15:38:15.467, 21096, 100
2026/08/05 15:38:16.469, 21096, 64
2026/08/05 15:38:17.470, 21096, 100
2026/08/05 15:38:18.472, 21096, 61
2026/08/05 15:38:19.472, 21096, 100
2026/08/05 15:38:20.473, 21096, 94
2026/08/05 15:38:21.474, 21096, 100
2026/08/05 15:38:22.476, 21096, 100
2026/08/05 15:38:23.477, 21096, 100
2026/08/05 15:38:24.477, 21096, 82
2026/08/05 15:38:25.478, 21096, 100
2026/08/05 15:38:26.478, 21096, 100
2026/08/05 15:38:27.479, 21096, 100
2026/08/05 15:38:28.480, 21096, 100
2026/08/05 15:38:29.480, 21096, 100
2026/08/05 15:38:30.482, 21096, 100
2026/08/05 15:38:31.483, 21096, 100
2026/08/05 15:38:32.484, 21096, 100
2026/08/05 15:38:33.486, 21096, 100
2026/08/05 15:38:34.487, 21096, 100
2026/08/05 15:38:35.488, 21096, 100
2026/08/05 15:38:36.490, 21096, 100
2026/08/05 15:38:37.491, 21096, 100
2026/08/05 15:38:38.492, 21096, 100
2026/08/05 15:38:39.494, 21096, 100
2026/08/05 15:38:40.495, 21096, 85
2026/08/05 15:38:41.496, 21096, 100
2026/08/05 15:38:42.498, 21096, 100
2026/08/05 15:38:43.499, 21096, 100
2026/08/05 15:38:44.500, 21096, 100
2026/08/05 15:38:45.502, 21096, 100
2026/08/05 15:38:46.503, 21096, 100
2026/08/05 15:38:47.504, 21096, 100
2026/08/05 15:38:48.506, 21096, 100
2026/08/05 15:38:49.507, 21096, 97
2026/08/05 15:38:50.508, 21096, 100
2026/08/05 15:38:51.510, 21096, 100
2026/08/05 15:38:52.511, 21096, 100
2026/08/05 15:38:53.513, 21096, 99
2026/08/05 15:38:54.514, 21096, 100
2026/08/05 15:38:55.515, 21096, 100
2026/08/05 15:38:56.517, 21096, 100
2026/08/05 15:38:57.518, 21096, 100
2026/08/05 15:38:58.519, 21096, 100
2026/08/05 15:38:59.520, 21096, 100
2026/08/05 15:39:00.521, 21096, 100
2026/08/05 15:39:01.523, 21096, 100
2026/08/05 15:39:02.524, 21096, 100
2026/08/05 15:39:03.525, 21096, 100
2026/08/05 15:39:04.527, 21096, 100
2026/08/05 15:39:05.528, 21096, 100
2026/08/05 15:39:06.529, 21096, 86
2026/08/05 15:39:07.531, 21096, 100
2026/08/05 15:39:08.532, 21096, 100
2026/08/05 15:39:09.533, 21096, 83
2026/08/05 15:39:10.535, 21096, 100
2026/08/05 15:39:11.536, 21096, 100
2026/08/05 15:39:12.538, 21096, 100
2026/08/05 15:39:13.539, 21096, 100
2026/08/05 15:39:14.540, 21096, 100
2026/08/05 15:39:15.542, 21096, 100
2026/08/05 15:39:16.543, 21096, 84
2026/08/05 15:39:17.544, 21096, 100
2026/08/05 15:39:18.546, 21096, 100
2026/08/05 15:39:19.547, 21096, 100
2026/08/05 15:39:20.550, 21096, 100
2026/08/05 15:39:21.551, 21096, 63
2026/08/05 15:39:22.552, 21096, 100
2026/08/05 15:39:23.554, 21096, 100
2026/08/05 15:39:24.555, 21096, 100
2026/08/05 15:39:25.557, 21096, 100
2026/08/05 15:39:26.558, 21096, 92
2026/08/05 15:39:27.559, 21096, 62
2026/08/05 15:39:28.561, 21096, 84
2026/08/05 15:39:29.562, 21096, 100
2026/08/05 15:39:30.564, 21096, 90
2026/08/05 15:39:31.565, 21096, 100
2026/08/05 15:39:32.566, 21096, 100
2026/08/05 15:39:33.568, 21096, 100
2026/08/05 15:39:34.569, 21096, 98
2026/08/05 15:39:35.571, 21096, 100
2026/08/05 15:39:36.572, 21096, 96
2026/08/05 15:39:37.573, 21096, 100
2026/08/05 15:39:38.575, 21096, 100
2026/08/05 15:39:39.576, 21096, 100
2026/08/05 15:39:40.577, 21096, 100
2026/08/05 15:39:41.579, 21096, 100
2026/08/05 15:39:42.580, 21096, 100
2026/08/05 15:39:43.582, 21096, 100
2026/08/05 15:39:44.583, 21096, 100
2026/08/05 15:39:45.584, 21096, 100
2026/08/05 15:39:46.586, 21096, 100
2026/08/05 15:39:47.587, 21096, 100
2026/08/05 15:39:48.588, 21096, 100
2026/08/05 15:39:49.590, 21096, 100
2026/08/05 15:39:50.591, 21096, 100
2026/08/05 15:39:51.593, 21096, 64
2026/08/05 15:39:52.594, 21096, 100
2026/08/05 15:39:53.596, 21096, 100
2026/08/05 15:39:54.598, 21096, 94
2026/08/05 15:39:55.599, 21096, 100
2026/08/05 15:39:56.600, 21096, 100
2026/08/05 15:39:57.602, 21096, 100
2026/08/05 15:39:58.603, 21096, 100
2026/08/05 15:39:59.604, 21096, 100
2026/08/05 15:40:00.606, 21096, 100
2026/08/05 15:40:01.607, 21096, 100
2026/08/05 15:40:02.608, 21096, 100
2026/08/05 15:40:03.610, 21096, 100
2026/08/05 15:40:04.611, 21096, 100
2026/08/05 15:40:05.613, 21096, 100
2026/08/05 15:40:06.614, 21096, 100
2026/08/05 15:40:07.615, 21096, 82
2026/08/05 15:40:08.617, 21096, 100
2026/08/05 15:40:09.618, 21096, 100
2026/08/05 15:40:10.620, 21096, 100
2026/08/05 15:40:11.621, 21096, 100
2026/08/05 15:40:12.623, 21096, 100
2026/08/05 15:40:13.624, 21096, 100
2026/08/05 15:40:14.626, 21096, 100
2026/08/05 15:40:15.627, 21096, 100
2026/08/05 15:40:16.629, 21096, 100
2026/08/05 15:40:17.630, 21096, 100
2026/08/05 15:40:18.631, 21096, 100
2026/08/05 15:40:19.633, 21096, 100
2026/08/05 15:40:20.635, 21096, 100
2026/08/05 15:40:21.636, 21096, 100
2026/08/05 15:40:22.638, 21096, 100
2026/08/05 15:40:23.639, 21096, 100
2026/08/05 15:40:24.641, 21096, 100
2026/08/05 15:40:25.642, 21096, 100
2026/08/05 15:40:26.643, 21096, 100
2026/08/05 15:40:27.645, 21096, 100
2026/08/05 15:40:28.646, 21096, 100
2026/08/05 15:40:29.647, 21096, 100
2026/08/05 15:40:30.649, 21096, 83
2026/08/05 15:40:31.650, 21096, 100
2026/08/05 15:40:32.651, 21096, 100
2026/08/05 15:40:33.653, 21096, 100
2026/08/05 15:40:34.654, 21096, 100
2026/08/05 15:40:35.658, 21096, 100
2026/08/05 15:40:36.659, 21096, 100
2026/08/05 15:40:37.661, 21096, 100
2026/08/05 15:40:38.662, 21096, 100
2026/08/05 15:40:39.663, 21096, 100
2026/08/05 15:40:40.665, 21096, 100
2026/08/05 15:40:41.666, 21096, 100
2026/08/05 15:40:42.667, 21096, 100
2026/08/05 15:40:43.669, 21096, 100
2026/08/05 15:40:44.670, 21096, 87
2026/08/05 15:40:45.672, 21096, 100
2026/08/05 15:40:46.673, 21096, 100
2026/08/05 15:40:47.674, 21096, 100
2026/08/05 15:40:48.676, 21096, 100
2026/08/05 15:40:49.677, 21096, 100
2026/08/05 15:40:50.679, 21096, 100
2026/08/05 15:40:51.680, 21096, 100
2026/08/05 15:40:52.681, 21096, 100
2026/08/05 15:40:53.683, 21096, 100
2026/08/05 15:40:54.684, 21096, 100
2026/08/05 15:40:55.685, 21096, 100
2026/08/05 15:40:56.687, 21096, 67
2026/08/05 15:40:57.688, 21096, 87
2026/08/05 15:40:58.690, 21096, 100
2026/08/05 15:40:59.691, 21096, 100
2026/08/05 15:41:00.692, 21096, 100
2026/08/05 15:41:01.694, 21096, 100
2026/08/05 15:41:02.695, 21096, 100
2026/08/05 15:41:03.696, 21096, 100
2026/08/05 15:41:04.698, 21096, 100
2026/08/05 15:41:05.699, 21096, 61
2026/08/05 15:41:06.701, 21096, 100
2026/08/05 15:41:07.702, 21096, 100
2026/08/05 15:41:08.703, 21096, 100
2026/08/05 15:41:09.705, 21096, 100
2026/08/05 15:41:10.706, 21096, 83
2026/08/05 15:41:11.708, 21096, 100
2026/08/05 15:41:12.709, 21096, 100
2026/08/05 15:41:13.710, 21096, 100
2026/08/05 15:41:14.711, 21096, 100
2026/08/05 15:41:15.713, 21096, 100
2026/08/05 15:41:16.714, 21096, 100
2026/08/05 15:41:17.716, 21096, 85
2026/08/05 15:41:18.717, 21096, 66
2026/08/05 15:41:19.718, 21096, 100
2026/08/05 15:41:20.720, 21096, 100
2026/08/05 15:41:21.721, 21096, 100
2026/08/05 15:41:22.722, 21096, 100
2026/08/05 15:41:23.724, 21096, 100
2026/08/05 15:41:24.725, 21096, 100
2026/08/05 15:41:25.727, 21096, 100
2026/08/05 15:41:26.728, 21096, 100
2026/08/05 15:41:27.729, 21096, 100
2026/08/05 15:41:28.731, 21096, 100
2026/08/05 15:41:29.732, 21096, 100
2026/08/05 15:41:30.734, 21096, 100
2026/08/05 15:41:31.735, 21096, 100
2026/08/05 15:41:32.736, 21096, 94
2026/08/05 15:41:33.738, 21096, 100
2026/08/05 15:41:34.739, 21096, 100
2026/08/05 15:41:35.741, 21096, 100
2026/08/05 15:41:36.742, 21096, 100
2026/08/05 15:41:37.743, 21096, 83
2026/08/05 15:41:38.745, 21096, 82
2026/08/05 15:41:39.746, 21096, 82
2026/08/05 15:41:40.748, 21096, 100
2026/08/05 15:41:41.749, 21096, 100
2026/08/05 15:41:42.751, 21096, 100
2026/08/05 15:41:43.752, 21096, 100
2026/08/05 15:41:44.753, 21096, 100
2026/08/05 15:41:45.755, 21096, 100
2026/08/05 15:41:46.756, 21096, 82
2026/08/05 15:41:47.757, 21096, 100
2026/08/05 15:41:48.757, 21096, 97
2026/08/05 15:41:49.759, 21096, 84
2026/08/05 15:41:50.760, 21096, 84
2026/08/05 15:41:51.762, 21096, 100
2026/08/05 15:41:52.763, 21096, 100
2026/08/05 15:41:53.764, 21096, 100
2026/08/05 15:41:54.766, 21096, 100
2026/08/05 15:41:55.767, 21096, 100
2026/08/05 15:41:56.768, 21096, 100
2026/08/05 15:41:57.770, 21096, 83
2026/08/05 15:41:58.771, 21096, 83
2026/08/05 15:41:59.772, 21096, 100
2026/08/05 15:42:00.774, 21096, 100
2026/08/05 15:42:01.775, 21096, 100
2026/08/05 15:42:02.777, 21096, 100
2026/08/05 15:42:03.778, 21096, 100
2026/08/05 15:42:04.779, 21096, 100
2026/08/05 15:42:05.781, 21096, 87
2026/08/05 15:42:06.782, 21096, 100
2026/08/05 15:42:07.783, 21096, 100
2026/08/05 15:42:08.784, 21096, 100
2026/08/05 15:42:09.785, 21096, 83
2026/08/05 15:42:10.787, 21096, 100
2026/08/05 15:42:11.788, 21096, 100
2026/08/05 15:42:12.790, 21096, 100
2026/08/05 15:42:13.791, 21096, 100
2026/08/05 15:42:14.793, 21096, 100
2026/08/05 15:42:15.794, 21096, 100
2026/08/05 15:42:16.795, 21096, 82
2026/08/05 15:42:17.797, 21096, 100
2026/08/05 15:42:18.798, 21096, 100
2026/08/05 15:42:19.800, 21096, 100
2026/08/05 15:42:20.801, 21096, 100
2026/08/05 15:42:21.802, 21096, 100
2026/08/05 15:42:22.804, 21096, 100
2026/08/05 15:42:23.805, 21096, 100
2026/08/05 15:42:24.807, 21096, 100
2026/08/05 15:42:25.808, 21096, 100
2026/08/05 15:42:26.809, 21096, 100
2026/08/05 15:42:27.811, 21096, 100
2026/08/05 15:42:28.812, 21096, 100
2026/08/05 15:42:29.814, 21096, 100
2026/08/05 15:42:30.815, 21096, 84
2026/08/05 15:42:31.816, 21096, 100
2026/08/05 15:42:32.818, 21096, 100
2026/08/05 15:42:33.819, 21096, 100
2026/08/05 15:42:34.821, 21096, 100
2026/08/05 15:42:35.822, 21096, 100
2026/08/05 15:42:36.823, 21096, 100
2026/08/05 15:42:37.825, 21096, 100
2026/08/05 15:42:38.826, 21096, 100
2026/08/05 15:42:39.827, 21096, 100
2026/08/05 15:42:40.829, 21096, 70
2026/08/05 15:42:41.830, 21096, 100
2026/08/05 15:42:42.831, 21096, 100
2026/08/05 15:42:43.833, 21096, 96
2026/08/05 15:42:44.834, 21096, 100
2026/08/05 15:42:45.835, 21096, 100
2026/08/05 15:42:46.837, 21096, 100
2026/08/05 15:42:47.838, 21096, 100
2026/08/05 15:42:48.839, 21096, 100
2026/08/05 15:42:49.841, 21096, 100
2026/08/05 15:42:50.842, 21096, 100
2026/08/05 15:42:51.843, 21096, 100
2026/08/05 15:42:52.845, 21096, 100
2026/08/05 15:42:53.846, 21096, 72
2026/08/05 15:42:54.848, 21096, 100
2026/08/05 15:42:55.849, 21096, 100
2026/08/05 15:42:56.850, 21096, 100
2026/08/05 15:42:57.852, 21096, 100
2026/08/05 15:42:58.853, 21096, 100
2026/08/05 15:42:59.854, 21096, 100
2026/08/05 15:43:00.856, 21096, 100
2026/08/05 15:43:01.857, 21096, 100
2026/08/05 15:43:02.858, 21096, 100
2026/08/05 15:43:03.860, 21096, 84
2026/08/05 15:43:04.861, 21096, 100
2026/08/05 15:43:05.862, 21096, 100
2026/08/05 15:43:06.864, 21096, 100
2026/08/05 15:43:07.865, 21096, 100
2026/08/05 15:43:08.866, 21096, 100
2026/08/05 15:43:09.868, 21096, 100
2026/08/05 15:43:10.869, 21096, 100
2026/08/05 15:43:11.870, 21096, 100
2026/08/05 15:43:12.872, 21096, 100
2026/08/05 15:43:13.873, 21096, 100
2026/08/05 15:43:14.875, 21096, 100
2026/08/05 15:43:15.876, 21096, 100
2026/08/05 15:43:16.877, 21096, 100
2026/08/05 15:43:17.879, 21096, 100
2026/08/05 15:43:18.880, 21096, 100
2026/08/05 15:43:19.882, 21096, 100
2026/08/05 15:43:20.883, 21096, 100
2026/08/05 15:43:21.884, 21096, 100
2026/08/05 15:43:22.886, 21096, 100
2026/08/05 15:43:23.887, 21096, 100
2026/08/05 15:43:24.888, 21096, 100
2026/08/05 15:43:25.890, 21096, 100
2026/08/05 15:43:26.891, 21096, 64
2026/08/05 15:43:27.892, 21096, 100
2026/08/05 15:43:28.894, 21096, 100
2026/08/05 15:43:29.895, 21096, 84
2026/08/05 15:43:30.896, 21096, 100
2026/08/05 15:43:31.898, 21096, 100
2026/08/05 15:43:32.899, 21096, 100
2026/08/05 15:43:33.901, 21096, 100
2026/08/05 15:43:34.902, 21096, 100
2026/08/05 15:43:35.903, 21096, 100
2026/08/05 15:43:36.905, 21096, 100
2026/08/05 15:43:37.906, 21096, 100
2026/08/05 15:43:38.908, 21096, 100
2026/08/05 15:43:39.909, 21096, 100
2026/08/05 15:43:40.910, 21096, 100
2026/08/05 15:43:41.912, 21096, 100
2026/08/05 15:43:42.913, 21096, 100
2026/08/05 15:43:43.913, 21096, 100
2026/08/05 15:43:44.914, 21096, 100
2026/08/05 15:43:45.914, 21096, 100
2026/08/05 15:43:46.914, 21096, 57
2026/08/05 15:43:47.915, 21096, 100
2026/08/05 15:43:48.915, 21096, 100
2026/08/05 15:43:49.915, 21096, 100
2026/08/05 15:43:50.916, 21096, 100
2026/08/05 15:43:51.916, 21096, 100
2026/08/05 15:43:52.916, 21096, 100
2026/08/05 15:43:53.916, 21096, 100
2026/08/05 15:43:54.917, 21096, 100
2026/08/05 15:43:55.917, 21096, 100
2026/08/05 15:43:56.917, 21096, 100
2026/08/05 15:43:57.918, 21096, 100
2026/08/05 15:43:58.918, 21096, 100
2026/08/05 15:43:59.918, 21096, 100
2026/08/05 15:44:00.918, 21096, 100
2026/08/05 15:44:01.919, 21096, 85
2026/08/05 15:44:02.919, 21096, 85
2026/08/05 15:44:03.919, 21096, 100
2026/08/05 15:44:04.920, 21096, 100
2026/08/05 15:44:05.920, 21096, 100
2026/08/05 15:44:06.920, 21096, 100
2026/08/05 15:44:07.921, 21096, 100
2026/08/05 15:44:08.921, 21096, 100
2026/08/05 15:44:09.921, 21096, 86
2026/08/05 15:44:10.922, 21096, 100
2026/08/05 15:44:11.922, 21096, 100
2026/08/05 15:44:12.922, 21096, 100
2026/08/05 15:44:13.922, 21096, 100
2026/08/05 15:44:14.923, 21096, 100
2026/08/05 15:44:15.923, 21096, 82
2026/08/05 15:44:16.923, 21096, 100
2026/08/05 15:44:17.923, 21096, 100
2026/08/05 15:44:18.924, 21096, 100
2026/08/05 15:44:19.924, 21096, 100
2026/08/05 15:44:20.924, 21096, 100
2026/08/05 15:44:21.925, 21096, 100
2026/08/05 15:44:22.925, 21096, 100
2026/08/05 15:44:23.925, 21096, 100
2026/08/05 15:44:24.926, 21096, 100
2026/08/05 15:44:25.926, 21096, 100
2026/08/05 15:44:26.926, 21096, 100
2026/08/05 15:44:27.926, 21096, 100
2026/08/05 15:44:28.927, 21096, 100
2026/08/05 15:44:29.927, 21096, 100
2026/08/05 15:44:30.927, 21096, 100
2026/08/05 15:44:31.927, 21096, 100
2026/08/05 15:44:32.927, 21096, 100
2026/08/05 15:44:33.927, 21096, 100
2026/08/05 15:44:34.928, 21096, 83
2026/08/05 15:44:35.928, 21096, 100
2026/08/05 15:44:36.928, 21096, 100
2026/08/05 15:44:37.928, 21096, 100
2026/08/05 15:44:38.928, 21096, 84
2026/08/05 15:44:39.928, 21096, 81
2026/08/05 15:44:40.929, 21096, 83
2026/08/05 15:44:41.929, 21096, 96
2026/08/05 15:44:42.929, 21096, 100
2026/08/05 15:44:43.929, 21096, 100
2026/08/05 15:44:44.929, 21096, 100
2026/08/05 15:44:45.929, 21096, 100
2026/08/05 15:44:46.930, 21096, 100
2026/08/05 15:44:47.930, 21096, 100
2026/08/05 15:44:48.930, 21096, 100
2026/08/05 15:44:49.930, 21096, 100
2026/08/05 15:44:50.931, 21096, 100
2026/08/05 15:44:51.931, 21096, 100
2026/08/05 15:44:52.931, 21096, 100
2026/08/05 15:44:53.931, 21096, 100
2026/08/05 15:44:54.932, 21096, 100
2026/08/05 15:44:55.932, 21096, 82
2026/08/05 15:44:56.932, 21096, 80
2026/08/05 15:44:57.932, 21096, 100
2026/08/05 15:44:58.933, 21096, 100
2026/08/05 15:44:59.933, 21096, 100
2026/08/05 15:45:00.933, 21096, 84
2026/08/05 15:45:01.933, 21096, 100
2026/08/05 15:45:02.933, 21096, 100
2026/08/05 15:45:03.933, 21096, 95
2026/08/05 15:45:04.933, 21096, 82
2026/08/05 15:45:05.934, 21096, 95
2026/08/05 15:45:06.934, 21096, 100
2026/08/05 15:45:07.934, 21096, 100
2026/08/05 15:45:08.935, 21096, 100
2026/08/05 15:45:09.935, 21096, 100
2026/08/05 15:45:10.935, 21096, 66
2026/08/05 15:45:11.936, 21096, 100
2026/08/05 15:45:12.936, 21096, 100
2026/08/05 15:45:13.936, 21096, 84
2026/08/05 15:45:14.936, 21096, 100
2026/08/05 15:45:15.937, 21096, 100
2026/08/05 15:45:16.937, 21096, 100
2026/08/05 15:45:17.937, 21096, 100
2026/08/05 15:45:18.937, 21096, 100
2026/08/05 15:45:19.938, 21096, 100
2026/08/05 15:45:20.938, 21096, 100
2026/08/05 15:45:21.938, 21096, 83
2026/08/05 15:45:22.938, 21096, 100
2026/08/05 15:45:23.939, 21096, 100
2026/08/05 15:45:24.939, 21096, 100
2026/08/05 15:45:25.939, 21096, 100
2026/08/05 15:45:26.940, 21096, 58
2026/08/05 15:45:27.940, 21096, 100
2026/08/05 15:45:28.940, 21096, 100
2026/08/05 15:45:29.940, 21096, 100
2026/08/05 15:45:30.941, 21096, 100
2026/08/05 15:45:31.941, 21096, 100
2026/08/05 15:45:32.941, 21096, 93
2026/08/05 15:45:33.942, 21096, 100
2026/08/05 15:45:34.942, 21096, 100
2026/08/05 15:45:35.942, 21096, 89
2026/08/05 15:45:36.943, 21096, 100
2026/08/05 15:45:37.943, 21096, 100
2026/08/05 15:45:38.943, 21096, 100
2026/08/05 15:45:39.944, 21096, 100
2026/08/05 15:45:40.944, 21096, 100
2026/08/05 15:45:41.944, 21096, 100
2026/08/05 15:45:42.944, 21096, 100
2026/08/05 15:45:43.945, 21096, 100
2026/08/05 15:45:44.945, 21096, 100
2026/08/05 15:45:45.945, 21096, 100
2026/08/05 15:45:46.946, 21096, 100
2026/08/05 15:45:47.946, 21096, 100
2026/08/05 15:45:48.946, 21096, 94
2026/08/05 15:45:49.947, 21096, 100
2026/08/05 15:45:50.947, 21096, 53
2026/08/05 15:45:51.947, 21096, 100
2026/08/05 15:45:52.947, 21096, 99
2026/08/05 15:45:53.948, 21096, 83
2026/08/05 15:45:54.948, 21096, 100
2026/08/05 15:45:55.948, 21096, 100
2026/08/05 15:45:56.949, 21096, 100
2026/08/05 15:45:57.949, 21096, 100
2026/08/05 15:45:58.949, 21096, 100
2026/08/05 15:45:59.950, 21096, 100
2026/08/05 15:46:00.950, 21096, 100
2026/08/05 15:46:01.950, 21096, 85
2026/08/05 15:46:02.950, 21096, 100
2026/08/05 15:46:03.951, 21096, 100
2026/08/05 15:46:04.951, 21096, 100
2026/08/05 15:46:05.951, 21096, 100
2026/08/05 15:46:06.952, 21096, 100
2026/08/05 15:46:07.952, 21096, 82
2026/08/05 15:46:08.952, 21096, 83
2026/08/05 15:46:09.953, 21096, 86
2026/08/05 15:46:10.953, 21096, 100
2026/08/05 15:46:11.953, 21096, 100
2026/08/05 15:46:12.954, 21096, 100
2026/08/05 15:46:13.954, 21096, 100
2026/08/05 15:46:14.954, 21096, 61
2026/08/05 15:46:15.954, 21096, 100
2026/08/05 15:46:16.955, 21096, 100
2026/08/05 15:46:17.955, 21096, 100
2026/08/05 15:46:18.955, 21096, 100
2026/08/05 15:46:19.956, 21096, 100
2026/08/05 15:46:20.956, 21096, 100
2026/08/05 15:46:21.956, 21096, 100
2026/08/05 15:46:22.956, 21096, 100
2026/08/05 15:46:23.957, 21096, 100
2026/08/05 15:46:24.957, 21096, 100
2026/08/05 15:46:25.957, 21096, 100
2026/08/05 15:46:26.957, 21096, 100
2026/08/05 15:46:27.958, 21096, 100
2026/08/05 15:46:28.958, 21096, 100
2026/08/05 15:46:29.958, 21096, 100
2026/08/05 15:46:30.958, 21096, 100
2026/08/05 15:46:31.959, 21096, 100
2026/08/05 15:46:32.959, 21096, 100
2026/08/05 15:46:33.959, 21096, 100
2026/08/05 15:46:34.959, 21096, 100
2026/08/05 15:46:35.960, 21096, 100
2026/08/05 15:46:36.960, 21096, 97
2026/08/05 15:46:37.960, 21096, 100
2026/08/05 15:46:38.960, 21096, 100
2026/08/05 15:46:39.960, 21096, 100
2026/08/05 15:46:40.961, 21096, 83
2026/08/05 15:46:41.961, 21096, 100
2026/08/05 15:46:42.961, 21096, 99
2026/08/05 15:46:43.962, 21096, 100
2026/08/05 15:46:44.962, 21096, 100
2026/08/05 15:46:45.962, 21096, 100
2026/08/05 15:46:46.962, 21096, 100
2026/08/05 15:46:47.963, 21096, 100
2026/08/05 15:46:48.963, 21096, 100
2026/08/05 15:46:49.963, 21096, 100
2026/08/05 15:46:50.964, 21096, 100
2026/08/05 15:46:51.964, 21096, 100
2026/08/05 15:46:52.964, 21096, 100
2026/08/05 15:46:53.965, 21096, 100
2026/08/05 15:46:54.965, 21096, 100
2026/08/05 15:46:55.965, 21096, 100
2026/08/05 15:46:56.965, 21096, 100
2026/08/05 15:46:57.966, 21096, 83
2026/08/05 15:46:58.966, 21096, 100
2026/08/05 15:46:59.966, 21096, 100
2026/08/05 15:47:00.966, 21096, 100
2026/08/05 15:47:01.967, 21096, 100
2026/08/05 15:47:02.967, 21096, 100
2026/08/05 15:47:03.967, 21096, 63
2026/08/05 15:47:04.967, 21096, 100
2026/08/05 15:47:05.967, 21096, 62
2026/08/05 15:47:06.968, 21096, 100
2026/08/05 15:47:07.968, 21096, 100
2026/08/05 15:47:08.968, 21096, 100
2026/08/05 15:47:09.969, 21096, 100
2026/08/05 15:47:10.969, 21096, 100
2026/08/05 15:47:11.969, 21096, 100
2026/08/05 15:47:12.969, 21096, 83
2026/08/05 15:47:13.970, 21096, 100
2026/08/05 15:47:14.970, 21096, 80
2026/08/05 15:47:15.970, 21096, 100
2026/08/05 15:47:16.970, 21096, 100
2026/08/05 15:47:17.970, 21096, 100
2026/08/05 15:47:18.971, 21096, 100
2026/08/05 15:47:19.971, 21096, 100
2026/08/05 15:47:20.971, 21096, 100
2026/08/05 15:47:21.972, 21096, 100
2026/08/05 15:47:22.972, 21096, 100
2026/08/05 15:47:23.972, 21096, 85
2026/08/05 15:47:24.973, 21096, 100
2026/08/05 15:47:25.973, 21096, 100
2026/08/05 15:47:26.973, 21096, 100
2026/08/05 15:47:27.973, 21096, 100
2026/08/05 15:47:28.974, 21096, 100
2026/08/05 15:47:29.974, 21096, 88
2026/08/05 15:47:30.974, 21096, 100
2026/08/05 15:47:31.975, 21096, 100
2026/08/05 15:47:32.975, 21096, 100
2026/08/05 15:47:33.975, 21096, 100
2026/08/05 15:47:34.976, 21096, 100
2026/08/05 15:47:35.976, 21096, 100
2026/08/05 15:47:36.976, 21096, 100
2026/08/05 15:47:37.977, 21096, 100
2026/08/05 15:47:38.977, 21096, 100
2026/08/05 15:47:39.977, 21096, 100
2026/08/05 15:47:40.978, 21096, 100
2026/08/05 15:47:41.978, 21096, 100
2026/08/05 15:47:42.978, 21096, 86
2026/08/05 15:47:43.978, 21096, 100
2026/08/05 15:47:44.979, 21096, 100
2026/08/05 15:47:45.979, 21096, 100
2026/08/05 15:47:46.979, 21096, 100
2026/08/05 15:47:47.980, 21096, 100
2026/08/05 15:47:48.980, 21096, 100
2026/08/05 15:47:49.980, 21096, 100
2026/08/05 15:47:50.981, 21096, 100
2026/08/05 15:47:51.981, 21096, 100
2026/08/05 15:47:52.981, 21096, 100
2026/08/05 15:47:53.981, 21096, 100
2026/08/05 15:47:54.982, 21096, 100
2026/08/05 15:47:55.982, 21096, 100
2026/08/05 15:47:56.982, 21096, 100
2026/08/05 15:47:57.983, 21096, 100
2026/08/05 15:47:58.983, 21096, 100
2026/08/05 15:47:59.983, 21096, 100
2026/08/05 15:48:00.984, 21096, 100
2026/08/05 15:48:01.986, 21096, 100
2026/08/05 15:48:02.989, 21096, 100
2026/08/05 15:48:03.991, 21096, 88
2026/08/05 15:48:04.993, 21096, 100
2026/08/05 15:48:05.995, 21096, 100
2026/08/05 15:48:06.997, 21096, 63
2026/08/05 15:48:08.000, 21096, 100
2026/08/05 15:48:09.001, 21096, 100
2026/08/05 15:48:10.002, 21096, 100
2026/08/05 15:48:11.005, 21096, 100
2026/08/05 15:48:12.006, 21096, 100
2026/08/05 15:48:13.007, 21096, 100
2026/08/05 15:48:14.009, 21096, 100
2026/08/05 15:48:15.010, 21096, 100
2026/08/05 15:48:16.011, 21096, 93
2026/08/05 15:48:17.013, 21096, 100
2026/08/05 15:48:18.014, 21096, 100
2026/08/05 15:48:19.015, 21096, 100
2026/08/05 15:48:20.017, 21096, 100
2026/08/05 15:48:21.018, 21096, 100
2026/08/05 15:48:22.019, 21096, 100
2026/08/05 15:48:23.021, 21096, 100
2026/08/05 15:48:24.022, 21096, 100
2026/08/05 15:48:25.024, 21096, 100
2026/08/05 15:48:26.025, 21096, 85
2026/08/05 15:48:27.026, 21096, 100
2026/08/05 15:48:28.028, 21096, 100
2026/08/05 15:48:29.029, 21096, 100
2026/08/05 15:48:30.030, 21096, 99
2026/08/05 15:48:31.032, 21096, 89
2026/08/05 15:48:32.033, 21096, 100
2026/08/05 15:48:33.035, 21096, 100
2026/08/05 15:48:34.036, 21096, 85
2026/08/05 15:48:35.037, 21096, 100
2026/08/05 15:48:36.039, 21096, 100
2026/08/05 15:48:37.040, 21096, 100
2026/08/05 15:48:38.041, 21096, 100
2026/08/05 15:48:39.043, 21096, 100
2026/08/05 15:48:40.044, 21096, 100
2026/08/05 15:48:41.045, 21096, 100
2026/08/05 15:48:42.047, 21096, 100
2026/08/05 15:48:43.048, 21096, 100
2026/08/05 15:48:44.049, 21096, 64
2026/08/05 15:48:45.051, 21096, 100
2026/08/05 15:48:46.052, 21096, 100
2026/08/05 15:48:47.054, 21096, 100
2026/08/05 15:48:48.055, 21096, 100
2026/08/05 15:48:49.056, 21096, 100
2026/08/05 15:48:50.058, 21096, 100
2026/08/05 15:48:51.059, 21096, 100
2026/08/05 15:48:52.060, 21096, 100
2026/08/05 15:48:53.061, 21096, 4
2026/08/05 15:48:54.063, 21096, 100
2026/08/05 15:48:55.064, 21096, 100
2026/08/05 15:48:56.065, 21096, 100
2026/08/05 15:48:57.067, 21096, 99
2026/08/05 15:48:58.068, 21096, 83
2026/08/05 15:48:59.069, 21096, 100
2026/08/05 15:49:00.071, 21096, 100
2026/08/05 15:49:01.072, 21096, 100
2026/08/05 15:49:02.073, 21096, 100
2026/08/05 15:49:03.074, 21096, 100
2026/08/05 15:49:04.076, 21096, 86
2026/08/05 15:49:05.077, 21096, 100
2026/08/05 15:49:06.078, 21096, 100
2026/08/05 15:49:07.079, 21096, 100
2026/08/05 15:49:08.081, 21096, 100
2026/08/05 15:49:09.082, 21096, 100
2026/08/05 15:49:10.083, 21096, 100
2026/08/05 15:49:11.086, 21096, 100
2026/08/05 15:49:12.087, 21096, 100
2026/08/05 15:49:13.088, 21096, 100
2026/08/05 15:49:14.090, 21096, 100
2026/08/05 15:49:15.091, 21096, 100
2026/08/05 15:49:16.093, 21096, 100
2026/08/05 15:49:17.094, 21096, 100
2026/08/05 15:49:18.096, 21096, 100
2026/08/05 15:49:19.097, 21096, 100
2026/08/05 15:49:20.098, 21096, 100
2026/08/05 15:49:21.100, 21096, 100
2026/08/05 15:49:22.101, 21096, 100
2026/08/05 15:49:23.102, 21096, 100
2026/08/05 15:49:24.104, 21096, 100
2026/08/05 15:49:25.105, 21096, 86
2026/08/05 15:49:26.106, 21096, 100
2026/08/05 15:49:27.108, 21096, 100
2026/08/05 15:49:28.109, 21096, 100
2026/08/05 15:49:29.110, 21096, 100
2026/08/05 15:49:30.112, 21096, 100
2026/08/05 15:49:31.113, 21096, 100
2026/08/05 15:49:32.115, 21096, 100
2026/08/05 15:49:33.116, 21096, 100
2026/08/05 15:49:34.117, 21096, 100
2026/08/05 15:49:35.119, 21096, 100
2026/08/05 15:49:36.120, 21096, 100
2026/08/05 15:49:37.122, 21096, 100
2026/08/05 15:49:38.123, 21096, 83
2026/08/05 15:49:39.124, 21096, 100
2026/08/05 15:49:40.125, 21096, 100
2026/08/05 15:49:41.127, 21096, 80
2026/08/05 15:49:42.128, 21096, 100
2026/08/05 15:49:43.129, 21096, 100
2026/08/05 15:49:44.131, 21096, 82
2026/08/05 15:49:45.132, 21096, 100
2026/08/05 15:49:46.133, 21096, 100
2026/08/05 15:49:47.135, 21096, 100
2026/08/05 15:49:48.136, 21096, 100
2026/08/05 15:49:49.138, 21096, 100
2026/08/05 15:49:50.139, 21096, 100
2026/08/05 15:49:51.140, 21096, 100
2026/08/05 15:49:52.142, 21096, 100
2026/08/05 15:49:53.143, 21096, 100
2026/08/05 15:49:54.144, 21096, 100
2026/08/05 15:49:55.146, 21096, 100
2026/08/05 15:49:56.147, 21096, 100
2026/08/05 15:49:57.148, 21096, 100
2026/08/05 15:49:58.150, 21096, 100
2026/08/05 15:49:59.151, 21096, 100
2026/08/05 15:50:00.152, 21096, 84
2026/08/05 15:50:01.154, 21096, 100
2026/08/05 15:50:02.155, 21096, 100
2026/08/05 15:50:03.156, 21096, 100
2026/08/05 15:50:04.158, 21096, 100
2026/08/05 15:50:05.159, 21096, 100
2026/08/05 15:50:06.160, 21096, 100
2026/08/05 15:50:07.162, 21096, 100
2026/08/05 15:50:08.163, 21096, 100
2026/08/05 15:50:09.165, 21096, 95
2026/08/05 15:50:10.166, 21096, 100
2026/08/05 15:50:11.167, 21096, 100
2026/08/05 15:50:12.169, 21096, 100
2026/08/05 15:50:13.170, 21096, 100
2026/08/05 15:50:14.171, 21096, 100
2026/08/05 15:50:15.173, 21096, 100
2026/08/05 15:50:16.174, 21096, 100
2026/08/05 15:50:17.175, 21096, 91
2026/08/05 15:50:18.176, 21096, 100
2026/08/05 15:50:19.178, 21096, 83
2026/08/05 15:50:20.179, 21096, 100
2026/08/05 15:50:21.181, 21096, 100
2026/08/05 15:50:22.182, 21096, 100
2026/08/05 15:50:23.183, 21096, 100
2026/08/05 15:50:24.185, 21096, 100
2026/08/05 15:50:25.186, 21096, 100
2026/08/05 15:50:26.187, 21096, 100
2026/08/05 15:50:27.189, 21096, 100
2026/08/05 15:50:28.190, 21096, 100
2026/08/05 15:50:29.191, 21096, 95
2026/08/05 15:50:30.193, 21096, 100
2026/08/05 15:50:31.194, 21096, 65
2026/08/05 15:50:32.195, 21096, 100
2026/08/05 15:50:33.197, 21096, 100
2026/08/05 15:50:34.198, 21096, 100
2026/08/05 15:50:35.199, 21096, 100
2026/08/05 15:50:36.201, 21096, 100
2026/08/05 15:50:37.202, 21096, 100
2026/08/05 15:50:38.203, 21096, 100
2026/08/05 15:50:39.204, 21096, 94
2026/08/05 15:50:40.205, 21096, 100
2026/08/05 15:50:41.206, 21096, 100
2026/08/05 15:50:42.207, 21096, 100
2026/08/05 15:50:43.208, 21096, 100
2026/08/05 15:50:44.210, 21096, 100
2026/08/05 15:50:45.211, 21096, 100
2026/08/05 15:50:46.212, 21096, 100
2026/08/05 15:50:47.214, 21096, 83
2026/08/05 15:50:48.215, 21096, 84
2026/08/05 15:50:49.216, 21096, 100
2026/08/05 15:50:50.218, 21096, 100
2026/08/05 15:50:51.219, 21096, 100
2026/08/05 15:50:52.220, 21096, 76
2026/08/05 15:50:53.221, 21096, 100
2026/08/05 15:50:54.223, 21096, 100
2026/08/05 15:50:55.224, 21096, 82
2026/08/05 15:50:56.225, 21096, 100
2026/08/05 15:50:57.226, 21096, 100
2026/08/05 15:50:58.228, 21096, 100
2026/08/05 15:50:59.229, 21096, 83
2026/08/05 15:51:00.230, 21096, 100
2026/08/05 15:51:01.231, 21096, 100
2026/08/05 15:51:02.233, 21096, 100
2026/08/05 15:51:03.234, 21096, 100
2026/08/05 15:51:04.235, 21096, 100
2026/08/05 15:51:05.237, 21096, 100
2026/08/05 15:51:06.238, 21096, 100
2026/08/05 15:51:07.239, 21096, 65
2026/08/05 15:51:08.240, 21096, 100
2026/08/05 15:51:09.242, 21096, 100
2026/08/05 15:51:10.243, 21096, 100
2026/08/05 15:51:11.244, 21096, 100
2026/08/05 15:51:12.246, 21096, 97
2026/08/05 15:51:13.248, 21096, 100
2026/08/05 15:51:14.249, 21096, 100
2026/08/05 15:51:15.249, 21096, 92
2026/08/05 15:51:16.251, 21096, 100
2026/08/05 15:51:17.252, 21096, 100
2026/08/05 15:51:18.254, 21096, 100
2026/08/05 15:51:19.255, 21096, 100
2026/08/05 15:51:20.257, 21096, 100
2026/08/05 15:51:21.258, 21096, 100
2026/08/05 15:51:22.259, 21096, 100
2026/08/05 15:51:23.261, 21096, 100
2026/08/05 15:51:24.262, 21096, 100
2026/08/05 15:51:25.264, 21096, 100
2026/08/05 15:51:26.265, 21096, 100
2026/08/05 15:51:27.266, 21096, 100
2026/08/05 15:51:28.268, 21096, 100
2026/08/05 15:51:29.269, 21096, 100
2026/08/05 15:51:30.271, 21096, 100
2026/08/05 15:51:31.272, 21096, 100
2026/08/05 15:51:32.272, 21096, 100
2026/08/05 15:51:33.274, 21096, 100
2026/08/05 15:51:34.275, 21096, 100
2026/08/05 15:51:35.276, 21096, 100
2026/08/05 15:51:36.278, 21096, 100
2026/08/05 15:51:37.279, 21096, 100
2026/08/05 15:51:38.281, 21096, 83
2026/08/05 15:51:39.282, 21096, 100
2026/08/05 15:51:40.283, 21096, 100
2026/08/05 15:51:41.285, 21096, 90
2026/08/05 15:51:42.286, 21096, 100
2026/08/05 15:51:43.286, 21096, 100
2026/08/05 15:51:44.288, 21096, 100
2026/08/05 15:51:45.289, 21096, 100
2026/08/05 15:51:46.290, 21096, 100
2026/08/05 15:51:47.292, 21096, 100
2026/08/05 15:51:48.293, 21096, 79
2026/08/05 15:51:49.294, 21096, 100
2026/08/05 15:51:50.294, 21096, 100
2026/08/05 15:51:51.296, 21096, 100
2026/08/05 15:51:52.296, 21096, 100
2026/08/05 15:51:53.297, 21096, 86
2026/08/05 15:51:54.299, 21096, 100
2026/08/05 15:51:55.300, 21096, 100
2026/08/05 15:51:56.301, 21096, 100
2026/08/05 15:51:57.302, 21096, 100
2026/08/05 15:51:58.303, 21096, 100
2026/08/05 15:51:59.304, 21096, 100
2026/08/05 15:52:00.305, 21096, 100
2026/08/05 15:52:01.307, 21096, 100
2026/08/05 15:52:02.308, 21096, 100
2026/08/05 15:52:03.309, 21096, 100
2026/08/05 15:52:04.311, 21096, 100
2026/08/05 15:52:05.312, 21096, 100
2026/08/05 15:52:06.313, 21096, 100
2026/08/05 15:52:07.315, 21096, 100
2026/08/05 15:52:08.316, 21096, 100
2026/08/05 15:52:09.318, 21096, 72
2026/08/05 15:52:10.319, 21096, 100
2026/08/05 15:52:11.320, 21096, 100
2026/08/05 15:52:12.320, 21096, 100
2026/08/05 15:52:13.322, 21096, 84
2026/08/05 15:52:14.323, 21096, 100
2026/08/05 15:52:15.324, 21096, 100
2026/08/05 15:52:16.325, 21096, 100
2026/08/05 15:52:17.326, 21096, 89
2026/08/05 15:52:18.326, 21096, 100
2026/08/05 15:52:19.326, 21096, 82
2026/08/05 15:52:20.326, 21096, 100
2026/08/05 15:52:21.327, 21096, 100
2026/08/05 15:52:22.327, 21096, 100
2026/08/05 15:52:23.327, 21096, 100
2026/08/05 15:52:24.327, 21096, 100
2026/08/05 15:52:25.327, 21096, 100
2026/08/05 15:52:26.328, 21096, 100
2026/08/05 15:52:27.328, 21096, 100
2026/08/05 15:52:28.328, 21096, 100
2026/08/05 15:52:29.328, 21096, 100
2026/08/05 15:52:30.329, 21096, 100
2026/08/05 15:52:31.329, 21096, 100
2026/08/05 15:52:32.329, 21096, 100
2026/08/05 15:52:33.330, 21096, 100
2026/08/05 15:52:34.330, 21096, 100
2026/08/05 15:52:35.330, 21096, 100
2026/08/05 15:52:36.331, 21096, 100
2026/08/05 15:52:37.331, 21096, 100
2026/08/05 15:52:38.331, 21096, 100
2026/08/05 15:52:39.332, 21096, 100
2026/08/05 15:52:40.332, 21096, 100
2026/08/05 15:52:41.332, 21096, 100
2026/08/05 15:52:42.332, 21096, 89
2026/08/05 15:52:43.333, 21096, 100
2026/08/05 15:52:44.333, 21096, 100
2026/08/05 15:52:45.333, 21096, 100
2026/08/05 15:52:46.334, 21096, 100
2026/08/05 15:52:47.334, 21096, 100
2026/08/05 15:52:48.334, 21096, 100
2026/08/05 15:52:49.335, 21096, 100
2026/08/05 15:52:50.335, 21096, 100
2026/08/05 15:52:51.335, 21096, 100
2026/08/05 15:52:52.336, 21096, 100
2026/08/05 15:52:53.336, 21096, 100
2026/08/05 15:52:54.336, 21096, 100
2026/08/05 15:52:55.337, 21096, 100
2026/08/05 15:52:56.337, 21096, 100
2026/08/05 15:52:57.337, 21096, 100
2026/08/05 15:52:58.338, 21096, 100
2026/08/05 15:52:59.338, 21096, 100
2026/08/05 15:53:00.338, 21096, 100
2026/08/05 15:53:01.339, 21096, 100
2026/08/05 15:53:02.339, 21096, 100
2026/08/05 15:53:03.339, 21096, 100
2026/08/05 15:53:04.340, 21096, 100
2026/08/05 15:53:05.340, 21096, 85
2026/08/05 15:53:06.340, 21096, 100
2026/08/05 15:53:07.340, 21096, 100
2026/08/05 15:53:08.341, 21096, 100
2026/08/05 15:53:09.341, 21096, 100
2026/08/05 15:53:10.341, 21096, 100
2026/08/05 15:53:11.342, 21096, 83
2026/08/05 15:53:12.342, 21096, 100
2026/08/05 15:53:13.342, 21096, 100
2026/08/05 15:53:14.343, 21096, 100
2026/08/05 15:53:15.343, 21096, 100
2026/08/05 15:53:16.343, 21096, 100
2026/08/05 15:53:17.343, 21096, 100
2026/08/05 15:53:18.344, 21096, 56
2026/08/05 15:53:19.344, 21096, 82
2026/08/05 15:53:20.344, 21096, 97
2026/08/05 15:53:21.345, 21096, 100
2026/08/05 15:53:22.345, 21096, 100
2026/08/05 15:53:23.345, 21096, 69
2026/08/05 15:53:24.345, 21096, 100
2026/08/05 15:53:25.346, 21096, 100
2026/08/05 15:53:26.346, 21096, 100
2026/08/05 15:53:27.346, 21096, 100
2026/08/05 15:53:28.346, 21096, 84
2026/08/05 15:53:29.347, 21096, 100
2026/08/05 15:53:30.347, 21096, 100
2026/08/05 15:53:31.347, 21096, 100
2026/08/05 15:53:32.347, 21096, 82
2026/08/05 15:53:33.347, 21096, 100
2026/08/05 15:53:34.348, 21096, 100
2026/08/05 15:53:35.348, 21096, 82
2026/08/05 15:53:36.348, 21096, 100
2026/08/05 15:53:37.349, 21096, 100
2026/08/05 15:53:38.349, 21096, 100
2026/08/05 15:53:39.349, 21096, 100
2026/08/05 15:53:40.349, 21096, 100
2026/08/05 15:53:41.350, 21096, 100
2026/08/05 15:53:42.350, 21096, 100
2026/08/05 15:53:43.350, 21096, 100
2026/08/05 15:53:44.350, 21096, 100
2026/08/05 15:53:45.351, 21096, 100
2026/08/05 15:53:46.351, 21096, 100
2026/08/05 15:53:47.351, 21096, 100
2026/08/05 15:53:48.351, 21096, 100
2026/08/05 15:53:49.352, 21096, 100
2026/08/05 15:53:50.352, 21096, 100
2026/08/05 15:53:51.352, 21096, 100
2026/08/05 15:53:52.353, 21096, 100
2026/08/05 15:53:53.353, 21096, 100
2026/08/05 15:53:54.353, 21096, 100
2026/08/05 15:53:55.353, 21096, 100
2026/08/05 15:53:56.354, 21096, 82
2026/08/05 15:53:57.354, 21096, 100
2026/08/05 15:53:58.354, 21096, 100
2026/08/05 15:53:59.355, 21096, 100
2026/08/05 15:54:00.355, 21096, 100
2026/08/05 15:54:01.355, 21096, 100
2026/08/05 15:54:02.356, 21096, 82
2026/08/05 15:54:03.356, 21096, 100
2026/08/05 15:54:04.356, 21096, 100
2026/08/05 15:54:05.357, 21096, 100
2026/08/05 15:54:06.357, 21096, 100
2026/08/05 15:54:07.357, 21096, 100
2026/08/05 15:54:08.357, 21096, 100
2026/08/05 15:54:09.358, 21096, 100
2026/08/05 15:54:10.358, 21096, 100
2026/08/05 15:54:11.358, 21096, 100
2026/08/05 15:54:12.359, 21096, 100
2026/08/05 15:54:13.359, 21096, 82
2026/08/05 15:54:14.359, 21096, 87
2026/08/05 15:54:15.359, 21096, 84
2026/08/05 15:54:16.360, 21096, 100
2026/08/05 15:54:17.360, 21096, 100
2026/08/05 15:54:18.360, 21096, 100
2026/08/05 15:54:19.361, 21096, 100
2026/08/05 15:54:20.361, 21096, 100
2026/08/05 15:54:21.361, 21096, 100
2026/08/05 15:54:22.361, 21096, 100
2026/08/05 15:54:23.362, 21096, 100
2026/08/05 15:54:24.362, 21096, 100
2026/08/05 15:54:25.362, 21096, 100
2026/08/05 15:54:26.363, 21096, 100
2026/08/05 15:54:27.363, 21096, 100
2026/08/05 15:54:28.363, 21096, 100
2026/08/05 15:54:29.364, 21096, 100
2026/08/05 15:54:30.364, 21096, 100
2026/08/05 15:54:31.364, 21096, 100
2026/08/05 15:54:32.365, 21096, 100
2026/08/05 15:54:33.365, 21096, 100
2026/08/05 15:54:34.365, 21096, 100
2026/08/05 15:54:35.365, 21096, 100
2026/08/05 15:54:36.365, 21096, 100
2026/08/05 15:54:37.366, 21096, 100
2026/08/05 15:54:38.366, 21096, 100
2026/08/05 15:54:39.366, 21096, 100
2026/08/05 15:54:40.366, 21096, 100
2026/08/05 15:54:41.366, 21096, 100
2026/08/05 15:54:42.367, 21096, 100
2026/08/05 15:54:43.367, 21096, 100
2026/08/05 15:54:44.367, 21096, 100
2026/08/05 15:54:45.367, 21096, 100
2026/08/05 15:54:46.368, 21096, 100
2026/08/05 15:54:47.368, 21096, 100
2026/08/05 15:54:48.368, 21096, 100
2026/08/05 15:54:49.368, 21096, 100
2026/08/05 15:54:50.369, 21096, 100
2026/08/05 15:54:51.369, 21096, 82
2026/08/05 15:54:52.369, 21096, 92
2026/08/05 15:54:53.370, 21096, 100
2026/08/05 15:54:54.370, 21096, 100
2026/08/05 15:54:55.370, 21096, 100
2026/08/05 15:54:56.370, 21096, 100
2026/08/05 15:54:57.371, 21096, 100
2026/08/05 15:54:58.371, 21096, 100
2026/08/05 15:54:59.371, 21096, 100
2026/08/05 15:55:00.371, 21096, 100
2026/08/05 15:55:01.372, 21096, 100
2026/08/05 15:55:02.372, 21096, 77
2026/08/05 15:55:03.372, 21096, 84
2026/08/05 15:55:04.373, 21096, 100
2026/08/05 15:55:05.373, 21096, 100
2026/08/05 15:55:06.373, 21096, 100
2026/08/05 15:55:07.374, 21096, 100
2026/08/05 15:55:08.374, 21096, 100
2026/08/05 15:55:09.374, 21096, 100
2026/08/05 15:55:10.374, 21096, 100
2026/08/05 15:55:11.375, 21096, 100
2026/08/05 15:55:12.375, 21096, 84
2026/08/05 15:55:13.376, 21096, 100
2026/08/05 15:55:14.376, 21096, 83
2026/08/05 15:55:15.377, 21096, 100
2026/08/05 15:55:16.377, 21096, 100
2026/08/05 15:55:17.377, 21096, 100
2026/08/05 15:55:18.378, 21096, 100
2026/08/05 15:55:19.378, 21096, 100
2026/08/05 15:55:20.378, 21096, 100
2026/08/05 15:55:21.379, 21096, 100
2026/08/05 15:55:22.379, 21096, 100
2026/08/05 15:55:23.379, 21096, 100
2026/08/05 15:55:24.379, 21096, 100
2026/08/05 15:55:25.380, 21096, 100
2026/08/05 15:55:26.380, 21096, 100
2026/08/05 15:55:27.380, 21096, 100
2026/08/05 15:55:28.382, 21096, 100
2026/08/05 15:55:29.382, 21096, 100
2026/08/05 15:55:30.383, 21096, 100
2026/08/05 15:55:31.383, 21096, 85
2026/08/05 15:55:32.383, 21096, 100
2026/08/05 15:55:33.384, 21096, 100
2026/08/05 15:55:34.384, 21096, 100
2026/08/05 15:55:35.384, 21096, 100
2026/08/05 15:55:36.385, 21096, 100
2026/08/05 15:55:37.385, 21096, 100
2026/08/05 15:55:38.385, 21096, 100
2026/08/05 15:55:39.386, 21096, 100
2026/08/05 15:55:40.386, 21096, 100
2026/08/05 15:55:41.386, 21096, 82
2026/08/05 15:55:42.386, 21096, 100
2026/08/05 15:55:43.387, 21096, 100
2026/08/05 15:55:44.387, 21096, 100
2026/08/05 15:55:45.387, 21096, 85
2026/08/05 15:55:46.388, 21096, 100
2026/08/05 15:55:47.388, 21096, 100
2026/08/05 15:55:48.388, 21096, 84
2026/08/05 15:55:49.389, 21096, 100
2026/08/05 15:55:50.389, 21096, 72
2026/08/05 15:55:51.389, 21096, 100
2026/08/05 15:55:52.389, 21096, 100
2026/08/05 15:55:53.390, 21096, 100
2026/08/05 15:55:54.390, 21096, 100
2026/08/05 15:55:55.390, 21096, 100
2026/08/05 15:55:56.391, 21096, 100
2026/08/05 15:55:57.391, 21096, 81
2026/08/05 15:55:58.391, 21096, 100
2026/08/05 15:55:59.391, 21096, 100
2026/08/05 15:56:00.392, 21096, 100
2026/08/05 15:56:01.392, 21096, 100
2026/08/05 15:56:02.392, 21096, 100
2026/08/05 15:56:03.392, 21096, 83
2026/08/05 15:56:04.393, 21096, 100
2026/08/05 15:56:05.393, 21096, 100
2026/08/05 15:56:06.393, 21096, 100
2026/08/05 15:56:07.393, 21096, 100
2026/08/05 15:56:08.393, 21096, 100
2026/08/05 15:56:09.394, 21096, 100
2026/08/05 15:56:10.394, 21096, 100
2026/08/05 15:56:11.394, 21096, 100
2026/08/05 15:56:12.394, 21096, 80
2026/08/05 15:56:13.395, 21096, 100
2026/08/05 15:56:14.395, 21096, 86
2026/08/05 15:56:15.395, 21096, 100
2026/08/05 15:56:16.395, 21096, 84
2026/08/05 15:56:17.395, 21096, 83
2026/08/05 15:56:18.396, 21096, 100
2026/08/05 15:56:19.396, 21096, 100
2026/08/05 15:56:20.396, 21096, 85
2026/08/05 15:56:21.396, 21096, 100
2026/08/05 15:56:22.396, 21096, 100
2026/08/05 15:56:23.397, 21096, 100
2026/08/05 15:56:24.397, 21096, 100
2026/08/05 15:56:25.397, 21096, 100
2026/08/05 15:56:26.397, 21096, 100
2026/08/05 15:56:27.397, 21096, 100
2026/08/05 15:56:28.398, 21096, 100
2026/08/05 15:56:29.398, 21096, 100
2026/08/05 15:56:30.398, 21096, 100
2026/08/05 15:56:31.398, 21096, 100
2026/08/05 15:56:32.399, 21096, 100
2026/08/05 15:56:33.399, 21096, 100
2026/08/05 15:56:34.400, 21096, 100
2026/08/05 15:56:35.401, 21096, 97
2026/08/05 15:56:36.403, 21096, 86
2026/08/05 15:56:37.404, 21096, 100
2026/08/05 15:56:38.406, 21096, 100
2026/08/05 15:56:39.407, 21096, 100
2026/08/05 15:56:40.409, 21096, 100
2026/08/05 15:56:41.411, 21096, 100
2026/08/05 15:56:42.412, 21096, 100
2026/08/05 15:56:43.413, 21096, 100
2026/08/05 15:56:44.415, 21096, 83
2026/08/05 15:56:45.416, 21096, 63
2026/08/05 15:56:46.417, 21096, 100
2026/08/05 15:56:47.419, 21096, 100
2026/08/05 15:56:48.420, 21096, 100
2026/08/05 15:56:49.422, 21096, 100
2026/08/05 15:56:50.423, 21096, 100
2026/08/05 15:56:51.425, 21096, 82
2026/08/05 15:56:52.426, 21096, 100
2026/08/05 15:56:53.428, 21096, 100
2026/08/05 15:56:54.429, 21096, 100
2026/08/05 15:56:55.431, 21096, 100
2026/08/05 15:56:56.432, 21096, 100
2026/08/05 15:56:57.434, 21096, 100
2026/08/05 15:56:58.435, 21096, 100
2026/08/05 15:56:59.436, 21096, 100
2026/08/05 15:57:00.438, 21096, 100
2026/08/05 15:57:01.439, 21096, 100
2026/08/05 15:57:02.441, 21096, 87
2026/08/05 15:57:03.442, 21096, 100
2026/08/05 15:57:04.443, 21096, 100
2026/08/05 15:57:05.445, 21096, 100
2026/08/05 15:57:06.446, 21096, 100
2026/08/05 15:57:07.448, 21096, 100
2026/08/05 15:57:08.449, 21096, 100
2026/08/05 15:57:09.451, 21096, 100
2026/08/05 15:57:10.452, 21096, 100
2026/08/05 15:57:11.453, 21096, 64
2026/08/05 15:57:12.455, 21096, 100
2026/08/05 15:57:13.456, 21096, 100
2026/08/05 15:57:14.458, 21096, 100
2026/08/05 15:57:15.459, 21096, 100
2026/08/05 15:57:16.462, 21096, 100
2026/08/05 15:57:17.462, 21096, 100
2026/08/05 15:57:18.464, 21096, 100
2026/08/05 15:57:19.465, 21096, 100
2026/08/05 15:57:20.467, 21096, 100
2026/08/05 15:57:21.468, 21096, 100
2026/08/05 15:57:22.470, 21096, 100
2026/08/05 15:57:23.471, 21096, 100
2026/08/05 15:57:24.472, 21096, 100
2026/08/05 15:57:25.473, 21096, 100
2026/08/05 15:57:26.474, 21096, 100
2026/08/05 15:57:27.476, 21096, 100
2026/08/05 15:57:28.476, 21096, 100
2026/08/05 15:57:29.478, 21096, 100
2026/08/05 15:57:30.479, 21096, 100
2026/08/05 15:57:31.480, 21096, 86
2026/08/05 15:57:32.482, 21096, 100
2026/08/05 15:57:33.483, 21096, 100
2026/08/05 15:57:34.484, 21096, 100
2026/08/05 15:57:35.486, 21096, 100
2026/08/05 15:57:36.487, 21096, 100
2026/08/05 15:57:37.488, 21096, 100
2026/08/05 15:57:38.490, 21096, 84
2026/08/05 15:57:39.491, 21096, 100
2026/08/05 15:57:40.493, 21096, 100
2026/08/05 15:57:41.494, 21096, 100
2026/08/05 15:57:42.495, 21096, 100
2026/08/05 15:57:43.496, 21096, 100
2026/08/05 15:57:44.498, 21096, 100
2026/08/05 15:57:45.499, 21096, 100
2026/08/05 15:57:46.500, 21096, 100
2026/08/05 15:57:47.502, 21096, 100
2026/08/05 15:57:48.503, 21096, 100
2026/08/05 15:57:49.504, 21096, 100
2026/08/05 15:57:50.505, 21096, 100
2026/08/05 15:57:51.507, 21096, 100
2026/08/05 15:57:52.508, 21096, 100
2026/08/05 15:57:53.509, 21096, 100
2026/08/05 15:57:54.511, 21096, 100
2026/08/05 15:57:55.512, 21096, 100
2026/08/05 15:57:56.513, 21096, 100
2026/08/05 15:57:57.514, 21096, 100
2026/08/05 15:57:58.514, 21096, 100
2026/08/05 15:57:59.516, 21096, 100
2026/08/05 15:58:00.517, 21096, 100
2026/08/05 15:58:01.518, 21096, 100
2026/08/05 15:58:02.519, 21096, 100
2026/08/05 15:58:03.520, 21096, 100
2026/08/05 15:58:04.521, 21096, 100
2026/08/05 15:58:05.522, 21096, 100
2026/08/05 15:58:06.523, 21096, 100
2026/08/05 15:58:07.525, 21096, 83
2026/08/05 15:58:08.526, 21096, 100
2026/08/05 15:58:09.528, 21096, 100
2026/08/05 15:58:10.529, 21096, 100
2026/08/05 15:58:11.530, 21096, 100
2026/08/05 15:58:12.532, 21096, 100
2026/08/05 15:58:13.533, 21096, 100
2026/08/05 15:58:14.535, 21096, 100
2026/08/05 15:58:15.536, 21096, 100
2026/08/05 15:58:16.538, 21096, 100
2026/08/05 15:58:17.539, 21096, 85
2026/08/05 15:58:18.540, 21096, 100
2026/08/05 15:58:19.542, 21096, 100
2026/08/05 15:58:20.543, 21096, 100
2026/08/05 15:58:21.544, 21096, 100
2026/08/05 15:58:22.545, 21096, 83
2026/08/05 15:58:23.547, 21096, 100
2026/08/05 15:58:24.548, 21096, 100
2026/08/05 15:58:25.549, 21096, 100
2026/08/05 15:58:26.550, 21096, 100
2026/08/05 15:58:27.552, 21096, 84
2026/08/05 15:58:28.553, 21096, 99
2026/08/05 15:58:29.554, 21096, 100
2026/08/05 15:58:30.556, 21096, 100
2026/08/05 15:58:31.557, 21096, 86
2026/08/05 15:58:32.558, 21096, 100
2026/08/05 15:58:33.559, 21096, 100
2026/08/05 15:58:34.560, 21096, 100
2026/08/05 15:58:35.561, 21096, 100
2026/08/05 15:58:36.563, 21096, 100
2026/08/05 15:58:37.564, 21096, 100
2026/08/05 15:58:38.565, 21096, 100
2026/08/05 15:58:39.566, 21096, 100
2026/08/05 15:58:40.567, 21096, 100
2026/08/05 15:58:41.568, 21096, 100
2026/08/05 15:58:42.569, 21096, 100
2026/08/05 15:58:43.571, 21096, 100
2026/08/05 15:58:44.572, 21096, 100
2026/08/05 15:58:45.574, 21096, 95
2026/08/05 15:58:46.575, 21096, 100
2026/08/05 15:58:47.576, 21096, 100
2026/08/05 15:58:48.577, 21096, 100
2026/08/05 15:58:49.579, 21096, 100
2026/08/05 15:58:50.580, 21096, 100
2026/08/05 15:58:51.581, 21096, 100
2026/08/05 15:58:52.583, 21096, 100
2026/08/05 15:58:53.584, 21096, 100
2026/08/05 15:58:54.585, 21096, 100
2026/08/05 15:58:55.587, 21096, 81
2026/08/05 15:58:56.588, 21096, 85
2026/08/05 15:58:57.589, 21096, 84
2026/08/05 15:58:58.590, 21096, 62
2026/08/05 15:58:59.592, 21096, 100
2026/08/05 15:59:00.593, 21096, 100
2026/08/05 15:59:01.594, 21096, 100
2026/08/05 15:59:02.596, 21096, 100
2026/08/05 15:59:03.597, 21096, 100
2026/08/05 15:59:04.598, 21096, 100
2026/08/05 15:59:05.599, 21096, 100
2026/08/05 15:59:06.601, 21096, 100
2026/08/05 15:59:07.602, 21096, 100
2026/08/05 15:59:08.603, 21096, 100
2026/08/05 15:59:09.605, 21096, 100
2026/08/05 15:59:10.606, 21096, 100
2026/08/05 15:59:11.607, 21096, 100
2026/08/05 15:59:12.609, 21096, 100
2026/08/05 15:59:13.610, 21096, 100
2026/08/05 15:59:14.611, 21096, 100
2026/08/05 15:59:15.613, 21096, 100
2026/08/05 15:59:16.614, 21096, 100
2026/08/05 15:59:17.616, 21096, 100
2026/08/05 15:59:18.617, 21096, 100
2026/08/05 15:59:19.618, 21096, 100
2026/08/05 15:59:20.619, 21096, 94
2026/08/05 15:59:21.621, 21096, 100
2026/08/05 15:59:22.621, 21096, 100
2026/08/05 15:59:23.622, 21096, 100
2026/08/05 15:59:24.624, 21096, 82
2026/08/05 15:59:25.625, 21096, 100
2026/08/05 15:59:26.625, 21096, 100
2026/08/05 15:59:27.627, 21096, 100
2026/08/05 15:59:28.628, 21096, 100
2026/08/05 15:59:29.630, 21096, 100
2026/08/05 15:59:30.631, 21096, 100
2026/08/05 15:59:31.632, 21096, 100
2026/08/05 15:59:32.634, 21096, 100
2026/08/05 15:59:33.635, 21096, 85
2026/08/05 15:59:34.636, 21096, 100
2026/08/05 15:59:35.636, 21096, 100
2026/08/05 15:59:36.637, 21096, 100
2026/08/05 15:59:37.637, 21096, 100
2026/08/05 15:59:38.638, 21096, 100
2026/08/05 15:59:39.640, 21096, 100
2026/08/05 15:59:40.640, 21096, 100
2026/08/05 15:59:41.641, 21096, 100
2026/08/05 15:59:42.641, 21096, 100
2026/08/05 15:59:43.642, 21096, 100
2026/08/05 15:59:44.643, 21096, 100
2026/08/05 15:59:45.646, 21096, 100
2026/08/05 15:59:46.646, 21096, 100
2026/08/05 15:59:47.648, 21096, 100
2026/08/05 15:59:48.648, 21096, 100
2026/08/05 15:59:49.648, 21096, 96
2026/08/05 15:59:50.650, 21096, 100
2026/08/05 15:59:51.651, 21096, 100
2026/08/05 15:59:52.652, 21096, 100
2026/08/05 15:59:53.653, 21096, 100
2026/08/05 15:59:54.653, 21096, 100
2026/08/05 15:59:55.654, 21096, 100
2026/08/05 15:59:56.655, 21096, 100
2026/08/05 15:59:57.655, 21096, 100
2026/08/05 15:59:58.657, 21096, 100
2026/08/05 15:59:59.658, 21096, 100
2026/08/05 16:00:00.659, 21096, 100
2026/08/05 16:00:01.661, 21096, 100
2026/08/05 16:00:02.661, 21096, 100
2026/08/05 16:00:03.662, 21096, 100
2026/08/05 16:00:04.663, 21096, 100
2026/08/05 16:00:05.664, 21096, 100
2026/08/05 16:00:06.665, 21096, 100
2026/08/05 16:00:07.666, 21096, 100
2026/08/05 16:00:08.667, 21096, 100
2026/08/05 16:00:09.667, 21096, 100
2026/08/05 16:00:10.667, 21096, 100
2026/08/05 16:00:11.667, 21096, 100
2026/08/05 16:00:12.668, 21096, 100
2026/08/05 16:00:13.668, 21096, 100
2026/08/05 16:00:14.668, 21096, 64
2026/08/05 16:00:15.668, 21096, 100
2026/08/05 16:00:16.669, 21096, 100
2026/08/05 16:00:17.669, 21096, 100
2026/08/05 16:00:18.669, 21096, 100
2026/08/05 16:00:19.669, 21096, 100
2026/08/05 16:00:20.671, 21096, 100
2026/08/05 16:00:21.671, 21096, 100
2026/08/05 16:00:22.671, 21096, 84
2026/08/05 16:00:23.672, 21096, 100
2026/08/05 16:00:24.672, 21096, 100
2026/08/05 16:00:25.672, 21096, 100
2026/08/05 16:00:26.673, 21096, 84
2026/08/05 16:00:27.673, 21096, 100
2026/08/05 16:00:28.673, 21096, 64
2026/08/05 16:00:29.674, 21096, 100
2026/08/05 16:00:30.674, 21096, 85
2026/08/05 16:00:31.674, 21096, 100
2026/08/05 16:00:32.674, 21096, 85
2026/08/05 16:00:33.675, 21096, 100
2026/08/05 16:00:34.675, 21096, 100
2026/08/05 16:00:35.675, 21096, 100
2026/08/05 16:00:36.675, 21096, 100
2026/08/05 16:00:37.676, 21096, 89
2026/08/05 16:00:38.676, 21096, 100
2026/08/05 16:00:39.676, 21096, 100
2026/08/05 16:00:40.676, 21096, 100
2026/08/05 16:00:41.677, 21096, 100
2026/08/05 16:00:42.677, 21096, 96
2026/08/05 16:00:43.677, 21096, 100
2026/08/05 16:00:44.677, 21096, 100
2026/08/05 16:00:45.678, 21096, 100
2026/08/05 16:00:46.678, 21096, 100
2026/08/05 16:00:47.678, 21096, 100
2026/08/05 16:00:48.679, 21096, 84
2026/08/05 16:00:49.679, 21096, 82
2026/08/05 16:00:50.679, 21096, 100
2026/08/05 16:00:51.685, 21096, 100
2026/08/05 16:00:52.692, 21096, 100
2026/08/05 16:00:53.699, 21096, 98
2026/08/05 16:00:54.706, 21096, 100
2026/08/05 16:00:55.712, 21096, 100
2026/08/05 16:00:56.718, 21096, 100
2026/08/05 16:00:57.723, 21096, 100
2026/08/05 16:00:58.729, 21096, 100
2026/08/05 16:00:59.735, 21096, 100
2026/08/05 16:01:00.740, 21096, 100
2026/08/05 16:01:01.745, 21096, 100
2026/08/05 16:01:02.751, 21096, 100
2026/08/05 16:01:03.756, 21096, 100
2026/08/05 16:01:04.761, 21096, 100
2026/08/05 16:01:05.766, 21096, 100
2026/08/05 16:01:06.771, 21096, 100
2026/08/05 16:01:07.775, 21096, 100
2026/08/05 16:01:08.779, 21096, 100
2026/08/05 16:01:09.783, 21096, 100
2026/08/05 16:01:10.787, 21096, 100
2026/08/05 16:01:11.791, 21096, 100
2026/08/05 16:01:12.795, 21096, 100
2026/08/05 16:01:13.799, 21096, 85
2026/08/05 16:01:14.803, 21096, 100
2026/08/05 16:01:15.806, 21096, 100
2026/08/05 16:01:16.809, 21096, 100
2026/08/05 16:01:17.813, 21096, 100
2026/08/05 16:01:18.816, 21096, 100
2026/08/05 16:01:19.820, 21096, 100
2026/08/05 16:01:20.823, 21096, 100
2026/08/05 16:01:21.826, 21096, 100
2026/08/05 16:01:22.829, 21096, 85
2026/08/05 16:01:23.832, 21096, 85
2026/08/05 16:01:24.836, 21096, 100
2026/08/05 16:01:25.838, 21096, 100
2026/08/05 16:01:26.841, 21096, 100
2026/08/05 16:01:27.844, 21096, 100
2026/08/05 16:01:28.846, 21096, 100
2026/08/05 16:01:29.849, 21096, 100
2026/08/05 16:01:30.851, 21096, 100
2026/08/05 16:01:31.853, 21096, 100
2026/08/05 16:01:32.855, 21096, 100
2026/08/05 16:01:33.858, 21096, 100
2026/08/05 16:01:34.860, 21096, 100
2026/08/05 16:01:35.862, 21096, 100
2026/08/05 16:01:36.865, 21096, 100
2026/08/05 16:01:37.866, 21096, 100
2026/08/05 16:01:38.869, 21096, 100
2026/08/05 16:01:39.871, 21096, 100
2026/08/05 16:01:40.873, 21096, 100
2026/08/05 16:01:41.874, 21096, 64
2026/08/05 16:01:42.876, 21096, 100
2026/08/05 16:01:43.879, 21096, 100
2026/08/05 16:01:44.881, 21096, 82
2026/08/05 16:01:45.883, 21096, 100
2026/08/05 16:01:46.885, 21096, 100
2026/08/05 16:01:47.886, 21096, 100
2026/08/05 16:01:48.888, 21096, 89
2026/08/05 16:01:49.889, 21096, 84
2026/08/05 16:01:50.891, 21096, 64
2026/08/05 16:01:51.893, 21096, 100
2026/08/05 16:01:52.895, 21096, 100
2026/08/05 16:01:53.896, 21096, 83
2026/08/05 16:01:54.898, 21096, 100
2026/08/05 16:01:55.899, 21096, 100
2026/08/05 16:01:56.901, 21096, 100
2026/08/05 16:01:57.902, 21096, 100
2026/08/05 16:01:58.904, 21096, 100
2026/08/05 16:01:59.906, 21096, 100
2026/08/05 16:02:00.907, 21096, 100
2026/08/05 16:02:01.909, 21096, 95
2026/08/05 16:02:02.910, 21096, 100
2026/08/05 16:02:03.912, 21096, 100
2026/08/05 16:02:04.913, 21096, 84
2026/08/05 16:02:05.915, 21096, 100
2026/08/05 16:02:06.916, 21096, 100
2026/08/05 16:02:07.918, 21096, 100
2026/08/05 16:02:08.919, 21096, 100
2026/08/05 16:02:09.921, 21096, 100
2026/08/05 16:02:10.922, 21096, 100
2026/08/05 16:02:11.924, 21096, 100
2026/08/05 16:02:12.925, 21096, 100
2026/08/05 16:02:13.926, 21096, 100
2026/08/05 16:02:14.927, 21096, 100
2026/08/05 16:02:15.929, 21096, 85
2026/08/05 16:02:16.930, 21096, 100
2026/08/05 16:02:17.931, 21096, 100
2026/08/05 16:02:18.933, 21096, 100
2026/08/05 16:02:19.934, 21096, 100
2026/08/05 16:02:20.935, 21096, 100
2026/08/05 16:02:21.936, 21096, 62
2026/08/05 16:02:22.938, 21096, 100
2026/08/05 16:02:23.939, 21096, 100
2026/08/05 16:02:24.941, 21096, 100
2026/08/05 16:02:25.942, 21096, 100
2026/08/05 16:02:26.944, 21096, 100
2026/08/05 16:02:27.945, 21096, 100
2026/08/05 16:02:28.947, 21096, 100
2026/08/05 16:02:29.948, 21096, 100
2026/08/05 16:02:30.950, 21096, 100
2026/08/05 16:02:31.951, 21096, 100
2026/08/05 16:02:32.952, 21096, 100
2026/08/05 16:02:33.953, 21096, 100
2026/08/05 16:02:34.954, 21096, 100
2026/08/05 16:02:35.956, 21096, 100
2026/08/05 16:02:36.957, 21096, 100
2026/08/05 16:02:37.958, 21096, 100
2026/08/05 16:02:38.959, 21096, 100
2026/08/05 16:02:39.961, 21096, 100
2026/08/05 16:02:40.962, 21096, 100
2026/08/05 16:02:41.964, 21096, 100
2026/08/05 16:02:42.965, 21096, 100
2026/08/05 16:02:43.966, 21096, 100
2026/08/05 16:02:44.967, 21096, 100
2026/08/05 16:02:45.967, 21096, 100
2026/08/05 16:02:46.969, 21096, 100
2026/08/05 16:02:47.970, 21096, 100
2026/08/05 16:02:48.972, 21096, 84
2026/08/05 16:02:49.973, 21096, 100
2026/08/05 16:02:50.974, 21096, 100
2026/08/05 16:02:51.974, 21096, 100
2026/08/05 16:02:52.976, 21096, 100
2026/08/05 16:02:53.976, 21096, 100
2026/08/05 16:02:54.976, 21096, 96
2026/08/05 16:02:55.977, 21096, 100
2026/08/05 16:02:56.978, 21096, 100
2026/08/05 16:02:57.980, 21096, 100
2026/08/05 16:02:58.980, 21096, 100
2026/08/05 16:02:59.980, 21096, 100
2026/08/05 16:03:00.981, 21096, 100
2026/08/05 16:03:01.981, 21096, 100
2026/08/05 16:03:02.981, 21096, 100
2026/08/05 16:03:03.982, 21096, 100
2026/08/05 16:03:04.982, 21096, 82
2026/08/05 16:03:05.982, 21096, 100
2026/08/05 16:03:06.983, 21096, 100
2026/08/05 16:03:07.983, 21096, 100
2026/08/05 16:03:08.983, 21096, 100
2026/08/05 16:03:09.984, 21096, 100
2026/08/05 16:03:10.984, 21096, 100
2026/08/05 16:03:11.984, 21096, 100
2026/08/05 16:03:12.984, 21096, 100
2026/08/05 16:03:13.985, 21096, 100
2026/08/05 16:03:14.985, 21096, 100
2026/08/05 16:03:15.985, 21096, 100
2026/08/05 16:03:16.986, 21096, 100
2026/08/05 16:03:17.986, 21096, 62
2026/08/05 16:03:18.986, 21096, 100
2026/08/05 16:03:19.987, 21096, 100
2026/08/05 16:03:20.987, 21096, 100
2026/08/05 16:03:21.987, 21096, 100
2026/08/05 16:03:22.988, 21096, 100
2026/08/05 16:03:23.988, 21096, 84
2026/08/05 16:03:24.988, 21096, 100
2026/08/05 16:03:25.989, 21096, 100
2026/08/05 16:03:26.989, 21096, 100
2026/08/05 16:03:27.989, 21096, 100
2026/08/05 16:03:28.989, 21096, 100
2026/08/05 16:03:29.990, 21096, 100
2026/08/05 16:03:30.990, 21096, 100
2026/08/05 16:03:31.990, 21096, 100
2026/08/05 16:03:32.991, 21096, 100
2026/08/05 16:03:33.991, 21096, 92
2026/08/05 16:03:34.991, 21096, 100
2026/08/05 16:03:35.992, 21096, 83
2026/08/05 16:03:36.992, 21096, 100
2026/08/05 16:03:37.992, 21096, 100
2026/08/05 16:03:38.993, 21096, 99
2026/08/05 16:03:39.993, 21096, 100
2026/08/05 16:03:40.993, 21096, 78
2026/08/05 16:03:41.994, 21096, 65
2026/08/05 16:03:42.994, 21096, 100
2026/08/05 16:03:43.994, 21096, 100
2026/08/05 16:03:44.995, 21096, 100
2026/08/05 16:03:45.995, 21096, 100
2026/08/05 16:03:46.995, 21096, 100
2026/08/05 16:03:47.995, 21096, 100
2026/08/05 16:03:48.996, 21096, 83
2026/08/05 16:03:49.996, 21096, 84
2026/08/05 16:03:50.996, 21096, 85
2026/08/05 16:03:51.997, 21096, 100
2026/08/05 16:03:52.997, 21096, 100
2026/08/05 16:03:53.997, 21096, 100
2026/08/05 16:03:54.998, 21096, 100
2026/08/05 16:03:55.998, 21096, 100
2026/08/05 16:03:56.998, 21096, 100
2026/08/05 16:03:57.999, 21096, 100
2026/08/05 16:03:58.999, 21096, 100
2026/08/05 16:03:59.999, 21096, 100
2026/08/05 16:04:01.000, 21096, 100
2026/08/05 16:04:02.000, 21096, 100
2026/08/05 16:04:03.000, 21096, 100
2026/08/05 16:04:04.001, 21096, 62
2026/08/05 16:04:05.001, 21096, 100
2026/08/05 16:04:06.001, 21096, 100
2026/08/05 16:04:07.001, 21096, 100
2026/08/05 16:04:08.002, 21096, 100
2026/08/05 16:04:09.002, 21096, 100
2026/08/05 16:04:10.002, 21096, 100
2026/08/05 16:04:11.004, 21096, 100
2026/08/05 16:04:12.004, 21096, 100
2026/08/05 16:04:13.006, 21096, 100
2026/08/05 16:04:14.007, 21096, 100
2026/08/05 16:04:15.008, 21096, 91
2026/08/05 16:04:16.010, 21096, 100
2026/08/05 16:04:17.011, 21096, 100
2026/08/05 16:04:18.013, 21096, 100
2026/08/05 16:04:19.014, 21096, 100
2026/08/05 16:04:20.015, 21096, 100
2026/08/05 16:04:21.017, 21096, 100
2026/08/05 16:04:22.018, 21096, 100
2026/08/05 16:04:23.020, 21096, 100
2026/08/05 16:04:24.021, 21096, 100
2026/08/05 16:04:25.022, 21096, 85
2026/08/05 16:04:26.024, 21096, 100
2026/08/05 16:04:27.025, 21096, 100
2026/08/05 16:04:28.027, 21096, 85
2026/08/05 16:04:29.028, 21096, 100
2026/08/05 16:04:30.029, 21096, 100
2026/08/05 16:04:31.031, 21096, 100
2026/08/05 16:04:32.032, 21096, 100
2026/08/05 16:04:33.034, 21096, 100
2026/08/05 16:04:34.035, 21096, 100
2026/08/05 16:04:35.035, 21096, 100
2026/08/05 16:04:36.037, 21096, 100
2026/08/05 16:04:37.038, 21096, 82
2026/08/05 16:04:38.039, 21096, 100
2026/08/05 16:04:39.041, 21096, 73
2026/08/05 16:04:40.042, 21096, 82
2026/08/05 16:04:41.043, 21096, 62
2026/08/05 16:04:42.045, 21096, 100
2026/08/05 16:04:43.046, 21096, 100
2026/08/05 16:04:44.047, 21096, 56
2026/08/05 16:04:45.049, 21096, 100
2026/08/05 16:04:46.050, 21096, 100
2026/08/05 16:04:47.051, 21096, 100
2026/08/05 16:04:48.053, 21096, 83
2026/08/05 16:04:49.054, 21096, 100
2026/08/05 16:04:50.054, 21096, 100
2026/08/05 16:04:51.056, 21096, 100
2026/08/05 16:04:52.057, 21096, 100
2026/08/05 16:04:53.058, 21096, 100
2026/08/05 16:04:54.058, 21096, 100
2026/08/05 16:04:55.060, 21096, 100
2026/08/05 16:04:56.061, 21096, 100
2026/08/05 16:04:57.063, 21096, 100
2026/08/05 16:04:58.064, 21096, 85
2026/08/05 16:04:59.065, 21096, 100
2026/08/05 16:05:00.067, 21096, 100
2026/08/05 16:05:01.068, 21096, 100
2026/08/05 16:05:02.069, 21096, 100
2026/08/05 16:05:03.071, 21096, 83
2026/08/05 16:05:04.072, 21096, 89
2026/08/05 16:05:05.073, 21096, 100
2026/08/05 16:05:06.075, 21096, 100
2026/08/05 16:05:07.076, 21096, 100
2026/08/05 16:05:08.077, 21096, 100
2026/08/05 16:05:09.077, 21096, 84
2026/08/05 16:05:10.077, 21096, 100
2026/08/05 16:05:11.077, 21096, 100
2026/08/05 16:05:12.078, 21096, 100
2026/08/05 16:05:13.078, 21096, 100
2026/08/05 16:05:14.078, 21096, 100
2026/08/05 16:05:15.079, 21096, 100
2026/08/05 16:05:16.079, 21096, 100
2026/08/05 16:05:17.079, 21096, 100
2026/08/05 16:05:18.080, 21096, 100
2026/08/05 16:05:19.080, 21096, 100
2026/08/05 16:05:20.080, 21096, 100
2026/08/05 16:05:21.080, 21096, 100
2026/08/05 16:05:22.081, 21096, 100
2026/08/05 16:05:23.081, 21096, 100
2026/08/05 16:05:24.081, 21096, 63
2026/08/05 16:05:25.082, 21096, 100
2026/08/05 16:05:26.084, 21096, 100
2026/08/05 16:05:27.084, 21096, 100
2026/08/05 16:05:28.084, 21096, 100
2026/08/05 16:05:29.085, 21096, 100
2026/08/05 16:05:30.085, 21096, 100
2026/08/05 16:05:31.085, 21096, 100
2026/08/05 16:05:32.086, 21096, 100
2026/08/05 16:05:33.086, 21096, 100
2026/08/05 16:05:34.086, 21096, 100
2026/08/05 16:05:35.087, 21096, 100
2026/08/05 16:05:36.087, 21096, 100
2026/08/05 16:05:37.087, 21096, 87
2026/08/05 16:05:38.088, 21096, 100
2026/08/05 16:05:39.088, 21096, 82
2026/08/05 16:05:40.089, 21096, 100
2026/08/05 16:05:41.089, 21096, 100
2026/08/05 16:05:42.089, 21096, 100
2026/08/05 16:05:43.089, 21096, 86
2026/08/05 16:05:44.090, 21096, 100
2026/08/05 16:05:45.090, 21096, 100
2026/08/05 16:05:46.090, 21096, 100
2026/08/05 16:05:47.091, 21096, 97
2026/08/05 16:05:48.091, 21096, 100
2026/08/05 16:05:49.091, 21096, 100
2026/08/05 16:05:50.091, 21096, 100
2026/08/05 16:05:51.092, 21096, 100
2026/08/05 16:05:52.092, 21096, 100
2026/08/05 16:05:53.093, 21096, 100
2026/08/05 16:05:54.093, 21096, 88
2026/08/05 16:05:55.093, 21096, 100
2026/08/05 16:05:56.094, 21096, 100
2026/08/05 16:05:57.094, 21096, 100
2026/08/05 16:05:58.094, 21096, 100
2026/08/05 16:05:59.094, 21096, 100
2026/08/05 16:06:00.095, 21096, 100
2026/08/05 16:06:01.097, 21096, 100
2026/08/05 16:06:02.097, 21096, 100
2026/08/05 16:06:03.097, 21096, 100
2026/08/05 16:06:04.097, 21096, 100
2026/08/05 16:06:05.098, 21096, 100
2026/08/05 16:06:06.098, 21096, 100
2026/08/05 16:06:07.098, 21096, 94
2026/08/05 16:06:08.099, 21096, 100
2026/08/05 16:06:09.099, 21096, 100
2026/08/05 16:06:10.099, 21096, 100
2026/08/05 16:06:11.100, 21096, 100
2026/08/05 16:06:12.100, 21096, 100
2026/08/05 16:06:13.103, 21096, 100
2026/08/05 16:06:14.134, 21096, 100
2026/08/05 16:06:15.162, 21096, 100
2026/08/05 16:06:16.186, 21096, 100
2026/08/05 16:06:17.207, 21096, 100
2026/08/05 16:06:18.225, 21096, 82
2026/08/05 16:06:19.241, 21096, 100
2026/08/05 16:06:20.255, 21096, 100
2026/08/05 16:06:21.268, 21096, 100
2026/08/05 16:06:22.279, 21096, 100
2026/08/05 16:06:23.288, 21096, 100
2026/08/05 16:06:24.297, 21096, 100
2026/08/05 16:06:25.304, 21096, 100
2026/08/05 16:06:26.312, 21096, 100
2026/08/05 16:06:27.318, 21096, 100
2026/08/05 16:06:28.324, 21096, 100
2026/08/05 16:06:29.329, 21096, 100
2026/08/05 16:06:30.334, 21096, 100
2026/08/05 16:06:31.338, 21096, 100
2026/08/05 16:06:32.342, 21096, 100
2026/08/05 16:06:33.345, 21096, 66
2026/08/05 16:06:34.349, 21096, 100
2026/08/05 16:06:35.352, 21096, 100
2026/08/05 16:06:36.355, 21096, 100
2026/08/05 16:06:37.358, 21096, 100
2026/08/05 16:06:38.360, 21096, 100
2026/08/05 16:06:39.362, 21096, 100
2026/08/05 16:06:40.365, 21096, 100
2026/08/05 16:06:41.367, 21096, 100
2026/08/05 16:06:42.370, 21096, 100
2026/08/05 16:06:43.371, 21096, 100
2026/08/05 16:06:44.373, 21096, 100
2026/08/05 16:06:45.374, 21096, 100
2026/08/05 16:06:46.374, 21096, 100
2026/08/05 16:06:47.375, 21096, 100
2026/08/05 16:06:48.375, 21096, 100
2026/08/05 16:06:49.375, 21096, 100
2026/08/05 16:06:50.375, 21096, 67
2026/08/05 16:06:51.376, 21096, 97
2026/08/05 16:06:52.376, 21096, 100
2026/08/05 16:06:53.376, 21096, 98
2026/08/05 16:06:54.377, 21096, 100
2026/08/05 16:06:55.377, 21096, 100
2026/08/05 16:06:56.377, 21096, 84
2026/08/05 16:06:57.377, 21096, 100
2026/08/05 16:06:58.378, 21096, 100
2026/08/05 16:06:59.378, 21096, 100
2026/08/05 16:07:00.378, 21096, 100
2026/08/05 16:07:01.378, 21096, 100
2026/08/05 16:07:02.379, 21096, 100
2026/08/05 16:07:03.379, 21096, 100
2026/08/05 16:07:04.379, 21096, 100
2026/08/05 16:07:05.380, 21096, 100
2026/08/05 16:07:06.380, 21096, 100
2026/08/05 16:07:07.380, 21096, 100
2026/08/05 16:07:08.381, 21096, 100
2026/08/05 16:07:09.381, 21096, 100
2026/08/05 16:07:10.382, 21096, 82
2026/08/05 16:07:11.382, 21096, 100
2026/08/05 16:07:12.382, 21096, 100
2026/08/05 16:07:13.383, 21096, 100
2026/08/05 16:07:14.383, 21096, 100
2026/08/05 16:07:15.383, 21096, 100
2026/08/05 16:07:16.384, 21096, 100
2026/08/05 16:07:17.384, 21096, 100
2026/08/05 16:07:18.388, 21096, 85
2026/08/05 16:07:19.398, 21096, 64
2026/08/05 16:07:20.406, 21096, 85
2026/08/05 16:07:21.414, 21096, 100
2026/08/05 16:07:22.421, 21096, 84
2026/08/05 16:07:23.427, 21096, 81
2026/08/05 16:07:24.432, 21096, 100
2026/08/05 16:07:25.438, 21096, 100
2026/08/05 16:07:26.442, 21096, 100
2026/08/05 16:07:27.446, 21096, 100
2026/08/05 16:07:28.449, 21096, 100
2026/08/05 16:07:29.453, 21096, 100
2026/08/05 16:07:30.456, 21096, 100
2026/08/05 16:07:31.459, 21096, 99
2026/08/05 16:07:32.462, 21096, 100
2026/08/05 16:07:33.464, 21096, 100
2026/08/05 16:07:34.467, 21096, 100
2026/08/05 16:07:35.469, 21096, 100
2026/08/05 16:07:36.471, 21096, 100
2026/08/05 16:07:37.472, 21096, 100
2026/08/05 16:07:38.473, 21096, 100
2026/08/05 16:07:39.475, 21096, 100
2026/08/05 16:07:40.476, 21096, 88
2026/08/05 16:07:41.477, 21096, 100
2026/08/05 16:07:42.478, 21096, 100
2026/08/05 16:07:43.479, 21096, 84
2026/08/05 16:07:44.481, 21096, 100
2026/08/05 16:07:45.481, 21096, 100
2026/08/05 16:07:46.483, 21096, 100
2026/08/05 16:07:47.484, 21096, 100
2026/08/05 16:07:48.485, 21096, 100
2026/08/05 16:07:49.487, 21096, 86
2026/08/05 16:07:50.488, 21096, 100
2026/08/05 16:07:51.488, 21096, 100
2026/08/05 16:07:52.489, 21096, 100
2026/08/05 16:07:53.489, 21096, 100
2026/08/05 16:07:54.489, 21096, 100
2026/08/05 16:07:55.489, 21096, 84
2026/08/05 16:07:56.490, 21096, 100
2026/08/05 16:07:57.490, 21096, 100
2026/08/05 16:07:58.490, 21096, 100
2026/08/05 16:07:59.490, 21096, 100
2026/08/05 16:08:00.490, 21096, 100
2026/08/05 16:08:01.491, 21096, 100
2026/08/05 16:08:02.491, 21096, 100
2026/08/05 16:08:03.491, 21096, 100
2026/08/05 16:08:04.491, 21096, 100
2026/08/05 16:08:05.491, 21096, 82
2026/08/05 16:08:06.492, 21096, 66
2026/08/05 16:08:07.492, 21096, 100
2026/08/05 16:08:08.492, 21096, 100
2026/08/05 16:08:09.493, 21096, 100
2026/08/05 16:08:10.493, 21096, 100
2026/08/05 16:08:11.493, 21096, 100
2026/08/05 16:08:12.493, 21096, 100
2026/08/05 16:08:13.493, 21096, 100
2026/08/05 16:08:14.494, 21096, 100
2026/08/05 16:08:15.494, 21096, 100
2026/08/05 16:08:16.494, 21096, 50
2026/08/05 16:08:17.494, 21096, 100
2026/08/05 16:08:18.495, 21096, 100
2026/08/05 16:08:19.495, 21096, 100
2026/08/05 16:08:20.495, 21096, 100
2026/08/05 16:08:21.495, 21096, 100
2026/08/05 16:08:22.496, 21096, 96
2026/08/05 16:08:23.504, 21096, 100
2026/08/05 16:08:24.521, 21096, 100
2026/08/05 16:08:25.535, 21096, 100
2026/08/05 16:08:26.547, 21096, 100
2026/08/05 16:08:27.559, 21096, 100
2026/08/05 16:08:28.569, 21096, 100
2026/08/05 16:08:29.579, 21096, 100
2026/08/05 16:08:30.587, 21096, 100
2026/08/05 16:08:31.594, 21096, 100
2026/08/05 16:08:32.601, 21096, 100
2026/08/05 16:08:33.606, 21096, 100
2026/08/05 16:08:34.611, 21096, 100
2026/08/05 16:08:35.616, 21096, 100
2026/08/05 16:08:36.620, 21096, 100
2026/08/05 16:08:37.624, 21096, 100
2026/08/05 16:08:38.628, 21096, 100
2026/08/05 16:08:39.631, 21096, 100
2026/08/05 16:08:40.634, 21096, 100
2026/08/05 16:08:41.636, 21096, 100
2026/08/05 16:08:42.639, 21096, 100
2026/08/05 16:08:43.641, 21096, 100
2026/08/05 16:08:44.644, 21096, 100
2026/08/05 16:08:45.646, 21096, 100
2026/08/05 16:08:46.649, 21096, 100
2026/08/05 16:08:47.651, 21096, 99
2026/08/05 16:08:48.653, 21096, 100
2026/08/05 16:08:49.654, 21096, 100
2026/08/05 16:08:50.656, 21096, 100
2026/08/05 16:08:51.657, 21096, 100
2026/08/05 16:08:52.658, 21096, 100
2026/08/05 16:08:53.660, 21096, 84
2026/08/05 16:08:54.661, 21096, 100
2026/08/05 16:08:55.664, 21096, 100
2026/08/05 16:08:56.665, 21096, 100
2026/08/05 16:08:57.682, 21096, 100
2026/08/05 16:08:58.704, 21096, 95
2026/08/05 16:08:59.723, 21096, 100
2026/08/05 16:09:00.740, 21096, 100
2026/08/05 16:09:01.755, 21096, 100
2026/08/05 16:09:02.769, 21096, 100
2026/08/05 16:09:03.780, 21096, 100
2026/08/05 16:09:04.791, 21096, 92
2026/08/05 16:09:05.800, 21096, 100
2026/08/05 16:09:06.809, 21096, 100
2026/08/05 16:09:07.816, 21096, 100
2026/08/05 16:09:08.824, 21096, 100
2026/08/05 16:09:09.831, 21096, 100
2026/08/05 16:09:10.836, 21096, 100
2026/08/05 16:09:11.841, 21096, 88
2026/08/05 16:09:12.846, 21096, 100
2026/08/05 16:09:13.850, 21096, 85
2026/08/05 16:09:14.853, 21096, 100
2026/08/05 16:09:15.857, 21096, 100
2026/08/05 16:09:16.860, 21096, 100
2026/08/05 16:09:17.862, 21096, 100
2026/08/05 16:09:18.865, 21096, 100
2026/08/05 16:09:19.867, 21096, 100
2026/08/05 16:09:20.870, 21096, 100
2026/08/05 16:09:21.872, 21096, 100
2026/08/05 16:09:22.874, 21096, 100
2026/08/05 16:09:23.877, 21096, 85
2026/08/05 16:09:24.879, 21096, 100
2026/08/05 16:09:25.880, 21096, 100
2026/08/05 16:09:26.881, 21096, 91
2026/08/05 16:09:27.883, 21096, 79
2026/08/05 16:09:28.884, 21096, 100
2026/08/05 16:09:29.884, 21096, 100
2026/08/05 16:09:30.885, 21096, 100
2026/08/05 16:09:31.885, 21096, 100
2026/08/05 16:09:32.885, 21096, 100
2026/08/05 16:09:33.885, 21096, 100
2026/08/05 16:09:34.886, 21096, 89
2026/08/05 16:09:35.886, 21096, 100
2026/08/05 16:09:36.886, 21096, 100
2026/08/05 16:09:37.886, 21096, 100
2026/08/05 16:09:38.887, 21096, 100
2026/08/05 16:09:39.887, 21096, 100
2026/08/05 16:09:40.887, 21096, 100
2026/08/05 16:09:41.887, 21096, 100
2026/08/05 16:09:42.888, 21096, 100
2026/08/05 16:09:43.888, 21096, 93
2026/08/05 16:09:44.888, 21096, 100
2026/08/05 16:09:45.888, 21096, 100
2026/08/05 16:09:46.889, 21096, 100
2026/08/05 16:09:47.889, 21096, 100
2026/08/05 16:09:48.889, 21096, 100
2026/08/05 16:09:49.890, 21096, 83
2026/08/05 16:09:50.890, 21096, 100
2026/08/05 16:09:51.890, 21096, 100
2026/08/05 16:09:52.891, 21096, 100
2026/08/05 16:09:53.891, 21096, 100
2026/08/05 16:09:54.891, 21096, 100
2026/08/05 16:09:55.891, 21096, 100
2026/08/05 16:09:56.891, 21096, 100
2026/08/05 16:09:57.892, 21096, 100
2026/08/05 16:09:58.892, 21096, 100
2026/08/05 16:09:59.892, 21096, 100
2026/08/05 16:10:00.892, 21096, 100
2026/08/05 16:10:01.893, 21096, 100
2026/08/05 16:10:02.893, 21096, 100
2026/08/05 16:10:03.893, 21096, 100
2026/08/05 16:10:04.894, 21096, 100
2026/08/05 16:10:05.894, 21096, 100
2026/08/05 16:10:06.894, 21096, 85
2026/08/05 16:10:07.894, 21096, 100
2026/08/05 16:10:08.895, 21096, 100
2026/08/05 16:10:09.895, 21096, 100
2026/08/05 16:10:10.895, 21096, 100
2026/08/05 16:10:11.896, 21096, 100
2026/08/05 16:10:12.896, 21096, 100
2026/08/05 16:10:13.896, 21096, 100
2026/08/05 16:10:14.896, 21096, 100
2026/08/05 16:10:15.897, 21096, 100
2026/08/05 16:10:16.897, 21096, 100
2026/08/05 16:10:17.897, 21096, 83
2026/08/05 16:10:18.898, 21096, 100
2026/08/05 16:10:19.898, 21096, 100
2026/08/05 16:10:20.898, 21096, 100
2026/08/05 16:10:21.899, 21096, 100
2026/08/05 16:10:22.899, 21096, 100
2026/08/05 16:10:23.899, 21096, 100
2026/08/05 16:10:24.900, 21096, 100
2026/08/05 16:10:25.900, 21096, 100
2026/08/05 16:10:26.900, 21096, 84
2026/08/05 16:10:27.901, 21096, 100
2026/08/05 16:10:28.901, 21096, 100
2026/08/05 16:10:29.901, 21096, 100
2026/08/05 16:10:30.901, 21096, 86
2026/08/05 16:10:31.902, 21096, 98
2026/08/05 16:10:32.902, 21096, 100
2026/08/05 16:10:33.902, 21096, 100
2026/08/05 16:10:34.902, 21096, 82
2026/08/05 16:10:35.903, 21096, 100
2026/08/05 16:10:36.903, 21096, 100
2026/08/05 16:10:37.903, 21096, 100
2026/08/05 16:10:38.903, 21096, 100
2026/08/05 16:10:39.903, 21096, 100
2026/08/05 16:10:40.904, 21096, 80
2026/08/05 16:10:41.904, 21096, 100
2026/08/05 16:10:42.904, 21096, 100
2026/08/05 16:10:43.904, 21096, 100
2026/08/05 16:10:44.904, 21096, 100
2026/08/05 16:10:45.905, 21096, 100
2026/08/05 16:10:46.905, 21096, 100
2026/08/05 16:10:47.905, 21096, 100
2026/08/05 16:10:48.905, 21096, 100
2026/08/05 16:10:49.905, 21096, 100
2026/08/05 16:10:50.906, 21096, 100
2026/08/05 16:10:51.906, 21096, 100
2026/08/05 16:10:52.906, 21096, 100
2026/08/05 16:10:53.906, 21096, 100
2026/08/05 16:10:54.906, 21096, 100
2026/08/05 16:10:55.907, 21096, 96
2026/08/05 16:10:56.907, 21096, 82
2026/08/05 16:10:57.907, 21096, 100
2026/08/05 16:10:58.907, 21096, 100
2026/08/05 16:10:59.907, 21096, 100
2026/08/05 16:11:00.907, 21096, 100
2026/08/05 16:11:01.907, 21096, 100
2026/08/05 16:11:02.908, 21096, 100
2026/08/05 16:11:03.908, 21096, 100
2026/08/05 16:11:04.908, 21096, 100
2026/08/05 16:11:05.908, 21096, 100
2026/08/05 16:11:06.938, 21096, 100
2026/08/05 16:11:07.966, 21096, 100
2026/08/05 16:11:08.991, 21096, 100
2026/08/05 16:11:10.012, 21096, 100
2026/08/05 16:11:11.032, 21096, 100
2026/08/05 16:11:12.048, 21096, 100
2026/08/05 16:11:13.063, 21096, 100
2026/08/05 16:11:14.076, 21096, 84
2026/08/05 16:11:15.087, 21096, 100
2026/08/05 16:11:16.098, 21096, 100
2026/08/05 16:11:17.107, 21096, 100
2026/08/05 16:11:18.115, 21096, 85
2026/08/05 16:11:19.123, 21096, 100
2026/08/05 16:11:20.129, 21096, 100
2026/08/05 16:11:21.135, 21096, 100
2026/08/05 16:11:22.140, 21096, 100
2026/08/05 16:11:23.146, 21096, 84
2026/08/05 16:11:24.150, 21096, 100
2026/08/05 16:11:25.154, 21096, 100
2026/08/05 16:11:26.157, 21096, 100
2026/08/05 16:11:27.161, 21096, 100
2026/08/05 16:11:28.164, 21096, 84
2026/08/05 16:11:29.167, 21096, 83
2026/08/05 16:11:30.171, 21096, 100
2026/08/05 16:11:31.173, 21096, 100
2026/08/05 16:11:32.175, 21096, 100
2026/08/05 16:11:33.178, 21096, 100
2026/08/05 16:11:34.180, 21096, 100
2026/08/05 16:11:35.182, 21096, 65
2026/08/05 16:11:36.185, 21096, 100
2026/08/05 16:11:37.186, 21096, 100
2026/08/05 16:11:38.188, 21096, 100
2026/08/05 16:11:39.188, 21096, 100
2026/08/05 16:11:40.188, 21096, 81
2026/08/05 16:11:41.188, 21096, 100
2026/08/05 16:11:42.189, 21096, 100
2026/08/05 16:11:43.189, 21096, 100
2026/08/05 16:11:44.189, 21096, 100
2026/08/05 16:11:45.189, 21096, 100
2026/08/05 16:11:46.190, 21096, 100
2026/08/05 16:11:47.190, 21096, 100
2026/08/05 16:11:48.190, 21096, 100
2026/08/05 16:11:49.190, 21096, 100
2026/08/05 16:11:50.190, 21096, 100
2026/08/05 16:11:51.191, 21096, 100
2026/08/05 16:11:52.191, 21096, 100
2026/08/05 16:11:53.191, 21096, 98
2026/08/05 16:11:54.191, 21096, 89
2026/08/05 16:11:55.191, 21096, 100
2026/08/05 16:11:56.192, 21096, 79
2026/08/05 16:11:57.192, 21096, 100
2026/08/05 16:11:58.192, 21096, 100
2026/08/05 16:11:59.192, 21096, 100
2026/08/05 16:12:00.193, 21096, 100
2026/08/05 16:12:01.193, 21096, 83
2026/08/05 16:12:02.193, 21096, 100
2026/08/05 16:12:03.193, 21096, 100
2026/08/05 16:12:04.194, 21096, 100
2026/08/05 16:12:05.194, 21096, 100
2026/08/05 16:12:06.194, 21096, 100
2026/08/05 16:12:07.195, 21096, 100
2026/08/05 16:12:08.195, 21096, 100
2026/08/05 16:12:09.195, 21096, 100
2026/08/05 16:12:10.196, 21096, 62
2026/08/05 16:12:11.196, 21096, 100
2026/08/05 16:12:12.202, 21096, 100
2026/08/05 16:12:13.233, 21096, 82
2026/08/05 16:12:14.259, 21096, 100
2026/08/05 16:12:15.282, 21096, 100
2026/08/05 16:12:16.302, 21096, 100
2026/08/05 16:12:17.321, 21096, 100
2026/08/05 16:12:18.337, 21096, 100
2026/08/05 16:12:19.352, 21096, 100
2026/08/05 16:12:20.364, 21096, 83
2026/08/05 16:12:21.375, 21096, 100
2026/08/05 16:12:22.386, 21096, 100
2026/08/05 16:12:23.395, 21096, 100
2026/08/05 16:12:24.402, 21096, 100
2026/08/05 16:12:25.409, 21096, 100
2026/08/05 16:12:26.415, 21096, 84
2026/08/05 16:12:27.421, 21096, 100
2026/08/05 16:12:28.426, 21096, 100
2026/08/05 16:12:29.430, 21096, 100
2026/08/05 16:12:30.434, 21096, 100
2026/08/05 16:12:31.438, 21096, 100
2026/08/05 16:12:32.441, 21096, 100
2026/08/05 16:12:33.445, 21096, 83
2026/08/05 16:12:34.448, 21096, 100
2026/08/05 16:12:35.451, 21096, 100
2026/08/05 16:12:36.453, 21096, 100
2026/08/05 16:12:37.455, 21096, 100
2026/08/05 16:12:38.457, 21096, 100
2026/08/05 16:12:39.460, 21096, 100
2026/08/05 16:12:40.462, 21096, 100
2026/08/05 16:12:41.465, 21096, 83
2026/08/05 16:12:42.466, 21096, 100
2026/08/05 16:12:43.468, 21096, 100
2026/08/05 16:12:44.469, 21096, 100
2026/08/05 16:12:45.469, 21096, 100
2026/08/05 16:12:46.470, 21096, 83
2026/08/05 16:12:47.470, 21096, 100
2026/08/05 16:12:48.470, 21096, 100
2026/08/05 16:12:49.470, 21096, 100
2026/08/05 16:12:50.471, 21096, 100
2026/08/05 16:12:51.471, 21096, 83
2026/08/05 16:12:52.471, 21096, 67
2026/08/05 16:12:53.472, 21096, 100
2026/08/05 16:12:54.472, 21096, 100
2026/08/05 16:12:55.472, 21096, 62
2026/08/05 16:12:56.472, 21096, 84
2026/08/05 16:12:57.473, 21096, 100
2026/08/05 16:12:58.473, 21096, 100
2026/08/05 16:12:59.473, 21096, 100
2026/08/05 16:13:00.474, 21096, 100
2026/08/05 16:13:01.474, 21096, 100
2026/08/05 16:13:02.474, 21096, 100
2026/08/05 16:13:03.474, 21096, 83
2026/08/05 16:13:04.475, 21096, 100
2026/08/05 16:13:05.475, 21096, 100
2026/08/05 16:13:06.475, 21096, 100
2026/08/05 16:13:07.475, 21096, 100
2026/08/05 16:13:08.476, 21096, 100
2026/08/05 16:13:09.476, 21096, 100
2026/08/05 16:13:10.476, 21096, 100
2026/08/05 16:13:11.477, 21096, 100
2026/08/05 16:13:12.477, 21096, 100
2026/08/05 16:13:13.477, 21096, 64
2026/08/05 16:13:14.478, 21096, 100
2026/08/05 16:13:15.478, 21096, 100
2026/08/05 16:13:16.478, 21096, 100
2026/08/05 16:13:17.478, 21096, 100
2026/08/05 16:13:18.479, 21096, 100
2026/08/05 16:13:19.479, 21096, 100
2026/08/05 16:13:20.479, 21096, 100
2026/08/05 16:13:21.480, 21096, 85
2026/08/05 16:13:22.480, 21096, 100
2026/08/05 16:13:23.480, 21096, 100
2026/08/05 16:13:24.481, 21096, 64
2026/08/05 16:13:25.481, 21096, 100
2026/08/05 16:13:26.481, 21096, 100
2026/08/05 16:13:27.482, 21096, 100
2026/08/05 16:13:28.482, 21096, 100
2026/08/05 16:13:29.482, 21096, 100
2026/08/05 16:13:30.483, 21096, 85
2026/08/05 16:13:31.483, 21096, 100
2026/08/05 16:13:32.483, 21096, 100
2026/08/05 16:13:33.484, 21096, 100
2026/08/05 16:13:34.484, 21096, 100
2026/08/05 16:13:35.484, 21096, 100
2026/08/05 16:13:36.484, 21096, 100
2026/08/05 16:13:37.485, 21096, 100
2026/08/05 16:13:38.485, 21096, 100
2026/08/05 16:13:39.485, 21096, 100
2026/08/05 16:13:40.486, 21096, 100
2026/08/05 16:13:41.486, 21096, 100
2026/08/05 16:13:42.486, 21096, 100
2026/08/05 16:13:43.487, 21096, 84
2026/08/05 16:13:44.487, 21096, 69
2026/08/05 16:13:45.487, 21096, 100
2026/08/05 16:13:46.488, 21096, 100
2026/08/05 16:13:47.488, 21096, 100
2026/08/05 16:13:48.488, 21096, 100
2026/08/05 16:13:49.489, 21096, 100
2026/08/05 16:13:50.489, 21096, 100
2026/08/05 16:13:51.489, 21096, 100
2026/08/05 16:13:52.490, 21096, 100
2026/08/05 16:13:53.490, 21096, 100
2026/08/05 16:13:54.490, 21096, 100
2026/08/05 16:13:55.491, 21096, 100
2026/08/05 16:13:56.491, 21096, 100
2026/08/05 16:13:57.491, 21096, 60
2026/08/05 16:13:58.492, 21096, 95
2026/08/05 16:13:59.492, 21096, 100
2026/08/05 16:14:00.492, 21096, 100
2026/08/05 16:14:01.493, 21096, 100
2026/08/05 16:14:02.493, 21096, 100
2026/08/05 16:14:03.493, 21096, 100
2026/08/05 16:14:04.494, 21096, 100
2026/08/05 16:14:05.494, 21096, 100
2026/08/05 16:14:06.494, 21096, 100
2026/08/05 16:14:07.494, 21096, 100
2026/08/05 16:14:08.495, 21096, 100
2026/08/05 16:14:09.495, 21096, 83
2026/08/05 16:14:10.495, 21096, 100
2026/08/05 16:14:11.496, 21096, 100
2026/08/05 16:14:12.496, 21096, 100
2026/08/05 16:14:13.496, 21096, 100
2026/08/05 16:14:14.497, 21096, 100
2026/08/05 16:14:15.497, 21096, 100
2026/08/05 16:14:16.497, 21096, 100
2026/08/05 16:14:17.498, 21096, 100
2026/08/05 16:14:18.498, 21096, 100
2026/08/05 16:14:19.498, 21096, 58
2026/08/05 16:14:20.498, 21096, 83
2026/08/05 16:14:21.499, 21096, 100
2026/08/05 16:14:22.499, 21096, 0
2026/08/05 16:14:23.500, 21096, 84
2026/08/05 16:14:24.502, 21096, 100
2026/08/05 16:14:25.503, 21096, 100
2026/08/05 16:14:26.505, 21096, 100
2026/08/05 16:14:27.506, 21096, 100
2026/08/05 16:14:28.508, 21096, 84
2026/08/05 16:14:29.509, 21096, 100
2026/08/05 16:14:30.511, 21096, 100
2026/08/05 16:14:31.512, 21096, 100
2026/08/05 16:14:32.513, 21096, 83
2026/08/05 16:14:33.515, 21096, 100
2026/08/05 16:14:34.517, 21096, 100
2026/08/05 16:14:35.518, 21096, 100
2026/08/05 16:14:36.519, 21096, 100
2026/08/05 16:14:37.521, 21096, 100
2026/08/05 16:14:38.522, 21096, 100
2026/08/05 16:14:39.524, 21096, 100
2026/08/05 16:14:40.524, 21096, 100
2026/08/05 16:14:41.525, 21096, 100
2026/08/05 16:14:42.526, 21096, 99
2026/08/05 16:14:43.526, 21096, 84
2026/08/05 16:14:44.527, 21096, 100
2026/08/05 16:14:45.527, 21096, 100
2026/08/05 16:14:46.528, 21096, 100
2026/08/05 16:14:47.528, 21096, 100
2026/08/05 16:14:48.528, 21096, 100
2026/08/05 16:14:49.529, 21096, 100
2026/08/05 16:14:50.529, 21096, 84
2026/08/05 16:14:51.529, 21096, 100
2026/08/05 16:14:52.530, 21096, 100
2026/08/05 16:14:53.530, 21096, 100
2026/08/05 16:14:54.530, 21096, 100
2026/08/05 16:14:55.531, 21096, 100
2026/08/05 16:14:56.531, 21096, 100
2026/08/05 16:14:57.531, 21096, 100
2026/08/05 16:14:58.532, 21096, 100
2026/08/05 16:14:59.532, 21096, 100
2026/08/05 16:15:00.532, 21096, 100
2026/08/05 16:15:01.532, 21096, 100
2026/08/05 16:15:02.533, 21096, 100
2026/08/05 16:15:03.533, 21096, 100
2026/08/05 16:15:04.533, 21096, 100
2026/08/05 16:15:05.534, 21096, 100
2026/08/05 16:15:06.534, 21096, 82
2026/08/05 16:15:07.534, 21096, 100
2026/08/05 16:15:08.535, 21096, 100
2026/08/05 16:15:09.535, 21096, 100
2026/08/05 16:15:10.535, 21096, 100
2026/08/05 16:15:11.536, 21096, 100
2026/08/05 16:15:12.536, 21096, 94
2026/08/05 16:15:13.536, 21096, 100
2026/08/05 16:15:14.536, 21096, 100
2026/08/05 16:15:15.537, 21096, 83
2026/08/05 16:15:16.537, 21096, 64
2026/08/05 16:15:17.537, 21096, 100
2026/08/05 16:15:18.538, 21096, 100
2026/08/05 16:15:19.538, 21096, 85
2026/08/05 16:15:20.538, 21096, 63
2026/08/05 16:15:21.539, 21096, 100
2026/08/05 16:15:22.539, 21096, 100
2026/08/05 16:15:23.539, 21096, 100
2026/08/05 16:15:24.540, 21096, 85
2026/08/05 16:15:25.540, 21096, 100
2026/08/05 16:15:26.540, 21096, 100
2026/08/05 16:15:27.541, 21096, 100
2026/08/05 16:15:28.541, 21096, 100
2026/08/05 16:15:29.541, 21096, 100
2026/08/05 16:15:30.541, 21096, 100
2026/08/05 16:15:31.542, 21096, 100
2026/08/05 16:15:32.542, 21096, 100
2026/08/05 16:15:33.542, 21096, 100
2026/08/05 16:15:34.543, 21096, 64
2026/08/05 16:15:35.543, 21096, 100
2026/08/05 16:15:36.543, 21096, 100
2026/08/05 16:15:37.544, 21096, 100
2026/08/05 16:15:38.544, 21096, 100
2026/08/05 16:15:39.544, 21096, 100
2026/08/05 16:15:40.544, 21096, 53
2026/08/05 16:15:41.545, 21096, 100
2026/08/05 16:15:42.545, 21096, 100
2026/08/05 16:15:43.545, 21096, 100
2026/08/05 16:15:44.546, 21096, 100
2026/08/05 16:15:45.546, 21096, 100
2026/08/05 16:15:46.546, 21096, 100
2026/08/05 16:15:47.546, 21096, 100
2026/08/05 16:15:48.547, 21096, 81
2026/08/05 16:15:49.547, 21096, 100
2026/08/05 16:15:50.547, 21096, 100
2026/08/05 16:15:51.548, 21096, 100
2026/08/05 16:15:52.548, 21096, 100
2026/08/05 16:15:53.548, 21096, 100
2026/08/05 16:15:54.549, 21096, 100
2026/08/05 16:15:55.549, 21096, 100
2026/08/05 16:15:56.549, 21096, 100
2026/08/05 16:15:57.549, 21096, 100
2026/08/05 16:15:58.550, 21096, 100
2026/08/05 16:15:59.550, 21096, 100
2026/08/05 16:16:00.550, 21096, 100
2026/08/05 16:16:01.551, 21096, 83
2026/08/05 16:16:02.551, 21096, 100
2026/08/05 16:16:03.551, 21096, 100
2026/08/05 16:16:04.552, 21096, 100
2026/08/05 16:16:05.552, 21096, 100
2026/08/05 16:16:06.552, 21096, 100
2026/08/05 16:16:07.552, 21096, 100
2026/08/05 16:16:08.553, 21096, 100
2026/08/05 16:16:09.553, 21096, 100
2026/08/05 16:16:10.553, 21096, 83
2026/08/05 16:16:11.554, 21096, 100
2026/08/05 16:16:12.554, 21096, 84
2026/08/05 16:16:13.554, 21096, 100
2026/08/05 16:16:14.554, 21096, 100
2026/08/05 16:16:15.555, 21096, 100
2026/08/05 16:16:16.555, 21096, 100
2026/08/05 16:16:17.555, 21096, 100
2026/08/05 16:16:18.556, 21096, 100
2026/08/05 16:16:19.556, 21096, 100
2026/08/05 16:16:20.556, 21096, 100
2026/08/05 16:16:21.556, 21096, 100
2026/08/05 16:16:22.557, 21096, 82
2026/08/05 16:16:23.557, 21096, 100
2026/08/05 16:16:24.557, 21096, 83
2026/08/05 16:16:25.558, 21096, 100
2026/08/05 16:16:26.558, 21096, 100
2026/08/05 16:16:27.558, 21096, 100
2026/08/05 16:16:28.559, 21096, 100
2026/08/05 16:16:29.559, 21096, 100
2026/08/05 16:16:30.559, 21096, 100
2026/08/05 16:16:31.560, 21096, 100
2026/08/05 16:16:32.560, 21096, 100
2026/08/05 16:16:33.560, 21096, 100
2026/08/05 16:16:34.561, 21096, 100
2026/08/05 16:16:35.561, 21096, 100
2026/08/05 16:16:36.561, 21096, 100
2026/08/05 16:16:37.562, 21096, 100
2026/08/05 16:16:38.562, 21096, 100
2026/08/05 16:16:39.562, 21096, 100
2026/08/05 16:16:40.562, 21096, 100
2026/08/05 16:16:41.563, 21096, 93
2026/08/05 16:16:42.563, 21096, 100
2026/08/05 16:16:43.563, 21096, 100
2026/08/05 16:16:44.564, 21096, 100
2026/08/05 16:16:45.564, 21096, 100
2026/08/05 16:16:46.564, 21096, 84
2026/08/05 16:16:47.565, 21096, 100
2026/08/05 16:16:48.565, 21096, 100
2026/08/05 16:16:49.565, 21096, 100
2026/08/05 16:16:50.565, 21096, 100
2026/08/05 16:16:51.566, 21096, 100
2026/08/05 16:16:52.566, 21096, 100
2026/08/05 16:16:53.566, 21096, 100
2026/08/05 16:16:54.567, 21096, 100
2026/08/05 16:16:55.567, 21096, 100
2026/08/05 16:16:56.567, 21096, 100
2026/08/05 16:16:57.567, 21096, 100
2026/08/05 16:16:58.568, 21096, 100
2026/08/05 16:16:59.568, 21096, 100
2026/08/05 16:17:00.568, 21096, 100
2026/08/05 16:17:01.568, 21096, 100
2026/08/05 16:17:02.569, 21096, 84
2026/08/05 16:17:03.569, 21096, 97
2026/08/05 16:17:04.569, 21096, 97
2026/08/05 16:17:05.569, 21096, 100
2026/08/05 16:17:06.570, 21096, 100
2026/08/05 16:17:07.570, 21096, 100
2026/08/05 16:17:08.570, 21096, 85
2026/08/05 16:17:09.570, 21096, 100
2026/08/05 16:17:10.571, 21096, 100
2026/08/05 16:17:11.571, 21096, 100
2026/08/05 16:17:12.571, 21096, 100
2026/08/05 16:17:13.571, 21096, 85
2026/08/05 16:17:14.572, 21096, 100
2026/08/05 16:17:15.572, 21096, 100
2026/08/05 16:17:16.572, 21096, 100
2026/08/05 16:17:17.572, 21096, 100
2026/08/05 16:17:18.572, 21096, 100
2026/08/05 16:17:19.573, 21096, 100
2026/08/05 16:17:20.573, 21096, 100
2026/08/05 16:17:21.573, 21096, 100
2026/08/05 16:17:22.573, 21096, 82
2026/08/05 16:17:23.574, 21096, 100
2026/08/05 16:17:24.574, 21096, 100
2026/08/05 16:17:25.574, 21096, 100
2026/08/05 16:17:26.574, 21096, 100
2026/08/05 16:17:27.575, 21096, 100
2026/08/05 16:17:28.575, 21096, 100
2026/08/05 16:17:29.575, 21096, 100
2026/08/05 16:17:30.575, 21096, 100
2026/08/05 16:17:31.575, 21096, 78
2026/08/05 16:17:32.576, 21096, 100
2026/08/05 16:17:33.576, 21096, 100
2026/08/05 16:17:34.576, 21096, 100
2026/08/05 16:17:35.577, 21096, 100
2026/08/05 16:17:36.577, 21096, 100
2026/08/05 16:17:37.577, 21096, 100
2026/08/05 16:17:38.577, 21096, 100
2026/08/05 16:17:39.578, 21096, 100
2026/08/05 16:17:40.578, 21096, 100
2026/08/05 16:17:41.578, 21096, 100
2026/08/05 16:17:42.578, 21096, 100
2026/08/05 16:17:43.579, 21096, 100
2026/08/05 16:17:44.579, 21096, 100
2026/08/05 16:17:45.579, 21096, 100
2026/08/05 16:17:46.579, 21096, 63
2026/08/05 16:17:47.579, 21096, 86
2026/08/05 16:17:48.580, 21096, 100
2026/08/05 16:17:49.580, 21096, 100
2026/08/05 16:17:50.580, 21096, 100
2026/08/05 16:17:51.580, 21096, 97
2026/08/05 16:17:52.581, 21096, 100
2026/08/05 16:17:53.581, 21096, 100
2026/08/05 16:17:54.581, 21096, 100
2026/08/05 16:17:55.582, 21096, 98
2026/08/05 16:17:56.582, 21096, 100
2026/08/05 16:17:57.582, 21096, 100
2026/08/05 16:17:58.583, 21096, 100
2026/08/05 16:17:59.583, 21096, 100
2026/08/05 16:18:00.583, 21096, 98
2026/08/05 16:18:01.583, 21096, 100
2026/08/05 16:18:02.584, 21096, 100
2026/08/05 16:18:03.584, 21096, 83
2026/08/05 16:18:04.584, 21096, 100
2026/08/05 16:18:05.585, 21096, 88
2026/08/05 16:18:06.585, 21096, 99
2026/08/05 16:18:07.585, 21096, 100
2026/08/05 16:18:08.585, 21096, 100
2026/08/05 16:18:09.586, 21096, 100
2026/08/05 16:18:10.586, 21096, 100
2026/08/05 16:18:11.586, 21096, 100
2026/08/05 16:18:12.587, 21096, 100
2026/08/05 16:18:13.587, 21096, 100
2026/08/05 16:18:14.587, 21096, 100
2026/08/05 16:18:15.587, 21096, 84
2026/08/05 16:18:16.587, 21096, 85
2026/08/05 16:18:17.588, 21096, 100
2026/08/05 16:18:18.588, 21096, 100
2026/08/05 16:18:19.588, 21096, 100
2026/08/05 16:18:20.588, 21096, 100
2026/08/05 16:18:21.588, 21096, 97
2026/08/05 16:18:22.589, 21096, 100
2026/08/05 16:18:23.589, 21096, 100
2026/08/05 16:18:24.589, 21096, 100
2026/08/05 16:18:25.589, 21096, 82
2026/08/05 16:18:26.590, 21096, 100
2026/08/05 16:18:27.590, 21096, 100
2026/08/05 16:18:28.590, 21096, 100
2026/08/05 16:18:29.590, 21096, 100
2026/08/05 16:18:30.590, 21096, 100
2026/08/05 16:18:31.591, 21096, 100
2026/08/05 16:18:32.591, 21096, 100
2026/08/05 16:18:33.591, 21096, 100
2026/08/05 16:18:34.591, 21096, 100
2026/08/05 16:18:35.591, 21096, 100
2026/08/05 16:18:36.591, 21096, 100
2026/08/05 16:18:37.592, 21096, 83
2026/08/05 16:18:38.592, 21096, 82
2026/08/05 16:18:39.592, 21096, 64
2026/08/05 16:18:40.592, 21096, 100
2026/08/05 16:18:41.592, 21096, 56
2026/08/05 16:18:42.593, 21096, 100
2026/08/05 16:18:43.593, 21096, 100
2026/08/05 16:18:44.593, 21096, 90
2026/08/05 16:18:45.593, 21096, 100
2026/08/05 16:18:46.594, 21096, 100
2026/08/05 16:18:47.594, 21096, 100
2026/08/05 16:18:48.594, 21096, 100
2026/08/05 16:18:49.595, 21096, 61
2026/08/05 16:18:50.595, 21096, 100
2026/08/05 16:18:51.595, 21096, 100
2026/08/05 16:18:52.595, 21096, 100
2026/08/05 16:18:53.596, 21096, 100
2026/08/05 16:18:54.596, 21096, 100
2026/08/05 16:18:55.596, 21096, 100
2026/08/05 16:18:56.596, 21096, 100
2026/08/05 16:18:57.596, 21096, 100
2026/08/05 16:18:58.597, 21096, 100
2026/08/05 16:18:59.597, 21096, 100
2026/08/05 16:19:00.597, 21096, 84
2026/08/05 16:19:01.597, 21096, 100
2026/08/05 16:19:02.597, 21096, 100
2026/08/05 16:19:03.598, 21096, 100
2026/08/05 16:19:04.598, 21096, 100
2026/08/05 16:19:05.598, 21096, 100
2026/08/05 16:19:06.598, 21096, 100
2026/08/05 16:19:07.599, 21096, 100
2026/08/05 16:19:08.599, 21096, 57
2026/08/05 16:19:09.599, 21096, 100
2026/08/05 16:19:10.599, 21096, 100
2026/08/05 16:19:11.600, 21096, 84
2026/08/05 16:19:12.600, 21096, 100
2026/08/05 16:19:13.600, 21096, 100
2026/08/05 16:19:14.600, 21096, 100
2026/08/05 16:19:15.600, 21096, 100
2026/08/05 16:19:16.601, 21096, 100
2026/08/05 16:19:17.601, 21096, 100
2026/08/05 16:19:18.601, 21096, 100
2026/08/05 16:19:19.601, 21096, 100
2026/08/05 16:19:20.601, 21096, 100
2026/08/05 16:19:21.602, 21096, 84
2026/08/05 16:19:22.602, 21096, 100
2026/08/05 16:19:23.602, 21096, 100
2026/08/05 16:19:24.602, 21096, 100
2026/08/05 16:19:25.603, 21096, 82
2026/08/05 16:19:26.603, 21096, 100
2026/08/05 16:19:27.603, 21096, 100
2026/08/05 16:19:28.604, 21096, 100
2026/08/05 16:19:29.604, 21096, 100
2026/08/05 16:19:30.604, 21096, 100
2026/08/05 16:19:31.604, 21096, 100
2026/08/05 16:19:32.604, 21096, 100
2026/08/05 16:19:33.605, 21096, 100
2026/08/05 16:19:34.605, 21096, 100
2026/08/05 16:19:35.605, 21096, 100
2026/08/05 16:19:36.605, 21096, 100
2026/08/05 16:19:37.605, 21096, 100
2026/08/05 16:19:38.606, 21096, 100
2026/08/05 16:19:39.606, 21096, 100
2026/08/05 16:19:40.606, 21096, 84
2026/08/05 16:19:41.606, 21096, 100
2026/08/05 16:19:42.607, 21096, 100
2026/08/05 16:19:43.607, 21096, 100
2026/08/05 16:19:44.607, 21096, 100
2026/08/05 16:19:45.607, 21096, 100
2026/08/05 16:19:46.607, 21096, 100
2026/08/05 16:19:47.608, 21096, 98
2026/08/05 16:19:48.608, 21096, 100
2026/08/05 16:19:49.608, 21096, 100
2026/08/05 16:19:50.608, 21096, 100
2026/08/05 16:19:51.609, 21096, 100
2026/08/05 16:19:52.609, 21096, 82
2026/08/05 16:19:53.609, 21096, 83
2026/08/05 16:19:54.609, 21096, 100
2026/08/05 16:19:55.610, 21096, 100
2026/08/05 16:19:56.610, 21096, 100
2026/08/05 16:19:57.610, 21096, 83
2026/08/05 16:19:58.610, 21096, 100
2026/08/05 16:19:59.611, 21096, 100
2026/08/05 16:20:00.611, 21096, 100
2026/08/05 16:20:01.611, 21096, 83
2026/08/05 16:20:02.611, 21096, 100
2026/08/05 16:20:03.612, 21096, 100
2026/08/05 16:20:04.612, 21096, 100
2026/08/05 16:20:05.612, 21096, 100
2026/08/05 16:20:06.613, 21096, 73
2026/08/05 16:20:07.613, 21096, 100
2026/08/05 16:20:08.613, 21096, 100
2026/08/05 16:20:09.614, 21096, 100
2026/08/05 16:20:10.614, 21096, 100
2026/08/05 16:20:11.614, 21096, 100
2026/08/05 16:20:12.614, 21096, 100
2026/08/05 16:20:13.615, 21096, 84
2026/08/05 16:20:14.615, 21096, 100
2026/08/05 16:20:15.615, 21096, 100
2026/08/05 16:20:16.615, 21096, 84
2026/08/05 16:20:17.616, 21096, 100
2026/08/05 16:20:18.616, 21096, 100
2026/08/05 16:20:19.616, 21096, 100
2026/08/05 16:20:20.616, 21096, 100
2026/08/05 16:20:21.617, 21096, 100
2026/08/05 16:20:22.617, 21096, 100
2026/08/05 16:20:23.617, 21096, 100
2026/08/05 16:20:24.617, 21096, 100
2026/08/05 16:20:25.618, 21096, 100
2026/08/05 16:20:26.618, 21096, 83
2026/08/05 16:20:27.618, 21096, 100
2026/08/05 16:20:28.618, 21096, 100
2026/08/05 16:20:29.619, 21096, 100
2026/08/05 16:20:30.619, 21096, 100
2026/08/05 16:20:31.619, 21096, 100
2026/08/05 16:20:32.619, 21096, 100
2026/08/05 16:20:33.620, 21096, 89
2026/08/05 16:20:34.620, 21096, 100
2026/08/05 16:20:35.620, 21096, 100
2026/08/05 16:20:36.620, 21096, 100
2026/08/05 16:20:37.621, 21096, 100
2026/08/05 16:20:38.621, 21096, 100
2026/08/05 16:20:39.621, 21096, 86
2026/08/05 16:20:40.621, 21096, 100
2026/08/05 16:20:41.622, 21096, 74
2026/08/05 16:20:42.622, 21096, 100
2026/08/05 16:20:43.622, 21096, 100
2026/08/05 16:20:44.622, 21096, 100
2026/08/05 16:20:45.623, 21096, 100
2026/08/05 16:20:46.623, 21096, 100
2026/08/05 16:20:47.646, 21096, 100
2026/08/05 16:20:48.679, 21096, 100
2026/08/05 16:20:49.707, 21096, 100
2026/08/05 16:20:50.732, 21096, 100
2026/08/05 16:20:51.754, 21096, 84
2026/08/05 16:20:52.774, 21096, 100
2026/08/05 16:20:53.792, 21096, 100
2026/08/05 16:20:54.807, 21096, 100
2026/08/05 16:20:55.820, 21096, 100
2026/08/05 16:20:56.832, 21096, 100
2026/08/05 16:20:57.842, 21096, 100
2026/08/05 16:20:58.851, 21096, 84
2026/08/05 16:20:59.860, 21096, 100
2026/08/05 16:21:00.868, 21096, 100
2026/08/05 16:21:01.874, 21096, 98
2026/08/05 16:21:02.880, 21096, 100
2026/08/05 16:21:03.885, 21096, 100
2026/08/05 16:21:04.890, 21096, 99
2026/08/05 16:21:05.894, 21096, 100
2026/08/05 16:21:06.898, 21096, 77
2026/08/05 16:21:07.901, 21096, 100
2026/08/05 16:21:08.904, 21096, 100
2026/08/05 16:21:09.908, 21096, 100
2026/08/05 16:21:10.910, 21096, 100
2026/08/05 16:21:11.913, 21096, 100
2026/08/05 16:21:12.915, 21096, 100
2026/08/05 16:21:13.918, 21096, 100
2026/08/05 16:21:14.920, 21096, 100
2026/08/05 16:21:15.922, 21096, 100
2026/08/05 16:21:16.925, 21096, 100
2026/08/05 16:21:17.926, 21096, 100
2026/08/05 16:21:18.928, 21096, 100
2026/08/05 16:21:19.930, 21096, 85
2026/08/05 16:21:20.932, 21096, 100
2026/08/05 16:21:21.934, 21096, 100
2026/08/05 16:21:22.936, 21096, 100
2026/08/05 16:21:23.938, 21096, 100
2026/08/05 16:21:24.941, 21096, 100
2026/08/05 16:21:25.943, 21096, 85
2026/08/05 16:21:26.945, 21096, 100
2026/08/05 16:21:27.947, 21096, 100
2026/08/05 16:21:28.949, 21096, 100
2026/08/05 16:21:29.950, 21096, 100
2026/08/05 16:21:30.952, 21096, 100
2026/08/05 16:21:31.954, 21096, 100
2026/08/05 16:21:32.956, 21096, 100
2026/08/05 16:21:33.957, 21096, 100
2026/08/05 16:21:34.959, 21096, 100
2026/08/05 16:21:35.961, 21096, 100
2026/08/05 16:21:36.962, 21096, 100
2026/08/05 16:21:37.963, 21096, 100
2026/08/05 16:21:38.964, 21096, 100
2026/08/05 16:21:39.966, 21096, 100
2026/08/05 16:21:40.967, 21096, 64
2026/08/05 16:21:41.969, 21096, 100
2026/08/05 16:21:42.971, 21096, 66
2026/08/05 16:21:43.972, 21096, 96
2026/08/05 16:21:44.974, 21096, 77
2026/08/05 16:21:45.975, 21096, 100
2026/08/05 16:21:46.976, 21096, 100
2026/08/05 16:21:47.977, 21096, 100
2026/08/05 16:21:48.978, 21096, 100
2026/08/05 16:21:49.980, 21096, 100
2026/08/05 16:21:50.981, 21096, 100
2026/08/05 16:21:51.983, 21096, 85
2026/08/05 16:21:52.984, 21096, 100
2026/08/05 16:21:53.985, 21096, 84
2026/08/05 16:21:54.987, 21096, 86
2026/08/05 16:21:55.989, 21096, 100
2026/08/05 16:21:56.990, 21096, 100
2026/08/05 16:21:57.991, 21096, 100
2026/08/05 16:21:58.992, 21096, 100
2026/08/05 16:21:59.994, 21096, 100
2026/08/05 16:22:00.995, 21096, 88
2026/08/05 16:22:01.997, 21096, 100
2026/08/05 16:22:02.998, 21096, 100
2026/08/05 16:22:04.000, 21096, 100
2026/08/05 16:22:05.001, 21096, 100
2026/08/05 16:22:06.002, 21096, 100
2026/08/05 16:22:07.003, 21096, 100
2026/08/05 16:22:08.004, 21096, 100
2026/08/05 16:22:09.006, 21096, 100
2026/08/05 16:22:10.007, 21096, 100
2026/08/05 16:22:11.009, 21096, 100
2026/08/05 16:22:12.010, 21096, 100
2026/08/05 16:22:13.011, 21096, 100
2026/08/05 16:22:14.012, 21096, 100
2026/08/05 16:22:15.014, 21096, 100
2026/08/05 16:22:16.015, 21096, 100
2026/08/05 16:22:17.016, 21096, 100
2026/08/05 16:22:18.017, 21096, 70
2026/08/05 16:22:19.019, 21096, 100
2026/08/05 16:22:20.020, 21096, 100
2026/08/05 16:22:21.021, 21096, 100
2026/08/05 16:22:22.023, 21096, 100
2026/08/05 16:22:23.024, 21096, 100
2026/08/05 16:22:24.025, 21096, 100
2026/08/05 16:22:25.026, 21096, 100
2026/08/05 16:22:26.026, 21096, 100
2026/08/05 16:22:27.026, 21096, 100
2026/08/05 16:22:28.026, 21096, 100
2026/08/05 16:22:29.027, 21096, 100
2026/08/05 16:22:30.027, 21096, 100
2026/08/05 16:22:31.027, 21096, 100
2026/08/05 16:22:32.027, 21096, 100
2026/08/05 16:22:33.028, 21096, 100
2026/08/05 16:22:34.028, 21096, 100
2026/08/05 16:22:35.028, 21096, 100
2026/08/05 16:22:36.028, 21096, 100
2026/08/05 16:22:37.029, 21096, 100
2026/08/05 16:22:38.029, 21096, 100
2026/08/05 16:22:39.029, 21096, 100
2026/08/05 16:22:40.030, 21096, 100
2026/08/05 16:22:41.030, 21096, 100
2026/08/05 16:22:42.030, 21096, 84
2026/08/05 16:22:43.030, 21096, 100
2026/08/05 16:22:44.031, 21096, 100
2026/08/05 16:22:45.031, 21096, 100
2026/08/05 16:22:46.031, 21096, 100
2026/08/05 16:22:47.032, 21096, 100
2026/08/05 16:22:48.032, 21096, 100
2026/08/05 16:22:49.032, 21096, 100
2026/08/05 16:22:50.033, 21096, 100
2026/08/05 16:22:51.033, 21096, 100
2026/08/05 16:22:52.033, 21096, 100
2026/08/05 16:22:53.034, 21096, 100
2026/08/05 16:22:54.034, 21096, 100
2026/08/05 16:22:55.034, 21096, 100
2026/08/05 16:22:56.035, 21096, 100
2026/08/05 16:22:57.035, 21096, 100
2026/08/05 16:22:58.035, 21096, 82
2026/08/05 16:22:59.036, 21096, 84
2026/08/05 16:23:00.036, 21096, 100
2026/08/05 16:23:01.036, 21096, 100
2026/08/05 16:23:02.036, 21096, 83
2026/08/05 16:23:03.037, 21096, 100
2026/08/05 16:23:04.037, 21096, 100
2026/08/05 16:23:05.037, 21096, 100
2026/08/05 16:23:06.038, 21096, 100
2026/08/05 16:23:07.038, 21096, 100
2026/08/05 16:23:08.038, 21096, 100
2026/08/05 16:23:09.038, 21096, 83
2026/08/05 16:23:10.039, 21096, 100
2026/08/05 16:23:11.039, 21096, 100
2026/08/05 16:23:12.039, 21096, 100
2026/08/05 16:23:13.040, 21096, 100
2026/08/05 16:23:14.040, 21096, 100
2026/08/05 16:23:15.040, 21096, 100
2026/08/05 16:23:16.040, 21096, 100
2026/08/05 16:23:17.040, 21096, 100
2026/08/05 16:23:18.041, 21096, 100
2026/08/05 16:23:19.041, 21096, 100
2026/08/05 16:23:20.041, 21096, 100
2026/08/05 16:23:21.042, 21096, 94
2026/08/05 16:23:22.042, 21096, 100
2026/08/05 16:23:23.042, 21096, 85
2026/08/05 16:23:24.043, 21096, 100
2026/08/05 16:23:25.043, 21096, 60
2026/08/05 16:23:26.043, 21096, 83
2026/08/05 16:23:27.044, 21096, 100
2026/08/05 16:23:28.044, 21096, 100
2026/08/05 16:23:29.044, 21096, 93
2026/08/05 16:23:30.051, 21096, 100
2026/08/05 16:23:31.058, 21096, 100
2026/08/05 16:23:32.064, 21096, 63
2026/08/05 16:23:33.071, 21096, 100
2026/08/05 16:23:34.077, 21096, 83
2026/08/05 16:23:35.082, 21096, 100
2026/08/05 16:23:36.087, 21096, 100
2026/08/05 16:23:37.092, 21096, 100
2026/08/05 16:23:38.096, 21096, 83
2026/08/05 16:23:39.101, 21096, 79
2026/08/05 16:23:40.105, 21096, 100
2026/08/05 16:23:41.109, 21096, 100
2026/08/05 16:23:42.112, 21096, 89
2026/08/05 16:23:43.116, 21096, 100
2026/08/05 16:23:44.120, 21096, 100
2026/08/05 16:23:45.123, 21096, 100
2026/08/05 16:23:46.126, 21096, 100
2026/08/05 16:23:47.128, 21096, 100
2026/08/05 16:23:48.131, 21096, 100
2026/08/05 16:23:49.134, 21096, 82
2026/08/05 16:23:50.137, 21096, 87
2026/08/05 16:23:51.139, 21096, 100
2026/08/05 16:23:52.142, 21096, 100
2026/08/05 16:23:53.144, 21096, 100
2026/08/05 16:23:54.146, 21096, 100
2026/08/05 16:23:55.149, 21096, 100
2026/08/05 16:23:56.151, 21096, 100
2026/08/05 16:23:57.154, 21096, 100
2026/08/05 16:23:58.156, 21096, 100
2026/08/05 16:23:59.158, 21096, 100
2026/08/05 16:24:00.161, 21096, 100
2026/08/05 16:24:01.162, 21096, 83
2026/08/05 16:24:02.164, 21096, 85
2026/08/05 16:24:03.165, 21096, 100
2026/08/05 16:24:04.167, 21096, 100
2026/08/05 16:24:05.168, 21096, 100
2026/08/05 16:24:06.169, 21096, 85
2026/08/05 16:24:07.171, 21096, 100
2026/08/05 16:24:08.172, 21096, 100
2026/08/05 16:24:09.174, 21096, 87
2026/08/05 16:24:10.175, 21096, 100
2026/08/05 16:24:11.177, 21096, 100
2026/08/05 16:24:12.178, 21096, 100
2026/08/05 16:24:13.179, 21096, 92
2026/08/05 16:24:14.181, 21096, 87
2026/08/05 16:24:15.183, 21096, 100
2026/08/05 16:24:16.184, 21096, 100
2026/08/05 16:24:17.185, 21096, 100
2026/08/05 16:24:18.187, 21096, 100
2026/08/05 16:24:19.188, 21096, 100
2026/08/05 16:24:20.189, 21096, 100
2026/08/05 16:24:21.191, 21096, 84
2026/08/05 16:24:22.192, 21096, 62
2026/08/05 16:24:23.193, 21096, 100
2026/08/05 16:24:24.195, 21096, 100
2026/08/05 16:24:25.196, 21096, 100
2026/08/05 16:24:26.198, 21096, 100
2026/08/05 16:24:27.199, 21096, 100
2026/08/05 16:24:28.200, 21096, 100
2026/08/05 16:24:29.202, 21096, 83
2026/08/05 16:24:30.203, 21096, 100
2026/08/05 16:24:31.205, 21096, 100
2026/08/05 16:24:32.206, 21096, 100
2026/08/05 16:24:33.207, 21096, 100
2026/08/05 16:24:34.208, 21096, 100
2026/08/05 16:24:35.208, 21096, 100
2026/08/05 16:24:36.208, 21096, 100
2026/08/05 16:24:37.209, 21096, 84
2026/08/05 16:24:38.209, 21096, 82
2026/08/05 16:24:39.209, 21096, 100
2026/08/05 16:24:40.209, 21096, 100
2026/08/05 16:24:41.210, 21096, 100
2026/08/05 16:24:42.210, 21096, 100
2026/08/05 16:24:43.210, 21096, 100
2026/08/05 16:24:44.211, 21096, 100
2026/08/05 16:24:45.211, 21096, 100
2026/08/05 16:24:46.211, 21096, 100
2026/08/05 16:24:47.212, 21096, 100
2026/08/05 16:24:48.212, 21096, 100
2026/08/05 16:24:49.212, 21096, 100
2026/08/05 16:24:50.213, 21096, 100
2026/08/05 16:24:51.213, 21096, 83
2026/08/05 16:24:52.213, 21096, 100
2026/08/05 16:24:53.214, 21096, 100
2026/08/05 16:24:54.214, 21096, 100
2026/08/05 16:24:55.214, 21096, 100
2026/08/05 16:24:56.214, 21096, 100
2026/08/05 16:24:57.215, 21096, 100
2026/08/05 16:24:58.215, 21096, 100
2026/08/05 16:24:59.216, 21096, 100
2026/08/05 16:25:00.216, 21096, 100
2026/08/05 16:25:01.216, 21096, 81
2026/08/05 16:25:02.217, 21096, 65
2026/08/05 16:25:03.217, 21096, 86
2026/08/05 16:25:04.217, 21096, 100
2026/08/05 16:25:05.218, 21096, 100
2026/08/05 16:25:06.221, 21096, 100
2026/08/05 16:25:07.236, 21096, 100
2026/08/05 16:25:08.250, 21096, 100
2026/08/05 16:25:09.262, 21096, 100
2026/08/05 16:25:10.272, 21096, 100
2026/08/05 16:25:11.281, 21096, 79
2026/08/05 16:25:12.290, 21096, 100
2026/08/05 16:25:13.297, 21096, 100
2026/08/05 16:25:14.304, 21096, 100
2026/08/05 16:25:15.311, 21096, 100
2026/08/05 16:25:16.316, 21096, 100
2026/08/05 16:25:17.321, 21096, 100
2026/08/05 16:25:18.325, 21096, 100
2026/08/05 16:25:19.329, 21096, 100
2026/08/05 16:25:20.333, 21096, 100
2026/08/05 16:25:21.337, 21096, 100
2026/08/05 16:25:22.340, 21096, 100
2026/08/05 16:25:23.344, 21096, 100
2026/08/05 16:25:24.346, 21096, 100
2026/08/05 16:25:25.349, 21096, 60
2026/08/05 16:25:26.351, 21096, 97
2026/08/05 16:25:27.354, 21096, 100
2026/08/05 16:25:28.356, 21096, 100
2026/08/05 16:25:29.358, 21096, 83
2026/08/05 16:25:30.361, 21096, 100
2026/08/05 16:25:31.362, 21096, 100
2026/08/05 16:25:32.363, 21096, 100
2026/08/05 16:25:33.365, 21096, 100
2026/08/05 16:25:34.366, 21096, 100
2026/08/05 16:25:35.368, 21096, 90
2026/08/05 16:25:36.369, 21096, 100
2026/08/05 16:25:37.371, 21096, 100
2026/08/05 16:25:38.372, 21096, 100
2026/08/05 16:25:39.373, 21096, 100
2026/08/05 16:25:40.373, 21096, 100
2026/08/05 16:25:41.373, 21096, 100
2026/08/05 16:25:42.373, 21096, 58
2026/08/05 16:25:43.374, 21096, 78
2026/08/05 16:25:44.374, 21096, 100
2026/08/05 16:25:45.374, 21096, 100
2026/08/05 16:25:46.375, 21096, 100
2026/08/05 16:25:47.375, 21096, 100
2026/08/05 16:25:48.375, 21096, 100
2026/08/05 16:25:49.376, 21096, 100
2026/08/05 16:25:50.376, 21096, 100
2026/08/05 16:25:51.376, 21096, 100
2026/08/05 16:25:52.376, 21096, 100
2026/08/05 16:25:53.377, 21096, 100
2026/08/05 16:25:54.377, 21096, 90
2026/08/05 16:25:55.377, 21096, 100
2026/08/05 16:25:56.378, 21096, 100
2026/08/05 16:25:57.378, 21096, 84
2026/08/05 16:25:58.378, 21096, 100
2026/08/05 16:25:59.379, 21096, 100
2026/08/05 16:26:00.379, 21096, 100
2026/08/05 16:26:01.379, 21096, 100
2026/08/05 16:26:02.380, 21096, 100
2026/08/05 16:26:03.380, 21096, 100
2026/08/05 16:26:04.380, 21096, 100
2026/08/05 16:26:05.381, 21096, 84
2026/08/05 16:26:06.381, 21096, 93
2026/08/05 16:26:07.381, 21096, 100
2026/08/05 16:26:08.383, 21096, 89
2026/08/05 16:26:09.383, 21096, 86
2026/08/05 16:26:10.383, 21096, 87
2026/08/05 16:26:11.385, 21096, 100
2026/08/05 16:26:12.386, 21096, 100
2026/08/05 16:26:13.388, 21096, 100
2026/08/05 16:26:14.389, 21096, 100
2026/08/05 16:26:15.390, 21096, 100
2026/08/05 16:26:16.392, 21096, 100
2026/08/05 16:26:17.393, 21096, 100
2026/08/05 16:26:18.395, 21096, 100
2026/08/05 16:26:19.396, 21096, 80
2026/08/05 16:26:20.397, 21096, 100
2026/08/05 16:26:21.399, 21096, 100
2026/08/05 16:26:22.400, 21096, 100
2026/08/05 16:26:23.402, 21096, 100
2026/08/05 16:26:24.403, 21096, 100
2026/08/05 16:26:25.405, 21096, 84
2026/08/05 16:26:26.406, 21096, 100
2026/08/05 16:26:27.407, 21096, 100
2026/08/05 16:26:28.409, 21096, 100
2026/08/05 16:26:29.410, 21096, 64
2026/08/05 16:26:30.412, 21096, 81
2026/08/05 16:26:31.413, 21096, 100
2026/08/05 16:26:32.414, 21096, 100
2026/08/05 16:26:33.415, 21096, 100
2026/08/05 16:26:34.416, 21096, 100
2026/08/05 16:26:35.416, 21096, 100
2026/08/05 16:26:36.418, 21096, 100
2026/08/05 16:26:37.419, 21096, 100
2026/08/05 16:26:38.420, 21096, 100
2026/08/05 16:26:39.422, 21096, 100
2026/08/05 16:26:40.423, 21096, 100
2026/08/05 16:26:41.424, 21096, 100
2026/08/05 16:26:42.426, 21096, 100
2026/08/05 16:26:43.426, 21096, 100
2026/08/05 16:26:44.426, 21096, 100
2026/08/05 16:26:45.427, 21096, 100
2026/08/05 16:26:46.427, 21096, 100
2026/08/05 16:26:47.427, 21096, 83
2026/08/05 16:26:48.428, 21096, 100
2026/08/05 16:26:49.428, 21096, 100
2026/08/05 16:26:50.428, 21096, 100
2026/08/05 16:26:51.428, 21096, 84
2026/08/05 16:26:52.429, 21096, 100
2026/08/05 16:26:53.429, 21096, 100
2026/08/05 16:26:54.429, 21096, 100
2026/08/05 16:26:55.430, 21096, 100
2026/08/05 16:26:56.430, 21096, 100
2026/08/05 16:26:57.430, 21096, 100
2026/08/05 16:26:58.431, 21096, 100
2026/08/05 16:26:59.431, 21096, 65
2026/08/05 16:27:00.431, 21096, 100
2026/08/05 16:27:01.432, 21096, 100
2026/08/05 16:27:02.432, 21096, 100
2026/08/05 16:27:03.432, 21096, 100
2026/08/05 16:27:04.432, 21096, 83
2026/08/05 16:27:05.433, 21096, 100
2026/08/05 16:27:06.433, 21096, 100
2026/08/05 16:27:07.433, 21096, 100
2026/08/05 16:27:08.433, 21096, 100
2026/08/05 16:27:09.434, 21096, 100
2026/08/05 16:27:10.434, 21096, 100
2026/08/05 16:27:11.434, 21096, 100
2026/08/05 16:27:12.435, 21096, 100
2026/08/05 16:27:13.435, 21096, 100
2026/08/05 16:27:14.435, 21096, 100
2026/08/05 16:27:15.436, 21096, 65
2026/08/05 16:27:16.436, 21096, 83
2026/08/05 16:27:17.436, 21096, 100
2026/08/05 16:27:18.437, 21096, 100
2026/08/05 16:27:19.437, 21096, 100
2026/08/05 16:27:20.437, 21096, 100
2026/08/05 16:27:21.438, 21096, 100
2026/08/05 16:27:22.438, 21096, 100
2026/08/05 16:27:23.438, 21096, 100
2026/08/05 16:27:24.439, 21096, 100
2026/08/05 16:27:25.439, 21096, 100
2026/08/05 16:27:26.439, 21096, 85
2026/08/05 16:27:27.440, 21096, 84
2026/08/05 16:27:28.440, 21096, 100
2026/08/05 16:27:29.440, 21096, 100
2026/08/05 16:27:30.440, 21096, 100
2026/08/05 16:27:31.441, 21096, 100
2026/08/05 16:27:32.441, 21096, 100
2026/08/05 16:27:33.441, 21096, 100
2026/08/05 16:27:34.442, 21096, 100
2026/08/05 16:27:35.442, 21096, 100
2026/08/05 16:27:36.442, 21096, 100
2026/08/05 16:27:37.443, 21096, 100
2026/08/05 16:27:38.443, 21096, 100
2026/08/05 16:27:39.443, 21096, 100
2026/08/05 16:27:40.444, 21096, 100
2026/08/05 16:27:41.444, 21096, 84
2026/08/05 16:27:42.444, 21096, 100
2026/08/05 16:27:43.445, 21096, 100
2026/08/05 16:27:44.445, 21096, 100
2026/08/05 16:27:45.445, 21096, 100
2026/08/05 16:27:46.445, 21096, 100
2026/08/05 16:27:47.446, 21096, 100
2026/08/05 16:27:48.446, 21096, 100
2026/08/05 16:27:49.446, 21096, 100
2026/08/05 16:27:50.447, 21096, 85
2026/08/05 16:27:51.447, 21096, 100
2026/08/05 16:27:52.447, 21096, 93
2026/08/05 16:27:53.448, 21096, 100
2026/08/05 16:27:54.448, 21096, 100
2026/08/05 16:27:55.448, 21096, 100
2026/08/05 16:27:56.449, 21096, 100
2026/08/05 16:27:57.449, 21096, 65
2026/08/05 16:27:58.449, 21096, 82
2026/08/05 16:27:59.449, 21096, 100
2026/08/05 16:28:00.450, 21096, 100
2026/08/05 16:28:01.450, 21096, 100
2026/08/05 16:28:02.450, 21096, 98
2026/08/05 16:28:03.451, 21096, 100
2026/08/05 16:28:04.451, 21096, 100
2026/08/05 16:28:05.451, 21096, 81
2026/08/05 16:28:06.451, 21096, 100
2026/08/05 16:28:07.452, 21096, 100
2026/08/05 16:28:08.452, 21096, 100
2026/08/05 16:28:09.452, 21096, 89
2026/08/05 16:28:10.452, 21096, 100
2026/08/05 16:28:11.453, 21096, 100
2026/08/05 16:28:12.453, 21096, 100
2026/08/05 16:28:13.453, 21096, 62
2026/08/05 16:28:14.453, 21096, 100
2026/08/05 16:28:15.453, 21096, 63
2026/08/05 16:28:16.454, 21096, 100
2026/08/05 16:28:17.454, 21096, 100
2026/08/05 16:28:18.454, 21096, 100
2026/08/05 16:28:19.454, 21096, 100
2026/08/05 16:28:20.454, 21096, 100
2026/08/05 16:28:21.455, 21096, 100
2026/08/05 16:28:22.455, 21096, 100
2026/08/05 16:28:23.455, 21096, 100
2026/08/05 16:28:24.455, 21096, 86
2026/08/05 16:28:25.456, 21096, 100
2026/08/05 16:28:26.456, 21096, 100
2026/08/05 16:28:27.456, 21096, 100
2026/08/05 16:28:28.457, 21096, 100
2026/08/05 16:28:29.457, 21096, 100
2026/08/05 16:28:30.457, 21096, 68
2026/08/05 16:28:31.457, 21096, 100
2026/08/05 16:28:32.458, 21096, 100
2026/08/05 16:28:33.458, 21096, 100
2026/08/05 16:28:34.458, 21096, 100
2026/08/05 16:28:35.458, 21096, 100
2026/08/05 16:28:36.459, 21096, 100
2026/08/05 16:28:37.459, 21096, 100
2026/08/05 16:28:38.459, 21096, 93
2026/08/05 16:28:39.459, 21096, 89
2026/08/05 16:28:40.460, 21096, 100
2026/08/05 16:28:41.460, 21096, 100
2026/08/05 16:28:42.460, 21096, 100
2026/08/05 16:28:43.461, 21096, 100
2026/08/05 16:28:44.461, 21096, 100
2026/08/05 16:28:45.461, 21096, 100
2026/08/05 16:28:46.461, 21096, 100
2026/08/05 16:28:47.462, 21096, 100
2026/08/05 16:28:48.462, 21096, 100
2026/08/05 16:28:49.462, 21096, 100
2026/08/05 16:28:50.462, 21096, 100
2026/08/05 16:28:51.463, 21096, 100
2026/08/05 16:28:52.463, 21096, 100
2026/08/05 16:28:53.463, 21096, 100
2026/08/05 16:28:54.463, 21096, 100
2026/08/05 16:28:55.464, 21096, 100
2026/08/05 16:28:56.464, 21096, 96
2026/08/05 16:28:57.464, 21096, 100
2026/08/05 16:28:58.465, 21096, 81
2026/08/05 16:28:59.465, 21096, 100
2026/08/05 16:29:00.465, 21096, 100
2026/08/05 16:29:01.465, 21096, 100
2026/08/05 16:29:02.465, 21096, 100
2026/08/05 16:29:03.466, 21096, 83
2026/08/05 16:29:04.466, 21096, 100
2026/08/05 16:29:05.466, 21096, 100
2026/08/05 16:29:06.466, 21096, 100
2026/08/05 16:29:07.467, 21096, 100
2026/08/05 16:29:08.467, 21096, 100
2026/08/05 16:29:09.468, 21096, 100
2026/08/05 16:29:10.468, 21096, 82
2026/08/05 16:29:11.468, 21096, 100
2026/08/05 16:29:12.468, 21096, 100
2026/08/05 16:29:13.468, 21096, 100
2026/08/05 16:29:14.469, 21096, 100
2026/08/05 16:29:15.469, 21096, 100
2026/08/05 16:29:16.469, 21096, 100
2026/08/05 16:29:17.469, 21096, 100
2026/08/05 16:29:18.470, 21096, 100
2026/08/05 16:29:19.470, 21096, 100
2026/08/05 16:29:20.470, 21096, 100
2026/08/05 16:29:21.471, 21096, 100
2026/08/05 16:29:22.471, 21096, 84
2026/08/05 16:29:23.471, 21096, 100
2026/08/05 16:29:24.471, 21096, 100
2026/08/05 16:29:25.472, 21096, 100
2026/08/05 16:29:26.472, 21096, 100
2026/08/05 16:29:27.472, 21096, 100
2026/08/05 16:29:28.472, 21096, 100
2026/08/05 16:29:29.472, 21096, 100
2026/08/05 16:29:30.473, 21096, 100
2026/08/05 16:29:31.473, 21096, 100
2026/08/05 16:29:32.473, 21096, 100
2026/08/05 16:29:33.474, 21096, 100
2026/08/05 16:29:34.474, 21096, 100
2026/08/05 16:29:35.474, 21096, 100
2026/08/05 16:29:36.474, 21096, 100
2026/08/05 16:29:37.475, 21096, 100
2026/08/05 16:29:38.475, 21096, 83
2026/08/05 16:29:39.475, 21096, 100
2026/08/05 16:29:40.476, 21096, 82
2026/08/05 16:29:41.476, 21096, 100
2026/08/05 16:29:42.476, 21096, 100
2026/08/05 16:29:43.477, 21096, 100
2026/08/05 16:29:44.477, 21096, 100
2026/08/05 16:29:45.477, 21096, 100
2026/08/05 16:29:46.477, 21096, 100
2026/08/05 16:29:47.478, 21096, 100
2026/08/05 16:29:48.478, 21096, 100
2026/08/05 16:29:49.478, 21096, 85
2026/08/05 16:29:50.478, 21096, 100
2026/08/05 16:29:51.478, 21096, 100
2026/08/05 16:29:52.479, 21096, 100
2026/08/05 16:29:53.479, 21096, 100
2026/08/05 16:29:54.479, 21096, 100
2026/08/05 16:29:55.479, 21096, 82
2026/08/05 16:29:56.479, 21096, 100
2026/08/05 16:29:57.480, 21096, 100
2026/08/05 16:29:58.480, 21096, 83
2026/08/05 16:29:59.481, 21096, 100
2026/08/05 16:30:00.481, 21096, 100
2026/08/05 16:30:01.481, 21096, 100
2026/08/05 16:30:02.481, 21096, 100
2026/08/05 16:30:03.481, 21096, 60
2026/08/05 16:30:04.482, 21096, 100
2026/08/05 16:30:05.482, 21096, 100
2026/08/05 16:30:06.482, 21096, 100
2026/08/05 16:30:07.482, 21096, 100
2026/08/05 16:30:08.483, 21096, 100
2026/08/05 16:30:09.483, 21096, 100
2026/08/05 16:30:10.483, 21096, 100
2026/08/05 16:30:11.483, 21096, 100
2026/08/05 16:30:12.484, 21096, 100
2026/08/05 16:30:13.484, 21096, 100
2026/08/05 16:30:14.484, 21096, 100
2026/08/05 16:30:15.484, 21096, 100
2026/08/05 16:30:16.485, 21096, 100
2026/08/05 16:30:17.485, 21096, 59
2026/08/05 16:30:18.485, 21096, 100
2026/08/05 16:30:19.485, 21096, 100
2026/08/05 16:30:20.486, 21096, 100
2026/08/05 16:30:21.486, 21096, 98
2026/08/05 16:30:22.486, 21096, 100
2026/08/05 16:30:23.487, 21096, 100
2026/08/05 16:30:24.487, 21096, 100
2026/08/05 16:30:25.487, 21096, 91
2026/08/05 16:30:26.487, 21096, 100
2026/08/05 16:30:27.488, 21096, 82
2026/08/05 16:30:28.488, 21096, 100
2026/08/05 16:30:29.488, 21096, 100
2026/08/05 16:30:30.488, 21096, 100
2026/08/05 16:30:31.489, 21096, 79
2026/08/05 16:30:32.489, 21096, 83
2026/08/05 16:30:33.489, 21096, 100
2026/08/05 16:30:34.489, 21096, 100
2026/08/05 16:30:35.490, 21096, 100
2026/08/05 16:30:36.490, 21096, 100
2026/08/05 16:30:37.490, 21096, 100
2026/08/05 16:30:38.491, 21096, 81
2026/08/05 16:30:39.491, 21096, 94
2026/08/05 16:30:40.491, 21096, 100
2026/08/05 16:30:41.492, 21096, 100
2026/08/05 16:30:42.492, 21096, 100
2026/08/05 16:30:43.492, 21096, 100
2026/08/05 16:30:44.492, 21096, 100
2026/08/05 16:30:45.493, 21096, 100
2026/08/05 16:30:46.493, 21096, 100
2026/08/05 16:30:47.493, 21096, 100
2026/08/05 16:30:48.494, 21096, 100
2026/08/05 16:30:49.494, 21096, 100
2026/08/05 16:30:50.494, 21096, 100
2026/08/05 16:30:51.494, 21096, 92
2026/08/05 16:30:52.495, 21096, 100
2026/08/05 16:30:53.495, 21096, 100
2026/08/05 16:30:54.495, 21096, 100
2026/08/05 16:30:55.495, 21096, 100
2026/08/05 16:30:56.496, 21096, 100
2026/08/05 16:30:57.496, 21096, 100
2026/08/05 16:30:58.496, 21096, 100
2026/08/05 16:30:59.497, 21096, 63
2026/08/05 16:31:00.497, 21096, 100
2026/08/05 16:31:01.509, 21096, 100
2026/08/05 16:31:02.531, 21096, 100
2026/08/05 16:31:03.551, 21096, 100
2026/08/05 16:31:04.568, 21096, 100
2026/08/05 16:31:05.583, 21096, 100
2026/08/05 16:31:06.597, 21096, 60
2026/08/05 16:31:07.608, 21096, 100
2026/08/05 16:31:08.618, 21096, 100
2026/08/05 16:31:09.628, 21096, 100
2026/08/05 16:31:10.640, 21096, 100
2026/08/05 16:31:11.647, 21096, 100
2026/08/05 16:31:12.653, 21096, 100
2026/08/05 16:31:13.659, 21096, 100
2026/08/05 16:31:14.664, 21096, 100
2026/08/05 16:31:15.670, 21096, 100
2026/08/05 16:31:16.674, 21096, 100
2026/08/05 16:31:17.678, 21096, 100
2026/08/05 16:31:18.682, 21096, 100
2026/08/05 16:31:19.685, 21096, 100
2026/08/05 16:31:20.689, 21096, 100
2026/08/05 16:31:21.691, 21096, 100
2026/08/05 16:31:22.694, 21096, 100
2026/08/05 16:31:23.696, 21096, 100
2026/08/05 16:31:24.698, 21096, 100
2026/08/05 16:31:25.701, 21096, 100
2026/08/05 16:31:26.703, 21096, 81
2026/08/05 16:31:27.706, 21096, 100
2026/08/05 16:31:28.708, 21096, 100
2026/08/05 16:31:29.710, 21096, 100
2026/08/05 16:31:30.711, 21096, 98
2026/08/05 16:31:31.713, 21096, 100
2026/08/05 16:31:32.714, 21096, 100
2026/08/05 16:31:33.715, 21096, 100
2026/08/05 16:31:34.717, 21096, 100
2026/08/05 16:31:35.720, 21096, 100
2026/08/05 16:31:36.722, 21096, 100
2026/08/05 16:31:37.724, 21096, 100
2026/08/05 16:31:38.727, 21096, 100
2026/08/05 16:31:39.729, 21096, 93
2026/08/05 16:31:40.731, 21096, 100
2026/08/05 16:31:41.734, 21096, 100
2026/08/05 16:31:42.736, 21096, 100
2026/08/05 16:31:43.738, 21096, 100
2026/08/05 16:31:44.741, 21096, 100
2026/08/05 16:31:45.743, 21096, 100
2026/08/05 16:31:46.746, 21096, 100
2026/08/05 16:31:47.748, 21096, 100
2026/08/05 16:31:48.749, 21096, 100
2026/08/05 16:31:49.751, 21096, 100
2026/08/05 16:31:50.753, 21096, 100
2026/08/05 16:31:51.754, 21096, 100
2026/08/05 16:31:52.756, 21096, 100
2026/08/05 16:31:53.757, 21096, 100
2026/08/05 16:31:54.759, 21096, 100
2026/08/05 16:31:55.760, 21096, 100
2026/08/05 16:31:56.762, 21096, 100
2026/08/05 16:31:57.763, 21096, 100
2026/08/05 16:31:58.764, 21096, 100
2026/08/05 16:31:59.766, 21096, 100
2026/08/05 16:32:00.767, 21096, 100
2026/08/05 16:32:01.768, 21096, 100
2026/08/05 16:32:02.770, 21096, 100
2026/08/05 16:32:03.771, 21096, 67
2026/08/05 16:32:04.776, 21096, 84
2026/08/05 16:32:05.778, 21096, 100
2026/08/05 16:32:06.779, 21096, 100
2026/08/05 16:32:07.781, 21096, 62
2026/08/05 16:32:08.782, 21096, 86
2026/08/05 16:32:09.783, 21096, 100
2026/08/05 16:32:10.785, 21096, 100
2026/08/05 16:32:11.786, 21096, 100
2026/08/05 16:32:12.787, 21096, 64
2026/08/05 16:32:13.789, 21096, 82
2026/08/05 16:32:14.790, 21096, 100
2026/08/05 16:32:15.792, 21096, 100
2026/08/05 16:32:16.793, 21096, 100
2026/08/05 16:32:17.794, 21096, 100
2026/08/05 16:32:18.798, 21096, 100
2026/08/05 16:32:19.799, 21096, 68
2026/08/05 16:32:20.801, 21096, 100
2026/08/05 16:32:21.802, 21096, 98
2026/08/05 16:32:22.803, 21096, 100
2026/08/05 16:32:23.805, 21096, 100
2026/08/05 16:32:24.806, 21096, 100
2026/08/05 16:32:25.807, 21096, 100
2026/08/05 16:32:26.809, 21096, 84
2026/08/05 16:32:27.810, 21096, 100
2026/08/05 16:32:28.812, 21096, 100
2026/08/05 16:32:29.814, 21096, 100
2026/08/05 16:32:30.815, 21096, 90
2026/08/05 16:32:31.817, 21096, 100
2026/08/05 16:32:32.818, 21096, 100
2026/08/05 16:32:33.819, 21096, 100
2026/08/05 16:32:34.821, 21096, 83
2026/08/05 16:32:35.822, 21096, 100
2026/08/05 16:32:36.824, 21096, 100
2026/08/05 16:32:37.825, 21096, 100
2026/08/05 16:32:38.827, 21096, 100
2026/08/05 16:32:39.827, 21096, 100
2026/08/05 16:32:40.828, 21096, 100
2026/08/05 16:32:41.829, 21096, 100
2026/08/05 16:32:42.829, 21096, 85
2026/08/05 16:32:43.831, 21096, 100
2026/08/05 16:32:44.832, 21096, 100
2026/08/05 16:32:45.833, 21096, 82
2026/08/05 16:32:46.835, 21096, 85
2026/08/05 16:32:47.836, 21096, 100
2026/08/05 16:32:48.837, 21096, 100
2026/08/05 16:32:49.839, 21096, 100
2026/08/05 16:32:50.840, 21096, 100
2026/08/05 16:32:51.842, 21096, 100
2026/08/05 16:32:52.843, 21096, 94
2026/08/05 16:32:53.846, 21096, 100
2026/08/05 16:32:54.847, 21096, 85
2026/08/05 16:32:55.849, 21096, 100
2026/08/05 16:32:56.850, 21096, 100
2026/08/05 16:32:57.851, 21096, 100
2026/08/05 16:32:58.853, 21096, 100
2026/08/05 16:32:59.854, 21096, 100
2026/08/05 16:33:00.855, 21096, 100
2026/08/05 16:33:01.857, 21096, 100
2026/08/05 16:33:02.858, 21096, 100
2026/08/05 16:33:03.860, 21096, 100
2026/08/05 16:33:04.861, 21096, 100
2026/08/05 16:33:05.862, 21096, 100
2026/08/05 16:33:06.864, 21096, 100
2026/08/05 16:33:07.865, 21096, 100
2026/08/05 16:33:08.866, 21096, 64
2026/08/05 16:33:09.868, 21096, 100
2026/08/05 16:33:10.869, 21096, 100
2026/08/05 16:33:11.870, 21096, 100
2026/08/05 16:33:12.872, 21096, 100
2026/08/05 16:33:13.873, 21096, 100
2026/08/05 16:33:14.874, 21096, 100
2026/08/05 16:33:15.876, 21096, 100
2026/08/05 16:33:16.877, 21096, 100
2026/08/05 16:33:17.879, 21096, 100
2026/08/05 16:33:18.880, 21096, 84
2026/08/05 16:33:19.881, 21096, 100
2026/08/05 16:33:20.883, 21096, 100
2026/08/05 16:33:21.885, 21096, 84
2026/08/05 16:33:22.886, 21096, 84
2026/08/05 16:33:23.888, 21096, 84
2026/08/05 16:33:24.889, 21096, 100
2026/08/05 16:33:25.891, 21096, 100
2026/08/05 16:33:26.892, 21096, 100
2026/08/05 16:33:27.894, 21096, 84
2026/08/05 16:33:28.895, 21096, 100
2026/08/05 16:33:29.897, 21096, 100
2026/08/05 16:33:30.898, 21096, 100
2026/08/05 16:33:31.899, 21096, 100
2026/08/05 16:33:32.901, 21096, 100
2026/08/05 16:33:33.902, 21096, 100
2026/08/05 16:33:34.903, 21096, 84
2026/08/05 16:33:35.905, 21096, 100
2026/08/05 16:33:36.906, 21096, 84
2026/08/05 16:33:37.907, 21096, 100
2026/08/05 16:33:38.909, 21096, 100
2026/08/05 16:33:39.910, 21096, 100
2026/08/05 16:33:40.911, 21096, 100
2026/08/05 16:33:41.913, 21096, 64
2026/08/05 16:33:42.914, 21096, 100
2026/08/05 16:33:43.915, 21096, 100
2026/08/05 16:33:44.917, 21096, 88
2026/08/05 16:33:45.918, 21096, 85
2026/08/05 16:33:46.920, 21096, 100
2026/08/05 16:33:47.921, 21096, 100
2026/08/05 16:33:48.923, 21096, 100
2026/08/05 16:33:49.924, 21096, 100
2026/08/05 16:33:50.926, 21096, 100
2026/08/05 16:33:51.927, 21096, 83
2026/08/05 16:33:52.929, 21096, 100
2026/08/05 16:33:53.930, 21096, 100
2026/08/05 16:33:54.931, 21096, 100
2026/08/05 16:33:55.933, 21096, 100
2026/08/05 16:33:56.934, 21096, 55
2026/08/05 16:33:57.936, 21096, 100
2026/08/05 16:33:58.937, 21096, 100
2026/08/05 16:33:59.939, 21096, 84
2026/08/05 16:34:00.940, 21096, 100
2026/08/05 16:34:01.942, 21096, 100
2026/08/05 16:34:02.943, 21096, 84
2026/08/05 16:34:03.945, 21096, 100
2026/08/05 16:34:04.946, 21096, 100
2026/08/05 16:34:05.947, 21096, 100
2026/08/05 16:34:06.949, 21096, 100
2026/08/05 16:34:07.950, 21096, 99
2026/08/05 16:34:08.952, 21096, 93
2026/08/05 16:34:09.953, 21096, 100
2026/08/05 16:34:10.955, 21096, 100
2026/08/05 16:34:11.956, 21096, 100
2026/08/05 16:34:12.957, 21096, 100
2026/08/05 16:34:13.959, 21096, 100
2026/08/05 16:34:14.960, 21096, 100
2026/08/05 16:34:15.961, 21096, 83
2026/08/05 16:34:16.963, 21096, 100
2026/08/05 16:34:17.964, 21096, 100
2026/08/05 16:34:18.966, 21096, 100
2026/08/05 16:34:19.967, 21096, 100
2026/08/05 16:34:20.969, 21096, 100
2026/08/05 16:34:21.970, 21096, 100
2026/08/05 16:34:22.971, 21096, 100
2026/08/05 16:34:23.973, 21096, 100
2026/08/05 16:34:24.974, 21096, 100
2026/08/05 16:34:25.976, 21096, 100
2026/08/05 16:34:26.977, 21096, 100
2026/08/05 16:34:27.979, 21096, 100
2026/08/05 16:34:28.980, 21096, 100
2026/08/05 16:34:29.982, 21096, 100
2026/08/05 16:34:30.983, 21096, 100
2026/08/05 16:34:31.984, 21096, 100
2026/08/05 16:34:32.985, 21096, 100
2026/08/05 16:34:33.987, 21096, 100
2026/08/05 16:34:34.989, 21096, 100
2026/08/05 16:34:35.990, 21096, 100
2026/08/05 16:34:36.991, 21096, 100
2026/08/05 16:34:37.993, 21096, 100
2026/08/05 16:34:38.994, 21096, 100
2026/08/05 16:34:39.995, 21096, 100
2026/08/05 16:34:40.997, 21096, 100
2026/08/05 16:34:41.998, 21096, 100
2026/08/05 16:34:43.000, 21096, 100
2026/08/05 16:34:44.001, 21096, 100
2026/08/05 16:34:45.002, 21096, 100
2026/08/05 16:34:46.004, 21096, 100
2026/08/05 16:34:47.005, 21096, 100
2026/08/05 16:34:48.007, 21096, 100
2026/08/05 16:34:49.010, 21096, 100
2026/08/05 16:34:50.013, 21096, 88
2026/08/05 16:34:51.017, 21096, 100
2026/08/05 16:34:52.020, 21096, 100
2026/08/05 16:34:53.024, 21096, 100
2026/08/05 16:34:54.027, 21096, 100
2026/08/05 16:34:55.031, 21096, 100
2026/08/05 16:34:56.034, 21096, 100
2026/08/05 16:34:57.037, 21096, 100
2026/08/05 16:34:58.041, 21096, 100
2026/08/05 16:34:59.044, 21096, 100
2026/08/05 16:35:00.047, 21096, 100
2026/08/05 16:35:01.049, 21096, 100
2026/08/05 16:35:02.052, 21096, 63
2026/08/05 16:35:03.054, 21096, 100
2026/08/05 16:35:04.056, 21096, 82
2026/08/05 16:35:05.059, 21096, 100
2026/08/05 16:35:06.061, 21096, 100
2026/08/05 16:35:07.064, 21096, 100
2026/08/05 16:35:08.066, 21096, 100
2026/08/05 16:35:09.068, 21096, 100
2026/08/05 16:35:10.071, 21096, 100
2026/08/05 16:35:11.073, 21096, 100
2026/08/05 16:35:12.076, 21096, 100
2026/08/05 16:35:13.078, 21096, 100
2026/08/05 16:35:14.081, 21096, 100
2026/08/05 16:35:15.083, 21096, 100
2026/08/05 16:35:16.086, 21096, 100
2026/08/05 16:35:17.088, 21096, 100
2026/08/05 16:35:18.091, 21096, 82
2026/08/05 16:35:19.093, 21096, 100
2026/08/05 16:35:20.095, 21096, 100
2026/08/05 16:35:21.101, 21096, 100
2026/08/05 16:35:22.103, 21096, 100
2026/08/05 16:35:23.105, 21096, 100
2026/08/05 16:35:24.107, 21096, 100
2026/08/05 16:35:25.109, 21096, 100
2026/08/05 16:35:26.112, 21096, 100
2026/08/05 16:35:27.113, 21096, 100
2026/08/05 16:35:28.115, 21096, 100
2026/08/05 16:35:29.116, 21096, 100
2026/08/05 16:35:30.119, 21096, 100
2026/08/05 16:35:31.120, 21096, 100
2026/08/05 16:35:32.122, 21096, 100
2026/08/05 16:35:33.123, 21096, 100
2026/08/05 16:35:34.124, 21096, 100
2026/08/05 16:35:35.127, 21096, 66
2026/08/05 16:35:36.128, 21096, 99
2026/08/05 16:35:37.130, 21096, 100
2026/08/05 16:35:38.132, 21096, 100
2026/08/05 16:35:39.133, 21096, 100
2026/08/05 16:35:40.135, 21096, 100
2026/08/05 16:35:41.136, 21096, 100
2026/08/05 16:35:42.138, 21096, 100
2026/08/05 16:35:43.139, 21096, 100
2026/08/05 16:35:44.141, 21096, 100
2026/08/05 16:35:45.146, 21096, 100
2026/08/05 16:35:46.147, 21096, 100
2026/08/05 16:35:47.149, 21096, 100
2026/08/05 16:35:48.150, 21096, 64
2026/08/05 16:35:49.151, 21096, 100
2026/08/05 16:35:50.153, 21096, 100
2026/08/05 16:35:51.155, 21096, 100
2026/08/05 16:35:52.156, 21096, 84
2026/08/05 16:35:53.158, 21096, 84
2026/08/05 16:35:54.159, 21096, 100
2026/08/05 16:35:55.161, 21096, 100
2026/08/05 16:35:56.162, 21096, 100
2026/08/05 16:35:57.164, 21096, 100
2026/08/05 16:35:58.166, 21096, 93
2026/08/05 16:35:59.167, 21096, 100
2026/08/05 16:36:00.168, 21096, 100
2026/08/05 16:36:01.170, 21096, 100
2026/08/05 16:36:02.172, 21096, 100
2026/08/05 16:36:03.173, 21096, 82
2026/08/05 16:36:04.175, 21096, 100
2026/08/05 16:36:05.176, 21096, 100
2026/08/05 16:36:06.177, 21096, 100
2026/08/05 16:36:07.179, 21096, 100
2026/08/05 16:36:08.181, 21096, 100
2026/08/05 16:36:09.182, 21096, 100
2026/08/05 16:36:10.183, 21096, 100
2026/08/05 16:36:11.184, 21096, 100
2026/08/05 16:36:12.186, 21096, 85
2026/08/05 16:36:13.188, 21096, 100
2026/08/05 16:36:14.188, 21096, 85
2026/08/05 16:36:15.190, 21096, 100
2026/08/05 16:36:16.191, 21096, 100
2026/08/05 16:36:17.192, 21096, 100
2026/08/05 16:36:18.194, 21096, 100
2026/08/05 16:36:19.195, 21096, 86
2026/08/05 16:36:20.196, 21096, 100
2026/08/05 16:36:21.198, 21096, 100
2026/08/05 16:36:22.199, 21096, 100
2026/08/05 16:36:23.200, 21096, 100
2026/08/05 16:36:24.202, 21096, 100
2026/08/05 16:36:25.203, 21096, 100
2026/08/05 16:36:26.205, 21096, 82
2026/08/05 16:36:27.207, 21096, 100
2026/08/05 16:36:28.208, 21096, 85
2026/08/05 16:36:29.209, 21096, 100
2026/08/05 16:36:30.211, 21096, 100
2026/08/05 16:36:31.213, 21096, 100
2026/08/05 16:36:32.214, 21096, 100
2026/08/05 16:36:33.215, 21096, 100
2026/08/05 16:36:34.217, 21096, 100
2026/08/05 16:36:35.218, 21096, 100
2026/08/05 16:36:36.219, 21096, 84
2026/08/05 16:36:37.221, 21096, 65
2026/08/05 16:36:38.222, 21096, 100
2026/08/05 16:36:39.224, 21096, 100
2026/08/05 16:36:40.225, 21096, 100
2026/08/05 16:36:41.227, 21096, 100
2026/08/05 16:36:42.228, 21096, 100
2026/08/05 16:36:43.229, 21096, 100
2026/08/05 16:36:44.231, 21096, 100
2026/08/05 16:36:45.232, 21096, 100
2026/08/05 16:36:46.233, 21096, 100
2026/08/05 16:36:47.234, 21096, 100
2026/08/05 16:36:48.235, 21096, 100
2026/08/05 16:36:49.236, 21096, 100
2026/08/05 16:36:50.236, 21096, 100
2026/08/05 16:36:51.237, 21096, 100
2026/08/05 16:36:52.238, 21096, 100
2026/08/05 16:36:53.239, 21096, 88
2026/08/05 16:36:54.240, 21096, 64
2026/08/05 16:36:55.242, 21096, 84
2026/08/05 16:36:56.243, 21096, 100
2026/08/05 16:36:57.244, 21096, 100
2026/08/05 16:36:58.244, 21096, 100
2026/08/05 16:36:59.244, 21096, 100
2026/08/05 16:37:00.244, 21096, 100
2026/08/05 16:37:01.245, 21096, 100
2026/08/05 16:37:02.245, 21096, 63
2026/08/05 16:37:03.245, 21096, 100
2026/08/05 16:37:04.245, 21096, 100
2026/08/05 16:37:05.245, 21096, 100
2026/08/05 16:37:06.246, 21096, 100
2026/08/05 16:37:07.246, 21096, 100
2026/08/05 16:37:08.246, 21096, 100
2026/08/05 16:37:09.246, 21096, 100
2026/08/05 16:37:10.247, 21096, 100
2026/08/05 16:37:11.247, 21096, 100
2026/08/05 16:37:12.247, 21096, 85
2026/08/05 16:37:13.247, 21096, 100
2026/08/05 16:37:14.247, 21096, 100
2026/08/05 16:37:15.248, 21096, 100
2026/08/05 16:37:16.248, 21096, 100
2026/08/05 16:37:17.249, 21096, 100
2026/08/05 16:37:18.250, 21096, 100
2026/08/05 16:37:19.250, 21096, 100
2026/08/05 16:37:20.250, 21096, 84
2026/08/05 16:37:21.250, 21096, 100
2026/08/05 16:37:22.251, 21096, 100
2026/08/05 16:37:23.251, 21096, 85
2026/08/05 16:37:24.251, 21096, 100
2026/08/05 16:37:25.251, 21096, 100
2026/08/05 16:37:26.252, 21096, 100
2026/08/05 16:37:27.252, 21096, 100
2026/08/05 16:37:28.252, 21096, 100
2026/08/05 16:37:29.255, 21096, 100
2026/08/05 16:37:30.266, 21096, 100
2026/08/05 16:37:31.275, 21096, 62
2026/08/05 16:37:32.284, 21096, 100
2026/08/05 16:37:33.291, 21096, 100
2026/08/05 16:37:34.298, 21096, 85
2026/08/05 16:37:35.304, 21096, 100
2026/08/05 16:37:36.310, 21096, 100
2026/08/05 16:37:37.314, 21096, 100
2026/08/05 16:37:38.319, 21096, 100
2026/08/05 16:37:39.323, 21096, 100
2026/08/05 16:37:40.326, 21096, 100
2026/08/05 16:37:41.330, 21096, 100
2026/08/05 16:37:42.333, 21096, 100
2026/08/05 16:37:43.336, 21096, 100
2026/08/05 16:37:44.339, 21096, 100
2026/08/05 16:37:45.341, 21096, 100
2026/08/05 16:37:46.344, 21096, 100
2026/08/05 16:37:47.346, 21096, 83
2026/08/05 16:37:48.348, 21096, 65
2026/08/05 16:37:49.350, 21096, 100
2026/08/05 16:37:50.351, 21096, 100
2026/08/05 16:37:51.353, 21096, 94
2026/08/05 16:37:52.355, 21096, 81
2026/08/05 16:37:53.356, 21096, 100
2026/08/05 16:37:54.358, 21096, 100
2026/08/05 16:37:55.359, 21096, 100
2026/08/05 16:37:56.361, 21096, 100
2026/08/05 16:37:57.362, 21096, 100
2026/08/05 16:37:58.364, 21096, 100
2026/08/05 16:37:59.365, 21096, 100
2026/08/05 16:38:00.367, 21096, 100
2026/08/05 16:38:01.368, 21096, 100
2026/08/05 16:38:02.369, 21096, 82
2026/08/05 16:38:03.369, 21096, 100
2026/08/05 16:38:04.369, 21096, 100
2026/08/05 16:38:05.369, 21096, 100
2026/08/05 16:38:06.370, 21096, 85
2026/08/05 16:38:07.370, 21096, 100
2026/08/05 16:38:08.370, 21096, 100
2026/08/05 16:38:09.371, 21096, 100
2026/08/05 16:38:10.371, 21096, 100
2026/08/05 16:38:11.371, 21096, 86
2026/08/05 16:38:12.372, 21096, 90
2026/08/05 16:38:13.372, 21096, 100
2026/08/05 16:38:14.372, 21096, 100
2026/08/05 16:38:15.373, 21096, 100
2026/08/05 16:38:16.373, 21096, 100
2026/08/05 16:38:17.373, 21096, 84
2026/08/05 16:38:18.374, 21096, 100
2026/08/05 16:38:19.374, 21096, 100
2026/08/05 16:38:20.375, 21096, 100
2026/08/05 16:38:21.375, 21096, 100
2026/08/05 16:38:22.375, 21096, 100
2026/08/05 16:38:23.376, 21096, 84
2026/08/05 16:38:24.376, 21096, 100
2026/08/05 16:38:25.376, 21096, 100
2026/08/05 16:38:26.376, 21096, 100
2026/08/05 16:38:27.376, 21096, 100
2026/08/05 16:38:28.377, 21096, 100
2026/08/05 16:38:29.377, 21096, 100
2026/08/05 16:38:30.377, 21096, 100
2026/08/05 16:38:31.377, 21096, 100
2026/08/05 16:38:32.377, 21096, 100
2026/08/05 16:38:33.378, 21096, 100
2026/08/05 16:38:34.379, 21096, 100
2026/08/05 16:38:35.381, 21096, 100
2026/08/05 16:38:36.384, 21096, 100
2026/08/05 16:38:37.386, 21096, 84
2026/08/05 16:38:38.389, 21096, 100
2026/08/05 16:38:39.391, 21096, 100
2026/08/05 16:38:40.394, 21096, 84
2026/08/05 16:38:41.396, 21096, 100
2026/08/05 16:38:42.399, 21096, 100
2026/08/05 16:38:43.400, 21096, 100
2026/08/05 16:38:44.401, 21096, 82
2026/08/05 16:38:45.403, 21096, 100
2026/08/05 16:38:46.404, 21096, 100
2026/08/05 16:38:47.405, 21096, 100
2026/08/05 16:38:48.407, 21096, 100
2026/08/05 16:38:49.408, 21096, 100
2026/08/05 16:38:50.409, 21096, 100
2026/08/05 16:38:51.410, 21096, 100
2026/08/05 16:38:52.411, 21096, 100
2026/08/05 16:38:53.412, 21096, 100
2026/08/05 16:38:54.413, 21096, 100
2026/08/05 16:38:55.414, 21096, 86
2026/08/05 16:38:56.416, 21096, 100
2026/08/05 16:38:57.417, 21096, 100
2026/08/05 16:38:58.418, 21096, 100
2026/08/05 16:38:59.420, 21096, 100
2026/08/05 16:39:00.420, 21096, 100
2026/08/05 16:39:01.421, 21096, 100
2026/08/05 16:39:02.422, 21096, 100
2026/08/05 16:39:03.422, 21096, 100
2026/08/05 16:39:04.423, 21096, 84
2026/08/05 16:39:05.423, 21096, 100
2026/08/05 16:39:06.424, 21096, 100
2026/08/05 16:39:07.425, 21096, 85
2026/08/05 16:39:08.425, 21096, 100
2026/08/05 16:39:09.425, 21096, 100
2026/08/05 16:39:10.425, 21096, 83
2026/08/05 16:39:11.426, 21096, 96
2026/08/05 16:39:12.426, 21096, 100
2026/08/05 16:39:13.426, 21096, 100
2026/08/05 16:39:14.426, 21096, 100
2026/08/05 16:39:15.427, 21096, 100
2026/08/05 16:39:16.427, 21096, 100
2026/08/05 16:39:17.427, 21096, 100
2026/08/05 16:39:18.428, 21096, 100
2026/08/05 16:39:19.428, 21096, 100
2026/08/05 16:39:20.428, 21096, 100
2026/08/05 16:39:21.429, 21096, 100
2026/08/05 16:39:22.429, 21096, 100
2026/08/05 16:39:23.429, 21096, 100
2026/08/05 16:39:24.429, 21096, 100
2026/08/05 16:39:25.430, 21096, 100
2026/08/05 16:39:26.430, 21096, 100
2026/08/05 16:39:27.430, 21096, 100
2026/08/05 16:39:28.430, 21096, 100
2026/08/05 16:39:29.431, 21096, 100
2026/08/05 16:39:30.431, 21096, 100
2026/08/05 16:39:31.431, 21096, 100
2026/08/05 16:39:32.431, 21096, 100
2026/08/05 16:39:33.432, 21096, 100
2026/08/05 16:39:34.432, 21096, 100
2026/08/05 16:39:35.432, 21096, 100
2026/08/05 16:39:36.433, 21096, 100
2026/08/05 16:39:37.433, 21096, 100
2026/08/05 16:39:38.433, 21096, 100
2026/08/05 16:39:39.433, 21096, 100
2026/08/05 16:39:40.434, 21096, 100
2026/08/05 16:39:41.434, 21096, 100
2026/08/05 16:39:42.434, 21096, 83
2026/08/05 16:39:43.434, 21096, 100
2026/08/05 16:39:44.434, 21096, 100
2026/08/05 16:39:45.435, 21096, 100
2026/08/05 16:39:46.435, 21096, 100
2026/08/05 16:39:47.435, 21096, 100
2026/08/05 16:39:48.435, 21096, 100
2026/08/05 16:39:49.435, 21096, 100
2026/08/05 16:39:50.436, 21096, 82
2026/08/05 16:39:51.436, 21096, 100
2026/08/05 16:39:52.436, 21096, 100
2026/08/05 16:39:53.437, 21096, 100
2026/08/05 16:39:54.437, 21096, 82
2026/08/05 16:39:55.437, 21096, 100
2026/08/05 16:39:56.438, 21096, 100
2026/08/05 16:39:57.438, 21096, 100
2026/08/05 16:39:58.438, 21096, 100
2026/08/05 16:39:59.438, 21096, 100
2026/08/05 16:40:00.439, 21096, 100
2026/08/05 16:40:01.439, 21096, 100
2026/08/05 16:40:02.439, 21096, 100
2026/08/05 16:40:03.440, 21096, 100
2026/08/05 16:40:04.440, 21096, 0
2026/08/05 16:40:05.440, 21096, 100
2026/08/05 16:40:06.440, 21096, 100
2026/08/05 16:40:07.441, 21096, 100
2026/08/05 16:40:08.441, 21096, 100
2026/08/05 16:40:09.441, 21096, 100
2026/08/05 16:40:10.442, 21096, 100
2026/08/05 16:40:11.442, 21096, 84
2026/08/05 16:40:12.442, 21096, 100
2026/08/05 16:40:13.442, 21096, 83
2026/08/05 16:40:14.443, 21096, 94
2026/08/05 16:40:15.443, 21096, 100
2026/08/05 16:40:16.443, 21096, 100
2026/08/05 16:40:17.444, 21096, 93
2026/08/05 16:40:18.444, 21096, 100
2026/08/05 16:40:19.444, 21096, 100
2026/08/05 16:40:20.445, 21096, 100
2026/08/05 16:40:21.445, 21096, 100
2026/08/05 16:40:22.445, 21096, 100
2026/08/05 16:40:23.446, 21096, 99
2026/08/05 16:40:24.446, 21096, 100
2026/08/05 16:40:25.446, 21096, 100
2026/08/05 16:40:26.446, 21096, 80
2026/08/05 16:40:27.447, 21096, 100
2026/08/05 16:40:28.447, 21096, 100
2026/08/05 16:40:29.447, 21096, 100
2026/08/05 16:40:30.447, 21096, 83
2026/08/05 16:40:31.447, 21096, 100
2026/08/05 16:40:32.448, 21096, 100
2026/08/05 16:40:33.448, 21096, 100
2026/08/05 16:40:34.448, 21096, 100
2026/08/05 16:40:35.448, 21096, 100
2026/08/05 16:40:36.449, 21096, 100
2026/08/05 16:40:37.449, 21096, 86
2026/08/05 16:40:38.449, 21096, 100
2026/08/05 16:40:39.449, 21096, 62
2026/08/05 16:40:40.450, 21096, 100
2026/08/05 16:40:41.450, 21096, 100
2026/08/05 16:40:42.450, 21096, 100
2026/08/05 16:40:43.450, 21096, 100
2026/08/05 16:40:44.451, 21096, 100
2026/08/05 16:40:45.451, 21096, 100
2026/08/05 16:40:46.451, 21096, 100
2026/08/05 16:40:47.451, 21096, 100
2026/08/05 16:40:48.452, 21096, 100
2026/08/05 16:40:49.452, 21096, 100
2026/08/05 16:40:50.452, 21096, 100
2026/08/05 16:40:51.452, 21096, 100
2026/08/05 16:40:52.453, 21096, 100
2026/08/05 16:40:53.453, 21096, 100
2026/08/05 16:40:54.453, 21096, 82
2026/08/05 16:40:55.453, 21096, 100
2026/08/05 16:40:56.454, 21096, 100
2026/08/05 16:40:57.454, 21096, 82
2026/08/05 16:40:58.455, 21096, 84
2026/08/05 16:40:59.455, 21096, 100
2026/08/05 16:41:00.455, 21096, 83
2026/08/05 16:41:01.455, 21096, 100
2026/08/05 16:41:02.456, 21096, 100
2026/08/05 16:41:03.456, 21096, 100
2026/08/05 16:41:04.456, 21096, 84
2026/08/05 16:41:05.457, 21096, 100
2026/08/05 16:41:06.457, 21096, 100
2026/08/05 16:41:07.457, 21096, 99
2026/08/05 16:41:08.458, 21096, 100
2026/08/05 16:41:09.458, 21096, 72
2026/08/05 16:41:10.458, 21096, 100
2026/08/05 16:41:11.459, 21096, 100
2026/08/05 16:41:12.459, 21096, 100
2026/08/05 16:41:13.459, 21096, 100
2026/08/05 16:41:14.459, 21096, 85
2026/08/05 16:41:15.460, 21096, 100
2026/08/05 16:41:16.460, 21096, 100
2026/08/05 16:41:17.460, 21096, 100
2026/08/05 16:41:18.461, 21096, 100
2026/08/05 16:41:19.461, 21096, 100
2026/08/05 16:41:20.461, 21096, 100
2026/08/05 16:41:21.461, 21096, 100
2026/08/05 16:41:22.462, 21096, 100
2026/08/05 16:41:23.462, 21096, 85
2026/08/05 16:41:24.462, 21096, 86
2026/08/05 16:41:25.462, 21096, 100
2026/08/05 16:41:26.463, 21096, 100
2026/08/05 16:41:27.463, 21096, 100
2026/08/05 16:41:28.463, 21096, 100
2026/08/05 16:41:29.463, 21096, 83
2026/08/05 16:41:30.463, 21096, 100
2026/08/05 16:41:31.464, 21096, 100
2026/08/05 16:41:32.464, 21096, 100
2026/08/05 16:41:33.464, 21096, 100
2026/08/05 16:41:34.464, 21096, 100
2026/08/05 16:41:35.464, 21096, 100
2026/08/05 16:41:36.465, 21096, 100
2026/08/05 16:41:37.465, 21096, 100
2026/08/05 16:41:38.465, 21096, 100
2026/08/05 16:41:39.465, 21096, 85
2026/08/05 16:41:40.465, 21096, 100
2026/08/05 16:41:41.465, 21096, 100
2026/08/05 16:41:42.466, 21096, 83
2026/08/05 16:41:43.466, 21096, 100
2026/08/05 16:41:44.466, 21096, 59
2026/08/05 16:41:45.466, 21096, 100
2026/08/05 16:41:46.466, 21096, 100
2026/08/05 16:41:47.473, 21096, 100
2026/08/05 16:41:48.485, 21096, 100
2026/08/05 16:41:49.496, 21096, 100
2026/08/05 16:41:50.506, 21096, 100
2026/08/05 16:41:51.516, 21096, 100
2026/08/05 16:41:52.525, 21096, 100
2026/08/05 16:41:53.534, 21096, 100
2026/08/05 16:41:54.542, 21096, 100
2026/08/05 16:41:55.551, 21096, 100
2026/08/05 16:41:56.559, 21096, 94
2026/08/05 16:41:57.566, 21096, 100
2026/08/05 16:41:58.573, 21096, 100
2026/08/05 16:41:59.579, 21096, 100
2026/08/05 16:42:00.585, 21096, 100
2026/08/05 16:42:01.591, 21096, 100
2026/08/05 16:42:02.596, 21096, 83
2026/08/05 16:42:03.601, 21096, 100
2026/08/05 16:42:04.606, 21096, 100
2026/08/05 16:42:05.610, 21096, 100
2026/08/05 16:42:06.615, 21096, 100
2026/08/05 16:42:07.619, 21096, 99
2026/08/05 16:42:08.623, 21096, 100
2026/08/05 16:42:09.627, 21096, 100
2026/08/05 16:42:10.631, 21096, 100
2026/08/05 16:42:11.634, 21096, 100
2026/08/05 16:42:12.638, 21096, 64
2026/08/05 16:42:13.640, 21096, 100
2026/08/05 16:42:14.644, 21096, 100
2026/08/05 16:42:15.650, 21096, 100
2026/08/05 16:42:16.654, 21096, 100
2026/08/05 16:42:17.657, 21096, 100
2026/08/05 16:42:18.659, 21096, 100
2026/08/05 16:42:19.662, 21096, 100
2026/08/05 16:42:20.664, 21096, 100
2026/08/05 16:42:21.666, 21096, 100
2026/08/05 16:42:22.668, 21096, 100
2026/08/05 16:42:23.671, 21096, 100
2026/08/05 16:42:24.673, 21096, 100
2026/08/05 16:42:25.675, 21096, 84
2026/08/05 16:42:26.678, 21096, 100
2026/08/05 16:42:27.681, 21096, 100
2026/08/05 16:42:28.682, 21096, 100
2026/08/05 16:42:29.684, 21096, 100
2026/08/05 16:42:30.687, 21096, 100
2026/08/05 16:42:31.689, 21096, 91
2026/08/05 16:42:32.691, 21096, 54
2026/08/05 16:42:33.693, 21096, 100
2026/08/05 16:42:34.695, 21096, 100
2026/08/05 16:42:35.696, 21096, 100
2026/08/05 16:42:36.698, 21096, 63
2026/08/05 16:42:37.699, 21096, 100
2026/08/05 16:42:38.700, 21096, 100
2026/08/05 16:42:39.702, 21096, 100
2026/08/05 16:42:40.703, 21096, 100
2026/08/05 16:42:41.705, 21096, 100
2026/08/05 16:42:42.706, 21096, 100
2026/08/05 16:42:43.708, 21096, 100
2026/08/05 16:42:44.709, 21096, 100
2026/08/05 16:42:45.711, 21096, 100
2026/08/05 16:42:46.712, 21096, 100
2026/08/05 16:42:47.713, 21096, 100
2026/08/05 16:42:48.715, 21096, 100
2026/08/05 16:42:49.717, 21096, 100
2026/08/05 16:42:50.718, 21096, 100
2026/08/05 16:42:51.720, 21096, 100
2026/08/05 16:42:52.721, 21096, 100
2026/08/05 16:42:53.737, 21096, 100
2026/08/05 16:42:54.757, 21096, 100
2026/08/05 16:42:55.774, 21096, 100
2026/08/05 16:42:56.789, 21096, 100
2026/08/05 16:42:57.802, 21096, 100
2026/08/05 16:42:58.814, 21096, 100
2026/08/05 16:42:59.824, 21096, 100
2026/08/05 16:43:00.834, 21096, 81
2026/08/05 16:43:01.843, 21096, 86
2026/08/05 16:43:02.850, 21096, 65
2026/08/05 16:43:03.856, 21096, 85
2026/08/05 16:43:04.863, 21096, 100
2026/08/05 16:43:05.868, 21096, 85
2026/08/05 16:43:06.873, 21096, 89
2026/08/05 16:43:07.877, 21096, 100
2026/08/05 16:43:08.882, 21096, 100
2026/08/05 16:43:09.885, 21096, 100
2026/08/05 16:43:10.889, 21096, 100
2026/08/05 16:43:11.893, 21096, 100
2026/08/05 16:43:12.896, 21096, 84
2026/08/05 16:43:13.899, 21096, 82
2026/08/05 16:43:14.901, 21096, 64
2026/08/05 16:43:15.904, 21096, 100
2026/08/05 16:43:16.906, 21096, 100
2026/08/05 16:43:17.908, 21096, 96
2026/08/05 16:43:18.910, 21096, 100
2026/08/05 16:43:19.912, 21096, 100
2026/08/05 16:43:20.914, 21096, 83
2026/08/05 16:43:21.915, 21096, 100
2026/08/05 16:43:22.917, 21096, 100
2026/08/05 16:43:23.919, 21096, 100
2026/08/05 16:43:24.920, 21096, 64
2026/08/05 16:43:25.921, 21096, 100
2026/08/05 16:43:26.923, 21096, 100
2026/08/05 16:43:27.924, 21096, 100
2026/08/05 16:43:28.925, 21096, 100
2026/08/05 16:43:29.927, 21096, 100
2026/08/05 16:43:30.929, 21096, 100
2026/08/05 16:43:31.930, 21096, 100
2026/08/05 16:43:32.931, 21096, 100
2026/08/05 16:43:33.933, 21096, 100
2026/08/05 16:43:34.934, 21096, 100
2026/08/05 16:43:35.935, 21096, 100
2026/08/05 16:43:36.937, 21096, 100
2026/08/05 16:43:37.938, 21096, 100
2026/08/05 16:43:38.940, 21096, 100
2026/08/05 16:43:39.941, 21096, 83
2026/08/05 16:43:40.943, 21096, 100
2026/08/05 16:43:41.944, 21096, 100
2026/08/05 16:43:42.945, 21096, 100
2026/08/05 16:43:43.947, 21096, 100
2026/08/05 16:43:44.948, 21096, 100
2026/08/05 16:43:45.950, 21096, 100
2026/08/05 16:43:46.952, 21096, 100
2026/08/05 16:43:47.953, 21096, 100
2026/08/05 16:43:48.954, 21096, 100
2026/08/05 16:43:49.955, 21096, 100
2026/08/05 16:43:50.957, 21096, 100
2026/08/05 16:43:51.958, 21096, 100
2026/08/05 16:43:52.960, 21096, 100
2026/08/05 16:43:53.962, 21096, 100
2026/08/05 16:43:54.963, 21096, 100
2026/08/05 16:43:55.965, 21096, 100
2026/08/05 16:43:56.966, 21096, 100
2026/08/05 16:43:57.967, 21096, 85
2026/08/05 16:43:58.967, 21096, 100
2026/08/05 16:43:59.967, 21096, 100
2026/08/05 16:44:00.967, 21096, 100
2026/08/05 16:44:01.968, 21096, 100
2026/08/05 16:44:02.968, 21096, 100
2026/08/05 16:44:03.968, 21096, 100
2026/08/05 16:44:04.968, 21096, 89
2026/08/05 16:44:05.969, 21096, 100
2026/08/05 16:44:06.969, 21096, 100
2026/08/05 16:44:07.969, 21096, 100
2026/08/05 16:44:08.969, 21096, 100
2026/08/05 16:44:09.969, 21096, 100
2026/08/05 16:44:10.970, 21096, 100
2026/08/05 16:44:11.970, 21096, 98
2026/08/05 16:44:12.970, 21096, 100
2026/08/05 16:44:13.970, 21096, 100
2026/08/05 16:44:14.970, 21096, 100
2026/08/05 16:44:15.971, 21096, 100
2026/08/05 16:44:16.971, 21096, 100
2026/08/05 16:44:17.971, 21096, 100
2026/08/05 16:44:18.972, 21096, 100
2026/08/05 16:44:19.972, 21096, 83
2026/08/05 16:44:20.972, 21096, 100
2026/08/05 16:44:21.972, 21096, 100
2026/08/05 16:44:22.973, 21096, 100
2026/08/05 16:44:23.973, 21096, 100
2026/08/05 16:44:24.973, 21096, 100
2026/08/05 16:44:25.973, 21096, 100
2026/08/05 16:44:26.974, 21096, 100
2026/08/05 16:44:27.974, 21096, 100
2026/08/05 16:44:28.974, 21096, 100
2026/08/05 16:44:29.974, 21096, 100
2026/08/05 16:44:30.975, 21096, 100
2026/08/05 16:44:31.992, 21096, 100
2026/08/05 16:44:33.008, 21096, 100
2026/08/05 16:44:34.021, 21096, 100
2026/08/05 16:44:35.034, 21096, 100
2026/08/05 16:44:36.045, 21096, 100
2026/08/05 16:44:37.054, 21096, 100
2026/08/05 16:44:38.063, 21096, 100
2026/08/05 16:44:39.071, 21096, 100
2026/08/05 16:44:40.078, 21096, 100
2026/08/05 16:44:41.085, 21096, 100
2026/08/05 16:44:42.090, 21096, 100
2026/08/05 16:44:43.096, 21096, 100
2026/08/05 16:44:44.100, 21096, 100
2026/08/05 16:44:45.104, 21096, 100
2026/08/05 16:44:46.108, 21096, 100
2026/08/05 16:44:47.112, 21096, 100
2026/08/05 16:44:48.115, 21096, 94
2026/08/05 16:44:49.118, 21096, 100
2026/08/05 16:44:50.120, 21096, 100
2026/08/05 16:44:51.123, 21096, 100
2026/08/05 16:44:52.126, 21096, 83
2026/08/05 16:44:53.128, 21096, 89
2026/08/05 16:44:54.130, 21096, 100
2026/08/05 16:44:55.132, 21096, 100
2026/08/05 16:44:56.134, 21096, 100
2026/08/05 16:44:57.136, 21096, 100
2026/08/05 16:44:58.137, 21096, 100
2026/08/05 16:44:59.139, 21096, 100
2026/08/05 16:45:00.140, 21096, 100
2026/08/05 16:45:01.142, 21096, 100
2026/08/05 16:45:02.143, 21096, 100
2026/08/05 16:45:03.145, 21096, 100
2026/08/05 16:45:04.145, 21096, 100
2026/08/05 16:45:05.145, 21096, 100
2026/08/05 16:45:06.145, 21096, 100
2026/08/05 16:45:07.145, 21096, 82
2026/08/05 16:45:08.146, 21096, 100
2026/08/05 16:45:09.146, 21096, 100
2026/08/05 16:45:10.147, 21096, 100
2026/08/05 16:45:11.147, 21096, 80
2026/08/05 16:45:12.148, 21096, 100
2026/08/05 16:45:13.148, 21096, 82
2026/08/05 16:45:14.148, 21096, 100
2026/08/05 16:45:15.148, 21096, 90
2026/08/05 16:45:16.148, 21096, 100
2026/08/05 16:45:17.149, 21096, 100
2026/08/05 16:45:18.149, 21096, 100
2026/08/05 16:45:19.149, 21096, 85
2026/08/05 16:45:20.150, 21096, 83
2026/08/05 16:45:21.150, 21096, 91
2026/08/05 16:45:22.150, 21096, 100
2026/08/05 16:45:23.151, 21096, 100
2026/08/05 16:45:24.151, 21096, 100
2026/08/05 16:45:25.151, 21096, 100
2026/08/05 16:45:26.151, 21096, 100
2026/08/05 16:45:27.152, 21096, 100
2026/08/05 16:45:28.152, 21096, 100
2026/08/05 16:45:29.152, 21096, 100
2026/08/05 16:45:30.152, 21096, 100
2026/08/05 16:45:31.152, 21096, 100
2026/08/05 16:45:32.153, 21096, 100
2026/08/05 16:45:33.153, 21096, 100
2026/08/05 16:45:34.153, 21096, 100
2026/08/05 16:45:35.153, 21096, 100
2026/08/05 16:45:36.154, 21096, 100
2026/08/05 16:45:37.154, 21096, 100
2026/08/05 16:45:38.154, 21096, 100
2026/08/05 16:45:39.154, 21096, 100
2026/08/05 16:45:40.154, 21096, 100
2026/08/05 16:45:41.155, 21096, 100
2026/08/05 16:45:42.155, 21096, 100
2026/08/05 16:45:43.155, 21096, 100
2026/08/05 16:45:44.156, 21096, 100
2026/08/05 16:45:45.156, 21096, 96
2026/08/05 16:45:46.157, 21096, 100
2026/08/05 16:45:47.157, 21096, 100
2026/08/05 16:45:48.157, 21096, 92
2026/08/05 16:45:49.157, 21096, 100
2026/08/05 16:45:50.158, 21096, 100
2026/08/05 16:45:51.158, 21096, 100
2026/08/05 16:45:52.158, 21096, 100
2026/08/05 16:45:53.159, 21096, 100
2026/08/05 16:45:54.159, 21096, 100
2026/08/05 16:45:55.159, 21096, 100
2026/08/05 16:45:56.159, 21096, 60
2026/08/05 16:45:57.160, 21096, 100
2026/08/05 16:45:58.160, 21096, 83
2026/08/05 16:45:59.160, 21096, 100
2026/08/05 16:46:00.161, 21096, 100
2026/08/05 16:46:01.161, 21096, 100
2026/08/05 16:46:02.161, 21096, 100
2026/08/05 16:46:03.162, 21096, 100
2026/08/05 16:46:04.162, 21096, 100
2026/08/05 16:46:05.162, 21096, 100
2026/08/05 16:46:06.162, 21096, 100
2026/08/05 16:46:07.163, 21096, 100
2026/08/05 16:46:08.163, 21096, 84
2026/08/05 16:46:09.163, 21096, 100
2026/08/05 16:46:10.164, 21096, 100
2026/08/05 16:46:11.164, 21096, 100
2026/08/05 16:46:12.164, 21096, 100
2026/08/05 16:46:13.164, 21096, 100
2026/08/05 16:46:14.165, 21096, 100
2026/08/05 16:46:15.165, 21096, 100
2026/08/05 16:46:16.165, 21096, 62
2026/08/05 16:46:17.165, 21096, 78
2026/08/05 16:46:18.166, 21096, 100
2026/08/05 16:46:19.166, 21096, 100
2026/08/05 16:46:20.166, 21096, 100
2026/08/05 16:46:21.166, 21096, 100
2026/08/05 16:46:22.167, 21096, 100
2026/08/05 16:46:23.167, 21096, 100
2026/08/05 16:46:24.167, 21096, 100
2026/08/05 16:46:25.167, 21096, 100
2026/08/05 16:46:26.168, 21096, 100
2026/08/05 16:46:27.168, 21096, 100
2026/08/05 16:46:28.168, 21096, 100
2026/08/05 16:46:29.169, 21096, 100
2026/08/05 16:46:30.169, 21096, 64
2026/08/05 16:46:31.169, 21096, 89
2026/08/05 16:46:32.169, 21096, 100
2026/08/05 16:46:33.170, 21096, 100
2026/08/05 16:46:34.170, 21096, 100
2026/08/05 16:46:35.170, 21096, 100
2026/08/05 16:46:36.170, 21096, 62
2026/08/05 16:46:37.171, 21096, 83
2026/08/05 16:46:38.171, 21096, 100
2026/08/05 16:46:39.171, 21096, 78
2026/08/05 16:46:40.171, 21096, 72
2026/08/05 16:46:41.172, 21096, 100
2026/08/05 16:46:42.172, 21096, 100
2026/08/05 16:46:43.172, 21096, 81
2026/08/05 16:46:44.172, 21096, 100
2026/08/05 16:46:45.173, 21096, 100
2026/08/05 16:46:46.173, 21096, 100
2026/08/05 16:46:47.173, 21096, 100
2026/08/05 16:46:48.173, 21096, 100
2026/08/05 16:46:49.174, 21096, 88
2026/08/05 16:46:50.174, 21096, 100
2026/08/05 16:46:51.174, 21096, 100
2026/08/05 16:46:52.175, 21096, 100
2026/08/05 16:46:53.175, 21096, 100
2026/08/05 16:46:54.175, 21096, 100
2026/08/05 16:46:55.175, 21096, 100
2026/08/05 16:46:56.175, 21096, 100
2026/08/05 16:46:57.176, 21096, 100
2026/08/05 16:46:58.176, 21096, 100
2026/08/05 16:46:59.176, 21096, 83
2026/08/05 16:47:00.176, 21096, 100
2026/08/05 16:47:01.177, 21096, 100
2026/08/05 16:47:02.177, 21096, 84
2026/08/05 16:47:03.177, 21096, 100
2026/08/05 16:47:04.177, 21096, 100
2026/08/05 16:47:05.177, 21096, 100
2026/08/05 16:47:06.178, 21096, 83
2026/08/05 16:47:07.178, 21096, 100
2026/08/05 16:47:08.178, 21096, 100
2026/08/05 16:47:09.179, 21096, 100
2026/08/05 16:47:10.179, 21096, 71
2026/08/05 16:47:11.179, 21096, 100
2026/08/05 16:47:12.180, 21096, 100
2026/08/05 16:47:13.182, 21096, 100
2026/08/05 16:47:14.197, 21096, 100
2026/08/05 16:47:15.210, 21096, 91
2026/08/05 16:47:16.221, 21096, 100
2026/08/05 16:47:17.232, 21096, 100
2026/08/05 16:47:18.241, 21096, 100
2026/08/05 16:47:19.249, 21096, 100
2026/08/05 16:47:20.257, 21096, 100
2026/08/05 16:47:21.263, 21096, 100
2026/08/05 16:47:22.269, 21096, 100
2026/08/05 16:47:23.275, 21096, 100
2026/08/05 16:47:24.279, 21096, 100
2026/08/05 16:47:25.283, 21096, 100
2026/08/05 16:47:26.287, 21096, 100
2026/08/05 16:47:27.291, 21096, 100
2026/08/05 16:47:28.294, 21096, 100
2026/08/05 16:47:29.297, 21096, 100
2026/08/05 16:47:30.300, 21096, 99
2026/08/05 16:47:31.302, 21096, 100
2026/08/05 16:47:32.305, 21096, 100
2026/08/05 16:47:33.307, 21096, 100
2026/08/05 16:47:34.309, 21096, 100
2026/08/05 16:47:35.312, 21096, 100
2026/08/05 16:47:36.314, 21096, 100
2026/08/05 16:47:37.316, 21096, 100
2026/08/05 16:47:38.318, 21096, 86
2026/08/05 16:47:39.319, 21096, 100
2026/08/05 16:47:40.321, 21096, 100
2026/08/05 16:47:41.322, 21096, 100
2026/08/05 16:47:42.324, 21096, 100
2026/08/05 16:47:43.325, 21096, 100
2026/08/05 16:47:44.326, 21096, 100
2026/08/05 16:47:45.328, 21096, 85
2026/08/05 16:47:46.331, 21096, 100
2026/08/05 16:47:47.340, 21096, 100
2026/08/05 16:47:48.347, 21096, 62
2026/08/05 16:47:49.354, 21096, 100
2026/08/05 16:47:50.359, 21096, 100
2026/08/05 16:47:51.365, 21096, 100
2026/08/05 16:47:52.370, 21096, 100
2026/08/05 16:47:53.374, 21096, 80
2026/08/05 16:47:54.377, 21096, 100
2026/08/05 16:47:55.381, 21096, 100
2026/08/05 16:47:56.384, 21096, 100
2026/08/05 16:47:57.388, 21096, 84
2026/08/05 16:47:58.390, 21096, 100
2026/08/05 16:47:59.393, 21096, 100
2026/08/05 16:48:00.395, 21096, 83
2026/08/05 16:48:01.398, 21096, 100
2026/08/05 16:48:02.400, 21096, 100
2026/08/05 16:48:03.402, 21096, 83
2026/08/05 16:48:04.404, 21096, 100
2026/08/05 16:48:05.406, 21096, 100
2026/08/05 16:48:06.408, 21096, 100
2026/08/05 16:48:07.410, 21096, 92
2026/08/05 16:48:08.412, 21096, 100
2026/08/05 16:48:09.413, 21096, 100
2026/08/05 16:48:10.415, 21096, 100
2026/08/05 16:48:11.417, 21096, 100
2026/08/05 16:48:12.418, 21096, 100
2026/08/05 16:48:13.419, 21096, 100
2026/08/05 16:48:14.421, 21096, 100
2026/08/05 16:48:15.423, 21096, 100
2026/08/05 16:48:16.425, 21096, 100
2026/08/05 16:48:17.426, 21096, 100
2026/08/05 16:48:18.428, 21096, 83
2026/08/05 16:48:19.429, 21096, 100
2026/08/05 16:48:20.429, 21096, 94
2026/08/05 16:48:21.429, 21096, 100
2026/08/05 16:48:22.430, 21096, 100
2026/08/05 16:48:23.430, 21096, 100
2026/08/05 16:48:24.430, 21096, 100
2026/08/05 16:48:25.431, 21096, 100
2026/08/05 16:48:26.431, 21096, 100
2026/08/05 16:48:27.431, 21096, 100
2026/08/05 16:48:28.431, 21096, 100
2026/08/05 16:48:29.432, 21096, 100
2026/08/05 16:48:30.432, 21096, 100
2026/08/05 16:48:31.432, 21096, 100
2026/08/05 16:48:32.433, 21096, 100
2026/08/05 16:48:33.433, 21096, 100
2026/08/05 16:48:34.433, 21096, 99
2026/08/05 16:48:35.434, 21096, 100
2026/08/05 16:48:36.434, 21096, 100
2026/08/05 16:48:37.434, 21096, 100
2026/08/05 16:48:38.434, 21096, 100
2026/08/05 16:48:39.435, 21096, 87
2026/08/05 16:48:40.435, 21096, 100
2026/08/05 16:48:41.435, 21096, 100
2026/08/05 16:48:42.436, 21096, 100
2026/08/05 16:48:43.436, 21096, 100
2026/08/05 16:48:44.436, 21096, 100
2026/08/05 16:48:45.437, 21096, 100
2026/08/05 16:48:46.437, 21096, 100
2026/08/05 16:48:47.437, 21096, 100
2026/08/05 16:48:48.437, 21096, 100
2026/08/05 16:48:49.438, 21096, 100
2026/08/05 16:48:50.438, 21096, 100
2026/08/05 16:48:51.438, 21096, 100
2026/08/05 16:48:52.440, 21096, 100
2026/08/05 16:48:53.441, 21096, 100
2026/08/05 16:48:54.443, 21096, 100
2026/08/05 16:48:55.444, 21096, 100
2026/08/05 16:48:56.445, 21096, 100
2026/08/05 16:48:57.447, 21096, 100
2026/08/05 16:48:58.448, 21096, 100
2026/08/05 16:48:59.450, 21096, 100
2026/08/05 16:49:00.451, 21096, 100
2026/08/05 16:49:01.452, 21096, 61
2026/08/05 16:49:02.454, 21096, 79
2026/08/05 16:49:03.455, 21096, 100
2026/08/05 16:49:04.457, 21096, 100
2026/08/05 16:49:05.457, 21096, 87
2026/08/05 16:49:06.457, 21096, 100
2026/08/05 16:49:07.458, 21096, 100
2026/08/05 16:49:08.458, 21096, 100
2026/08/05 16:49:09.458, 21096, 100
2026/08/05 16:49:10.459, 21096, 82
2026/08/05 16:49:11.459, 21096, 100
2026/08/05 16:49:12.459, 21096, 100
2026/08/05 16:49:13.460, 21096, 100
2026/08/05 16:49:14.460, 21096, 100
2026/08/05 16:49:15.460, 21096, 100
2026/08/05 16:49:16.461, 21096, 100
2026/08/05 16:49:17.461, 21096, 100
2026/08/05 16:49:18.461, 21096, 100
2026/08/05 16:49:19.462, 21096, 100
2026/08/05 16:49:20.462, 21096, 100
2026/08/05 16:49:21.462, 21096, 85
2026/08/05 16:49:22.463, 21096, 88
2026/08/05 16:49:23.463, 21096, 66
2026/08/05 16:49:24.463, 21096, 100
2026/08/05 16:49:25.463, 21096, 100
2026/08/05 16:49:26.464, 21096, 100
2026/08/05 16:49:27.464, 21096, 100
2026/08/05 16:49:28.464, 21096, 92
2026/08/05 16:49:29.465, 21096, 100
2026/08/05 16:49:30.465, 21096, 100
2026/08/05 16:49:31.465, 21096, 100
2026/08/05 16:49:32.466, 21096, 100
2026/08/05 16:49:33.466, 21096, 82
2026/08/05 16:49:34.466, 21096, 83
2026/08/05 16:49:35.466, 21096, 100
2026/08/05 16:49:36.467, 21096, 100
2026/08/05 16:49:37.467, 21096, 100
2026/08/05 16:49:38.467, 21096, 100
2026/08/05 16:49:39.468, 21096, 84
2026/08/05 16:49:40.468, 21096, 100
2026/08/05 16:49:41.468, 21096, 100
2026/08/05 16:49:42.469, 21096, 77
2026/08/05 16:49:43.469, 21096, 86
2026/08/05 16:49:44.469, 21096, 100
2026/08/05 16:49:45.470, 21096, 100
2026/08/05 16:49:46.470, 21096, 100
2026/08/05 16:49:47.470, 21096, 100
2026/08/05 16:49:48.470, 21096, 100
2026/08/05 16:49:49.471, 21096, 83
2026/08/05 16:49:50.471, 21096, 100
2026/08/05 16:49:51.471, 21096, 82
2026/08/05 16:49:52.472, 21096, 99
2026/08/05 16:49:53.472, 21096, 100
2026/08/05 16:49:54.472, 21096, 82
2026/08/05 16:49:55.473, 21096, 100
2026/08/05 16:49:56.477, 21096, 100
2026/08/05 16:49:57.484, 21096, 100
2026/08/05 16:49:58.490, 21096, 100
2026/08/05 16:49:59.497, 21096, 100
2026/08/05 16:50:00.502, 21096, 100
2026/08/05 16:50:01.508, 21096, 100
2026/08/05 16:50:02.513, 21096, 74
2026/08/05 16:50:03.519, 21096, 100
2026/08/05 16:50:04.523, 21096, 100
2026/08/05 16:50:05.527, 21096, 100
2026/08/05 16:50:06.551, 21096, 100
2026/08/05 16:50:07.555, 21096, 100
2026/08/05 16:50:08.560, 21096, 56
2026/08/05 16:50:09.563, 21096, 100
2026/08/05 16:50:10.566, 21096, 100
2026/08/05 16:50:11.569, 21096, 83
2026/08/05 16:50:12.572, 21096, 100
2026/08/05 16:50:13.575, 21096, 100
2026/08/05 16:50:14.578, 21096, 100
2026/08/05 16:50:15.581, 21096, 100
2026/08/05 16:50:16.585, 21096, 100
2026/08/05 16:50:17.587, 21096, 82
2026/08/05 16:50:18.590, 21096, 100
2026/08/05 16:50:19.592, 21096, 100
2026/08/05 16:50:20.595, 21096, 100
2026/08/05 16:50:21.597, 21096, 100
2026/08/05 16:50:22.599, 21096, 100
2026/08/05 16:50:23.601, 21096, 100
2026/08/05 16:50:24.603, 21096, 100
2026/08/05 16:50:25.605, 21096, 100
2026/08/05 16:50:26.606, 21096, 100
2026/08/05 16:50:27.609, 21096, 100
2026/08/05 16:50:28.611, 21096, 100
2026/08/05 16:50:29.613, 21096, 100
2026/08/05 16:50:30.614, 21096, 100
2026/08/05 16:50:31.616, 21096, 100
2026/08/05 16:50:32.618, 21096, 100
2026/08/05 16:50:33.619, 21096, 100
2026/08/05 16:50:34.621, 21096, 100
2026/08/05 16:50:35.622, 21096, 82
2026/08/05 16:50:36.624, 21096, 100
2026/08/05 16:50:37.626, 21096, 100
2026/08/05 16:50:38.627, 21096, 100
2026/08/05 16:50:39.628, 21096, 100
2026/08/05 16:50:40.630, 21096, 100
2026/08/05 16:50:41.632, 21096, 63
2026/08/05 16:50:42.633, 21096, 100
2026/08/05 16:50:43.635, 21096, 100
2026/08/05 16:50:44.636, 21096, 100
2026/08/05 16:50:45.638, 21096, 100
2026/08/05 16:50:46.640, 21096, 100
2026/08/05 16:50:47.641, 21096, 100
2026/08/05 16:50:48.642, 21096, 97
2026/08/05 16:50:49.644, 21096, 100
2026/08/05 16:50:50.645, 21096, 100
2026/08/05 16:50:51.647, 21096, 100
2026/08/05 16:50:52.648, 21096, 100
2026/08/05 16:50:53.650, 21096, 100
2026/08/05 16:50:54.651, 21096, 100
2026/08/05 16:50:55.653, 21096, 100
2026/08/05 16:50:56.655, 21096, 100
2026/08/05 16:50:57.656, 21096, 76
2026/08/05 16:50:58.658, 21096, 100
2026/08/05 16:50:59.659, 21096, 100
2026/08/05 16:51:00.660, 21096, 100
2026/08/05 16:51:01.661, 21096, 100
2026/08/05 16:51:02.661, 21096, 100
2026/08/05 16:51:03.661, 21096, 100
2026/08/05 16:51:04.662, 21096, 100
2026/08/05 16:51:05.662, 21096, 100
2026/08/05 16:51:06.662, 21096, 100
2026/08/05 16:51:07.663, 21096, 84
2026/08/05 16:51:08.663, 21096, 100
2026/08/05 16:51:09.663, 21096, 100
2026/08/05 16:51:10.664, 21096, 96
2026/08/05 16:51:11.664, 21096, 62
2026/08/05 16:51:12.664, 21096, 85
2026/08/05 16:51:13.665, 21096, 100
2026/08/05 16:51:14.665, 21096, 100
2026/08/05 16:51:15.665, 21096, 100
2026/08/05 16:51:16.665, 21096, 100
2026/08/05 16:51:17.666, 21096, 100
2026/08/05 16:51:18.666, 21096, 100
2026/08/05 16:51:19.666, 21096, 100
2026/08/05 16:51:20.668, 21096, 100
2026/08/05 16:51:21.668, 21096, 100
2026/08/05 16:51:22.668, 21096, 87
2026/08/05 16:51:23.669, 21096, 100
2026/08/05 16:51:24.669, 21096, 100
2026/08/05 16:51:25.669, 21096, 100
2026/08/05 16:51:26.669, 21096, 100
2026/08/05 16:51:27.670, 21096, 100
2026/08/05 16:51:28.670, 21096, 88
2026/08/05 16:51:29.670, 21096, 100
2026/08/05 16:51:30.672, 21096, 100
2026/08/05 16:51:31.672, 21096, 100
2026/08/05 16:51:32.672, 21096, 100
2026/08/05 16:51:33.673, 21096, 100
2026/08/05 16:51:34.673, 21096, 100
2026/08/05 16:51:35.675, 21096, 100
2026/08/05 16:51:36.675, 21096, 100
2026/08/05 16:51:37.675, 21096, 100
2026/08/05 16:51:38.676, 21096, 100
2026/08/05 16:51:39.676, 21096, 100
2026/08/05 16:51:40.676, 21096, 100
2026/08/05 16:51:41.677, 21096, 83
2026/08/05 16:51:42.677, 21096, 100
2026/08/05 16:51:43.677, 21096, 100
2026/08/05 16:51:44.678, 21096, 100
2026/08/05 16:51:45.678, 21096, 100
2026/08/05 16:51:46.679, 21096, 100
2026/08/05 16:51:47.679, 21096, 100
2026/08/05 16:51:48.679, 21096, 100
2026/08/05 16:51:49.680, 21096, 100
2026/08/05 16:51:50.680, 21096, 100
2026/08/05 16:51:51.680, 21096, 100
2026/08/05 16:51:52.681, 21096, 100
2026/08/05 16:51:53.681, 21096, 100
2026/08/05 16:51:54.681, 21096, 100
2026/08/05 16:51:55.684, 21096, 100
2026/08/05 16:51:56.685, 21096, 100
2026/08/05 16:51:57.685, 21096, 100
2026/08/05 16:51:58.685, 21096, 100
2026/08/05 16:51:59.686, 21096, 100
2026/08/05 16:52:00.686, 21096, 100
2026/08/05 16:52:01.686, 21096, 100
2026/08/05 16:52:02.687, 21096, 100
2026/08/05 16:52:03.687, 21096, 100
2026/08/05 16:52:04.687, 21096, 100
2026/08/05 16:52:05.689, 21096, 100
2026/08/05 16:52:06.689, 21096, 100
2026/08/05 16:52:07.690, 21096, 100
2026/08/05 16:52:08.690, 21096, 100
2026/08/05 16:52:09.690, 21096, 100
2026/08/05 16:52:10.690, 21096, 100
2026/08/05 16:52:11.691, 21096, 100
2026/08/05 16:52:12.691, 21096, 62
2026/08/05 16:52:13.691, 21096, 100
2026/08/05 16:52:14.692, 21096, 100
2026/08/05 16:52:15.692, 21096, 100
2026/08/05 16:52:16.692, 21096, 100
2026/08/05 16:52:17.693, 21096, 100
2026/08/05 16:52:18.693, 21096, 100
2026/08/05 16:52:19.693, 21096, 100
2026/08/05 16:52:20.693, 21096, 100
2026/08/05 16:52:21.694, 21096, 100
2026/08/05 16:52:22.694, 21096, 100
2026/08/05 16:52:23.694, 21096, 100
2026/08/05 16:52:24.695, 21096, 100
2026/08/05 16:52:25.695, 21096, 100
2026/08/05 16:52:26.695, 21096, 100
2026/08/05 16:52:27.696, 21096, 100
2026/08/05 16:52:28.696, 21096, 86
2026/08/05 16:52:29.696, 21096, 100
2026/08/05 16:52:30.696, 21096, 100
2026/08/05 16:52:31.697, 21096, 100
2026/08/05 16:52:32.697, 21096, 86
2026/08/05 16:52:33.697, 21096, 100
2026/08/05 16:52:34.698, 21096, 84
2026/08/05 16:52:35.698, 21096, 100
2026/08/05 16:52:36.698, 21096, 83
2026/08/05 16:52:37.699, 21096, 100
2026/08/05 16:52:38.699, 21096, 100
2026/08/05 16:52:39.699, 21096, 100
2026/08/05 16:52:40.700, 21096, 100
2026/08/05 16:52:41.700, 21096, 100
2026/08/05 16:52:42.700, 21096, 100
2026/08/05 16:52:43.701, 21096, 100
2026/08/05 16:52:44.701, 21096, 98
2026/08/05 16:52:45.701, 21096, 100
2026/08/05 16:52:46.701, 21096, 100
2026/08/05 16:52:47.702, 21096, 100
2026/08/05 16:52:48.702, 21096, 100
2026/08/05 16:52:49.702, 21096, 86
2026/08/05 16:52:50.703, 21096, 100
2026/08/05 16:52:51.703, 21096, 100
2026/08/05 16:52:52.703, 21096, 100
2026/08/05 16:52:53.704, 21096, 100
2026/08/05 16:52:54.704, 21096, 100
2026/08/05 16:52:55.704, 21096, 100
2026/08/05 16:52:56.705, 21096, 100
2026/08/05 16:52:57.705, 21096, 100
2026/08/05 16:52:58.705, 21096, 100
2026/08/05 16:52:59.705, 21096, 100
2026/08/05 16:53:00.706, 21096, 100
2026/08/05 16:53:01.706, 21096, 100
2026/08/05 16:53:02.706, 21096, 83
2026/08/05 16:53:03.707, 21096, 100
2026/08/05 16:53:04.707, 21096, 100
2026/08/05 16:53:05.707, 21096, 87
2026/08/05 16:53:06.708, 21096, 100
2026/08/05 16:53:07.708, 21096, 89
2026/08/05 16:53:08.708, 21096, 100
2026/08/05 16:53:09.708, 21096, 100
2026/08/05 16:53:10.709, 21096, 67
2026/08/05 16:53:11.709, 21096, 100
2026/08/05 16:53:12.709, 21096, 100
2026/08/05 16:53:13.710, 21096, 100
2026/08/05 16:53:14.710, 21096, 100
2026/08/05 16:53:15.710, 21096, 83
2026/08/05 16:53:16.711, 21096, 100
2026/08/05 16:53:17.711, 21096, 84
2026/08/05 16:53:18.711, 21096, 100
2026/08/05 16:53:19.712, 21096, 100
2026/08/05 16:53:20.712, 21096, 100
2026/08/05 16:53:21.712, 21096, 87
2026/08/05 16:53:22.713, 21096, 100
2026/08/05 16:53:23.713, 21096, 100
2026/08/05 16:53:24.713, 21096, 98
2026/08/05 16:53:25.713, 21096, 100
2026/08/05 16:53:26.714, 21096, 100
2026/08/05 16:53:27.714, 21096, 100
2026/08/05 16:53:28.714, 21096, 100
2026/08/05 16:53:29.715, 21096, 100
2026/08/05 16:53:30.715, 21096, 84
2026/08/05 16:53:31.715, 21096, 100
2026/08/05 16:53:32.716, 21096, 100
2026/08/05 16:53:33.716, 21096, 100
2026/08/05 16:53:34.716, 21096, 83
2026/08/05 16:53:35.717, 21096, 100
2026/08/05 16:53:36.717, 21096, 86
2026/08/05 16:53:37.717, 21096, 100
2026/08/05 16:53:38.718, 21096, 100
2026/08/05 16:53:39.718, 21096, 100
2026/08/05 16:53:40.718, 21096, 100
2026/08/05 16:53:41.719, 21096, 100
2026/08/05 16:53:42.719, 21096, 100
2026/08/05 16:53:43.719, 21096, 100
2026/08/05 16:53:44.720, 21096, 100
2026/08/05 16:53:45.720, 21096, 100
2026/08/05 16:53:46.720, 21096, 100
2026/08/05 16:53:47.721, 21096, 100
2026/08/05 16:53:48.721, 21096, 100
2026/08/05 16:53:49.721, 21096, 88
2026/08/05 16:53:50.722, 21096, 69
2026/08/05 16:53:51.722, 21096, 100
2026/08/05 16:53:52.722, 21096, 100
2026/08/05 16:53:53.723, 21096, 100
2026/08/05 16:53:54.723, 21096, 100
2026/08/05 16:53:55.723, 21096, 100
2026/08/05 16:53:56.723, 21096, 85
2026/08/05 16:53:57.724, 21096, 100
2026/08/05 16:53:58.724, 21096, 100
2026/08/05 16:53:59.724, 21096, 100
2026/08/05 16:54:00.725, 21096, 100
2026/08/05 16:54:01.725, 21096, 100
2026/08/05 16:54:02.725, 21096, 100
2026/08/05 16:54:03.726, 21096, 100
2026/08/05 16:54:04.726, 21096, 67
2026/08/05 16:54:05.726, 21096, 100
2026/08/05 16:54:06.727, 21096, 100
2026/08/05 16:54:07.727, 21096, 100
2026/08/05 16:54:08.727, 21096, 100
2026/08/05 16:54:09.727, 21096, 100
2026/08/05 16:54:10.728, 21096, 100
2026/08/05 16:54:11.728, 21096, 95
2026/08/05 16:54:12.728, 21096, 100
2026/08/05 16:54:13.730, 21096, 100
2026/08/05 16:54:14.753, 21096, 100
2026/08/05 16:54:15.783, 21096, 100
2026/08/05 16:54:16.808, 21096, 100
2026/08/05 16:54:17.831, 21096, 100
2026/08/05 16:54:18.852, 21096, 100
2026/08/05 16:54:19.869, 21096, 100
2026/08/05 16:54:20.885, 21096, 100
2026/08/05 16:54:21.899, 21096, 100
2026/08/05 16:54:22.911, 21096, 77
2026/08/05 16:54:23.922, 21096, 90
2026/08/05 16:54:24.931, 21096, 100
2026/08/05 16:54:25.939, 21096, 100
2026/08/05 16:54:26.946, 21096, 100
2026/08/05 16:54:27.954, 21096, 100
2026/08/05 16:54:28.960, 21096, 100
2026/08/05 16:54:29.966, 21096, 100
2026/08/05 16:54:30.970, 21096, 100
2026/08/05 16:54:31.975, 21096, 82
2026/08/05 16:54:32.979, 21096, 100
2026/08/05 16:54:33.982, 21096, 100
2026/08/05 16:54:34.986, 21096, 100
2026/08/05 16:54:35.988, 21096, 100
2026/08/05 16:54:36.991, 21096, 100
2026/08/05 16:54:37.994, 21096, 100
2026/08/05 16:54:38.996, 21096, 100
2026/08/05 16:54:39.998, 21096, 100
2026/08/05 16:54:41.001, 21096, 100
2026/08/05 16:54:42.003, 21096, 100
2026/08/05 16:54:43.005, 21096, 82
2026/08/05 16:54:44.008, 21096, 83
2026/08/05 16:54:45.009, 21096, 100
2026/08/05 16:54:46.010, 21096, 100
2026/08/05 16:54:47.012, 21096, 100
2026/08/05 16:54:48.012, 21096, 100
2026/08/05 16:54:49.012, 21096, 100
2026/08/05 16:54:50.013, 21096, 100
2026/08/05 16:54:51.013, 21096, 100
2026/08/05 16:54:52.013, 21096, 100
2026/08/05 16:54:53.013, 21096, 100
2026/08/05 16:54:54.014, 21096, 66
2026/08/05 16:54:55.014, 21096, 100
2026/08/05 16:54:56.015, 21096, 100
2026/08/05 16:54:57.017, 21096, 82
2026/08/05 16:54:58.018, 21096, 100
2026/08/05 16:54:59.019, 21096, 100
2026/08/05 16:55:00.021, 21096, 100
2026/08/05 16:55:01.022, 21096, 100
2026/08/05 16:55:02.024, 21096, 100
2026/08/05 16:55:03.025, 21096, 100
2026/08/05 16:55:04.026, 21096, 100
2026/08/05 16:55:05.028, 21096, 100
2026/08/05 16:55:06.029, 21096, 100
2026/08/05 16:55:07.030, 21096, 95
2026/08/05 16:55:08.032, 21096, 83
2026/08/05 16:55:09.033, 21096, 100
2026/08/05 16:55:10.034, 21096, 100
2026/08/05 16:55:11.035, 21096, 100
2026/08/05 16:55:12.036, 21096, 100
2026/08/05 16:55:13.037, 21096, 100
2026/08/05 16:55:14.037, 21096, 100
2026/08/05 16:55:15.038, 21096, 100
2026/08/05 16:55:16.039, 21096, 100
2026/08/05 16:55:17.039, 21096, 100
2026/08/05 16:55:18.041, 21096, 100
2026/08/05 16:55:19.042, 21096, 100
2026/08/05 16:55:20.043, 21096, 100
2026/08/05 16:55:21.043, 21096, 100
2026/08/05 16:55:22.045, 21096, 84
2026/08/05 16:55:23.046, 21096, 100
2026/08/05 16:55:24.048, 21096, 82
2026/08/05 16:55:25.049, 21096, 75
2026/08/05 16:55:26.050, 21096, 100
2026/08/05 16:55:27.052, 21096, 100
2026/08/05 16:55:28.053, 21096, 100
2026/08/05 16:55:29.054, 21096, 100
2026/08/05 16:55:30.056, 21096, 100
2026/08/05 16:55:31.057, 21096, 61
2026/08/05 16:55:32.058, 21096, 100
2026/08/05 16:55:33.060, 21096, 82
2026/08/05 16:55:34.061, 21096, 100
2026/08/05 16:55:35.062, 21096, 100
2026/08/05 16:55:36.064, 21096, 100
2026/08/05 16:55:37.065, 21096, 100
2026/08/05 16:55:38.066, 21096, 100
2026/08/05 16:55:39.068, 21096, 100
2026/08/05 16:55:40.069, 21096, 100
2026/08/05 16:55:41.070, 21096, 100
2026/08/05 16:55:42.072, 21096, 100
2026/08/05 16:55:43.073, 21096, 100
2026/08/05 16:55:44.074, 21096, 100
2026/08/05 16:55:45.075, 21096, 83
2026/08/05 16:55:46.076, 21096, 100
2026/08/05 16:55:47.077, 21096, 100
2026/08/05 16:55:48.079, 21096, 100
2026/08/05 16:55:49.080, 21096, 100
2026/08/05 16:55:50.081, 21096, 100
2026/08/05 16:55:51.082, 21096, 100
2026/08/05 16:55:52.082, 21096, 100
2026/08/05 16:55:53.082, 21096, 90
2026/08/05 16:55:54.082, 21096, 100
2026/08/05 16:55:55.082, 21096, 100
2026/08/05 16:55:56.083, 21096, 100
2026/08/05 16:55:57.083, 21096, 100
2026/08/05 16:55:58.083, 21096, 100
2026/08/05 16:55:59.083, 21096, 100
2026/08/05 16:56:00.084, 21096, 85
2026/08/05 16:56:01.084, 21096, 100
2026/08/05 16:56:02.084, 21096, 100
2026/08/05 16:56:03.085, 21096, 100
2026/08/05 16:56:04.085, 21096, 100
2026/08/05 16:56:05.085, 21096, 100
2026/08/05 16:56:06.085, 21096, 100
2026/08/05 16:56:07.085, 21096, 100
2026/08/05 16:56:08.085, 21096, 100
2026/08/05 16:56:09.086, 21096, 100
2026/08/05 16:56:10.086, 21096, 84
2026/08/05 16:56:11.086, 21096, 100
2026/08/05 16:56:12.087, 21096, 100
2026/08/05 16:56:13.087, 21096, 100
2026/08/05 16:56:14.087, 21096, 100
2026/08/05 16:56:15.087, 21096, 100
2026/08/05 16:56:16.088, 21096, 100
2026/08/05 16:56:17.088, 21096, 100
2026/08/05 16:56:18.088, 21096, 91
2026/08/05 16:56:19.088, 21096, 100
2026/08/05 16:56:20.089, 21096, 100
2026/08/05 16:56:21.089, 21096, 100
2026/08/05 16:56:22.089, 21096, 100
2026/08/05 16:56:23.089, 21096, 100
2026/08/05 16:56:24.091, 21096, 100
2026/08/05 16:56:25.105, 21096, 100
2026/08/05 16:56:26.118, 21096, 100
2026/08/05 16:56:27.128, 21096, 100
2026/08/05 16:56:28.138, 21096, 100
2026/08/05 16:56:29.146, 21096, 100
2026/08/05 16:56:30.154, 21096, 100
2026/08/05 16:56:31.161, 21096, 100
2026/08/05 16:56:32.167, 21096, 100
2026/08/05 16:56:33.173, 21096, 100
2026/08/05 16:56:34.178, 21096, 100
2026/08/05 16:56:35.183, 21096, 61
2026/08/05 16:56:36.187, 21096, 98
2026/08/05 16:56:37.191, 21096, 94
2026/08/05 16:56:38.194, 21096, 100
2026/08/05 16:56:39.198, 21096, 100
2026/08/05 16:56:40.200, 21096, 100
2026/08/05 16:56:41.204, 21096, 84
2026/08/05 16:56:42.206, 21096, 100
2026/08/05 16:56:43.208, 21096, 100
2026/08/05 16:56:44.210, 21096, 100
2026/08/05 16:56:45.212, 21096, 100
2026/08/05 16:56:46.215, 21096, 87
2026/08/05 16:56:47.217, 21096, 100
2026/08/05 16:56:48.218, 21096, 100
2026/08/05 16:56:49.220, 21096, 59
2026/08/05 16:56:50.221, 21096, 100
2026/08/05 16:56:51.223, 21096, 100
2026/08/05 16:56:52.224, 21096, 100
2026/08/05 16:56:53.225, 21096, 100
2026/08/05 16:56:54.227, 21096, 100
2026/08/05 16:56:55.228, 21096, 100
2026/08/05 16:56:56.230, 21096, 100
2026/08/05 16:56:57.234, 21096, 100
2026/08/05 16:56:58.246, 21096, 100
2026/08/05 16:56:59.258, 21096, 100
2026/08/05 16:57:00.268, 21096, 100
2026/08/05 16:57:01.278, 21096, 97
2026/08/05 16:57:02.286, 21096, 100
2026/08/05 16:57:03.294, 21096, 100
2026/08/05 16:57:04.300, 21096, 100
2026/08/05 16:57:05.306, 21096, 100
2026/08/05 16:57:06.311, 21096, 100
2026/08/05 16:57:07.315, 21096, 100
2026/08/05 16:57:08.320, 21096, 100
2026/08/05 16:57:09.324, 21096, 100
2026/08/05 16:57:10.327, 21096, 100
2026/08/05 16:57:11.330, 21096, 100
2026/08/05 16:57:12.333, 21096, 85
2026/08/05 16:57:13.335, 21096, 100
2026/08/05 16:57:14.338, 21096, 100
2026/08/05 16:57:15.340, 21096, 100
2026/08/05 16:57:16.343, 21096, 100
2026/08/05 16:57:17.345, 21096, 100
2026/08/05 16:57:18.347, 21096, 100
2026/08/05 16:57:19.348, 21096, 100
2026/08/05 16:57:20.350, 21096, 100
2026/08/05 16:57:21.351, 21096, 100
2026/08/05 16:57:22.353, 21096, 88
2026/08/05 16:57:23.354, 21096, 64
2026/08/05 16:57:24.356, 21096, 100
2026/08/05 16:57:25.357, 21096, 100
2026/08/05 16:57:26.358, 21096, 100
2026/08/05 16:57:27.360, 21096, 100
2026/08/05 16:57:28.361, 21096, 100
2026/08/05 16:57:29.363, 21096, 100
2026/08/05 16:57:30.367, 21096, 100
2026/08/05 16:57:31.378, 21096, 100
2026/08/05 16:57:32.387, 21096, 84
2026/08/05 16:57:33.396, 21096, 100
2026/08/05 16:57:34.403, 21096, 100
2026/08/05 16:57:35.410, 21096, 100
2026/08/05 16:57:36.416, 21096, 100
2026/08/05 16:57:37.421, 21096, 100
2026/08/05 16:57:38.426, 21096, 100
2026/08/05 16:57:39.431, 21096, 83
2026/08/05 16:57:40.435, 21096, 100
2026/08/05 16:57:41.438, 21096, 100
2026/08/05 16:57:42.442, 21096, 100
2026/08/05 16:57:43.445, 21096, 100
2026/08/05 16:57:44.447, 21096, 100
2026/08/05 16:57:45.450, 21096, 100
2026/08/05 16:57:46.452, 21096, 83
2026/08/05 16:57:47.455, 21096, 100
2026/08/05 16:57:48.457, 21096, 100
2026/08/05 16:57:49.460, 21096, 86
2026/08/05 16:57:50.462, 21096, 83
2026/08/05 16:57:51.464, 21096, 100
2026/08/05 16:57:52.466, 21096, 85
2026/08/05 16:57:53.467, 21096, 100
2026/08/05 16:57:54.468, 21096, 100
2026/08/05 16:57:55.470, 21096, 100
2026/08/05 16:57:56.471, 21096, 100
2026/08/05 16:57:57.473, 21096, 100
2026/08/05 16:57:58.474, 21096, 100
2026/08/05 16:57:59.475, 21096, 100
2026/08/05 16:58:00.477, 21096, 100
2026/08/05 16:58:01.478, 21096, 100
2026/08/05 16:58:02.479, 21096, 100
2026/08/05 16:58:03.479, 21096, 100
2026/08/05 16:58:04.479, 21096, 100
2026/08/05 16:58:05.479, 21096, 84
2026/08/05 16:58:06.479, 21096, 100
2026/08/05 16:58:07.480, 21096, 100
2026/08/05 16:58:08.480, 21096, 100
2026/08/05 16:58:09.480, 21096, 100
2026/08/05 16:58:10.480, 21096, 100
2026/08/05 16:58:11.481, 21096, 100
2026/08/05 16:58:12.481, 21096, 100
2026/08/05 16:58:13.481, 21096, 62
2026/08/05 16:58:14.481, 21096, 100
2026/08/05 16:58:15.481, 21096, 100
2026/08/05 16:58:16.481, 21096, 100
2026/08/05 16:58:17.482, 21096, 100
2026/08/05 16:58:18.482, 21096, 85
2026/08/05 16:58:19.482, 21096, 100
2026/08/05 16:58:20.482, 21096, 100
2026/08/05 16:58:21.482, 21096, 84
2026/08/05 16:58:22.483, 21096, 100
2026/08/05 16:58:23.483, 21096, 100
2026/08/05 16:58:24.483, 21096, 83
2026/08/05 16:58:25.483, 21096, 100
2026/08/05 16:58:26.484, 21096, 100
2026/08/05 16:58:27.484, 21096, 100
2026/08/05 16:58:28.484, 21096, 100
2026/08/05 16:58:29.485, 21096, 100
2026/08/05 16:58:30.485, 21096, 100
2026/08/05 16:58:31.485, 21096, 100
2026/08/05 16:58:32.485, 21096, 100
2026/08/05 16:58:33.486, 21096, 100
2026/08/05 16:58:34.486, 21096, 100
2026/08/05 16:58:35.486, 21096, 100
2026/08/05 16:58:36.486, 21096, 100
2026/08/05 16:58:37.487, 21096, 100
2026/08/05 16:58:38.487, 21096, 100
2026/08/05 16:58:39.487, 21096, 100
2026/08/05 16:58:40.488, 21096, 100
2026/08/05 16:58:41.488, 21096, 100
2026/08/05 16:58:42.488, 21096, 100
2026/08/05 16:58:43.488, 21096, 100
2026/08/05 16:58:44.489, 21096, 100
2026/08/05 16:58:45.489, 21096, 100
2026/08/05 16:58:46.489, 21096, 100
2026/08/05 16:58:47.490, 21096, 81
2026/08/05 16:58:48.490, 21096, 99
2026/08/05 16:58:49.491, 21096, 100
2026/08/05 16:58:50.491, 21096, 100
2026/08/05 16:58:51.491, 21096, 100
2026/08/05 16:58:52.491, 21096, 100
2026/08/05 16:58:53.492, 21096, 100
2026/08/05 16:58:54.492, 21096, 100
2026/08/05 16:58:55.493, 21096, 100
2026/08/05 16:58:56.493, 21096, 80
2026/08/05 16:58:57.493, 21096, 100
2026/08/05 16:58:58.493, 21096, 100
2026/08/05 16:58:59.494, 21096, 100
2026/08/05 16:59:00.494, 21096, 100
2026/08/05 16:59:01.494, 21096, 100
2026/08/05 16:59:02.495, 21096, 100
2026/08/05 16:59:03.495, 21096, 100
2026/08/05 16:59:04.495, 21096, 100
2026/08/05 16:59:05.496, 21096, 80
2026/08/05 16:59:06.496, 21096, 100
2026/08/05 16:59:07.496, 21096, 100
2026/08/05 16:59:08.496, 21096, 100
2026/08/05 16:59:09.497, 21096, 100
2026/08/05 16:59:10.497, 21096, 100
2026/08/05 16:59:11.497, 21096, 100
2026/08/05 16:59:12.498, 21096, 100
2026/08/05 16:59:13.498, 21096, 100
2026/08/05 16:59:14.498, 21096, 92
2026/08/05 16:59:15.498, 21096, 100
2026/08/05 16:59:16.498, 21096, 100
2026/08/05 16:59:17.498, 21096, 100
2026/08/05 16:59:18.499, 21096, 100
2026/08/05 16:59:19.499, 21096, 100
2026/08/05 16:59:20.499, 21096, 100
2026/08/05 16:59:21.500, 21096, 100
2026/08/05 16:59:22.500, 21096, 100
2026/08/05 16:59:23.500, 21096, 100
2026/08/05 16:59:24.501, 21096, 100
2026/08/05 16:59:25.501, 21096, 100
2026/08/05 16:59:26.501, 21096, 100
2026/08/05 16:59:27.502, 21096, 100
2026/08/05 16:59:28.502, 21096, 100
2026/08/05 16:59:29.502, 21096, 100
2026/08/05 16:59:30.502, 21096, 96
2026/08/05 16:59:31.503, 21096, 100
2026/08/05 16:59:32.503, 21096, 80
2026/08/05 16:59:33.503, 21096, 100
2026/08/05 16:59:34.504, 21096, 100
2026/08/05 16:59:35.504, 21096, 100
2026/08/05 16:59:36.504, 21096, 97
2026/08/05 16:59:37.504, 21096, 89
2026/08/05 16:59:38.504, 21096, 80
2026/08/05 16:59:39.505, 21096, 100
2026/08/05 16:59:40.506, 21096, 100
2026/08/05 16:59:41.507, 21096, 100
2026/08/05 16:59:42.509, 21096, 100
2026/08/05 16:59:43.510, 21096, 100
2026/08/05 16:59:44.511, 21096, 100
2026/08/05 16:59:45.513, 21096, 100
2026/08/05 16:59:46.514, 21096, 57
2026/08/05 16:59:47.515, 21096, 100
2026/08/05 16:59:48.517, 21096, 100
2026/08/05 16:59:49.518, 21096, 100
2026/08/05 16:59:50.519, 21096, 100
2026/08/05 16:59:51.521, 21096, 100
2026/08/05 16:59:52.522, 21096, 100
2026/08/05 16:59:53.522, 21096, 100
2026/08/05 16:59:54.523, 21096, 100
2026/08/05 16:59:55.523, 21096, 100
2026/08/05 16:59:56.523, 21096, 100
2026/08/05 16:59:57.524, 21096, 100
2026/08/05 16:59:58.524, 21096, 100
2026/08/05 16:59:59.524, 21096, 81
2026/08/05 17:00:00.524, 21096, 100
2026/08/05 17:00:01.525, 21096, 89
2026/08/05 17:00:02.525, 21096, 82
2026/08/05 17:00:03.526, 21096, 89
2026/08/05 17:00:04.526, 21096, 100
2026/08/05 17:00:05.526, 21096, 100
2026/08/05 17:00:06.527, 21096, 100
2026/08/05 17:00:07.527, 21096, 100
2026/08/05 17:00:08.527, 21096, 87
2026/08/05 17:00:09.527, 21096, 85
2026/08/05 17:00:10.528, 21096, 100
2026/08/05 17:00:11.528, 21096, 100
2026/08/05 17:00:12.528, 21096, 100
2026/08/05 17:00:13.528, 21096, 100
2026/08/05 17:00:14.529, 21096, 100
2026/08/05 17:00:15.529, 21096, 60
2026/08/05 17:00:16.529, 21096, 98
2026/08/05 17:00:17.530, 21096, 100
2026/08/05 17:00:18.530, 21096, 100
2026/08/05 17:00:19.530, 21096, 100
2026/08/05 17:00:20.531, 21096, 100
2026/08/05 17:00:21.531, 21096, 100
2026/08/05 17:00:22.531, 21096, 81
2026/08/05 17:00:23.531, 21096, 94
2026/08/05 17:00:24.532, 21096, 100
2026/08/05 17:00:25.532, 21096, 100
2026/08/05 17:00:26.532, 21096, 100
2026/08/05 17:00:27.532, 21096, 100
2026/08/05 17:00:28.533, 21096, 100
2026/08/05 17:00:29.533, 21096, 100
2026/08/05 17:00:30.533, 21096, 100
2026/08/05 17:00:31.534, 21096, 100
2026/08/05 17:00:32.534, 21096, 100
2026/08/05 17:00:33.534, 21096, 100
2026/08/05 17:00:34.534, 21096, 100
2026/08/05 17:00:35.535, 21096, 100
2026/08/05 17:00:36.535, 21096, 100
2026/08/05 17:00:37.535, 21096, 100
2026/08/05 17:00:38.535, 21096, 100
2026/08/05 17:00:39.535, 21096, 100
2026/08/05 17:00:40.535, 21096, 100
2026/08/05 17:00:41.536, 21096, 100
2026/08/05 17:00:42.536, 21096, 100
2026/08/05 17:00:43.536, 21096, 100
2026/08/05 17:00:44.536, 21096, 90
2026/08/05 17:00:45.537, 21096, 100
2026/08/05 17:00:46.537, 21096, 100
2026/08/05 17:00:47.537, 21096, 100
2026/08/05 17:00:48.538, 21096, 100
2026/08/05 17:00:49.538, 21096, 100
2026/08/05 17:00:50.538, 21096, 100
2026/08/05 17:00:51.538, 21096, 57
2026/08/05 17:00:52.539, 21096, 100
2026/08/05 17:00:53.539, 21096, 100
2026/08/05 17:00:54.539, 21096, 100
2026/08/05 17:00:55.539, 21096, 100
2026/08/05 17:00:56.540, 21096, 99
2026/08/05 17:00:57.540, 21096, 100
2026/08/05 17:00:58.540, 21096, 100
2026/08/05 17:00:59.540, 21096, 100
2026/08/05 17:01:00.541, 21096, 100
2026/08/05 17:01:01.541, 21096, 100
2026/08/05 17:01:02.541, 21096, 82
2026/08/05 17:01:03.541, 21096, 100
2026/08/05 17:01:04.542, 21096, 100
2026/08/05 17:01:05.542, 21096, 100
2026/08/05 17:01:06.542, 21096, 100
2026/08/05 17:01:07.543, 21096, 100
2026/08/05 17:01:08.543, 21096, 100
2026/08/05 17:01:09.543, 21096, 80
2026/08/05 17:01:10.543, 21096, 100
2026/08/05 17:01:11.544, 21096, 100
2026/08/05 17:01:12.544, 21096, 100
2026/08/05 17:01:13.544, 21096, 100
2026/08/05 17:01:14.544, 21096, 100
2026/08/05 17:01:15.545, 21096, 100
2026/08/05 17:01:16.545, 21096, 100
2026/08/05 17:01:17.545, 21096, 100
2026/08/05 17:01:18.545, 21096, 100
2026/08/05 17:01:19.546, 21096, 100
2026/08/05 17:01:20.546, 21096, 100
2026/08/05 17:01:21.547, 21096, 100
2026/08/05 17:01:22.547, 21096, 95
2026/08/05 17:01:23.547, 21096, 100
2026/08/05 17:01:24.547, 21096, 100
2026/08/05 17:01:25.548, 21096, 100
2026/08/05 17:01:26.548, 21096, 100
2026/08/05 17:01:27.548, 21096, 100
2026/08/05 17:01:28.548, 21096, 100
2026/08/05 17:01:29.549, 21096, 100
2026/08/05 17:01:30.549, 21096, 100
2026/08/05 17:01:31.549, 21096, 81
2026/08/05 17:01:32.549, 21096, 100
2026/08/05 17:01:33.549, 21096, 100
2026/08/05 17:01:34.550, 21096, 100
2026/08/05 17:01:35.550, 21096, 100
2026/08/05 17:01:36.550, 21096, 100
2026/08/05 17:01:37.550, 21096, 100
2026/08/05 17:01:38.550, 21096, 100
2026/08/05 17:01:39.551, 21096, 100
2026/08/05 17:01:40.551, 21096, 100
2026/08/05 17:01:41.551, 21096, 100
2026/08/05 17:01:42.551, 21096, 100
2026/08/05 17:01:43.551, 21096, 100
2026/08/05 17:01:44.552, 21096, 100
2026/08/05 17:01:45.552, 21096, 100
2026/08/05 17:01:46.552, 21096, 100
2026/08/05 17:01:47.552, 21096, 100
2026/08/05 17:01:48.570, 21096, 100
2026/08/05 17:01:49.601, 21096, 84
2026/08/05 17:01:50.628, 21096, 100
2026/08/05 17:01:51.652, 21096, 100
2026/08/05 17:01:52.673, 21096, 100
2026/08/05 17:01:53.692, 21096, 100
2026/08/05 17:01:54.708, 21096, 100
2026/08/05 17:01:55.722, 21096, 100
2026/08/05 17:01:56.735, 21096, 100
2026/08/05 17:01:57.746, 21096, 100
2026/08/05 17:01:58.757, 21096, 100
2026/08/05 17:01:59.766, 21096, 100
2026/08/05 17:02:00.774, 21096, 100
2026/08/05 17:02:01.781, 21096, 100
2026/08/05 17:02:02.787, 21096, 100
2026/08/05 17:02:03.792, 21096, 100
2026/08/05 17:02:04.798, 21096, 100
2026/08/05 17:02:05.802, 21096, 100
2026/08/05 17:02:06.806, 21096, 100
2026/08/05 17:02:07.811, 21096, 75
2026/08/05 17:02:08.814, 21096, 100
2026/08/05 17:02:09.818, 21096, 100
2026/08/05 17:02:10.820, 21096, 100
2026/08/05 17:02:11.822, 21096, 100
2026/08/05 17:02:12.825, 21096, 78
2026/08/05 17:02:13.827, 21096, 100
2026/08/05 17:02:14.829, 21096, 100
2026/08/05 17:02:15.832, 21096, 100
2026/08/05 17:02:16.834, 21096, 100
2026/08/05 17:02:17.836, 21096, 100
2026/08/05 17:02:18.838, 21096, 100
2026/08/05 17:02:19.840, 21096, 100
2026/08/05 17:02:20.841, 21096, 100
2026/08/05 17:02:21.841, 21096, 100
2026/08/05 17:02:22.841, 21096, 100
2026/08/05 17:02:23.842, 21096, 100
2026/08/05 17:02:24.842, 21096, 100
2026/08/05 17:02:25.842, 21096, 84
2026/08/05 17:02:26.842, 21096, 100
2026/08/05 17:02:27.843, 21096, 100
2026/08/05 17:02:28.843, 21096, 100
2026/08/05 17:02:29.843, 21096, 100
2026/08/05 17:02:30.843, 21096, 99
2026/08/05 17:02:31.843, 21096, 100
2026/08/05 17:02:32.843, 21096, 100
2026/08/05 17:02:33.844, 21096, 100
2026/08/05 17:02:34.844, 21096, 100
2026/08/05 17:02:35.844, 21096, 100
2026/08/05 17:02:36.845, 21096, 100
2026/08/05 17:02:37.845, 21096, 100
2026/08/05 17:02:38.845, 21096, 100
2026/08/05 17:02:39.845, 21096, 100
2026/08/05 17:02:40.845, 21096, 100
2026/08/05 17:02:41.846, 21096, 100
2026/08/05 17:02:42.846, 21096, 100
2026/08/05 17:02:43.846, 21096, 100
2026/08/05 17:02:44.846, 21096, 97
2026/08/05 17:02:45.846, 21096, 100
2026/08/05 17:02:46.847, 21096, 100
2026/08/05 17:02:47.847, 21096, 100
2026/08/05 17:02:48.847, 21096, 100
2026/08/05 17:02:49.847, 21096, 100
2026/08/05 17:02:50.847, 21096, 79
2026/08/05 17:02:51.848, 21096, 100
2026/08/05 17:02:52.848, 21096, 93
2026/08/05 17:02:53.858, 21096, 96
2026/08/05 17:02:54.867, 21096, 100
2026/08/05 17:02:55.877, 21096, 100
2026/08/05 17:02:56.884, 21096, 100
2026/08/05 17:02:57.892, 21096, 60
2026/08/05 17:02:58.898, 21096, 100
2026/08/05 17:02:59.904, 21096, 100
2026/08/05 17:03:00.909, 21096, 100
2026/08/05 17:03:01.913, 21096, 83
2026/08/05 17:03:02.918, 21096, 100
2026/08/05 17:03:03.921, 21096, 100
2026/08/05 17:03:04.925, 21096, 100
2026/08/05 17:03:05.928, 21096, 100
2026/08/05 17:03:06.932, 21096, 100
2026/08/05 17:03:07.934, 21096, 100
2026/08/05 17:03:08.936, 21096, 100
2026/08/05 17:03:09.938, 21096, 100
2026/08/05 17:03:10.941, 21096, 100
2026/08/05 17:03:11.943, 21096, 100
2026/08/05 17:03:12.945, 21096, 100
2026/08/05 17:03:13.948, 21096, 100
2026/08/05 17:03:14.950, 21096, 100
2026/08/05 17:03:15.951, 21096, 94
2026/08/05 17:03:16.953, 21096, 100
2026/08/05 17:03:17.954, 21096, 100
2026/08/05 17:03:18.955, 21096, 64
2026/08/05 17:03:19.957, 21096, 100
2026/08/05 17:03:20.958, 21096, 100
2026/08/05 17:03:21.959, 21096, 100
2026/08/05 17:03:22.961, 21096, 100
2026/08/05 17:03:23.962, 21096, 100
2026/08/05 17:03:24.963, 21096, 100
2026/08/05 17:03:25.965, 21096, 100
2026/08/05 17:03:26.996, 21096, 100
2026/08/05 17:03:28.026, 21096, 100
2026/08/05 17:03:29.051, 21096, 100
2026/08/05 17:03:30.073, 21096, 85
2026/08/05 17:03:31.093, 21096, 100
2026/08/05 17:03:32.110, 21096, 100
2026/08/05 17:03:33.126, 21096, 100
2026/08/05 17:03:34.139, 21096, 100
2026/08/05 17:03:35.151, 21096, 100
2026/08/05 17:03:36.161, 21096, 100
2026/08/05 17:03:37.171, 21096, 100
2026/08/05 17:03:38.179, 21096, 100
2026/08/05 17:03:39.187, 21096, 67
2026/08/05 17:03:40.194, 21096, 100
2026/08/05 17:03:41.200, 21096, 100
2026/08/05 17:03:42.205, 21096, 100
2026/08/05 17:03:43.211, 21096, 100
2026/08/05 17:03:44.215, 21096, 100
2026/08/05 17:03:45.220, 21096, 100
2026/08/05 17:03:46.223, 21096, 82
2026/08/05 17:03:47.227, 21096, 100
2026/08/05 17:03:48.230, 21096, 88
2026/08/05 17:03:49.233, 21096, 92
2026/08/05 17:03:50.235, 21096, 100
2026/08/05 17:03:51.238, 21096, 100
2026/08/05 17:03:52.240, 21096, 83
2026/08/05 17:03:53.242, 21096, 100
2026/08/05 17:03:54.244, 21096, 81
2026/08/05 17:03:55.246, 21096, 100
2026/08/05 17:03:56.248, 21096, 100
2026/08/05 17:03:57.250, 21096, 100
2026/08/05 17:03:58.251, 21096, 100
2026/08/05 17:03:59.253, 21096, 100
2026/08/05 17:04:00.254, 21096, 100
2026/08/05 17:04:01.255, 21096, 100
2026/08/05 17:04:02.259, 21096, 100
2026/08/05 17:04:03.261, 21096, 100
2026/08/05 17:04:04.262, 21096, 100
2026/08/05 17:04:05.263, 21096, 100
2026/08/05 17:04:06.264, 21096, 100
2026/08/05 17:04:07.266, 21096, 100
2026/08/05 17:04:08.267, 21096, 100
2026/08/05 17:04:09.268, 21096, 100
2026/08/05 17:04:10.270, 21096, 100
2026/08/05 17:04:11.271, 21096, 78
2026/08/05 17:04:12.273, 21096, 79
2026/08/05 17:04:13.274, 21096, 82
2026/08/05 17:04:14.275, 21096, 100
2026/08/05 17:04:15.277, 21096, 100
2026/08/05 17:04:16.278, 21096, 100
2026/08/05 17:04:17.280, 21096, 100
2026/08/05 17:04:18.281, 21096, 100
2026/08/05 17:04:19.282, 21096, 100
2026/08/05 17:04:20.284, 21096, 100
2026/08/05 17:04:21.285, 21096, 100
2026/08/05 17:04:22.286, 21096, 100
2026/08/05 17:04:23.288, 21096, 100
2026/08/05 17:04:24.289, 21096, 100
2026/08/05 17:04:25.290, 21096, 100
2026/08/05 17:04:26.292, 21096, 64
2026/08/05 17:04:27.293, 21096, 100
2026/08/05 17:04:28.294, 21096, 100
2026/08/05 17:04:29.295, 21096, 100
2026/08/05 17:04:30.297, 21096, 100
2026/08/05 17:04:31.297, 21096, 100
2026/08/05 17:04:32.297, 21096, 100
2026/08/05 17:04:33.297, 21096, 100
2026/08/05 17:04:34.298, 21096, 100
2026/08/05 17:04:35.298, 21096, 100
2026/08/05 17:04:36.298, 21096, 100
2026/08/05 17:04:37.298, 21096, 100
2026/08/05 17:04:38.299, 21096, 95
2026/08/05 17:04:39.299, 21096, 100
2026/08/05 17:04:40.299, 21096, 100
2026/08/05 17:04:41.299, 21096, 100
2026/08/05 17:04:42.300, 21096, 100
2026/08/05 17:04:43.300, 21096, 86
2026/08/05 17:04:44.300, 21096, 100
2026/08/05 17:04:45.300, 21096, 100
2026/08/05 17:04:46.300, 21096, 100
2026/08/05 17:04:47.301, 21096, 100
2026/08/05 17:04:48.301, 21096, 100
2026/08/05 17:04:49.301, 21096, 100
2026/08/05 17:04:50.301, 21096, 100
2026/08/05 17:04:51.302, 21096, 100
2026/08/05 17:04:52.302, 21096, 100
2026/08/05 17:04:53.302, 21096, 100
2026/08/05 17:04:54.302, 21096, 85
2026/08/05 17:04:55.303, 21096, 100
2026/08/05 17:04:56.303, 21096, 100
2026/08/05 17:04:57.303, 21096, 100
2026/08/05 17:04:58.303, 21096, 69
2026/08/05 17:04:59.304, 21096, 100
2026/08/05 17:05:00.304, 21096, 100
2026/08/05 17:05:01.304, 21096, 100
2026/08/05 17:05:02.305, 21096, 100
2026/08/05 17:05:03.305, 21096, 83
2026/08/05 17:05:04.305, 21096, 100
2026/08/05 17:05:05.314, 21096, 100
2026/08/05 17:05:06.343, 21096, 100
2026/08/05 17:05:07.367, 21096, 100
2026/08/05 17:05:08.389, 21096, 100
2026/08/05 17:05:09.408, 21096, 100
2026/08/05 17:05:10.425, 21096, 100
2026/08/05 17:05:11.439, 21096, 100
2026/08/05 17:05:12.453, 21096, 66
2026/08/05 17:05:13.464, 21096, 100
2026/08/05 17:05:14.475, 21096, 100
2026/08/05 17:05:15.484, 21096, 100
2026/08/05 17:05:16.492, 21096, 100
2026/08/05 17:05:17.500, 21096, 100
2026/08/05 17:05:18.506, 21096, 100
2026/08/05 17:05:19.512, 21096, 100
2026/08/05 17:05:20.518, 21096, 94
2026/08/05 17:05:21.523, 21096, 100
2026/08/05 17:05:22.526, 21096, 100
2026/08/05 17:05:23.531, 21096, 100
2026/08/05 17:05:24.535, 21096, 100
2026/08/05 17:05:25.538, 21096, 100
2026/08/05 17:05:26.541, 21096, 100
2026/08/05 17:05:27.544, 21096, 56
2026/08/05 17:05:28.547, 21096, 100
2026/08/05 17:05:29.549, 21096, 100
2026/08/05 17:05:30.552, 21096, 100
2026/08/05 17:05:31.554, 21096, 100
2026/08/05 17:05:32.556, 21096, 100
2026/08/05 17:05:33.559, 21096, 100
2026/08/05 17:05:34.574, 21096, 100
2026/08/05 17:05:35.576, 21096, 100
2026/08/05 17:05:36.578, 21096, 100
2026/08/05 17:05:37.579, 21096, 100
2026/08/05 17:05:38.579, 21096, 100
2026/08/05 17:05:39.579, 21096, 100
2026/08/05 17:05:40.580, 21096, 100
2026/08/05 17:05:41.619, 21096, 100
2026/08/05 17:05:42.619, 21096, 84
2026/08/05 17:05:43.619, 21096, 100
2026/08/05 17:05:44.619, 21096, 100
2026/08/05 17:05:45.620, 21096, 100
2026/08/05 17:05:46.620, 21096, 100
2026/08/05 17:05:47.620, 21096, 100
2026/08/05 17:05:48.620, 21096, 100
2026/08/05 17:05:49.620, 21096, 0
2026/08/05 17:05:50.621, 21096, 100
2026/08/05 17:05:51.621, 21096, 100
2026/08/05 17:05:52.621, 21096, 100
2026/08/05 17:05:53.621, 21096, 100
2026/08/05 17:05:54.621, 21096, 100
2026/08/05 17:05:55.622, 21096, 100
2026/08/05 17:05:56.622, 21096, 100
2026/08/05 17:05:57.622, 21096, 100
2026/08/05 17:05:58.623, 21096, 85
2026/08/05 17:05:59.623, 21096, 100
2026/08/05 17:06:00.623, 21096, 100
2026/08/05 17:06:01.624, 21096, 100
2026/08/05 17:06:02.624, 21096, 100
2026/08/05 17:06:03.624, 21096, 100
2026/08/05 17:06:04.624, 21096, 100
2026/08/05 17:06:05.625, 21096, 60
2026/08/05 17:06:06.625, 21096, 100
2026/08/05 17:06:07.625, 21096, 100
2026/08/05 17:06:08.625, 21096, 100
2026/08/05 17:06:09.625, 21096, 100
2026/08/05 17:06:10.626, 21096, 96
2026/08/05 17:06:11.626, 21096, 100
2026/08/05 17:06:12.626, 21096, 100
2026/08/05 17:06:13.626, 21096, 83
2026/08/05 17:06:14.627, 21096, 100
2026/08/05 17:06:15.627, 21096, 100
2026/08/05 17:06:16.627, 21096, 100
2026/08/05 17:06:17.628, 21096, 100
2026/08/05 17:06:18.628, 21096, 100
2026/08/05 17:06:19.628, 21096, 100
2026/08/05 17:06:20.628, 21096, 100
2026/08/05 17:06:21.629, 21096, 100
2026/08/05 17:06:22.629, 21096, 100
2026/08/05 17:06:23.629, 21096, 100
2026/08/05 17:06:24.629, 21096, 84
2026/08/05 17:06:25.630, 21096, 100
2026/08/05 17:06:26.630, 21096, 100
2026/08/05 17:06:27.630, 21096, 100
2026/08/05 17:06:28.631, 21096, 100
2026/08/05 17:06:29.631, 21096, 100
2026/08/05 17:06:30.631, 21096, 100
2026/08/05 17:06:31.632, 21096, 100
2026/08/05 17:06:32.632, 21096, 100
2026/08/05 17:06:33.632, 21096, 100
2026/08/05 17:06:34.633, 21096, 100
2026/08/05 17:06:35.633, 21096, 100
2026/08/05 17:06:36.634, 21096, 73
2026/08/05 17:06:37.634, 21096, 100
2026/08/05 17:06:38.634, 21096, 100
2026/08/05 17:06:39.634, 21096, 100
2026/08/05 17:06:40.635, 21096, 100
2026/08/05 17:06:41.635, 21096, 100
2026/08/05 17:06:42.643, 21096, 100
2026/08/05 17:06:43.654, 21096, 100
2026/08/05 17:06:44.664, 21096, 100
2026/08/05 17:06:45.675, 21096, 100
2026/08/05 17:06:46.683, 21096, 100
2026/08/05 17:06:47.690, 21096, 100
2026/08/05 17:06:48.697, 21096, 100
2026/08/05 17:06:49.702, 21096, 100
2026/08/05 17:06:50.707, 21096, 100
2026/08/05 17:06:51.712, 21096, 100
2026/08/05 17:06:52.716, 21096, 100
2026/08/05 17:06:53.719, 21096, 100
2026/08/05 17:06:54.723, 21096, 100
2026/08/05 17:06:55.726, 21096, 100
2026/08/05 17:06:56.730, 21096, 100
2026/08/05 17:06:57.732, 21096, 100
2026/08/05 17:06:58.734, 21096, 65
2026/08/05 17:06:59.737, 21096, 100
2026/08/05 17:07:00.739, 21096, 100
2026/08/05 17:07:01.741, 21096, 84
2026/08/05 17:07:02.744, 21096, 100
2026/08/05 17:07:03.746, 21096, 100
2026/08/05 17:07:04.749, 21096, 100
2026/08/05 17:07:05.750, 21096, 100
2026/08/05 17:07:06.751, 21096, 100
2026/08/05 17:07:07.753, 21096, 100
2026/08/05 17:07:08.754, 21096, 100
2026/08/05 17:07:09.756, 21096, 100
2026/08/05 17:07:10.757, 21096, 100
2026/08/05 17:07:11.758, 21096, 100
2026/08/05 17:07:12.760, 21096, 100
2026/08/05 17:07:13.761, 21096, 100
2026/08/05 17:07:14.762, 21096, 100
2026/08/05 17:07:15.762, 21096, 100
2026/08/05 17:07:16.762, 21096, 100
2026/08/05 17:07:17.762, 21096, 100
2026/08/05 17:07:18.763, 21096, 100
2026/08/05 17:07:19.763, 21096, 100
2026/08/05 17:07:20.763, 21096, 100
2026/08/05 17:07:21.763, 21096, 100
2026/08/05 17:07:22.764, 21096, 100
2026/08/05 17:07:23.764, 21096, 100
2026/08/05 17:07:24.764, 21096, 100
2026/08/05 17:07:25.765, 21096, 100
2026/08/05 17:07:26.765, 21096, 100
2026/08/05 17:07:27.765, 21096, 100
2026/08/05 17:07:28.765, 21096, 67
2026/08/05 17:07:29.766, 21096, 83
2026/08/05 17:07:30.766, 21096, 100
2026/08/05 17:07:31.766, 21096, 100
2026/08/05 17:07:32.766, 21096, 100
2026/08/05 17:07:33.766, 21096, 100
2026/08/05 17:07:34.767, 21096, 100
2026/08/05 17:07:35.767, 21096, 100
2026/08/05 17:07:36.767, 21096, 83
2026/08/05 17:07:37.767, 21096, 100
2026/08/05 17:07:38.767, 21096, 100
2026/08/05 17:07:39.768, 21096, 99
2026/08/05 17:07:40.768, 21096, 100
2026/08/05 17:07:41.768, 21096, 100
2026/08/05 17:07:42.769, 21096, 100
2026/08/05 17:07:43.769, 21096, 100
2026/08/05 17:07:44.769, 21096, 100
2026/08/05 17:07:45.769, 21096, 100
2026/08/05 17:07:46.770, 21096, 100
2026/08/05 17:07:47.770, 21096, 100
2026/08/05 17:07:48.794, 21096, 100
2026/08/05 17:07:49.821, 21096, 100
2026/08/05 17:07:50.845, 21096, 100
2026/08/05 17:07:51.867, 21096, 100
2026/08/05 17:07:52.886, 21096, 100
2026/08/05 17:07:53.902, 21096, 100
2026/08/05 17:07:54.917, 21096, 92
2026/08/05 17:07:55.930, 21096, 100
2026/08/05 17:07:56.941, 21096, 100
2026/08/05 17:07:57.951, 21096, 63
2026/08/05 17:07:58.960, 21096, 100
2026/08/05 17:07:59.968, 21096, 100
2026/08/05 17:08:00.976, 21096, 100
2026/08/05 17:08:01.982, 21096, 100
2026/08/05 17:08:02.988, 21096, 100
2026/08/05 17:08:03.994, 21096, 100
2026/08/05 17:08:04.998, 21096, 85
2026/08/05 17:08:06.002, 21096, 100
2026/08/05 17:08:07.005, 21096, 100
2026/08/05 17:08:08.008, 21096, 100
2026/08/05 17:08:09.011, 21096, 100
2026/08/05 17:08:10.014, 21096, 100
2026/08/05 17:08:11.016, 21096, 100
2026/08/05 17:08:12.019, 21096, 100
2026/08/05 17:08:13.021, 21096, 100
2026/08/05 17:08:14.024, 21096, 84
2026/08/05 17:08:15.026, 21096, 100
2026/08/05 17:08:16.028, 21096, 86
2026/08/05 17:08:17.031, 21096, 100
2026/08/05 17:08:18.033, 21096, 100
2026/08/05 17:08:19.035, 21096, 100
2026/08/05 17:08:20.035, 21096, 100
2026/08/05 17:08:21.035, 21096, 100
2026/08/05 17:08:22.035, 21096, 100
2026/08/05 17:08:23.036, 21096, 100
2026/08/05 17:08:24.036, 21096, 99
2026/08/05 17:08:25.036, 21096, 100
2026/08/05 17:08:26.036, 21096, 100
2026/08/05 17:08:27.037, 21096, 100
2026/08/05 17:08:28.037, 21096, 100
2026/08/05 17:08:29.037, 21096, 100
2026/08/05 17:08:30.037, 21096, 100
2026/08/05 17:08:31.038, 21096, 100
2026/08/05 17:08:32.038, 21096, 100
2026/08/05 17:08:33.038, 21096, 100
2026/08/05 17:08:34.038, 21096, 100
2026/08/05 17:08:35.038, 21096, 100
2026/08/05 17:08:36.039, 21096, 89
2026/08/05 17:08:37.039, 21096, 100
2026/08/05 17:08:38.039, 21096, 100
2026/08/05 17:08:39.040, 21096, 85
2026/08/05 17:08:40.040, 21096, 100
2026/08/05 17:08:41.040, 21096, 100
2026/08/05 17:08:42.041, 21096, 82
2026/08/05 17:08:43.041, 21096, 57
2026/08/05 17:08:44.041, 21096, 84
2026/08/05 17:08:45.041, 21096, 100
2026/08/05 17:08:46.042, 21096, 100
2026/08/05 17:08:47.042, 21096, 100
2026/08/05 17:08:48.042, 21096, 100
2026/08/05 17:08:49.043, 21096, 100
2026/08/05 17:08:50.043, 21096, 95
2026/08/05 17:08:51.043, 21096, 100
2026/08/05 17:08:52.043, 21096, 100
2026/08/05 17:08:53.045, 21096, 62
2026/08/05 17:08:54.057, 21096, 100
2026/08/05 17:08:55.069, 21096, 94
2026/08/05 17:08:56.078, 21096, 100
2026/08/05 17:08:57.087, 21096, 100
2026/08/05 17:08:58.094, 21096, 100
2026/08/05 17:08:59.101, 21096, 100
2026/08/05 17:09:00.108, 21096, 98
2026/08/05 17:09:01.114, 21096, 100
2026/08/05 17:09:02.119, 21096, 100
2026/08/05 17:09:03.124, 21096, 79
2026/08/05 17:09:04.128, 21096, 100
2026/08/05 17:09:05.132, 21096, 100
2026/08/05 17:09:06.135, 21096, 100
2026/08/05 17:09:07.139, 21096, 100
2026/08/05 17:09:08.142, 21096, 100
2026/08/05 17:09:09.145, 21096, 100
2026/08/05 17:09:10.148, 21096, 100
2026/08/05 17:09:11.150, 21096, 100
2026/08/05 17:09:12.153, 21096, 100
2026/08/05 17:09:13.155, 21096, 100
2026/08/05 17:09:14.157, 21096, 100
2026/08/05 17:09:15.159, 21096, 93
2026/08/05 17:09:16.160, 21096, 100
2026/08/05 17:09:17.162, 21096, 100
2026/08/05 17:09:18.163, 21096, 100
2026/08/05 17:09:19.165, 21096, 94
2026/08/05 17:09:20.166, 21096, 100
2026/08/05 17:09:21.168, 21096, 100
2026/08/05 17:09:22.169, 21096, 100
2026/08/05 17:09:23.171, 21096, 100
2026/08/05 17:09:24.172, 21096, 100
2026/08/05 17:09:25.172, 21096, 100
2026/08/05 17:09:26.173, 21096, 100
2026/08/05 17:09:27.173, 21096, 100
2026/08/05 17:09:28.173, 21096, 84
2026/08/05 17:09:29.173, 21096, 100
2026/08/05 17:09:30.174, 21096, 100
2026/08/05 17:09:31.174, 21096, 81
2026/08/05 17:09:32.174, 21096, 100
2026/08/05 17:09:33.175, 21096, 87
2026/08/05 17:09:34.175, 21096, 100
2026/08/05 17:09:35.175, 21096, 100
2026/08/05 17:09:36.175, 21096, 100
2026/08/05 17:09:37.176, 21096, 100
2026/08/05 17:09:38.176, 21096, 100
2026/08/05 17:09:39.176, 21096, 81
2026/08/05 17:09:40.177, 21096, 100
2026/08/05 17:09:41.177, 21096, 100
2026/08/05 17:09:42.177, 21096, 100
2026/08/05 17:09:43.178, 21096, 100
2026/08/05 17:09:44.178, 21096, 100
2026/08/05 17:09:45.178, 21096, 100
2026/08/05 17:09:46.179, 21096, 100
2026/08/05 17:09:47.179, 21096, 100
2026/08/05 17:09:48.179, 21096, 100
2026/08/05 17:09:49.180, 21096, 100
2026/08/05 17:09:50.180, 21096, 100
2026/08/05 17:09:51.180, 21096, 83
2026/08/05 17:09:52.180, 21096, 100
2026/08/05 17:09:53.181, 21096, 100
2026/08/05 17:09:54.181, 21096, 62
2026/08/05 17:09:55.181, 21096, 84
2026/08/05 17:09:56.182, 21096, 84
2026/08/05 17:09:57.182, 21096, 100
2026/08/05 17:09:58.182, 21096, 100
2026/08/05 17:09:59.183, 21096, 100
2026/08/05 17:10:00.183, 21096, 100
2026/08/05 17:10:01.183, 21096, 100
2026/08/05 17:10:02.183, 21096, 100
2026/08/05 17:10:03.183, 21096, 100
2026/08/05 17:10:04.184, 21096, 100
2026/08/05 17:10:05.184, 21096, 100
2026/08/05 17:10:06.184, 21096, 100
2026/08/05 17:10:07.184, 21096, 100
2026/08/05 17:10:08.185, 21096, 100
2026/08/05 17:10:09.185, 21096, 83
2026/08/05 17:10:10.185, 21096, 83
2026/08/05 17:10:11.185, 21096, 100
2026/08/05 17:10:12.186, 21096, 100
2026/08/05 17:10:13.186, 21096, 100
2026/08/05 17:10:14.186, 21096, 100
2026/08/05 17:10:15.186, 21096, 100
2026/08/05 17:10:16.187, 21096, 100
2026/08/05 17:10:17.187, 21096, 100
2026/08/05 17:10:18.187, 21096, 100
2026/08/05 17:10:19.188, 21096, 100
2026/08/05 17:10:20.188, 21096, 100
2026/08/05 17:10:21.188, 21096, 89
2026/08/05 17:10:22.188, 21096, 100
2026/08/05 17:10:23.188, 21096, 64
2026/08/05 17:10:24.189, 21096, 100
2026/08/05 17:10:25.189, 21096, 100
2026/08/05 17:10:26.189, 21096, 100
2026/08/05 17:10:27.189, 21096, 100
2026/08/05 17:10:28.190, 21096, 100
2026/08/05 17:10:29.190, 21096, 100
2026/08/05 17:10:30.190, 21096, 100
2026/08/05 17:10:31.190, 21096, 100
2026/08/05 17:10:32.191, 21096, 100
2026/08/05 17:10:33.191, 21096, 100
2026/08/05 17:10:34.191, 21096, 100
2026/08/05 17:10:35.191, 21096, 85
2026/08/05 17:10:36.192, 21096, 100
2026/08/05 17:10:37.192, 21096, 100
2026/08/05 17:10:38.192, 21096, 100
2026/08/05 17:10:39.192, 21096, 100
2026/08/05 17:10:40.193, 21096, 100
2026/08/05 17:10:41.193, 21096, 100
2026/08/05 17:10:42.193, 21096, 100
2026/08/05 17:10:43.193, 21096, 100
2026/08/05 17:10:44.194, 21096, 100
2026/08/05 17:10:45.194, 21096, 100
2026/08/05 17:10:46.194, 21096, 100
2026/08/05 17:10:47.194, 21096, 85
2026/08/05 17:10:48.195, 21096, 85
2026/08/05 17:10:49.195, 21096, 100
2026/08/05 17:10:50.195, 21096, 100
2026/08/05 17:10:51.195, 21096, 83
2026/08/05 17:10:52.196, 21096, 100
2026/08/05 17:10:53.196, 21096, 100
2026/08/05 17:10:54.196, 21096, 100
2026/08/05 17:10:55.197, 21096, 100
2026/08/05 17:10:56.197, 21096, 100
2026/08/05 17:10:57.197, 21096, 92
2026/08/05 17:10:58.197, 21096, 100
2026/08/05 17:10:59.198, 21096, 100
2026/08/05 17:11:00.198, 21096, 82
2026/08/05 17:11:01.198, 21096, 100
2026/08/05 17:11:02.198, 21096, 100
2026/08/05 17:11:03.203, 21096, 85
2026/08/05 17:11:04.227, 21096, 100
2026/08/05 17:11:05.249, 21096, 100
2026/08/05 17:11:06.267, 21096, 100
2026/08/05 17:11:07.284, 21096, 100
2026/08/05 17:11:08.299, 21096, 100
2026/08/05 17:11:09.312, 21096, 100
2026/08/05 17:11:10.324, 21096, 100
2026/08/05 17:11:11.334, 21096, 100
2026/08/05 17:11:12.343, 21096, 100
2026/08/05 17:11:13.352, 21096, 100
2026/08/05 17:11:14.359, 21096, 100
2026/08/05 17:11:15.365, 21096, 79
2026/08/05 17:11:16.370, 21096, 100
2026/08/05 17:11:17.376, 21096, 100
2026/08/05 17:11:18.381, 21096, 100
2026/08/05 17:11:19.386, 21096, 100
2026/08/05 17:11:20.389, 21096, 100
2026/08/05 17:11:21.392, 21096, 100
2026/08/05 17:11:22.396, 21096, 95
2026/08/05 17:11:23.399, 21096, 100
2026/08/05 17:11:24.401, 21096, 95
2026/08/05 17:11:25.404, 21096, 100
2026/08/05 17:11:26.406, 21096, 100
2026/08/05 17:11:27.409, 21096, 100
2026/08/05 17:11:28.411, 21096, 100
2026/08/05 17:11:29.413, 21096, 100
2026/08/05 17:11:30.414, 21096, 100
2026/08/05 17:11:31.417, 21096, 100
2026/08/05 17:11:32.419, 21096, 100
2026/08/05 17:11:33.420, 21096, 100
2026/08/05 17:11:34.421, 21096, 97
2026/08/05 17:11:35.425, 21096, 100
2026/08/05 17:11:36.425, 21096, 100
2026/08/05 17:11:37.426, 21096, 79
2026/08/05 17:11:38.426, 21096, 100
2026/08/05 17:11:39.426, 21096, 100
2026/08/05 17:11:40.426, 21096, 80
2026/08/05 17:11:41.427, 21096, 100
2026/08/05 17:11:42.427, 21096, 100
2026/08/05 17:11:43.427, 21096, 100
2026/08/05 17:11:44.428, 21096, 100
2026/08/05 17:11:45.428, 21096, 82
2026/08/05 17:11:46.428, 21096, 100
2026/08/05 17:11:47.429, 21096, 100
2026/08/05 17:11:48.429, 21096, 100
2026/08/05 17:11:49.429, 21096, 100
2026/08/05 17:11:50.429, 21096, 100
2026/08/05 17:11:51.430, 21096, 100
2026/08/05 17:11:52.430, 21096, 85
2026/08/05 17:11:53.430, 21096, 100
2026/08/05 17:11:54.430, 21096, 100
2026/08/05 17:11:55.431, 21096, 100
2026/08/05 17:11:56.431, 21096, 100
2026/08/05 17:11:57.431, 21096, 100
2026/08/05 17:11:58.432, 21096, 100
2026/08/05 17:11:59.432, 21096, 100
2026/08/05 17:12:00.432, 21096, 100
2026/08/05 17:12:01.432, 21096, 100
2026/08/05 17:12:02.433, 21096, 100
2026/08/05 17:12:03.433, 21096, 100
2026/08/05 17:12:04.433, 21096, 100
2026/08/05 17:12:05.434, 21096, 100
2026/08/05 17:12:06.434, 21096, 100
2026/08/05 17:12:07.434, 21096, 100
2026/08/05 17:12:08.435, 21096, 100
2026/08/05 17:12:09.436, 21096, 100
2026/08/05 17:12:10.438, 21096, 100
2026/08/05 17:12:11.439, 21096, 100
2026/08/05 17:12:12.439, 21096, 100
2026/08/05 17:12:13.440, 21096, 69
2026/08/05 17:12:14.440, 21096, 100
2026/08/05 17:12:15.440, 21096, 100
2026/08/05 17:12:16.441, 21096, 100
2026/08/05 17:12:17.441, 21096, 100
2026/08/05 17:12:18.441, 21096, 100
2026/08/05 17:12:19.442, 21096, 100
2026/08/05 17:12:20.442, 21096, 100
2026/08/05 17:12:21.442, 21096, 100
2026/08/05 17:12:22.442, 21096, 80
2026/08/05 17:12:23.443, 21096, 100
2026/08/05 17:12:24.443, 21096, 100
2026/08/05 17:12:25.443, 21096, 100
2026/08/05 17:12:26.444, 21096, 100
2026/08/05 17:12:27.444, 21096, 100
2026/08/05 17:12:28.444, 21096, 100
2026/08/05 17:12:29.445, 21096, 100
2026/08/05 17:12:30.445, 21096, 100
2026/08/05 17:12:31.445, 21096, 93
2026/08/05 17:12:32.446, 21096, 100
2026/08/05 17:12:33.446, 21096, 100
2026/08/05 17:12:34.446, 21096, 100
2026/08/05 17:12:35.446, 21096, 100
2026/08/05 17:12:36.447, 21096, 100
2026/08/05 17:12:37.447, 21096, 100
2026/08/05 17:12:38.447, 21096, 100
2026/08/05 17:12:39.447, 21096, 100
2026/08/05 17:12:40.448, 21096, 83
2026/08/05 17:12:41.448, 21096, 100
2026/08/05 17:12:42.448, 21096, 100
2026/08/05 17:12:43.449, 21096, 79
2026/08/05 17:12:44.449, 21096, 86
2026/08/05 17:12:45.449, 21096, 100
2026/08/05 17:12:46.449, 21096, 100
2026/08/05 17:12:47.450, 21096, 100
2026/08/05 17:12:48.450, 21096, 100
2026/08/05 17:12:49.450, 21096, 100
2026/08/05 17:12:50.450, 21096, 83
2026/08/05 17:12:51.451, 21096, 100
2026/08/05 17:12:52.451, 21096, 100
2026/08/05 17:12:53.451, 21096, 99
2026/08/05 17:12:54.452, 21096, 100
2026/08/05 17:12:55.452, 21096, 100
2026/08/05 17:12:56.452, 21096, 100
2026/08/05 17:12:57.452, 21096, 59
2026/08/05 17:12:58.453, 21096, 100
2026/08/05 17:12:59.453, 21096, 100
2026/08/05 17:13:00.453, 21096, 100
2026/08/05 17:13:01.454, 21096, 100
2026/08/05 17:13:02.454, 21096, 100
2026/08/05 17:13:03.454, 21096, 82
2026/08/05 17:13:04.454, 21096, 100
2026/08/05 17:13:05.455, 21096, 100
2026/08/05 17:13:06.455, 21096, 65
2026/08/05 17:13:07.455, 21096, 100
2026/08/05 17:13:08.456, 21096, 100
2026/08/05 17:13:09.456, 21096, 100
2026/08/05 17:13:10.456, 21096, 100
2026/08/05 17:13:11.457, 21096, 100
2026/08/05 17:13:12.457, 21096, 100
2026/08/05 17:13:13.460, 21096, 100
2026/08/05 17:13:14.467, 21096, 100
2026/08/05 17:13:15.474, 21096, 100
2026/08/05 17:13:16.480, 21096, 100
2026/08/05 17:13:17.487, 21096, 100
2026/08/05 17:13:18.492, 21096, 80
2026/08/05 17:13:19.498, 21096, 82
2026/08/05 17:13:20.503, 21096, 100
2026/08/05 17:13:21.508, 21096, 100
2026/08/05 17:13:22.513, 21096, 100
2026/08/05 17:13:23.517, 21096, 79
2026/08/05 17:13:24.522, 21096, 100
2026/08/05 17:13:25.526, 21096, 100
2026/08/05 17:13:26.530, 21096, 100
2026/08/05 17:13:27.534, 21096, 99
2026/08/05 17:13:28.537, 21096, 100
2026/08/05 17:13:29.541, 21096, 100
2026/08/05 17:13:30.544, 21096, 100
2026/08/05 17:13:31.548, 21096, 100
2026/08/05 17:13:32.551, 21096, 100
2026/08/05 17:13:33.555, 21096, 100
2026/08/05 17:13:34.557, 21096, 84
2026/08/05 17:13:35.559, 21096, 100
2026/08/05 17:13:36.562, 21096, 100
2026/08/05 17:13:37.564, 21096, 100
2026/08/05 17:13:38.567, 21096, 100
2026/08/05 17:13:39.569, 21096, 100
2026/08/05 17:13:40.571, 21096, 100
2026/08/05 17:13:41.573, 21096, 100
2026/08/05 17:13:42.576, 21096, 100
2026/08/05 17:13:43.578, 21096, 100
2026/08/05 17:13:44.580, 21096, 100
2026/08/05 17:13:45.583, 21096, 100
2026/08/05 17:13:46.585, 21096, 100
2026/08/05 17:13:47.587, 21096, 100
2026/08/05 17:13:48.589, 21096, 100
2026/08/05 17:13:49.590, 21096, 100
2026/08/05 17:13:50.592, 21096, 100
2026/08/05 17:13:51.593, 21096, 100
2026/08/05 17:13:52.594, 21096, 93
2026/08/05 17:13:53.596, 21096, 100
2026/08/05 17:13:54.597, 21096, 100
2026/08/05 17:13:55.598, 21096, 100
2026/08/05 17:13:56.600, 21096, 100
2026/08/05 17:13:57.601, 21096, 100
2026/08/05 17:13:58.603, 21096, 100
2026/08/05 17:13:59.604, 21096, 59
2026/08/05 17:14:00.605, 21096, 90
2026/08/05 17:14:01.607, 21096, 100
2026/08/05 17:14:02.608, 21096, 100
2026/08/05 17:14:03.610, 21096, 84
2026/08/05 17:14:04.611, 21096, 100
2026/08/05 17:14:05.612, 21096, 100
2026/08/05 17:14:06.614, 21096, 61
2026/08/05 17:14:07.615, 21096, 100
2026/08/05 17:14:08.616, 21096, 100
2026/08/05 17:14:09.618, 21096, 100
2026/08/05 17:14:10.619, 21096, 100
2026/08/05 17:14:11.620, 21096, 100
2026/08/05 17:14:12.622, 21096, 100
2026/08/05 17:14:13.623, 21096, 100
2026/08/05 17:14:14.625, 21096, 100
2026/08/05 17:14:15.626, 21096, 100
2026/08/05 17:14:16.627, 21096, 100
2026/08/05 17:14:17.629, 21096, 100
2026/08/05 17:14:18.629, 21096, 76
2026/08/05 17:14:19.629, 21096, 47
2026/08/05 17:14:20.630, 21096, 80
2026/08/05 17:14:21.630, 21096, 100
2026/08/05 17:14:22.630, 21096, 100
2026/08/05 17:14:23.631, 21096, 84
2026/08/05 17:14:24.631, 21096, 100
2026/08/05 17:14:25.631, 21096, 100
2026/08/05 17:14:26.632, 21096, 84
2026/08/05 17:14:27.632, 21096, 100
2026/08/05 17:14:28.632, 21096, 100
2026/08/05 17:14:29.632, 21096, 100
2026/08/05 17:14:30.633, 21096, 100
2026/08/05 17:14:31.633, 21096, 100
2026/08/05 17:14:32.633, 21096, 100
2026/08/05 17:14:33.634, 21096, 100
2026/08/05 17:14:34.634, 21096, 100
2026/08/05 17:14:35.634, 21096, 100
2026/08/05 17:14:36.635, 21096, 94
2026/08/05 17:14:37.635, 21096, 84
2026/08/05 17:14:38.635, 21096, 100
2026/08/05 17:14:39.635, 21096, 100
2026/08/05 17:14:40.636, 21096, 82
2026/08/05 17:14:41.636, 21096, 84
2026/08/05 17:14:42.636, 21096, 100
2026/08/05 17:14:43.637, 21096, 100
2026/08/05 17:14:44.637, 21096, 100
2026/08/05 17:14:45.642, 21096, 100
2026/08/05 17:14:46.642, 21096, 100
2026/08/05 17:14:47.643, 21096, 100
2026/08/05 17:14:48.643, 21096, 100
2026/08/05 17:14:49.643, 21096, 100
2026/08/05 17:14:50.643, 21096, 100
2026/08/05 17:14:51.644, 21096, 100
2026/08/05 17:14:52.644, 21096, 100
2026/08/05 17:14:53.644, 21096, 100
2026/08/05 17:14:54.645, 21096, 100
2026/08/05 17:14:55.645, 21096, 100
2026/08/05 17:14:56.646, 21096, 100
2026/08/05 17:14:57.646, 21096, 100
2026/08/05 17:14:58.646, 21096, 85
2026/08/05 17:14:59.647, 21096, 100
2026/08/05 17:15:00.647, 21096, 100
2026/08/05 17:15:01.647, 21096, 100
2026/08/05 17:15:02.648, 21096, 100
2026/08/05 17:15:03.648, 21096, 100
2026/08/05 17:15:04.648, 21096, 100
2026/08/05 17:15:05.648, 21096, 100
2026/08/05 17:15:06.649, 21096, 100
2026/08/05 17:15:07.649, 21096, 100
2026/08/05 17:15:08.649, 21096, 100
2026/08/05 17:15:09.649, 21096, 100
2026/08/05 17:15:10.650, 21096, 59
2026/08/05 17:15:11.650, 21096, 100
2026/08/05 17:15:12.650, 21096, 100
2026/08/05 17:15:13.651, 21096, 97
2026/08/05 17:15:14.651, 21096, 91
2026/08/05 17:15:15.652, 21096, 59
2026/08/05 17:15:16.652, 21096, 100
2026/08/05 17:15:17.652, 21096, 100
2026/08/05 17:15:18.653, 21096, 100
2026/08/05 17:15:19.653, 21096, 100
2026/08/05 17:15:20.653, 21096, 100
2026/08/05 17:15:21.653, 21096, 100
2026/08/05 17:15:22.654, 21096, 100
2026/08/05 17:15:23.654, 21096, 84
2026/08/05 17:15:24.654, 21096, 100
2026/08/05 17:15:25.655, 21096, 100
2026/08/05 17:15:26.655, 21096, 100
2026/08/05 17:15:27.655, 21096, 100
2026/08/05 17:15:28.655, 21096, 100
2026/08/05 17:15:29.656, 21096, 100
2026/08/05 17:15:30.656, 21096, 100
2026/08/05 17:15:31.656, 21096, 100
2026/08/05 17:15:32.657, 21096, 100
2026/08/05 17:15:33.657, 21096, 88
2026/08/05 17:15:34.657, 21096, 100
2026/08/05 17:15:35.657, 21096, 100
2026/08/05 17:15:36.658, 21096, 100
2026/08/05 17:15:37.658, 21096, 100
2026/08/05 17:15:38.658, 21096, 100
2026/08/05 17:15:39.659, 21096, 100
2026/08/05 17:15:40.659, 21096, 100
2026/08/05 17:15:41.659, 21096, 100
2026/08/05 17:15:42.659, 21096, 100
2026/08/05 17:15:43.660, 21096, 87
2026/08/05 17:15:44.660, 21096, 84
2026/08/05 17:15:45.660, 21096, 100
2026/08/05 17:15:46.661, 21096, 100
2026/08/05 17:15:47.661, 21096, 100
2026/08/05 17:15:48.661, 21096, 92
2026/08/05 17:15:49.662, 21096, 100
2026/08/05 17:15:50.663, 21096, 100
2026/08/05 17:15:51.664, 21096, 100
2026/08/05 17:15:52.664, 21096, 100
2026/08/05 17:15:53.664, 21096, 100
2026/08/05 17:15:54.664, 21096, 100
2026/08/05 17:15:55.667, 21096, 82
2026/08/05 17:15:56.692, 21096, 100
2026/08/05 17:15:57.727, 21096, 100
2026/08/05 17:15:58.758, 21096, 80
2026/08/05 17:15:59.784, 21096, 100
2026/08/05 17:16:00.807, 21096, 100
2026/08/05 17:16:01.827, 21096, 100
2026/08/05 17:16:02.845, 21096, 100
2026/08/05 17:16:03.861, 21096, 100
2026/08/05 17:16:04.875, 21096, 100
2026/08/05 17:16:05.887, 21096, 100
2026/08/05 17:16:06.898, 21096, 100
2026/08/05 17:16:07.908, 21096, 100
2026/08/05 17:16:08.917, 21096, 82
2026/08/05 17:16:09.925, 21096, 100
2026/08/05 17:16:10.932, 21096, 94
2026/08/05 17:16:11.938, 21096, 89
2026/08/05 17:16:12.944, 21096, 100
2026/08/05 17:16:13.949, 21096, 100
2026/08/05 17:16:14.954, 21096, 100
2026/08/05 17:16:15.958, 21096, 82
2026/08/05 17:16:16.961, 21096, 100
2026/08/05 17:16:17.965, 21096, 100
2026/08/05 17:16:18.968, 21096, 100
2026/08/05 17:16:19.971, 21096, 100
2026/08/05 17:16:20.974, 21096, 100
2026/08/05 17:16:21.976, 21096, 100
2026/08/05 17:16:22.978, 21096, 100
2026/08/05 17:16:23.980, 21096, 100
2026/08/05 17:16:24.983, 21096, 65
2026/08/05 17:16:25.984, 21096, 100
2026/08/05 17:16:26.987, 21096, 84
2026/08/05 17:16:27.988, 21096, 100
2026/08/05 17:16:28.989, 21096, 100
2026/08/05 17:16:30.005, 21096, 100
2026/08/05 17:16:31.018, 21096, 100
2026/08/05 17:16:32.031, 21096, 100
2026/08/05 17:16:33.042, 21096, 100
2026/08/05 17:16:34.051, 21096, 100
2026/08/05 17:16:35.060, 21096, 100
2026/08/05 17:16:36.067, 21096, 100
2026/08/05 17:16:37.074, 21096, 100
2026/08/05 17:16:38.080, 21096, 100
2026/08/05 17:16:39.086, 21096, 100
2026/08/05 17:16:40.090, 21096, 100
2026/08/05 17:16:41.095, 21096, 100
2026/08/05 17:16:42.099, 21096, 100
2026/08/05 17:16:43.103, 21096, 100
2026/08/05 17:16:44.106, 21096, 83
2026/08/05 17:16:45.109, 21096, 100
2026/08/05 17:16:46.113, 21096, 100
2026/08/05 17:16:47.115, 21096, 100
2026/08/05 17:16:48.117, 21096, 80
2026/08/05 17:16:49.120, 21096, 100
2026/08/05 17:16:50.122, 21096, 100
2026/08/05 17:16:51.125, 21096, 100
2026/08/05 17:16:52.127, 21096, 100
2026/08/05 17:16:53.129, 21096, 100
2026/08/05 17:16:54.132, 21096, 100
2026/08/05 17:16:55.133, 21096, 82
2026/08/05 17:16:56.135, 21096, 100
2026/08/05 17:16:57.136, 21096, 100
2026/08/05 17:16:58.137, 21096, 100
2026/08/05 17:16:59.139, 21096, 83
2026/08/05 17:17:00.140, 21096, 100
2026/08/05 17:17:01.141, 21096, 100
2026/08/05 17:17:02.142, 21096, 100
2026/08/05 17:17:03.142, 21096, 100
2026/08/05 17:17:04.142, 21096, 100
2026/08/05 17:17:05.144, 21096, 100
2026/08/05 17:17:06.144, 21096, 100
2026/08/05 17:17:07.144, 21096, 100
2026/08/05 17:17:08.145, 21096, 100
2026/08/05 17:17:09.145, 21096, 100
2026/08/05 17:17:10.145, 21096, 100
2026/08/05 17:17:11.145, 21096, 100
2026/08/05 17:17:12.146, 21096, 100
2026/08/05 17:17:13.146, 21096, 100
2026/08/05 17:17:14.146, 21096, 100
2026/08/05 17:17:15.146, 21096, 100
2026/08/05 17:17:16.147, 21096, 100
2026/08/05 17:17:17.147, 21096, 86
2026/08/05 17:17:18.147, 21096, 100
2026/08/05 17:17:19.148, 21096, 100
2026/08/05 17:17:20.149, 21096, 100
2026/08/05 17:17:21.149, 21096, 87
2026/08/05 17:17:22.149, 21096, 100
2026/08/05 17:17:23.149, 21096, 100
2026/08/05 17:17:24.150, 21096, 100
2026/08/05 17:17:25.150, 21096, 100
2026/08/05 17:17:26.150, 21096, 100
2026/08/05 17:17:27.151, 21096, 100
2026/08/05 17:17:28.151, 21096, 100
2026/08/05 17:17:29.151, 21096, 80
2026/08/05 17:17:30.152, 21096, 100
2026/08/05 17:17:31.152, 21096, 100
2026/08/05 17:17:32.152, 21096, 60
2026/08/05 17:17:33.152, 21096, 82
2026/08/05 17:17:34.153, 21096, 100
2026/08/05 17:17:35.153, 21096, 100
2026/08/05 17:17:36.153, 21096, 100
2026/08/05 17:17:37.154, 21096, 62
2026/08/05 17:17:38.154, 21096, 100
2026/08/05 17:17:39.154, 21096, 100
2026/08/05 17:17:40.154, 21096, 100
2026/08/05 17:17:41.155, 21096, 100
2026/08/05 17:17:42.155, 21096, 100
2026/08/05 17:17:43.155, 21096, 81
2026/08/05 17:17:44.155, 21096, 79
2026/08/05 17:17:45.156, 21096, 82
2026/08/05 17:17:46.156, 21096, 100
2026/08/05 17:17:47.156, 21096, 100
2026/08/05 17:17:48.156, 21096, 88
2026/08/05 17:17:49.157, 21096, 98
2026/08/05 17:17:50.157, 21096, 100
2026/08/05 17:17:51.157, 21096, 83
2026/08/05 17:17:52.157, 21096, 100
2026/08/05 17:17:53.158, 21096, 100
2026/08/05 17:17:54.158, 21096, 100
2026/08/05 17:17:55.158, 21096, 100
2026/08/05 17:17:56.159, 21096, 100
2026/08/05 17:17:57.159, 21096, 83
2026/08/05 17:17:58.159, 21096, 100
2026/08/05 17:17:59.160, 21096, 100
2026/08/05 17:18:00.160, 21096, 100
2026/08/05 17:18:01.160, 21096, 100
2026/08/05 17:18:02.160, 21096, 100
2026/08/05 17:18:03.161, 21096, 100
2026/08/05 17:18:04.161, 21096, 100
2026/08/05 17:18:05.161, 21096, 100
2026/08/05 17:18:06.161, 21096, 100
2026/08/05 17:18:07.164, 21096, 100
2026/08/05 17:18:08.178, 21096, 100
2026/08/05 17:18:09.189, 21096, 100
2026/08/05 17:18:10.200, 21096, 86
2026/08/05 17:18:11.209, 21096, 59
2026/08/05 17:18:12.218, 21096, 100
2026/08/05 17:18:13.226, 21096, 100
2026/08/05 17:18:14.232, 21096, 100
2026/08/05 17:18:15.238, 21096, 100
2026/08/05 17:18:16.244, 21096, 100
2026/08/05 17:18:17.248, 21096, 100
2026/08/05 17:18:18.252, 21096, 100
2026/08/05 17:18:19.257, 21096, 100
2026/08/05 17:18:20.260, 21096, 100
2026/08/05 17:18:21.263, 21096, 100
2026/08/05 17:18:22.267, 21096, 100
2026/08/05 17:18:23.270, 21096, 100
2026/08/05 17:18:24.273, 21096, 100
2026/08/05 17:18:25.275, 21096, 100
2026/08/05 17:18:26.277, 21096, 100
2026/08/05 17:18:27.280, 21096, 100
2026/08/05 17:18:28.282, 21096, 95
2026/08/05 17:18:29.284, 21096, 100
2026/08/05 17:18:30.287, 21096, 100
2026/08/05 17:18:31.288, 21096, 100
2026/08/05 17:18:32.290, 21096, 100
2026/08/05 17:18:33.291, 21096, 83
2026/08/05 17:18:34.292, 21096, 100
2026/08/05 17:18:35.294, 21096, 100
2026/08/05 17:18:36.295, 21096, 100
2026/08/05 17:18:37.296, 21096, 100
2026/08/05 17:18:38.298, 21096, 98
2026/08/05 17:18:39.299, 21096, 100
2026/08/05 17:18:40.301, 21096, 100
2026/08/05 17:18:41.304, 21096, 85
2026/08/05 17:18:42.306, 21096, 100
2026/08/05 17:18:43.308, 21096, 100
2026/08/05 17:18:44.311, 21096, 100
2026/08/05 17:18:45.313, 21096, 100
2026/08/05 17:18:46.316, 21096, 84
2026/08/05 17:18:47.318, 21096, 100
2026/08/05 17:18:48.320, 21096, 100
2026/08/05 17:18:49.321, 21096, 100
2026/08/05 17:18:50.322, 21096, 100
2026/08/05 17:18:51.324, 21096, 100
2026/08/05 17:18:52.325, 21096, 84
2026/08/05 17:18:53.327, 21096, 100
2026/08/05 17:18:54.328, 21096, 100
2026/08/05 17:18:55.330, 21096, 100
2026/08/05 17:18:56.331, 21096, 100
2026/08/05 17:18:57.332, 21096, 100
2026/08/05 17:18:58.334, 21096, 100
2026/08/05 17:18:59.335, 21096, 100
2026/08/05 17:19:00.337, 21096, 100
2026/08/05 17:19:01.338, 21096, 100
2026/08/05 17:19:02.339, 21096, 100
2026/08/05 17:19:03.341, 21096, 100
2026/08/05 17:19:04.342, 21096, 100
2026/08/05 17:19:05.344, 21096, 100
2026/08/05 17:19:06.345, 21096, 79
2026/08/05 17:19:07.346, 21096, 100
2026/08/05 17:19:08.348, 21096, 100
2026/08/05 17:19:09.349, 21096, 85
2026/08/05 17:19:10.351, 21096, 100
2026/08/05 17:19:11.352, 21096, 100
2026/08/05 17:19:12.353, 21096, 78
2026/08/05 17:19:13.355, 21096, 100
2026/08/05 17:19:14.356, 21096, 84
2026/08/05 17:19:15.358, 21096, 100
2026/08/05 17:19:16.359, 21096, 100
2026/08/05 17:19:17.360, 21096, 100
2026/08/05 17:19:18.361, 21096, 84
2026/08/05 17:19:19.363, 21096, 76
2026/08/05 17:19:20.364, 21096, 100
2026/08/05 17:19:21.366, 21096, 100
2026/08/05 17:19:22.368, 21096, 100
2026/08/05 17:19:23.369, 21096, 85
2026/08/05 17:19:24.370, 21096, 100
2026/08/05 17:19:25.372, 21096, 100
2026/08/05 17:19:26.373, 21096, 100
2026/08/05 17:19:27.375, 21096, 100
2026/08/05 17:19:28.376, 21096, 100
2026/08/05 17:19:29.377, 21096, 100
2026/08/05 17:19:30.379, 21096, 100
2026/08/05 17:19:31.380, 21096, 100
2026/08/05 17:19:32.382, 21096, 100
2026/08/05 17:19:33.384, 21096, 100
2026/08/05 17:19:34.386, 21096, 63
2026/08/05 17:19:35.387, 21096, 100
2026/08/05 17:19:36.389, 21096, 77
2026/08/05 17:19:37.390, 21096, 85
2026/08/05 17:19:38.392, 21096, 100
2026/08/05 17:19:39.393, 21096, 100
2026/08/05 17:19:40.394, 21096, 100
2026/08/05 17:19:41.396, 21096, 100
2026/08/05 17:19:42.397, 21096, 100
2026/08/05 17:19:43.399, 21096, 83
2026/08/05 17:19:44.403, 21096, 100
2026/08/05 17:19:45.412, 21096, 100
2026/08/05 17:19:46.420, 21096, 100
2026/08/05 17:19:47.427, 21096, 100
2026/08/05 17:19:48.435, 21096, 95
2026/08/05 17:19:49.441, 21096, 98
2026/08/05 17:19:50.447, 21096, 100
2026/08/05 17:19:51.454, 21096, 100
2026/08/05 17:19:52.460, 21096, 100
2026/08/05 17:19:53.466, 21096, 100
2026/08/05 17:19:54.471, 21096, 100
2026/08/05 17:19:55.476, 21096, 100
2026/08/05 17:19:56.480, 21096, 100
2026/08/05 17:19:57.484, 21096, 100
2026/08/05 17:19:58.489, 21096, 100
2026/08/05 17:19:59.494, 21096, 100
2026/08/05 17:20:00.498, 21096, 100
2026/08/05 17:20:01.502, 21096, 100
2026/08/05 17:20:02.505, 21096, 83
2026/08/05 17:20:03.509, 21096, 100
2026/08/05 17:20:04.512, 21096, 78
2026/08/05 17:20:05.516, 21096, 73
2026/08/05 17:20:06.519, 21096, 100
2026/08/05 17:20:07.521, 21096, 100
2026/08/05 17:20:08.524, 21096, 100
2026/08/05 17:20:09.527, 21096, 97
2026/08/05 17:20:10.529, 21096, 100
2026/08/05 17:20:11.532, 21096, 100
2026/08/05 17:20:12.534, 21096, 82
2026/08/05 17:20:13.536, 21096, 100
2026/08/05 17:20:14.539, 21096, 100
2026/08/05 17:20:15.541, 21096, 73
2026/08/05 17:20:16.544, 21096, 100
2026/08/05 17:20:17.546, 21096, 100
2026/08/05 17:20:18.549, 21096, 100
2026/08/05 17:20:19.551, 21096, 100
2026/08/05 17:20:20.553, 21096, 100
2026/08/05 17:20:21.555, 21096, 89
2026/08/05 17:20:22.557, 21096, 100
2026/08/05 17:20:23.558, 21096, 100
2026/08/05 17:20:24.559, 21096, 100
2026/08/05 17:20:25.561, 21096, 100
2026/08/05 17:20:26.562, 21096, 100
2026/08/05 17:20:27.563, 21096, 70
2026/08/05 17:20:28.565, 21096, 100
2026/08/05 17:20:29.566, 21096, 100
2026/08/05 17:20:30.568, 21096, 100
2026/08/05 17:20:31.569, 21096, 100
2026/08/05 17:20:32.571, 21096, 100
2026/08/05 17:20:33.572, 21096, 100
2026/08/05 17:20:34.574, 21096, 100
2026/08/05 17:20:35.575, 21096, 100
2026/08/05 17:20:36.577, 21096, 100
2026/08/05 17:20:37.578, 21096, 61
2026/08/05 17:20:38.580, 21096, 100
2026/08/05 17:20:39.581, 21096, 100
2026/08/05 17:20:40.583, 21096, 100
2026/08/05 17:20:41.584, 21096, 100
2026/08/05 17:20:42.586, 21096, 100
2026/08/05 17:20:43.587, 21096, 100
2026/08/05 17:20:44.589, 21096, 100
2026/08/05 17:20:45.590, 21096, 100
2026/08/05 17:20:46.591, 21096, 100
2026/08/05 17:20:47.593, 21096, 100
2026/08/05 17:20:48.594, 21096, 100
2026/08/05 17:20:49.594, 21096, 100
2026/08/05 17:20:50.595, 21096, 100
2026/08/05 17:20:51.595, 21096, 100
2026/08/05 17:20:52.595, 21096, 100
2026/08/05 17:20:53.595, 21096, 100
2026/08/05 17:20:54.596, 21096, 100
2026/08/05 17:20:55.596, 21096, 100
2026/08/05 17:20:56.596, 21096, 100
2026/08/05 17:20:57.596, 21096, 100
2026/08/05 17:20:58.597, 21096, 80
2026/08/05 17:20:59.597, 21096, 93
2026/08/05 17:21:00.597, 21096, 100
2026/08/05 17:21:01.598, 21096, 85
2026/08/05 17:21:02.598, 21096, 100
2026/08/05 17:21:03.598, 21096, 100
2026/08/05 17:21:04.599, 21096, 100
2026/08/05 17:21:05.599, 21096, 100
2026/08/05 17:21:06.599, 21096, 100
2026/08/05 17:21:07.599, 21096, 100
2026/08/05 17:21:08.600, 21096, 82
2026/08/05 17:21:09.600, 21096, 100
2026/08/05 17:21:10.600, 21096, 100
2026/08/05 17:21:11.600, 21096, 100
2026/08/05 17:21:12.601, 21096, 100
2026/08/05 17:21:13.601, 21096, 100
2026/08/05 17:21:14.601, 21096, 100
2026/08/05 17:21:15.601, 21096, 100
2026/08/05 17:21:16.602, 21096, 100
2026/08/05 17:21:17.602, 21096, 100
2026/08/05 17:21:18.602, 21096, 100
2026/08/05 17:21:19.602, 21096, 100
2026/08/05 17:21:20.602, 21096, 100
2026/08/05 17:21:21.609, 21096, 100
2026/08/05 17:21:22.618, 21096, 100
2026/08/05 17:21:23.626, 21096, 100
2026/08/05 17:21:24.633, 21096, 100
2026/08/05 17:21:25.640, 21096, 100
2026/08/05 17:21:26.646, 21096, 100
2026/08/05 17:21:27.652, 21096, 100
2026/08/05 17:21:28.656, 21096, 84
2026/08/05 17:21:29.661, 21096, 100
2026/08/05 17:21:30.664, 21096, 100
2026/08/05 17:21:31.668, 21096, 100
2026/08/05 17:21:32.671, 21096, 100
2026/08/05 17:21:33.675, 21096, 100
2026/08/05 17:21:34.677, 21096, 100
2026/08/05 17:21:35.679, 21096, 80
2026/08/05 17:21:36.682, 21096, 100
2026/08/05 17:21:37.684, 21096, 100
2026/08/05 17:21:38.686, 21096, 100
2026/08/05 17:21:39.689, 21096, 100
2026/08/05 17:21:40.693, 21096, 100
2026/08/05 17:21:41.696, 21096, 100
2026/08/05 17:21:42.697, 21096, 71
2026/08/05 17:21:43.699, 21096, 100
2026/08/05 17:21:44.700, 21096, 83
2026/08/05 17:21:45.701, 21096, 100
2026/08/05 17:21:46.703, 21096, 100
2026/08/05 17:21:47.704, 21096, 100
2026/08/05 17:21:48.706, 21096, 100
2026/08/05 17:21:49.707, 21096, 100
2026/08/05 17:21:50.708, 21096, 100
2026/08/05 17:21:51.710, 21096, 89
2026/08/05 17:21:52.711, 21096, 100
2026/08/05 17:21:53.713, 21096, 100
2026/08/05 17:21:54.713, 21096, 100
2026/08/05 17:21:55.713, 21096, 100
2026/08/05 17:21:56.713, 21096, 100
2026/08/05 17:21:57.714, 21096, 100
2026/08/05 17:21:58.714, 21096, 100
2026/08/05 17:21:59.714, 21096, 100
2026/08/05 17:22:00.715, 21096, 100
2026/08/05 17:22:01.715, 21096, 100
2026/08/05 17:22:02.715, 21096, 100
2026/08/05 17:22:03.715, 21096, 92
2026/08/05 17:22:04.716, 21096, 100
2026/08/05 17:22:05.716, 21096, 100
2026/08/05 17:22:06.716, 21096, 84
2026/08/05 17:22:07.717, 21096, 97
2026/08/05 17:22:08.717, 21096, 100
2026/08/05 17:22:09.717, 21096, 100
2026/08/05 17:22:10.718, 21096, 100
2026/08/05 17:22:11.718, 21096, 100
2026/08/05 17:22:12.718, 21096, 100
2026/08/05 17:22:13.718, 21096, 100
2026/08/05 17:22:14.719, 21096, 100
2026/08/05 17:22:15.719, 21096, 84
2026/08/05 17:22:16.719, 21096, 69
2026/08/05 17:22:17.720, 21096, 100
2026/08/05 17:22:18.720, 21096, 100
2026/08/05 17:22:19.720, 21096, 100
2026/08/05 17:22:20.721, 21096, 100
2026/08/05 17:22:21.721, 21096, 100
2026/08/05 17:22:22.721, 21096, 100
2026/08/05 17:22:23.722, 21096, 100
2026/08/05 17:22:24.722, 21096, 80
2026/08/05 17:22:25.722, 21096, 100
2026/08/05 17:22:26.723, 21096, 100
2026/08/05 17:22:27.725, 21096, 100
2026/08/05 17:22:28.726, 21096, 100
2026/08/05 17:22:29.728, 21096, 100
2026/08/05 17:22:30.729, 21096, 100
2026/08/05 17:22:31.730, 21096, 100
2026/08/05 17:22:32.732, 21096, 100
2026/08/05 17:22:33.733, 21096, 100
2026/08/05 17:22:34.734, 21096, 100
2026/08/05 17:22:35.736, 21096, 100
2026/08/05 17:22:36.737, 21096, 100
2026/08/05 17:22:37.739, 21096, 100
2026/08/05 17:22:38.740, 21096, 100
2026/08/05 17:22:39.741, 21096, 100
2026/08/05 17:22:40.743, 21096, 100
2026/08/05 17:22:41.744, 21096, 100
2026/08/05 17:22:42.745, 21096, 63
2026/08/05 17:22:43.747, 21096, 100
2026/08/05 17:22:44.748, 21096, 100
2026/08/05 17:22:45.750, 21096, 100
2026/08/05 17:22:46.751, 21096, 87
2026/08/05 17:22:47.753, 21096, 100
2026/08/05 17:22:48.754, 21096, 100
2026/08/05 17:22:49.755, 21096, 100
2026/08/05 17:22:50.757, 21096, 99
2026/08/05 17:22:51.758, 21096, 100
2026/08/05 17:22:52.759, 21096, 100
2026/08/05 17:22:53.761, 21096, 100
2026/08/05 17:22:54.762, 21096, 100
2026/08/05 17:22:55.764, 21096, 100
2026/08/05 17:22:56.765, 21096, 100
2026/08/05 17:22:57.766, 21096, 100
2026/08/05 17:22:58.767, 21096, 100
2026/08/05 17:22:59.767, 21096, 100
2026/08/05 17:23:00.767, 21096, 100
2026/08/05 17:23:01.768, 21096, 100
2026/08/05 17:23:02.768, 21096, 100
2026/08/05 17:23:03.768, 21096, 100
2026/08/05 17:23:04.768, 21096, 100
2026/08/05 17:23:05.769, 21096, 80
2026/08/05 17:23:06.769, 21096, 100
2026/08/05 17:23:07.769, 21096, 100
2026/08/05 17:23:08.770, 21096, 100
2026/08/05 17:23:09.770, 21096, 100
2026/08/05 17:23:10.773, 21096, 100
2026/08/05 17:23:11.773, 21096, 100
2026/08/05 17:23:12.773, 21096, 100
2026/08/05 17:23:13.774, 21096, 100
2026/08/05 17:23:14.774, 21096, 100
2026/08/05 17:23:15.774, 21096, 100
2026/08/05 17:23:16.774, 21096, 100
2026/08/05 17:23:17.775, 21096, 100
2026/08/05 17:23:18.775, 21096, 100
2026/08/05 17:23:19.775, 21096, 100
2026/08/05 17:23:20.776, 21096, 100
2026/08/05 17:23:21.776, 21096, 100
2026/08/05 17:23:22.776, 21096, 99
2026/08/05 17:23:23.777, 21096, 100
2026/08/05 17:23:24.777, 21096, 100
2026/08/05 17:23:25.777, 21096, 100
2026/08/05 17:23:26.777, 21096, 100
2026/08/05 17:23:27.778, 21096, 84
2026/08/05 17:23:28.778, 21096, 100
2026/08/05 17:23:29.780, 21096, 100
2026/08/05 17:23:30.780, 21096, 100
2026/08/05 17:23:31.780, 21096, 100
2026/08/05 17:23:32.781, 21096, 100
2026/08/05 17:23:33.781, 21096, 100
2026/08/05 17:23:34.781, 21096, 100
2026/08/05 17:23:35.782, 21096, 82
2026/08/05 17:23:36.782, 21096, 100
2026/08/05 17:23:37.782, 21096, 100
2026/08/05 17:23:38.782, 21096, 100
2026/08/05 17:23:39.783, 21096, 100
2026/08/05 17:23:40.783, 21096, 86
2026/08/05 17:23:41.783, 21096, 100
2026/08/05 17:23:42.784, 21096, 100
2026/08/05 17:23:43.784, 21096, 100
2026/08/05 17:23:44.784, 21096, 81
2026/08/05 17:23:45.785, 21096, 100
2026/08/05 17:23:46.785, 21096, 100
2026/08/05 17:23:47.785, 21096, 100
2026/08/05 17:23:48.786, 21096, 100
2026/08/05 17:23:49.786, 21096, 100
2026/08/05 17:23:50.786, 21096, 100
2026/08/05 17:23:51.787, 21096, 82
2026/08/05 17:23:52.787, 21096, 100
2026/08/05 17:23:53.787, 21096, 100
2026/08/05 17:23:54.788, 21096, 81
2026/08/05 17:23:55.788, 21096, 100
2026/08/05 17:23:56.788, 21096, 100
2026/08/05 17:23:57.788, 21096, 95
2026/08/05 17:23:58.789, 21096, 100
2026/08/05 17:23:59.789, 21096, 64
2026/08/05 17:24:00.789, 21096, 100
2026/08/05 17:24:01.791, 21096, 81
2026/08/05 17:24:02.791, 21096, 100
2026/08/05 17:24:03.792, 21096, 85
2026/08/05 17:24:04.794, 21096, 100
2026/08/05 17:24:05.794, 21096, 100
2026/08/05 17:24:06.795, 21096, 100
2026/08/05 17:24:07.796, 21096, 100
2026/08/05 17:24:08.796, 21096, 100
2026/08/05 17:24:09.798, 21096, 100
2026/08/05 17:24:10.799, 21096, 100
2026/08/05 17:24:11.801, 21096, 100
2026/08/05 17:24:12.802, 21096, 85
2026/08/05 17:24:13.803, 21096, 100
2026/08/05 17:24:14.805, 21096, 100
2026/08/05 17:24:15.806, 21096, 100
2026/08/05 17:24:16.807, 21096, 100
2026/08/05 17:24:17.809, 21096, 100
2026/08/05 17:24:18.810, 21096, 100
2026/08/05 17:24:19.812, 21096, 100
2026/08/05 17:24:20.813, 21096, 100
2026/08/05 17:24:21.814, 21096, 100
2026/08/05 17:24:22.816, 21096, 100
2026/08/05 17:24:23.817, 21096, 100
2026/08/05 17:24:24.819, 21096, 82
2026/08/05 17:24:25.820, 21096, 85
2026/08/05 17:24:26.821, 21096, 100
2026/08/05 17:24:27.823, 21096, 83
2026/08/05 17:24:28.824, 21096, 100
2026/08/05 17:24:29.826, 21096, 100
2026/08/05 17:24:30.827, 21096, 100
2026/08/05 17:24:31.828, 21096, 100
2026/08/05 17:24:32.829, 21096, 100
2026/08/05 17:24:33.830, 21096, 100
2026/08/05 17:24:34.831, 21096, 100
2026/08/05 17:24:35.831, 21096, 100
2026/08/05 17:24:36.831, 21096, 100
2026/08/05 17:24:37.832, 21096, 100
2026/08/05 17:24:38.833, 21096, 100
2026/08/05 17:24:39.834, 21096, 100
2026/08/05 17:24:40.834, 21096, 100
2026/08/05 17:24:41.836, 21096, 82
2026/08/05 17:24:42.837, 21096, 100
2026/08/05 17:24:43.838, 21096, 100
2026/08/05 17:24:44.839, 21096, 100
2026/08/05 17:24:45.841, 21096, 100
2026/08/05 17:24:46.842, 21096, 82
2026/08/05 17:24:47.843, 21096, 100
2026/08/05 17:24:48.845, 21096, 100
2026/08/05 17:24:49.846, 21096, 96
2026/08/05 17:24:50.848, 21096, 86
2026/08/05 17:24:51.849, 21096, 97
2026/08/05 17:24:52.851, 21096, 100
2026/08/05 17:24:53.852, 21096, 99
2026/08/05 17:24:54.854, 21096, 100
2026/08/05 17:24:55.854, 21096, 100
2026/08/05 17:24:56.854, 21096, 100
2026/08/05 17:24:57.855, 21096, 100
2026/08/05 17:24:58.855, 21096, 65
2026/08/05 17:24:59.857, 21096, 100
2026/08/05 17:25:00.857, 21096, 100
2026/08/05 17:25:01.859, 21096, 100
2026/08/05 17:25:02.860, 21096, 100
2026/08/05 17:25:03.862, 21096, 100
2026/08/05 17:25:04.862, 21096, 100
2026/08/05 17:25:05.864, 21096, 100
2026/08/05 17:25:06.864, 21096, 100
2026/08/05 17:25:07.864, 21096, 100
2026/08/05 17:25:08.865, 21096, 58
2026/08/05 17:25:09.865, 21096, 100
2026/08/05 17:25:10.865, 21096, 100
2026/08/05 17:25:11.865, 21096, 100
2026/08/05 17:25:12.866, 21096, 100
2026/08/05 17:25:13.866, 21096, 100
2026/08/05 17:25:14.866, 21096, 100
2026/08/05 17:25:15.866, 21096, 100
2026/08/05 17:25:16.867, 21096, 100
2026/08/05 17:25:17.867, 21096, 100
2026/08/05 17:25:18.867, 21096, 100
2026/08/05 17:25:19.868, 21096, 100
2026/08/05 17:25:20.868, 21096, 100
2026/08/05 17:25:21.868, 21096, 100
2026/08/05 17:25:22.868, 21096, 100
2026/08/05 17:25:23.869, 21096, 100
2026/08/05 17:25:24.869, 21096, 100
2026/08/05 17:25:25.869, 21096, 100
2026/08/05 17:25:26.869, 21096, 100
2026/08/05 17:25:27.870, 21096, 100
2026/08/05 17:25:28.870, 21096, 100
2026/08/05 17:25:29.870, 21096, 100
2026/08/05 17:25:30.870, 21096, 85
2026/08/05 17:25:31.871, 21096, 100
2026/08/05 17:25:32.871, 21096, 100
2026/08/05 17:25:33.871, 21096, 100
2026/08/05 17:25:34.871, 21096, 100
2026/08/05 17:25:35.872, 21096, 100
2026/08/05 17:25:36.872, 21096, 100
2026/08/05 17:25:37.872, 21096, 100
2026/08/05 17:25:38.873, 21096, 100
2026/08/05 17:25:39.873, 21096, 100
2026/08/05 17:25:40.873, 21096, 100
2026/08/05 17:25:41.874, 21096, 100
2026/08/05 17:25:42.874, 21096, 100
2026/08/05 17:25:43.874, 21096, 100
2026/08/05 17:25:44.875, 21096, 100
2026/08/05 17:25:45.875, 21096, 100
2026/08/05 17:25:46.875, 21096, 100
2026/08/05 17:25:47.876, 21096, 100
2026/08/05 17:25:48.876, 21096, 100
2026/08/05 17:25:49.876, 21096, 100
2026/08/05 17:25:50.876, 21096, 91
2026/08/05 17:25:51.877, 21096, 100
2026/08/05 17:25:52.877, 21096, 100
2026/08/05 17:25:53.877, 21096, 99
2026/08/05 17:25:54.877, 21096, 100
2026/08/05 17:25:55.878, 21096, 100
2026/08/05 17:25:56.878, 21096, 100
2026/08/05 17:25:57.878, 21096, 100
2026/08/05 17:25:58.879, 21096, 100
2026/08/05 17:25:59.879, 21096, 100
2026/08/05 17:26:00.879, 21096, 100
2026/08/05 17:26:01.879, 21096, 84
2026/08/05 17:26:02.880, 21096, 83
2026/08/05 17:26:03.880, 21096, 100
2026/08/05 17:26:04.880, 21096, 100
2026/08/05 17:26:05.881, 21096, 100
2026/08/05 17:26:06.881, 21096, 100
2026/08/05 17:26:07.882, 21096, 100
2026/08/05 17:26:08.883, 21096, 100
2026/08/05 17:26:09.883, 21096, 100
2026/08/05 17:26:10.883, 21096, 100
2026/08/05 17:26:11.884, 21096, 100
2026/08/05 17:26:12.885, 21096, 100
2026/08/05 17:26:13.886, 21096, 100
2026/08/05 17:26:14.887, 21096, 100
2026/08/05 17:26:15.887, 21096, 100
2026/08/05 17:26:16.887, 21096, 100
2026/08/05 17:26:17.889, 21096, 100
2026/08/05 17:26:18.889, 21096, 100
2026/08/05 17:26:19.889, 21096, 54
2026/08/05 17:26:20.891, 21096, 100
2026/08/05 17:26:21.892, 21096, 100
2026/08/05 17:26:22.893, 21096, 100
2026/08/05 17:26:23.895, 21096, 100
2026/08/05 17:26:24.896, 21096, 100
2026/08/05 17:26:25.897, 21096, 100
2026/08/05 17:26:26.899, 21096, 100
2026/08/05 17:26:27.900, 21096, 65
2026/08/05 17:26:28.901, 21096, 100
2026/08/05 17:26:29.903, 21096, 100
2026/08/05 17:26:30.903, 21096, 100
2026/08/05 17:26:31.905, 21096, 81
2026/08/05 17:26:32.906, 21096, 73
2026/08/05 17:26:33.907, 21096, 100
2026/08/05 17:26:34.908, 21096, 100
2026/08/05 17:26:35.908, 21096, 100
2026/08/05 17:26:36.908, 21096, 100
2026/08/05 17:26:37.909, 21096, 100
2026/08/05 17:26:38.910, 21096, 100
2026/08/05 17:26:39.911, 21096, 100
2026/08/05 17:26:40.913, 21096, 100
2026/08/05 17:26:41.914, 21096, 100
2026/08/05 17:26:42.914, 21096, 100
2026/08/05 17:26:43.916, 21096, 100
2026/08/05 17:26:44.917, 21096, 100
2026/08/05 17:26:45.919, 21096, 100
2026/08/05 17:26:46.920, 21096, 80
2026/08/05 17:26:47.921, 21096, 100
2026/08/05 17:26:48.922, 21096, 100
2026/08/05 17:26:49.923, 21096, 100
2026/08/05 17:26:50.923, 21096, 100
2026/08/05 17:26:51.925, 21096, 100
2026/08/05 17:26:52.926, 21096, 100
2026/08/05 17:26:53.928, 21096, 100
2026/08/05 17:26:54.929, 21096, 100
2026/08/05 17:26:55.930, 21096, 100
2026/08/05 17:26:56.932, 21096, 79
2026/08/05 17:26:57.933, 21096, 100
2026/08/05 17:26:58.935, 21096, 100
2026/08/05 17:26:59.936, 21096, 99
2026/08/05 17:27:00.937, 21096, 80
2026/08/05 17:27:01.939, 21096, 100
2026/08/05 17:27:02.940, 21096, 86
2026/08/05 17:27:03.941, 21096, 100
2026/08/05 17:27:04.943, 21096, 100
2026/08/05 17:27:05.944, 21096, 100
2026/08/05 17:27:06.946, 21096, 100
2026/08/05 17:27:07.947, 21096, 100
2026/08/05 17:27:08.948, 21096, 100
2026/08/05 17:27:09.950, 21096, 100
2026/08/05 17:27:10.951, 21096, 100
2026/08/05 17:27:11.952, 21096, 100
2026/08/05 17:27:12.954, 21096, 100
2026/08/05 17:27:13.955, 21096, 100
2026/08/05 17:27:14.956, 21096, 100
2026/08/05 17:27:15.956, 21096, 100
2026/08/05 17:27:16.957, 21096, 100
2026/08/05 17:27:17.959, 21096, 100
2026/08/05 17:27:18.960, 21096, 100
2026/08/05 17:27:19.961, 21096, 100
2026/08/05 17:27:20.963, 21096, 100
2026/08/05 17:27:21.964, 21096, 100
2026/08/05 17:27:22.966, 21096, 100
2026/08/05 17:27:23.967, 21096, 100
2026/08/05 17:27:24.968, 21096, 100
2026/08/05 17:27:26.016, 21096, 100
2026/08/05 17:27:27.018, 21096, 100
2026/08/05 17:27:28.019, 21096, 100
2026/08/05 17:27:29.020, 21096, 100
2026/08/05 17:27:30.021, 21096, 100
2026/08/05 17:27:31.022, 21096, 100
2026/08/05 17:27:32.024, 21096, 100
2026/08/05 17:27:33.025, 21096, 100
2026/08/05 17:27:34.026, 21096, 100
2026/08/05 17:27:35.028, 21096, 85
2026/08/05 17:27:36.029, 21096, 100
2026/08/05 17:27:37.031, 21096, 100
2026/08/05 17:27:38.032, 21096, 100
2026/08/05 17:27:39.033, 21096, 100
2026/08/05 17:27:40.035, 21096, 100
2026/08/05 17:27:41.036, 21096, 100
2026/08/05 17:27:42.038, 21096, 100
2026/08/05 17:27:43.039, 21096, 100
2026/08/05 17:27:44.040, 21096, 100
2026/08/05 17:27:45.042, 21096, 100
2026/08/05 17:27:46.043, 21096, 100
2026/08/05 17:27:47.044, 21096, 100
2026/08/05 17:27:48.046, 21096, 95
2026/08/05 17:27:49.047, 21096, 100
2026/08/05 17:27:50.049, 21096, 100
2026/08/05 17:27:51.050, 21096, 100
2026/08/05 17:27:52.051, 21096, 100
2026/08/05 17:27:53.053, 21096, 100
2026/08/05 17:27:54.054, 21096, 100
2026/08/05 17:27:55.056, 21096, 100
2026/08/05 17:27:56.057, 21096, 100
2026/08/05 17:27:57.058, 21096, 85
2026/08/05 17:27:58.060, 21096, 100
2026/08/05 17:27:59.061, 21096, 100
2026/08/05 17:28:00.062, 21096, 100
2026/08/05 17:28:01.064, 21096, 100
2026/08/05 17:28:02.065, 21096, 100
2026/08/05 17:28:03.067, 21096, 100
2026/08/05 17:28:04.068, 21096, 100
2026/08/05 17:28:05.069, 21096, 100
2026/08/05 17:28:06.071, 21096, 100
2026/08/05 17:28:07.072, 21096, 100
2026/08/05 17:28:08.073, 21096, 100
2026/08/05 17:28:09.075, 21096, 100
2026/08/05 17:28:10.076, 21096, 100
2026/08/05 17:28:11.078, 21096, 100
2026/08/05 17:28:12.079, 21096, 100
2026/08/05 17:28:13.080, 21096, 100
2026/08/05 17:28:14.082, 21096, 84
2026/08/05 17:28:15.083, 21096, 100
2026/08/05 17:28:16.084, 21096, 100
2026/08/05 17:28:17.086, 21096, 100
2026/08/05 17:28:18.087, 21096, 100
2026/08/05 17:28:19.089, 21096, 100
2026/08/05 17:28:20.090, 21096, 100
2026/08/05 17:28:21.091, 21096, 100
2026/08/05 17:28:22.093, 21096, 100
2026/08/05 17:28:23.094, 21096, 100
2026/08/05 17:28:24.095, 21096, 94
2026/08/05 17:28:25.097, 21096, 100
2026/08/05 17:28:26.098, 21096, 85
2026/08/05 17:28:27.100, 21096, 100
2026/08/05 17:28:28.101, 21096, 100
2026/08/05 17:28:29.102, 21096, 100
2026/08/05 17:28:30.104, 21096, 100
2026/08/05 17:28:31.105, 21096, 100
2026/08/05 17:28:32.106, 21096, 100
2026/08/05 17:28:33.106, 21096, 100
2026/08/05 17:28:34.107, 21096, 100
2026/08/05 17:28:35.109, 21096, 81
2026/08/05 17:28:36.110, 21096, 100
2026/08/05 17:28:37.111, 21096, 100
2026/08/05 17:28:38.112, 21096, 81
2026/08/05 17:28:39.113, 21096, 100
2026/08/05 17:28:40.115, 21096, 100
2026/08/05 17:28:41.116, 21096, 100
2026/08/05 17:28:42.117, 21096, 100
2026/08/05 17:28:43.118, 21096, 100
2026/08/05 17:28:44.120, 21096, 100
2026/08/05 17:28:45.121, 21096, 100
2026/08/05 17:28:46.123, 21096, 100
2026/08/05 17:28:47.124, 21096, 100
2026/08/05 17:28:48.125, 21096, 100
2026/08/05 17:28:49.126, 21096, 100
2026/08/05 17:28:50.128, 21096, 100
2026/08/05 17:28:51.129, 21096, 100
2026/08/05 17:28:52.130, 21096, 100
2026/08/05 17:28:53.132, 21096, 100
2026/08/05 17:28:54.133, 21096, 100
2026/08/05 17:28:55.134, 21096, 84
2026/08/05 17:28:56.136, 21096, 100
2026/08/05 17:28:57.137, 21096, 100
2026/08/05 17:28:58.138, 21096, 100
2026/08/05 17:28:59.140, 21096, 93
2026/08/05 17:29:00.141, 21096, 61
2026/08/05 17:29:01.142, 21096, 100
2026/08/05 17:29:02.144, 21096, 100
2026/08/05 17:29:03.145, 21096, 100
2026/08/05 17:29:04.146, 21096, 100
2026/08/05 17:29:05.148, 21096, 100
2026/08/05 17:29:06.149, 21096, 82
2026/08/05 17:29:07.150, 21096, 95
2026/08/05 17:29:08.151, 21096, 100
2026/08/05 17:29:09.153, 21096, 100
2026/08/05 17:29:10.154, 21096, 100
2026/08/05 17:29:11.155, 21096, 100
2026/08/05 17:29:12.157, 21096, 67
2026/08/05 17:29:13.158, 21096, 100
2026/08/05 17:29:14.159, 21096, 63
2026/08/05 17:29:15.161, 21096, 100
2026/08/05 17:29:16.162, 21096, 100
2026/08/05 17:29:17.164, 21096, 100
2026/08/05 17:29:18.165, 21096, 100
2026/08/05 17:29:19.166, 21096, 100
2026/08/05 17:29:20.168, 21096, 100
2026/08/05 17:29:21.169, 21096, 100
2026/08/05 17:29:22.170, 21096, 100
2026/08/05 17:29:23.171, 21096, 100
2026/08/05 17:29:24.171, 21096, 100
2026/08/05 17:29:25.171, 21096, 100
2026/08/05 17:29:26.171, 21096, 89
2026/08/05 17:29:27.172, 21096, 100
2026/08/05 17:29:28.172, 21096, 100
2026/08/05 17:29:29.172, 21096, 100
2026/08/05 17:29:30.172, 21096, 100
2026/08/05 17:29:31.173, 21096, 83
2026/08/05 17:29:32.173, 21096, 100
2026/08/05 17:29:33.173, 21096, 100
2026/08/05 17:29:34.174, 21096, 100
2026/08/05 17:29:35.174, 21096, 94
2026/08/05 17:29:36.174, 21096, 100
2026/08/05 17:29:37.174, 21096, 100
2026/08/05 17:29:38.175, 21096, 100
2026/08/05 17:29:39.175, 21096, 100
2026/08/05 17:29:40.175, 21096, 100
2026/08/05 17:29:41.176, 21096, 100
2026/08/05 17:29:42.176, 21096, 83
2026/08/05 17:29:43.176, 21096, 100
2026/08/05 17:29:44.176, 21096, 100
2026/08/05 17:29:45.177, 21096, 100
2026/08/05 17:29:46.177, 21096, 100
2026/08/05 17:29:47.177, 21096, 100
2026/08/05 17:29:48.178, 21096, 100
2026/08/05 17:29:49.178, 21096, 90
2026/08/05 17:29:50.178, 21096, 100
2026/08/05 17:29:51.178, 21096, 100
2026/08/05 17:29:52.179, 21096, 100
2026/08/05 17:29:53.179, 21096, 100
2026/08/05 17:29:54.179, 21096, 56
2026/08/05 17:29:55.180, 21096, 100
2026/08/05 17:29:56.180, 21096, 100
2026/08/05 17:29:57.180, 21096, 100
2026/08/05 17:29:58.181, 21096, 69
2026/08/05 17:29:59.181, 21096, 82
2026/08/05 17:30:00.181, 21096, 100
2026/08/05 17:30:01.181, 21096, 100
2026/08/05 17:30:02.182, 21096, 100
2026/08/05 17:30:03.182, 21096, 100
2026/08/05 17:30:04.182, 21096, 100
2026/08/05 17:30:05.183, 21096, 100
2026/08/05 17:30:06.183, 21096, 100
2026/08/05 17:30:07.183, 21096, 100
2026/08/05 17:30:08.184, 21096, 100
2026/08/05 17:30:09.184, 21096, 100
2026/08/05 17:30:10.184, 21096, 100
2026/08/05 17:30:11.184, 21096, 100
2026/08/05 17:30:12.185, 21096, 100
2026/08/05 17:30:13.185, 21096, 100
2026/08/05 17:30:14.185, 21096, 100
2026/08/05 17:30:15.185, 21096, 100
2026/08/05 17:30:16.186, 21096, 100
2026/08/05 17:30:17.186, 21096, 100
2026/08/05 17:30:18.186, 21096, 100
2026/08/05 17:30:19.187, 21096, 100
2026/08/05 17:30:20.187, 21096, 83
2026/08/05 17:30:21.187, 21096, 86
2026/08/05 17:30:22.188, 21096, 100
2026/08/05 17:30:23.188, 21096, 100
2026/08/05 17:30:24.188, 21096, 100
2026/08/05 17:30:25.189, 21096, 97
2026/08/05 17:30:26.189, 21096, 100
2026/08/05 17:30:27.189, 21096, 100
2026/08/05 17:30:28.190, 21096, 100
2026/08/05 17:30:29.190, 21096, 100
2026/08/05 17:30:30.190, 21096, 100
2026/08/05 17:30:31.190, 21096, 86
2026/08/05 17:30:32.191, 21096, 100
2026/08/05 17:30:33.191, 21096, 100
2026/08/05 17:30:34.191, 21096, 100
2026/08/05 17:30:35.192, 21096, 100
2026/08/05 17:30:36.192, 21096, 100
2026/08/05 17:30:37.192, 21096, 100
2026/08/05 17:30:38.192, 21096, 100
2026/08/05 17:30:39.193, 21096, 100
2026/08/05 17:30:40.193, 21096, 100
2026/08/05 17:30:41.193, 21096, 100
2026/08/05 17:30:42.194, 21096, 100
2026/08/05 17:30:43.194, 21096, 100
2026/08/05 17:30:44.194, 21096, 100
2026/08/05 17:30:45.195, 21096, 84
2026/08/05 17:30:46.195, 21096, 7
2026/08/05 17:30:47.195, 21096, 84
2026/08/05 17:30:48.195, 21096, 100
2026/08/05 17:30:49.196, 21096, 85
2026/08/05 17:30:50.196, 21096, 88
2026/08/05 17:30:51.196, 21096, 100
2026/08/05 17:30:52.196, 21096, 100
2026/08/05 17:30:53.197, 21096, 100
2026/08/05 17:30:54.197, 21096, 100
2026/08/05 17:30:55.197, 21096, 100
2026/08/05 17:30:56.198, 21096, 100
2026/08/05 17:30:57.198, 21096, 100
2026/08/05 17:30:58.198, 21096, 100
2026/08/05 17:30:59.199, 21096, 64
2026/08/05 17:31:00.199, 21096, 100
2026/08/05 17:31:01.199, 21096, 100
2026/08/05 17:31:02.199, 21096, 100
2026/08/05 17:31:03.200, 21096, 100
2026/08/05 17:31:04.200, 21096, 100
2026/08/05 17:31:05.200, 21096, 100
2026/08/05 17:31:06.201, 21096, 100
2026/08/05 17:31:07.201, 21096, 100
2026/08/05 17:31:08.201, 21096, 100
2026/08/05 17:31:09.201, 21096, 100
2026/08/05 17:31:10.202, 21096, 100
2026/08/05 17:31:11.202, 21096, 100
2026/08/05 17:31:12.202, 21096, 84
2026/08/05 17:31:13.202, 21096, 85
2026/08/05 17:31:14.203, 21096, 100
2026/08/05 17:31:15.203, 21096, 100
2026/08/05 17:31:16.203, 21096, 100
2026/08/05 17:31:17.204, 21096, 100
2026/08/05 17:31:18.204, 21096, 100
2026/08/05 17:31:19.204, 21096, 100
2026/08/05 17:31:20.204, 21096, 100
2026/08/05 17:31:21.205, 21096, 100
2026/08/05 17:31:22.205, 21096, 86
2026/08/05 17:31:23.205, 21096, 100
2026/08/05 17:31:24.206, 21096, 100
2026/08/05 17:31:25.206, 21096, 100
2026/08/05 17:31:26.206, 21096, 100
2026/08/05 17:31:27.206, 21096, 100
2026/08/05 17:31:28.207, 21096, 100
2026/08/05 17:31:29.207, 21096, 100
2026/08/05 17:31:30.208, 21096, 97
2026/08/05 17:31:31.208, 21096, 100
2026/08/05 17:31:32.208, 21096, 100
2026/08/05 17:31:33.209, 21096, 100
2026/08/05 17:31:34.209, 21096, 100
2026/08/05 17:31:35.209, 21096, 100
2026/08/05 17:31:36.209, 21096, 100
2026/08/05 17:31:37.209, 21096, 100
2026/08/05 17:31:38.210, 21096, 100
2026/08/05 17:31:39.210, 21096, 100
2026/08/05 17:31:40.210, 21096, 100
2026/08/05 17:31:41.210, 21096, 100
2026/08/05 17:31:42.211, 21096, 100
2026/08/05 17:31:43.211, 21096, 100
2026/08/05 17:31:44.211, 21096, 100
2026/08/05 17:31:45.212, 21096, 100
2026/08/05 17:31:46.212, 21096, 100
2026/08/05 17:31:47.212, 21096, 100
2026/08/05 17:31:48.212, 21096, 100
2026/08/05 17:31:49.213, 21096, 100
2026/08/05 17:31:50.213, 21096, 100
2026/08/05 17:31:51.213, 21096, 82
2026/08/05 17:31:52.213, 21096, 100
2026/08/05 17:31:53.214, 21096, 100
2026/08/05 17:31:54.214, 21096, 100
2026/08/05 17:31:55.214, 21096, 80
2026/08/05 17:31:56.215, 21096, 87
2026/08/05 17:31:57.215, 21096, 100
2026/08/05 17:31:58.215, 21096, 100
2026/08/05 17:31:59.215, 21096, 100
2026/08/05 17:32:00.216, 21096, 100
2026/08/05 17:32:01.216, 21096, 100
2026/08/05 17:32:02.216, 21096, 100
2026/08/05 17:32:03.217, 21096, 100
2026/08/05 17:32:04.217, 21096, 100
2026/08/05 17:32:05.217, 21096, 100
2026/08/05 17:32:06.218, 21096, 100
2026/08/05 17:32:07.218, 21096, 100
2026/08/05 17:32:08.218, 21096, 100
2026/08/05 17:32:09.219, 21096, 100
2026/08/05 17:32:10.219, 21096, 100
2026/08/05 17:32:11.219, 21096, 100
2026/08/05 17:32:12.220, 21096, 100
2026/08/05 17:32:13.220, 21096, 100
2026/08/05 17:32:14.220, 21096, 100
2026/08/05 17:32:15.220, 21096, 100
2026/08/05 17:32:16.221, 21096, 62
2026/08/05 17:32:17.221, 21096, 100
2026/08/05 17:32:18.221, 21096, 100
2026/08/05 17:32:19.222, 21096, 100
2026/08/05 17:32:20.222, 21096, 100
2026/08/05 17:32:21.222, 21096, 100
2026/08/05 17:32:22.223, 21096, 100
2026/08/05 17:32:23.223, 21096, 100
2026/08/05 17:32:24.223, 21096, 100
2026/08/05 17:32:25.224, 21096, 100
2026/08/05 17:32:26.224, 21096, 100
2026/08/05 17:32:27.224, 21096, 100
2026/08/05 17:32:28.225, 21096, 100
2026/08/05 17:32:29.225, 21096, 100
2026/08/05 17:32:30.225, 21096, 100
2026/08/05 17:32:31.226, 21096, 100
2026/08/05 17:32:32.226, 21096, 100
2026/08/05 17:32:33.226, 21096, 100
2026/08/05 17:32:34.227, 21096, 100
2026/08/05 17:32:35.227, 21096, 100
2026/08/05 17:32:36.227, 21096, 100
2026/08/05 17:32:37.227, 21096, 100
2026/08/05 17:32:38.228, 21096, 100
2026/08/05 17:32:39.228, 21096, 83
2026/08/05 17:32:40.228, 21096, 100
2026/08/05 17:32:41.229, 21096, 78
2026/08/05 17:32:42.229, 21096, 100
2026/08/05 17:32:43.229, 21096, 100
2026/08/05 17:32:44.229, 21096, 100
2026/08/05 17:32:45.230, 21096, 100
2026/08/05 17:32:46.230, 21096, 100
2026/08/05 17:32:47.230, 21096, 100
2026/08/05 17:32:48.231, 21096, 100
2026/08/05 17:32:49.231, 21096, 100
2026/08/05 17:32:50.231, 21096, 93
2026/08/05 17:32:51.232, 21096, 100
2026/08/05 17:32:52.232, 21096, 82
2026/08/05 17:32:53.232, 21096, 100
2026/08/05 17:32:54.233, 21096, 100
2026/08/05 17:32:55.233, 21096, 100
2026/08/05 17:32:56.233, 21096, 100
2026/08/05 17:32:57.234, 21096, 85
2026/08/05 17:32:58.234, 21096, 100
2026/08/05 17:32:59.234, 21096, 100
2026/08/05 17:33:00.235, 21096, 100
2026/08/05 17:33:01.235, 21096, 100
2026/08/05 17:33:02.235, 21096, 100
2026/08/05 17:33:03.236, 21096, 100
2026/08/05 17:33:04.236, 21096, 100
2026/08/05 17:33:05.236, 21096, 100
2026/08/05 17:33:06.237, 21096, 100
2026/08/05 17:33:07.237, 21096, 100
2026/08/05 17:33:08.237, 21096, 100
2026/08/05 17:33:09.238, 21096, 100
2026/08/05 17:33:10.238, 21096, 100
2026/08/05 17:33:11.238, 21096, 100
2026/08/05 17:33:12.240, 21096, 100
2026/08/05 17:33:13.240, 21096, 100
2026/08/05 17:33:14.240, 21096, 100
2026/08/05 17:33:15.241, 21096, 100
2026/08/05 17:33:16.241, 21096, 100
2026/08/05 17:33:17.241, 21096, 100
2026/08/05 17:33:18.242, 21096, 100
2026/08/05 17:33:19.242, 21096, 100
2026/08/05 17:33:20.242, 21096, 100
2026/08/05 17:33:21.243, 21096, 100
2026/08/05 17:33:22.243, 21096, 100
2026/08/05 17:33:23.244, 21096, 100
2026/08/05 17:33:24.244, 21096, 100
2026/08/05 17:33:25.244, 21096, 100
2026/08/05 17:33:26.245, 21096, 100
2026/08/05 17:33:27.245, 21096, 52
2026/08/05 17:33:28.245, 21096, 100
2026/08/05 17:33:29.246, 21096, 100
2026/08/05 17:33:30.246, 21096, 100
2026/08/05 17:33:31.246, 21096, 100
2026/08/05 17:33:32.247, 21096, 100
2026/08/05 17:33:33.247, 21096, 100
2026/08/05 17:33:34.247, 21096, 100
2026/08/05 17:33:35.248, 21096, 87
2026/08/05 17:33:36.248, 21096, 100
2026/08/05 17:33:37.249, 21096, 100
2026/08/05 17:33:38.249, 21096, 100
2026/08/05 17:33:39.251, 21096, 100
2026/08/05 17:33:40.253, 21096, 100
2026/08/05 17:33:41.255, 21096, 100
2026/08/05 17:33:42.256, 21096, 100
2026/08/05 17:33:43.258, 21096, 100
2026/08/05 17:33:44.259, 21096, 100
2026/08/05 17:33:45.260, 21096, 100
2026/08/05 17:33:46.262, 21096, 100
2026/08/05 17:33:47.263, 21096, 100
2026/08/05 17:33:48.265, 21096, 61
2026/08/05 17:33:49.266, 21096, 100
2026/08/05 17:33:50.268, 21096, 100
2026/08/05 17:33:51.269, 21096, 100
2026/08/05 17:33:52.271, 21096, 100
2026/08/05 17:33:53.272, 21096, 100
2026/08/05 17:33:54.273, 21096, 100
2026/08/05 17:33:55.275, 21096, 100
2026/08/05 17:33:56.276, 21096, 100
2026/08/05 17:33:57.277, 21096, 100
2026/08/05 17:33:58.279, 21096, 100
2026/08/05 17:33:59.280, 21096, 100
2026/08/05 17:34:00.281, 21096, 84
2026/08/05 17:34:01.283, 21096, 100
2026/08/05 17:34:02.284, 21096, 100
2026/08/05 17:34:03.285, 21096, 100
2026/08/05 17:34:04.287, 21096, 100
2026/08/05 17:34:05.288, 21096, 89
2026/08/05 17:34:06.289, 21096, 100
2026/08/05 17:34:07.290, 21096, 100
2026/08/05 17:34:08.292, 21096, 100
2026/08/05 17:34:09.293, 21096, 100
2026/08/05 17:34:10.295, 21096, 100
2026/08/05 17:34:11.296, 21096, 92
2026/08/05 17:34:12.298, 21096, 100
2026/08/05 17:34:13.299, 21096, 100
2026/08/05 17:34:14.300, 21096, 100
2026/08/05 17:34:15.302, 21096, 100
2026/08/05 17:34:16.303, 21096, 100
2026/08/05 17:34:17.305, 21096, 100
2026/08/05 17:34:18.306, 21096, 100
2026/08/05 17:34:19.306, 21096, 82
2026/08/05 17:34:20.308, 21096, 100
2026/08/05 17:34:21.309, 21096, 82
2026/08/05 17:34:22.311, 21096, 100
2026/08/05 17:34:23.312, 21096, 100
2026/08/05 17:34:24.313, 21096, 82
2026/08/05 17:34:25.313, 21096, 100
2026/08/05 17:34:26.315, 21096, 100
2026/08/05 17:34:27.316, 21096, 95
2026/08/05 17:34:28.318, 21096, 100
2026/08/05 17:34:29.319, 21096, 100
2026/08/05 17:34:30.320, 21096, 85
2026/08/05 17:34:31.322, 21096, 100
2026/08/05 17:34:32.323, 21096, 100
2026/08/05 17:34:33.324, 21096, 100
2026/08/05 17:34:34.326, 21096, 100
2026/08/05 17:34:35.327, 21096, 100
2026/08/05 17:34:36.329, 21096, 84
2026/08/05 17:34:37.330, 21096, 100
2026/08/05 17:34:38.331, 21096, 100
2026/08/05 17:34:39.333, 21096, 100
2026/08/05 17:34:40.334, 21096, 100
2026/08/05 17:34:41.335, 21096, 100
2026/08/05 17:34:42.337, 21096, 100
2026/08/05 17:34:43.338, 21096, 100
2026/08/05 17:34:44.340, 21096, 100
2026/08/05 17:34:45.341, 21096, 100
2026/08/05 17:34:46.342, 21096, 100
2026/08/05 17:34:47.344, 21096, 100
2026/08/05 17:34:48.345, 21096, 100
2026/08/05 17:34:49.346, 21096, 100
2026/08/05 17:34:50.353, 21096, 100
2026/08/05 17:34:51.354, 21096, 100
2026/08/05 17:34:52.356, 21096, 100
2026/08/05 17:34:53.357, 21096, 100
2026/08/05 17:34:54.359, 21096, 100
2026/08/05 17:34:55.360, 21096, 100
2026/08/05 17:34:56.361, 21096, 100
2026/08/05 17:34:57.363, 21096, 100
2026/08/05 17:34:58.364, 21096, 100
2026/08/05 17:34:59.366, 21096, 100
2026/08/05 17:35:00.367, 21096, 59
2026/08/05 17:35:01.368, 21096, 78
2026/08/05 17:35:02.370, 21096, 100
2026/08/05 17:35:03.371, 21096, 84
2026/08/05 17:35:04.372, 21096, 100
2026/08/05 17:35:05.374, 21096, 100
2026/08/05 17:35:06.375, 21096, 100
2026/08/05 17:35:07.377, 21096, 81
2026/08/05 17:35:08.378, 21096, 100
2026/08/05 17:35:09.379, 21096, 100
2026/08/05 17:35:10.381, 21096, 80
2026/08/05 17:35:11.382, 21096, 100
2026/08/05 17:35:12.384, 21096, 100
2026/08/05 17:35:13.385, 21096, 100
2026/08/05 17:35:14.386, 21096, 100
2026/08/05 17:35:15.388, 21096, 100
2026/08/05 17:35:16.389, 21096, 100
2026/08/05 17:35:17.390, 21096, 100
2026/08/05 17:35:18.392, 21096, 100
2026/08/05 17:35:19.393, 21096, 100
2026/08/05 17:35:20.394, 21096, 100
2026/08/05 17:35:21.396, 21096, 100
2026/08/05 17:35:22.397, 21096, 100
2026/08/05 17:35:23.399, 21096, 100
2026/08/05 17:35:24.400, 21096, 72
2026/08/05 17:35:25.401, 21096, 100
2026/08/05 17:35:26.403, 21096, 100
2026/08/05 17:35:27.404, 21096, 100
2026/08/05 17:35:28.405, 21096, 100
2026/08/05 17:35:29.407, 21096, 100
2026/08/05 17:35:30.408, 21096, 100
2026/08/05 17:35:31.409, 21096, 100
2026/08/05 17:35:32.410, 21096, 100
2026/08/05 17:35:33.411, 21096, 100
2026/08/05 17:35:34.413, 21096, 100
2026/08/05 17:35:35.414, 21096, 100
2026/08/05 17:35:36.416, 21096, 100
2026/08/05 17:35:37.417, 21096, 57
2026/08/05 17:35:38.418, 21096, 84
2026/08/05 17:35:39.420, 21096, 100
2026/08/05 17:35:40.421, 21096, 100
2026/08/05 17:35:41.422, 21096, 100
2026/08/05 17:35:42.423, 21096, 61
2026/08/05 17:35:43.426, 21096, 82
2026/08/05 17:35:44.428, 21096, 100
2026/08/05 17:35:45.429, 21096, 100
2026/08/05 17:35:46.430, 21096, 100
2026/08/05 17:35:47.432, 21096, 100
2026/08/05 17:35:48.432, 21096, 100
2026/08/05 17:35:49.433, 21096, 100
2026/08/05 17:35:50.433, 21096, 100
2026/08/05 17:35:51.434, 21096, 100
2026/08/05 17:35:52.434, 21096, 85
2026/08/05 17:35:53.435, 21096, 100
2026/08/05 17:35:54.436, 21096, 100
2026/08/05 17:35:55.438, 21096, 65
2026/08/05 17:35:56.438, 21096, 100
2026/08/05 17:35:57.439, 21096, 100
2026/08/05 17:35:58.440, 21096, 100
2026/08/05 17:35:59.442, 21096, 100
2026/08/05 17:36:00.443, 21096, 100
2026/08/05 17:36:01.444, 21096, 100
2026/08/05 17:36:02.446, 21096, 100
2026/08/05 17:36:03.447, 21096, 62
2026/08/05 17:36:04.448, 21096, 100
2026/08/05 17:36:05.450, 21096, 100
2026/08/05 17:36:06.451, 21096, 100
2026/08/05 17:36:07.452, 21096, 100
2026/08/05 17:36:08.454, 21096, 85
2026/08/05 17:36:09.455, 21096, 100
2026/08/05 17:36:10.456, 21096, 86
2026/08/05 17:36:11.457, 21096, 100
2026/08/05 17:36:12.459, 21096, 100
2026/08/05 17:36:13.460, 21096, 100
2026/08/05 17:36:14.461, 21096, 100
2026/08/05 17:36:15.463, 21096, 100
2026/08/05 17:36:16.464, 21096, 85
2026/08/05 17:36:17.465, 21096, 82
2026/08/05 17:36:18.466, 21096, 100
2026/08/05 17:36:19.468, 21096, 100
2026/08/05 17:36:20.469, 21096, 100
2026/08/05 17:36:21.470, 21096, 91
2026/08/05 17:36:22.472, 21096, 100
2026/08/05 17:36:23.473, 21096, 100
2026/08/05 17:36:24.474, 21096, 100
2026/08/05 17:36:25.475, 21096, 100
2026/08/05 17:36:26.476, 21096, 84
2026/08/05 17:36:27.477, 21096, 100
2026/08/05 17:36:28.478, 21096, 100
2026/08/05 17:36:29.479, 21096, 100
2026/08/05 17:36:30.480, 21096, 100
2026/08/05 17:36:31.482, 21096, 100
2026/08/05 17:36:32.483, 21096, 100
2026/08/05 17:36:33.483, 21096, 100
2026/08/05 17:36:34.485, 21096, 100
2026/08/05 17:36:35.486, 21096, 85
2026/08/05 17:36:36.487, 21096, 100
2026/08/05 17:36:37.489, 21096, 100
2026/08/05 17:36:38.490, 21096, 100
2026/08/05 17:36:39.492, 21096, 100
2026/08/05 17:36:40.493, 21096, 82
2026/08/05 17:36:41.494, 21096, 98
2026/08/05 17:36:42.496, 21096, 100
2026/08/05 17:36:43.497, 21096, 100
2026/08/05 17:36:44.498, 21096, 100
2026/08/05 17:36:45.499, 21096, 79
2026/08/05 17:36:46.500, 21096, 100
2026/08/05 17:36:47.502, 21096, 100
2026/08/05 17:36:48.503, 21096, 100
2026/08/05 17:36:49.504, 21096, 100
2026/08/05 17:36:50.505, 21096, 100
2026/08/05 17:36:51.505, 21096, 100
2026/08/05 17:36:52.507, 21096, 84
2026/08/05 17:36:53.508, 21096, 100
2026/08/05 17:36:54.510, 21096, 100
2026/08/05 17:36:55.511, 21096, 67
2026/08/05 17:36:56.512, 21096, 100
2026/08/05 17:36:57.514, 21096, 100
2026/08/05 17:36:58.515, 21096, 47
2026/08/05 17:36:59.517, 21096, 100
2026/08/05 17:37:00.518, 21096, 100
2026/08/05 17:37:01.519, 21096, 100
2026/08/05 17:37:02.521, 21096, 100
2026/08/05 17:37:03.522, 21096, 84
2026/08/05 17:37:04.523, 21096, 100
2026/08/05 17:37:05.525, 21096, 100
2026/08/05 17:37:06.526, 21096, 100
2026/08/05 17:37:07.528, 21096, 100
2026/08/05 17:37:08.529, 21096, 100
2026/08/05 17:37:09.530, 21096, 100
2026/08/05 17:37:10.532, 21096, 100
2026/08/05 17:37:11.533, 21096, 100
2026/08/05 17:37:12.534, 21096, 100
2026/08/05 17:37:13.536, 21096, 100
2026/08/05 17:37:14.537, 21096, 100
2026/08/05 17:37:15.538, 21096, 100
2026/08/05 17:37:16.540, 21096, 100
2026/08/05 17:37:17.541, 21096, 100
2026/08/05 17:37:18.542, 21096, 100
2026/08/05 17:37:19.544, 21096, 100
2026/08/05 17:37:20.545, 21096, 64
2026/08/05 17:37:21.547, 21096, 100
2026/08/05 17:37:22.548, 21096, 100
2026/08/05 17:37:23.549, 21096, 75
2026/08/05 17:37:24.551, 21096, 83
2026/08/05 17:37:25.552, 21096, 64
2026/08/05 17:37:26.554, 21096, 100
2026/08/05 17:37:27.555, 21096, 100
2026/08/05 17:37:28.557, 21096, 100
2026/08/05 17:37:29.558, 21096, 100
2026/08/05 17:37:30.559, 21096, 100
2026/08/05 17:37:31.561, 21096, 100
2026/08/05 17:37:32.562, 21096, 100
2026/08/05 17:37:33.564, 21096, 80
2026/08/05 17:37:34.565, 21096, 100
2026/08/05 17:37:35.566, 21096, 100
2026/08/05 17:37:36.568, 21096, 87
2026/08/05 17:37:37.569, 21096, 100
2026/08/05 17:37:38.571, 21096, 100
2026/08/05 17:37:39.572, 21096, 100
2026/08/05 17:37:40.573, 21096, 100
2026/08/05 17:37:41.575, 21096, 100
2026/08/05 17:37:42.576, 21096, 100
2026/08/05 17:37:43.578, 21096, 100
2026/08/05 17:37:44.579, 21096, 100
2026/08/05 17:37:45.580, 21096, 81
2026/08/05 17:37:46.582, 21096, 100
2026/08/05 17:37:47.583, 21096, 100
2026/08/05 17:37:48.585, 21096, 100
2026/08/05 17:37:49.586, 21096, 83
2026/08/05 17:37:50.587, 21096, 100
2026/08/05 17:37:51.589, 21096, 100
2026/08/05 17:37:52.590, 21096, 100
2026/08/05 17:37:53.592, 21096, 100
2026/08/05 17:37:54.593, 21096, 100
2026/08/05 17:37:55.594, 21096, 100
2026/08/05 17:37:56.594, 21096, 100
2026/08/05 17:37:57.595, 21096, 83
2026/08/05 17:37:58.595, 21096, 100
2026/08/05 17:37:59.595, 21096, 100
2026/08/05 17:38:00.595, 21096, 100
2026/08/05 17:38:01.596, 21096, 60
2026/08/05 17:38:02.596, 21096, 100
2026/08/05 17:38:03.596, 21096, 100
2026/08/05 17:38:04.596, 21096, 100
2026/08/05 17:38:05.597, 21096, 82
2026/08/05 17:38:06.597, 21096, 100
2026/08/05 17:38:07.597, 21096, 100
2026/08/05 17:38:08.597, 21096, 100
2026/08/05 17:38:09.598, 21096, 100
2026/08/05 17:38:10.598, 21096, 100
2026/08/05 17:38:11.598, 21096, 100
2026/08/05 17:38:12.599, 21096, 100
2026/08/05 17:38:13.599, 21096, 100
2026/08/05 17:38:14.599, 21096, 93
2026/08/05 17:38:15.600, 21096, 100
2026/08/05 17:38:16.600, 21096, 100
2026/08/05 17:38:17.600, 21096, 86
2026/08/05 17:38:18.600, 21096, 100
2026/08/05 17:38:19.601, 21096, 100
2026/08/05 17:38:20.601, 21096, 100
2026/08/05 17:38:21.601, 21096, 100
2026/08/05 17:38:22.602, 21096, 100
2026/08/05 17:38:23.602, 21096, 100
2026/08/05 17:38:24.602, 21096, 100
2026/08/05 17:38:25.603, 21096, 100
2026/08/05 17:38:26.603, 21096, 100
2026/08/05 17:38:27.603, 21096, 89
2026/08/05 17:38:28.603, 21096, 100
2026/08/05 17:38:29.604, 21096, 100
2026/08/05 17:38:30.604, 21096, 100
2026/08/05 17:38:31.604, 21096, 100
2026/08/05 17:38:32.605, 21096, 100
2026/08/05 17:38:33.605, 21096, 100
2026/08/05 17:38:34.605, 21096, 100
2026/08/05 17:38:35.606, 21096, 100
2026/08/05 17:38:36.606, 21096, 86
2026/08/05 17:38:37.606, 21096, 100
2026/08/05 17:38:38.606, 21096, 100
2026/08/05 17:38:39.607, 21096, 100
2026/08/05 17:38:40.607, 21096, 100
2026/08/05 17:38:41.607, 21096, 100
2026/08/05 17:38:42.608, 21096, 100
2026/08/05 17:38:43.608, 21096, 100
2026/08/05 17:38:44.608, 21096, 100
2026/08/05 17:38:45.608, 21096, 100
2026/08/05 17:38:46.608, 21096, 100
2026/08/05 17:38:47.609, 21096, 100
2026/08/05 17:38:48.609, 21096, 100
2026/08/05 17:38:49.609, 21096, 100
2026/08/05 17:38:50.609, 21096, 100
2026/08/05 17:38:51.610, 21096, 100
2026/08/05 17:38:52.610, 21096, 0
2026/08/05 17:38:53.610, 21096, 100
2026/08/05 17:38:54.610, 21096, 100
2026/08/05 17:38:55.611, 21096, 100
2026/08/05 17:38:56.611, 21096, 100
2026/08/05 17:38:57.611, 21096, 65
2026/08/05 17:38:58.611, 21096, 100
2026/08/05 17:38:59.611, 21096, 100
2026/08/05 17:39:00.612, 21096, 85
2026/08/05 17:39:01.612, 21096, 100
2026/08/05 17:39:02.612, 21096, 100
2026/08/05 17:39:03.613, 21096, 100
2026/08/05 17:39:04.613, 21096, 99
2026/08/05 17:39:05.613, 21096, 100
2026/08/05 17:39:06.613, 21096, 100
2026/08/05 17:39:07.614, 21096, 84
2026/08/05 17:39:08.614, 21096, 100
2026/08/05 17:39:09.614, 21096, 100
2026/08/05 17:39:10.615, 21096, 100
2026/08/05 17:39:11.615, 21096, 84
2026/08/05 17:39:12.615, 21096, 100
2026/08/05 17:39:13.615, 21096, 100
2026/08/05 17:39:14.616, 21096, 97
2026/08/05 17:39:15.616, 21096, 84
2026/08/05 17:39:16.616, 21096, 64
2026/08/05 17:39:17.617, 21096, 100
2026/08/05 17:39:18.617, 21096, 100
2026/08/05 17:39:19.617, 21096, 100
2026/08/05 17:39:20.618, 21096, 100
2026/08/05 17:39:21.618, 21096, 100
2026/08/05 17:39:22.619, 21096, 100
2026/08/05 17:39:23.619, 21096, 100
2026/08/05 17:39:24.619, 21096, 63
2026/08/05 17:39:25.620, 21096, 100
2026/08/05 17:39:26.620, 21096, 100
2026/08/05 17:39:27.637, 21096, 100
2026/08/05 17:39:28.637, 21096, 100
2026/08/05 17:39:29.637, 21096, 100
2026/08/05 17:39:30.638, 21096, 100
2026/08/05 17:39:31.638, 21096, 100
2026/08/05 17:39:32.638, 21096, 100
2026/08/05 17:39:33.638, 21096, 100
2026/08/05 17:39:34.638, 21096, 100
2026/08/05 17:39:35.638, 21096, 59
2026/08/05 17:39:36.639, 21096, 100
2026/08/05 17:39:37.639, 21096, 100
2026/08/05 17:39:38.639, 21096, 100
2026/08/05 17:39:39.639, 21096, 100
2026/08/05 17:39:40.639, 21096, 100
2026/08/05 17:39:41.639, 21096, 100
2026/08/05 17:39:42.639, 21096, 100
2026/08/05 17:39:43.640, 21096, 62
2026/08/05 17:39:44.640, 21096, 100
2026/08/05 17:39:45.640, 21096, 100
2026/08/05 17:39:46.640, 21096, 100
2026/08/05 17:39:47.641, 21096, 100
2026/08/05 17:39:48.641, 21096, 100
2026/08/05 17:39:49.641, 21096, 82
2026/08/05 17:39:50.641, 21096, 95
2026/08/05 17:39:51.642, 21096, 84
2026/08/05 17:39:52.642, 21096, 100
2026/08/05 17:39:53.642, 21096, 81
2026/08/05 17:39:54.643, 21096, 100
2026/08/05 17:39:55.645, 21096, 100
2026/08/05 17:39:56.645, 21096, 100
2026/08/05 17:39:57.646, 21096, 100
2026/08/05 17:39:58.646, 21096, 100
2026/08/05 17:39:59.646, 21096, 59
2026/08/05 17:40:00.647, 21096, 100
2026/08/05 17:40:01.647, 21096, 100
2026/08/05 17:40:02.647, 21096, 100
2026/08/05 17:40:03.648, 21096, 100
2026/08/05 17:40:04.648, 21096, 84
2026/08/05 17:40:05.648, 21096, 100
2026/08/05 17:40:06.648, 21096, 100
2026/08/05 17:40:07.649, 21096, 100
2026/08/05 17:40:08.649, 21096, 100
2026/08/05 17:40:09.649, 21096, 100
2026/08/05 17:40:10.650, 21096, 100
2026/08/05 17:40:11.650, 21096, 100
2026/08/05 17:40:12.650, 21096, 100
2026/08/05 17:40:13.650, 21096, 100
2026/08/05 17:40:14.651, 21096, 100
2026/08/05 17:40:15.651, 21096, 66
2026/08/05 17:40:16.651, 21096, 83
2026/08/05 17:40:17.651, 21096, 100
2026/08/05 17:40:18.652, 21096, 100
2026/08/05 17:40:19.652, 21096, 100
2026/08/05 17:40:20.652, 21096, 100
2026/08/05 17:40:21.652, 21096, 100
2026/08/05 17:40:22.653, 21096, 100
2026/08/05 17:40:23.653, 21096, 100
2026/08/05 17:40:24.653, 21096, 100
2026/08/05 17:40:25.654, 21096, 100
2026/08/05 17:40:26.654, 21096, 100
2026/08/05 17:40:27.654, 21096, 100
2026/08/05 17:40:28.655, 21096, 88
2026/08/05 17:40:29.655, 21096, 100
2026/08/05 17:40:30.655, 21096, 100
2026/08/05 17:40:31.655, 21096, 100
2026/08/05 17:40:32.655, 21096, 100
2026/08/05 17:40:33.656, 21096, 84
2026/08/05 17:40:34.656, 21096, 100
2026/08/05 17:40:35.656, 21096, 100
2026/08/05 17:40:36.657, 21096, 100
2026/08/05 17:40:37.657, 21096, 100
2026/08/05 17:40:38.657, 21096, 65
2026/08/05 17:40:39.658, 21096, 100
2026/08/05 17:40:40.658, 21096, 100
2026/08/05 17:40:41.658, 21096, 83
2026/08/05 17:40:42.659, 21096, 100
2026/08/05 17:40:43.659, 21096, 100
2026/08/05 17:40:44.659, 21096, 83
2026/08/05 17:40:45.659, 21096, 100
2026/08/05 17:40:46.660, 21096, 100
2026/08/05 17:40:47.660, 21096, 100
2026/08/05 17:40:48.660, 21096, 100
2026/08/05 17:40:49.661, 21096, 100
2026/08/05 17:40:50.661, 21096, 100
2026/08/05 17:40:51.661, 21096, 100
2026/08/05 17:40:52.662, 21096, 83
2026/08/05 17:40:53.662, 21096, 68
2026/08/05 17:40:54.662, 21096, 100
2026/08/05 17:40:55.663, 21096, 100
2026/08/05 17:40:56.663, 21096, 100
2026/08/05 17:40:57.663, 21096, 100
2026/08/05 17:40:58.664, 21096, 56
2026/08/05 17:40:59.664, 21096, 97
2026/08/05 17:41:00.664, 21096, 100
2026/08/05 17:41:01.665, 21096, 100
2026/08/05 17:41:02.665, 21096, 100
2026/08/05 17:41:03.665, 21096, 100
2026/08/05 17:41:04.666, 21096, 100
2026/08/05 17:41:05.666, 21096, 100
2026/08/05 17:41:06.666, 21096, 100
2026/08/05 17:41:07.667, 21096, 100
2026/08/05 17:41:08.667, 21096, 100
2026/08/05 17:41:09.667, 21096, 100
2026/08/05 17:41:10.668, 21096, 72
2026/08/05 17:41:11.668, 21096, 100
2026/08/05 17:41:12.668, 21096, 100
2026/08/05 17:41:13.668, 21096, 100
2026/08/05 17:41:14.669, 21096, 100
2026/08/05 17:41:15.670, 21096, 84
2026/08/05 17:41:16.670, 21096, 100
2026/08/05 17:41:17.670, 21096, 100
2026/08/05 17:41:18.670, 21096, 100
2026/08/05 17:41:19.671, 21096, 100
2026/08/05 17:41:20.671, 21096, 100
2026/08/05 17:41:21.671, 21096, 100
2026/08/05 17:41:22.672, 21096, 100
2026/08/05 17:41:23.672, 21096, 100
2026/08/05 17:41:24.672, 21096, 100
2026/08/05 17:41:25.673, 21096, 100
2026/08/05 17:41:26.673, 21096, 61
2026/08/05 17:41:27.673, 21096, 100
2026/08/05 17:41:28.673, 21096, 100
2026/08/05 17:41:29.674, 21096, 82
2026/08/05 17:41:30.674, 21096, 72
2026/08/05 17:41:31.674, 21096, 100
2026/08/05 17:41:32.674, 21096, 100
2026/08/05 17:41:33.675, 21096, 100
2026/08/05 17:41:34.675, 21096, 100
2026/08/05 17:41:35.675, 21096, 100
2026/08/05 17:41:36.675, 21096, 100
2026/08/05 17:41:37.676, 21096, 100
2026/08/05 17:41:38.676, 21096, 83
2026/08/05 17:41:39.676, 21096, 100
2026/08/05 17:41:40.676, 21096, 100
2026/08/05 17:41:41.677, 21096, 100
2026/08/05 17:41:42.677, 21096, 100
2026/08/05 17:41:43.677, 21096, 100
2026/08/05 17:41:44.678, 21096, 100
2026/08/05 17:41:45.678, 21096, 100
2026/08/05 17:41:46.678, 21096, 100
2026/08/05 17:41:47.679, 21096, 100
2026/08/05 17:41:48.679, 21096, 100
2026/08/05 17:41:49.679, 21096, 92
2026/08/05 17:41:50.680, 21096, 100
2026/08/05 17:41:51.680, 21096, 100
2026/08/05 17:41:52.680, 21096, 100
2026/08/05 17:41:53.680, 21096, 100
2026/08/05 17:41:54.681, 21096, 100
2026/08/05 17:41:55.681, 21096, 100
2026/08/05 17:41:56.681, 21096, 100
2026/08/05 17:41:57.681, 21096, 100
2026/08/05 17:41:58.682, 21096, 100
2026/08/05 17:41:59.682, 21096, 100
2026/08/05 17:42:00.682, 21096, 100
2026/08/05 17:42:01.683, 21096, 100
2026/08/05 17:42:02.683, 21096, 80
2026/08/05 17:42:03.683, 21096, 100
2026/08/05 17:42:04.684, 21096, 100
2026/08/05 17:42:05.684, 21096, 100
2026/08/05 17:42:06.684, 21096, 100
2026/08/05 17:42:07.685, 21096, 100
2026/08/05 17:42:08.685, 21096, 100
2026/08/05 17:42:09.685, 21096, 100
2026/08/05 17:42:10.686, 21096, 100
2026/08/05 17:42:11.687, 21096, 100
2026/08/05 17:42:12.687, 21096, 84
2026/08/05 17:42:13.687, 21096, 100
2026/08/05 17:42:14.688, 21096, 100
2026/08/05 17:42:15.688, 21096, 85
2026/08/05 17:42:16.688, 21096, 100
2026/08/05 17:42:17.688, 21096, 100
2026/08/05 17:42:18.689, 21096, 86
2026/08/05 17:42:19.689, 21096, 100
2026/08/05 17:42:20.689, 21096, 100
2026/08/05 17:42:21.690, 21096, 100
2026/08/05 17:42:22.690, 21096, 100
2026/08/05 17:42:23.690, 21096, 100
2026/08/05 17:42:24.691, 21096, 100
2026/08/05 17:42:25.691, 21096, 84
2026/08/05 17:42:26.691, 21096, 100
2026/08/05 17:42:27.691, 21096, 100
2026/08/05 17:42:28.692, 21096, 100
2026/08/05 17:42:29.692, 21096, 100
2026/08/05 17:42:30.692, 21096, 100
2026/08/05 17:42:31.692, 21096, 100
2026/08/05 17:42:32.692, 21096, 64
2026/08/05 17:42:33.693, 21096, 100
2026/08/05 17:42:34.693, 21096, 81
2026/08/05 17:42:35.693, 21096, 100
2026/08/05 17:42:36.694, 21096, 100
2026/08/05 17:42:37.694, 21096, 85
2026/08/05 17:42:38.694, 21096, 100
2026/08/05 17:42:39.695, 21096, 100
2026/08/05 17:42:40.695, 21096, 100
2026/08/05 17:42:41.695, 21096, 100
2026/08/05 17:42:42.695, 21096, 100
2026/08/05 17:42:43.696, 21096, 100
2026/08/05 17:42:44.696, 21096, 100
2026/08/05 17:42:45.696, 21096, 100
2026/08/05 17:42:46.697, 21096, 100
2026/08/05 17:42:47.697, 21096, 100
2026/08/05 17:42:48.697, 21096, 88
2026/08/05 17:42:49.698, 21096, 100
2026/08/05 17:42:50.698, 21096, 100
2026/08/05 17:42:51.698, 21096, 84
2026/08/05 17:42:52.698, 21096, 100
2026/08/05 17:42:53.699, 21096, 100
2026/08/05 17:42:54.699, 21096, 100
2026/08/05 17:42:55.699, 21096, 100
2026/08/05 17:42:56.699, 21096, 100
2026/08/05 17:42:57.700, 21096, 84
2026/08/05 17:42:58.700, 21096, 98
2026/08/05 17:42:59.700, 21096, 100
2026/08/05 17:43:00.701, 21096, 100
2026/08/05 17:43:01.701, 21096, 100
2026/08/05 17:43:02.701, 21096, 100
2026/08/05 17:43:03.702, 21096, 84
2026/08/05 17:43:04.702, 21096, 100
2026/08/05 17:43:05.702, 21096, 100
2026/08/05 17:43:06.703, 21096, 83
2026/08/05 17:43:07.703, 21096, 100
2026/08/05 17:43:08.703, 21096, 71
2026/08/05 17:43:09.704, 21096, 100
2026/08/05 17:43:10.704, 21096, 100
2026/08/05 17:43:11.704, 21096, 100
2026/08/05 17:43:12.704, 21096, 100
2026/08/05 17:43:13.705, 21096, 100
2026/08/05 17:43:14.705, 21096, 100
2026/08/05 17:43:15.705, 21096, 100
2026/08/05 17:43:16.705, 21096, 100
2026/08/05 17:43:17.706, 21096, 100
2026/08/05 17:43:18.706, 21096, 100
2026/08/05 17:43:19.706, 21096, 100
2026/08/05 17:43:20.706, 21096, 100
2026/08/05 17:43:21.707, 21096, 100
2026/08/05 17:43:22.707, 21096, 100
2026/08/05 17:43:23.707, 21096, 75
2026/08/05 17:43:24.707, 21096, 84
2026/08/05 17:43:25.708, 21096, 64
2026/08/05 17:43:26.708, 21096, 85
2026/08/05 17:43:27.708, 21096, 100
2026/08/05 17:43:28.709, 21096, 100
2026/08/05 17:43:29.709, 21096, 83
2026/08/05 17:43:30.709, 21096, 100
2026/08/05 17:43:31.709, 21096, 100
2026/08/05 17:43:32.710, 21096, 100
2026/08/05 17:43:33.710, 21096, 100
2026/08/05 17:43:34.710, 21096, 100
2026/08/05 17:43:35.711, 21096, 100
2026/08/05 17:43:36.711, 21096, 100
2026/08/05 17:43:37.711, 21096, 100
2026/08/05 17:43:38.712, 21096, 100
2026/08/05 17:43:39.712, 21096, 100
2026/08/05 17:43:40.712, 21096, 100
2026/08/05 17:43:41.712, 21096, 100
2026/08/05 17:43:42.713, 21096, 100
2026/08/05 17:43:43.713, 21096, 100
2026/08/05 17:43:44.713, 21096, 100
2026/08/05 17:43:45.713, 21096, 100
2026/08/05 17:43:46.714, 21096, 100
2026/08/05 17:43:47.714, 21096, 100
2026/08/05 17:43:48.714, 21096, 100
2026/08/05 17:43:49.715, 21096, 0
2026/08/05 17:43:50.715, 21096, 0
2026/08/05 17:43:51.715, 21096, 0
2026/08/05 17:43:52.716, 21096, 0
